row_id,scenario_id,causal_family,hard_negative_type,observation,equipment,stop_type,stop_key_1,stop_subkey,line,failed_component_code,failure_mode,failure_origin
1,O_WRONG_PROCEDURE_04,WRONG_PROCEDURE,PRODUCT_LOSS,"parada porque valvula provocou perda de produto porque ocorreu rotina produtiva inadequada, confirmado por rotina produtiva aplicada de forma errada e houve interrupção",LAVADORA,Processo,GRUPO_5,VALVULA,L05,VALVULA,Falha de valvula,OPERACAO
2,M_HARDWARE_FAILURE_02,HARDWARE_FAILURE,COMMAND_FAILURE,"alimentador não respondeu ao comando devido a defeito eletrônico, confirmado por controlador com defeito",LAVADORA,Parada não programada,GRUPO_2,ALIMENTADOR,L06,ALIMENTADOR,Falha de alimentador,MANUTENCAO
3,M_MECHANICAL_WEAR_02,MECHANICAL_WEAR,MISALIGNMENT,"parada porque garra desalinhado porque ocorreu degradação por uso, confirmado por superfície consumida pelo uso e houve interrupção",EMPACOTADORA,Ajuste,GRUPO_1,GARRA,L04,GARRA,Falha de garra,MANUTENCAO
4,O_BAD_SETUP_02,BAD_SETUP,MISALIGNMENT,"foi identificado que garra desalinhado apos constatacao de preparacao inadequada, confirmado por ajuste inicial incorreto durante a producao",EMPACOTADORA,Processo,GRUPO_1,GARRA,L06,GARRA,Falha de garra,OPERACAO
5,O_POSITIONING_ERROR_04,POSITIONING_ERROR,NO_ACTUATION,"rolamento não atuou devido a posicionamento incorreto, confirmado por peça alimentada na orientação errada",EMPACOTADORA,Anomalia,GRUPO_3,ROLAMENTO,L01,ROLAMENTO,Falha de rolamento,OPERACAO
6,M_PNEUMATIC_FAILURE_04,PNEUMATIC_FAILURE,SLOW_MOVEMENT,"foi identificado que bocal com movimento lento em razao de falha pneumatica, confirmado por embolo com desgaste durante a producao",PALETIZADORA,Parada não programada,GRUPO_4,BOCAL,L05,BOCAL,Falha de bocal,MANUTENCAO
7,M_MECHANICAL_WEAR_02,MECHANICAL_WEAR,MISALIGNMENT,"garra desalinhado porque ocorreu degradação por uso, confirmado por superfície consumida pelo uso",EMPACOTADORA,Ajuste,GRUPO_1,GARRA,L06,GARRA,Falha de garra,MANUTENCAO
8,O_WRONG_SPEED_SETTING_04,WRONG_SPEED_SETTING,WRONG_SPEED,"estrela operando em velocidade incorreta devido a velocidade mal configurada, confirmado por sincronismo de velocidade mal configurado",TRANSPORTADOR,Anomalia,GRUPO_3,ESTRELA,L06,ESTRELA,Falha de estrela,OPERACAO
9,O_HANDLING_ERROR_02,HANDLING_ERROR,VIBRATION,"mangueira apresentou vibração elevada devido a manuseio inadequado, confirmado por carga distribuída incorretamente",ENVASADORA,Parada não programada,GRUPO_4,MANGUEIRA,L06,MANGUEIRA,Falha de mangueira,OPERACAO
10,M_RUPTURE_03,RUPTURE,NO_ACTUATION,"após inspeção, motor não atuou devido a rompimento físico, confirmado por membrana rasgada causando parada do equipamento",ENVASADORA,Ajuste,GRUPO_3,MOTOR,L05,MOTOR,Falha de motor,MANUTENCAO
11,M_STRUCTURAL_DAMAGE_02,STRUCTURAL_DAMAGE,VIBRATION,"parada porque mangueira apresentou vibração elevada porque ocorreu estrutura avariada, confirmado por estrutura deformada e houve interrupção",ENVASADORA,Ajuste,GRUPO_4,MANGUEIRA,L05,MANGUEIRA,Falha de mangueira,MANUTENCAO
12,O_FORMAT_CHANGE_ERROR_04,FORMAT_CHANGE_ERROR,POSITION_DRIFT,"garra perdeu a posição devido a troca de formato mal realizada, confirmado por ajuste pós troca de formato não realizado",EMPACOTADORA,Anomalia,GRUPO_1,GARRA,L03,GARRA,Falha de garra,OPERACAO
13,M_MECHANICAL_CLEARANCE_04,MECHANICAL_CLEARANCE,POSITION_DRIFT,"foi identificado que garra perdeu a posicao apos constatacao de jogo mecanico excessivo, confirmado por encaixe gasto durante a producao",EMPACOTADORA,Ajuste,GRUPO_1,GARRA,L06,GARRA,Falha de garra,MANUTENCAO
14,O_WRONG_RECIPE_03,WRONG_RECIPE,LOW_FLOW,"cilindro com fluxo insuficiente devido a receita incorreta, confirmado por programa de formato errado",ROTULADORA,Ajuste,GRUPO_4,CILINDRO,L02,CILINDRO,Falha de cilindro,OPERACAO
15,M_MECHANICAL_CLEARANCE_03,MECHANICAL_CLEARANCE,POSITION_DRIFT,"foi identificado que sensor perdeu a posicao em razao de folga mecanica, confirmado por fixacao mecanica frouxa durante a producao",ENVASADORA,Processo,GRUPO_1,SENSOR,L01,SENSOR,Falha de sensor,MANUTENCAO
16,M_LEAKAGE_02,LEAKAGE,LOW_FLOW,"DURANTE O CICLO, REJEITOR COM FLUXO INSUFICIENTE PORQUE OCORREU PERDA DE ESTANQUEIDADE, CONFIRMADO POR CONEXÃO PERDEU ESTANQUEIDADE NO CICLO ATUAL",TRANSPORTADOR,Ajuste,GRUPO_4,REJEITOR,L05,REJEITOR,Falha de rejeitor,MANUTENCAO
17,O_WRONG_SPEED_SETTING_03,WRONG_SPEED_SETTING,WRONG_SPEED,"DURANTE O CICLO, ROLAMENTO OPERANDO EM VELOCIDADE INCORRETA PORQUE OCORREU AJUSTE DE VELOCIDADE INCORRETO, CONFIRMADO POR CADÊNCIA AJUSTADA PARA VALOR ERRADO NO CICLO ATUAL",EMPACOTADORA,Anomalia,GRUPO_3,ROLAMENTO,L01,ROLAMENTO,Falha de rolamento,OPERACAO
18,O_BAD_SETUP_03,BAD_SETUP,MISALIGNMENT,"DURANTE O CICLO, CORREIA DESALINHADO EM RAZÃO DE SETUP INCORRETO, CONFIRMADO POR PREPARAÇÃO DA MÁQUINA INCOMPLETA NO CICLO ATUAL",LAVADORA,Processo,GRUPO_1,CORREIA,L05,CORREIA,Falha de correia,OPERACAO
19,M_SEAL_FAILURE_01,SEAL_FAILURE,PRODUCT_LOSS,"parada porque dosador provocou perda de produto devido a vedação danificada, confirmado por retentor danificado e houve interrupção",PALETIZADORA,Processo,GRUPO_5,DOSADOR,L02,DOSADOR,Falha de dosador,MANUTENCAO
20,O_WRONG_SPEED_SETTING_01,WRONG_SPEED_SETTING,WRONG_SPEED,"DURANTE O CICLO, TRANSPORTADOR OPERANDO EM VELOCIDADE INCORRETA PORQUE OCORREU AJUSTE DE VELOCIDADE INCORRETO, CONFIRMADO POR VELOCIDADE CONFIGURADA INCORRETAMENTE NO CICLO ATUAL",ROTULADORA,Parada não programada,GRUPO_3,TRANSPORTADOR,L01,TRANSPORTADOR,Falha de transportador,OPERACAO
21,M_OVERHEATING_01,OVERHEATING,THERMAL_ALARM,"parada porque motor apresentou alarme térmico porque ocorreu falha térmica física, confirmado por ventilador de refrigeração quebrado e houve interrupção",ENVASADORA,Parada não programada,GRUPO_3,MOTOR,L04,MOTOR,Falha de motor,MANUTENCAO
22,O_STARTUP_PROCEDURE_ERROR_01,STARTUP_PROCEDURE_ERROR,THERMAL_ALARM,"DURANTE O CICLO, MOTOR APRESENTOU ALARME TÉRMICO EM RAZÃO DE PROCEDIMENTO DE PARTIDA INCORRETO, CONFIRMADO POR PARTIDA REALIZADA SEM ESTABILIZAÇÃO DO PROCESSO NO CICLO ATUAL",ENVASADORA,Ajuste,GRUPO_3,MOTOR,L05,MOTOR,Falha de motor,OPERACAO
23,M_MECHANICAL_BREAKAGE_03,MECHANICAL_BREAKAGE,OUT_OF_POSITION,"acoplamento fora de posição devido a quebra mecânica, confirmado por fratura da peça",EMPACOTADORA,Ajuste,GRUPO_2,ACOPLAMENTO,L02,ACOPLAMENTO,Falha de acoplamento,MANUTENCAO
24,M_RUPTURE_04,RUPTURE,NO_ACTUATION,"parada porque rolamento não atuou porque ocorreu ruptura do elemento, confirmado por conexão partida e houve interrupção",EMPACOTADORA,Processo,GRUPO_3,ROLAMENTO,L06,ROLAMENTO,Falha de rolamento,MANUTENCAO
25,O_WRONG_REFERENCE_02,WRONG_REFERENCE,NO_SIGNAL,"após inspeção, correia sem sinal após constatação de ponto de referência errado, confirmado por ponto de referência informado errado causando parada do equipamento",LAVADORA,Processo,GRUPO_1,CORREIA,L01,CORREIA,Falha de correia,OPERACAO
26,M_BLOCKAGE_BY_FAILURE_01,BLOCKAGE_BY_FAILURE,BLOCKAGE,"foi identificado que bomba ficou bloqueado em razao de obstrucao por peca danificada, confirmado por peca quebrada bloqueando a passagem durante a producao",TRANSPORTADOR,Ajuste,GRUPO_5,BOMBA,L05,BOMBA,Falha de bomba,MANUTENCAO
27,O_POSITIONING_ERROR_03,POSITIONING_ERROR,NO_ACTUATION,"motor não atuou devido a posicionamento incorreto, confirmado por material entrou desalinhado",ENVASADORA,Ajuste,GRUPO_3,MOTOR,L01,MOTOR,Falha de motor,OPERACAO
28,O_WRONG_PARAMETER_02,WRONG_PARAMETER,INTERMITTENT_STOP,"parada porque dosador parou de forma intermitente devido a parâmetro incorreto, confirmado por limite configurado fora do padrão e houve interrupção",PALETIZADORA,Parada não programada,GRUPO_5,DOSADOR,L01,DOSADOR,Falha de dosador,OPERACAO
29,M_ELECTRICAL_FAILURE_03,ELECTRICAL_FAILURE,INTERMITTENT_STOP,"parada porque bomba parou de forma intermitente porque ocorreu defeito no circuito, confirmado por isolação elétrica danificada e houve interrupção",TRANSPORTADOR,Anomalia,GRUPO_5,BOMBA,L02,BOMBA,Falha de bomba,MANUTENCAO
30,M_BLOCKAGE_BY_FAILURE_04,BLOCKAGE_BY_FAILURE,BLOCKAGE,"DURANTE O CICLO, DOSADOR FICOU BLOQUEADO PORQUE OCORREU BLOQUEIO CAUSADO POR AVARIA, CONFIRMADO POR MECANISMO AVARIADO IMPEDINDO O FLUXO NO CICLO ATUAL",PALETIZADORA,Processo,GRUPO_5,DOSADOR,L04,DOSADOR,Falha de dosador,MANUTENCAO
31,O_INADEQUATE_FLOW_04,INADEQUATE_FLOW,SLOW_MOVEMENT,"bocal com movimento lento porque ocorreu vazão mal ajustada, confirmado por restrição criada pelo ajuste do processo",PALETIZADORA,Processo,GRUPO_4,BOCAL,L06,BOCAL,Falha de bocal,OPERACAO
32,O_POSITIONING_ERROR_03,POSITIONING_ERROR,NO_ACTUATION,"parada porque motor não atuou porque ocorreu produto mal posicionado, confirmado por material entrou desalinhado e houve interrupção",ENVASADORA,Anomalia,GRUPO_3,MOTOR,L04,MOTOR,Falha de motor,OPERACAO
33,M_ELECTRICAL_FAILURE_01,ELECTRICAL_FAILURE,INTERMITTENT_STOP,"DURANTE O CICLO, VALVULA PAROU DE FORMA INTERMITENTE PORQUE OCORREU DEFEITO NO CIRCUITO, CONFIRMADO POR CURTO NO CIRCUITO NO CICLO ATUAL",LAVADORA,Parada não programada,GRUPO_5,VALVULA,L06,VALVULA,Falha de valvula,MANUTENCAO
34,M_MECHANICAL_WEAR_03,MECHANICAL_WEAR,MISALIGNMENT,"após inspeção, correia desalinhado devido a desgaste mecânico, confirmado por desgaste acima do limite causando parada do equipamento",LAVADORA,Ajuste,GRUPO_1,CORREIA,L03,CORREIA,Falha de correia,MANUTENCAO
35,M_PNEUMATIC_FAILURE_02,PNEUMATIC_FAILURE,SLOW_MOVEMENT,"foi identificado que cilindro com movimento lento apos constatacao de defeito pneumatico, confirmado por mangueira de ar furada durante a producao",ROTULADORA,Processo,GRUPO_4,CILINDRO,L04,CILINDRO,Falha de cilindro,MANUTENCAO
36,M_OVERHEATING_02,OVERHEATING,THERMAL_ALARM,"parada porque rolamento apresentou alarme térmico devido a aquecimento causado por defeito, confirmado por dissipador obstruído por falha física e houve interrupção",EMPACOTADORA,Parada não programada,GRUPO_3,ROLAMENTO,L05,ROLAMENTO,Falha de rolamento,MANUTENCAO
37,M_BLOCKAGE_BY_FAILURE_03,BLOCKAGE_BY_FAILURE,BLOCKAGE,"DURANTE O CICLO, VALVULA FICOU BLOQUEADO PORQUE OCORREU BLOQUEIO CAUSADO POR AVARIA, CONFIRMADO POR FRAGMENTO MECÂNICO TRAVANDO O CONJUNTO NO CICLO ATUAL",LAVADORA,Anomalia,GRUPO_5,VALVULA,L04,VALVULA,Falha de valvula,MANUTENCAO
38,M_MECHANICAL_BREAKAGE_02,MECHANICAL_BREAKAGE,OUT_OF_POSITION,"após inspeção, servo fora de posição devido a quebra mecânica, confirmado por elemento mecânico quebrado causando parada do equipamento",ENVASADORA,Parada não programada,GRUPO_2,SERVO,L04,SERVO,Falha de servo,MANUTENCAO
39,M_SIGNAL_FAILURE_01,SIGNAL_FAILURE,NO_SIGNAL,"garra sem sinal devido a falha física no sinal, confirmado por cabo de sinal danificado",EMPACOTADORA,Processo,GRUPO_1,GARRA,L06,GARRA,Falha de garra,MANUTENCAO
40,M_MECHANICAL_CLEARANCE_02,MECHANICAL_CLEARANCE,POSITION_DRIFT,"após inspeção, inversor perdeu a posição devido a folga mecânica, confirmado por bucha com folga excessiva causando parada do equipamento",PALETIZADORA,Parada não programada,GRUPO_1,INVERSOR,L01,INVERSOR,Falha de inversor,MANUTENCAO
41,M_ELECTRICAL_FAILURE_01,ELECTRICAL_FAILURE,INTERMITTENT_STOP,"valvula parou de forma intermitente devido a falha elétrica, confirmado por curto no circuito",LAVADORA,Processo,GRUPO_5,VALVULA,L05,VALVULA,Falha de valvula,MANUTENCAO
42,O_WRONG_PROCEDURE_01,WRONG_PROCEDURE,PRODUCT_LOSS,"após inspeção, dosador provocou perda de produto devido a procedimento incorreto, confirmado por procedimento de trabalho não foi seguido causando parada do equipamento",PALETIZADORA,Processo,GRUPO_5,DOSADOR,L04,DOSADOR,Falha de dosador,OPERACAO
43,M_STRUCTURAL_DAMAGE_03,STRUCTURAL_DAMAGE,VIBRATION,"após inspeção, bocal apres. vibração elevada após constatação de estrutura avariada, confirmado por solda rompida causando parada do equipamento",PALETIZADORA,Parada não programada,GRUPO_4,BOCAL,L05,BOCAL,Falha de bocal,MANUTENCAO
44,M_OVERHEATING_03,OVERHEATING,THERMAL_ALARM,"estrela apresentou alarme térmico porque ocorreu falha térmica física, confirmado por isolação degradada pelo calor",TRANSPORTADOR,Anomalia,GRUPO_3,ESTRELA,L06,ESTRELA,Falha de estrela,MANUTENCAO
45,O_HANDLING_ERROR_04,HANDLING_ERROR,VIBRATION,"foi identificado que rejeitor apresentou vibracao elevada apos constatacao de intervencao manual incorreta, confirmado por intervencao manual deslocou o conjunto durante a producao",TRANSPORTADOR,Ajuste,GRUPO_4,REJEITOR,L01,REJEITOR,Falha de rejeitor,OPERACAO
46,M_BEARING_FAILURE_03,BEARING_FAILURE,OVERLOAD,"após inspeção, alimentador em sobrecarga após constatação de falha no mancal, confirmado por mancal deteriorado causando parada do equipamento",LAVADORA,Parada não programada,GRUPO_2,ALIMENTADOR,L04,ALIMENTADOR,Falha de alimentador,MANUTENCAO
47,O_WRONG_SEQUENCE_04,WRONG_SEQUENCE,COMMAND_FAILURE,"DURANTE O CICLO, SERVO NÃO RESPONDEU AO COMANDO PORQUE OCORREU ORDEM DE COMANDOS ERRADA, CONFIRMADO POR SEQUÊNCIA AUTOMÁTICA SELECIONADA ERRADA NO CICLO ATUAL",ENVASADORA,Processo,GRUPO_2,SERVO,L05,SERVO,Falha de servo,OPERACAO
48,M_OVERHEATING_04,OVERHEATING,THERMAL_ALARM,"foi identificado que transportador apresentou alarme termico em razao de aquecimento causado por defeito, confirmado por rolamento aquecendo por dano durante a producao",ROTULADORA,Parada não programada,GRUPO_3,TRANSPORTADOR,L03,TRANSPORTADOR,Falha de transportador,MANUTENCAO
49,O_STARTUP_PROCEDURE_ERROR_02,STARTUP_PROCEDURE_ERROR,THERMAL_ALARM,"foi identificado que rolamento apresentou alarme termico em razao de procedimento de partida incorreto, confirmado por aquecimento inicial interrompido cedo durante a producao",EMPACOTADORA,Anomalia,GRUPO_3,ROLAMENTO,L01,ROLAMENTO,Falha de rolamento,OPERACAO
50,M_COMPONENT_DEGRADATION_04,COMPONENT_DEGRADATION,LOW_PERFORMANCE,"correia apresentou baixo desempenho porque ocorreu deterioração física, confirmado por deterioração física acumulada",LAVADORA,Processo,GRUPO_1,CORREIA,L03,CORREIA,Falha de correia,MANUTENCAO
51,O_WRONG_PROCEDURE_04,WRONG_PROCEDURE,PRODUCT_LOSS,"foi identificado que valvula provocou perda de produto apos constatacao de rotina produtiva inadequada, confirmado por rotina produtiva aplicada de forma errada durante a producao",LAVADORA,Ajuste,GRUPO_5,VALVULA,L03,VALVULA,Falha de valvula,OPERACAO
52,O_FORMAT_CHANGE_ERROR_04,FORMAT_CHANGE_ERROR,POSITION_DRIFT,"após inspeção, garra perdeu a posição após constatação de erro na conversão de formato, confirmado por ajuste pós troca de formato não realizado causando parada do equipamento",EMPACOTADORA,Ajuste,GRUPO_1,GARRA,L06,GARRA,Falha de garra,OPERACAO
53,M_HARDWARE_FAILURE_03,HARDWARE_FAILURE,COMMAND_FAILURE,"após inspeção, guia não respondeu ao comando após constatação de falha de hardware, confirmado por placa de comando avariada causando parada do equipamento",ROTULADORA,Parada não programada,GRUPO_2,GUIA,L03,GUIA,Falha de guia,MANUTENCAO
54,O_WRONG_PARAMETER_04,WRONG_PARAMETER,INTERMITTENT_STOP,"parada porque vedacao parou de forma intermitente porque ocorreu configuração de valor errada, confirmado por valor operacional alterado indevidamente e houve interrupção",ROTULADORA,Processo,GRUPO_5,VEDACAO,L06,VEDACAO,Falha de vedacao,OPERACAO
55,M_ELECTRICAL_FAILURE_04,ELECTRICAL_FAILURE,INTERMITTENT_STOP,"foi identificado que vedacao parou de forma intermitente em razao de falha eletrica, confirmado por terminal eletrico carbonizado durante a producao",ROTULADORA,Parada não programada,GRUPO_5,VEDACAO,L01,VEDACAO,Falha de vedacao,MANUTENCAO
56,O_WRONG_PARAMETER_04,WRONG_PARAMETER,INTERMITTENT_STOP,"após inspeção, vedacao parou de forma intermitente devido a parâmetro incorreto, confirmado por valor operacional alterado indevidamente causando parada do equipamento",ROTULADORA,Anomalia,GRUPO_5,VEDACAO,L05,VEDACAO,Falha de vedacao,OPERACAO
57,O_WRONG_SPEED_SETTING_02,WRONG_SPEED_SETTING,WRONG_SPEED,"motor operando em velocidade incorreta porque ocorreu ajuste de velocidade incorreto, confirmado por referência de velocidade acima do padrão",ENVASADORA,Ajuste,GRUPO_3,MOTOR,L05,MOTOR,Falha de motor,OPERACAO
58,M_SEAL_FAILURE_01,SEAL_FAILURE,PRODUCT_LOSS,"foi identificado que dosador provocou perda de produto em razao de vedacao danificada, confirmado por retentor danificado durante a producao",PALETIZADORA,Ajuste,GRUPO_5,DOSADOR,L06,DOSADOR,Falha de dosador,MANUTENCAO
59,M_MECHANICAL_CLEARANCE_04,MECHANICAL_CLEARANCE,POSITION_DRIFT,"após inspeção, garra perdeu a posição após constatação de jogo mecânico excessivo, confirmado por encaixe gasto causando parada do equipamento",EMPACOTADORA,Ajuste,GRUPO_1,GARRA,L02,GARRA,Falha de garra,MANUTENCAO
60,M_BLOCKAGE_BY_FAILURE_04,BLOCKAGE_BY_FAILURE,BLOCKAGE,"foi identificado que dosador ficou bloqueado apos constatacao de bloqueio causado por avaria, confirmado por mecanismo avariado impedindo o fluxo durante a producao",PALETIZADORA,Ajuste,GRUPO_5,DOSADOR,L04,DOSADOR,Falha de dosador,MANUTENCAO
61,M_MECHANICAL_BREAKAGE_03,MECHANICAL_BREAKAGE,OUT_OF_POSITION,"foi identificado que acoplamento fora de posicao apos constatacao de fratura da peca, confirmado por fratura da peca durante a producao",EMPACOTADORA,Parada não programada,GRUPO_2,ACOPLAMENTO,L03,ACOPLAMENTO,Falha de acoplamento,MANUTENCAO
62,M_MECHANICAL_BREAKAGE_02,MECHANICAL_BREAKAGE,OUT_OF_POSITION,"parada porque servo fora de posição porque ocorreu fratura da peça, confirmado por elemento mecânico quebrado e houve interrupção",ENVASADORA,Ajuste,GRUPO_2,SERVO,L05,SERVO,Falha de servo,MANUTENCAO
63,M_BLOCKAGE_BY_FAILURE_01,BLOCKAGE_BY_FAILURE,BLOCKAGE,"parada porque bomba ficou bloqueado devido a obstrução por peça danificada, confirmado por peça quebrada bloqueando a passagem e houve interrupção",TRANSPORTADOR,Processo,GRUPO_5,BOMBA,L01,BOMBA,Falha de bomba,MANUTENCAO
64,M_COMPONENT_DEGRADATION_03,COMPONENT_DEGRADATION,LOW_PERFORMANCE,"após inspeção, garra apres. baixo desempenho após constatação de deterioração física, confirmado por vida útil esgotada causando parada do equipamento",EMPACOTADORA,Parada não programada,GRUPO_1,GARRA,L01,GARRA,Falha de garra,MANUTENCAO
65,O_BAD_SETUP_01,BAD_SETUP,MISALIGNMENT,"parada porque sensor desalinhado porque ocorreu preparação inadequada, confirmado por setup executado fora do padrão e houve interrupção",ENVASADORA,Parada não programada,GRUPO_1,SENSOR,L02,SENSOR,Falha de sensor,OPERACAO
66,M_BEARING_FAILURE_01,BEARING_FAILURE,OVERLOAD,"foi identificado que servo em sobrecarga apos constatacao de falha no mancal, confirmado por rolamento travado durante a producao",ENVASADORA,Anomalia,GRUPO_2,SERVO,L02,SERVO,Falha de servo,MANUTENCAO
67,M_STRUCTURAL_DAMAGE_03,STRUCTURAL_DAMAGE,VIBRATION,"após inspeção, bocal apres. vibração elevada devido a dano estrutural, confirmado por solda rompida causando parada do equipamento",PALETIZADORA,Ajuste,GRUPO_4,BOCAL,L04,BOCAL,Falha de bocal,MANUTENCAO
68,M_MECHANICAL_WEAR_01,MECHANICAL_WEAR,MISALIGNMENT,"sensor desalinhado porque ocorreu degradação por uso, confirmado por desgaste progressivo",ENVASADORA,Parada não programada,GRUPO_1,SENSOR,L06,SENSOR,Falha de sensor,MANUTENCAO
69,O_STARTUP_PROCEDURE_ERROR_04,STARTUP_PROCEDURE_ERROR,THERMAL_ALARM,"DURANTE O CICLO, TRANSPORTADOR APRESENTOU ALARME TÉRMICO PORQUE OCORREU PARTIDA FORA DA SEQUÊNCIA, CONFIRMADO POR LIBERAÇÃO DE PARTIDA FEITA ANTES DA CONDIÇÃO NO CICLO ATUAL",ROTULADORA,Processo,GRUPO_3,TRANSPORTADOR,L06,TRANSPORTADOR,Falha de transportador,OPERACAO
70,M_MECHANICAL_CLEARANCE_01,MECHANICAL_CLEARANCE,POSITION_DRIFT,"foi identificado que correia perdeu a posicao apos constatacao de jogo mecanico excessivo, confirmado por folga no eixo durante a producao",LAVADORA,Anomalia,GRUPO_1,CORREIA,L06,CORREIA,Falha de correia,MANUTENCAO
71,M_BEARING_FAILURE_01,BEARING_FAILURE,OVERLOAD,"após inspeção, servo em sobrecarga devido a rolamento danificado, confirmado por rolamento travado causando parada do equipamento",ENVASADORA,Processo,GRUPO_2,SERVO,L03,SERVO,Falha de servo,MANUTENCAO
72,M_SIGNAL_FAILURE_03,SIGNAL_FAILURE,NO_SIGNAL,"DURANTE O CICLO, INVERSOR SEM SINAL PORQUE OCORREU DEFEITO NO SINAL, CONFIRMADO POR PLACA ELETRÔNICA DEFEITUOSA NO CICLO ATUAL",PALETIZADORA,Anomalia,GRUPO_1,INVERSOR,L01,INVERSOR,Falha de inversor,MANUTENCAO
73,O_HANDLING_ERROR_03,HANDLING_ERROR,VIBRATION,"foi identificado que bocal apresentou vibracao elevada apos constatacao de intervencao manual incorreta, confirmado por material apoiado fora da guia durante a producao",PALETIZADORA,Parada não programada,GRUPO_4,BOCAL,L01,BOCAL,Falha de bocal,OPERACAO
74,M_RUPTURE_02,RUPTURE,NO_ACTUATION,"transportador não atuou porque ocorreu ruptura do elemento, confirmado por cabo rompido",ROTULADORA,Ajuste,GRUPO_3,TRANSPORTADOR,L02,TRANSPORTADOR,Falha de transportador,MANUTENCAO
75,O_WRONG_SEQUENCE_04,WRONG_SEQUENCE,COMMAND_FAILURE,"DURANTE O CICLO, SERVO NÃO RESPONDEU AO COMANDO EM RAZÃO DE SEQUÊNCIA INCORRETA, CONFIRMADO POR SEQUÊNCIA AUTOMÁTICA SELECIONADA ERRADA NO CICLO ATUAL",ENVASADORA,Parada não programada,GRUPO_2,SERVO,L04,SERVO,Falha de servo,OPERACAO
76,M_BLOCKAGE_BY_FAILURE_04,BLOCKAGE_BY_FAILURE,BLOCKAGE,"após inspeção, dosador ficou bloqueado após constatação de bloqueio causado por avaria, confirmado por mecanismo avariado impedindo o fluxo causando parada do equipamento",PALETIZADORA,Ajuste,GRUPO_5,DOSADOR,L06,DOSADOR,Falha de dosador,MANUTENCAO
77,M_MECHANICAL_BREAKAGE_02,MECHANICAL_BREAKAGE,OUT_OF_POSITION,"após inspeção, servo fora de posição após constatação de fratura da peça, confirmado por elemento mecânico quebrado causando parada do equipamento",ENVASADORA,Processo,GRUPO_2,SERVO,L05,SERVO,Falha de servo,MANUTENCAO
78,M_SEAL_FAILURE_02,SEAL_FAILURE,PRODUCT_LOSS,"parada porque bomba provocou perda de produto devido a vedação danificada, confirmado por gaxeta deteriorada e houve interrupção",TRANSPORTADOR,Parada não programada,GRUPO_5,BOMBA,L02,BOMBA,Falha de bomba,MANUTENCAO
79,M_MECHANICAL_WEAR_03,MECHANICAL_WEAR,MISALIGNMENT,"parada porque correia desalinhado devido a desgaste mecânico, confirmado por desgaste acima do limite e houve interrupção",LAVADORA,Ajuste,GRUPO_1,CORREIA,L05,CORREIA,Falha de correia,MANUTENCAO
80,M_DRIVE_FAILURE_01,DRIVE_FAILURE,WRONG_SPEED,"DURANTE O CICLO, TRANSPORTADOR OPERANDO EM VELOCIDADE INCORRETA PORQUE OCORREU FALHA DA TRANSMISSÃO, CONFIRMADO POR ACIONAMENTO COM DEFEITO INTERNO NO CICLO ATUAL",ROTULADORA,Parada não programada,GRUPO_3,TRANSPORTADOR,L03,TRANSPORTADOR,Falha de transportador,MANUTENCAO
81,O_WRONG_SEQUENCE_04,WRONG_SEQUENCE,COMMAND_FAILURE,"foi identificado que servo nao respondeu ao comando apos constatacao de ordem de comandos errada, confirmado por sequencia automatica selecionada errada durante a producao",ENVASADORA,Ajuste,GRUPO_2,SERVO,L05,SERVO,Falha de servo,OPERACAO
82,M_RUPTURE_01,RUPTURE,NO_ACTUATION,"foi identificado que estrela nao atuou em razao de rompimento fisico, confirmado por mangueira rompida durante a producao",TRANSPORTADOR,Ajuste,GRUPO_3,ESTRELA,L05,ESTRELA,Falha de estrela,MANUTENCAO
83,M_MECHANICAL_CLEARANCE_03,MECHANICAL_CLEARANCE,POSITION_DRIFT,"sensor perdeu a posição devido a folga mecânica, confirmado por fixação mecânica frouxa",ENVASADORA,Ajuste,GRUPO_1,SENSOR,L05,SENSOR,Falha de sensor,MANUTENCAO
84,O_WRONG_PARAMETER_04,WRONG_PARAMETER,INTERMITTENT_STOP,"vedacao parou de forma intermitente devido a parâmetro incorreto, confirmado por valor operacional alterado indevidamente",ROTULADORA,Anomalia,GRUPO_5,VEDACAO,L03,VEDACAO,Falha de vedacao,OPERACAO
85,O_WRONG_PROCEDURE_02,WRONG_PROCEDURE,PRODUCT_LOSS,"DURANTE O CICLO, BOMBA PROVOCOU PERDA DE PRODUTO EM RAZÃO DE PROCEDIMENTO INCORRETO, CONFIRMADO POR ETAPA MANUAL EXECUTADA INCORRETAMENTE NO CICLO ATUAL",TRANSPORTADOR,Anomalia,GRUPO_5,BOMBA,L02,BOMBA,Falha de bomba,OPERACAO
86,O_EXCESS_FEED_02,EXCESS_FEED,OVERLOAD,"foi identificado que acoplamento em sobrecarga apos constatacao de excesso de produto, confirmado por entrada acima da capacidade durante a producao",EMPACOTADORA,Processo,GRUPO_2,ACOPLAMENTO,L06,ACOPLAMENTO,Falha de acoplamento,OPERACAO
87,M_ELECTRICAL_FAILURE_03,ELECTRICAL_FAILURE,INTERMITTENT_STOP,"bomba parou de forma intermitente porque ocorreu defeito no circuito, confirmado por isolação elétrica danificada",TRANSPORTADOR,Anomalia,GRUPO_5,BOMBA,L04,BOMBA,Falha de bomba,MANUTENCAO
88,O_PRODUCT_ACCUMULATION_03,PRODUCT_ACCUMULATION,BLOCKAGE,"foi identificado que valvula ficou bloqueado em razao de acumulo de produto, confirmado por produto sobreposto travou o fluxo durante a producao",LAVADORA,Processo,GRUPO_5,VALVULA,L03,VALVULA,Falha de valvula,OPERACAO
89,O_EXCESS_FEED_01,EXCESS_FEED,OVERLOAD,"foi identificado que servo em sobrecarga apos constatacao de excesso de produto, confirmado por excesso de produto na alimentacao durante a producao",ENVASADORA,Anomalia,GRUPO_2,SERVO,L06,SERVO,Falha de servo,OPERACAO
90,M_RUPTURE_04,RUPTURE,NO_ACTUATION,"após inspeção, rolamento não atuou devido a rompimento físico, confirmado por conexão partida causando parada do equipamento",EMPACOTADORA,Anomalia,GRUPO_3,ROLAMENTO,L05,ROLAMENTO,Falha de rolamento,MANUTENCAO
91,O_BAD_ADJUSTMENT_01,BAD_ADJUSTMENT,OUT_OF_POSITION,"DURANTE O CICLO, GUIA FORA DE POSIÇÃO EM RAZÃO DE REGULAGEM INCORRETA, CONFIRMADO POR REGULAGEM FEITA NA POSIÇÃO ERRADA NO CICLO ATUAL",ROTULADORA,Ajuste,GRUPO_2,GUIA,L06,GUIA,Falha de guia,OPERACAO
92,O_EXCESS_FEED_03,EXCESS_FEED,OVERLOAD,"foi identificado que alimentador em sobrecarga em razao de alimentacao excessiva, confirmado por acumulo causado por alimentacao excessiva durante a producao",LAVADORA,Processo,GRUPO_2,ALIMENTADOR,L01,ALIMENTADOR,Falha de alimentador,OPERACAO
93,O_WRONG_GUIDE_ADJUSTMENT_04,WRONG_GUIDE_ADJUSTMENT,LOW_PERFORMANCE,"foi identificado que correia apresentou baixo desempenho apos constatacao de guia mal ajustada, confirmado por guia operacional ficou distante da referencia durante a producao",LAVADORA,Ajuste,GRUPO_1,CORREIA,L03,CORREIA,Falha de correia,OPERACAO
94,O_WRONG_SPEED_SETTING_04,WRONG_SPEED_SETTING,WRONG_SPEED,"DURANTE O CICLO, ESTRELA OPERANDO EM VELOCIDADE INCORRETA PORQUE OCORREU AJUSTE DE VELOCIDADE INCORRETO, CONFIRMADO POR SINCRONISMO DE VELOCIDADE MAL CONFIGURADO NO CICLO ATUAL",TRANSPORTADOR,Processo,GRUPO_3,ESTRELA,L01,ESTRELA,Falha de estrela,OPERACAO
95,O_STARTUP_PROCEDURE_ERROR_02,STARTUP_PROCEDURE_ERROR,THERMAL_ALARM,"parada porque rolamento apresentou alarme térmico devido a procedimento de partida incorreto, confirmado por aquecimento inicial interrompido cedo e houve interrupção",EMPACOTADORA,Parada não programada,GRUPO_3,ROLAMENTO,L03,ROLAMENTO,Falha de rolamento,OPERACAO
96,O_BAD_ADJUSTMENT_03,BAD_ADJUSTMENT,OUT_OF_POSITION,"foi identificado que acoplamento fora de posicao apos constatacao de ajuste incorreto, confirmado por regulagem excessivamente aberta durante a producao",EMPACOTADORA,Parada não programada,GRUPO_2,ACOPLAMENTO,L01,ACOPLAMENTO,Falha de acoplamento,OPERACAO
97,O_EXCESS_FEED_01,EXCESS_FEED,OVERLOAD,"foi identificado que servo em sobrecarga em razao de alimentacao excessiva, confirmado por excesso de produto na alimentacao durante a producao",ENVASADORA,Ajuste,GRUPO_2,SERVO,L01,SERVO,Falha de servo,OPERACAO
98,O_POSITIONING_ERROR_03,POSITIONING_ERROR,NO_ACTUATION,"motor não atuou porque ocorreu produto mal posicionado, confirmado por material entrou desalinhado",ENVASADORA,Anomalia,GRUPO_3,MOTOR,L06,MOTOR,Falha de motor,OPERACAO
99,O_INADEQUATE_FLOW_02,INADEQUATE_FLOW,SLOW_MOVEMENT,"após inspeção, cilindro com movimento lento após constatação de vazão mal ajustada, confirmado por vazão operacional inadequada causando parada do equipamento",ROTULADORA,Processo,GRUPO_4,CILINDRO,L04,CILINDRO,Falha de cilindro,OPERACAO
100,M_LEAKAGE_01,LEAKAGE,LOW_FLOW,"foi identificado que bocal com fluxo insuficiente apos constatacao de perda de estanqueidade, confirmado por vedacao danificada com vazamento durante a producao",PALETIZADORA,Anomalia,GRUPO_4,BOCAL,L05,BOCAL,Falha de bocal,MANUTENCAO
101,O_WRONG_PROCEDURE_04,WRONG_PROCEDURE,PRODUCT_LOSS,"parada porque valvula provocou perda de produto devido a procedimento incorreto, confirmado por rotina produtiva aplicada de forma errada e houve interrupção",LAVADORA,Anomalia,GRUPO_5,VALVULA,L06,VALVULA,Falha de valvula,OPERACAO
102,O_BAD_ADJUSTMENT_04,BAD_ADJUSTMENT,OUT_OF_POSITION,"parada porque alimentador fora de posição porque ocorreu ajuste incorreto, confirmado por calibração operacional inadequada e houve interrupção",LAVADORA,Processo,GRUPO_2,ALIMENTADOR,L03,ALIMENTADOR,Falha de alimentador,OPERACAO
103,O_HANDLING_ERROR_01,HANDLING_ERROR,VIBRATION,"parada porque cilindro apresentou vibração elevada porque ocorreu intervenção manual incorreta, confirmado por produto manuseado de forma inadequada e houve interrupção",ROTULADORA,Parada não programada,GRUPO_4,CILINDRO,L03,CILINDRO,Falha de cilindro,OPERACAO
104,M_BEARING_FAILURE_04,BEARING_FAILURE,OVERLOAD,"guia em sobrecarga devido a rolamento danificado, confirmado por rolamento sem condição de giro",ROTULADORA,Anomalia,GRUPO_2,GUIA,L01,GUIA,Falha de guia,MANUTENCAO
105,O_STARTUP_PROCEDURE_ERROR_03,STARTUP_PROCEDURE_ERROR,THERMAL_ALARM,"foi identificado que estrela apresentou alarme termico em razao de procedimento de partida incorreto, confirmado por equipamento iniciado fora da sequencia durante a producao",TRANSPORTADOR,Processo,GRUPO_3,ESTRELA,L01,ESTRELA,Falha de estrela,OPERACAO
106,M_OVERHEATING_01,OVERHEATING,THERMAL_ALARM,"motor apresentou alarme térmico devido a aquecimento causado por defeito, confirmado por ventilador de refrigeração quebrado",ENVASADORA,Processo,GRUPO_3,MOTOR,L01,MOTOR,Falha de motor,MANUTENCAO
107,M_STRUCTURAL_DAMAGE_01,STRUCTURAL_DAMAGE,VIBRATION,"foi identificado que cilindro apresentou vibracao elevada apos constatacao de estrutura avariada, confirmado por base trincada durante a producao",ROTULADORA,Anomalia,GRUPO_4,CILINDRO,L03,CILINDRO,Falha de cilindro,MANUTENCAO
108,M_STRUCTURAL_DAMAGE_01,STRUCTURAL_DAMAGE,VIBRATION,"cilindro apresentou vibração elevada porque ocorreu estrutura avariada, confirmado por base trincada",ROTULADORA,Parada não programada,GRUPO_4,CILINDRO,L01,CILINDRO,Falha de cilindro,MANUTENCAO
109,O_WRONG_RECIPE_04,WRONG_RECIPE,LOW_FLOW,"parada porque mangueira com fluxo insuficiente porque ocorreu programa de produto errado, confirmado por receita incompatível com a produção e houve interrupção",ENVASADORA,Processo,GRUPO_4,MANGUEIRA,L05,MANGUEIRA,Falha de mangueira,OPERACAO
110,M_HARDWARE_FAILURE_04,HARDWARE_FAILURE,COMMAND_FAILURE,"servo não respondeu ao comando devido a defeito eletrônico, confirmado por fonte eletrônica danificada",ENVASADORA,Anomalia,GRUPO_2,SERVO,L06,SERVO,Falha de servo,MANUTENCAO
111,M_DRIVE_FAILURE_03,DRIVE_FAILURE,WRONG_SPEED,"parada porque rolamento operando em velocidade incorreta devido a defeito no acionamento, confirmado por acoplamento sem tração e houve interrupção",EMPACOTADORA,Ajuste,GRUPO_3,ROLAMENTO,L06,ROLAMENTO,Falha de rolamento,MANUTENCAO
112,O_POSITIONING_ERROR_01,POSITIONING_ERROR,NO_ACTUATION,"parada porque estrela não atuou devido a posicionamento incorreto, confirmado por produto colocado fora de posição e houve interrupção",TRANSPORTADOR,Processo,GRUPO_3,ESTRELA,L05,ESTRELA,Falha de estrela,OPERACAO
113,O_HANDLING_ERROR_04,HANDLING_ERROR,VIBRATION,"DURANTE O CICLO, REJEITOR APRESENTOU VIBRAÇÃO ELEVADA EM RAZÃO DE MANUSEIO INADEQUADO, CONFIRMADO POR INTERVENÇÃO MANUAL DESLOCOU O CONJUNTO NO CICLO ATUAL",TRANSPORTADOR,Parada não programada,GRUPO_4,REJEITOR,L06,REJEITOR,Falha de rejeitor,OPERACAO
114,M_DRIVE_FAILURE_04,DRIVE_FAILURE,WRONG_SPEED,"após inspeção, estrela operando em velocidade incorreta devido a defeito no acionamento, confirmado por inversor com falha de hardware causando parada do equipamento",TRANSPORTADOR,Anomalia,GRUPO_3,ESTRELA,L04,ESTRELA,Falha de estrela,MANUTENCAO
115,O_WRONG_SPEED_SETTING_02,WRONG_SPEED_SETTING,WRONG_SPEED,"após inspeção, motor operando em velocidade incorreta após constatação de ajuste de velocidade incorreto, confirmado por referência de velocidade acima do padrão causando parada do equipamento",ENVASADORA,Processo,GRUPO_3,MOTOR,L03,MOTOR,Falha de motor,OPERACAO
116,O_PRODUCT_ACCUMULATION_02,PRODUCT_ACCUMULATION,BLOCKAGE,"foi identificado que vedacao ficou bloqueado em razao de acumulo de produto, confirmado por fila de embalagens causou obstrucao durante a producao",ROTULADORA,Anomalia,GRUPO_5,VEDACAO,L03,VEDACAO,Falha de vedacao,OPERACAO
117,M_COMPONENT_DEGRADATION_01,COMPONENT_DEGRADATION,LOW_PERFORMANCE,"após inspeção, inversor apres. baixo desempenho devido a degradação do componente, confirmado por componente degradado pelo tempo causando parada do equipamento",PALETIZADORA,Processo,GRUPO_1,INVERSOR,L06,INVERSOR,Falha de inversor,MANUTENCAO
118,O_INADEQUATE_FLOW_01,INADEQUATE_FLOW,SLOW_MOVEMENT,"parada porque rejeitor com movimento lento devido a fluxo de processo inadequado, confirmado por fluxo de processo ajustado abaixo do necessário e houve interrupção",TRANSPORTADOR,Processo,GRUPO_4,REJEITOR,L05,REJEITOR,Falha de rejeitor,OPERACAO
119,M_ELECTRICAL_FAILURE_02,ELECTRICAL_FAILURE,INTERMITTENT_STOP,"parada porque dosador parou de forma intermitente porque ocorreu defeito no circuito, confirmado por bobina queimada e houve interrupção",PALETIZADORA,Ajuste,GRUPO_5,DOSADOR,L02,DOSADOR,Falha de dosador,MANUTENCAO
120,O_WRONG_GUIDE_ADJUSTMENT_04,WRONG_GUIDE_ADJUSTMENT,LOW_PERFORMANCE,"após inspeção, correia apres. baixo desempenho devido a regulagem incorreta da guia, confirmado por guia operacional ficou distante da referência causando parada do equipamento",LAVADORA,Anomalia,GRUPO_1,CORREIA,L04,CORREIA,Falha de correia,OPERACAO
121,O_WRONG_GUIDE_ADJUSTMENT_01,WRONG_GUIDE_ADJUSTMENT,LOW_PERFORMANCE,"após inspeção, inversor apres. baixo desempenho devido a regulagem incorreta da guia, confirmado por guia ajustada para largura incorreta causando parada do equipamento",PALETIZADORA,Processo,GRUPO_1,INVERSOR,L04,INVERSOR,Falha de inversor,OPERACAO
122,O_WRONG_PROCEDURE_03,WRONG_PROCEDURE,PRODUCT_LOSS,"parada porque vedacao provocou perda de produto devido a procedimento incorreto, confirmado por sequência do processo ignorada e houve interrupção",ROTULADORA,Ajuste,GRUPO_5,VEDACAO,L06,VEDACAO,Falha de vedacao,OPERACAO
123,O_WRONG_PROCEDURE_02,WRONG_PROCEDURE,PRODUCT_LOSS,"parada porque bomba provocou perda de produto porque ocorreu rotina produtiva inadequada, confirmado por etapa manual executada incorretamente e houve interrupção",TRANSPORTADOR,Ajuste,GRUPO_5,BOMBA,L05,BOMBA,Falha de bomba,OPERACAO
124,M_PNEUMATIC_FAILURE_03,PNEUMATIC_FAILURE,SLOW_MOVEMENT,"após inspeção, mangueira com movimento lento após constatação de defeito pneumático, confirmado por conjunto pneumático com defeito causando parada do equipamento",ENVASADORA,Parada não programada,GRUPO_4,MANGUEIRA,L06,MANGUEIRA,Falha de mangueira,MANUTENCAO
125,M_SIGNAL_FAILURE_02,SIGNAL_FAILURE,NO_SIGNAL,"parada porque correia sem sinal devido a falha física no sinal, confirmado por conector com mau contato e houve interrupção",LAVADORA,Parada não programada,GRUPO_1,CORREIA,L04,CORREIA,Falha de correia,MANUTENCAO
126,M_MECHANICAL_BREAKAGE_04,MECHANICAL_BREAKAGE,OUT_OF_POSITION,"foi identificado que alimentador fora de posicao apos constatacao de fratura da peca, confirmado por ruptura estrutural durante a producao",LAVADORA,Ajuste,GRUPO_2,ALIMENTADOR,L03,ALIMENTADOR,Falha de alimentador,MANUTENCAO
127,O_WRONG_SPEED_SETTING_03,WRONG_SPEED_SETTING,WRONG_SPEED,"rolamento operando em velocidade incorreta devido a velocidade mal configurada, confirmado por cadência ajustada para valor errado",EMPACOTADORA,Ajuste,GRUPO_3,ROLAMENTO,L06,ROLAMENTO,Falha de rolamento,OPERACAO
128,O_WRONG_PROCEDURE_03,WRONG_PROCEDURE,PRODUCT_LOSS,"após inspeção, vedacao provocou perda de produto devido a procedimento incorreto, confirmado por sequência do processo ignorada causando parada do equipamento",ROTULADORA,Ajuste,GRUPO_5,VEDACAO,L04,VEDACAO,Falha de vedacao,OPERACAO
129,O_BAD_ADJUSTMENT_04,BAD_ADJUSTMENT,OUT_OF_POSITION,"foi identificado que alimentador fora de posicao apos constatacao de ajuste incorreto, confirmado por calibracao operacional inadequada durante a producao",LAVADORA,Ajuste,GRUPO_2,ALIMENTADOR,L01,ALIMENTADOR,Falha de alimentador,OPERACAO
130,M_ELECTRICAL_FAILURE_01,ELECTRICAL_FAILURE,INTERMITTENT_STOP,"após inspeção, valvula parou de forma intermitente devido a falha elétrica, confirmado por curto no circuito causando parada do equipamento",LAVADORA,Processo,GRUPO_5,VALVULA,L01,VALVULA,Falha de valvula,MANUTENCAO
131,M_SEAL_FAILURE_01,SEAL_FAILURE,PRODUCT_LOSS,"DURANTE O CICLO, DOSADOR PROVOCOU PERDA DE PRODUTO EM RAZÃO DE VEDAÇÃO DANIFICADA, CONFIRMADO POR RETENTOR DANIFICADO NO CICLO ATUAL",PALETIZADORA,Ajuste,GRUPO_5,DOSADOR,L04,DOSADOR,Falha de dosador,MANUTENCAO
132,M_ELECTRICAL_FAILURE_03,ELECTRICAL_FAILURE,INTERMITTENT_STOP,"após inspeção, bomba parou de forma intermitente devido a falha elétrica, confirmado por isolação elétrica danificada causando parada do equipamento",TRANSPORTADOR,Ajuste,GRUPO_5,BOMBA,L01,BOMBA,Falha de bomba,MANUTENCAO
133,O_POSITIONING_ERROR_01,POSITIONING_ERROR,NO_ACTUATION,"foi identificado que estrela nao atuou apos constatacao de produto mal posicionado, confirmado por produto colocado fora de posicao durante a producao",TRANSPORTADOR,Anomalia,GRUPO_3,ESTRELA,L02,ESTRELA,Falha de estrela,OPERACAO
134,M_COMPONENT_DEGRADATION_01,COMPONENT_DEGRADATION,LOW_PERFORMANCE,"inversor apresentou baixo desempenho porque ocorreu deterioração física, confirmado por componente degradado pelo tempo",PALETIZADORA,Parada não programada,GRUPO_1,INVERSOR,L03,INVERSOR,Falha de inversor,MANUTENCAO
135,M_HARDWARE_FAILURE_01,HARDWARE_FAILURE,COMMAND_FAILURE,"DURANTE O CICLO, ACOPLAMENTO NÃO RESPONDEU AO COMANDO PORQUE OCORREU FALHA DE HARDWARE, CONFIRMADO POR MÓDULO ELETRÔNICO QUEIMADO NO CICLO ATUAL",EMPACOTADORA,Parada não programada,GRUPO_2,ACOPLAMENTO,L01,ACOPLAMENTO,Falha de acoplamento,MANUTENCAO
136,O_POSITIONING_ERROR_04,POSITIONING_ERROR,NO_ACTUATION,"após inspeção, rolamento não atuou devido a posicionamento incorreto, confirmado por peça alimentada na orientação errada causando parada do equipamento",EMPACOTADORA,Anomalia,GRUPO_3,ROLAMENTO,L03,ROLAMENTO,Falha de rolamento,OPERACAO
137,O_WRONG_GUIDE_ADJUSTMENT_01,WRONG_GUIDE_ADJUSTMENT,LOW_PERFORMANCE,"inversor apresentou baixo desempenho devido a regulagem incorreta da guia, confirmado por guia ajustada para largura incorreta",PALETIZADORA,Processo,GRUPO_1,INVERSOR,L02,INVERSOR,Falha de inversor,OPERACAO
138,O_INADEQUATE_FLOW_01,INADEQUATE_FLOW,SLOW_MOVEMENT,"foi identificado que rejeitor com movimento lento em razao de fluxo de processo inadequado, confirmado por fluxo de processo ajustado abaixo do necessario durante a producao",TRANSPORTADOR,Ajuste,GRUPO_4,REJEITOR,L03,REJEITOR,Falha de rejeitor,OPERACAO
139,O_FORMAT_CHANGE_ERROR_02,FORMAT_CHANGE_ERROR,POSITION_DRIFT,"parada porque inversor perdeu a posição porque ocorreu erro na conversão de formato, confirmado por peça de formato montada na referência errada e houve interrupção",PALETIZADORA,Ajuste,GRUPO_1,INVERSOR,L06,INVERSOR,Falha de inversor,OPERACAO
140,M_BEARING_FAILURE_04,BEARING_FAILURE,OVERLOAD,"DURANTE O CICLO, GUIA EM SOBRECARGA EM RAZÃO DE ROLAMENTO DANIFICADO, CONFIRMADO POR ROLAMENTO SEM CONDIÇÃO DE GIRO NO CICLO ATUAL",ROTULADORA,Parada não programada,GRUPO_2,GUIA,L01,GUIA,Falha de guia,MANUTENCAO
141,M_MECHANICAL_BREAKAGE_04,MECHANICAL_BREAKAGE,OUT_OF_POSITION,"foi identificado que alimentador fora de posicao em razao de quebra mecanica, confirmado por ruptura estrutural durante a producao",LAVADORA,Parada não programada,GRUPO_2,ALIMENTADOR,L04,ALIMENTADOR,Falha de alimentador,MANUTENCAO
142,M_BLOCKAGE_BY_FAILURE_04,BLOCKAGE_BY_FAILURE,BLOCKAGE,"foi identificado que dosador ficou bloqueado em razao de obstrucao por peca danificada, confirmado por mecanismo avariado impedindo o fluxo durante a producao",PALETIZADORA,Parada não programada,GRUPO_5,DOSADOR,L05,DOSADOR,Falha de dosador,MANUTENCAO
143,M_STRUCTURAL_DAMAGE_03,STRUCTURAL_DAMAGE,VIBRATION,"DURANTE O CICLO, BOCAL APRESENTOU VIBRAÇÃO ELEVADA EM RAZÃO DE DANO ESTRUTURAL, CONFIRMADO POR SOLDA ROMPIDA NO CICLO ATUAL",PALETIZADORA,Processo,GRUPO_4,BOCAL,L02,BOCAL,Falha de bocal,MANUTENCAO
144,O_BAD_ADJUSTMENT_02,BAD_ADJUSTMENT,OUT_OF_POSITION,"parada porque servo fora de posição devido a regulagem incorreta, confirmado por ajuste operacional incorreto e houve interrupção",ENVASADORA,Parada não programada,GRUPO_2,SERVO,L04,SERVO,Falha de servo,OPERACAO
145,M_LEAKAGE_04,LEAKAGE,LOW_FLOW,"após inspeção, mangueira com fluxo insuficiente após constatação de perda de estanqueidade, confirmado por fuga pelo corpo trincado causando parada do equipamento",ENVASADORA,Ajuste,GRUPO_4,MANGUEIRA,L01,MANGUEIRA,Falha de mangueira,MANUTENCAO
146,M_MECHANICAL_WEAR_01,MECHANICAL_WEAR,MISALIGNMENT,"após inspeção, sensor desalinhado após constatação de degradação por uso, confirmado por desgaste progressivo causando parada do equipamento",ENVASADORA,Anomalia,GRUPO_1,SENSOR,L04,SENSOR,Falha de sensor,MANUTENCAO
147,O_WRONG_SPEED_SETTING_04,WRONG_SPEED_SETTING,WRONG_SPEED,"DURANTE O CICLO, ESTRELA OPERANDO EM VELOCIDADE INCORRETA EM RAZÃO DE VELOCIDADE MAL CONFIGURADA, CONFIRMADO POR SINCRONISMO DE VELOCIDADE MAL CONFIGURADO NO CICLO ATUAL",TRANSPORTADOR,Parada não programada,GRUPO_3,ESTRELA,L06,ESTRELA,Falha de estrela,OPERACAO
148,M_BLOCKAGE_BY_FAILURE_03,BLOCKAGE_BY_FAILURE,BLOCKAGE,"parada porque valvula ficou bloqueado porque ocorreu bloqueio causado por avaria, confirmado por fragmento mecânico travando o conjunto e houve interrupção",LAVADORA,Anomalia,GRUPO_5,VALVULA,L06,VALVULA,Falha de valvula,MANUTENCAO
149,O_POSITIONING_ERROR_04,POSITIONING_ERROR,NO_ACTUATION,"após inspeção, rolamento não atuou após constatação de produto mal posicionado, confirmado por peça alimentada na orientação errada causando parada do equipamento",EMPACOTADORA,Ajuste,GRUPO_3,ROLAMENTO,L04,ROLAMENTO,Falha de rolamento,OPERACAO
150,O_HANDLING_ERROR_02,HANDLING_ERROR,VIBRATION,"mangueira apresentou vibração elevada porque ocorreu intervenção manual incorreta, confirmado por carga distribuída incorretamente",ENVASADORA,Ajuste,GRUPO_4,MANGUEIRA,L05,MANGUEIRA,Falha de mangueira,OPERACAO
151,M_BLOCKAGE_BY_FAILURE_02,BLOCKAGE_BY_FAILURE,BLOCKAGE,"foi identificado que vedacao ficou bloqueado em razao de obstrucao por peca danificada, confirmado por componente deformado causando obstrucao durante a producao",ROTULADORA,Anomalia,GRUPO_5,VEDACAO,L05,VEDACAO,Falha de vedacao,MANUTENCAO
152,M_PNEUMATIC_FAILURE_02,PNEUMATIC_FAILURE,SLOW_MOVEMENT,"após inspeção, cilindro com movimento lento após constatação de defeito pneumático, confirmado por mangueira de ar furada causando parada do equipamento",ROTULADORA,Processo,GRUPO_4,CILINDRO,L06,CILINDRO,Falha de cilindro,MANUTENCAO
153,M_ELECTRICAL_FAILURE_02,ELECTRICAL_FAILURE,INTERMITTENT_STOP,"foi identificado que dosador parou de forma intermitente apos constatacao de defeito no circuito, confirmado por bobina queimada durante a producao",PALETIZADORA,Processo,GRUPO_5,DOSADOR,L06,DOSADOR,Falha de dosador,MANUTENCAO
154,O_BAD_SETUP_02,BAD_SETUP,MISALIGNMENT,"DURANTE O CICLO, GARRA DESALINHADO EM RAZÃO DE SETUP INCORRETO, CONFIRMADO POR AJUSTE INICIAL INCORRETO NO CICLO ATUAL",EMPACOTADORA,Anomalia,GRUPO_1,GARRA,L05,GARRA,Falha de garra,OPERACAO
155,O_WRONG_PROCEDURE_02,WRONG_PROCEDURE,PRODUCT_LOSS,"bomba provocou perda de produto devido a procedimento incorreto, confirmado por etapa manual executada incorretamente",TRANSPORTADOR,Parada não programada,GRUPO_5,BOMBA,L02,BOMBA,Falha de bomba,OPERACAO
156,O_WRONG_PARAMETER_03,WRONG_PARAMETER,INTERMITTENT_STOP,"após inspeção, bomba parou de forma intermitente devido a parâmetro incorreto, confirmado por temporização ajustada errada causando parada do equipamento",TRANSPORTADOR,Ajuste,GRUPO_5,BOMBA,L05,BOMBA,Falha de bomba,OPERACAO
157,O_STARTUP_PROCEDURE_ERROR_01,STARTUP_PROCEDURE_ERROR,THERMAL_ALARM,"após inspeção, motor apres. alarme térmico após constatação de partida fora da sequência, confirmado por partida realizada sem estabilização do processo causando parada do equipamento",ENVASADORA,Anomalia,GRUPO_3,MOTOR,L02,MOTOR,Falha de motor,OPERACAO
158,O_WRONG_REFERENCE_02,WRONG_REFERENCE,NO_SIGNAL,"correia sem sinal porque ocorreu ponto de referência errado, confirmado por ponto de referência informado errado",LAVADORA,Ajuste,GRUPO_1,CORREIA,L03,CORREIA,Falha de correia,OPERACAO
159,M_RUPTURE_02,RUPTURE,NO_ACTUATION,"após inspeção, transportador não atuou devido a rompimento físico, confirmado por cabo rompido causando parada do equipamento",ROTULADORA,Parada não programada,GRUPO_3,TRANSPORTADOR,L05,TRANSPORTADOR,Falha de transportador,MANUTENCAO
160,M_MECHANICAL_CLEARANCE_03,MECHANICAL_CLEARANCE,POSITION_DRIFT,"após inspeção, sensor perdeu a posição devido a folga mecânica, confirmado por fixação mecânica frouxa causando parada do equipamento",ENVASADORA,Ajuste,GRUPO_1,SENSOR,L01,SENSOR,Falha de sensor,MANUTENCAO
161,O_WRONG_REFERENCE_03,WRONG_REFERENCE,NO_SIGNAL,"após inspeção, inversor sem sinal após constatação de ponto de referência errado, confirmado por zero operacional definido fora da posição causando parada do equipamento",PALETIZADORA,Parada não programada,GRUPO_1,INVERSOR,L01,INVERSOR,Falha de inversor,OPERACAO
162,O_BAD_SETUP_04,BAD_SETUP,MISALIGNMENT,"foi identificado que inversor desalinhado apos constatacao de preparacao inadequada, confirmado por setup carregado para outro formato durante a producao",PALETIZADORA,Ajuste,GRUPO_1,INVERSOR,L06,INVERSOR,Falha de inversor,OPERACAO
163,M_OVERHEATING_04,OVERHEATING,THERMAL_ALARM,"parada porque transportador apresentou alarme térmico devido a aquecimento causado por defeito, confirmado por rolamento aquecendo por dano e houve interrupção",ROTULADORA,Anomalia,GRUPO_3,TRANSPORTADOR,L05,TRANSPORTADOR,Falha de transportador,MANUTENCAO
164,M_HARDWARE_FAILURE_03,HARDWARE_FAILURE,COMMAND_FAILURE,"guia não respondeu ao comando porque ocorreu falha de hardware, confirmado por placa de comando avariada",ROTULADORA,Anomalia,GRUPO_2,GUIA,L05,GUIA,Falha de guia,MANUTENCAO
165,O_WRONG_REFERENCE_04,WRONG_REFERENCE,NO_SIGNAL,"sensor sem sinal porque ocorreu ponto de referência errado, confirmado por referência de formato trocada",ENVASADORA,Processo,GRUPO_1,SENSOR,L03,SENSOR,Falha de sensor,OPERACAO
166,M_MECHANICAL_BREAKAGE_03,MECHANICAL_BREAKAGE,OUT_OF_POSITION,"após inspeção, acoplamento fora de posição após constatação de fratura da peça, confirmado por fratura da peça causando parada do equipamento",EMPACOTADORA,Parada não programada,GRUPO_2,ACOPLAMENTO,L05,ACOPLAMENTO,Falha de acoplamento,MANUTENCAO
167,O_INADEQUATE_FLOW_03,INADEQUATE_FLOW,SLOW_MOVEMENT,"mangueira com movimento lento porque ocorreu vazão mal ajustada, confirmado por alimentação de produto irregular",ENVASADORA,Anomalia,GRUPO_4,MANGUEIRA,L06,MANGUEIRA,Falha de mangueira,OPERACAO
168,O_WRONG_PROCEDURE_03,WRONG_PROCEDURE,PRODUCT_LOSS,"vedacao provocou perda de produto devido a procedimento incorreto, confirmado por sequência do processo ignorada",ROTULADORA,Ajuste,GRUPO_5,VEDACAO,L02,VEDACAO,Falha de vedacao,OPERACAO
169,M_MECHANICAL_WEAR_04,MECHANICAL_WEAR,MISALIGNMENT,"após inspeção, inversor desalinhado devido a desgaste mecânico, confirmado por degradação mecânica causando parada do equipamento",PALETIZADORA,Anomalia,GRUPO_1,INVERSOR,L03,INVERSOR,Falha de inversor,MANUTENCAO
170,M_LEAKAGE_03,LEAKAGE,LOW_FLOW,"parada porque cilindro com fluxo insuficiente devido a vazamento por defeito, confirmado por junta deteriorada e houve interrupção",ROTULADORA,Ajuste,GRUPO_4,CILINDRO,L02,CILINDRO,Falha de cilindro,MANUTENCAO
171,M_SIGNAL_FAILURE_01,SIGNAL_FAILURE,NO_SIGNAL,"parada porque garra sem sinal porque ocorreu defeito no sinal, confirmado por cabo de sinal danificado e houve interrupção",EMPACOTADORA,Parada não programada,GRUPO_1,GARRA,L03,GARRA,Falha de garra,MANUTENCAO
172,M_SEAL_FAILURE_03,SEAL_FAILURE,PRODUCT_LOSS,"vedacao provocou perda de produto devido a vedação danificada, confirmado por anel de vedação rompido",ROTULADORA,Ajuste,GRUPO_5,VEDACAO,L04,VEDACAO,Falha de vedacao,MANUTENCAO
173,M_PNEUMATIC_FAILURE_01,PNEUMATIC_FAILURE,SLOW_MOVEMENT,"DURANTE O CICLO, REJEITOR COM MOVIMENTO LENTO EM RAZÃO DE FALHA PNEUMÁTICA, CONFIRMADO POR ATUADOR PNEUMÁTICO DANIFICADO NO CICLO ATUAL",TRANSPORTADOR,Ajuste,GRUPO_4,REJEITOR,L03,REJEITOR,Falha de rejeitor,MANUTENCAO
174,O_WRONG_REFERENCE_04,WRONG_REFERENCE,NO_SIGNAL,"parada porque sensor sem sinal devido a referência incorreta, confirmado por referência de formato trocada e houve interrupção",ENVASADORA,Anomalia,GRUPO_1,SENSOR,L02,SENSOR,Falha de sensor,OPERACAO
175,O_PRODUCT_ACCUMULATION_03,PRODUCT_ACCUMULATION,BLOCKAGE,"após inspeção, valvula ficou bloqueado devido a acúmulo de produto, confirmado por produto sobreposto travou o fluxo causando parada do equipamento",LAVADORA,Ajuste,GRUPO_5,VALVULA,L03,VALVULA,Falha de valvula,OPERACAO
176,M_LEAKAGE_02,LEAKAGE,LOW_FLOW,"foi identificado que rejeitor com fluxo insuficiente apos constatacao de perda de estanqueidade, confirmado por conexao perdeu estanqueidade durante a producao",TRANSPORTADOR,Processo,GRUPO_4,REJEITOR,L05,REJEITOR,Falha de rejeitor,MANUTENCAO
177,O_INADEQUATE_FLOW_01,INADEQUATE_FLOW,SLOW_MOVEMENT,"após inspeção, rejeitor com movimento lento após constatação de vazão mal ajustada, confirmado por fluxo de processo ajustado abaixo do necessário causando parada do equipamento",TRANSPORTADOR,Anomalia,GRUPO_4,REJEITOR,L04,REJEITOR,Falha de rejeitor,OPERACAO
178,O_WRONG_SPEED_SETTING_02,WRONG_SPEED_SETTING,WRONG_SPEED,"foi identificado que motor operando em velocidade incorreta apos constatacao de ajuste de velocidade incorreto, confirmado por referencia de velocidade acima do padrao durante a producao",ENVASADORA,Processo,GRUPO_3,MOTOR,L01,MOTOR,Falha de motor,OPERACAO
179,O_BAD_SETUP_04,BAD_SETUP,MISALIGNMENT,"após inspeção, inversor desalinhado devido a setup incorreto, confirmado por setup carregado para outro formato causando parada do equipamento",PALETIZADORA,Anomalia,GRUPO_1,INVERSOR,L01,INVERSOR,Falha de inversor,OPERACAO
180,M_RUPTURE_02,RUPTURE,NO_ACTUATION,"transportador não atuou devido a rompimento físico, confirmado por cabo rompido",ROTULADORA,Parada não programada,GRUPO_3,TRANSPORTADOR,L03,TRANSPORTADOR,Falha de transportador,MANUTENCAO
181,M_MECHANICAL_CLEARANCE_01,MECHANICAL_CLEARANCE,POSITION_DRIFT,"correia perdeu a posição porque ocorreu jogo mecânico excessivo, confirmado por folga no eixo",LAVADORA,Parada não programada,GRUPO_1,CORREIA,L04,CORREIA,Falha de correia,MANUTENCAO
182,O_WRONG_REFERENCE_02,WRONG_REFERENCE,NO_SIGNAL,"DURANTE O CICLO, CORREIA SEM SINAL PORQUE OCORREU PONTO DE REFERÊNCIA ERRADO, CONFIRMADO POR PONTO DE REFERÊNCIA INFORMADO ERRADO NO CICLO ATUAL",LAVADORA,Ajuste,GRUPO_1,CORREIA,L05,CORREIA,Falha de correia,OPERACAO
183,O_POSITIONING_ERROR_01,POSITIONING_ERROR,NO_ACTUATION,"estrela não atuou porque ocorreu produto mal posicionado, confirmado por produto colocado fora de posição",TRANSPORTADOR,Parada não programada,GRUPO_3,ESTRELA,L06,ESTRELA,Falha de estrela,OPERACAO
184,O_BAD_SETUP_01,BAD_SETUP,MISALIGNMENT,"DURANTE O CICLO, SENSOR DESALINHADO EM RAZÃO DE SETUP INCORRETO, CONFIRMADO POR SETUP EXECUTADO FORA DO PADRÃO NO CICLO ATUAL",ENVASADORA,Ajuste,GRUPO_1,SENSOR,L05,SENSOR,Falha de sensor,OPERACAO
185,M_MECHANICAL_WEAR_01,MECHANICAL_WEAR,MISALIGNMENT,"DURANTE O CICLO, SENSOR DESALINHADO EM RAZÃO DE DESGASTE MECÂNICO, CONFIRMADO POR DESGASTE PROGRESSIVO NO CICLO ATUAL",ENVASADORA,Ajuste,GRUPO_1,SENSOR,L01,SENSOR,Falha de sensor,MANUTENCAO
186,O_WRONG_RECIPE_01,WRONG_RECIPE,LOW_FLOW,"após inspeção, bocal com fluxo insuficiente devido a receita incorreta, confirmado por receita de outro produto selecionada causando parada do equipamento",PALETIZADORA,Processo,GRUPO_4,BOCAL,L04,BOCAL,Falha de bocal,OPERACAO
187,O_WRONG_SPEED_SETTING_02,WRONG_SPEED_SETTING,WRONG_SPEED,"motor operando em velocidade incorreta devido a velocidade mal configurada, confirmado por referência de velocidade acima do padrão",ENVASADORA,Parada não programada,GRUPO_3,MOTOR,L06,MOTOR,Falha de motor,OPERACAO
188,O_HANDLING_ERROR_03,HANDLING_ERROR,VIBRATION,"após inspeção, bocal apres. vibração elevada após constatação de intervenção manual incorreta, confirmado por material apoiado fora da guia causando parada do equipamento",PALETIZADORA,Parada não programada,GRUPO_4,BOCAL,L03,BOCAL,Falha de bocal,OPERACAO
189,O_WRONG_PARAMETER_03,WRONG_PARAMETER,INTERMITTENT_STOP,"foi identificado que bomba parou de forma intermitente em razao de parametro incorreto, confirmado por temporizacao ajustada errada durante a producao",TRANSPORTADOR,Processo,GRUPO_5,BOMBA,L05,BOMBA,Falha de bomba,OPERACAO
190,O_WRONG_SEQUENCE_01,WRONG_SEQUENCE,COMMAND_FAILURE,"foi identificado que acoplamento nao respondeu ao comando apos constatacao de ordem de comandos errada, confirmado por comando enviado fora da sequencia durante a producao",EMPACOTADORA,Anomalia,GRUPO_2,ACOPLAMENTO,L05,ACOPLAMENTO,Falha de acoplamento,OPERACAO
191,M_SIGNAL_FAILURE_03,SIGNAL_FAILURE,NO_SIGNAL,"após inspeção, inversor sem sinal devido a falha física no sinal, confirmado por placa eletrônica defeituosa causando parada do equipamento",PALETIZADORA,Ajuste,GRUPO_1,INVERSOR,L02,INVERSOR,Falha de inversor,MANUTENCAO
192,M_DRIVE_FAILURE_04,DRIVE_FAILURE,WRONG_SPEED,"parada porque estrela operando em velocidade incorreta porque ocorreu falha da transmissão, confirmado por inversor com falha de hardware e houve interrupção",TRANSPORTADOR,Processo,GRUPO_3,ESTRELA,L05,ESTRELA,Falha de estrela,MANUTENCAO
193,O_WRONG_PROCEDURE_04,WRONG_PROCEDURE,PRODUCT_LOSS,"após inspeção, valvula provocou perda de produto após constatação de rotina produtiva inadequada, confirmado por rotina produtiva aplicada de forma errada causando parada do equipamento",LAVADORA,Ajuste,GRUPO_5,VALVULA,L05,VALVULA,Falha de valvula,OPERACAO
194,O_WRONG_RECIPE_04,WRONG_RECIPE,LOW_FLOW,"mangueira com fluxo insuficiente devido a receita incorreta, confirmado por receita incompatível com a produção",ENVASADORA,Anomalia,GRUPO_4,MANGUEIRA,L02,MANGUEIRA,Falha de mangueira,OPERACAO
195,M_SEAL_FAILURE_03,SEAL_FAILURE,PRODUCT_LOSS,"parada porque vedacao provocou perda de produto porque ocorreu falha de vedação, confirmado por anel de vedação rompido e houve interrupção",ROTULADORA,Anomalia,GRUPO_5,VEDACAO,L01,VEDACAO,Falha de vedacao,MANUTENCAO
196,O_INADEQUATE_FLOW_02,INADEQUATE_FLOW,SLOW_MOVEMENT,"cilindro com movimento lento devido a fluxo de processo inadequado, confirmado por vazão operacional inadequada",ROTULADORA,Parada não programada,GRUPO_4,CILINDRO,L01,CILINDRO,Falha de cilindro,OPERACAO
197,O_WRONG_PARAMETER_04,WRONG_PARAMETER,INTERMITTENT_STOP,"foi identificado que vedacao parou de forma intermitente em razao de parametro incorreto, confirmado por valor operacional alterado indevidamente durante a producao",ROTULADORA,Parada não programada,GRUPO_5,VEDACAO,L05,VEDACAO,Falha de vedacao,OPERACAO
198,O_FORMAT_CHANGE_ERROR_03,FORMAT_CHANGE_ERROR,POSITION_DRIFT,"DURANTE O CICLO, SENSOR PERDEU A POSIÇÃO PORQUE OCORREU ERRO NA CONVERSÃO DE FORMATO, CONFIRMADO POR CONVERSÃO DE FORMATO INCOMPLETA NO CICLO ATUAL",ENVASADORA,Anomalia,GRUPO_1,SENSOR,L04,SENSOR,Falha de sensor,OPERACAO
199,M_DRIVE_FAILURE_04,DRIVE_FAILURE,WRONG_SPEED,"estrela operando em velocidade incorreta devido a defeito no acionamento, confirmado por inversor com falha de hardware",TRANSPORTADOR,Anomalia,GRUPO_3,ESTRELA,L02,ESTRELA,Falha de estrela,MANUTENCAO
200,M_OVERHEATING_04,OVERHEATING,THERMAL_ALARM,"parada porque transportador apresentou alarme térmico porque ocorreu falha térmica física, confirmado por rolamento aquecendo por dano e houve interrupção",ROTULADORA,Processo,GRUPO_3,TRANSPORTADOR,L04,TRANSPORTADOR,Falha de transportador,MANUTENCAO
201,M_STRUCTURAL_DAMAGE_02,STRUCTURAL_DAMAGE,VIBRATION,"DURANTE O CICLO, MANGUEIRA APRESENTOU VIBRAÇÃO ELEVADA PORQUE OCORREU ESTRUTURA AVARIADA, CONFIRMADO POR ESTRUTURA DEFORMADA NO CICLO ATUAL",ENVASADORA,Ajuste,GRUPO_4,MANGUEIRA,L03,MANGUEIRA,Falha de mangueira,MANUTENCAO
202,M_SIGNAL_FAILURE_04,SIGNAL_FAILURE,NO_SIGNAL,"foi identificado que sensor sem sinal em razao de falha fisica no sinal, confirmado por sensor com defeito interno durante a producao",ENVASADORA,Parada não programada,GRUPO_1,SENSOR,L02,SENSOR,Falha de sensor,MANUTENCAO
203,M_LEAKAGE_03,LEAKAGE,LOW_FLOW,"foi identificado que cilindro com fluxo insuficiente apos constatacao de perda de estanqueidade, confirmado por junta deteriorada durante a producao",ROTULADORA,Parada não programada,GRUPO_4,CILINDRO,L05,CILINDRO,Falha de cilindro,MANUTENCAO
204,M_MECHANICAL_WEAR_03,MECHANICAL_WEAR,MISALIGNMENT,"foi identificado que correia desalinhado em razao de desgaste mecanico, confirmado por desgaste acima do limite durante a producao",LAVADORA,Processo,GRUPO_1,CORREIA,L03,CORREIA,Falha de correia,MANUTENCAO
205,O_INADEQUATE_FLOW_04,INADEQUATE_FLOW,SLOW_MOVEMENT,"foi identificado que bocal com movimento lento em razao de fluxo de processo inadequado, confirmado por restricao criada pelo ajuste do processo durante a producao",PALETIZADORA,Parada não programada,GRUPO_4,BOCAL,L03,BOCAL,Falha de bocal,OPERACAO
206,M_BLOCKAGE_BY_FAILURE_02,BLOCKAGE_BY_FAILURE,BLOCKAGE,"foi identificado que vedacao ficou bloqueado apos constatacao de bloqueio causado por avaria, confirmado por componente deformado causando obstrucao durante a producao",ROTULADORA,Processo,GRUPO_5,VEDACAO,L04,VEDACAO,Falha de vedacao,MANUTENCAO
207,O_BAD_SETUP_03,BAD_SETUP,MISALIGNMENT,"após inspeção, correia desalinhado devido a setup incorreto, confirmado por preparação da máquina incompleta causando parada do equipamento",LAVADORA,Ajuste,GRUPO_1,CORREIA,L01,CORREIA,Falha de correia,OPERACAO
208,O_WRONG_REFERENCE_01,WRONG_REFERENCE,NO_SIGNAL,"DURANTE O CICLO, GARRA SEM SINAL PORQUE OCORREU PONTO DE REFERÊNCIA ERRADO, CONFIRMADO POR REFERÊNCIA SELECIONADA INCORRETAMENTE NO CICLO ATUAL",EMPACOTADORA,Parada não programada,GRUPO_1,GARRA,L05,GARRA,Falha de garra,OPERACAO
209,O_WRONG_PROCEDURE_04,WRONG_PROCEDURE,PRODUCT_LOSS,"após inspeção, valvula provocou perda de produto devido a procedimento incorreto, confirmado por rotina produtiva aplicada de forma errada causando parada do equipamento",LAVADORA,Anomalia,GRUPO_5,VALVULA,L04,VALVULA,Falha de valvula,OPERACAO
210,M_MECHANICAL_WEAR_04,MECHANICAL_WEAR,MISALIGNMENT,"após inspeção, inversor desalinhado após constatação de degradação por uso, confirmado por degradação mecânica causando parada do equipamento",PALETIZADORA,Ajuste,GRUPO_1,INVERSOR,L04,INVERSOR,Falha de inversor,MANUTENCAO
211,O_WRONG_PARAMETER_01,WRONG_PARAMETER,INTERMITTENT_STOP,"parada porque valvula parou de forma intermitente devido a parâmetro incorreto, confirmado por parâmetro digitado incorretamente e houve interrupção",LAVADORA,Processo,GRUPO_5,VALVULA,L01,VALVULA,Falha de valvula,OPERACAO
212,O_BAD_SETUP_04,BAD_SETUP,MISALIGNMENT,"foi identificado que inversor desalinhado em razao de setup incorreto, confirmado por setup carregado para outro formato durante a producao",PALETIZADORA,Parada não programada,GRUPO_1,INVERSOR,L01,INVERSOR,Falha de inversor,OPERACAO
213,M_HARDWARE_FAILURE_01,HARDWARE_FAILURE,COMMAND_FAILURE,"acoplamento não respondeu ao comando devido a defeito eletrônico, confirmado por módulo eletrônico queimado",EMPACOTADORA,Processo,GRUPO_2,ACOPLAMENTO,L06,ACOPLAMENTO,Falha de acoplamento,MANUTENCAO
214,M_HARDWARE_FAILURE_03,HARDWARE_FAILURE,COMMAND_FAILURE,"após inspeção, guia não respondeu ao comando devido a defeito eletrônico, confirmado por placa de comando avariada causando parada do equipamento",ROTULADORA,Ajuste,GRUPO_2,GUIA,L02,GUIA,Falha de guia,MANUTENCAO
215,O_WRONG_PARAMETER_02,WRONG_PARAMETER,INTERMITTENT_STOP,"dosador parou de forma intermitente devido a parâmetro incorreto, confirmado por limite configurado fora do padrão",PALETIZADORA,Parada não programada,GRUPO_5,DOSADOR,L03,DOSADOR,Falha de dosador,OPERACAO
216,M_MECHANICAL_CLEARANCE_01,MECHANICAL_CLEARANCE,POSITION_DRIFT,"parada porque correia perdeu a posição devido a folga mecânica, confirmado por folga no eixo e houve interrupção",LAVADORA,Processo,GRUPO_1,CORREIA,L03,CORREIA,Falha de correia,MANUTENCAO
217,M_MECHANICAL_BREAKAGE_01,MECHANICAL_BREAKAGE,OUT_OF_POSITION,"foi identificado que guia fora de posicao em razao de quebra mecanica, confirmado por quebra do suporte durante a producao",ROTULADORA,Ajuste,GRUPO_2,GUIA,L04,GUIA,Falha de guia,MANUTENCAO
218,M_HARDWARE_FAILURE_02,HARDWARE_FAILURE,COMMAND_FAILURE,"foi identificado que alimentador nao respondeu ao comando apos constatacao de falha de hardware, confirmado por controlador com defeito durante a producao",LAVADORA,Processo,GRUPO_2,ALIMENTADOR,L01,ALIMENTADOR,Falha de alimentador,MANUTENCAO
219,O_FORMAT_CHANGE_ERROR_03,FORMAT_CHANGE_ERROR,POSITION_DRIFT,"foi identificado que sensor perdeu a posicao apos constatacao de erro na conversao de formato, confirmado por conversao de formato incompleta durante a producao",ENVASADORA,Parada não programada,GRUPO_1,SENSOR,L04,SENSOR,Falha de sensor,OPERACAO
220,O_POSITIONING_ERROR_02,POSITIONING_ERROR,NO_ACTUATION,"após inspeção, transportador não atuou após constatação de produto mal posicionado, confirmado por embalagem posicionada incorreto causando parada do equipamento",ROTULADORA,Processo,GRUPO_3,TRANSPORTADOR,L04,TRANSPORTADOR,Falha de transportador,OPERACAO
221,O_PRODUCT_ACCUMULATION_02,PRODUCT_ACCUMULATION,BLOCKAGE,"parada porque vedacao ficou bloqueado devido a acúmulo de produto, confirmado por fila de embalagens causou obstrução e houve interrupção",ROTULADORA,Parada não programada,GRUPO_5,VEDACAO,L05,VEDACAO,Falha de vedacao,OPERACAO
222,O_HANDLING_ERROR_03,HANDLING_ERROR,VIBRATION,"bocal apresentou vibração elevada porque ocorreu intervenção manual incorreta, confirmado por material apoiado fora da guia",PALETIZADORA,Anomalia,GRUPO_4,BOCAL,L05,BOCAL,Falha de bocal,OPERACAO
223,O_STARTUP_PROCEDURE_ERROR_03,STARTUP_PROCEDURE_ERROR,THERMAL_ALARM,"parada porque estrela apresentou alarme térmico devido a procedimento de partida incorreto, confirmado por equipamento iniciado fora da sequência e houve interrupção",TRANSPORTADOR,Ajuste,GRUPO_3,ESTRELA,L03,ESTRELA,Falha de estrela,OPERACAO
224,O_WRONG_REFERENCE_03,WRONG_REFERENCE,NO_SIGNAL,"parada porque inversor sem sinal devido a referência incorreta, confirmado por zero operacional definido fora da posição e houve interrupção",PALETIZADORA,Ajuste,GRUPO_1,INVERSOR,L02,INVERSOR,Falha de inversor,OPERACAO
225,M_MECHANICAL_WEAR_03,MECHANICAL_WEAR,MISALIGNMENT,"DURANTE O CICLO, CORREIA DESALINHADO EM RAZÃO DE DESGASTE MECÂNICO, CONFIRMADO POR DESGASTE ACIMA DO LIMITE NO CICLO ATUAL",LAVADORA,Processo,GRUPO_1,CORREIA,L01,CORREIA,Falha de correia,MANUTENCAO
226,M_DRIVE_FAILURE_01,DRIVE_FAILURE,WRONG_SPEED,"após inspeção, transportador operando em velocidade incorreta devido a defeito no acionamento, confirmado por acionamento com defeito interno causando parada do equipamento",ROTULADORA,Processo,GRUPO_3,TRANSPORTADOR,L04,TRANSPORTADOR,Falha de transportador,MANUTENCAO
227,M_RUPTURE_01,RUPTURE,NO_ACTUATION,"estrela não atuou devido a rompimento físico, confirmado por mangueira rompida",TRANSPORTADOR,Processo,GRUPO_3,ESTRELA,L03,ESTRELA,Falha de estrela,MANUTENCAO
228,M_DRIVE_FAILURE_02,DRIVE_FAILURE,WRONG_SPEED,"foi identificado que motor operando em velocidade incorreta em razao de defeito no acionamento, confirmado por transmissao danificada durante a producao",ENVASADORA,Anomalia,GRUPO_3,MOTOR,L04,MOTOR,Falha de motor,MANUTENCAO
229,M_BLOCKAGE_BY_FAILURE_01,BLOCKAGE_BY_FAILURE,BLOCKAGE,"foi identificado que bomba ficou bloqueado apos constatacao de bloqueio causado por avaria, confirmado por peca quebrada bloqueando a passagem durante a producao",TRANSPORTADOR,Anomalia,GRUPO_5,BOMBA,L04,BOMBA,Falha de bomba,MANUTENCAO
230,O_EXCESS_FEED_04,EXCESS_FEED,OVERLOAD,"parada porque guia em sobrecarga devido a alimentação excessiva, confirmado por volume de produto acima do previsto e houve interrupção",ROTULADORA,Anomalia,GRUPO_2,GUIA,L03,GUIA,Falha de guia,OPERACAO
231,O_WRONG_GUIDE_ADJUSTMENT_03,WRONG_GUIDE_ADJUSTMENT,LOW_PERFORMANCE,"DURANTE O CICLO, GARRA APRESENTOU BAIXO DESEMPENHO EM RAZÃO DE REGULAGEM INCORRETA DA GUIA, CONFIRMADO POR REGULAGEM DA GUIA PRESSIONOU O PRODUTO NO CICLO ATUAL",EMPACOTADORA,Processo,GRUPO_1,GARRA,L02,GARRA,Falha de garra,OPERACAO
232,O_PRODUCT_ACCUMULATION_02,PRODUCT_ACCUMULATION,BLOCKAGE,"após inspeção, vedacao ficou bloqueado devido a acúmulo de produto, confirmado por fila de embalagens causou obstrução causando parada do equipamento",ROTULADORA,Parada não programada,GRUPO_5,VEDACAO,L03,VEDACAO,Falha de vedacao,OPERACAO
233,M_MECHANICAL_CLEARANCE_02,MECHANICAL_CLEARANCE,POSITION_DRIFT,"foi identificado que inversor perdeu a posicao apos constatacao de jogo mecanico excessivo, confirmado por bucha com folga excessiva durante a producao",PALETIZADORA,Processo,GRUPO_1,INVERSOR,L06,INVERSOR,Falha de inversor,MANUTENCAO
234,O_FORMAT_CHANGE_ERROR_02,FORMAT_CHANGE_ERROR,POSITION_DRIFT,"inversor perdeu a posição porque ocorreu erro na conversão de formato, confirmado por peça de formato montada na referência errada",PALETIZADORA,Ajuste,GRUPO_1,INVERSOR,L02,INVERSOR,Falha de inversor,OPERACAO
235,M_MECHANICAL_CLEARANCE_02,MECHANICAL_CLEARANCE,POSITION_DRIFT,"inversor perdeu a posição porque ocorreu jogo mecânico excessivo, confirmado por bucha com folga excessiva",PALETIZADORA,Ajuste,GRUPO_1,INVERSOR,L04,INVERSOR,Falha de inversor,MANUTENCAO
236,M_SIGNAL_FAILURE_02,SIGNAL_FAILURE,NO_SIGNAL,"correia sem sinal porque ocorreu defeito no sinal, confirmado por conector com mau contato",LAVADORA,Ajuste,GRUPO_1,CORREIA,L05,CORREIA,Falha de correia,MANUTENCAO
237,M_ELECTRICAL_FAILURE_04,ELECTRICAL_FAILURE,INTERMITTENT_STOP,"DURANTE O CICLO, VEDACAO PAROU DE FORMA INTERMITENTE PORQUE OCORREU DEFEITO NO CIRCUITO, CONFIRMADO POR TERMINAL ELÉTRICO CARBONIZADO NO CICLO ATUAL",ROTULADORA,Processo,GRUPO_5,VEDACAO,L06,VEDACAO,Falha de vedacao,MANUTENCAO
238,M_STRUCTURAL_DAMAGE_04,STRUCTURAL_DAMAGE,VIBRATION,"após inspeção, rejeitor apres. vibração elevada após constatação de estrutura avariada, confirmado por suporte estrutural danificado causando parada do equipamento",TRANSPORTADOR,Ajuste,GRUPO_4,REJEITOR,L05,REJEITOR,Falha de rejeitor,MANUTENCAO
239,O_EXCESS_FEED_04,EXCESS_FEED,OVERLOAD,"foi identificado que guia em sobrecarga apos constatacao de excesso de produto, confirmado por volume de produto acima do previsto durante a producao",ROTULADORA,Ajuste,GRUPO_2,GUIA,L06,GUIA,Falha de guia,OPERACAO
240,O_POSITIONING_ERROR_01,POSITIONING_ERROR,NO_ACTUATION,"após inspeção, estrela não atuou após constatação de produto mal posicionado, confirmado por produto colocado fora de posição causando parada do equipamento",TRANSPORTADOR,Anomalia,GRUPO_3,ESTRELA,L04,ESTRELA,Falha de estrela,OPERACAO
241,O_HANDLING_ERROR_01,HANDLING_ERROR,VIBRATION,"DURANTE O CICLO, CILINDRO APRESENTOU VIBRAÇÃO ELEVADA EM RAZÃO DE MANUSEIO INADEQUADO, CONFIRMADO POR PRODUTO MANUSEADO DE FORMA INADEQUADA NO CICLO ATUAL",ROTULADORA,Ajuste,GRUPO_4,CILINDRO,L06,CILINDRO,Falha de cilindro,OPERACAO
242,M_SIGNAL_FAILURE_02,SIGNAL_FAILURE,NO_SIGNAL,"após inspeção, correia sem sinal após constatação de defeito no sinal, confirmado por conector com mau contato causando parada do equipamento",LAVADORA,Processo,GRUPO_1,CORREIA,L03,CORREIA,Falha de correia,MANUTENCAO
243,M_OVERHEATING_04,OVERHEATING,THERMAL_ALARM,"DURANTE O CICLO, TRANSPORTADOR APRESENTOU ALARME TÉRMICO PORQUE OCORREU FALHA TÉRMICA FÍSICA, CONFIRMADO POR ROLAMENTO AQUECENDO POR DANO NO CICLO ATUAL",ROTULADORA,Processo,GRUPO_3,TRANSPORTADOR,L02,TRANSPORTADOR,Falha de transportador,MANUTENCAO
244,O_HANDLING_ERROR_03,HANDLING_ERROR,VIBRATION,"após inspeção, bocal apres. vibração elevada devido a manuseio inadequado, confirmado por material apoiado fora da guia causando parada do equipamento",PALETIZADORA,Ajuste,GRUPO_4,BOCAL,L02,BOCAL,Falha de bocal,OPERACAO
245,M_COMPONENT_DEGRADATION_02,COMPONENT_DEGRADATION,LOW_PERFORMANCE,"parada porque sensor apresentou baixo desempenho porque ocorreu deterioração física, confirmado por fadiga do material e houve interrupção",ENVASADORA,Ajuste,GRUPO_1,SENSOR,L01,SENSOR,Falha de sensor,MANUTENCAO
246,M_PNEUMATIC_FAILURE_04,PNEUMATIC_FAILURE,SLOW_MOVEMENT,"bocal com movimento lento devido a falha pneumática, confirmado por êmbolo com desgaste",PALETIZADORA,Anomalia,GRUPO_4,BOCAL,L03,BOCAL,Falha de bocal,MANUTENCAO
247,O_PRODUCT_ACCUMULATION_04,PRODUCT_ACCUMULATION,BLOCKAGE,"foi identificado que dosador ficou bloqueado apos constatacao de excesso acumulado no processo, confirmado por processo acumulou material na entrada durante a producao",PALETIZADORA,Ajuste,GRUPO_5,DOSADOR,L02,DOSADOR,Falha de dosador,OPERACAO
248,O_WRONG_PARAMETER_02,WRONG_PARAMETER,INTERMITTENT_STOP,"após inspeção, dosador parou de forma intermitente devido a parâmetro incorreto, confirmado por limite configurado fora do padrão causando parada do equipamento",PALETIZADORA,Parada não programada,GRUPO_5,DOSADOR,L05,DOSADOR,Falha de dosador,OPERACAO
249,M_RUPTURE_01,RUPTURE,NO_ACTUATION,"DURANTE O CICLO, ESTRELA NÃO ATUOU PORQUE OCORREU RUPTURA DO ELEMENTO, CONFIRMADO POR MANGUEIRA ROMPIDA NO CICLO ATUAL",TRANSPORTADOR,Parada não programada,GRUPO_3,ESTRELA,L04,ESTRELA,Falha de estrela,MANUTENCAO
250,O_BAD_ADJUSTMENT_03,BAD_ADJUSTMENT,OUT_OF_POSITION,"acoplamento fora de posição devido a regulagem incorreta, confirmado por regulagem excessivamente aberta",EMPACOTADORA,Ajuste,GRUPO_2,ACOPLAMENTO,L06,ACOPLAMENTO,Falha de acoplamento,OPERACAO
251,M_HARDWARE_FAILURE_03,HARDWARE_FAILURE,COMMAND_FAILURE,"parada porque guia não respondeu ao comando porque ocorreu falha de hardware, confirmado por placa de comando avariada e houve interrupção",ROTULADORA,Anomalia,GRUPO_2,GUIA,L03,GUIA,Falha de guia,MANUTENCAO
252,O_WRONG_SPEED_SETTING_03,WRONG_SPEED_SETTING,WRONG_SPEED,"parada porque rolamento operando em velocidade incorreta devido a velocidade mal configurada, confirmado por cadência ajustada para valor errado e houve interrupção",EMPACOTADORA,Ajuste,GRUPO_3,ROLAMENTO,L04,ROLAMENTO,Falha de rolamento,OPERACAO
253,O_WRONG_REFERENCE_03,WRONG_REFERENCE,NO_SIGNAL,"inversor sem sinal devido a referência incorreta, confirmado por zero operacional definido fora da posição",PALETIZADORA,Ajuste,GRUPO_1,INVERSOR,L04,INVERSOR,Falha de inversor,OPERACAO
254,O_WRONG_PARAMETER_03,WRONG_PARAMETER,INTERMITTENT_STOP,"DURANTE O CICLO, BOMBA PAROU DE FORMA INTERMITENTE EM RAZÃO DE PARÂMETRO INCORRETO, CONFIRMADO POR TEMPORIZAÇÃO AJUSTADA ERRADA NO CICLO ATUAL",TRANSPORTADOR,Processo,GRUPO_5,BOMBA,L03,BOMBA,Falha de bomba,OPERACAO
255,O_WRONG_SEQUENCE_02,WRONG_SEQUENCE,COMMAND_FAILURE,"parada porque alimentador não respondeu ao comando devido a sequência incorreta, confirmado por etapas acionadas na ordem incorreta e houve interrupção",LAVADORA,Parada não programada,GRUPO_2,ALIMENTADOR,L02,ALIMENTADOR,Falha de alimentador,OPERACAO
256,O_WRONG_PARAMETER_02,WRONG_PARAMETER,INTERMITTENT_STOP,"após inspeção, dosador parou de forma intermitente após constatação de configuração de valor errada, confirmado por limite configurado fora do padrão causando parada do equipamento",PALETIZADORA,Processo,GRUPO_5,DOSADOR,L06,DOSADOR,Falha de dosador,OPERACAO
257,O_WRONG_PROCEDURE_01,WRONG_PROCEDURE,PRODUCT_LOSS,"dosador provocou perda de produto devido a procedimento incorreto, confirmado por procedimento de trabalho não foi seguido",PALETIZADORA,Processo,GRUPO_5,DOSADOR,L02,DOSADOR,Falha de dosador,OPERACAO
258,O_STARTUP_PROCEDURE_ERROR_02,STARTUP_PROCEDURE_ERROR,THERMAL_ALARM,"DURANTE O CICLO, ROLAMENTO APRESENTOU ALARME TÉRMICO EM RAZÃO DE PROCEDIMENTO DE PARTIDA INCORRETO, CONFIRMADO POR AQUECIMENTO INICIAL INTERROMPIDO CEDO NO CICLO ATUAL",EMPACOTADORA,Anomalia,GRUPO_3,ROLAMENTO,L05,ROLAMENTO,Falha de rolamento,OPERACAO
259,M_RUPTURE_02,RUPTURE,NO_ACTUATION,"após inspeção, transportador não atuou após constatação de ruptura do elemento, confirmado por cabo rompido causando parada do equipamento",ROTULADORA,Processo,GRUPO_3,TRANSPORTADOR,L06,TRANSPORTADOR,Falha de transportador,MANUTENCAO
260,O_WRONG_PARAMETER_02,WRONG_PARAMETER,INTERMITTENT_STOP,"parada porque dosador parou de forma intermitente porque ocorreu configuração de valor errada, confirmado por limite configurado fora do padrão e houve interrupção",PALETIZADORA,Ajuste,GRUPO_5,DOSADOR,L06,DOSADOR,Falha de dosador,OPERACAO
261,M_LEAKAGE_02,LEAKAGE,LOW_FLOW,"DURANTE O CICLO, REJEITOR COM FLUXO INSUFICIENTE EM RAZÃO DE VAZAMENTO POR DEFEITO, CONFIRMADO POR CONEXÃO PERDEU ESTANQUEIDADE NO CICLO ATUAL",TRANSPORTADOR,Anomalia,GRUPO_4,REJEITOR,L04,REJEITOR,Falha de rejeitor,MANUTENCAO
262,M_PNEUMATIC_FAILURE_03,PNEUMATIC_FAILURE,SLOW_MOVEMENT,"parada porque mangueira com movimento lento porque ocorreu defeito pneumático, confirmado por conjunto pneumático com defeito e houve interrupção",ENVASADORA,Anomalia,GRUPO_4,MANGUEIRA,L06,MANGUEIRA,Falha de mangueira,MANUTENCAO
263,O_WRONG_GUIDE_ADJUSTMENT_02,WRONG_GUIDE_ADJUSTMENT,LOW_PERFORMANCE,"após inspeção, sensor apres. baixo desempenho após constatação de guia mal ajustada, confirmado por abertura da guia ficou fora do formato causando parada do equipamento",ENVASADORA,Processo,GRUPO_1,SENSOR,L05,SENSOR,Falha de sensor,OPERACAO
264,M_LEAKAGE_04,LEAKAGE,LOW_FLOW,"mangueira com fluxo insuficiente devido a vazamento por defeito, confirmado por fuga pelo corpo trincado",ENVASADORA,Anomalia,GRUPO_4,MANGUEIRA,L04,MANGUEIRA,Falha de mangueira,MANUTENCAO
265,M_DRIVE_FAILURE_02,DRIVE_FAILURE,WRONG_SPEED,"após inspeção, motor operando em velocidade incorreta devido a defeito no acionamento, confirmado por transmissão danificada causando parada do equipamento",ENVASADORA,Parada não programada,GRUPO_3,MOTOR,L04,MOTOR,Falha de motor,MANUTENCAO
266,M_RUPTURE_03,RUPTURE,NO_ACTUATION,"parada porque motor não atuou devido a rompimento físico, confirmado por membrana rasgada e houve interrupção",ENVASADORA,Ajuste,GRUPO_3,MOTOR,L01,MOTOR,Falha de motor,MANUTENCAO
267,M_OVERHEATING_04,OVERHEATING,THERMAL_ALARM,"transportador apresentou alarme térmico porque ocorreu falha térmica física, confirmado por rolamento aquecendo por dano",ROTULADORA,Processo,GRUPO_3,TRANSPORTADOR,L06,TRANSPORTADOR,Falha de transportador,MANUTENCAO
268,O_WRONG_REFERENCE_04,WRONG_REFERENCE,NO_SIGNAL,"após inspeção, sensor sem sinal após constatação de ponto de referência errado, confirmado por referência de formato trocada causando parada do equipamento",ENVASADORA,Ajuste,GRUPO_1,SENSOR,L01,SENSOR,Falha de sensor,OPERACAO
269,O_WRONG_SEQUENCE_02,WRONG_SEQUENCE,COMMAND_FAILURE,"DURANTE O CICLO, ALIMENTADOR NÃO RESPONDEU AO COMANDO EM RAZÃO DE SEQUÊNCIA INCORRETA, CONFIRMADO POR ETAPAS ACIONADAS NA ORDEM INCORRETA NO CICLO ATUAL",LAVADORA,Anomalia,GRUPO_2,ALIMENTADOR,L04,ALIMENTADOR,Falha de alimentador,OPERACAO
270,M_RUPTURE_01,RUPTURE,NO_ACTUATION,"parada porque estrela não atuou devido a rompimento físico, confirmado por mangueira rompida e houve interrupção",TRANSPORTADOR,Processo,GRUPO_3,ESTRELA,L01,ESTRELA,Falha de estrela,MANUTENCAO
271,O_STARTUP_PROCEDURE_ERROR_04,STARTUP_PROCEDURE_ERROR,THERMAL_ALARM,"parada porque transportador apresentou alarme térmico devido a procedimento de partida incorreto, confirmado por liberação de partida feita antes da condição e houve interrupção",ROTULADORA,Anomalia,GRUPO_3,TRANSPORTADOR,L03,TRANSPORTADOR,Falha de transportador,OPERACAO
272,M_HARDWARE_FAILURE_04,HARDWARE_FAILURE,COMMAND_FAILURE,"parada porque servo não respondeu ao comando devido a defeito eletrônico, confirmado por fonte eletrônica danificada e houve interrupção",ENVASADORA,Anomalia,GRUPO_2,SERVO,L04,SERVO,Falha de servo,MANUTENCAO
273,M_STRUCTURAL_DAMAGE_02,STRUCTURAL_DAMAGE,VIBRATION,"parada porque mangueira apresentou vibração elevada devido a dano estrutural, confirmado por estrutura deformada e houve interrupção",ENVASADORA,Parada não programada,GRUPO_4,MANGUEIRA,L06,MANGUEIRA,Falha de mangueira,MANUTENCAO
274,M_STRUCTURAL_DAMAGE_03,STRUCTURAL_DAMAGE,VIBRATION,"parada porque bocal apresentou vibração elevada devido a dano estrutural, confirmado por solda rompida e houve interrupção",PALETIZADORA,Ajuste,GRUPO_4,BOCAL,L06,BOCAL,Falha de bocal,MANUTENCAO
275,M_STRUCTURAL_DAMAGE_03,STRUCTURAL_DAMAGE,VIBRATION,"bocal apresentou vibração elevada porque ocorreu estrutura avariada, confirmado por solda rompida",PALETIZADORA,Anomalia,GRUPO_4,BOCAL,L01,BOCAL,Falha de bocal,MANUTENCAO
276,O_PRODUCT_ACCUMULATION_04,PRODUCT_ACCUMULATION,BLOCKAGE,"dosador ficou bloqueado porque ocorreu excesso acumulado no processo, confirmado por processo acumulou material na entrada",PALETIZADORA,Processo,GRUPO_5,DOSADOR,L06,DOSADOR,Falha de dosador,OPERACAO
277,M_LEAKAGE_01,LEAKAGE,LOW_FLOW,"DURANTE O CICLO, BOCAL COM FLUXO INSUFICIENTE PORQUE OCORREU PERDA DE ESTANQUEIDADE, CONFIRMADO POR VEDAÇÃO DANIFICADA COM VAZAMENTO NO CICLO ATUAL",PALETIZADORA,Parada não programada,GRUPO_4,BOCAL,L05,BOCAL,Falha de bocal,MANUTENCAO
278,M_OVERHEATING_02,OVERHEATING,THERMAL_ALARM,"rolamento apresentou alarme térmico porque ocorreu falha térmica física, confirmado por dissipador obstruído por falha física",EMPACOTADORA,Ajuste,GRUPO_3,ROLAMENTO,L06,ROLAMENTO,Falha de rolamento,MANUTENCAO
279,O_FORMAT_CHANGE_ERROR_02,FORMAT_CHANGE_ERROR,POSITION_DRIFT,"foi identificado que inversor perdeu a posicao apos constatacao de erro na conversao de formato, confirmado por peca de formato montada na referencia errada durante a producao",PALETIZADORA,Processo,GRUPO_1,INVERSOR,L04,INVERSOR,Falha de inversor,OPERACAO
280,O_WRONG_SPEED_SETTING_01,WRONG_SPEED_SETTING,WRONG_SPEED,"parada porque transportador operando em velocidade incorreta porque ocorreu ajuste de velocidade incorreto, confirmado por velocidade configurada incorretamente e houve interrupção",ROTULADORA,Parada não programada,GRUPO_3,TRANSPORTADOR,L03,TRANSPORTADOR,Falha de transportador,OPERACAO
281,O_HANDLING_ERROR_02,HANDLING_ERROR,VIBRATION,"após inspeção, mangueira apres. vibração elevada devido a manuseio inadequado, confirmado por carga distribuída incorreto causando parada do equipamento",ENVASADORA,Parada não programada,GRUPO_4,MANGUEIRA,L02,MANGUEIRA,Falha de mangueira,OPERACAO
282,M_BEARING_FAILURE_02,BEARING_FAILURE,OVERLOAD,"DURANTE O CICLO, ACOPLAMENTO EM SOBRECARGA PORQUE OCORREU FALHA NO MANCAL, CONFIRMADO POR ROLAMENTO COM PISTA DANIFICADA NO CICLO ATUAL",EMPACOTADORA,Ajuste,GRUPO_2,ACOPLAMENTO,L02,ACOPLAMENTO,Falha de acoplamento,MANUTENCAO
283,M_BEARING_FAILURE_03,BEARING_FAILURE,OVERLOAD,"parada porque alimentador em sobrecarga porque ocorreu falha no mancal, confirmado por mancal deteriorado e houve interrupção",LAVADORA,Anomalia,GRUPO_2,ALIMENTADOR,L04,ALIMENTADOR,Falha de alimentador,MANUTENCAO
284,O_WRONG_SEQUENCE_03,WRONG_SEQUENCE,COMMAND_FAILURE,"foi identificado que guia nao respondeu ao comando em razao de sequencia incorreta, confirmado por ciclo iniciado antes da liberacao durante a producao",ROTULADORA,Processo,GRUPO_2,GUIA,L06,GUIA,Falha de guia,OPERACAO
285,O_WRONG_PROCEDURE_02,WRONG_PROCEDURE,PRODUCT_LOSS,"parada porque bomba provocou perda de produto devido a procedimento incorreto, confirmado por etapa manual executada incorretamente e houve interrupção",TRANSPORTADOR,Parada não programada,GRUPO_5,BOMBA,L06,BOMBA,Falha de bomba,OPERACAO
286,M_BLOCKAGE_BY_FAILURE_03,BLOCKAGE_BY_FAILURE,BLOCKAGE,"DURANTE O CICLO, VALVULA FICOU BLOQUEADO EM RAZÃO DE OBSTRUÇÃO POR PEÇA DANIFICADA, CONFIRMADO POR FRAGMENTO MECÂNICO TRAVANDO O CONJUNTO NO CICLO ATUAL",LAVADORA,Processo,GRUPO_5,VALVULA,L03,VALVULA,Falha de valvula,MANUTENCAO
287,M_DRIVE_FAILURE_01,DRIVE_FAILURE,WRONG_SPEED,"foi identificado que transportador operando em velocidade incorreta em razao de defeito no acionamento, confirmado por acionamento com defeito interno durante a producao",ROTULADORA,Ajuste,GRUPO_3,TRANSPORTADOR,L04,TRANSPORTADOR,Falha de transportador,MANUTENCAO
288,O_HANDLING_ERROR_01,HANDLING_ERROR,VIBRATION,"DURANTE O CICLO, CILINDRO APRESENTOU VIBRAÇÃO ELEVADA PORQUE OCORREU INTERVENÇÃO MANUAL INCORRETA, CONFIRMADO POR PRODUTO MANUSEADO DE FORMA INADEQUADA NO CICLO ATUAL",ROTULADORA,Parada não programada,GRUPO_4,CILINDRO,L01,CILINDRO,Falha de cilindro,OPERACAO
289,O_HANDLING_ERROR_03,HANDLING_ERROR,VIBRATION,"foi identificado que bocal apresentou vibracao elevada em razao de manuseio inadequado, confirmado por material apoiado fora da guia durante a producao",PALETIZADORA,Processo,GRUPO_4,BOCAL,L02,BOCAL,Falha de bocal,OPERACAO
290,O_BAD_ADJUSTMENT_01,BAD_ADJUSTMENT,OUT_OF_POSITION,"DURANTE O CICLO, GUIA FORA DE POSIÇÃO PORQUE OCORREU AJUSTE INCORRETO, CONFIRMADO POR REGULAGEM FEITA NA POSIÇÃO ERRADA NO CICLO ATUAL",ROTULADORA,Parada não programada,GRUPO_2,GUIA,L01,GUIA,Falha de guia,OPERACAO
291,M_RUPTURE_03,RUPTURE,NO_ACTUATION,"foi identificado que motor nao atuou apos constatacao de ruptura do elemento, confirmado por membrana rasgada durante a producao",ENVASADORA,Parada não programada,GRUPO_3,MOTOR,L04,MOTOR,Falha de motor,MANUTENCAO
292,M_MECHANICAL_BREAKAGE_01,MECHANICAL_BREAKAGE,OUT_OF_POSITION,"DURANTE O CICLO, GUIA FORA DE POSIÇÃO PORQUE OCORREU FRATURA DA PEÇA, CONFIRMADO POR QUEBRA DO SUPORTE NO CICLO ATUAL",ROTULADORA,Parada não programada,GRUPO_2,GUIA,L03,GUIA,Falha de guia,MANUTENCAO
293,O_HANDLING_ERROR_03,HANDLING_ERROR,VIBRATION,"parada porque bocal apresentou vibração elevada porque ocorreu intervenção manual incorreta, confirmado por material apoiado fora da guia e houve interrupção",PALETIZADORA,Anomalia,GRUPO_4,BOCAL,L03,BOCAL,Falha de bocal,OPERACAO
294,M_PNEUMATIC_FAILURE_04,PNEUMATIC_FAILURE,SLOW_MOVEMENT,"foi identificado que bocal com movimento lento apos constatacao de defeito pneumatico, confirmado por embolo com desgaste durante a producao",PALETIZADORA,Ajuste,GRUPO_4,BOCAL,L04,BOCAL,Falha de bocal,MANUTENCAO
295,M_SIGNAL_FAILURE_03,SIGNAL_FAILURE,NO_SIGNAL,"foi identificado que inversor sem sinal apos constatacao de defeito no sinal, confirmado por placa eletronica defeituosa durante a producao",PALETIZADORA,Parada não programada,GRUPO_1,INVERSOR,L01,INVERSOR,Falha de inversor,MANUTENCAO
296,O_WRONG_RECIPE_01,WRONG_RECIPE,LOW_FLOW,"foi identificado que bocal com fluxo insuficiente em razao de receita incorreta, confirmado por receita de outro produto selecionada durante a producao",PALETIZADORA,Ajuste,GRUPO_4,BOCAL,L04,BOCAL,Falha de bocal,OPERACAO
297,M_PNEUMATIC_FAILURE_04,PNEUMATIC_FAILURE,SLOW_MOVEMENT,"parada porque bocal com movimento lento devido a falha pneumática, confirmado por êmbolo com desgaste e houve interrupção",PALETIZADORA,Anomalia,GRUPO_4,BOCAL,L01,BOCAL,Falha de bocal,MANUTENCAO
298,O_PRODUCT_ACCUMULATION_04,PRODUCT_ACCUMULATION,BLOCKAGE,"após inspeção, dosador ficou bloqueado após constatação de excesso acumulado no processo, confirmado por processo acumulou material na entrada causando parada do equipamento",PALETIZADORA,Ajuste,GRUPO_5,DOSADOR,L04,DOSADOR,Falha de dosador,OPERACAO
299,M_BEARING_FAILURE_04,BEARING_FAILURE,OVERLOAD,"guia em sobrecarga porque ocorreu falha no mancal, confirmado por rolamento sem condição de giro",ROTULADORA,Processo,GRUPO_2,GUIA,L06,GUIA,Falha de guia,MANUTENCAO
300,O_INADEQUATE_FLOW_02,INADEQUATE_FLOW,SLOW_MOVEMENT,"foi identificado que cilindro com movimento lento em razao de fluxo de processo inadequado, confirmado por vazao operacional inadequada durante a producao",ROTULADORA,Anomalia,GRUPO_4,CILINDRO,L03,CILINDRO,Falha de cilindro,OPERACAO
301,M_BEARING_FAILURE_03,BEARING_FAILURE,OVERLOAD,"alimentador em sobrecarga devido a rolamento danificado, confirmado por mancal deteriorado",LAVADORA,Ajuste,GRUPO_2,ALIMENTADOR,L01,ALIMENTADOR,Falha de alimentador,MANUTENCAO
302,M_STRUCTURAL_DAMAGE_01,STRUCTURAL_DAMAGE,VIBRATION,"parada porque cilindro apresentou vibração elevada devido a dano estrutural, confirmado por base trincada e houve interrupção",ROTULADORA,Processo,GRUPO_4,CILINDRO,L06,CILINDRO,Falha de cilindro,MANUTENCAO
303,M_MECHANICAL_WEAR_04,MECHANICAL_WEAR,MISALIGNMENT,"DURANTE O CICLO, INVERSOR DESALINHADO PORQUE OCORREU DEGRADAÇÃO POR USO, CONFIRMADO POR DEGRADAÇÃO MECÂNICA NO CICLO ATUAL",PALETIZADORA,Processo,GRUPO_1,INVERSOR,L02,INVERSOR,Falha de inversor,MANUTENCAO
304,M_COMPONENT_DEGRADATION_04,COMPONENT_DEGRADATION,LOW_PERFORMANCE,"parada porque correia apresentou baixo desempenho porque ocorreu deterioração física, confirmado por deterioração física acumulada e houve interrupção",LAVADORA,Processo,GRUPO_1,CORREIA,L01,CORREIA,Falha de correia,MANUTENCAO
305,O_WRONG_GUIDE_ADJUSTMENT_02,WRONG_GUIDE_ADJUSTMENT,LOW_PERFORMANCE,"foi identificado que sensor apresentou baixo desempenho apos constatacao de guia mal ajustada, confirmado por abertura da guia ficou fora do formato durante a producao",ENVASADORA,Processo,GRUPO_1,SENSOR,L03,SENSOR,Falha de sensor,OPERACAO
306,O_BAD_SETUP_02,BAD_SETUP,MISALIGNMENT,"garra desalinhado devido a setup incorreto, confirmado por ajuste inicial incorreto",EMPACOTADORA,Parada não programada,GRUPO_1,GARRA,L05,GARRA,Falha de garra,OPERACAO
307,O_WRONG_SEQUENCE_03,WRONG_SEQUENCE,COMMAND_FAILURE,"parada porque guia não respondeu ao comando porque ocorreu ordem de comandos errada, confirmado por ciclo iniciado antes da liberação e houve interrupção",ROTULADORA,Anomalia,GRUPO_2,GUIA,L01,GUIA,Falha de guia,OPERACAO
308,M_DRIVE_FAILURE_01,DRIVE_FAILURE,WRONG_SPEED,"parada porque transportador operando em velocidade incorreta devido a defeito no acionamento, confirmado por acionamento com defeito interno e houve interrupção",ROTULADORA,Processo,GRUPO_3,TRANSPORTADOR,L06,TRANSPORTADOR,Falha de transportador,MANUTENCAO
309,M_DRIVE_FAILURE_03,DRIVE_FAILURE,WRONG_SPEED,"DURANTE O CICLO, ROLAMENTO OPERANDO EM VELOCIDADE INCORRETA EM RAZÃO DE DEFEITO NO ACIONAMENTO, CONFIRMADO POR ACOPLAMENTO SEM TRAÇÃO NO CICLO ATUAL",EMPACOTADORA,Processo,GRUPO_3,ROLAMENTO,L02,ROLAMENTO,Falha de rolamento,MANUTENCAO
310,O_WRONG_PROCEDURE_02,WRONG_PROCEDURE,PRODUCT_LOSS,"após inspeção, bomba provocou perda de produto após constatação de rotina produtiva inadequada, confirmado por etapa manual executada incorreto causando parada do equipamento",TRANSPORTADOR,Processo,GRUPO_5,BOMBA,L05,BOMBA,Falha de bomba,OPERACAO
311,O_WRONG_PARAMETER_02,WRONG_PARAMETER,INTERMITTENT_STOP,"DURANTE O CICLO, DOSADOR PAROU DE FORMA INTERMITENTE EM RAZÃO DE PARÂMETRO INCORRETO, CONFIRMADO POR LIMITE CONFIGURADO FORA DO PADRÃO NO CICLO ATUAL",PALETIZADORA,Anomalia,GRUPO_5,DOSADOR,L03,DOSADOR,Falha de dosador,OPERACAO
312,O_INADEQUATE_FLOW_04,INADEQUATE_FLOW,SLOW_MOVEMENT,"após inspeção, bocal com movimento lento após constatação de vazão mal ajustada, confirmado por restrição criada pelo ajuste do processo causando parada do equipamento",PALETIZADORA,Ajuste,GRUPO_4,BOCAL,L04,BOCAL,Falha de bocal,OPERACAO
313,O_FORMAT_CHANGE_ERROR_04,FORMAT_CHANGE_ERROR,POSITION_DRIFT,"DURANTE O CICLO, GARRA PERDEU A POSIÇÃO EM RAZÃO DE TROCA DE FORMATO MAL REALIZADA, CONFIRMADO POR AJUSTE PÓS TROCA DE FORMATO NÃO REALIZADO NO CICLO ATUAL",EMPACOTADORA,Parada não programada,GRUPO_1,GARRA,L03,GARRA,Falha de garra,OPERACAO
314,M_RUPTURE_01,RUPTURE,NO_ACTUATION,"foi identificado que estrela nao atuou apos constatacao de ruptura do elemento, confirmado por mangueira rompida durante a producao",TRANSPORTADOR,Anomalia,GRUPO_3,ESTRELA,L04,ESTRELA,Falha de estrela,MANUTENCAO
315,M_SEAL_FAILURE_04,SEAL_FAILURE,PRODUCT_LOSS,"DURANTE O CICLO, VALVULA PROVOCOU PERDA DE PRODUTO EM RAZÃO DE VEDAÇÃO DANIFICADA, CONFIRMADO POR SELO MECÂNICO GASTO NO CICLO ATUAL",LAVADORA,Parada não programada,GRUPO_5,VALVULA,L04,VALVULA,Falha de valvula,MANUTENCAO
316,M_RUPTURE_04,RUPTURE,NO_ACTUATION,"rolamento não atuou porque ocorreu ruptura do elemento, confirmado por conexão partida",EMPACOTADORA,Processo,GRUPO_3,ROLAMENTO,L02,ROLAMENTO,Falha de rolamento,MANUTENCAO
317,M_BEARING_FAILURE_03,BEARING_FAILURE,OVERLOAD,"DURANTE O CICLO, ALIMENTADOR EM SOBRECARGA EM RAZÃO DE ROLAMENTO DANIFICADO, CONFIRMADO POR MANCAL DETERIORADO NO CICLO ATUAL",LAVADORA,Processo,GRUPO_2,ALIMENTADOR,L01,ALIMENTADOR,Falha de alimentador,MANUTENCAO
318,M_ELECTRICAL_FAILURE_03,ELECTRICAL_FAILURE,INTERMITTENT_STOP,"após inspeção, bomba parou de forma intermitente após constatação de defeito no circuito, confirmado por isolação elétrica danificada causando parada do equipamento",TRANSPORTADOR,Parada não programada,GRUPO_5,BOMBA,L02,BOMBA,Falha de bomba,MANUTENCAO
319,O_INADEQUATE_FLOW_03,INADEQUATE_FLOW,SLOW_MOVEMENT,"parada porque mangueira com movimento lento devido a fluxo de processo inadequado, confirmado por alimentação de produto irregular e houve interrupção",ENVASADORA,Ajuste,GRUPO_4,MANGUEIRA,L05,MANGUEIRA,Falha de mangueira,OPERACAO
320,M_DRIVE_FAILURE_03,DRIVE_FAILURE,WRONG_SPEED,"rolamento operando em velocidade incorreta devido a defeito no acionamento, confirmado por acoplamento sem tração",EMPACOTADORA,Ajuste,GRUPO_3,ROLAMENTO,L02,ROLAMENTO,Falha de rolamento,MANUTENCAO
321,M_MECHANICAL_BREAKAGE_03,MECHANICAL_BREAKAGE,OUT_OF_POSITION,"parada porque acoplamento fora de posição devido a quebra mecânica, confirmado por fratura da peça e houve interrupção",EMPACOTADORA,Ajuste,GRUPO_2,ACOPLAMENTO,L06,ACOPLAMENTO,Falha de acoplamento,MANUTENCAO
322,O_BAD_SETUP_04,BAD_SETUP,MISALIGNMENT,"inversor desalinhado porque ocorreu preparação inadequada, confirmado por setup carregado para outro formato",PALETIZADORA,Processo,GRUPO_1,INVERSOR,L04,INVERSOR,Falha de inversor,OPERACAO
323,M_BEARING_FAILURE_02,BEARING_FAILURE,OVERLOAD,"após inspeção, acoplamento em sobrecarga devido a rolamento danificado, confirmado por rolamento com pista danificada causando parada do equipamento",EMPACOTADORA,Parada não programada,GRUPO_2,ACOPLAMENTO,L03,ACOPLAMENTO,Falha de acoplamento,MANUTENCAO
324,M_SEAL_FAILURE_04,SEAL_FAILURE,PRODUCT_LOSS,"foi identificado que valvula provocou perda de produto apos constatacao de falha de vedacao, confirmado por selo mecanico gasto durante a producao",LAVADORA,Ajuste,GRUPO_5,VALVULA,L05,VALVULA,Falha de valvula,MANUTENCAO
325,O_INADEQUATE_FLOW_01,INADEQUATE_FLOW,SLOW_MOVEMENT,"rejeitor com movimento lento devido a fluxo de processo inadequado, confirmado por fluxo de processo ajustado abaixo do necessário",TRANSPORTADOR,Processo,GRUPO_4,REJEITOR,L01,REJEITOR,Falha de rejeitor,OPERACAO
326,O_POSITIONING_ERROR_01,POSITIONING_ERROR,NO_ACTUATION,"estrela não atuou devido a posicionamento incorreto, confirmado por produto colocado fora de posição",TRANSPORTADOR,Processo,GRUPO_3,ESTRELA,L01,ESTRELA,Falha de estrela,OPERACAO
327,M_SIGNAL_FAILURE_02,SIGNAL_FAILURE,NO_SIGNAL,"parada porque correia sem sinal porque ocorreu defeito no sinal, confirmado por conector com mau contato e houve interrupção",LAVADORA,Ajuste,GRUPO_1,CORREIA,L03,CORREIA,Falha de correia,MANUTENCAO
328,M_BLOCKAGE_BY_FAILURE_03,BLOCKAGE_BY_FAILURE,BLOCKAGE,"após inspeção, valvula ficou bloqueado devido a obstrução por peça danificada, confirmado por fragmento mecânico travando o conjunto causando parada do equipamento",LAVADORA,Ajuste,GRUPO_5,VALVULA,L05,VALVULA,Falha de valvula,MANUTENCAO
329,O_WRONG_SPEED_SETTING_04,WRONG_SPEED_SETTING,WRONG_SPEED,"após inspeção, estrela operando em velocidade incorreta após constatação de ajuste de velocidade incorreto, confirmado por sincronismo de velocidade mal configurado causando parada do equipamento",TRANSPORTADOR,Ajuste,GRUPO_3,ESTRELA,L03,ESTRELA,Falha de estrela,OPERACAO
330,O_WRONG_SPEED_SETTING_03,WRONG_SPEED_SETTING,WRONG_SPEED,"foi identificado que rolamento operando em velocidade incorreta apos constatacao de ajuste de velocidade incorreto, confirmado por cadencia ajustada para valor errado durante a producao",EMPACOTADORA,Parada não programada,GRUPO_3,ROLAMENTO,L01,ROLAMENTO,Falha de rolamento,OPERACAO
331,M_ELECTRICAL_FAILURE_04,ELECTRICAL_FAILURE,INTERMITTENT_STOP,"parada porque vedacao parou de forma intermitente porque ocorreu defeito no circuito, confirmado por terminal elétrico carbonizado e houve interrupção",ROTULADORA,Processo,GRUPO_5,VEDACAO,L02,VEDACAO,Falha de vedacao,MANUTENCAO
332,M_HARDWARE_FAILURE_03,HARDWARE_FAILURE,COMMAND_FAILURE,"DURANTE O CICLO, GUIA NÃO RESPONDEU AO COMANDO PORQUE OCORREU FALHA DE HARDWARE, CONFIRMADO POR PLACA DE COMANDO AVARIADA NO CICLO ATUAL",ROTULADORA,Anomalia,GRUPO_2,GUIA,L01,GUIA,Falha de guia,MANUTENCAO
333,O_FORMAT_CHANGE_ERROR_04,FORMAT_CHANGE_ERROR,POSITION_DRIFT,"DURANTE O CICLO, GARRA PERDEU A POSIÇÃO PORQUE OCORREU ERRO NA CONVERSÃO DE FORMATO, CONFIRMADO POR AJUSTE PÓS TROCA DE FORMATO NÃO REALIZADO NO CICLO ATUAL",EMPACOTADORA,Processo,GRUPO_1,GARRA,L04,GARRA,Falha de garra,OPERACAO
334,M_MECHANICAL_CLEARANCE_04,MECHANICAL_CLEARANCE,POSITION_DRIFT,"parada porque garra perdeu a posição porque ocorreu jogo mecânico excessivo, confirmado por encaixe gasto e houve interrupção",EMPACOTADORA,Processo,GRUPO_1,GARRA,L02,GARRA,Falha de garra,MANUTENCAO
335,O_WRONG_RECIPE_03,WRONG_RECIPE,LOW_FLOW,"foi identificado que cilindro com fluxo insuficiente apos constatacao de programa de produto errado, confirmado por programa de formato errado durante a producao",ROTULADORA,Parada não programada,GRUPO_4,CILINDRO,L03,CILINDRO,Falha de cilindro,OPERACAO
336,O_PRODUCT_ACCUMULATION_04,PRODUCT_ACCUMULATION,BLOCKAGE,"após inspeção, dosador ficou bloqueado devido a acúmulo de produto, confirmado por processo acumulou material na entrada causando parada do equipamento",PALETIZADORA,Anomalia,GRUPO_5,DOSADOR,L03,DOSADOR,Falha de dosador,OPERACAO
337,M_PNEUMATIC_FAILURE_03,PNEUMATIC_FAILURE,SLOW_MOVEMENT,"mangueira com movimento lento porque ocorreu defeito pneumático, confirmado por conjunto pneumático com defeito",ENVASADORA,Anomalia,GRUPO_4,MANGUEIRA,L02,MANGUEIRA,Falha de mangueira,MANUTENCAO
338,M_BLOCKAGE_BY_FAILURE_02,BLOCKAGE_BY_FAILURE,BLOCKAGE,"parada porque vedacao ficou bloqueado porque ocorreu bloqueio causado por avaria, confirmado por componente deformado causando obstrução e houve interrupção",ROTULADORA,Ajuste,GRUPO_5,VEDACAO,L06,VEDACAO,Falha de vedacao,MANUTENCAO
339,O_BAD_SETUP_01,BAD_SETUP,MISALIGNMENT,"parada porque sensor desalinhado devido a setup incorreto, confirmado por setup executado fora do padrão e houve interrupção",ENVASADORA,Processo,GRUPO_1,SENSOR,L03,SENSOR,Falha de sensor,OPERACAO
340,O_WRONG_REFERENCE_03,WRONG_REFERENCE,NO_SIGNAL,"DURANTE O CICLO, INVERSOR SEM SINAL PORQUE OCORREU PONTO DE REFERÊNCIA ERRADO, CONFIRMADO POR ZERO OPERACIONAL DEFINIDO FORA DA POSIÇÃO NO CICLO ATUAL",PALETIZADORA,Anomalia,GRUPO_1,INVERSOR,L05,INVERSOR,Falha de inversor,OPERACAO
341,M_SEAL_FAILURE_03,SEAL_FAILURE,PRODUCT_LOSS,"DURANTE O CICLO, VEDACAO PROVOCOU PERDA DE PRODUTO EM RAZÃO DE VEDAÇÃO DANIFICADA, CONFIRMADO POR ANEL DE VEDAÇÃO ROMPIDO NO CICLO ATUAL",ROTULADORA,Processo,GRUPO_5,VEDACAO,L04,VEDACAO,Falha de vedacao,MANUTENCAO
342,M_ELECTRICAL_FAILURE_04,ELECTRICAL_FAILURE,INTERMITTENT_STOP,"após inspeção, vedacao parou de forma intermitente após constatação de defeito no circuito, confirmado por terminal elétrico carbonizado causando parada do equipamento",ROTULADORA,Ajuste,GRUPO_5,VEDACAO,L02,VEDACAO,Falha de vedacao,MANUTENCAO
343,M_DRIVE_FAILURE_01,DRIVE_FAILURE,WRONG_SPEED,"foi identificado que transportador operando em velocidade incorreta apos constatacao de falha da transmissao, confirmado por acionamento com defeito interno durante a producao",ROTULADORA,Anomalia,GRUPO_3,TRANSPORTADOR,L03,TRANSPORTADOR,Falha de transportador,MANUTENCAO
344,O_WRONG_SEQUENCE_03,WRONG_SEQUENCE,COMMAND_FAILURE,"foi identificado que guia nao respondeu ao comando apos constatacao de ordem de comandos errada, confirmado por ciclo iniciado antes da liberacao durante a producao",ROTULADORA,Parada não programada,GRUPO_2,GUIA,L05,GUIA,Falha de guia,OPERACAO
345,O_STARTUP_PROCEDURE_ERROR_02,STARTUP_PROCEDURE_ERROR,THERMAL_ALARM,"após inspeção, rolamento apres. alarme térmico devido a procedimento de partida incorreto, confirmado por aquecimento inicial interrompido cedo causando parada do equipamento",EMPACOTADORA,Parada não programada,GRUPO_3,ROLAMENTO,L01,ROLAMENTO,Falha de rolamento,OPERACAO
346,O_WRONG_PARAMETER_04,WRONG_PARAMETER,INTERMITTENT_STOP,"DURANTE O CICLO, VEDACAO PAROU DE FORMA INTERMITENTE PORQUE OCORREU CONFIGURAÇÃO DE VALOR ERRADA, CONFIRMADO POR VALOR OPERACIONAL ALTERADO INDEVIDAMENTE NO CICLO ATUAL",ROTULADORA,Processo,GRUPO_5,VEDACAO,L04,VEDACAO,Falha de vedacao,OPERACAO
347,O_WRONG_SEQUENCE_02,WRONG_SEQUENCE,COMMAND_FAILURE,"DURANTE O CICLO, ALIMENTADOR NÃO RESPONDEU AO COMANDO PORQUE OCORREU ORDEM DE COMANDOS ERRADA, CONFIRMADO POR ETAPAS ACIONADAS NA ORDEM INCORRETA NO CICLO ATUAL",LAVADORA,Ajuste,GRUPO_2,ALIMENTADOR,L05,ALIMENTADOR,Falha de alimentador,OPERACAO
348,O_BAD_SETUP_01,BAD_SETUP,MISALIGNMENT,"sensor desalinhado porque ocorreu preparação inadequada, confirmado por setup executado fora do padrão",ENVASADORA,Parada não programada,GRUPO_1,SENSOR,L04,SENSOR,Falha de sensor,OPERACAO
349,M_SEAL_FAILURE_04,SEAL_FAILURE,PRODUCT_LOSS,"após inspeção, valvula provocou perda de produto devido a vedação danificada, confirmado por selo mecânico gasto causando parada do equipamento",LAVADORA,Anomalia,GRUPO_5,VALVULA,L06,VALVULA,Falha de valvula,MANUTENCAO
350,M_OVERHEATING_02,OVERHEATING,THERMAL_ALARM,"foi identificado que rolamento apresentou alarme termico apos constatacao de falha termica fisica, confirmado por dissipador obstruido por falha fisica durante a producao",EMPACOTADORA,Processo,GRUPO_3,ROLAMENTO,L02,ROLAMENTO,Falha de rolamento,MANUTENCAO
351,M_MECHANICAL_CLEARANCE_01,MECHANICAL_CLEARANCE,POSITION_DRIFT,"correia perdeu a posição devido a folga mecânica, confirmado por folga no eixo",LAVADORA,Processo,GRUPO_1,CORREIA,L05,CORREIA,Falha de correia,MANUTENCAO
352,O_STARTUP_PROCEDURE_ERROR_04,STARTUP_PROCEDURE_ERROR,THERMAL_ALARM,"após inspeção, transportador apres. alarme térmico devido a procedimento de partida incorreto, confirmado por liberação de partida feita antes da condição causando parada do equipamento",ROTULADORA,Anomalia,GRUPO_3,TRANSPORTADOR,L01,TRANSPORTADOR,Falha de transportador,OPERACAO
353,M_MECHANICAL_CLEARANCE_04,MECHANICAL_CLEARANCE,POSITION_DRIFT,"parada porque garra perdeu a posição devido a folga mecânica, confirmado por encaixe gasto e houve interrupção",EMPACOTADORA,Anomalia,GRUPO_1,GARRA,L03,GARRA,Falha de garra,MANUTENCAO
354,O_BAD_SETUP_03,BAD_SETUP,MISALIGNMENT,"correia desalinhado devido a setup incorreto, confirmado por preparação da máquina incompleta",LAVADORA,Ajuste,GRUPO_1,CORREIA,L05,CORREIA,Falha de correia,OPERACAO
355,M_SEAL_FAILURE_04,SEAL_FAILURE,PRODUCT_LOSS,"DURANTE O CICLO, VALVULA PROVOCOU PERDA DE PRODUTO PORQUE OCORREU FALHA DE VEDAÇÃO, CONFIRMADO POR SELO MECÂNICO GASTO NO CICLO ATUAL",LAVADORA,Processo,GRUPO_5,VALVULA,L05,VALVULA,Falha de valvula,MANUTENCAO
356,O_WRONG_PARAMETER_02,WRONG_PARAMETER,INTERMITTENT_STOP,"DURANTE O CICLO, DOSADOR PAROU DE FORMA INTERMITENTE PORQUE OCORREU CONFIGURAÇÃO DE VALOR ERRADA, CONFIRMADO POR LIMITE CONFIGURADO FORA DO PADRÃO NO CICLO ATUAL",PALETIZADORA,Ajuste,GRUPO_5,DOSADOR,L04,DOSADOR,Falha de dosador,OPERACAO
357,O_BAD_SETUP_03,BAD_SETUP,MISALIGNMENT,"parada porque correia desalinhado porque ocorreu preparação inadequada, confirmado por preparação da máquina incompleta e houve interrupção",LAVADORA,Anomalia,GRUPO_1,CORREIA,L02,CORREIA,Falha de correia,OPERACAO
358,O_WRONG_GUIDE_ADJUSTMENT_01,WRONG_GUIDE_ADJUSTMENT,LOW_PERFORMANCE,"parada porque inversor apresentou baixo desempenho devido a regulagem incorreta da guia, confirmado por guia ajustada para largura incorreta e houve interrupção",PALETIZADORA,Processo,GRUPO_1,INVERSOR,L06,INVERSOR,Falha de inversor,OPERACAO
359,M_DRIVE_FAILURE_02,DRIVE_FAILURE,WRONG_SPEED,"motor operando em velocidade incorreta porque ocorreu falha da transmissão, confirmado por transmissão danificada",ENVASADORA,Ajuste,GRUPO_3,MOTOR,L01,MOTOR,Falha de motor,MANUTENCAO
360,M_BEARING_FAILURE_04,BEARING_FAILURE,OVERLOAD,"DURANTE O CICLO, GUIA EM SOBRECARGA PORQUE OCORREU FALHA NO MANCAL, CONFIRMADO POR ROLAMENTO SEM CONDIÇÃO DE GIRO NO CICLO ATUAL",ROTULADORA,Processo,GRUPO_2,GUIA,L02,GUIA,Falha de guia,MANUTENCAO
361,M_BEARING_FAILURE_03,BEARING_FAILURE,OVERLOAD,"parada porque alimentador em sobrecarga devido a rolamento danificado, confirmado por mancal deteriorado e houve interrupção",LAVADORA,Ajuste,GRUPO_2,ALIMENTADOR,L05,ALIMENTADOR,Falha de alimentador,MANUTENCAO
362,O_POSITIONING_ERROR_03,POSITIONING_ERROR,NO_ACTUATION,"DURANTE O CICLO, MOTOR NÃO ATUOU EM RAZÃO DE POSICIONAMENTO INCORRETO, CONFIRMADO POR MATERIAL ENTROU DESALINHADO NO CICLO ATUAL",ENVASADORA,Processo,GRUPO_3,MOTOR,L01,MOTOR,Falha de motor,OPERACAO
363,M_MECHANICAL_BREAKAGE_02,MECHANICAL_BREAKAGE,OUT_OF_POSITION,"servo fora de posição porque ocorreu fratura da peça, confirmado por elemento mecânico quebrado",ENVASADORA,Ajuste,GRUPO_2,SERVO,L01,SERVO,Falha de servo,MANUTENCAO
364,O_WRONG_PROCEDURE_01,WRONG_PROCEDURE,PRODUCT_LOSS,"parada porque dosador provocou perda de produto devido a procedimento incorreto, confirmado por procedimento de trabalho não foi seguido e houve interrupção",PALETIZADORA,Processo,GRUPO_5,DOSADOR,L06,DOSADOR,Falha de dosador,OPERACAO
365,M_COMPONENT_DEGRADATION_03,COMPONENT_DEGRADATION,LOW_PERFORMANCE,"após inspeção, garra apres. baixo desempenho devido a degradação do componente, confirmado por vida útil esgotada causando parada do equipamento",EMPACOTADORA,Ajuste,GRUPO_1,GARRA,L06,GARRA,Falha de garra,MANUTENCAO
366,M_OVERHEATING_03,OVERHEATING,THERMAL_ALARM,"parada porque estrela apresentou alarme térmico devido a aquecimento causado por defeito, confirmado por isolação degradada pelo calor e houve interrupção",TRANSPORTADOR,Ajuste,GRUPO_3,ESTRELA,L05,ESTRELA,Falha de estrela,MANUTENCAO
367,O_WRONG_REFERENCE_02,WRONG_REFERENCE,NO_SIGNAL,"foi identificado que correia sem sinal apos constatacao de ponto de referencia errado, confirmado por ponto de referencia informado errado durante a producao",LAVADORA,Processo,GRUPO_1,CORREIA,L05,CORREIA,Falha de correia,OPERACAO
368,O_WRONG_REFERENCE_04,WRONG_REFERENCE,NO_SIGNAL,"parada porque sensor sem sinal porque ocorreu ponto de referência errado, confirmado por referência de formato trocada e houve interrupção",ENVASADORA,Processo,GRUPO_1,SENSOR,L01,SENSOR,Falha de sensor,OPERACAO
369,M_BLOCKAGE_BY_FAILURE_02,BLOCKAGE_BY_FAILURE,BLOCKAGE,"parada porque vedacao ficou bloqueado devido a obstrução por peça danificada, confirmado por componente deformado causando obstrução e houve interrupção",ROTULADORA,Parada não programada,GRUPO_5,VEDACAO,L01,VEDACAO,Falha de vedacao,MANUTENCAO
370,M_OVERHEATING_01,OVERHEATING,THERMAL_ALARM,"parada porque motor apresentou alarme térmico devido a aquecimento causado por defeito, confirmado por ventilador de refrigeração quebrado e houve interrupção",ENVASADORA,Processo,GRUPO_3,MOTOR,L05,MOTOR,Falha de motor,MANUTENCAO
371,O_WRONG_PARAMETER_04,WRONG_PARAMETER,INTERMITTENT_STOP,"após inspeção, vedacao parou de forma intermitente após constatação de configuração de valor errada, confirmado por valor operacional alterado indevidamente causando parada do equipamento",ROTULADORA,Ajuste,GRUPO_5,VEDACAO,L06,VEDACAO,Falha de vedacao,OPERACAO
372,O_EXCESS_FEED_03,EXCESS_FEED,OVERLOAD,"DURANTE O CICLO, ALIMENTADOR EM SOBRECARGA PORQUE OCORREU EXCESSO DE PRODUTO, CONFIRMADO POR ACÚMULO CAUSADO POR ALIMENTAÇÃO EXCESSIVA NO CICLO ATUAL",LAVADORA,Anomalia,GRUPO_2,ALIMENTADOR,L06,ALIMENTADOR,Falha de alimentador,OPERACAO
373,O_WRONG_SEQUENCE_03,WRONG_SEQUENCE,COMMAND_FAILURE,"DURANTE O CICLO, GUIA NÃO RESPONDEU AO COMANDO EM RAZÃO DE SEQUÊNCIA INCORRETA, CONFIRMADO POR CICLO INICIADO ANTES DA LIBERAÇÃO NO CICLO ATUAL",ROTULADORA,Processo,GRUPO_2,GUIA,L04,GUIA,Falha de guia,OPERACAO
374,M_OVERHEATING_03,OVERHEATING,THERMAL_ALARM,"DURANTE O CICLO, ESTRELA APRESENTOU ALARME TÉRMICO EM RAZÃO DE AQUECIMENTO CAUSADO POR DEFEITO, CONFIRMADO POR ISOLAÇÃO DEGRADADA PELO CALOR NO CICLO ATUAL",TRANSPORTADOR,Processo,GRUPO_3,ESTRELA,L01,ESTRELA,Falha de estrela,MANUTENCAO
375,O_INADEQUATE_FLOW_04,INADEQUATE_FLOW,SLOW_MOVEMENT,"bocal com movimento lento devido a fluxo de processo inadequado, confirmado por restrição criada pelo ajuste do processo",PALETIZADORA,Anomalia,GRUPO_4,BOCAL,L01,BOCAL,Falha de bocal,OPERACAO
376,O_HANDLING_ERROR_03,HANDLING_ERROR,VIBRATION,"bocal apresentou vibração elevada devido a manuseio inadequado, confirmado por material apoiado fora da guia",PALETIZADORA,Ajuste,GRUPO_4,BOCAL,L06,BOCAL,Falha de bocal,OPERACAO
377,O_WRONG_RECIPE_04,WRONG_RECIPE,LOW_FLOW,"parada porque mangueira com fluxo insuficiente devido a receita incorreta, confirmado por receita incompatível com a produção e houve interrupção",ENVASADORA,Anomalia,GRUPO_4,MANGUEIRA,L06,MANGUEIRA,Falha de mangueira,OPERACAO
378,M_HARDWARE_FAILURE_02,HARDWARE_FAILURE,COMMAND_FAILURE,"DURANTE O CICLO, ALIMENTADOR NÃO RESPONDEU AO COMANDO EM RAZÃO DE DEFEITO ELETRÔNICO, CONFIRMADO POR CONTROLADOR COM DEFEITO NO CICLO ATUAL",LAVADORA,Anomalia,GRUPO_2,ALIMENTADOR,L06,ALIMENTADOR,Falha de alimentador,MANUTENCAO
379,O_WRONG_GUIDE_ADJUSTMENT_02,WRONG_GUIDE_ADJUSTMENT,LOW_PERFORMANCE,"sensor apresentou baixo desempenho devido a regulagem incorreta da guia, confirmado por abertura da guia ficou fora do formato",ENVASADORA,Parada não programada,GRUPO_1,SENSOR,L02,SENSOR,Falha de sensor,OPERACAO
380,M_SEAL_FAILURE_02,SEAL_FAILURE,PRODUCT_LOSS,"DURANTE O CICLO, BOMBA PROVOCOU PERDA DE PRODUTO PORQUE OCORREU FALHA DE VEDAÇÃO, CONFIRMADO POR GAXETA DETERIORADA NO CICLO ATUAL",TRANSPORTADOR,Ajuste,GRUPO_5,BOMBA,L05,BOMBA,Falha de bomba,MANUTENCAO
381,M_OVERHEATING_03,OVERHEATING,THERMAL_ALARM,"DURANTE O CICLO, ESTRELA APRESENTOU ALARME TÉRMICO PORQUE OCORREU FALHA TÉRMICA FÍSICA, CONFIRMADO POR ISOLAÇÃO DEGRADADA PELO CALOR NO CICLO ATUAL",TRANSPORTADOR,Anomalia,GRUPO_3,ESTRELA,L02,ESTRELA,Falha de estrela,MANUTENCAO
382,O_BAD_SETUP_02,BAD_SETUP,MISALIGNMENT,"parada porque garra desalinhado porque ocorreu preparação inadequada, confirmado por ajuste inicial incorreto e houve interrupção",EMPACOTADORA,Ajuste,GRUPO_1,GARRA,L02,GARRA,Falha de garra,OPERACAO
383,M_ELECTRICAL_FAILURE_03,ELECTRICAL_FAILURE,INTERMITTENT_STOP,"DURANTE O CICLO, BOMBA PAROU DE FORMA INTERMITENTE EM RAZÃO DE FALHA ELÉTRICA, CONFIRMADO POR ISOLAÇÃO ELÉTRICA DANIFICADA NO CICLO ATUAL",TRANSPORTADOR,Processo,GRUPO_5,BOMBA,L05,BOMBA,Falha de bomba,MANUTENCAO
384,O_WRONG_SPEED_SETTING_01,WRONG_SPEED_SETTING,WRONG_SPEED,"após inspeção, transportador operando em velocidade incorreta devido a velocidade mal configurada, confirmado por velocidade configurada incorreto causando parada do equipamento",ROTULADORA,Processo,GRUPO_3,TRANSPORTADOR,L02,TRANSPORTADOR,Falha de transportador,OPERACAO
385,O_PRODUCT_ACCUMULATION_04,PRODUCT_ACCUMULATION,BLOCKAGE,"DURANTE O CICLO, DOSADOR FICOU BLOQUEADO EM RAZÃO DE ACÚMULO DE PRODUTO, CONFIRMADO POR PROCESSO ACUMULOU MATERIAL NA ENTRADA NO CICLO ATUAL",PALETIZADORA,Parada não programada,GRUPO_5,DOSADOR,L01,DOSADOR,Falha de dosador,OPERACAO
386,O_HANDLING_ERROR_01,HANDLING_ERROR,VIBRATION,"cilindro apresentou vibração elevada devido a manuseio inadequado, confirmado por produto manuseado de forma inadequada",ROTULADORA,Processo,GRUPO_4,CILINDRO,L06,CILINDRO,Falha de cilindro,OPERACAO
387,O_WRONG_SEQUENCE_01,WRONG_SEQUENCE,COMMAND_FAILURE,"DURANTE O CICLO, ACOPLAMENTO NÃO RESPONDEU AO COMANDO PORQUE OCORREU ORDEM DE COMANDOS ERRADA, CONFIRMADO POR COMANDO ENVIADO FORA DA SEQUÊNCIA NO CICLO ATUAL",EMPACOTADORA,Parada não programada,GRUPO_2,ACOPLAMENTO,L05,ACOPLAMENTO,Falha de acoplamento,OPERACAO
388,M_PNEUMATIC_FAILURE_02,PNEUMATIC_FAILURE,SLOW_MOVEMENT,"após inspeção, cilindro com movimento lento devido a falha pneumática, confirmado por mangueira de ar furada causando parada do equipamento",ROTULADORA,Parada não programada,GRUPO_4,CILINDRO,L05,CILINDRO,Falha de cilindro,MANUTENCAO
389,O_INADEQUATE_FLOW_02,INADEQUATE_FLOW,SLOW_MOVEMENT,"DURANTE O CICLO, CILINDRO COM MOVIMENTO LENTO PORQUE OCORREU VAZÃO MAL AJUSTADA, CONFIRMADO POR VAZÃO OPERACIONAL INADEQUADA NO CICLO ATUAL",ROTULADORA,Ajuste,GRUPO_4,CILINDRO,L02,CILINDRO,Falha de cilindro,OPERACAO
390,M_STRUCTURAL_DAMAGE_04,STRUCTURAL_DAMAGE,VIBRATION,"DURANTE O CICLO, REJEITOR APRESENTOU VIBRAÇÃO ELEVADA EM RAZÃO DE DANO ESTRUTURAL, CONFIRMADO POR SUPORTE ESTRUTURAL DANIFICADO NO CICLO ATUAL",TRANSPORTADOR,Parada não programada,GRUPO_4,REJEITOR,L02,REJEITOR,Falha de rejeitor,MANUTENCAO
391,O_WRONG_SPEED_SETTING_01,WRONG_SPEED_SETTING,WRONG_SPEED,"após inspeção, transportador operando em velocidade incorreta após constatação de ajuste de velocidade incorreto, confirmado por velocidade configurada incorreto causando parada do equipamento",ROTULADORA,Anomalia,GRUPO_3,TRANSPORTADOR,L03,TRANSPORTADOR,Falha de transportador,OPERACAO
392,M_MECHANICAL_WEAR_02,MECHANICAL_WEAR,MISALIGNMENT,"foi identificado que garra desalinhado em razao de desgaste mecanico, confirmado por superficie consumida pelo uso durante a producao",EMPACOTADORA,Anomalia,GRUPO_1,GARRA,L03,GARRA,Falha de garra,MANUTENCAO
393,O_EXCESS_FEED_02,EXCESS_FEED,OVERLOAD,"DURANTE O CICLO, ACOPLAMENTO EM SOBRECARGA EM RAZÃO DE ALIMENTAÇÃO EXCESSIVA, CONFIRMADO POR ENTRADA ACIMA DA CAPACIDADE NO CICLO ATUAL",EMPACOTADORA,Anomalia,GRUPO_2,ACOPLAMENTO,L05,ACOPLAMENTO,Falha de acoplamento,OPERACAO
394,O_HANDLING_ERROR_04,HANDLING_ERROR,VIBRATION,"após inspeção, rejeitor apres. vibração elevada após constatação de intervenção manual incorreta, confirmado por intervenção manual deslocou o conjunto causando parada do equipamento",TRANSPORTADOR,Ajuste,GRUPO_4,REJEITOR,L03,REJEITOR,Falha de rejeitor,OPERACAO
395,O_WRONG_RECIPE_03,WRONG_RECIPE,LOW_FLOW,"DURANTE O CICLO, CILINDRO COM FLUXO INSUFICIENTE EM RAZÃO DE RECEITA INCORRETA, CONFIRMADO POR PROGRAMA DE FORMATO ERRADO NO CICLO ATUAL",ROTULADORA,Processo,GRUPO_4,CILINDRO,L02,CILINDRO,Falha de cilindro,OPERACAO
396,O_WRONG_RECIPE_04,WRONG_RECIPE,LOW_FLOW,"após inspeção, mangueira com fluxo insuficiente devido a receita incorreta, confirmado por receita incompatível com a produção causando parada do equipamento",ENVASADORA,Anomalia,GRUPO_4,MANGUEIRA,L04,MANGUEIRA,Falha de mangueira,OPERACAO
397,M_OVERHEATING_02,OVERHEATING,THERMAL_ALARM,"após inspeção, rolamento apres. alarme térmico devido a aquecimento causado por defeito, confirmado por dissipador obstruído por falha física causando parada do equipamento",EMPACOTADORA,Parada não programada,GRUPO_3,ROLAMENTO,L03,ROLAMENTO,Falha de rolamento,MANUTENCAO
398,O_FORMAT_CHANGE_ERROR_03,FORMAT_CHANGE_ERROR,POSITION_DRIFT,"foi identificado que sensor perdeu a posicao em razao de troca de formato mal realizada, confirmado por conversao de formato incompleta durante a producao",ENVASADORA,Processo,GRUPO_1,SENSOR,L05,SENSOR,Falha de sensor,OPERACAO
399,M_LEAKAGE_03,LEAKAGE,LOW_FLOW,"foi identificado que cilindro com fluxo insuficiente em razao de vazamento por defeito, confirmado por junta deteriorada durante a producao",ROTULADORA,Processo,GRUPO_4,CILINDRO,L06,CILINDRO,Falha de cilindro,MANUTENCAO
400,M_STRUCTURAL_DAMAGE_01,STRUCTURAL_DAMAGE,VIBRATION,"foi identificado que cilindro apresentou vibracao elevada em razao de dano estrutural, confirmado por base trincada durante a producao",ROTULADORA,Ajuste,GRUPO_4,CILINDRO,L04,CILINDRO,Falha de cilindro,MANUTENCAO
401,O_HANDLING_ERROR_04,HANDLING_ERROR,VIBRATION,"parada porque rejeitor apresentou vibração elevada devido a manuseio inadequado, confirmado por intervenção manual deslocou o conjunto e houve interrupção",TRANSPORTADOR,Anomalia,GRUPO_4,REJEITOR,L04,REJEITOR,Falha de rejeitor,OPERACAO
402,O_STARTUP_PROCEDURE_ERROR_04,STARTUP_PROCEDURE_ERROR,THERMAL_ALARM,"transportador apresentou alarme térmico devido a procedimento de partida incorreto, confirmado por liberação de partida feita antes da condição",ROTULADORA,Anomalia,GRUPO_3,TRANSPORTADOR,L05,TRANSPORTADOR,Falha de transportador,OPERACAO
403,M_PNEUMATIC_FAILURE_01,PNEUMATIC_FAILURE,SLOW_MOVEMENT,"após inspeção, rejeitor com movimento lento devido a falha pneumática, confirmado por atuador pneumático danificado causando parada do equipamento",TRANSPORTADOR,Processo,GRUPO_4,REJEITOR,L05,REJEITOR,Falha de rejeitor,MANUTENCAO
404,O_WRONG_RECIPE_04,WRONG_RECIPE,LOW_FLOW,"foi identificado que mangueira com fluxo insuficiente em razao de receita incorreta, confirmado por receita incompativel com a producao durante a producao",ENVASADORA,Parada não programada,GRUPO_4,MANGUEIRA,L04,MANGUEIRA,Falha de mangueira,OPERACAO
405,M_ELECTRICAL_FAILURE_03,ELECTRICAL_FAILURE,INTERMITTENT_STOP,"DURANTE O CICLO, BOMBA PAROU DE FORMA INTERMITENTE PORQUE OCORREU DEFEITO NO CIRCUITO, CONFIRMADO POR ISOLAÇÃO ELÉTRICA DANIFICADA NO CICLO ATUAL",TRANSPORTADOR,Anomalia,GRUPO_5,BOMBA,L06,BOMBA,Falha de bomba,MANUTENCAO
406,M_MECHANICAL_WEAR_03,MECHANICAL_WEAR,MISALIGNMENT,"correia desalinhado porque ocorreu degradação por uso, confirmado por desgaste acima do limite",LAVADORA,Anomalia,GRUPO_1,CORREIA,L06,CORREIA,Falha de correia,MANUTENCAO
407,O_WRONG_RECIPE_02,WRONG_RECIPE,LOW_FLOW,"rejeitor com fluxo insuficiente devido a receita incorreta, confirmado por receita carregada com valor incorreto",TRANSPORTADOR,Parada não programada,GRUPO_4,REJEITOR,L02,REJEITOR,Falha de rejeitor,OPERACAO
408,M_DRIVE_FAILURE_03,DRIVE_FAILURE,WRONG_SPEED,"após inspeção, rolamento operando em velocidade incorreta após constatação de falha da transmissão, confirmado por acoplamento sem tração causando parada do equipamento",EMPACOTADORA,Parada não programada,GRUPO_3,ROLAMENTO,L05,ROLAMENTO,Falha de rolamento,MANUTENCAO
409,O_PRODUCT_ACCUMULATION_01,PRODUCT_ACCUMULATION,BLOCKAGE,"foi identificado que bomba ficou bloqueado apos constatacao de excesso acumulado no processo, confirmado por acumulo de produto bloqueou a passagem durante a producao",TRANSPORTADOR,Anomalia,GRUPO_5,BOMBA,L02,BOMBA,Falha de bomba,OPERACAO
410,M_BLOCKAGE_BY_FAILURE_04,BLOCKAGE_BY_FAILURE,BLOCKAGE,"dosador ficou bloqueado porque ocorreu bloqueio causado por avaria, confirmado por mecanismo avariado impedindo o fluxo",PALETIZADORA,Processo,GRUPO_5,DOSADOR,L02,DOSADOR,Falha de dosador,MANUTENCAO
411,M_SIGNAL_FAILURE_01,SIGNAL_FAILURE,NO_SIGNAL,"garra sem sinal porque ocorreu defeito no sinal, confirmado por cabo de sinal danificado",EMPACOTADORA,Parada não programada,GRUPO_1,GARRA,L05,GARRA,Falha de garra,MANUTENCAO
412,M_MECHANICAL_CLEARANCE_03,MECHANICAL_CLEARANCE,POSITION_DRIFT,"DURANTE O CICLO, SENSOR PERDEU A POSIÇÃO EM RAZÃO DE FOLGA MECÂNICA, CONFIRMADO POR FIXAÇÃO MECÂNICA FROUXA NO CICLO ATUAL",ENVASADORA,Processo,GRUPO_1,SENSOR,L05,SENSOR,Falha de sensor,MANUTENCAO
413,O_WRONG_GUIDE_ADJUSTMENT_03,WRONG_GUIDE_ADJUSTMENT,LOW_PERFORMANCE,"foi identificado que garra apresentou baixo desempenho apos constatacao de guia mal ajustada, confirmado por regulagem da guia pressionou o produto durante a producao",EMPACOTADORA,Parada não programada,GRUPO_1,GARRA,L03,GARRA,Falha de garra,OPERACAO
414,O_WRONG_SPEED_SETTING_01,WRONG_SPEED_SETTING,WRONG_SPEED,"foi identificado que transportador operando em velocidade incorreta em razao de velocidade mal configurada, confirmado por velocidade configurada incorretamente durante a producao",ROTULADORA,Ajuste,GRUPO_3,TRANSPORTADOR,L02,TRANSPORTADOR,Falha de transportador,OPERACAO
415,M_SEAL_FAILURE_04,SEAL_FAILURE,PRODUCT_LOSS,"após inspeção, valvula provocou perda de produto após constatação de falha de vedação, confirmado por selo mecânico gasto causando parada do equipamento",LAVADORA,Ajuste,GRUPO_5,VALVULA,L01,VALVULA,Falha de valvula,MANUTENCAO
416,M_BEARING_FAILURE_02,BEARING_FAILURE,OVERLOAD,"foi identificado que acoplamento em sobrecarga em razao de rolamento danificado, confirmado por rolamento com pista danificada durante a producao",EMPACOTADORA,Anomalia,GRUPO_2,ACOPLAMENTO,L03,ACOPLAMENTO,Falha de acoplamento,MANUTENCAO
417,O_WRONG_PARAMETER_03,WRONG_PARAMETER,INTERMITTENT_STOP,"parada porque bomba parou de forma intermitente devido a parâmetro incorreto, confirmado por temporização ajustada errada e houve interrupção",TRANSPORTADOR,Ajuste,GRUPO_5,BOMBA,L01,BOMBA,Falha de bomba,OPERACAO
418,O_POSITIONING_ERROR_03,POSITIONING_ERROR,NO_ACTUATION,"foi identificado que motor nao atuou em razao de posicionamento incorreto, confirmado por material entrou desalinhado durante a producao",ENVASADORA,Processo,GRUPO_3,MOTOR,L03,MOTOR,Falha de motor,OPERACAO
419,O_WRONG_PROCEDURE_04,WRONG_PROCEDURE,PRODUCT_LOSS,"valvula provocou perda de produto porque ocorreu rotina produtiva inadequada, confirmado por rotina produtiva aplicada de forma errada",LAVADORA,Processo,GRUPO_5,VALVULA,L01,VALVULA,Falha de valvula,OPERACAO
420,O_FORMAT_CHANGE_ERROR_01,FORMAT_CHANGE_ERROR,POSITION_DRIFT,"foi identificado que correia perdeu a posicao apos constatacao de erro na conversao de formato, confirmado por troca de formato deixou o conjunto fora de posicao durante a producao",LAVADORA,Anomalia,GRUPO_1,CORREIA,L04,CORREIA,Falha de correia,OPERACAO
421,M_STRUCTURAL_DAMAGE_04,STRUCTURAL_DAMAGE,VIBRATION,"rejeitor apresentou vibração elevada porque ocorreu estrutura avariada, confirmado por suporte estrutural danificado",TRANSPORTADOR,Processo,GRUPO_4,REJEITOR,L01,REJEITOR,Falha de rejeitor,MANUTENCAO
422,M_PNEUMATIC_FAILURE_02,PNEUMATIC_FAILURE,SLOW_MOVEMENT,"cilindro com movimento lento porque ocorreu defeito pneumático, confirmado por mangueira de ar furada",ROTULADORA,Ajuste,GRUPO_4,CILINDRO,L02,CILINDRO,Falha de cilindro,MANUTENCAO
423,O_POSITIONING_ERROR_03,POSITIONING_ERROR,NO_ACTUATION,"foi identificado que motor nao atuou apos constatacao de produto mal posicionado, confirmado por material entrou desalinhado durante a producao",ENVASADORA,Parada não programada,GRUPO_3,MOTOR,L02,MOTOR,Falha de motor,OPERACAO
424,M_MECHANICAL_BREAKAGE_04,MECHANICAL_BREAKAGE,OUT_OF_POSITION,"alimentador fora de posição porque ocorreu fratura da peça, confirmado por ruptura estrutural",LAVADORA,Processo,GRUPO_2,ALIMENTADOR,L01,ALIMENTADOR,Falha de alimentador,MANUTENCAO
425,M_BLOCKAGE_BY_FAILURE_02,BLOCKAGE_BY_FAILURE,BLOCKAGE,"após inspeção, vedacao ficou bloqueado devido a obstrução por peça danificada, confirmado por componente deformado causando obstrução causando parada do equipamento",ROTULADORA,Parada não programada,GRUPO_5,VEDACAO,L05,VEDACAO,Falha de vedacao,MANUTENCAO
426,O_PRODUCT_ACCUMULATION_01,PRODUCT_ACCUMULATION,BLOCKAGE,"bomba ficou bloqueado devido a acúmulo de produto, confirmado por acúmulo de produto bloqueou a passagem",TRANSPORTADOR,Processo,GRUPO_5,BOMBA,L01,BOMBA,Falha de bomba,OPERACAO
427,O_EXCESS_FEED_03,EXCESS_FEED,OVERLOAD,"parada porque alimentador em sobrecarga porque ocorreu excesso de produto, confirmado por acúmulo causado por alimentação excessiva e houve interrupção",LAVADORA,Anomalia,GRUPO_2,ALIMENTADOR,L02,ALIMENTADOR,Falha de alimentador,OPERACAO
428,M_SIGNAL_FAILURE_04,SIGNAL_FAILURE,NO_SIGNAL,"parada porque sensor sem sinal devido a falha física no sinal, confirmado por sensor com defeito interno e houve interrupção",ENVASADORA,Anomalia,GRUPO_1,SENSOR,L04,SENSOR,Falha de sensor,MANUTENCAO
429,M_HARDWARE_FAILURE_02,HARDWARE_FAILURE,COMMAND_FAILURE,"parada porque alimentador não respondeu ao comando devido a defeito eletrônico, confirmado por controlador com defeito e houve interrupção",LAVADORA,Parada não programada,GRUPO_2,ALIMENTADOR,L04,ALIMENTADOR,Falha de alimentador,MANUTENCAO
430,M_SEAL_FAILURE_04,SEAL_FAILURE,PRODUCT_LOSS,"valvula provocou perda de produto devido a vedação danificada, confirmado por selo mecânico gasto",LAVADORA,Anomalia,GRUPO_5,VALVULA,L04,VALVULA,Falha de valvula,MANUTENCAO
431,M_LEAKAGE_01,LEAKAGE,LOW_FLOW,"bocal com fluxo insuficiente devido a vazamento por defeito, confirmado por vedação danificada com vazamento",PALETIZADORA,Processo,GRUPO_4,BOCAL,L04,BOCAL,Falha de bocal,MANUTENCAO
432,M_RUPTURE_01,RUPTURE,NO_ACTUATION,"após inspeção, estrela não atuou após constatação de ruptura do elemento, confirmado por mangueira rompida causando parada do equipamento",TRANSPORTADOR,Anomalia,GRUPO_3,ESTRELA,L06,ESTRELA,Falha de estrela,MANUTENCAO
433,O_WRONG_PROCEDURE_01,WRONG_PROCEDURE,PRODUCT_LOSS,"após inspeção, dosador provocou perda de produto após constatação de rotina produtiva inadequada, confirmado por procedimento de trabalho não foi seguido causando parada do equipamento",PALETIZADORA,Anomalia,GRUPO_5,DOSADOR,L05,DOSADOR,Falha de dosador,OPERACAO
434,M_ELECTRICAL_FAILURE_02,ELECTRICAL_FAILURE,INTERMITTENT_STOP,"DURANTE O CICLO, DOSADOR PAROU DE FORMA INTERMITENTE PORQUE OCORREU DEFEITO NO CIRCUITO, CONFIRMADO POR BOBINA QUEIMADA NO CICLO ATUAL",PALETIZADORA,Ajuste,GRUPO_5,DOSADOR,L06,DOSADOR,Falha de dosador,MANUTENCAO
435,M_MECHANICAL_BREAKAGE_04,MECHANICAL_BREAKAGE,OUT_OF_POSITION,"parada porque alimentador fora de posição porque ocorreu fratura da peça, confirmado por ruptura estrutural e houve interrupção",LAVADORA,Processo,GRUPO_2,ALIMENTADOR,L05,ALIMENTADOR,Falha de alimentador,MANUTENCAO
436,M_SEAL_FAILURE_03,SEAL_FAILURE,PRODUCT_LOSS,"foi identificado que vedacao provocou perda de produto em razao de vedacao danificada, confirmado por anel de vedacao rompido durante a producao",ROTULADORA,Processo,GRUPO_5,VEDACAO,L06,VEDACAO,Falha de vedacao,MANUTENCAO
437,M_COMPONENT_DEGRADATION_02,COMPONENT_DEGRADATION,LOW_PERFORMANCE,"foi identificado que sensor apresentou baixo desempenho apos constatacao de deterioracao fisica, confirmado por fadiga do material durante a producao",ENVASADORA,Processo,GRUPO_1,SENSOR,L05,SENSOR,Falha de sensor,MANUTENCAO
438,O_INADEQUATE_FLOW_01,INADEQUATE_FLOW,SLOW_MOVEMENT,"parada porque rejeitor com movimento lento porque ocorreu vazão mal ajustada, confirmado por fluxo de processo ajustado abaixo do necessário e houve interrupção",TRANSPORTADOR,Parada não programada,GRUPO_4,REJEITOR,L04,REJEITOR,Falha de rejeitor,OPERACAO
439,O_WRONG_REFERENCE_01,WRONG_REFERENCE,NO_SIGNAL,"garra sem sinal porque ocorreu ponto de referência errado, confirmado por referência selecionada incorretamente",EMPACOTADORA,Parada não programada,GRUPO_1,GARRA,L03,GARRA,Falha de garra,OPERACAO
440,M_MECHANICAL_BREAKAGE_01,MECHANICAL_BREAKAGE,OUT_OF_POSITION,"guia fora de posição porque ocorreu fratura da peça, confirmado por quebra do suporte",ROTULADORA,Parada não programada,GRUPO_2,GUIA,L01,GUIA,Falha de guia,MANUTENCAO
441,O_WRONG_SEQUENCE_04,WRONG_SEQUENCE,COMMAND_FAILURE,"foi identificado que servo nao respondeu ao comando em razao de sequencia incorreta, confirmado por sequencia automatica selecionada errada durante a producao",ENVASADORA,Parada não programada,GRUPO_2,SERVO,L06,SERVO,Falha de servo,OPERACAO
442,M_HARDWARE_FAILURE_02,HARDWARE_FAILURE,COMMAND_FAILURE,"DURANTE O CICLO, ALIMENTADOR NÃO RESPONDEU AO COMANDO PORQUE OCORREU FALHA DE HARDWARE, CONFIRMADO POR CONTROLADOR COM DEFEITO NO CICLO ATUAL",LAVADORA,Ajuste,GRUPO_2,ALIMENTADOR,L01,ALIMENTADOR,Falha de alimentador,MANUTENCAO
443,M_OVERHEATING_03,OVERHEATING,THERMAL_ALARM,"parada porque estrela apresentou alarme térmico porque ocorreu falha térmica física, confirmado por isolação degradada pelo calor e houve interrupção",TRANSPORTADOR,Anomalia,GRUPO_3,ESTRELA,L04,ESTRELA,Falha de estrela,MANUTENCAO
444,O_WRONG_PROCEDURE_01,WRONG_PROCEDURE,PRODUCT_LOSS,"DURANTE O CICLO, DOSADOR PROVOCOU PERDA DE PRODUTO EM RAZÃO DE PROCEDIMENTO INCORRETO, CONFIRMADO POR PROCEDIMENTO DE TRABALHO NÃO FOI SEGUIDO NO CICLO ATUAL",PALETIZADORA,Ajuste,GRUPO_5,DOSADOR,L02,DOSADOR,Falha de dosador,OPERACAO
445,O_BAD_ADJUSTMENT_01,BAD_ADJUSTMENT,OUT_OF_POSITION,"guia fora de posição porque ocorreu ajuste incorreto, confirmado por regulagem feita na posição errada",ROTULADORA,Parada não programada,GRUPO_2,GUIA,L05,GUIA,Falha de guia,OPERACAO
446,O_WRONG_PROCEDURE_04,WRONG_PROCEDURE,PRODUCT_LOSS,"valvula provocou perda de produto devido a procedimento incorreto, confirmado por rotina produtiva aplicada de forma errada",LAVADORA,Anomalia,GRUPO_5,VALVULA,L02,VALVULA,Falha de valvula,OPERACAO
447,M_MECHANICAL_CLEARANCE_04,MECHANICAL_CLEARANCE,POSITION_DRIFT,"DURANTE O CICLO, GARRA PERDEU A POSIÇÃO PORQUE OCORREU JOGO MECÂNICO EXCESSIVO, CONFIRMADO POR ENCAIXE GASTO NO CICLO ATUAL",EMPACOTADORA,Processo,GRUPO_1,GARRA,L06,GARRA,Falha de garra,MANUTENCAO
448,O_POSITIONING_ERROR_01,POSITIONING_ERROR,NO_ACTUATION,"DURANTE O CICLO, ESTRELA NÃO ATUOU EM RAZÃO DE POSICIONAMENTO INCORRETO, CONFIRMADO POR PRODUTO COLOCADO FORA DE POSIÇÃO NO CICLO ATUAL",TRANSPORTADOR,Ajuste,GRUPO_3,ESTRELA,L01,ESTRELA,Falha de estrela,OPERACAO
449,O_PRODUCT_ACCUMULATION_01,PRODUCT_ACCUMULATION,BLOCKAGE,"após inspeção, bomba ficou bloqueado após constatação de excesso acumulado no processo, confirmado por acúmulo de produto bloqueou a passagem causando parada do equipamento",TRANSPORTADOR,Anomalia,GRUPO_5,BOMBA,L04,BOMBA,Falha de bomba,OPERACAO
450,O_EXCESS_FEED_01,EXCESS_FEED,OVERLOAD,"DURANTE O CICLO, SERVO EM SOBRECARGA EM RAZÃO DE ALIMENTAÇÃO EXCESSIVA, CONFIRMADO POR EXCESSO DE PRODUTO NA ALIMENTAÇÃO NO CICLO ATUAL",ENVASADORA,Ajuste,GRUPO_2,SERVO,L05,SERVO,Falha de servo,OPERACAO
451,O_BAD_SETUP_03,BAD_SETUP,MISALIGNMENT,"parada porque correia desalinhado devido a setup incorreto, confirmado por preparação da máquina incompleta e houve interrupção",LAVADORA,Ajuste,GRUPO_1,CORREIA,L03,CORREIA,Falha de correia,OPERACAO
452,O_BAD_ADJUSTMENT_01,BAD_ADJUSTMENT,OUT_OF_POSITION,"foi identificado que guia fora de posicao apos constatacao de ajuste incorreto, confirmado por regulagem feita na posicao errada durante a producao",ROTULADORA,Anomalia,GRUPO_2,GUIA,L01,GUIA,Falha de guia,OPERACAO
453,M_MECHANICAL_WEAR_04,MECHANICAL_WEAR,MISALIGNMENT,"foi identificado que inversor desalinhado apos constatacao de degradacao por uso, confirmado por degradacao mecanica durante a producao",PALETIZADORA,Ajuste,GRUPO_1,INVERSOR,L02,INVERSOR,Falha de inversor,MANUTENCAO
454,M_BEARING_FAILURE_01,BEARING_FAILURE,OVERLOAD,"DURANTE O CICLO, SERVO EM SOBRECARGA PORQUE OCORREU FALHA NO MANCAL, CONFIRMADO POR ROLAMENTO TRAVADO NO CICLO ATUAL",ENVASADORA,Parada não programada,GRUPO_2,SERVO,L02,SERVO,Falha de servo,MANUTENCAO
455,M_COMPONENT_DEGRADATION_04,COMPONENT_DEGRADATION,LOW_PERFORMANCE,"foi identificado que correia apresentou baixo desempenho em razao de degradacao do componente, confirmado por deterioracao fisica acumulada durante a producao",LAVADORA,Parada não programada,GRUPO_1,CORREIA,L06,CORREIA,Falha de correia,MANUTENCAO
456,O_FORMAT_CHANGE_ERROR_02,FORMAT_CHANGE_ERROR,POSITION_DRIFT,"inversor perdeu a posição devido a troca de formato mal realizada, confirmado por peça de formato montada na referência errada",PALETIZADORA,Parada não programada,GRUPO_1,INVERSOR,L03,INVERSOR,Falha de inversor,OPERACAO
457,M_OVERHEATING_04,OVERHEATING,THERMAL_ALARM,"DURANTE O CICLO, TRANSPORTADOR APRESENTOU ALARME TÉRMICO EM RAZÃO DE AQUECIMENTO CAUSADO POR DEFEITO, CONFIRMADO POR ROLAMENTO AQUECENDO POR DANO NO CICLO ATUAL",ROTULADORA,Parada não programada,GRUPO_3,TRANSPORTADOR,L01,TRANSPORTADOR,Falha de transportador,MANUTENCAO
458,O_BAD_SETUP_01,BAD_SETUP,MISALIGNMENT,"após inspeção, sensor desalinhado devido a setup incorreto, confirmado por setup executado fora do padrão causando parada do equipamento",ENVASADORA,Processo,GRUPO_1,SENSOR,L01,SENSOR,Falha de sensor,OPERACAO
459,O_HANDLING_ERROR_03,HANDLING_ERROR,VIBRATION,"parada porque bocal apresentou vibração elevada devido a manuseio inadequado, confirmado por material apoiado fora da guia e houve interrupção",PALETIZADORA,Ajuste,GRUPO_4,BOCAL,L04,BOCAL,Falha de bocal,OPERACAO
460,M_BLOCKAGE_BY_FAILURE_01,BLOCKAGE_BY_FAILURE,BLOCKAGE,"DURANTE O CICLO, BOMBA FICOU BLOQUEADO EM RAZÃO DE OBSTRUÇÃO POR PEÇA DANIFICADA, CONFIRMADO POR PEÇA QUEBRADA BLOQUEANDO A PASSAGEM NO CICLO ATUAL",TRANSPORTADOR,Ajuste,GRUPO_5,BOMBA,L03,BOMBA,Falha de bomba,MANUTENCAO
461,O_HANDLING_ERROR_02,HANDLING_ERROR,VIBRATION,"parada porque mangueira apresentou vibração elevada devido a manuseio inadequado, confirmado por carga distribuída incorretamente e houve interrupção",ENVASADORA,Parada não programada,GRUPO_4,MANGUEIRA,L04,MANGUEIRA,Falha de mangueira,OPERACAO
462,M_OVERHEATING_02,OVERHEATING,THERMAL_ALARM,"DURANTE O CICLO, ROLAMENTO APRESENTOU ALARME TÉRMICO PORQUE OCORREU FALHA TÉRMICA FÍSICA, CONFIRMADO POR DISSIPADOR OBSTRUÍDO POR FALHA FÍSICA NO CICLO ATUAL",EMPACOTADORA,Ajuste,GRUPO_3,ROLAMENTO,L02,ROLAMENTO,Falha de rolamento,MANUTENCAO
463,O_WRONG_SPEED_SETTING_03,WRONG_SPEED_SETTING,WRONG_SPEED,"DURANTE O CICLO, ROLAMENTO OPERANDO EM VELOCIDADE INCORRETA EM RAZÃO DE VELOCIDADE MAL CONFIGURADA, CONFIRMADO POR CADÊNCIA AJUSTADA PARA VALOR ERRADO NO CICLO ATUAL",EMPACOTADORA,Processo,GRUPO_3,ROLAMENTO,L06,ROLAMENTO,Falha de rolamento,OPERACAO
464,O_INADEQUATE_FLOW_03,INADEQUATE_FLOW,SLOW_MOVEMENT,"parada porque mangueira com movimento lento porque ocorreu vazão mal ajustada, confirmado por alimentação de produto irregular e houve interrupção",ENVASADORA,Anomalia,GRUPO_4,MANGUEIRA,L04,MANGUEIRA,Falha de mangueira,OPERACAO
465,M_BLOCKAGE_BY_FAILURE_04,BLOCKAGE_BY_FAILURE,BLOCKAGE,"após inspeção, dosador ficou bloqueado devido a obstrução por peça danificada, confirmado por mecanismo avariado impedindo o fluxo causando parada do equipamento",PALETIZADORA,Anomalia,GRUPO_5,DOSADOR,L05,DOSADOR,Falha de dosador,MANUTENCAO
466,M_HARDWARE_FAILURE_01,HARDWARE_FAILURE,COMMAND_FAILURE,"parada porque acoplamento não respondeu ao comando devido a defeito eletrônico, confirmado por módulo eletrônico queimado e houve interrupção",EMPACOTADORA,Processo,GRUPO_2,ACOPLAMENTO,L04,ACOPLAMENTO,Falha de acoplamento,MANUTENCAO
467,O_EXCESS_FEED_04,EXCESS_FEED,OVERLOAD,"após inspeção, guia em sobrecarga após constatação de excesso de produto, confirmado por volume de produto acima do previsto causando parada do equipamento",ROTULADORA,Ajuste,GRUPO_2,GUIA,L02,GUIA,Falha de guia,OPERACAO
468,O_HANDLING_ERROR_04,HANDLING_ERROR,VIBRATION,"DURANTE O CICLO, REJEITOR APRESENTOU VIBRAÇÃO ELEVADA PORQUE OCORREU INTERVENÇÃO MANUAL INCORRETA, CONFIRMADO POR INTERVENÇÃO MANUAL DESLOCOU O CONJUNTO NO CICLO ATUAL",TRANSPORTADOR,Processo,GRUPO_4,REJEITOR,L01,REJEITOR,Falha de rejeitor,OPERACAO
469,M_SEAL_FAILURE_01,SEAL_FAILURE,PRODUCT_LOSS,"parada porque dosador provocou perda de produto porque ocorreu falha de vedação, confirmado por retentor danificado e houve interrupção",PALETIZADORA,Parada não programada,GRUPO_5,DOSADOR,L01,DOSADOR,Falha de dosador,MANUTENCAO
470,O_WRONG_GUIDE_ADJUSTMENT_03,WRONG_GUIDE_ADJUSTMENT,LOW_PERFORMANCE,"foi identificado que garra apresentou baixo desempenho em razao de regulagem incorreta da guia, confirmado por regulagem da guia pressionou o produto durante a producao",EMPACOTADORA,Processo,GRUPO_1,GARRA,L04,GARRA,Falha de garra,OPERACAO
471,M_STRUCTURAL_DAMAGE_04,STRUCTURAL_DAMAGE,VIBRATION,"parada porque rejeitor apresentou vibração elevada devido a dano estrutural, confirmado por suporte estrutural danificado e houve interrupção",TRANSPORTADOR,Anomalia,GRUPO_4,REJEITOR,L06,REJEITOR,Falha de rejeitor,MANUTENCAO
472,M_MECHANICAL_WEAR_04,MECHANICAL_WEAR,MISALIGNMENT,"parada porque inversor desalinhado devido a desgaste mecânico, confirmado por degradação mecânica e houve interrupção",PALETIZADORA,Anomalia,GRUPO_1,INVERSOR,L05,INVERSOR,Falha de inversor,MANUTENCAO
473,M_BEARING_FAILURE_04,BEARING_FAILURE,OVERLOAD,"após inspeção, guia em sobrecarga após constatação de falha no mancal, confirmado por rolamento sem condição de giro causando parada do equipamento",ROTULADORA,Ajuste,GRUPO_2,GUIA,L04,GUIA,Falha de guia,MANUTENCAO
474,M_MECHANICAL_BREAKAGE_03,MECHANICAL_BREAKAGE,OUT_OF_POSITION,"DURANTE O CICLO, ACOPLAMENTO FORA DE POSIÇÃO EM RAZÃO DE QUEBRA MECÂNICA, CONFIRMADO POR FRATURA DA PEÇA NO CICLO ATUAL",EMPACOTADORA,Processo,GRUPO_2,ACOPLAMENTO,L02,ACOPLAMENTO,Falha de acoplamento,MANUTENCAO
475,M_MECHANICAL_WEAR_01,MECHANICAL_WEAR,MISALIGNMENT,"DURANTE O CICLO, SENSOR DESALINHADO PORQUE OCORREU DEGRADAÇÃO POR USO, CONFIRMADO POR DESGASTE PROGRESSIVO NO CICLO ATUAL",ENVASADORA,Parada não programada,GRUPO_1,SENSOR,L02,SENSOR,Falha de sensor,MANUTENCAO
476,O_WRONG_REFERENCE_01,WRONG_REFERENCE,NO_SIGNAL,"após inspeção, garra sem sinal após constatação de ponto de referência errado, confirmado por referência selecionada incorreto causando parada do equipamento",EMPACOTADORA,Anomalia,GRUPO_1,GARRA,L01,GARRA,Falha de garra,OPERACAO
477,O_HANDLING_ERROR_01,HANDLING_ERROR,VIBRATION,"parada porque cilindro apresentou vibração elevada devido a manuseio inadequado, confirmado por produto manuseado de forma inadequada e houve interrupção",ROTULADORA,Processo,GRUPO_4,CILINDRO,L04,CILINDRO,Falha de cilindro,OPERACAO
478,O_WRONG_SPEED_SETTING_04,WRONG_SPEED_SETTING,WRONG_SPEED,"parada porque estrela operando em velocidade incorreta devido a velocidade mal configurada, confirmado por sincronismo de velocidade mal configurado e houve interrupção",TRANSPORTADOR,Anomalia,GRUPO_3,ESTRELA,L04,ESTRELA,Falha de estrela,OPERACAO
479,O_POSITIONING_ERROR_02,POSITIONING_ERROR,NO_ACTUATION,"DURANTE O CICLO, TRANSPORTADOR NÃO ATUOU PORQUE OCORREU PRODUTO MAL POSICIONADO, CONFIRMADO POR EMBALAGEM POSICIONADA INCORRETAMENTE NO CICLO ATUAL",ROTULADORA,Ajuste,GRUPO_3,TRANSPORTADOR,L02,TRANSPORTADOR,Falha de transportador,OPERACAO
480,M_MECHANICAL_BREAKAGE_04,MECHANICAL_BREAKAGE,OUT_OF_POSITION,"DURANTE O CICLO, ALIMENTADOR FORA DE POSIÇÃO PORQUE OCORREU FRATURA DA PEÇA, CONFIRMADO POR RUPTURA ESTRUTURAL NO CICLO ATUAL",LAVADORA,Processo,GRUPO_2,ALIMENTADOR,L03,ALIMENTADOR,Falha de alimentador,MANUTENCAO
481,O_WRONG_SPEED_SETTING_04,WRONG_SPEED_SETTING,WRONG_SPEED,"parada porque estrela operando em velocidade incorreta porque ocorreu ajuste de velocidade incorreto, confirmado por sincronismo de velocidade mal configurado e houve interrupção",TRANSPORTADOR,Processo,GRUPO_3,ESTRELA,L03,ESTRELA,Falha de estrela,OPERACAO
482,M_HARDWARE_FAILURE_04,HARDWARE_FAILURE,COMMAND_FAILURE,"parada porque servo não respondeu ao comando porque ocorreu falha de hardware, confirmado por fonte eletrônica danificada e houve interrupção",ENVASADORA,Processo,GRUPO_2,SERVO,L03,SERVO,Falha de servo,MANUTENCAO
483,M_LEAKAGE_03,LEAKAGE,LOW_FLOW,"parada porque cilindro com fluxo insuficiente porque ocorreu perda de estanqueidade, confirmado por junta deteriorada e houve interrupção",ROTULADORA,Anomalia,GRUPO_4,CILINDRO,L01,CILINDRO,Falha de cilindro,MANUTENCAO
484,M_HARDWARE_FAILURE_01,HARDWARE_FAILURE,COMMAND_FAILURE,"após inspeção, acoplamento não respondeu ao comando após constatação de falha de hardware, confirmado por módulo eletrônico queimado causando parada do equipamento",EMPACOTADORA,Anomalia,GRUPO_2,ACOPLAMENTO,L03,ACOPLAMENTO,Falha de acoplamento,MANUTENCAO
485,M_DRIVE_FAILURE_03,DRIVE_FAILURE,WRONG_SPEED,"após inspeção, rolamento operando em velocidade incorreta devido a defeito no acionamento, confirmado por acoplamento sem tração causando parada do equipamento",EMPACOTADORA,Ajuste,GRUPO_3,ROLAMENTO,L04,ROLAMENTO,Falha de rolamento,MANUTENCAO
486,O_HANDLING_ERROR_04,HANDLING_ERROR,VIBRATION,"rejeitor apresentou vibração elevada devido a manuseio inadequado, confirmado por intervenção manual deslocou o conjunto",TRANSPORTADOR,Anomalia,GRUPO_4,REJEITOR,L06,REJEITOR,Falha de rejeitor,OPERACAO
487,M_HARDWARE_FAILURE_03,HARDWARE_FAILURE,COMMAND_FAILURE,"guia não respondeu ao comando devido a defeito eletrônico, confirmado por placa de comando avariada",ROTULADORA,Ajuste,GRUPO_2,GUIA,L06,GUIA,Falha de guia,MANUTENCAO
488,O_BAD_ADJUSTMENT_02,BAD_ADJUSTMENT,OUT_OF_POSITION,"parada porque servo fora de posição porque ocorreu ajuste incorreto, confirmado por ajuste operacional incorreto e houve interrupção",ENVASADORA,Ajuste,GRUPO_2,SERVO,L03,SERVO,Falha de servo,OPERACAO
489,O_WRONG_REFERENCE_04,WRONG_REFERENCE,NO_SIGNAL,"foi identificado que sensor sem sinal em razao de referencia incorreta, confirmado por referencia de formato trocada durante a producao",ENVASADORA,Parada não programada,GRUPO_1,SENSOR,L06,SENSOR,Falha de sensor,OPERACAO
490,O_WRONG_SPEED_SETTING_01,WRONG_SPEED_SETTING,WRONG_SPEED,"transportador operando em velocidade incorreta porque ocorreu ajuste de velocidade incorreto, confirmado por velocidade configurada incorretamente",ROTULADORA,Parada não programada,GRUPO_3,TRANSPORTADOR,L05,TRANSPORTADOR,Falha de transportador,OPERACAO
491,O_WRONG_REFERENCE_04,WRONG_REFERENCE,NO_SIGNAL,"sensor sem sinal devido a referência incorreta, confirmado por referência de formato trocada",ENVASADORA,Anomalia,GRUPO_1,SENSOR,L04,SENSOR,Falha de sensor,OPERACAO
492,O_BAD_SETUP_03,BAD_SETUP,MISALIGNMENT,"após inspeção, correia desalinhado após constatação de preparação inadequada, confirmado por preparação da máquina incompleta causando parada do equipamento",LAVADORA,Parada não programada,GRUPO_1,CORREIA,L02,CORREIA,Falha de correia,OPERACAO
493,O_WRONG_RECIPE_03,WRONG_RECIPE,LOW_FLOW,"após inspeção, cilindro com fluxo insuficiente após constatação de programa de produto errado, confirmado por programa de formato errado causando parada do equipamento",ROTULADORA,Parada não programada,GRUPO_4,CILINDRO,L05,CILINDRO,Falha de cilindro,OPERACAO
494,M_SIGNAL_FAILURE_02,SIGNAL_FAILURE,NO_SIGNAL,"foi identificado que correia sem sinal apos constatacao de defeito no sinal, confirmado por conector com mau contato durante a producao",LAVADORA,Processo,GRUPO_1,CORREIA,L01,CORREIA,Falha de correia,MANUTENCAO
495,M_OVERHEATING_02,OVERHEATING,THERMAL_ALARM,"foi identificado que rolamento apresentou alarme termico em razao de aquecimento causado por defeito, confirmado por dissipador obstruido por falha fisica durante a producao",EMPACOTADORA,Anomalia,GRUPO_3,ROLAMENTO,L03,ROLAMENTO,Falha de rolamento,MANUTENCAO
496,O_WRONG_REFERENCE_02,WRONG_REFERENCE,NO_SIGNAL,"correia sem sinal devido a referência incorreta, confirmado por ponto de referência informado errado",LAVADORA,Parada não programada,GRUPO_1,CORREIA,L04,CORREIA,Falha de correia,OPERACAO
497,M_RUPTURE_04,RUPTURE,NO_ACTUATION,"rolamento não atuou devido a rompimento físico, confirmado por conexão partida",EMPACOTADORA,Anomalia,GRUPO_3,ROLAMENTO,L03,ROLAMENTO,Falha de rolamento,MANUTENCAO
498,O_PRODUCT_ACCUMULATION_02,PRODUCT_ACCUMULATION,BLOCKAGE,"DURANTE O CICLO, VEDACAO FICOU BLOQUEADO PORQUE OCORREU EXCESSO ACUMULADO NO PROCESSO, CONFIRMADO POR FILA DE EMBALAGENS CAUSOU OBSTRUÇÃO NO CICLO ATUAL",ROTULADORA,Ajuste,GRUPO_5,VEDACAO,L02,VEDACAO,Falha de vedacao,OPERACAO
499,O_WRONG_GUIDE_ADJUSTMENT_02,WRONG_GUIDE_ADJUSTMENT,LOW_PERFORMANCE,"parada porque sensor apresentou baixo desempenho devido a regulagem incorreta da guia, confirmado por abertura da guia ficou fora do formato e houve interrupção",ENVASADORA,Parada não programada,GRUPO_1,SENSOR,L06,SENSOR,Falha de sensor,OPERACAO
500,M_MECHANICAL_WEAR_02,MECHANICAL_WEAR,MISALIGNMENT,"DURANTE O CICLO, GARRA DESALINHADO PORQUE OCORREU DEGRADAÇÃO POR USO, CONFIRMADO POR SUPERFÍCIE CONSUMIDA PELO USO NO CICLO ATUAL",EMPACOTADORA,Ajuste,GRUPO_1,GARRA,L02,GARRA,Falha de garra,MANUTENCAO
501,O_STARTUP_PROCEDURE_ERROR_01,STARTUP_PROCEDURE_ERROR,THERMAL_ALARM,"foi identificado que motor apresentou alarme termico em razao de procedimento de partida incorreto, confirmado por partida realizada sem estabilizacao do processo durante a producao",ENVASADORA,Ajuste,GRUPO_3,MOTOR,L01,MOTOR,Falha de motor,OPERACAO
502,M_BEARING_FAILURE_01,BEARING_FAILURE,OVERLOAD,"foi identificado que servo em sobrecarga em razao de rolamento danificado, confirmado por rolamento travado durante a producao",ENVASADORA,Ajuste,GRUPO_2,SERVO,L03,SERVO,Falha de servo,MANUTENCAO
503,M_COMPONENT_DEGRADATION_01,COMPONENT_DEGRADATION,LOW_PERFORMANCE,"DURANTE O CICLO, INVERSOR APRESENTOU BAIXO DESEMPENHO EM RAZÃO DE DEGRADAÇÃO DO COMPONENTE, CONFIRMADO POR COMPONENTE DEGRADADO PELO TEMPO NO CICLO ATUAL",PALETIZADORA,Ajuste,GRUPO_1,INVERSOR,L04,INVERSOR,Falha de inversor,MANUTENCAO
504,M_STRUCTURAL_DAMAGE_02,STRUCTURAL_DAMAGE,VIBRATION,"mangueira apresentou vibração elevada porque ocorreu estrutura avariada, confirmado por estrutura deformada",ENVASADORA,Ajuste,GRUPO_4,MANGUEIRA,L01,MANGUEIRA,Falha de mangueira,MANUTENCAO
505,M_BEARING_FAILURE_03,BEARING_FAILURE,OVERLOAD,"foi identificado que alimentador em sobrecarga em razao de rolamento danificado, confirmado por mancal deteriorado durante a producao",LAVADORA,Processo,GRUPO_2,ALIMENTADOR,L03,ALIMENTADOR,Falha de alimentador,MANUTENCAO
506,O_BAD_ADJUSTMENT_01,BAD_ADJUSTMENT,OUT_OF_POSITION,"parada porque guia fora de posição devido a regulagem incorreta, confirmado por regulagem feita na posição errada e houve interrupção",ROTULADORA,Processo,GRUPO_2,GUIA,L04,GUIA,Falha de guia,OPERACAO
507,M_ELECTRICAL_FAILURE_02,ELECTRICAL_FAILURE,INTERMITTENT_STOP,"foi identificado que dosador parou de forma intermitente em razao de falha eletrica, confirmado por bobina queimada durante a producao",PALETIZADORA,Anomalia,GRUPO_5,DOSADOR,L01,DOSADOR,Falha de dosador,MANUTENCAO
508,O_WRONG_PARAMETER_01,WRONG_PARAMETER,INTERMITTENT_STOP,"DURANTE O CICLO, VALVULA PAROU DE FORMA INTERMITENTE PORQUE OCORREU CONFIGURAÇÃO DE VALOR ERRADA, CONFIRMADO POR PARÂMETRO DIGITADO INCORRETAMENTE NO CICLO ATUAL",LAVADORA,Parada não programada,GRUPO_5,VALVULA,L04,VALVULA,Falha de valvula,OPERACAO
509,O_EXCESS_FEED_02,EXCESS_FEED,OVERLOAD,"parada porque acoplamento em sobrecarga devido a alimentação excessiva, confirmado por entrada acima da capacidade e houve interrupção",EMPACOTADORA,Parada não programada,GRUPO_2,ACOPLAMENTO,L03,ACOPLAMENTO,Falha de acoplamento,OPERACAO
510,O_WRONG_REFERENCE_01,WRONG_REFERENCE,NO_SIGNAL,"garra sem sinal devido a referência incorreta, confirmado por referência selecionada incorretamente",EMPACOTADORA,Processo,GRUPO_1,GARRA,L04,GARRA,Falha de garra,OPERACAO
511,O_EXCESS_FEED_04,EXCESS_FEED,OVERLOAD,"parada porque guia em sobrecarga porque ocorreu excesso de produto, confirmado por volume de produto acima do previsto e houve interrupção",ROTULADORA,Processo,GRUPO_2,GUIA,L02,GUIA,Falha de guia,OPERACAO
512,O_FORMAT_CHANGE_ERROR_01,FORMAT_CHANGE_ERROR,POSITION_DRIFT,"DURANTE O CICLO, CORREIA PERDEU A POSIÇÃO PORQUE OCORREU ERRO NA CONVERSÃO DE FORMATO, CONFIRMADO POR TROCA DE FORMATO DEIXOU O CONJUNTO FORA DE POSIÇÃO NO CICLO ATUAL",LAVADORA,Parada não programada,GRUPO_1,CORREIA,L04,CORREIA,Falha de correia,OPERACAO
513,O_BAD_ADJUSTMENT_04,BAD_ADJUSTMENT,OUT_OF_POSITION,"alimentador fora de posição porque ocorreu ajuste incorreto, confirmado por calibração operacional inadequada",LAVADORA,Processo,GRUPO_2,ALIMENTADOR,L05,ALIMENTADOR,Falha de alimentador,OPERACAO
514,O_STARTUP_PROCEDURE_ERROR_01,STARTUP_PROCEDURE_ERROR,THERMAL_ALARM,"DURANTE O CICLO, MOTOR APRESENTOU ALARME TÉRMICO PORQUE OCORREU PARTIDA FORA DA SEQUÊNCIA, CONFIRMADO POR PARTIDA REALIZADA SEM ESTABILIZAÇÃO DO PROCESSO NO CICLO ATUAL",ENVASADORA,Parada não programada,GRUPO_3,MOTOR,L06,MOTOR,Falha de motor,OPERACAO
515,M_STRUCTURAL_DAMAGE_03,STRUCTURAL_DAMAGE,VIBRATION,"DURANTE O CICLO, BOCAL APRESENTOU VIBRAÇÃO ELEVADA PORQUE OCORREU ESTRUTURA AVARIADA, CONFIRMADO POR SOLDA ROMPIDA NO CICLO ATUAL",PALETIZADORA,Anomalia,GRUPO_4,BOCAL,L03,BOCAL,Falha de bocal,MANUTENCAO
516,O_HANDLING_ERROR_02,HANDLING_ERROR,VIBRATION,"foi identificado que mangueira apresentou vibracao elevada apos constatacao de intervencao manual incorreta, confirmado por carga distribuida incorretamente durante a producao",ENVASADORA,Processo,GRUPO_4,MANGUEIRA,L01,MANGUEIRA,Falha de mangueira,OPERACAO
517,M_MECHANICAL_BREAKAGE_03,MECHANICAL_BREAKAGE,OUT_OF_POSITION,"parada porque acoplamento fora de posição porque ocorreu fratura da peça, confirmado por fratura da peça e houve interrupção",EMPACOTADORA,Anomalia,GRUPO_2,ACOPLAMENTO,L05,ACOPLAMENTO,Falha de acoplamento,MANUTENCAO
518,M_LEAKAGE_04,LEAKAGE,LOW_FLOW,"DURANTE O CICLO, MANGUEIRA COM FLUXO INSUFICIENTE PORQUE OCORREU PERDA DE ESTANQUEIDADE, CONFIRMADO POR FUGA PELO CORPO TRINCADO NO CICLO ATUAL",ENVASADORA,Processo,GRUPO_4,MANGUEIRA,L05,MANGUEIRA,Falha de mangueira,MANUTENCAO
519,M_MECHANICAL_BREAKAGE_02,MECHANICAL_BREAKAGE,OUT_OF_POSITION,"servo fora de posição devido a quebra mecânica, confirmado por elemento mecânico quebrado",ENVASADORA,Parada não programada,GRUPO_2,SERVO,L02,SERVO,Falha de servo,MANUTENCAO
520,M_MECHANICAL_BREAKAGE_01,MECHANICAL_BREAKAGE,OUT_OF_POSITION,"parada porque guia fora de posição porque ocorreu fratura da peça, confirmado por quebra do suporte e houve interrupção",ROTULADORA,Parada não programada,GRUPO_2,GUIA,L05,GUIA,Falha de guia,MANUTENCAO
521,M_ELECTRICAL_FAILURE_03,ELECTRICAL_FAILURE,INTERMITTENT_STOP,"foi identificado que bomba parou de forma intermitente em razao de falha eletrica, confirmado por isolacao eletrica danificada durante a producao",TRANSPORTADOR,Processo,GRUPO_5,BOMBA,L01,BOMBA,Falha de bomba,MANUTENCAO
522,M_PNEUMATIC_FAILURE_03,PNEUMATIC_FAILURE,SLOW_MOVEMENT,"após inspeção, mangueira com movimento lento devido a falha pneumática, confirmado por conjunto pneumático com defeito causando parada do equipamento",ENVASADORA,Ajuste,GRUPO_4,MANGUEIRA,L05,MANGUEIRA,Falha de mangueira,MANUTENCAO
523,O_WRONG_REFERENCE_02,WRONG_REFERENCE,NO_SIGNAL,"parada porque correia sem sinal porque ocorreu ponto de referência errado, confirmado por ponto de referência informado errado e houve interrupção",LAVADORA,Ajuste,GRUPO_1,CORREIA,L01,CORREIA,Falha de correia,OPERACAO
524,O_WRONG_SEQUENCE_01,WRONG_SEQUENCE,COMMAND_FAILURE,"acoplamento não respondeu ao comando devido a sequência incorreta, confirmado por comando enviado fora da sequência",EMPACOTADORA,Processo,GRUPO_2,ACOPLAMENTO,L04,ACOPLAMENTO,Falha de acoplamento,OPERACAO
525,M_MECHANICAL_CLEARANCE_03,MECHANICAL_CLEARANCE,POSITION_DRIFT,"sensor perdeu a posição porque ocorreu jogo mecânico excessivo, confirmado por fixação mecânica frouxa",ENVASADORA,Anomalia,GRUPO_1,SENSOR,L04,SENSOR,Falha de sensor,MANUTENCAO
526,O_EXCESS_FEED_02,EXCESS_FEED,OVERLOAD,"acoplamento em sobrecarga devido a alimentação excessiva, confirmado por entrada acima da capacidade",EMPACOTADORA,Parada não programada,GRUPO_2,ACOPLAMENTO,L05,ACOPLAMENTO,Falha de acoplamento,OPERACAO
527,O_WRONG_GUIDE_ADJUSTMENT_02,WRONG_GUIDE_ADJUSTMENT,LOW_PERFORMANCE,"foi identificado que sensor apresentou baixo desempenho em razao de regulagem incorreta da guia, confirmado por abertura da guia ficou fora do formato durante a producao",ENVASADORA,Anomalia,GRUPO_1,SENSOR,L04,SENSOR,Falha de sensor,OPERACAO
528,M_RUPTURE_02,RUPTURE,NO_ACTUATION,"DURANTE O CICLO, TRANSPORTADOR NÃO ATUOU PORQUE OCORREU RUPTURA DO ELEMENTO, CONFIRMADO POR CABO ROMPIDO NO CICLO ATUAL",ROTULADORA,Ajuste,GRUPO_3,TRANSPORTADOR,L04,TRANSPORTADOR,Falha de transportador,MANUTENCAO
529,O_PRODUCT_ACCUMULATION_02,PRODUCT_ACCUMULATION,BLOCKAGE,"DURANTE O CICLO, VEDACAO FICOU BLOQUEADO EM RAZÃO DE ACÚMULO DE PRODUTO, CONFIRMADO POR FILA DE EMBALAGENS CAUSOU OBSTRUÇÃO NO CICLO ATUAL",ROTULADORA,Anomalia,GRUPO_5,VEDACAO,L01,VEDACAO,Falha de vedacao,OPERACAO
530,O_WRONG_GUIDE_ADJUSTMENT_01,WRONG_GUIDE_ADJUSTMENT,LOW_PERFORMANCE,"foi identificado que inversor apresentou baixo desempenho apos constatacao de guia mal ajustada, confirmado por guia ajustada para largura incorreta durante a producao",PALETIZADORA,Anomalia,GRUPO_1,INVERSOR,L03,INVERSOR,Falha de inversor,OPERACAO
531,O_FORMAT_CHANGE_ERROR_04,FORMAT_CHANGE_ERROR,POSITION_DRIFT,"após inspeção, garra perdeu a posição devido a troca de formato mal realizada, confirmado por ajuste pós troca de formato não realizado causando parada do equipamento",EMPACOTADORA,Anomalia,GRUPO_1,GARRA,L05,GARRA,Falha de garra,OPERACAO
532,M_COMPONENT_DEGRADATION_03,COMPONENT_DEGRADATION,LOW_PERFORMANCE,"garra apresentou baixo desempenho devido a degradação do componente, confirmado por vida útil esgotada",EMPACOTADORA,Ajuste,GRUPO_1,GARRA,L04,GARRA,Falha de garra,MANUTENCAO
533,O_BAD_ADJUSTMENT_04,BAD_ADJUSTMENT,OUT_OF_POSITION,"DURANTE O CICLO, ALIMENTADOR FORA DE POSIÇÃO EM RAZÃO DE REGULAGEM INCORRETA, CONFIRMADO POR CALIBRAÇÃO OPERACIONAL INADEQUADA NO CICLO ATUAL",LAVADORA,Parada não programada,GRUPO_2,ALIMENTADOR,L06,ALIMENTADOR,Falha de alimentador,OPERACAO
534,M_SIGNAL_FAILURE_03,SIGNAL_FAILURE,NO_SIGNAL,"foi identificado que inversor sem sinal em razao de falha fisica no sinal, confirmado por placa eletronica defeituosa durante a producao",PALETIZADORA,Processo,GRUPO_1,INVERSOR,L02,INVERSOR,Falha de inversor,MANUTENCAO
535,O_STARTUP_PROCEDURE_ERROR_03,STARTUP_PROCEDURE_ERROR,THERMAL_ALARM,"estrela apresentou alarme térmico devido a procedimento de partida incorreto, confirmado por equipamento iniciado fora da sequência",TRANSPORTADOR,Ajuste,GRUPO_3,ESTRELA,L05,ESTRELA,Falha de estrela,OPERACAO
536,M_MECHANICAL_CLEARANCE_04,MECHANICAL_CLEARANCE,POSITION_DRIFT,"garra perdeu a posição porque ocorreu jogo mecânico excessivo, confirmado por encaixe gasto",EMPACOTADORA,Processo,GRUPO_1,GARRA,L04,GARRA,Falha de garra,MANUTENCAO
537,M_MECHANICAL_CLEARANCE_04,MECHANICAL_CLEARANCE,POSITION_DRIFT,"garra perdeu a posição devido a folga mecânica, confirmado por encaixe gasto",EMPACOTADORA,Anomalia,GRUPO_1,GARRA,L05,GARRA,Falha de garra,MANUTENCAO
538,O_EXCESS_FEED_04,EXCESS_FEED,OVERLOAD,"após inspeção, guia em sobrecarga devido a alimentação excessiva, confirmado por volume de produto acima do previsto causando parada do equipamento",ROTULADORA,Anomalia,GRUPO_2,GUIA,L01,GUIA,Falha de guia,OPERACAO
539,O_WRONG_REFERENCE_01,WRONG_REFERENCE,NO_SIGNAL,"após inspeção, garra sem sinal devido a referência incorreta, confirmado por referência selecionada incorreto causando parada do equipamento",EMPACOTADORA,Processo,GRUPO_1,GARRA,L06,GARRA,Falha de garra,OPERACAO
540,O_WRONG_SEQUENCE_01,WRONG_SEQUENCE,COMMAND_FAILURE,"acoplamento não respondeu ao comando porque ocorreu ordem de comandos errada, confirmado por comando enviado fora da sequência",EMPACOTADORA,Parada não programada,GRUPO_2,ACOPLAMENTO,L03,ACOPLAMENTO,Falha de acoplamento,OPERACAO
541,O_BAD_SETUP_01,BAD_SETUP,MISALIGNMENT,"após inspeção, sensor desalinhado após constatação de preparação inadequada, confirmado por setup executado fora do padrão causando parada do equipamento",ENVASADORA,Anomalia,GRUPO_1,SENSOR,L02,SENSOR,Falha de sensor,OPERACAO
542,M_LEAKAGE_01,LEAKAGE,LOW_FLOW,"bocal com fluxo insuficiente porque ocorreu perda de estanqueidade, confirmado por vedação danificada com vazamento",PALETIZADORA,Parada não programada,GRUPO_4,BOCAL,L03,BOCAL,Falha de bocal,MANUTENCAO
543,O_FORMAT_CHANGE_ERROR_02,FORMAT_CHANGE_ERROR,POSITION_DRIFT,"após inspeção, inversor perdeu a posição após constatação de erro na conversão de formato, confirmado por peça de formato montada na referência errada causando parada do equipamento",PALETIZADORA,Processo,GRUPO_1,INVERSOR,L06,INVERSOR,Falha de inversor,OPERACAO
544,O_WRONG_PARAMETER_04,WRONG_PARAMETER,INTERMITTENT_STOP,"DURANTE O CICLO, VEDACAO PAROU DE FORMA INTERMITENTE EM RAZÃO DE PARÂMETRO INCORRETO, CONFIRMADO POR VALOR OPERACIONAL ALTERADO INDEVIDAMENTE NO CICLO ATUAL",ROTULADORA,Parada não programada,GRUPO_5,VEDACAO,L03,VEDACAO,Falha de vedacao,OPERACAO
545,O_WRONG_RECIPE_04,WRONG_RECIPE,LOW_FLOW,"mangueira com fluxo insuficiente porque ocorreu programa de produto errado, confirmado por receita incompatível com a produção",ENVASADORA,Processo,GRUPO_4,MANGUEIRA,L01,MANGUEIRA,Falha de mangueira,OPERACAO
546,O_PRODUCT_ACCUMULATION_01,PRODUCT_ACCUMULATION,BLOCKAGE,"após inspeção, bomba ficou bloqueado devido a acúmulo de produto, confirmado por acúmulo de produto bloqueou a passagem causando parada do equipamento",TRANSPORTADOR,Processo,GRUPO_5,BOMBA,L03,BOMBA,Falha de bomba,OPERACAO
547,O_POSITIONING_ERROR_02,POSITIONING_ERROR,NO_ACTUATION,"parada porque transportador não atuou devido a posicionamento incorreto, confirmado por embalagem posicionada incorretamente e houve interrupção",ROTULADORA,Parada não programada,GRUPO_3,TRANSPORTADOR,L05,TRANSPORTADOR,Falha de transportador,OPERACAO
548,M_ELECTRICAL_FAILURE_02,ELECTRICAL_FAILURE,INTERMITTENT_STOP,"após inspeção, dosador parou de forma intermitente devido a falha elétrica, confirmado por bobina queimada causando parada do equipamento",PALETIZADORA,Parada não programada,GRUPO_5,DOSADOR,L01,DOSADOR,Falha de dosador,MANUTENCAO
549,O_STARTUP_PROCEDURE_ERROR_03,STARTUP_PROCEDURE_ERROR,THERMAL_ALARM,"após inspeção, estrela apres. alarme térmico devido a procedimento de partida incorreto, confirmado por equipamento iniciado fora da sequência causando parada do equipamento",TRANSPORTADOR,Ajuste,GRUPO_3,ESTRELA,L01,ESTRELA,Falha de estrela,OPERACAO
550,M_OVERHEATING_02,OVERHEATING,THERMAL_ALARM,"parada porque rolamento apresentou alarme térmico porque ocorreu falha térmica física, confirmado por dissipador obstruído por falha física e houve interrupção",EMPACOTADORA,Ajuste,GRUPO_3,ROLAMENTO,L04,ROLAMENTO,Falha de rolamento,MANUTENCAO
551,M_MECHANICAL_WEAR_02,MECHANICAL_WEAR,MISALIGNMENT,"após inspeção, garra desalinhado após constatação de degradação por uso, confirmado por superfície consumida pelo uso causando parada do equipamento",EMPACOTADORA,Processo,GRUPO_1,GARRA,L04,GARRA,Falha de garra,MANUTENCAO
552,O_POSITIONING_ERROR_01,POSITIONING_ERROR,NO_ACTUATION,"DURANTE O CICLO, ESTRELA NÃO ATUOU PORQUE OCORREU PRODUTO MAL POSICIONADO, CONFIRMADO POR PRODUTO COLOCADO FORA DE POSIÇÃO NO CICLO ATUAL",TRANSPORTADOR,Parada não programada,GRUPO_3,ESTRELA,L02,ESTRELA,Falha de estrela,OPERACAO
553,M_LEAKAGE_01,LEAKAGE,LOW_FLOW,"parada porque bocal com fluxo insuficiente devido a vazamento por defeito, confirmado por vedação danificada com vazamento e houve interrupção",PALETIZADORA,Processo,GRUPO_4,BOCAL,L02,BOCAL,Falha de bocal,MANUTENCAO
554,M_BEARING_FAILURE_01,BEARING_FAILURE,OVERLOAD,"servo em sobrecarga devido a rolamento danificado, confirmado por rolamento travado",ENVASADORA,Processo,GRUPO_2,SERVO,L01,SERVO,Falha de servo,MANUTENCAO
555,O_FORMAT_CHANGE_ERROR_01,FORMAT_CHANGE_ERROR,POSITION_DRIFT,"após inspeção, correia perdeu a posição devido a troca de formato mal realizada, confirmado por troca de formato deixou o conjunto fora de posição causando parada do equipamento",LAVADORA,Processo,GRUPO_1,CORREIA,L05,CORREIA,Falha de correia,OPERACAO
556,M_OVERHEATING_04,OVERHEATING,THERMAL_ALARM,"após inspeção, transportador apres. alarme térmico devido a aquecimento causado por defeito, confirmado por rolamento aquecendo por dano causando parada do equipamento",ROTULADORA,Anomalia,GRUPO_3,TRANSPORTADOR,L03,TRANSPORTADOR,Falha de transportador,MANUTENCAO
557,M_LEAKAGE_01,LEAKAGE,LOW_FLOW,"DURANTE O CICLO, BOCAL COM FLUXO INSUFICIENTE EM RAZÃO DE VAZAMENTO POR DEFEITO, CONFIRMADO POR VEDAÇÃO DANIFICADA COM VAZAMENTO NO CICLO ATUAL",PALETIZADORA,Ajuste,GRUPO_4,BOCAL,L04,BOCAL,Falha de bocal,MANUTENCAO
558,M_OVERHEATING_02,OVERHEATING,THERMAL_ALARM,"após inspeção, rolamento apres. alarme térmico após constatação de falha térmica física, confirmado por dissipador obstruído por falha física causando parada do equipamento",EMPACOTADORA,Processo,GRUPO_3,ROLAMENTO,L04,ROLAMENTO,Falha de rolamento,MANUTENCAO
559,M_COMPONENT_DEGRADATION_01,COMPONENT_DEGRADATION,LOW_PERFORMANCE,"inversor apresentou baixo desempenho devido a degradação do componente, confirmado por componente degradado pelo tempo",PALETIZADORA,Processo,GRUPO_1,INVERSOR,L04,INVERSOR,Falha de inversor,MANUTENCAO
560,M_PNEUMATIC_FAILURE_01,PNEUMATIC_FAILURE,SLOW_MOVEMENT,"foi identificado que rejeitor com movimento lento apos constatacao de defeito pneumatico, confirmado por atuador pneumatico danificado durante a producao",TRANSPORTADOR,Anomalia,GRUPO_4,REJEITOR,L04,REJEITOR,Falha de rejeitor,MANUTENCAO
561,O_WRONG_PARAMETER_04,WRONG_PARAMETER,INTERMITTENT_STOP,"foi identificado que vedacao parou de forma intermitente apos constatacao de configuracao de valor errada, confirmado por valor operacional alterado indevidamente durante a producao",ROTULADORA,Ajuste,GRUPO_5,VEDACAO,L04,VEDACAO,Falha de vedacao,OPERACAO
562,M_COMPONENT_DEGRADATION_04,COMPONENT_DEGRADATION,LOW_PERFORMANCE,"DURANTE O CICLO, CORREIA APRESENTOU BAIXO DESEMPENHO PORQUE OCORREU DETERIORAÇÃO FÍSICA, CONFIRMADO POR DETERIORAÇÃO FÍSICA ACUMULADA NO CICLO ATUAL",LAVADORA,Processo,GRUPO_1,CORREIA,L05,CORREIA,Falha de correia,MANUTENCAO
563,O_EXCESS_FEED_04,EXCESS_FEED,OVERLOAD,"guia em sobrecarga porque ocorreu excesso de produto, confirmado por volume de produto acima do previsto",ROTULADORA,Processo,GRUPO_2,GUIA,L04,GUIA,Falha de guia,OPERACAO
564,O_WRONG_GUIDE_ADJUSTMENT_03,WRONG_GUIDE_ADJUSTMENT,LOW_PERFORMANCE,"garra apresentou baixo desempenho devido a regulagem incorreta da guia, confirmado por regulagem da guia pressionou o produto",EMPACOTADORA,Ajuste,GRUPO_1,GARRA,L02,GARRA,Falha de garra,OPERACAO
565,O_EXCESS_FEED_01,EXCESS_FEED,OVERLOAD,"após inspeção, servo em sobrecarga após constatação de excesso de produto, confirmado por excesso de produto na alimentação causando parada do equipamento",ENVASADORA,Anomalia,GRUPO_2,SERVO,L02,SERVO,Falha de servo,OPERACAO
566,M_RUPTURE_04,RUPTURE,NO_ACTUATION,"DURANTE O CICLO, ROLAMENTO NÃO ATUOU EM RAZÃO DE ROMPIMENTO FÍSICO, CONFIRMADO POR CONEXÃO PARTIDA NO CICLO ATUAL",EMPACOTADORA,Parada não programada,GRUPO_3,ROLAMENTO,L03,ROLAMENTO,Falha de rolamento,MANUTENCAO
567,M_COMPONENT_DEGRADATION_02,COMPONENT_DEGRADATION,LOW_PERFORMANCE,"DURANTE O CICLO, SENSOR APRESENTOU BAIXO DESEMPENHO EM RAZÃO DE DEGRADAÇÃO DO COMPONENTE, CONFIRMADO POR FADIGA DO MATERIAL NO CICLO ATUAL",ENVASADORA,Anomalia,GRUPO_1,SENSOR,L04,SENSOR,Falha de sensor,MANUTENCAO
568,M_PNEUMATIC_FAILURE_03,PNEUMATIC_FAILURE,SLOW_MOVEMENT,"DURANTE O CICLO, MANGUEIRA COM MOVIMENTO LENTO PORQUE OCORREU DEFEITO PNEUMÁTICO, CONFIRMADO POR CONJUNTO PNEUMÁTICO COM DEFEITO NO CICLO ATUAL",ENVASADORA,Anomalia,GRUPO_4,MANGUEIRA,L04,MANGUEIRA,Falha de mangueira,MANUTENCAO
569,M_RUPTURE_03,RUPTURE,NO_ACTUATION,"motor não atuou porque ocorreu ruptura do elemento, confirmado por membrana rasgada",ENVASADORA,Anomalia,GRUPO_3,MOTOR,L02,MOTOR,Falha de motor,MANUTENCAO
570,M_BLOCKAGE_BY_FAILURE_03,BLOCKAGE_BY_FAILURE,BLOCKAGE,"foi identificado que valvula ficou bloqueado em razao de obstrucao por peca danificada, confirmado por fragmento mecanico travando o conjunto durante a producao",LAVADORA,Processo,GRUPO_5,VALVULA,L05,VALVULA,Falha de valvula,MANUTENCAO
571,O_FORMAT_CHANGE_ERROR_04,FORMAT_CHANGE_ERROR,POSITION_DRIFT,"foi identificado que garra perdeu a posicao apos constatacao de erro na conversao de formato, confirmado por ajuste pos troca de formato nao realizado durante a producao",EMPACOTADORA,Ajuste,GRUPO_1,GARRA,L04,GARRA,Falha de garra,OPERACAO
572,O_WRONG_RECIPE_02,WRONG_RECIPE,LOW_FLOW,"foi identificado que rejeitor com fluxo insuficiente em razao de receita incorreta, confirmado por receita carregada com valor incorreto durante a producao",TRANSPORTADOR,Anomalia,GRUPO_4,REJEITOR,L04,REJEITOR,Falha de rejeitor,OPERACAO
573,O_BAD_SETUP_04,BAD_SETUP,MISALIGNMENT,"parada porque inversor desalinhado porque ocorreu preparação inadequada, confirmado por setup carregado para outro formato e houve interrupção",PALETIZADORA,Processo,GRUPO_1,INVERSOR,L02,INVERSOR,Falha de inversor,OPERACAO
574,M_BLOCKAGE_BY_FAILURE_01,BLOCKAGE_BY_FAILURE,BLOCKAGE,"após inspeção, bomba ficou bloqueado após constatação de bloqueio causado por avaria, confirmado por peça quebrada bloqueando a passagem causando parada do equipamento",TRANSPORTADOR,Anomalia,GRUPO_5,BOMBA,L06,BOMBA,Falha de bomba,MANUTENCAO
575,M_ELECTRICAL_FAILURE_02,ELECTRICAL_FAILURE,INTERMITTENT_STOP,"parada porque dosador parou de forma intermitente devido a falha elétrica, confirmado por bobina queimada e houve interrupção",PALETIZADORA,Parada não programada,GRUPO_5,DOSADOR,L03,DOSADOR,Falha de dosador,MANUTENCAO
576,O_POSITIONING_ERROR_03,POSITIONING_ERROR,NO_ACTUATION,"após inspeção, motor não atuou após constatação de produto mal posicionado, confirmado por material entrou desalinhado causando parada do equipamento",ENVASADORA,Parada não programada,GRUPO_3,MOTOR,L04,MOTOR,Falha de motor,OPERACAO
577,O_WRONG_GUIDE_ADJUSTMENT_04,WRONG_GUIDE_ADJUSTMENT,LOW_PERFORMANCE,"correia apresentou baixo desempenho porque ocorreu guia mal ajustada, confirmado por guia operacional ficou distante da referência",LAVADORA,Processo,GRUPO_1,CORREIA,L01,CORREIA,Falha de correia,OPERACAO
578,O_EXCESS_FEED_02,EXCESS_FEED,OVERLOAD,"foi identificado que acoplamento em sobrecarga em razao de alimentacao excessiva, confirmado por entrada acima da capacidade durante a producao",EMPACOTADORA,Anomalia,GRUPO_2,ACOPLAMENTO,L01,ACOPLAMENTO,Falha de acoplamento,OPERACAO
579,O_WRONG_SPEED_SETTING_01,WRONG_SPEED_SETTING,WRONG_SPEED,"DURANTE O CICLO, TRANSPORTADOR OPERANDO EM VELOCIDADE INCORRETA EM RAZÃO DE VELOCIDADE MAL CONFIGURADA, CONFIRMADO POR VELOCIDADE CONFIGURADA INCORRETAMENTE NO CICLO ATUAL",ROTULADORA,Ajuste,GRUPO_3,TRANSPORTADOR,L06,TRANSPORTADOR,Falha de transportador,OPERACAO
580,M_BLOCKAGE_BY_FAILURE_04,BLOCKAGE_BY_FAILURE,BLOCKAGE,"parada porque dosador ficou bloqueado porque ocorreu bloqueio causado por avaria, confirmado por mecanismo avariado impedindo o fluxo e houve interrupção",PALETIZADORA,Processo,GRUPO_5,DOSADOR,L06,DOSADOR,Falha de dosador,MANUTENCAO
581,M_BEARING_FAILURE_01,BEARING_FAILURE,OVERLOAD,"DURANTE O CICLO, SERVO EM SOBRECARGA EM RAZÃO DE ROLAMENTO DANIFICADO, CONFIRMADO POR ROLAMENTO TRAVADO NO CICLO ATUAL",ENVASADORA,Ajuste,GRUPO_2,SERVO,L01,SERVO,Falha de servo,MANUTENCAO
582,O_STARTUP_PROCEDURE_ERROR_01,STARTUP_PROCEDURE_ERROR,THERMAL_ALARM,"parada porque motor apresentou alarme térmico devido a procedimento de partida incorreto, confirmado por partida realizada sem estabilização do processo e houve interrupção",ENVASADORA,Processo,GRUPO_3,MOTOR,L03,MOTOR,Falha de motor,OPERACAO
583,O_BAD_ADJUSTMENT_02,BAD_ADJUSTMENT,OUT_OF_POSITION,"servo fora de posição devido a regulagem incorreta, confirmado por ajuste operacional incorreto",ENVASADORA,Parada não programada,GRUPO_2,SERVO,L06,SERVO,Falha de servo,OPERACAO
584,M_RUPTURE_04,RUPTURE,NO_ACTUATION,"foi identificado que rolamento nao atuou em razao de rompimento fisico, confirmado por conexao partida durante a producao",EMPACOTADORA,Parada não programada,GRUPO_3,ROLAMENTO,L05,ROLAMENTO,Falha de rolamento,MANUTENCAO
585,O_HANDLING_ERROR_01,HANDLING_ERROR,VIBRATION,"cilindro apresentou vibração elevada porque ocorreu intervenção manual incorreta, confirmado por produto manuseado de forma inadequada",ROTULADORA,Parada não programada,GRUPO_4,CILINDRO,L05,CILINDRO,Falha de cilindro,OPERACAO
586,M_HARDWARE_FAILURE_03,HARDWARE_FAILURE,COMMAND_FAILURE,"foi identificado que guia nao respondeu ao comando apos constatacao de falha de hardware, confirmado por placa de comando avariada durante a producao",ROTULADORA,Parada não programada,GRUPO_2,GUIA,L01,GUIA,Falha de guia,MANUTENCAO
587,M_MECHANICAL_CLEARANCE_04,MECHANICAL_CLEARANCE,POSITION_DRIFT,"DURANTE O CICLO, GARRA PERDEU A POSIÇÃO EM RAZÃO DE FOLGA MECÂNICA, CONFIRMADO POR ENCAIXE GASTO NO CICLO ATUAL",EMPACOTADORA,Parada não programada,GRUPO_1,GARRA,L05,GARRA,Falha de garra,MANUTENCAO
588,O_WRONG_RECIPE_03,WRONG_RECIPE,LOW_FLOW,"parada porque cilindro com fluxo insuficiente devido a receita incorreta, confirmado por programa de formato errado e houve interrupção",ROTULADORA,Ajuste,GRUPO_4,CILINDRO,L06,CILINDRO,Falha de cilindro,OPERACAO
589,O_WRONG_RECIPE_03,WRONG_RECIPE,LOW_FLOW,"foi identificado que cilindro com fluxo insuficiente em razao de receita incorreta, confirmado por programa de formato errado durante a producao",ROTULADORA,Processo,GRUPO_4,CILINDRO,L04,CILINDRO,Falha de cilindro,OPERACAO
590,M_MECHANICAL_WEAR_04,MECHANICAL_WEAR,MISALIGNMENT,"parada porque inversor desalinhado porque ocorreu degradação por uso, confirmado por degradação mecânica e houve interrupção",PALETIZADORA,Processo,GRUPO_1,INVERSOR,L04,INVERSOR,Falha de inversor,MANUTENCAO
591,O_POSITIONING_ERROR_01,POSITIONING_ERROR,NO_ACTUATION,"parada porque estrela não atuou porque ocorreu produto mal posicionado, confirmado por produto colocado fora de posição e houve interrupção",TRANSPORTADOR,Parada não programada,GRUPO_3,ESTRELA,L04,ESTRELA,Falha de estrela,OPERACAO
592,O_INADEQUATE_FLOW_02,INADEQUATE_FLOW,SLOW_MOVEMENT,"DURANTE O CICLO, CILINDRO COM MOVIMENTO LENTO EM RAZÃO DE FLUXO DE PROCESSO INADEQUADO, CONFIRMADO POR VAZÃO OPERACIONAL INADEQUADA NO CICLO ATUAL",ROTULADORA,Anomalia,GRUPO_4,CILINDRO,L01,CILINDRO,Falha de cilindro,OPERACAO
593,M_HARDWARE_FAILURE_04,HARDWARE_FAILURE,COMMAND_FAILURE,"DURANTE O CICLO, SERVO NÃO RESPONDEU AO COMANDO EM RAZÃO DE DEFEITO ELETRÔNICO, CONFIRMADO POR FONTE ELETRÔNICA DANIFICADA NO CICLO ATUAL",ENVASADORA,Parada não programada,GRUPO_2,SERVO,L06,SERVO,Falha de servo,MANUTENCAO
594,O_POSITIONING_ERROR_03,POSITIONING_ERROR,NO_ACTUATION,"parada porque motor não atuou devido a posicionamento incorreto, confirmado por material entrou desalinhado e houve interrupção",ENVASADORA,Ajuste,GRUPO_3,MOTOR,L05,MOTOR,Falha de motor,OPERACAO
595,M_DRIVE_FAILURE_02,DRIVE_FAILURE,WRONG_SPEED,"parada porque motor operando em velocidade incorreta devido a defeito no acionamento, confirmado por transmissão danificada e houve interrupção",ENVASADORA,Parada não programada,GRUPO_3,MOTOR,L06,MOTOR,Falha de motor,MANUTENCAO
596,O_INADEQUATE_FLOW_01,INADEQUATE_FLOW,SLOW_MOVEMENT,"foi identificado que rejeitor com movimento lento apos constatacao de vazao mal ajustada, confirmado por fluxo de processo ajustado abaixo do necessario durante a producao",TRANSPORTADOR,Anomalia,GRUPO_4,REJEITOR,L02,REJEITOR,Falha de rejeitor,OPERACAO
597,O_BAD_SETUP_02,BAD_SETUP,MISALIGNMENT,"parada porque garra desalinhado devido a setup incorreto, confirmado por ajuste inicial incorreto e houve interrupção",EMPACOTADORA,Parada não programada,GRUPO_1,GARRA,L03,GARRA,Falha de garra,OPERACAO
598,O_BAD_ADJUSTMENT_01,BAD_ADJUSTMENT,OUT_OF_POSITION,"após inspeção, guia fora de posição devido a regulagem incorreta, confirmado por regulagem feita na posição errada causando parada do equipamento",ROTULADORA,Processo,GRUPO_2,GUIA,L02,GUIA,Falha de guia,OPERACAO
599,O_BAD_SETUP_02,BAD_SETUP,MISALIGNMENT,"após inspeção, garra desalinhado após constatação de preparação inadequada, confirmado por ajuste inicial incorreto causando parada do equipamento",EMPACOTADORA,Processo,GRUPO_1,GARRA,L02,GARRA,Falha de garra,OPERACAO
600,O_WRONG_GUIDE_ADJUSTMENT_01,WRONG_GUIDE_ADJUSTMENT,LOW_PERFORMANCE,"parada porque inversor apresentou baixo desempenho porque ocorreu guia mal ajustada, confirmado por guia ajustada para largura incorreta e houve interrupção",PALETIZADORA,Parada não programada,GRUPO_1,INVERSOR,L05,INVERSOR,Falha de inversor,OPERACAO
601,M_DRIVE_FAILURE_04,DRIVE_FAILURE,WRONG_SPEED,"após inspeção, estrela operando em velocidade incorreta após constatação de falha da transmissão, confirmado por inversor com falha de hardware causando parada do equipamento",TRANSPORTADOR,Ajuste,GRUPO_3,ESTRELA,L05,ESTRELA,Falha de estrela,MANUTENCAO
602,M_BEARING_FAILURE_04,BEARING_FAILURE,OVERLOAD,"foi identificado que guia em sobrecarga em razao de rolamento danificado, confirmado por rolamento sem condicao de giro durante a producao",ROTULADORA,Parada não programada,GRUPO_2,GUIA,L03,GUIA,Falha de guia,MANUTENCAO
603,O_WRONG_SEQUENCE_03,WRONG_SEQUENCE,COMMAND_FAILURE,"parada porque guia não respondeu ao comando devido a sequência incorreta, confirmado por ciclo iniciado antes da liberação e houve interrupção",ROTULADORA,Ajuste,GRUPO_2,GUIA,L02,GUIA,Falha de guia,OPERACAO
604,O_WRONG_RECIPE_01,WRONG_RECIPE,LOW_FLOW,"parada porque bocal com fluxo insuficiente porque ocorreu programa de produto errado, confirmado por receita de outro produto selecionada e houve interrupção",PALETIZADORA,Parada não programada,GRUPO_4,BOCAL,L05,BOCAL,Falha de bocal,OPERACAO
605,O_WRONG_PARAMETER_03,WRONG_PARAMETER,INTERMITTENT_STOP,"parada porque bomba parou de forma intermitente porque ocorreu configuração de valor errada, confirmado por temporização ajustada errada e houve interrupção",TRANSPORTADOR,Anomalia,GRUPO_5,BOMBA,L06,BOMBA,Falha de bomba,OPERACAO
606,M_COMPONENT_DEGRADATION_01,COMPONENT_DEGRADATION,LOW_PERFORMANCE,"foi identificado que inversor apresentou baixo desempenho apos constatacao de deterioracao fisica, confirmado por componente degradado pelo tempo durante a producao",PALETIZADORA,Anomalia,GRUPO_1,INVERSOR,L05,INVERSOR,Falha de inversor,MANUTENCAO
607,O_WRONG_PARAMETER_02,WRONG_PARAMETER,INTERMITTENT_STOP,"dosador parou de forma intermitente porque ocorreu configuração de valor errada, confirmado por limite configurado fora do padrão",PALETIZADORA,Ajuste,GRUPO_5,DOSADOR,L02,DOSADOR,Falha de dosador,OPERACAO
608,M_SEAL_FAILURE_02,SEAL_FAILURE,PRODUCT_LOSS,"após inspeção, bomba provocou perda de produto após constatação de falha de vedação, confirmado por gaxeta deteriorada causando parada do equipamento",TRANSPORTADOR,Processo,GRUPO_5,BOMBA,L01,BOMBA,Falha de bomba,MANUTENCAO
609,M_PNEUMATIC_FAILURE_03,PNEUMATIC_FAILURE,SLOW_MOVEMENT,"mangueira com movimento lento devido a falha pneumática, confirmado por conjunto pneumático com defeito",ENVASADORA,Ajuste,GRUPO_4,MANGUEIRA,L03,MANGUEIRA,Falha de mangueira,MANUTENCAO
610,O_EXCESS_FEED_01,EXCESS_FEED,OVERLOAD,"DURANTE O CICLO, SERVO EM SOBRECARGA PORQUE OCORREU EXCESSO DE PRODUTO, CONFIRMADO POR EXCESSO DE PRODUTO NA ALIMENTAÇÃO NO CICLO ATUAL",ENVASADORA,Parada não programada,GRUPO_2,SERVO,L06,SERVO,Falha de servo,OPERACAO
611,O_BAD_ADJUSTMENT_01,BAD_ADJUSTMENT,OUT_OF_POSITION,"parada porque guia fora de posição porque ocorreu ajuste incorreto, confirmado por regulagem feita na posição errada e houve interrupção",ROTULADORA,Parada não programada,GRUPO_2,GUIA,L03,GUIA,Falha de guia,OPERACAO
612,M_PNEUMATIC_FAILURE_02,PNEUMATIC_FAILURE,SLOW_MOVEMENT,"DURANTE O CICLO, CILINDRO COM MOVIMENTO LENTO EM RAZÃO DE FALHA PNEUMÁTICA, CONFIRMADO POR MANGUEIRA DE AR FURADA NO CICLO ATUAL",ROTULADORA,Anomalia,GRUPO_4,CILINDRO,L03,CILINDRO,Falha de cilindro,MANUTENCAO
613,O_BAD_SETUP_03,BAD_SETUP,MISALIGNMENT,"DURANTE O CICLO, CORREIA DESALINHADO PORQUE OCORREU PREPARAÇÃO INADEQUADA, CONFIRMADO POR PREPARAÇÃO DA MÁQUINA INCOMPLETA NO CICLO ATUAL",LAVADORA,Anomalia,GRUPO_1,CORREIA,L06,CORREIA,Falha de correia,OPERACAO
614,O_INADEQUATE_FLOW_04,INADEQUATE_FLOW,SLOW_MOVEMENT,"parada porque bocal com movimento lento porque ocorreu vazão mal ajustada, confirmado por restrição criada pelo ajuste do processo e houve interrupção",PALETIZADORA,Processo,GRUPO_4,BOCAL,L04,BOCAL,Falha de bocal,OPERACAO
615,O_POSITIONING_ERROR_04,POSITIONING_ERROR,NO_ACTUATION,"parada porque rolamento não atuou devido a posicionamento incorreto, confirmado por peça alimentada na orientação errada e houve interrupção",EMPACOTADORA,Anomalia,GRUPO_3,ROLAMENTO,L05,ROLAMENTO,Falha de rolamento,OPERACAO
616,M_DRIVE_FAILURE_01,DRIVE_FAILURE,WRONG_SPEED,"DURANTE O CICLO, TRANSPORTADOR OPERANDO EM VELOCIDADE INCORRETA EM RAZÃO DE DEFEITO NO ACIONAMENTO, CONFIRMADO POR ACIONAMENTO COM DEFEITO INTERNO NO CICLO ATUAL",ROTULADORA,Ajuste,GRUPO_3,TRANSPORTADOR,L02,TRANSPORTADOR,Falha de transportador,MANUTENCAO
617,O_WRONG_PROCEDURE_02,WRONG_PROCEDURE,PRODUCT_LOSS,"bomba provocou perda de produto porque ocorreu rotina produtiva inadequada, confirmado por etapa manual executada incorretamente",TRANSPORTADOR,Ajuste,GRUPO_5,BOMBA,L01,BOMBA,Falha de bomba,OPERACAO
618,M_MECHANICAL_CLEARANCE_01,MECHANICAL_CLEARANCE,POSITION_DRIFT,"foi identificado que correia perdeu a posicao em razao de folga mecanica, confirmado por folga no eixo durante a producao",LAVADORA,Ajuste,GRUPO_1,CORREIA,L01,CORREIA,Falha de correia,MANUTENCAO
619,O_WRONG_PARAMETER_01,WRONG_PARAMETER,INTERMITTENT_STOP,"foi identificado que valvula parou de forma intermitente em razao de parametro incorreto, confirmado por parametro digitado incorretamente durante a producao",LAVADORA,Ajuste,GRUPO_5,VALVULA,L05,VALVULA,Falha de valvula,OPERACAO
620,O_WRONG_SEQUENCE_04,WRONG_SEQUENCE,COMMAND_FAILURE,"após inspeção, servo não respondeu ao comando após constatação de ordem de comandos errada, confirmado por sequência automática selecionada errada causando parada do equipamento",ENVASADORA,Ajuste,GRUPO_2,SERVO,L01,SERVO,Falha de servo,OPERACAO
621,M_SIGNAL_FAILURE_04,SIGNAL_FAILURE,NO_SIGNAL,"sensor sem sinal devido a falha física no sinal, confirmado por sensor com defeito interno",ENVASADORA,Anomalia,GRUPO_1,SENSOR,L06,SENSOR,Falha de sensor,MANUTENCAO
622,M_LEAKAGE_01,LEAKAGE,LOW_FLOW,"após inspeção, bocal com fluxo insuficiente após constatação de perda de estanqueidade, confirmado por vedação danificada com vazamento causando parada do equipamento",PALETIZADORA,Anomalia,GRUPO_4,BOCAL,L01,BOCAL,Falha de bocal,MANUTENCAO
623,O_BAD_SETUP_04,BAD_SETUP,MISALIGNMENT,"DURANTE O CICLO, INVERSOR DESALINHADO EM RAZÃO DE SETUP INCORRETO, CONFIRMADO POR SETUP CARREGADO PARA OUTRO FORMATO NO CICLO ATUAL",PALETIZADORA,Parada não programada,GRUPO_1,INVERSOR,L05,INVERSOR,Falha de inversor,OPERACAO
624,M_COMPONENT_DEGRADATION_03,COMPONENT_DEGRADATION,LOW_PERFORMANCE,"DURANTE O CICLO, GARRA APRESENTOU BAIXO DESEMPENHO EM RAZÃO DE DEGRADAÇÃO DO COMPONENTE, CONFIRMADO POR VIDA ÚTIL ESGOTADA NO CICLO ATUAL",EMPACOTADORA,Processo,GRUPO_1,GARRA,L04,GARRA,Falha de garra,MANUTENCAO
625,M_STRUCTURAL_DAMAGE_04,STRUCTURAL_DAMAGE,VIBRATION,"após inspeção, rejeitor apres. vibração elevada devido a dano estrutural, confirmado por suporte estrutural danificado causando parada do equipamento",TRANSPORTADOR,Anomalia,GRUPO_4,REJEITOR,L04,REJEITOR,Falha de rejeitor,MANUTENCAO
626,O_BAD_ADJUSTMENT_03,BAD_ADJUSTMENT,OUT_OF_POSITION,"acoplamento fora de posição porque ocorreu ajuste incorreto, confirmado por regulagem excessivamente aberta",EMPACOTADORA,Anomalia,GRUPO_2,ACOPLAMENTO,L05,ACOPLAMENTO,Falha de acoplamento,OPERACAO
627,O_WRONG_RECIPE_01,WRONG_RECIPE,LOW_FLOW,"bocal com fluxo insuficiente devido a receita incorreta, confirmado por receita de outro produto selecionada",PALETIZADORA,Processo,GRUPO_4,BOCAL,L02,BOCAL,Falha de bocal,OPERACAO
628,O_FORMAT_CHANGE_ERROR_01,FORMAT_CHANGE_ERROR,POSITION_DRIFT,"parada porque correia perdeu a posição porque ocorreu erro na conversão de formato, confirmado por troca de formato deixou o conjunto fora de posição e houve interrupção",LAVADORA,Parada não programada,GRUPO_1,CORREIA,L06,CORREIA,Falha de correia,OPERACAO
629,M_BLOCKAGE_BY_FAILURE_02,BLOCKAGE_BY_FAILURE,BLOCKAGE,"vedacao ficou bloqueado devido a obstrução por peça danificada, confirmado por componente deformado causando obstrução",ROTULADORA,Parada não programada,GRUPO_5,VEDACAO,L03,VEDACAO,Falha de vedacao,MANUTENCAO
630,O_INADEQUATE_FLOW_04,INADEQUATE_FLOW,SLOW_MOVEMENT,"após inspeção, bocal com movimento lento devido a fluxo de processo inadequado, confirmado por restrição criada pelo ajuste do processo causando parada do equipamento",PALETIZADORA,Anomalia,GRUPO_4,BOCAL,L03,BOCAL,Falha de bocal,OPERACAO
631,O_PRODUCT_ACCUMULATION_01,PRODUCT_ACCUMULATION,BLOCKAGE,"foi identificado que bomba ficou bloqueado em razao de acumulo de produto, confirmado por acumulo de produto bloqueou a passagem durante a producao",TRANSPORTADOR,Ajuste,GRUPO_5,BOMBA,L03,BOMBA,Falha de bomba,OPERACAO
632,O_WRONG_SPEED_SETTING_01,WRONG_SPEED_SETTING,WRONG_SPEED,"foi identificado que transportador operando em velocidade incorreta apos constatacao de ajuste de velocidade incorreto, confirmado por velocidade configurada incorretamente durante a producao",ROTULADORA,Anomalia,GRUPO_3,TRANSPORTADOR,L01,TRANSPORTADOR,Falha de transportador,OPERACAO
633,O_PRODUCT_ACCUMULATION_03,PRODUCT_ACCUMULATION,BLOCKAGE,"parada porque valvula ficou bloqueado devido a acúmulo de produto, confirmado por produto sobreposto travou o fluxo e houve interrupção",LAVADORA,Ajuste,GRUPO_5,VALVULA,L05,VALVULA,Falha de valvula,OPERACAO
634,M_BEARING_FAILURE_03,BEARING_FAILURE,OVERLOAD,"foi identificado que alimentador em sobrecarga apos constatacao de falha no mancal, confirmado por mancal deteriorado durante a producao",LAVADORA,Parada não programada,GRUPO_2,ALIMENTADOR,L02,ALIMENTADOR,Falha de alimentador,MANUTENCAO
635,M_DRIVE_FAILURE_04,DRIVE_FAILURE,WRONG_SPEED,"DURANTE O CICLO, ESTRELA OPERANDO EM VELOCIDADE INCORRETA EM RAZÃO DE DEFEITO NO ACIONAMENTO, CONFIRMADO POR INVERSOR COM FALHA DE HARDWARE NO CICLO ATUAL",TRANSPORTADOR,Parada não programada,GRUPO_3,ESTRELA,L02,ESTRELA,Falha de estrela,MANUTENCAO
636,M_SEAL_FAILURE_03,SEAL_FAILURE,PRODUCT_LOSS,"após inspeção, vedacao provocou perda de produto após constatação de falha de vedação, confirmado por anel de vedação rompido causando parada do equipamento",ROTULADORA,Parada não programada,GRUPO_5,VEDACAO,L01,VEDACAO,Falha de vedacao,MANUTENCAO
637,O_WRONG_SPEED_SETTING_04,WRONG_SPEED_SETTING,WRONG_SPEED,"foi identificado que estrela operando em velocidade incorreta apos constatacao de ajuste de velocidade incorreto, confirmado por sincronismo de velocidade mal configurado durante a producao",TRANSPORTADOR,Ajuste,GRUPO_3,ESTRELA,L01,ESTRELA,Falha de estrela,OPERACAO
638,M_DRIVE_FAILURE_02,DRIVE_FAILURE,WRONG_SPEED,"DURANTE O CICLO, MOTOR OPERANDO EM VELOCIDADE INCORRETA PORQUE OCORREU FALHA DA TRANSMISSÃO, CONFIRMADO POR TRANSMISSÃO DANIFICADA NO CICLO ATUAL",ENVASADORA,Ajuste,GRUPO_3,MOTOR,L03,MOTOR,Falha de motor,MANUTENCAO
639,O_STARTUP_PROCEDURE_ERROR_03,STARTUP_PROCEDURE_ERROR,THERMAL_ALARM,"DURANTE O CICLO, ESTRELA APRESENTOU ALARME TÉRMICO EM RAZÃO DE PROCEDIMENTO DE PARTIDA INCORRETO, CONFIRMADO POR EQUIPAMENTO INICIADO FORA DA SEQUÊNCIA NO CICLO ATUAL",TRANSPORTADOR,Processo,GRUPO_3,ESTRELA,L05,ESTRELA,Falha de estrela,OPERACAO
640,O_INADEQUATE_FLOW_01,INADEQUATE_FLOW,SLOW_MOVEMENT,"após inspeção, rejeitor com movimento lento devido a fluxo de processo inadequado, confirmado por fluxo de processo ajustado abaixo do necessário causando parada do equipamento",TRANSPORTADOR,Processo,GRUPO_4,REJEITOR,L03,REJEITOR,Falha de rejeitor,OPERACAO
641,O_WRONG_GUIDE_ADJUSTMENT_01,WRONG_GUIDE_ADJUSTMENT,LOW_PERFORMANCE,"inversor apresentou baixo desempenho porque ocorreu guia mal ajustada, confirmado por guia ajustada para largura incorreta",PALETIZADORA,Parada não programada,GRUPO_1,INVERSOR,L01,INVERSOR,Falha de inversor,OPERACAO
642,M_PNEUMATIC_FAILURE_04,PNEUMATIC_FAILURE,SLOW_MOVEMENT,"DURANTE O CICLO, BOCAL COM MOVIMENTO LENTO PORQUE OCORREU DEFEITO PNEUMÁTICO, CONFIRMADO POR ÊMBOLO COM DESGASTE NO CICLO ATUAL",PALETIZADORA,Processo,GRUPO_4,BOCAL,L04,BOCAL,Falha de bocal,MANUTENCAO
643,O_FORMAT_CHANGE_ERROR_04,FORMAT_CHANGE_ERROR,POSITION_DRIFT,"garra perdeu a posição porque ocorreu erro na conversão de formato, confirmado por ajuste pós troca de formato não realizado",EMPACOTADORA,Processo,GRUPO_1,GARRA,L02,GARRA,Falha de garra,OPERACAO
644,O_WRONG_PROCEDURE_03,WRONG_PROCEDURE,PRODUCT_LOSS,"DURANTE O CICLO, VEDACAO PROVOCOU PERDA DE PRODUTO EM RAZÃO DE PROCEDIMENTO INCORRETO, CONFIRMADO POR SEQUÊNCIA DO PROCESSO IGNORADA NO CICLO ATUAL",ROTULADORA,Processo,GRUPO_5,VEDACAO,L02,VEDACAO,Falha de vedacao,OPERACAO
645,M_DRIVE_FAILURE_02,DRIVE_FAILURE,WRONG_SPEED,"foi identificado que motor operando em velocidade incorreta apos constatacao de falha da transmissao, confirmado por transmissao danificada durante a producao",ENVASADORA,Processo,GRUPO_3,MOTOR,L03,MOTOR,Falha de motor,MANUTENCAO
646,O_EXCESS_FEED_04,EXCESS_FEED,OVERLOAD,"foi identificado que guia em sobrecarga em razao de alimentacao excessiva, confirmado por volume de produto acima do previsto durante a producao",ROTULADORA,Parada não programada,GRUPO_2,GUIA,L01,GUIA,Falha de guia,OPERACAO
647,O_BAD_SETUP_02,BAD_SETUP,MISALIGNMENT,"foi identificado que garra desalinhado em razao de setup incorreto, confirmado por ajuste inicial incorreto durante a producao",EMPACOTADORA,Anomalia,GRUPO_1,GARRA,L01,GARRA,Falha de garra,OPERACAO
648,O_FORMAT_CHANGE_ERROR_01,FORMAT_CHANGE_ERROR,POSITION_DRIFT,"DURANTE O CICLO, CORREIA PERDEU A POSIÇÃO EM RAZÃO DE TROCA DE FORMATO MAL REALIZADA, CONFIRMADO POR TROCA DE FORMATO DEIXOU O CONJUNTO FORA DE POSIÇÃO NO CICLO ATUAL",LAVADORA,Ajuste,GRUPO_1,CORREIA,L03,CORREIA,Falha de correia,OPERACAO
649,O_WRONG_RECIPE_04,WRONG_RECIPE,LOW_FLOW,"após inspeção, mangueira com fluxo insuficiente após constatação de programa de produto errado, confirmado por receita incompatível com a produção causando parada do equipamento",ENVASADORA,Ajuste,GRUPO_4,MANGUEIRA,L05,MANGUEIRA,Falha de mangueira,OPERACAO
650,M_STRUCTURAL_DAMAGE_04,STRUCTURAL_DAMAGE,VIBRATION,"foi identificado que rejeitor apresentou vibracao elevada apos constatacao de estrutura avariada, confirmado por suporte estrutural danificado durante a producao",TRANSPORTADOR,Ajuste,GRUPO_4,REJEITOR,L03,REJEITOR,Falha de rejeitor,MANUTENCAO
651,M_BEARING_FAILURE_04,BEARING_FAILURE,OVERLOAD,"parada porque guia em sobrecarga porque ocorreu falha no mancal, confirmado por rolamento sem condição de giro e houve interrupção",ROTULADORA,Processo,GRUPO_2,GUIA,L04,GUIA,Falha de guia,MANUTENCAO
652,M_MECHANICAL_BREAKAGE_03,MECHANICAL_BREAKAGE,OUT_OF_POSITION,"DURANTE O CICLO, ACOPLAMENTO FORA DE POSIÇÃO PORQUE OCORREU FRATURA DA PEÇA, CONFIRMADO POR FRATURA DA PEÇA NO CICLO ATUAL",EMPACOTADORA,Anomalia,GRUPO_2,ACOPLAMENTO,L03,ACOPLAMENTO,Falha de acoplamento,MANUTENCAO
653,O_WRONG_PROCEDURE_03,WRONG_PROCEDURE,PRODUCT_LOSS,"foi identificado que vedacao provocou perda de produto apos constatacao de rotina produtiva inadequada, confirmado por sequencia do processo ignorada durante a producao",ROTULADORA,Parada não programada,GRUPO_5,VEDACAO,L03,VEDACAO,Falha de vedacao,OPERACAO
654,O_WRONG_SEQUENCE_02,WRONG_SEQUENCE,COMMAND_FAILURE,"foi identificado que alimentador nao respondeu ao comando em razao de sequencia incorreta, confirmado por etapas acionadas na ordem incorreta durante a producao",LAVADORA,Anomalia,GRUPO_2,ALIMENTADOR,L06,ALIMENTADOR,Falha de alimentador,OPERACAO
655,O_WRONG_PROCEDURE_01,WRONG_PROCEDURE,PRODUCT_LOSS,"DURANTE O CICLO, DOSADOR PROVOCOU PERDA DE PRODUTO PORQUE OCORREU ROTINA PRODUTIVA INADEQUADA, CONFIRMADO POR PROCEDIMENTO DE TRABALHO NÃO FOI SEGUIDO NO CICLO ATUAL",PALETIZADORA,Parada não programada,GRUPO_5,DOSADOR,L03,DOSADOR,Falha de dosador,OPERACAO
656,M_SIGNAL_FAILURE_02,SIGNAL_FAILURE,NO_SIGNAL,"DURANTE O CICLO, CORREIA SEM SINAL EM RAZÃO DE FALHA FÍSICA NO SINAL, CONFIRMADO POR CONECTOR COM MAU CONTATO NO CICLO ATUAL",LAVADORA,Anomalia,GRUPO_1,CORREIA,L06,CORREIA,Falha de correia,MANUTENCAO
657,M_BEARING_FAILURE_03,BEARING_FAILURE,OVERLOAD,"DURANTE O CICLO, ALIMENTADOR EM SOBRECARGA PORQUE OCORREU FALHA NO MANCAL, CONFIRMADO POR MANCAL DETERIORADO NO CICLO ATUAL",LAVADORA,Anomalia,GRUPO_2,ALIMENTADOR,L02,ALIMENTADOR,Falha de alimentador,MANUTENCAO
658,M_DRIVE_FAILURE_03,DRIVE_FAILURE,WRONG_SPEED,"foi identificado que rolamento operando em velocidade incorreta em razao de defeito no acionamento, confirmado por acoplamento sem tracao durante a producao",EMPACOTADORA,Processo,GRUPO_3,ROLAMENTO,L04,ROLAMENTO,Falha de rolamento,MANUTENCAO
659,O_BAD_SETUP_02,BAD_SETUP,MISALIGNMENT,"após inspeção, garra desalinhado devido a setup incorreto, confirmado por ajuste inicial incorreto causando parada do equipamento",EMPACOTADORA,Parada não programada,GRUPO_1,GARRA,L01,GARRA,Falha de garra,OPERACAO
660,M_COMPONENT_DEGRADATION_04,COMPONENT_DEGRADATION,LOW_PERFORMANCE,"após inspeção, correia apres. baixo desempenho após constatação de deterioração física, confirmado por deterioração física acumulada causando parada do equipamento",LAVADORA,Ajuste,GRUPO_1,CORREIA,L01,CORREIA,Falha de correia,MANUTENCAO
661,O_INADEQUATE_FLOW_03,INADEQUATE_FLOW,SLOW_MOVEMENT,"após inspeção, mangueira com movimento lento devido a fluxo de processo inadequado, confirmado por alimentação de produto irregular causando parada do equipamento",ENVASADORA,Ajuste,GRUPO_4,MANGUEIRA,L03,MANGUEIRA,Falha de mangueira,OPERACAO
662,M_COMPONENT_DEGRADATION_01,COMPONENT_DEGRADATION,LOW_PERFORMANCE,"DURANTE O CICLO, INVERSOR APRESENTOU BAIXO DESEMPENHO PORQUE OCORREU DETERIORAÇÃO FÍSICA, CONFIRMADO POR COMPONENTE DEGRADADO PELO TEMPO NO CICLO ATUAL",PALETIZADORA,Parada não programada,GRUPO_1,INVERSOR,L05,INVERSOR,Falha de inversor,MANUTENCAO
663,O_PRODUCT_ACCUMULATION_02,PRODUCT_ACCUMULATION,BLOCKAGE,"foi identificado que vedacao ficou bloqueado apos constatacao de excesso acumulado no processo, confirmado por fila de embalagens causou obstrucao durante a producao",ROTULADORA,Processo,GRUPO_5,VEDACAO,L02,VEDACAO,Falha de vedacao,OPERACAO
664,O_WRONG_SPEED_SETTING_01,WRONG_SPEED_SETTING,WRONG_SPEED,"transportador operando em velocidade incorreta devido a velocidade mal configurada, confirmado por velocidade configurada incorretamente",ROTULADORA,Processo,GRUPO_3,TRANSPORTADOR,L06,TRANSPORTADOR,Falha de transportador,OPERACAO
665,O_EXCESS_FEED_01,EXCESS_FEED,OVERLOAD,"parada porque servo em sobrecarga porque ocorreu excesso de produto, confirmado por excesso de produto na alimentação e houve interrupção",ENVASADORA,Parada não programada,GRUPO_2,SERVO,L02,SERVO,Falha de servo,OPERACAO
666,M_LEAKAGE_04,LEAKAGE,LOW_FLOW,"após inspeção, mangueira com fluxo insuficiente devido a vazamento por defeito, confirmado por fuga pelo corpo trincado causando parada do equipamento",ENVASADORA,Anomalia,GRUPO_4,MANGUEIRA,L06,MANGUEIRA,Falha de mangueira,MANUTENCAO
667,O_WRONG_SEQUENCE_01,WRONG_SEQUENCE,COMMAND_FAILURE,"parada porque acoplamento não respondeu ao comando devido a sequência incorreta, confirmado por comando enviado fora da sequência e houve interrupção",EMPACOTADORA,Processo,GRUPO_2,ACOPLAMENTO,L02,ACOPLAMENTO,Falha de acoplamento,OPERACAO
668,M_SIGNAL_FAILURE_03,SIGNAL_FAILURE,NO_SIGNAL,"inversor sem sinal porque ocorreu defeito no sinal, confirmado por placa eletrônica defeituosa",PALETIZADORA,Anomalia,GRUPO_1,INVERSOR,L05,INVERSOR,Falha de inversor,MANUTENCAO
669,M_PNEUMATIC_FAILURE_01,PNEUMATIC_FAILURE,SLOW_MOVEMENT,"foi identificado que rejeitor com movimento lento em razao de falha pneumatica, confirmado por atuador pneumatico danificado durante a producao",TRANSPORTADOR,Ajuste,GRUPO_4,REJEITOR,L05,REJEITOR,Falha de rejeitor,MANUTENCAO
670,M_PNEUMATIC_FAILURE_04,PNEUMATIC_FAILURE,SLOW_MOVEMENT,"após inspeção, bocal com movimento lento devido a falha pneumática, confirmado por êmbolo com desgaste causando parada do equipamento",PALETIZADORA,Anomalia,GRUPO_4,BOCAL,L05,BOCAL,Falha de bocal,MANUTENCAO
671,O_WRONG_GUIDE_ADJUSTMENT_04,WRONG_GUIDE_ADJUSTMENT,LOW_PERFORMANCE,"parada porque correia apresentou baixo desempenho porque ocorreu guia mal ajustada, confirmado por guia operacional ficou distante da referência e houve interrupção",LAVADORA,Processo,GRUPO_1,CORREIA,L05,CORREIA,Falha de correia,OPERACAO
672,M_DRIVE_FAILURE_02,DRIVE_FAILURE,WRONG_SPEED,"DURANTE O CICLO, MOTOR OPERANDO EM VELOCIDADE INCORRETA EM RAZÃO DE DEFEITO NO ACIONAMENTO, CONFIRMADO POR TRANSMISSÃO DANIFICADA NO CICLO ATUAL",ENVASADORA,Anomalia,GRUPO_3,MOTOR,L02,MOTOR,Falha de motor,MANUTENCAO
673,M_SIGNAL_FAILURE_04,SIGNAL_FAILURE,NO_SIGNAL,"DURANTE O CICLO, SENSOR SEM SINAL PORQUE OCORREU DEFEITO NO SINAL, CONFIRMADO POR SENSOR COM DEFEITO INTERNO NO CICLO ATUAL",ENVASADORA,Processo,GRUPO_1,SENSOR,L01,SENSOR,Falha de sensor,MANUTENCAO
674,M_SIGNAL_FAILURE_01,SIGNAL_FAILURE,NO_SIGNAL,"foi identificado que garra sem sinal em razao de falha fisica no sinal, confirmado por cabo de sinal danificado durante a producao",EMPACOTADORA,Ajuste,GRUPO_1,GARRA,L02,GARRA,Falha de garra,MANUTENCAO
675,O_FORMAT_CHANGE_ERROR_02,FORMAT_CHANGE_ERROR,POSITION_DRIFT,"foi identificado que inversor perdeu a posicao em razao de troca de formato mal realizada, confirmado por peca de formato montada na referencia errada durante a producao",PALETIZADORA,Anomalia,GRUPO_1,INVERSOR,L05,INVERSOR,Falha de inversor,OPERACAO
676,O_POSITIONING_ERROR_04,POSITIONING_ERROR,NO_ACTUATION,"foi identificado que rolamento nao atuou apos constatacao de produto mal posicionado, confirmado por peca alimentada na orientacao errada durante a producao",EMPACOTADORA,Ajuste,GRUPO_3,ROLAMENTO,L02,ROLAMENTO,Falha de rolamento,OPERACAO
677,O_STARTUP_PROCEDURE_ERROR_02,STARTUP_PROCEDURE_ERROR,THERMAL_ALARM,"rolamento apresentou alarme térmico devido a procedimento de partida incorreto, confirmado por aquecimento inicial interrompido cedo",EMPACOTADORA,Parada não programada,GRUPO_3,ROLAMENTO,L05,ROLAMENTO,Falha de rolamento,OPERACAO
678,M_MECHANICAL_BREAKAGE_03,MECHANICAL_BREAKAGE,OUT_OF_POSITION,"foi identificado que acoplamento fora de posicao em razao de quebra mecanica, confirmado por fratura da peca durante a producao",EMPACOTADORA,Processo,GRUPO_2,ACOPLAMENTO,L04,ACOPLAMENTO,Falha de acoplamento,MANUTENCAO
679,O_WRONG_PROCEDURE_04,WRONG_PROCEDURE,PRODUCT_LOSS,"DURANTE O CICLO, VALVULA PROVOCOU PERDA DE PRODUTO EM RAZÃO DE PROCEDIMENTO INCORRETO, CONFIRMADO POR ROTINA PRODUTIVA APLICADA DE FORMA ERRADA NO CICLO ATUAL",LAVADORA,Parada não programada,GRUPO_5,VALVULA,L02,VALVULA,Falha de valvula,OPERACAO
680,M_MECHANICAL_WEAR_02,MECHANICAL_WEAR,MISALIGNMENT,"foi identificado que garra desalinhado apos constatacao de degradacao por uso, confirmado por superficie consumida pelo uso durante a producao",EMPACOTADORA,Processo,GRUPO_1,GARRA,L02,GARRA,Falha de garra,MANUTENCAO
681,M_SEAL_FAILURE_01,SEAL_FAILURE,PRODUCT_LOSS,"após inspeção, dosador provocou perda de produto após constatação de falha de vedação, confirmado por retentor danificado causando parada do equipamento",PALETIZADORA,Anomalia,GRUPO_5,DOSADOR,L01,DOSADOR,Falha de dosador,MANUTENCAO
682,O_WRONG_REFERENCE_03,WRONG_REFERENCE,NO_SIGNAL,"foi identificado que inversor sem sinal apos constatacao de ponto de referencia errado, confirmado por zero operacional definido fora da posicao durante a producao",PALETIZADORA,Parada não programada,GRUPO_1,INVERSOR,L05,INVERSOR,Falha de inversor,OPERACAO
683,M_BEARING_FAILURE_02,BEARING_FAILURE,OVERLOAD,"acoplamento em sobrecarga devido a rolamento danificado, confirmado por rolamento com pista danificada",EMPACOTADORA,Parada não programada,GRUPO_2,ACOPLAMENTO,L01,ACOPLAMENTO,Falha de acoplamento,MANUTENCAO
684,M_LEAKAGE_04,LEAKAGE,LOW_FLOW,"foi identificado que mangueira com fluxo insuficiente apos constatacao de perda de estanqueidade, confirmado por fuga pelo corpo trincado durante a producao",ENVASADORA,Ajuste,GRUPO_4,MANGUEIRA,L05,MANGUEIRA,Falha de mangueira,MANUTENCAO
685,M_ELECTRICAL_FAILURE_02,ELECTRICAL_FAILURE,INTERMITTENT_STOP,"dosador parou de forma intermitente porque ocorreu defeito no circuito, confirmado por bobina queimada",PALETIZADORA,Ajuste,GRUPO_5,DOSADOR,L04,DOSADOR,Falha de dosador,MANUTENCAO
686,M_MECHANICAL_WEAR_01,MECHANICAL_WEAR,MISALIGNMENT,"parada porque sensor desalinhado devido a desgaste mecânico, confirmado por desgaste progressivo e houve interrupção",ENVASADORA,Processo,GRUPO_1,SENSOR,L05,SENSOR,Falha de sensor,MANUTENCAO
687,M_HARDWARE_FAILURE_01,HARDWARE_FAILURE,COMMAND_FAILURE,"parada porque acoplamento não respondeu ao comando porque ocorreu falha de hardware, confirmado por módulo eletrônico queimado e houve interrupção",EMPACOTADORA,Parada não programada,GRUPO_2,ACOPLAMENTO,L03,ACOPLAMENTO,Falha de acoplamento,MANUTENCAO
688,O_WRONG_RECIPE_04,WRONG_RECIPE,LOW_FLOW,"DURANTE O CICLO, MANGUEIRA COM FLUXO INSUFICIENTE PORQUE OCORREU PROGRAMA DE PRODUTO ERRADO, CONFIRMADO POR RECEITA INCOMPATÍVEL COM A PRODUÇÃO NO CICLO ATUAL",ENVASADORA,Processo,GRUPO_4,MANGUEIRA,L03,MANGUEIRA,Falha de mangueira,OPERACAO
689,O_WRONG_RECIPE_01,WRONG_RECIPE,LOW_FLOW,"bocal com fluxo insuficiente porque ocorreu programa de produto errado, confirmado por receita de outro produto selecionada",PALETIZADORA,Parada não programada,GRUPO_4,BOCAL,L01,BOCAL,Falha de bocal,OPERACAO
690,O_WRONG_SPEED_SETTING_02,WRONG_SPEED_SETTING,WRONG_SPEED,"DURANTE O CICLO, MOTOR OPERANDO EM VELOCIDADE INCORRETA EM RAZÃO DE VELOCIDADE MAL CONFIGURADA, CONFIRMADO POR REFERÊNCIA DE VELOCIDADE ACIMA DO PADRÃO NO CICLO ATUAL",ENVASADORA,Anomalia,GRUPO_3,MOTOR,L06,MOTOR,Falha de motor,OPERACAO
691,M_MECHANICAL_CLEARANCE_03,MECHANICAL_CLEARANCE,POSITION_DRIFT,"após inspeção, sensor perdeu a posição após constatação de jogo mecânico excessivo, confirmado por fixação mecânica frouxa causando parada do equipamento",ENVASADORA,Parada não programada,GRUPO_1,SENSOR,L02,SENSOR,Falha de sensor,MANUTENCAO
692,O_WRONG_PROCEDURE_03,WRONG_PROCEDURE,PRODUCT_LOSS,"parada porque vedacao provocou perda de produto porque ocorreu rotina produtiva inadequada, confirmado por sequência do processo ignorada e houve interrupção",ROTULADORA,Anomalia,GRUPO_5,VEDACAO,L05,VEDACAO,Falha de vedacao,OPERACAO
693,O_PRODUCT_ACCUMULATION_03,PRODUCT_ACCUMULATION,BLOCKAGE,"DURANTE O CICLO, VALVULA FICOU BLOQUEADO PORQUE OCORREU EXCESSO ACUMULADO NO PROCESSO, CONFIRMADO POR PRODUTO SOBREPOSTO TRAVOU O FLUXO NO CICLO ATUAL",LAVADORA,Anomalia,GRUPO_5,VALVULA,L02,VALVULA,Falha de valvula,OPERACAO
694,M_MECHANICAL_CLEARANCE_02,MECHANICAL_CLEARANCE,POSITION_DRIFT,"DURANTE O CICLO, INVERSOR PERDEU A POSIÇÃO EM RAZÃO DE FOLGA MECÂNICA, CONFIRMADO POR BUCHA COM FOLGA EXCESSIVA NO CICLO ATUAL",PALETIZADORA,Anomalia,GRUPO_1,INVERSOR,L05,INVERSOR,Falha de inversor,MANUTENCAO
695,O_EXCESS_FEED_01,EXCESS_FEED,OVERLOAD,"servo em sobrecarga devido a alimentação excessiva, confirmado por excesso de produto na alimentação",ENVASADORA,Processo,GRUPO_2,SERVO,L05,SERVO,Falha de servo,OPERACAO
696,M_MECHANICAL_BREAKAGE_02,MECHANICAL_BREAKAGE,OUT_OF_POSITION,"parada porque servo fora de posição devido a quebra mecânica, confirmado por elemento mecânico quebrado e houve interrupção",ENVASADORA,Parada não programada,GRUPO_2,SERVO,L06,SERVO,Falha de servo,MANUTENCAO
697,M_BLOCKAGE_BY_FAILURE_04,BLOCKAGE_BY_FAILURE,BLOCKAGE,"parada porque dosador ficou bloqueado devido a obstrução por peça danificada, confirmado por mecanismo avariado impedindo o fluxo e houve interrupção",PALETIZADORA,Anomalia,GRUPO_5,DOSADOR,L01,DOSADOR,Falha de dosador,MANUTENCAO
698,M_SIGNAL_FAILURE_03,SIGNAL_FAILURE,NO_SIGNAL,"inversor sem sinal devido a falha física no sinal, confirmado por placa eletrônica defeituosa",PALETIZADORA,Ajuste,GRUPO_1,INVERSOR,L06,INVERSOR,Falha de inversor,MANUTENCAO
699,M_SEAL_FAILURE_01,SEAL_FAILURE,PRODUCT_LOSS,"DURANTE O CICLO, DOSADOR PROVOCOU PERDA DE PRODUTO PORQUE OCORREU FALHA DE VEDAÇÃO, CONFIRMADO POR RETENTOR DANIFICADO NO CICLO ATUAL",PALETIZADORA,Parada não programada,GRUPO_5,DOSADOR,L05,DOSADOR,Falha de dosador,MANUTENCAO
700,O_FORMAT_CHANGE_ERROR_02,FORMAT_CHANGE_ERROR,POSITION_DRIFT,"após inspeção, inversor perdeu a posição devido a troca de formato mal realizada, confirmado por peça de formato montada na referência errada causando parada do equipamento",PALETIZADORA,Parada não programada,GRUPO_1,INVERSOR,L05,INVERSOR,Falha de inversor,OPERACAO
701,M_COMPONENT_DEGRADATION_04,COMPONENT_DEGRADATION,LOW_PERFORMANCE,"foi identificado que correia apresentou baixo desempenho apos constatacao de deterioracao fisica, confirmado por deterioracao fisica acumulada durante a producao",LAVADORA,Ajuste,GRUPO_1,CORREIA,L05,CORREIA,Falha de correia,MANUTENCAO
702,O_HANDLING_ERROR_04,HANDLING_ERROR,VIBRATION,"após inspeção, rejeitor apres. vibração elevada devido a manuseio inadequado, confirmado por intervenção manual deslocou o conjunto causando parada do equipamento",TRANSPORTADOR,Anomalia,GRUPO_4,REJEITOR,L02,REJEITOR,Falha de rejeitor,OPERACAO
703,M_SEAL_FAILURE_03,SEAL_FAILURE,PRODUCT_LOSS,"parada porque vedacao provocou perda de produto devido a vedação danificada, confirmado por anel de vedação rompido e houve interrupção",ROTULADORA,Ajuste,GRUPO_5,VEDACAO,L02,VEDACAO,Falha de vedacao,MANUTENCAO
704,O_WRONG_RECIPE_01,WRONG_RECIPE,LOW_FLOW,"DURANTE O CICLO, BOCAL COM FLUXO INSUFICIENTE EM RAZÃO DE RECEITA INCORRETA, CONFIRMADO POR RECEITA DE OUTRO PRODUTO SELECIONADA NO CICLO ATUAL",PALETIZADORA,Ajuste,GRUPO_4,BOCAL,L02,BOCAL,Falha de bocal,OPERACAO
705,O_WRONG_GUIDE_ADJUSTMENT_03,WRONG_GUIDE_ADJUSTMENT,LOW_PERFORMANCE,"após inspeção, garra apres. baixo desempenho devido a regulagem incorreta da guia, confirmado por regulagem da guia pressionou o produto causando parada do equipamento",EMPACOTADORA,Ajuste,GRUPO_1,GARRA,L04,GARRA,Falha de garra,OPERACAO
706,M_PNEUMATIC_FAILURE_02,PNEUMATIC_FAILURE,SLOW_MOVEMENT,"foi identificado que cilindro com movimento lento em razao de falha pneumatica, confirmado por mangueira de ar furada durante a producao",ROTULADORA,Anomalia,GRUPO_4,CILINDRO,L05,CILINDRO,Falha de cilindro,MANUTENCAO
707,O_BAD_SETUP_01,BAD_SETUP,MISALIGNMENT,"sensor desalinhado devido a setup incorreto, confirmado por setup executado fora do padrão",ENVASADORA,Processo,GRUPO_1,SENSOR,L05,SENSOR,Falha de sensor,OPERACAO
708,M_BLOCKAGE_BY_FAILURE_01,BLOCKAGE_BY_FAILURE,BLOCKAGE,"DURANTE O CICLO, BOMBA FICOU BLOQUEADO PORQUE OCORREU BLOQUEIO CAUSADO POR AVARIA, CONFIRMADO POR PEÇA QUEBRADA BLOQUEANDO A PASSAGEM NO CICLO ATUAL",TRANSPORTADOR,Parada não programada,GRUPO_5,BOMBA,L04,BOMBA,Falha de bomba,MANUTENCAO
709,O_WRONG_SEQUENCE_01,WRONG_SEQUENCE,COMMAND_FAILURE,"após inspeção, acoplamento não respondeu ao comando devido a sequência incorreta, confirmado por comando enviado fora da sequência causando parada do equipamento",EMPACOTADORA,Processo,GRUPO_2,ACOPLAMENTO,L06,ACOPLAMENTO,Falha de acoplamento,OPERACAO
710,M_ELECTRICAL_FAILURE_04,ELECTRICAL_FAILURE,INTERMITTENT_STOP,"parada porque vedacao parou de forma intermitente devido a falha elétrica, confirmado por terminal elétrico carbonizado e houve interrupção",ROTULADORA,Anomalia,GRUPO_5,VEDACAO,L03,VEDACAO,Falha de vedacao,MANUTENCAO
711,O_HANDLING_ERROR_01,HANDLING_ERROR,VIBRATION,"após inspeção, cilindro apres. vibração elevada devido a manuseio inadequado, confirmado por produto manuseado de forma inadequada causando parada do equipamento",ROTULADORA,Processo,GRUPO_4,CILINDRO,L02,CILINDRO,Falha de cilindro,OPERACAO
712,M_COMPONENT_DEGRADATION_02,COMPONENT_DEGRADATION,LOW_PERFORMANCE,"DURANTE O CICLO, SENSOR APRESENTOU BAIXO DESEMPENHO PORQUE OCORREU DETERIORAÇÃO FÍSICA, CONFIRMADO POR FADIGA DO MATERIAL NO CICLO ATUAL",ENVASADORA,Ajuste,GRUPO_1,SENSOR,L05,SENSOR,Falha de sensor,MANUTENCAO
713,M_MECHANICAL_CLEARANCE_04,MECHANICAL_CLEARANCE,POSITION_DRIFT,"após inspeção, garra perdeu a posição devido a folga mecânica, confirmado por encaixe gasto causando parada do equipamento",EMPACOTADORA,Anomalia,GRUPO_1,GARRA,L01,GARRA,Falha de garra,MANUTENCAO
714,O_WRONG_SPEED_SETTING_03,WRONG_SPEED_SETTING,WRONG_SPEED,"rolamento operando em velocidade incorreta porque ocorreu ajuste de velocidade incorreto, confirmado por cadência ajustada para valor errado",EMPACOTADORA,Anomalia,GRUPO_3,ROLAMENTO,L05,ROLAMENTO,Falha de rolamento,OPERACAO
715,M_HARDWARE_FAILURE_02,HARDWARE_FAILURE,COMMAND_FAILURE,"após inspeção, alimentador não respondeu ao comando após constatação de falha de hardware, confirmado por controlador com defeito causando parada do equipamento",LAVADORA,Processo,GRUPO_2,ALIMENTADOR,L03,ALIMENTADOR,Falha de alimentador,MANUTENCAO
716,M_STRUCTURAL_DAMAGE_01,STRUCTURAL_DAMAGE,VIBRATION,"após inspeção, cilindro apres. vibração elevada devido a dano estrutural, confirmado por base trincada causando parada do equipamento",ROTULADORA,Processo,GRUPO_4,CILINDRO,L04,CILINDRO,Falha de cilindro,MANUTENCAO
717,O_WRONG_PROCEDURE_04,WRONG_PROCEDURE,PRODUCT_LOSS,"DURANTE O CICLO, VALVULA PROVOCOU PERDA DE PRODUTO PORQUE OCORREU ROTINA PRODUTIVA INADEQUADA, CONFIRMADO POR ROTINA PRODUTIVA APLICADA DE FORMA ERRADA NO CICLO ATUAL",LAVADORA,Processo,GRUPO_5,VALVULA,L03,VALVULA,Falha de valvula,OPERACAO
718,O_WRONG_RECIPE_04,WRONG_RECIPE,LOW_FLOW,"foi identificado que mangueira com fluxo insuficiente apos constatacao de programa de produto errado, confirmado por receita incompativel com a producao durante a producao",ENVASADORA,Ajuste,GRUPO_4,MANGUEIRA,L03,MANGUEIRA,Falha de mangueira,OPERACAO
719,M_SIGNAL_FAILURE_03,SIGNAL_FAILURE,NO_SIGNAL,"DURANTE O CICLO, INVERSOR SEM SINAL EM RAZÃO DE FALHA FÍSICA NO SINAL, CONFIRMADO POR PLACA ELETRÔNICA DEFEITUOSA NO CICLO ATUAL",PALETIZADORA,Processo,GRUPO_1,INVERSOR,L06,INVERSOR,Falha de inversor,MANUTENCAO
720,M_PNEUMATIC_FAILURE_01,PNEUMATIC_FAILURE,SLOW_MOVEMENT,"rejeitor com movimento lento devido a falha pneumática, confirmado por atuador pneumático danificado",TRANSPORTADOR,Processo,GRUPO_4,REJEITOR,L03,REJEITOR,Falha de rejeitor,MANUTENCAO
721,O_EXCESS_FEED_01,EXCESS_FEED,OVERLOAD,"servo em sobrecarga porque ocorreu excesso de produto, confirmado por excesso de produto na alimentação",ENVASADORA,Parada não programada,GRUPO_2,SERVO,L04,SERVO,Falha de servo,OPERACAO
722,O_FORMAT_CHANGE_ERROR_03,FORMAT_CHANGE_ERROR,POSITION_DRIFT,"após inspeção, sensor perdeu a posição após constatação de erro na conversão de formato, confirmado por conversão de formato incompleta causando parada do equipamento",ENVASADORA,Parada não programada,GRUPO_1,SENSOR,L06,SENSOR,Falha de sensor,OPERACAO
723,M_SEAL_FAILURE_03,SEAL_FAILURE,PRODUCT_LOSS,"após inspeção, vedacao provocou perda de produto devido a vedação danificada, confirmado por anel de vedação rompido causando parada do equipamento",ROTULADORA,Ajuste,GRUPO_5,VEDACAO,L06,VEDACAO,Falha de vedacao,MANUTENCAO
724,O_WRONG_PARAMETER_03,WRONG_PARAMETER,INTERMITTENT_STOP,"DURANTE O CICLO, BOMBA PAROU DE FORMA INTERMITENTE PORQUE OCORREU CONFIGURAÇÃO DE VALOR ERRADA, CONFIRMADO POR TEMPORIZAÇÃO AJUSTADA ERRADA NO CICLO ATUAL",TRANSPORTADOR,Anomalia,GRUPO_5,BOMBA,L04,BOMBA,Falha de bomba,OPERACAO
725,O_FORMAT_CHANGE_ERROR_03,FORMAT_CHANGE_ERROR,POSITION_DRIFT,"sensor perdeu a posição porque ocorreu erro na conversão de formato, confirmado por conversão de formato incompleta",ENVASADORA,Anomalia,GRUPO_1,SENSOR,L02,SENSOR,Falha de sensor,OPERACAO
726,O_STARTUP_PROCEDURE_ERROR_04,STARTUP_PROCEDURE_ERROR,THERMAL_ALARM,"parada porque transportador apresentou alarme térmico porque ocorreu partida fora da sequência, confirmado por liberação de partida feita antes da condição e houve interrupção",ROTULADORA,Processo,GRUPO_3,TRANSPORTADOR,L02,TRANSPORTADOR,Falha de transportador,OPERACAO
727,O_FORMAT_CHANGE_ERROR_02,FORMAT_CHANGE_ERROR,POSITION_DRIFT,"DURANTE O CICLO, INVERSOR PERDEU A POSIÇÃO PORQUE OCORREU ERRO NA CONVERSÃO DE FORMATO, CONFIRMADO POR PEÇA DE FORMATO MONTADA NA REFERÊNCIA ERRADA NO CICLO ATUAL",PALETIZADORA,Ajuste,GRUPO_1,INVERSOR,L04,INVERSOR,Falha de inversor,OPERACAO
728,M_HARDWARE_FAILURE_04,HARDWARE_FAILURE,COMMAND_FAILURE,"foi identificado que servo nao respondeu ao comando apos constatacao de falha de hardware, confirmado por fonte eletronica danificada durante a producao",ENVASADORA,Ajuste,GRUPO_2,SERVO,L01,SERVO,Falha de servo,MANUTENCAO
729,M_STRUCTURAL_DAMAGE_04,STRUCTURAL_DAMAGE,VIBRATION,"parada porque rejeitor apresentou vibração elevada porque ocorreu estrutura avariada, confirmado por suporte estrutural danificado e houve interrupção",TRANSPORTADOR,Processo,GRUPO_4,REJEITOR,L05,REJEITOR,Falha de rejeitor,MANUTENCAO
730,M_LEAKAGE_03,LEAKAGE,LOW_FLOW,"cilindro com fluxo insuficiente porque ocorreu perda de estanqueidade, confirmado por junta deteriorada",ROTULADORA,Anomalia,GRUPO_4,CILINDRO,L03,CILINDRO,Falha de cilindro,MANUTENCAO
731,M_DRIVE_FAILURE_02,DRIVE_FAILURE,WRONG_SPEED,"parada porque motor operando em velocidade incorreta porque ocorreu falha da transmissão, confirmado por transmissão danificada e houve interrupção",ENVASADORA,Ajuste,GRUPO_3,MOTOR,L05,MOTOR,Falha de motor,MANUTENCAO
732,M_OVERHEATING_04,OVERHEATING,THERMAL_ALARM,"foi identificado que transportador apresentou alarme termico apos constatacao de falha termica fisica, confirmado por rolamento aquecendo por dano durante a producao",ROTULADORA,Ajuste,GRUPO_3,TRANSPORTADOR,L02,TRANSPORTADOR,Falha de transportador,MANUTENCAO
733,M_LEAKAGE_04,LEAKAGE,LOW_FLOW,"parada porque mangueira com fluxo insuficiente devido a vazamento por defeito, confirmado por fuga pelo corpo trincado e houve interrupção",ENVASADORA,Anomalia,GRUPO_4,MANGUEIRA,L02,MANGUEIRA,Falha de mangueira,MANUTENCAO
734,M_MECHANICAL_CLEARANCE_02,MECHANICAL_CLEARANCE,POSITION_DRIFT,"foi identificado que inversor perdeu a posicao em razao de folga mecanica, confirmado por bucha com folga excessiva durante a producao",PALETIZADORA,Anomalia,GRUPO_1,INVERSOR,L01,INVERSOR,Falha de inversor,MANUTENCAO
735,O_EXCESS_FEED_04,EXCESS_FEED,OVERLOAD,"DURANTE O CICLO, GUIA EM SOBRECARGA EM RAZÃO DE ALIMENTAÇÃO EXCESSIVA, CONFIRMADO POR VOLUME DE PRODUTO ACIMA DO PREVISTO NO CICLO ATUAL",ROTULADORA,Parada não programada,GRUPO_2,GUIA,L05,GUIA,Falha de guia,OPERACAO
736,O_WRONG_SEQUENCE_03,WRONG_SEQUENCE,COMMAND_FAILURE,"guia não respondeu ao comando porque ocorreu ordem de comandos errada, confirmado por ciclo iniciado antes da liberação",ROTULADORA,Anomalia,GRUPO_2,GUIA,L03,GUIA,Falha de guia,OPERACAO
737,O_WRONG_GUIDE_ADJUSTMENT_03,WRONG_GUIDE_ADJUSTMENT,LOW_PERFORMANCE,"após inspeção, garra apres. baixo desempenho após constatação de guia mal ajustada, confirmado por regulagem da guia pressionou o produto causando parada do equipamento",EMPACOTADORA,Parada não programada,GRUPO_1,GARRA,L05,GARRA,Falha de garra,OPERACAO
738,O_WRONG_REFERENCE_04,WRONG_REFERENCE,NO_SIGNAL,"após inspeção, sensor sem sinal devido a referência incorreta, confirmado por referência de formato trocada causando parada do equipamento",ENVASADORA,Anomalia,GRUPO_1,SENSOR,L06,SENSOR,Falha de sensor,OPERACAO
739,M_LEAKAGE_03,LEAKAGE,LOW_FLOW,"após inspeção, cilindro com fluxo insuficiente devido a vazamento por defeito, confirmado por junta deteriorada causando parada do equipamento",ROTULADORA,Ajuste,GRUPO_4,CILINDRO,L06,CILINDRO,Falha de cilindro,MANUTENCAO
740,O_INADEQUATE_FLOW_01,INADEQUATE_FLOW,SLOW_MOVEMENT,"DURANTE O CICLO, REJEITOR COM MOVIMENTO LENTO EM RAZÃO DE FLUXO DE PROCESSO INADEQUADO, CONFIRMADO POR FLUXO DE PROCESSO AJUSTADO ABAIXO DO NECESSÁRIO NO CICLO ATUAL",TRANSPORTADOR,Ajuste,GRUPO_4,REJEITOR,L01,REJEITOR,Falha de rejeitor,OPERACAO
741,O_WRONG_SEQUENCE_04,WRONG_SEQUENCE,COMMAND_FAILURE,"servo não respondeu ao comando devido a sequência incorreta, confirmado por sequência automática selecionada errada",ENVASADORA,Anomalia,GRUPO_2,SERVO,L04,SERVO,Falha de servo,OPERACAO
742,M_SIGNAL_FAILURE_02,SIGNAL_FAILURE,NO_SIGNAL,"foi identificado que correia sem sinal em razao de falha fisica no sinal, confirmado por conector com mau contato durante a producao",LAVADORA,Anomalia,GRUPO_1,CORREIA,L02,CORREIA,Falha de correia,MANUTENCAO
743,O_PRODUCT_ACCUMULATION_04,PRODUCT_ACCUMULATION,BLOCKAGE,"parada porque dosador ficou bloqueado devido a acúmulo de produto, confirmado por processo acumulou material na entrada e houve interrupção",PALETIZADORA,Anomalia,GRUPO_5,DOSADOR,L05,DOSADOR,Falha de dosador,OPERACAO
744,O_FORMAT_CHANGE_ERROR_01,FORMAT_CHANGE_ERROR,POSITION_DRIFT,"correia perdeu a posição porque ocorreu erro na conversão de formato, confirmado por troca de formato deixou o conjunto fora de posição",LAVADORA,Parada não programada,GRUPO_1,CORREIA,L02,CORREIA,Falha de correia,OPERACAO
745,M_PNEUMATIC_FAILURE_01,PNEUMATIC_FAILURE,SLOW_MOVEMENT,"parada porque rejeitor com movimento lento devido a falha pneumática, confirmado por atuador pneumático danificado e houve interrupção",TRANSPORTADOR,Processo,GRUPO_4,REJEITOR,L01,REJEITOR,Falha de rejeitor,MANUTENCAO
746,O_WRONG_PARAMETER_03,WRONG_PARAMETER,INTERMITTENT_STOP,"bomba parou de forma intermitente porque ocorreu configuração de valor errada, confirmado por temporização ajustada errada",TRANSPORTADOR,Anomalia,GRUPO_5,BOMBA,L02,BOMBA,Falha de bomba,OPERACAO
747,O_WRONG_GUIDE_ADJUSTMENT_01,WRONG_GUIDE_ADJUSTMENT,LOW_PERFORMANCE,"após inspeção, inversor apres. baixo desempenho após constatação de guia mal ajustada, confirmado por guia ajustada para largura incorreta causando parada do equipamento",PALETIZADORA,Anomalia,GRUPO_1,INVERSOR,L05,INVERSOR,Falha de inversor,OPERACAO
748,M_MECHANICAL_WEAR_03,MECHANICAL_WEAR,MISALIGNMENT,"correia desalinhado devido a desgaste mecânico, confirmado por desgaste acima do limite",LAVADORA,Ajuste,GRUPO_1,CORREIA,L01,CORREIA,Falha de correia,MANUTENCAO
749,O_STARTUP_PROCEDURE_ERROR_01,STARTUP_PROCEDURE_ERROR,THERMAL_ALARM,"motor apresentou alarme térmico devido a procedimento de partida incorreto, confirmado por partida realizada sem estabilização do processo",ENVASADORA,Processo,GRUPO_3,MOTOR,L05,MOTOR,Falha de motor,OPERACAO
750,M_BLOCKAGE_BY_FAILURE_01,BLOCKAGE_BY_FAILURE,BLOCKAGE,"bomba ficou bloqueado devido a obstrução por peça danificada, confirmado por peça quebrada bloqueando a passagem",TRANSPORTADOR,Processo,GRUPO_5,BOMBA,L03,BOMBA,Falha de bomba,MANUTENCAO
751,O_WRONG_SPEED_SETTING_03,WRONG_SPEED_SETTING,WRONG_SPEED,"parada porque rolamento operando em velocidade incorreta porque ocorreu ajuste de velocidade incorreto, confirmado por cadência ajustada para valor errado e houve interrupção",EMPACOTADORA,Anomalia,GRUPO_3,ROLAMENTO,L03,ROLAMENTO,Falha de rolamento,OPERACAO
752,O_WRONG_SEQUENCE_02,WRONG_SEQUENCE,COMMAND_FAILURE,"após inspeção, alimentador não respondeu ao comando após constatação de ordem de comandos errada, confirmado por etapas acionadas na ordem incorreta causando parada do equipamento",LAVADORA,Processo,GRUPO_2,ALIMENTADOR,L01,ALIMENTADOR,Falha de alimentador,OPERACAO
753,O_PRODUCT_ACCUMULATION_04,PRODUCT_ACCUMULATION,BLOCKAGE,"foi identificado que dosador ficou bloqueado em razao de acumulo de produto, confirmado por processo acumulou material na entrada durante a producao",PALETIZADORA,Parada não programada,GRUPO_5,DOSADOR,L03,DOSADOR,Falha de dosador,OPERACAO
754,O_FORMAT_CHANGE_ERROR_04,FORMAT_CHANGE_ERROR,POSITION_DRIFT,"parada porque garra perdeu a posição porque ocorreu erro na conversão de formato, confirmado por ajuste pós troca de formato não realizado e houve interrupção",EMPACOTADORA,Processo,GRUPO_1,GARRA,L06,GARRA,Falha de garra,OPERACAO
755,O_BAD_ADJUSTMENT_02,BAD_ADJUSTMENT,OUT_OF_POSITION,"foi identificado que servo fora de posicao em razao de regulagem incorreta, confirmado por ajuste operacional incorreto durante a producao",ENVASADORA,Anomalia,GRUPO_2,SERVO,L02,SERVO,Falha de servo,OPERACAO
756,O_WRONG_REFERENCE_01,WRONG_REFERENCE,NO_SIGNAL,"DURANTE O CICLO, GARRA SEM SINAL EM RAZÃO DE REFERÊNCIA INCORRETA, CONFIRMADO POR REFERÊNCIA SELECIONADA INCORRETAMENTE NO CICLO ATUAL",EMPACOTADORA,Ajuste,GRUPO_1,GARRA,L04,GARRA,Falha de garra,OPERACAO
757,M_LEAKAGE_02,LEAKAGE,LOW_FLOW,"rejeitor com fluxo insuficiente porque ocorreu perda de estanqueidade, confirmado por conexão perdeu estanqueidade",TRANSPORTADOR,Ajuste,GRUPO_4,REJEITOR,L03,REJEITOR,Falha de rejeitor,MANUTENCAO
758,M_PNEUMATIC_FAILURE_03,PNEUMATIC_FAILURE,SLOW_MOVEMENT,"foi identificado que mangueira com movimento lento em razao de falha pneumatica, confirmado por conjunto pneumatico com defeito durante a producao",ENVASADORA,Processo,GRUPO_4,MANGUEIRA,L05,MANGUEIRA,Falha de mangueira,MANUTENCAO
759,O_WRONG_GUIDE_ADJUSTMENT_04,WRONG_GUIDE_ADJUSTMENT,LOW_PERFORMANCE,"correia apresentou baixo desempenho devido a regulagem incorreta da guia, confirmado por guia operacional ficou distante da referência",LAVADORA,Anomalia,GRUPO_1,CORREIA,L02,CORREIA,Falha de correia,OPERACAO
760,M_STRUCTURAL_DAMAGE_01,STRUCTURAL_DAMAGE,VIBRATION,"DURANTE O CICLO, CILINDRO APRESENTOU VIBRAÇÃO ELEVADA PORQUE OCORREU ESTRUTURA AVARIADA, CONFIRMADO POR BASE TRINCADA NO CICLO ATUAL",ROTULADORA,Parada não programada,GRUPO_4,CILINDRO,L03,CILINDRO,Falha de cilindro,MANUTENCAO
761,O_WRONG_SPEED_SETTING_02,WRONG_SPEED_SETTING,WRONG_SPEED,"parada porque motor operando em velocidade incorreta porque ocorreu ajuste de velocidade incorreto, confirmado por referência de velocidade acima do padrão e houve interrupção",ENVASADORA,Ajuste,GRUPO_3,MOTOR,L03,MOTOR,Falha de motor,OPERACAO
762,O_BAD_ADJUSTMENT_03,BAD_ADJUSTMENT,OUT_OF_POSITION,"parada porque acoplamento fora de posição devido a regulagem incorreta, confirmado por regulagem excessivamente aberta e houve interrupção",EMPACOTADORA,Ajuste,GRUPO_2,ACOPLAMENTO,L04,ACOPLAMENTO,Falha de acoplamento,OPERACAO
763,O_EXCESS_FEED_03,EXCESS_FEED,OVERLOAD,"após inspeção, alimentador em sobrecarga devido a alimentação excessiva, confirmado por acúmulo causado por alimentação excessiva causando parada do equipamento",LAVADORA,Ajuste,GRUPO_2,ALIMENTADOR,L01,ALIMENTADOR,Falha de alimentador,OPERACAO
764,O_WRONG_SEQUENCE_01,WRONG_SEQUENCE,COMMAND_FAILURE,"DURANTE O CICLO, ACOPLAMENTO NÃO RESPONDEU AO COMANDO EM RAZÃO DE SEQUÊNCIA INCORRETA, CONFIRMADO POR COMANDO ENVIADO FORA DA SEQUÊNCIA NO CICLO ATUAL",EMPACOTADORA,Ajuste,GRUPO_2,ACOPLAMENTO,L04,ACOPLAMENTO,Falha de acoplamento,OPERACAO
765,O_WRONG_RECIPE_01,WRONG_RECIPE,LOW_FLOW,"parada porque bocal com fluxo insuficiente devido a receita incorreta, confirmado por receita de outro produto selecionada e houve interrupção",PALETIZADORA,Processo,GRUPO_4,BOCAL,L06,BOCAL,Falha de bocal,OPERACAO
766,M_HARDWARE_FAILURE_04,HARDWARE_FAILURE,COMMAND_FAILURE,"servo não respondeu ao comando porque ocorreu falha de hardware, confirmado por fonte eletrônica danificada",ENVASADORA,Processo,GRUPO_2,SERVO,L05,SERVO,Falha de servo,MANUTENCAO
767,M_ELECTRICAL_FAILURE_04,ELECTRICAL_FAILURE,INTERMITTENT_STOP,"foi identificado que vedacao parou de forma intermitente apos constatacao de defeito no circuito, confirmado por terminal eletrico carbonizado durante a producao",ROTULADORA,Ajuste,GRUPO_5,VEDACAO,L06,VEDACAO,Falha de vedacao,MANUTENCAO
768,M_SIGNAL_FAILURE_04,SIGNAL_FAILURE,NO_SIGNAL,"parada porque sensor sem sinal porque ocorreu defeito no sinal, confirmado por sensor com defeito interno e houve interrupção",ENVASADORA,Processo,GRUPO_1,SENSOR,L03,SENSOR,Falha de sensor,MANUTENCAO
769,M_RUPTURE_02,RUPTURE,NO_ACTUATION,"foi identificado que transportador nao atuou apos constatacao de ruptura do elemento, confirmado por cabo rompido durante a producao",ROTULADORA,Processo,GRUPO_3,TRANSPORTADOR,L04,TRANSPORTADOR,Falha de transportador,MANUTENCAO
770,M_RUPTURE_01,RUPTURE,NO_ACTUATION,"após inspeção, estrela não atuou devido a rompimento físico, confirmado por mangueira rompida causando parada do equipamento",TRANSPORTADOR,Processo,GRUPO_3,ESTRELA,L05,ESTRELA,Falha de estrela,MANUTENCAO
771,O_POSITIONING_ERROR_04,POSITIONING_ERROR,NO_ACTUATION,"DURANTE O CICLO, ROLAMENTO NÃO ATUOU PORQUE OCORREU PRODUTO MAL POSICIONADO, CONFIRMADO POR PEÇA ALIMENTADA NA ORIENTAÇÃO ERRADA NO CICLO ATUAL",EMPACOTADORA,Processo,GRUPO_3,ROLAMENTO,L02,ROLAMENTO,Falha de rolamento,OPERACAO
772,O_FORMAT_CHANGE_ERROR_03,FORMAT_CHANGE_ERROR,POSITION_DRIFT,"parada porque sensor perdeu a posição porque ocorreu erro na conversão de formato, confirmado por conversão de formato incompleta e houve interrupção",ENVASADORA,Anomalia,GRUPO_1,SENSOR,L06,SENSOR,Falha de sensor,OPERACAO
773,M_MECHANICAL_BREAKAGE_01,MECHANICAL_BREAKAGE,OUT_OF_POSITION,"parada porque guia fora de posição devido a quebra mecânica, confirmado por quebra do suporte e houve interrupção",ROTULADORA,Processo,GRUPO_2,GUIA,L06,GUIA,Falha de guia,MANUTENCAO
774,M_COMPONENT_DEGRADATION_03,COMPONENT_DEGRADATION,LOW_PERFORMANCE,"garra apresentou baixo desempenho porque ocorreu deterioração física, confirmado por vida útil esgotada",EMPACOTADORA,Anomalia,GRUPO_1,GARRA,L03,GARRA,Falha de garra,MANUTENCAO
775,O_WRONG_REFERENCE_01,WRONG_REFERENCE,NO_SIGNAL,"parada porque garra sem sinal porque ocorreu ponto de referência errado, confirmado por referência selecionada incorretamente e houve interrupção",EMPACOTADORA,Parada não programada,GRUPO_1,GARRA,L01,GARRA,Falha de garra,OPERACAO
776,O_WRONG_GUIDE_ADJUSTMENT_04,WRONG_GUIDE_ADJUSTMENT,LOW_PERFORMANCE,"foi identificado que correia apresentou baixo desempenho em razao de regulagem incorreta da guia, confirmado por guia operacional ficou distante da referencia durante a producao",LAVADORA,Parada não programada,GRUPO_1,CORREIA,L04,CORREIA,Falha de correia,OPERACAO
777,M_MECHANICAL_BREAKAGE_04,MECHANICAL_BREAKAGE,OUT_OF_POSITION,"após inspeção, alimentador fora de posição devido a quebra mecânica, confirmado por ruptura estrutural causando parada do equipamento",LAVADORA,Anomalia,GRUPO_2,ALIMENTADOR,L04,ALIMENTADOR,Falha de alimentador,MANUTENCAO
778,O_EXCESS_FEED_02,EXCESS_FEED,OVERLOAD,"DURANTE O CICLO, ACOPLAMENTO EM SOBRECARGA PORQUE OCORREU EXCESSO DE PRODUTO, CONFIRMADO POR ENTRADA ACIMA DA CAPACIDADE NO CICLO ATUAL",EMPACOTADORA,Ajuste,GRUPO_2,ACOPLAMENTO,L06,ACOPLAMENTO,Falha de acoplamento,OPERACAO
779,O_WRONG_GUIDE_ADJUSTMENT_04,WRONG_GUIDE_ADJUSTMENT,LOW_PERFORMANCE,"parada porque correia apresentou baixo desempenho devido a regulagem incorreta da guia, confirmado por guia operacional ficou distante da referência e houve interrupção",LAVADORA,Anomalia,GRUPO_1,CORREIA,L06,CORREIA,Falha de correia,OPERACAO
780,O_STARTUP_PROCEDURE_ERROR_02,STARTUP_PROCEDURE_ERROR,THERMAL_ALARM,"DURANTE O CICLO, ROLAMENTO APRESENTOU ALARME TÉRMICO PORQUE OCORREU PARTIDA FORA DA SEQUÊNCIA, CONFIRMADO POR AQUECIMENTO INICIAL INTERROMPIDO CEDO NO CICLO ATUAL",EMPACOTADORA,Ajuste,GRUPO_3,ROLAMENTO,L06,ROLAMENTO,Falha de rolamento,OPERACAO
781,O_WRONG_SPEED_SETTING_04,WRONG_SPEED_SETTING,WRONG_SPEED,"após inspeção, estrela operando em velocidade incorreta devido a velocidade mal configurada, confirmado por sincronismo de velocidade mal configurado causando parada do equipamento",TRANSPORTADOR,Anomalia,GRUPO_3,ESTRELA,L02,ESTRELA,Falha de estrela,OPERACAO
782,M_PNEUMATIC_FAILURE_02,PNEUMATIC_FAILURE,SLOW_MOVEMENT,"DURANTE O CICLO, CILINDRO COM MOVIMENTO LENTO PORQUE OCORREU DEFEITO PNEUMÁTICO, CONFIRMADO POR MANGUEIRA DE AR FURADA NO CICLO ATUAL",ROTULADORA,Ajuste,GRUPO_4,CILINDRO,L04,CILINDRO,Falha de cilindro,MANUTENCAO
783,M_DRIVE_FAILURE_04,DRIVE_FAILURE,WRONG_SPEED,"DURANTE O CICLO, ESTRELA OPERANDO EM VELOCIDADE INCORRETA PORQUE OCORREU FALHA DA TRANSMISSÃO, CONFIRMADO POR INVERSOR COM FALHA DE HARDWARE NO CICLO ATUAL",TRANSPORTADOR,Processo,GRUPO_3,ESTRELA,L03,ESTRELA,Falha de estrela,MANUTENCAO
784,M_STRUCTURAL_DAMAGE_01,STRUCTURAL_DAMAGE,VIBRATION,"após inspeção, cilindro apres. vibração elevada após constatação de estrutura avariada, confirmado por base trincada causando parada do equipamento",ROTULADORA,Anomalia,GRUPO_4,CILINDRO,L05,CILINDRO,Falha de cilindro,MANUTENCAO
785,O_BAD_ADJUSTMENT_03,BAD_ADJUSTMENT,OUT_OF_POSITION,"foi identificado que acoplamento fora de posicao em razao de regulagem incorreta, confirmado por regulagem excessivamente aberta durante a producao",EMPACOTADORA,Processo,GRUPO_2,ACOPLAMENTO,L02,ACOPLAMENTO,Falha de acoplamento,OPERACAO
786,M_LEAKAGE_03,LEAKAGE,LOW_FLOW,"DURANTE O CICLO, CILINDRO COM FLUXO INSUFICIENTE PORQUE OCORREU PERDA DE ESTANQUEIDADE, CONFIRMADO POR JUNTA DETERIORADA NO CICLO ATUAL",ROTULADORA,Anomalia,GRUPO_4,CILINDRO,L05,CILINDRO,Falha de cilindro,MANUTENCAO
787,M_RUPTURE_01,RUPTURE,NO_ACTUATION,"parada porque estrela não atuou porque ocorreu ruptura do elemento, confirmado por mangueira rompida e houve interrupção",TRANSPORTADOR,Parada não programada,GRUPO_3,ESTRELA,L06,ESTRELA,Falha de estrela,MANUTENCAO
788,M_PNEUMATIC_FAILURE_01,PNEUMATIC_FAILURE,SLOW_MOVEMENT,"DURANTE O CICLO, REJEITOR COM MOVIMENTO LENTO PORQUE OCORREU DEFEITO PNEUMÁTICO, CONFIRMADO POR ATUADOR PNEUMÁTICO DANIFICADO NO CICLO ATUAL",TRANSPORTADOR,Parada não programada,GRUPO_4,REJEITOR,L04,REJEITOR,Falha de rejeitor,MANUTENCAO
789,O_POSITIONING_ERROR_04,POSITIONING_ERROR,NO_ACTUATION,"DURANTE O CICLO, ROLAMENTO NÃO ATUOU EM RAZÃO DE POSICIONAMENTO INCORRETO, CONFIRMADO POR PEÇA ALIMENTADA NA ORIENTAÇÃO ERRADA NO CICLO ATUAL",EMPACOTADORA,Parada não programada,GRUPO_3,ROLAMENTO,L01,ROLAMENTO,Falha de rolamento,OPERACAO
790,O_PRODUCT_ACCUMULATION_02,PRODUCT_ACCUMULATION,BLOCKAGE,"vedacao ficou bloqueado devido a acúmulo de produto, confirmado por fila de embalagens causou obstrução",ROTULADORA,Parada não programada,GRUPO_5,VEDACAO,L01,VEDACAO,Falha de vedacao,OPERACAO
791,M_MECHANICAL_BREAKAGE_01,MECHANICAL_BREAKAGE,OUT_OF_POSITION,"guia fora de posição devido a quebra mecânica, confirmado por quebra do suporte",ROTULADORA,Processo,GRUPO_2,GUIA,L02,GUIA,Falha de guia,MANUTENCAO
792,O_WRONG_SPEED_SETTING_04,WRONG_SPEED_SETTING,WRONG_SPEED,"estrela operando em velocidade incorreta porque ocorreu ajuste de velocidade incorreto, confirmado por sincronismo de velocidade mal configurado",TRANSPORTADOR,Processo,GRUPO_3,ESTRELA,L05,ESTRELA,Falha de estrela,OPERACAO
793,M_MECHANICAL_WEAR_03,MECHANICAL_WEAR,MISALIGNMENT,"DURANTE O CICLO, CORREIA DESALINHADO PORQUE OCORREU DEGRADAÇÃO POR USO, CONFIRMADO POR DESGASTE ACIMA DO LIMITE NO CICLO ATUAL",LAVADORA,Anomalia,GRUPO_1,CORREIA,L02,CORREIA,Falha de correia,MANUTENCAO
794,M_MECHANICAL_CLEARANCE_04,MECHANICAL_CLEARANCE,POSITION_DRIFT,"foi identificado que garra perdeu a posicao em razao de folga mecanica, confirmado por encaixe gasto durante a producao",EMPACOTADORA,Parada não programada,GRUPO_1,GARRA,L01,GARRA,Falha de garra,MANUTENCAO
795,M_MECHANICAL_BREAKAGE_04,MECHANICAL_BREAKAGE,OUT_OF_POSITION,"após inspeção, alimentador fora de posição após constatação de fratura da peça, confirmado por ruptura estrutural causando parada do equipamento",LAVADORA,Ajuste,GRUPO_2,ALIMENTADOR,L05,ALIMENTADOR,Falha de alimentador,MANUTENCAO
796,O_FORMAT_CHANGE_ERROR_01,FORMAT_CHANGE_ERROR,POSITION_DRIFT,"correia perdeu a posição devido a troca de formato mal realizada, confirmado por troca de formato deixou o conjunto fora de posição",LAVADORA,Processo,GRUPO_1,CORREIA,L03,CORREIA,Falha de correia,OPERACAO
797,O_WRONG_REFERENCE_02,WRONG_REFERENCE,NO_SIGNAL,"após inspeção, correia sem sinal devido a referência incorreta, confirmado por ponto de referência informado errado causando parada do equipamento",LAVADORA,Parada não programada,GRUPO_1,CORREIA,L06,CORREIA,Falha de correia,OPERACAO
798,M_BEARING_FAILURE_01,BEARING_FAILURE,OVERLOAD,"parada porque servo em sobrecarga porque ocorreu falha no mancal, confirmado por rolamento travado e houve interrupção",ENVASADORA,Parada não programada,GRUPO_2,SERVO,L04,SERVO,Falha de servo,MANUTENCAO
799,M_OVERHEATING_03,OVERHEATING,THERMAL_ALARM,"após inspeção, estrela apres. alarme térmico após constatação de falha térmica física, confirmado por isolação degradada pelo calor causando parada do equipamento",TRANSPORTADOR,Parada não programada,GRUPO_3,ESTRELA,L04,ESTRELA,Falha de estrela,MANUTENCAO
800,O_BAD_ADJUSTMENT_03,BAD_ADJUSTMENT,OUT_OF_POSITION,"após inspeção, acoplamento fora de posição após constatação de ajuste incorreto, confirmado por regulagem excessivamente aberta causando parada do equipamento",EMPACOTADORA,Parada não programada,GRUPO_2,ACOPLAMENTO,L03,ACOPLAMENTO,Falha de acoplamento,OPERACAO
801,M_COMPONENT_DEGRADATION_01,COMPONENT_DEGRADATION,LOW_PERFORMANCE,"após inspeção, inversor apres. baixo desempenho após constatação de deterioração física, confirmado por componente degradado pelo tempo causando parada do equipamento",PALETIZADORA,Anomalia,GRUPO_1,INVERSOR,L01,INVERSOR,Falha de inversor,MANUTENCAO
802,M_MECHANICAL_WEAR_01,MECHANICAL_WEAR,MISALIGNMENT,"sensor desalinhado devido a desgaste mecânico, confirmado por desgaste progressivo",ENVASADORA,Processo,GRUPO_1,SENSOR,L01,SENSOR,Falha de sensor,MANUTENCAO
803,M_MECHANICAL_CLEARANCE_01,MECHANICAL_CLEARANCE,POSITION_DRIFT,"DURANTE O CICLO, CORREIA PERDEU A POSIÇÃO PORQUE OCORREU JOGO MECÂNICO EXCESSIVO, CONFIRMADO POR FOLGA NO EIXO NO CICLO ATUAL",LAVADORA,Parada não programada,GRUPO_1,CORREIA,L06,CORREIA,Falha de correia,MANUTENCAO
804,M_BLOCKAGE_BY_FAILURE_02,BLOCKAGE_BY_FAILURE,BLOCKAGE,"DURANTE O CICLO, VEDACAO FICOU BLOQUEADO PORQUE OCORREU BLOQUEIO CAUSADO POR AVARIA, CONFIRMADO POR COMPONENTE DEFORMADO CAUSANDO OBSTRUÇÃO NO CICLO ATUAL",ROTULADORA,Ajuste,GRUPO_5,VEDACAO,L04,VEDACAO,Falha de vedacao,MANUTENCAO
805,O_FORMAT_CHANGE_ERROR_03,FORMAT_CHANGE_ERROR,POSITION_DRIFT,"sensor perdeu a posição devido a troca de formato mal realizada, confirmado por conversão de formato incompleta",ENVASADORA,Ajuste,GRUPO_1,SENSOR,L03,SENSOR,Falha de sensor,OPERACAO
806,O_PRODUCT_ACCUMULATION_04,PRODUCT_ACCUMULATION,BLOCKAGE,"dosador ficou bloqueado devido a acúmulo de produto, confirmado por processo acumulou material na entrada",PALETIZADORA,Anomalia,GRUPO_5,DOSADOR,L01,DOSADOR,Falha de dosador,OPERACAO
807,O_HANDLING_ERROR_04,HANDLING_ERROR,VIBRATION,"parada porque rejeitor apresentou vibração elevada porque ocorreu intervenção manual incorreta, confirmado por intervenção manual deslocou o conjunto e houve interrupção",TRANSPORTADOR,Processo,GRUPO_4,REJEITOR,L03,REJEITOR,Falha de rejeitor,OPERACAO
808,O_WRONG_RECIPE_01,WRONG_RECIPE,LOW_FLOW,"DURANTE O CICLO, BOCAL COM FLUXO INSUFICIENTE PORQUE OCORREU PROGRAMA DE PRODUTO ERRADO, CONFIRMADO POR RECEITA DE OUTRO PRODUTO SELECIONADA NO CICLO ATUAL",PALETIZADORA,Parada não programada,GRUPO_4,BOCAL,L03,BOCAL,Falha de bocal,OPERACAO
809,M_SIGNAL_FAILURE_01,SIGNAL_FAILURE,NO_SIGNAL,"parada porque garra sem sinal devido a falha física no sinal, confirmado por cabo de sinal danificado e houve interrupção",EMPACOTADORA,Processo,GRUPO_1,GARRA,L04,GARRA,Falha de garra,MANUTENCAO
810,O_WRONG_GUIDE_ADJUSTMENT_04,WRONG_GUIDE_ADJUSTMENT,LOW_PERFORMANCE,"após inspeção, correia apres. baixo desempenho após constatação de guia mal ajustada, confirmado por guia operacional ficou distante da referência causando parada do equipamento",LAVADORA,Ajuste,GRUPO_1,CORREIA,L05,CORREIA,Falha de correia,OPERACAO
811,M_PNEUMATIC_FAILURE_04,PNEUMATIC_FAILURE,SLOW_MOVEMENT,"DURANTE O CICLO, BOCAL COM MOVIMENTO LENTO EM RAZÃO DE FALHA PNEUMÁTICA, CONFIRMADO POR ÊMBOLO COM DESGASTE NO CICLO ATUAL",PALETIZADORA,Parada não programada,GRUPO_4,BOCAL,L03,BOCAL,Falha de bocal,MANUTENCAO
812,M_LEAKAGE_02,LEAKAGE,LOW_FLOW,"após inspeção, rejeitor com fluxo insuficiente após constatação de perda de estanqueidade, confirmado por conexão perdeu estanqueidade causando parada do equipamento",TRANSPORTADOR,Processo,GRUPO_4,REJEITOR,L01,REJEITOR,Falha de rejeitor,MANUTENCAO
813,M_PNEUMATIC_FAILURE_01,PNEUMATIC_FAILURE,SLOW_MOVEMENT,"após inspeção, rejeitor com movimento lento após constatação de defeito pneumático, confirmado por atuador pneumático danificado causando parada do equipamento",TRANSPORTADOR,Anomalia,GRUPO_4,REJEITOR,L06,REJEITOR,Falha de rejeitor,MANUTENCAO
814,O_WRONG_SPEED_SETTING_02,WRONG_SPEED_SETTING,WRONG_SPEED,"parada porque motor operando em velocidade incorreta devido a velocidade mal configurada, confirmado por referência de velocidade acima do padrão e houve interrupção",ENVASADORA,Parada não programada,GRUPO_3,MOTOR,L04,MOTOR,Falha de motor,OPERACAO
815,M_SIGNAL_FAILURE_04,SIGNAL_FAILURE,NO_SIGNAL,"após inspeção, sensor sem sinal devido a falha física no sinal, confirmado por sensor com defeito interno causando parada do equipamento",ENVASADORA,Anomalia,GRUPO_1,SENSOR,L02,SENSOR,Falha de sensor,MANUTENCAO
816,M_COMPONENT_DEGRADATION_03,COMPONENT_DEGRADATION,LOW_PERFORMANCE,"parada porque garra apresentou baixo desempenho devido a degradação do componente, confirmado por vida útil esgotada e houve interrupção",EMPACOTADORA,Ajuste,GRUPO_1,GARRA,L02,GARRA,Falha de garra,MANUTENCAO
817,O_WRONG_PROCEDURE_04,WRONG_PROCEDURE,PRODUCT_LOSS,"foi identificado que valvula provocou perda de produto em razao de procedimento incorreto, confirmado por rotina produtiva aplicada de forma errada durante a producao",LAVADORA,Parada não programada,GRUPO_5,VALVULA,L04,VALVULA,Falha de valvula,OPERACAO
818,O_BAD_ADJUSTMENT_02,BAD_ADJUSTMENT,OUT_OF_POSITION,"foi identificado que servo fora de posicao apos constatacao de ajuste incorreto, confirmado por ajuste operacional incorreto durante a producao",ENVASADORA,Processo,GRUPO_2,SERVO,L01,SERVO,Falha de servo,OPERACAO
819,O_EXCESS_FEED_02,EXCESS_FEED,OVERLOAD,"parada porque acoplamento em sobrecarga porque ocorreu excesso de produto, confirmado por entrada acima da capacidade e houve interrupção",EMPACOTADORA,Ajuste,GRUPO_2,ACOPLAMENTO,L02,ACOPLAMENTO,Falha de acoplamento,OPERACAO
820,O_BAD_ADJUSTMENT_01,BAD_ADJUSTMENT,OUT_OF_POSITION,"guia fora de posição devido a regulagem incorreta, confirmado por regulagem feita na posição errada",ROTULADORA,Processo,GRUPO_2,GUIA,L06,GUIA,Falha de guia,OPERACAO
821,M_LEAKAGE_04,LEAKAGE,LOW_FLOW,"parada porque mangueira com fluxo insuficiente porque ocorreu perda de estanqueidade, confirmado por fuga pelo corpo trincado e houve interrupção",ENVASADORA,Processo,GRUPO_4,MANGUEIRA,L01,MANGUEIRA,Falha de mangueira,MANUTENCAO
822,O_WRONG_REFERENCE_03,WRONG_REFERENCE,NO_SIGNAL,"DURANTE O CICLO, INVERSOR SEM SINAL EM RAZÃO DE REFERÊNCIA INCORRETA, CONFIRMADO POR ZERO OPERACIONAL DEFINIDO FORA DA POSIÇÃO NO CICLO ATUAL",PALETIZADORA,Processo,GRUPO_1,INVERSOR,L04,INVERSOR,Falha de inversor,OPERACAO
823,M_BLOCKAGE_BY_FAILURE_02,BLOCKAGE_BY_FAILURE,BLOCKAGE,"DURANTE O CICLO, VEDACAO FICOU BLOQUEADO EM RAZÃO DE OBSTRUÇÃO POR PEÇA DANIFICADA, CONFIRMADO POR COMPONENTE DEFORMADO CAUSANDO OBSTRUÇÃO NO CICLO ATUAL",ROTULADORA,Anomalia,GRUPO_5,VEDACAO,L03,VEDACAO,Falha de vedacao,MANUTENCAO
824,O_BAD_ADJUSTMENT_03,BAD_ADJUSTMENT,OUT_OF_POSITION,"após inspeção, acoplamento fora de posição devido a regulagem incorreta, confirmado por regulagem excessivamente aberta causando parada do equipamento",EMPACOTADORA,Ajuste,GRUPO_2,ACOPLAMENTO,L02,ACOPLAMENTO,Falha de acoplamento,OPERACAO
825,O_WRONG_PROCEDURE_03,WRONG_PROCEDURE,PRODUCT_LOSS,"foi identificado que vedacao provocou perda de produto em razao de procedimento incorreto, confirmado por sequencia do processo ignorada durante a producao",ROTULADORA,Processo,GRUPO_5,VEDACAO,L04,VEDACAO,Falha de vedacao,OPERACAO
826,M_DRIVE_FAILURE_03,DRIVE_FAILURE,WRONG_SPEED,"DURANTE O CICLO, ROLAMENTO OPERANDO EM VELOCIDADE INCORRETA PORQUE OCORREU FALHA DA TRANSMISSÃO, CONFIRMADO POR ACOPLAMENTO SEM TRAÇÃO NO CICLO ATUAL",EMPACOTADORA,Anomalia,GRUPO_3,ROLAMENTO,L03,ROLAMENTO,Falha de rolamento,MANUTENCAO
827,O_WRONG_REFERENCE_01,WRONG_REFERENCE,NO_SIGNAL,"foi identificado que garra sem sinal em razao de referencia incorreta, confirmado por referencia selecionada incorretamente durante a producao",EMPACOTADORA,Ajuste,GRUPO_1,GARRA,L06,GARRA,Falha de garra,OPERACAO
828,M_DRIVE_FAILURE_04,DRIVE_FAILURE,WRONG_SPEED,"foi identificado que estrela operando em velocidade incorreta em razao de defeito no acionamento, confirmado por inversor com falha de hardware durante a producao",TRANSPORTADOR,Parada não programada,GRUPO_3,ESTRELA,L04,ESTRELA,Falha de estrela,MANUTENCAO
829,O_FORMAT_CHANGE_ERROR_03,FORMAT_CHANGE_ERROR,POSITION_DRIFT,"parada porque sensor perdeu a posição devido a troca de formato mal realizada, confirmado por conversão de formato incompleta e houve interrupção",ENVASADORA,Ajuste,GRUPO_1,SENSOR,L01,SENSOR,Falha de sensor,OPERACAO
830,M_STRUCTURAL_DAMAGE_04,STRUCTURAL_DAMAGE,VIBRATION,"foi identificado que rejeitor apresentou vibracao elevada em razao de dano estrutural, confirmado por suporte estrutural danificado durante a producao",TRANSPORTADOR,Parada não programada,GRUPO_4,REJEITOR,L04,REJEITOR,Falha de rejeitor,MANUTENCAO
831,M_HARDWARE_FAILURE_03,HARDWARE_FAILURE,COMMAND_FAILURE,"parada porque guia não respondeu ao comando devido a defeito eletrônico, confirmado por placa de comando avariada e houve interrupção",ROTULADORA,Ajuste,GRUPO_2,GUIA,L04,GUIA,Falha de guia,MANUTENCAO
832,O_HANDLING_ERROR_02,HANDLING_ERROR,VIBRATION,"após inspeção, mangueira apres. vibração elevada após constatação de intervenção manual incorreta, confirmado por carga distribuída incorreto causando parada do equipamento",ENVASADORA,Processo,GRUPO_4,MANGUEIRA,L03,MANGUEIRA,Falha de mangueira,OPERACAO
833,M_OVERHEATING_02,OVERHEATING,THERMAL_ALARM,"rolamento apresentou alarme térmico devido a aquecimento causado por defeito, confirmado por dissipador obstruído por falha física",EMPACOTADORA,Parada não programada,GRUPO_3,ROLAMENTO,L01,ROLAMENTO,Falha de rolamento,MANUTENCAO
834,O_INADEQUATE_FLOW_02,INADEQUATE_FLOW,SLOW_MOVEMENT,"foi identificado que cilindro com movimento lento apos constatacao de vazao mal ajustada, confirmado por vazao operacional inadequada durante a producao",ROTULADORA,Processo,GRUPO_4,CILINDRO,L02,CILINDRO,Falha de cilindro,OPERACAO
835,O_WRONG_SEQUENCE_02,WRONG_SEQUENCE,COMMAND_FAILURE,"alimentador não respondeu ao comando devido a sequência incorreta, confirmado por etapas acionadas na ordem incorreta",LAVADORA,Parada não programada,GRUPO_2,ALIMENTADOR,L04,ALIMENTADOR,Falha de alimentador,OPERACAO
836,O_STARTUP_PROCEDURE_ERROR_02,STARTUP_PROCEDURE_ERROR,THERMAL_ALARM,"parada porque rolamento apresentou alarme térmico porque ocorreu partida fora da sequência, confirmado por aquecimento inicial interrompido cedo e houve interrupção",EMPACOTADORA,Ajuste,GRUPO_3,ROLAMENTO,L02,ROLAMENTO,Falha de rolamento,OPERACAO
837,M_BLOCKAGE_BY_FAILURE_03,BLOCKAGE_BY_FAILURE,BLOCKAGE,"parada porque valvula ficou bloqueado devido a obstrução por peça danificada, confirmado por fragmento mecânico travando o conjunto e houve interrupção",LAVADORA,Ajuste,GRUPO_5,VALVULA,L01,VALVULA,Falha de valvula,MANUTENCAO
838,O_WRONG_PROCEDURE_01,WRONG_PROCEDURE,PRODUCT_LOSS,"dosador provocou perda de produto porque ocorreu rotina produtiva inadequada, confirmado por procedimento de trabalho não foi seguido",PALETIZADORA,Parada não programada,GRUPO_5,DOSADOR,L01,DOSADOR,Falha de dosador,OPERACAO
839,M_BLOCKAGE_BY_FAILURE_04,BLOCKAGE_BY_FAILURE,BLOCKAGE,"dosador ficou bloqueado devido a obstrução por peça danificada, confirmado por mecanismo avariado impedindo o fluxo",PALETIZADORA,Anomalia,GRUPO_5,DOSADOR,L03,DOSADOR,Falha de dosador,MANUTENCAO
840,O_WRONG_RECIPE_02,WRONG_RECIPE,LOW_FLOW,"foi identificado que rejeitor com fluxo insuficiente apos constatacao de programa de produto errado, confirmado por receita carregada com valor incorreto durante a producao",TRANSPORTADOR,Processo,GRUPO_4,REJEITOR,L03,REJEITOR,Falha de rejeitor,OPERACAO
841,M_OVERHEATING_01,OVERHEATING,THERMAL_ALARM,"motor apresentou alarme térmico porque ocorreu falha térmica física, confirmado por ventilador de refrigeração quebrado",ENVASADORA,Parada não programada,GRUPO_3,MOTOR,L06,MOTOR,Falha de motor,MANUTENCAO
842,O_WRONG_RECIPE_03,WRONG_RECIPE,LOW_FLOW,"após inspeção, cilindro com fluxo insuficiente devido a receita incorreta, confirmado por programa de formato errado causando parada do equipamento",ROTULADORA,Ajuste,GRUPO_4,CILINDRO,L04,CILINDRO,Falha de cilindro,OPERACAO
843,O_WRONG_SPEED_SETTING_03,WRONG_SPEED_SETTING,WRONG_SPEED,"foi identificado que rolamento operando em velocidade incorreta em razao de velocidade mal configurada, confirmado por cadencia ajustada para valor errado durante a producao",EMPACOTADORA,Processo,GRUPO_3,ROLAMENTO,L02,ROLAMENTO,Falha de rolamento,OPERACAO
844,O_PRODUCT_ACCUMULATION_03,PRODUCT_ACCUMULATION,BLOCKAGE,"valvula ficou bloqueado devido a acúmulo de produto, confirmado por produto sobreposto travou o fluxo",LAVADORA,Ajuste,GRUPO_5,VALVULA,L01,VALVULA,Falha de valvula,OPERACAO
845,M_RUPTURE_04,RUPTURE,NO_ACTUATION,"foi identificado que rolamento nao atuou apos constatacao de ruptura do elemento, confirmado por conexao partida durante a producao",EMPACOTADORA,Ajuste,GRUPO_3,ROLAMENTO,L04,ROLAMENTO,Falha de rolamento,MANUTENCAO
846,O_BAD_SETUP_01,BAD_SETUP,MISALIGNMENT,"foi identificado que sensor desalinhado em razao de setup incorreto, confirmado por setup executado fora do padrao durante a producao",ENVASADORA,Ajuste,GRUPO_1,SENSOR,L01,SENSOR,Falha de sensor,OPERACAO
847,O_BAD_ADJUSTMENT_02,BAD_ADJUSTMENT,OUT_OF_POSITION,"DURANTE O CICLO, SERVO FORA DE POSIÇÃO PORQUE OCORREU AJUSTE INCORRETO, CONFIRMADO POR AJUSTE OPERACIONAL INCORRETO NO CICLO ATUAL",ENVASADORA,Ajuste,GRUPO_2,SERVO,L01,SERVO,Falha de servo,OPERACAO
848,O_INADEQUATE_FLOW_03,INADEQUATE_FLOW,SLOW_MOVEMENT,"DURANTE O CICLO, MANGUEIRA COM MOVIMENTO LENTO PORQUE OCORREU VAZÃO MAL AJUSTADA, CONFIRMADO POR ALIMENTAÇÃO DE PRODUTO IRREGULAR NO CICLO ATUAL",ENVASADORA,Anomalia,GRUPO_4,MANGUEIRA,L02,MANGUEIRA,Falha de mangueira,OPERACAO
849,O_BAD_SETUP_02,BAD_SETUP,MISALIGNMENT,"garra desalinhado porque ocorreu preparação inadequada, confirmado por ajuste inicial incorreto",EMPACOTADORA,Ajuste,GRUPO_1,GARRA,L04,GARRA,Falha de garra,OPERACAO
850,O_WRONG_GUIDE_ADJUSTMENT_02,WRONG_GUIDE_ADJUSTMENT,LOW_PERFORMANCE,"após inspeção, sensor apres. baixo desempenho devido a regulagem incorreta da guia, confirmado por abertura da guia ficou fora do formato causando parada do equipamento",ENVASADORA,Parada não programada,GRUPO_1,SENSOR,L04,SENSOR,Falha de sensor,OPERACAO
851,O_POSITIONING_ERROR_02,POSITIONING_ERROR,NO_ACTUATION,"foi identificado que transportador nao atuou em razao de posicionamento incorreto, confirmado por embalagem posicionada incorretamente durante a producao",ROTULADORA,Anomalia,GRUPO_3,TRANSPORTADOR,L03,TRANSPORTADOR,Falha de transportador,OPERACAO
852,O_WRONG_GUIDE_ADJUSTMENT_03,WRONG_GUIDE_ADJUSTMENT,LOW_PERFORMANCE,"parada porque garra apresentou baixo desempenho porque ocorreu guia mal ajustada, confirmado por regulagem da guia pressionou o produto e houve interrupção",EMPACOTADORA,Anomalia,GRUPO_1,GARRA,L05,GARRA,Falha de garra,OPERACAO
853,O_STARTUP_PROCEDURE_ERROR_01,STARTUP_PROCEDURE_ERROR,THERMAL_ALARM,"após inspeção, motor apres. alarme térmico devido a procedimento de partida incorreto, confirmado por partida realizada sem estabilização do processo causando parada do equipamento",ENVASADORA,Processo,GRUPO_3,MOTOR,L01,MOTOR,Falha de motor,OPERACAO
854,O_INADEQUATE_FLOW_03,INADEQUATE_FLOW,SLOW_MOVEMENT,"foi identificado que mangueira com movimento lento em razao de fluxo de processo inadequado, confirmado por alimentacao de produto irregular durante a producao",ENVASADORA,Processo,GRUPO_4,MANGUEIRA,L03,MANGUEIRA,Falha de mangueira,OPERACAO
855,O_WRONG_SPEED_SETTING_02,WRONG_SPEED_SETTING,WRONG_SPEED,"DURANTE O CICLO, MOTOR OPERANDO EM VELOCIDADE INCORRETA PORQUE OCORREU AJUSTE DE VELOCIDADE INCORRETO, CONFIRMADO POR REFERÊNCIA DE VELOCIDADE ACIMA DO PADRÃO NO CICLO ATUAL",ENVASADORA,Ajuste,GRUPO_3,MOTOR,L01,MOTOR,Falha de motor,OPERACAO
856,M_MECHANICAL_BREAKAGE_04,MECHANICAL_BREAKAGE,OUT_OF_POSITION,"alimentador fora de posição devido a quebra mecânica, confirmado por ruptura estrutural",LAVADORA,Anomalia,GRUPO_2,ALIMENTADOR,L02,ALIMENTADOR,Falha de alimentador,MANUTENCAO
857,O_POSITIONING_ERROR_02,POSITIONING_ERROR,NO_ACTUATION,"DURANTE O CICLO, TRANSPORTADOR NÃO ATUOU EM RAZÃO DE POSICIONAMENTO INCORRETO, CONFIRMADO POR EMBALAGEM POSICIONADA INCORRETAMENTE NO CICLO ATUAL",ROTULADORA,Anomalia,GRUPO_3,TRANSPORTADOR,L01,TRANSPORTADOR,Falha de transportador,OPERACAO
858,M_STRUCTURAL_DAMAGE_03,STRUCTURAL_DAMAGE,VIBRATION,"parada porque bocal apresentou vibração elevada porque ocorreu estrutura avariada, confirmado por solda rompida e houve interrupção",PALETIZADORA,Anomalia,GRUPO_4,BOCAL,L05,BOCAL,Falha de bocal,MANUTENCAO
859,O_PRODUCT_ACCUMULATION_03,PRODUCT_ACCUMULATION,BLOCKAGE,"foi identificado que valvula ficou bloqueado apos constatacao de excesso acumulado no processo, confirmado por produto sobreposto travou o fluxo durante a producao",LAVADORA,Parada não programada,GRUPO_5,VALVULA,L02,VALVULA,Falha de valvula,OPERACAO
860,O_BAD_ADJUSTMENT_03,BAD_ADJUSTMENT,OUT_OF_POSITION,"DURANTE O CICLO, ACOPLAMENTO FORA DE POSIÇÃO EM RAZÃO DE REGULAGEM INCORRETA, CONFIRMADO POR REGULAGEM EXCESSIVAMENTE ABERTA NO CICLO ATUAL",EMPACOTADORA,Processo,GRUPO_2,ACOPLAMENTO,L06,ACOPLAMENTO,Falha de acoplamento,OPERACAO
861,M_RUPTURE_02,RUPTURE,NO_ACTUATION,"DURANTE O CICLO, TRANSPORTADOR NÃO ATUOU EM RAZÃO DE ROMPIMENTO FÍSICO, CONFIRMADO POR CABO ROMPIDO NO CICLO ATUAL",ROTULADORA,Anomalia,GRUPO_3,TRANSPORTADOR,L03,TRANSPORTADOR,Falha de transportador,MANUTENCAO
862,O_POSITIONING_ERROR_03,POSITIONING_ERROR,NO_ACTUATION,"DURANTE O CICLO, MOTOR NÃO ATUOU PORQUE OCORREU PRODUTO MAL POSICIONADO, CONFIRMADO POR MATERIAL ENTROU DESALINHADO NO CICLO ATUAL",ENVASADORA,Anomalia,GRUPO_3,MOTOR,L02,MOTOR,Falha de motor,OPERACAO
863,O_WRONG_SEQUENCE_01,WRONG_SEQUENCE,COMMAND_FAILURE,"após inspeção, acoplamento não respondeu ao comando após constatação de ordem de comandos errada, confirmado por comando enviado fora da sequência causando parada do equipamento",EMPACOTADORA,Anomalia,GRUPO_2,ACOPLAMENTO,L01,ACOPLAMENTO,Falha de acoplamento,OPERACAO
864,O_HANDLING_ERROR_04,HANDLING_ERROR,VIBRATION,"foi identificado que rejeitor apresentou vibracao elevada em razao de manuseio inadequado, confirmado por intervencao manual deslocou o conjunto durante a producao",TRANSPORTADOR,Parada não programada,GRUPO_4,REJEITOR,L02,REJEITOR,Falha de rejeitor,OPERACAO
865,O_WRONG_PARAMETER_01,WRONG_PARAMETER,INTERMITTENT_STOP,"foi identificado que valvula parou de forma intermitente apos constatacao de configuracao de valor errada, confirmado por parametro digitado incorretamente durante a producao",LAVADORA,Anomalia,GRUPO_5,VALVULA,L04,VALVULA,Falha de valvula,OPERACAO
866,O_WRONG_PARAMETER_01,WRONG_PARAMETER,INTERMITTENT_STOP,"após inspeção, valvula parou de forma intermitente devido a parâmetro incorreto, confirmado por parâmetro digitado incorreto causando parada do equipamento",LAVADORA,Processo,GRUPO_5,VALVULA,L05,VALVULA,Falha de valvula,OPERACAO
867,M_DRIVE_FAILURE_03,DRIVE_FAILURE,WRONG_SPEED,"parada porque rolamento operando em velocidade incorreta porque ocorreu falha da transmissão, confirmado por acoplamento sem tração e houve interrupção",EMPACOTADORA,Anomalia,GRUPO_3,ROLAMENTO,L05,ROLAMENTO,Falha de rolamento,MANUTENCAO
868,M_RUPTURE_03,RUPTURE,NO_ACTUATION,"motor não atuou devido a rompimento físico, confirmado por membrana rasgada",ENVASADORA,Ajuste,GRUPO_3,MOTOR,L03,MOTOR,Falha de motor,MANUTENCAO
869,M_DRIVE_FAILURE_04,DRIVE_FAILURE,WRONG_SPEED,"parada porque estrela operando em velocidade incorreta devido a defeito no acionamento, confirmado por inversor com falha de hardware e houve interrupção",TRANSPORTADOR,Anomalia,GRUPO_3,ESTRELA,L06,ESTRELA,Falha de estrela,MANUTENCAO
870,O_BAD_ADJUSTMENT_03,BAD_ADJUSTMENT,OUT_OF_POSITION,"parada porque acoplamento fora de posição porque ocorreu ajuste incorreto, confirmado por regulagem excessivamente aberta e houve interrupção",EMPACOTADORA,Anomalia,GRUPO_2,ACOPLAMENTO,L03,ACOPLAMENTO,Falha de acoplamento,OPERACAO
871,M_OVERHEATING_02,OVERHEATING,THERMAL_ALARM,"DURANTE O CICLO, ROLAMENTO APRESENTOU ALARME TÉRMICO EM RAZÃO DE AQUECIMENTO CAUSADO POR DEFEITO, CONFIRMADO POR DISSIPADOR OBSTRUÍDO POR FALHA FÍSICA NO CICLO ATUAL",EMPACOTADORA,Anomalia,GRUPO_3,ROLAMENTO,L01,ROLAMENTO,Falha de rolamento,MANUTENCAO
872,M_PNEUMATIC_FAILURE_02,PNEUMATIC_FAILURE,SLOW_MOVEMENT,"parada porque cilindro com movimento lento devido a falha pneumática, confirmado por mangueira de ar furada e houve interrupção",ROTULADORA,Parada não programada,GRUPO_4,CILINDRO,L01,CILINDRO,Falha de cilindro,MANUTENCAO
873,M_HARDWARE_FAILURE_01,HARDWARE_FAILURE,COMMAND_FAILURE,"acoplamento não respondeu ao comando porque ocorreu falha de hardware, confirmado por módulo eletrônico queimado",EMPACOTADORA,Parada não programada,GRUPO_2,ACOPLAMENTO,L05,ACOPLAMENTO,Falha de acoplamento,MANUTENCAO
874,M_LEAKAGE_03,LEAKAGE,LOW_FLOW,"cilindro com fluxo insuficiente devido a vazamento por defeito, confirmado por junta deteriorada",ROTULADORA,Ajuste,GRUPO_4,CILINDRO,L04,CILINDRO,Falha de cilindro,MANUTENCAO
875,O_STARTUP_PROCEDURE_ERROR_04,STARTUP_PROCEDURE_ERROR,THERMAL_ALARM,"transportador apresentou alarme térmico porque ocorreu partida fora da sequência, confirmado por liberação de partida feita antes da condição",ROTULADORA,Processo,GRUPO_3,TRANSPORTADOR,L04,TRANSPORTADOR,Falha de transportador,OPERACAO
876,O_BAD_SETUP_04,BAD_SETUP,MISALIGNMENT,"DURANTE O CICLO, INVERSOR DESALINHADO PORQUE OCORREU PREPARAÇÃO INADEQUADA, CONFIRMADO POR SETUP CARREGADO PARA OUTRO FORMATO NO CICLO ATUAL",PALETIZADORA,Processo,GRUPO_1,INVERSOR,L06,INVERSOR,Falha de inversor,OPERACAO
877,O_EXCESS_FEED_03,EXCESS_FEED,OVERLOAD,"DURANTE O CICLO, ALIMENTADOR EM SOBRECARGA EM RAZÃO DE ALIMENTAÇÃO EXCESSIVA, CONFIRMADO POR ACÚMULO CAUSADO POR ALIMENTAÇÃO EXCESSIVA NO CICLO ATUAL",LAVADORA,Processo,GRUPO_2,ALIMENTADOR,L05,ALIMENTADOR,Falha de alimentador,OPERACAO
878,M_DRIVE_FAILURE_03,DRIVE_FAILURE,WRONG_SPEED,"rolamento operando em velocidade incorreta porque ocorreu falha da transmissão, confirmado por acoplamento sem tração",EMPACOTADORA,Anomalia,GRUPO_3,ROLAMENTO,L01,ROLAMENTO,Falha de rolamento,MANUTENCAO
879,M_SIGNAL_FAILURE_04,SIGNAL_FAILURE,NO_SIGNAL,"foi identificado que sensor sem sinal apos constatacao de defeito no sinal, confirmado por sensor com defeito interno durante a producao",ENVASADORA,Ajuste,GRUPO_1,SENSOR,L01,SENSOR,Falha de sensor,MANUTENCAO
880,M_DRIVE_FAILURE_03,DRIVE_FAILURE,WRONG_SPEED,"foi identificado que rolamento operando em velocidade incorreta apos constatacao de falha da transmissao, confirmado por acoplamento sem tracao durante a producao",EMPACOTADORA,Parada não programada,GRUPO_3,ROLAMENTO,L03,ROLAMENTO,Falha de rolamento,MANUTENCAO
881,M_LEAKAGE_02,LEAKAGE,LOW_FLOW,"parada porque rejeitor com fluxo insuficiente devido a vazamento por defeito, confirmado por conexão perdeu estanqueidade e houve interrupção",TRANSPORTADOR,Parada não programada,GRUPO_4,REJEITOR,L02,REJEITOR,Falha de rejeitor,MANUTENCAO
882,M_DRIVE_FAILURE_01,DRIVE_FAILURE,WRONG_SPEED,"parada porque transportador operando em velocidade incorreta porque ocorreu falha da transmissão, confirmado por acionamento com defeito interno e houve interrupção",ROTULADORA,Parada não programada,GRUPO_3,TRANSPORTADOR,L05,TRANSPORTADOR,Falha de transportador,MANUTENCAO
883,M_HARDWARE_FAILURE_01,HARDWARE_FAILURE,COMMAND_FAILURE,"foi identificado que acoplamento nao respondeu ao comando em razao de defeito eletronico, confirmado por modulo eletronico queimado durante a producao",EMPACOTADORA,Ajuste,GRUPO_2,ACOPLAMENTO,L02,ACOPLAMENTO,Falha de acoplamento,MANUTENCAO
884,M_COMPONENT_DEGRADATION_03,COMPONENT_DEGRADATION,LOW_PERFORMANCE,"foi identificado que garra apresentou baixo desempenho em razao de degradacao do componente, confirmado por vida util esgotada durante a producao",EMPACOTADORA,Processo,GRUPO_1,GARRA,L06,GARRA,Falha de garra,MANUTENCAO
885,M_SIGNAL_FAILURE_04,SIGNAL_FAILURE,NO_SIGNAL,"sensor sem sinal porque ocorreu defeito no sinal, confirmado por sensor com defeito interno",ENVASADORA,Processo,GRUPO_1,SENSOR,L05,SENSOR,Falha de sensor,MANUTENCAO
886,O_INADEQUATE_FLOW_04,INADEQUATE_FLOW,SLOW_MOVEMENT,"DURANTE O CICLO, BOCAL COM MOVIMENTO LENTO PORQUE OCORREU VAZÃO MAL AJUSTADA, CONFIRMADO POR RESTRIÇÃO CRIADA PELO AJUSTE DO PROCESSO NO CICLO ATUAL",PALETIZADORA,Processo,GRUPO_4,BOCAL,L02,BOCAL,Falha de bocal,OPERACAO
887,M_OVERHEATING_01,OVERHEATING,THERMAL_ALARM,"após inspeção, motor apres. alarme térmico devido a aquecimento causado por defeito, confirmado por ventilador de refrigeração quebrado causando parada do equipamento",ENVASADORA,Processo,GRUPO_3,MOTOR,L03,MOTOR,Falha de motor,MANUTENCAO
888,M_HARDWARE_FAILURE_02,HARDWARE_FAILURE,COMMAND_FAILURE,"após inspeção, alimentador não respondeu ao comando devido a defeito eletrônico, confirmado por controlador com defeito causando parada do equipamento",LAVADORA,Parada não programada,GRUPO_2,ALIMENTADOR,L02,ALIMENTADOR,Falha de alimentador,MANUTENCAO
889,O_STARTUP_PROCEDURE_ERROR_04,STARTUP_PROCEDURE_ERROR,THERMAL_ALARM,"foi identificado que transportador apresentou alarme termico em razao de procedimento de partida incorreto, confirmado por liberacao de partida feita antes da condicao durante a producao",ROTULADORA,Parada não programada,GRUPO_3,TRANSPORTADOR,L01,TRANSPORTADOR,Falha de transportador,OPERACAO
890,M_OVERHEATING_03,OVERHEATING,THERMAL_ALARM,"foi identificado que estrela apresentou alarme termico apos constatacao de falha termica fisica, confirmado por isolacao degradada pelo calor durante a producao",TRANSPORTADOR,Parada não programada,GRUPO_3,ESTRELA,L02,ESTRELA,Falha de estrela,MANUTENCAO
891,O_WRONG_RECIPE_01,WRONG_RECIPE,LOW_FLOW,"foi identificado que bocal com fluxo insuficiente apos constatacao de programa de produto errado, confirmado por receita de outro produto selecionada durante a producao",PALETIZADORA,Anomalia,GRUPO_4,BOCAL,L03,BOCAL,Falha de bocal,OPERACAO
892,M_MECHANICAL_WEAR_02,MECHANICAL_WEAR,MISALIGNMENT,"DURANTE O CICLO, GARRA DESALINHADO EM RAZÃO DE DESGASTE MECÂNICO, CONFIRMADO POR SUPERFÍCIE CONSUMIDA PELO USO NO CICLO ATUAL",EMPACOTADORA,Anomalia,GRUPO_1,GARRA,L01,GARRA,Falha de garra,MANUTENCAO
893,M_MECHANICAL_BREAKAGE_02,MECHANICAL_BREAKAGE,OUT_OF_POSITION,"DURANTE O CICLO, SERVO FORA DE POSIÇÃO EM RAZÃO DE QUEBRA MECÂNICA, CONFIRMADO POR ELEMENTO MECÂNICO QUEBRADO NO CICLO ATUAL",ENVASADORA,Anomalia,GRUPO_2,SERVO,L02,SERVO,Falha de servo,MANUTENCAO
894,O_WRONG_RECIPE_02,WRONG_RECIPE,LOW_FLOW,"DURANTE O CICLO, REJEITOR COM FLUXO INSUFICIENTE PORQUE OCORREU PROGRAMA DE PRODUTO ERRADO, CONFIRMADO POR RECEITA CARREGADA COM VALOR INCORRETO NO CICLO ATUAL",TRANSPORTADOR,Ajuste,GRUPO_4,REJEITOR,L03,REJEITOR,Falha de rejeitor,OPERACAO
895,M_OVERHEATING_01,OVERHEATING,THERMAL_ALARM,"após inspeção, motor apres. alarme térmico após constatação de falha térmica física, confirmado por ventilador de refrigeração quebrado causando parada do equipamento",ENVASADORA,Anomalia,GRUPO_3,MOTOR,L04,MOTOR,Falha de motor,MANUTENCAO
896,O_WRONG_SPEED_SETTING_04,WRONG_SPEED_SETTING,WRONG_SPEED,"foi identificado que estrela operando em velocidade incorreta em razao de velocidade mal configurada, confirmado por sincronismo de velocidade mal configurado durante a producao",TRANSPORTADOR,Parada não programada,GRUPO_3,ESTRELA,L02,ESTRELA,Falha de estrela,OPERACAO
897,O_WRONG_SEQUENCE_04,WRONG_SEQUENCE,COMMAND_FAILURE,"servo não respondeu ao comando porque ocorreu ordem de comandos errada, confirmado por sequência automática selecionada errada",ENVASADORA,Processo,GRUPO_2,SERVO,L03,SERVO,Falha de servo,OPERACAO
898,O_STARTUP_PROCEDURE_ERROR_04,STARTUP_PROCEDURE_ERROR,THERMAL_ALARM,"foi identificado que transportador apresentou alarme termico apos constatacao de partida fora da sequencia, confirmado por liberacao de partida feita antes da condicao durante a producao",ROTULADORA,Ajuste,GRUPO_3,TRANSPORTADOR,L06,TRANSPORTADOR,Falha de transportador,OPERACAO
899,M_MECHANICAL_CLEARANCE_03,MECHANICAL_CLEARANCE,POSITION_DRIFT,"parada porque sensor perdeu a posição porque ocorreu jogo mecânico excessivo, confirmado por fixação mecânica frouxa e houve interrupção",ENVASADORA,Anomalia,GRUPO_1,SENSOR,L02,SENSOR,Falha de sensor,MANUTENCAO
900,M_MECHANICAL_WEAR_04,MECHANICAL_WEAR,MISALIGNMENT,"DURANTE O CICLO, INVERSOR DESALINHADO EM RAZÃO DE DESGASTE MECÂNICO, CONFIRMADO POR DEGRADAÇÃO MECÂNICA NO CICLO ATUAL",PALETIZADORA,Parada não programada,GRUPO_1,INVERSOR,L01,INVERSOR,Falha de inversor,MANUTENCAO
901,M_OVERHEATING_03,OVERHEATING,THERMAL_ALARM,"foi identificado que estrela apresentou alarme termico em razao de aquecimento causado por defeito, confirmado por isolacao degradada pelo calor durante a producao",TRANSPORTADOR,Processo,GRUPO_3,ESTRELA,L03,ESTRELA,Falha de estrela,MANUTENCAO
902,O_EXCESS_FEED_02,EXCESS_FEED,OVERLOAD,"após inspeção, acoplamento em sobrecarga após constatação de excesso de produto, confirmado por entrada acima da capacidade causando parada do equipamento",EMPACOTADORA,Processo,GRUPO_2,ACOPLAMENTO,L02,ACOPLAMENTO,Falha de acoplamento,OPERACAO
903,O_PRODUCT_ACCUMULATION_04,PRODUCT_ACCUMULATION,BLOCKAGE,"DURANTE O CICLO, DOSADOR FICOU BLOQUEADO PORQUE OCORREU EXCESSO ACUMULADO NO PROCESSO, CONFIRMADO POR PROCESSO ACUMULOU MATERIAL NA ENTRADA NO CICLO ATUAL",PALETIZADORA,Processo,GRUPO_5,DOSADOR,L02,DOSADOR,Falha de dosador,OPERACAO
904,O_INADEQUATE_FLOW_04,INADEQUATE_FLOW,SLOW_MOVEMENT,"DURANTE O CICLO, BOCAL COM MOVIMENTO LENTO EM RAZÃO DE FLUXO DE PROCESSO INADEQUADO, CONFIRMADO POR RESTRIÇÃO CRIADA PELO AJUSTE DO PROCESSO NO CICLO ATUAL",PALETIZADORA,Parada não programada,GRUPO_4,BOCAL,L01,BOCAL,Falha de bocal,OPERACAO
905,M_SIGNAL_FAILURE_02,SIGNAL_FAILURE,NO_SIGNAL,"DURANTE O CICLO, CORREIA SEM SINAL PORQUE OCORREU DEFEITO NO SINAL, CONFIRMADO POR CONECTOR COM MAU CONTATO NO CICLO ATUAL",LAVADORA,Ajuste,GRUPO_1,CORREIA,L01,CORREIA,Falha de correia,MANUTENCAO
906,M_ELECTRICAL_FAILURE_01,ELECTRICAL_FAILURE,INTERMITTENT_STOP,"parada porque valvula parou de forma intermitente devido a falha elétrica, confirmado por curto no circuito e houve interrupção",LAVADORA,Processo,GRUPO_5,VALVULA,L03,VALVULA,Falha de valvula,MANUTENCAO
907,M_HARDWARE_FAILURE_04,HARDWARE_FAILURE,COMMAND_FAILURE,"após inspeção, servo não respondeu ao comando devido a defeito eletrônico, confirmado por fonte eletrônica danificada causando parada do equipamento",ENVASADORA,Anomalia,GRUPO_2,SERVO,L02,SERVO,Falha de servo,MANUTENCAO
908,M_MECHANICAL_WEAR_02,MECHANICAL_WEAR,MISALIGNMENT,"garra desalinhado devido a desgaste mecânico, confirmado por superfície consumida pelo uso",EMPACOTADORA,Parada não programada,GRUPO_1,GARRA,L01,GARRA,Falha de garra,MANUTENCAO
909,M_SIGNAL_FAILURE_04,SIGNAL_FAILURE,NO_SIGNAL,"após inspeção, sensor sem sinal após constatação de defeito no sinal, confirmado por sensor com defeito interno causando parada do equipamento",ENVASADORA,Ajuste,GRUPO_1,SENSOR,L03,SENSOR,Falha de sensor,MANUTENCAO
910,O_WRONG_PROCEDURE_03,WRONG_PROCEDURE,PRODUCT_LOSS,"vedacao provocou perda de produto porque ocorreu rotina produtiva inadequada, confirmado por sequência do processo ignorada",ROTULADORA,Anomalia,GRUPO_5,VEDACAO,L01,VEDACAO,Falha de vedacao,OPERACAO
911,O_STARTUP_PROCEDURE_ERROR_03,STARTUP_PROCEDURE_ERROR,THERMAL_ALARM,"parada porque estrela apresentou alarme térmico porque ocorreu partida fora da sequência, confirmado por equipamento iniciado fora da sequência e houve interrupção",TRANSPORTADOR,Anomalia,GRUPO_3,ESTRELA,L02,ESTRELA,Falha de estrela,OPERACAO
912,M_COMPONENT_DEGRADATION_04,COMPONENT_DEGRADATION,LOW_PERFORMANCE,"DURANTE O CICLO, CORREIA APRESENTOU BAIXO DESEMPENHO EM RAZÃO DE DEGRADAÇÃO DO COMPONENTE, CONFIRMADO POR DETERIORAÇÃO FÍSICA ACUMULADA NO CICLO ATUAL",LAVADORA,Parada não programada,GRUPO_1,CORREIA,L04,CORREIA,Falha de correia,MANUTENCAO
913,M_DRIVE_FAILURE_02,DRIVE_FAILURE,WRONG_SPEED,"motor operando em velocidade incorreta devido a defeito no acionamento, confirmado por transmissão danificada",ENVASADORA,Parada não programada,GRUPO_3,MOTOR,L02,MOTOR,Falha de motor,MANUTENCAO
914,O_POSITIONING_ERROR_02,POSITIONING_ERROR,NO_ACTUATION,"foi identificado que transportador nao atuou apos constatacao de produto mal posicionado, confirmado por embalagem posicionada incorretamente durante a producao",ROTULADORA,Processo,GRUPO_3,TRANSPORTADOR,L02,TRANSPORTADOR,Falha de transportador,OPERACAO
915,M_RUPTURE_04,RUPTURE,NO_ACTUATION,"DURANTE O CICLO, ROLAMENTO NÃO ATUOU PORQUE OCORREU RUPTURA DO ELEMENTO, CONFIRMADO POR CONEXÃO PARTIDA NO CICLO ATUAL",EMPACOTADORA,Processo,GRUPO_3,ROLAMENTO,L04,ROLAMENTO,Falha de rolamento,MANUTENCAO
916,O_BAD_SETUP_04,BAD_SETUP,MISALIGNMENT,"após inspeção, inversor desalinhado após constatação de preparação inadequada, confirmado por setup carregado para outro formato causando parada do equipamento",PALETIZADORA,Ajuste,GRUPO_1,INVERSOR,L02,INVERSOR,Falha de inversor,OPERACAO
917,O_INADEQUATE_FLOW_02,INADEQUATE_FLOW,SLOW_MOVEMENT,"parada porque cilindro com movimento lento porque ocorreu vazão mal ajustada, confirmado por vazão operacional inadequada e houve interrupção",ROTULADORA,Ajuste,GRUPO_4,CILINDRO,L04,CILINDRO,Falha de cilindro,OPERACAO
918,M_MECHANICAL_CLEARANCE_03,MECHANICAL_CLEARANCE,POSITION_DRIFT,"parada porque sensor perdeu a posição devido a folga mecânica, confirmado por fixação mecânica frouxa e houve interrupção",ENVASADORA,Ajuste,GRUPO_1,SENSOR,L03,SENSOR,Falha de sensor,MANUTENCAO
919,O_EXCESS_FEED_01,EXCESS_FEED,OVERLOAD,"após inspeção, servo em sobrecarga devido a alimentação excessiva, confirmado por excesso de produto na alimentação causando parada do equipamento",ENVASADORA,Processo,GRUPO_2,SERVO,L01,SERVO,Falha de servo,OPERACAO
920,O_WRONG_PROCEDURE_02,WRONG_PROCEDURE,PRODUCT_LOSS,"após inspeção, bomba provocou perda de produto devido a procedimento incorreto, confirmado por etapa manual executada incorreto causando parada do equipamento",TRANSPORTADOR,Parada não programada,GRUPO_5,BOMBA,L04,BOMBA,Falha de bomba,OPERACAO
921,M_ELECTRICAL_FAILURE_04,ELECTRICAL_FAILURE,INTERMITTENT_STOP,"após inspeção, vedacao parou de forma intermitente devido a falha elétrica, confirmado por terminal elétrico carbonizado causando parada do equipamento",ROTULADORA,Anomalia,GRUPO_5,VEDACAO,L01,VEDACAO,Falha de vedacao,MANUTENCAO
922,O_WRONG_REFERENCE_04,WRONG_REFERENCE,NO_SIGNAL,"foi identificado que sensor sem sinal apos constatacao de ponto de referencia errado, confirmado por referencia de formato trocada durante a producao",ENVASADORA,Ajuste,GRUPO_1,SENSOR,L05,SENSOR,Falha de sensor,OPERACAO
923,M_MECHANICAL_CLEARANCE_02,MECHANICAL_CLEARANCE,POSITION_DRIFT,"parada porque inversor perdeu a posição devido a folga mecânica, confirmado por bucha com folga excessiva e houve interrupção",PALETIZADORA,Parada não programada,GRUPO_1,INVERSOR,L03,INVERSOR,Falha de inversor,MANUTENCAO
924,M_BEARING_FAILURE_03,BEARING_FAILURE,OVERLOAD,"após inspeção, alimentador em sobrecarga devido a rolamento danificado, confirmado por mancal deteriorado causando parada do equipamento",LAVADORA,Ajuste,GRUPO_2,ALIMENTADOR,L03,ALIMENTADOR,Falha de alimentador,MANUTENCAO
925,M_DRIVE_FAILURE_02,DRIVE_FAILURE,WRONG_SPEED,"após inspeção, motor operando em velocidade incorreta após constatação de falha da transmissão, confirmado por transmissão danificada causando parada do equipamento",ENVASADORA,Processo,GRUPO_3,MOTOR,L05,MOTOR,Falha de motor,MANUTENCAO
926,M_BLOCKAGE_BY_FAILURE_02,BLOCKAGE_BY_FAILURE,BLOCKAGE,"vedacao ficou bloqueado porque ocorreu bloqueio causado por avaria, confirmado por componente deformado causando obstrução",ROTULADORA,Ajuste,GRUPO_5,VEDACAO,L02,VEDACAO,Falha de vedacao,MANUTENCAO
927,O_WRONG_GUIDE_ADJUSTMENT_01,WRONG_GUIDE_ADJUSTMENT,LOW_PERFORMANCE,"DURANTE O CICLO, INVERSOR APRESENTOU BAIXO DESEMPENHO EM RAZÃO DE REGULAGEM INCORRETA DA GUIA, CONFIRMADO POR GUIA AJUSTADA PARA LARGURA INCORRETA NO CICLO ATUAL",PALETIZADORA,Ajuste,GRUPO_1,INVERSOR,L02,INVERSOR,Falha de inversor,OPERACAO
928,O_WRONG_SPEED_SETTING_02,WRONG_SPEED_SETTING,WRONG_SPEED,"após inspeção, motor operando em velocidade incorreta devido a velocidade mal configurada, confirmado por referência de velocidade acima do padrão causando parada do equipamento",ENVASADORA,Parada não programada,GRUPO_3,MOTOR,L02,MOTOR,Falha de motor,OPERACAO
929,M_COMPONENT_DEGRADATION_01,COMPONENT_DEGRADATION,LOW_PERFORMANCE,"parada porque inversor apresentou baixo desempenho devido a degradação do componente, confirmado por componente degradado pelo tempo e houve interrupção",PALETIZADORA,Processo,GRUPO_1,INVERSOR,L02,INVERSOR,Falha de inversor,MANUTENCAO
930,M_LEAKAGE_01,LEAKAGE,LOW_FLOW,"foi identificado que bocal com fluxo insuficiente em razao de vazamento por defeito, confirmado por vedacao danificada com vazamento durante a producao",PALETIZADORA,Ajuste,GRUPO_4,BOCAL,L06,BOCAL,Falha de bocal,MANUTENCAO
931,M_RUPTURE_03,RUPTURE,NO_ACTUATION,"após inspeção, motor não atuou após constatação de ruptura do elemento, confirmado por membrana rasgada causando parada do equipamento",ENVASADORA,Parada não programada,GRUPO_3,MOTOR,L06,MOTOR,Falha de motor,MANUTENCAO
932,M_ELECTRICAL_FAILURE_04,ELECTRICAL_FAILURE,INTERMITTENT_STOP,"DURANTE O CICLO, VEDACAO PAROU DE FORMA INTERMITENTE EM RAZÃO DE FALHA ELÉTRICA, CONFIRMADO POR TERMINAL ELÉTRICO CARBONIZADO NO CICLO ATUAL",ROTULADORA,Parada não programada,GRUPO_5,VEDACAO,L05,VEDACAO,Falha de vedacao,MANUTENCAO
933,M_PNEUMATIC_FAILURE_03,PNEUMATIC_FAILURE,SLOW_MOVEMENT,"foi identificado que mangueira com movimento lento apos constatacao de defeito pneumatico, confirmado por conjunto pneumatico com defeito durante a producao",ENVASADORA,Parada não programada,GRUPO_4,MANGUEIRA,L04,MANGUEIRA,Falha de mangueira,MANUTENCAO
934,M_RUPTURE_03,RUPTURE,NO_ACTUATION,"DURANTE O CICLO, MOTOR NÃO ATUOU EM RAZÃO DE ROMPIMENTO FÍSICO, CONFIRMADO POR MEMBRANA RASGADA NO CICLO ATUAL",ENVASADORA,Processo,GRUPO_3,MOTOR,L03,MOTOR,Falha de motor,MANUTENCAO
935,O_EXCESS_FEED_01,EXCESS_FEED,OVERLOAD,"parada porque servo em sobrecarga devido a alimentação excessiva, confirmado por excesso de produto na alimentação e houve interrupção",ENVASADORA,Processo,GRUPO_2,SERVO,L03,SERVO,Falha de servo,OPERACAO
936,M_BLOCKAGE_BY_FAILURE_01,BLOCKAGE_BY_FAILURE,BLOCKAGE,"parada porque bomba ficou bloqueado porque ocorreu bloqueio causado por avaria, confirmado por peça quebrada bloqueando a passagem e houve interrupção",TRANSPORTADOR,Parada não programada,GRUPO_5,BOMBA,L06,BOMBA,Falha de bomba,MANUTENCAO
937,M_PNEUMATIC_FAILURE_02,PNEUMATIC_FAILURE,SLOW_MOVEMENT,"cilindro com movimento lento devido a falha pneumática, confirmado por mangueira de ar furada",ROTULADORA,Parada não programada,GRUPO_4,CILINDRO,L03,CILINDRO,Falha de cilindro,MANUTENCAO
938,O_PRODUCT_ACCUMULATION_02,PRODUCT_ACCUMULATION,BLOCKAGE,"vedacao ficou bloqueado porque ocorreu excesso acumulado no processo, confirmado por fila de embalagens causou obstrução",ROTULADORA,Ajuste,GRUPO_5,VEDACAO,L06,VEDACAO,Falha de vedacao,OPERACAO
939,O_WRONG_PARAMETER_01,WRONG_PARAMETER,INTERMITTENT_STOP,"após inspeção, valvula parou de forma intermitente após constatação de configuração de valor errada, confirmado por parâmetro digitado incorreto causando parada do equipamento",LAVADORA,Anomalia,GRUPO_5,VALVULA,L06,VALVULA,Falha de valvula,OPERACAO
940,M_HARDWARE_FAILURE_01,HARDWARE_FAILURE,COMMAND_FAILURE,"foi identificado que acoplamento nao respondeu ao comando apos constatacao de falha de hardware, confirmado por modulo eletronico queimado durante a producao",EMPACOTADORA,Anomalia,GRUPO_2,ACOPLAMENTO,L01,ACOPLAMENTO,Falha de acoplamento,MANUTENCAO
941,O_INADEQUATE_FLOW_03,INADEQUATE_FLOW,SLOW_MOVEMENT,"DURANTE O CICLO, MANGUEIRA COM MOVIMENTO LENTO EM RAZÃO DE FLUXO DE PROCESSO INADEQUADO, CONFIRMADO POR ALIMENTAÇÃO DE PRODUTO IRREGULAR NO CICLO ATUAL",ENVASADORA,Processo,GRUPO_4,MANGUEIRA,L01,MANGUEIRA,Falha de mangueira,OPERACAO
942,M_PNEUMATIC_FAILURE_04,PNEUMATIC_FAILURE,SLOW_MOVEMENT,"bocal com movimento lento porque ocorreu defeito pneumático, confirmado por êmbolo com desgaste",PALETIZADORA,Processo,GRUPO_4,BOCAL,L02,BOCAL,Falha de bocal,MANUTENCAO
943,M_OVERHEATING_03,OVERHEATING,THERMAL_ALARM,"estrela apresentou alarme térmico devido a aquecimento causado por defeito, confirmado por isolação degradada pelo calor",TRANSPORTADOR,Ajuste,GRUPO_3,ESTRELA,L01,ESTRELA,Falha de estrela,MANUTENCAO
944,M_BEARING_FAILURE_04,BEARING_FAILURE,OVERLOAD,"foi identificado que guia em sobrecarga apos constatacao de falha no mancal, confirmado por rolamento sem condicao de giro durante a producao",ROTULADORA,Ajuste,GRUPO_2,GUIA,L02,GUIA,Falha de guia,MANUTENCAO
945,O_HANDLING_ERROR_04,HANDLING_ERROR,VIBRATION,"rejeitor apresentou vibração elevada porque ocorreu intervenção manual incorreta, confirmado por intervenção manual deslocou o conjunto",TRANSPORTADOR,Processo,GRUPO_4,REJEITOR,L05,REJEITOR,Falha de rejeitor,OPERACAO
946,M_BEARING_FAILURE_01,BEARING_FAILURE,OVERLOAD,"servo em sobrecarga porque ocorreu falha no mancal, confirmado por rolamento travado",ENVASADORA,Parada não programada,GRUPO_2,SERVO,L06,SERVO,Falha de servo,MANUTENCAO
947,M_BLOCKAGE_BY_FAILURE_03,BLOCKAGE_BY_FAILURE,BLOCKAGE,"após inspeção, valvula ficou bloqueado após constatação de bloqueio causado por avaria, confirmado por fragmento mecânico travando o conjunto causando parada do equipamento",LAVADORA,Parada não programada,GRUPO_5,VALVULA,L06,VALVULA,Falha de valvula,MANUTENCAO
948,O_BAD_SETUP_04,BAD_SETUP,MISALIGNMENT,"parada porque inversor desalinhado devido a setup incorreto, confirmado por setup carregado para outro formato e houve interrupção",PALETIZADORA,Anomalia,GRUPO_1,INVERSOR,L03,INVERSOR,Falha de inversor,OPERACAO
949,O_WRONG_SEQUENCE_01,WRONG_SEQUENCE,COMMAND_FAILURE,"foi identificado que acoplamento nao respondeu ao comando em razao de sequencia incorreta, confirmado por comando enviado fora da sequencia durante a producao",EMPACOTADORA,Ajuste,GRUPO_2,ACOPLAMENTO,L06,ACOPLAMENTO,Falha de acoplamento,OPERACAO
950,M_DRIVE_FAILURE_01,DRIVE_FAILURE,WRONG_SPEED,"transportador operando em velocidade incorreta devido a defeito no acionamento, confirmado por acionamento com defeito interno",ROTULADORA,Processo,GRUPO_3,TRANSPORTADOR,L02,TRANSPORTADOR,Falha de transportador,MANUTENCAO
951,M_STRUCTURAL_DAMAGE_04,STRUCTURAL_DAMAGE,VIBRATION,"rejeitor apresentou vibração elevada devido a dano estrutural, confirmado por suporte estrutural danificado",TRANSPORTADOR,Anomalia,GRUPO_4,REJEITOR,L02,REJEITOR,Falha de rejeitor,MANUTENCAO
952,O_EXCESS_FEED_02,EXCESS_FEED,OVERLOAD,"acoplamento em sobrecarga porque ocorreu excesso de produto, confirmado por entrada acima da capacidade",EMPACOTADORA,Ajuste,GRUPO_2,ACOPLAMENTO,L04,ACOPLAMENTO,Falha de acoplamento,OPERACAO
953,O_WRONG_PROCEDURE_02,WRONG_PROCEDURE,PRODUCT_LOSS,"foi identificado que bomba provocou perda de produto apos constatacao de rotina produtiva inadequada, confirmado por etapa manual executada incorretamente durante a producao",TRANSPORTADOR,Processo,GRUPO_5,BOMBA,L03,BOMBA,Falha de bomba,OPERACAO
954,O_PRODUCT_ACCUMULATION_01,PRODUCT_ACCUMULATION,BLOCKAGE,"parada porque bomba ficou bloqueado porque ocorreu excesso acumulado no processo, confirmado por acúmulo de produto bloqueou a passagem e houve interrupção",TRANSPORTADOR,Parada não programada,GRUPO_5,BOMBA,L04,BOMBA,Falha de bomba,OPERACAO
955,M_STRUCTURAL_DAMAGE_02,STRUCTURAL_DAMAGE,VIBRATION,"mangueira apresentou vibração elevada devido a dano estrutural, confirmado por estrutura deformada",ENVASADORA,Parada não programada,GRUPO_4,MANGUEIRA,L02,MANGUEIRA,Falha de mangueira,MANUTENCAO
956,O_INADEQUATE_FLOW_03,INADEQUATE_FLOW,SLOW_MOVEMENT,"foi identificado que mangueira com movimento lento apos constatacao de vazao mal ajustada, confirmado por alimentacao de produto irregular durante a producao",ENVASADORA,Parada não programada,GRUPO_4,MANGUEIRA,L02,MANGUEIRA,Falha de mangueira,OPERACAO
957,M_RUPTURE_04,RUPTURE,NO_ACTUATION,"parada porque rolamento não atuou devido a rompimento físico, confirmado por conexão partida e houve interrupção",EMPACOTADORA,Anomalia,GRUPO_3,ROLAMENTO,L01,ROLAMENTO,Falha de rolamento,MANUTENCAO
958,M_PNEUMATIC_FAILURE_03,PNEUMATIC_FAILURE,SLOW_MOVEMENT,"DURANTE O CICLO, MANGUEIRA COM MOVIMENTO LENTO EM RAZÃO DE FALHA PNEUMÁTICA, CONFIRMADO POR CONJUNTO PNEUMÁTICO COM DEFEITO NO CICLO ATUAL",ENVASADORA,Processo,GRUPO_4,MANGUEIRA,L03,MANGUEIRA,Falha de mangueira,MANUTENCAO
959,O_WRONG_GUIDE_ADJUSTMENT_04,WRONG_GUIDE_ADJUSTMENT,LOW_PERFORMANCE,"DURANTE O CICLO, CORREIA APRESENTOU BAIXO DESEMPENHO PORQUE OCORREU GUIA MAL AJUSTADA, CONFIRMADO POR GUIA OPERACIONAL FICOU DISTANTE DA REFERÊNCIA NO CICLO ATUAL",LAVADORA,Processo,GRUPO_1,CORREIA,L03,CORREIA,Falha de correia,OPERACAO
960,O_BAD_ADJUSTMENT_01,BAD_ADJUSTMENT,OUT_OF_POSITION,"após inspeção, guia fora de posição após constatação de ajuste incorreto, confirmado por regulagem feita na posição errada causando parada do equipamento",ROTULADORA,Anomalia,GRUPO_2,GUIA,L03,GUIA,Falha de guia,OPERACAO
961,M_LEAKAGE_02,LEAKAGE,LOW_FLOW,"foi identificado que rejeitor com fluxo insuficiente em razao de vazamento por defeito, confirmado por conexao perdeu estanqueidade durante a producao",TRANSPORTADOR,Anomalia,GRUPO_4,REJEITOR,L06,REJEITOR,Falha de rejeitor,MANUTENCAO
962,O_WRONG_PROCEDURE_01,WRONG_PROCEDURE,PRODUCT_LOSS,"parada porque dosador provocou perda de produto porque ocorreu rotina produtiva inadequada, confirmado por procedimento de trabalho não foi seguido e houve interrupção",PALETIZADORA,Parada não programada,GRUPO_5,DOSADOR,L05,DOSADOR,Falha de dosador,OPERACAO
963,O_WRONG_PARAMETER_01,WRONG_PARAMETER,INTERMITTENT_STOP,"DURANTE O CICLO, VALVULA PAROU DE FORMA INTERMITENTE EM RAZÃO DE PARÂMETRO INCORRETO, CONFIRMADO POR PARÂMETRO DIGITADO INCORRETAMENTE NO CICLO ATUAL",LAVADORA,Ajuste,GRUPO_5,VALVULA,L03,VALVULA,Falha de valvula,OPERACAO
964,M_MECHANICAL_WEAR_04,MECHANICAL_WEAR,MISALIGNMENT,"inversor desalinhado devido a desgaste mecânico, confirmado por degradação mecânica",PALETIZADORA,Anomalia,GRUPO_1,INVERSOR,L01,INVERSOR,Falha de inversor,MANUTENCAO
965,O_WRONG_PARAMETER_02,WRONG_PARAMETER,INTERMITTENT_STOP,"foi identificado que dosador parou de forma intermitente em razao de parametro incorreto, confirmado por limite configurado fora do padrao durante a producao",PALETIZADORA,Anomalia,GRUPO_5,DOSADOR,L05,DOSADOR,Falha de dosador,OPERACAO
966,M_SEAL_FAILURE_04,SEAL_FAILURE,PRODUCT_LOSS,"parada porque valvula provocou perda de produto porque ocorreu falha de vedação, confirmado por selo mecânico gasto e houve interrupção",LAVADORA,Processo,GRUPO_5,VALVULA,L01,VALVULA,Falha de valvula,MANUTENCAO
967,M_BLOCKAGE_BY_FAILURE_01,BLOCKAGE_BY_FAILURE,BLOCKAGE,"após inspeção, bomba ficou bloqueado devido a obstrução por peça danificada, confirmado por peça quebrada bloqueando a passagem causando parada do equipamento",TRANSPORTADOR,Processo,GRUPO_5,BOMBA,L05,BOMBA,Falha de bomba,MANUTENCAO
968,M_STRUCTURAL_DAMAGE_02,STRUCTURAL_DAMAGE,VIBRATION,"DURANTE O CICLO, MANGUEIRA APRESENTOU VIBRAÇÃO ELEVADA EM RAZÃO DE DANO ESTRUTURAL, CONFIRMADO POR ESTRUTURA DEFORMADA NO CICLO ATUAL",ENVASADORA,Anomalia,GRUPO_4,MANGUEIRA,L02,MANGUEIRA,Falha de mangueira,MANUTENCAO
969,O_BAD_ADJUSTMENT_02,BAD_ADJUSTMENT,OUT_OF_POSITION,"após inspeção, servo fora de posição devido a regulagem incorreta, confirmado por ajuste operacional incorreto causando parada do equipamento",ENVASADORA,Parada não programada,GRUPO_2,SERVO,L02,SERVO,Falha de servo,OPERACAO
970,M_STRUCTURAL_DAMAGE_02,STRUCTURAL_DAMAGE,VIBRATION,"após inspeção, mangueira apres. vibração elevada devido a dano estrutural, confirmado por estrutura deformada causando parada do equipamento",ENVASADORA,Parada não programada,GRUPO_4,MANGUEIRA,L04,MANGUEIRA,Falha de mangueira,MANUTENCAO
971,O_BAD_ADJUSTMENT_04,BAD_ADJUSTMENT,OUT_OF_POSITION,"alimentador fora de posição devido a regulagem incorreta, confirmado por calibração operacional inadequada",LAVADORA,Anomalia,GRUPO_2,ALIMENTADOR,L06,ALIMENTADOR,Falha de alimentador,OPERACAO
972,M_BLOCKAGE_BY_FAILURE_04,BLOCKAGE_BY_FAILURE,BLOCKAGE,"DURANTE O CICLO, DOSADOR FICOU BLOQUEADO EM RAZÃO DE OBSTRUÇÃO POR PEÇA DANIFICADA, CONFIRMADO POR MECANISMO AVARIADO IMPEDINDO O FLUXO NO CICLO ATUAL",PALETIZADORA,Parada não programada,GRUPO_5,DOSADOR,L03,DOSADOR,Falha de dosador,MANUTENCAO
973,M_STRUCTURAL_DAMAGE_01,STRUCTURAL_DAMAGE,VIBRATION,"DURANTE O CICLO, CILINDRO APRESENTOU VIBRAÇÃO ELEVADA EM RAZÃO DE DANO ESTRUTURAL, CONFIRMADO POR BASE TRINCADA NO CICLO ATUAL",ROTULADORA,Ajuste,GRUPO_4,CILINDRO,L02,CILINDRO,Falha de cilindro,MANUTENCAO
974,M_LEAKAGE_03,LEAKAGE,LOW_FLOW,"DURANTE O CICLO, CILINDRO COM FLUXO INSUFICIENTE EM RAZÃO DE VAZAMENTO POR DEFEITO, CONFIRMADO POR JUNTA DETERIORADA NO CICLO ATUAL",ROTULADORA,Processo,GRUPO_4,CILINDRO,L04,CILINDRO,Falha de cilindro,MANUTENCAO
975,O_STARTUP_PROCEDURE_ERROR_03,STARTUP_PROCEDURE_ERROR,THERMAL_ALARM,"após inspeção, estrela apres. alarme térmico após constatação de partida fora da sequência, confirmado por equipamento iniciado fora da sequência causando parada do equipamento",TRANSPORTADOR,Parada não programada,GRUPO_3,ESTRELA,L02,ESTRELA,Falha de estrela,OPERACAO
976,O_WRONG_GUIDE_ADJUSTMENT_02,WRONG_GUIDE_ADJUSTMENT,LOW_PERFORMANCE,"DURANTE O CICLO, SENSOR APRESENTOU BAIXO DESEMPENHO EM RAZÃO DE REGULAGEM INCORRETA DA GUIA, CONFIRMADO POR ABERTURA DA GUIA FICOU FORA DO FORMATO NO CICLO ATUAL",ENVASADORA,Anomalia,GRUPO_1,SENSOR,L02,SENSOR,Falha de sensor,OPERACAO
977,O_WRONG_GUIDE_ADJUSTMENT_04,WRONG_GUIDE_ADJUSTMENT,LOW_PERFORMANCE,"DURANTE O CICLO, CORREIA APRESENTOU BAIXO DESEMPENHO EM RAZÃO DE REGULAGEM INCORRETA DA GUIA, CONFIRMADO POR GUIA OPERACIONAL FICOU DISTANTE DA REFERÊNCIA NO CICLO ATUAL",LAVADORA,Parada não programada,GRUPO_1,CORREIA,L02,CORREIA,Falha de correia,OPERACAO
978,O_POSITIONING_ERROR_04,POSITIONING_ERROR,NO_ACTUATION,"parada porque rolamento não atuou porque ocorreu produto mal posicionado, confirmado por peça alimentada na orientação errada e houve interrupção",EMPACOTADORA,Processo,GRUPO_3,ROLAMENTO,L04,ROLAMENTO,Falha de rolamento,OPERACAO
979,M_BEARING_FAILURE_02,BEARING_FAILURE,OVERLOAD,"após inspeção, acoplamento em sobrecarga após constatação de falha no mancal, confirmado por rolamento com pista danificada causando parada do equipamento",EMPACOTADORA,Processo,GRUPO_2,ACOPLAMENTO,L04,ACOPLAMENTO,Falha de acoplamento,MANUTENCAO
980,O_PRODUCT_ACCUMULATION_01,PRODUCT_ACCUMULATION,BLOCKAGE,"parada porque bomba ficou bloqueado devido a acúmulo de produto, confirmado por acúmulo de produto bloqueou a passagem e houve interrupção",TRANSPORTADOR,Processo,GRUPO_5,BOMBA,L05,BOMBA,Falha de bomba,OPERACAO
981,M_COMPONENT_DEGRADATION_03,COMPONENT_DEGRADATION,LOW_PERFORMANCE,"DURANTE O CICLO, GARRA APRESENTOU BAIXO DESEMPENHO PORQUE OCORREU DETERIORAÇÃO FÍSICA, CONFIRMADO POR VIDA ÚTIL ESGOTADA NO CICLO ATUAL",EMPACOTADORA,Anomalia,GRUPO_1,GARRA,L05,GARRA,Falha de garra,MANUTENCAO
982,O_POSITIONING_ERROR_02,POSITIONING_ERROR,NO_ACTUATION,"parada porque transportador não atuou porque ocorreu produto mal posicionado, confirmado por embalagem posicionada incorretamente e houve interrupção",ROTULADORA,Ajuste,GRUPO_3,TRANSPORTADOR,L04,TRANSPORTADOR,Falha de transportador,OPERACAO
983,O_BAD_SETUP_03,BAD_SETUP,MISALIGNMENT,"foi identificado que correia desalinhado apos constatacao de preparacao inadequada, confirmado por preparacao da maquina incompleta durante a producao",LAVADORA,Parada não programada,GRUPO_1,CORREIA,L06,CORREIA,Falha de correia,OPERACAO
984,M_HARDWARE_FAILURE_02,HARDWARE_FAILURE,COMMAND_FAILURE,"alimentador não respondeu ao comando porque ocorreu falha de hardware, confirmado por controlador com defeito",LAVADORA,Ajuste,GRUPO_2,ALIMENTADOR,L05,ALIMENTADOR,Falha de alimentador,MANUTENCAO
985,M_BEARING_FAILURE_03,BEARING_FAILURE,OVERLOAD,"alimentador em sobrecarga porque ocorreu falha no mancal, confirmado por mancal deteriorado",LAVADORA,Anomalia,GRUPO_2,ALIMENTADOR,L06,ALIMENTADOR,Falha de alimentador,MANUTENCAO
986,M_LEAKAGE_04,LEAKAGE,LOW_FLOW,"mangueira com fluxo insuficiente porque ocorreu perda de estanqueidade, confirmado por fuga pelo corpo trincado",ENVASADORA,Processo,GRUPO_4,MANGUEIRA,L03,MANGUEIRA,Falha de mangueira,MANUTENCAO
987,O_WRONG_REFERENCE_02,WRONG_REFERENCE,NO_SIGNAL,"DURANTE O CICLO, CORREIA SEM SINAL EM RAZÃO DE REFERÊNCIA INCORRETA, CONFIRMADO POR PONTO DE REFERÊNCIA INFORMADO ERRADO NO CICLO ATUAL",LAVADORA,Anomalia,GRUPO_1,CORREIA,L04,CORREIA,Falha de correia,OPERACAO
988,O_WRONG_GUIDE_ADJUSTMENT_02,WRONG_GUIDE_ADJUSTMENT,LOW_PERFORMANCE,"parada porque sensor apresentou baixo desempenho porque ocorreu guia mal ajustada, confirmado por abertura da guia ficou fora do formato e houve interrupção",ENVASADORA,Ajuste,GRUPO_1,SENSOR,L05,SENSOR,Falha de sensor,OPERACAO
989,M_COMPONENT_DEGRADATION_02,COMPONENT_DEGRADATION,LOW_PERFORMANCE,"parada porque sensor apresentou baixo desempenho devido a degradação do componente, confirmado por fadiga do material e houve interrupção",ENVASADORA,Parada não programada,GRUPO_1,SENSOR,L02,SENSOR,Falha de sensor,MANUTENCAO
990,M_COMPONENT_DEGRADATION_03,COMPONENT_DEGRADATION,LOW_PERFORMANCE,"foi identificado que garra apresentou baixo desempenho apos constatacao de deterioracao fisica, confirmado por vida util esgotada durante a producao",EMPACOTADORA,Parada não programada,GRUPO_1,GARRA,L05,GARRA,Falha de garra,MANUTENCAO
991,M_BLOCKAGE_BY_FAILURE_03,BLOCKAGE_BY_FAILURE,BLOCKAGE,"valvula ficou bloqueado porque ocorreu bloqueio causado por avaria, confirmado por fragmento mecânico travando o conjunto",LAVADORA,Anomalia,GRUPO_5,VALVULA,L02,VALVULA,Falha de valvula,MANUTENCAO
992,M_BLOCKAGE_BY_FAILURE_03,BLOCKAGE_BY_FAILURE,BLOCKAGE,"valvula ficou bloqueado devido a obstrução por peça danificada, confirmado por fragmento mecânico travando o conjunto",LAVADORA,Ajuste,GRUPO_5,VALVULA,L03,VALVULA,Falha de valvula,MANUTENCAO
993,M_SIGNAL_FAILURE_02,SIGNAL_FAILURE,NO_SIGNAL,"correia sem sinal devido a falha física no sinal, confirmado por conector com mau contato",LAVADORA,Parada não programada,GRUPO_1,CORREIA,L06,CORREIA,Falha de correia,MANUTENCAO
994,M_MECHANICAL_WEAR_01,MECHANICAL_WEAR,MISALIGNMENT,"foi identificado que sensor desalinhado em razao de desgaste mecanico, confirmado por desgaste progressivo durante a producao",ENVASADORA,Ajuste,GRUPO_1,SENSOR,L03,SENSOR,Falha de sensor,MANUTENCAO
995,O_WRONG_REFERENCE_04,WRONG_REFERENCE,NO_SIGNAL,"DURANTE O CICLO, SENSOR SEM SINAL PORQUE OCORREU PONTO DE REFERÊNCIA ERRADO, CONFIRMADO POR REFERÊNCIA DE FORMATO TROCADA NO CICLO ATUAL",ENVASADORA,Processo,GRUPO_1,SENSOR,L05,SENSOR,Falha de sensor,OPERACAO
996,O_PRODUCT_ACCUMULATION_02,PRODUCT_ACCUMULATION,BLOCKAGE,"após inspeção, vedacao ficou bloqueado após constatação de excesso acumulado no processo, confirmado por fila de embalagens causou obstrução causando parada do equipamento",ROTULADORA,Processo,GRUPO_5,VEDACAO,L04,VEDACAO,Falha de vedacao,OPERACAO
997,O_INADEQUATE_FLOW_02,INADEQUATE_FLOW,SLOW_MOVEMENT,"após inspeção, cilindro com movimento lento devido a fluxo de processo inadequado, confirmado por vazão operacional inadequada causando parada do equipamento",ROTULADORA,Parada não programada,GRUPO_4,CILINDRO,L03,CILINDRO,Falha de cilindro,OPERACAO
998,M_OVERHEATING_04,OVERHEATING,THERMAL_ALARM,"após inspeção, transportador apres. alarme térmico após constatação de falha térmica física, confirmado por rolamento aquecendo por dano causando parada do equipamento",ROTULADORA,Ajuste,GRUPO_3,TRANSPORTADOR,L04,TRANSPORTADOR,Falha de transportador,MANUTENCAO
999,O_BAD_ADJUSTMENT_04,BAD_ADJUSTMENT,OUT_OF_POSITION,"após inspeção, alimentador fora de posição após constatação de ajuste incorreto, confirmado por calibração operacional inadequada causando parada do equipamento",LAVADORA,Ajuste,GRUPO_2,ALIMENTADOR,L03,ALIMENTADOR,Falha de alimentador,OPERACAO
1000,M_SEAL_FAILURE_01,SEAL_FAILURE,PRODUCT_LOSS,"dosador provocou perda de produto devido a vedação danificada, confirmado por retentor danificado",PALETIZADORA,Processo,GRUPO_5,DOSADOR,L04,DOSADOR,Falha de dosador,MANUTENCAO
1001,O_WRONG_REFERENCE_03,WRONG_REFERENCE,NO_SIGNAL,"foi identificado que inversor sem sinal em razao de referencia incorreta, confirmado por zero operacional definido fora da posicao durante a producao",PALETIZADORA,Processo,GRUPO_1,INVERSOR,L06,INVERSOR,Falha de inversor,OPERACAO
1002,M_MECHANICAL_CLEARANCE_01,MECHANICAL_CLEARANCE,POSITION_DRIFT,"após inspeção, correia perdeu a posição devido a folga mecânica, confirmado por folga no eixo causando parada do equipamento",LAVADORA,Processo,GRUPO_1,CORREIA,L01,CORREIA,Falha de correia,MANUTENCAO
1003,M_BEARING_FAILURE_04,BEARING_FAILURE,OVERLOAD,"parada porque guia em sobrecarga devido a rolamento danificado, confirmado por rolamento sem condição de giro e houve interrupção",ROTULADORA,Anomalia,GRUPO_2,GUIA,L05,GUIA,Falha de guia,MANUTENCAO
1004,O_WRONG_PARAMETER_04,WRONG_PARAMETER,INTERMITTENT_STOP,"parada porque vedacao parou de forma intermitente devido a parâmetro incorreto, confirmado por valor operacional alterado indevidamente e houve interrupção",ROTULADORA,Anomalia,GRUPO_5,VEDACAO,L01,VEDACAO,Falha de vedacao,OPERACAO
1005,O_WRONG_SEQUENCE_02,WRONG_SEQUENCE,COMMAND_FAILURE,"foi identificado que alimentador nao respondeu ao comando apos constatacao de ordem de comandos errada, confirmado por etapas acionadas na ordem incorreta durante a producao",LAVADORA,Processo,GRUPO_2,ALIMENTADOR,L05,ALIMENTADOR,Falha de alimentador,OPERACAO
1006,O_PRODUCT_ACCUMULATION_02,PRODUCT_ACCUMULATION,BLOCKAGE,"parada porque vedacao ficou bloqueado porque ocorreu excesso acumulado no processo, confirmado por fila de embalagens causou obstrução e houve interrupção",ROTULADORA,Ajuste,GRUPO_5,VEDACAO,L04,VEDACAO,Falha de vedacao,OPERACAO
1007,M_SIGNAL_FAILURE_04,SIGNAL_FAILURE,NO_SIGNAL,"DURANTE O CICLO, SENSOR SEM SINAL EM RAZÃO DE FALHA FÍSICA NO SINAL, CONFIRMADO POR SENSOR COM DEFEITO INTERNO NO CICLO ATUAL",ENVASADORA,Parada não programada,GRUPO_1,SENSOR,L06,SENSOR,Falha de sensor,MANUTENCAO
1008,O_FORMAT_CHANGE_ERROR_01,FORMAT_CHANGE_ERROR,POSITION_DRIFT,"parada porque correia perdeu a posição devido a troca de formato mal realizada, confirmado por troca de formato deixou o conjunto fora de posição e houve interrupção",LAVADORA,Processo,GRUPO_1,CORREIA,L01,CORREIA,Falha de correia,OPERACAO
1009,O_EXCESS_FEED_03,EXCESS_FEED,OVERLOAD,"após inspeção, alimentador em sobrecarga após constatação de excesso de produto, confirmado por acúmulo causado por alimentação excessiva causando parada do equipamento",LAVADORA,Parada não programada,GRUPO_2,ALIMENTADOR,L02,ALIMENTADOR,Falha de alimentador,OPERACAO
1010,O_STARTUP_PROCEDURE_ERROR_02,STARTUP_PROCEDURE_ERROR,THERMAL_ALARM,"rolamento apresentou alarme térmico porque ocorreu partida fora da sequência, confirmado por aquecimento inicial interrompido cedo",EMPACOTADORA,Ajuste,GRUPO_3,ROLAMENTO,L04,ROLAMENTO,Falha de rolamento,OPERACAO
1011,M_OVERHEATING_03,OVERHEATING,THERMAL_ALARM,"após inspeção, estrela apres. alarme térmico devido a aquecimento causado por defeito, confirmado por isolação degradada pelo calor causando parada do equipamento",TRANSPORTADOR,Ajuste,GRUPO_3,ESTRELA,L03,ESTRELA,Falha de estrela,MANUTENCAO
1012,O_WRONG_RECIPE_02,WRONG_RECIPE,LOW_FLOW,"após inspeção, rejeitor com fluxo insuficiente devido a receita incorreta, confirmado por receita carregada com valor incorreto causando parada do equipamento",TRANSPORTADOR,Parada não programada,GRUPO_4,REJEITOR,L04,REJEITOR,Falha de rejeitor,OPERACAO
1013,O_WRONG_RECIPE_01,WRONG_RECIPE,LOW_FLOW,"após inspeção, bocal com fluxo insuficiente após constatação de programa de produto errado, confirmado por receita de outro produto selecionada causando parada do equipamento",PALETIZADORA,Anomalia,GRUPO_4,BOCAL,L05,BOCAL,Falha de bocal,OPERACAO
1014,M_COMPONENT_DEGRADATION_02,COMPONENT_DEGRADATION,LOW_PERFORMANCE,"após inspeção, sensor apres. baixo desempenho devido a degradação do componente, confirmado por fadiga do material causando parada do equipamento",ENVASADORA,Parada não programada,GRUPO_1,SENSOR,L06,SENSOR,Falha de sensor,MANUTENCAO
1015,O_WRONG_PARAMETER_03,WRONG_PARAMETER,INTERMITTENT_STOP,"foi identificado que bomba parou de forma intermitente apos constatacao de configuracao de valor errada, confirmado por temporizacao ajustada errada durante a producao",TRANSPORTADOR,Parada não programada,GRUPO_5,BOMBA,L04,BOMBA,Falha de bomba,OPERACAO
1016,M_SEAL_FAILURE_01,SEAL_FAILURE,PRODUCT_LOSS,"foi identificado que dosador provocou perda de produto apos constatacao de falha de vedacao, confirmado por retentor danificado durante a producao",PALETIZADORA,Anomalia,GRUPO_5,DOSADOR,L05,DOSADOR,Falha de dosador,MANUTENCAO
1017,O_WRONG_SEQUENCE_04,WRONG_SEQUENCE,COMMAND_FAILURE,"parada porque servo não respondeu ao comando devido a sequência incorreta, confirmado por sequência automática selecionada errada e houve interrupção",ENVASADORA,Anomalia,GRUPO_2,SERVO,L02,SERVO,Falha de servo,OPERACAO
1018,O_STARTUP_PROCEDURE_ERROR_02,STARTUP_PROCEDURE_ERROR,THERMAL_ALARM,"após inspeção, rolamento apres. alarme térmico após constatação de partida fora da sequência, confirmado por aquecimento inicial interrompido cedo causando parada do equipamento",EMPACOTADORA,Processo,GRUPO_3,ROLAMENTO,L02,ROLAMENTO,Falha de rolamento,OPERACAO
1019,M_MECHANICAL_CLEARANCE_02,MECHANICAL_CLEARANCE,POSITION_DRIFT,"parada porque inversor perdeu a posição porque ocorreu jogo mecânico excessivo, confirmado por bucha com folga excessiva e houve interrupção",PALETIZADORA,Ajuste,GRUPO_1,INVERSOR,L02,INVERSOR,Falha de inversor,MANUTENCAO
1020,M_ELECTRICAL_FAILURE_02,ELECTRICAL_FAILURE,INTERMITTENT_STOP,"após inspeção, dosador parou de forma intermitente após constatação de defeito no circuito, confirmado por bobina queimada causando parada do equipamento",PALETIZADORA,Processo,GRUPO_5,DOSADOR,L02,DOSADOR,Falha de dosador,MANUTENCAO
1021,M_RUPTURE_01,RUPTURE,NO_ACTUATION,"DURANTE O CICLO, ESTRELA NÃO ATUOU EM RAZÃO DE ROMPIMENTO FÍSICO, CONFIRMADO POR MANGUEIRA ROMPIDA NO CICLO ATUAL",TRANSPORTADOR,Ajuste,GRUPO_3,ESTRELA,L03,ESTRELA,Falha de estrela,MANUTENCAO
1022,M_MECHANICAL_BREAKAGE_01,MECHANICAL_BREAKAGE,OUT_OF_POSITION,"após inspeção, guia fora de posição após constatação de fratura da peça, confirmado por quebra do suporte causando parada do equipamento",ROTULADORA,Anomalia,GRUPO_2,GUIA,L05,GUIA,Falha de guia,MANUTENCAO
1023,O_WRONG_REFERENCE_02,WRONG_REFERENCE,NO_SIGNAL,"parada porque correia sem sinal devido a referência incorreta, confirmado por ponto de referência informado errado e houve interrupção",LAVADORA,Parada não programada,GRUPO_1,CORREIA,L02,CORREIA,Falha de correia,OPERACAO
1024,M_MECHANICAL_CLEARANCE_03,MECHANICAL_CLEARANCE,POSITION_DRIFT,"DURANTE O CICLO, SENSOR PERDEU A POSIÇÃO PORQUE OCORREU JOGO MECÂNICO EXCESSIVO, CONFIRMADO POR FIXAÇÃO MECÂNICA FROUXA NO CICLO ATUAL",ENVASADORA,Anomalia,GRUPO_1,SENSOR,L06,SENSOR,Falha de sensor,MANUTENCAO
1025,M_LEAKAGE_04,LEAKAGE,LOW_FLOW,"foi identificado que mangueira com fluxo insuficiente em razao de vazamento por defeito, confirmado por fuga pelo corpo trincado durante a producao",ENVASADORA,Parada não programada,GRUPO_4,MANGUEIRA,L06,MANGUEIRA,Falha de mangueira,MANUTENCAO
1026,M_BEARING_FAILURE_02,BEARING_FAILURE,OVERLOAD,"parada porque acoplamento em sobrecarga porque ocorreu falha no mancal, confirmado por rolamento com pista danificada e houve interrupção",EMPACOTADORA,Ajuste,GRUPO_2,ACOPLAMENTO,L04,ACOPLAMENTO,Falha de acoplamento,MANUTENCAO
1027,M_SEAL_FAILURE_01,SEAL_FAILURE,PRODUCT_LOSS,"dosador provocou perda de produto porque ocorreu falha de vedação, confirmado por retentor danificado",PALETIZADORA,Parada não programada,GRUPO_5,DOSADOR,L03,DOSADOR,Falha de dosador,MANUTENCAO
1028,O_WRONG_RECIPE_02,WRONG_RECIPE,LOW_FLOW,"parada porque rejeitor com fluxo insuficiente porque ocorreu programa de produto errado, confirmado por receita carregada com valor incorreto e houve interrupção",TRANSPORTADOR,Ajuste,GRUPO_4,REJEITOR,L05,REJEITOR,Falha de rejeitor,OPERACAO
1029,M_RUPTURE_03,RUPTURE,NO_ACTUATION,"parada porque motor não atuou porque ocorreu ruptura do elemento, confirmado por membrana rasgada e houve interrupção",ENVASADORA,Anomalia,GRUPO_3,MOTOR,L06,MOTOR,Falha de motor,MANUTENCAO
1030,O_WRONG_RECIPE_02,WRONG_RECIPE,LOW_FLOW,"parada porque rejeitor com fluxo insuficiente devido a receita incorreta, confirmado por receita carregada com valor incorreto e houve interrupção",TRANSPORTADOR,Parada não programada,GRUPO_4,REJEITOR,L06,REJEITOR,Falha de rejeitor,OPERACAO
1031,M_BEARING_FAILURE_04,BEARING_FAILURE,OVERLOAD,"após inspeção, guia em sobrecarga devido a rolamento danificado, confirmado por rolamento sem condição de giro causando parada do equipamento",ROTULADORA,Anomalia,GRUPO_2,GUIA,L03,GUIA,Falha de guia,MANUTENCAO
1032,M_SEAL_FAILURE_01,SEAL_FAILURE,PRODUCT_LOSS,"após inspeção, dosador provocou perda de produto devido a vedação danificada, confirmado por retentor danificado causando parada do equipamento",PALETIZADORA,Processo,GRUPO_5,DOSADOR,L06,DOSADOR,Falha de dosador,MANUTENCAO
1033,M_HARDWARE_FAILURE_04,HARDWARE_FAILURE,COMMAND_FAILURE,"foi identificado que servo nao respondeu ao comando em razao de defeito eletronico, confirmado por fonte eletronica danificada durante a producao",ENVASADORA,Parada não programada,GRUPO_2,SERVO,L02,SERVO,Falha de servo,MANUTENCAO
1034,O_STARTUP_PROCEDURE_ERROR_04,STARTUP_PROCEDURE_ERROR,THERMAL_ALARM,"DURANTE O CICLO, TRANSPORTADOR APRESENTOU ALARME TÉRMICO EM RAZÃO DE PROCEDIMENTO DE PARTIDA INCORRETO, CONFIRMADO POR LIBERAÇÃO DE PARTIDA FEITA ANTES DA CONDIÇÃO NO CICLO ATUAL",ROTULADORA,Parada não programada,GRUPO_3,TRANSPORTADOR,L05,TRANSPORTADOR,Falha de transportador,OPERACAO
1035,M_MECHANICAL_BREAKAGE_02,MECHANICAL_BREAKAGE,OUT_OF_POSITION,"foi identificado que servo fora de posicao em razao de quebra mecanica, confirmado por elemento mecanico quebrado durante a producao",ENVASADORA,Anomalia,GRUPO_2,SERVO,L04,SERVO,Falha de servo,MANUTENCAO
1036,M_COMPONENT_DEGRADATION_01,COMPONENT_DEGRADATION,LOW_PERFORMANCE,"parada porque inversor apresentou baixo desempenho porque ocorreu deterioração física, confirmado por componente degradado pelo tempo e houve interrupção",PALETIZADORA,Parada não programada,GRUPO_1,INVERSOR,L01,INVERSOR,Falha de inversor,MANUTENCAO
1037,O_PRODUCT_ACCUMULATION_03,PRODUCT_ACCUMULATION,BLOCKAGE,"valvula ficou bloqueado porque ocorreu excesso acumulado no processo, confirmado por produto sobreposto travou o fluxo",LAVADORA,Anomalia,GRUPO_5,VALVULA,L06,VALVULA,Falha de valvula,OPERACAO
1038,O_FORMAT_CHANGE_ERROR_02,FORMAT_CHANGE_ERROR,POSITION_DRIFT,"parada porque inversor perdeu a posição devido a troca de formato mal realizada, confirmado por peça de formato montada na referência errada e houve interrupção",PALETIZADORA,Parada não programada,GRUPO_1,INVERSOR,L01,INVERSOR,Falha de inversor,OPERACAO
1039,M_RUPTURE_02,RUPTURE,NO_ACTUATION,"parada porque transportador não atuou porque ocorreu ruptura do elemento, confirmado por cabo rompido e houve interrupção",ROTULADORA,Ajuste,GRUPO_3,TRANSPORTADOR,L06,TRANSPORTADOR,Falha de transportador,MANUTENCAO
1040,M_PNEUMATIC_FAILURE_03,PNEUMATIC_FAILURE,SLOW_MOVEMENT,"parada porque mangueira com movimento lento devido a falha pneumática, confirmado por conjunto pneumático com defeito e houve interrupção",ENVASADORA,Ajuste,GRUPO_4,MANGUEIRA,L01,MANGUEIRA,Falha de mangueira,MANUTENCAO
1041,O_FORMAT_CHANGE_ERROR_04,FORMAT_CHANGE_ERROR,POSITION_DRIFT,"parada porque garra perdeu a posição devido a troca de formato mal realizada, confirmado por ajuste pós troca de formato não realizado e houve interrupção",EMPACOTADORA,Anomalia,GRUPO_1,GARRA,L01,GARRA,Falha de garra,OPERACAO
1042,O_EXCESS_FEED_03,EXCESS_FEED,OVERLOAD,"parada porque alimentador em sobrecarga devido a alimentação excessiva, confirmado por acúmulo causado por alimentação excessiva e houve interrupção",LAVADORA,Ajuste,GRUPO_2,ALIMENTADOR,L03,ALIMENTADOR,Falha de alimentador,OPERACAO
1043,M_MECHANICAL_CLEARANCE_02,MECHANICAL_CLEARANCE,POSITION_DRIFT,"após inspeção, inversor perdeu a posição após constatação de jogo mecânico excessivo, confirmado por bucha com folga excessiva causando parada do equipamento",PALETIZADORA,Processo,GRUPO_1,INVERSOR,L02,INVERSOR,Falha de inversor,MANUTENCAO
1044,O_INADEQUATE_FLOW_02,INADEQUATE_FLOW,SLOW_MOVEMENT,"cilindro com movimento lento porque ocorreu vazão mal ajustada, confirmado por vazão operacional inadequada",ROTULADORA,Ajuste,GRUPO_4,CILINDRO,L06,CILINDRO,Falha de cilindro,OPERACAO
1045,M_ELECTRICAL_FAILURE_02,ELECTRICAL_FAILURE,INTERMITTENT_STOP,"DURANTE O CICLO, DOSADOR PAROU DE FORMA INTERMITENTE EM RAZÃO DE FALHA ELÉTRICA, CONFIRMADO POR BOBINA QUEIMADA NO CICLO ATUAL",PALETIZADORA,Anomalia,GRUPO_5,DOSADOR,L05,DOSADOR,Falha de dosador,MANUTENCAO
1046,M_MECHANICAL_WEAR_02,MECHANICAL_WEAR,MISALIGNMENT,"parada porque garra desalinhado devido a desgaste mecânico, confirmado por superfície consumida pelo uso e houve interrupção",EMPACOTADORA,Parada não programada,GRUPO_1,GARRA,L05,GARRA,Falha de garra,MANUTENCAO
1047,O_HANDLING_ERROR_03,HANDLING_ERROR,VIBRATION,"DURANTE O CICLO, BOCAL APRESENTOU VIBRAÇÃO ELEVADA PORQUE OCORREU INTERVENÇÃO MANUAL INCORRETA, CONFIRMADO POR MATERIAL APOIADO FORA DA GUIA NO CICLO ATUAL",PALETIZADORA,Anomalia,GRUPO_4,BOCAL,L01,BOCAL,Falha de bocal,OPERACAO
1048,M_SIGNAL_FAILURE_03,SIGNAL_FAILURE,NO_SIGNAL,"parada porque inversor sem sinal porque ocorreu defeito no sinal, confirmado por placa eletrônica defeituosa e houve interrupção",PALETIZADORA,Anomalia,GRUPO_1,INVERSOR,L03,INVERSOR,Falha de inversor,MANUTENCAO
1049,M_BLOCKAGE_BY_FAILURE_01,BLOCKAGE_BY_FAILURE,BLOCKAGE,"bomba ficou bloqueado porque ocorreu bloqueio causado por avaria, confirmado por peça quebrada bloqueando a passagem",TRANSPORTADOR,Parada não programada,GRUPO_5,BOMBA,L02,BOMBA,Falha de bomba,MANUTENCAO
1050,M_SEAL_FAILURE_04,SEAL_FAILURE,PRODUCT_LOSS,"foi identificado que valvula provocou perda de produto em razao de vedacao danificada, confirmado por selo mecanico gasto durante a producao",LAVADORA,Parada não programada,GRUPO_5,VALVULA,L06,VALVULA,Falha de valvula,MANUTENCAO
1051,M_MECHANICAL_BREAKAGE_04,MECHANICAL_BREAKAGE,OUT_OF_POSITION,"DURANTE O CICLO, ALIMENTADOR FORA DE POSIÇÃO EM RAZÃO DE QUEBRA MECÂNICA, CONFIRMADO POR RUPTURA ESTRUTURAL NO CICLO ATUAL",LAVADORA,Parada não programada,GRUPO_2,ALIMENTADOR,L02,ALIMENTADOR,Falha de alimentador,MANUTENCAO
1052,O_HANDLING_ERROR_02,HANDLING_ERROR,VIBRATION,"DURANTE O CICLO, MANGUEIRA APRESENTOU VIBRAÇÃO ELEVADA EM RAZÃO DE MANUSEIO INADEQUADO, CONFIRMADO POR CARGA DISTRIBUÍDA INCORRETAMENTE NO CICLO ATUAL",ENVASADORA,Anomalia,GRUPO_4,MANGUEIRA,L06,MANGUEIRA,Falha de mangueira,OPERACAO
1053,M_STRUCTURAL_DAMAGE_03,STRUCTURAL_DAMAGE,VIBRATION,"foi identificado que bocal apresentou vibracao elevada em razao de dano estrutural, confirmado por solda rompida durante a producao",PALETIZADORA,Processo,GRUPO_4,BOCAL,L04,BOCAL,Falha de bocal,MANUTENCAO
1054,O_INADEQUATE_FLOW_01,INADEQUATE_FLOW,SLOW_MOVEMENT,"DURANTE O CICLO, REJEITOR COM MOVIMENTO LENTO PORQUE OCORREU VAZÃO MAL AJUSTADA, CONFIRMADO POR FLUXO DE PROCESSO AJUSTADO ABAIXO DO NECESSÁRIO NO CICLO ATUAL",TRANSPORTADOR,Parada não programada,GRUPO_4,REJEITOR,L02,REJEITOR,Falha de rejeitor,OPERACAO
1055,O_PRODUCT_ACCUMULATION_03,PRODUCT_ACCUMULATION,BLOCKAGE,"parada porque valvula ficou bloqueado porque ocorreu excesso acumulado no processo, confirmado por produto sobreposto travou o fluxo e houve interrupção",LAVADORA,Anomalia,GRUPO_5,VALVULA,L04,VALVULA,Falha de valvula,OPERACAO
1056,O_EXCESS_FEED_03,EXCESS_FEED,OVERLOAD,"alimentador em sobrecarga devido a alimentação excessiva, confirmado por acúmulo causado por alimentação excessiva",LAVADORA,Ajuste,GRUPO_2,ALIMENTADOR,L05,ALIMENTADOR,Falha de alimentador,OPERACAO
1057,O_BAD_ADJUSTMENT_03,BAD_ADJUSTMENT,OUT_OF_POSITION,"DURANTE O CICLO, ACOPLAMENTO FORA DE POSIÇÃO PORQUE OCORREU AJUSTE INCORRETO, CONFIRMADO POR REGULAGEM EXCESSIVAMENTE ABERTA NO CICLO ATUAL",EMPACOTADORA,Anomalia,GRUPO_2,ACOPLAMENTO,L01,ACOPLAMENTO,Falha de acoplamento,OPERACAO
1058,O_WRONG_SPEED_SETTING_03,WRONG_SPEED_SETTING,WRONG_SPEED,"após inspeção, rolamento operando em velocidade incorreta devido a velocidade mal configurada, confirmado por cadência ajustada para valor errado causando parada do equipamento",EMPACOTADORA,Ajuste,GRUPO_3,ROLAMENTO,L02,ROLAMENTO,Falha de rolamento,OPERACAO
1059,O_POSITIONING_ERROR_01,POSITIONING_ERROR,NO_ACTUATION,"após inspeção, estrela não atuou devido a posicionamento incorreto, confirmado por produto colocado fora de posição causando parada do equipamento",TRANSPORTADOR,Processo,GRUPO_3,ESTRELA,L03,ESTRELA,Falha de estrela,OPERACAO
1060,O_WRONG_PROCEDURE_01,WRONG_PROCEDURE,PRODUCT_LOSS,"foi identificado que dosador provocou perda de produto em razao de procedimento incorreto, confirmado por procedimento de trabalho nao foi seguido durante a producao",PALETIZADORA,Ajuste,GRUPO_5,DOSADOR,L04,DOSADOR,Falha de dosador,OPERACAO
1061,O_WRONG_SPEED_SETTING_01,WRONG_SPEED_SETTING,WRONG_SPEED,"parada porque transportador operando em velocidade incorreta devido a velocidade mal configurada, confirmado por velocidade configurada incorretamente e houve interrupção",ROTULADORA,Processo,GRUPO_3,TRANSPORTADOR,L04,TRANSPORTADOR,Falha de transportador,OPERACAO
1062,M_DRIVE_FAILURE_01,DRIVE_FAILURE,WRONG_SPEED,"após inspeção, transportador operando em velocidade incorreta após constatação de falha da transmissão, confirmado por acionamento com defeito interno causando parada do equipamento",ROTULADORA,Anomalia,GRUPO_3,TRANSPORTADOR,L05,TRANSPORTADOR,Falha de transportador,MANUTENCAO
1063,M_MECHANICAL_BREAKAGE_02,MECHANICAL_BREAKAGE,OUT_OF_POSITION,"foi identificado que servo fora de posicao apos constatacao de fratura da peca, confirmado por elemento mecanico quebrado durante a producao",ENVASADORA,Processo,GRUPO_2,SERVO,L03,SERVO,Falha de servo,MANUTENCAO
1064,O_BAD_ADJUSTMENT_04,BAD_ADJUSTMENT,OUT_OF_POSITION,"foi identificado que alimentador fora de posicao em razao de regulagem incorreta, confirmado por calibracao operacional inadequada durante a producao",LAVADORA,Parada não programada,GRUPO_2,ALIMENTADOR,L02,ALIMENTADOR,Falha de alimentador,OPERACAO
1065,M_BEARING_FAILURE_02,BEARING_FAILURE,OVERLOAD,"acoplamento em sobrecarga porque ocorreu falha no mancal, confirmado por rolamento com pista danificada",EMPACOTADORA,Ajuste,GRUPO_2,ACOPLAMENTO,L06,ACOPLAMENTO,Falha de acoplamento,MANUTENCAO
1066,O_INADEQUATE_FLOW_03,INADEQUATE_FLOW,SLOW_MOVEMENT,"após inspeção, mangueira com movimento lento após constatação de vazão mal ajustada, confirmado por alimentação de produto irregular causando parada do equipamento",ENVASADORA,Parada não programada,GRUPO_4,MANGUEIRA,L04,MANGUEIRA,Falha de mangueira,OPERACAO
1067,M_SEAL_FAILURE_03,SEAL_FAILURE,PRODUCT_LOSS,"foi identificado que vedacao provocou perda de produto apos constatacao de falha de vedacao, confirmado por anel de vedacao rompido durante a producao",ROTULADORA,Parada não programada,GRUPO_5,VEDACAO,L05,VEDACAO,Falha de vedacao,MANUTENCAO
1068,O_POSITIONING_ERROR_01,POSITIONING_ERROR,NO_ACTUATION,"foi identificado que estrela nao atuou em razao de posicionamento incorreto, confirmado por produto colocado fora de posicao durante a producao",TRANSPORTADOR,Ajuste,GRUPO_3,ESTRELA,L03,ESTRELA,Falha de estrela,OPERACAO
1069,O_BAD_ADJUSTMENT_01,BAD_ADJUSTMENT,OUT_OF_POSITION,"foi identificado que guia fora de posicao em razao de regulagem incorreta, confirmado por regulagem feita na posicao errada durante a producao",ROTULADORA,Ajuste,GRUPO_2,GUIA,L02,GUIA,Falha de guia,OPERACAO
1070,O_WRONG_SPEED_SETTING_03,WRONG_SPEED_SETTING,WRONG_SPEED,"após inspeção, rolamento operando em velocidade incorreta após constatação de ajuste de velocidade incorreto, confirmado por cadência ajustada para valor errado causando parada do equipamento",EMPACOTADORA,Parada não programada,GRUPO_3,ROLAMENTO,L03,ROLAMENTO,Falha de rolamento,OPERACAO
1071,O_POSITIONING_ERROR_02,POSITIONING_ERROR,NO_ACTUATION,"transportador não atuou devido a posicionamento incorreto, confirmado por embalagem posicionada incorretamente",ROTULADORA,Parada não programada,GRUPO_3,TRANSPORTADOR,L01,TRANSPORTADOR,Falha de transportador,OPERACAO
1072,O_EXCESS_FEED_04,EXCESS_FEED,OVERLOAD,"guia em sobrecarga devido a alimentação excessiva, confirmado por volume de produto acima do previsto",ROTULADORA,Anomalia,GRUPO_2,GUIA,L05,GUIA,Falha de guia,OPERACAO
1073,O_HANDLING_ERROR_03,HANDLING_ERROR,VIBRATION,"DURANTE O CICLO, BOCAL APRESENTOU VIBRAÇÃO ELEVADA EM RAZÃO DE MANUSEIO INADEQUADO, CONFIRMADO POR MATERIAL APOIADO FORA DA GUIA NO CICLO ATUAL",PALETIZADORA,Processo,GRUPO_4,BOCAL,L06,BOCAL,Falha de bocal,OPERACAO
1074,M_OVERHEATING_01,OVERHEATING,THERMAL_ALARM,"foi identificado que motor apresentou alarme termico apos constatacao de falha termica fisica, confirmado por ventilador de refrigeracao quebrado durante a producao",ENVASADORA,Anomalia,GRUPO_3,MOTOR,L02,MOTOR,Falha de motor,MANUTENCAO
1075,M_SEAL_FAILURE_03,SEAL_FAILURE,PRODUCT_LOSS,"DURANTE O CICLO, VEDACAO PROVOCOU PERDA DE PRODUTO PORQUE OCORREU FALHA DE VEDAÇÃO, CONFIRMADO POR ANEL DE VEDAÇÃO ROMPIDO NO CICLO ATUAL",ROTULADORA,Anomalia,GRUPO_5,VEDACAO,L05,VEDACAO,Falha de vedacao,MANUTENCAO
1076,O_EXCESS_FEED_03,EXCESS_FEED,OVERLOAD,"foi identificado que alimentador em sobrecarga apos constatacao de excesso de produto, confirmado por acumulo causado por alimentacao excessiva durante a producao",LAVADORA,Parada não programada,GRUPO_2,ALIMENTADOR,L06,ALIMENTADOR,Falha de alimentador,OPERACAO
1077,M_MECHANICAL_CLEARANCE_02,MECHANICAL_CLEARANCE,POSITION_DRIFT,"DURANTE O CICLO, INVERSOR PERDEU A POSIÇÃO PORQUE OCORREU JOGO MECÂNICO EXCESSIVO, CONFIRMADO POR BUCHA COM FOLGA EXCESSIVA NO CICLO ATUAL",PALETIZADORA,Ajuste,GRUPO_1,INVERSOR,L06,INVERSOR,Falha de inversor,MANUTENCAO
1078,M_ELECTRICAL_FAILURE_03,ELECTRICAL_FAILURE,INTERMITTENT_STOP,"bomba parou de forma intermitente devido a falha elétrica, confirmado por isolação elétrica danificada",TRANSPORTADOR,Ajuste,GRUPO_5,BOMBA,L05,BOMBA,Falha de bomba,MANUTENCAO
1079,O_WRONG_SEQUENCE_04,WRONG_SEQUENCE,COMMAND_FAILURE,"após inspeção, servo não respondeu ao comando devido a sequência incorreta, confirmado por sequência automática selecionada errada causando parada do equipamento",ENVASADORA,Anomalia,GRUPO_2,SERVO,L06,SERVO,Falha de servo,OPERACAO
1080,O_POSITIONING_ERROR_02,POSITIONING_ERROR,NO_ACTUATION,"transportador não atuou porque ocorreu produto mal posicionado, confirmado por embalagem posicionada incorretamente",ROTULADORA,Ajuste,GRUPO_3,TRANSPORTADOR,L06,TRANSPORTADOR,Falha de transportador,OPERACAO
1081,O_WRONG_GUIDE_ADJUSTMENT_03,WRONG_GUIDE_ADJUSTMENT,LOW_PERFORMANCE,"garra apresentou baixo desempenho porque ocorreu guia mal ajustada, confirmado por regulagem da guia pressionou o produto",EMPACOTADORA,Anomalia,GRUPO_1,GARRA,L01,GARRA,Falha de garra,OPERACAO
1082,M_ELECTRICAL_FAILURE_01,ELECTRICAL_FAILURE,INTERMITTENT_STOP,"DURANTE O CICLO, VALVULA PAROU DE FORMA INTERMITENTE EM RAZÃO DE FALHA ELÉTRICA, CONFIRMADO POR CURTO NO CIRCUITO NO CICLO ATUAL",LAVADORA,Ajuste,GRUPO_5,VALVULA,L05,VALVULA,Falha de valvula,MANUTENCAO
1083,O_WRONG_REFERENCE_03,WRONG_REFERENCE,NO_SIGNAL,"após inspeção, inversor sem sinal devido a referência incorreta, confirmado por zero operacional definido fora da posição causando parada do equipamento",PALETIZADORA,Ajuste,GRUPO_1,INVERSOR,L06,INVERSOR,Falha de inversor,OPERACAO
1084,O_BAD_ADJUSTMENT_04,BAD_ADJUSTMENT,OUT_OF_POSITION,"parada porque alimentador fora de posição devido a regulagem incorreta, confirmado por calibração operacional inadequada e houve interrupção",LAVADORA,Anomalia,GRUPO_2,ALIMENTADOR,L04,ALIMENTADOR,Falha de alimentador,OPERACAO
1085,M_ELECTRICAL_FAILURE_03,ELECTRICAL_FAILURE,INTERMITTENT_STOP,"foi identificado que bomba parou de forma intermitente apos constatacao de defeito no circuito, confirmado por isolacao eletrica danificada durante a producao",TRANSPORTADOR,Parada não programada,GRUPO_5,BOMBA,L06,BOMBA,Falha de bomba,MANUTENCAO
1086,M_COMPONENT_DEGRADATION_02,COMPONENT_DEGRADATION,LOW_PERFORMANCE,"foi identificado que sensor apresentou baixo desempenho em razao de degradacao do componente, confirmado por fadiga do material durante a producao",ENVASADORA,Anomalia,GRUPO_1,SENSOR,L06,SENSOR,Falha de sensor,MANUTENCAO
1087,M_STRUCTURAL_DAMAGE_04,STRUCTURAL_DAMAGE,VIBRATION,"DURANTE O CICLO, REJEITOR APRESENTOU VIBRAÇÃO ELEVADA PORQUE OCORREU ESTRUTURA AVARIADA, CONFIRMADO POR SUPORTE ESTRUTURAL DANIFICADO NO CICLO ATUAL",TRANSPORTADOR,Processo,GRUPO_4,REJEITOR,L03,REJEITOR,Falha de rejeitor,MANUTENCAO
1088,O_FORMAT_CHANGE_ERROR_01,FORMAT_CHANGE_ERROR,POSITION_DRIFT,"foi identificado que correia perdeu a posicao em razao de troca de formato mal realizada, confirmado por troca de formato deixou o conjunto fora de posicao durante a producao",LAVADORA,Ajuste,GRUPO_1,CORREIA,L05,CORREIA,Falha de correia,OPERACAO
1089,O_WRONG_GUIDE_ADJUSTMENT_02,WRONG_GUIDE_ADJUSTMENT,LOW_PERFORMANCE,"DURANTE O CICLO, SENSOR APRESENTOU BAIXO DESEMPENHO PORQUE OCORREU GUIA MAL AJUSTADA, CONFIRMADO POR ABERTURA DA GUIA FICOU FORA DO FORMATO NO CICLO ATUAL",ENVASADORA,Ajuste,GRUPO_1,SENSOR,L03,SENSOR,Falha de sensor,OPERACAO
1090,O_HANDLING_ERROR_02,HANDLING_ERROR,VIBRATION,"foi identificado que mangueira apresentou vibracao elevada em razao de manuseio inadequado, confirmado por carga distribuida incorretamente durante a producao",ENVASADORA,Anomalia,GRUPO_4,MANGUEIRA,L02,MANGUEIRA,Falha de mangueira,OPERACAO
1091,M_OVERHEATING_04,OVERHEATING,THERMAL_ALARM,"transportador apresentou alarme térmico devido a aquecimento causado por defeito, confirmado por rolamento aquecendo por dano",ROTULADORA,Anomalia,GRUPO_3,TRANSPORTADOR,L01,TRANSPORTADOR,Falha de transportador,MANUTENCAO
1092,O_BAD_SETUP_03,BAD_SETUP,MISALIGNMENT,"foi identificado que correia desalinhado em razao de setup incorreto, confirmado por preparacao da maquina incompleta durante a producao",LAVADORA,Processo,GRUPO_1,CORREIA,L01,CORREIA,Falha de correia,OPERACAO
1093,M_COMPONENT_DEGRADATION_01,COMPONENT_DEGRADATION,LOW_PERFORMANCE,"foi identificado que inversor apresentou baixo desempenho em razao de degradacao do componente, confirmado por componente degradado pelo tempo durante a producao",PALETIZADORA,Ajuste,GRUPO_1,INVERSOR,L06,INVERSOR,Falha de inversor,MANUTENCAO
1094,O_POSITIONING_ERROR_02,POSITIONING_ERROR,NO_ACTUATION,"após inspeção, transportador não atuou devido a posicionamento incorreto, confirmado por embalagem posicionada incorreto causando parada do equipamento",ROTULADORA,Parada não programada,GRUPO_3,TRANSPORTADOR,L03,TRANSPORTADOR,Falha de transportador,OPERACAO
1095,M_MECHANICAL_WEAR_01,MECHANICAL_WEAR,MISALIGNMENT,"parada porque sensor desalinhado porque ocorreu degradação por uso, confirmado por desgaste progressivo e houve interrupção",ENVASADORA,Parada não programada,GRUPO_1,SENSOR,L04,SENSOR,Falha de sensor,MANUTENCAO
1096,M_STRUCTURAL_DAMAGE_02,STRUCTURAL_DAMAGE,VIBRATION,"após inspeção, mangueira apres. vibração elevada após constatação de estrutura avariada, confirmado por estrutura deformada causando parada do equipamento",ENVASADORA,Processo,GRUPO_4,MANGUEIRA,L05,MANGUEIRA,Falha de mangueira,MANUTENCAO
1097,M_BEARING_FAILURE_01,BEARING_FAILURE,OVERLOAD,"após inspeção, servo em sobrecarga após constatação de falha no mancal, confirmado por rolamento travado causando parada do equipamento",ENVASADORA,Anomalia,GRUPO_2,SERVO,L04,SERVO,Falha de servo,MANUTENCAO
1098,M_MECHANICAL_BREAKAGE_03,MECHANICAL_BREAKAGE,OUT_OF_POSITION,"acoplamento fora de posição porque ocorreu fratura da peça, confirmado por fratura da peça",EMPACOTADORA,Anomalia,GRUPO_2,ACOPLAMENTO,L01,ACOPLAMENTO,Falha de acoplamento,MANUTENCAO
1099,O_WRONG_PARAMETER_03,WRONG_PARAMETER,INTERMITTENT_STOP,"bomba parou de forma intermitente devido a parâmetro incorreto, confirmado por temporização ajustada errada",TRANSPORTADOR,Ajuste,GRUPO_5,BOMBA,L03,BOMBA,Falha de bomba,OPERACAO
1100,M_MECHANICAL_BREAKAGE_01,MECHANICAL_BREAKAGE,OUT_OF_POSITION,"foi identificado que guia fora de posicao apos constatacao de fratura da peca, confirmado por quebra do suporte durante a producao",ROTULADORA,Anomalia,GRUPO_2,GUIA,L03,GUIA,Falha de guia,MANUTENCAO
1101,O_HANDLING_ERROR_01,HANDLING_ERROR,VIBRATION,"após inspeção, cilindro apres. vibração elevada após constatação de intervenção manual incorreta, confirmado por produto manuseado de forma inadequada causando parada do equipamento",ROTULADORA,Anomalia,GRUPO_4,CILINDRO,L03,CILINDRO,Falha de cilindro,OPERACAO
1102,M_STRUCTURAL_DAMAGE_02,STRUCTURAL_DAMAGE,VIBRATION,"foi identificado que mangueira apresentou vibracao elevada apos constatacao de estrutura avariada, confirmado por estrutura deformada durante a producao",ENVASADORA,Processo,GRUPO_4,MANGUEIRA,L03,MANGUEIRA,Falha de mangueira,MANUTENCAO
1103,O_FORMAT_CHANGE_ERROR_03,FORMAT_CHANGE_ERROR,POSITION_DRIFT,"após inspeção, sensor perdeu a posição devido a troca de formato mal realizada, confirmado por conversão de formato incompleta causando parada do equipamento",ENVASADORA,Ajuste,GRUPO_1,SENSOR,L05,SENSOR,Falha de sensor,OPERACAO
1104,O_WRONG_SEQUENCE_02,WRONG_SEQUENCE,COMMAND_FAILURE,"após inspeção, alimentador não respondeu ao comando devido a sequência incorreta, confirmado por etapas acionadas na ordem incorreta causando parada do equipamento",LAVADORA,Parada não programada,GRUPO_2,ALIMENTADOR,L06,ALIMENTADOR,Falha de alimentador,OPERACAO
1105,M_BEARING_FAILURE_02,BEARING_FAILURE,OVERLOAD,"foi identificado que acoplamento em sobrecarga apos constatacao de falha no mancal, confirmado por rolamento com pista danificada durante a producao",EMPACOTADORA,Processo,GRUPO_2,ACOPLAMENTO,L02,ACOPLAMENTO,Falha de acoplamento,MANUTENCAO
1106,O_INADEQUATE_FLOW_04,INADEQUATE_FLOW,SLOW_MOVEMENT,"parada porque bocal com movimento lento devido a fluxo de processo inadequado, confirmado por restrição criada pelo ajuste do processo e houve interrupção",PALETIZADORA,Anomalia,GRUPO_4,BOCAL,L05,BOCAL,Falha de bocal,OPERACAO
1107,O_INADEQUATE_FLOW_04,INADEQUATE_FLOW,SLOW_MOVEMENT,"foi identificado que bocal com movimento lento apos constatacao de vazao mal ajustada, confirmado por restricao criada pelo ajuste do processo durante a producao",PALETIZADORA,Ajuste,GRUPO_4,BOCAL,L02,BOCAL,Falha de bocal,OPERACAO
1108,O_INADEQUATE_FLOW_03,INADEQUATE_FLOW,SLOW_MOVEMENT,"mangueira com movimento lento devido a fluxo de processo inadequado, confirmado por alimentação de produto irregular",ENVASADORA,Ajuste,GRUPO_4,MANGUEIRA,L01,MANGUEIRA,Falha de mangueira,OPERACAO
1109,O_STARTUP_PROCEDURE_ERROR_02,STARTUP_PROCEDURE_ERROR,THERMAL_ALARM,"foi identificado que rolamento apresentou alarme termico apos constatacao de partida fora da sequencia, confirmado por aquecimento inicial interrompido cedo durante a producao",EMPACOTADORA,Processo,GRUPO_3,ROLAMENTO,L06,ROLAMENTO,Falha de rolamento,OPERACAO
1110,M_COMPONENT_DEGRADATION_04,COMPONENT_DEGRADATION,LOW_PERFORMANCE,"parada porque correia apresentou baixo desempenho devido a degradação do componente, confirmado por deterioração física acumulada e houve interrupção",LAVADORA,Anomalia,GRUPO_1,CORREIA,L02,CORREIA,Falha de correia,MANUTENCAO
1111,O_BAD_SETUP_04,BAD_SETUP,MISALIGNMENT,"inversor desalinhado devido a setup incorreto, confirmado por setup carregado para outro formato",PALETIZADORA,Anomalia,GRUPO_1,INVERSOR,L05,INVERSOR,Falha de inversor,OPERACAO
1112,O_WRONG_GUIDE_ADJUSTMENT_01,WRONG_GUIDE_ADJUSTMENT,LOW_PERFORMANCE,"DURANTE O CICLO, INVERSOR APRESENTOU BAIXO DESEMPENHO PORQUE OCORREU GUIA MAL AJUSTADA, CONFIRMADO POR GUIA AJUSTADA PARA LARGURA INCORRETA NO CICLO ATUAL",PALETIZADORA,Parada não programada,GRUPO_1,INVERSOR,L03,INVERSOR,Falha de inversor,OPERACAO
1113,M_SEAL_FAILURE_02,SEAL_FAILURE,PRODUCT_LOSS,"após inspeção, bomba provocou perda de produto devido a vedação danificada, confirmado por gaxeta deteriorada causando parada do equipamento",TRANSPORTADOR,Parada não programada,GRUPO_5,BOMBA,L06,BOMBA,Falha de bomba,MANUTENCAO
1114,O_WRONG_PARAMETER_01,WRONG_PARAMETER,INTERMITTENT_STOP,"parada porque valvula parou de forma intermitente porque ocorreu configuração de valor errada, confirmado por parâmetro digitado incorretamente e houve interrupção",LAVADORA,Parada não programada,GRUPO_5,VALVULA,L06,VALVULA,Falha de valvula,OPERACAO
1115,O_WRONG_PROCEDURE_01,WRONG_PROCEDURE,PRODUCT_LOSS,"foi identificado que dosador provocou perda de produto apos constatacao de rotina produtiva inadequada, confirmado por procedimento de trabalho nao foi seguido durante a producao",PALETIZADORA,Anomalia,GRUPO_5,DOSADOR,L03,DOSADOR,Falha de dosador,OPERACAO
1116,O_WRONG_REFERENCE_01,WRONG_REFERENCE,NO_SIGNAL,"parada porque garra sem sinal devido a referência incorreta, confirmado por referência selecionada incorretamente e houve interrupção",EMPACOTADORA,Processo,GRUPO_1,GARRA,L02,GARRA,Falha de garra,OPERACAO
1117,M_MECHANICAL_WEAR_02,MECHANICAL_WEAR,MISALIGNMENT,"após inspeção, garra desalinhado devido a desgaste mecânico, confirmado por superfície consumida pelo uso causando parada do equipamento",EMPACOTADORA,Parada não programada,GRUPO_1,GARRA,L03,GARRA,Falha de garra,MANUTENCAO
1118,M_LEAKAGE_03,LEAKAGE,LOW_FLOW,"após inspeção, cilindro com fluxo insuficiente após constatação de perda de estanqueidade, confirmado por junta deteriorada causando parada do equipamento",ROTULADORA,Parada não programada,GRUPO_4,CILINDRO,L01,CILINDRO,Falha de cilindro,MANUTENCAO
1119,O_FORMAT_CHANGE_ERROR_04,FORMAT_CHANGE_ERROR,POSITION_DRIFT,"foi identificado que garra perdeu a posicao em razao de troca de formato mal realizada, confirmado por ajuste pos troca de formato nao realizado durante a producao",EMPACOTADORA,Parada não programada,GRUPO_1,GARRA,L05,GARRA,Falha de garra,OPERACAO
1120,M_LEAKAGE_04,LEAKAGE,LOW_FLOW,"DURANTE O CICLO, MANGUEIRA COM FLUXO INSUFICIENTE EM RAZÃO DE VAZAMENTO POR DEFEITO, CONFIRMADO POR FUGA PELO CORPO TRINCADO NO CICLO ATUAL",ENVASADORA,Parada não programada,GRUPO_4,MANGUEIRA,L04,MANGUEIRA,Falha de mangueira,MANUTENCAO
1121,M_SIGNAL_FAILURE_03,SIGNAL_FAILURE,NO_SIGNAL,"após inspeção, inversor sem sinal após constatação de defeito no sinal, confirmado por placa eletrônica defeituosa causando parada do equipamento",PALETIZADORA,Parada não programada,GRUPO_1,INVERSOR,L03,INVERSOR,Falha de inversor,MANUTENCAO
1122,M_ELECTRICAL_FAILURE_03,ELECTRICAL_FAILURE,INTERMITTENT_STOP,"parada porque bomba parou de forma intermitente devido a falha elétrica, confirmado por isolação elétrica danificada e houve interrupção",TRANSPORTADOR,Ajuste,GRUPO_5,BOMBA,L03,BOMBA,Falha de bomba,MANUTENCAO
1123,M_HARDWARE_FAILURE_03,HARDWARE_FAILURE,COMMAND_FAILURE,"DURANTE O CICLO, GUIA NÃO RESPONDEU AO COMANDO EM RAZÃO DE DEFEITO ELETRÔNICO, CONFIRMADO POR PLACA DE COMANDO AVARIADA NO CICLO ATUAL",ROTULADORA,Processo,GRUPO_2,GUIA,L06,GUIA,Falha de guia,MANUTENCAO
1124,O_WRONG_GUIDE_ADJUSTMENT_03,WRONG_GUIDE_ADJUSTMENT,LOW_PERFORMANCE,"DURANTE O CICLO, GARRA APRESENTOU BAIXO DESEMPENHO PORQUE OCORREU GUIA MAL AJUSTADA, CONFIRMADO POR REGULAGEM DA GUIA PRESSIONOU O PRODUTO NO CICLO ATUAL",EMPACOTADORA,Anomalia,GRUPO_1,GARRA,L03,GARRA,Falha de garra,OPERACAO
1125,M_SEAL_FAILURE_03,SEAL_FAILURE,PRODUCT_LOSS,"vedacao provocou perda de produto porque ocorreu falha de vedação, confirmado por anel de vedação rompido",ROTULADORA,Anomalia,GRUPO_5,VEDACAO,L03,VEDACAO,Falha de vedacao,MANUTENCAO
1126,M_PNEUMATIC_FAILURE_01,PNEUMATIC_FAILURE,SLOW_MOVEMENT,"parada porque rejeitor com movimento lento porque ocorreu defeito pneumático, confirmado por atuador pneumático danificado e houve interrupção",TRANSPORTADOR,Parada não programada,GRUPO_4,REJEITOR,L06,REJEITOR,Falha de rejeitor,MANUTENCAO
1127,M_RUPTURE_01,RUPTURE,NO_ACTUATION,"estrela não atuou porque ocorreu ruptura do elemento, confirmado por mangueira rompida",TRANSPORTADOR,Parada não programada,GRUPO_3,ESTRELA,L02,ESTRELA,Falha de estrela,MANUTENCAO
1128,O_PRODUCT_ACCUMULATION_03,PRODUCT_ACCUMULATION,BLOCKAGE,"DURANTE O CICLO, VALVULA FICOU BLOQUEADO EM RAZÃO DE ACÚMULO DE PRODUTO, CONFIRMADO POR PRODUTO SOBREPOSTO TRAVOU O FLUXO NO CICLO ATUAL",LAVADORA,Processo,GRUPO_5,VALVULA,L01,VALVULA,Falha de valvula,OPERACAO
1129,O_BAD_ADJUSTMENT_04,BAD_ADJUSTMENT,OUT_OF_POSITION,"DURANTE O CICLO, ALIMENTADOR FORA DE POSIÇÃO PORQUE OCORREU AJUSTE INCORRETO, CONFIRMADO POR CALIBRAÇÃO OPERACIONAL INADEQUADA NO CICLO ATUAL",LAVADORA,Processo,GRUPO_2,ALIMENTADOR,L01,ALIMENTADOR,Falha de alimentador,OPERACAO
1130,M_SIGNAL_FAILURE_01,SIGNAL_FAILURE,NO_SIGNAL,"DURANTE O CICLO, GARRA SEM SINAL EM RAZÃO DE FALHA FÍSICA NO SINAL, CONFIRMADO POR CABO DE SINAL DANIFICADO NO CICLO ATUAL",EMPACOTADORA,Ajuste,GRUPO_1,GARRA,L06,GARRA,Falha de garra,MANUTENCAO
1131,M_SIGNAL_FAILURE_02,SIGNAL_FAILURE,NO_SIGNAL,"após inspeção, correia sem sinal devido a falha física no sinal, confirmado por conector com mau contato causando parada do equipamento",LAVADORA,Parada não programada,GRUPO_1,CORREIA,L02,CORREIA,Falha de correia,MANUTENCAO
1132,M_OVERHEATING_01,OVERHEATING,THERMAL_ALARM,"DURANTE O CICLO, MOTOR APRESENTOU ALARME TÉRMICO PORQUE OCORREU FALHA TÉRMICA FÍSICA, CONFIRMADO POR VENTILADOR DE REFRIGERAÇÃO QUEBRADO NO CICLO ATUAL",ENVASADORA,Parada não programada,GRUPO_3,MOTOR,L02,MOTOR,Falha de motor,MANUTENCAO
1133,O_WRONG_PARAMETER_01,WRONG_PARAMETER,INTERMITTENT_STOP,"valvula parou de forma intermitente devido a parâmetro incorreto, confirmado por parâmetro digitado incorretamente",LAVADORA,Processo,GRUPO_5,VALVULA,L03,VALVULA,Falha de valvula,OPERACAO
1134,M_SIGNAL_FAILURE_03,SIGNAL_FAILURE,NO_SIGNAL,"parada porque inversor sem sinal devido a falha física no sinal, confirmado por placa eletrônica defeituosa e houve interrupção",PALETIZADORA,Ajuste,GRUPO_1,INVERSOR,L04,INVERSOR,Falha de inversor,MANUTENCAO
1135,O_STARTUP_PROCEDURE_ERROR_04,STARTUP_PROCEDURE_ERROR,THERMAL_ALARM,"após inspeção, transportador apres. alarme térmico após constatação de partida fora da sequência, confirmado por liberação de partida feita antes da condição causando parada do equipamento",ROTULADORA,Ajuste,GRUPO_3,TRANSPORTADOR,L02,TRANSPORTADOR,Falha de transportador,OPERACAO
1136,M_LEAKAGE_02,LEAKAGE,LOW_FLOW,"após inspeção, rejeitor com fluxo insuficiente devido a vazamento por defeito, confirmado por conexão perdeu estanqueidade causando parada do equipamento",TRANSPORTADOR,Parada não programada,GRUPO_4,REJEITOR,L06,REJEITOR,Falha de rejeitor,MANUTENCAO
1137,O_WRONG_PROCEDURE_02,WRONG_PROCEDURE,PRODUCT_LOSS,"foi identificado que bomba provocou perda de produto em razao de procedimento incorreto, confirmado por etapa manual executada incorretamente durante a producao",TRANSPORTADOR,Anomalia,GRUPO_5,BOMBA,L04,BOMBA,Falha de bomba,OPERACAO
1138,M_PNEUMATIC_FAILURE_04,PNEUMATIC_FAILURE,SLOW_MOVEMENT,"parada porque bocal com movimento lento porque ocorreu defeito pneumático, confirmado por êmbolo com desgaste e houve interrupção",PALETIZADORA,Processo,GRUPO_4,BOCAL,L06,BOCAL,Falha de bocal,MANUTENCAO
1139,M_PNEUMATIC_FAILURE_04,PNEUMATIC_FAILURE,SLOW_MOVEMENT,"após inspeção, bocal com movimento lento após constatação de defeito pneumático, confirmado por êmbolo com desgaste causando parada do equipamento",PALETIZADORA,Ajuste,GRUPO_4,BOCAL,L06,BOCAL,Falha de bocal,MANUTENCAO
1140,M_COMPONENT_DEGRADATION_02,COMPONENT_DEGRADATION,LOW_PERFORMANCE,"após inspeção, sensor apres. baixo desempenho após constatação de deterioração física, confirmado por fadiga do material causando parada do equipamento",ENVASADORA,Processo,GRUPO_1,SENSOR,L01,SENSOR,Falha de sensor,MANUTENCAO
1141,M_MECHANICAL_CLEARANCE_01,MECHANICAL_CLEARANCE,POSITION_DRIFT,"parada porque correia perdeu a posição porque ocorreu jogo mecânico excessivo, confirmado por folga no eixo e houve interrupção",LAVADORA,Parada não programada,GRUPO_1,CORREIA,L02,CORREIA,Falha de correia,MANUTENCAO
1142,O_FORMAT_CHANGE_ERROR_03,FORMAT_CHANGE_ERROR,POSITION_DRIFT,"DURANTE O CICLO, SENSOR PERDEU A POSIÇÃO EM RAZÃO DE TROCA DE FORMATO MAL REALIZADA, CONFIRMADO POR CONVERSÃO DE FORMATO INCOMPLETA NO CICLO ATUAL",ENVASADORA,Processo,GRUPO_1,SENSOR,L03,SENSOR,Falha de sensor,OPERACAO
1143,M_COMPONENT_DEGRADATION_02,COMPONENT_DEGRADATION,LOW_PERFORMANCE,"sensor apresentou baixo desempenho devido a degradação do componente, confirmado por fadiga do material",ENVASADORA,Parada não programada,GRUPO_1,SENSOR,L04,SENSOR,Falha de sensor,MANUTENCAO
1144,M_HARDWARE_FAILURE_01,HARDWARE_FAILURE,COMMAND_FAILURE,"DURANTE O CICLO, ACOPLAMENTO NÃO RESPONDEU AO COMANDO EM RAZÃO DE DEFEITO ELETRÔNICO, CONFIRMADO POR MÓDULO ELETRÔNICO QUEIMADO NO CICLO ATUAL",EMPACOTADORA,Ajuste,GRUPO_2,ACOPLAMENTO,L06,ACOPLAMENTO,Falha de acoplamento,MANUTENCAO
1145,M_PNEUMATIC_FAILURE_01,PNEUMATIC_FAILURE,SLOW_MOVEMENT,"rejeitor com movimento lento porque ocorreu defeito pneumático, confirmado por atuador pneumático danificado",TRANSPORTADOR,Parada não programada,GRUPO_4,REJEITOR,L02,REJEITOR,Falha de rejeitor,MANUTENCAO
1146,M_BEARING_FAILURE_02,BEARING_FAILURE,OVERLOAD,"parada porque acoplamento em sobrecarga devido a rolamento danificado, confirmado por rolamento com pista danificada e houve interrupção",EMPACOTADORA,Parada não programada,GRUPO_2,ACOPLAMENTO,L05,ACOPLAMENTO,Falha de acoplamento,MANUTENCAO
1147,O_WRONG_RECIPE_04,WRONG_RECIPE,LOW_FLOW,"DURANTE O CICLO, MANGUEIRA COM FLUXO INSUFICIENTE EM RAZÃO DE RECEITA INCORRETA, CONFIRMADO POR RECEITA INCOMPATÍVEL COM A PRODUÇÃO NO CICLO ATUAL",ENVASADORA,Parada não programada,GRUPO_4,MANGUEIRA,L02,MANGUEIRA,Falha de mangueira,OPERACAO
1148,O_WRONG_SEQUENCE_04,WRONG_SEQUENCE,COMMAND_FAILURE,"parada porque servo não respondeu ao comando porque ocorreu ordem de comandos errada, confirmado por sequência automática selecionada errada e houve interrupção",ENVASADORA,Processo,GRUPO_2,SERVO,L01,SERVO,Falha de servo,OPERACAO
1149,O_BAD_SETUP_01,BAD_SETUP,MISALIGNMENT,"foi identificado que sensor desalinhado apos constatacao de preparacao inadequada, confirmado por setup executado fora do padrao durante a producao",ENVASADORA,Anomalia,GRUPO_1,SENSOR,L06,SENSOR,Falha de sensor,OPERACAO
1150,M_MECHANICAL_BREAKAGE_02,MECHANICAL_BREAKAGE,OUT_OF_POSITION,"DURANTE O CICLO, SERVO FORA DE POSIÇÃO PORQUE OCORREU FRATURA DA PEÇA, CONFIRMADO POR ELEMENTO MECÂNICO QUEBRADO NO CICLO ATUAL",ENVASADORA,Ajuste,GRUPO_2,SERVO,L03,SERVO,Falha de servo,MANUTENCAO
1151,M_STRUCTURAL_DAMAGE_02,STRUCTURAL_DAMAGE,VIBRATION,"foi identificado que mangueira apresentou vibracao elevada em razao de dano estrutural, confirmado por estrutura deformada durante a producao",ENVASADORA,Anomalia,GRUPO_4,MANGUEIRA,L04,MANGUEIRA,Falha de mangueira,MANUTENCAO
1152,O_WRONG_GUIDE_ADJUSTMENT_01,WRONG_GUIDE_ADJUSTMENT,LOW_PERFORMANCE,"foi identificado que inversor apresentou baixo desempenho em razao de regulagem incorreta da guia, confirmado por guia ajustada para largura incorreta durante a producao",PALETIZADORA,Ajuste,GRUPO_1,INVERSOR,L04,INVERSOR,Falha de inversor,OPERACAO
1153,O_PRODUCT_ACCUMULATION_01,PRODUCT_ACCUMULATION,BLOCKAGE,"bomba ficou bloqueado porque ocorreu excesso acumulado no processo, confirmado por acúmulo de produto bloqueou a passagem",TRANSPORTADOR,Parada não programada,GRUPO_5,BOMBA,L06,BOMBA,Falha de bomba,OPERACAO
1154,M_OVERHEATING_01,OVERHEATING,THERMAL_ALARM,"foi identificado que motor apresentou alarme termico em razao de aquecimento causado por defeito, confirmado por ventilador de refrigeracao quebrado durante a producao",ENVASADORA,Ajuste,GRUPO_3,MOTOR,L03,MOTOR,Falha de motor,MANUTENCAO
1155,O_WRONG_RECIPE_03,WRONG_RECIPE,LOW_FLOW,"parada porque cilindro com fluxo insuficiente porque ocorreu programa de produto errado, confirmado por programa de formato errado e houve interrupção",ROTULADORA,Anomalia,GRUPO_4,CILINDRO,L05,CILINDRO,Falha de cilindro,OPERACAO
1156,M_SEAL_FAILURE_02,SEAL_FAILURE,PRODUCT_LOSS,"DURANTE O CICLO, BOMBA PROVOCOU PERDA DE PRODUTO EM RAZÃO DE VEDAÇÃO DANIFICADA, CONFIRMADO POR GAXETA DETERIORADA NO CICLO ATUAL",TRANSPORTADOR,Anomalia,GRUPO_5,BOMBA,L04,BOMBA,Falha de bomba,MANUTENCAO
1157,O_WRONG_RECIPE_02,WRONG_RECIPE,LOW_FLOW,"DURANTE O CICLO, REJEITOR COM FLUXO INSUFICIENTE EM RAZÃO DE RECEITA INCORRETA, CONFIRMADO POR RECEITA CARREGADA COM VALOR INCORRETO NO CICLO ATUAL",TRANSPORTADOR,Anomalia,GRUPO_4,REJEITOR,L02,REJEITOR,Falha de rejeitor,OPERACAO
1158,M_RUPTURE_03,RUPTURE,NO_ACTUATION,"foi identificado que motor nao atuou em razao de rompimento fisico, confirmado por membrana rasgada durante a producao",ENVASADORA,Processo,GRUPO_3,MOTOR,L05,MOTOR,Falha de motor,MANUTENCAO
1159,M_HARDWARE_FAILURE_04,HARDWARE_FAILURE,COMMAND_FAILURE,"DURANTE O CICLO, SERVO NÃO RESPONDEU AO COMANDO PORQUE OCORREU FALHA DE HARDWARE, CONFIRMADO POR FONTE ELETRÔNICA DANIFICADA NO CICLO ATUAL",ENVASADORA,Processo,GRUPO_2,SERVO,L01,SERVO,Falha de servo,MANUTENCAO
1160,M_OVERHEATING_01,OVERHEATING,THERMAL_ALARM,"DURANTE O CICLO, MOTOR APRESENTOU ALARME TÉRMICO EM RAZÃO DE AQUECIMENTO CAUSADO POR DEFEITO, CONFIRMADO POR VENTILADOR DE REFRIGERAÇÃO QUEBRADO NO CICLO ATUAL",ENVASADORA,Ajuste,GRUPO_3,MOTOR,L01,MOTOR,Falha de motor,MANUTENCAO
1161,O_WRONG_RECIPE_02,WRONG_RECIPE,LOW_FLOW,"rejeitor com fluxo insuficiente porque ocorreu programa de produto errado, confirmado por receita carregada com valor incorreto",TRANSPORTADOR,Ajuste,GRUPO_4,REJEITOR,L01,REJEITOR,Falha de rejeitor,OPERACAO
1162,O_POSITIONING_ERROR_04,POSITIONING_ERROR,NO_ACTUATION,"foi identificado que rolamento nao atuou em razao de posicionamento incorreto, confirmado por peca alimentada na orientacao errada durante a producao",EMPACOTADORA,Parada não programada,GRUPO_3,ROLAMENTO,L03,ROLAMENTO,Falha de rolamento,OPERACAO
1163,M_LEAKAGE_01,LEAKAGE,LOW_FLOW,"parada porque bocal com fluxo insuficiente porque ocorreu perda de estanqueidade, confirmado por vedação danificada com vazamento e houve interrupção",PALETIZADORA,Parada não programada,GRUPO_4,BOCAL,L01,BOCAL,Falha de bocal,MANUTENCAO
1164,M_RUPTURE_02,RUPTURE,NO_ACTUATION,"parada porque transportador não atuou devido a rompimento físico, confirmado por cabo rompido e houve interrupção",ROTULADORA,Parada não programada,GRUPO_3,TRANSPORTADOR,L01,TRANSPORTADOR,Falha de transportador,MANUTENCAO
1165,O_BAD_SETUP_01,BAD_SETUP,MISALIGNMENT,"DURANTE O CICLO, SENSOR DESALINHADO PORQUE OCORREU PREPARAÇÃO INADEQUADA, CONFIRMADO POR SETUP EXECUTADO FORA DO PADRÃO NO CICLO ATUAL",ENVASADORA,Parada não programada,GRUPO_1,SENSOR,L06,SENSOR,Falha de sensor,OPERACAO
1166,O_BAD_ADJUSTMENT_02,BAD_ADJUSTMENT,OUT_OF_POSITION,"servo fora de posição porque ocorreu ajuste incorreto, confirmado por ajuste operacional incorreto",ENVASADORA,Ajuste,GRUPO_2,SERVO,L05,SERVO,Falha de servo,OPERACAO
1167,O_WRONG_REFERENCE_01,WRONG_REFERENCE,NO_SIGNAL,"foi identificado que garra sem sinal apos constatacao de ponto de referencia errado, confirmado por referencia selecionada incorretamente durante a producao",EMPACOTADORA,Anomalia,GRUPO_1,GARRA,L05,GARRA,Falha de garra,OPERACAO
1168,O_WRONG_SEQUENCE_03,WRONG_SEQUENCE,COMMAND_FAILURE,"após inspeção, guia não respondeu ao comando devido a sequência incorreta, confirmado por ciclo iniciado antes da liberação causando parada do equipamento",ROTULADORA,Ajuste,GRUPO_2,GUIA,L06,GUIA,Falha de guia,OPERACAO
1169,M_MECHANICAL_WEAR_04,MECHANICAL_WEAR,MISALIGNMENT,"foi identificado que inversor desalinhado em razao de desgaste mecanico, confirmado por degradacao mecanica durante a producao",PALETIZADORA,Parada não programada,GRUPO_1,INVERSOR,L03,INVERSOR,Falha de inversor,MANUTENCAO
1170,M_MECHANICAL_WEAR_03,MECHANICAL_WEAR,MISALIGNMENT,"parada porque correia desalinhado porque ocorreu degradação por uso, confirmado por desgaste acima do limite e houve interrupção",LAVADORA,Anomalia,GRUPO_1,CORREIA,L04,CORREIA,Falha de correia,MANUTENCAO
1171,O_EXCESS_FEED_04,EXCESS_FEED,OVERLOAD,"DURANTE O CICLO, GUIA EM SOBRECARGA PORQUE OCORREU EXCESSO DE PRODUTO, CONFIRMADO POR VOLUME DE PRODUTO ACIMA DO PREVISTO NO CICLO ATUAL",ROTULADORA,Processo,GRUPO_2,GUIA,L06,GUIA,Falha de guia,OPERACAO
1172,M_MECHANICAL_WEAR_04,MECHANICAL_WEAR,MISALIGNMENT,"inversor desalinhado porque ocorreu degradação por uso, confirmado por degradação mecânica",PALETIZADORA,Processo,GRUPO_1,INVERSOR,L06,INVERSOR,Falha de inversor,MANUTENCAO
1173,O_STARTUP_PROCEDURE_ERROR_01,STARTUP_PROCEDURE_ERROR,THERMAL_ALARM,"parada porque motor apresentou alarme térmico porque ocorreu partida fora da sequência, confirmado por partida realizada sem estabilização do processo e houve interrupção",ENVASADORA,Parada não programada,GRUPO_3,MOTOR,L02,MOTOR,Falha de motor,OPERACAO
1174,O_WRONG_RECIPE_02,WRONG_RECIPE,LOW_FLOW,"após inspeção, rejeitor com fluxo insuficiente após constatação de programa de produto errado, confirmado por receita carregada com valor incorreto causando parada do equipamento",TRANSPORTADOR,Processo,GRUPO_4,REJEITOR,L05,REJEITOR,Falha de rejeitor,OPERACAO
1175,M_ELECTRICAL_FAILURE_01,ELECTRICAL_FAILURE,INTERMITTENT_STOP,"foi identificado que valvula parou de forma intermitente em razao de falha eletrica, confirmado por curto no circuito durante a producao",LAVADORA,Ajuste,GRUPO_5,VALVULA,L01,VALVULA,Falha de valvula,MANUTENCAO
1176,M_STRUCTURAL_DAMAGE_03,STRUCTURAL_DAMAGE,VIBRATION,"bocal apresentou vibração elevada devido a dano estrutural, confirmado por solda rompida",PALETIZADORA,Ajuste,GRUPO_4,BOCAL,L02,BOCAL,Falha de bocal,MANUTENCAO
1177,O_WRONG_SPEED_SETTING_02,WRONG_SPEED_SETTING,WRONG_SPEED,"foi identificado que motor operando em velocidade incorreta em razao de velocidade mal configurada, confirmado por referencia de velocidade acima do padrao durante a producao",ENVASADORA,Anomalia,GRUPO_3,MOTOR,L02,MOTOR,Falha de motor,OPERACAO
1178,O_WRONG_PARAMETER_01,WRONG_PARAMETER,INTERMITTENT_STOP,"valvula parou de forma intermitente porque ocorreu configuração de valor errada, confirmado por parâmetro digitado incorretamente",LAVADORA,Parada não programada,GRUPO_5,VALVULA,L02,VALVULA,Falha de valvula,OPERACAO
1179,O_WRONG_RECIPE_03,WRONG_RECIPE,LOW_FLOW,"DURANTE O CICLO, CILINDRO COM FLUXO INSUFICIENTE PORQUE OCORREU PROGRAMA DE PRODUTO ERRADO, CONFIRMADO POR PROGRAMA DE FORMATO ERRADO NO CICLO ATUAL",ROTULADORA,Anomalia,GRUPO_4,CILINDRO,L03,CILINDRO,Falha de cilindro,OPERACAO
1180,M_BLOCKAGE_BY_FAILURE_03,BLOCKAGE_BY_FAILURE,BLOCKAGE,"foi identificado que valvula ficou bloqueado apos constatacao de bloqueio causado por avaria, confirmado por fragmento mecanico travando o conjunto durante a producao",LAVADORA,Parada não programada,GRUPO_5,VALVULA,L04,VALVULA,Falha de valvula,MANUTENCAO
1181,M_SEAL_FAILURE_04,SEAL_FAILURE,PRODUCT_LOSS,"parada porque valvula provocou perda de produto devido a vedação danificada, confirmado por selo mecânico gasto e houve interrupção",LAVADORA,Anomalia,GRUPO_5,VALVULA,L02,VALVULA,Falha de valvula,MANUTENCAO
1182,M_HARDWARE_FAILURE_03,HARDWARE_FAILURE,COMMAND_FAILURE,"foi identificado que guia nao respondeu ao comando em razao de defeito eletronico, confirmado por placa de comando avariada durante a producao",ROTULADORA,Processo,GRUPO_2,GUIA,L02,GUIA,Falha de guia,MANUTENCAO
1183,M_COMPONENT_DEGRADATION_04,COMPONENT_DEGRADATION,LOW_PERFORMANCE,"correia apresentou baixo desempenho devido a degradação do componente, confirmado por deterioração física acumulada",LAVADORA,Anomalia,GRUPO_1,CORREIA,L04,CORREIA,Falha de correia,MANUTENCAO
1184,O_FORMAT_CHANGE_ERROR_02,FORMAT_CHANGE_ERROR,POSITION_DRIFT,"DURANTE O CICLO, INVERSOR PERDEU A POSIÇÃO EM RAZÃO DE TROCA DE FORMATO MAL REALIZADA, CONFIRMADO POR PEÇA DE FORMATO MONTADA NA REFERÊNCIA ERRADA NO CICLO ATUAL",PALETIZADORA,Anomalia,GRUPO_1,INVERSOR,L03,INVERSOR,Falha de inversor,OPERACAO
1185,M_COMPONENT_DEGRADATION_03,COMPONENT_DEGRADATION,LOW_PERFORMANCE,"parada porque garra apresentou baixo desempenho porque ocorreu deterioração física, confirmado por vida útil esgotada e houve interrupção",EMPACOTADORA,Anomalia,GRUPO_1,GARRA,L01,GARRA,Falha de garra,MANUTENCAO
1186,M_MECHANICAL_CLEARANCE_01,MECHANICAL_CLEARANCE,POSITION_DRIFT,"DURANTE O CICLO, CORREIA PERDEU A POSIÇÃO EM RAZÃO DE FOLGA MECÂNICA, CONFIRMADO POR FOLGA NO EIXO NO CICLO ATUAL",LAVADORA,Ajuste,GRUPO_1,CORREIA,L05,CORREIA,Falha de correia,MANUTENCAO
1187,M_ELECTRICAL_FAILURE_04,ELECTRICAL_FAILURE,INTERMITTENT_STOP,"vedacao parou de forma intermitente porque ocorreu defeito no circuito, confirmado por terminal elétrico carbonizado",ROTULADORA,Processo,GRUPO_5,VEDACAO,L04,VEDACAO,Falha de vedacao,MANUTENCAO
1188,O_BAD_ADJUSTMENT_02,BAD_ADJUSTMENT,OUT_OF_POSITION,"DURANTE O CICLO, SERVO FORA DE POSIÇÃO EM RAZÃO DE REGULAGEM INCORRETA, CONFIRMADO POR AJUSTE OPERACIONAL INCORRETO NO CICLO ATUAL",ENVASADORA,Anomalia,GRUPO_2,SERVO,L06,SERVO,Falha de servo,OPERACAO
1189,O_STARTUP_PROCEDURE_ERROR_01,STARTUP_PROCEDURE_ERROR,THERMAL_ALARM,"motor apresentou alarme térmico porque ocorreu partida fora da sequência, confirmado por partida realizada sem estabilização do processo",ENVASADORA,Parada não programada,GRUPO_3,MOTOR,L04,MOTOR,Falha de motor,OPERACAO
1190,O_PRODUCT_ACCUMULATION_01,PRODUCT_ACCUMULATION,BLOCKAGE,"DURANTE O CICLO, BOMBA FICOU BLOQUEADO PORQUE OCORREU EXCESSO ACUMULADO NO PROCESSO, CONFIRMADO POR ACÚMULO DE PRODUTO BLOQUEOU A PASSAGEM NO CICLO ATUAL",TRANSPORTADOR,Parada não programada,GRUPO_5,BOMBA,L02,BOMBA,Falha de bomba,OPERACAO
1191,M_SEAL_FAILURE_04,SEAL_FAILURE,PRODUCT_LOSS,"valvula provocou perda de produto porque ocorreu falha de vedação, confirmado por selo mecânico gasto",LAVADORA,Processo,GRUPO_5,VALVULA,L03,VALVULA,Falha de valvula,MANUTENCAO
1192,M_MECHANICAL_CLEARANCE_02,MECHANICAL_CLEARANCE,POSITION_DRIFT,"inversor perdeu a posição devido a folga mecânica, confirmado por bucha com folga excessiva",PALETIZADORA,Parada não programada,GRUPO_1,INVERSOR,L05,INVERSOR,Falha de inversor,MANUTENCAO
1193,O_WRONG_PROCEDURE_03,WRONG_PROCEDURE,PRODUCT_LOSS,"DURANTE O CICLO, VEDACAO PROVOCOU PERDA DE PRODUTO PORQUE OCORREU ROTINA PRODUTIVA INADEQUADA, CONFIRMADO POR SEQUÊNCIA DO PROCESSO IGNORADA NO CICLO ATUAL",ROTULADORA,Anomalia,GRUPO_5,VEDACAO,L03,VEDACAO,Falha de vedacao,OPERACAO
1194,O_WRONG_PARAMETER_02,WRONG_PARAMETER,INTERMITTENT_STOP,"foi identificado que dosador parou de forma intermitente apos constatacao de configuracao de valor errada, confirmado por limite configurado fora do padrao durante a producao",PALETIZADORA,Processo,GRUPO_5,DOSADOR,L04,DOSADOR,Falha de dosador,OPERACAO
1195,O_STARTUP_PROCEDURE_ERROR_03,STARTUP_PROCEDURE_ERROR,THERMAL_ALARM,"estrela apresentou alarme térmico porque ocorreu partida fora da sequência, confirmado por equipamento iniciado fora da sequência",TRANSPORTADOR,Anomalia,GRUPO_3,ESTRELA,L04,ESTRELA,Falha de estrela,OPERACAO
1196,M_COMPONENT_DEGRADATION_02,COMPONENT_DEGRADATION,LOW_PERFORMANCE,"sensor apresentou baixo desempenho porque ocorreu deterioração física, confirmado por fadiga do material",ENVASADORA,Ajuste,GRUPO_1,SENSOR,L03,SENSOR,Falha de sensor,MANUTENCAO
1197,M_DRIVE_FAILURE_04,DRIVE_FAILURE,WRONG_SPEED,"estrela operando em velocidade incorreta porque ocorreu falha da transmissão, confirmado por inversor com falha de hardware",TRANSPORTADOR,Processo,GRUPO_3,ESTRELA,L01,ESTRELA,Falha de estrela,MANUTENCAO
1198,O_WRONG_PARAMETER_04,WRONG_PARAMETER,INTERMITTENT_STOP,"vedacao parou de forma intermitente porque ocorreu configuração de valor errada, confirmado por valor operacional alterado indevidamente",ROTULADORA,Processo,GRUPO_5,VEDACAO,L02,VEDACAO,Falha de vedacao,OPERACAO
1199,M_SEAL_FAILURE_02,SEAL_FAILURE,PRODUCT_LOSS,"bomba provocou perda de produto porque ocorreu falha de vedação, confirmado por gaxeta deteriorada",TRANSPORTADOR,Ajuste,GRUPO_5,BOMBA,L03,BOMBA,Falha de bomba,MANUTENCAO
1200,M_LEAKAGE_02,LEAKAGE,LOW_FLOW,"rejeitor com fluxo insuficiente devido a vazamento por defeito, confirmado por conexão perdeu estanqueidade",TRANSPORTADOR,Parada não programada,GRUPO_4,REJEITOR,L04,REJEITOR,Falha de rejeitor,MANUTENCAO
1201,O_POSITIONING_ERROR_04,POSITIONING_ERROR,NO_ACTUATION,"rolamento não atuou porque ocorreu produto mal posicionado, confirmado por peça alimentada na orientação errada",EMPACOTADORA,Processo,GRUPO_3,ROLAMENTO,L06,ROLAMENTO,Falha de rolamento,OPERACAO
1202,M_ELECTRICAL_FAILURE_01,ELECTRICAL_FAILURE,INTERMITTENT_STOP,"após inspeção, valvula parou de forma intermitente após constatação de defeito no circuito, confirmado por curto no circuito causando parada do equipamento",LAVADORA,Anomalia,GRUPO_5,VALVULA,L02,VALVULA,Falha de valvula,MANUTENCAO
1203,O_WRONG_SEQUENCE_02,WRONG_SEQUENCE,COMMAND_FAILURE,"parada porque alimentador não respondeu ao comando porque ocorreu ordem de comandos errada, confirmado por etapas acionadas na ordem incorreta e houve interrupção",LAVADORA,Ajuste,GRUPO_2,ALIMENTADOR,L01,ALIMENTADOR,Falha de alimentador,OPERACAO
1204,O_WRONG_SEQUENCE_01,WRONG_SEQUENCE,COMMAND_FAILURE,"parada porque acoplamento não respondeu ao comando porque ocorreu ordem de comandos errada, confirmado por comando enviado fora da sequência e houve interrupção",EMPACOTADORA,Parada não programada,GRUPO_2,ACOPLAMENTO,L01,ACOPLAMENTO,Falha de acoplamento,OPERACAO
1205,O_PRODUCT_ACCUMULATION_04,PRODUCT_ACCUMULATION,BLOCKAGE,"parada porque dosador ficou bloqueado porque ocorreu excesso acumulado no processo, confirmado por processo acumulou material na entrada e houve interrupção",PALETIZADORA,Processo,GRUPO_5,DOSADOR,L04,DOSADOR,Falha de dosador,OPERACAO
1206,O_HANDLING_ERROR_01,HANDLING_ERROR,VIBRATION,"foi identificado que cilindro apresentou vibracao elevada apos constatacao de intervencao manual incorreta, confirmado por produto manuseado de forma inadequada durante a producao",ROTULADORA,Anomalia,GRUPO_4,CILINDRO,L01,CILINDRO,Falha de cilindro,OPERACAO
1207,M_ELECTRICAL_FAILURE_01,ELECTRICAL_FAILURE,INTERMITTENT_STOP,"foi identificado que valvula parou de forma intermitente apos constatacao de defeito no circuito, confirmado por curto no circuito durante a producao",LAVADORA,Anomalia,GRUPO_5,VALVULA,L06,VALVULA,Falha de valvula,MANUTENCAO
1208,M_BEARING_FAILURE_01,BEARING_FAILURE,OVERLOAD,"parada porque servo em sobrecarga devido a rolamento danificado, confirmado por rolamento travado e houve interrupção",ENVASADORA,Processo,GRUPO_2,SERVO,L05,SERVO,Falha de servo,MANUTENCAO
1209,M_MECHANICAL_CLEARANCE_01,MECHANICAL_CLEARANCE,POSITION_DRIFT,"após inspeção, correia perdeu a posição após constatação de jogo mecânico excessivo, confirmado por folga no eixo causando parada do equipamento",LAVADORA,Anomalia,GRUPO_1,CORREIA,L02,CORREIA,Falha de correia,MANUTENCAO
1210,M_MECHANICAL_BREAKAGE_03,MECHANICAL_BREAKAGE,OUT_OF_POSITION,"após inspeção, acoplamento fora de posição devido a quebra mecânica, confirmado por fratura da peça causando parada do equipamento",EMPACOTADORA,Ajuste,GRUPO_2,ACOPLAMENTO,L04,ACOPLAMENTO,Falha de acoplamento,MANUTENCAO
1211,O_EXCESS_FEED_02,EXCESS_FEED,OVERLOAD,"após inspeção, acoplamento em sobrecarga devido a alimentação excessiva, confirmado por entrada acima da capacidade causando parada do equipamento",EMPACOTADORA,Parada não programada,GRUPO_2,ACOPLAMENTO,L01,ACOPLAMENTO,Falha de acoplamento,OPERACAO
1212,O_PRODUCT_ACCUMULATION_03,PRODUCT_ACCUMULATION,BLOCKAGE,"após inspeção, valvula ficou bloqueado após constatação de excesso acumulado no processo, confirmado por produto sobreposto travou o fluxo causando parada do equipamento",LAVADORA,Parada não programada,GRUPO_5,VALVULA,L04,VALVULA,Falha de valvula,OPERACAO
1213,M_SEAL_FAILURE_02,SEAL_FAILURE,PRODUCT_LOSS,"bomba provocou perda de produto devido a vedação danificada, confirmado por gaxeta deteriorada",TRANSPORTADOR,Parada não programada,GRUPO_5,BOMBA,L04,BOMBA,Falha de bomba,MANUTENCAO
1214,M_COMPONENT_DEGRADATION_04,COMPONENT_DEGRADATION,LOW_PERFORMANCE,"após inspeção, correia apres. baixo desempenho devido a degradação do componente, confirmado por deterioração física acumulada causando parada do equipamento",LAVADORA,Anomalia,GRUPO_1,CORREIA,L06,CORREIA,Falha de correia,MANUTENCAO
1215,O_HANDLING_ERROR_02,HANDLING_ERROR,VIBRATION,"parada porque mangueira apresentou vibração elevada porque ocorreu intervenção manual incorreta, confirmado por carga distribuída incorretamente e houve interrupção",ENVASADORA,Ajuste,GRUPO_4,MANGUEIRA,L03,MANGUEIRA,Falha de mangueira,OPERACAO
1216,O_WRONG_SEQUENCE_03,WRONG_SEQUENCE,COMMAND_FAILURE,"após inspeção, guia não respondeu ao comando após constatação de ordem de comandos errada, confirmado por ciclo iniciado antes da liberação causando parada do equipamento",ROTULADORA,Parada não programada,GRUPO_2,GUIA,L01,GUIA,Falha de guia,OPERACAO
1217,M_RUPTURE_03,RUPTURE,NO_ACTUATION,"DURANTE O CICLO, MOTOR NÃO ATUOU PORQUE OCORREU RUPTURA DO ELEMENTO, CONFIRMADO POR MEMBRANA RASGADA NO CICLO ATUAL",ENVASADORA,Anomalia,GRUPO_3,MOTOR,L04,MOTOR,Falha de motor,MANUTENCAO
1218,O_WRONG_GUIDE_ADJUSTMENT_02,WRONG_GUIDE_ADJUSTMENT,LOW_PERFORMANCE,"sensor apresentou baixo desempenho porque ocorreu guia mal ajustada, confirmado por abertura da guia ficou fora do formato",ENVASADORA,Ajuste,GRUPO_1,SENSOR,L01,SENSOR,Falha de sensor,OPERACAO
1219,M_SEAL_FAILURE_02,SEAL_FAILURE,PRODUCT_LOSS,"foi identificado que bomba provocou perda de produto em razao de vedacao danificada, confirmado por gaxeta deteriorada durante a producao",TRANSPORTADOR,Anomalia,GRUPO_5,BOMBA,L06,BOMBA,Falha de bomba,MANUTENCAO
1220,O_WRONG_REFERENCE_02,WRONG_REFERENCE,NO_SIGNAL,"foi identificado que correia sem sinal em razao de referencia incorreta, confirmado por ponto de referencia informado errado durante a producao",LAVADORA,Anomalia,GRUPO_1,CORREIA,L06,CORREIA,Falha de correia,OPERACAO
1221,O_INADEQUATE_FLOW_02,INADEQUATE_FLOW,SLOW_MOVEMENT,"parada porque cilindro com movimento lento devido a fluxo de processo inadequado, confirmado por vazão operacional inadequada e houve interrupção",ROTULADORA,Parada não programada,GRUPO_4,CILINDRO,L05,CILINDRO,Falha de cilindro,OPERACAO
1222,O_HANDLING_ERROR_02,HANDLING_ERROR,VIBRATION,"DURANTE O CICLO, MANGUEIRA APRESENTOU VIBRAÇÃO ELEVADA PORQUE OCORREU INTERVENÇÃO MANUAL INCORRETA, CONFIRMADO POR CARGA DISTRIBUÍDA INCORRETAMENTE NO CICLO ATUAL",ENVASADORA,Ajuste,GRUPO_4,MANGUEIRA,L01,MANGUEIRA,Falha de mangueira,OPERACAO
1223,O_STARTUP_PROCEDURE_ERROR_03,STARTUP_PROCEDURE_ERROR,THERMAL_ALARM,"DURANTE O CICLO, ESTRELA APRESENTOU ALARME TÉRMICO PORQUE OCORREU PARTIDA FORA DA SEQUÊNCIA, CONFIRMADO POR EQUIPAMENTO INICIADO FORA DA SEQUÊNCIA NO CICLO ATUAL",TRANSPORTADOR,Anomalia,GRUPO_3,ESTRELA,L06,ESTRELA,Falha de estrela,OPERACAO
1224,M_SEAL_FAILURE_02,SEAL_FAILURE,PRODUCT_LOSS,"parada porque bomba provocou perda de produto porque ocorreu falha de vedação, confirmado por gaxeta deteriorada e houve interrupção",TRANSPORTADOR,Ajuste,GRUPO_5,BOMBA,L01,BOMBA,Falha de bomba,MANUTENCAO
1225,M_HARDWARE_FAILURE_01,HARDWARE_FAILURE,COMMAND_FAILURE,"após inspeção, acoplamento não respondeu ao comando devido a defeito eletrônico, confirmado por módulo eletrônico queimado causando parada do equipamento",EMPACOTADORA,Processo,GRUPO_2,ACOPLAMENTO,L02,ACOPLAMENTO,Falha de acoplamento,MANUTENCAO
1226,O_EXCESS_FEED_03,EXCESS_FEED,OVERLOAD,"alimentador em sobrecarga porque ocorreu excesso de produto, confirmado por acúmulo causado por alimentação excessiva",LAVADORA,Anomalia,GRUPO_2,ALIMENTADOR,L04,ALIMENTADOR,Falha de alimentador,OPERACAO
1227,M_RUPTURE_02,RUPTURE,NO_ACTUATION,"foi identificado que transportador nao atuou em razao de rompimento fisico, confirmado por cabo rompido durante a producao",ROTULADORA,Anomalia,GRUPO_3,TRANSPORTADOR,L05,TRANSPORTADOR,Falha de transportador,MANUTENCAO
1228,M_SEAL_FAILURE_02,SEAL_FAILURE,PRODUCT_LOSS,"foi identificado que bomba provocou perda de produto apos constatacao de falha de vedacao, confirmado por gaxeta deteriorada durante a producao",TRANSPORTADOR,Processo,GRUPO_5,BOMBA,L05,BOMBA,Falha de bomba,MANUTENCAO
1229,M_HARDWARE_FAILURE_02,HARDWARE_FAILURE,COMMAND_FAILURE,"foi identificado que alimentador nao respondeu ao comando em razao de defeito eletronico, confirmado por controlador com defeito durante a producao",LAVADORA,Anomalia,GRUPO_2,ALIMENTADOR,L02,ALIMENTADOR,Falha de alimentador,MANUTENCAO
1230,M_ELECTRICAL_FAILURE_01,ELECTRICAL_FAILURE,INTERMITTENT_STOP,"parada porque valvula parou de forma intermitente porque ocorreu defeito no circuito, confirmado por curto no circuito e houve interrupção",LAVADORA,Parada não programada,GRUPO_5,VALVULA,L02,VALVULA,Falha de valvula,MANUTENCAO
1231,M_LEAKAGE_02,LEAKAGE,LOW_FLOW,"parada porque rejeitor com fluxo insuficiente porque ocorreu perda de estanqueidade, confirmado por conexão perdeu estanqueidade e houve interrupção",TRANSPORTADOR,Ajuste,GRUPO_4,REJEITOR,L01,REJEITOR,Falha de rejeitor,MANUTENCAO
1232,M_SIGNAL_FAILURE_01,SIGNAL_FAILURE,NO_SIGNAL,"após inspeção, garra sem sinal devido a falha física no sinal, confirmado por cabo de sinal danificado causando parada do equipamento",EMPACOTADORA,Processo,GRUPO_1,GARRA,L02,GARRA,Falha de garra,MANUTENCAO
1233,M_HARDWARE_FAILURE_02,HARDWARE_FAILURE,COMMAND_FAILURE,"parada porque alimentador não respondeu ao comando porque ocorreu falha de hardware, confirmado por controlador com defeito e houve interrupção",LAVADORA,Ajuste,GRUPO_2,ALIMENTADOR,L03,ALIMENTADOR,Falha de alimentador,MANUTENCAO
1234,O_FORMAT_CHANGE_ERROR_01,FORMAT_CHANGE_ERROR,POSITION_DRIFT,"após inspeção, correia perdeu a posição após constatação de erro na conversão de formato, confirmado por troca de formato deixou o conjunto fora de posição causando parada do equipamento",LAVADORA,Anomalia,GRUPO_1,CORREIA,L06,CORREIA,Falha de correia,OPERACAO
1235,O_HANDLING_ERROR_01,HANDLING_ERROR,VIBRATION,"foi identificado que cilindro apresentou vibracao elevada em razao de manuseio inadequado, confirmado por produto manuseado de forma inadequada durante a producao",ROTULADORA,Ajuste,GRUPO_4,CILINDRO,L02,CILINDRO,Falha de cilindro,OPERACAO
1236,O_WRONG_REFERENCE_03,WRONG_REFERENCE,NO_SIGNAL,"parada porque inversor sem sinal porque ocorreu ponto de referência errado, confirmado por zero operacional definido fora da posição e houve interrupção",PALETIZADORA,Anomalia,GRUPO_1,INVERSOR,L01,INVERSOR,Falha de inversor,OPERACAO
1237,O_WRONG_REFERENCE_03,WRONG_REFERENCE,NO_SIGNAL,"inversor sem sinal porque ocorreu ponto de referência errado, confirmado por zero operacional definido fora da posição",PALETIZADORA,Anomalia,GRUPO_1,INVERSOR,L03,INVERSOR,Falha de inversor,OPERACAO
1238,M_MECHANICAL_WEAR_03,MECHANICAL_WEAR,MISALIGNMENT,"após inspeção, correia desalinhado após constatação de degradação por uso, confirmado por desgaste acima do limite causando parada do equipamento",LAVADORA,Parada não programada,GRUPO_1,CORREIA,L04,CORREIA,Falha de correia,MANUTENCAO
1239,M_STRUCTURAL_DAMAGE_01,STRUCTURAL_DAMAGE,VIBRATION,"cilindro apresentou vibração elevada devido a dano estrutural, confirmado por base trincada",ROTULADORA,Processo,GRUPO_4,CILINDRO,L02,CILINDRO,Falha de cilindro,MANUTENCAO
1240,O_POSITIONING_ERROR_03,POSITIONING_ERROR,NO_ACTUATION,"após inspeção, motor não atuou devido a posicionamento incorreto, confirmado por material entrou desalinhado causando parada do equipamento",ENVASADORA,Ajuste,GRUPO_3,MOTOR,L03,MOTOR,Falha de motor,OPERACAO
1241,O_WRONG_PROCEDURE_02,WRONG_PROCEDURE,PRODUCT_LOSS,"DURANTE O CICLO, BOMBA PROVOCOU PERDA DE PRODUTO PORQUE OCORREU ROTINA PRODUTIVA INADEQUADA, CONFIRMADO POR ETAPA MANUAL EXECUTADA INCORRETAMENTE NO CICLO ATUAL",TRANSPORTADOR,Ajuste,GRUPO_5,BOMBA,L03,BOMBA,Falha de bomba,OPERACAO
1242,M_ELECTRICAL_FAILURE_01,ELECTRICAL_FAILURE,INTERMITTENT_STOP,"valvula parou de forma intermitente porque ocorreu defeito no circuito, confirmado por curto no circuito",LAVADORA,Parada não programada,GRUPO_5,VALVULA,L04,VALVULA,Falha de valvula,MANUTENCAO
1243,M_DRIVE_FAILURE_04,DRIVE_FAILURE,WRONG_SPEED,"foi identificado que estrela operando em velocidade incorreta apos constatacao de falha da transmissao, confirmado por inversor com falha de hardware durante a producao",TRANSPORTADOR,Ajuste,GRUPO_3,ESTRELA,L03,ESTRELA,Falha de estrela,MANUTENCAO
1244,M_STRUCTURAL_DAMAGE_01,STRUCTURAL_DAMAGE,VIBRATION,"parada porque cilindro apresentou vibração elevada porque ocorreu estrutura avariada, confirmado por base trincada e houve interrupção",ROTULADORA,Parada não programada,GRUPO_4,CILINDRO,L05,CILINDRO,Falha de cilindro,MANUTENCAO
1245,M_MECHANICAL_CLEARANCE_03,MECHANICAL_CLEARANCE,POSITION_DRIFT,"foi identificado que sensor perdeu a posicao apos constatacao de jogo mecanico excessivo, confirmado por fixacao mecanica frouxa durante a producao",ENVASADORA,Parada não programada,GRUPO_1,SENSOR,L06,SENSOR,Falha de sensor,MANUTENCAO
1246,M_MECHANICAL_WEAR_03,MECHANICAL_WEAR,MISALIGNMENT,"foi identificado que correia desalinhado apos constatacao de degradacao por uso, confirmado por desgaste acima do limite durante a producao",LAVADORA,Parada não programada,GRUPO_1,CORREIA,L02,CORREIA,Falha de correia,MANUTENCAO
1247,M_MECHANICAL_WEAR_01,MECHANICAL_WEAR,MISALIGNMENT,"após inspeção, sensor desalinhado devido a desgaste mecânico, confirmado por desgaste progressivo causando parada do equipamento",ENVASADORA,Processo,GRUPO_1,SENSOR,L03,SENSOR,Falha de sensor,MANUTENCAO
1248,M_ELECTRICAL_FAILURE_02,ELECTRICAL_FAILURE,INTERMITTENT_STOP,"dosador parou de forma intermitente devido a falha elétrica, confirmado por bobina queimada",PALETIZADORA,Parada não programada,GRUPO_5,DOSADOR,L05,DOSADOR,Falha de dosador,MANUTENCAO
1249,M_SIGNAL_FAILURE_01,SIGNAL_FAILURE,NO_SIGNAL,"foi identificado que garra sem sinal apos constatacao de defeito no sinal, confirmado por cabo de sinal danificado durante a producao",EMPACOTADORA,Anomalia,GRUPO_1,GARRA,L01,GARRA,Falha de garra,MANUTENCAO
1250,M_SIGNAL_FAILURE_01,SIGNAL_FAILURE,NO_SIGNAL,"após inspeção, garra sem sinal após constatação de defeito no sinal, confirmado por cabo de sinal danificado causando parada do equipamento",EMPACOTADORA,Anomalia,GRUPO_1,GARRA,L03,GARRA,Falha de garra,MANUTENCAO
1251,O_INADEQUATE_FLOW_01,INADEQUATE_FLOW,SLOW_MOVEMENT,"rejeitor com movimento lento porque ocorreu vazão mal ajustada, confirmado por fluxo de processo ajustado abaixo do necessário",TRANSPORTADOR,Parada não programada,GRUPO_4,REJEITOR,L06,REJEITOR,Falha de rejeitor,OPERACAO
1252,O_BAD_SETUP_03,BAD_SETUP,MISALIGNMENT,"correia desalinhado porque ocorreu preparação inadequada, confirmado por preparação da máquina incompleta",LAVADORA,Anomalia,GRUPO_1,CORREIA,L04,CORREIA,Falha de correia,OPERACAO
1253,M_BEARING_FAILURE_02,BEARING_FAILURE,OVERLOAD,"DURANTE O CICLO, ACOPLAMENTO EM SOBRECARGA EM RAZÃO DE ROLAMENTO DANIFICADO, CONFIRMADO POR ROLAMENTO COM PISTA DANIFICADA NO CICLO ATUAL",EMPACOTADORA,Anomalia,GRUPO_2,ACOPLAMENTO,L01,ACOPLAMENTO,Falha de acoplamento,MANUTENCAO
1254,M_PNEUMATIC_FAILURE_02,PNEUMATIC_FAILURE,SLOW_MOVEMENT,"parada porque cilindro com movimento lento porque ocorreu defeito pneumático, confirmado por mangueira de ar furada e houve interrupção",ROTULADORA,Ajuste,GRUPO_4,CILINDRO,L06,CILINDRO,Falha de cilindro,MANUTENCAO
1255,O_WRONG_SEQUENCE_03,WRONG_SEQUENCE,COMMAND_FAILURE,"guia não respondeu ao comando devido a sequência incorreta, confirmado por ciclo iniciado antes da liberação",ROTULADORA,Ajuste,GRUPO_2,GUIA,L04,GUIA,Falha de guia,OPERACAO
1256,O_STARTUP_PROCEDURE_ERROR_01,STARTUP_PROCEDURE_ERROR,THERMAL_ALARM,"foi identificado que motor apresentou alarme termico apos constatacao de partida fora da sequencia, confirmado por partida realizada sem estabilizacao do processo durante a producao",ENVASADORA,Anomalia,GRUPO_3,MOTOR,L06,MOTOR,Falha de motor,OPERACAO
1257,M_STRUCTURAL_DAMAGE_03,STRUCTURAL_DAMAGE,VIBRATION,"foi identificado que bocal apresentou vibracao elevada apos constatacao de estrutura avariada, confirmado por solda rompida durante a producao",PALETIZADORA,Parada não programada,GRUPO_4,BOCAL,L03,BOCAL,Falha de bocal,MANUTENCAO
1258,O_WRONG_GUIDE_ADJUSTMENT_03,WRONG_GUIDE_ADJUSTMENT,LOW_PERFORMANCE,"parada porque garra apresentou baixo desempenho devido a regulagem incorreta da guia, confirmado por regulagem da guia pressionou o produto e houve interrupção",EMPACOTADORA,Ajuste,GRUPO_1,GARRA,L06,GARRA,Falha de garra,OPERACAO
1259,O_WRONG_SEQUENCE_02,WRONG_SEQUENCE,COMMAND_FAILURE,"alimentador não respondeu ao comando porque ocorreu ordem de comandos errada, confirmado por etapas acionadas na ordem incorreta",LAVADORA,Ajuste,GRUPO_2,ALIMENTADOR,L03,ALIMENTADOR,Falha de alimentador,OPERACAO
1260,M_HARDWARE_FAILURE_04,HARDWARE_FAILURE,COMMAND_FAILURE,"após inspeção, servo não respondeu ao comando após constatação de falha de hardware, confirmado por fonte eletrônica danificada causando parada do equipamento",ENVASADORA,Ajuste,GRUPO_2,SERVO,L03,SERVO,Falha de servo,MANUTENCAO
1261,O_WRONG_PROCEDURE_03,WRONG_PROCEDURE,PRODUCT_LOSS,"após inspeção, vedacao provocou perda de produto após constatação de rotina produtiva inadequada, confirmado por sequência do processo ignorada causando parada do equipamento",ROTULADORA,Parada não programada,GRUPO_5,VEDACAO,L05,VEDACAO,Falha de vedacao,OPERACAO
1262,M_MECHANICAL_BREAKAGE_04,MECHANICAL_BREAKAGE,OUT_OF_POSITION,"parada porque alimentador fora de posição devido a quebra mecânica, confirmado por ruptura estrutural e houve interrupção",LAVADORA,Anomalia,GRUPO_2,ALIMENTADOR,L06,ALIMENTADOR,Falha de alimentador,MANUTENCAO
1263,M_MECHANICAL_WEAR_01,MECHANICAL_WEAR,MISALIGNMENT,"foi identificado que sensor desalinhado apos constatacao de degradacao por uso, confirmado por desgaste progressivo durante a producao",ENVASADORA,Anomalia,GRUPO_1,SENSOR,L02,SENSOR,Falha de sensor,MANUTENCAO
1264,O_WRONG_RECIPE_03,WRONG_RECIPE,LOW_FLOW,"cilindro com fluxo insuficiente porque ocorreu programa de produto errado, confirmado por programa de formato errado",ROTULADORA,Anomalia,GRUPO_4,CILINDRO,L01,CILINDRO,Falha de cilindro,OPERACAO
1265,M_MECHANICAL_BREAKAGE_01,MECHANICAL_BREAKAGE,OUT_OF_POSITION,"após inspeção, guia fora de posição devido a quebra mecânica, confirmado por quebra do suporte causando parada do equipamento",ROTULADORA,Processo,GRUPO_2,GUIA,L04,GUIA,Falha de guia,MANUTENCAO
1266,O_PRODUCT_ACCUMULATION_01,PRODUCT_ACCUMULATION,BLOCKAGE,"DURANTE O CICLO, BOMBA FICOU BLOQUEADO EM RAZÃO DE ACÚMULO DE PRODUTO, CONFIRMADO POR ACÚMULO DE PRODUTO BLOQUEOU A PASSAGEM NO CICLO ATUAL",TRANSPORTADOR,Ajuste,GRUPO_5,BOMBA,L01,BOMBA,Falha de bomba,OPERACAO
1267,O_BAD_SETUP_02,BAD_SETUP,MISALIGNMENT,"DURANTE O CICLO, GARRA DESALINHADO PORQUE OCORREU PREPARAÇÃO INADEQUADA, CONFIRMADO POR AJUSTE INICIAL INCORRETO NO CICLO ATUAL",EMPACOTADORA,Ajuste,GRUPO_1,GARRA,L06,GARRA,Falha de garra,OPERACAO
1268,M_MECHANICAL_BREAKAGE_01,MECHANICAL_BREAKAGE,OUT_OF_POSITION,"DURANTE O CICLO, GUIA FORA DE POSIÇÃO EM RAZÃO DE QUEBRA MECÂNICA, CONFIRMADO POR QUEBRA DO SUPORTE NO CICLO ATUAL",ROTULADORA,Ajuste,GRUPO_2,GUIA,L02,GUIA,Falha de guia,MANUTENCAO
1269,O_WRONG_SEQUENCE_03,WRONG_SEQUENCE,COMMAND_FAILURE,"DURANTE O CICLO, GUIA NÃO RESPONDEU AO COMANDO PORQUE OCORREU ORDEM DE COMANDOS ERRADA, CONFIRMADO POR CICLO INICIADO ANTES DA LIBERAÇÃO NO CICLO ATUAL",ROTULADORA,Anomalia,GRUPO_2,GUIA,L05,GUIA,Falha de guia,OPERACAO
1270,M_ELECTRICAL_FAILURE_04,ELECTRICAL_FAILURE,INTERMITTENT_STOP,"vedacao parou de forma intermitente devido a falha elétrica, confirmado por terminal elétrico carbonizado",ROTULADORA,Anomalia,GRUPO_5,VEDACAO,L05,VEDACAO,Falha de vedacao,MANUTENCAO
1271,O_WRONG_REFERENCE_04,WRONG_REFERENCE,NO_SIGNAL,"DURANTE O CICLO, SENSOR SEM SINAL EM RAZÃO DE REFERÊNCIA INCORRETA, CONFIRMADO POR REFERÊNCIA DE FORMATO TROCADA NO CICLO ATUAL",ENVASADORA,Parada não programada,GRUPO_1,SENSOR,L04,SENSOR,Falha de sensor,OPERACAO
1272,M_LEAKAGE_01,LEAKAGE,LOW_FLOW,"após inspeção, bocal com fluxo insuficiente devido a vazamento por defeito, confirmado por vedação danificada com vazamento causando parada do equipamento",PALETIZADORA,Processo,GRUPO_4,BOCAL,L06,BOCAL,Falha de bocal,MANUTENCAO
1273,M_RUPTURE_04,RUPTURE,NO_ACTUATION,"após inspeção, rolamento não atuou após constatação de ruptura do elemento, confirmado por conexão partida causando parada do equipamento",EMPACOTADORA,Ajuste,GRUPO_3,ROLAMENTO,L06,ROLAMENTO,Falha de rolamento,MANUTENCAO
1274,M_BLOCKAGE_BY_FAILURE_02,BLOCKAGE_BY_FAILURE,BLOCKAGE,"após inspeção, vedacao ficou bloqueado após constatação de bloqueio causado por avaria, confirmado por componente deformado causando obstrução causando parada do equipamento",ROTULADORA,Processo,GRUPO_5,VEDACAO,L06,VEDACAO,Falha de vedacao,MANUTENCAO
1275,O_STARTUP_PROCEDURE_ERROR_03,STARTUP_PROCEDURE_ERROR,THERMAL_ALARM,"foi identificado que estrela apresentou alarme termico apos constatacao de partida fora da sequencia, confirmado por equipamento iniciado fora da sequencia durante a producao",TRANSPORTADOR,Parada não programada,GRUPO_3,ESTRELA,L06,ESTRELA,Falha de estrela,OPERACAO
1276,O_WRONG_PARAMETER_03,WRONG_PARAMETER,INTERMITTENT_STOP,"após inspeção, bomba parou de forma intermitente após constatação de configuração de valor errada, confirmado por temporização ajustada errada causando parada do equipamento",TRANSPORTADOR,Parada não programada,GRUPO_5,BOMBA,L06,BOMBA,Falha de bomba,OPERACAO
1277,O_BAD_ADJUSTMENT_02,BAD_ADJUSTMENT,OUT_OF_POSITION,"após inspeção, servo fora de posição após constatação de ajuste incorreto, confirmado por ajuste operacional incorreto causando parada do equipamento",ENVASADORA,Processo,GRUPO_2,SERVO,L03,SERVO,Falha de servo,OPERACAO
1278,M_DRIVE_FAILURE_01,DRIVE_FAILURE,WRONG_SPEED,"transportador operando em velocidade incorreta porque ocorreu falha da transmissão, confirmado por acionamento com defeito interno",ROTULADORA,Parada não programada,GRUPO_3,TRANSPORTADOR,L01,TRANSPORTADOR,Falha de transportador,MANUTENCAO
1279,O_BAD_ADJUSTMENT_04,BAD_ADJUSTMENT,OUT_OF_POSITION,"após inspeção, alimentador fora de posição devido a regulagem incorreta, confirmado por calibração operacional inadequada causando parada do equipamento",LAVADORA,Anomalia,GRUPO_2,ALIMENTADOR,L02,ALIMENTADOR,Falha de alimentador,OPERACAO
1280,M_SIGNAL_FAILURE_01,SIGNAL_FAILURE,NO_SIGNAL,"DURANTE O CICLO, GARRA SEM SINAL PORQUE OCORREU DEFEITO NO SINAL, CONFIRMADO POR CABO DE SINAL DANIFICADO NO CICLO ATUAL",EMPACOTADORA,Parada não programada,GRUPO_1,GARRA,L01,GARRA,Falha de garra,MANUTENCAO
