priority_rank,active_learning_score,observation,current_label,family,train_support,rarity_bucket,top1,top1_score,top2,top2_score,top3,top3_score,margin_top1_top2,prototype_best_label,prototype_similarity,persistent_confusion,possible_label_noise,review_reason,human_decision,human_label,human_comment,reviewed_by,reviewed_at
1,64.9655,FALHA NO TRANSPORTE DE PALETES 8241859,FALHA DE TRANSPORTE DE PALETES,PALETE,1,VERY_RARE_2_3,FALHA DE TRANSPORTE DE PACOTES,1.0,FALHA DE BARREIRA,0.9877076551034799,TRAVAMENTO DE TRANSPORTE,0.8395735492255504,0.012292344896520091,FALHA DE TRANSPORTE DE LATAS,0.5282047986984253,,False,HIGH_UNCERTAINTY | RARE_CLASS | PERSISTENT_CONFUSION | MODEL_PROTOTYPE_FAMILY_DISAGREEMENT,,,,,
2,63.9246,INSTALACAO DA VALVULA DE DOSADOR DE NITROGENIO,FALHA DE VALVULA DE NITROGENIO,VALVULA,1,VERY_RARE_2_3,FALHA NO DOSADOR DE NITROGENIO,1.0,FALHA DE VALVULA,0.7926826846490361,FALHA DE DOSAGEM,0.48670615581965354,0.20731731535096387,FALHA NO DOSADOR DE NITROGENIO,0.7220413088798523,FALHA DE VALVULA DE NITROGENIO -> FALHA NO DOSADOR DE NITROGENIO (3),True,RARE_CLASS | PERSISTENT_CONFUSION | MODEL_PROTOTYPE_FAMILY_DISAGREEMENT | POSSIBLE_LABEL_NOISE,,,,,
3,63.0352,"ROBO SOLTOU CARTÃO NO MEIO DO TRAJETO, CAIU NA FRENTE DA BARREIRA, MAQUINA SE PERDEU NOS CICLOS AUTOMATICOS",FALHA DO COLOCADOR DE CARTAO,CARTAO,1,VERY_RARE_2_3,FALHA DE ROBO,1.0,FALHA DE BARREIRA,0.9912509262747607,FALHA DE FIXACAO,0.7190768038240263,0.008749073725239254,FALHA NA TROCA DE PALETE DE CARTAO,0.23103207349777222,FALHA DO COLOCADOR DE CARTAO -> FALHA DE ROBO (2),False,HIGH_UNCERTAINTY | RARE_CLASS | PERSISTENT_CONFUSION | MODEL_PROTOTYPE_FAMILY_DISAGREEMENT,,,,,
4,61.4574,TROCA DA ROLDANA DO PISTÃO Nº 01,FALHA DE ATUADOR,ATUADOR,1,VERY_RARE_2_3,TRAVAMENTO DE ATUADOR,1.0,QUEBRA DE ATUADOR,0.9962918090800624,FALHA DE ATUADOR,0.39822291104480706,0.0037081909199375707,TRAVAMENTO DE ATUADOR,0.350394606590271,FALHA DE ATUADOR -> QUEBRA DE ATUADOR (2),False,HIGH_UNCERTAINTY | RARE_CLASS | PERSISTENT_CONFUSION | MODEL_PROTOTYPE_FAMILY_DISAGREEMENT,,,,,
5,61.1132,"MAGAZINE DE PALETE QUEBRADO ,TIRANDO OS PALETE EM MANUAL, GERANDO FALHA NO ELEVADOR..ORDEM (30008425473)",FALHA DE MAGAZINE,MAGAZINE,53,HEALTHY_GT20,FALHA DE MAGAZINE,1.0,FALHA DE ELEVADOR,0.9587201919141561,FALHA DE ROLETES,0.20610724340659065,0.04127980808584386,FALHA DE ELEVADOR,0.4895119071006775,FALHA DE MAGAZINE -> FALHA DE ELEVADOR (22),False,PERSISTENT_CONFUSION | MODEL_PROTOTYPE_FAMILY_DISAGREEMENT,,,,,
6,60.8087,PERSIANA DA GAIOLA TRAVADA.,TRAVAMENTO DE PERSIANA,PERSIANA,1,RARE_4_5,TRAVAMENTO DE PERSIANA,1.0,FALHA DE PERSIANA,0.9086692264808626,FALHA DE COLISAO DA GAIOLA,0.3431297353067936,0.09133077351913743,FALHA DE PERSIANA,0.4414045810699463,TRAVAMENTO DE PERSIANA -> FALHA DE PERSIANA (3),False,RARE_CLASS | PERSISTENT_CONFUSION | MODEL_PROTOTYPE_FAMILY_DISAGREEMENT,,,,,
7,60.6918,FALHA ELETRICA NOTRASPORTE DE SAIDA DA LAVADORA,FALHA ELETRICA DO TRANSPORTE,ELETRICO,1,VERY_RARE_2_3,FALHA ELETRICA SEM COMPONENTE IDENTIFICADO,1.0,FALHA DE TRANSPORTE,0.9541444449828707,FALHA ELETRICA DO TRANSPORTE,0.9012073413193002,0.045855555017129346,TRAVAMENTO DE GARRAFAS NA SAIDA DA LAVADORA,0.41067248582839966,FALHA ELETRICA DO TRANSPORTE -> FALHA ELETRICA SEM COMPONENTE IDENTIFICADO (2),False,RARE_CLASS | PERSISTENT_CONFUSION | MODEL_PROTOTYPE_FAMILY_DISAGREEMENT,,,,,
8,60.5491,"PALETIZAÇÃO FICANDO COM LATERAL ABERTA, CAINDO PACOTE DO PALLET ACABADO",QUEDA DE PACOTES,PACOTE,2,RARE_4_5,FALHA DE ROLETES,1.0,FALHA NA DESCARGA DE PALETE,0.9437421340724683,FALHA DE PORTA DE SEGURANCA,0.7938658330709757,0.05625786592753168,FALHA NA DESCARGA DE PALETE,0.3262481093406677,QUEDA DE PACOTES -> FALHA NA DESCARGA DE PALETE (2),False,RARE_CLASS | PERSISTENT_CONFUSION | MODEL_PROTOTYPE_FAMILY_DISAGREEMENT,,,,,
9,60.4744,"DESARME DOS DISJUNTORES TAG 9Q0 E8Q1, ORDEM : 30008797007",DESARME DE DISJUNTOR,OTHER_UNKNOWN,1,VERY_RARE_2_3,DESARME DE TRANSPORTE,1.0,DESARME DE MOTOR,0.9451169162851868,DESARME DE DISJUNTOR,0.6543067220587425,0.05488308371481321,DESARME DE EQUIPAMENTO,0.2981671392917633,DESARME DE DISJUNTOR -> DESARME DE TRANSPORTE (3),False,RARE_CLASS | PERSISTENT_CONFUSION | MODEL_PROTOTYPE_FAMILY_DISAGREEMENT,,,,,
10,59.096,QUEIMA DO FUSÌVEL DA BARREIRA,ATUACAO QUEIMA DE FUSIVEL,ELETRICO,1,VERY_RARE_2_3,FALHA DE BARREIRA,1.0,ATUACAO QUEIMA DE FUSIVEL,0.8943033583098865,QUEIMA DE FILAMENTO,0.41579447693054145,0.1056966416901135,ATUACAO QUEIMA DE FUSIVEL,0.39521142840385437,ATUACAO QUEIMA DE FUSIVEL -> FALHA DE BARREIRA (2),False,RARE_CLASS | PERSISTENT_CONFUSION | MODEL_PROTOTYPE_FAMILY_DISAGREEMENT,,,,,
11,58.9295,"FALHA NOBREAK, FALTOU ENERGIA EQTO",FALHA DE NOBREAK,OTHER_UNKNOWN,1,VERY_RARE_2_3,FALHA DE NOBREAK,1.0,FALHA DE ALIMENTACAO ELETRICA,0.9171401885804512,FALHA DE INSPECAO,0.3876538900161081,0.08285981141954879,FALHA DE NOBREAK,0.419721394777298,FALHA DE NOBREAK -> FALHA DE ALIMENTACAO ELETRICA (2),False,RARE_CLASS | PERSISTENT_CONFUSION | MODEL_PROTOTYPE_FAMILY_DISAGREEMENT,,,,,
12,58.893,ESTEIRA DESNIVELADA (30008795344),DESNIVELAMENTO DE ESTEIRA,ESTEIRA,2,RARE_4_5,ESCAPE DE ESTEIRA,1.0,QUEBRA DE ESTEIRA,0.9671852379798853,FALHA DE ESTEIRA,0.8031127085333962,0.032814762020114685,QUEBRA DE ESTEIRA,0.3461358845233917,DESNIVELAMENTO DE ESTEIRA -> QUEBRA DE ESTEIRA (2),False,RARE_CLASS | PERSISTENT_CONFUSION | MODEL_PROTOTYPE_FAMILY_DISAGREEMENT,,,,,
13,58.7721,TROCA DO REPARO DO FILTRO (REALIZADO SANITIZAÇÃO A FRIO),FALHA DE FILTRO,FILTRO,1,RARE_4_5,FALHA DE VEDACAO DA VALVULA,1.0,FALHA DE FILTRO,0.8865012848343655,SEM MODO DE FALHA IDENTIFICADO,0.3683038465078082,0.11349871516563448,FALHA DE VEDACAO DA VALVULA,0.4480544328689575,FALHA DE FILTRO -> FALHA DE VEDACAO DA VALVULA (4),False,RARE_CLASS | PERSISTENT_CONFUSION,,,,,
14,58.7517,TROCA DE MANGUEIRA DE AR,FALHA DE MANGUEIRA PNEUMATICA,MANGUEIRA,2,RARE_4_5,FALHA DE CONEXAO DE MANGUEIRA,1.0,ROMPIMENTO DE MANGUEIRA DE AR,0.8487884091854796,FALHA DE MANGUEIRA PNEUMATICA,0.4387774309754999,0.1512115908145204,FALHA DE CONEXAO DE MANGUEIRA,0.5996590852737427,FALHA DE MANGUEIRA PNEUMATICA -> FALHA DE CONEXAO DE MANGUEIRA (3),False,RARE_CLASS | PERSISTENT_CONFUSION,,,,,
15,57.3043,ALTERAÇÃO DE PARÂMETROS DE VELOCIDADE DA ESTEIRA E PINO DE SEPARAÇÃO,FALHA DE ELO DE ESTEIRA,ESTEIRA,6,MEDIUM_11_20,FALHA DE ESTEIRA,1.0,QUEBRA DE ESTEIRA,0.9952347616057963,ALTERACAO DA VELOCIDADE DO DEVICER,0.8546714019322658,0.00476523839420373,FALHA DE PINO,0.3555806279182434,FALHA DE ELO DE ESTEIRA -> FALHA DE ESTEIRA (2),False,HIGH_UNCERTAINTY | PERSISTENT_CONFUSION | MODEL_PROTOTYPE_FAMILY_DISAGREEMENT,,,,,
16,57.2476,PATIM FORA DA GUIA OCASIONANDO FALHA NO DIRECIONAMENTO DOS PACOTES. (13085183),PATINS FORA DE POSICAO,PATINS,6,LOW_SUPPORT_6_10,QUEDA DE PACOTES,1.0,ENROSCO DE PACOTES,0.9710152810151822,FALHA DE GUIA,0.6584894048291925,0.028984718984817803,QUEDA DE PACOTES,0.2042044997215271,PATINS FORA DE POSICAO -> QUEDA DE PACOTES (6),False,PERSISTENT_CONFUSION | MODEL_PROTOTYPE_FAMILY_DISAGREEMENT,,,,,
17,56.9694,FALHA NA CALIBRAÇÃO,FALHA DE CALIBRACAO,OTHER_UNKNOWN,1,VERY_RARE_2_3,FALHA DE CALIBRACAO,1.0,SEM MODO DE FALHA IDENTIFICADO,0.9599479032025195,FALHA DE CONTROLE DE PROCESSO,0.5528348426847742,0.04005209679748045,FALHA DE CALIBRACAO,0.4750024080276489,FALHA DE CALIBRACAO -> SEM MODO DE FALHA IDENTIFICADO (2),False,RARE_CLASS | PERSISTENT_CONFUSION,,,,,
18,56.9291,INSERÇÃO DE LATAS FALSAS DE FORMA MANUAL,FALHA NA INSERCAO DE LATAS FALSAS,LATA,1,VERY_RARE_2_3,FALHA NO SISTEMA DE INSERCAO DE FALSA GARRAFA,1.0,FALHA DE INSPECAO,0.7800966930097719,FALHA DE REJEICAO,0.6877434967955403,0.2199033069902281,FALHA NO SISTEMA DE INSERCAO DE FALSA GARRAFA,0.40125104784965515,FALHA NA INSERCAO DE LATAS FALSAS -> FALHA NO SISTEMA DE INSERCAO DE FALSA GARRAFA (2),False,RARE_CLASS | PERSISTENT_CONFUSION | MODEL_PROTOTYPE_FAMILY_DISAGREEMENT,,,,,
19,56.4591,TROCA DA FACA,FALHA DE FACA,OTHER_UNKNOWN,1,VERY_RARE_2_3,FALHA DE CORTE DE FILME,1.0,DEFORMACAO DE FACA,0.7336502848074098,FALHA DE FACA,0.7325248309765054,0.2663497151925902,DEFORMACAO DE FACA,0.42223843932151794,FALHA DE FACA -> FALHA DE CORTE DE FILME (3),False,RARE_CLASS | PERSISTENT_CONFUSION | MODEL_PROTOTYPE_FAMILY_DISAGREEMENT,,,,,
20,56.4162,FALHA PRESSÃO NO CABEÇOTE DA ENCHEDORA ORDEM 30008291471,FALHA DE PRESSURIZACAO DA ENCHEDORA,ENCHIMENTO,1,VERY_RARE_2_3,FALHA DE CABECOTE,1.0,DEFORMACAO DE CABECOTE,0.5664096602810305,FALHA DE SENSOR,0.47042985956392647,0.43359033971896954,FALHA DE CABECOTE,0.4820236265659332,FALHA DE PRESSURIZACAO DA ENCHEDORA -> FALHA DE CABECOTE (3),False,RARE_CLASS | PERSISTENT_CONFUSION | MODEL_PROTOTYPE_FAMILY_DISAGREEMENT,,,,,
21,56.3503,CAPSULADOR NUMERO 5 TRAVO,TRAVAMENTO DO CAPSULADOR,OTHER_UNKNOWN,1,VERY_RARE_2_3,TRAVAMENTO DO CAPSULADOR,1.0,FALHA DE TAMPAMENTO,0.9529639788298373,FALHA DE MOLA,0.27639672580635144,0.0470360211701627,TRAVAMENTO DE PINCA,0.35564395785331726,,False,RARE_CLASS | PERSISTENT_CONFUSION | MODEL_PROTOTYPE_FAMILY_DISAGREEMENT,,,,,
22,56.3151,TROCA DA ELETRONICA DA VALVULA 91 30008305817,FALHA ELETRONICA DA VALVULA,VALVULA,1,RARE_4_5,FALHA DE VALVULA,1.0,FALHA ELETRONICA DA VALVULA,0.9390486261276797,FALHA DE VALVULA DE ENCHIMENTO,0.8234064956359075,0.0609513738723203,FALHA ELETRONICA DA VALVULA,0.5048987865447998,,False,RARE_CLASS | PERSISTENT_CONFUSION,,,,,
23,56.1696,ENCHEDORA DESARMOU,DESARME DE EQUIPAMENTO,OTHER_UNKNOWN,2,RARE_4_5,DESARME DE TRANSPORTE,1.0,DESARME DE MOTOR,0.8029602472138623,SEM MODO DE FALHA IDENTIFICADO,0.23701574342467707,0.19703975278613772,DESARME DE TRANSPORTE,0.3982331156730652,DESARME DE EQUIPAMENTO -> DESARME DE TRANSPORTE (3),False,RARE_CLASS | PERSISTENT_CONFUSION | MODEL_PROTOTYPE_FAMILY_DISAGREEMENT,,,,,
24,55.9826,COMPACTADOR DE CAMADAS TRAVADO,TRAVAMENTO DO SISTEMA DE COMPACTACAO,OTHER_UNKNOWN,3,RARE_4_5,TRAVAMENTO DO SISTEMA DE COMPACTACAO,1.0,FALHA DE COMPACTACAO DE CAMADA,0.9969133592514609,TRAVAMENTO DE ATUADOR,0.898003054196399,0.003086640748539149,FALHA DE COMPACTACAO DE CAMADA,0.4588697850704193,,False,HIGH_UNCERTAINTY | RARE_CLASS | PERSISTENT_CONFUSION | MODEL_PROTOTYPE_FAMILY_DISAGREEMENT,,,,,
25,55.9651,CORRENTE DE ARRASTE COM FOLGA CAUSANDO QUEDA DE GARRAFA,FALHA DE CORRENTE,CORRENTE,1,VERY_RARE_2_3,QUEDA DE GARRAFAS,1.0,FALHA DE CORREIA,0.6661971522099347,FALHA DE RECRAVACAO,0.38266386465636154,0.3338028477900653,QUEDA DE GARRAFAS,0.393435001373291,FALHA DE CORRENTE -> QUEDA DE GARRAFAS (3),False,RARE_CLASS | PERSISTENT_CONFUSION | MODEL_PROTOTYPE_FAMILY_DISAGREEMENT,,,,,
26,55.6547,INSPETOR DE LÍQUIDO SAÍDA DESCAPSULADOR TIRANDO GARRAFAS BOAS,FALSO REJEITO,REJEICAO,3,RARE_4_5,FALHA DE INSPECAO,1.0,FALHA DE DESCAPSULAMENTO,0.8910399097476688,FALHA DE REJEICAO,0.36557296615325185,0.10896009025233122,FALHA DE DESCAPSULAMENTO,0.30994829535484314,FALSO REJEITO -> FALHA DE INSPECAO (2),False,RARE_CLASS | PERSISTENT_CONFUSION | MODEL_PROTOTYPE_FAMILY_DISAGREEMENT,,,,,
27,55.501,ENROSCO DE PACOTE NO GUIA DO TRANSPOTE POR PACOTE ABERTO VINDO DO FORNO TUBEIRA RASGADA.,ROMPIMENTO DE TUBEIRA DO FORNO,TUBULACAO,1,LOW_SUPPORT_6_10,ENROSCO DE PACOTES,1.0,ROMPIMENTO DE TUBEIRA DO FORNO,0.8292136371306795,FALHA DE ENVOLVIMENTO,0.8033912647788936,0.17078636286932047,ROMPIMENTO DE TUBEIRA DO FORNO,0.45275989174842834,ROMPIMENTO DE TUBEIRA DO FORNO -> ENROSCO DE PACOTES (2),False,RARE_CLASS | PERSISTENT_CONFUSION | MODEL_PROTOTYPE_FAMILY_DISAGREEMENT,,,,,
28,55.3813,FALHA ELETRICA - QUEIMA PLACA,FALHA DE PLACA ELETRONICA,OTHER_UNKNOWN,1,VERY_RARE_2_3,QUEIMA DA PLACA DEVICENET,1.0,FALHA DE PLACA ELETRONICA,0.786919301342178,QUEIMA DE FILAMENTO,0.6681973652316695,0.21308069865782198,QUEIMA DA PLACA DEVICENET,0.3989560902118683,FALHA DE PLACA ELETRONICA -> QUEIMA DA PLACA DEVICENET (2),False,RARE_CLASS | PERSISTENT_CONFUSION | MODEL_PROTOTYPE_FAMILY_DISAGREEMENT,,,,,
29,54.946,VARIAÇÃO DE ENCHIMENTO DURANTE PARTIDA DE PRODUÇÃO (UTILIZAÇÃO DE RECEITAS FORA DO PADRÃO),FALHA DE ENCHIMENTO,ENCHIMENTO,95,HEALTHY_GT20,FALHA DE VALVULA DE ENCHIMENTO,1.0,FALHA DE ENCHIMENTO,0.98465754615276,SEM MODO DE FALHA IDENTIFICADO,0.8455027865609497,0.015342453847239979,COLAPSO DE LATAS,0.2260650247335434,FALHA DE ENCHIMENTO -> FALHA DE VALVULA DE ENCHIMENTO (16),False,PERSISTENT_CONFUSION | MODEL_PROTOTYPE_FAMILY_DISAGREEMENT,,,,,
30,54.897,FALHA NO ENVIO,FALHA DE ALIMENTACAO,OTHER_UNKNOWN,1,VERY_RARE_2_3,FALHA DE VIBRADOR,1.0,FALHA DE COMUNICACAO,0.9844287585162805,FALHA DE INSPECAO,0.8535434542268238,0.015571241483719467,DESARME DE BOMBA,0.2909223437309265,,False,RARE_CLASS | MODEL_PROTOTYPE_FAMILY_DISAGREEMENT,,,,,
31,54.7328,DESARME DA ESTEIRA DE SAIDA DA ENCAIXOTADORA.,DESARME DE ESTEIRA,ESTEIRA,1,VERY_RARE_2_3,QUEBRA DE ESTEIRA,1.0,FALHA DE ESTEIRA,0.8732825569391304,DESARME DE MOTOR,0.3861028482630738,0.12671744306086963,QUEBRA DE ESTEIRA,0.342358261346817,DESARME DE ESTEIRA -> QUEBRA DE ESTEIRA (3),False,RARE_CLASS | PERSISTENT_CONFUSION,,,,,
32,54.4942,"ROMPIMENTO DA MANGUEIRA PNEUMATICA, OCASIONANDO TRAVAMENTO DO COMPACTADOR DE CAMADAS. ORDEM- 30008170585",ROMPIMENTO DE MANGUEIRA,MANGUEIRA,1,VERY_RARE_2_3,TRAVAMENTO DE ATUADOR,1.0,ROMPIMENTO DE MANGUEIRA DE AGUA,0.8401692919161405,ROMPIMENTO DE MANGUEIRA DE AR,0.6545837722092377,0.15983070808385946,ROMPIMENTO DE MANGUEIRA DE AGUA,0.44512128829956055,ROMPIMENTO DE MANGUEIRA -> TRAVAMENTO DE ATUADOR (2),False,RARE_CLASS | PERSISTENT_CONFUSION,,,,,
33,54.2277,SENSORES DE ACUMULO DO TRANSPORTE FORA DE SINCRONISMO COM ENCHEDORA NÃO PARANDO NO MOMENTO CORRETO 30008299301,FALHA DE ACUMULO NO TRANSPORTE,TRANSPORTE,8,MEDIUM_11_20,FALHA DE SINCRONISMO,1.0,FALHA DE ACUMULO NO TRANSPORTE,0.8197359084006486,FALHA DE SENSOR,0.7295998603907444,0.18026409159935142,FALHA DE SINCRONISMO,0.39443129301071167,FALHA DE ACUMULO NO TRANSPORTE -> FALHA DE SINCRONISMO (9),False,PERSISTENT_CONFUSION | MODEL_PROTOTYPE_FAMILY_DISAGREEMENT,,,,,
34,53.5524,VAZAMENTO DE AR NO PISTÃO ORDEM 30008462801,VAZAMENTO PNEUMATICO,PNEUMATICO,1,VERY_RARE_2_3,VAZAMENTO EM VALVULA,1.0,TRAVAMENTO DE ATUADOR,0.9796431922867429,QUEBRA DE ATUADOR,0.5124836803125435,0.020356807713257097,VAZAMENTO EM VALVULA,0.30458834767341614,,False,RARE_CLASS | MODEL_PROTOTYPE_FAMILY_DISAGREEMENT,,,,,
35,53.4845,FALHA NO BOTÃO DE RESET 30008520288,FALHA NO BOTAO RESET,OTHER_UNKNOWN,3,RARE_4_5,FALHA NO BOTAO RESET,1.0,FALHA DE PEGADOR,0.9452001077357722,FALHA DE REJEICAO,0.25601410759110105,0.05479989226422777,FALHA NO BOTAO RESET,0.4328552782535553,FALHA NO BOTAO RESET -> FALHA DE PEGADOR (2),False,RARE_CLASS | PERSISTENT_CONFUSION,,,,,
36,53.4638,"GUIA SUPERIOR E ESTRELA DO CAPSULADOR DESAJUSTADA, OCASIONANDO AS TAMPAS AMASSADAS ORDEM: 30008374149",DEFORMACAO DESALINHAMENTO DE GUIA,GUIA,8,MEDIUM_11_20,FALHA DE GUIA,1.0,FALHA DE TAMPAMENTO,0.9736768250061082,DEFORMACAO DESALINHAMENTO DE GUIA,0.497740032922144,0.026323174993891807,FALHA DE TAMPAMENTO,0.28869009017944336,DEFORMACAO DESALINHAMENTO DE GUIA -> FALHA DE TAMPAMENTO (2),False,PERSISTENT_CONFUSION | MODEL_PROTOTYPE_FAMILY_DISAGREEMENT,,,,,
37,53.3256,TROCA DA PARTE ELETRÔNICA DA VÁLVULA N°9,FALHA ELETRONICA DA VALVULA,VALVULA,1,RARE_4_5,FALHA DE VALVULA,1.0,FALHA DE VALVULA DE ENCHIMENTO,0.9299991782732531,FALHA ELETRONICA DA VALVULA,0.8115403315836899,0.07000082172674693,FALHA ELETRONICA DA VALVULA,0.44623881578445435,,False,RARE_CLASS | PERSISTENT_CONFUSION,,,,,
38,53.1699,CRASH DE LATAS NA ESTRELA DE ENTRADA PARA O SISTEMA DE ENCHIMENTO,CRASH DE LATAS,LATA,2,RARE_4_5,FALHA DE ENCHIMENTO,1.0,CRASH DE LATAS,0.9763904078647944,QUEDA DE LATAS,0.8437857061153773,0.023609592135205637,CRASH DE LATAS,0.41316601634025574,,False,RARE_CLASS | PERSISTENT_CONFUSION,,,,,
39,53.1453,FALHA ELETRICA NO COLOCADOR DE CHAPATEX,FALHA DO COLOCADOR DE CHAPATEX,CARTAO,1,VERY_RARE_2_3,FALHA DO COLOCADOR DE CARTAO,1.0,FALHA DO COLOCADOR DE CHAPATEX,0.7173781456310907,FALHA ELETRICA DO TRANSPORTE,0.5719997925094121,0.2826218543689093,FALHA DO COLOCADOR DE CARTAO,0.40213099122047424,FALHA DO COLOCADOR DE CHAPATEX -> FALHA DO COLOCADOR DE CARTAO (3),False,RARE_CLASS | PERSISTENT_CONFUSION,,,,,
40,52.9759,QUEBRA DA ENGRENAGEM DO TRANSPORTE DA HEUFT,QUEBRA DE ENGRENAGEM,ENGRENAGEM,1,VERY_RARE_2_3,FALHA DE ENGRENAGEM,1.0,QUEBRA DE ENGRENAGEM,0.5872080142024686,TRAVAMENTO DE ENGRENAGEM,0.5392184044483304,0.4127919857975314,FALHA DE ENGRENAGEM,0.45347467064857483,QUEBRA DE ENGRENAGEM -> FALHA DE ENGRENAGEM (3),False,RARE_CLASS | PERSISTENT_CONFUSION,,,,,
41,52.7771,TOMBADOR DE PACOTES NAO ATUANDO,FALHA NO VIRADOR DE PACOTES,PACOTE,1,RARE_4_5,ENROSCO DE PACOTES,1.0,QUEDA DE PACOTES,0.947823726601898,SEM MODO DE FALHA IDENTIFICADO,0.79568099219082,0.05217627339810205,FALHA DE FREIO,0.20573757588863373,,False,RARE_CLASS | PERSISTENT_CONFUSION | MODEL_PROTOTYPE_FAMILY_DISAGREEMENT,,,,,
42,52.7106,FALHA NA BOMBA DE ENVIO DE CARBONATO PARA ESTAÇÃO,FALHA DE CARBONATACAO,CARBONATACAO,6,LOW_SUPPORT_6_10,FALHA DE BOMBA,1.0,DESARME DE BOMBA,0.7390055751064777,FALHA DE CARBONATACAO,0.41247804304823915,0.2609944248935223,DESARME DE BOMBA,0.5338870882987976,FALHA DE CARBONATACAO -> FALHA DE BOMBA (3),False,PERSISTENT_CONFUSION | MODEL_PROTOTYPE_FAMILY_DISAGREEMENT,,,,,
43,52.6534,PALETIZADORA TROCA DE MANGUEIRA DE AR DA GAIOLA,FALHA DE MANGUEIRA PNEUMATICA,MANGUEIRA,2,RARE_4_5,ROMPIMENTO DE MANGUEIRA DE AR,1.0,FALHA DE CONEXAO DE MANGUEIRA,0.6734839546723906,FALHA DE MANGUEIRA DE AGUA,0.3073842320655649,0.32651604532760936,ROMPIMENTO DE MANGUEIRA DE AR,0.630510687828064,FALHA DE MANGUEIRA PNEUMATICA -> FALHA DE CONEXAO DE MANGUEIRA (3),False,RARE_CLASS | PERSISTENT_CONFUSION,,,,,
44,52.6219,FALHA NA SAIDA DE PALETES VAZIOS (30008308978),FALHA NA SAIDA DE PALETES,PALETE,1,VERY_RARE_2_3,FALHA DE BARREIRA,1.0,FALHA DE SENSOR,0.5088002567600914,FALHA DE CODIFICACAO,0.4698106007552789,0.49119974323990856,FALHA DE BARREIRA,0.3891357183456421,FALHA NA SAIDA DE PALETES -> FALHA DE BARREIRA (3),False,RARE_CLASS | PERSISTENT_CONFUSION | MODEL_PROTOTYPE_FAMILY_DISAGREEMENT,,,,,
45,52.6136,PALETIZADORA COM PAINEL DESARMADO ORDEM 30008626800,DESARME DE PAINEL,OTHER_UNKNOWN,1,VERY_RARE_2_3,DESARME DE TRANSPORTE,1.0,DESARME PALETIZADORA,0.9138006472456588,FALHA DE COMUNICACAO,0.8790496338011315,0.08619935275434121,DESARME DE PAINEL DE COMANDO,0.23832887411117554,,False,RARE_CLASS | MODEL_PROTOTYPE_FAMILY_DISAGREEMENT,,,,,
46,52.5583,"FALHA CHECKMATE NA SAIDA DA ROTULADORA, FOI REALIZADO O AJUSTE DA POSIÇÃO DE DISPARO DA CAMERA",FALHA DE CAMERA,CAMERA,2,RARE_4_5,FALHA DE ROTULAGEM,1.0,SEM MODO DE FALHA IDENTIFICADO,0.6609672240147777,FALHA DE CAMERA,0.5014277057094075,0.3390327759852223,FALHA DE ROTULAGEM,0.23682068288326263,FALHA DE CAMERA -> FALHA DE ROTULAGEM (3),False,RARE_CLASS | PERSISTENT_CONFUSION | MODEL_PROTOTYPE_FAMILY_DISAGREEMENT,,,,,
47,52.4572,TRAVAMENTO DO CAME,FALHA DE CAME,OTHER_UNKNOWN,1,VERY_RARE_2_3,FALHA DE CAME,1.0,TRAVAMENTO DE SEGMENTOS,0.9633309184158796,TRAVAMENTO DE TRANSPORTE,0.8103993516205157,0.03666908158412041,TRAVAMENTO DE SEGMENTOS,0.3718242049217224,,False,RARE_CLASS | MODEL_PROTOTYPE_FAMILY_DISAGREEMENT,,,,,
48,52.4082,QUEIMA DE PLACA,FALHA DE PLACA ELETRONICA,OTHER_UNKNOWN,1,VERY_RARE_2_3,QUEIMA DA PLACA DEVICENET,1.0,FALHA DE AUTOMACAO,0.6839260412515444,QUEIMA DE FILAMENTO,0.6352109523098853,0.31607395874845556,QUEIMA DA PLACA DEVICENET,0.4586712121963501,FALHA DE PLACA ELETRONICA -> QUEIMA DA PLACA DEVICENET (2),False,RARE_CLASS | PERSISTENT_CONFUSION | MODEL_PROTOTYPE_FAMILY_DISAGREEMENT,,,,,
49,52.274,VIRADOR DE CAIXA COM FALHA,FALHA NO VIRADOR DE CAIXAS,CAIXA,1,VERY_RARE_2_3,ENROSCO DE CAIXAS,1.0,FALHA NO VIRADOR DE CAIXAS,0.5614751337718684,FALHA DE FORMACAO DE CAIXA,0.4642093332994461,0.4385248662281316,ENROSCO DE CAIXAS,0.43481963872909546,FALHA NO VIRADOR DE CAIXAS -> ENROSCO DE CAIXAS (3),False,RARE_CLASS | PERSISTENT_CONFUSION,,,,,
50,52.2324,FALHA DE ENCHIMENTO,FALHA DE ENCHIMENTO,ENCHIMENTO,95,HEALTHY_GT20,FALHA DE ENCHIMENTO,1.0,FALHA DE VALVULA DE ENCHIMENTO,0.8157098315994398,FALHA DE BARREIRA,0.1937136649303131,0.18429016840056023,FALHA DE VALVULA DE ENCHIMENTO,0.649467408657074,FALHA DE ENCHIMENTO -> FALHA DE VALVULA DE ENCHIMENTO (16),False,PERSISTENT_CONFUSION | MODEL_PROTOTYPE_FAMILY_DISAGREEMENT,,,,,
51,52.1445,TUBULAÇÃO DE XAROPE COM VAZAMENTO,VAZAMENTO,OTHER_UNKNOWN,1,VERY_RARE_2_3,VAZAMENTO EM TUBULACAO,1.0,FALHA DE VALVULA DE XAROPE,0.7697773969689463,VAZAMENTO EM COLETOR,0.5209784100555597,0.23022260303105369,VAZAMENTO EM TUBULACAO,0.47708219289779663,,False,RARE_CLASS | MODEL_PROTOTYPE_FAMILY_DISAGREEMENT,,,,,
52,51.8939,"EXCESSO DE FALÇO REJEITO,EXPULSANDO GARRAFAS BOAS,CAUSANDO CRASH DE GARRAFAS",CRASH DE GARRAFAS,GARRAFA,6,LOW_SUPPORT_6_10,FALHA DE REJEICAO,1.0,CRASH DE GARRAFAS,0.8637068330053145,ENROSCO DE GARRAFAS,0.5614892863891369,0.13629316699468552,CRASH DE GARRAFAS,0.42968231439590454,CRASH DE GARRAFAS -> FALHA DE REJEICAO (2),False,PERSISTENT_CONFUSION | MODEL_PROTOTYPE_FAMILY_DISAGREEMENT,,,,,
53,51.8918,"ENROSCO DE ROTULO, ( FOI FEITO TANGENCIAMENTO)",DESALINHAMENTO DE AGREGADO,OTHER_UNKNOWN,5,LOW_SUPPORT_6_10,ENROSCO DE ROTULOS,1.0,FALHA DE TANGENCIAMENTO,0.6778795418311508,DESALINHAMENTO DE AGREGADO,0.446602853014261,0.32212045816884916,ENROSCO DE ROTULOS,0.4967450499534607,DESALINHAMENTO DE AGREGADO -> ENROSCO DE ROTULOS (3),False,PERSISTENT_CONFUSION | MODEL_PROTOTYPE_FAMILY_DISAGREEMENT,,,,,
54,51.6819,DESARME NO PAINEL ELÉTRICO,FALHA ELETRICA SEM COMPONENTE IDENTIFICADO,ELETRICO,5,LOW_SUPPORT_6_10,DESARME DE PAINEL,1.0,DESARME DE PAINEL DE COMANDO,0.8970451670014028,SEM MODO DE FALHA IDENTIFICADO,0.7330562571047146,0.1029548329985972,DESARME DE PAINEL DE COMANDO,0.5033906102180481,,False,MODEL_PROTOTYPE_FAMILY_DISAGREEMENT,,,,,
55,51.3413,EIXO DA BANDEIROLA DANIFICADO E TORTO : NOTA :13271473,DESALINHAMENTO DE EIXO,EIXO,2,RARE_4_5,QUEBRA DE EIXO,1.0,DESALINHAMENTO DE EIXO,0.5925469107347577,DEFORMACAO DE EIXO,0.5757501661623434,0.40745308926524226,DEFORMACAO DE EIXO,0.4715041220188141,DESALINHAMENTO DE EIXO -> QUEBRA DE EIXO (3),False,RARE_CLASS | PERSISTENT_CONFUSION,,,,,
56,51.327,TRAVAMENTO DA PERSIANA,TRAVAMENTO DE PERSIANA,PERSIANA,1,RARE_4_5,FALHA DE PERSIANA,1.0,TRAVAMENTO DE PERSIANA,0.5611372382322887,TRAVAMENTO DE ENGRENAGEM,0.30585316858590533,0.43886276176771133,FALHA DE PERSIANA,0.6709969639778137,TRAVAMENTO DE PERSIANA -> FALHA DE PERSIANA (3),False,RARE_CLASS | PERSISTENT_CONFUSION,,,,,
57,51.3096,"SISTEMA DE INSERÇÃO DE LATAS FALSAS NAO ESTÁ ATUANDO CORRETAMENTE, PRECISANDO INSERIR MANUALMENTE, NOTA : 13304467",FALHA NA INSERCAO DE LATAS FALSAS,LATA,1,VERY_RARE_2_3,FALHA NO SISTEMA DE INSERCAO DE FALSA GARRAFA,1.0,FALHA DE INSPECAO,0.6357061465512119,FALHA DE SENSOR,0.5967499593013385,0.36429385344878806,FALHA NO SISTEMA DE INSERCAO DE FALSA GARRAFA,0.4265255630016327,FALHA NA INSERCAO DE LATAS FALSAS -> FALHA NO SISTEMA DE INSERCAO DE FALSA GARRAFA (2),False,RARE_CLASS | PERSISTENT_CONFUSION | MODEL_PROTOTYPE_FAMILY_DISAGREEMENT,,,,,
58,51.2272,TROCA DE MANGUEIRA,FALHA DE MANGUEIRA,MANGUEIRA,1,VERY_RARE_2_3,FALHA DE CONEXAO DE MANGUEIRA,1.0,ROMPIMENTO DE MANGUEIRA DE AR,0.5828520684957769,FALHA DE MANGUEIRA PNEUMATICA,0.46582899635815217,0.41714793150422314,FALHA DE CONEXAO DE MANGUEIRA,0.506513237953186,FALHA DE MANGUEIRA -> FALHA DE CONEXAO DE MANGUEIRA (3),False,RARE_CLASS | PERSISTENT_CONFUSION,,,,,
59,51.1753,"FILME NÃO ESTAVA SENDO PUXADO PARA O ROLO EMBORRACHADO , NOTA 30008478927",FALHA DE TRACAO GUIAMENTO DE FILME,FILME,10,MEDIUM_11_20,ROMPIMENTO DE FILME,1.0,FALHA DE CORTE DE FILME,0.9747017626888523,FALHA DE TRACAO GUIAMENTO DE FILME,0.5596984727462809,0.025298237311147664,FALHA DE RETORNO DO BRACO DE SOLDA,0.21358449757099152,FALHA DE TRACAO GUIAMENTO DE FILME -> FALHA DE CORTE DE FILME (4),False,PERSISTENT_CONFUSION | MODEL_PROTOTYPE_FAMILY_DISAGREEMENT,,,,,
60,51.0403,PINSA NÚMERO 5 TRAVADA,TRAVAMENTO DE PINCA,PINCA,1,VERY_RARE_2_3,SEM MODO DE FALHA IDENTIFICADO,1.0,TRAVAMENTO DE ESTEIRA,0.5774270079613857,TRAVAMENTO DO SISTEMA DE COMPACTACAO,0.5725428048448118,0.4225729920386143,TRAVAMENTO DE PINCA,0.4143478274345398,,False,RARE_CLASS | PERSISTENT_CONFUSION | MODEL_PROTOTYPE_FAMILY_DISAGREEMENT,,,,,
61,51.0366,VELOCIDADE BAIXA,VELOCIDADE REDUZIDA SEM CAUSA IDENTIFICADA,OTHER_UNKNOWN,6,LOW_SUPPORT_6_10,FALHA DE VELOCIDADE DO TRANSPORTE,1.0,AMASSAMENTO DE LATAS,0.7039090149583295,FALHA DE SINCRONISMO,0.34508574975231326,0.29609098504167053,FALHA DE VELOCIDADE DO TRANSPORTE,0.46105343103408813,VELOCIDADE REDUZIDA SEM CAUSA IDENTIFICADA -> FALHA DE VELOCIDADE DO TRANSPORTE (3),False,PERSISTENT_CONFUSION | MODEL_PROTOTYPE_FAMILY_DISAGREEMENT,,,,,
62,50.9933,LATA TOMBANDO NO TRANSPOTE,TOMBAMENTO DE RECIPIENTES,OTHER_UNKNOWN,2,RARE_4_5,QUEDA DE LATAS,1.0,FALHA DE ENCHIMENTO,0.7744789862941883,FALHA DE VELOCIDADE DO TRANSPORTE,0.6490055331265926,0.22552101370581168,FALHA DE TRANSPORTE DE LATAS,0.17658743262290955,,False,RARE_CLASS | PERSISTENT_CONFUSION | MODEL_PROTOTYPE_FAMILY_DISAGREEMENT,,,,,
63,50.917,ROBO COM TREPIDAÇÃO/TRAVANDO CAPACIDADE DE PRODUÇÃO REDUZIDA DO ROBO.DEVIDO A QUEDA DE PACOTES,TRAVAMENTO DE ROBO,ROBO,7,MEDIUM_11_20,FALHA DE ROBO,1.0,TRAVAMENTO DE ROBO,0.8850743297303342,VIBRACAO DE ROBO,0.5802373202344516,0.11492567026966582,FALHA DE ROBO,0.39776116609573364,TRAVAMENTO DE ROBO -> FALHA DE ROBO (6),False,PERSISTENT_CONFUSION,,,,,
64,50.624,"(30008489553) FORNO EM ALARME, DESARMOU O DIJUNTOR",DESARME DE DISJUNTOR,OTHER_UNKNOWN,1,VERY_RARE_2_3,DESARME DE TRANSPORTE,1.0,DESARME DE MOTOR,0.667163250528702,FALHA DE ROBO,0.3648131222198968,0.33283674947129804,BAIXA VELOCIDADE DE ESTEIRA,0.26215675473213196,DESARME DE DISJUNTOR -> DESARME DE TRANSPORTE (3),False,RARE_CLASS | PERSISTENT_CONFUSION | MODEL_PROTOTYPE_FAMILY_DISAGREEMENT,,,,,
65,50.5624,NAS RETOMADAS ENCHEDORA ESTÁ PERDENDO PRESSÃO E GERANDO FALHA DE (FMC),FALHA DE PRESSAO,OTHER_UNKNOWN,1,VERY_RARE_2_3,FALHA DE ENCHIMENTO,1.0,FALHA DE MAGAZINE,0.5988440005231588,CRASH DE LATAS,0.5923562399702278,0.4011559994768412,FALHA DE PRESSURIZACAO DA ENCHEDORA,0.2536136507987976,,False,RARE_CLASS | PERSISTENT_CONFUSION | MODEL_PROTOTYPE_FAMILY_DISAGREEMENT,,,,,
66,50.4264,"VAZAMENTO DE AGUA NA MANGUEIRA DA ROTULADORA, ROMPIIMENTO DA CONEXÃO PNEUMATICA ORDEM: 3000848802",ROMPIMENTO DE MANGUEIRA DE AGUA,MANGUEIRA,1,VERY_RARE_2_3,FALHA DE CONEXAO PNEUMATICA,1.0,VAZAMENTO PNEUMATICO,0.7587332119691411,FALHA DE CONEXAO DE MANGUEIRA,0.7526561084273325,0.24126678803085888,FALHA DE CONEXAO DE MANGUEIRA,0.36157238483428955,,False,RARE_CLASS | MODEL_PROTOTYPE_FAMILY_DISAGREEMENT,,,,,
67,50.3189,"LONA DE SAIDA DO FORNO RASGANDO, FEITO AJUSTE",ROMPIMENTO DE ESTEIRA LONA,ESTEIRA,1,VERY_RARE_2_3,FALHA DE ESTEIRA,1.0,PATINAGEM DE ESTEIRA,0.9086170139791911,ROMPIMENTO DE ESTEIRA LONA,0.866014535206611,0.09138298602080885,BAIXA VELOCIDADE DE ESTEIRA,0.29289793968200684,,False,RARE_CLASS | MODEL_PROTOTYPE_FAMILY_DISAGREEMENT,,,,,
68,50.2945,"PALETIZADORA PEGANDO CAIXA A MENOS, PERDEU A CONTAGEM",FALHA DE CONTAGEM,OTHER_UNKNOWN,8,MEDIUM_11_20,FALHA NA PEGADA DE CAMADA,1.0,FALHA DE CONTAGEM,0.8401730975555405,FALHA DE ENCHIMENTO,0.19523940965017383,0.15982690244445952,FALHA NA PEGADA DE CAMADA,0.4913208484649658,FALHA DE CONTAGEM -> FALHA NA PEGADA DE CAMADA (3),False,PERSISTENT_CONFUSION | MODEL_PROTOTYPE_FAMILY_DISAGREEMENT,,,,,
69,50.2558,ENCHEDORA VELOCIDADE REDUZIDA DEVIDO FALTA DE BEBIDA,FALHA NO ENVIO DE BEBIDA,OTHER_UNKNOWN,2,RARE_4_5,VELOCIDADE REDUZIDA SEM CAUSA IDENTIFICADA,1.0,ESPUMAMENTO DE BEBIDA,0.9716206802100642,FALHA NO ENVIO DE BEBIDA,0.7013066284234589,0.028379319789935797,VELOCIDADE REDUZIDA SEM CAUSA IDENTIFICADA,0.5774045586585999,,False,RARE_CLASS,,,,,
70,50.2108,FALTA DE AR NO VIRADOR DE PACOTES,FALHA DE SUPRIMENTO DE AR COMPRIMIDO,OTHER_UNKNOWN,7,LOW_SUPPORT_6_10,FALHA DE SUPRIMENTO DE AR COMPRIMIDO,1.0,FALHA NO VIRADOR DE PACOTES,0.8820739916108186,ENROSCO DE PACOTES,0.7770860983981943,0.11792600838918144,FALHA NO VIRADOR DE PACOTES,0.5179486274719238,,False,PERSISTENT_CONFUSION | MODEL_PROTOTYPE_FAMILY_DISAGREEMENT,,,,,
71,50.1981,FALHA NO SENSOR DA PORTA DE SEGURANÇA 30008857448,FALHA SENSOR DA PORTA,SENSOR,1,SINGLETON,FALHA SENSOR DA PORTA,1.0,FALHA DE SENSOR,0.5936036091472197,FALHA DE PORTA DE SEGURANCA,0.25220083845337254,0.40639639085278034,FALHA SENSOR DA PORTA,1.0,,False,RARE_CLASS,,,,,
72,50.1736,MAQUINA SE PERDEU APÓS TROCA DE FILME,PERDA DE REFERENCIA HOME,OTHER_UNKNOWN,1,VERY_RARE_2_3,ROMPIMENTO DE FILME,1.0,PERDA DE REFERENCIA,0.7167508661592121,FALHA DE CORTE DE FILME,0.6912764045173244,0.28324913384078787,PERDA DE REFERENCIA DO PEGADOR DE CHAPATEX,0.3575148582458496,,False,RARE_CLASS | MODEL_PROTOTYPE_FAMILY_DISAGREEMENT,,,,,
73,50.0014,QUEBRA DA ENGRENAGEM PLANETÁRIA ORDEM (30008775073),QUEBRA DE ENGRENAGEM,ENGRENAGEM,1,VERY_RARE_2_3,QUEBRA DE ENGRENAGEM,1.0,FALHA DE ENGRENAGEM,0.3279402512696323,TRAVAMENTO DE ENGRENAGEM,0.2638490897818289,0.6720597487303677,QUEBRA DE ENGRENAGEM,1.000000238418579,QUEBRA DE ENGRENAGEM -> FALHA DE ENGRENAGEM (3),False,RARE_CLASS | PERSISTENT_CONFUSION,,,,,
74,49.9913,"SEGUIMENTO ERRANDO A GARRAFA DURANTE A REJEIÇÃO, OCASIONANDO FALHA NO EQUIPAMENTO NOTA: 30008791655",FALHA DE SEGMENTOS,SEGMENTO,1,VERY_RARE_2_3,FALHA DE REJEICAO,1.0,QUEDA DE GARRAFAS,0.6850657416781265,ENROSCO DE GARRAFAS,0.6153124246711753,0.3149342583218735,DEFORMACAO DE HASTE,0.26186567544937134,,False,RARE_CLASS | MODEL_PROTOTYPE_FAMILY_DISAGREEMENT,,,,,
75,49.9442,BASE DO ROLO DE CARPETE ENTORTOU / ARREBENTANDO FILME,DEFORMACAO DE SUPORTE,SUPORTE,1,VERY_RARE_2_3,DEFORMACAO DE SUPORTE,1.0,ROMPIMENTO DE FILME,0.9111397658497136,FALHA DE CORTE DE FILME,0.47019982738548377,0.08886023415028643,DEFORMACAO DE SUPORTE,0.6656135320663452,,False,RARE_CLASS,,,,,
76,49.9372,QUEBRA DA RÉGUA DE ENVOLVIMENTO,QUEBRA DE REGUA,GUIA,1,VERY_RARE_2_3,FALHA DE REGUA DE ENVOLVIMENTO,1.0,FALHA DE ENVOLVIMENTO,0.5584044977330073,QUEBRA DE ESTEIRA,0.46713337634176944,0.44159550226699273,FALHA DE REGUA DE ENVOLVIMENTO,0.720816969871521,,False,RARE_CLASS | MODEL_PROTOTYPE_FAMILY_DISAGREEMENT,,,,,
77,49.9329,"BOIA DA ENCHEDORA TRAVADA , CAUSANDO NIVEIS BAIXOS NAS GARRAFAS , FOI FEITO A LIMPEZA E VOLTOU AO NORMAL",TRAVAMENTO DE BOIA,OTHER_UNKNOWN,1,VERY_RARE_2_3,TRAVAMENTO DE BOIA,1.0,ENROSCO DE GARRAFAS,0.9029756438939665,FALHA DE ENCHIMENTO,0.6248126390460514,0.09702435610603355,FALHA DE POSICIONAMENTO DO CABECOTE,0.2985219955444336,,False,RARE_CLASS | MODEL_PROTOTYPE_FAMILY_DISAGREEMENT,,,,,
78,49.9199,FALHA CAIXA A MENOS E QUEDA DE CAIXAS CAMADA SUPERIOR,FALHA DE FORMACAO DE CAIXA,CAIXA,1,VERY_RARE_2_3,FALHA NA PEGADA DE CAMADA,1.0,ENROSCO DE CAIXAS,0.733279486865973,QUEDA DE GARRAFAS,0.7317864288149427,0.266720513134027,FALHA DE FORMACAO DE CAIXA,0.44846397638320923,FALHA DE FORMACAO DE CAIXA -> FALHA NA PEGADA DE CAMADA (2),False,RARE_CLASS | PERSISTENT_CONFUSION,,,,,
79,49.7751,"ENCHEDORA NÃO RECINHECENDO O PULSO DA RECEITA DE 200ML, PULSO FICOU EM 2000ML",FALHA DE LEITURA,OTHER_UNKNOWN,1,VERY_RARE_2_3,FALHA DE PARAMETRIZACAO DE RECEITA,1.0,SEM MODO DE FALHA IDENTIFICADO,0.5774440301705255,FALHA DE ENCHIMENTO,0.5056540287562294,0.4225559698294745,FALHA DE PARAMETRIZACAO DE RECEITA,0.38185811042785645,FALHA DE LEITURA -> FALHA DE PARAMETRIZACAO DE RECEITA (3),False,RARE_CLASS | PERSISTENT_CONFUSION,,,,,
80,49.7632,JATOS FINAIS BAIXOS . ORDEM ;30008465755,FALHA DE JATOS DE ENXAGUE,OTHER_UNKNOWN,1,VERY_RARE_2_3,FALHA DE JATOS DE ENXAGUE,1.0,FALHA DE PRESSAO DOS JATOS,0.2875167747455508,FALHA DE PARAMETRIZACAO,0.169879738328116,0.7124832252544492,FALHA DE JATOS DE ENXAGUE,0.9999997615814209,FALHA DE JATOS DE ENXAGUE -> FALHA DE PRESSAO DOS JATOS (3),False,RARE_CLASS | PERSISTENT_CONFUSION,,,,,
81,49.618,"FALHA NA VALVULA 75, FALHA DE ENCHIMENTO NECESSARIO TROCA DA VALVULA",FALHA DE ENCHIMENTO,ENCHIMENTO,95,HEALTHY_GT20,FALHA DE VALVULA DE ENCHIMENTO,1.0,FALHA DE ENCHIMENTO,0.9690032153554357,FALHA DE VALVULA,0.9115745396427872,0.030996784644564346,FALHA DE VALVULA DE ENCHIMENTO,0.5259843468666077,FALHA DE ENCHIMENTO -> FALHA DE VALVULA DE ENCHIMENTO (16),False,PERSISTENT_CONFUSION,,,,,
82,49.5916,"CONECTOR DE AR TANQUE 2, DANIFICADO",FALHA DE CONEXAO PNEUMATICA,PNEUMATICO,3,RARE_4_5,FALHA DE SUPRIMENTO DE AR COMPRIMIDO,1.0,FALHA DE CONEXAO PNEUMATICA,0.8424254358789097,FALHA DE CONEXAO ELETRICA,0.8143661536623806,0.15757456412109028,FALHA DE CONEXAO ELETRICA,0.26506316661834717,,False,RARE_CLASS | MODEL_PROTOTYPE_FAMILY_DISAGREEMENT,,,,,
83,49.4774,QUEDA DA REGUA DE ARRASTE,FALHA DE REGUA DE ARRASTE,GUIA,2,RARE_4_5,FALHA DE REGUA DE ARRASTE,1.0,FALHA DE REGUA DE ENVOLVIMENTO,0.8248659385395124,QUEDA DE GARRAFAS,0.44187327455556846,0.1751340614604876,FALHA DE REGUA DE ARRASTE,0.697945773601532,,False,RARE_CLASS,,,,,
84,49.4139,CRASH POR EXCESSO DE FALSO REJEITO,FALSO REJEITO,REJEICAO,3,RARE_4_5,FALHA DE REJEICAO,1.0,CRASH DE GARRAFAS,0.8291329896416991,FALSO REJEITO,0.686159583789749,0.17086701035830087,FALHA DE REJEICAO,0.6159343719482422,,True,RARE_CLASS | MODEL_PROTOTYPE_FAMILY_DISAGREEMENT | POSSIBLE_LABEL_NOISE,,,,,
85,49.3402,FALHA NO CORTE DA EMBALAGEM DO TUBETE OCASIONANDO ENROSCO DE TAMPAS NA RECRAVADORA,FALHA DE CORTE DA EMBALAGEM DO TUBETE,OTHER_UNKNOWN,1,SINGLETON,FALHA DE CORTE DA EMBALAGEM DO TUBETE,1.0,ENROSCO DE TAMPAS,0.4834059968658696,FALHA DE RECRAVACAO,0.3205252964744254,0.5165940031341304,FALHA DE CORTE DA EMBALAGEM DO TUBETE,0.9999997019767761,,False,RARE_CLASS,,,,,
86,49.1251,DESARMANDO SISTEMA ELETRICO DA MAQUINA,DESARME DE EQUIPAMENTO,OTHER_UNKNOWN,2,RARE_4_5,DESARME DE TRANSPORTE,1.0,SEM MODO DE FALHA IDENTIFICADO,0.8156785959409586,FALHA NO SISTEMA DE AR COMPRIMIDO,0.5618910377430769,0.1843214040590414,DESARME PALETIZADORA,0.23970839381217957,DESARME DE EQUIPAMENTO -> DESARME DE TRANSPORTE (3),False,RARE_CLASS | PERSISTENT_CONFUSION,,,,,
87,49.0867,"FILME ESTOURANDO DURANTE O ENVOLVIMENTO, DEVIDO ATRITO ENTRE ROLOS POR FOLGA DO ROLAMENTO (NOTA: 13299493)",FALHA DE ROLAMENTO,ROLAMENTO,9,MEDIUM_11_20,ROMPIMENTO DE FILME,1.0,FALHA DE ROLAMENTO,0.8738255159604711,FALHA DE ENVOLVIMENTO,0.842697190514033,0.1261744840395289,ROMPIMENTO DE FILME,0.29990991950035095,FALHA DE ROLAMENTO -> ROMPIMENTO DE FILME (3),False,PERSISTENT_CONFUSION | MODEL_PROTOTYPE_FAMILY_DISAGREEMENT,,,,,
88,49.0251,FALHA DE ENCHIMENTO DE VALVULAS ALEATÓRIAS,FALHA DE ENCHIMENTO,ENCHIMENTO,95,HEALTHY_GT20,FALHA DE VALVULA DE ENCHIMENTO,1.0,FALHA DE ENCHIMENTO,0.9731851324789996,FALHA DA MESA GIRATORIA,0.09144533196825284,0.026814867521000374,FALHA DE VALVULA DE ENCHIMENTO,0.5196531414985657,FALHA DE ENCHIMENTO -> FALHA DE VALVULA DE ENCHIMENTO (16),True,PERSISTENT_CONFUSION | POSSIBLE_LABEL_NOISE,,,,,
89,48.9031,FALHA BLOQUEIO NO VIRADOR DE CAIXAS ORDEM:30008618633,FALHA NO VIRADOR DE CAIXAS,CAIXA,1,VERY_RARE_2_3,FALHA NO VIRADOR DE CAIXAS,1.0,ENROSCO DE CAIXAS,0.29159123575361506,FALHA DE SENSOR,0.22483458368938453,0.708408764246385,FALHA NO VIRADOR DE CAIXAS,1.0000001192092896,FALHA NO VIRADOR DE CAIXAS -> ENROSCO DE CAIXAS (3),False,RARE_CLASS | PERSISTENT_CONFUSION,,,,,
90,48.7411,COLOCADOR DE CHAPATEX PAROU DE ATUAR,FALHA DO COLOCADOR DE CHAPATEX,CARTAO,1,VERY_RARE_2_3,FALHA DO COLOCADOR DE CARTAO,1.0,FALHA DO COLOCADOR DE CHAPATEX,0.7993503449558097,FALHA DE PEGADOR,0.47307309404313774,0.2006496550441903,FALHA DO COLOCADOR DE CHAPATEX,0.34311991930007935,FALHA DO COLOCADOR DE CHAPATEX -> FALHA DO COLOCADOR DE CARTAO (3),False,RARE_CLASS | PERSISTENT_CONFUSION,,,,,
91,48.706,ESTEIRA DA MESA QUE PEGA GARRAFAS DESARMOU.ORDEM..30008445667,DESARME DE ESTEIRA,ESTEIRA,1,VERY_RARE_2_3,DESARME DE ESTEIRA,1.0,QUEBRA DE ESTEIRA,0.34385074202668076,FALHA DE ESTEIRA,0.3152832837371005,0.6561492579733192,DESARME DE ESTEIRA,1.0000004768371582,DESARME DE ESTEIRA -> QUEBRA DE ESTEIRA (3),False,RARE_CLASS | PERSISTENT_CONFUSION,,,,,
92,48.6491,"FALHA DE ENCHIMENTO VALVULA N°51,52 E 81 - TROCA DO MEDIDOR DE VAZAO",FALHA DE MEDIDOR DE VAZAO,OTHER_UNKNOWN,1,SINGLETON,FALHA DE MEDIDOR DE VAZAO,1.0,FALHA DE VALVULA DE ENCHIMENTO,0.4501250370858077,VAZAMENTO EM VALVULA,0.37655257295021705,0.5498749629141924,FALHA DE MEDIDOR DE VAZAO,1.0000005960464478,,False,RARE_CLASS,,,,,
93,48.637,AJUSTE DE VELOCIDADE DA ESTEIRA DO TAPETE DE SAÍDA ORDEM 30008479760,FALHA DE ELO DE ESTEIRA,ESTEIRA,6,MEDIUM_11_20,QUEBRA DE ESTEIRA,1.0,FALHA DE ESTEIRA,0.9081940865879771,FALHA DE ELO DE ESTEIRA,0.6385481492799134,0.09180591341202293,SEM MODO DE FALHA IDENTIFICADO,0.2904953062534332,FALHA DE ELO DE ESTEIRA -> QUEBRA DE ESTEIRA (6),False,PERSISTENT_CONFUSION,,,,,
94,48.4259,BASE SENSOR DE QUEDA DE GARRAFAS ALINHADOR PARA DESCAPSULADOR SOLTO,FALHA DE FIXACAO DA BASE DO SENSOR,SENSOR,1,SINGLETON,FALHA DE FIXACAO DA BASE DO SENSOR,1.0,FALHA DE SENSOR,0.5553658307896483,QUEDA DE GARRAFAS,0.3391262343652191,0.4446341692103517,FALHA DE FIXACAO DA BASE DO SENSOR,0.9999996423721313,,False,RARE_CLASS,,,,,
95,48.3992,"ENROSCO DE ROTULO,FALHA NA APLICAÇÃO DO ROTULO",ENROSCO DE ROTULOS,ROTULO,10,MEDIUM_11_20,FALHA DE ROTULAGEM,1.0,ENROSCO DE ROTULOS,0.8333299501331003,FALHA DE COMUNICACAO,0.22601696015831668,0.1666700498668997,ENROSCO DE ROTULOS,0.5759491920471191,ENROSCO DE ROTULOS -> FALHA DE ROTULAGEM (9),False,PERSISTENT_CONFUSION,,,,,
96,48.3265,TWISTER DE SAIDA DA FILTEC DERRUBANDO LATAS PARA A ENTRADA DA EMPACOTADORA,FALHA DE TWISTER,OTHER_UNKNOWN,4,LOW_SUPPORT_6_10,QUEDA DE LATAS,1.0,FALHA DE TWISTER,0.5646028417498755,AMASSAMENTO DE LATAS,0.46148836285791894,0.4353971582501245,FALHA DE TWISTER,0.5639914274215698,FALHA DE TWISTER -> QUEDA DE LATAS (3),False,RARE_CLASS | PERSISTENT_CONFUSION,,,,,
97,48.2707,PISTÃO DE ABERTURA DAS BORBOLETAS SOLTO 30008265260,FALHA DE ATUADOR DA VALVULA,VALVULA,2,RARE_4_5,TRAVAMENTO DE ATUADOR,1.0,FALHA DE ATUADOR DA VALVULA,0.8314633137310427,FALHA DE SINCRONISMO,0.5457917670279373,0.16853668626895735,FALHA DE ATUADOR DA VALVULA,0.38755473494529724,,False,RARE_CLASS | MODEL_PROTOTYPE_FAMILY_DISAGREEMENT,,,,,
98,48.1815,ROBO COM TREPIDAÇÃO/TRAVANDO CAPACIDADE DE PRODUÇÃO REDUZIDA DO ROBO.DEVIDO A QUEDA DE PACOTES (4 VEZES SEGUIDA),TRAVAMENTO DE ROBO,ROBO,7,MEDIUM_11_20,FALHA DE ROBO,1.0,TRAVAMENTO DE ROBO,0.8974840136483804,VIBRACAO DE ROBO,0.6108313321098834,0.10251598635161963,FALHA DE ROBO,0.3651973605155945,TRAVAMENTO DE ROBO -> FALHA DE ROBO (6),False,PERSISTENT_CONFUSION,,,,,
99,48.1656,FALHA NO JATO FINAIS.,FALHA DE JATOS DE ENXAGUE,OTHER_UNKNOWN,1,VERY_RARE_2_3,FALHA DE PRESSAO DOS JATOS,1.0,SEM MODO DE FALHA IDENTIFICADO,0.4783315335715144,FALHA DE JATOS DE ENXAGUE,0.3575637407507424,0.5216684664284856,FALHA DE PRESSAO DOS JATOS,0.5049647688865662,FALHA DE JATOS DE ENXAGUE -> FALHA DE PRESSAO DOS JATOS (3),False,RARE_CLASS | PERSISTENT_CONFUSION,,,,,
100,48.1449,"FALHA NO MOPDULO, CAUSANDO PERDA DO CICLO AUTOMATICO NOTA 30008347294",FALHA DE MODULO,OTHER_UNKNOWN,3,LOW_SUPPORT_6_10,FALHA DE AUTOMACAO,1.0,FALHA NA TROCA DE PALETE DE CARTAO,0.8753152413823739,FALHA DE MAGAZINE,0.8553116781024639,0.12468475861762607,FALHA NA TROCA DE PALETE DE CARTAO,0.2667974531650543,,False,RARE_CLASS | MODEL_PROTOTYPE_FAMILY_DISAGREEMENT,,,,,
101,47.898,"DESGASTES, SUJIDADES GERADAS POR REPAROS DE VALVULAS",FALHA DE VEDACAO DA VALVULA,VALVULA,4,LOW_SUPPORT_6_10,FALHA DE VALVULA DE ENCHIMENTO,1.0,FALHA DE VALVULA,0.9148026339023357,FALHA DE VEDACAO DA VALVULA,0.8347297111096442,0.08519736609766426,FALHA DE VALVULA DE ENCHIMENTO,0.17307832837104797,,False,PERSISTENT_CONFUSION | MODEL_PROTOTYPE_FAMILY_DISAGREEMENT,,,,,
102,47.8524,FALHA NA GARRAFA TESTE NUMERO 13 ( 30008862120 NOTA 13375889 ),FALHA DE LEITURA DA GARRAFA TESTE,GARRAFA,1,VERY_RARE_2_3,SEM MODO DE FALHA IDENTIFICADO,1.0,FALHA DE LEITURA DA GARRAFA TESTE,0.48037278956235746,FALHA DE CODIFICACAO,0.393098032833012,0.5196272104376425,FALHA DE LEITURA DA GARRAFA TESTE,0.33362874388694763,FALHA DE LEITURA DA GARRAFA TESTE -> SEM MODO DE FALHA IDENTIFICADO (3),False,RARE_CLASS | PERSISTENT_CONFUSION,,,,,
103,47.7691,CENTRAL DO FECHA CAMADA TRAVOU NOTA - 30008257113,TRAVAMENTO DO SISTEMA DE COMPACTACAO,OTHER_UNKNOWN,3,RARE_4_5,TRAVAMENTO DE TRANSPORTE,1.0,FALHA DE ATUADOR DO DEVAISER,0.877954363741702,FALHA NA PEGADA DE CAMADA,0.8599008567488422,0.12204563625829801,FALHA DE ATUADOR DO DEVAISER,0.2627062201499939,,False,RARE_CLASS | MODEL_PROTOTYPE_FAMILY_DISAGREEMENT,,,,,
104,47.7559,SOBRE CORRENTE NO TRANSPORTE DE PALETE - OREDEM: 30008258302,SOBRECORRENTE,CORRENTE,3,RARE_4_5,QUEBRA DE CORRENTE,1.0,TRAVAMENTO DE PALETE,0.6417872549381168,FALHA DE ELEVADOR,0.6241034869851303,0.35821274506188316,QUEBRA DE CORRENTE,0.30515241622924805,SOBRECORRENTE -> QUEBRA DE CORRENTE (3),False,RARE_CLASS | PERSISTENT_CONFUSION,,,,,
105,47.7154,TROCA DA FACA DE CORTE,FALHA DE FACA,OTHER_UNKNOWN,1,VERY_RARE_2_3,FALHA DE CORTE DE FILME,1.0,QUEBRA DE SUPORTE,0.36062218583919076,DEFORMACAO DE FACA,0.2615917872127347,0.6393778141608093,QUEBRA DE SUPORTE,0.5038942694664001,FALHA DE FACA -> FALHA DE CORTE DE FILME (3),False,RARE_CLASS | PERSISTENT_CONFUSION | MODEL_PROTOTYPE_FAMILY_DISAGREEMENT,,,,,
106,47.5303,PALETE FORA DE POSIÇÃO,DESALINHAMENTO DE PALETE,PALETE,1,SINGLETON,DESALINHAMENTO DE PALETE,1.0,TRAVAMENTO DE PALETE,0.5348507516709352,PATINS FORA DE POSICAO,0.19623438247566316,0.4651492483290648,DESALINHAMENTO DE PALETE,1.000000238418579,,False,RARE_CLASS,,,,,
107,47.4741,"FALSA RECRAVAÇÃO, ATUAÇÃO NO MANDRIL 5",FALSA RECRAVACAO,RECRAVACAO,1,SINGLETON,FALSA RECRAVACAO,1.0,FALHA DE RECRAVACAO,0.4615371667917255,FALHA DE MANDRIL,0.24588351088178367,0.5384628332082745,FALSA RECRAVACAO,1.0000004768371582,,False,RARE_CLASS,,,,,
108,47.4033,FALHA NA VÁLVULA DE XAROPE - ORDEM - 30008799753,FALHA DE VALVULA DE XAROPE,VALVULA,1,VERY_RARE_2_3,FALHA DE VALVULA DE XAROPE,1.0,FALHA DE VALVULA,0.8384611075755593,FALHA DE VALVULA MODULADORA,0.6182503688423965,0.16153889242444075,FALHA DE VALVULA DE XAROPE,0.6350878477096558,,False,RARE_CLASS,,,,,
109,47.3519,ESTEIRA DA MESA QUE PEGA GARRAFAS DESARMOU.ORDEM..,DESARME DE ESTEIRA,ESTEIRA,1,VERY_RARE_2_3,DESARME DE ESTEIRA,1.0,QUEBRA DE ESTEIRA,0.43104337852938335,ESCAPE DE ESTEIRA,0.42477503306876574,0.5689566214706167,DESARME DE ESTEIRA,0.8276522755622864,DESARME DE ESTEIRA -> QUEBRA DE ESTEIRA (3),False,RARE_CLASS | PERSISTENT_CONFUSION,,,,,
110,47.3184,FALHA NO PARAMIX,FALHA DE MIXER,OTHER_UNKNOWN,1,VERY_RARE_2_3,FALHA DE INSPECAO,1.0,FALHA DE ENVOLVIMENTO,0.8010240565967877,FALHA DE CABECOTE,0.6495178733557814,0.19897594340321234,FALHA DE CABECOTE,0.2710294723510742,,False,RARE_CLASS | MODEL_PROTOTYPE_FAMILY_DISAGREEMENT,,,,,
111,47.2993,BICO DO GÁS 1 OBSTRUIDO,ENTUPIMENTO,OTHER_UNKNOWN,1,VERY_RARE_2_3,FALSO ALARME DE REJEITO OBSTRUIDO,1.0,QUEBRA DE COMPONENTE,0.5870273966909116,FALHA DE CONTROLE DE PROCESSO,0.47678774493818676,0.41297260330908836,FALSO ALARME DE REJEITO OBSTRUIDO,0.31844714283943176,ENTUPIMENTO -> FALSO ALARME DE REJEITO OBSTRUIDO (2),False,RARE_CLASS | PERSISTENT_CONFUSION,,,,,
112,47.2829,FALHA NO SISTEMA DE INSPEÇAO DE NIVEL ORDEM 30008856408,ERRO DE COMUNICACAO,COMUNICACAO,1,SINGLETON,ERRO DE COMUNICACAO,1.0,FALHA DE INSPECAO,0.45276158190044674,FALHA DE ENCHIMENTO,0.2605281253006724,0.5472384180995533,ERRO DE COMUNICACAO,1.0000003576278687,,False,RARE_CLASS,,,,,
113,47.2766,FALHA DE ELAU OCASIONADO A PERDA DE SINCRONISMO,FALHA DE ELAU,OTHER_UNKNOWN,5,LOW_SUPPORT_6_10,FALHA DE ELAU,1.0,FALHA DE SINCRONISMO,0.9008381526643121,FALHA DE CONTAGEM,0.34386823216577467,0.09916184733568789,FALHA DE SINCRONISMO,0.45241037011146545,,False,MODEL_PROTOTYPE_FAMILY_DISAGREEMENT,,,,,
114,47.1773,EIXO TORTO,DESALINHAMENTO DE EIXO,EIXO,2,RARE_4_5,DESALINHAMENTO DE EIXO,1.0,QUEBRA DE EIXO,0.3773200488435824,DEFORMACAO DE EIXO,0.2579211425504724,0.6226799511564176,DESALINHAMENTO DE EIXO,0.8781052827835083,DESALINHAMENTO DE EIXO -> QUEBRA DE EIXO (3),False,RARE_CLASS | PERSISTENT_CONFUSION,,,,,
115,47.0759,FALHA NO SENSOR DO EXPULSADOR LINEAR ( ORDEM : 30008857358 ),FALHA NO SENSOR EXPULSADOR,SENSOR,1,SINGLETON,FALHA NO SENSOR EXPULSADOR,1.0,FALHA DE SENSOR,0.5071184812167212,FALHA DE REJEICAO,0.2554271764982104,0.4928815187832788,FALHA NO SENSOR EXPULSADOR,1.0,,False,RARE_CLASS,,,,,
116,47.0562,TROCA DE PENTE DE TRANSFERENCIA / QUEDA DE GFS / ORDEM Nº30008219076,FALHA DE PENTE DE TRANSFERENCIA,OTHER_UNKNOWN,4,LOW_SUPPORT_6_10,FALHA DE PENTE DE TRANSFERENCIA,1.0,QUEDA DE GARRAFAS,0.9502743731298794,QUEDA DE LATAS,0.4392865891222688,0.04972562687012061,FALHA DE PENTE DE TRANSFERENCIA,0.5319713950157166,,False,RARE_CLASS,,,,,
117,47.0085,QUEDA DE GFS NOS PINO DE SEPARAÇÃO/ FORA DE SINCRONISMO,FALHA DE PINO DE SEPARACAO,OTHER_UNKNOWN,1,VERY_RARE_2_3,FALHA DE PINO DE SEPARACAO,1.0,QUEDA DE GARRAFAS,0.42028794610324993,FALHA DE SINCRONISMO,0.40710174901266244,0.5797120538967501,FALHA DE PINO DE SEPARACAO,0.9999994039535522,,False,RARE_CLASS,,,,,
118,46.963,TRANSPORTE COM VELOCIDADE REDUZIDA,FALHA DE VELOCIDADE DO TRANSPORTE,TRANSPORTE,10,MEDIUM_11_20,VELOCIDADE REDUZIDA SEM CAUSA IDENTIFICADA,1.0,FALHA DE VELOCIDADE DO TRANSPORTE,0.7604882878718767,FALHA DE TRANSPORTE,0.7028357516092669,0.23951171212812328,VELOCIDADE REDUZIDA SEM CAUSA IDENTIFICADA,0.7867822647094727,FALHA DE VELOCIDADE DO TRANSPORTE -> VELOCIDADE REDUZIDA SEM CAUSA IDENTIFICADA (2),True,PERSISTENT_CONFUSION | POSSIBLE_LABEL_NOISE,,,,,
119,46.9367,FALHA NO RECUO DO PISTAÕ DO TRANSPORTE DE TAMPA DA CSW,FALHA NO SISTEMA DE CORTE,OTHER_UNKNOWN,2,RARE_4_5,FALHA DE TRANSPORTE,1.0,TRAVAMENTO DE TRANSPORTE,0.3929643202852205,FALHA NO CORTE DE TUBETES,0.11600967386412446,0.6070356797147796,FALHA DE TRANSPORTE,0.36986789107322693,FALHA NO SISTEMA DE CORTE -> FALHA DE TRANSPORTE (3),False,RARE_CLASS | PERSISTENT_CONFUSION | MODEL_PROTOTYPE_FAMILY_DISAGREEMENT,,,,,
120,46.8523,ATRASO FALHA DURANTE CIP MANGUEIRA ENTRADA DO POLIDOR DESCONECTADA,FALHA DE MANGUEIRA,MANGUEIRA,1,VERY_RARE_2_3,FALHA DE MANGUEIRA,1.0,FALHA DE CONEXAO DE MANGUEIRA,0.2562582345191158,FALHA DE MANGUEIRA PNEUMATICA,0.2084661857029333,0.7437417654808842,FALHA DE MANGUEIRA,1.0000008344650269,FALHA DE MANGUEIRA -> FALHA DE CONEXAO DE MANGUEIRA (3),False,RARE_CLASS | PERSISTENT_CONFUSION,,,,,
121,46.7862,FALHA NO MIXER,FALHA DE MISTURA,OTHER_UNKNOWN,1,RARE_4_5,FALHA DE MIXER,1.0,FALHA DE CARBONATACAO,0.45407536889770406,FALHA DE COMUNICACAO,0.34683714254726034,0.5459246311022959,FALHA DE MIXER,0.5605126023292542,FALHA DE MISTURA -> FALHA DE MIXER (3),False,RARE_CLASS | PERSISTENT_CONFUSION,,,,,
122,46.7139,PINO DE SEPARAÇÃO TRAVADO - 30008420573,PINO DE SEPARACAO TRAVADO,OTHER_UNKNOWN,1,VERY_RARE_2_3,FALHA DE PINO,1.0,PINO DE SEPARACAO TRAVADO,0.7710110489292334,TRAVAMENTO DE PINO DE SEPARACAO,0.7652045262362003,0.22898895107076656,FALHA DE PINO,0.49079224467277527,,False,RARE_CLASS,,,,,
123,46.7061,"COMPACTADOR DE CARTÃO PARANDO FORA DE POSIÇÃO, VOLTANDO PARA POSIÇÃO MANUALMENTE",FALHA DE COMPACTACAO DE CAMADA,CAMADA,7,LOW_SUPPORT_6_10,FALHA NO MANUSEIO DE CARTAO,1.0,FALHA NA TROCA DE PALETE DE CARTAO,0.45622347987084183,FALHA DE MANDRIL,0.27922518545013447,0.5437765201291582,DESALINHAMENTO DE PALETE,0.3796888589859009,FALHA DE COMPACTACAO DE CAMADA -> FALHA NO MANUSEIO DE CARTAO (2),False,PERSISTENT_CONFUSION | MODEL_PROTOTYPE_FAMILY_DISAGREEMENT,,,,,
124,46.6381,TRAVAMENTO DE GARRAFAS NA SAIDA DA LAVADORA,ENROSCO DE GARRAFAS,GARRAFA,29,HEALTHY_GT20,ENROSCO DE GARRAFAS,1.0,TRAVAMENTO DE GARRAFAS NA SAIDA DA LAVADORA,0.9385596119038411,FALHA DE ALIMENTACAO DE GARRAFAS,0.35555848941814533,0.06144038809615893,TRAVAMENTO DE GARRAFAS NA SAIDA DA LAVADORA,0.8352677226066589,ENROSCO DE GARRAFAS -> TRAVAMENTO DE GARRAFAS NA SAIDA DA LAVADORA (3),False,PERSISTENT_CONFUSION,,,,,
125,46.6052,"VARIAÇÃO NO ENVOLVIMENTO DO FILME, GERANDO PACOTES COM A JANELA ABERTA IMPACTANDO NA FORMAÇÃO DE CAMADA NA PALETIZADORA, NOTA : 13078451",FALHA DE ENVOLVIMENTO,ENVOLVIMENTO,50,HEALTHY_GT20,FALHA DE FORMACAO DE PACOTE,1.0,FALHA DE FORMACAO DE CAMADA,0.9743977045451002,FALHA DE CORTE DE FILME,0.6452698121535035,0.02560229545489978,FALHA DE FORMACAO DE PACOTE,0.4647020101547241,FALHA DE ENVOLVIMENTO -> FALHA DE FORMACAO DE PACOTE (2),False,PERSISTENT_CONFUSION | MODEL_PROTOTYPE_FAMILY_DISAGREEMENT,,,,,
126,46.5529,PEGADOR DE CHAPATEX SE PERDEU,PERDA DE REFERENCIA DO PEGADOR DE CHAPATEX,PEGADOR,1,SINGLETON,PERDA DE REFERENCIA DO PEGADOR DE CHAPATEX,1.0,FALHA DE PEGADOR,0.42355583875730635,PERDA DE REFERENCIA,0.1405938006019063,0.5764441612426936,PERDA DE REFERENCIA DO PEGADOR DE CHAPATEX,0.9999999403953552,,False,RARE_CLASS,,,,,
127,46.5192,GARAAFAS SAINDO VAZIA ENROSCO NO EXPULSADOR,FALHA DE REJEICAO,REJEICAO,69,HEALTHY_GT20,FALHA DE ENCHIMENTO,1.0,ENROSCO DE TAMPAS,0.9971104993809524,FALHA DE REJEICAO,0.7929736592149266,0.0028895006190475803,FALHA NO SENSOR EXPULSADOR,0.2984088063240051,FALHA DE REJEICAO -> FALHA DE ENCHIMENTO (3),False,HIGH_UNCERTAINTY | PERSISTENT_CONFUSION | MODEL_PROTOTYPE_FAMILY_DISAGREEMENT,,,,,
128,46.4966,FALHA DE ENCHIMENTO EM VALVULAS JAMPEADAS OCASIONANDO EXCESSO DE REJEITOS,FALHA DE ENCHIMENTO,ENCHIMENTO,95,HEALTHY_GT20,FALHA DE VALVULA DE ENCHIMENTO,1.0,FALHA DE ENCHIMENTO,0.7451018761243323,FALHA DE REJEICAO,0.5076297784804426,0.2548981238756677,FALHA DE VALVULA DE ENCHIMENTO,0.4544588625431061,FALHA DE ENCHIMENTO -> FALHA DE VALVULA DE ENCHIMENTO (16),False,PERSISTENT_CONFUSION | MODEL_PROTOTYPE_FAMILY_DISAGREEMENT,,,,,
129,46.472,QUEBRA DA HASTE DE SEPARAÇÃO DO TRP DE ENTRADA DA EMPACOTADORA CAUSANDO QUEDA DE GARRAFAS,QUEBRA DE TRANSPORTE,TRANSPORTE,6,LOW_SUPPORT_6_10,QUEDA DE GARRAFAS,1.0,ENROSCO DE GARRAFAS,0.5986001835694057,QUEBRA DE ESTEIRA,0.4652170523351967,0.4013998164305943,QUEDA DE GARRAFAS,0.4130585789680481,QUEBRA DE TRANSPORTE -> QUEDA DE GARRAFAS (3),False,PERSISTENT_CONFUSION | MODEL_PROTOTYPE_FAMILY_DISAGREEMENT,,,,,
130,46.3917,PALETIZADORA DESARMANDO NA FORMAÇÃO DE CAMADA,DESARME PALETIZADORA,OTHER_UNKNOWN,1,SINGLETON,DESARME PALETIZADORA,1.0,FALHA DE FORMACAO DE CAMADA,0.35006870521827,FALHA NA PEGADA DE CAMADA,0.1720763575419162,0.64993129478173,DESARME PALETIZADORA,1.000000238418579,,False,RARE_CLASS,,,,,
131,46.2664,FALHA DE ENCHIMENTO NA VALVULA 11 SAINDIO NIVEL BAIXO ORDEM 30008685629,FALHA DE ENCHIMENTO,ENCHIMENTO,95,HEALTHY_GT20,FALHA DE ENCHIMENTO,1.0,FALHA DE VALVULA DE ENCHIMENTO,0.8405855398386465,VAZAMENTO EM VALVULA,0.4036116168809908,0.15941446016135352,FALHA DE VALVULA DE ENCHIMENTO,0.5250120759010315,FALHA DE ENCHIMENTO -> FALHA DE VALVULA DE ENCHIMENTO (16),False,PERSISTENT_CONFUSION,,,,,
132,46.2334,"COLISÃO DO ROBO COM PALETE MONTADO , FALHA NA GARRA DO ROBO AO DEPOSITAR PALETE NO TRANSPORTE",FALHA NA GARRA DO ROBO,ROBO,1,SINGLETON,FALHA NA GARRA DO ROBO,1.0,FALHA DE ROBO,0.4711817369736192,COLISAO DO ROBO COM PALETE,0.29079740864586723,0.5288182630263808,FALHA NA GARRA DO ROBO,0.9999998211860657,,False,RARE_CLASS,,,,,
133,46.1922,CABO DE SEGURANÇA DANIFICADO,FALHA ELETRICA SEM COMPONENTE IDENTIFICADO,ELETRICO,5,LOW_SUPPORT_6_10,FALHA DE CABO DE SEGURANCA,1.0,FALHA DE PORTA DE SEGURANCA,0.3985467883858667,TAB DANIFICADO,0.21401827184640643,0.6014532116141333,FALHA DE CABO DE SEGURANCA,0.5769305229187012,FALHA ELETRICA SEM COMPONENTE IDENTIFICADO -> FALHA DE CABO DE SEGURANCA (3),False,PERSISTENT_CONFUSION | MODEL_PROTOTYPE_FAMILY_DISAGREEMENT,,,,,
134,46.1409,"FALHA ,FALTANDO GARRAFAS PARA A ENTRADA DA ENCHEDORA.",FALHA DE ALIMENTACAO DE GARRAFAS,GARRAFA,6,LOW_SUPPORT_6_10,ENROSCO DE GARRAFAS,1.0,FALHA DE SENSOR,0.7359953519774465,FALHA DE INSPECAO,0.5241389550143546,0.2640046480225535,ENROSCO DE GARRAFAS,0.29474493861198425,FALHA DE ALIMENTACAO DE GARRAFAS -> FALHA DE SENSOR (3),False,PERSISTENT_CONFUSION,,,,,
135,46.0816,DESARME DA MESA CENTRAL,DESARME DE MESA,MESA,1,VERY_RARE_2_3,DESARME DE MESA,1.0,DESARME DE TRANSPORTE,0.8358906889808795,DESARME DE MOTOR,0.6537353914060823,0.16410931101912052,DESARME DE MESA,0.5302335619926453,,False,RARE_CLASS,,,,,
136,45.9242,GÁS BAIXO NA PARTIDA,FALHA DE CARBONATACAO,CARBONATACAO,6,LOW_SUPPORT_6_10,VAZAMENTO NO COLETOR COM GAS BAIXO,1.0,FALHA DE CONTROLE DE PROCESSO,0.5217007989276493,FALHA DE CARBONATACAO,0.4052011239909981,0.4782992010723507,VAZAMENTO NO COLETOR COM GAS BAIXO,0.6715788841247559,FALHA DE CARBONATACAO -> VAZAMENTO NO COLETOR COM GAS BAIXO (2),False,PERSISTENT_CONFUSION | MODEL_PROTOTYPE_FAMILY_DISAGREEMENT,,,,,
137,45.8068,DESARMOU A BOMBA DO ENVIO DO CARBONATO,DESARME DE BOMBA,BOMBA,1,SINGLETON,DESARME DE BOMBA,1.0,FALHA DE BOMBA,0.3855242788055982,DESARME DE MOTOR,0.12568234178079066,0.6144757211944019,DESARME DE BOMBA,1.0000003576278687,,False,RARE_CLASS,,,,,
138,45.8062,FALHA PISTÃO LIBERAÇÃO DE TAMPAS,FALHA DE ATUADOR,ATUADOR,1,VERY_RARE_2_3,FALHA DE ATUADOR,1.0,TRAVAMENTO DE ATUADOR,0.33848215525619824,FALHA DE ALIMENTACAO DE TAMPAS,0.2612464894964551,0.6615178447438017,FALHA DE ATUADOR,0.9999998211860657,,False,RARE_CLASS | PERSISTENT_CONFUSION,,,,,
139,45.6767,PERSIANA TRAVADA - ORDEM: 30008498639,TRAVAMENTO DE PERSIANA,PERSIANA,1,RARE_4_5,TRAVAMENTO DE PERSIANA,1.0,FALHA DE PERSIANA,0.2567491822424495,FALHA DE SENSOR,0.17539859929781337,0.7432508177575505,TRAVAMENTO DE PERSIANA,1.000000238418579,TRAVAMENTO DE PERSIANA -> FALHA DE PERSIANA (3),False,RARE_CLASS | PERSISTENT_CONFUSION,,,,,
140,45.6587,"GUIA TORTO, CAINDO GARRAFA ENTRADA DA LAVADORA.ORDEM 30008437731",DEFORMACAO DESALINHAMENTO DE GUIA,GUIA,8,MEDIUM_11_20,DESALINHAMENTO DE GUIA,1.0,FALHA DE GUIA,0.9781420484834673,DEFORMACAO DESALINHAMENTO DE GUIA,0.8108538844415996,0.021857951516532692,TRAVAMENTO DE GARRAFAS NA SAIDA DA LAVADORA,0.2788916826248169,DEFORMACAO DESALINHAMENTO DE GUIA -> DESALINHAMENTO DE GUIA (3),False,PERSISTENT_CONFUSION,,,,,
141,45.6243,FALHA DE CABECOTE,FALHA DE CABECOTE,CABECOTE,1,VERY_RARE_2_3,FALHA DE CABECOTE,1.0,DEFORMACAO DE CABECOTE,0.7273734334733462,FALHA DE CODIFICACAO,0.3578300634062494,0.27262656652665385,FALHA DE CABECOTE,0.6495887041091919,,False,RARE_CLASS,,,,,
142,45.6148,TROCA DA MANGUEIRA DO SISTEMA PNEUMATICO DO ATUADOR CANAL C DO DEVAISER (30008240197),FALHA DE MANGUEIRA,MANGUEIRA,1,VERY_RARE_2_3,QUEBRA DE ATUADOR,1.0,VAZAMENTO PNEUMATICO,0.854280142673036,FALHA DE CONEXAO PNEUMATICA,0.820659088084506,0.14571985732696402,FALHA DE CONEXAO PNEUMATICA,0.2637152075767517,,False,RARE_CLASS | MODEL_PROTOTYPE_FAMILY_DISAGREEMENT,,,,,
143,45.5787,ENTUPIMENTO NO RETORNO DE TAMPAS ORDEM: 30008653914,ENTUPIMENTO NO TRANSPORTE DE TAMPAS,TAMPA,1,SINGLETON,ENTUPIMENTO NO TRANSPORTE DE TAMPAS,1.0,ENROSCO DE TAMPAS,0.3697226606256424,FALHA DE ALIMENTACAO DE TAMPAS,0.24236086028763662,0.6302773393743576,ENTUPIMENTO NO TRANSPORTE DE TAMPAS,0.9999998211860657,,False,RARE_CLASS,,,,,
144,45.5762,FALHA NA ALTO CALIBRAÇÃO GAZ RODOX BAIXO,FALHA DE CALIBRACAO,OTHER_UNKNOWN,1,VERY_RARE_2_3,FALHA DE CALIBRACAO,1.0,SEM MODO DE FALHA IDENTIFICADO,0.29609427733101407,FALHA DE CONTROLE DE PROCESSO,0.26537543844351297,0.703905722668986,FALHA DE CALIBRACAO,1.0000001192092896,FALHA DE CALIBRACAO -> SEM MODO DE FALHA IDENTIFICADO (2),False,RARE_CLASS | PERSISTENT_CONFUSION,,,,,
145,45.44,ESTEIRA DA LONA DE ENVOLVIMENTO COM DEGRAU,DESNIVELAMENTO DE ESTEIRA,ESTEIRA,2,RARE_4_5,FALHA DE ESTEIRA,1.0,DESNIVELAMENTO DE ESTEIRA,0.7930029322369598,FALHA DE ENVOLVIMENTO,0.6617064324415104,0.20699706776304017,DESNIVELAMENTO DE ESTEIRA,0.5999593734741211,,False,RARE_CLASS,,,,,
146,45.3113,FALHA NO MEDIDOR DE PRESSÃO DOS JATOS FINAIS,FALHA DE MEDIDOR,OTHER_UNKNOWN,1,VERY_RARE_2_3,FALHA DE MEDIDOR,1.0,FALHA DE PRESSAO DOS JATOS,0.6412621894337868,FALHA DE MEDIDOR DE VAZAO,0.26935244372389217,0.35873781056621323,FALHA DE MEDIDOR,0.8678205013275146,,False,RARE_CLASS,,,,,
147,45.2676,FALHA NO SENSOR DA GAIOLA E NAS VIA DE ENTRADA DE PACOTE,FALHA DE ALIMENTACAO DE PACOTES,PACOTE,6,LOW_SUPPORT_6_10,FALHA DE ALIMENTACAO DE PACOTES,1.0,FALHA DE SENSOR,0.9556745542605004,ENROSCO DE PACOTES,0.43191080958333883,0.04432544573949959,FALHA DE ALIMENTACAO DE PACOTES,0.7235440015792847,,False,DIVERSITY_COVERAGE,,,,,
148,45.2364,TROCA DA PRTE ELETRONICA DA VALVULA NUMURO 9 (30008374835),FALHA ELETRONICA DA VALVULA,VALVULA,1,RARE_4_5,FALHA ELETRONICA DA VALVULA,1.0,FALHA DE VALVULA,0.3405606411897514,FALHA DE VALVULA DE ENCHIMENTO,0.33116494713094347,0.6594393588102486,FALHA ELETRONICA DA VALVULA,0.9999991655349731,,False,RARE_CLASS | PERSISTENT_CONFUSION,,,,,
149,45.2334,CARTÃO DE ALIMENTAÇÃO DO PLC QUEIMADO,FALHA DE PLC,AUTOMACAO,7,MEDIUM_11_20,FALHA NO MANUSEIO DE CARTAO,1.0,FALHA DE PLC,0.900767593757119,FALHA NA TROCA DE PALETE DE CARTAO,0.5218107485334229,0.09923240624288099,FALHA DE TENSIONAMENTO DE ESTEIRA,0.31035006046295166,,False,MODEL_PROTOTYPE_FAMILY_DISAGREEMENT,,,,,
150,45.2123,FALHA NA COLOCAÇÃO DO CHAPATEX,FALHA DO COLOCADOR DE CHAPATEX,CARTAO,1,VERY_RARE_2_3,FALHA DO COLOCADOR DE CHAPATEX,1.0,FALHA DO COLOCADOR DE CARTAO,0.19351193354178942,FALHA DE CODIFICACAO,0.1445724240980993,0.8064880664582106,FALHA DO COLOCADOR DE CHAPATEX,0.9999998807907104,FALHA DO COLOCADOR DE CHAPATEX -> FALHA DO COLOCADOR DE CARTAO (3),False,RARE_CLASS | PERSISTENT_CONFUSION,,,,,
151,45.1328,"CODIFICAÇÃO ILEGIVEL, MANGUEIRA DE AR FURADA.30008838215",ROMPIMENTO DE MANGUEIRA DE AR,MANGUEIRA,4,LOW_SUPPORT_6_10,FALHA DE CODIFICACAO,1.0,ROMPIMENTO DE MANGUEIRA DE AR,0.7597272285259561,FALHA DE CONEXAO DE MANGUEIRA,0.7137502340698731,0.2402727714740439,ROMPIMENTO DE MANGUEIRA DE AR,0.4082704782485962,ROMPIMENTO DE MANGUEIRA DE AR -> FALHA DE CODIFICACAO (2),False,RARE_CLASS | PERSISTENT_CONFUSION,,,,,
152,45.0297,CRASH DE GARRAFAS E EXCESSO DE FALSO REJEITO ( CORREIA INVERTIDA),MONTAGEM INCORRETA DE CORREIA,CORREIA,1,SINGLETON,MONTAGEM INCORRETA DE CORREIA,1.0,QUEBRA DE CORREIA,0.3438866938557053,FALHA DE CORREIA,0.3403002710939637,0.6561133061442948,MONTAGEM INCORRETA DE CORREIA,1.0,,False,RARE_CLASS,,,,,
153,45.0288,ROLETE PATINANDO NA VIA DE ENTRADA DE PACOTE VI A2,PATINAMENTO DE ROLETE,ROLETE,1,SINGLETON,PATINAMENTO DE ROLETE,1.0,FALHA DE ROLETES,0.3482666232239468,TRAVAMENTO DE ROLETES,0.2386572398597686,0.6517333767760531,PATINAMENTO DE ROLETE,1.0,,False,RARE_CLASS,,,,,
154,44.9577,VALIDAÇÃO NA ESTRELA DE TRANSFERENCIA DE GARRAFA,SEM MODO DE FALHA IDENTIFICADO,OTHER_UNKNOWN,69,HEALTHY_GT20,QUEDA DE GARRAFAS,1.0,FALHA DE GUIA,0.997125788827475,FALHA DE SINCRONISMO,0.5837411134503921,0.002874211172524954,TRAVAMENTO DE ROLO DE COLA,0.3560364842414856,SEM MODO DE FALHA IDENTIFICADO -> QUEDA DE GARRAFAS (2),False,HIGH_UNCERTAINTY | PERSISTENT_CONFUSION | MODEL_PROTOTYPE_FAMILY_DISAGREEMENT,,,,,
155,44.9448,SEM PARAFUSO NO SUPORTE DA TULIPA NUMERO 44E60,AUSENCIA DE PARAFUSO DE FIXACAO,OTHER_UNKNOWN,1,VERY_RARE_2_3,AUSENCIA DE PARAFUSO DE FIXACAO,1.0,FALHA DE TULIPA,0.6929647136424602,FALHA DE FIXACAO DA TULIPA,0.5298462787319785,0.30703528635753985,AUSENCIA DE PARAFUSO DE FIXACAO,0.694136917591095,,False,RARE_CLASS,,,,,
156,44.9271,MANIVELA DAS ESCOVAS DO TRANSPORTE DA PRESSCO FECHANDO COM A VIBRAÇÃO E SEGURANDO LATA,FALHA DE INSPECAO,INSPECAO,71,HEALTHY_GT20,FALHA DE SENSOR,1.0,TRAVAMENTO DE TRANSPORTE,0.9790394710522685,FALHA DE INSPECAO,0.9451706687741835,0.020960528947731483,FALHA DE TWISTER,0.22553011775016785,,False,HIGH_UNCERTAINTY | PERSISTENT_CONFUSION | MODEL_PROTOTYPE_FAMILY_DISAGREEMENT,,,,,
157,44.8939,PACOTE ENTROU VIRADO NA MESA DE COMPACTAÇÃO CAUSANDO ESTOURO DE LATAS,PACOTE FORA DE POSICAO,PACOTE,1,VERY_RARE_2_3,PACOTE FORA DE POSICAO,1.0,QUEDA DE LATAS,0.8686258007815302,ENROSCO DE LATAS,0.7581781466832359,0.13137419921846982,PACOTE FORA DE POSICAO,0.4854107201099396,,False,RARE_CLASS,,,,,
158,44.8817,"QUEBRA DO GUIA DE SEPARAÇÃO DE GARRAFAS DE ENTRADA DA EMPACOTADORA , NOTA 30008583428",FALHA DE GUIA,GUIA,13,MEDIUM_11_20,ENROSCO DE GARRAFAS,1.0,QUEDA DE GARRAFAS,0.9172375369045273,QUEBRA DE PARAFUSO,0.5565904959614432,0.08276246309547275,QUEBRA DE PINO,0.3722195327281952,FALHA DE GUIA -> ENROSCO DE GARRAFAS (2),False,PERSISTENT_CONFUSION | MODEL_PROTOTYPE_FAMILY_DISAGREEMENT,,,,,
159,44.8465,"FALHA TANGENCIONAMENTO DO ROLO, OCASIONANDO ENROSCO DE ROTULOS DO AGREGADO 2",DESALINHAMENTO DE AGREGADO,OTHER_UNKNOWN,5,LOW_SUPPORT_6_10,DESALINHAMENTO DE AGREGADO,1.0,ENROSCO DE ROTULOS,0.5281253741560672,FALHA DO TENSOR DE ROTULOS,0.21061475326358334,0.4718746258439328,DESALINHAMENTO DE AGREGADO,0.554108738899231,DESALINHAMENTO DE AGREGADO -> ENROSCO DE ROTULOS (3),False,PERSISTENT_CONFUSION,,,,,
160,44.7859,DESLOCAMENTO INCORRETO DE PACOTES,FALHA DE POSICIONAMENTO DE PACOTES,PACOTE,1,SINGLETON,FALHA DE POSICIONAMENTO DE PACOTES,1.0,ENROSCO DE PACOTES,0.41112035845158823,QUEDA DE PACOTES,0.30479210021428593,0.5888796415484118,FALHA DE POSICIONAMENTO DE PACOTES,1.000000238418579,,False,RARE_CLASS,,,,,
161,44.7731,FALHA NA LEITURA DA GARRAFA TESTE,FALHA DE LEITURA DA GARRAFA TESTE,GARRAFA,1,VERY_RARE_2_3,FALHA DE LEITURA DA GARRAFA TESTE,1.0,FALHA DE INSPECAO,0.3714457157308703,FALHA DE SENSOR,0.25062486061446276,0.6285542842691296,FALHA DE LEITURA DA GARRAFA TESTE,1.0,,False,RARE_CLASS,,,,,
162,44.7196,ESTEIRA DE SAIDA DO FORNO EM BAIXA ROTAÇÃO,BAIXA VELOCIDADE DE ESTEIRA,ESTEIRA,1,SINGLETON,BAIXA VELOCIDADE DE ESTEIRA,1.0,QUEBRA DE ESTEIRA,0.41394769894787625,ESCAPE DE ESTEIRA,0.4029163845451528,0.5860523010521237,BAIXA VELOCIDADE DE ESTEIRA,0.9999997615814209,,False,RARE_CLASS,,,,,
163,44.6888,TRP CX ENTRADA ESCAPANDO,FALHA DE TRANSPORTE DE CAIXAS,CAIXA,2,VERY_RARE_2_3,ESCAPE DE ESTEIRA,1.0,AMASSAMENTO DE LATAS,0.3983861456651211,FALHA DE MOTOR,0.2944957953946263,0.6016138543348789,ESCAPE DE ESTEIRA,0.2386140078306198,FALHA DE TRANSPORTE DE CAIXAS -> ESCAPE DE ESTEIRA (2),False,RARE_CLASS | PERSISTENT_CONFUSION | MODEL_PROTOTYPE_FAMILY_DISAGREEMENT,,,,,
164,44.6587,COMPIMENTO DO ELO DA ESTEIRA,QUEBRA DE ELO DE ESTEIRA,ESTEIRA,1,SINGLETON,QUEBRA DE ELO DE ESTEIRA,1.0,ESCAPE DE ESTEIRA,0.4092246321265974,QUEBRA DE ESTEIRA,0.3993703540413268,0.5907753678734027,QUEBRA DE ELO DE ESTEIRA,1.000000238418579,,False,RARE_CLASS,,,,,
165,44.6338,"TRAVA DE SEGURANÇA DO PORTÃO DA PALETIZADORA,ACIONADA",FALHA DE SEGURANCA,SEGURANCA,1,SINGLETON,FALHA DE SEGURANCA,1.0,FALHA DE PORTA DE SEGURANCA,0.32758937692348133,FALHA DE SENSOR,0.23096358518456378,0.6724106230765187,FALHA DE SEGURANCA,1.0000005960464478,,False,RARE_CLASS,,,,,
166,44.5704,TRANSPORTE GERANDO CRASH DE LATAS E DERRUBANDO PARA A ENTRADA DA ENCHEDORA,CRASH DE LATAS,LATA,2,RARE_4_5,QUEDA DE LATAS,1.0,CRASH DE LATAS,0.8540941953076239,CRASH DE GARRAFAS,0.47560260257005976,0.14590580469237613,CRASH DE LATAS,0.44932541251182556,,False,RARE_CLASS,,,,,
167,44.5178,ALINHAMENTO DA MESA COM DEGRAU TOMBANDO GARRAFAS,FALHA DE TRANSPORTE DE GARRAFAS,GARRAFA,1,VERY_RARE_2_3,ENROSCO DE GARRAFAS,1.0,DESALINHAMENTO DE CHAPA,0.5308641415543015,DESNIVELAMENTO DE ESTEIRA,0.47278310227598674,0.4691358584456985,DESNIVELAMENTO DE ESTEIRA,0.4513024687767029,,False,RARE_CLASS | MODEL_PROTOTYPE_FAMILY_DISAGREEMENT,,,,,
168,44.4445,EQUIPAMENTO SE DESLIGANDO SEM APRESENTAR FALHA OU ALARME SONORO,DESLIGAMENTO INDEVIDO DO EQUIPAMENTO,OTHER_UNKNOWN,4,LOW_SUPPORT_6_10,DESLIGAMENTO INDEVIDO DO EQUIPAMENTO,1.0,SEM MODO DE FALHA IDENTIFICADO,0.9114760862322111,FALHA DE INVERSOR,0.5883068966317472,0.0885239137677889,DESLIGAMENTO INDEVIDO DO EQUIPAMENTO,0.6301523447036743,,False,RARE_CLASS,,,,,
169,44.3802,ESTEIRA PATINANDO ORDEM 30008863292,PATINAMENTO DE ESTEIRA,ESTEIRA,1,SINGLETON,PATINAMENTO DE ESTEIRA,1.0,PATINAGEM DE ESTEIRA,0.4056985598596391,QUEBRA DE ESTEIRA,0.3700658677793729,0.5943014401403609,PATINAMENTO DE ESTEIRA,1.0,,False,RARE_CLASS,,,,,
170,44.376,EQUIPAMENTO DELIGANDO SEM APRESENTAR FALHA OU ALERTA SONORO / FALHA ENCODER REMOVEDORDE CARTÃO BLOQUEADO,FALHA DE ENCODER,ENCODER,6,LOW_SUPPORT_6_10,DESLIGAMENTO INDEVIDO DO EQUIPAMENTO,1.0,FALHA NO MANUSEIO DE CARTAO,0.6869523822931113,FALHA DE ENCODER,0.673388088036083,0.3130476177068887,DESLIGAMENTO INDEVIDO DO EQUIPAMENTO,0.624506413936615,,False,MODEL_PROTOTYPE_FAMILY_DISAGREEMENT,,,,,
171,44.3574,GANCHOS DO ROBO NÃO ABREM QUANDO DEPOSITA PALETE NOVO NO TRANSPORTE,FALHA NA ABERTURA DOS GANCHOS DO ROBO,ROBO,1,SINGLETON,FALHA NA ABERTURA DOS GANCHOS DO ROBO,1.0,FALHA DE ROBO,0.38795082706645656,FALHA DE SENSOR,0.2308792395084507,0.6120491729335434,FALHA NA ABERTURA DOS GANCHOS DO ROBO,0.999999463558197,,False,RARE_CLASS,,,,,
172,44.3118,"FALHA NA DESCIDA DE TAMPAS, BAIXA PRESSÃO DO AR",FALHA NA DESCIDA DE TAMPAS,TAMPA,1,VERY_RARE_2_3,FALHA NA DESCIDA DE TAMPAS,1.0,ENROSCO DE TAMPAS,0.571517632066767,FALHA DE ALIMENTACAO DE TAMPAS,0.4734864194291072,0.428482367933233,FALHA NA DESCIDA DE TAMPAS,0.7656125426292419,,False,RARE_CLASS,,,,,
173,44.3076,FALHA NO SISTEMA DE INSERIMENTO DE FALSA GARRAFA,FALHA NO SISTEMA DE INSERCAO DE FALSA GARRAFA,GARRAFA,1,VERY_RARE_2_3,FALHA NO SISTEMA DE INSERCAO DE FALSA GARRAFA,1.0,FALHA NA INSERCAO DE GARRAFAS FALSAS,0.6757137344008228,FALHA DE VALVULA,0.600994123666366,0.32428626559917717,FALHA NO SISTEMA DE INSERCAO DE FALSA GARRAFA,0.6802150011062622,,False,RARE_CLASS,,,,,
174,44.2977,"PATINS ENTREGANDO PACOTES FORA DE POSIÇÃO PARA A FORMAÇÃO DE CAMADA, GERANDO FALHA NA FORMAÇÃO .",PATINS FORA DE POSICAO,PATINS,6,LOW_SUPPORT_6_10,FALHA DE FORMACAO DE CAMADA,1.0,PATINS FORA DE POSICAO,0.9125841538609227,FALHA DE PATINS,0.5042932886823404,0.08741584613907727,PATINS FORA DE POSICAO,0.6456157565116882,,False,DIVERSITY_COVERAGE,,,,,
175,44.2602,TROCA DE UM TUBO DE AR TORTO E DUAS ABAS CONICAS DE OUTROS DOIS,DESALINHAMENTO MECANICO,OTHER_UNKNOWN,7,MEDIUM_11_20,FALHA DE ABA CONICA,1.0,QUEBRA DE COMPONENTE,0.8631076911233077,FALHA DE TULIPA,0.8251153919879215,0.13689230887669235,FALHA DE TULIPA,0.2095995992422104,DESALINHAMENTO MECANICO -> FALHA DE ABA CONICA (3),False,PERSISTENT_CONFUSION,,,,,
176,44.2419,"EXCESSO DE FALHA DE ENCHIMENTO, GERANDO FALHA POR ACUMULO NO REJEITO",FALHA DE ENCHIMENTO,ENCHIMENTO,95,HEALTHY_GT20,FALHA DE REJEICAO,1.0,FALHA DE VALVULA DE ENCHIMENTO,0.6622500716355817,FALHA DE ENCHIMENTO,0.6193167798856769,0.3377499283644183,FALHA DE REJEICAO,0.4217279851436615,FALHA DE ENCHIMENTO -> FALHA DE VALVULA DE ENCHIMENTO (16),False,PERSISTENT_CONFUSION | MODEL_PROTOTYPE_FAMILY_DISAGREEMENT,,,,,
177,44.2375,"FALHA TRANSPORTE NA SAIDA DA ENCAIXATADORA, ESTEIRA TREPIDANDO",TREPIDACAO DE ESTEIRA,ESTEIRA,1,SINGLETON,TREPIDACAO DE ESTEIRA,1.0,ESCAPE DE ESTEIRA,0.38935377639600904,FALHA DE ESTEIRA,0.367394504135336,0.6106462236039909,TREPIDACAO DE ESTEIRA,0.9999997019767761,,False,RARE_CLASS,,,,,
178,44.2367,AJUSTES NOS PARAMETROS DO REJEITO ( ORDEM - 30008270511 ),FALHA DE PARAMETRIZACAO DO REJEITO,REJEICAO,1,SINGLETON,FALHA DE PARAMETRIZACAO DO REJEITO,1.0,FALHA DE REJEICAO,0.37957227508073443,SEM MODO DE FALHA IDENTIFICADO,0.16398852040672285,0.6204277249192656,FALHA DE PARAMETRIZACAO DO REJEITO,0.9999998211860657,,False,RARE_CLASS,,,,,
179,44.1048,FALHA DE TERMICO DESARME DO MOTOR MAGAZINE DE PALETE ORDEM 30008563309,DESARME TERMICO,TEMPERATURA,2,LOW_SUPPORT_6_10,FALHA DE MAGAZINE,1.0,DESARME DE MOTOR,0.7970889791663976,FALHA DE MOTOR,0.6604264419356894,0.20291102083360235,DESARME TERMICO,0.4161328673362732,,False,RARE_CLASS,,,,,
180,44.0995,"TWISTER COM DESGASTE, DERRUBANDO MUITAS LATAS PARA ENTRADA DA EMPACOTADORA",FALHA DE TWISTER,OTHER_UNKNOWN,4,LOW_SUPPORT_6_10,QUEDA DE LATAS,1.0,AMASSAMENTO DE LATAS,0.45571130960958584,FALHA DE TWISTER,0.27871045683401907,0.5442886903904142,QUEDA DE LATAS,0.3194638192653656,FALHA DE TWISTER -> QUEDA DE LATAS (3),False,RARE_CLASS | PERSISTENT_CONFUSION | MODEL_PROTOTYPE_FAMILY_DISAGREEMENT,,,,,
181,44.0568,"FALHA NA PEGA DE GARRAFAS ,",FALHA DE PEGADOR,PEGADOR,19,HEALTHY_GT20,FALHA NA PEGA DE GARRAFAS,1.0,FALHA NA PEGADA DE CAMADA,0.7140866456724267,QUEDA DE GARRAFAS,0.7042342053252513,0.28591335432757325,FALHA NA PEGA DE GARRAFAS,0.7212336659431458,FALHA DE PEGADOR -> FALHA NA PEGA DE GARRAFAS (3),False,PERSISTENT_CONFUSION | MODEL_PROTOTYPE_FAMILY_DISAGREEMENT,,,,,
182,44.0017,VÁLVULA 27 COM PARAFUSO SOLTO APÓS REVISÃO EM PCM OCASIONANDO FALHA NA INSERÇÃO DE CAPA CIP,FALHA DE FIXACAO DA VALVULA,VALVULA,1,SINGLETON,FALHA DE FIXACAO DA VALVULA,1.0,FALHA DE VALVULA,0.3786591475156413,FALHA DE INSPECAO,0.16662317192160317,0.6213408524843587,FALHA DE FIXACAO DA VALVULA,0.9999994039535522,,False,RARE_CLASS,,,,,
183,43.9712,FALHA NO ACÚMULO DE TAMPAS DO BUFFER,ACUMULO TAMPAS BUFFER FALHA,TAMPA,1,SINGLETON,ACUMULO TAMPAS BUFFER FALHA,1.0,ENROSCO DE TAMPAS,0.3591944576919016,FALHA DE ALIMENTACAO DE TAMPAS,0.275957652451668,0.6408055423080984,ACUMULO TAMPAS BUFFER FALHA,0.9999996423721313,,False,RARE_CLASS,,,,,
184,43.9106,"COLISÃO DO ROBO COM PALETE MONTADO , APÓS ISSO FALHAS NO PEGADOR DE CARTÃO",COLISAO DO ROBO COM PALETE,ROBO,1,SINGLETON,COLISAO DO ROBO COM PALETE,1.0,FALHA DE ROBO,0.3721469651764937,FALHA DE PEGADOR,0.25054889705752664,0.6278530348235063,COLISAO DO ROBO COM PALETE,0.9999997019767761,,False,RARE_CLASS,,,,,
185,43.9072,ALTERAÇÃO DA ALTURA DO CABEÇOTE,FALHA DE POSICIONAMENTO DO CABECOTE,CABECOTE,1,VERY_RARE_2_3,ALTERACAO DA VELOCIDADE DO DEVICER,1.0,FALHA DE SENSOR,0.514787906682134,SEM MODO DE FALHA IDENTIFICADO,0.5092891780167531,0.48521209331786597,ALTERACAO DA VELOCIDADE DO DEVICER,0.3794519603252411,,False,RARE_CLASS | MODEL_PROTOTYPE_FAMILY_DISAGREEMENT,,,,,
186,43.8754,CORREIA DA MESA DE ENVOLVIMENTO PATINANDO,FALHA DE CORREIA,CORREIA,10,MEDIUM_11_20,PATINAGEM DE ESTEIRA,1.0,FALHA DE CORREIA,0.7767297383149622,QUEBRA DE CORREIA,0.632262995462999,0.22327026168503783,PATINAGEM DE ESTEIRA,0.566535472869873,FALHA DE CORREIA -> PATINAGEM DE ESTEIRA (2),False,PERSISTENT_CONFUSION,,,,,
187,43.8701,TRAVAMENTO DA PINÇA NUMERO 12,TRAVAMENTO DE PINCA,PINCA,1,VERY_RARE_2_3,TRAVAMENTO DE PINCA,1.0,FALHA DE PINCA,0.4624671222512702,TRAVAMENTO DE SEGMENTOS,0.13351134801711953,0.5375328777487298,TRAVAMENTO DE PINCA,0.9999998807907104,,False,RARE_CLASS,,,,,
188,43.853,"EIXO DA BANDEIROLA , TORTO , OCASIONANDO ENROSCOS NA SAIDA DA LAVADORA",DEFORMACAO DE EIXO,EIXO,1,SINGLETON,DEFORMACAO DE EIXO,1.0,QUEBRA DE EIXO,0.35245385697532183,DESALINHAMENTO DE EIXO,0.2669704665713574,0.6475461430246782,DEFORMACAO DE EIXO,1.0000003576278687,,False,RARE_CLASS,,,,,
189,43.8475,QUEBRA PARAFUSO DO FREIO NA ENCAIXATADORA ORDEM: 13126307,QUEBRA DE PARAFUSO,OTHER_UNKNOWN,8,MEDIUM_11_20,FALHA DE FREIO,1.0,QUEBRA DE PARAFUSO,0.9769160213368782,QUEBRA DE COMPONENTE,0.4997979442818993,0.02308397866312184,QUEBRA DE PARAFUSO,0.38807055354118347,QUEBRA DE PARAFUSO -> FALHA DE FREIO (3),False,PERSISTENT_CONFUSION,,,,,
190,43.8177,"PILHA DE PALLET VAZIOS MONTOU TORTA, NA SAIDA A MAGAZINE TROMBOU NA BARREIRA DERRUBANDO OS PALLETS DA MAGAZINE",DESALINHAMENTO DE PILHA DE PALETES,PALETE,1,SINGLETON,DESALINHAMENTO DE PILHA DE PALETES,1.0,FALHA DE MAGAZINE,0.3638795352660313,FALHA DE BARREIRA,0.22542107158048824,0.6361204647339687,DESALINHAMENTO DE PILHA DE PALETES,1.000000238418579,,False,RARE_CLASS,,,,,
191,43.7997,"PATINS SAINDO DO TRILHO, VIRANDO PACOTE PARA A FORMAÇÃO DE CAMADA",FALHA DE PATINS,PATINS,9,MEDIUM_11_20,PATINS FORA DE POSICAO,1.0,FALHA DE PATINS,0.9568057260333537,FALHA DE FORMACAO DE CAMADA,0.7231166876164977,0.043194273966646324,PATINS FORA DE POSICAO,0.7328999042510986,,False,DIVERSITY_COVERAGE,,,,,
192,43.7825,ACIONANDO ALARME DE REJEITO OBSTRUIDO ALEATORIAMENTE,FALSO ALARME DE REJEITO OBSTRUIDO,REJEICAO,1,SINGLETON,FALSO ALARME DE REJEITO OBSTRUIDO,1.0,FALHA DE REJEICAO,0.362794025190367,FALHA DE ENCHIMENTO,0.1692607616576153,0.637205974809633,FALSO ALARME DE REJEITO OBSTRUIDO,0.9999994039535522,,False,RARE_CLASS,,,,,
193,43.7774,FALHA NYLON DO TENSOR DE ROTULOS DO AGREGADO 2 ORDEM: 30008219040,FALHA DO TENSOR DE ROTULOS,ROTULO,1,SINGLETON,FALHA DO TENSOR DE ROTULOS,1.0,ENROSCO DE ROTULOS,0.33178425317321586,FALHA DE ROTULAGEM,0.28572393393541984,0.6682157468267842,FALHA DO TENSOR DE ROTULOS,0.9999999403953552,,False,RARE_CLASS,,,,,
194,43.7264,QUEBRA DO ELO DA CORRENTE DO MAGAZINE DE PALETE .,QUEBRA DE CORRENTE,CORRENTE,4,LOW_SUPPORT_6_10,QUEBRA DE CORRENTE,1.0,FALHA DE MAGAZINE,0.8686199612875075,FALHA DE FIXACAO DA CORRENTE DE ELEVACAO,0.34207504539795813,0.1313800387124925,QUEBRA DE CORRENTE,0.6106908321380615,,False,RARE_CLASS,,,,,
195,43.6153,FALHA TRANSPORTE ÁREA EXTERNA EM FRENTE A LAVADORA PARADOS,PARADA DE TRANSPORTE,TRANSPORTE,1,SINGLETON,PARADA DE TRANSPORTE,1.0,FALHA DE TRANSPORTE,0.34792854900100206,FALHA DE INVERSOR,0.16481422338274979,0.652071450998998,PARADA DE TRANSPORTE,1.000000238418579,,False,RARE_CLASS,,,,,
196,43.6122,ESTOURO DO TUBETE E FALHA NO SINCRONISMO DE CORTE,ROMPIMENTO DE TUBETE,OTHER_UNKNOWN,1,SINGLETON,ROMPIMENTO DE TUBETE,1.0,FALHA NO CORTE DE TUBETES,0.3726601026459152,FALHA DE SINCRONISMO,0.33572854116656076,0.6273398973540848,ROMPIMENTO DE TUBETE,0.9999998211860657,,False,RARE_CLASS,,,,,
197,43.6063,FALHA NO SECADOR DE GARRAFAS,FALHA DO SECADOR DE GARRAFAS,GARRAFA,1,VERY_RARE_2_3,FALHA DO SECADOR DE GARRAFAS,1.0,QUEDA DE GARRAFAS,0.6882438430878273,CRASH DE GARRAFAS,0.43032363010594543,0.31175615691217273,FALHA DO SECADOR DE GARRAFAS,0.62583988904953,,False,RARE_CLASS,,,,,
198,43.6047,TRAVAMENTO DO DEVISER( PATINS) 30008241862,TRAVAMENTO DE PATINS,PATINS,1,SINGLETON,TRAVAMENTO DE PATINS,1.0,FALHA DE PATINS,0.3496752916114556,TRAVAMENTO DE SEGMENTOS,0.1914622083401726,0.6503247083885444,TRAVAMENTO DE PATINS,0.9999995231628418,,False,RARE_CLASS,,,,,
199,43.6028,"FALSA REJEIÇÃO DE GARRAFAS, CAMERA 4",FALHA DE LEITURA,OTHER_UNKNOWN,1,VERY_RARE_2_3,FALHA DE LEITURA,1.0,FALHA DE REJEICAO,0.4877360080108265,FALHA DE CAMERA,0.2664007864498202,0.5122639919891735,FALHA DE LEITURA,1.0000001192092896,,False,RARE_CLASS,,,,,
200,43.5963,"GUIA DA ESTEIRA DE GARRAFAS DA EMPACOTADORA APERTADO, PRENDENDO GARRAFA E CAINDO NA BARRA DE ARRASTE - ORDEM: 30008738239",DESAJUSTE DE GUIA,GUIA,1,SINGLETON,DESAJUSTE DE GUIA,1.0,FALHA DE GUIA,0.355891152801118,ENROSCO DE GARRAFAS,0.21851480378846658,0.6441088471988821,DESAJUSTE DE GUIA,1.0,,False,RARE_CLASS,,,,,
201,43.5683,FALHA NO PRE ESGUICHO,FALHA DE PRE ENXAGUE,OTHER_UNKNOWN,1,SINGLETON,FALHA DE PRE ENXAGUE,1.0,FALHA DE ENCHIMENTO,0.36798276266614427,FALHA DE FIXACAO,0.312257209175178,0.6320172373338557,FALHA DE PRE ENXAGUE,0.9999998807907104,,False,RARE_CLASS,,,,,
202,43.5624,MÁQUINA DESLIGANDO SOZINHA OCASIONADO FALTA DE LATAS NO TRANSPORTE,FALHA DE ALIMENTACAO DE LATAS,LATA,1,SINGLETON,FALHA DE ALIMENTACAO DE LATAS,1.0,ENROSCO DE LATAS,0.35126495488235204,FALHA DE TRANSPORTE DE LATAS,0.2149490143904532,0.6487350451176479,FALHA DE ALIMENTACAO DE LATAS,0.9999999403953552,,False,RARE_CLASS,,,,,
203,43.5482,TESOURA PREDENDORA DE FILME EM FALHA,FALHA DE TESOURA DE FILME,FILME,1,SINGLETON,FALHA DE TESOURA DE FILME,1.0,FALHA DE CORTE DE FILME,0.32195101797579595,ROMPIMENTO DE FILME,0.30490461974173283,0.678048982024204,FALHA DE TESOURA DE FILME,0.9999997615814209,,False,RARE_CLASS,,,,,
204,43.502,ESTEIRA COM DEGRAU,DESNIVELAMENTO DE ESTEIRA,ESTEIRA,2,RARE_4_5,DESNIVELAMENTO DE ESTEIRA,1.0,ESCAPE DE ESTEIRA,0.3898315092165939,QUEBRA DE ESTEIRA,0.36876460767182123,0.6101684907834062,DESNIVELAMENTO DE ESTEIRA,1.000000238418579,,False,RARE_CLASS | PERSISTENT_CONFUSION,,,,,
205,43.4833,ROLETE DE ENTRADA DA PALETIZADORA TRAVADO (NOTA 13188166),TRAVAMENTO DE ROLETES,ROLETE,8,MEDIUM_11_20,FALHA DE ROLETES,1.0,TRAVAMENTO DE ROLETES,0.7743533028270025,PATINAMENTO DE ROLETE,0.4829494980993524,0.22564669717299746,ROMPIMENTO DE ESTEIRA LONA,0.3054695129394531,TRAVAMENTO DE ROLETES -> FALHA DE ROLETES (3),False,PERSISTENT_CONFUSION,,,,,
206,43.3897,"FALHA EXTRAÇÃO DE RÓTULOS, EXCESSO GERANDO PARADA LINATRONIC",FALHA DE EXTRACAO DE ROTULOS,ROTULO,1,SINGLETON,FALHA DE EXTRACAO DE ROTULOS,1.0,ENROSCO DE ROTULOS,0.33256988114661556,FALHA DE ROTULAGEM,0.27901181799645686,0.6674301188533844,FALHA DE EXTRACAO DE ROTULOS,1.000000238418579,,False,RARE_CLASS,,,,,
207,43.3397,TRAVAMENTO POR FALTA DE GRAXA,FALHA DE LUBRIFICACAO,OTHER_UNKNOWN,1,VERY_RARE_2_3,FALHA DE LUBRIFICACAO,1.0,FALHA DE SUPRIMENTO DE AR COMPRIMIDO,0.8583993988465385,TRAVAMENTO DE SEGMENTOS,0.5635753412082372,0.14160060115346151,FALHA DE LUBRIFICACAO,0.372979074716568,,False,RARE_CLASS,,,,,
208,43.3156,"VAZAMENTO DE AGUA NO FILTRO POLIDOR,GERANDO FALHA NOS JATOS FINAIS.",VAZAMENTO,OTHER_UNKNOWN,1,VERY_RARE_2_3,FALHA DE PRESSAO DOS JATOS,1.0,FALHA DE FILTRO,0.3587950261401747,VAZAMENTO EM VALVULA,0.3302512303096528,0.6412049738598253,FALHA DE PRESSAO DOS JATOS,0.423866331577301,VAZAMENTO -> FALHA DE PRESSAO DOS JATOS (3),False,RARE_CLASS | PERSISTENT_CONFUSION,,,,,
209,43.199,GARRAFAS ENTRANDO TORTAS NAS ARTICULAÇÕES 30008310557,GARRAFAS FORA DE POSICAO,GARRAFA,1,SINGLETON,GARRAFAS FORA DE POSICAO,1.0,ENROSCO DE GARRAFAS,0.34352729897347345,GARRAFAS TORTAS NA SAIDA DO RINSER,0.20364914069104098,0.6564727010265266,GARRAFAS FORA DE POSICAO,1.000000238418579,,False,RARE_CLASS,,,,,
210,43.1874,SAINDO GFS COM TAMPA TORTA,SAIDA DE GARRAFAS COM TAMPA TORTA,TAMPA,2,VERY_RARE_2_3,SAIDA DE GARRAFAS COM TAMPA TORTA,1.0,FALHA DE TAMPAMENTO,0.37960314438822995,ENROSCO DE TAMPAS,0.3491442529228533,0.62039685561177,SAIDA DE GARRAFAS COM TAMPA TORTA,0.9999999403953552,,False,RARE_CLASS,,,,,
211,43.1388,FALHA NO SISTEMA DE CORTE,FALHA NO CORTE DE TUBETES,OTHER_UNKNOWN,8,MEDIUM_11_20,FALHA DE CORTE DE FILME,1.0,FALHA NO CORTE DE TUBETES,0.6140187666567735,FALHA DE ELEVADOR,0.5516526940785401,0.38598123334322654,FALHA NO CORTE DE TUBETES,0.49799948930740356,FALHA NO CORTE DE TUBETES -> FALHA DE CORTE DE FILME (3),False,PERSISTENT_CONFUSION,,,,,
212,43.1374,FALHA ELETRICA NO TRASPORTE DE SAIDA DE ENCAIXOTADORA,FALHA ELETRICA DO TRANSPORTE,ELETRICO,1,VERY_RARE_2_3,FALHA ELETRICA DO TRANSPORTE,1.0,FALHA ELETRICA SEM COMPONENTE IDENTIFICADO,0.3976138429315959,FALHA ELETRICA DO TRANSPORTE DE ENTRADA,0.3166094171913546,0.6023861570684041,FALHA ELETRICA DO TRANSPORTE,0.6816271543502808,FALHA ELETRICA DO TRANSPORTE -> FALHA ELETRICA SEM COMPONENTE IDENTIFICADO (2),False,RARE_CLASS | PERSISTENT_CONFUSION,,,,,
213,43.111,PALLET PARADO NA MESA GIRATORIA DE PALLETS,PALLET PARADO NA MESA,MESA,1,SINGLETON,PALLET PARADO NA MESA,1.0,FALHA DA MESA GIRATORIA,0.30273310129098857,TRAVAMENTO DE PALETE,0.20257665909496675,0.6972668987090114,PALLET PARADO NA MESA,0.9999998211860657,,False,RARE_CLASS,,,,,
214,43.0243,"AJUSTE POS SETUP DA REGUA ULTRASSONICA, GARRAFAS TOMBANDO E PRENDENDO NA REGUA",SEM MODO DE FALHA IDENTIFICADO,OTHER_UNKNOWN,69,HEALTHY_GT20,QUEDA DE GARRAFAS,1.0,ENROSCO DE GARRAFAS,0.9012747796237964,SEM MODO DE FALHA IDENTIFICADO,0.7645387277899477,0.09872522037620357,FALHA NO SUPRIMENTO DE AGUA,0.46944937109947205,SEM MODO DE FALHA IDENTIFICADO -> QUEDA DE GARRAFAS (2),False,PERSISTENT_CONFUSION | MODEL_PROTOTYPE_FAMILY_DISAGREEMENT,,,,,
215,42.9595,FALHA NO ALIMENTADOR DE TAMPA TRAVADAS EM ALIMENTAÇÃODE TAMPA.,TRAVAMENTO NA ALIMENTACAO DE TAMPAS,TAMPA,2,VERY_RARE_2_3,TRAVAMENTO NA ALIMENTACAO DE TAMPAS,1.0,FALHA DE ALIMENTACAO DE TAMPAS,0.3697872960766188,ENROSCO DE TAMPAS,0.306909660046283,0.6302127039233811,TRAVAMENTO NA ALIMENTACAO DE TAMPAS,0.9999998211860657,,False,RARE_CLASS,,,,,
216,42.9222,ROBO PERDEU REFERENCIA NA ENTRADA DE UMA PILHA DE PALETES,PERDA DE REFERENCIA DO ROBO,ROBO,1,SINGLETON,PERDA DE REFERENCIA DO ROBO,1.0,FALHA DE ROBO,0.3288293457947266,PERDA DE REFERENCIA,0.15191720421670712,0.6711706542052733,PERDA DE REFERENCIA DO ROBO,1.0000001192092896,,False,RARE_CLASS,,,,,
217,42.8682,FALHA NA VALVULA DE AGUA DO TANQUE 1 ( 30008362135 ) VÁLVULA EM MANUAL,FALHA DE VALVULA DE AGUA,VALVULA,2,VERY_RARE_2_3,FALHA DE VALVULA DE AGUA,1.0,FALHA DE VALVULA,0.370139185818221,FALHA DE VALVULA DE ENCHIMENTO,0.32561461994189517,0.629860814181779,FALHA DE VALVULA DE AGUA,1.0000001192092896,,False,RARE_CLASS,,,,,
218,42.8168,FALTA DE PEÇA DO EIXO DO ROOALMENTO CAUSANDO FALTA DE TAMPAS,QUEBRA NO EIXO DA TAMPA DO ARROLHADOR,TAMPA,1,VERY_RARE_2_3,QUEBRA NO EIXO DA TAMPA DO ARROLHADOR,1.0,FALHA DE ALIMENTACAO DE TAMPAS,0.5984824527917257,QUEBRA DE EIXO,0.45201208109612495,0.40151754720827426,QUEBRA NO EIXO DA TAMPA DO ARROLHADOR,0.6779994964599609,,False,RARE_CLASS,,,,,
219,42.7894,"PASSAGEM DE BEBIDA PARA O DRENO, ORDEM : 30008839232",VAZAMENTO DE PRODUTO,OTHER_UNKNOWN,1,SINGLETON,VAZAMENTO DE PRODUTO,1.0,SEM MODO DE FALHA IDENTIFICADO,0.33062161452842354,ESPUMAMENTO DE BEBIDA,0.2925400413758622,0.6693783854715765,VAZAMENTO DE PRODUTO,1.000000238418579,,False,RARE_CLASS,,,,,
220,42.7634,NIVEL BAIXO DE BEBIDA NO RESERVATÓRIO DO DESAERADOR DEVIDO SENSOR DE NÍVEL EM FALHA,FALHA DE SENSOR,SENSOR,283,HEALTHY_GT20,FALHA DE SENSOR,1.0,FALHA DE ENCHIMENTO,0.9057198396539593,FALHA DE SERVO MOTOR,0.1995182077445781,0.0942801603460407,FALHA DE ENCHIMENTO,0.3164621591567993,FALHA DE SENSOR -> FALHA DE ENCHIMENTO (2),False,PERSISTENT_CONFUSION | MODEL_PROTOTYPE_FAMILY_DISAGREEMENT,,,,,
221,42.7478,FALTA DE AGUA NA REGUA ULTRASSONICA,FALHA NO SUPRIMENTO DE AGUA,OTHER_UNKNOWN,1,SINGLETON,FALHA NO SUPRIMENTO DE AGUA,1.0,SEM MODO DE FALHA IDENTIFICADO,0.33381226700447375,FALHA DE SUPRIMENTO DE AR COMPRIMIDO,0.2051260544529176,0.6661877329955262,FALHA NO SUPRIMENTO DE AGUA,1.0000001192092896,,False,RARE_CLASS,,,,,
222,42.7235,"EXECESSO DE REJITO POR NITROGENIO BAIXO ,NECESARIO FAZER ALTERAÇAO NA RECIETA DE DOZAGEM",FALHA DE DOSAGEM DE NITROGENIO,DOSAGEM,1,SINGLETON,FALHA DE DOSAGEM DE NITROGENIO,1.0,FALHA NO DOSADOR DE NITROGENIO,0.23502282385718654,FALHA DE DOSAGEM,0.2118525126894678,0.7649771761428135,FALHA DE DOSAGEM DE NITROGENIO,0.999999463558197,,False,RARE_CLASS,,,,,
223,42.7194,FALHA DE ENCHIMENTO 30008625992,FALHA DE ENCHIMENTO,ENCHIMENTO,95,HEALTHY_GT20,FALHA DE ENCHIMENTO,1.0,FALHA DE VALVULA DE ENCHIMENTO,0.7225871742847142,FALHA DE BARREIRA,0.28092963621934075,0.2774128257152858,FALHA DE VALVULA DE ENCHIMENTO,0.469334214925766,FALHA DE ENCHIMENTO -> FALHA DE VALVULA DE ENCHIMENTO (16),False,PERSISTENT_CONFUSION,,,,,
224,42.6813,"PARAFUSO DE FIXAÇÃO DA MESA DE CARGA SAINDO APERTO, FOI PRECISO SUBSTITUIR, ORDEM : 30008862422",AFROUXAMENTO DE PARAFUSO DE FIXACAO,OTHER_UNKNOWN,1,SINGLETON,AFROUXAMENTO DE PARAFUSO DE FIXACAO,1.0,FALHA DE FIXACAO,0.3267983856408031,FALHA DE ENCHIMENTO,0.15748419381611065,0.6732016143591969,AFROUXAMENTO DE PARAFUSO DE FIXACAO,0.9999997019767761,,False,RARE_CLASS,,,,,
225,42.6757,"ENCHIMENTO DE 100% DO CARBONATADOR, GERANDOGAS BAIXO E LATAS VAZIASORDEM: 30008872877",FALHA DE CONTROLE DE NIVEL DO CARBONATADOR,CARBONATACAO,1,SINGLETON,FALHA DE CONTROLE DE NIVEL DO CARBONATADOR,1.0,FALHA DE ENCHIMENTO,0.2965812882107558,FALHA DE CARBONATACAO,0.2827555429372077,0.7034187117892442,FALHA DE CONTROLE DE NIVEL DO CARBONATADOR,1.0000003576278687,,False,RARE_CLASS,,,,,
226,42.6751,"FALHA BATEDOR DE CAIXAS, OCASIONANDO A FALHA PASSAGEM DE CAIXAS NA ENTRADA DA PALETIZADORA",FALHA DE BATEDOR DE CAIXAS,CAIXA,1,SINGLETON,FALHA DE BATEDOR DE CAIXAS,1.0,ENROSCO DE CAIXAS,0.31152860351445877,ENROSCO DE PACOTES,0.15937486216968483,0.6884713964855412,FALHA DE BATEDOR DE CAIXAS,1.0,,False,RARE_CLASS,,,,,
227,42.6667,COLETOR EM FALHA,FALHA DE COLETOR,OTHER_UNKNOWN,1,SINGLETON,FALHA DE COLETOR,1.0,VAZAMENTO EM COLETOR,0.32522503159791183,VAZAMENTO NO COLETOR COM GAS BAIXO,0.17087705093194552,0.6747749684020882,FALHA DE COLETOR,1.0000001192092896,,False,RARE_CLASS,,,,,
228,42.6291,TRASPORTE DE PACOTES QUEBRADO 30008857467,QUEBRA DE TRECHO DO TRANSPORTE,TRANSPORTE,1,SINGLETON,QUEBRA DE TRECHO DO TRANSPORTE,1.0,QUEBRA DE TRANSPORTE,0.31115508162582856,QUEBRA DE ESTEIRA,0.2241716949748994,0.6888449183741714,QUEBRA DE TRECHO DO TRANSPORTE,0.9999997019767761,,False,RARE_CLASS,,,,,
229,42.6237,FALHA TUNEL SECAGEM DE ROTULOS NA ENTRADA DA ROTULADORA,FALHA DE SECAGEM DE ROTULO,ROTULO,2,VERY_RARE_2_3,FALHA DE SECAGEM DE ROTULO,1.0,FALHA DE ROTULAGEM,0.3482814847023042,ENROSCO DE ROTULOS,0.3307920478998124,0.6517185152976959,FALHA DE SECAGEM DE ROTULO,0.9999998211860657,,False,RARE_CLASS,,,,,
230,42.5742,FALHA NO CALCULO DE CURVA DA RECEITA DE 200ML (ORDEM: 30008776224),FALHA DE PARAMETRIZACAO DE RECEITA,OTHER_UNKNOWN,1,SINGLETON,FALHA DE PARAMETRIZACAO DE RECEITA,1.0,SEM MODO DE FALHA IDENTIFICADO,0.31883610604350393,FALHA DE SENSOR,0.24841496227721319,0.6811638939564961,FALHA DE PARAMETRIZACAO DE RECEITA,1.0000004768371582,,False,RARE_CLASS,,,,,
231,42.5516,"PROBLEMA NO SENSORES ,FALTANDO GARRAFAS PARA A ENTRADA DA ENCHEDORA.",FALHA DE ALIMENTACAO DE GARRAFAS,GARRAFA,6,LOW_SUPPORT_6_10,FALHA DE SENSOR,1.0,ENROSCO DE GARRAFAS,0.5342167991862327,FALHA DE MOTOR,0.3183120351166141,0.46578320081376734,ENROSCO DE GARRAFAS,0.23869097232818604,FALHA DE ALIMENTACAO DE GARRAFAS -> FALHA DE SENSOR (3),False,PERSISTENT_CONFUSION | MODEL_PROTOTYPE_FAMILY_DISAGREEMENT,,,,,
232,42.4635,QUEDA DO PARAFUSO DA CORRENTE DE ELEVAÇÃO DO GARFO DO MAGAZINE DE PALETE,FALHA DE FIXACAO DA CORRENTE DE ELEVACAO,CORRENTE,1,SINGLETON,FALHA DE FIXACAO DA CORRENTE DE ELEVACAO,1.0,FALHA DE MAGAZINE,0.2955334932497694,QUEBRA DE CORRENTE,0.2931107843039872,0.7044665067502306,FALHA DE FIXACAO DA CORRENTE DE ELEVACAO,0.9999997019767761,,False,RARE_CLASS,,,,,
233,42.4459,FALHA DE LINHA AMOSTRA BAIXA ORDEM: 30008427066,FALHA DE AMOSTRAGEM,OTHER_UNKNOWN,1,SINGLETON,FALHA DE AMOSTRAGEM,1.0,SEM MODO DE FALHA IDENTIFICADO,0.3142210644340707,FALHA DE ELAU,0.2043558128318697,0.6857789355659293,FALHA DE AMOSTRAGEM,0.9999999403953552,,False,RARE_CLASS,,,,,
234,42.4287,TRAVAMENTO DO STOPER DE CAIXAS DA MESA DA PALETIZADORA,TRAVAMENTO DE STOPPER,STOPPER,1,RARE_4_5,TRAVAMENTO DE STOPPER,1.0,TRAVAMENTO DE TRANSPORTE,0.3666137919708265,TRAVAMENTO DE SEGMENTOS,0.12086532204377073,0.6333862080291734,TRAVAMENTO DE STOPPER,1.0000003576278687,,False,RARE_CLASS,,,,,
235,42.4123,TENSIONAMENTO DA ESTEIRA DE ALIMENTAÇÃO DO DEVICER,FALHA DE TENSIONAMENTO DE ESTEIRA,ESTEIRA,1,SINGLETON,FALHA DE TENSIONAMENTO DE ESTEIRA,1.0,FALHA DE ESTEIRA,0.30978053367114494,QUEBRA DE ELO DE ESTEIRA,0.12865259882880478,0.690219466328855,FALHA DE TENSIONAMENTO DE ESTEIRA,0.9999998807907104,,False,RARE_CLASS,,,,,
236,42.401,ENROSCO DA PERSIANA,FALHA DE PERSIANA,PERSIANA,1,SINGLETON,FALHA DE PERSIANA,1.0,TRAVAMENTO DE PERSIANA,0.2959751809107401,FALHA DE SENSOR,0.2108104189872242,0.70402481908926,FALHA DE PERSIANA,0.9999998807907104,,False,RARE_CLASS,,,,,
237,42.3705,FALHA NA TROCA DO PALLET DE CARTÃO EM MODO AUTOMATICO,FALHA NA TROCA DE PALETE DE CARTAO,CARTAO,14,MEDIUM_11_20,FALHA NA TROCA DE PALETE DE FOLHA SEPARADORA,1.0,FALHA NA TROCA DE PALETE DE CARTAO,0.7988316216921605,FALHA NO MANUSEIO DE CARTAO,0.4201180450446619,0.2011683783078395,FALHA NA TROCA DE PALETE DE FOLHA SEPARADORA,0.6524323225021362,FALHA NA TROCA DE PALETE DE CARTAO -> FALHA NA TROCA DE PALETE DE FOLHA SEPARADORA (4),False,PERSISTENT_CONFUSION,,,,,
238,42.3587,PATINS ENTREGANDO PACOTE ERRADO NO CANAL A,FALHA DE DIRECIONAMENTO DE PACOTES,PACOTE,1,SINGLETON,FALHA DE DIRECIONAMENTO DE PACOTES,1.0,ENROSCO DE PACOTES,0.297077022189469,FALHA DE PATINS,0.25673163668404475,0.702922977810531,FALHA DE DIRECIONAMENTO DE PACOTES,0.9999997615814209,,False,RARE_CLASS,,,,,
239,42.3385,VELOCIDADE ABAIXO DA NOMINAL DEVIDO COPALSO DAS LATAS,COLAPSO DE LATAS,LATA,6,LOW_SUPPORT_6_10,AMASSAMENTO DE LATAS,1.0,COLAPSO DE LATAS,0.8501005305358702,ENROSCO DE GARRAFAS,0.6398609555712002,0.1498994694641298,COLAPSO DE LATAS,0.30717575550079346,COLAPSO DE LATAS -> AMASSAMENTO DE LATAS (2),False,PERSISTENT_CONFUSION,,,,,
240,42.3367,GUIA DO PESCOÇO DA GARRAFAS FORA DE POSIÇÃO 30008241870,DESALINHAMENTO DE GUIA,GUIA,7,LOW_SUPPORT_6_10,DESALINHAMENTO DE GUIA,1.0,FALHA DE GUIA,0.9548575870670253,FALHA DE SENSOR,0.5619914902002998,0.04514241293297472,DESALINHAMENTO DE PALETE,0.4051666259765625,,False,DIVERSITY_COVERAGE,,,,,
241,42.3067,PERDA DE SONCRONISMO NA MESA DE SEGMENTO,FALHA DE SEGMENTOS,SEGMENTO,1,VERY_RARE_2_3,FALHA DE SEGMENTOS,1.0,TRAVAMENTO DE SEGMENTOS,0.3830298949811213,FALHA DE SINCRONISMO,0.19100008707777685,0.6169701050188787,FALHA DE SEGMENTOS,0.9999999403953552,,False,RARE_CLASS,,,,,
242,42.2756,PARAFUSO ESPANOU NO TRANSPORTE 30008867087,ESPANAMENTO DE PARAFUSO,OTHER_UNKNOWN,1,SINGLETON,ESPANAMENTO DE PARAFUSO,1.0,QUEBRA DE PARAFUSO,0.30841513452806735,FALHA DE FIXACAO,0.2834029290175905,0.6915848654719327,ESPANAMENTO DE PARAFUSO,1.000000238418579,,False,RARE_CLASS,,,,,
243,42.2695,"TRANSPORTE DA FILTEC QUEBROU, ORDEM :30008768532",QUEBRA DE TRANSPORTE,TRANSPORTE,6,LOW_SUPPORT_6_10,FALHA DE INSPECAO,1.0,QUEBRA DE ESTEIRA,0.7502574908828482,QUEBRA DE TRANSPORTE,0.7328089160774763,0.2497425091171518,QUEBRA DE TRANSPORTE,0.24864056706428528,QUEBRA DE TRANSPORTE -> FALHA DE INSPECAO (3),False,PERSISTENT_CONFUSION,,,,,
244,42.2646,TRAVAMENTO DE GARRAFA NA SAIDA DA LAVADORA,TRAVAMENTO DE GARRAFAS NA SAIDA DA LAVADORA,GARRAFA,1,VERY_RARE_2_3,TRAVAMENTO DE GARRAFAS NA SAIDA DA LAVADORA,1.0,ENROSCO DE GARRAFAS,0.40310258113451164,QUEDA DE GARRAFAS,0.26903016429932197,0.5968974188654883,TRAVAMENTO DE GARRAFAS NA SAIDA DA LAVADORA,0.9999999403953552,,False,RARE_CLASS,,,,,
245,42.2353,FALHA DE RESFRIAMENTO NO PINO DE ENXAGUE ENCHEDORA,FALHA DE RESFRIAMENTO,OTHER_UNKNOWN,1,SINGLETON,FALHA DE RESFRIAMENTO,1.0,SEM MODO DE FALHA IDENTIFICADO,0.3024535730539652,FALHA DE PRESSAO DE AGUA,0.22309088419595371,0.6975464269460347,FALHA DE RESFRIAMENTO,0.9999997019767761,,False,RARE_CLASS,,,,,
246,42.2231,ENROSCO DO QUADRO SUPERIOR,ENROSCO DE CARTAO QUADRO,CARTAO,1,SINGLETON,ENROSCO DE CARTAO QUADRO,1.0,FALHA NO MANUSEIO DE CARTAO,0.2945150055047486,ENROSCO DE TAMPAS,0.1986161138182573,0.7054849944952515,ENROSCO DE CARTAO QUADRO,1.000000238418579,,False,RARE_CLASS,,,,,
247,42.2009,FALHA DIMENSIONAMENTO DE CAMADAS. ORDEM- 30008478955,FALHA DE DIMENSIONAMENTO DE CAMADA,CAMADA,1,VERY_RARE_2_3,FALHA DE DIMENSIONAMENTO DE CAMADA,1.0,FALHA DE FORMACAO DE CAMADA,0.30483697184167363,FALHA DE COMPACTACAO DE CAMADA,0.24311064587874567,0.6951630281583263,FALHA DE DIMENSIONAMENTO DE CAMADA,0.999999463558197,,False,RARE_CLASS,,,,,
248,42.1886,"FALHA DE PRESSURIZAÇÃO GERANDO FALHA NO NIVEL DE BEBIDA DE TANQUE, PARANDO ENC",FALHA DE PRESSAO,OTHER_UNKNOWN,1,VERY_RARE_2_3,FALHA DE PRESSAO,1.0,FALHA DE ENCHIMENTO,0.2132503569826573,ESPUMAMENTO DE BEBIDA,0.16560893089267525,0.7867496430173427,FALHA DE PRESSAO,1.0000005960464478,,False,RARE_CLASS | PERSISTENT_CONFUSION,,,,,
249,42.1208,"CABO ROMPIDO NA PORTA DE ENTRADA DA DESPALETIZADORA, NAO ACIONANDO A LIBERAÇÃO DE PALETES",QUEBRA DE COMPONENTE,OTHER_UNKNOWN,18,HEALTHY_GT20,FALHA DE PORTA DE SEGURANCA,1.0,FALHA DE SENSOR,0.7893946155506543,FALHA DE ENVOLVIMENTO,0.7488959408675946,0.21060538444934573,FALHA DE PORTA DE SEGURANCA,0.2397821545600891,QUEBRA DE COMPONENTE -> FALHA DE PORTA DE SEGURANCA (2),False,PERSISTENT_CONFUSION | MODEL_PROTOTYPE_FAMILY_DISAGREEMENT,,,,,
250,42.063,AJUSTES NA POSIÇÃO DA MASCRA,DESALINHAMENTO DE MASCARA,OTHER_UNKNOWN,1,SINGLETON,DESALINHAMENTO DE MASCARA,1.0,SEM MODO DE FALHA IDENTIFICADO,0.2969594465707121,DESALINHAMENTO MECANICO,0.21059796128534652,0.7030405534292878,DESALINHAMENTO DE MASCARA,0.9999998807907104,,False,RARE_CLASS,,,,,
251,42.0541,"FALHA NO PRESSOSTATO, FALTA DE AR NAS VALVULAS ELETRONICAS .",FALHA DE PRESSOSTATO,PRESSOSTATO,3,RARE_4_5,FALHA DE PRESSOSTATO,1.0,FALHA DE SUPRIMENTO DE AR COMPRIMIDO,0.6638775122845619,FALHA DE INSPECAO,0.1942440950247746,0.33612248771543807,FALHA DE PRESSOSTATO,0.6274679899215698,,False,RARE_CLASS,,,,,
252,42.0458,ACOPLAMENTO DO TRANSPORTE DO ALIMENTADOR 1 DANIFICADO,FALHA DE ACOPLAMENTO,OTHER_UNKNOWN,1,VERY_RARE_2_3,FALHA DE ACOPLAMENTO,1.0,FALHA DE TRANSPORTE,0.5929430396030628,TRAVAMENTO DE TRANSPORTE,0.5186064798179103,0.4070569603969372,FALHA DE ACOPLAMENTO,0.4351605772972107,,False,RARE_CLASS,,,,,
253,42.0398,QUEBROU O TERMINAL DA RESISTÊNCIA DE CORTE DO FILME DA ENVOLVOVEDORA,QUEBRA DE TERMINAL ELETRICO,ELETRICO,1,SINGLETON,QUEBRA DE TERMINAL ELETRICO,1.0,FALHA DE CORTE DE FILME,0.28208124215505204,FALHA DE SOLDA DE FILME,0.15489817901813674,0.717918757844948,QUEBRA DE TERMINAL ELETRICO,1.000000238418579,,False,RARE_CLASS,,,,,
254,41.9926,"FALHA NO CIP RAMAL B, DRENO ATIVANDO NO MEIO DO CIP",FALHA NO CIP RAMAL B,OTHER_UNKNOWN,1,SINGLETON,FALHA NO CIP RAMAL B,1.0,SEM MODO DE FALHA IDENTIFICADO,0.2933496961504311,FALHA DE CIP,0.2220057382113263,0.7066503038495688,FALHA NO CIP RAMAL B,1.0000004768371582,,False,RARE_CLASS,,,,,
255,41.9836,LONA FORA SE MOVENDO ORDEM (30008773877),ESCAPE DE ESTEIRA,ESTEIRA,73,HEALTHY_GT20,FALHA DE ESTEIRA,1.0,PATINAGEM DE ESTEIRA,0.9659113880468793,ROMPIMENTO DE ESTEIRA LONA,0.8883092612652657,0.03408861195312074,PATINAGEM DE ESTEIRA,0.19525589048862457,ESCAPE DE ESTEIRA -> FALHA DE ESTEIRA (4),False,PERSISTENT_CONFUSION | MODEL_PROTOTYPE_FAMILY_DISAGREEMENT,,,,,
256,41.9349,PENTE SEM PORCA DE FIXAÇÃO SE SOLTOU TRAVANDO EQUIPAMENTO / 30008359530,PENTES SOLTOS,OTHER_UNKNOWN,2,VERY_RARE_2_3,PENTES SOLTOS,1.0,FALHA DE FIXACAO,0.3378279998092536,PERDA DE REFERENCIA,0.17477219501159263,0.6621720001907464,PENTES SOLTOS,0.999999463558197,,False,RARE_CLASS,,,,,
257,41.9275,FALHA DE ENVOLVIMENTO GERANDO PACOTES ABERTOS E MAL FORMADOS,FALHA DE ENVOLVIMENTO,ENVOLVIMENTO,50,HEALTHY_GT20,FALHA DE ENVOLVIMENTO,1.0,FALHA DE FORMACAO DE PACOTE,0.9489273112368689,ENROSCO DE PACOTES,0.7072574232955144,0.05107268876313109,FALHA DE ENVOLVIMENTO,0.47338172793388367,FALHA DE ENVOLVIMENTO -> FALHA DE FORMACAO DE PACOTE (2),False,PERSISTENT_CONFUSION | MODEL_PROTOTYPE_FAMILY_DISAGREEMENT,,,,,
258,41.9192,ATUAÇÃO NA VALVULA DE XAROPE,FALHA DE VALVULA DE XAROPE,VALVULA,1,VERY_RARE_2_3,FALHA DE VALVULA DE XAROPE,1.0,FALHA DE VALVULA,0.3977703026902734,FALHA DE VALVULA DE ENCHIMENTO,0.35106903115179866,0.6022296973097265,FALHA DE VALVULA DE XAROPE,1.000000238418579,,False,RARE_CLASS,,,,,
259,41.9071,FALHA NA CORREIA DE ENVOLVIMENTO DOS PACOTES ( ORDEM - 30008258313 ),FALHA DE CORREIA,CORREIA,10,MEDIUM_11_20,FALHA DE ENVOLVIMENTO,1.0,QUEBRA DE CORREIA,0.6591051868623888,FALHA DE CORREIA,0.5879567270908986,0.34089481313761116,FALHA DE ENVOLVIMENTO,0.38229525089263916,FALHA DE CORREIA -> FALHA DE ENVOLVIMENTO (3),False,PERSISTENT_CONFUSION | MODEL_PROTOTYPE_FAMILY_DISAGREEMENT,,,,,
260,41.867,TRAVAMENTO DA CORRENTE DE ENVOLVIMENTO. ORDEM- 30008478959,TRAVAMENTO DE CORRENTE,CORRENTE,1,SINGLETON,TRAVAMENTO DE CORRENTE,1.0,QUEBRA DE CORRENTE,0.2698853354210114,FALHA DE ENVOLVIMENTO,0.2520908753592663,0.7301146645789887,TRAVAMENTO DE CORRENTE,0.9999998807907104,,False,RARE_CLASS,,,,,
261,41.842,SENSOR ENVOLVEDORA EM CURTO,CURTO CIRCUITO,OTHER_UNKNOWN,9,MEDIUM_11_20,FALHA DE SENSOR,1.0,CURTO CIRCUITO,0.6876144879049303,FALHA DE ENVOLVIMENTO,0.3245529072380248,0.3123855120950697,CURTO CIRCUITO,0.3011516034603119,CURTO CIRCUITO -> FALHA DE SENSOR (3),False,PERSISTENT_CONFUSION,,,,,
262,41.8343,ENTUPIMENTO DA TUBULAÇÃO,ENTUPIMENTO,OTHER_UNKNOWN,1,VERY_RARE_2_3,ENTUPIMENTO,1.0,ENTUPIMENTO DE TUBULACAO,0.40266812555908893,VAZAMENTO EM TUBULACAO,0.2535047119503419,0.5973318744409111,ENTUPIMENTO,1.0000001192092896,,False,RARE_CLASS,,,,,
263,41.8234,"ENTUPIMENTO DA TUBULAÇÃO, DO JETFLOW, NAO ENVIANDO TAMPAS PARA TOLVA",ENTUPIMENTO DE TUBULACAO,TUBULACAO,1,SINGLETON,ENTUPIMENTO DE TUBULACAO,1.0,ENROSCO DE TAMPAS,0.24057132946784976,FALHA DE SENSOR,0.21029729095511926,0.7594286705321502,ENTUPIMENTO DE TUBULACAO,1.0000007152557373,,False,RARE_CLASS,,,,,
264,41.8115,FALHA MANGUEIRA DO CILINDRO CABEÇOTE,FALHA DE MANGUEIRA PNEUMATICA,MANGUEIRA,2,RARE_4_5,FALHA DE MANGUEIRA PNEUMATICA,1.0,FALHA DE CONEXAO DE MANGUEIRA,0.26475578530367094,FALHA DE MANGUEIRA,0.24849283071869585,0.7352442146963291,FALHA DE MANGUEIRA PNEUMATICA,0.7626267075538635,FALHA DE MANGUEIRA PNEUMATICA -> FALHA DE CONEXAO DE MANGUEIRA (3),False,RARE_CLASS | PERSISTENT_CONFUSION,,,,,
265,41.7883,VAZAMENTO DO COLETOR GERANDO GÁS BAIXO NA PARTIDA,VAZAMENTO NO COLETOR COM GAS BAIXO,OTHER_UNKNOWN,2,VERY_RARE_2_3,VAZAMENTO NO COLETOR COM GAS BAIXO,1.0,VAZAMENTO EM COLETOR,0.3336600812169846,FALHA DE COLETOR,0.221152446648592,0.6663399187830155,VAZAMENTO NO COLETOR COM GAS BAIXO,0.9999999403953552,,False,RARE_CLASS,,,,,
266,41.739,FALHA NO BOTÂO DE RESET DO LINATRONIC,FALHA NO BOTAO RESET,OTHER_UNKNOWN,3,RARE_4_5,FALHA NO BOTAO RESET,1.0,FALHA DE PEGADOR,0.5452022829731804,FALHA DE INSPECAO,0.3280352124280529,0.4547977170268196,FALHA NO BOTAO RESET,0.5374385118484497,FALHA NO BOTAO RESET -> FALHA DE PEGADOR (2),False,RARE_CLASS | PERSISTENT_CONFUSION,,,,,
267,41.7037,ENROSCO DE ROTULO NO AGREGADO 2 ( FALHA NO TERMOSTATO DO AGREGADO 2 ),FALHA DE TERMOSTATO,OTHER_UNKNOWN,1,SINGLETON,FALHA DE TERMOSTATO,1.0,ENROSCO DE ROTULOS,0.28552159225151036,FALHA DE ROTULAGEM,0.22916294482156302,0.7144784077484896,FALHA DE TERMOSTATO,1.0000001192092896,,False,RARE_CLASS,,,,,
268,41.6098,"FALTA DE AR COMPRIMIDO NO CABECOTE DA MAQUINA , NAO ESTAVA PEGANDO AS GARRAFAS , MANUTENCAO ELETRICA ATUOU",FALHA NO SISTEMA DE AR COMPRIMIDO,OTHER_UNKNOWN,1,SINGLETON,FALHA NO SISTEMA DE AR COMPRIMIDO,1.0,SEM MODO DE FALHA IDENTIFICADO,0.27676109741436133,FALHA DE SUPRIMENTO DE AR COMPRIMIDO,0.22484401394129014,0.7232389025856387,FALHA NO SISTEMA DE AR COMPRIMIDO,0.9999999403953552,,False,RARE_CLASS,,,,,
269,41.591,TAMPA METALICA AMASSANDO DENTRO DO ARROLHADOR E CAUSANDO PARADA,AMASSAMENTO DE LATAS,LATA,9,MEDIUM_11_20,ENROSCO DE TAMPAS,1.0,FALHA DE TAMPAMENTO,0.6667619740814502,FALHA DE ALIMENTACAO DE TAMPAS,0.6578980326069342,0.3332380259185498,ENROSCO DE TAMPAS,0.33939769864082336,AMASSAMENTO DE LATAS -> ENROSCO DE TAMPAS (3),False,PERSISTENT_CONFUSION | MODEL_PROTOTYPE_FAMILY_DISAGREEMENT,,,,,
270,41.58,"NA PARTIDA EM MODO AUTOMATICO, ESTÁ DANDO GAS FORA DE PADRÃO NA BEBIDA",FALHA DE CARBONATACAO,CARBONATACAO,6,LOW_SUPPORT_6_10,FALHA NA TROCA DE PALETE DE FOLHA SEPARADORA,1.0,ESPUMAMENTO DE BEBIDA,0.9339321465956635,FALHA DE CARBONATACAO,0.9234117806363633,0.06606785340433652,FALHA DE CONTROLE DE BRIX,0.31791064143180847,,False,MODEL_PROTOTYPE_FAMILY_DISAGREEMENT,,,,,
271,41.5618,"MANGUEIRA DOBRADA,OBSTRUINDO A PASSAGEM DE AR",OBSTRUCAO DE MANGUEIRA DE AR,MANGUEIRA,1,SINGLETON,OBSTRUCAO DE MANGUEIRA DE AR,1.0,FALHA DE CONEXAO DE MANGUEIRA,0.2647546842367003,ROMPIMENTO DE MANGUEIRA DE AR,0.24782748129425428,0.7352453157632997,OBSTRUCAO DE MANGUEIRA DE AR,0.9999998211860657,,False,RARE_CLASS,,,,,
272,41.5553,FALHA EM ENVIAR TAMPAS PARA ENCHEDORA,FALHA EM ENVIAR TAMPAS PARA ENCHEDORA,TAMPA,2,VERY_RARE_2_3,FALHA EM ENVIAR TAMPAS PARA ENCHEDORA,1.0,ENROSCO DE TAMPAS,0.31086206510947784,FALHA DE ALIMENTACAO DE TAMPAS,0.2482722351153233,0.6891379348905222,FALHA EM ENVIAR TAMPAS PARA ENCHEDORA,1.0000001192092896,,False,RARE_CLASS,,,,,
273,41.5422,FALHA NO EMPURRADOR,FALHA DE EMPURRADOR,OTHER_UNKNOWN,2,RARE_4_5,FALHA DE EMPURRADOR,1.0,FALHA DE ACIONAMENTO DO EMPURRADOR,0.6017878710228876,ENROSCO DE TAMPAS,0.34052523678866825,0.39821212897711245,FALHA DE ACIONAMENTO DO EMPURRADOR,0.5244957804679871,,False,RARE_CLASS,,,,,
274,41.5131,FALHA DE ENVOLVIMENTO E QUEDA DE LATAS 30008320911,QUEDA DE LATAS,LATA,22,HEALTHY_GT20,ROMPIMENTO DE FILME,1.0,QUEDA DE LATAS,0.6806867356605089,FALHA DE ENVOLVIMENTO,0.5829024006000314,0.31931326433949114,FALHA DE REGUA DE ENVOLVIMENTO,0.4113946259021759,QUEDA DE LATAS -> ROMPIMENTO DE FILME (6),False,PERSISTENT_CONFUSION | MODEL_PROTOTYPE_FAMILY_DISAGREEMENT,,,,,
275,41.4816,TROCA DA MANGUEIRA DE AGUA 30008822660,FALHA DE MANGUEIRA DE AGUA,MANGUEIRA,1,SINGLETON,FALHA DE MANGUEIRA DE AGUA,1.0,ROMPIMENTO DE MANGUEIRA DE AGUA,0.26229900330754546,FALHA DE CONEXAO DE MANGUEIRA,0.23866259203930454,0.7377009966924546,FALHA DE MANGUEIRA DE AGUA,0.9999992251396179,,False,RARE_CLASS,,,,,
276,41.4668,TAMPA VIRADA NA SAIDA DA CANALETA,TAMPA INVERTIDA,TAMPA,5,LOW_SUPPORT_6_10,TAMPA INVERTIDA,1.0,ENROSCO DE TAMPAS,0.9492203444245612,FALHA DE ALIMENTACAO DE TAMPAS,0.6071275364316213,0.05077965557543884,TAMPA INVERTIDA,0.4357944428920746,,False,DIVERSITY_COVERAGE,,,,,
277,41.4474,SUPORTE DA FACA DE CORTE QUEBRADO 30008618696,QUEBRA DE SUPORTE,SUPORTE,1,SINGLETON,QUEBRA DE SUPORTE,1.0,FALHA DE CORTE DE FILME,0.22495662701818595,QUEBRA DE TRANSPORTE,0.11288252084785759,0.775043372981814,QUEBRA DE SUPORTE,1.0,,False,RARE_CLASS,,,,,
278,41.4436,ACERTO DO AR DO SOPRADOR DE AR DAS ROLHAS.,FALHA DE SOPRADOR,OTHER_UNKNOWN,1,SINGLETON,FALHA DE SOPRADOR,1.0,SEM MODO DE FALHA IDENTIFICADO,0.27113507063571946,FALHA DE SUPRIMENTO DE AR COMPRIMIDO,0.1955082762599842,0.7288649293642806,FALHA DE SOPRADOR,0.9999999403953552,,False,RARE_CLASS,,,,,
279,41.4308,EQUIPAMENTO SE DESLIGANDO SEM GERAR FALHA OU ALERTA SONORO,DESLIGAMENTO INDEVIDO DO EQUIPAMENTO,OTHER_UNKNOWN,4,LOW_SUPPORT_6_10,DESLIGAMENTO INDEVIDO DO EQUIPAMENTO,1.0,SEM MODO DE FALHA IDENTIFICADO,0.827029562050704,PERDA DE REFERENCIA,0.3825498225597628,0.172970437949296,DESLIGAMENTO INDEVIDO DO EQUIPAMENTO,0.6509960889816284,,False,RARE_CLASS,,,,,
280,41.4208,ELEVADOR DE TUBETE TRAVADO,TRAVAMENTO DE ELEVADOR,ELEVADOR,2,VERY_RARE_2_3,FALHA DE ELEVADOR,1.0,TRAVAMENTO DE ELEVADOR,0.5327375921155569,FALHA NO CORTE DE TUBETES,0.49868912379885766,0.46726240788444307,FALHA DE ELEVADOR,0.42133828997612,,False,RARE_CLASS,,,,,
281,41.4166,"ESTEIRA COM FOLGA, ATRASANDO A GARRAFA, GERANDO QUEDA NA REGUA DE ARRASTE.",FALHA DE ESTEIRA,ESTEIRA,26,HEALTHY_GT20,FALHA DE ESTEIRA,1.0,PATINAGEM DE ESTEIRA,0.8858125362208465,DESNIVELAMENTO DE ESTEIRA,0.7586481669896824,0.11418746377915345,FALHA DE REGUA DE ARRASTE,0.3704802095890045,FALHA DE ESTEIRA -> PATINAGEM DE ESTEIRA (3),False,PERSISTENT_CONFUSION | MODEL_PROTOTYPE_FAMILY_DISAGREEMENT,,,,,
282,41.3913,SUPORTE DA TULIPA DA VÁLVULA NUMERO 5 SOLTOU / NOTA : 30008313189,FALHA DE FIXACAO DA TULIPA,OTHER_UNKNOWN,1,SINGLETON,FALHA DE FIXACAO DA TULIPA,1.0,FALHA DE TULIPA,0.2656296044778037,FALHA DE VALVULA,0.1913612785687419,0.7343703955221963,FALHA DE FIXACAO DA TULIPA,0.9999998211860657,,False,RARE_CLASS,,,,,
283,41.3689,FALHA NO DEPOSITO DE PALLET VAZIO,FALHA NO DEPOSITO DE PALLET,PALETE,2,VERY_RARE_2_3,FALHA NO DEPOSITO DE PALLET,1.0,FALHA NA PEGA DE PALLET VAZIO,0.2995518431458695,FALHA DE MAGAZINE,0.14856458175666112,0.7004481568541305,FALHA NO DEPOSITO DE PALLET,1.0000001192092896,,False,RARE_CLASS,,,,,
284,41.3251,"ENROSCO DE LATA NO TWISTER,PÓS HEUFT",FALHA DE INSPECAO,INSPECAO,71,HEALTHY_GT20,ENROSCO DE LATAS,1.0,FALHA DE INSPECAO,0.8816102912240319,FALHA DE ENCHIMENTO,0.41990103045928795,0.1183897087759681,ENROSCO DE LATAS,0.5402736663818359,FALHA DE INSPECAO -> ENROSCO DE LATAS (4),False,PERSISTENT_CONFUSION,,,,,
285,41.3,"FALHA BANDEJA DE ROTULOS, A BANDEJA ESTÁ EM DESNIVEL, GERANDO ENROSCO DE ROTULOS ORDEM: 30008450158",ENROSCO DE ROTULOS,ROTULO,10,MEDIUM_11_20,FALHA NA TROCA DE BANDEJA,1.0,ENROSCO DE ROTULOS,0.9440323917363715,FALHA DE EXTRACAO DE ROTULOS,0.509047639409183,0.055967608263628454,FALHA NA TROCA DE BANDEJA,0.43887850642204285,ENROSCO DE ROTULOS -> FALHA NA TROCA DE BANDEJA (2),False,PERSISTENT_CONFUSION,,,,,
286,41.2814,FALHA AO PUXAR PALETES,FALHA DE ALIMENTACAO DE PALETES,PALETE,1,SINGLETON,FALHA DE ALIMENTACAO DE PALETES,1.0,FALHA DE SENSOR,0.24672059476474564,FALHA NO AVANCO DE PALETES PARA PALETIZAR,0.21217398252452802,0.7532794052352544,FALHA DE ALIMENTACAO DE PALETES,0.9999999403953552,,False,RARE_CLASS,,,,,
287,41.2582,LATAS FALSAS DANDO FALHA NO INSERIMENTO E NO DESINSERIMENTO ANTES E POS CIP,FALHA NA INSERCAO DE LATAS,LATA,1,SINGLETON,FALHA NA INSERCAO DE LATAS,1.0,FALHA NA INSERCAO DE LATAS FALSAS,0.24938721658746807,FALHA DE INSPECAO,0.23730457198925953,0.7506127834125319,FALHA NA INSERCAO DE LATAS,0.9999997615814209,,False,RARE_CLASS,,,,,
288,41.2579,COLISÃO DOS PATINS DO DEVAISER COM CHAPA DE PASSAGEM DA MESA DE COMPACTAÇÃO ( ORDEM - 30008231468),FALHA DE PATINS,PATINS,9,MEDIUM_11_20,FALHA DE PATINS,1.0,ENROSCO DE PACOTES,0.898496307427865,QUEDA DE LATAS,0.6679073569718131,0.10150369257213498,ENROSCO DE PACOTES,0.24014778435230255,,False,PERSISTENT_CONFUSION | MODEL_PROTOTYPE_FAMILY_DISAGREEMENT,,,,,
289,41.247,"SUPORTE SUPERIOR DO TRANSPORTE DE GFS CHEIA QUEBRADA ,REALIZADO A SOLDA OORDEM 30008315724",QUEBRA DE TRANSPORTE,TRANSPORTE,6,LOW_SUPPORT_6_10,FALHA DE SOLDA DE FILME,1.0,QUEBRA DE ESTEIRA,0.9730888252811013,QUEBRA DE TRANSPORTE,0.969631034349697,0.0269111747188987,ENROSCO DE CARTAO QUADRO,0.26219889521598816,,False,MODEL_PROTOTYPE_FAMILY_DISAGREEMENT,,,,,
290,41.2183,FALHA NO SISTEMA DE INSERIMENTO DE GARRAFAS FALSAS ANTES DO INICIO DO CIP,FALHA NA INSERCAO DE GARRAFAS FALSAS,GARRAFA,1,SINGLETON,FALHA NA INSERCAO DE GARRAFAS FALSAS,1.0,FALHA DE SENSOR,0.25187287188386226,FALHA NO SISTEMA DE INSERCAO DE FALSA GARRAFA,0.24203031030536243,0.7481271281161377,FALHA NA INSERCAO DE GARRAFAS FALSAS,1.0000001192092896,,False,RARE_CLASS,,,,,
291,41.2179,RETIRADA DO PALETE MANUALMENTE GERANDO ESPÇOS NO TRANSPORTE DE LATAS,FALHA NO FLUXO DE PALETES,PALETE,2,VERY_RARE_2_3,FALHA NO FLUXO DE PALETES,1.0,TRAVAMENTO DE PALETE,0.29445887213021893,FALHA DE TRANSPORTE DE PALETES,0.1931700816709331,0.7055411278697811,FALHA NO FLUXO DE PALETES,0.9999998211860657,,False,RARE_CLASS,,,,,
292,41.2018,HASTE DO TENSIONADOR SOLTA - ORDEM 30008418424,EIXO DO BRACO TENCIONADOR DO FILME DA ENVOLVEDORA SOLTO,FILME,1,SINGLETON,EIXO DO BRACO TENCIONADOR DO FILME DA ENVOLVEDORA SOLTO,1.0,FALHA DE SENSOR,0.2285691452844766,FALHA DE FIXACAO,0.12224577372718282,0.7714308547155234,EIXO DO BRACO TENCIONADOR DO FILME DA ENVOLVEDORA SOLTO,1.0000001192092896,,False,RARE_CLASS,,,,,
293,41.184,"ESCAPOU CORRENTE DE TRAÇÃO DO TRANSPORTE,ORDEM 30008566282",FALHA DE ELEMENTO DE TRANSMISSAO,OTHER_UNKNOWN,1,SINGLETON,FALHA DE ELEMENTO DE TRANSMISSAO,1.0,SEM MODO DE FALHA IDENTIFICADO,0.2567044077211555,TRAVAMENTO DE TRANSPORTE,0.19508387606935768,0.7432955922788445,FALHA DE ELEMENTO DE TRANSMISSAO,0.9999997615814209,,False,RARE_CLASS,,,,,
294,41.1658,FALTA DO PARAFUSO DO SUPORTE DA TULIPA NUMERO 67,AUSENCIA DE PARAFUSO DE FIXACAO,OTHER_UNKNOWN,1,VERY_RARE_2_3,AUSENCIA DE PARAFUSO DE FIXACAO,1.0,QUEBRA DE PARAFUSO,0.3701343231289048,FALHA DE TULIPA,0.3380790908704366,0.6298656768710952,AUSENCIA DE PARAFUSO DE FIXACAO,0.9999994039535522,,False,RARE_CLASS,,,,,
295,41.1466,A RÉGUA ESTAVA APERTADO A GARRAFA DIFICULTANDO A ENTRADA PARA PEGAR CORRETAMENTA.ORDEM..30008591538,DESAJUSTE DE REGUA,GUIA,1,SINGLETON,DESAJUSTE DE REGUA,1.0,FALHA DE SENSOR,0.2438222580539592,DESAJUSTE DE GUIA,0.1608037856871682,0.7561777419460408,DESAJUSTE DE REGUA,0.9999991655349731,,False,RARE_CLASS,,,,,
296,41.1404,FALHA TRANSPORTE GARRAFAS NA SAIDA DA DESENCAIXATADORA ORDEM: 30008241763,FALHA DE TRANSPORTE DE GARRAFAS,GARRAFA,1,VERY_RARE_2_3,FALHA DE TRANSPORTE DE GARRAFAS,1.0,QUEDA DE GARRAFAS,0.3654277703438947,ENROSCO DE GARRAFAS,0.3153044665675664,0.6345722296561054,FALHA DE TRANSPORTE DE GARRAFAS,0.9999996423721313,,False,RARE_CLASS,,,,,
297,41.1291,MANGUEIRA DE AR COMPRIMIDO DANIFICADA OCASIONANDO QUEDA DE CAMADA,FALHA DE MANGUEIRA PNEUMATICA,MANGUEIRA,2,RARE_4_5,FALHA DE MANGUEIRA PNEUMATICA,1.0,FALHA DE CONEXAO DE MANGUEIRA,0.24793963269495015,ROMPIMENTO DE MANGUEIRA DE AR,0.20385080288366986,0.7520603673050499,FALHA DE MANGUEIRA PNEUMATICA,0.7626263499259949,FALHA DE MANGUEIRA PNEUMATICA -> FALHA DE CONEXAO DE MANGUEIRA (3),False,RARE_CLASS | PERSISTENT_CONFUSION,,,,,
298,41.1014,"AJUSTE DE RÉGUA, LIMPEZA DOS BICOS E AJUSTE DOS SNIFS DA VÁLVULA 4",FALHA NOS SNIFS,OTHER_UNKNOWN,1,SINGLETON,FALHA NOS SNIFS,1.0,SEM MODO DE FALHA IDENTIFICADO,0.2519479435814544,FALHA DE VALVULA,0.18406890272386275,0.7480520564185456,FALHA NOS SNIFS,1.0000003576278687,,False,RARE_CLASS,,,,,
299,41.0865,AJUSTE NA POSIÇÃO DO DOSADOR DE NITROGENIO,SEM MODO DE FALHA IDENTIFICADO,OTHER_UNKNOWN,69,HEALTHY_GT20,FALHA NO DOSADOR DE NITROGENIO,1.0,SEM MODO DE FALHA IDENTIFICADO,0.7503938505419246,FALHA DE DOSAGEM,0.5725044759922974,0.24960614945807535,FALHA NO DOSADOR DE NITROGENIO,0.6792646646499634,SEM MODO DE FALHA IDENTIFICADO -> FALHA NO DOSADOR DE NITROGENIO (3),True,PERSISTENT_CONFUSION | MODEL_PROTOTYPE_FAMILY_DISAGREEMENT | POSSIBLE_LABEL_NOISE,,,,,
300,41.0715,"FALHA NO DESPARO,LIMPEZA.NOTA 30008852405",FALHA DE CODIFICACAO,IMPRESSAO,45,HEALTHY_GT20,FALHA DE PINCA,1.0,FALHA DE INVERSOR,0.9971500292663575,ENROSCO DE GARRAFAS,0.5516051755724548,0.0028499707336424596,FALHA NOS SNIFS,0.1480516791343689,,False,PERSISTENT_CONFUSION | MODEL_PROTOTYPE_FAMILY_DISAGREEMENT,,,,,
301,41.035,FALTA DE PARAMETRIZAÇÃO DO INVERSOR (AGUARDANDO NOTA),FALHA DE PARAMETRIZACAO,OTHER_UNKNOWN,3,RARE_4_5,FALHA DE INVERSOR,1.0,FALHA DE ALIMENTACAO ELETRICA DA EMBREAGEM,0.552270708252765,FALHA DE PARAMETRIZACAO,0.2232474563743306,0.44772929174723497,FALHA DE ALIMENTACAO ELETRICA DA EMBREAGEM,0.40363216400146484,,False,RARE_CLASS | MODEL_PROTOTYPE_FAMILY_DISAGREEMENT,,,,,
302,41.0328,DEVAISER TRIPIDANDO OCASIOANDO ENROSCO DE PACOTES FALHA NA FORMAÇÃO DE CAMADAS E ESTOURO DE LATAS ( ORDEM - 30008442119),ENROSCO DE LATAS,LATA,18,HEALTHY_GT20,ENROSCO DE PACOTES,1.0,ENROSCO DE LATAS,0.8437406873385151,FALHA DE FORMACAO DE CAMADA,0.608702085280342,0.15625931266148485,FALHA DE FORMACAO DE CAMADA,0.40034547448158264,ENROSCO DE LATAS -> ENROSCO DE PACOTES (3),False,PERSISTENT_CONFUSION | MODEL_PROTOTYPE_FAMILY_DISAGREEMENT,,,,,
303,41.03,ROMPIMENTO DA MANGUEIRA DE AGUA,ROMPIMENTO DE MANGUEIRA DE AGUA,MANGUEIRA,1,VERY_RARE_2_3,ROMPIMENTO DE MANGUEIRA DE AGUA,1.0,ROMPIMENTO DE MANGUEIRA DE AR,0.4107376605115182,FALHA DE MANGUEIRA DE AGUA,0.28161421929901137,0.5892623394884817,ROMPIMENTO DE MANGUEIRA DE AGUA,1.000000238418579,,False,RARE_CLASS,,,,,
304,40.9952,"FALHA NO CIP, ENCHEDORA NAO CONTABILIZAVA O TEMPO DE CADA PASSO",FALHA DE CIP,OTHER_UNKNOWN,1,SINGLETON,FALHA DE CIP,1.0,SEM MODO DE FALHA IDENTIFICADO,0.24669380505426594,FALHA DE CONTAGEM,0.19081256587922105,0.753306194945734,FALHA DE CIP,1.000000238418579,,False,RARE_CLASS,,,,,
305,40.981,PERDA DE PRESSÃO DA CABEÇA DA ENCHEDORA,FALHA DE PRESSURIZACAO DA ENCHEDORA,ENCHIMENTO,1,VERY_RARE_2_3,FALHA DE PRESSURIZACAO DA ENCHEDORA,1.0,FALHA DE ENCHIMENTO,0.35799104818296756,FALHA DE VALVULA,0.13468631377196022,0.6420089518170324,FALHA DE PRESSURIZACAO DA ENCHEDORA,1.000000238418579,,False,RARE_CLASS,,,,,
306,40.9614,PINO DE SEPARAÇÃO SOLTO TOMBANDO GARRAFAS 30008703883,FALHA DE PINO,OTHER_UNKNOWN,2,RARE_4_5,ENROSCO DE GARRAFAS,1.0,QUEDA DE GARRAFAS,0.6573162377313087,FALHA DE PINO,0.5323690062348934,0.34268376226869135,FALHA DE PINO,0.4213172197341919,,False,RARE_CLASS,,,,,
307,40.9604,PISTAO DA CAPA CIP QUEBRADO,QUEBRA DE PISTAO,OTHER_UNKNOWN,1,SINGLETON,QUEBRA DE PISTAO,1.0,QUEBRA DE ATUADOR,0.24603760695481022,TRAVAMENTO DE ATUADOR,0.15022699571869422,0.7539623930451897,QUEBRA DE PISTAO,1.0000001192092896,,False,RARE_CLASS,,,,,
308,40.9428,"TRAVAMENTO DO PINO DE SEPARAÇÃO , NOTA 30008370910",TRAVAMENTO DE PINO DE SEPARACAO,OTHER_UNKNOWN,1,SINGLETON,TRAVAMENTO DE PINO DE SEPARACAO,1.0,FALHA DE PINO,0.24344122360756745,PINO DE SEPARACAO TRAVADO,0.21076460723385154,0.7565587763924325,TRAVAMENTO DE PINO DE SEPARACAO,0.9999997615814209,,False,RARE_CLASS,,,,,
309,40.9297,CRASH DE GARRAFAS E EXCESSO DE FALSO REJEITO,CRASH DE GARRAFAS,GARRAFA,6,LOW_SUPPORT_6_10,CRASH DE GARRAFAS,1.0,FALHA DE REJEICAO,0.429835482783837,ENROSCO DE GARRAFAS,0.40460836944437895,0.570164517216163,MONTAGEM INCORRETA DE CORREIA,0.7443369626998901,CRASH DE GARRAFAS -> FALHA DE REJEICAO (2),False,PERSISTENT_CONFUSION,,,,,
310,40.8659,TROCA DO BORNE DA PINÇA NUMERO 12 DO RINSER 30008840594,FALHA DE PINCA,PINCA,36,HEALTHY_GT20,FALHA DE PINCA,1.0,TRAVAMENTO DE PINCA,0.7990916948074254,SEM MODO DE FALHA IDENTIFICADO,0.40266670092245627,0.20090830519257463,TRAVAMENTO DE PINCA,0.5391623973846436,FALHA DE PINCA -> TRAVAMENTO DE PINCA (2),False,PERSISTENT_CONFUSION | MODEL_PROTOTYPE_FAMILY_DISAGREEMENT,,,,,
311,40.8573,ATRITO ENTRE O SUPORTE DO PISTAO DE LATAS FALSAS COM A ENCHEDORA,INTERFERENCIA MECANICA,OTHER_UNKNOWN,1,SINGLETON,INTERFERENCIA MECANICA,1.0,FALHA DE SENSOR,0.24210892809776202,QUEDA DE LATAS,0.21120774483094867,0.757891071902238,INTERFERENCIA MECANICA,1.0000005960464478,,False,RARE_CLASS,,,,,
312,40.8512,"FALHA DE ""SEG DE PRESSÃO DE H2O NO RESFRIAMENTO NO PINO DE ENXAGUE¨",FALHA DE PRESSAO DE AGUA,OTHER_UNKNOWN,1,SINGLETON,FALHA DE PRESSAO DE AGUA,1.0,FALHA DE RESFRIAMENTO,0.24102097060027866,SEM MODO DE FALHA IDENTIFICADO,0.19293505721587936,0.7589790293997214,FALHA DE PRESSAO DE AGUA,1.0,,False,RARE_CLASS,,,,,
313,40.8268,QUEBRA DO BRAÇO DE TORÇÃO DO MOTOREDUTOR TAG 223M1,QUEBRA DE BRACO,OTHER_UNKNOWN,2,VERY_RARE_2_3,FALHA DE MOTOR,1.0,FALHA DE REDUTOR,0.7744714714915518,QUEBRA DE BRACO,0.6835379889680187,0.22552852850844818,QUEBRA DE BRACO,0.170667827129364,,False,RARE_CLASS,,,,,
314,40.8263,"FALHA NA MESA DE FORMAÇÃO DE PACOTES / ATUAÇÃO MECANICA , COLOCOU ( CALÇO / RUELA) NO EQUIPAMENTO",FALHA NA MESA DE FORMACAO DE PACOTES,MESA,1,SINGLETON,FALHA NA MESA DE FORMACAO DE PACOTES,1.0,ENROSCO DE PACOTES,0.21239900772740178,FALHA DE FORMACAO DE CAMADA,0.19961714013413695,0.7876009922725982,FALHA NA MESA DE FORMACAO DE PACOTES,1.0000008344650269,,False,RARE_CLASS,,,,,
315,40.8209,ROLO SEPARADOR DE GARRAFAS DERRUBANDO COM E SEM APOIO,FALHA DE ROLO SEPARADOR,OTHER_UNKNOWN,1,SINGLETON,FALHA DE ROLO SEPARADOR,1.0,QUEDA DE GARRAFAS,0.24144036663783025,FALHA DE MANDRIL,0.16453874168937385,0.7585596333621698,FALHA DE ROLO SEPARADOR,0.9999999403953552,,False,RARE_CLASS,,,,,
316,40.8181,ALARME SOBRECORRENTE MOTOR 17 NOTA 30008822938,SOBRECORRENTE,CORRENTE,3,RARE_4_5,SOBRECORRENTE,1.0,FALHA DE MOTOR,0.9954678745317416,FALHA DE VALVULA DE ENCHIMENTO,0.418051644759633,0.00453212546825843,SOBRECORRENTE,0.29398655891418457,,False,HIGH_UNCERTAINTY | RARE_CLASS,,,,,
317,40.8066,TRAVAMENTO DO CENTRADOR DE FOLHA SEPARADORA NA TROCA DO MESMO,TRAVAMENTO DE CENTRADOR,OTHER_UNKNOWN,1,SINGLETON,TRAVAMENTO DE CENTRADOR,1.0,SEM MODO DE FALHA IDENTIFICADO,0.23849510829029708,FALHA DE CENTRADOR,0.1752561795468253,0.7615048917097029,TRAVAMENTO DE CENTRADOR,0.9999996423721313,,False,RARE_CLASS,,,,,
318,40.791,FALTA DE ALIMENTAÇÃO DE ENERGIA,FALHA DE ALIMENTACAO ELETRICA,ELETRICO,1,SINGLETON,FALHA DE ALIMENTACAO ELETRICA,1.0,FALHA DE ALIMENTACAO DE TAMPAS,0.22447537091781197,FALHA DE INSPECAO,0.20639009939373498,0.775524629082188,FALHA DE ALIMENTACAO ELETRICA,1.0000001192092896,,False,RARE_CLASS,,,,,
319,40.7898,FALHA NO ACIONAMENTO DO EMPURRADOR,FALHA DE ACIONAMENTO DO EMPURRADOR,OTHER_UNKNOWN,1,SINGLETON,FALHA DE ACIONAMENTO DO EMPURRADOR,1.0,FALHA DE EMPURRADOR,0.2389728349053855,FALHA DE SENSOR,0.20262460811063343,0.7610271650946145,FALHA DE ACIONAMENTO DO EMPURRADOR,1.0000001192092896,,False,RARE_CLASS,,,,,
320,40.7223,"ESCAPOU O ESTICADOR DE CORRENTE, GERANDO ACUMULO DE GARRAFAS NA SAIDA DA PALETIZADORA",ETICADOR DE CORRENTE ESCAPOU,CORRENTE,1,VERY_RARE_2_3,ETICADOR DE CORRENTE ESCAPOU,1.0,QUEBRA DE CORRENTE,0.27240179158386824,ESCAPE DE ESTEIRA,0.20486105377690383,0.7275982084161318,ETICADOR DE CORRENTE ESCAPOU,1.000000238418579,,False,RARE_CLASS,,,,,
321,40.7186,EXCESSO DE REJEITO E TRASPRTE DE ENTRADA PARADO POR FALHA ELETRICA ORDEM30008869936,FALHA ELETRICA DO TRANSPORTE DE ENTRADA,ELETRICO,1,SINGLETON,FALHA ELETRICA DO TRANSPORTE DE ENTRADA,1.0,FALHA DE REJEICAO,0.22570196822430624,FALHA ELETRICA DO TRANSPORTE,0.1843937163640774,0.7742980317756938,FALHA ELETRICA DO TRANSPORTE DE ENTRADA,1.0,,False,RARE_CLASS,,,,,
322,40.7086,FALHA NO TRANSPORTE DE SAIDA DE LATAS,FALHA DE TRANSPORTE DE LATAS,LATA,1,RARE_4_5,FALHA DE TRANSPORTE DE LATAS,1.0,ENROSCO DE LATAS,0.4798865879651492,FALHA DE TRANSPORTE,0.3801594806133804,0.5201134120348507,FALHA DE TRANSPORTE DE LATAS,0.8544485569000244,,False,RARE_CLASS,,,,,
323,40.7084,FALHA NA PEGA DAS GARRAFAS,FALHA NA PEGA DE GARRAFAS,GARRAFA,1,SINGLETON,FALHA NA PEGA DE GARRAFAS,1.0,FALHA DE PEGADOR,0.23044108732059387,FALHA NA PEGADA DE CAMADA,0.22260980475063527,0.7695589126794061,FALHA NA PEGA DE GARRAFAS,1.0000001192092896,,False,RARE_CLASS,,,,,
324,40.6964,PINOS PEGANDO NAS GARRAFAS,FALHA DE PINOS DE TRANSFERENCIA,OTHER_UNKNOWN,1,SINGLETON,FALHA DE PINOS DE TRANSFERENCIA,1.0,QUEDA DE GARRAFAS,0.23547531408162975,FALHA DE PEGADOR,0.12779596805519233,0.7645246859183703,FALHA DE PINOS DE TRANSFERENCIA,1.000000238418579,,False,RARE_CLASS,,,,,
325,40.6844,AQUECIMENTO DO PROCESSADOR DO MIXER,SOBREAQUECIMENTO DE PROCESSADOR,OTHER_UNKNOWN,1,SINGLETON,SOBREAQUECIMENTO DE PROCESSADOR,1.0,FALHA DE MIXER,0.23269569181484293,FALHA DE ANALISADOR,0.16427953934393913,0.767304308185157,SOBREAQUECIMENTO DE PROCESSADOR,1.0,,False,RARE_CLASS,,,,,
326,40.6841,PERDA DE REFERÊNCIA NO CORTE DE FILME,PERDA DE REFERENCIA HOME,OTHER_UNKNOWN,1,VERY_RARE_2_3,PERDA DE REFERENCIA HOME,1.0,FALHA DE CORTE DE FILME,0.3541395469369357,ROMPIMENTO DE FILME,0.24595468073956084,0.6458604530630643,PERDA DE REFERENCIA HOME,1.0000001192092896,,False,RARE_CLASS,,,,,
327,40.6579,"QUEDA DE GARRAFA NA SAÍDA DA ENCHEDORA, GERANDO FALHA NO INSPETOR DE NÍVEL, FEITO AJUSTE NA VELOCIDADE DA ESTEIRA",FALHA DE ELO DE ESTEIRA,ESTEIRA,6,MEDIUM_11_20,FALHA DE INSPECAO,1.0,FALHA DE ESTEIRA,0.5864602215965756,QUEBRA DE ESTEIRA,0.5352515921875365,0.4135397784034244,FALHA DE INSPECAO,0.3910619020462036,FALHA DE ELO DE ESTEIRA -> FALHA DE ESTEIRA (2),False,PERSISTENT_CONFUSION | MODEL_PROTOTYPE_FAMILY_DISAGREEMENT,,,,,
328,40.6454,MANGUEIRAS RESSECADAS NO FORNO,DEGRADACAO DE MANGUEIRA,MANGUEIRA,2,VERY_RARE_2_3,DEGRADACAO DE MANGUEIRA,1.0,FALHA DE CONEXAO DE MANGUEIRA,0.26948534160022025,FALHA DE MANGUEIRA,0.2654755456092031,0.7305146583997797,DEGRADACAO DE MANGUEIRA,1.0,,False,RARE_CLASS,,,,,
329,40.6391,FALHA NO COMANDO DA ARVORE DE ESPUMA,FALHA DE COMANDO DA ARVORE DE ESPUMA,OTHER_UNKNOWN,1,SINGLETON,FALHA DE COMANDO DA ARVORE DE ESPUMA,1.0,ESPUMAMENTO DE BEBIDA,0.22899734168214952,FALHA DE MANDRIL,0.18136775132990876,0.7710026583178504,FALHA DE COMANDO DA ARVORE DE ESPUMA,0.9999998807907104,,False,RARE_CLASS,,,,,
330,40.6391,"ESPELHO,POIS O PALETE QUE MONTOU ELE ANDOU UM POUCO E PAROU QUANDO ELE TROUXE A OUTRA CAMADA COLIDIU ,PROVOCANDO QUEDA DE CAIXAS.",QUEDA DE CAIXAS,CAIXA,1,SINGLETON,QUEDA DE CAIXAS,1.0,FALHA DE SENSOR,0.2184325502511631,FALHA DE VALVULA,0.13126797806256235,0.781567449748837,QUEDA DE CAIXAS,1.0000003576278687,,False,RARE_CLASS,,,,,
331,40.6042,"FALHA DE ENCOSTO DE AGRUPAMENTO ,NÃO NA POSIÇÃO FINAL",FALHA DE ENCOSTO DE AGRUPAMENTO,OTHER_UNKNOWN,1,SINGLETON,FALHA DE ENCOSTO DE AGRUPAMENTO,1.0,SEM MODO DE FALHA IDENTIFICADO,0.2281709553354424,FALHA DE SENSOR,0.1957804526599111,0.7718290446645576,FALHA DE ENCOSTO DE AGRUPAMENTO,0.9999999403953552,,False,RARE_CLASS,,,,,
332,40.5828,"EXCESSO DE ÁGUA NA LENTE DA EMBOCADURA ,LIMPEZA DAS LENTES.",FALHA DE CAMERA,CAMERA,2,RARE_4_5,FALHA NO SUPRIMENTO DE AGUA,1.0,FALHA DE CAMERA,0.7774127559381242,FALHA DE REJEICAO,0.47746373172699147,0.2225872440618758,FALHA NO SUPRIMENTO DE AGUA,0.24980923533439636,,False,RARE_CLASS,,,,,
333,40.5806,QUEDA DE PACOTES,QUEDA DE PACOTES,PACOTE,2,RARE_4_5,QUEDA DE GARRAFAS,1.0,QUEDA DE PACOTES,0.7360669870319932,ENROSCO DE PACOTES,0.7088492582413751,0.26393301296800675,QUEDA DE GARRAFAS,0.42754608392715454,,False,RARE_CLASS,,,,,
334,40.5725,TROCA DO ANEL E DAS ESFERA DO BOCAL Nº08 ORDEM 30008296097,FALHA DE TAMPAMENTO,TAMPA,12,MEDIUM_11_20,QUEBRA DE ANEL O RING,1.0,FALHA DE FIXACAO,0.6745606733333552,FALHA DE BOCAL,0.4991912162451745,0.32543932666664477,QUEBRA DE ANEL O RING,0.4602029323577881,FALHA DE TAMPAMENTO -> QUEBRA DE ANEL O RING (3),False,PERSISTENT_CONFUSION | MODEL_PROTOTYPE_FAMILY_DISAGREEMENT,,,,,
335,40.5013,FALHA SECADORA DE GARRAFAS,FALHA DO SECADOR DE GARRAFAS,GARRAFA,1,VERY_RARE_2_3,FALHA DO SECADOR DE GARRAFAS,1.0,QUEDA DE GARRAFAS,0.3387524568813756,ENROSCO DE GARRAFAS,0.3010994977912852,0.6612475431186244,FALHA DO SECADOR DE GARRAFAS,1.0000001192092896,,False,RARE_CLASS,,,,,
336,40.497,FALHA NO SISTEMA DE CORTE 30008505976,FALHA NO CORTE DE TUBETES,OTHER_UNKNOWN,8,MEDIUM_11_20,FALHA DE CORTE DE FILME,1.0,FALHA NO CORTE DE TUBETES,0.608211122949992,FALHA DE ELEVADOR,0.6030960199687483,0.391788877050008,FALHA NO CORTE DE TUBETES,0.4285247027873993,FALHA NO CORTE DE TUBETES -> FALHA DE CORTE DE FILME (3),False,PERSISTENT_CONFUSION,,,,,
337,40.4809,PERFIL DESLIZANTE SAIU DO LUGAR,DESALINHAMENTO MECANICO,OTHER_UNKNOWN,7,MEDIUM_11_20,DESALINHAMENTO DE GUIA,1.0,SEM MODO DE FALHA IDENTIFICADO,0.6566671374801034,FALHA DE GUIA,0.4516410792805995,0.3433328625198966,DESALINHAMENTO DE GUIA,0.13608261942863464,DESALINHAMENTO MECANICO -> SEM MODO DE FALHA IDENTIFICADO (3),False,PERSISTENT_CONFUSION | MODEL_PROTOTYPE_FAMILY_DISAGREEMENT,,,,,
338,40.4649,"FALHA NA TROCA AUTOMATICA DE BOBINA, SENDO NECESSÁRIO FAZER MANUALMENTE",FALHA NA TROCA AUTOMATICA,OTHER_UNKNOWN,1,SINGLETON,FALHA NA TROCA AUTOMATICA,1.0,FALHA DE SOLDA DE FILME,0.22112823481409466,FALHA NA TROCA DE BOBINA,0.1854448233691557,0.7788717651859054,FALHA NA TROCA AUTOMATICA,1.000000238418579,,False,RARE_CLASS,,,,,
339,40.4577,ROMPIMENTO DA MANGUEIRA DE AGUA DA ROTULADORA,ROMPIMENTO DE MANGUEIRA DE AGUA,MANGUEIRA,1,VERY_RARE_2_3,ROMPIMENTO DE MANGUEIRA DE AGUA,1.0,FALHA DE ROTULAGEM,0.529584783471125,ROMPIMENTO DE MANGUEIRA DE AR,0.39552447681475844,0.47041521652887497,ROMPIMENTO DE MANGUEIRA DE AGUA,0.831073522567749,,False,RARE_CLASS,,,,,
340,40.4534,CONEXÃO SMS DO DESAERADOR COM VAZAMENTO DURANTE O CIP,VAZAMENTO EM CONEXAO,OTHER_UNKNOWN,1,SINGLETON,VAZAMENTO EM CONEXAO,1.0,QUEBRA DE COMPONENTE,0.22219148952846976,VAZAMENTO EM COLETOR,0.2137016677655928,0.7778085104715302,VAZAMENTO EM CONEXAO,1.0000001192092896,,False,RARE_CLASS,,,,,
341,40.4453,MANGUEIRA DE ALTA PRESSÃO DANIFICADA / 13171960,FALHA DE MANGUEIRA DE ALTA PRESSAO,MANGUEIRA,1,SINGLETON,FALHA DE MANGUEIRA DE ALTA PRESSAO,1.0,FALHA DE CONEXAO DE MANGUEIRA,0.21531173854847982,ROMPIMENTO DE MANGUEIRA DE AR,0.18771921172180536,0.7846882614515202,FALHA DE MANGUEIRA DE ALTA PRESSAO,1.0000003576278687,,False,RARE_CLASS,,,,,
342,40.4296,QUEIMA DA PLACA ELETRÔNICA DE REDE. 30008275571,FALHA DE COMUNICACAO,COMUNICACAO,52,HEALTHY_GT20,QUEIMA DA PLACA DEVICENET,1.0,FALHA DE AUTOMACAO,0.7365748104720241,FALHA DE COMUNICACAO,0.6503049645826096,0.2634251895279759,QUEIMA DA PLACA DEVICENET,0.4257335066795349,FALHA DE COMUNICACAO -> QUEIMA DA PLACA DEVICENET (6),False,PERSISTENT_CONFUSION,,,,,
343,40.4252,CIRCUITO DE EMERGENCIA ACIONADO,ATUACAO DO CIRCUITO DE EMERGENCIA,OTHER_UNKNOWN,1,SINGLETON,ATUACAO DO CIRCUITO DE EMERGENCIA,1.0,QUEBRA DE COMPONENTE,0.2186093827240368,FALHA DE CHAVE DE EMERGENCIA,0.1926897635593382,0.7813906172759633,ATUACAO DO CIRCUITO DE EMERGENCIA,0.9999997019767761,,False,RARE_CLASS,,,,,
344,40.4218,FALHA DE BOTOEIRA DE EMERGENCIA CABO SOLTO ORDM: 30008543984,FALHA DE BOTOEIRA DE EMERGENCIA,OTHER_UNKNOWN,1,SINGLETON,FALHA DE BOTOEIRA DE EMERGENCIA,1.0,QUEBRA DE COMPONENTE,0.21951324239281134,FALHA DE CHAVE DE EMERGENCIA,0.16095282724358112,0.7804867576071887,FALHA DE BOTOEIRA DE EMERGENCIA,1.0,,False,RARE_CLASS,,,,,
345,40.3976,HASTE DO CILINDRO DO BRAÇO SEPARADOR DE CAIXAS ESCAPOU DA ROSCA DE FIXAÇÃO ORDEM: 30008629094,QUEBRA DE ATUADOR,ATUADOR,6,LOW_SUPPORT_6_10,QUEBRA DE ATUADOR,1.0,ESCAPE DE ESTEIRA,0.9436699705525686,FALHA DE FIXACAO,0.9210698085214923,0.05633002944743137,ENROSCO DE CAIXAS,0.19290655851364136,,False,DIVERSITY_COVERAGE,,,,,
346,40.3854,QUEBRA DO SEGUIMENTO LINEAR ( ORDEM - 30008258314 ),QUEBRA DE SEGMENTO,SEGMENTO,1,SINGLETON,QUEBRA DE SEGMENTO,1.0,QUEBRA DE ESTEIRA,0.18801222010611304,QUEBRA DE COMPONENTE,0.15113809789709973,0.8119877798938869,QUEBRA DE SEGMENTO,0.9999997615814209,,False,RARE_CLASS,,,,,
347,40.3798,TRAVAMENTO NA SAIDA DA LAVADORA,TRAVAMENTO DE GARRAFAS NA SAIDA DA LAVADORA,GARRAFA,1,VERY_RARE_2_3,TRAVAMENTO DE GARRAFAS NA SAIDA DA LAVADORA,1.0,ENROSCO DE GARRAFAS,0.3961241619984003,TRAVAMENTO DE TRANSPORTE,0.3849424185950312,0.6038758380015997,TRAVAMENTO DE GARRAFAS NA SAIDA DA LAVADORA,0.7653671503067017,,False,RARE_CLASS,,,,,
348,40.3741,FALHA DE ENCHIMENTO EM VALVULAS JAMPEADAS VELOCIDADE REDUZIDA,FALHA DE ENCHIMENTO,ENCHIMENTO,95,HEALTHY_GT20,FALHA DE VALVULA DE ENCHIMENTO,1.0,FALHA DE ENCHIMENTO,0.39916279088817047,VELOCIDADE REDUZIDA SEM CAUSA IDENTIFICADA,0.3509556811713055,0.6008372091118295,VELOCIDADE REDUZIDA SEM CAUSA IDENTIFICADA,0.5389870405197144,FALHA DE ENCHIMENTO -> FALHA DE VALVULA DE ENCHIMENTO (16),False,PERSISTENT_CONFUSION | MODEL_PROTOTYPE_FAMILY_DISAGREEMENT,,,,,
349,40.369,"CENTRADOR DE FOLHA SEPARADORA ,PERDENDO A REFERENCIA",PERDA DE REFERENCIA DO CENTRADOR,OTHER_UNKNOWN,1,SINGLETON,PERDA DE REFERENCIA DO CENTRADOR,1.0,SEM MODO DE FALHA IDENTIFICADO,0.217390495103803,TRAVAMENTO DE CENTRADOR,0.18177499562690919,0.782609504896197,PERDA DE REFERENCIA DO CENTRADOR,1.0000001192092896,,False,RARE_CLASS,,,,,
350,40.345,CORREIA DO PREGADOR DE CARTÃO TORCEU,ESCAPE DE CORREIA,CORREIA,4,LOW_SUPPORT_6_10,QUEBRA DE CORREIA,1.0,FALHA NO MANUSEIO DE CARTAO,0.6649125528825408,FALHA DE CORREIA,0.6226671574862519,0.3350874471174592,QUEBRA DE CORREIA,0.45263075828552246,,False,RARE_CLASS,,,,,
351,40.3378,PEÇA DANIFICADA DO EIXO DO ROLAMENTO CAUSANDO FALTA DE TAMPAS,QUEBRA NO EIXO DA TAMPA DO ARROLHADOR,TAMPA,1,VERY_RARE_2_3,QUEBRA NO EIXO DA TAMPA DO ARROLHADOR,1.0,ENROSCO DE TAMPAS,0.325456625550033,FALHA DE ALIMENTACAO DE TAMPAS,0.23985178008172348,0.6745433744499669,QUEBRA NO EIXO DA TAMPA DO ARROLHADOR,1.0000003576278687,,False,RARE_CLASS,,,,,
352,40.3313,LONA DA ENTRADA DA PALETIZADORA RASGADA,ROMPIMENTO DE ESTEIRA LONA,ESTEIRA,1,VERY_RARE_2_3,ROMPIMENTO DE ESTEIRA LONA,1.0,FALHA DE ESTEIRA,0.33223041950263693,PATINAGEM DE ESTEIRA,0.2584548963495114,0.6677695804973631,ROMPIMENTO DE ESTEIRA LONA,0.9999999403953552,,False,RARE_CLASS,,,,,
353,40.3143,"PALETIZADORA INICIOU A MONTAGEM DAS CAMADAS SEM O PALETE MONTADO ANTERIOR TER SAIDO, GERANDO COLISÃO ENTRE GAIOLA E PALETE.",FALHA DE SEQUENCIAMENTO DA PALETIZADORA,OTHER_UNKNOWN,2,VERY_RARE_2_3,FALHA DE SEQUENCIAMENTO DA PALETIZADORA,1.0,FALHA DE CONTAGEM,0.2624984967584461,PERDA DE REFERENCIA,0.2599076789134665,0.737501503241554,FALHA DE SEQUENCIAMENTO DA PALETIZADORA,0.9999999403953552,,False,RARE_CLASS,,,,,
354,40.3091,FALHA NO BRAÇO DE BUSCAR TUBETES / E DESEMBALAR TUBETES (30008514151),FALHA DE BRACO DE TUBETES,OTHER_UNKNOWN,1,SINGLETON,FALHA DE BRACO DE TUBETES,1.0,FALHA NO CORTE DE TUBETES,0.21556206544882262,QUEBRA DE BRACO,0.14513875815299387,0.7844379345511774,FALHA DE BRACO DE TUBETES,1.000000238418579,,False,RARE_CLASS,,,,,
355,40.3076,CORREÇÃO DE PONTO NA MESA DE CARGA ENTRADA DA LAVADORA ORDEM: 30008233633,FALHA NA MESA DE CARGA,MESA,3,RARE_4_5,FALHA NA MESA DE CARGA,1.0,SEM MODO DE FALHA IDENTIFICADO,0.8868509447438582,FALHA DE SINCRONISMO,0.6923298733893233,0.11314905525614183,FALHA NA MESA DE CARGA,0.2988637387752533,,False,RARE_CLASS,,,,,
356,40.2963,"FALHA NO COLOCADOR DE CARTÃO, ORDEM : 30008724728",FALHA DO COLOCADOR DE CARTAO,CARTAO,1,VERY_RARE_2_3,FALHA DO COLOCADOR DE CARTAO,1.0,FALHA NO MANUSEIO DE CARTAO,0.3188897125766327,FALHA NA TROCA DE PALETE DE CARTAO,0.26525957349173207,0.6811102874233673,FALHA DO COLOCADOR DE CARTAO,0.9999996423721313,,False,RARE_CLASS,,,,,
357,40.2875,DESLIGAMENTO DO CENTRADOR DE CAMADAS 30008760997,FALHA DE CENTRADOR,OTHER_UNKNOWN,1,SINGLETON,FALHA DE CENTRADOR,1.0,SEM MODO DE FALHA IDENTIFICADO,0.21622087994831662,DESALINHAMENTO DE CENTRADOR,0.16235399344736745,0.7837791200516834,FALHA DE CENTRADOR,0.9999997615814209,,False,RARE_CLASS,,,,,
358,40.2871,MANGUEIRA RASGADA,ROMPIMENTO DE MANGUEIRA,MANGUEIRA,1,VERY_RARE_2_3,ROMPIMENTO DE MANGUEIRA DE AR,1.0,FALHA DE CONEXAO DE MANGUEIRA,0.5124891351963832,FALHA DE MANGUEIRA PNEUMATICA,0.4140706699963702,0.48751086480361683,ROMPIMENTO DE MANGUEIRA DE AR,0.5805246829986572,,False,RARE_CLASS,,,,,
359,40.2704,FALHA NA PROPORCAO DE XAROPE/AGUA,FALHA DE PROPORCIONAMENTO,OTHER_UNKNOWN,1,SINGLETON,FALHA DE PROPORCIONAMENTO,1.0,SEM MODO DE FALHA IDENTIFICADO,0.21507058880419827,FALHA DE PARAMETRIZACAO,0.07438428494658036,0.7849294111958017,FALHA DE PROPORCIONAMENTO,1.0000003576278687,,False,RARE_CLASS,,,,,
360,40.2515,QUEDA DA GRADE DE PROTEÇÃO,FALHA DE FIXACAO DE PROTECAO,OTHER_UNKNOWN,1,SINGLETON,FALHA DE FIXACAO DE PROTECAO,1.0,FALHA DE FIXACAO,0.21286599519472948,QUEDA DE GARRAFAS,0.19945627785628642,0.7871340048052705,FALHA DE FIXACAO DE PROTECAO,1.0000001192092896,,False,RARE_CLASS,,,,,
361,40.2332,TROCA DA FACA DA RAMPA DE ACELERAÇÃO - ORDEM 30008412774,DEFORMACAO DE FACA,OTHER_UNKNOWN,1,SINGLETON,DEFORMACAO DE FACA,1.0,FALHA DE FACA,0.21081390964295427,FALHA DE CORTE DE FILME,0.19514035522234993,0.7891860903570458,DEFORMACAO DE FACA,1.0000004768371582,,False,RARE_CLASS,,,,,
362,40.2264,TRANSPORTE DO VIRADOR DE CAIXA NOTA30008409981,FALHA DE GUIA,GUIA,13,MEDIUM_11_20,TRAVAMENTO DE TRANSPORTE,1.0,ENROSCO DE CAIXAS,0.8218176923516748,DESARME DE TRANSPORTE,0.7671319994645386,0.1781823076483252,TRAVAMENTO DE TRANSPORTE,0.30205947160720825,FALHA DE GUIA -> TRAVAMENTO DE TRANSPORTE (2),False,PERSISTENT_CONFUSION | MODEL_PROTOTYPE_FAMILY_DISAGREEMENT,,,,,
363,40.21,CONECTOR DE ALIMENTAÇÃO DA BARRA DE RESISTENCIA ESCAPOU - ORDEM: 30008837026,FALHA DE CONEXAO ELETRICA,ELETRICO,1,SINGLETON,FALHA DE CONEXAO ELETRICA,1.0,FALHA DE ALIMENTACAO ELETRICA,0.20350450747254223,ESCAPE DE ESTEIRA,0.1698264663173829,0.7964954925274578,FALHA DE CONEXAO ELETRICA,0.9999992847442627,,False,RARE_CLASS,,,,,
364,40.1799,"FALHA DURANTE MOVIMENTAÇÃO DOS PACOTES, FOI NESESSARIO RETIRAR PACOS E DAR MASTER RESET",FALHA DE AUTOMACAO,AUTOMACAO,11,MEDIUM_11_20,FALHA DE BARREIRA,1.0,FALHA NO CORTE DE TUBETES,0.9377010098966343,FALHA DE ENVOLVIMENTO,0.8776758101980682,0.0622989901033657,FALHA DE CARTAO MESTRE,0.24167898297309875,,False,MODEL_PROTOTYPE_FAMILY_DISAGREEMENT,,,,,
365,40.1543,AJUSTEDA POSICAO DO BRAÇO EMPURRADOR CENTRAGEM DE CAMADAS 30008360239,DESALINHAMENTO DO BRACO DE CENTRAGEM,OTHER_UNKNOWN,2,VERY_RARE_2_3,DESALINHAMENTO DO BRACO DE CENTRAGEM,1.0,SEM MODO DE FALHA IDENTIFICADO,0.25502569673140435,FALHA DE EMPURRADOR,0.20098193194822428,0.7449743032685956,DESALINHAMENTO DO BRACO DE CENTRAGEM,0.9999996423721313,,False,RARE_CLASS,,,,,
366,40.1387,FALHA NA BOMBA QUE REALIZA ÁRVORE DE ESPUMA,FALHA DE BOMBA,BOMBA,15,HEALTHY_GT20,FALHA DE BOMBA,1.0,FALHA DE COMANDO DA ARVORE DE ESPUMA,0.8189025075862386,ESPUMAMENTO DE BEBIDA,0.28796616258257796,0.18109749241376139,FALHA DE COMANDO DA ARVORE DE ESPUMA,0.6021825075149536,,False,PERSISTENT_CONFUSION | MODEL_PROTOTYPE_FAMILY_DISAGREEMENT,,,,,
367,40.1299,FALHAS CONSECUTIVAS DA VALVULA MODULARORA DE XAROPE DO MIXER,FALHA DE VALVULA MODULADORA,VALVULA,12,MEDIUM_11_20,FALHA DE VALVULA MODULADORA,1.0,FALHA DE VALVULA DE XAROPE,0.9203932255195627,FALHA DE VALVULA DE ENCHIMENTO,0.7983509469402373,0.07960677448043729,FALHA DE VALVULA DE XAROPE,0.38787201046943665,,False,PERSISTENT_CONFUSION | MODEL_PROTOTYPE_FAMILY_DISAGREEMENT,,,,,
368,40.1227,ENROSCANDO CAIXAS NA ENTRADA REPARO NO PISTÃO CENTRAL DO DEVAISER,FALHA DE ATUADOR DO DEVAISER,ATUADOR,1,VERY_RARE_2_3,FALHA DE ATUADOR DO DEVAISER,1.0,TRAVAMENTO DE ATUADOR,0.23247451958953488,QUEBRA DE ATUADOR,0.20863403195534289,0.7675254804104651,FALHA DE ATUADOR DO DEVAISER,0.9999997019767761,,False,RARE_CLASS,,,,,
369,40.0838,FALHA AR DOS BATETORES DA ENCAIXATADORA,FALHA DE BATETORES PNEUMATICOS,PNEUMATICO,1,SINGLETON,FALHA DE BATETORES PNEUMATICOS,1.0,FALHA DE INVERSOR,0.17368145707231156,FALHA DE REJEICAO,0.17028338670501542,0.8263185429276885,FALHA DE BATETORES PNEUMATICOS,0.9999999403953552,,False,RARE_CLASS,,,,,
370,40.0824,PASSANDO LATA A MAIS NO SISTEMA DE FORMAÇÃO DE PACOTE,FALHA DE CONTAGEM DE PRODUTO,OTHER_UNKNOWN,2,VERY_RARE_2_3,FALHA DE CONTAGEM DE PRODUTO,1.0,FALHA DE FORMACAO DE CAMADA,0.25312731570338703,FALHA NO CORTE DE TUBETES,0.17996598440266393,0.7468726842966129,FALHA DE CONTAGEM DE PRODUTO,1.0000004768371582,,False,RARE_CLASS,,,,,
371,40.0797,FALHA NA DESCARGA DO PALLET PARA A PALETIZAÇÃO,FALHA NA DESCARGA DE PALETE,PALETE,1,SINGLETON,FALHA NA DESCARGA DE PALETE,1.0,FALHA NA TROCA DE PALETE DE FOLHA SEPARADORA,0.1973137627877534,FALHA DE DESCAPSULAMENTO,0.14366022028474826,0.8026862372122466,FALHA NA DESCARGA DE PALETE,0.9999999403953552,,False,RARE_CLASS,,,,,
372,40.0709,ROBO COM A CAPACIDADE DE PRODUÇAO REDUZIDA DEVIDO VIBRAÇÃO DO ROBO.,VIBRACAO DE ROBO,ROBO,4,LOW_SUPPORT_6_10,VIBRACAO DE ROBO,1.0,FALHA DE ROBO,0.8443420918649164,TRAVAMENTO DE ROBO,0.4533817211530702,0.15565790813508362,VIBRACAO DE ROBO,0.49703118205070496,,False,DIVERSITY_COVERAGE,,,,,
373,40.0688,PINO DE SEPARACAO FORA DA POSICAO,FALHA DE PINO DE SEPARACAO,OTHER_UNKNOWN,1,VERY_RARE_2_3,FALHA DE PINO DE SEPARACAO,1.0,FALHA DE PINO,0.6817236357744487,SEM MODO DE FALHA IDENTIFICADO,0.6061504208158094,0.3182763642255513,FALHA DE PINO DE SEPARACAO,0.5021357536315918,,False,RARE_CLASS,,,,,
374,40.0652,ALINHAMENTO DA CHAPA DO TRANSPORTE DE SAIDA DE GARRAFAS DO CAPSULADOR.,DESALINHAMENTO DE CHAPA,OTHER_UNKNOWN,1,SINGLETON,DESALINHAMENTO DE CHAPA,1.0,TRAVAMENTO DE TRANSPORTE,0.2044669586943201,ENROSCO DE GARRAFAS,0.17052007987446216,0.7955330413056799,DESALINHAMENTO DE CHAPA,1.0,,False,RARE_CLASS,,,,,
375,40.0432,"INTERVENCAO DO TECNICO DA MC PACK , PARA AVALIACAO DA VALVULA DE NITROGENIO",FALHA DE VALVULA DE NITROGENIO,VALVULA,1,VERY_RARE_2_3,FALHA DE VALVULA DE NITROGENIO,1.0,FALHA DE VALVULA,0.360937509512502,FALHA DE VALVULA DE ENCHIMENTO,0.3388774853397164,0.639062490487498,FALHA DE VALVULA DE NITROGENIO,1.0,,False,RARE_CLASS,,,,,
376,40.0352,TANGENCIAMENTO FORA,FALHA DE TANGENCIAMENTO,OTHER_UNKNOWN,1,SINGLETON,FALHA DE TANGENCIAMENTO,1.0,DESALINHAMENTO DE AGREGADO,0.2047282712051735,FALHA DE CHAVE DE EMERGENCIA,0.02636866492576721,0.7952717287948265,FALHA DE TANGENCIAMENTO,1.0000001192092896,,False,RARE_CLASS,,,,,
377,40.0351,PACOTE VIRADO NA MESA DE FORMAÇÃO,PACOTE FORA DE POSICAO,PACOTE,1,VERY_RARE_2_3,PACOTE FORA DE POSICAO,1.0,ENROSCO DE PACOTES,0.35963041810447,FALHA DE FORMACAO DE CAMADA,0.2436237774396353,0.64036958189553,PACOTE FORA DE POSICAO,1.0000003576278687,,False,RARE_CLASS,,,,,
378,40.0289,PRANHA DERRUBANDO PACOTES,FALHA DE PRANCHA,OTHER_UNKNOWN,1,SINGLETON,FALHA DE PRANCHA,1.0,FALHA DE COMPACTACAO DE CAMADA,0.20660567314122144,FALHA DE CONTAGEM,0.1611690709024431,0.7933943268587785,FALHA DE PRANCHA,1.0000003576278687,,False,RARE_CLASS,,,,,
379,40.0057,Estrutura falta/danificada,FALHA ESTRUTURAL,OTHER_UNKNOWN,1,SINGLETON,FALHA ESTRUTURAL,1.0,FALHA DE MOLA,0.20001376677753618,FALHA DE ABA CONICA,0.17562459310962447,0.7999862332224639,FALHA ESTRUTURAL,1.0000004768371582,,False,RARE_CLASS,,,,,
380,39.9804,FALHA NA PASSAGEM DE CORRENTE PARA A EMBREAGEM DA EMPACOTADORA (AGUARDANDO NOTA),FALHA DE ALIMENTACAO ELETRICA DA EMBREAGEM,ELETRICO,1,SINGLETON,FALHA DE ALIMENTACAO ELETRICA DA EMBREAGEM,1.0,SEM MODO DE FALHA IDENTIFICADO,0.19168886465894175,FALHA DE CODIFICACAO,0.1546763519909218,0.8083111353410583,FALHA DE ALIMENTACAO ELETRICA DA EMBREAGEM,0.9999993443489075,,False,RARE_CLASS,,,,,
381,39.977,FALHA APLICAÇÃO COLA AGREGADO 2 - ENROSCO,FALHA DE APLICACAO DE COLA,OTHER_UNKNOWN,1,SINGLETON,FALHA DE APLICACAO DE COLA,1.0,DESALINHAMENTO DE AGREGADO,0.20415934668689092,ENROSCO DE TAMPAS,0.16233382638836122,0.795840653313109,FALHA DE APLICACAO DE COLA,0.9999998807907104,,False,RARE_CLASS,,,,,
382,39.9768,AJUSTE NA POSIÇÃO DO CABO DE ENCHIMENTO,FALHA DE ENCHIMENTO,ENCHIMENTO,95,HEALTHY_GT20,SEM MODO DE FALHA IDENTIFICADO,1.0,FALHA DE ENCHIMENTO,0.9612114195791394,FALHA DE VALVULA DE ENCHIMENTO,0.7294244990254192,0.03878858042086064,SEM MODO DE FALHA IDENTIFICADO,0.349067747592926,FALHA DE ENCHIMENTO -> SEM MODO DE FALHA IDENTIFICADO (3),False,PERSISTENT_CONFUSION | MODEL_PROTOTYPE_FAMILY_DISAGREEMENT,,,,,
383,39.9311,SOLTOU PISTÃO DE TRAVAMENTO DE CAIXAS NA ENTRADA DA DESENCAIXOTADORA.NOTA 30008868905,DESPRENDIMENTO DO PISTAO DE TRAVAMENTO,OTHER_UNKNOWN,1,SINGLETON,DESPRENDIMENTO DO PISTAO DE TRAVAMENTO,1.0,FALHA DE FIXACAO,0.1967385816743333,TRAVAMENTO DE ATUADOR,0.18825089355446095,0.8032614183256667,DESPRENDIMENTO DO PISTAO DE TRAVAMENTO,0.9999995231628418,,False,RARE_CLASS,,,,,
384,39.925,FALHA NO VIRADOR DE PACOTES,FALHA NO VIRADOR DE PACOTES,PACOTE,1,RARE_4_5,FALHA NO VIRADOR DE PACOTES,1.0,FALHA DE TRANSPORTE DE PACOTES,0.6519031291213963,ENROSCO DE PACOTES,0.6086303098142656,0.34809687087860375,FALHA NO VIRADOR DE PACOTES,0.6645588278770447,,False,RARE_CLASS,,,,,
385,39.9155,"AJUSTE DO EXPULSADOR, ASSIM QUE DETECTADO GARRAFA COM NÍVEL BAIXO, ELE ABAIXAVA EXPULSAVA GARRAFA PORÉM BATIA NA GARRAFA DA FRENTE E CAUSAVA CRASH",FALHA DE ENCHIMENTO,ENCHIMENTO,95,HEALTHY_GT20,FALHA DE ENCHIMENTO,1.0,ENROSCO DE GARRAFAS,0.9702375495359027,FALHA NO SENSOR EXPULSADOR,0.5710154135398785,0.029762450464097312,FALHA NO SENSOR EXPULSADOR,0.2345142513513565,FALHA DE ENCHIMENTO -> ENROSCO DE GARRAFAS (2),False,PERSISTENT_CONFUSION | MODEL_PROTOTYPE_FAMILY_DISAGREEMENT,,,,,
386,39.899,SOLENOIDE DO ENVIAO DE AGUA PARA O CAPSULADOR E DE FINISH - ORDEM: 30008660813,FALHA DE SOLENOIDE,OTHER_UNKNOWN,1,SINGLETON,FALHA DE SOLENOIDE,1.0,TRAVAMENTO DO CAPSULADOR,0.1961660478694222,FALHA DE MANDRIL,0.18605784746594425,0.8038339521305777,FALHA DE SOLENOIDE,0.9999991655349731,,False,RARE_CLASS,,,,,
387,39.8838,BRIX DA BEBIDA FORA DE PADRÃO ( ORDEM - 30008701508),FALHA DE CONTROLE DE BRIX,OTHER_UNKNOWN,1,SINGLETON,FALHA DE CONTROLE DE BRIX,1.0,SEM MODO DE FALHA IDENTIFICADO,0.1961121194070043,ESPUMAMENTO DE BEBIDA,0.168041569288329,0.8038878805929957,FALHA DE CONTROLE DE BRIX,0.9999996423721313,,False,RARE_CLASS,,,,,
388,39.8815,ATUAÇÃO NO COMPACTADOR DE CAMADA (30008512288),FALHA DE COMPACTACAO DE CAMADA,CAMADA,7,LOW_SUPPORT_6_10,FALHA DE COMPACTACAO DE CAMADA,1.0,FALHA NA PEGADA DE CAMADA,0.9380673831442037,FALHA DE FORMACAO DE CAMADA,0.8943988492550775,0.06193261685579632,FALHA DE COMPACTACAO DE CAMADA,0.3239923119544983,,False,DIVERSITY_COVERAGE,,,,,
389,39.8029,"MANGUEIRA DE AR RASGADA, GERANDO FALHA NA PEGA DE CARTÃO",ROMPIMENTO DE MANGUEIRA DE AR,MANGUEIRA,4,LOW_SUPPORT_6_10,ROMPIMENTO DE MANGUEIRA DE AR,1.0,FALHA NO MANUSEIO DE CARTAO,0.8244362571695081,FALHA DE CONEXAO DE MANGUEIRA,0.6373009708723985,0.17556374283049192,ROMPIMENTO DE MANGUEIRA DE AR,0.536012589931488,,False,RARE_CLASS,,,,,
390,39.7517,NIVE DE AGUA DA CUBA ABAIXANDO,FALHA DE NIVEL DE AGUA,OTHER_UNKNOWN,1,SINGLETON,FALHA DE NIVEL DE AGUA,1.0,FALHA NO SUPRIMENTO DE AGUA,0.1897682467137114,FALHA DE ABA CONICA,0.1878348678268591,0.8102317532862886,FALHA DE NIVEL DE AGUA,0.9999999403953552,,False,RARE_CLASS,,,,,
391,39.6831,FALHA NA ABERTURA DA GARRA NA ENTREGA DO PALLET,FALHA NA ABERTURA DA GARRA,OTHER_UNKNOWN,1,SINGLETON,FALHA NA ABERTURA DA GARRA,1.0,FALHA DE ENVOLVIMENTO,0.18729810460834498,FALHA DE ELEVADOR,0.17228780339383967,0.812701895391655,FALHA NA ABERTURA DA GARRA,1.000000238418579,,False,RARE_CLASS,,,,,
392,39.6796,CILINDROROTATIVO DO AGREGADO 2 TRAVADO,TRAVAMENTO DE CILINDRO ROTATIVO,CILINDRO,1,VERY_RARE_2_3,TRAVAMENTO DE CILINDRO ROTATIVO,1.0,DESALINHAMENTO DE AGREGADO,0.1382574101512046,FALHA DE PEGADOR,0.10060588429845635,0.8617425898487954,TRAVAMENTO DE CILINDRO ROTATIVO,1.0000001192092896,,False,RARE_CLASS,,,,,
393,39.6717,FALHA CABO DE SEGURANÇA NA ENTRADA DA LAVADORA,FALHA DE CABO DE SEGURANCA,SEGURANCA,1,SINGLETON,FALHA DE CABO DE SEGURANCA,1.0,FALHA DE SERVO MOTOR,0.1262439481738483,FALHA DE RELE DE SEGURANCA,0.08089024612920227,0.8737560518261517,FALHA DE CABO DE SEGURANCA,1.0,,False,RARE_CLASS,,,,,
394,39.663,DISPOSITIVO DE RETIRADA DE GARRAFA VAZIA TRAVANDO ESTRELA DE SAIDA 30008539502,FALHA NO DISPOSITIVO DE RETIRADA DE GARRAFAS,GARRAFA,1,SINGLETON,FALHA NO DISPOSITIVO DE RETIRADA DE GARRAFAS,1.0,FALHA DE ENCHIMENTO,0.18306469081258148,FALHA DE SINCRONISMO,0.14365032151234325,0.8169353091874185,FALHA NO DISPOSITIVO DE RETIRADA DE GARRAFAS,1.0000005960464478,,False,RARE_CLASS,,,,,
395,39.6469,QUEBRA DO PINO DA GUIA DE ENTRADA,QUEBRA DE PINO,OTHER_UNKNOWN,1,SINGLETON,QUEBRA DE PINO,1.0,FALHA DE PINO,0.18583831175429708,QUEBRA DE COMPONENTE,0.1682313648826991,0.8141616882457029,QUEBRA DE PINO,1.0,,False,RARE_CLASS,,,,,
396,39.6463,MESA GIRATORIA EM FALHA,FALHA DA MESA GIRATORIA,MESA,1,SINGLETON,FALHA DA MESA GIRATORIA,1.0,PALLET PARADO NA MESA,0.16693409052439045,FALHA DE ROLETES,0.13798770773145477,0.8330659094756095,FALHA DA MESA GIRATORIA,0.9999998807907104,,False,RARE_CLASS,,,,,
397,39.6307,FALHA NA TROCA DE ROTULOS PARA ESPONJA TROCA DE HASTE 30008367061,FALHA DE ROTULAGEM,ROTULO,12,MEDIUM_11_20,ENROSCO DE ROTULOS,1.0,FALHA NA TROCA DE BOBINA,0.6777936822933096,FALHA DE ROTULAGEM,0.6358034698103121,0.3222063177066904,FALHA NA TROCA DE BANDEJA,0.28845396637916565,FALHA DE ROTULAGEM -> ENROSCO DE ROTULOS (6),False,PERSISTENT_CONFUSION | MODEL_PROTOTYPE_FAMILY_DISAGREEMENT,,,,,
398,39.594,QUEIMA DA PLACA DEVICENET 30008857644,QUEIMA DA PLACA DEVICENET,COMUNICACAO,1,SINGLETON,QUEIMA DA PLACA DEVICENET,1.0,FALHA DE INSPECAO,0.1513066354203149,FALHA DE BOMBA,0.11754709439196032,0.8486933645796851,QUEIMA DA PLACA DEVICENET,0.9999996423721313,,False,RARE_CLASS,,,,,
399,39.5931,TRANSPORTE NA SAIDA DA ENVOLVEDORA TRAVANDO - ORDEM: 13123991,TRAVAMENTO DE TRANSPORTE,TRANSPORTE,13,MEDIUM_11_20,DESARME DE TRANSPORTE,1.0,TRAVAMENTO DE TRANSPORTE,0.9064100679791536,FALHA DE TRANSPORTE,0.874269564847776,0.09358993202084642,FALHA DE TRANSPORTE,0.3635784089565277,TRAVAMENTO DE TRANSPORTE -> DESARME DE TRANSPORTE (3),False,PERSISTENT_CONFUSION,,,,,
400,39.5804,TRAVA NA CHAVE SECCIONADORA,TRAVAMENTO DE CHAVE SECCIONADORA,OTHER_UNKNOWN,1,SINGLETON,TRAVAMENTO DE CHAVE SECCIONADORA,1.0,FALHA DE CHAVE DE EMERGENCIA,0.17922826146710838,FALHA DE MOLA,0.17492375392433182,0.8207717385328916,TRAVAMENTO DE CHAVE SECCIONADORA,1.0000001192092896,,False,RARE_CLASS,,,,,
401,39.5674,ATRASO NO CIP DURANTE 5 ETAPAS CCKSZ - FALHA NO MIXER,FALHA DE MISTURA,OTHER_UNKNOWN,1,RARE_4_5,FALHA DE MIXER,1.0,FALHA DE CIP,0.36483313840748877,FALHA DE CARBONATACAO,0.3249710382493732,0.6351668615925112,FALHA DE MANGUEIRA,0.31457075476646423,FALHA DE MISTURA -> FALHA DE MIXER (3),False,RARE_CLASS | PERSISTENT_CONFUSION,,,,,
402,39.5619,FALHA DE FORMAÇÃO COM CAIXA A MENOS,FALHA DE FORMACAO DE CAIXA,CAIXA,1,VERY_RARE_2_3,FALHA DE FORMACAO DE CAIXA,1.0,FALHA DE FORMACAO DE CAMADA,0.2874344652348069,ENROSCO DE CAIXAS,0.23647907378956304,0.7125655347651931,FALHA DE FORMACAO DE CAIXA,1.0,,False,RARE_CLASS,,,,,
403,39.5606,TROCA DA PONTA DO CAME ORDEM 30008591391,FALHA DE CAME,OTHER_UNKNOWN,1,VERY_RARE_2_3,FALHA DE CAME,1.0,SEM MODO DE FALHA IDENTIFICADO,0.2978329741910951,QUEBRA DE COMPONENTE,0.23644658630812118,0.7021670258089049,FALHA DE CAME,1.0,,False,RARE_CLASS,,,,,
404,39.5547,TROCA DO SUPORTE DE ROLHAS DO ARROLHADOR.OBS.2 UNIDADES.,FALHA DE SUPORTE DE TAMPAS,SUPORTE,1,SINGLETON,FALHA DE SUPORTE DE TAMPAS,1.0,ENROSCO DE TAMPAS,0.14882052891928996,FALHA DE ROLETES,0.1314647785200189,0.85117947108071,FALHA DE SUPORTE DE TAMPAS,1.0000003576278687,,False,RARE_CLASS,,,,,
405,39.5442,AJUSTE NO CABEÇOTE,SEM MODO DE FALHA IDENTIFICADO,OTHER_UNKNOWN,69,HEALTHY_GT20,FALHA DE CABECOTE,1.0,SEM MODO DE FALHA IDENTIFICADO,0.6232465340798092,DEFORMACAO DE CABECOTE,0.33021192120210263,0.37675346592019077,FALHA DE CABECOTE,0.7631878852844238,SEM MODO DE FALHA IDENTIFICADO -> FALHA DE CABECOTE (3),False,PERSISTENT_CONFUSION | MODEL_PROTOTYPE_FAMILY_DISAGREEMENT,,,,,
406,39.5295,FREIO DE ELEVAÇÃO E ACOPLAMENTO DANIFICADO,FALHA DE ACOPLAMENTO,OTHER_UNKNOWN,1,VERY_RARE_2_3,FALHA DE ACOPLAMENTO,1.0,FALHA DE FREIO,0.2968890451546666,FALHA DE SENSOR,0.2069625824735483,0.7031109548453334,FALHA DE ACOPLAMENTO,0.9999996423721313,,False,RARE_CLASS,,,,,
407,39.5035,TROCA DA TULIPA E ABA CONICA DA VALVULA 59 E AJUSTE NA BORBOLETA,FALHA DE ABA CONICA,OTHER_UNKNOWN,5,LOW_SUPPORT_6_10,FALHA DE ABA CONICA,1.0,FALHA DE TULIPA,0.8501183932165789,FALHA DE VALVULA,0.7455882018051203,0.1498816067834211,FALHA DE ABA CONICA,0.4568101167678833,,False,DIVERSITY_COVERAGE,,,,,
408,39.4933,BOCAL TRAVADO ( 30008219084 ),TRAVAMENTO DE BOCAL,OTHER_UNKNOWN,1,SINGLETON,TRAVAMENTO DE BOCAL,1.0,FALHA DE MOLA,0.17637838658014063,TRAVAMENTO DO SISTEMA DE COMPACTACAO,0.17470404656595273,0.8236216134198594,TRAVAMENTO DE BOCAL,1.0,,False,RARE_CLASS,,,,,
409,39.4695,BRAÇO DA SOLDA NÃO ESTAVA VOLTANDO,FALHA DE RETORNO DO BRACO DE SOLDA,OTHER_UNKNOWN,1,SINGLETON,FALHA DE RETORNO DO BRACO DE SOLDA,1.0,QUEBRA DE BRACO,0.17773989717790853,QUEBRA DE COMPONENTE,0.1658801897553519,0.8222601028220915,FALHA DE RETORNO DO BRACO DE SOLDA,1.0,,False,RARE_CLASS,,,,,
410,39.4408,"FALHA MOTOR TAG 200, TRANSPORTE NA SAIDA DA LAVADORA DESARMOU",DESARME DE MOTOR,MOTOR,19,HEALTHY_GT20,DESARME DE MOTOR,1.0,FALHA DE MOTOR,0.9082168727767029,DESARME DE TRANSPORTE,0.4269742343447628,0.09178312722329707,DESARME DE MOTOR,0.5175204873085022,DESARME DE MOTOR -> FALHA DE MOTOR (3),False,PERSISTENT_CONFUSION,,,,,
411,39.4057,DESARME DO PAINEL DE COMANDOS ELETRICOS,DESARME DE PAINEL DE COMANDO,OTHER_UNKNOWN,2,VERY_RARE_2_3,DESARME DE PAINEL DE COMANDO,1.0,DESARME DE PAINEL,0.22215964544583705,SEM MODO DE FALHA IDENTIFICADO,0.2208137215665469,0.777840354554163,DESARME DE PAINEL DE COMANDO,1.0,,False,RARE_CLASS,,,,,
412,39.4035,SNIFFER TRAVADO,TRAVAMENTO DE SNIFFER,OTHER_UNKNOWN,1,SINGLETON,TRAVAMENTO DE SNIFFER,1.0,TRAVAMENTO DO SISTEMA DE COMPACTACAO,0.17126075483927555,FALHA NOS SNIFS,0.15671407085488745,0.8287392451607245,TRAVAMENTO DE SNIFFER,1.0000001192092896,,False,RARE_CLASS,,,,,
413,39.3801,FALHA NO GERADOR DE IMPULSOS TRIGGER N: 07,FALHA DE GERADOR DE IMPULSOS,OTHER_UNKNOWN,1,SINGLETON,FALHA DE GERADOR DE IMPULSOS,1.0,FALHA DE ANALISADOR,0.16974478473768032,FALHA DE INSPECAO,0.1680785392018049,0.8302552152623197,FALHA DE GERADOR DE IMPULSOS,1.0,,False,RARE_CLASS,,,,,
414,39.3794,FALHA PINO SEPARACAO GARRAFA PULANDO PINO (30008425466),DESGASTE DE PINO DE SEPARACAO,OTHER_UNKNOWN,1,SINGLETON,DESGASTE DE PINO DE SEPARACAO,1.0,FALHA DE PINO,0.17223563876031797,TRAVAMENTO DE PINO DE SEPARACAO,0.11747125968505728,0.827764361239682,DESGASTE DE PINO DE SEPARACAO,1.0000001192092896,,False,RARE_CLASS,,,,,
415,39.3706,FALHA DE SEGURANÇA DO CABELOTE DA DESPALETIZADORA ORDEM: 30008539481,FALHA DE SEGURANCA DO CABECOTE,CABECOTE,1,SINGLETON,FALHA DE SEGURANCA DO CABECOTE,1.0,FALHA DE DESCAPSULAMENTO,0.14026794932791595,FALHA DE SEGURANCA,0.13307592498949808,0.859732050672084,FALHA DE SEGURANCA DO CABECOTE,0.9999997615814209,,False,RARE_CLASS,,,,,
416,39.3538,FALHA NO TRANSPORTE DE PALETE (300086919514),FALHA DE TRANSPORTE DE PALETES,PALETE,1,VERY_RARE_2_3,FALHA DE TRANSPORTE DE PALETES,1.0,TRAVAMENTO DE PALETE,0.28015532392693326,FALHA DE INVERSOR,0.16777163419515742,0.7198446760730668,FALHA DE TRANSPORTE DE PALETES,0.9999998211860657,,False,RARE_CLASS,,,,,
417,39.3475,FALHA NO FLUXIMETRO DE XAROPE,FALHA DE FLUXIMETRO,FLUXIMETRO,1,RARE_4_5,FALHA DE FLUXIMETRO,1.0,FALHA DE VALVULA DE XAROPE,0.42434011230321284,FALHA DE INSPECAO,0.1972471326300791,0.5756598876967871,FALHA DE FLUXIMETRO,0.7125745415687561,,False,RARE_CLASS,,,,,
418,39.3228,REAPERTO DA TUBULAÇÃO COM VAZAMENTO DE BEBIDA,VAZAMENTO EM TUBULACAO,TUBULACAO,1,SINGLETON,VAZAMENTO EM TUBULACAO,1.0,VAZAMENTO EM VALVULA,0.1310379354320338,ESPUMAMENTO DE BEBIDA,0.11719510840670486,0.8689620645679662,VAZAMENTO EM TUBULACAO,1.0,,False,RARE_CLASS,,,,,
419,39.3156,"MEXEDOR DO TRANSPORTE DE GARRAFAS NA ENTRADA DA LAVADORA TORTO , MANUTENCAO ATUOU",DEFORMACAO DE MEXEDOR,OTHER_UNKNOWN,1,SINGLETON,DEFORMACAO DE MEXEDOR,1.0,ESCAPE DE ESTEIRA,0.16799498713626648,FALHA DE TRANSPORTE,0.15628688662846715,0.8320050128637335,DEFORMACAO DE MEXEDOR,1.0000005960464478,,False,RARE_CLASS,,,,,
420,39.3142,FALHA NO MEDIDOR DE PRESSÃO DO JATOS FINAIS,FALHA DE MEDIDOR,OTHER_UNKNOWN,1,VERY_RARE_2_3,FALHA DE MEDIDOR,1.0,FALHA DE PRESSAO DOS JATOS,0.3350865439813653,FALHA DE MEDIDOR DE VAZAO,0.186929641012788,0.6649134560186347,FALHA DE MEDIDOR,1.0,,False,RARE_CLASS,,,,,
421,39.3054,"VELOCIDADE REDUZIDA, TREPIDAÇÃO DE LATAS NA SAIDA DA ENCHEDORA, ENTREGA PARA A CORRENTE DE ARRASTE, PERDENDO CONTEUDO LIQUIDO",TREPIDACAO DE LATAS,LATA,2,RARE_4_5,TREPIDACAO DE LATAS,1.0,ENROSCO DE LATAS,0.30311661985325106,COLAPSO DE LATAS,0.25145920023130464,0.6968833801467489,TREPIDACAO DE LATAS,0.9999992251396179,,False,RARE_CLASS,,,,,
422,39.3002,FALHA NO CHAVE DE MEMERGENCIA,FALHA DE CHAVE DE EMERGENCIA,OTHER_UNKNOWN,1,SINGLETON,FALHA DE CHAVE DE EMERGENCIA,1.0,TRAVAMENTO DE CHAVE SECCIONADORA,0.16588022332738875,FALHA DE BOTOEIRA DE EMERGENCIA,0.1575909047241449,0.8341197766726113,FALHA DE CHAVE DE EMERGENCIA,0.9999999403953552,,False,RARE_CLASS,,,,,
423,39.298,"TROCA DO REPARO DAS VÁLVULAS 93,12 E 49 ORDEM 30008455987",FALHA DE VEDACAO DA VALVULA,VALVULA,4,LOW_SUPPORT_6_10,FALHA DE VEDACAO DA VALVULA,1.0,FALHA DE VALVULA DE ENCHIMENTO,0.6622314671604274,FALHA DE VALVULA,0.5249510670176182,0.33776853283957264,FALHA DE VEDACAO DA VALVULA,0.49894237518310547,,False,PERSISTENT_CONFUSION,,,,,
424,39.2974,"BUCHA DE ELEVÇÃO DO PISTÃO DANIFICADA ,VÁLVULA 55(GARRAFAS ENTRANDO TORTA E SAINDO VAZIA",DANIFICACAO DA BUCHA DE ELEVACAO DO PISTAO,OTHER_UNKNOWN,1,SINGLETON,DANIFICACAO DA BUCHA DE ELEVACAO DO PISTAO,1.0,FALHA DE PINCA,0.16769743510470123,FALHA DE MOLA,0.16356781548500945,0.8323025648952987,DANIFICACAO DA BUCHA DE ELEVACAO DO PISTAO,1.000000238418579,,False,RARE_CLASS,,,,,
425,39.2598,"RECEITA DO PRODUTO, NÃO ESTAVA CARREGANDO, FOI AJUSTADO EM OUTRA RECEITA.",FALHA NO CARREGAMENTO DE RECEITA,OTHER_UNKNOWN,1,SINGLETON,FALHA NO CARREGAMENTO DE RECEITA,1.0,FALHA DE FIXACAO,0.1670572162870189,FALHA DE ENCHIMENTO,0.12102819529060162,0.8329427837129811,FALHA NO CARREGAMENTO DE RECEITA,0.9999999403953552,,False,RARE_CLASS,,,,,
426,39.1493,FALHA NO CABEÇOTE,FALHA DE CABECOTE,CABECOTE,1,VERY_RARE_2_3,FALHA DE CABECOTE,1.0,DEFORMACAO DE CABECOTE,0.30648678953504455,FALHA DE INVERSOR,0.17255306651490435,0.6935132104649555,FALHA DE CABECOTE,0.9999998211860657,,False,RARE_CLASS,,,,,
427,39.1454,QUEBRA DO ANEL ORING DO BOCAL DO CAPSULADOR,QUEBRA DE ANEL O RING,OTHER_UNKNOWN,1,SINGLETON,QUEBRA DE ANEL O RING,1.0,QUEBRA DE COMPONENTE,0.16084830356831234,FALHA DE BOCAL,0.12533488670170953,0.8391516964316876,QUEBRA DE ANEL O RING,1.000000238418579,,False,RARE_CLASS,,,,,
428,39.1118,"PALETIZADORA EM FALHA DE ROTAÇÃO , NOTA 30008598948",FALHA DE ROTACAO,OTHER_UNKNOWN,1,SINGLETON,FALHA DE ROTACAO,1.0,FALHA DE COMUNICACAO,0.15863412395184695,FALHA DE CODIFICACAO,0.1480379110071128,0.841365876048153,FALHA DE ROTACAO,1.000000238418579,,False,RARE_CLASS,,,,,
429,39.0619,FALHA NOBREAK ( ABASTECENDO A LAVADORA),FALHA DE NOBREAK,OTHER_UNKNOWN,1,VERY_RARE_2_3,FALHA DE NOBREAK,1.0,SEM MODO DE FALHA IDENTIFICADO,0.31811557303832855,FALHA DE ABA CONICA,0.22871800994449448,0.6818844269616715,FALHA DE NOBREAK,1.0000008344650269,,False,RARE_CLASS,,,,,
430,39.0509,TROCA DA EMENDA DA CORRENTE DANIFICADA 30008425473,QUEBRA DE CORRENTE,CORRENTE,4,LOW_SUPPORT_6_10,QUEBRA DE CORRENTE,1.0,TRAVAMENTO DE CORRENTE,0.8224603454484547,FALHA DE PINCA,0.7288808268734054,0.1775396545515453,QUEBRA DE CORRENTE,0.2677963078022003,,False,RARE_CLASS,,,,,
431,39.0489,FALHA DE AVANÇO DE PALETES DESPAL PARA PAL,FALHA NO AVANCO DE PALETES PARA PALETIZAR,PALETE,1,VERY_RARE_2_3,FALHA NO AVANCO DE PALETES PARA PALETIZAR,1.0,FALHA DE ALIMENTACAO DE PALETES,0.19605075707027222,FALHA NA DESCARGA DE PALETE,0.18713300351657272,0.8039492429297278,FALHA NO AVANCO DE PALETES PARA PALETIZAR,1.000000238418579,,False,RARE_CLASS,,,,,
432,39.0344,HASTE POSICIONADORA DE TAMPAS ESTAVA TORTA OCASIONANDO FALHA NO EQUIPAMENTO (30008421830),DEFORMACAO DE HASTE,OTHER_UNKNOWN,1,SINGLETON,DEFORMACAO DE HASTE,1.0,ESTABILIDADE DE EQUIPAMENTO,0.15239425332283363,FALHA DE TAMPAMENTO,0.1339563921606885,0.8476057466771664,DEFORMACAO DE HASTE,0.9999997615814209,,False,RARE_CLASS,,,,,
433,39.0006,ESTABILIDADE DE EQUIPAMENTO,ESTABILIDADE DE EQUIPAMENTO,OTHER_UNKNOWN,2,VERY_RARE_2_3,ESTABILIDADE DE EQUIPAMENTO,1.0,DESLIGAMENTO INDEVIDO DO EQUIPAMENTO,0.20089928269449306,FALHA DE ENCHIMENTO,0.18394197621436256,0.7991007173055069,ESTABILIDADE DE EQUIPAMENTO,0.9999999403953552,,False,RARE_CLASS,,,,,
434,38.9855,FALHA DESCIDA TAMPA - BAIXA PRESSÃO DO AR,FALHA NA DESCIDA DE TAMPAS,TAMPA,1,VERY_RARE_2_3,FALHA NA DESCIDA DE TAMPAS,1.0,FALHA DE TAMPAMENTO,0.26394354158895844,FALHA DE FIXACAO,0.12393714176782068,0.7360564584110416,FALHA NA DESCIDA DE TAMPAS,1.000000238418579,,False,RARE_CLASS,,,,,
435,38.943,FALHA NO RELE DE SEGURANÇA,FALHA DE RELE DE SEGURANCA,ELETRICO,1,VERY_RARE_2_3,FALHA DE RELE DE SEGURANCA,1.0,FALHA ELETRICA SEM COMPONENTE IDENTIFICADO,0.19151123812204565,FALHA DE INSPECAO,0.1634719051452773,0.8084887618779544,FALHA DE RELE DE SEGURANCA,1.000000238418579,,False,RARE_CLASS,,,,,
436,38.8795,BRAÇO DO ESTIRAMENTO COLEDINDO COM O ROLO DE CARPETE 30008404449,COLISAO DO BRACO DE ESTIRAMENTO,OTHER_UNKNOWN,1,VERY_RARE_2_3,COLISAO DO BRACO DE ESTIRAMENTO,1.0,QUEBRA DE BRACO,0.19515701004986646,FALHA DE ROLO DE ESTIRAMENTO,0.17868001058314956,0.8048429899501335,COLISAO DO BRACO DE ESTIRAMENTO,0.9999998807907104,,False,RARE_CLASS,,,,,
437,38.8175,FALHA NO TRANSDUTOR DE PRESSÃO 30008807193,FALHA DE TRANSDUTOR,OTHER_UNKNOWN,1,VERY_RARE_2_3,FALHA DE TRANSDUTOR,1.0,FALHA DE PRESSURIZACAO,0.19222604101360577,FALHA DE PRESSAO DOS JATOS,0.1804721759711569,0.8077739589863943,FALHA DE TRANSDUTOR,1.0,,False,RARE_CLASS,,,,,
438,38.8064,"ROLO DO CARPETE TORTO NOTA , 30008400277",FALHA DE ROLO DE ESTIRAMENTO,OTHER_UNKNOWN,1,SINGLETON,FALHA DE ROLO DE ESTIRAMENTO,1.0,FALHA DE ROLO SEPARADOR,0.14499247478563573,FALHA DE ROLETES,0.12818584954349063,0.8550075252143643,FALHA DE ROLO DE ESTIRAMENTO,0.9999998807907104,,False,RARE_CLASS,,,,,
439,38.7754,"FALHA DE ENVOLVIMENTO, SISTEMA DE EMBREAGEM DOS ROLOS/FACA COM FALHA",FALHA DE CORTE DE FILME,FILME,41,HEALTHY_GT20,FALHA DE ENVOLVIMENTO,1.0,FALHA DE ALIMENTACAO ELETRICA DA EMBREAGEM,0.6839942543751487,FALHA DE CORTE DE FILME,0.47692788576519557,0.3160057456248513,FALHA DE REGUA DE ENVOLVIMENTO,0.34916043281555176,FALHA DE CORTE DE FILME -> FALHA DE ENVOLVIMENTO (2),False,PERSISTENT_CONFUSION | MODEL_PROTOTYPE_FAMILY_DISAGREEMENT,,,,,
440,38.7691,QUEDA DE LATA NO SISTEMA DE ENVOLVIMENTO.,QUEDA DE LATAS,LATA,22,HEALTHY_GT20,FALHA DE ENVOLVIMENTO,1.0,QUEDA DE GARRAFAS,0.7911228367781468,QUEDA DE LATAS,0.6890751293283354,0.20887716322185323,FALHA DE REGUA DE ENVOLVIMENTO,0.5032084584236145,,False,PERSISTENT_CONFUSION | MODEL_PROTOTYPE_FAMILY_DISAGREEMENT,,,,,
441,38.736,CAINDO GRAXA NO CAPSULADOR,FALHA DE LUBRIFICACAO,OTHER_UNKNOWN,1,VERY_RARE_2_3,FALHA DE LUBRIFICACAO,1.0,TRAVAMENTO DO CAPSULADOR,0.25810501167343775,FALHA DE TAMPAMENTO,0.1749158715243926,0.7418949883265622,FALHA DE LUBRIFICACAO,0.9999997615814209,,False,RARE_CLASS,,,,,
442,38.7342,FALHA NO DOSADOR DE NITROGENIO,FALHA NO DOSADOR DE NITROGENIO,DOSAGEM,5,RARE_4_5,FALHA NO DOSADOR DE NITROGENIO,1.0,FALHA DE DOSAGEM DE NITROGENIO,0.2851611865267263,FALHA DE DOSAGEM,0.2758130243172032,0.7148388134732737,FALHA NO DOSADOR DE NITROGENIO,0.9972477555274963,,False,RARE_CLASS,,,,,
443,38.7164,FALHA NA BANDEROLA,FALHA DE BANDEIROLA,OTHER_UNKNOWN,1,SINGLETON,FALHA DE BANDEIROLA,1.0,FALHA DE MOLA,0.13820738594441265,FALHA DE INSPECAO,0.12309106563337024,0.8617926140555874,FALHA DE BANDEIROLA,1.0000001192092896,,False,RARE_CLASS,,,,,
444,38.7161,TRANSBORDO DO DESAERADOR,TRANSBORDAMENTO DE TANQUE,OTHER_UNKNOWN,1,SINGLETON,TRANSBORDAMENTO DE TANQUE,1.0,FALHA DE ENCHIMENTO,0.13122416339825804,FALHA DE TRANSDUTOR,0.11924041428644531,0.868775836601742,TRANSBORDAMENTO DE TANQUE,1.0000004768371582,,False,RARE_CLASS,,,,,
445,38.7135,REALIZANDO VERIFICAÇÃO DEVIDO PROBLEMA APRESENTADO NA TAMPA DA LATA,PROBLEMA NA TAMPA DA LATA,TAMPA,2,VERY_RARE_2_3,PROBLEMA NA TAMPA DA LATA,1.0,FALHA DE SENSOR,0.17999956891290927,TRAVAMENTO NA ALIMENTACAO DE TAMPAS,0.1645939804753085,0.8200004310870908,PROBLEMA NA TAMPA DA LATA,1.000000238418579,,False,RARE_CLASS,,,,,
446,38.7032,FALHA NO FEEDBACK DA TUBULAÇÃO DE DRENO E ALIVIO DE PRESSÃO DA ENCHEDORA,FALHA DE FEEDBACK,OTHER_UNKNOWN,1,SINGLETON,FALHA DE FEEDBACK,1.0,FALHA DE BAILARINA,0.11224226042097701,FALHA DE VALVULA,0.0786182065476431,0.887757739579023,FALHA DE FEEDBACK,1.0000001192092896,,False,RARE_CLASS,,,,,
447,38.6927,TRANSPORTE DA CURVA SAIU - TRECHO APÓS LAVADOR DE FUNDO DE CAIXAS,FALHA DE TRANSPORTE DE CAIXAS,CAIXA,2,VERY_RARE_2_3,FALHA DE TRANSPORTE DE CAIXAS,1.0,ENROSCO DE CAIXAS,0.29286426619896627,TRAVAMENTO DE TRANSPORTE,0.17327927476490393,0.7071357338010338,FALHA DE TRANSPORTE DE CAIXAS,0.9999996423721313,,False,RARE_CLASS,,,,,
448,38.6908,FALHA NO SISTEMA DE INSERÇÃO DE FALSA GARRAFA,FALHA NO SISTEMA DE INSERCAO DE FALSA GARRAFA,GARRAFA,1,VERY_RARE_2_3,FALHA NO SISTEMA DE INSERCAO DE FALSA GARRAFA,1.0,FALHA NA INSERCAO DE GARRAFAS FALSAS,0.25681901603196233,FALHA DE VALVULA,0.15620538883940918,0.7431809839680377,FALHA NO SISTEMA DE INSERCAO DE FALSA GARRAFA,1.0000001192092896,,False,RARE_CLASS,,,,,
449,38.6866,QUEDA DE LATA NO SISTEMA DE ENVOLVIMENTO.PACOTE ABERTO GERANDO FALHA DE FORMAÇÃO DE CAMADA NA PALETIZADORA.,FALHA DE ENVOLVIMENTO,ENVOLVIMENTO,50,HEALTHY_GT20,FALHA DE FORMACAO DE CAMADA,1.0,FALHA DE ENVOLVIMENTO,0.9130926219869248,QUEDA DE GARRAFAS,0.36172774176891,0.08690737801307524,FALHA DE ENVOLVIMENTO,0.47144195437431335,FALHA DE ENVOLVIMENTO -> FALHA DE FORMACAO DE CAMADA (3),False,PERSISTENT_CONFUSION,,,,,
450,38.6834,"FALHA NA CAPSULAGEM DAS GARRAFAS,GUIAS DO BOCAL DA GARRAFA FORA DE POSIÇÃO 30008398121",FALHA DE BOCAL,OTHER_UNKNOWN,1,SINGLETON,FALHA DE BOCAL,1.0,FALHA DE DESCAPSULAMENTO,0.12351303672150535,TRAVAMENTO DE BOCAL,0.12113494722222246,0.8764869632784946,FALHA DE BOCAL,0.9999998211860657,,False,RARE_CLASS,,,,,
451,38.6771,COLISÃO DO PISTÃO DO EMPURRADOR COM A GUIA - ORDEM -30008516195,COLISAO DO EMPURRADOR,OTHER_UNKNOWN,1,SINGLETON,COLISAO DO EMPURRADOR,1.0,DESALINHAMENTO DE GUIA,0.12474452901376579,FALHA DE COLISAO DA GAIOLA,0.08596731240962512,0.8752554709862342,COLISAO DO EMPURRADOR,1.0000001192092896,,False,RARE_CLASS,,,,,
452,38.6403,"FALHA NO ABASTECIMENTO, ORDEM : 30008755909",FALHA DE ALIMENTACAO,OTHER_UNKNOWN,1,VERY_RARE_2_3,FALHA DE ALIMENTACAO,1.0,FALHA DE SENSOR,0.2530482947577683,FALHA DE ENCHIMENTO,0.1987721265637857,0.7469517052422316,FALHA DE ALIMENTACAO,0.9999998211860657,,False,RARE_CLASS,,,,,
453,38.5517,DESARMOU O INVERSOU ALTA TEMPERTURA,FALHA DE INVERSOR,INVERSOR,69,HEALTHY_GT20,FALHA DE INVERSOR,1.0,FALHA DE CONTROLE DE TEMPERATURA,0.9878229877088962,DESARME DE TRANSPORTE,0.4379627406201636,0.012177012291103795,FALHA DE CONTROLE DE TEMPERATURA,0.28204816579818726,,False,MODEL_PROTOTYPE_FAMILY_DISAGREEMENT,,,,,
454,38.5418,ENROSCO DE GARRAFA NA SAÍDA DA LAVADORA,ENROSCO DE GARRAFAS,GARRAFA,29,HEALTHY_GT20,ENROSCO DE GARRAFAS,1.0,TRAVAMENTO DE GARRAFAS NA SAIDA DA LAVADORA,0.7044816586955134,QUEDA DE GARRAFAS,0.5651222063520047,0.2955183413044866,TRAVAMENTO DE GARRAFAS NA SAIDA DA LAVADORA,0.7613058686256409,ENROSCO DE GARRAFAS -> TRAVAMENTO DE GARRAFAS NA SAIDA DA LAVADORA (3),False,PERSISTENT_CONFUSION,,,,,
455,38.538,"TROCA DO PALLET DE FOLHA SEPARADORA,GERANDO FALHA EM TDS AS PORTAS DA PALETIZADORA",FALHA NA TROCA DE PALETE DE FOLHA SEPARADORA,PALETE,4,LOW_SUPPORT_6_10,FALHA NA TROCA DE PALETE DE FOLHA SEPARADORA,1.0,FALHA DE POSICIONAMENTO DE PALETE,0.6652959779198306,FALHA DE PORTA DE SEGURANCA,0.5555725547947956,0.33470402208016936,FALHA NA TROCA DE PALETE DE FOLHA SEPARADORA,0.5843191742897034,,False,RARE_CLASS,,,,,
456,38.5037,ENROSCANDO CAIXAS NA ENTRADA AJUSTE NO PISTÃO CENTRALDO DEVAISER,FALHA DE ATUADOR DO DEVAISER,ATUADOR,1,VERY_RARE_2_3,FALHA DE ATUADOR DO DEVAISER,1.0,SEM MODO DE FALHA IDENTIFICADO,0.42091720584182074,ENROSCO DE PACOTES,0.3749811797717483,0.5790827941581793,FALHA DE ATUADOR DO DEVAISER,0.7348466515541077,,False,RARE_CLASS,,,,,
457,38.4799,GFS TORTAS NA SAIDA DO RINSER NOTA 30008119534,GARRAFAS TORTAS NA SAIDA DO RINSER,GARRAFA,1,VERY_RARE_2_3,GARRAFAS TORTAS NA SAIDA DO RINSER,1.0,ENROSCO DE GARRAFAS,0.2554520304410319,FALHA DE MOTOR,0.20141277589464893,0.7445479695589681,GARRAFAS TORTAS NA SAIDA DO RINSER,0.885345458984375,,False,RARE_CLASS,,,,,
458,38.4785,ROLO DE TRANSFERÊNCIA DE COLA DO AGREGADO 2 TRAVANDO,TRAVAMENTO DE ROLO DE COLA,OTHER_UNKNOWN,3,VERY_RARE_2_3,TRAVAMENTO DE ROLO DE COLA,1.0,DESALINHAMENTO DE AGREGADO,0.22648319307623696,FALHA DE PENTE DE TRANSFERENCIA,0.19494190529956,0.773516806923763,TRAVAMENTO DE ROLO DE COLA,1.0000001192092896,,False,RARE_CLASS,,,,,
459,38.4741,ERRO DE SAÍDA DE PALLET,FALHA NA SAIDA DE PALETES,PALETE,1,VERY_RARE_2_3,FALHA NA SAIDA DE PALETES,1.0,TRAVAMENTO DE PALETE,0.24155552988091633,FALHA NA PEGA DE PALLET VAZIO,0.23652078901771922,0.7584444701190837,FALHA NA SAIDA DE PALETES,0.9999997019767761,,False,RARE_CLASS,,,,,
460,38.4725,FALHAS DE ENCHIMENTO NAS PARTIDAS DA ENCHEDORA,FALHA DE ENCHIMENTO,ENCHIMENTO,95,HEALTHY_GT20,FALHA DE VALVULA DE ENCHIMENTO,1.0,DEFORMACAO DESALINHAMENTO DE GUIA,0.4653777224615499,SEM MODO DE FALHA IDENTIFICADO,0.4104959363889885,0.5346222775384502,FALHA DE VALVULA DE ENCHIMENTO,0.3298632502555847,FALHA DE ENCHIMENTO -> FALHA DE VALVULA DE ENCHIMENTO (16),False,PERSISTENT_CONFUSION | MODEL_PROTOTYPE_FAMILY_DISAGREEMENT,,,,,
461,38.4441,FALTA DE TAMPA NA TOLVA / VIBRADOR EM FALHA,FALHA DE ALIMENTACAO DE TAMPAS,TAMPA,16,HEALTHY_GT20,FALHA DE VIBRADOR,1.0,ENROSCO DE TAMPAS,0.5817324750340337,FALHA DE TAMPAMENTO,0.5359500946812044,0.4182675249659663,FALHA DE VIBRADOR,0.35527855157852173,FALHA DE ALIMENTACAO DE TAMPAS -> FALHA DE VIBRADOR (6),False,PERSISTENT_CONFUSION | MODEL_PROTOTYPE_FAMILY_DISAGREEMENT,,,,,
462,38.4389,ENROSCO DE ROTULO,ENROSCO DE ROTULOS,ROTULO,10,MEDIUM_11_20,ENROSCO DE ROTULOS,1.0,FALHA DE ROTULAGEM,0.3116780076457494,ENROSCO DE TAMPAS,0.23873230095259143,0.6883219923542506,ENROSCO DE ROTULOS,0.8880670666694641,ENROSCO DE ROTULOS -> FALHA DE ROTULAGEM (9),False,PERSISTENT_CONFUSION,,,,,
463,38.3909,ALTERAÇÃO DA VELOCIDADE DO DEVICER,ALTERACAO DA VELOCIDADE DO DEVICER,OTHER_UNKNOWN,2,VERY_RARE_2_3,ALTERACAO DA VELOCIDADE DO DEVICER,1.0,ESPUMAMENTO DE BEBIDA,0.17318922022830666,FALHA DE VELOCIDADE DO TRANSPORTE,0.1558299788361585,0.8268107797716934,ALTERACAO DA VELOCIDADE DO DEVICER,1.0000001192092896,,False,RARE_CLASS,,,,,
464,38.3661,VALVULA DO AR PREVIO,SEM MODO DE FALHA IDENTIFICADO,OTHER_UNKNOWN,69,HEALTHY_GT20,FALHA DE VALVULA,1.0,FALHA DE VALVULA DE ENCHIMENTO,0.9604601297355109,TRAVAMENTO DE VALVULA,0.9384475854821476,0.03953987026448913,FALHA DE VALVULA,0.29864436388015747,,False,PERSISTENT_CONFUSION | MODEL_PROTOTYPE_FAMILY_DISAGREEMENT,,,,,
465,38.3634,"PINCAS DANIFICADAS NA AREA DE TRANFERENCIA , DANIFICANDO O FINISH DA GARRAFA",DANIFICACAO DE GARRAFAS,GARRAFA,3,RARE_4_5,DANIFICACAO DE GARRAFAS,1.0,FALHA DE PINCA,0.6270375550408953,QUEDA DE GARRAFAS,0.47404341815396533,0.3729624449591047,DANIFICACAO DE GARRAFAS,0.5572800040245056,,False,RARE_CLASS,,,,,
466,38.3633,PISTAO ENTRADA DE GARRAFAS PARA O RINSER TRAVADO 30008716664,TRAVAMENTO DE ATUADOR,ATUADOR,9,MEDIUM_11_20,TRAVAMENTO DE ATUADOR,1.0,QUEBRA DE ATUADOR,0.8276043944844124,SEM MODO DE FALHA IDENTIFICADO,0.4981548325489036,0.17239560551558764,TRAVAMENTO DE ATUADOR,0.2841305434703827,TRAVAMENTO DE ATUADOR -> QUEBRA DE ATUADOR (3),False,PERSISTENT_CONFUSION,,,,,
467,38.3617,CORREIA DOSADORA DE PACOTES COM FREIO DANIFICADO,FALHA DE FREIO,OTHER_UNKNOWN,5,LOW_SUPPORT_6_10,FALHA DE FREIO,1.0,FALHA DE CORREIA,0.5087694241273079,QUEBRA DE CORREIA,0.47449315944003057,0.49123057587269214,FALHA DE FREIO,0.6412503719329834,,False,DIVERSITY_COVERAGE,,,,,
468,38.3564,FALTA DE GARRAFAS VINDO DA LAVADOURA OCASIONADO PELO ESPAÇO DOS DOIS PENTES.,FALHA DE ALIMENTACAO DE GARRAFAS,GARRAFA,6,LOW_SUPPORT_6_10,FALHA DE ALIMENTACAO DE GARRAFAS,1.0,FALHA DE SENSOR,0.24193050790068193,QUEBRA DE COMPONENTE,0.11877174079419471,0.7580694920993181,FALHA DE ALIMENTACAO DE GARRAFAS,0.8400000333786011,FALHA DE ALIMENTACAO DE GARRAFAS -> FALHA DE SENSOR (3),False,PERSISTENT_CONFUSION,,,,,
469,38.3486,"PAREDE LATERAL 3 EXPUILSANDO MUITAS GARRAFAS, CAUSANDO CRASH DE GARRAFAS NA SAIDA DO ASEBI",CRASH DE GARRAFAS,GARRAFA,6,LOW_SUPPORT_6_10,CRASH DE GARRAFAS,1.0,FALHA DE INSPECAO,0.9309588063874275,EXCESSO DE GARRAFA COM ROTULO,0.869265956695784,0.06904119361257255,CRASH DE GARRAFAS,0.3807353973388672,,False,DIVERSITY_COVERAGE,,,,,
470,38.2792,"FALHA NA INSERÇÃO DE LATA FALSA, ATRASO NO INICIO E FINAL DE CIP - 30008743679",FALHA DE PINCA,PINCA,36,HEALTHY_GT20,FALHA NO SISTEMA DE INSERCAO DE FALSA GARRAFA,1.0,FALHA NA INSERCAO DE GARRAFAS FALSAS,0.8843839799496875,FALHA NA INSERCAO DE LATAS FALSAS,0.8496480600399559,0.11561602005031246,FALHA NO SISTEMA DE INSERCAO DE FALSA GARRAFA,0.3484363555908203,FALHA DE PINCA -> FALHA NO SISTEMA DE INSERCAO DE FALSA GARRAFA (2),False,PERSISTENT_CONFUSION | MODEL_PROTOTYPE_FAMILY_DISAGREEMENT,,,,,
471,38.2291,DOSADOR DE NITROGENIO COM PROBLEMA,FALHA DE DOSAGEM,DOSAGEM,5,LOW_SUPPORT_6_10,FALHA DE DOSAGEM,1.0,FALHA NO DOSADOR DE NITROGENIO,0.43739553998519076,FALHA DE DOSAGEM DE NITROGENIO,0.2511459285890493,0.5626044600148092,FALHA NO DOSADOR DE NITROGENIO,0.6863274574279785,,False,DIVERSITY_COVERAGE,,,,,
472,38.2236,"CHAPA DE PASSAGEM DE GARRAFAS DANIFICADA,DERUBANDO GARRAFAS",FALHA DE GUIA,GUIA,13,MEDIUM_11_20,QUEDA DE GARRAFAS,1.0,ENROSCO DE GARRAFAS,0.7772507317240795,CRASH DE GARRAFAS,0.5572291766803033,0.22274926827592045,QUEDA DE GARRAFAS,0.2864173948764801,FALHA DE GUIA -> ENROSCO DE GARRAFAS (2),False,PERSISTENT_CONFUSION | MODEL_PROTOTYPE_FAMILY_DISAGREEMENT,,,,,
473,38.2227,"ESCAPOU O ESTICADOR DE CORRENTE, GERANDO ACUMULO DE GARRAFAS NA SAIDA DA PALETIZADORA ORDEM: 30008403373",ETICADOR DE CORRENTE ESCAPOU,CORRENTE,1,VERY_RARE_2_3,ETICADOR DE CORRENTE ESCAPOU,1.0,QUEBRA DE CORRENTE,0.2850947506697558,ESCAPE DE ESTEIRA,0.19607536540377507,0.7149052493302441,ETICADOR DE CORRENTE ESCAPOU,0.9212120771408081,,False,RARE_CLASS,,,,,
474,38.2152,FALHA DE ENCHIMENTO DE VALVULAS JAMPEADAS VELOCIDADE REDUZIDA,FALHA DE ENCHIMENTO,ENCHIMENTO,95,HEALTHY_GT20,FALHA DE VALVULA DE ENCHIMENTO,1.0,VELOCIDADE REDUZIDA SEM CAUSA IDENTIFICADA,0.30366393170871464,FALHA DE PLC,0.11551127230837474,0.6963360682912854,VELOCIDADE REDUZIDA SEM CAUSA IDENTIFICADA,0.5402108430862427,FALHA DE ENCHIMENTO -> FALHA DE VALVULA DE ENCHIMENTO (16),False,PERSISTENT_CONFUSION | MODEL_PROTOTYPE_FAMILY_DISAGREEMENT,,,,,
475,38.2141,VAZAMENTO DE SODA NO TANQUE 2 30008310740,VAZAMENTO,OTHER_UNKNOWN,1,VERY_RARE_2_3,VAZAMENTO,1.0,VAZAMENTO EM VALVULA,0.3067280240309951,VAZAMENTO EM COLETOR,0.17355209189002316,0.6932719759690049,VAZAMENTO,0.9999996423721313,,False,RARE_CLASS,,,,,
476,38.1984,TRVAMENTO NA SAIDA DA LAVADORA,TRAVAMENTO DE GARRAFAS NA SAIDA DA LAVADORA,GARRAFA,1,VERY_RARE_2_3,TRAVAMENTO DE GARRAFAS NA SAIDA DA LAVADORA,1.0,ENROSCO DE GARRAFAS,0.4936219377557506,FALHA DE TRANSPORTE,0.4178572848039461,0.5063780622442494,TRAVAMENTO DE GARRAFAS NA SAIDA DA LAVADORA,0.7394132018089294,,False,RARE_CLASS,,,,,
477,38.1337,FALHA NA PEGA DE PALLET VAZIO,FALHA NA PEGA DE PALLET VAZIO,PALETE,3,VERY_RARE_2_3,FALHA NA PEGA DE PALLET VAZIO,1.0,FALHA NO DEPOSITO DE PALLET,0.20530398031174682,FALHA NA PEGADA DE CAMADA,0.1651809595601981,0.7946960196882532,FALHA NA PEGA DE PALLET VAZIO,1.000000238418579,,False,RARE_CLASS,,,,,
478,38.1189,TRAVAMENTO DO ELEVADOR (NOTA:30008856925),TRAVAMENTO DE ELEVADOR,ELEVADOR,2,VERY_RARE_2_3,TRAVAMENTO DE ELEVADOR,1.0,FALHA DE ELEVADOR,0.39939446369774534,TRAVAMENTO DE SEGMENTOS,0.16437598309900026,0.6006055363022547,TRAVAMENTO DE ELEVADOR,0.7642403244972229,,False,RARE_CLASS,,,,,
479,38.1091,CONV. DE FREQ. DO EMPURRADOR FALHA NO DRIVE,FALHA DE DRIVE,OTHER_UNKNOWN,1,VERY_RARE_2_3,FALHA DE DRIVE,1.0,FALHA DE EMPURRADOR,0.20546488594645465,QUEBRA DE COMPONENTE,0.15851745623812463,0.7945351140535454,FALHA DE DRIVE,1.000000238418579,,False,RARE_CLASS,,,,,
480,38.0829,ENCAVALAMENNTO DOS ROLETES DO DEVEICER,TRAVAMENTO DE ROLETES,ROLETE,8,MEDIUM_11_20,TRAVAMENTO DE ROLETES,1.0,FALHA DE ROLETES,0.6049602273724022,ENROSCO DE PACOTES,0.11932669813801605,0.3950397726275978,TRAVAMENTO DE ROLETES,0.510033369064331,TRAVAMENTO DE ROLETES -> FALHA DE ROLETES (3),False,PERSISTENT_CONFUSION,,,,,
481,38.0712,ENROSCO DE LACRE,ENROSCO DE TAMPAS,TAMPA,44,HEALTHY_GT20,ENROSCO DE TAMPAS,1.0,ENROSCO DE PACOTES,0.9544754731220538,ENROSCO DE LATAS,0.8661864917442295,0.04552452687794617,ENROSCO DE ROTULOS,0.3460189998149872,,False,PERSISTENT_CONFUSION | MODEL_PROTOTYPE_FAMILY_DISAGREEMENT,,,,,
482,38.0546,"CORRENTE COM DESGASTE, NECESSARIO AJUSTE PARA COMPENSAR FALHA ( ORDEM - 30008827895 )",FALHA DE CORRENTE,CORRENTE,1,VERY_RARE_2_3,FALHA DE CORRENTE,1.0,QUEBRA DE CORRENTE,0.26525273422686696,TRAVAMENTO DE CORRENTE,0.22098495020683306,0.7347472657731331,FALHA DE CORRENTE,0.9999996423721313,,False,RARE_CLASS,,,,,
483,38.0397,"FALTA DE GUIA CAUSANDO QUEDA DE LATA, FOI COLOCADO UM GUIA PROVISÓRIA PORÉM MÓVEL",QUEDA DE LATAS,LATA,22,HEALTHY_GT20,FALHA DE GUIA,1.0,DESALINHAMENTO DE GUIA,0.8582650724931873,DEFORMACAO DESALINHAMENTO DE GUIA,0.7748823131258826,0.1417349275068127,FALHA DE GUIA,0.216181218624115,,False,PERSISTENT_CONFUSION | MODEL_PROTOTYPE_FAMILY_DISAGREEMENT,,,,,
484,38.0222,"COLUNA DE PALLET EM MOVIMENTO DE ENTRADA,GERANDO FALHA EM TODAS AS PORTAS DA PALETIZADORA",FALHA DE POSICIONAMENTO DE PALETE,PALETE,2,VERY_RARE_2_3,FALHA DE POSICIONAMENTO DE PALETE,1.0,FALHA DE MAGAZINE,0.15074318427965555,FALHA DE MOTOR,0.14021134042352773,0.8492568157203444,FALHA DE POSICIONAMENTO DE PALETE,0.9999995827674866,,False,RARE_CLASS,,,,,
485,38.0207,"REAPERTO PARAFUSOS DO SUPORTE DO CENTRADOR DE PACOTES ,FARMAÇAO DE CAMADAS 30008686087",FALHA DE FIXACAO,OTHER_UNKNOWN,20,HEALTHY_GT20,FALHA DE FORMACAO DE CAMADA,1.0,FALHA DE FIXACAO,0.8224932161376494,FALHA DE CENTRADOR,0.7894124838646257,0.17750678386235064,FALHA DE CENTRADOR,0.313836008310318,,False,PERSISTENT_CONFUSION | MODEL_PROTOTYPE_FAMILY_DISAGREEMENT,,,,,
486,37.9647,TRASPORTE DE PACOTES QUEBRADO 30008798753,QUEBRA DE TRANSPORTE,TRANSPORTE,6,LOW_SUPPORT_6_10,QUEBRA DE TRECHO DO TRANSPORTE,1.0,QUEBRA DE TRANSPORTE,0.7007905873513574,QUEBRA DE ESTEIRA,0.47190640014078084,0.29920941264864265,QUEBRA DE TRECHO DO TRANSPORTE,0.6846706867218018,,False,DIVERSITY_COVERAGE,,,,,
487,37.9646,PACOTE VIRADO NA MESA DE COMAPCTAÇÃO,PACOTE FORA DE POSICAO,PACOTE,1,VERY_RARE_2_3,PACOTE FORA DE POSICAO,1.0,ENROSCO DE PACOTES,0.43777179101015085,FALHA NO VIRADOR DE PACOTES,0.2759144264391229,0.5622282089898492,PACOTE FORA DE POSICAO,0.7900207042694092,,False,RARE_CLASS,,,,,
488,37.9493,CABO DOS SENSORES DE SEGURANÇA ROMPIDO,QUEBRA DE COMPONENTE,OTHER_UNKNOWN,18,HEALTHY_GT20,FALHA DE SENSOR,1.0,FALHA DE CABO DE SEGURANCA,0.5716220317101242,FALHA DE MOTOR,0.42561512640727733,0.42837796828987584,FALHA DE CABO DE SEGURANCA,0.37133219838142395,QUEBRA DE COMPONENTE -> FALHA DE SENSOR (4),False,PERSISTENT_CONFUSION | MODEL_PROTOTYPE_FAMILY_DISAGREEMENT,,,,,
489,37.9353,FALHA NO MÓDULO DO TRANSPORTE DE LATAS CHEIA,FALHA DE TRANSPORTE DE LATAS,LATA,1,RARE_4_5,FALHA DE TRANSPORTE DE LATAS,1.0,QUEDA DE LATAS,0.6462328128640261,FALHA DE MODULO,0.6210704063309381,0.3537671871359739,FALHA DE TRANSPORTE DE LATAS,0.5264630317687988,,False,RARE_CLASS,,,,,
490,37.8991,"PARAFUSO DO ALINHADOR DE CAIXA ,CAIU ,ENROSCANDO CAIXAS.",ENROSCO DE CAIXAS,CAIXA,6,LOW_SUPPORT_6_10,FALHA DE FIXACAO,1.0,ENROSCO DE CAIXAS,0.8340149060528032,QUEBRA DE PARAFUSO,0.39735814467409825,0.16598509394719685,FALHA DE FIXACAO,0.34023749828338623,,False,DIVERSITY_COVERAGE,,,,,
491,37.8816,"CENTRADOR DIREITO FURANDO GARRAFAS, FEITO AJUSTE DE POSIÇÃO DE 40MM PARA 30MM. ORDEM-30008863503.",DESALINHAMENTO DE CENTRADOR,OTHER_UNKNOWN,2,VERY_RARE_2_3,DESALINHAMENTO DE CENTRADOR,1.0,SEM MODO DE FALHA IDENTIFICADO,0.31847580096150707,FALHA DE SENSOR,0.2462538311650586,0.6815241990384929,DESALINHAMENTO DE CENTRADOR,0.7594262361526489,,False,RARE_CLASS,,,,,
492,37.88,TWISTER DE SAIDA DA ENCHEDORA DERRUBANDO/SEGURANDO LATAS NA PARTIDA,FALHA DE TWISTER,OTHER_UNKNOWN,4,LOW_SUPPORT_6_10,FALHA DE TWISTER,1.0,QUEDA DE LATAS,0.2508576628892988,ENROSCO DE LATAS,0.1982847328081582,0.7491423371107012,FALHA DE TWISTER,0.6672281622886658,FALHA DE TWISTER -> QUEDA DE LATAS (3),False,RARE_CLASS | PERSISTENT_CONFUSION,,,,,
493,37.8438,CAPSULADOR COM PINO DA TRAVA SOLTO,TRAVAMENTO DO CAPSULADOR,OTHER_UNKNOWN,1,VERY_RARE_2_3,TRAVAMENTO DO CAPSULADOR,1.0,FALHA DE PINO,0.21880657131850959,FALHA DE FIXACAO,0.20830862613980547,0.7811934286814904,TRAVAMENTO DO CAPSULADOR,0.9999998807907104,,False,RARE_CLASS,,,,,
494,37.7963,TRAVAMENTO DO STOPER DE CAIXA DA MESA DA PALETIZADORA,TRAVAMENTO DE STOPPER,STOPPER,1,RARE_4_5,TRAVAMENTO DE STOPPER,1.0,TRAVAMENTO DE TRANSPORTE,0.3644476961859256,ENROSCO DE PACOTES,0.2509391700253453,0.6355523038140745,TRAVAMENTO DE STOPPER,0.8606228232383728,,False,RARE_CLASS,,,,,
495,37.7678,FALHA DE ENCHIMENTO EM VALVULAS ALEATORIASNA,FALHA DE ENCHIMENTO,ENCHIMENTO,95,HEALTHY_GT20,FALHA DE ENCHIMENTO,1.0,FALHA DE VALVULA DE ENCHIMENTO,0.5114877472341668,FALHA DE FONTE DE ALIMENTACAO,0.12456243736296435,0.4885122527658332,FALHA DE VALVULA DE ENCHIMENTO,0.45627254247665405,FALHA DE ENCHIMENTO -> FALHA DE VALVULA DE ENCHIMENTO (16),False,PERSISTENT_CONFUSION,,,,,
496,37.7664,TAB DANIFICADO GERANDO ENROSCO.,TAB DANIFICADO,OTHER_UNKNOWN,2,VERY_RARE_2_3,TAB DANIFICADO,1.0,FALHA DE SENSOR,0.1491886865179706,ENROSCO DE TAMPAS,0.11100345384472829,0.8508113134820294,TAB DANIFICADO,1.0000001192092896,,False,RARE_CLASS,,,,,
497,37.7554,FALHA DE FALTA DE VACUO NA ESTEIRA DA PRESSCO NOTA (30008302284),FALHA DE VACUO,OTHER_UNKNOWN,6,LOW_SUPPORT_6_10,FALHA DE VACUO,1.0,FALHA DE ESTEIRA,0.6463632604132388,QUEBRA DE ESTEIRA,0.6229989646398806,0.35363673958676123,FALHA DE VACUO,0.45884212851524353,,False,DIVERSITY_COVERAGE,,,,,
498,37.7257,FALHA DE COLISAO DA GAIOLA,FALHA DE COLISAO DA GAIOLA,OTHER_UNKNOWN,2,VERY_RARE_2_3,FALHA DE COLISAO DA GAIOLA,1.0,CURTO CIRCUITO,0.11687986528183959,FALHA DE VALVULA,0.10759664851897592,0.8831201347181604,FALHA DE COLISAO DA GAIOLA,0.9999998807907104,,False,RARE_CLASS,,,,,
499,37.7187,FALHA NO ENCHIMENTO DA VALVULA 52. ORDEM- 30008455522,FALHA DE ENCHIMENTO,ENCHIMENTO,95,HEALTHY_GT20,FALHA DE ENCHIMENTO,1.0,FALHA DE VALVULA DE ENCHIMENTO,0.5606917599497524,FALHA DE VALVULA,0.45236116363617557,0.4393082400502476,FALHA DE VALVULA DE ENCHIMENTO,0.37661978602409363,FALHA DE ENCHIMENTO -> FALHA DE VALVULA DE ENCHIMENTO (16),False,PERSISTENT_CONFUSION,,,,,
500,37.7182,FALHA NA ALTO CALIBRAÇÃO GAZ RODOX BAIXO- ORDEM 30008626762,FALHA DE CALIBRACAO,OTHER_UNKNOWN,1,VERY_RARE_2_3,FALHA DE CALIBRACAO,1.0,FALHA DE CONTROLE DE PROCESSO,0.35550009403538574,SEM MODO DE FALHA IDENTIFICADO,0.3540017050231355,0.6444999059646143,FALHA DE CALIBRACAO,0.8937007188796997,,False,RARE_CLASS,,,,,
