observation_id,candidate_label,candidate_rank,is_expected,candidate_role,feature_name,feature_value,coefficient,contribution
1737,FALHA DE PORTA DE SEGURANCA,1,False,OTHER,centroid_similarity,0.2397821546,1.7801314007,0.4268437427
1737,FALHA DE PORTA DE SEGURANCA,1,False,OTHER,char_overlap,0.1046511628,-0.2440697578,-0.025542184
1737,FALHA DE PORTA DE SEGURANCA,1,False,OTHER,component_present,0.0,0.5396170499,0.0
1737,FALHA DE PORTA DE SEGURANCA,1,False,OTHER,family_score,1.0,2.2663843684,2.2663843684
1737,FALHA DE PORTA DE SEGURANCA,1,False,OTHER,flat_score,-0.6931397321,3.2829785737,-2.2755628892
1737,FALHA DE PORTA DE SEGURANCA,1,False,OTHER,label_cosine,0.1584101468,1.7169471715,0.2719818535
1737,FALHA DE PORTA DE SEGURANCA,1,False,OTHER,log_class_support,2.3978952728,0.5212827752,1.2499815024
1737,FALHA DE PORTA DE SEGURANCA,1,False,OTHER,max_neighbor_similarity,0.1517075002,-0.2784313547,-0.0422401248
1737,FALHA DE PORTA DE SEGURANCA,1,False,OTHER,mean_top3_neighbor_similarity,0.1296797196,-1.9035838133,-0.2468562152
1737,FALHA DE PORTA DE SEGURANCA,1,False,OTHER,mechanism_present,0.0,0.0205206418,0.0
1737,FALHA DE PORTA DE SEGURANCA,1,False,OTHER,normalized_flat_score,0.9779635128,0.4326820159,0.4231472242
1737,FALHA DE PORTA DE SEGURANCA,1,False,OTHER,root_overlap,0.1,1.8020872646,0.1802087265
1737,FALHA DE PORTA DE SEGURANCA,1,False,OTHER,token_overlap,0.0666666667,-0.9829840341,-0.0655322689
1737,FALHA DE PORTA DE SEGURANCA,1,False,OTHER,top1_gap,0.0203173406,-1.6570759789,-0.033667377
1737,FALHA DE SENSOR,2,False,PROMOTED_WRONG,centroid_similarity,0.1412052363,1.7801314007,0.2513638751
1737,FALHA DE SENSOR,2,False,PROMOTED_WRONG,char_overlap,0.0361445783,-0.2440697578,-0.0088217985
1737,FALHA DE SENSOR,2,False,PROMOTED_WRONG,component_present,0.0,0.5396170499,0.0
1737,FALHA DE SENSOR,2,False,PROMOTED_WRONG,family_score,0.5310282923,2.2663843684,1.2035142208
1737,FALHA DE SENSOR,2,False,PROMOTED_WRONG,flat_score,-0.9403158017,3.2829785737,-3.0870366293
1737,FALHA DE SENSOR,2,False,PROMOTED_WRONG,label_cosine,0.0132709285,1.7169471715,0.0227854832
1737,FALHA DE SENSOR,2,False,PROMOTED_WRONG,log_class_support,5.6489742382,0.5212827752,2.9447129678
1737,FALHA DE SENSOR,2,False,PROMOTED_WRONG,max_neighbor_similarity,0.0101605076,-0.2784313547,-0.0028290039
1737,FALHA DE SENSOR,2,False,PROMOTED_WRONG,mean_top3_neighbor_similarity,0.0101605076,-1.9035838133,-0.0193413779
1737,FALHA DE SENSOR,2,False,PROMOTED_WRONG,mechanism_present,0.0,0.0205206418,0.0
1737,FALHA DE SENSOR,2,False,PROMOTED_WRONG,normalized_flat_score,0.7098727023,0.4326820159,0.3071491519
1737,FALHA DE SENSOR,2,False,PROMOTED_WRONG,root_overlap,0.0,1.8020872646,0.0
1737,FALHA DE SENSOR,2,False,PROMOTED_WRONG,token_overlap,0.0,-0.9829840341,-0.0
1737,FALHA DE SENSOR,2,False,PROMOTED_WRONG,top1_gap,0.2674934101,-1.6570759789,-0.4432569044
1737,FALHA DE ENVOLVIMENTO,3,False,OTHER,centroid_similarity,0.1091184914,1.7801314007,0.194245253
1737,FALHA DE ENVOLVIMENTO,3,False,OTHER,char_overlap,0.0697674419,-0.2440697578,-0.0170281226
1737,FALHA DE ENVOLVIMENTO,3,False,OTHER,component_present,0.0,0.5396170499,0.0
1737,FALHA DE ENVOLVIMENTO,3,False,OTHER,family_score,0.6706721574,2.2663843684,1.520000894
1737,FALHA DE ENVOLVIMENTO,3,False,OTHER,flat_score,-0.8148010595,3.2829785737,-2.6749744202
1737,FALHA DE ENVOLVIMENTO,3,False,OTHER,label_cosine,0.0152636627,1.7169471715,0.0262069025
1737,FALHA DE ENVOLVIMENTO,3,False,OTHER,log_class_support,3.9318256327,0.5212827752,2.0495929773
1737,FALHA DE ENVOLVIMENTO,3,False,OTHER,max_neighbor_similarity,0.112448968,-0.2784313547,-0.0313093185
1737,FALHA DE ENVOLVIMENTO,3,False,OTHER,mean_top3_neighbor_similarity,0.112448968,-1.9035838133,-0.2140560353
1737,FALHA DE ENVOLVIMENTO,3,False,OTHER,mechanism_present,0.0,0.0205206418,0.0
1737,FALHA DE ENVOLVIMENTO,3,False,OTHER,normalized_flat_score,0.8460078428,0.4326820159,0.3660523789
1737,FALHA DE ENVOLVIMENTO,3,False,OTHER,root_overlap,0.0,1.8020872646,0.0
1737,FALHA DE ENVOLVIMENTO,3,False,OTHER,token_overlap,0.0,-0.9829840341,-0.0
1737,FALHA DE ENVOLVIMENTO,3,False,OTHER,top1_gap,0.1419786679,-1.6570759789,-0.2352694402
1737,QUEBRA DE COMPONENTE,4,True,EXPECTED,centroid_similarity,0.1371724308,1.7801314007,0.2441849513
1737,QUEBRA DE COMPONENTE,4,True,EXPECTED,char_overlap,0.0705882353,-0.2440697578,-0.0172284535
1737,QUEBRA DE COMPONENTE,4,True,EXPECTED,component_present,0.0,0.5396170499,0.0
1737,QUEBRA DE COMPONENTE,4,True,EXPECTED,family_score,0.4257773011,2.2663843684,0.9649750196
1737,QUEBRA DE COMPONENTE,4,True,EXPECTED,flat_score,-0.6728223916,3.2829785737,-2.2088614954
1737,QUEBRA DE COMPONENTE,4,True,EXPECTED,label_cosine,0.0164606161,1.7169471715,0.0282620083
1737,QUEBRA DE COMPONENTE,4,True,EXPECTED,log_class_support,2.9444389792,0.5212827752,1.5348853224
1737,QUEBRA DE COMPONENTE,4,True,EXPECTED,max_neighbor_similarity,0.041403424,-0.2784313547,-0.0115280114
1737,QUEBRA DE COMPONENTE,4,True,EXPECTED,mean_top3_neighbor_similarity,0.0321595451,-1.9035838133,-0.0612183896
1737,QUEBRA DE COMPONENTE,4,True,EXPECTED,mechanism_present,0.0,0.0205206418,0.0
1737,QUEBRA DE COMPONENTE,4,True,EXPECTED,normalized_flat_score,1.0,0.4326820159,0.4326820159
1737,QUEBRA DE COMPONENTE,4,True,EXPECTED,root_overlap,0.0,1.8020872646,0.0
1737,QUEBRA DE COMPONENTE,4,True,EXPECTED,token_overlap,0.0,-0.9829840341,-0.0
1737,QUEBRA DE COMPONENTE,4,True,EXPECTED,top1_gap,0.0,-1.6570759789,-0.0
1737,FALHA DE CABO DE SEGURANCA,5,False,OTHER,centroid_similarity,0.2109467983,1.7801314007,0.3755130196
1737,FALHA DE CABO DE SEGURANCA,5,False,OTHER,char_overlap,0.0795454545,-0.2440697578,-0.0194146398
1737,FALHA DE CABO DE SEGURANCA,5,False,OTHER,component_present,0.0,0.5396170499,0.0
1737,FALHA DE CABO DE SEGURANCA,5,False,OTHER,family_score,1.0,2.2663843684,2.2663843684
1737,FALHA DE CABO DE SEGURANCA,5,False,OTHER,flat_score,-0.9116674516,3.2829785737,-2.9929847099
1737,FALHA DE CABO DE SEGURANCA,5,False,OTHER,label_cosine,0.1435961574,1.7169471715,0.2465470163
1737,FALHA DE CABO DE SEGURANCA,5,False,OTHER,log_class_support,0.6931471806,0.5212827752,0.3613256859
1737,FALHA DE CABO DE SEGURANCA,5,False,OTHER,max_neighbor_similarity,0.2109467983,-0.2784313547,-0.0587342028
1737,FALHA DE CABO DE SEGURANCA,5,False,OTHER,mean_top3_neighbor_similarity,0.2109467983,-1.9035838133,-0.4015549108
1737,FALHA DE CABO DE SEGURANCA,5,False,OTHER,mechanism_present,0.0,0.0205206418,0.0
1737,FALHA DE CABO DE SEGURANCA,5,False,OTHER,normalized_flat_score,0.7409451253,0.4326820159,0.3205936305
1737,FALHA DE CABO DE SEGURANCA,5,False,OTHER,root_overlap,0.1,1.8020872646,0.1802087265
1737,FALHA DE CABO DE SEGURANCA,5,False,OTHER,token_overlap,0.0666666667,-0.9829840341,-0.0655322689
1737,FALHA DE CABO DE SEGURANCA,5,False,OTHER,top1_gap,0.23884506,-1.6570759789,-0.3957844117
1737,FALHA DE SERVO MOTOR,6,False,OTHER,centroid_similarity,0.0974407122,1.7801314007,0.1734572714
1737,FALHA DE SERVO MOTOR,6,False,OTHER,char_overlap,0.0340909091,-0.2440697578,-0.0083205599
1737,FALHA DE SERVO MOTOR,6,False,OTHER,component_present,0.0,0.5396170499,0.0
1737,FALHA DE SERVO MOTOR,6,False,OTHER,family_score,0.4826851958,2.2663843684,1.0939501827
1737,FALHA DE SERVO MOTOR,6,False,OTHER,flat_score,-0.9201805829,3.2829785737,-3.0209331375
1737,FALHA DE SERVO MOTOR,6,False,OTHER,label_cosine,0.009555948,1.7169471715,0.0164070578
1737,FALHA DE SERVO MOTOR,6,False,OTHER,log_class_support,3.0910424534,0.5212827752,1.6113071883
1737,FALHA DE SERVO MOTOR,6,False,OTHER,max_neighbor_similarity,0.1224585176,-0.2784313547,-0.0340962909
1737,FALHA DE SERVO MOTOR,6,False,OTHER,mean_top3_neighbor_similarity,0.1178889374,-1.9035838133,-0.224411473
1737,FALHA DE SERVO MOTOR,6,False,OTHER,mechanism_present,0.0,0.0205206418,0.0
1737,FALHA DE SERVO MOTOR,6,False,OTHER,normalized_flat_score,0.7317116575,0.4326820159,0.316598475
1737,FALHA DE SERVO MOTOR,6,False,OTHER,root_overlap,0.0,1.8020872646,0.0
1737,FALHA DE SERVO MOTOR,6,False,OTHER,token_overlap,0.0,-0.9829840341,-0.0
1737,FALHA DE SERVO MOTOR,6,False,OTHER,top1_gap,0.2473581913,-1.6570759789,-0.409891317
1737,FALHA DE ENCODER,7,False,OTHER,centroid_similarity,0.0805180892,1.7801314007,0.143332779
1737,FALHA DE ENCODER,7,False,OTHER,char_overlap,0.0609756098,-0.2440697578,-0.0148823023
1737,FALHA DE ENCODER,7,False,OTHER,component_present,0.0,0.5396170499,0.0
1737,FALHA DE ENCODER,7,False,OTHER,family_score,0.4973311528,2.2663843684,1.1271435507
1737,FALHA DE ENCODER,7,False,OTHER,flat_score,-0.9022985356,3.2829785737,-2.9622267595
1737,FALHA DE ENCODER,7,False,OTHER,label_cosine,0.0102800969,1.7169471715,0.0176503833
1737,FALHA DE ENCODER,7,False,OTHER,log_class_support,1.9459101491,0.5212827752,1.0143694427
1737,FALHA DE ENCODER,7,False,OTHER,max_neighbor_similarity,0.1853561103,-0.2784313547,-0.0516089529
1737,FALHA DE ENCODER,7,False,OTHER,mean_top3_neighbor_similarity,0.0887594819,-1.9035838133,-0.168961113
1737,FALHA DE ENCODER,7,False,OTHER,mechanism_present,0.0,0.0205206418,0.0
1737,FALHA DE ENCODER,7,False,OTHER,normalized_flat_score,0.7511067897,0.4326820159,0.3249903999
1737,FALHA DE ENCODER,7,False,OTHER,root_overlap,0.0,1.8020872646,0.0
1737,FALHA DE ENCODER,7,False,OTHER,token_overlap,0.0,-0.9829840341,-0.0
1737,FALHA DE ENCODER,7,False,OTHER,top1_gap,0.2294761441,-1.6570759789,-0.3802594061
1737,FALHA NO AVANCO DE PALETES PARA PALETIZAR,8,False,OTHER,centroid_similarity,0.1736938357,1.7801314007,0.3091978511
1737,FALHA NO AVANCO DE PALETES PARA PALETIZAR,8,False,OTHER,char_overlap,0.1888888889,-0.2440697578,-0.0461020654
1737,FALHA NO AVANCO DE PALETES PARA PALETIZAR,8,False,OTHER,component_present,0.0,0.5396170499,0.0
1737,FALHA NO AVANCO DE PALETES PARA PALETIZAR,8,False,OTHER,family_score,0.2690079518,2.2663843684,0.6096754168
1737,FALHA NO AVANCO DE PALETES PARA PALETIZAR,8,False,OTHER,flat_score,-0.9133439798,3.2829785737,-2.998488716
1737,FALHA NO AVANCO DE PALETES PARA PALETIZAR,8,False,OTHER,label_cosine,0.1838894933,1.7169471715,0.3157285455
1737,FALHA NO AVANCO DE PALETES PARA PALETIZAR,8,False,OTHER,log_class_support,0.6931471806,0.5212827752,0.3613256859
1737,FALHA NO AVANCO DE PALETES PARA PALETIZAR,8,False,OTHER,max_neighbor_similarity,0.1736938357,-0.2784313547,-0.04836181
1737,FALHA NO AVANCO DE PALETES PARA PALETIZAR,8,False,OTHER,mean_top3_neighbor_similarity,0.1736938357,-1.9035838133,-0.3306407742
1737,FALHA NO AVANCO DE PALETES PARA PALETIZAR,8,False,OTHER,mechanism_present,0.0,0.0205206418,0.0
1737,FALHA NO AVANCO DE PALETES PARA PALETIZAR,8,False,OTHER,normalized_flat_score,0.7391267381,0.4326820159,0.319806847
1737,FALHA NO AVANCO DE PALETES PARA PALETIZAR,8,False,OTHER,root_overlap,0.0909090909,1.8020872646,0.163826115
1737,FALHA NO AVANCO DE PALETES PARA PALETIZAR,8,False,OTHER,token_overlap,0.0588235294,-0.9829840341,-0.0578225902
1737,FALHA NO AVANCO DE PALETES PARA PALETIZAR,8,False,OTHER,top1_gap,0.2405215882,-1.6570759789,-0.3985625462
1737,PERDA DE REFERENCIA DO ROBO,9,False,OTHER,centroid_similarity,0.1457653344,1.7801314007,0.2594814488
1737,PERDA DE REFERENCIA DO ROBO,9,False,OTHER,char_overlap,0.0777777778,-0.2440697578,-0.0189832034
1737,PERDA DE REFERENCIA DO ROBO,9,False,OTHER,component_present,0.0,0.5396170499,0.0
1737,PERDA DE REFERENCIA DO ROBO,9,False,OTHER,family_score,0.4662637231,2.2663843684,1.0567328135
1737,PERDA DE REFERENCIA DO ROBO,9,False,OTHER,flat_score,-0.9366550318,3.2829785737,-3.0750184003
1737,PERDA DE REFERENCIA DO ROBO,9,False,OTHER,label_cosine,0.0167536922,1.7169471715,0.0287652044
1737,PERDA DE REFERENCIA DO ROBO,9,False,OTHER,log_class_support,0.6931471806,0.5212827752,0.3613256859
1737,PERDA DE REFERENCIA DO ROBO,9,False,OTHER,max_neighbor_similarity,0.1457653344,-0.2784313547,-0.0405856395
1737,PERDA DE REFERENCIA DO ROBO,9,False,OTHER,mean_top3_neighbor_similarity,0.1457653344,-1.9035838133,-0.277476531
1737,PERDA DE REFERENCIA DO ROBO,9,False,OTHER,mechanism_present,0.0,0.0205206418,0.0
1737,PERDA DE REFERENCIA DO ROBO,9,False,OTHER,normalized_flat_score,0.7138432273,0.4326820159,0.3088671266
1737,PERDA DE REFERENCIA DO ROBO,9,False,OTHER,root_overlap,0.0,1.8020872646,0.0
1737,PERDA DE REFERENCIA DO ROBO,9,False,OTHER,token_overlap,0.0,-0.9829840341,-0.0
1737,PERDA DE REFERENCIA DO ROBO,9,False,OTHER,top1_gap,0.2638326402,-1.6570759789,-0.4371907306
1737,FALSO ALARME DE REJEITO OBSTRUIDO,10,False,OTHER,centroid_similarity,0.1120073795,1.7801314007,0.1993878534
1737,FALSO ALARME DE REJEITO OBSTRUIDO,10,False,OTHER,char_overlap,0.04,-0.2440697578,-0.0097627903
1737,FALSO ALARME DE REJEITO OBSTRUIDO,10,False,OTHER,component_present,0.0,0.5396170499,0.0
1737,FALSO ALARME DE REJEITO OBSTRUIDO,10,False,OTHER,family_score,0.1187640124,2.2663843684,0.2691649012
1737,FALSO ALARME DE REJEITO OBSTRUIDO,10,False,OTHER,flat_score,-0.9047359611,3.2829785737,-2.9702287751
1737,FALSO ALARME DE REJEITO OBSTRUIDO,10,False,OTHER,label_cosine,0.0125347376,1.7169471715,0.0215214822
1737,FALSO ALARME DE REJEITO OBSTRUIDO,10,False,OTHER,log_class_support,0.6931471806,0.5212827752,0.3613256859
1737,FALSO ALARME DE REJEITO OBSTRUIDO,10,False,OTHER,max_neighbor_similarity,0.1120073795,-0.2784313547,-0.0311863664
1737,FALSO ALARME DE REJEITO OBSTRUIDO,10,False,OTHER,mean_top3_neighbor_similarity,0.1120073795,-1.9035838133,-0.2132154346
1737,FALSO ALARME DE REJEITO OBSTRUIDO,10,False,OTHER,mechanism_present,0.0,0.0205206418,0.0
1737,FALSO ALARME DE REJEITO OBSTRUIDO,10,False,OTHER,normalized_flat_score,0.7484631221,0.4326820159,0.3238465325
1737,FALSO ALARME DE REJEITO OBSTRUIDO,10,False,OTHER,root_overlap,0.0,1.8020872646,0.0
1737,FALSO ALARME DE REJEITO OBSTRUIDO,10,False,OTHER,token_overlap,0.0,-0.9829840341,-0.0
1737,FALSO ALARME DE REJEITO OBSTRUIDO,10,False,OTHER,top1_gap,0.2319135695,-1.6570759789,-0.3842984053
1952,FALHA DE REJEICAO,1,False,OTHER,centroid_similarity,0.2366649806,1.7801314007,0.4212947635
1952,FALHA DE REJEICAO,1,False,OTHER,char_overlap,0.0941176471,-0.2440697578,-0.0229712713
1952,FALHA DE REJEICAO,1,False,OTHER,component_present,1.0,0.5396170499,0.5396170499
1952,FALHA DE REJEICAO,1,False,OTHER,family_score,1.0,2.2663843684,2.2663843684
1952,FALHA DE REJEICAO,1,False,OTHER,flat_score,-0.4133102007,3.2829785737,-1.3568885331
1952,FALHA DE REJEICAO,1,False,OTHER,label_cosine,0.2914887667,1.7169471715,0.5004708135
1952,FALHA DE REJEICAO,1,False,OTHER,log_class_support,4.248495242,0.5212827752,2.2146673901
1952,FALHA DE REJEICAO,1,False,OTHER,max_neighbor_similarity,0.1048421711,-0.2784313547,-0.0291913477
1952,FALHA DE REJEICAO,1,False,OTHER,mean_top3_neighbor_similarity,0.0956909309,-1.9035838133,-0.1821557071
1952,FALHA DE REJEICAO,1,False,OTHER,mechanism_present,0.0,0.0205206418,0.0
1952,FALHA DE REJEICAO,1,False,OTHER,normalized_flat_score,1.0,0.4326820159,0.4326820159
1952,FALHA DE REJEICAO,1,False,OTHER,root_overlap,0.1,1.8020872646,0.1802087265
1952,FALHA DE REJEICAO,1,False,OTHER,token_overlap,0.0714285714,-0.9829840341,-0.0702131453
1952,FALHA DE REJEICAO,1,False,OTHER,top1_gap,0.0,-1.6570759789,-0.0
1952,TRAVAMENTO DE TRANSPORTE,2,False,PROMOTED_WRONG,centroid_similarity,0.1797433645,1.7801314007,0.3199668071
1952,TRAVAMENTO DE TRANSPORTE,2,False,PROMOTED_WRONG,char_overlap,0.1,-0.2440697578,-0.0244069758
1952,TRAVAMENTO DE TRANSPORTE,2,False,PROMOTED_WRONG,component_present,1.0,0.5396170499,0.5396170499
1952,TRAVAMENTO DE TRANSPORTE,2,False,PROMOTED_WRONG,family_score,0.8256693669,2.2663843684,1.8712841466
1952,TRAVAMENTO DE TRANSPORTE,2,False,PROMOTED_WRONG,flat_score,-0.8531959423,3.2829785737,-2.8010239976
1952,TRAVAMENTO DE TRANSPORTE,2,False,PROMOTED_WRONG,label_cosine,0.1144169867,1.7169471715,0.1964479217
1952,TRAVAMENTO DE TRANSPORTE,2,False,PROMOTED_WRONG,log_class_support,2.6390573296,0.5212827752,1.3756951286
1952,TRAVAMENTO DE TRANSPORTE,2,False,PROMOTED_WRONG,max_neighbor_similarity,0.0978564098,-0.2784313547,-0.0272462928
1952,TRAVAMENTO DE TRANSPORTE,2,False,PROMOTED_WRONG,mean_top3_neighbor_similarity,0.0808848316,-1.9035838133,-0.1539710563
1952,TRAVAMENTO DE TRANSPORTE,2,False,PROMOTED_WRONG,mechanism_present,0.0,0.0205206418,0.0
1952,TRAVAMENTO DE TRANSPORTE,2,False,PROMOTED_WRONG,normalized_flat_score,0.6505635436,0.4326820159,0.2814871455
1952,TRAVAMENTO DE TRANSPORTE,2,False,PROMOTED_WRONG,root_overlap,0.1,1.8020872646,0.1802087265
1952,TRAVAMENTO DE TRANSPORTE,2,False,PROMOTED_WRONG,token_overlap,0.0714285714,-0.9829840341,-0.0702131453
1952,TRAVAMENTO DE TRANSPORTE,2,False,PROMOTED_WRONG,top1_gap,0.4398857416,-1.6570759789,-0.7289240958
1952,FALHA DE VELOCIDADE DO TRANSPORTE,3,False,OTHER,centroid_similarity,0.1944138706,1.7801314007,0.3460822357
1952,FALHA DE VELOCIDADE DO TRANSPORTE,3,False,OTHER,char_overlap,0.125,-0.2440697578,-0.0305087197
1952,FALHA DE VELOCIDADE DO TRANSPORTE,3,False,OTHER,component_present,0.0,0.5396170499,0.0
1952,FALHA DE VELOCIDADE DO TRANSPORTE,3,False,OTHER,family_score,0.8256693669,2.2663843684,1.8712841466
1952,FALHA DE VELOCIDADE DO TRANSPORTE,3,False,OTHER,flat_score,-0.727382525,3.2829785737,-2.3879812445
1952,FALHA DE VELOCIDADE DO TRANSPORTE,3,False,OTHER,label_cosine,0.0986679047,1.7169471715,0.16940758
1952,FALHA DE VELOCIDADE DO TRANSPORTE,3,False,OTHER,log_class_support,2.3978952728,0.5212827752,1.2499815024
1952,FALHA DE VELOCIDADE DO TRANSPORTE,3,False,OTHER,max_neighbor_similarity,0.1165869236,-0.2784313547,-0.0324614551
1952,FALHA DE VELOCIDADE DO TRANSPORTE,3,False,OTHER,mean_top3_neighbor_similarity,0.0937290465,-1.9035838133,-0.1784210957
1952,FALHA DE VELOCIDADE DO TRANSPORTE,3,False,OTHER,mechanism_present,0.0,0.0205206418,0.0
1952,FALHA DE VELOCIDADE DO TRANSPORTE,3,False,OTHER,normalized_flat_score,0.750507212,0.4326820159,0.3247309734
1952,FALHA DE VELOCIDADE DO TRANSPORTE,3,False,OTHER,root_overlap,0.0909090909,1.8020872646,0.163826115
1952,FALHA DE VELOCIDADE DO TRANSPORTE,3,False,OTHER,token_overlap,0.0666666667,-0.9829840341,-0.0655322689
1952,FALHA DE VELOCIDADE DO TRANSPORTE,3,False,OTHER,top1_gap,0.3140723243,-1.6570759789,-0.5204417043
1952,ENROSCO DE LATAS,4,True,EXPECTED,centroid_similarity,0.2496282011,1.7801314007,0.4443709993
1952,ENROSCO DE LATAS,4,True,EXPECTED,char_overlap,0.0823529412,-0.2440697578,-0.0200998624
1952,ENROSCO DE LATAS,4,True,EXPECTED,component_present,0.0,0.5396170499,0.0
1952,ENROSCO DE LATAS,4,True,EXPECTED,family_score,0.7236170664,2.2663843684,1.639994408
1952,ENROSCO DE LATAS,4,True,EXPECTED,flat_score,-0.7947680959,3.2829785737,-2.6092066298
1952,ENROSCO DE LATAS,4,True,EXPECTED,label_cosine,0.1171634123,1.7169471715,0.2011633893
1952,ENROSCO DE LATAS,4,True,EXPECTED,log_class_support,2.9444389792,0.5212827752,1.5348853224
1952,ENROSCO DE LATAS,4,True,EXPECTED,max_neighbor_similarity,0.2090055645,-0.2784313547,-0.0581937025
1952,ENROSCO DE LATAS,4,True,EXPECTED,mean_top3_neighbor_similarity,0.1957274824,-1.9035838133,-0.3725836674
1952,ENROSCO DE LATAS,4,True,EXPECTED,mechanism_present,0.0,0.0205206418,0.0
1952,ENROSCO DE LATAS,4,True,EXPECTED,normalized_flat_score,0.696977459,0.4326820159,0.301569612
1952,ENROSCO DE LATAS,4,True,EXPECTED,root_overlap,0.2222222222,1.8020872646,0.4004638366
1952,ENROSCO DE LATAS,4,True,EXPECTED,token_overlap,0.0,-0.9829840341,-0.0
1952,ENROSCO DE LATAS,4,True,EXPECTED,top1_gap,0.3814578952,-1.6570759789,-0.6321047151
1952,ENROSCO DE TAMPAS,5,False,OTHER,centroid_similarity,0.1406091899,1.7801314007,0.2503028341
1952,ENROSCO DE TAMPAS,5,False,OTHER,char_overlap,0.0449438202,-0.2440697578,-0.0109694273
1952,ENROSCO DE TAMPAS,5,False,OTHER,component_present,0.0,0.5396170499,0.0
1952,ENROSCO DE TAMPAS,5,False,OTHER,family_score,0.5225830167,2.2663843684,1.1843739802
1952,ENROSCO DE TAMPAS,5,False,OTHER,flat_score,-0.9001367902,3.2829785737,-2.9551297955
1952,ENROSCO DE TAMPAS,5,False,OTHER,label_cosine,0.0609619319,1.7169471715,0.1046684166
1952,ENROSCO DE TAMPAS,5,False,OTHER,log_class_support,3.8066624898,0.5212827752,1.9843475868
1952,ENROSCO DE TAMPAS,5,False,OTHER,max_neighbor_similarity,0.0692020357,-0.2784313547,-0.0192680165
1952,ENROSCO DE TAMPAS,5,False,OTHER,mean_top3_neighbor_similarity,0.0692020357,-1.9035838133,-0.1317318749
1952,ENROSCO DE TAMPAS,5,False,OTHER,mechanism_present,0.0,0.0205206418,0.0
1952,ENROSCO DE TAMPAS,5,False,OTHER,normalized_flat_score,0.6132746705,0.4326820159,0.2653529208
1952,ENROSCO DE TAMPAS,5,False,OTHER,root_overlap,0.1,1.8020872646,0.1802087265
1952,ENROSCO DE TAMPAS,5,False,OTHER,token_overlap,0.0,-0.9829840341,-0.0
1952,ENROSCO DE TAMPAS,5,False,OTHER,top1_gap,0.4868265895,-1.6570759789,-0.8067086474
1952,FALHA DE ACUMULO NO TRANSPORTE,6,False,OTHER,centroid_similarity,0.1743320972,1.7801314007,0.3103340403
1952,FALHA DE ACUMULO NO TRANSPORTE,6,False,OTHER,char_overlap,0.152173913,-0.2440697578,-0.0371410501
1952,FALHA DE ACUMULO NO TRANSPORTE,6,False,OTHER,component_present,0.0,0.5396170499,0.0
1952,FALHA DE ACUMULO NO TRANSPORTE,6,False,OTHER,family_score,0.8256693669,2.2663843684,1.8712841466
1952,FALHA DE ACUMULO NO TRANSPORTE,6,False,OTHER,flat_score,-0.9142783603,3.2829785737,-3.0015562671
1952,FALHA DE ACUMULO NO TRANSPORTE,6,False,OTHER,label_cosine,0.1373893917,1.7169471715,0.2358903274
1952,FALHA DE ACUMULO NO TRANSPORTE,6,False,OTHER,log_class_support,2.1972245773,0.5212827752,1.1453753254
1952,FALHA DE ACUMULO NO TRANSPORTE,6,False,OTHER,max_neighbor_similarity,0.1915523112,-0.2784313547,-0.0533341695
1952,FALHA DE ACUMULO NO TRANSPORTE,6,False,OTHER,mean_top3_neighbor_similarity,0.1582428863,-1.9035838133,-0.3012285969
1952,FALHA DE ACUMULO NO TRANSPORTE,6,False,OTHER,mechanism_present,0.0,0.0205206418,0.0
1952,FALHA DE ACUMULO NO TRANSPORTE,6,False,OTHER,normalized_flat_score,0.6020408894,0.4326820159,0.2604922657
1952,FALHA DE ACUMULO NO TRANSPORTE,6,False,OTHER,root_overlap,0.0909090909,1.8020872646,0.163826115
1952,FALHA DE ACUMULO NO TRANSPORTE,6,False,OTHER,token_overlap,0.0666666667,-0.9829840341,-0.0655322689
1952,FALHA DE ACUMULO NO TRANSPORTE,6,False,OTHER,top1_gap,0.5009681596,-1.6570759789,-0.8301423035
1952,FALHA EM ENVIAR TAMPAS PARA ENCHEDORA,7,False,OTHER,centroid_similarity,0.1721468866,1.7801314007,0.3064440783
1952,FALHA EM ENVIAR TAMPAS PARA ENCHEDORA,7,False,OTHER,char_overlap,0.1443298969,-0.2440697578,-0.035226563
1952,FALHA EM ENVIAR TAMPAS PARA ENCHEDORA,7,False,OTHER,component_present,0.0,0.5396170499,0.0
1952,FALHA EM ENVIAR TAMPAS PARA ENCHEDORA,7,False,OTHER,family_score,0.5225830167,2.2663843684,1.1843739802
1952,FALHA EM ENVIAR TAMPAS PARA ENCHEDORA,7,False,OTHER,flat_score,-0.9083416601,3.2829785737,-2.9820662077
1952,FALHA EM ENVIAR TAMPAS PARA ENCHEDORA,7,False,OTHER,label_cosine,0.1721468866,1.7169471715,0.29556711
1952,FALHA EM ENVIAR TAMPAS PARA ENCHEDORA,7,False,OTHER,log_class_support,1.0986122887,0.5212827752,0.5726876627
1952,FALHA EM ENVIAR TAMPAS PARA ENCHEDORA,7,False,OTHER,max_neighbor_similarity,0.1721468866,-0.2784313547,-0.0479310908
1952,FALHA EM ENVIAR TAMPAS PARA ENCHEDORA,7,False,OTHER,mean_top3_neighbor_similarity,0.1721468866,-1.9035838133,-0.3276960268
1952,FALHA EM ENVIAR TAMPAS PARA ENCHEDORA,7,False,OTHER,mechanism_present,0.0,0.0205206418,0.0
1952,FALHA EM ENVIAR TAMPAS PARA ENCHEDORA,7,False,OTHER,normalized_flat_score,0.6067568856,0.4326820159,0.2625327924
1952,FALHA EM ENVIAR TAMPAS PARA ENCHEDORA,7,False,OTHER,root_overlap,0.1666666667,1.8020872646,0.3003478774
1952,FALHA EM ENVIAR TAMPAS PARA ENCHEDORA,7,False,OTHER,token_overlap,0.125,-0.9829840341,-0.1228730043
1952,FALHA EM ENVIAR TAMPAS PARA ENCHEDORA,7,False,OTHER,top1_gap,0.4950314594,-1.6570759789,-0.8203047402
1952,FALHA DE REDUTOR,8,False,OTHER,centroid_similarity,0.1017739624,1.7801314007,0.1811710262
1952,FALHA DE REDUTOR,8,False,OTHER,char_overlap,0.0222222222,-0.2440697578,-0.0054237724
1952,FALHA DE REDUTOR,8,False,OTHER,component_present,0.0,0.5396170499,0.0
1952,FALHA DE REDUTOR,8,False,OTHER,family_score,0.4539851018,2.2663843684,1.0289047382
1952,FALHA DE REDUTOR,8,False,OTHER,flat_score,-0.917052834,3.2829785737,-3.0106648051
1952,FALHA DE REDUTOR,8,False,OTHER,label_cosine,0.0076331501,1.7169471715,0.0131057155
1952,FALHA DE REDUTOR,8,False,OTHER,log_class_support,2.0794415417,0.5212827752,1.0839770577
1952,FALHA DE REDUTOR,8,False,OTHER,max_neighbor_similarity,0.1230452731,-0.2784313547,-0.0342596621
1952,FALHA DE REDUTOR,8,False,OTHER,mean_top3_neighbor_similarity,0.1230452731,-1.9035838133,-0.2342269902
1952,FALHA DE REDUTOR,8,False,OTHER,mechanism_present,0.0,0.0205206418,0.0
1952,FALHA DE REDUTOR,8,False,OTHER,normalized_flat_score,0.5998369028,0.4326820159,0.2595386403
1952,FALHA DE REDUTOR,8,False,OTHER,root_overlap,0.0,1.8020872646,0.0
1952,FALHA DE REDUTOR,8,False,OTHER,token_overlap,0.0,-0.9829840341,-0.0
1952,FALHA DE REDUTOR,8,False,OTHER,top1_gap,0.5037426334,-1.6570759789,-0.8347398173
1952,FALHA DE LEITURA,9,False,OTHER,centroid_similarity,0.1646430641,1.7801314007,0.2930862884
1952,FALHA DE LEITURA,9,False,OTHER,char_overlap,0.0222222222,-0.2440697578,-0.0054237724
1952,FALHA DE LEITURA,9,False,OTHER,component_present,0.0,0.5396170499,0.0
1952,FALHA DE LEITURA,9,False,OTHER,family_score,0.1669302415,2.2663843684,0.37832809
1952,FALHA DE LEITURA,9,False,OTHER,flat_score,-0.8640966028,3.2829785737,-2.8368106326
1952,FALHA DE LEITURA,9,False,OTHER,label_cosine,0.0112280361,1.7169471715,0.0192779449
1952,FALHA DE LEITURA,9,False,OTHER,log_class_support,0.6931471806,0.5212827752,0.3613256859
1952,FALHA DE LEITURA,9,False,OTHER,max_neighbor_similarity,0.1646430641,-0.2784313547,-0.0458417914
1952,FALHA DE LEITURA,9,False,OTHER,mean_top3_neighbor_similarity,0.1646430641,-1.9035838133,-0.3134118719
1952,FALHA DE LEITURA,9,False,OTHER,mechanism_present,0.0,0.0205206418,0.0
1952,FALHA DE LEITURA,9,False,OTHER,normalized_flat_score,0.6419042763,0.4326820159,0.2777404363
1952,FALHA DE LEITURA,9,False,OTHER,root_overlap,0.0,1.8020872646,0.0
1952,FALHA DE LEITURA,9,False,OTHER,token_overlap,0.0,-0.9829840341,-0.0
1952,FALHA DE LEITURA,9,False,OTHER,top1_gap,0.4507864021,-1.6570759789,-0.7469873186
1952,FALHA DE LUBRIFICACAO,10,False,OTHER,centroid_similarity,0.1196726933,1.7801314007,0.2130331192
1952,FALHA DE LUBRIFICACAO,10,False,OTHER,char_overlap,0.0319148936,-0.2440697578,-0.0077894604
1952,FALHA DE LUBRIFICACAO,10,False,OTHER,component_present,0.0,0.5396170499,0.0
1952,FALHA DE LUBRIFICACAO,10,False,OTHER,family_score,0.1669302415,2.2663843684,0.37832809
1952,FALHA DE LUBRIFICACAO,10,False,OTHER,flat_score,-0.8791519823,3.2829785737,-2.886237121
1952,FALHA DE LUBRIFICACAO,10,False,OTHER,label_cosine,0.0064855493,1.7169471715,0.0111353455
1952,FALHA DE LUBRIFICACAO,10,False,OTHER,log_class_support,0.6931471806,0.5212827752,0.3613256859
1952,FALHA DE LUBRIFICACAO,10,False,OTHER,max_neighbor_similarity,0.1196726933,-0.2784313547,-0.0333206301
1952,FALHA DE LUBRIFICACAO,10,False,OTHER,mean_top3_neighbor_similarity,0.1196726933,-1.9035838133,-0.2278070019
1952,FALHA DE LUBRIFICACAO,10,False,OTHER,mechanism_present,0.0,0.0205206418,0.0
1952,FALHA DE LUBRIFICACAO,10,False,OTHER,normalized_flat_score,0.6299445832,0.4326820159,0.2725656922
1952,FALHA DE LUBRIFICACAO,10,False,OTHER,root_overlap,0.0,1.8020872646,0.0
1952,FALHA DE LUBRIFICACAO,10,False,OTHER,token_overlap,0.0,-0.9829840341,-0.0
1952,FALHA DE LUBRIFICACAO,10,False,OTHER,top1_gap,0.4658417816,-1.6570759789,-0.7719352264
311,FALHA NO MANUSEIO DE CARTAO,1,False,OTHER,centroid_similarity,0.3017946482,1.7801314007,0.5372341298
311,FALHA NO MANUSEIO DE CARTAO,1,False,OTHER,char_overlap,0.0344827586,-0.2440697578,-0.0084161985
311,FALHA NO MANUSEIO DE CARTAO,1,False,OTHER,component_present,0.0,0.5396170499,0.0
311,FALHA NO MANUSEIO DE CARTAO,1,False,OTHER,family_score,1.0,2.2663843684,2.2663843684
311,FALHA NO MANUSEIO DE CARTAO,1,False,OTHER,flat_score,-0.1017587539,3.2829785737,-0.3340718087
311,FALHA NO MANUSEIO DE CARTAO,1,False,OTHER,label_cosine,0.0109903608,1.7169471715,0.0188698688
311,FALHA NO MANUSEIO DE CARTAO,1,False,OTHER,log_class_support,3.0445224377,0.5212827752,1.5870571054
311,FALHA NO MANUSEIO DE CARTAO,1,False,OTHER,max_neighbor_similarity,0.2691468596,-0.2784313547,-0.0749389248
311,FALHA NO MANUSEIO DE CARTAO,1,False,OTHER,mean_top3_neighbor_similarity,0.1034118285,-1.9035838133,-0.1968530828
311,FALHA NO MANUSEIO DE CARTAO,1,False,OTHER,mechanism_present,0.0,0.0205206418,0.0
311,FALHA NO MANUSEIO DE CARTAO,1,False,OTHER,normalized_flat_score,1.0,0.4326820159,0.4326820159
311,FALHA NO MANUSEIO DE CARTAO,1,False,OTHER,root_overlap,0.0,1.8020872646,0.0
311,FALHA NO MANUSEIO DE CARTAO,1,False,OTHER,token_overlap,0.0,-0.9829840341,-0.0
311,FALHA NO MANUSEIO DE CARTAO,1,False,OTHER,top1_gap,0.0,-1.6570759789,-0.0
311,ENROSCO DE CARTAO QUADRO,2,False,OTHER,centroid_similarity,0.306581378,1.7801314007,0.5457551378
311,ENROSCO DE CARTAO QUADRO,2,False,OTHER,char_overlap,0.17,-0.2440697578,-0.0414918588
311,ENROSCO DE CARTAO QUADRO,2,False,OTHER,component_present,0.0,0.5396170499,0.0
311,ENROSCO DE CARTAO QUADRO,2,False,OTHER,family_score,1.0,2.2663843684,2.2663843684
311,ENROSCO DE CARTAO QUADRO,2,False,OTHER,flat_score,-0.8600650437,3.2829785737,-2.8235751106
311,ENROSCO DE CARTAO QUADRO,2,False,OTHER,label_cosine,0.3079730272,1.7169471715,0.528773418
311,ENROSCO DE CARTAO QUADRO,2,False,OTHER,log_class_support,0.6931471806,0.5212827752,0.3613256859
311,ENROSCO DE CARTAO QUADRO,2,False,OTHER,max_neighbor_similarity,0.306581378,-0.2784313547,-0.0853618684
311,ENROSCO DE CARTAO QUADRO,2,False,OTHER,mean_top3_neighbor_similarity,0.306581378,-1.9035838133,-0.5836033486
311,ENROSCO DE CARTAO QUADRO,2,False,OTHER,mechanism_present,1.0,0.0205206418,0.0205206418
311,ENROSCO DE CARTAO QUADRO,2,False,OTHER,normalized_flat_score,0.5045363864,0.4326820159,0.2183038208
311,ENROSCO DE CARTAO QUADRO,2,False,OTHER,root_overlap,0.1818181818,1.8020872646,0.3276522299
311,ENROSCO DE CARTAO QUADRO,2,False,OTHER,token_overlap,0.1176470588,-0.9829840341,-0.1156451805
311,ENROSCO DE CARTAO QUADRO,2,False,OTHER,top1_gap,0.7583062899,-1.6570759789,-1.2565711376
311,ENROSCO DE LATAS,3,False,PROMOTED_WRONG,centroid_similarity,0.1574843228,1.7801314007,0.2803427881
311,ENROSCO DE LATAS,3,False,PROMOTED_WRONG,char_overlap,0.09,-0.2440697578,-0.0219662782
311,ENROSCO DE LATAS,3,False,PROMOTED_WRONG,component_present,0.0,0.5396170499,0.0
311,ENROSCO DE LATAS,3,False,PROMOTED_WRONG,family_score,0.4362411985,2.2663843684,0.9886902331
311,ENROSCO DE LATAS,3,False,PROMOTED_WRONG,flat_score,-0.9469588385,3.2829785737,-3.108845577
311,ENROSCO DE LATAS,3,False,PROMOTED_WRONG,label_cosine,0.1074712127,1.7169471715,0.1845223947
311,ENROSCO DE LATAS,3,False,PROMOTED_WRONG,log_class_support,2.9444389792,0.5212827752,1.5348853224
311,ENROSCO DE LATAS,3,False,PROMOTED_WRONG,max_neighbor_similarity,0.0890461728,-0.2784313547,-0.0247932465
311,ENROSCO DE LATAS,3,False,PROMOTED_WRONG,mean_top3_neighbor_similarity,0.0880370016,-1.9035838133,-0.1675858112
311,ENROSCO DE LATAS,3,False,PROMOTED_WRONG,mechanism_present,1.0,0.0205206418,0.0205206418
311,ENROSCO DE LATAS,3,False,PROMOTED_WRONG,normalized_flat_score,0.4477615526,0.4326820159,0.1937383712
311,ENROSCO DE LATAS,3,False,PROMOTED_WRONG,root_overlap,0.0909090909,1.8020872646,0.163826115
311,ENROSCO DE LATAS,3,False,PROMOTED_WRONG,token_overlap,0.0588235294,-0.9829840341,-0.0578225902
311,ENROSCO DE LATAS,3,False,PROMOTED_WRONG,top1_gap,0.8452000846,-1.6570759789,-1.4005607577
311,ROMPIMENTO DE FILME,4,True,EXPECTED,centroid_similarity,0.1118846536,1.7801314007,0.1991693851
311,ROMPIMENTO DE FILME,4,True,EXPECTED,char_overlap,0.12,-0.2440697578,-0.0292883709
311,ROMPIMENTO DE FILME,4,True,EXPECTED,component_present,0.0,0.5396170499,0.0
311,ROMPIMENTO DE FILME,4,True,EXPECTED,family_score,0.3359087474,2.2663843684,0.7612983343
311,ROMPIMENTO DE FILME,4,True,EXPECTED,flat_score,-0.9240553175,3.2829785737,-3.0336538081
311,ROMPIMENTO DE FILME,4,True,EXPECTED,label_cosine,0.1724215597,1.7169471715,0.2960387092
311,ROMPIMENTO DE FILME,4,True,EXPECTED,log_class_support,2.9957322736,0.5212827752,1.5616236332
311,ROMPIMENTO DE FILME,4,True,EXPECTED,max_neighbor_similarity,0.0987854302,-0.2784313547,-0.0275049612
311,ROMPIMENTO DE FILME,4,True,EXPECTED,mean_top3_neighbor_similarity,0.073215697,-1.9035838133,-0.1393722156
311,ROMPIMENTO DE FILME,4,True,EXPECTED,mechanism_present,1.0,0.0205206418,0.0205206418
311,ROMPIMENTO DE FILME,4,True,EXPECTED,normalized_flat_score,0.462726299,0.4326820159,0.2002133479
311,ROMPIMENTO DE FILME,4,True,EXPECTED,root_overlap,0.0909090909,1.8020872646,0.163826115
311,ROMPIMENTO DE FILME,4,True,EXPECTED,token_overlap,0.0588235294,-0.9829840341,-0.0578225902
311,ROMPIMENTO DE FILME,4,True,EXPECTED,top1_gap,0.8222965636,-1.6570759789,-1.3626078831
311,QUEBRA DE COMPONENTE,5,False,OTHER,centroid_similarity,0.1036555246,1.7801314007,0.1845204541
311,QUEBRA DE COMPONENTE,5,False,OTHER,char_overlap,0.0560747664,-0.2440697578,-0.0136861546
311,QUEBRA DE COMPONENTE,5,False,OTHER,component_present,0.0,0.5396170499,0.0
311,QUEBRA DE COMPONENTE,5,False,OTHER,family_score,0.3052896388,2.2663843684,0.6919036653
311,QUEBRA DE COMPONENTE,5,False,OTHER,flat_score,-0.9693413731,3.2829785737,-3.1823269585
311,QUEBRA DE COMPONENTE,5,False,OTHER,label_cosine,0.0179688185,1.7169471715,0.0308515122
311,QUEBRA DE COMPONENTE,5,False,OTHER,log_class_support,2.9444389792,0.5212827752,1.5348853224
311,QUEBRA DE COMPONENTE,5,False,OTHER,max_neighbor_similarity,0.021743089,-0.2784313547,-0.0060539577
311,QUEBRA DE COMPONENTE,5,False,OTHER,mean_top3_neighbor_similarity,0.0212801502,-1.9035838133,-0.0405085495
311,QUEBRA DE COMPONENTE,5,False,OTHER,mechanism_present,0.0,0.0205206418,0.0
311,QUEBRA DE COMPONENTE,5,False,OTHER,normalized_flat_score,0.4331372094,0.4326820159,0.1874106809
311,QUEBRA DE COMPONENTE,5,False,OTHER,root_overlap,0.0,1.8020872646,0.0
311,QUEBRA DE COMPONENTE,5,False,OTHER,token_overlap,0.0,-0.9829840341,-0.0
311,QUEBRA DE COMPONENTE,5,False,OTHER,top1_gap,0.8675826192,-1.6570759789,-1.4376503181
311,TRAVAMENTO DE ATUADOR,6,False,OTHER,centroid_similarity,0.1607176214,1.7801314007,0.2860984846
311,TRAVAMENTO DE ATUADOR,6,False,OTHER,char_overlap,0.0857142857,-0.2440697578,-0.020920265
311,TRAVAMENTO DE ATUADOR,6,False,OTHER,component_present,0.0,0.5396170499,0.0
311,TRAVAMENTO DE ATUADOR,6,False,OTHER,family_score,0.4109562568,2.2663843684,0.9313848365
311,TRAVAMENTO DE ATUADOR,6,False,OTHER,flat_score,-0.957766839,3.2829785737,-3.1443280111
311,TRAVAMENTO DE ATUADOR,6,False,OTHER,label_cosine,0.0341062434,1.7169471715,0.0585586181
311,TRAVAMENTO DE ATUADOR,6,False,OTHER,log_class_support,2.302585093,0.5212827752,1.2002979474
311,TRAVAMENTO DE ATUADOR,6,False,OTHER,max_neighbor_similarity,0.0935324207,-0.2784313547,-0.0260423586
311,TRAVAMENTO DE ATUADOR,6,False,OTHER,mean_top3_neighbor_similarity,0.0730612725,-1.9035838133,-0.1390782557
311,TRAVAMENTO DE ATUADOR,6,False,OTHER,mechanism_present,0.0,0.0205206418,0.0
311,TRAVAMENTO DE ATUADOR,6,False,OTHER,normalized_flat_score,0.4406998006,0.4326820159,0.1906828781
311,TRAVAMENTO DE ATUADOR,6,False,OTHER,root_overlap,0.0,1.8020872646,0.0
311,TRAVAMENTO DE ATUADOR,6,False,OTHER,token_overlap,0.0,-0.9829840341,-0.0
311,TRAVAMENTO DE ATUADOR,6,False,OTHER,top1_gap,0.8560080852,-1.6570759789,-1.4184704357
311,FALHA DE ALIMENTACAO ELETRICA,7,False,OTHER,centroid_similarity,0.1488781571,1.7801314007,0.2650226824
311,FALHA DE ALIMENTACAO ELETRICA,7,False,OTHER,char_overlap,0.1401869159,-0.2440697578,-0.0342153866
311,FALHA DE ALIMENTACAO ELETRICA,7,False,OTHER,component_present,0.0,0.5396170499,0.0
311,FALHA DE ALIMENTACAO ELETRICA,7,False,OTHER,family_score,0.2893885866,2.2663843684,0.655865769
311,FALHA DE ALIMENTACAO ELETRICA,7,False,OTHER,flat_score,-0.9296070436,3.2829785737,-3.0518800059
311,FALHA DE ALIMENTACAO ELETRICA,7,False,OTHER,label_cosine,0.1994135529,1.7169471715,0.3423825356
311,FALHA DE ALIMENTACAO ELETRICA,7,False,OTHER,log_class_support,0.6931471806,0.5212827752,0.3613256859
311,FALHA DE ALIMENTACAO ELETRICA,7,False,OTHER,max_neighbor_similarity,0.1488781571,-0.2784313547,-0.041452347
311,FALHA DE ALIMENTACAO ELETRICA,7,False,OTHER,mean_top3_neighbor_similarity,0.1488781571,-1.9035838133,-0.2834020501
311,FALHA DE ALIMENTACAO ELETRICA,7,False,OTHER,mechanism_present,0.0,0.0205206418,0.0
311,FALHA DE ALIMENTACAO ELETRICA,7,False,OTHER,normalized_flat_score,0.4590989016,0.4326820159,0.1986438382
311,FALHA DE ALIMENTACAO ELETRICA,7,False,OTHER,root_overlap,0.0833333333,1.8020872646,0.1501739387
311,FALHA DE ALIMENTACAO ELETRICA,7,False,OTHER,token_overlap,0.0555555556,-0.9829840341,-0.0546102241
311,FALHA DE ALIMENTACAO ELETRICA,7,False,OTHER,top1_gap,0.8278482897,-1.6570759789,-1.3718075151
311,FALHA DE CABO DE SEGURANCA,8,False,OTHER,centroid_similarity,0.139102757,1.7801314007,0.2476211856
311,FALHA DE CABO DE SEGURANCA,8,False,OTHER,char_overlap,0.0733944954,-0.2440697578,-0.0179133767
311,FALHA DE CABO DE SEGURANCA,8,False,OTHER,component_present,0.0,0.5396170499,0.0
311,FALHA DE CABO DE SEGURANCA,8,False,OTHER,family_score,0.3437432085,2.2663843684,0.7790542345
311,FALHA DE CABO DE SEGURANCA,8,False,OTHER,flat_score,-0.9490868437,3.2829785737,-3.1158317724
311,FALHA DE CABO DE SEGURANCA,8,False,OTHER,label_cosine,0.1456356496,1.7169471715,0.2500487166
311,FALHA DE CABO DE SEGURANCA,8,False,OTHER,log_class_support,0.6931471806,0.5212827752,0.3613256859
311,FALHA DE CABO DE SEGURANCA,8,False,OTHER,max_neighbor_similarity,0.139102757,-0.2784313547,-0.0387305691
311,FALHA DE CABO DE SEGURANCA,8,False,OTHER,mean_top3_neighbor_similarity,0.139102757,-1.9035838133,-0.2647937566
311,FALHA DE CABO DE SEGURANCA,8,False,OTHER,mechanism_present,0.0,0.0205206418,0.0
311,FALHA DE CABO DE SEGURANCA,8,False,OTHER,normalized_flat_score,0.4463711525,0.4326820159,0.1931367701
311,FALHA DE CABO DE SEGURANCA,8,False,OTHER,root_overlap,0.0833333333,1.8020872646,0.1501739387
311,FALHA DE CABO DE SEGURANCA,8,False,OTHER,token_overlap,0.0555555556,-0.9829840341,-0.0546102241
311,FALHA DE CABO DE SEGURANCA,8,False,OTHER,top1_gap,0.8473280898,-1.6570759789,-1.4040870239
311,FALHA DE CONEXAO ELETRICA,9,False,OTHER,centroid_similarity,0.1244179085,1.7801314007,0.2214802257
311,FALHA DE CONEXAO ELETRICA,9,False,OTHER,char_overlap,0.0350877193,-0.2440697578,-0.0085638512
311,FALHA DE CONEXAO ELETRICA,9,False,OTHER,component_present,0.0,0.5396170499,0.0
311,FALHA DE CONEXAO ELETRICA,9,False,OTHER,family_score,0.2893885866,2.2663843684,0.655865769
311,FALHA DE CONEXAO ELETRICA,9,False,OTHER,flat_score,-0.9567382752,3.2829785737,-3.1409512581
311,FALHA DE CONEXAO ELETRICA,9,False,OTHER,label_cosine,0.006037673,1.7169471715,0.0103663655
311,FALHA DE CONEXAO ELETRICA,9,False,OTHER,log_class_support,0.6931471806,0.5212827752,0.3613256859
311,FALHA DE CONEXAO ELETRICA,9,False,OTHER,max_neighbor_similarity,0.1244179085,-0.2784313547,-0.0346418468
311,FALHA DE CONEXAO ELETRICA,9,False,OTHER,mean_top3_neighbor_similarity,0.1244179085,-1.9035838133,-0.2368399167
311,FALHA DE CONEXAO ELETRICA,9,False,OTHER,mechanism_present,0.0,0.0205206418,0.0
311,FALHA DE CONEXAO ELETRICA,9,False,OTHER,normalized_flat_score,0.4413718455,0.4326820159,0.1909736599
311,FALHA DE CONEXAO ELETRICA,9,False,OTHER,root_overlap,0.0,1.8020872646,0.0
311,FALHA DE CONEXAO ELETRICA,9,False,OTHER,token_overlap,0.0,-0.9829840341,-0.0
311,FALHA DE CONEXAO ELETRICA,9,False,OTHER,top1_gap,0.8549795213,-1.6570759789,-1.4167660273
311,QUEBRA DE ELO DE ESTEIRA,10,False,OTHER,centroid_similarity,0.1130972654,1.7801314007,0.2013279934
311,QUEBRA DE ELO DE ESTEIRA,10,False,OTHER,char_overlap,0.0555555556,-0.2440697578,-0.013559431
311,QUEBRA DE ELO DE ESTEIRA,10,False,OTHER,component_present,0.0,0.5396170499,0.0
311,QUEBRA DE ELO DE ESTEIRA,10,False,OTHER,family_score,0.158747444,2.2663843684,0.3597827257
311,QUEBRA DE ELO DE ESTEIRA,10,False,OTHER,flat_score,-0.9643441027,3.2829785737,-3.1659210267
311,QUEBRA DE ELO DE ESTEIRA,10,False,OTHER,label_cosine,0.0225056745,1.7169471715,0.0386410542
311,QUEBRA DE ELO DE ESTEIRA,10,False,OTHER,log_class_support,0.6931471806,0.5212827752,0.3613256859
311,QUEBRA DE ELO DE ESTEIRA,10,False,OTHER,max_neighbor_similarity,0.1130972654,-0.2784313547,-0.0314898248
311,QUEBRA DE ELO DE ESTEIRA,10,False,OTHER,mean_top3_neighbor_similarity,0.1130972654,-1.9035838133,-0.2152901237
311,QUEBRA DE ELO DE ESTEIRA,10,False,OTHER,mechanism_present,0.0,0.0205206418,0.0
311,QUEBRA DE ELO DE ESTEIRA,10,False,OTHER,normalized_flat_score,0.4364023355,0.4326820159,0.1888234423
311,QUEBRA DE ELO DE ESTEIRA,10,False,OTHER,root_overlap,0.0,1.8020872646,0.0
311,QUEBRA DE ELO DE ESTEIRA,10,False,OTHER,token_overlap,0.0,-0.9829840341,-0.0
311,QUEBRA DE ELO DE ESTEIRA,10,False,OTHER,top1_gap,0.8625853488,-1.6570759789,-1.4293694613
3563,ENROSCO DE TAMPAS,1,False,OTHER,centroid_similarity,0.3393976986,1.7801314007,0.6041725007
3563,ENROSCO DE TAMPAS,1,False,OTHER,char_overlap,0.0769230769,-0.2440697578,-0.0187745968
3563,ENROSCO DE TAMPAS,1,False,OTHER,component_present,0.0,0.5396170499,0.0
3563,ENROSCO DE TAMPAS,1,False,OTHER,family_score,1.0,2.2663843684,2.2663843684
3563,ENROSCO DE TAMPAS,1,False,OTHER,flat_score,-0.4372476127,3.2829785737,-1.435474544
3563,ENROSCO DE TAMPAS,1,False,OTHER,label_cosine,0.0568448864,1.7169471715,0.0975996669
3563,ENROSCO DE TAMPAS,1,False,OTHER,log_class_support,3.8066624898,0.5212827752,1.9843475868
3563,ENROSCO DE TAMPAS,1,False,OTHER,max_neighbor_similarity,0.4242555499,-0.2784313547,-0.1181260475
3563,ENROSCO DE TAMPAS,1,False,OTHER,mean_top3_neighbor_similarity,0.4242555499,-1.9035838133,-0.8076059975
3563,ENROSCO DE TAMPAS,1,False,OTHER,mechanism_present,0.0,0.0205206418,0.0
3563,ENROSCO DE TAMPAS,1,False,OTHER,normalized_flat_score,1.0,0.4326820159,0.4326820159
3563,ENROSCO DE TAMPAS,1,False,OTHER,root_overlap,0.125,1.8020872646,0.2252609081
3563,ENROSCO DE TAMPAS,1,False,OTHER,token_overlap,0.0,-0.9829840341,-0.0
3563,ENROSCO DE TAMPAS,1,False,OTHER,top1_gap,0.0,-1.6570759789,-0.0
3563,FALHA DE TAMPAMENTO,2,False,OTHER,centroid_similarity,0.1962420493,1.7801314007,0.3493366342
3563,FALHA DE TAMPAMENTO,2,False,OTHER,char_overlap,0.0909090909,-0.2440697578,-0.0221881598
3563,FALHA DE TAMPAMENTO,2,False,OTHER,component_present,0.0,0.5396170499,0.0
3563,FALHA DE TAMPAMENTO,2,False,OTHER,family_score,1.0,2.2663843684,2.2663843684
3563,FALHA DE TAMPAMENTO,2,False,OTHER,flat_score,-0.7213193461,3.2829785737,-2.3680759581
3563,FALHA DE TAMPAMENTO,2,False,OTHER,label_cosine,0.0574185066,1.7169471715,0.0985845425
3563,FALHA DE TAMPAMENTO,2,False,OTHER,log_class_support,2.5649493575,0.5212827752,1.3370639192
3563,FALHA DE TAMPAMENTO,2,False,OTHER,max_neighbor_similarity,0.1436106712,-0.2784313547,-0.0399857137
3563,FALHA DE TAMPAMENTO,2,False,OTHER,mean_top3_neighbor_similarity,0.1166334152,-1.9035838133,-0.2220214813
3563,FALHA DE TAMPAMENTO,2,False,OTHER,mechanism_present,0.0,0.0205206418,0.0
3563,FALHA DE TAMPAMENTO,2,False,OTHER,normalized_flat_score,0.7451323611,0.4326820159,0.3224053721
3563,FALHA DE TAMPAMENTO,2,False,OTHER,root_overlap,0.125,1.8020872646,0.2252609081
3563,FALHA DE TAMPAMENTO,2,False,OTHER,token_overlap,0.0,-0.9829840341,-0.0
3563,FALHA DE TAMPAMENTO,2,False,OTHER,top1_gap,0.2840717334,-1.6570759789,-0.4707284457
3563,FALHA DE ALIMENTACAO DE TAMPAS,3,False,PROMOTED_WRONG,centroid_similarity,0.1670838892,1.7801314007,0.2974312778
3563,FALHA DE ALIMENTACAO DE TAMPAS,3,False,PROMOTED_WRONG,char_overlap,0.1095890411,-0.2440697578,-0.0267473707
3563,FALHA DE ALIMENTACAO DE TAMPAS,3,False,PROMOTED_WRONG,component_present,0.0,0.5396170499,0.0
3563,FALHA DE ALIMENTACAO DE TAMPAS,3,False,PROMOTED_WRONG,family_score,1.0,2.2663843684,2.2663843684
3563,FALHA DE ALIMENTACAO DE TAMPAS,3,False,PROMOTED_WRONG,flat_score,-0.7688154391,3.2829785737,-2.5240046138
3563,FALHA DE ALIMENTACAO DE TAMPAS,3,False,PROMOTED_WRONG,label_cosine,0.0509040654,1.7169471715,0.0873995911
3563,FALHA DE ALIMENTACAO DE TAMPAS,3,False,PROMOTED_WRONG,log_class_support,2.8332133441,0.5212827752,1.4769053147
3563,FALHA DE ALIMENTACAO DE TAMPAS,3,False,PROMOTED_WRONG,max_neighbor_similarity,0.050350707,-0.2784313547,-0.0140192156
3563,FALHA DE ALIMENTACAO DE TAMPAS,3,False,PROMOTED_WRONG,mean_top3_neighbor_similarity,0.0466207092,-1.9035838133,-0.0887464274
3563,FALHA DE ALIMENTACAO DE TAMPAS,3,False,PROMOTED_WRONG,mechanism_present,0.0,0.0205206418,0.0
3563,FALHA DE ALIMENTACAO DE TAMPAS,3,False,PROMOTED_WRONG,normalized_flat_score,0.7025191206,0.4326820159,0.3039673893
3563,FALHA DE ALIMENTACAO DE TAMPAS,3,False,PROMOTED_WRONG,root_overlap,0.1111111111,1.8020872646,0.2002319183
3563,FALHA DE ALIMENTACAO DE TAMPAS,3,False,PROMOTED_WRONG,token_overlap,0.0,-0.9829840341,-0.0
3563,FALHA DE ALIMENTACAO DE TAMPAS,3,False,PROMOTED_WRONG,top1_gap,0.3315678264,-1.6570759789,-0.5494330805
3563,AMASSAMENTO DE LATAS,4,True,EXPECTED,centroid_similarity,0.218139872,1.7801314007,0.3883176358
3563,AMASSAMENTO DE LATAS,4,True,EXPECTED,char_overlap,0.1060606061,-0.2440697578,-0.0258861864
3563,AMASSAMENTO DE LATAS,4,True,EXPECTED,component_present,0.0,0.5396170499,0.0
3563,AMASSAMENTO DE LATAS,4,True,EXPECTED,family_score,0.2450503028,2.2663843684,0.5553781758
3563,AMASSAMENTO DE LATAS,4,True,EXPECTED,flat_score,-0.5943114578,3.2829785737,-1.9511117819
3563,AMASSAMENTO DE LATAS,4,True,EXPECTED,label_cosine,0.0933334678,1.7169471715,0.1602486336
3563,AMASSAMENTO DE LATAS,4,True,EXPECTED,log_class_support,2.302585093,0.5212827752,1.2002979474
3563,AMASSAMENTO DE LATAS,4,True,EXPECTED,max_neighbor_similarity,0.2263152897,-0.2784313547,-0.0630132727
3563,AMASSAMENTO DE LATAS,4,True,EXPECTED,mean_top3_neighbor_similarity,0.1812357008,-1.9035838133,-0.3449973465
3563,AMASSAMENTO DE LATAS,4,True,EXPECTED,mechanism_present,0.0,0.0205206418,0.0
3563,AMASSAMENTO DE LATAS,4,True,EXPECTED,normalized_flat_score,0.8590831588,0.4326820159,0.371709833
3563,AMASSAMENTO DE LATAS,4,True,EXPECTED,root_overlap,0.125,1.8020872646,0.2252609081
3563,AMASSAMENTO DE LATAS,4,True,EXPECTED,token_overlap,0.0,-0.9829840341,-0.0
3563,AMASSAMENTO DE LATAS,4,True,EXPECTED,top1_gap,0.157063845,-1.6570759789,-0.2602667247
3563,TAMPA INVERTIDA,5,False,OTHER,centroid_similarity,0.1432113796,1.7801314007,0.2549350738
3563,TAMPA INVERTIDA,5,False,OTHER,char_overlap,0.0625,-0.2440697578,-0.0152543599
3563,TAMPA INVERTIDA,5,False,OTHER,component_present,0.0,0.5396170499,0.0
3563,TAMPA INVERTIDA,5,False,OTHER,family_score,1.0,2.2663843684,2.2663843684
3563,TAMPA INVERTIDA,5,False,OTHER,flat_score,-0.8910826823,3.2829785737,-2.9254053533
3563,TAMPA INVERTIDA,5,False,OTHER,label_cosine,0.1083388031,1.7169471715,0.1860120015
3563,TAMPA INVERTIDA,5,False,OTHER,log_class_support,1.7917594692,0.5212827752,0.9340133486
3563,TAMPA INVERTIDA,5,False,OTHER,max_neighbor_similarity,0.1195201874,-0.2784313547,-0.0332781677
3563,TAMPA INVERTIDA,5,False,OTHER,mean_top3_neighbor_similarity,0.1033215672,-1.9035838133,-0.1966812628
3563,TAMPA INVERTIDA,5,False,OTHER,mechanism_present,0.0,0.0205206418,0.0
3563,TAMPA INVERTIDA,5,False,OTHER,normalized_flat_score,0.5928216044,0.4326820159,0.2565032469
3563,TAMPA INVERTIDA,5,False,OTHER,root_overlap,0.125,1.8020872646,0.2252609081
3563,TAMPA INVERTIDA,5,False,OTHER,token_overlap,0.1,-0.9829840341,-0.0982984034
3563,TAMPA INVERTIDA,5,False,OTHER,top1_gap,0.4538350695,-1.6570759789,-0.7520391922
3563,FALHA DE ELEVADOR,6,False,OTHER,centroid_similarity,0.0676502883,1.7801314007,0.1204264025
3563,FALHA DE ELEVADOR,6,False,OTHER,char_overlap,0.0606060606,-0.2440697578,-0.0147921065
3563,FALHA DE ELEVADOR,6,False,OTHER,component_present,0.0,0.5396170499,0.0
3563,FALHA DE ELEVADOR,6,False,OTHER,family_score,0.402139159,2.2663843684,0.911401904
3563,FALHA DE ELEVADOR,6,False,OTHER,flat_score,-0.8805342832,3.2829785737,-2.8907751851
3563,FALHA DE ELEVADOR,6,False,OTHER,label_cosine,0.0223639198,1.7169471715,0.0383976688
3563,FALHA DE ELEVADOR,6,False,OTHER,log_class_support,3.295836866,0.5212827752,1.718062988
3563,FALHA DE ELEVADOR,6,False,OTHER,max_neighbor_similarity,0.0403397307,-0.2784313547,-0.0112318459
3563,FALHA DE ELEVADOR,6,False,OTHER,mean_top3_neighbor_similarity,0.0368329193,-1.9035838133,-0.0701145491
3563,FALHA DE ELEVADOR,6,False,OTHER,mechanism_present,0.0,0.0205206418,0.0
3563,FALHA DE ELEVADOR,6,False,OTHER,normalized_flat_score,0.6022855716,0.4326820159,0.2605981353
3563,FALHA DE ELEVADOR,6,False,OTHER,root_overlap,0.0,1.8020872646,0.0
3563,FALHA DE ELEVADOR,6,False,OTHER,token_overlap,0.0,-0.9829840341,-0.0
3563,FALHA DE ELEVADOR,6,False,OTHER,top1_gap,0.4432866705,-1.6570759789,-0.7345596934
3563,FALHA DE RECRAVACAO,7,False,OTHER,centroid_similarity,0.1158396527,1.7801314007,0.2062098032
3563,FALHA DE RECRAVACAO,7,False,OTHER,char_overlap,0.0285714286,-0.2440697578,-0.0069734217
3563,FALHA DE RECRAVACAO,7,False,OTHER,component_present,0.0,0.5396170499,0.0
3563,FALHA DE RECRAVACAO,7,False,OTHER,family_score,0.3331504664,2.2663843684,0.7550470094
3563,FALHA DE RECRAVACAO,7,False,OTHER,flat_score,-0.8875536672,3.2829785737,-2.9138196723
3563,FALHA DE RECRAVACAO,7,False,OTHER,label_cosine,0.0019813876,1.7169471715,0.0034019379
3563,FALHA DE RECRAVACAO,7,False,OTHER,log_class_support,3.5553480615,0.5212827752,1.8533417042
3563,FALHA DE RECRAVACAO,7,False,OTHER,max_neighbor_similarity,0.1173807159,-0.2784313547,-0.0326824717
3563,FALHA DE RECRAVACAO,7,False,OTHER,mean_top3_neighbor_similarity,0.0991290634,-1.9035838133,-0.1887004805
3563,FALHA DE RECRAVACAO,7,False,OTHER,mechanism_present,0.0,0.0205206418,0.0
3563,FALHA DE RECRAVACAO,7,False,OTHER,normalized_flat_score,0.5959878179,0.4326820159,0.2578732105
3563,FALHA DE RECRAVACAO,7,False,OTHER,root_overlap,0.0,1.8020872646,0.0
3563,FALHA DE RECRAVACAO,7,False,OTHER,token_overlap,0.0,-0.9829840341,-0.0
3563,FALHA DE RECRAVACAO,7,False,OTHER,top1_gap,0.4503060545,-1.6570759789,-0.746191346
3563,FALHA DE ESTEIRA,8,False,OTHER,centroid_similarity,0.0856449753,1.7801314007,0.1524593099
3563,FALHA DE ESTEIRA,8,False,OTHER,char_overlap,0.0298507463,-0.2440697578,-0.0072856644
3563,FALHA DE ESTEIRA,8,False,OTHER,component_present,0.0,0.5396170499,0.0
3563,FALHA DE ESTEIRA,8,False,OTHER,family_score,0.311701771,2.2663843684,0.7064360214
3563,FALHA DE ESTEIRA,8,False,OTHER,flat_score,-0.9081900412,3.2829785737,-2.981568446
3563,FALHA DE ESTEIRA,8,False,OTHER,label_cosine,0.0032451167,1.7169471715,0.0055716939
3563,FALHA DE ESTEIRA,8,False,OTHER,log_class_support,3.295836866,0.5212827752,1.718062988
3563,FALHA DE ESTEIRA,8,False,OTHER,max_neighbor_similarity,0.0310441405,-0.2784313547,-0.0086436621
3563,FALHA DE ESTEIRA,8,False,OTHER,mean_top3_neighbor_similarity,0.0306199261,-1.9035838133,-0.0582875957
3563,FALHA DE ESTEIRA,8,False,OTHER,mechanism_present,0.0,0.0205206418,0.0
3563,FALHA DE ESTEIRA,8,False,OTHER,normalized_flat_score,0.5774729736,0.4326820159,0.2498621703
3563,FALHA DE ESTEIRA,8,False,OTHER,root_overlap,0.0,1.8020872646,0.0
3563,FALHA DE ESTEIRA,8,False,OTHER,token_overlap,0.0,-0.9829840341,-0.0
3563,FALHA DE ESTEIRA,8,False,OTHER,top1_gap,0.4709424285,-1.6570759789,-0.7803873857
3563,DEFORMACAO DESALINHAMENTO DE GUIA,9,False,OTHER,centroid_similarity,0.1698010564,1.7801314007,0.3022681923
3563,DEFORMACAO DESALINHAMENTO DE GUIA,9,False,OTHER,char_overlap,0.05,-0.2440697578,-0.0122034879
3563,DEFORMACAO DESALINHAMENTO DE GUIA,9,False,OTHER,component_present,0.0,0.5396170499,0.0
3563,DEFORMACAO DESALINHAMENTO DE GUIA,9,False,OTHER,family_score,0.355866125,2.2663843684,0.8065294229
3563,DEFORMACAO DESALINHAMENTO DE GUIA,9,False,OTHER,flat_score,-0.8179333553,3.2829785737,-2.6852576802
3563,DEFORMACAO DESALINHAMENTO DE GUIA,9,False,OTHER,label_cosine,0.005319627,1.7169471715,0.0091335185
3563,DEFORMACAO DESALINHAMENTO DE GUIA,9,False,OTHER,log_class_support,2.1972245773,0.5212827752,1.1453753254
3563,DEFORMACAO DESALINHAMENTO DE GUIA,9,False,OTHER,max_neighbor_similarity,0.2167619616,-0.2784313547,-0.0603533266
3563,DEFORMACAO DESALINHAMENTO DE GUIA,9,False,OTHER,mean_top3_neighbor_similarity,0.1315664202,-1.9035838133,-0.2504477079
3563,DEFORMACAO DESALINHAMENTO DE GUIA,9,False,OTHER,mechanism_present,0.0,0.0205206418,0.0
3563,DEFORMACAO DESALINHAMENTO DE GUIA,9,False,OTHER,normalized_flat_score,0.6584507891,0.4326820159,0.2848998148
3563,DEFORMACAO DESALINHAMENTO DE GUIA,9,False,OTHER,root_overlap,0.0,1.8020872646,0.0
3563,DEFORMACAO DESALINHAMENTO DE GUIA,9,False,OTHER,token_overlap,0.0,-0.9829840341,-0.0
3563,DEFORMACAO DESALINHAMENTO DE GUIA,9,False,OTHER,top1_gap,0.3806857426,-1.6570759789,-0.6308251996
3563,FALHA DE SUPORTE DE TAMPAS,10,False,OTHER,centroid_similarity,0.194586277,1.7801314007,0.3463891418
3563,FALHA DE SUPORTE DE TAMPAS,10,False,OTHER,char_overlap,0.0694444444,-0.2440697578,-0.0169492887
3563,FALHA DE SUPORTE DE TAMPAS,10,False,OTHER,component_present,0.0,0.5396170499,0.0
3563,FALHA DE SUPORTE DE TAMPAS,10,False,OTHER,family_score,0.3087739359,2.2663843684,0.6998004216
3563,FALHA DE SUPORTE DE TAMPAS,10,False,OTHER,flat_score,-0.8659057708,3.2829785737,-2.8427500922
3563,FALHA DE SUPORTE DE TAMPAS,10,False,OTHER,label_cosine,0.0502377413,1.7169471715,0.0862555479
3563,FALHA DE SUPORTE DE TAMPAS,10,False,OTHER,log_class_support,0.6931471806,0.5212827752,0.3613256859
3563,FALHA DE SUPORTE DE TAMPAS,10,False,OTHER,max_neighbor_similarity,0.194586277,-0.2784313547,-0.0541789207
3563,FALHA DE SUPORTE DE TAMPAS,10,False,OTHER,mean_top3_neighbor_similarity,0.194586277,-1.9035838133,-0.3704112872
3563,FALHA DE SUPORTE DE TAMPAS,10,False,OTHER,mechanism_present,0.0,0.0205206418,0.0
3563,FALHA DE SUPORTE DE TAMPAS,10,False,OTHER,normalized_flat_score,0.6154101947,0.4326820159,0.2662769236
3563,FALHA DE SUPORTE DE TAMPAS,10,False,OTHER,root_overlap,0.1111111111,1.8020872646,0.2002319183
3563,FALHA DE SUPORTE DE TAMPAS,10,False,OTHER,token_overlap,0.0,-0.9829840341,-0.0
3563,FALHA DE SUPORTE DE TAMPAS,10,False,OTHER,top1_gap,0.428658158,-1.6570759789,-0.7103191368
3705,QUEDA DE LATAS,1,False,PROMOTED_WRONG,centroid_similarity,0.1542074531,1.7801314007,0.2745095295
3705,QUEDA DE LATAS,1,False,PROMOTED_WRONG,char_overlap,0.0588235294,-0.2440697578,-0.0143570446
3705,QUEDA DE LATAS,1,False,PROMOTED_WRONG,component_present,0.0,0.5396170499,0.0
3705,QUEDA DE LATAS,1,False,PROMOTED_WRONG,family_score,1.0,2.2663843684,2.2663843684
3705,QUEDA DE LATAS,1,False,PROMOTED_WRONG,flat_score,-0.9118720689,3.2829785737,-2.9936564642
3705,QUEDA DE LATAS,1,False,PROMOTED_WRONG,label_cosine,0.0617658198,1.7169471715,0.1060486496
3705,QUEDA DE LATAS,1,False,PROMOTED_WRONG,log_class_support,3.1354942159,0.5212827752,1.6344791264
3705,QUEDA DE LATAS,1,False,PROMOTED_WRONG,max_neighbor_similarity,0.0964007825,-0.2784313547,-0.0268410005
3705,QUEDA DE LATAS,1,False,PROMOTED_WRONG,mean_top3_neighbor_similarity,0.0894914965,-1.9035838133,-0.1703545641
3705,QUEDA DE LATAS,1,False,PROMOTED_WRONG,mechanism_present,0.0,0.0205206418,0.0
3705,QUEDA DE LATAS,1,False,PROMOTED_WRONG,normalized_flat_score,0.8944584779,0.4326820159,0.3870160974
3705,QUEDA DE LATAS,1,False,PROMOTED_WRONG,root_overlap,0.25,1.8020872646,0.4505218162
3705,QUEDA DE LATAS,1,False,PROMOTED_WRONG,token_overlap,0.0,-0.9829840341,-0.0
3705,QUEDA DE LATAS,1,False,PROMOTED_WRONG,top1_gap,0.0684946251,-1.6570759789,-0.113500798
3705,FALHA DE ENCHIMENTO,2,False,OTHER,centroid_similarity,0.0445116945,1.7801314007,0.079236665
3705,FALHA DE ENCHIMENTO,2,False,OTHER,char_overlap,0.0,-0.2440697578,-0.0
3705,FALHA DE ENCHIMENTO,2,False,OTHER,component_present,0.0,0.5396170499,0.0
3705,FALHA DE ENCHIMENTO,2,False,OTHER,family_score,0.6341640208,2.2663843684,1.4372594237
3705,FALHA DE ENCHIMENTO,2,False,OTHER,flat_score,-0.904149564,3.2829785737,-2.968303646
3705,FALHA DE ENCHIMENTO,2,False,OTHER,label_cosine,0.0,1.7169471715,0.0
3705,FALHA DE ENCHIMENTO,2,False,OTHER,log_class_support,4.5643481915,0.5212827752,2.3793160921
3705,FALHA DE ENCHIMENTO,2,False,OTHER,max_neighbor_similarity,0.0134663628,-0.2784313547,-0.0037494576
3705,FALHA DE ENCHIMENTO,2,False,OTHER,mean_top3_neighbor_similarity,0.0134663628,-1.9035838133,-0.0256343503
3705,FALHA DE ENCHIMENTO,2,False,OTHER,mechanism_present,0.0,0.0205206418,0.0
3705,FALHA DE ENCHIMENTO,2,False,OTHER,normalized_flat_score,0.9063578776,0.4326820159,0.3921647536
3705,FALHA DE ENCHIMENTO,2,False,OTHER,root_overlap,0.0,1.8020872646,0.0
3705,FALHA DE ENCHIMENTO,2,False,OTHER,token_overlap,0.0,-0.9829840341,-0.0
3705,FALHA DE ENCHIMENTO,2,False,OTHER,top1_gap,0.0607721202,-1.6570759789,-0.1007040206
3705,FALHA DE VELOCIDADE DO TRANSPORTE,3,False,OTHER,centroid_similarity,0.1151991859,1.7801314007,0.2050696882
3705,FALHA DE VELOCIDADE DO TRANSPORTE,3,False,OTHER,char_overlap,0.1739130435,-0.2440697578,-0.0424469144
3705,FALHA DE VELOCIDADE DO TRANSPORTE,3,False,OTHER,component_present,0.0,0.5396170499,0.0
3705,FALHA DE VELOCIDADE DO TRANSPORTE,3,False,OTHER,family_score,0.8381005185,2.2663843684,1.8994579142
3705,FALHA DE VELOCIDADE DO TRANSPORTE,3,False,OTHER,flat_score,-0.928013158,3.2829785737,-3.0466473137
3705,FALHA DE VELOCIDADE DO TRANSPORTE,3,False,OTHER,label_cosine,0.0766115338,1.7169471715,0.1315379562
3705,FALHA DE VELOCIDADE DO TRANSPORTE,3,False,OTHER,log_class_support,2.3978952728,0.5212827752,1.2499815024
3705,FALHA DE VELOCIDADE DO TRANSPORTE,3,False,OTHER,max_neighbor_similarity,0.0821456388,-0.2784313547,-0.0228719215
3705,FALHA DE VELOCIDADE DO TRANSPORTE,3,False,OTHER,mean_top3_neighbor_similarity,0.0633940858,-1.9035838133,-0.1206759556
3705,FALHA DE VELOCIDADE DO TRANSPORTE,3,False,OTHER,mechanism_present,0.0,0.0205206418,0.0
3705,FALHA DE VELOCIDADE DO TRANSPORTE,3,False,OTHER,normalized_flat_score,0.8695871087,0.4326820159,0.3762547032
3705,FALHA DE VELOCIDADE DO TRANSPORTE,3,False,OTHER,root_overlap,0.2,1.8020872646,0.3604174529
3705,FALHA DE VELOCIDADE DO TRANSPORTE,3,False,OTHER,token_overlap,0.0,-0.9829840341,-0.0
3705,FALHA DE VELOCIDADE DO TRANSPORTE,3,False,OTHER,top1_gap,0.0846357142,-1.6570759789,-0.1402478089
3705,FALHA DE ACUMULO NO TRANSPORTE,4,False,OTHER,centroid_similarity,0.143681258,1.7801314007,0.255771519
3705,FALHA DE ACUMULO NO TRANSPORTE,4,False,OTHER,char_overlap,0.2380952381,-0.2440697578,-0.0581118471
3705,FALHA DE ACUMULO NO TRANSPORTE,4,False,OTHER,component_present,0.0,0.5396170499,0.0
3705,FALHA DE ACUMULO NO TRANSPORTE,4,False,OTHER,family_score,0.8381005185,2.2663843684,1.8994579142
3705,FALHA DE ACUMULO NO TRANSPORTE,4,False,OTHER,flat_score,-0.9025957777,3.2829785737,-2.963202599
3705,FALHA DE ACUMULO NO TRANSPORTE,4,False,OTHER,label_cosine,0.0935926586,1.7169471715,0.1606936505
3705,FALHA DE ACUMULO NO TRANSPORTE,4,False,OTHER,log_class_support,2.1972245773,0.5212827752,1.1453753254
3705,FALHA DE ACUMULO NO TRANSPORTE,4,False,OTHER,max_neighbor_similarity,0.1778163165,-0.2784313547,-0.0495096379
3705,FALHA DE ACUMULO NO TRANSPORTE,4,False,OTHER,mean_top3_neighbor_similarity,0.152781859,-1.9035838133,-0.2908330738
3705,FALHA DE ACUMULO NO TRANSPORTE,4,False,OTHER,mechanism_present,0.0,0.0205206418,0.0
3705,FALHA DE ACUMULO NO TRANSPORTE,4,False,OTHER,normalized_flat_score,0.908752065,0.4326820159,0.3932006754
3705,FALHA DE ACUMULO NO TRANSPORTE,4,False,OTHER,root_overlap,0.2,1.8020872646,0.3604174529
3705,FALHA DE ACUMULO NO TRANSPORTE,4,False,OTHER,token_overlap,0.0,-0.9829840341,-0.0
3705,FALHA DE ACUMULO NO TRANSPORTE,4,False,OTHER,top1_gap,0.0592183339,-1.6570759789,-0.0981292787
3705,FALHA DE INVERSOR,5,False,OTHER,centroid_similarity,0.0724969208,1.7801314007,0.1290540452
3705,FALHA DE INVERSOR,5,False,OTHER,char_overlap,0.0,-0.2440697578,-0.0
3705,FALHA DE INVERSOR,5,False,OTHER,component_present,0.0,0.5396170499,0.0
3705,FALHA DE INVERSOR,5,False,OTHER,family_score,0.5632972092,2.2663843684,1.2766479898
3705,FALHA DE INVERSOR,5,False,OTHER,flat_score,-0.9327996758,3.2829785737,-3.0623613493
3705,FALHA DE INVERSOR,5,False,OTHER,label_cosine,0.0,1.7169471715,0.0
3705,FALHA DE INVERSOR,5,False,OTHER,log_class_support,4.248495242,0.5212827752,2.2146673901
3705,FALHA DE INVERSOR,5,False,OTHER,max_neighbor_similarity,0.1055225059,-0.2784313547,-0.0293807743
3705,FALHA DE INVERSOR,5,False,OTHER,mean_top3_neighbor_similarity,0.0602756962,-1.9035838133,-0.1147398397
3705,FALHA DE INVERSOR,5,False,OTHER,mechanism_present,0.0,0.0205206418,0.0
3705,FALHA DE INVERSOR,5,False,OTHER,normalized_flat_score,0.8622116923,0.4326820159,0.3730634932
3705,FALHA DE INVERSOR,5,False,OTHER,root_overlap,0.0,1.8020872646,0.0
3705,FALHA DE INVERSOR,5,False,OTHER,token_overlap,0.0,-0.9829840341,-0.0
3705,FALHA DE INVERSOR,5,False,OTHER,top1_gap,0.089422232,-1.6570759789,-0.1481794327
3705,FALHA NA INSERCAO DE LATAS FALSAS,6,False,OTHER,centroid_similarity,0.0841794461,1.7801314007,0.1498504753
3705,FALHA NA INSERCAO DE LATAS FALSAS,6,False,OTHER,char_overlap,0.0384615385,-0.2440697578,-0.0093872984
3705,FALHA NA INSERCAO DE LATAS FALSAS,6,False,OTHER,component_present,0.0,0.5396170499,0.0
3705,FALHA NA INSERCAO DE LATAS FALSAS,6,False,OTHER,family_score,1.0,2.2663843684,2.2663843684
3705,FALHA NA INSERCAO DE LATAS FALSAS,6,False,OTHER,flat_score,-0.8958471047,3.2829785737,-2.94104685
3705,FALHA NA INSERCAO DE LATAS FALSAS,6,False,OTHER,label_cosine,0.0297994427,1.7169471715,0.0511640689
3705,FALHA NA INSERCAO DE LATAS FALSAS,6,False,OTHER,log_class_support,0.6931471806,0.5212827752,0.3613256859
3705,FALHA NA INSERCAO DE LATAS FALSAS,6,False,OTHER,max_neighbor_similarity,0.0841794461,-0.2784313547,-0.0234381972
3705,FALHA NA INSERCAO DE LATAS FALSAS,6,False,OTHER,mean_top3_neighbor_similarity,0.0841794461,-1.9035838133,-0.160242631
3705,FALHA NA INSERCAO DE LATAS FALSAS,6,False,OTHER,mechanism_present,0.0,0.0205206418,0.0
3705,FALHA NA INSERCAO DE LATAS FALSAS,6,False,OTHER,normalized_flat_score,0.9191509134,0.4326820159,0.3977000701
3705,FALHA NA INSERCAO DE LATAS FALSAS,6,False,OTHER,root_overlap,0.1666666667,1.8020872646,0.3003478774
3705,FALHA NA INSERCAO DE LATAS FALSAS,6,False,OTHER,token_overlap,0.0,-0.9829840341,-0.0
3705,FALHA NA INSERCAO DE LATAS FALSAS,6,False,OTHER,top1_gap,0.0524696609,-1.6570759789,-0.0869462147
3705,TOMBAMENTO DE RECIPIENTES,7,True,EXPECTED,centroid_similarity,0.1069144234,1.7801314007,0.1903217223
3705,TOMBAMENTO DE RECIPIENTES,7,True,EXPECTED,char_overlap,0.0697674419,-0.2440697578,-0.0170281226
3705,TOMBAMENTO DE RECIPIENTES,7,True,EXPECTED,component_present,0.0,0.5396170499,0.0
3705,TOMBAMENTO DE RECIPIENTES,7,True,EXPECTED,family_score,0.6556085017,2.2663843684,1.4858608602
3705,TOMBAMENTO DE RECIPIENTES,7,True,EXPECTED,flat_score,-0.8433774438,3.2829785737,-2.7687900775
3705,TOMBAMENTO DE RECIPIENTES,7,True,EXPECTED,label_cosine,0.0994525701,1.7169471715,0.1707548089
3705,TOMBAMENTO DE RECIPIENTES,7,True,EXPECTED,log_class_support,1.0986122887,0.5212827752,0.5726876627
3705,TOMBAMENTO DE RECIPIENTES,7,True,EXPECTED,max_neighbor_similarity,0.1069144234,-0.2784313547,-0.0297683277
3705,TOMBAMENTO DE RECIPIENTES,7,True,EXPECTED,mean_top3_neighbor_similarity,0.1069144234,-1.9035838133,-0.2035205658
3705,TOMBAMENTO DE RECIPIENTES,7,True,EXPECTED,mechanism_present,0.0,0.0205206418,0.0
3705,TOMBAMENTO DE RECIPIENTES,7,True,EXPECTED,normalized_flat_score,1.0,0.4326820159,0.4326820159
3705,TOMBAMENTO DE RECIPIENTES,7,True,EXPECTED,root_overlap,0.25,1.8020872646,0.4505218162
3705,TOMBAMENTO DE RECIPIENTES,7,True,EXPECTED,token_overlap,0.0,-0.9829840341,-0.0
3705,TOMBAMENTO DE RECIPIENTES,7,True,EXPECTED,top1_gap,0.0,-1.6570759789,-0.0
3705,FALHA DE BOMBA,8,False,OTHER,centroid_similarity,0.0555485338,1.7801314007,0.0988836893
3705,FALHA DE BOMBA,8,False,OTHER,char_overlap,0.0588235294,-0.2440697578,-0.0143570446
3705,FALHA DE BOMBA,8,False,OTHER,component_present,0.0,0.5396170499,0.0
3705,FALHA DE BOMBA,8,False,OTHER,family_score,0.601393831,2.2663843684,1.3629895778
3705,FALHA DE BOMBA,8,False,OTHER,flat_score,-0.9082894264,3.2829785737,-2.9818947256
3705,FALHA DE BOMBA,8,False,OTHER,label_cosine,0.0625447556,1.7169471715,0.1073860413
3705,FALHA DE BOMBA,8,False,OTHER,log_class_support,2.7725887222,0.5212827752,1.4453027435
3705,FALHA DE BOMBA,8,False,OTHER,max_neighbor_similarity,0.0401188359,-0.2784313547,-0.0111703418
3705,FALHA DE BOMBA,8,False,OTHER,mean_top3_neighbor_similarity,0.0397551383,-1.9035838133,-0.0756772377
3705,FALHA DE BOMBA,8,False,OTHER,mechanism_present,0.0,0.0205206418,0.0
3705,FALHA DE BOMBA,8,False,OTHER,normalized_flat_score,0.8999788751,0.4326820159,0.389404674
3705,FALHA DE BOMBA,8,False,OTHER,root_overlap,0.0,1.8020872646,0.0
3705,FALHA DE BOMBA,8,False,OTHER,token_overlap,0.0,-0.9829840341,-0.0
3705,FALHA DE BOMBA,8,False,OTHER,top1_gap,0.0649119826,-1.6570759789,-0.1075640872
3705,FALHA DE CONTAGEM DE PRODUTO,9,False,OTHER,centroid_similarity,0.1271650344,1.7801314007,0.2263704708
3705,FALHA DE CONTAGEM DE PRODUTO,9,False,OTHER,char_overlap,0.0,-0.2440697578,-0.0
3705,FALHA DE CONTAGEM DE PRODUTO,9,False,OTHER,component_present,0.0,0.5396170499,0.0
3705,FALHA DE CONTAGEM DE PRODUTO,9,False,OTHER,family_score,0.6556085017,2.2663843684,1.4858608602
3705,FALHA DE CONTAGEM DE PRODUTO,9,False,OTHER,flat_score,-0.8626883263,3.2829785737,-2.8321872911
3705,FALHA DE CONTAGEM DE PRODUTO,9,False,OTHER,label_cosine,0.0,1.7169471715,0.0
3705,FALHA DE CONTAGEM DE PRODUTO,9,False,OTHER,log_class_support,1.0986122887,0.5212827752,0.5726876627
3705,FALHA DE CONTAGEM DE PRODUTO,9,False,OTHER,max_neighbor_similarity,0.1271650344,-0.2784313547,-0.0354067328
3705,FALHA DE CONTAGEM DE PRODUTO,9,False,OTHER,mean_top3_neighbor_similarity,0.1271650344,-1.9035838133,-0.2420693011
3705,FALHA DE CONTAGEM DE PRODUTO,9,False,OTHER,mechanism_present,0.0,0.0205206418,0.0
3705,FALHA DE CONTAGEM DE PRODUTO,9,False,OTHER,normalized_flat_score,0.9702443815,0.4326820159,0.4198072949
3705,FALHA DE CONTAGEM DE PRODUTO,9,False,OTHER,root_overlap,0.0,1.8020872646,0.0
3705,FALHA DE CONTAGEM DE PRODUTO,9,False,OTHER,token_overlap,0.0,-0.9829840341,-0.0
3705,FALHA DE CONTAGEM DE PRODUTO,9,False,OTHER,top1_gap,0.0193108825,-1.6570759789,-0.0319995996
3705,PROBLEMA NA TAMPA DA LATA,10,False,OTHER,centroid_similarity,0.0759107843,1.7801314007,0.1351311708
3705,PROBLEMA NA TAMPA DA LATA,10,False,OTHER,char_overlap,0.0681818182,-0.2440697578,-0.0166411199
3705,PROBLEMA NA TAMPA DA LATA,10,False,OTHER,component_present,0.0,0.5396170499,0.0
3705,PROBLEMA NA TAMPA DA LATA,10,False,OTHER,family_score,0.4097706043,2.2663843684,0.9286976922
3705,PROBLEMA NA TAMPA DA LATA,10,False,OTHER,flat_score,-0.9180762698,3.2829785737,-3.0140247229
3705,PROBLEMA NA TAMPA DA LATA,10,False,OTHER,label_cosine,0.1144819781,1.7169471715,0.1965595085
3705,PROBLEMA NA TAMPA DA LATA,10,False,OTHER,log_class_support,1.0986122887,0.5212827752,0.5726876627
3705,PROBLEMA NA TAMPA DA LATA,10,False,OTHER,max_neighbor_similarity,0.0759107843,-0.2784313547,-0.0211359425
3705,PROBLEMA NA TAMPA DA LATA,10,False,OTHER,mean_top3_neighbor_similarity,0.0759107843,-1.9035838133,-0.1445025403
3705,PROBLEMA NA TAMPA DA LATA,10,False,OTHER,mechanism_present,0.0,0.0205206418,0.0
3705,PROBLEMA NA TAMPA DA LATA,10,False,OTHER,normalized_flat_score,0.8848985919,0.4326820159,0.3828797066
3705,PROBLEMA NA TAMPA DA LATA,10,False,OTHER,root_overlap,0.2,1.8020872646,0.3604174529
3705,PROBLEMA NA TAMPA DA LATA,10,False,OTHER,token_overlap,0.1666666667,-0.9829840341,-0.1638306724
3705,PROBLEMA NA TAMPA DA LATA,10,False,OTHER,top1_gap,0.074698826,-1.6570759789,-0.1237816303
3707,FALHA DE INSPECAO,1,False,OTHER,centroid_similarity,0.2476529926,1.7801314007,0.4408548686
3707,FALHA DE INSPECAO,1,False,OTHER,char_overlap,0.1071428571,-0.2440697578,-0.0261503312
3707,FALHA DE INSPECAO,1,False,OTHER,component_present,0.0,0.5396170499,0.0
3707,FALHA DE INSPECAO,1,False,OTHER,family_score,1.0,2.2663843684,2.2663843684
3707,FALHA DE INSPECAO,1,False,OTHER,flat_score,-0.2204482322,3.2829785737,-0.7237268228
3707,FALHA DE INSPECAO,1,False,OTHER,label_cosine,0.0925979987,1.7169471715,0.1589858719
3707,FALHA DE INSPECAO,1,False,OTHER,log_class_support,4.276666119,0.5212827752,2.229352383
3707,FALHA DE INSPECAO,1,False,OTHER,max_neighbor_similarity,0.213590607,-0.2784313547,-0.0594703221
3707,FALHA DE INSPECAO,1,False,OTHER,mean_top3_neighbor_similarity,0.1673777675,-1.9035838133,-0.3186176088
3707,FALHA DE INSPECAO,1,False,OTHER,mechanism_present,0.0,0.0205206418,0.0
3707,FALHA DE INSPECAO,1,False,OTHER,normalized_flat_score,1.0,0.4326820159,0.4326820159
3707,FALHA DE INSPECAO,1,False,OTHER,root_overlap,0.1666666667,1.8020872646,0.3003478774
3707,FALHA DE INSPECAO,1,False,OTHER,token_overlap,0.0,-0.9829840341,-0.0
3707,FALHA DE INSPECAO,1,False,OTHER,top1_gap,0.0,-1.6570759789,-0.0
3707,FALHA DE SENSOR,2,False,PROMOTED_WRONG,centroid_similarity,0.0857859924,1.7801314007,0.1527103389
3707,FALHA DE SENSOR,2,False,PROMOTED_WRONG,char_overlap,0.0344827586,-0.2440697578,-0.0084161985
3707,FALHA DE SENSOR,2,False,PROMOTED_WRONG,component_present,0.0,0.5396170499,0.0
3707,FALHA DE SENSOR,2,False,PROMOTED_WRONG,family_score,0.4829950728,2.2663843684,1.0946524829
3707,FALHA DE SENSOR,2,False,PROMOTED_WRONG,flat_score,-0.9301068632,3.2829785737,-3.0535209031
3707,FALHA DE SENSOR,2,False,PROMOTED_WRONG,label_cosine,0.016677022,1.7169471715,0.0286335657
3707,FALHA DE SENSOR,2,False,PROMOTED_WRONG,log_class_support,5.6489742382,0.5212827752,2.9447129678
3707,FALHA DE SENSOR,2,False,PROMOTED_WRONG,max_neighbor_similarity,0.0344839916,-0.2784313547,-0.0096014245
3707,FALHA DE SENSOR,2,False,PROMOTED_WRONG,mean_top3_neighbor_similarity,0.0344839916,-1.9035838133,-0.0656431682
3707,FALHA DE SENSOR,2,False,PROMOTED_WRONG,mechanism_present,0.0,0.0205206418,0.0
3707,FALHA DE SENSOR,2,False,PROMOTED_WRONG,normalized_flat_score,0.5065645477,0.4326820159,0.2191813697
3707,FALHA DE SENSOR,2,False,PROMOTED_WRONG,root_overlap,0.0,1.8020872646,0.0
3707,FALHA DE SENSOR,2,False,PROMOTED_WRONG,token_overlap,0.0,-0.9829840341,-0.0
3707,FALHA DE SENSOR,2,False,PROMOTED_WRONG,top1_gap,0.709658631,-1.6570759789,-1.1759582708
3707,FALHA DE ENCHIMENTO,3,False,OTHER,centroid_similarity,0.1597253084,1.7801314007,0.284332037
3707,FALHA DE ENCHIMENTO,3,False,OTHER,char_overlap,0.0322580645,-0.2440697578,-0.007873218
3707,FALHA DE ENCHIMENTO,3,False,OTHER,component_present,0.0,0.5396170499,0.0
3707,FALHA DE ENCHIMENTO,3,False,OTHER,family_score,0.490416134,2.2663843684,1.1114714601
3707,FALHA DE ENCHIMENTO,3,False,OTHER,flat_score,-0.867831968,3.2829785737,-2.8490737564
3707,FALHA DE ENCHIMENTO,3,False,OTHER,label_cosine,0.0112063438,1.7169471715,0.0192407002
3707,FALHA DE ENCHIMENTO,3,False,OTHER,log_class_support,4.5643481915,0.5212827752,2.3793160921
3707,FALHA DE ENCHIMENTO,3,False,OTHER,max_neighbor_similarity,0.1339870542,-0.2784313547,-0.037306197
3707,FALHA DE ENCHIMENTO,3,False,OTHER,mean_top3_neighbor_similarity,0.1087782805,-1.9035838133,-0.207068574
3707,FALHA DE ENCHIMENTO,3,False,OTHER,mechanism_present,0.0,0.0205206418,0.0
3707,FALHA DE ENCHIMENTO,3,False,OTHER,normalized_flat_score,0.5498651429,0.4326820159,0.2379167585
3707,FALHA DE ENCHIMENTO,3,False,OTHER,root_overlap,0.0,1.8020872646,0.0
3707,FALHA DE ENCHIMENTO,3,False,OTHER,token_overlap,0.0,-0.9829840341,-0.0
3707,FALHA DE ENCHIMENTO,3,False,OTHER,top1_gap,0.6473837358,-1.6570759789,-1.0727640378
3707,FALHA DE REJEICAO,4,True,EXPECTED,centroid_similarity,0.0827286243,1.7801314007,0.1472678219
3707,FALHA DE REJEICAO,4,True,EXPECTED,char_overlap,0.0333333333,-0.2440697578,-0.0081356586
3707,FALHA DE REJEICAO,4,True,EXPECTED,component_present,0.0,0.5396170499,0.0
3707,FALHA DE REJEICAO,4,True,EXPECTED,family_score,0.4898314424,2.2663843684,1.1101463242
3707,FALHA DE REJEICAO,4,True,EXPECTED,flat_score,-0.9055734303,3.2829785737,-2.9729781684
3707,FALHA DE REJEICAO,4,True,EXPECTED,label_cosine,0.0076396749,1.7169471715,0.0131169183
3707,FALHA DE REJEICAO,4,True,EXPECTED,log_class_support,4.248495242,0.5212827752,2.2146673901
3707,FALHA DE REJEICAO,4,True,EXPECTED,max_neighbor_similarity,0.0142366905,-0.2784313547,-0.003963941
3707,FALHA DE REJEICAO,4,True,EXPECTED,mean_top3_neighbor_similarity,0.0091611315,-1.9035838133,-0.0174389816
3707,FALHA DE REJEICAO,4,True,EXPECTED,mechanism_present,0.0,0.0205206418,0.0
3707,FALHA DE REJEICAO,4,True,EXPECTED,normalized_flat_score,0.5236229826,0.4326820159,0.2265622477
3707,FALHA DE REJEICAO,4,True,EXPECTED,root_overlap,0.0,1.8020872646,0.0
3707,FALHA DE REJEICAO,4,True,EXPECTED,token_overlap,0.0,-0.9829840341,-0.0
3707,FALHA DE REJEICAO,4,True,EXPECTED,top1_gap,0.6851251981,-1.6570759789,-1.1353045084
3707,FALHA DE COMUNICACAO,5,False,OTHER,centroid_similarity,0.0229471028,1.7801314007,0.0408488582
3707,FALHA DE COMUNICACAO,5,False,OTHER,char_overlap,0.0317460317,-0.2440697578,-0.0077482463
3707,FALHA DE COMUNICACAO,5,False,OTHER,component_present,0.0,0.5396170499,0.0
3707,FALHA DE COMUNICACAO,5,False,OTHER,family_score,0.4948536515,2.2663843684,1.1215285804
3707,FALHA DE COMUNICACAO,5,False,OTHER,flat_score,-0.9723053191,3.2829785737,-3.1920575297
3707,FALHA DE COMUNICACAO,5,False,OTHER,label_cosine,0.0090616411,1.7169471715,0.015558359
3707,FALHA DE COMUNICACAO,5,False,OTHER,log_class_support,3.9702919136,0.5212827752,2.0696447869
3707,FALHA DE COMUNICACAO,5,False,OTHER,max_neighbor_similarity,0.0072437618,-0.2784313547,-0.0020168904
3707,FALHA DE COMUNICACAO,5,False,OTHER,mean_top3_neighbor_similarity,0.0072437618,-1.9035838133,-0.0137891077
3707,FALHA DE COMUNICACAO,5,False,OTHER,mechanism_present,0.0,0.0205206418,0.0
3707,FALHA DE COMUNICACAO,5,False,OTHER,normalized_flat_score,0.4772233782,0.4326820159,0.2064859733
3707,FALHA DE COMUNICACAO,5,False,OTHER,root_overlap,0.0,1.8020872646,0.0
3707,FALHA DE COMUNICACAO,5,False,OTHER,token_overlap,0.0,-0.9829840341,-0.0
3707,FALHA DE COMUNICACAO,5,False,OTHER,top1_gap,0.751857087,-1.6570759789,-1.2458843184
3707,FALHA DE CODIFICACAO,6,False,OTHER,centroid_similarity,0.0511509553,1.7801314007,0.0910554216
3707,FALHA DE CODIFICACAO,6,False,OTHER,char_overlap,0.0317460317,-0.2440697578,-0.0077482463
3707,FALHA DE CODIFICACAO,6,False,OTHER,component_present,0.0,0.5396170499,0.0
3707,FALHA DE CODIFICACAO,6,False,OTHER,family_score,0.438747248,2.2663843684,0.9943699045
3707,FALHA DE CODIFICACAO,6,False,OTHER,flat_score,-0.9604132567,3.2829785737,-3.1530161437
3707,FALHA DE CODIFICACAO,6,False,OTHER,label_cosine,0.0075844675,1.7169471715,0.0130221301
3707,FALHA DE CODIFICACAO,6,False,OTHER,log_class_support,3.8286413965,0.5212827752,1.9958048123
3707,FALHA DE CODIFICACAO,6,False,OTHER,max_neighbor_similarity,0.0282672383,-0.2784313547,-0.0078704855
3707,FALHA DE CODIFICACAO,6,False,OTHER,mean_top3_neighbor_similarity,0.0170250797,-1.9035838133,-0.0324086662
3707,FALHA DE CODIFICACAO,6,False,OTHER,mechanism_present,0.0,0.0205206418,0.0
3707,FALHA DE CODIFICACAO,6,False,OTHER,normalized_flat_score,0.4854920935,0.4326820159,0.2100636977
3707,FALHA DE CODIFICACAO,6,False,OTHER,root_overlap,0.0,1.8020872646,0.0
3707,FALHA DE CODIFICACAO,6,False,OTHER,token_overlap,0.0,-0.9829840341,-0.0
3707,FALHA DE CODIFICACAO,6,False,OTHER,top1_gap,0.7399650246,-1.6570759789,-1.2261782675
3707,FALHA DE CARBONATACAO,7,False,OTHER,centroid_similarity,0.0769190341,1.7801314007,0.136925988
3707,FALHA DE CARBONATACAO,7,False,OTHER,char_overlap,0.03125,-0.2440697578,-0.0076271799
3707,FALHA DE CARBONATACAO,7,False,OTHER,component_present,0.0,0.5396170499,0.0
3707,FALHA DE CARBONATACAO,7,False,OTHER,family_score,0.4454732943,2.2663843684,1.0096137108
3707,FALHA DE CARBONATACAO,7,False,OTHER,flat_score,-0.9274140636,3.2829785737,-3.0446804997
3707,FALHA DE CARBONATACAO,7,False,OTHER,label_cosine,0.0063493634,1.7169471715,0.0109015215
3707,FALHA DE CARBONATACAO,7,False,OTHER,log_class_support,1.9459101491,0.5212827752,1.0143694427
3707,FALHA DE CARBONATACAO,7,False,OTHER,max_neighbor_similarity,0.0928129107,-0.2784313547,-0.0258420245
3707,FALHA DE CARBONATACAO,7,False,OTHER,mean_top3_neighbor_similarity,0.0638190856,-1.9035838133,-0.1214849782
3707,FALHA DE CARBONATACAO,7,False,OTHER,mechanism_present,0.0,0.0205206418,0.0
3707,FALHA DE CARBONATACAO,7,False,OTHER,normalized_flat_score,0.5084368885,0.4326820159,0.2199914979
3707,FALHA DE CARBONATACAO,7,False,OTHER,root_overlap,0.0,1.8020872646,0.0
3707,FALHA DE CARBONATACAO,7,False,OTHER,token_overlap,0.0,-0.9829840341,-0.0
3707,FALHA DE CARBONATACAO,7,False,OTHER,top1_gap,0.7069658314,-1.6570759789,-1.1714960972
3707,TAMPA INVERTIDA,8,False,OTHER,centroid_similarity,0.0919369906,1.7801314007,0.1636599239
3707,TAMPA INVERTIDA,8,False,OTHER,char_overlap,0.0169491525,-0.2440697578,-0.0041367756
3707,TAMPA INVERTIDA,8,False,OTHER,component_present,0.0,0.5396170499,0.0
3707,TAMPA INVERTIDA,8,False,OTHER,family_score,0.3950429453,2.2663843684,0.8953191561
3707,TAMPA INVERTIDA,8,False,OTHER,flat_score,-0.9525456029,3.2829785737,-3.1271868047
3707,TAMPA INVERTIDA,8,False,OTHER,label_cosine,0.0060901879,1.7169471715,0.0104565309
3707,TAMPA INVERTIDA,8,False,OTHER,log_class_support,1.7917594692,0.5212827752,0.9340133486
3707,TAMPA INVERTIDA,8,False,OTHER,max_neighbor_similarity,0.0984404758,-0.2784313547,-0.027408915
3707,TAMPA INVERTIDA,8,False,OTHER,mean_top3_neighbor_similarity,0.0729345549,-1.9035838133,-0.1388370381
3707,TAMPA INVERTIDA,8,False,OTHER,mechanism_present,0.0,0.0205206418,0.0
3707,TAMPA INVERTIDA,8,False,OTHER,normalized_flat_score,0.4909625819,0.4326820159,0.2124306797
3707,TAMPA INVERTIDA,8,False,OTHER,root_overlap,0.0,1.8020872646,0.0
3707,TAMPA INVERTIDA,8,False,OTHER,token_overlap,0.0,-0.9829840341,-0.0
3707,TAMPA INVERTIDA,8,False,OTHER,top1_gap,0.7320973707,-1.6570759789,-1.2131409673
3707,FALHA DE ENCODER,9,False,OTHER,centroid_similarity,0.0523805954,1.7801314007,0.0932443426
3707,FALHA DE ENCODER,9,False,OTHER,char_overlap,0.0338983051,-0.2440697578,-0.0082735511
3707,FALHA DE ENCODER,9,False,OTHER,component_present,0.0,0.5396170499,0.0
3707,FALHA DE ENCODER,9,False,OTHER,family_score,0.4225196083,2.2663843684,0.9575918357
3707,FALHA DE ENCODER,9,False,OTHER,flat_score,-0.9867720675,3.2829785737,-3.2395515546
3707,FALHA DE ENCODER,9,False,OTHER,label_cosine,0.0068831248,1.7169471715,0.0118179617
3707,FALHA DE ENCODER,9,False,OTHER,log_class_support,1.9459101491,0.5212827752,1.0143694427
3707,FALHA DE ENCODER,9,False,OTHER,max_neighbor_similarity,0.0616715252,-0.2784313547,-0.0171712863
3707,FALHA DE ENCODER,9,False,OTHER,mean_top3_neighbor_similarity,0.0466765227,-1.9035838133,-0.0888526732
3707,FALHA DE ENCODER,9,False,OTHER,mechanism_present,0.0,0.0205206418,0.0
3707,FALHA DE ENCODER,9,False,OTHER,normalized_flat_score,0.4671644482,0.4326820159,0.2021336552
3707,FALHA DE ENCODER,9,False,OTHER,root_overlap,0.0,1.8020872646,0.0
3707,FALHA DE ENCODER,9,False,OTHER,token_overlap,0.0,-0.9829840341,-0.0
3707,FALHA DE ENCODER,9,False,OTHER,top1_gap,0.7663238353,-1.6570759789,-1.2698568196
3707,ERRO DE COMUNICACAO,10,False,OTHER,centroid_similarity,0.1728447676,1.7801314007,0.3076863982
3707,ERRO DE COMUNICACAO,10,False,OTHER,char_overlap,0.0322580645,-0.2440697578,-0.007873218
3707,ERRO DE COMUNICACAO,10,False,OTHER,component_present,0.0,0.5396170499,0.0
3707,ERRO DE COMUNICACAO,10,False,OTHER,family_score,0.4948536515,2.2663843684,1.1215285804
3707,ERRO DE COMUNICACAO,10,False,OTHER,flat_score,-0.9095130054,3.2829785737,-2.9859117092
3707,ERRO DE COMUNICACAO,10,False,OTHER,label_cosine,0.0067033404,1.7169471715,0.0115092814
3707,ERRO DE COMUNICACAO,10,False,OTHER,log_class_support,0.6931471806,0.5212827752,0.3613256859
3707,ERRO DE COMUNICACAO,10,False,OTHER,max_neighbor_similarity,0.1728447676,-0.2784313547,-0.0481254028
3707,ERRO DE COMUNICACAO,10,False,OTHER,mean_top3_neighbor_similarity,0.1728447676,-1.9035838133,-0.3290245018
3707,ERRO DE COMUNICACAO,10,False,OTHER,mechanism_present,0.0,0.0205206418,0.0
3707,ERRO DE COMUNICACAO,10,False,OTHER,normalized_flat_score,0.5208837416,0.4326820159,0.2253770274
3707,ERRO DE COMUNICACAO,10,False,OTHER,root_overlap,0.0,1.8020872646,0.0
3707,ERRO DE COMUNICACAO,10,False,OTHER,token_overlap,0.0,-0.9829840341,-0.0
3707,ERRO DE COMUNICACAO,10,False,OTHER,top1_gap,0.6890647732,-1.6570759789,-1.1418326837
3770,SEM MODO DE FALHA IDENTIFICADO,1,False,PROMOTED_WRONG,centroid_similarity,0.0504409559,1.7801314007,0.0897915295
3770,SEM MODO DE FALHA IDENTIFICADO,1,False,PROMOTED_WRONG,char_overlap,0.0,-0.2440697578,-0.0
3770,SEM MODO DE FALHA IDENTIFICADO,1,False,PROMOTED_WRONG,component_present,0.0,0.5396170499,0.0
3770,SEM MODO DE FALHA IDENTIFICADO,1,False,PROMOTED_WRONG,family_score,1.0,2.2663843684,2.2663843684
3770,SEM MODO DE FALHA IDENTIFICADO,1,False,PROMOTED_WRONG,flat_score,-0.7281068673,3.2829785737,-2.3903592447
3770,SEM MODO DE FALHA IDENTIFICADO,1,False,PROMOTED_WRONG,label_cosine,0.0,1.7169471715,0.0
3770,SEM MODO DE FALHA IDENTIFICADO,1,False,PROMOTED_WRONG,log_class_support,4.248495242,0.5212827752,2.2146673901
3770,SEM MODO DE FALHA IDENTIFICADO,1,False,PROMOTED_WRONG,max_neighbor_similarity,0.0120195439,-0.2784313547,-0.0033466179
3770,SEM MODO DE FALHA IDENTIFICADO,1,False,PROMOTED_WRONG,mean_top3_neighbor_similarity,0.008782966,-1.9035838133,-0.0167191119
3770,SEM MODO DE FALHA IDENTIFICADO,1,False,PROMOTED_WRONG,mechanism_present,0.0,0.0205206418,0.0
3770,SEM MODO DE FALHA IDENTIFICADO,1,False,PROMOTED_WRONG,normalized_flat_score,0.839297137,0.4326820159,0.3631487772
3770,SEM MODO DE FALHA IDENTIFICADO,1,False,PROMOTED_WRONG,root_overlap,0.0,1.8020872646,0.0
3770,SEM MODO DE FALHA IDENTIFICADO,1,False,PROMOTED_WRONG,token_overlap,0.0,-0.9829840341,-0.0
3770,SEM MODO DE FALHA IDENTIFICADO,1,False,PROMOTED_WRONG,top1_gap,0.1661365395,-1.6570759789,-0.2753008688
3770,TRAVAMENTO DE ESTEIRA,2,False,OTHER,centroid_similarity,0.1015672237,1.7801314007,0.1808030041
3770,TRAVAMENTO DE ESTEIRA,2,False,OTHER,char_overlap,0.0833333333,-0.2440697578,-0.0203391465
3770,TRAVAMENTO DE ESTEIRA,2,False,OTHER,component_present,0.0,0.5396170499,0.0
3770,TRAVAMENTO DE ESTEIRA,2,False,OTHER,family_score,0.3923314732,2.2663843684,0.8891739182
3770,TRAVAMENTO DE ESTEIRA,2,False,OTHER,flat_score,-0.6385475766,3.2829785737,-2.0963380123
3770,TRAVAMENTO DE ESTEIRA,2,False,OTHER,label_cosine,0.0676956922,1.7169471715,0.1162299272
3770,TRAVAMENTO DE ESTEIRA,2,False,OTHER,log_class_support,2.7080502011,0.5212827752,1.4116599241
3770,TRAVAMENTO DE ESTEIRA,2,False,OTHER,max_neighbor_similarity,0.0444522761,-0.2784313547,-0.0123769075
3770,TRAVAMENTO DE ESTEIRA,2,False,OTHER,mean_top3_neighbor_similarity,0.0294941974,-1.9035838133,-0.0561446768
3770,TRAVAMENTO DE ESTEIRA,2,False,OTHER,mechanism_present,0.0,0.0205206418,0.0
3770,TRAVAMENTO DE ESTEIRA,2,False,OTHER,normalized_flat_score,0.9259272935,0.4326820159,0.400632088
3770,TRAVAMENTO DE ESTEIRA,2,False,OTHER,root_overlap,0.25,1.8020872646,0.4505218162
3770,TRAVAMENTO DE ESTEIRA,2,False,OTHER,token_overlap,0.0,-0.9829840341,-0.0
3770,TRAVAMENTO DE ESTEIRA,2,False,OTHER,top1_gap,0.0765772488,-1.6570759789,-0.1268943195
3770,TRAVAMENTO DO SISTEMA DE COMPACTACAO,3,False,OTHER,centroid_similarity,0.2070598006,1.7801314007,0.3685936529
3770,TRAVAMENTO DO SISTEMA DE COMPACTACAO,3,False,OTHER,char_overlap,0.0588235294,-0.2440697578,-0.0143570446
3770,TRAVAMENTO DO SISTEMA DE COMPACTACAO,3,False,OTHER,component_present,0.0,0.5396170499,0.0
3770,TRAVAMENTO DO SISTEMA DE COMPACTACAO,3,False,OTHER,family_score,1.0,2.2663843684,2.2663843684
3770,TRAVAMENTO DO SISTEMA DE COMPACTACAO,3,False,OTHER,flat_score,-0.7285655324,3.2829785737,-2.3918650322
3770,TRAVAMENTO DO SISTEMA DE COMPACTACAO,3,False,OTHER,label_cosine,0.0407492779,1.7169471715,0.0699643575
3770,TRAVAMENTO DO SISTEMA DE COMPACTACAO,3,False,OTHER,log_class_support,1.3862943611,0.5212827752,0.7226513718
3770,TRAVAMENTO DO SISTEMA DE COMPACTACAO,3,False,OTHER,max_neighbor_similarity,0.2964044213,-0.2784313547,-0.0825282846
3770,TRAVAMENTO DO SISTEMA DE COMPACTACAO,3,False,OTHER,mean_top3_neighbor_similarity,0.1376741342,-1.9035838133,-0.2620742534
3770,TRAVAMENTO DO SISTEMA DE COMPACTACAO,3,False,OTHER,mechanism_present,0.0,0.0205206418,0.0
3770,TRAVAMENTO DO SISTEMA DE COMPACTACAO,3,False,OTHER,normalized_flat_score,0.8388534731,0.4326820159,0.3629568118
3770,TRAVAMENTO DO SISTEMA DE COMPACTACAO,3,False,OTHER,root_overlap,0.2,1.8020872646,0.3604174529
3770,TRAVAMENTO DO SISTEMA DE COMPACTACAO,3,False,OTHER,token_overlap,0.0,-0.9829840341,-0.0
3770,TRAVAMENTO DO SISTEMA DE COMPACTACAO,3,False,OTHER,top1_gap,0.1665952045,-1.6570759789,-0.2760609116
3770,TRAVAMENTO DE VALVULA,4,False,OTHER,centroid_similarity,0.137926504,1.7801314007,0.2455273008
3770,TRAVAMENTO DE VALVULA,4,False,OTHER,char_overlap,0.0833333333,-0.2440697578,-0.0203391465
3770,TRAVAMENTO DE VALVULA,4,False,OTHER,component_present,0.0,0.5396170499,0.0
3770,TRAVAMENTO DE VALVULA,4,False,OTHER,family_score,0.309851007,2.2663843684,0.7022414787
3770,TRAVAMENTO DE VALVULA,4,False,OTHER,flat_score,-0.6079862335,3.2829785737,-1.9960057777
3770,TRAVAMENTO DE VALVULA,4,False,OTHER,label_cosine,0.0662095025,1.7169471715,0.1136782181
3770,TRAVAMENTO DE VALVULA,4,False,OTHER,log_class_support,2.6390573296,0.5212827752,1.3756951286
3770,TRAVAMENTO DE VALVULA,4,False,OTHER,max_neighbor_similarity,0.1442664415,-0.2784313547,-0.0401683007
3770,TRAVAMENTO DE VALVULA,4,False,OTHER,mean_top3_neighbor_similarity,0.0675709117,-1.9035838133,-0.1286268938
3770,TRAVAMENTO DE VALVULA,4,False,OTHER,mechanism_present,0.0,0.0205206418,0.0
3770,TRAVAMENTO DE VALVULA,4,False,OTHER,normalized_flat_score,0.9554890946,0.4326820159,0.4134229476
3770,TRAVAMENTO DE VALVULA,4,False,OTHER,root_overlap,0.25,1.8020872646,0.4505218162
3770,TRAVAMENTO DE VALVULA,4,False,OTHER,token_overlap,0.0,-0.9829840341,-0.0
3770,TRAVAMENTO DE VALVULA,4,False,OTHER,top1_gap,0.0460159057,-1.6570759789,-0.0762518519
3770,FALHA DE MOLA,5,False,OTHER,centroid_similarity,0.1296881735,1.7801314007,0.23086199
3770,FALHA DE MOLA,5,False,OTHER,char_overlap,0.0,-0.2440697578,-0.0
3770,FALHA DE MOLA,5,False,OTHER,component_present,0.0,0.5396170499,0.0
3770,FALHA DE MOLA,5,False,OTHER,family_score,1.0,2.2663843684,2.2663843684
3770,FALHA DE MOLA,5,False,OTHER,flat_score,-0.7236563467,3.2829785737,-2.3757482809
3770,FALHA DE MOLA,5,False,OTHER,label_cosine,0.0,1.7169471715,0.0
3770,FALHA DE MOLA,5,False,OTHER,log_class_support,2.0794415417,0.5212827752,1.0839770577
3770,FALHA DE MOLA,5,False,OTHER,max_neighbor_similarity,0.2332201749,-0.2784313547,-0.0649358093
3770,FALHA DE MOLA,5,False,OTHER,mean_top3_neighbor_similarity,0.1475209333,-1.9035838133,-0.2808184608
3770,FALHA DE MOLA,5,False,OTHER,mechanism_present,0.0,0.0205206418,0.0
3770,FALHA DE MOLA,5,False,OTHER,normalized_flat_score,0.8436020985,0.4326820159,0.3650114566
3770,FALHA DE MOLA,5,False,OTHER,root_overlap,0.0,1.8020872646,0.0
3770,FALHA DE MOLA,5,False,OTHER,token_overlap,0.0,-0.9829840341,-0.0
3770,FALHA DE MOLA,5,False,OTHER,top1_gap,0.1616860189,-1.6570759789,-0.267926018
3770,TRAVAMENTO DE PINCA,6,True,EXPECTED,centroid_similarity,0.4143478274,1.7801314007,0.7375935784
3770,TRAVAMENTO DE PINCA,6,True,EXPECTED,char_overlap,0.1212121212,-0.2440697578,-0.0295842131
3770,TRAVAMENTO DE PINCA,6,True,EXPECTED,component_present,0.0,0.5396170499,0.0
3770,TRAVAMENTO DE PINCA,6,True,EXPECTED,family_score,0.6856549534,2.2663843684,1.5539576685
3770,TRAVAMENTO DE PINCA,6,True,EXPECTED,flat_score,-0.5619703278,3.2829785737,-1.8449365453
3770,TRAVAMENTO DE PINCA,6,True,EXPECTED,label_cosine,0.1022020429,1.7169471715,0.1754755085
3770,TRAVAMENTO DE PINCA,6,True,EXPECTED,log_class_support,0.6931471806,0.5212827752,0.3613256859
3770,TRAVAMENTO DE PINCA,6,True,EXPECTED,max_neighbor_similarity,0.4143478274,-0.2784313547,-0.1153674269
3770,TRAVAMENTO DE PINCA,6,True,EXPECTED,mean_top3_neighbor_similarity,0.4143478274,-1.9035838133,-0.7887458174
3770,TRAVAMENTO DE PINCA,6,True,EXPECTED,mechanism_present,0.0,0.0205206418,0.0
3770,TRAVAMENTO DE PINCA,6,True,EXPECTED,normalized_flat_score,1.0,0.4326820159,0.4326820159
3770,TRAVAMENTO DE PINCA,6,True,EXPECTED,root_overlap,0.25,1.8020872646,0.4505218162
3770,TRAVAMENTO DE PINCA,6,True,EXPECTED,token_overlap,0.0,-0.9829840341,-0.0
3770,TRAVAMENTO DE PINCA,6,True,EXPECTED,top1_gap,0.0,-1.6570759789,-0.0
3770,AUSENCIA DE PARAFUSO DE FIXACAO,7,False,OTHER,centroid_similarity,0.2473392189,1.7801314007,0.4402963101
3770,AUSENCIA DE PARAFUSO DE FIXACAO,7,False,OTHER,char_overlap,0.0,-0.2440697578,-0.0
3770,AUSENCIA DE PARAFUSO DE FIXACAO,7,False,OTHER,component_present,0.0,0.5396170499,0.0
3770,AUSENCIA DE PARAFUSO DE FIXACAO,7,False,OTHER,family_score,1.0,2.2663843684,2.2663843684
3770,AUSENCIA DE PARAFUSO DE FIXACAO,7,False,OTHER,flat_score,-0.7395574362,3.2829785737,-2.4279512171
3770,AUSENCIA DE PARAFUSO DE FIXACAO,7,False,OTHER,label_cosine,0.0,1.7169471715,0.0
3770,AUSENCIA DE PARAFUSO DE FIXACAO,7,False,OTHER,log_class_support,0.6931471806,0.5212827752,0.3613256859
3770,AUSENCIA DE PARAFUSO DE FIXACAO,7,False,OTHER,max_neighbor_similarity,0.2473392189,-0.2784313547,-0.0688669938
3770,AUSENCIA DE PARAFUSO DE FIXACAO,7,False,OTHER,mean_top3_neighbor_similarity,0.2473392189,-1.9035838133,-0.4708309334
3770,AUSENCIA DE PARAFUSO DE FIXACAO,7,False,OTHER,mechanism_present,0.0,0.0205206418,0.0
3770,AUSENCIA DE PARAFUSO DE FIXACAO,7,False,OTHER,normalized_flat_score,0.8282210714,0.4326820159,0.3583563628
3770,AUSENCIA DE PARAFUSO DE FIXACAO,7,False,OTHER,root_overlap,0.0,1.8020872646,0.0
3770,AUSENCIA DE PARAFUSO DE FIXACAO,7,False,OTHER,token_overlap,0.0,-0.9829840341,-0.0
3770,AUSENCIA DE PARAFUSO DE FIXACAO,7,False,OTHER,top1_gap,0.1775871084,-1.6570759789,-0.2942753315
3770,FALHA DE FIXACAO DA TULIPA,8,False,OTHER,centroid_similarity,0.2303312123,1.7801314007,0.4100198235
3770,FALHA DE FIXACAO DA TULIPA,8,False,OTHER,char_overlap,0.0,-0.2440697578,-0.0
3770,FALHA DE FIXACAO DA TULIPA,8,False,OTHER,component_present,0.0,0.5396170499,0.0
3770,FALHA DE FIXACAO DA TULIPA,8,False,OTHER,family_score,1.0,2.2663843684,2.2663843684
3770,FALHA DE FIXACAO DA TULIPA,8,False,OTHER,flat_score,-0.7661134661,3.2829785737,-2.5151340941
3770,FALHA DE FIXACAO DA TULIPA,8,False,OTHER,label_cosine,0.0013127369,1.7169471715,0.0022538999
3770,FALHA DE FIXACAO DA TULIPA,8,False,OTHER,log_class_support,0.6931471806,0.5212827752,0.3613256859
3770,FALHA DE FIXACAO DA TULIPA,8,False,OTHER,max_neighbor_similarity,0.2303312123,-0.2784313547,-0.0641314315
3770,FALHA DE FIXACAO DA TULIPA,8,False,OTHER,mean_top3_neighbor_similarity,0.2303312123,-1.9035838133,-0.4384547674
3770,FALHA DE FIXACAO DA TULIPA,8,False,OTHER,mechanism_present,0.0,0.0205206418,0.0
3770,FALHA DE FIXACAO DA TULIPA,8,False,OTHER,normalized_flat_score,0.8025335855,0.4326820159,0.3472418496
3770,FALHA DE FIXACAO DA TULIPA,8,False,OTHER,root_overlap,0.0,1.8020872646,0.0
3770,FALHA DE FIXACAO DA TULIPA,8,False,OTHER,token_overlap,0.0,-0.9829840341,-0.0
3770,FALHA DE FIXACAO DA TULIPA,8,False,OTHER,top1_gap,0.2041431382,-1.6570759789,-0.3382806906
3770,TRAVAMENTO DE PERSIANA,9,False,OTHER,centroid_similarity,0.223338753,1.7801314007,0.3975723272
3770,TRAVAMENTO DE PERSIANA,9,False,OTHER,char_overlap,0.0810810811,-0.2440697578,-0.0197894398
3770,TRAVAMENTO DE PERSIANA,9,False,OTHER,component_present,0.0,0.5396170499,0.0
3770,TRAVAMENTO DE PERSIANA,9,False,OTHER,family_score,0.6616855887,2.2663843684,1.499633875
3770,TRAVAMENTO DE PERSIANA,9,False,OTHER,flat_score,-0.7242842123,3.2829785737,-2.3778095501
3770,TRAVAMENTO DE PERSIANA,9,False,OTHER,label_cosine,0.0452155694,1.7169471715,0.0776327441
3770,TRAVAMENTO DE PERSIANA,9,False,OTHER,log_class_support,0.6931471806,0.5212827752,0.3613256859
3770,TRAVAMENTO DE PERSIANA,9,False,OTHER,max_neighbor_similarity,0.223338753,-0.2784313547,-0.0621845116
3770,TRAVAMENTO DE PERSIANA,9,False,OTHER,mean_top3_neighbor_similarity,0.223338753,-1.9035838133,-0.4251440351
3770,TRAVAMENTO DE PERSIANA,9,False,OTHER,mechanism_present,0.0,0.0205206418,0.0
3770,TRAVAMENTO DE PERSIANA,9,False,OTHER,normalized_flat_score,0.842994768,0.4326820159,0.3647486756
3770,TRAVAMENTO DE PERSIANA,9,False,OTHER,root_overlap,0.25,1.8020872646,0.4505218162
3770,TRAVAMENTO DE PERSIANA,9,False,OTHER,token_overlap,0.0,-0.9829840341,-0.0
3770,TRAVAMENTO DE PERSIANA,9,False,OTHER,top1_gap,0.1623138844,-1.6570759789,-0.2689664389
3770,QUEBRA DE ATUADOR,10,False,OTHER,centroid_similarity,0.0843475908,1.7801314007,0.150149795
3770,QUEBRA DE ATUADOR,10,False,OTHER,char_overlap,0.0,-0.2440697578,-0.0
3770,QUEBRA DE ATUADOR,10,False,OTHER,component_present,0.0,0.5396170499,0.0
3770,QUEBRA DE ATUADOR,10,False,OTHER,family_score,0.7579174207,2.2663843684,1.7177321949
3770,QUEBRA DE ATUADOR,10,False,OTHER,flat_score,-0.8650088947,3.2829785737,-2.8398056673
3770,QUEBRA DE ATUADOR,10,False,OTHER,label_cosine,0.0,1.7169471715,0.0
3770,QUEBRA DE ATUADOR,10,False,OTHER,log_class_support,1.9459101491,0.5212827752,1.0143694427
3770,QUEBRA DE ATUADOR,10,False,OTHER,max_neighbor_similarity,0.2367193848,-0.2784313547,-0.065910099
3770,QUEBRA DE ATUADOR,10,False,OTHER,mean_top3_neighbor_similarity,0.0850477262,-1.9035838133,-0.161895475
3770,QUEBRA DE ATUADOR,10,False,OTHER,mechanism_present,0.0,0.0205206418,0.0
3770,QUEBRA DE ATUADOR,10,False,OTHER,normalized_flat_score,0.7068726396,0.4326820159,0.3058510787
3770,QUEBRA DE ATUADOR,10,False,OTHER,root_overlap,0.0,1.8020872646,0.0
3770,QUEBRA DE ATUADOR,10,False,OTHER,token_overlap,0.0,-0.9829840341,-0.0
3770,QUEBRA DE ATUADOR,10,False,OTHER,top1_gap,0.3030385669,-1.6570759789,-0.5021579298
4415,FALHA DE VALVULA,1,False,PROMOTED_WRONG,centroid_similarity,0.2986443639,1.7801314007,0.5316262098
4415,FALHA DE VALVULA,1,False,PROMOTED_WRONG,char_overlap,0.2307692308,-0.2440697578,-0.0563237903
4415,FALHA DE VALVULA,1,False,PROMOTED_WRONG,component_present,1.0,0.5396170499,0.5396170499
4415,FALHA DE VALVULA,1,False,PROMOTED_WRONG,family_score,1.0,2.2663843684,2.2663843684
4415,FALHA DE VALVULA,1,False,PROMOTED_WRONG,flat_score,-0.7936882253,3.2829785737,-2.6056614379
4415,FALHA DE VALVULA,1,False,PROMOTED_WRONG,label_cosine,0.2749738991,1.7169471715,0.4721156584
4415,FALHA DE VALVULA,1,False,PROMOTED_WRONG,log_class_support,3.7135720667,0.5212827752,1.9358211527
4415,FALHA DE VALVULA,1,False,PROMOTED_WRONG,max_neighbor_similarity,0.1976607889,-0.2784313547,-0.0550349612
4415,FALHA DE VALVULA,1,False,PROMOTED_WRONG,mean_top3_neighbor_similarity,0.1895689766,-1.9035838133,-0.3608604353
4415,FALHA DE VALVULA,1,False,PROMOTED_WRONG,mechanism_present,0.0,0.0205206418,0.0
4415,FALHA DE VALVULA,1,False,PROMOTED_WRONG,normalized_flat_score,0.915467099,0.4326820159,0.3961061499
4415,FALHA DE VALVULA,1,False,PROMOTED_WRONG,root_overlap,0.3333333333,1.8020872646,0.6006957549
4415,FALHA DE VALVULA,1,False,PROMOTED_WRONG,token_overlap,0.2,-0.9829840341,-0.1965968068
4415,FALHA DE VALVULA,1,False,PROMOTED_WRONG,top1_gap,0.0777313958,-1.6570759789,-0.1288068289
4415,FALHA DE VALVULA DE ENCHIMENTO,2,False,OTHER,centroid_similarity,0.230032146,1.7801314007,0.4094874462
4415,FALHA DE VALVULA DE ENCHIMENTO,2,False,OTHER,char_overlap,0.1944444444,-0.2440697578,-0.0474580085
4415,FALHA DE VALVULA DE ENCHIMENTO,2,False,OTHER,component_present,0.0,0.5396170499,0.0
4415,FALHA DE VALVULA DE ENCHIMENTO,2,False,OTHER,family_score,1.0,2.2663843684,2.2663843684
4415,FALHA DE VALVULA DE ENCHIMENTO,2,False,OTHER,flat_score,-0.7700707667,3.2829785737,-2.5281258273
4415,FALHA DE VALVULA DE ENCHIMENTO,2,False,OTHER,label_cosine,0.1934883296,1.7169471715,0.3322092403
4415,FALHA DE VALVULA DE ENCHIMENTO,2,False,OTHER,log_class_support,4.7957905456,0.5212827752,2.4999630048
4415,FALHA DE VALVULA DE ENCHIMENTO,2,False,OTHER,max_neighbor_similarity,0.1986940056,-0.2784313547,-0.0553226412
4415,FALHA DE VALVULA DE ENCHIMENTO,2,False,OTHER,mean_top3_neighbor_similarity,0.175470228,-1.9035838133,-0.3340222857
4415,FALHA DE VALVULA DE ENCHIMENTO,2,False,OTHER,mechanism_present,0.0,0.0205206418,0.0
4415,FALHA DE VALVULA DE ENCHIMENTO,2,False,OTHER,normalized_flat_score,0.9411510877,0.4326820159,0.4072191499
4415,FALHA DE VALVULA DE ENCHIMENTO,2,False,OTHER,root_overlap,0.25,1.8020872646,0.4505218162
4415,FALHA DE VALVULA DE ENCHIMENTO,2,False,OTHER,token_overlap,0.1666666667,-0.9829840341,-0.1638306724
4415,FALHA DE VALVULA DE ENCHIMENTO,2,False,OTHER,top1_gap,0.0541139372,-1.6570759789,-0.0896709055
4415,TRAVAMENTO DE VALVULA,3,False,OTHER,centroid_similarity,0.2358962595,1.7801314007,0.4199263389
4415,TRAVAMENTO DE VALVULA,3,False,OTHER,char_overlap,0.15625,-0.2440697578,-0.0381358997
4415,TRAVAMENTO DE VALVULA,3,False,OTHER,component_present,1.0,0.5396170499,0.5396170499
4415,TRAVAMENTO DE VALVULA,3,False,OTHER,family_score,1.0,2.2663843684,2.2663843684
4415,TRAVAMENTO DE VALVULA,3,False,OTHER,flat_score,-0.7323887903,3.2829785737,-2.404416706
4415,TRAVAMENTO DE VALVULA,3,False,OTHER,label_cosine,0.2007402778,1.7169471715,0.3446604521
4415,TRAVAMENTO DE VALVULA,3,False,OTHER,log_class_support,2.6390573296,0.5212827752,1.3756951286
4415,TRAVAMENTO DE VALVULA,3,False,OTHER,max_neighbor_similarity,0.1295881867,-0.2784313547,-0.0360814144
4415,TRAVAMENTO DE VALVULA,3,False,OTHER,mean_top3_neighbor_similarity,0.1202220221,-1.9035838133,-0.2288526953
4415,TRAVAMENTO DE VALVULA,3,False,OTHER,mechanism_present,0.0,0.0205206418,0.0
4415,TRAVAMENTO DE VALVULA,3,False,OTHER,normalized_flat_score,0.982130241,0.4326820159,0.4249500925
4415,TRAVAMENTO DE VALVULA,3,False,OTHER,root_overlap,0.3333333333,1.8020872646,0.6006957549
4415,TRAVAMENTO DE VALVULA,3,False,OTHER,token_overlap,0.2,-0.9829840341,-0.1965968068
4415,TRAVAMENTO DE VALVULA,3,False,OTHER,top1_gap,0.0164319608,-1.6570759789,-0.0272290075
4415,VAZAMENTO EM VALVULA,4,False,OTHER,centroid_similarity,0.2389011979,1.7801314007,0.4252755241
4415,VAZAMENTO EM VALVULA,4,False,OTHER,char_overlap,0.1612903226,-0.2440697578,-0.03936609
4415,VAZAMENTO EM VALVULA,4,False,OTHER,component_present,1.0,0.5396170499,0.5396170499
4415,VAZAMENTO EM VALVULA,4,False,OTHER,family_score,1.0,2.2663843684,2.2663843684
4415,VAZAMENTO EM VALVULA,4,False,OTHER,flat_score,-0.7985878982,3.2829785737,-2.621746959
4415,VAZAMENTO EM VALVULA,4,False,OTHER,label_cosine,0.2046935409,1.7169471715,0.3514479961
4415,VAZAMENTO EM VALVULA,4,False,OTHER,log_class_support,2.6390573296,0.5212827752,1.3756951286
4415,VAZAMENTO EM VALVULA,4,False,OTHER,max_neighbor_similarity,0.1766474098,-0.2784313547,-0.0491841776
4415,VAZAMENTO EM VALVULA,4,False,OTHER,mean_top3_neighbor_similarity,0.1527063102,-1.9035838133,-0.2906892602
4415,VAZAMENTO EM VALVULA,4,False,OTHER,mechanism_present,0.0,0.0205206418,0.0
4415,VAZAMENTO EM VALVULA,4,False,OTHER,normalized_flat_score,0.9101387043,0.4326820159,0.3938006493
4415,VAZAMENTO EM VALVULA,4,False,OTHER,root_overlap,0.3333333333,1.8020872646,0.6006957549
4415,VAZAMENTO EM VALVULA,4,False,OTHER,token_overlap,0.2,-0.9829840341,-0.1965968068
4415,VAZAMENTO EM VALVULA,4,False,OTHER,top1_gap,0.0826310687,-1.6570759789,-0.1369259591
4415,SEM MODO DE FALHA IDENTIFICADO,5,True,EXPECTED,centroid_similarity,0.0664411411,1.7801314007,0.1182739615
4415,SEM MODO DE FALHA IDENTIFICADO,5,True,EXPECTED,char_overlap,0.0222222222,-0.2440697578,-0.0054237724
4415,SEM MODO DE FALHA IDENTIFICADO,5,True,EXPECTED,component_present,0.0,0.5396170499,0.0
4415,SEM MODO DE FALHA IDENTIFICADO,5,True,EXPECTED,family_score,0.6635588737,2.2663843684,1.5038794588
4415,SEM MODO DE FALHA IDENTIFICADO,5,True,EXPECTED,flat_score,-0.7159568295,3.2829785737,-2.3504709308
4415,SEM MODO DE FALHA IDENTIFICADO,5,True,EXPECTED,label_cosine,0.0018796144,1.7169471715,0.0032271987
4415,SEM MODO DE FALHA IDENTIFICADO,5,True,EXPECTED,log_class_support,4.248495242,0.5212827752,2.2146673901
4415,SEM MODO DE FALHA IDENTIFICADO,5,True,EXPECTED,max_neighbor_similarity,0.0079232417,-0.2784313547,-0.0022060789
4415,SEM MODO DE FALHA IDENTIFICADO,5,True,EXPECTED,mean_top3_neighbor_similarity,0.0069480212,-1.9035838133,-0.0132261408
4415,SEM MODO DE FALHA IDENTIFICADO,5,True,EXPECTED,mechanism_present,0.0,0.0205206418,0.0
4415,SEM MODO DE FALHA IDENTIFICADO,5,True,EXPECTED,normalized_flat_score,1.0,0.4326820159,0.4326820159
4415,SEM MODO DE FALHA IDENTIFICADO,5,True,EXPECTED,root_overlap,0.0,1.8020872646,0.0
4415,SEM MODO DE FALHA IDENTIFICADO,5,True,EXPECTED,token_overlap,0.0,-0.9829840341,-0.0
4415,SEM MODO DE FALHA IDENTIFICADO,5,True,EXPECTED,top1_gap,0.0,-1.6570759789,-0.0
4415,FALHA DE FIXACAO,6,False,OTHER,centroid_similarity,0.0935528427,1.7801314007,0.166536353
4415,FALHA DE FIXACAO,6,False,OTHER,char_overlap,0.0322580645,-0.2440697578,-0.007873218
4415,FALHA DE FIXACAO,6,False,OTHER,component_present,0.0,0.5396170499,0.0
4415,FALHA DE FIXACAO,6,False,OTHER,family_score,0.6635588737,2.2663843684,1.5038794588
4415,FALHA DE FIXACAO,6,False,OTHER,flat_score,-0.7521180874,3.2829785737,-2.4691875659
4415,FALHA DE FIXACAO,6,False,OTHER,label_cosine,0.0,1.7169471715,0.0
4415,FALHA DE FIXACAO,6,False,OTHER,log_class_support,3.0445224377,0.5212827752,1.5870571054
4415,FALHA DE FIXACAO,6,False,OTHER,max_neighbor_similarity,0.0184613746,-0.2784313547,-0.0051402255
4415,FALHA DE FIXACAO,6,False,OTHER,mean_top3_neighbor_similarity,0.0092604722,-1.9035838133,-0.017628085
4415,FALHA DE FIXACAO,6,False,OTHER,mechanism_present,0.0,0.0205206418,0.0
4415,FALHA DE FIXACAO,6,False,OTHER,normalized_flat_score,0.9606746283,0.4326820159,0.4156666348
4415,FALHA DE FIXACAO,6,False,OTHER,root_overlap,0.0,1.8020872646,0.0
4415,FALHA DE FIXACAO,6,False,OTHER,token_overlap,0.0,-0.9829840341,-0.0
4415,FALHA DE FIXACAO,6,False,OTHER,top1_gap,0.036161258,-1.6570759789,-0.0599219519
4415,FALHA DE SINCRONISMO,7,False,OTHER,centroid_similarity,0.0205380581,1.7801314007,0.0365604422
4415,FALHA DE SINCRONISMO,7,False,OTHER,char_overlap,0.0285714286,-0.2440697578,-0.0069734217
4415,FALHA DE SINCRONISMO,7,False,OTHER,component_present,0.0,0.5396170499,0.0
4415,FALHA DE SINCRONISMO,7,False,OTHER,family_score,0.5570446971,2.2663843684,1.2624773939
4415,FALHA DE SINCRONISMO,7,False,OTHER,flat_score,-0.8752248391,3.2829785737,-2.8733443941
4415,FALHA DE SINCRONISMO,7,False,OTHER,label_cosine,0.0,1.7169471715,0.0
4415,FALHA DE SINCRONISMO,7,False,OTHER,log_class_support,3.7135720667,0.5212827752,1.9358211527
4415,FALHA DE SINCRONISMO,7,False,OTHER,max_neighbor_similarity,0.0,-0.2784313547,-0.0
4415,FALHA DE SINCRONISMO,7,False,OTHER,mean_top3_neighbor_similarity,0.0,-1.9035838133,-0.0
4415,FALHA DE SINCRONISMO,7,False,OTHER,mechanism_present,0.0,0.0205206418,0.0
4415,FALHA DE SINCRONISMO,7,False,OTHER,normalized_flat_score,0.8267960231,0.4326820159,0.35773977
4415,FALHA DE SINCRONISMO,7,False,OTHER,root_overlap,0.0,1.8020872646,0.0
4415,FALHA DE SINCRONISMO,7,False,OTHER,token_overlap,0.0,-0.9829840341,-0.0
4415,FALHA DE SINCRONISMO,7,False,OTHER,top1_gap,0.1592680097,-1.6570759789,-0.2639191931
4415,FALHA DE SUPRIMENTO DE AR COMPRIMIDO,8,False,OTHER,centroid_similarity,0.1561015993,1.7801314007,0.2778813587
4415,FALHA DE SUPRIMENTO DE AR COMPRIMIDO,8,False,OTHER,char_overlap,0.0666666667,-0.2440697578,-0.0162713172
4415,FALHA DE SUPRIMENTO DE AR COMPRIMIDO,8,False,OTHER,component_present,0.0,0.5396170499,0.0
4415,FALHA DE SUPRIMENTO DE AR COMPRIMIDO,8,False,OTHER,family_score,0.6635588737,2.2663843684,1.5038794588
4415,FALHA DE SUPRIMENTO DE AR COMPRIMIDO,8,False,OTHER,flat_score,-0.8629013886,3.2829785737,-2.83288677
4415,FALHA DE SUPRIMENTO DE AR COMPRIMIDO,8,False,OTHER,label_cosine,0.0942671746,1.7169471715,0.1618517588
4415,FALHA DE SUPRIMENTO DE AR COMPRIMIDO,8,False,OTHER,log_class_support,2.0794415417,0.5212827752,1.0839770577
4415,FALHA DE SUPRIMENTO DE AR COMPRIMIDO,8,False,OTHER,max_neighbor_similarity,0.1570783705,-0.2784313547,-0.0437355435
4415,FALHA DE SUPRIMENTO DE AR COMPRIMIDO,8,False,OTHER,mean_top3_neighbor_similarity,0.1556102236,-1.9035838133,-0.2962171028
4415,FALHA DE SUPRIMENTO DE AR COMPRIMIDO,8,False,OTHER,mechanism_present,0.0,0.0205206418,0.0
4415,FALHA DE SUPRIMENTO DE AR COMPRIMIDO,8,False,OTHER,normalized_flat_score,0.8401977768,0.4326820159,0.3635384678
4415,FALHA DE SUPRIMENTO DE AR COMPRIMIDO,8,False,OTHER,root_overlap,0.0,1.8020872646,0.0
4415,FALHA DE SUPRIMENTO DE AR COMPRIMIDO,8,False,OTHER,token_overlap,0.1428571429,-0.9829840341,-0.1404262906
4415,FALHA DE SUPRIMENTO DE AR COMPRIMIDO,8,False,OTHER,top1_gap,0.1469445592,-1.6570759789,-0.2434982992
4415,FALHA DE SOPRADOR,9,False,OTHER,centroid_similarity,0.1729911715,1.7801314007,0.3079470164
4415,FALHA DE SOPRADOR,9,False,OTHER,char_overlap,0.03125,-0.2440697578,-0.0076271799
4415,FALHA DE SOPRADOR,9,False,OTHER,component_present,0.0,0.5396170499,0.0
4415,FALHA DE SOPRADOR,9,False,OTHER,family_score,0.6635588737,2.2663843684,1.5038794588
4415,FALHA DE SOPRADOR,9,False,OTHER,flat_score,-0.8747621386,3.2829785737,-2.8718253581
4415,FALHA DE SOPRADOR,9,False,OTHER,label_cosine,0.0,1.7169471715,0.0
4415,FALHA DE SOPRADOR,9,False,OTHER,log_class_support,0.6931471806,0.5212827752,0.3613256859
4415,FALHA DE SOPRADOR,9,False,OTHER,max_neighbor_similarity,0.1729911715,-0.2784313547,-0.0481661662
4415,FALHA DE SOPRADOR,9,False,OTHER,mean_top3_neighbor_similarity,0.1729911715,-1.9035838133,-0.3293031939
4415,FALHA DE SOPRADOR,9,False,OTHER,mechanism_present,0.0,0.0205206418,0.0
4415,FALHA DE SOPRADOR,9,False,OTHER,normalized_flat_score,0.82729921,0.4326820159,0.3579574899
4415,FALHA DE SOPRADOR,9,False,OTHER,root_overlap,0.0,1.8020872646,0.0
4415,FALHA DE SOPRADOR,9,False,OTHER,token_overlap,0.0,-0.9829840341,-0.0
4415,FALHA DE SOPRADOR,9,False,OTHER,top1_gap,0.1588053091,-1.6570759789,-0.2631524631
4415,FALHA NA DESCIDA DE TAMPAS,10,False,OTHER,centroid_similarity,0.1708580703,1.7801314007,0.3041498159
4415,FALHA NA DESCIDA DE TAMPAS,10,False,OTHER,char_overlap,0.0256410256,-0.2440697578,-0.0062581989
4415,FALHA NA DESCIDA DE TAMPAS,10,False,OTHER,component_present,0.0,0.5396170499,0.0
4415,FALHA NA DESCIDA DE TAMPAS,10,False,OTHER,family_score,0.4095931822,2.2663843684,0.9282955856
4415,FALHA NA DESCIDA DE TAMPAS,10,False,OTHER,flat_score,-0.8650699244,3.2829785737,-2.8400060265
4415,FALHA NA DESCIDA DE TAMPAS,10,False,OTHER,label_cosine,0.0,1.7169471715,0.0
4415,FALHA NA DESCIDA DE TAMPAS,10,False,OTHER,log_class_support,0.6931471806,0.5212827752,0.3613256859
4415,FALHA NA DESCIDA DE TAMPAS,10,False,OTHER,max_neighbor_similarity,0.1708580703,-0.2784313547,-0.047572244
4415,FALHA NA DESCIDA DE TAMPAS,10,False,OTHER,mean_top3_neighbor_similarity,0.1708580703,-1.9035838133,-0.3252426569
4415,FALHA NA DESCIDA DE TAMPAS,10,False,OTHER,mechanism_present,0.0,0.0205206418,0.0
4415,FALHA NA DESCIDA DE TAMPAS,10,False,OTHER,normalized_flat_score,0.8378394939,0.4326820159,0.3625180812
4415,FALHA NA DESCIDA DE TAMPAS,10,False,OTHER,root_overlap,0.0,1.8020872646,0.0
4415,FALHA NA DESCIDA DE TAMPAS,10,False,OTHER,token_overlap,0.0,-0.9829840341,-0.0
4415,FALHA NA DESCIDA DE TAMPAS,10,False,OTHER,top1_gap,0.1491130949,-1.6570759789,-0.2470917278
449,FALHA DE CABECOTE,1,False,OTHER,centroid_similarity,0.4820236266,1.7801314007,0.8580653935
449,FALHA DE CABECOTE,1,False,OTHER,char_overlap,0.1896551724,-0.2440697578,-0.046289092
449,FALHA DE CABECOTE,1,False,OTHER,component_present,1.0,0.5396170499,0.5396170499
449,FALHA DE CABECOTE,1,False,OTHER,family_score,1.0,2.2663843684,2.2663843684
449,FALHA DE CABECOTE,1,False,OTHER,flat_score,-0.2290776451,3.2829785737,-0.7520570006
449,FALHA DE CABECOTE,1,False,OTHER,label_cosine,0.3222671747,1.7169471715,0.5533157141
449,FALHA DE CABECOTE,1,False,OTHER,log_class_support,0.6931471806,0.5212827752,0.3613256859
449,FALHA DE CABECOTE,1,False,OTHER,max_neighbor_similarity,0.4820236266,-0.2784313547,-0.1342104914
449,FALHA DE CABECOTE,1,False,OTHER,mean_top3_neighbor_similarity,0.4820236266,-1.9035838133,-0.9175723732
449,FALHA DE CABECOTE,1,False,OTHER,mechanism_present,1.0,0.0205206418,0.0205206418
449,FALHA DE CABECOTE,1,False,OTHER,normalized_flat_score,1.0,0.4326820159,0.4326820159
449,FALHA DE CABECOTE,1,False,OTHER,root_overlap,0.3333333333,1.8020872646,0.6006957549
449,FALHA DE CABECOTE,1,False,OTHER,token_overlap,0.25,-0.9829840341,-0.2457460085
449,FALHA DE CABECOTE,1,False,OTHER,top1_gap,0.0,-1.6570759789,-0.0
449,DEFORMACAO DE CABECOTE,2,False,OTHER,centroid_similarity,0.2988888919,1.7801314007,0.5320615018
449,DEFORMACAO DE CABECOTE,2,False,OTHER,char_overlap,0.1212121212,-0.2440697578,-0.0295842131
449,DEFORMACAO DE CABECOTE,2,False,OTHER,component_present,1.0,0.5396170499,0.5396170499
449,DEFORMACAO DE CABECOTE,2,False,OTHER,family_score,1.0,2.2663843684,2.2663843684
449,DEFORMACAO DE CABECOTE,2,False,OTHER,flat_score,-0.7206200663,3.2829785737,-2.3657802374
449,DEFORMACAO DE CABECOTE,2,False,OTHER,label_cosine,0.2051692158,1.7169471715,0.3522647048
449,DEFORMACAO DE CABECOTE,2,False,OTHER,log_class_support,1.0986122887,0.5212827752,0.5726876627
449,DEFORMACAO DE CABECOTE,2,False,OTHER,max_neighbor_similarity,0.2988340557,-0.2784313547,-0.083204771
449,DEFORMACAO DE CABECOTE,2,False,OTHER,mean_top3_neighbor_similarity,0.2301807851,-1.9035838133,-0.4381684166
449,DEFORMACAO DE CABECOTE,2,False,OTHER,mechanism_present,0.0,0.0205206418,0.0
449,DEFORMACAO DE CABECOTE,2,False,OTHER,normalized_flat_score,0.6074751086,0.4326820159,0.2628435546
449,DEFORMACAO DE CABECOTE,2,False,OTHER,root_overlap,0.1428571429,1.8020872646,0.2574410378
449,DEFORMACAO DE CABECOTE,2,False,OTHER,token_overlap,0.1111111111,-0.9829840341,-0.1092204482
449,DEFORMACAO DE CABECOTE,2,False,OTHER,top1_gap,0.4915424212,-1.6570759789,-0.8145231388
449,FALHA DE SENSOR,3,False,PROMOTED_WRONG,centroid_similarity,0.1371031106,1.7801314007,0.2440615522
449,FALHA DE SENSOR,3,False,PROMOTED_WRONG,char_overlap,0.0634920635,-0.2440697578,-0.0154964926
449,FALHA DE SENSOR,3,False,PROMOTED_WRONG,component_present,0.0,0.5396170499,0.0
449,FALHA DE SENSOR,3,False,PROMOTED_WRONG,family_score,0.427991556,2.2663843684,0.9699933722
449,FALHA DE SENSOR,3,False,PROMOTED_WRONG,flat_score,-0.9069498234,3.2829785737,-2.9774968376
449,FALHA DE SENSOR,3,False,PROMOTED_WRONG,label_cosine,0.0430498384,1.7169471715,0.0739142983
449,FALHA DE SENSOR,3,False,PROMOTED_WRONG,log_class_support,5.6489742382,0.5212827752,2.9447129678
449,FALHA DE SENSOR,3,False,PROMOTED_WRONG,max_neighbor_similarity,0.0526936725,-0.2784313547,-0.0146715706
449,FALHA DE SENSOR,3,False,PROMOTED_WRONG,mean_top3_neighbor_similarity,0.0526936725,-1.9035838133,-0.100306822
449,FALHA DE SENSOR,3,False,PROMOTED_WRONG,mechanism_present,1.0,0.0205206418,0.0205206418
449,FALHA DE SENSOR,3,False,PROMOTED_WRONG,normalized_flat_score,0.4586800819,0.4326820159,0.1984626225
449,FALHA DE SENSOR,3,False,PROMOTED_WRONG,root_overlap,0.1428571429,1.8020872646,0.2574410378
449,FALHA DE SENSOR,3,False,PROMOTED_WRONG,token_overlap,0.1111111111,-0.9829840341,-0.1092204482
449,FALHA DE SENSOR,3,False,PROMOTED_WRONG,top1_gap,0.6778721783,-1.6570759789,-1.1232857035
449,FALHA DE PRESSURIZACAO DA ENCHEDORA,4,True,EXPECTED,centroid_similarity,0.3399178386,1.7801314007,0.6050984181
449,FALHA DE PRESSURIZACAO DA ENCHEDORA,4,True,EXPECTED,char_overlap,0.2985074627,-0.2440697578,-0.0728566441
449,FALHA DE PRESSURIZACAO DA ENCHEDORA,4,True,EXPECTED,component_present,0.0,0.5396170499,0.0
449,FALHA DE PRESSURIZACAO DA ENCHEDORA,4,True,EXPECTED,family_score,0.4193000081,2.2663843684,0.9502949841
449,FALHA DE PRESSURIZACAO DA ENCHEDORA,4,True,EXPECTED,flat_score,-0.6843634703,3.2829785737,-2.2467506096
449,FALHA DE PRESSURIZACAO DA ENCHEDORA,4,True,EXPECTED,label_cosine,0.2301451564,1.7169471715,0.3951470753
449,FALHA DE PRESSURIZACAO DA ENCHEDORA,4,True,EXPECTED,log_class_support,0.6931471806,0.5212827752,0.3613256859
449,FALHA DE PRESSURIZACAO DA ENCHEDORA,4,True,EXPECTED,max_neighbor_similarity,0.3399178386,-0.2784313547,-0.0946437843
449,FALHA DE PRESSURIZACAO DA ENCHEDORA,4,True,EXPECTED,mean_top3_neighbor_similarity,0.3399178386,-1.9035838133,-0.6470620954
449,FALHA DE PRESSURIZACAO DA ENCHEDORA,4,True,EXPECTED,mechanism_present,1.0,0.0205206418,0.0205206418
449,FALHA DE PRESSURIZACAO DA ENCHEDORA,4,True,EXPECTED,normalized_flat_score,0.6364280856,0.4326820159,0.275370987
449,FALHA DE PRESSURIZACAO DA ENCHEDORA,4,True,EXPECTED,root_overlap,0.5,1.8020872646,0.9010436323
449,FALHA DE PRESSURIZACAO DA ENCHEDORA,4,True,EXPECTED,token_overlap,0.2222222222,-0.9829840341,-0.2184408965
449,FALHA DE PRESSURIZACAO DA ENCHEDORA,4,True,EXPECTED,top1_gap,0.4552858252,-1.6570759789,-0.7544432045
449,FALHA DE VALVULA,5,False,OTHER,centroid_similarity,0.1158977076,1.7801314007,0.2063131486
449,FALHA DE VALVULA,5,False,OTHER,char_overlap,0.0625,-0.2440697578,-0.0152543599
449,FALHA DE VALVULA,5,False,OTHER,component_present,0.0,0.5396170499,0.0
449,FALHA DE VALVULA,5,False,OTHER,family_score,0.3334244919,2.2663843684,0.7556680565
449,FALHA DE VALVULA,5,False,OTHER,flat_score,-0.83722181,3.2829785737,-2.7485812635
449,FALHA DE VALVULA,5,False,OTHER,label_cosine,0.0379564725,1.7169471715,0.0651692581
449,FALHA DE VALVULA,5,False,OTHER,log_class_support,3.7135720667,0.5212827752,1.9358211527
449,FALHA DE VALVULA,5,False,OTHER,max_neighbor_similarity,0.2139356732,-0.2784313547,-0.0595663993
449,FALHA DE VALVULA,5,False,OTHER,mean_top3_neighbor_similarity,0.0945336632,-1.9035838133,-0.1799527512
449,FALHA DE VALVULA,5,False,OTHER,mechanism_present,1.0,0.0205206418,0.0205206418
449,FALHA DE VALVULA,5,False,OTHER,normalized_flat_score,0.5143619106,0.4326820159,0.2225551484
449,FALHA DE VALVULA,5,False,OTHER,root_overlap,0.1428571429,1.8020872646,0.2574410378
449,FALHA DE VALVULA,5,False,OTHER,token_overlap,0.1111111111,-0.9829840341,-0.1092204482
449,FALHA DE VALVULA,5,False,OTHER,top1_gap,0.6081441649,-1.6570759789,-1.0077410873
449,FALHA DE PRESSURIZACAO,6,False,OTHER,centroid_similarity,0.1947857738,1.7801314007,0.3467442723
449,FALHA DE PRESSURIZACAO,6,False,OTHER,char_overlap,0.1212121212,-0.2440697578,-0.0295842131
449,FALHA DE PRESSURIZACAO,6,False,OTHER,component_present,0.0,0.5396170499,0.0
449,FALHA DE PRESSURIZACAO,6,False,OTHER,family_score,0.4781767586,2.2663843684,1.083732331
449,FALHA DE PRESSURIZACAO,6,False,OTHER,flat_score,-0.8115923738,3.2829785737,-2.6644403737
449,FALHA DE PRESSURIZACAO,6,False,OTHER,label_cosine,0.0750671551,1.7169471715,0.1288863396
449,FALHA DE PRESSURIZACAO,6,False,OTHER,log_class_support,1.7917594692,0.5212827752,0.9340133486
449,FALHA DE PRESSURIZACAO,6,False,OTHER,max_neighbor_similarity,0.1947857738,-0.2784313547,-0.0542344669
449,FALHA DE PRESSURIZACAO,6,False,OTHER,mean_top3_neighbor_similarity,0.1947857738,-1.9035838133,-0.370791046
449,FALHA DE PRESSURIZACAO,6,False,OTHER,mechanism_present,1.0,0.0205206418,0.0205206418
449,FALHA DE PRESSURIZACAO,6,False,OTHER,normalized_flat_score,0.5348284893,0.4326820159,0.2314106689
449,FALHA DE PRESSURIZACAO,6,False,OTHER,root_overlap,0.3333333333,1.8020872646,0.6006957549
449,FALHA DE PRESSURIZACAO,6,False,OTHER,token_overlap,0.1111111111,-0.9829840341,-0.1092204482
449,FALHA DE PRESSURIZACAO,6,False,OTHER,top1_gap,0.5825147287,-1.6570759789,-0.9652711643
449,FALHA DE MOTOR,7,False,OTHER,centroid_similarity,0.1313015968,1.7801314007,0.2337340954
449,FALHA DE MOTOR,7,False,OTHER,char_overlap,0.064516129,-0.2440697578,-0.015746436
449,FALHA DE MOTOR,7,False,OTHER,component_present,0.0,0.5396170499,0.0
449,FALHA DE MOTOR,7,False,OTHER,family_score,0.3746447157,2.2663843684,0.8490889273
449,FALHA DE MOTOR,7,False,OTHER,flat_score,-0.899157844,3.2829785737,-2.9519159361
449,FALHA DE MOTOR,7,False,OTHER,label_cosine,0.0391924977,1.7169471715,0.0672914481
449,FALHA DE MOTOR,7,False,OTHER,log_class_support,3.9120230054,0.5212827752,2.0392702088
449,FALHA DE MOTOR,7,False,OTHER,max_neighbor_similarity,0.2338887602,-0.2784313547,-0.0651219644
449,FALHA DE MOTOR,7,False,OTHER,mean_top3_neighbor_similarity,0.203454713,-1.9035838133,-0.3872930985
449,FALHA DE MOTOR,7,False,OTHER,mechanism_present,1.0,0.0205206418,0.0205206418
449,FALHA DE MOTOR,7,False,OTHER,normalized_flat_score,0.4649024256,0.4326820159,0.2011549187
449,FALHA DE MOTOR,7,False,OTHER,root_overlap,0.1428571429,1.8020872646,0.2574410378
449,FALHA DE MOTOR,7,False,OTHER,token_overlap,0.1111111111,-0.9829840341,-0.1092204482
449,FALHA DE MOTOR,7,False,OTHER,top1_gap,0.6700801989,-1.6570759789,-1.1103738015
449,FALHA DE PRESSAO DOS JATOS,8,False,OTHER,centroid_similarity,0.1912392676,1.7801314007,0.3404310253
449,FALHA DE PRESSAO DOS JATOS,8,False,OTHER,char_overlap,0.1641791045,-0.2440697578,-0.0400711543
449,FALHA DE PRESSAO DOS JATOS,8,False,OTHER,component_present,0.0,0.5396170499,0.0
449,FALHA DE PRESSAO DOS JATOS,8,False,OTHER,family_score,0.4781767586,2.2663843684,1.083732331
449,FALHA DE PRESSAO DOS JATOS,8,False,OTHER,flat_score,-0.8291566439,3.2829785737,-2.7221034961
449,FALHA DE PRESSAO DOS JATOS,8,False,OTHER,label_cosine,0.1853483319,1.7169471715,0.3182332943
449,FALHA DE PRESSAO DOS JATOS,8,False,OTHER,log_class_support,1.6094379124,0.5212827752,0.8389722615
449,FALHA DE PRESSAO DOS JATOS,8,False,OTHER,max_neighbor_similarity,0.2132608593,-0.2784313547,-0.05937851
449,FALHA DE PRESSAO DOS JATOS,8,False,OTHER,mean_top3_neighbor_similarity,0.1637873848,-1.9035838133,-0.3117830146
449,FALHA DE PRESSAO DOS JATOS,8,False,OTHER,mechanism_present,1.0,0.0205206418,0.0205206418
449,FALHA DE PRESSAO DOS JATOS,8,False,OTHER,normalized_flat_score,0.5208024095,0.4326820159,0.2253418364
449,FALHA DE PRESSAO DOS JATOS,8,False,OTHER,root_overlap,0.2857142857,1.8020872646,0.5148820756
449,FALHA DE PRESSAO DOS JATOS,8,False,OTHER,token_overlap,0.2222222222,-0.9829840341,-0.2184408965
449,FALHA DE PRESSAO DOS JATOS,8,False,OTHER,top1_gap,0.6000789988,-1.6570759789,-0.9943764944
449,FALHA DE ELAU,9,False,OTHER,centroid_similarity,0.147642374,1.7801314007,0.2628228261
449,FALHA DE ELAU,9,False,OTHER,char_overlap,0.0655737705,-0.2440697578,-0.0160045743
449,FALHA DE ELAU,9,False,OTHER,component_present,0.0,0.5396170499,0.0
449,FALHA DE ELAU,9,False,OTHER,family_score,0.4781767586,2.2663843684,1.083732331
449,FALHA DE ELAU,9,False,OTHER,flat_score,-0.911369485,3.2829785737,-2.992006492
449,FALHA DE ELAU,9,False,OTHER,label_cosine,0.030316148,1.7169471715,0.0520512245
449,FALHA DE ELAU,9,False,OTHER,log_class_support,1.7917594692,0.5212827752,0.9340133486
449,FALHA DE ELAU,9,False,OTHER,max_neighbor_similarity,0.1596272886,-0.2784313547,-0.0444452422
449,FALHA DE ELAU,9,False,OTHER,mean_top3_neighbor_similarity,0.1256019237,-1.9035838133,-0.2390937889
449,FALHA DE ELAU,9,False,OTHER,mechanism_present,1.0,0.0205206418,0.0205206418
449,FALHA DE ELAU,9,False,OTHER,normalized_flat_score,0.4551507279,0.4326820159,0.1969355345
449,FALHA DE ELAU,9,False,OTHER,root_overlap,0.1428571429,1.8020872646,0.2574410378
449,FALHA DE ELAU,9,False,OTHER,token_overlap,0.1111111111,-0.9829840341,-0.1092204482
449,FALHA DE ELAU,9,False,OTHER,top1_gap,0.6822918399,-1.6570759789,-1.1306094186
449,FALHA DE FEEDBACK,10,False,OTHER,centroid_similarity,0.1935685426,1.7801314007,0.3445774409
449,FALHA DE FEEDBACK,10,False,OTHER,char_overlap,0.0615384615,-0.2440697578,-0.0150196774
449,FALHA DE FEEDBACK,10,False,OTHER,component_present,0.0,0.5396170499,0.0
449,FALHA DE FEEDBACK,10,False,OTHER,family_score,0.4781767586,2.2663843684,1.083732331
449,FALHA DE FEEDBACK,10,False,OTHER,flat_score,-0.9265344157,3.2829785737,-3.0417926346
449,FALHA DE FEEDBACK,10,False,OTHER,label_cosine,0.0228166264,1.7169471715,0.0391749421
449,FALHA DE FEEDBACK,10,False,OTHER,log_class_support,0.6931471806,0.5212827752,0.3613256859
449,FALHA DE FEEDBACK,10,False,OTHER,max_neighbor_similarity,0.1935685426,-0.2784313547,-0.0538955515
449,FALHA DE FEEDBACK,10,False,OTHER,mean_top3_neighbor_similarity,0.1935685426,-1.9035838133,-0.3684739445
449,FALHA DE FEEDBACK,10,False,OTHER,mechanism_present,1.0,0.0205206418,0.0205206418
449,FALHA DE FEEDBACK,10,False,OTHER,normalized_flat_score,0.4430406586,0.4326820159,0.1916957253
449,FALHA DE FEEDBACK,10,False,OTHER,root_overlap,0.1428571429,1.8020872646,0.2574410378
449,FALHA DE FEEDBACK,10,False,OTHER,token_overlap,0.1111111111,-0.9829840341,-0.1092204482
449,FALHA DE FEEDBACK,10,False,OTHER,top1_gap,0.6974567706,-1.6570759789,-1.155738861
512,QUEBRA DE ANEL O RING,1,False,OTHER,centroid_similarity,0.4602029324,1.7801314007,0.8192216906
512,QUEBRA DE ANEL O RING,1,False,OTHER,char_overlap,0.0923076923,-0.2440697578,-0.0225295161
512,QUEBRA DE ANEL O RING,1,False,OTHER,component_present,0.0,0.5396170499,0.0
512,QUEBRA DE ANEL O RING,1,False,OTHER,family_score,1.0,2.2663843684,2.2663843684
512,QUEBRA DE ANEL O RING,1,False,OTHER,flat_score,-0.2987237813,3.2829785737,-0.9807037733
512,QUEBRA DE ANEL O RING,1,False,OTHER,label_cosine,0.2400041372,1.7169471715,0.4120744245
512,QUEBRA DE ANEL O RING,1,False,OTHER,log_class_support,0.6931471806,0.5212827752,0.3613256859
512,QUEBRA DE ANEL O RING,1,False,OTHER,max_neighbor_similarity,0.4602029324,-0.2784313547,-0.1281349259
512,QUEBRA DE ANEL O RING,1,False,OTHER,mean_top3_neighbor_similarity,0.4602029324,-1.9035838133,-0.8760348529
512,QUEBRA DE ANEL O RING,1,False,OTHER,mechanism_present,0.0,0.0205206418,0.0
512,QUEBRA DE ANEL O RING,1,False,OTHER,normalized_flat_score,1.0,0.4326820159,0.4326820159
512,QUEBRA DE ANEL O RING,1,False,OTHER,root_overlap,0.1111111111,1.8020872646,0.2002319183
512,QUEBRA DE ANEL O RING,1,False,OTHER,token_overlap,0.0833333333,-0.9829840341,-0.0819153362
512,QUEBRA DE ANEL O RING,1,False,OTHER,top1_gap,0.0,-1.6570759789,-0.0
512,FALHA DE FIXACAO,2,False,OTHER,centroid_similarity,0.0954244584,1.7801314007,0.1698680748
512,FALHA DE FIXACAO,2,False,OTHER,char_overlap,0.0153846154,-0.2440697578,-0.0037549194
512,FALHA DE FIXACAO,2,False,OTHER,component_present,0.0,0.5396170499,0.0
512,FALHA DE FIXACAO,2,False,OTHER,family_score,1.0,2.2663843684,2.2663843684
512,FALHA DE FIXACAO,2,False,OTHER,flat_score,-0.7292365202,3.2829785737,-2.3940678709
512,FALHA DE FIXACAO,2,False,OTHER,label_cosine,0.0,1.7169471715,0.0
512,FALHA DE FIXACAO,2,False,OTHER,log_class_support,3.0445224377,0.5212827752,1.5870571054
512,FALHA DE FIXACAO,2,False,OTHER,max_neighbor_similarity,0.0835400224,-0.2784313547,-0.0232601616
512,FALHA DE FIXACAO,2,False,OTHER,mean_top3_neighbor_similarity,0.0580134094,-1.9035838133,-0.110433387
512,FALHA DE FIXACAO,2,False,OTHER,mechanism_present,0.0,0.0205206418,0.0
512,FALHA DE FIXACAO,2,False,OTHER,normalized_flat_score,0.6427238363,0.4326820159,0.2780950452
512,FALHA DE FIXACAO,2,False,OTHER,root_overlap,0.0,1.8020872646,0.0
512,FALHA DE FIXACAO,2,False,OTHER,token_overlap,0.0,-0.9829840341,-0.0
512,FALHA DE FIXACAO,2,False,OTHER,top1_gap,0.4305127389,-1.6570759789,-0.7133923183
512,FALHA DE BOCAL,3,False,PROMOTED_WRONG,centroid_similarity,0.2177981436,1.7801314007,0.3877093145
512,FALHA DE BOCAL,3,False,PROMOTED_WRONG,char_overlap,0.0847457627,-0.2440697578,-0.0206838778
512,FALHA DE BOCAL,3,False,PROMOTED_WRONG,component_present,1.0,0.5396170499,0.5396170499
512,FALHA DE BOCAL,3,False,PROMOTED_WRONG,family_score,1.0,2.2663843684,2.2663843684
512,FALHA DE BOCAL,3,False,PROMOTED_WRONG,flat_score,-0.8564565077,3.2829785737,-2.8117283639
512,FALHA DE BOCAL,3,False,PROMOTED_WRONG,label_cosine,0.3725380599,1.7169471715,0.6396281683
512,FALHA DE BOCAL,3,False,PROMOTED_WRONG,log_class_support,0.6931471806,0.5212827752,0.3613256859
512,FALHA DE BOCAL,3,False,PROMOTED_WRONG,max_neighbor_similarity,0.2177981436,-0.2784313547,-0.0606418322
512,FALHA DE BOCAL,3,False,PROMOTED_WRONG,mean_top3_neighbor_similarity,0.2177981436,-1.9035838133,-0.4145970208
512,FALHA DE BOCAL,3,False,PROMOTED_WRONG,mechanism_present,0.0,0.0205206418,0.0
512,FALHA DE BOCAL,3,False,PROMOTED_WRONG,normalized_flat_score,0.5371458477,0.4326820159,0.2324133482
512,FALHA DE BOCAL,3,False,PROMOTED_WRONG,root_overlap,0.125,1.8020872646,0.2252609081
512,FALHA DE BOCAL,3,False,PROMOTED_WRONG,token_overlap,0.0909090909,-0.9829840341,-0.0893621849
512,FALHA DE BOCAL,3,False,PROMOTED_WRONG,top1_gap,0.5577327264,-1.6570759789,-0.9242055036
512,TRAVAMENTO DE BOCAL,4,False,OTHER,centroid_similarity,0.2107342184,1.7801314007,0.3751345993
512,TRAVAMENTO DE BOCAL,4,False,OTHER,char_overlap,0.0615384615,-0.2440697578,-0.0150196774
512,TRAVAMENTO DE BOCAL,4,False,OTHER,component_present,1.0,0.5396170499,0.5396170499
512,TRAVAMENTO DE BOCAL,4,False,OTHER,family_score,1.0,2.2663843684,2.2663843684
512,TRAVAMENTO DE BOCAL,4,False,OTHER,flat_score,-0.8764793453,3.2829785737,-2.8774629109
512,TRAVAMENTO DE BOCAL,4,False,OTHER,label_cosine,0.2971914411,1.7169471715,0.5102620041
512,TRAVAMENTO DE BOCAL,4,False,OTHER,log_class_support,0.6931471806,0.5212827752,0.3613256859
512,TRAVAMENTO DE BOCAL,4,False,OTHER,max_neighbor_similarity,0.2107342184,-0.2784313547,-0.0586750139
512,TRAVAMENTO DE BOCAL,4,False,OTHER,mean_top3_neighbor_similarity,0.2107342184,-1.9035838133,-0.401150247
512,TRAVAMENTO DE BOCAL,4,False,OTHER,mechanism_present,0.0,0.0205206418,0.0
512,TRAVAMENTO DE BOCAL,4,False,OTHER,normalized_flat_score,0.5205291904,0.4326820159,0.2252236194
512,TRAVAMENTO DE BOCAL,4,False,OTHER,root_overlap,0.125,1.8020872646,0.2252609081
512,TRAVAMENTO DE BOCAL,4,False,OTHER,token_overlap,0.0909090909,-0.9829840341,-0.0893621849
512,TRAVAMENTO DE BOCAL,4,False,OTHER,top1_gap,0.5777555641,-1.6570759789,-0.9573848669
512,FALHA DE MOLA,5,False,OTHER,centroid_similarity,0.1215570047,1.7801314007,0.2163874411
512,FALHA DE MOLA,5,False,OTHER,char_overlap,0.0161290323,-0.2440697578,-0.003936609
512,FALHA DE MOLA,5,False,OTHER,component_present,0.0,0.5396170499,0.0
512,FALHA DE MOLA,5,False,OTHER,family_score,1.0,2.2663843684,2.2663843684
512,FALHA DE MOLA,5,False,OTHER,flat_score,-0.8765987193,3.2829785737,-2.8778548132
512,FALHA DE MOLA,5,False,OTHER,label_cosine,0.0,1.7169471715,0.0
512,FALHA DE MOLA,5,False,OTHER,log_class_support,2.0794415417,0.5212827752,1.0839770577
512,FALHA DE MOLA,5,False,OTHER,max_neighbor_similarity,0.23601605,-0.2784313547,-0.0657142685
512,FALHA DE MOLA,5,False,OTHER,mean_top3_neighbor_similarity,0.1322990606,-1.9035838133,-0.2518423503
512,FALHA DE MOLA,5,False,OTHER,mechanism_present,0.0,0.0205206418,0.0
512,FALHA DE MOLA,5,False,OTHER,normalized_flat_score,0.5204301237,0.4326820159,0.2251807551
512,FALHA DE MOLA,5,False,OTHER,root_overlap,0.0,1.8020872646,0.0
512,FALHA DE MOLA,5,False,OTHER,token_overlap,0.0,-0.9829840341,-0.0
512,FALHA DE MOLA,5,False,OTHER,top1_gap,0.5778749381,-1.6570759789,-0.9575826787
512,FALHA DE TAMPAMENTO,6,True,EXPECTED,centroid_similarity,0.1154295057,1.7801314007,0.2054796877
512,FALHA DE TAMPAMENTO,6,True,EXPECTED,char_overlap,0.0147058824,-0.2440697578,-0.0035892611
512,FALHA DE TAMPAMENTO,6,True,EXPECTED,component_present,0.0,0.5396170499,0.0
512,FALHA DE TAMPAMENTO,6,True,EXPECTED,family_score,0.5246519099,2.2663843684,1.1890628874
512,FALHA DE TAMPAMENTO,6,True,EXPECTED,flat_score,-0.7946317039,3.2829785737,-2.6087588579
512,FALHA DE TAMPAMENTO,6,True,EXPECTED,label_cosine,0.0,1.7169471715,0.0
512,FALHA DE TAMPAMENTO,6,True,EXPECTED,log_class_support,2.5649493575,0.5212827752,1.3370639192
512,FALHA DE TAMPAMENTO,6,True,EXPECTED,max_neighbor_similarity,0.0472460128,-0.2784313547,-0.0131547714
512,FALHA DE TAMPAMENTO,6,True,EXPECTED,mean_top3_neighbor_similarity,0.0311340317,-1.9035838133,-0.0592662388
512,FALHA DE TAMPAMENTO,6,True,EXPECTED,mechanism_present,0.0,0.0205206418,0.0
512,FALHA DE TAMPAMENTO,6,True,EXPECTED,normalized_flat_score,0.5884533392,0.4326820159,0.2546131771
512,FALHA DE TAMPAMENTO,6,True,EXPECTED,root_overlap,0.0,1.8020872646,0.0
512,FALHA DE TAMPAMENTO,6,True,EXPECTED,token_overlap,0.0,-0.9829840341,-0.0
512,FALHA DE TAMPAMENTO,6,True,EXPECTED,top1_gap,0.4959079226,-1.6570759789,-0.8217571064
512,FALHA DE MOTOR,7,False,OTHER,centroid_similarity,0.0906352401,1.7801314007,0.1613426369
512,FALHA DE MOTOR,7,False,OTHER,char_overlap,0.0158730159,-0.2440697578,-0.0038741231
512,FALHA DE MOTOR,7,False,OTHER,component_present,0.0,0.5396170499,0.0
512,FALHA DE MOTOR,7,False,OTHER,family_score,0.5142256943,2.2663843684,1.1654330754
512,FALHA DE MOTOR,7,False,OTHER,flat_score,-0.8973997959,3.2829785737,-2.9461443019
512,FALHA DE MOTOR,7,False,OTHER,label_cosine,0.0,1.7169471715,0.0
512,FALHA DE MOTOR,7,False,OTHER,log_class_support,3.9120230054,0.5212827752,2.0392702088
512,FALHA DE MOTOR,7,False,OTHER,max_neighbor_similarity,0.1611622572,-0.2784313547,-0.0448726256
512,FALHA DE MOTOR,7,False,OTHER,mean_top3_neighbor_similarity,0.0930702041,-1.9035838133,-0.1771669339
512,FALHA DE MOTOR,7,False,OTHER,mechanism_present,0.0,0.0205206418,0.0
512,FALHA DE MOTOR,7,False,OTHER,normalized_flat_score,0.5031676175,0.4326820159,0.2177115791
512,FALHA DE MOTOR,7,False,OTHER,root_overlap,0.0,1.8020872646,0.0
512,FALHA DE MOTOR,7,False,OTHER,token_overlap,0.0,-0.9829840341,-0.0
512,FALHA DE MOTOR,7,False,OTHER,top1_gap,0.5986760146,-1.6570759789,-0.992051643
512,FALHA DE VALVULA,8,False,OTHER,centroid_similarity,0.1115751341,1.7801314007,0.1986183997
512,FALHA DE VALVULA,8,False,OTHER,char_overlap,0.0153846154,-0.2440697578,-0.0037549194
512,FALHA DE VALVULA,8,False,OTHER,component_present,0.0,0.5396170499,0.0
512,FALHA DE VALVULA,8,False,OTHER,family_score,0.5171491787,2.2663843684,1.1720588146
512,FALHA DE VALVULA,8,False,OTHER,flat_score,-0.8901237255,3.2829785737,-2.9222571186
512,FALHA DE VALVULA,8,False,OTHER,label_cosine,0.0,1.7169471715,0.0
512,FALHA DE VALVULA,8,False,OTHER,log_class_support,3.7135720667,0.5212827752,1.9358211527
512,FALHA DE VALVULA,8,False,OTHER,max_neighbor_similarity,0.099314034,-0.2784313547,-0.027652141
512,FALHA DE VALVULA,8,False,OTHER,mean_top3_neighbor_similarity,0.0959074746,-1.9035838133,-0.1825679161
512,FALHA DE VALVULA,8,False,OTHER,mechanism_present,0.0,0.0205206418,0.0
512,FALHA DE VALVULA,8,False,OTHER,normalized_flat_score,0.5092059208,0.4326820159,0.2203242443
512,FALHA DE VALVULA,8,False,OTHER,root_overlap,0.0,1.8020872646,0.0
512,FALHA DE VALVULA,8,False,OTHER,token_overlap,0.0,-0.9829840341,-0.0
512,FALHA DE VALVULA,8,False,OTHER,top1_gap,0.5913999442,-1.6570759789,-0.9799946415
512,FALHA NA TROCA DE PALETE DE CARTAO,9,False,OTHER,centroid_similarity,0.152628392,1.7801314007,0.2716985932
512,FALHA NA TROCA DE PALETE DE CARTAO,9,False,OTHER,char_overlap,0.0789473684,-0.2440697578,-0.0192686651
512,FALHA NA TROCA DE PALETE DE CARTAO,9,False,OTHER,component_present,0.0,0.5396170499,0.0
512,FALHA NA TROCA DE PALETE DE CARTAO,9,False,OTHER,family_score,0.5204646292,2.2663843684,1.1795728999
512,FALHA NA TROCA DE PALETE DE CARTAO,9,False,OTHER,flat_score,-0.8890993587,3.2829785737,-2.9188941446
512,FALHA NA TROCA DE PALETE DE CARTAO,9,False,OTHER,label_cosine,0.0860787109,1.7169471715,0.1477925991
512,FALHA NA TROCA DE PALETE DE CARTAO,9,False,OTHER,log_class_support,2.7080502011,0.5212827752,1.4116599241
512,FALHA NA TROCA DE PALETE DE CARTAO,9,False,OTHER,max_neighbor_similarity,0.1702539921,-0.2784313547,-0.0474040497
512,FALHA NA TROCA DE PALETE DE CARTAO,9,False,OTHER,mean_top3_neighbor_similarity,0.1540213525,-1.9035838133,-0.2931925536
512,FALHA NA TROCA DE PALETE DE CARTAO,9,False,OTHER,mechanism_present,0.0,0.0205206418,0.0
512,FALHA NA TROCA DE PALETE DE CARTAO,9,False,OTHER,normalized_flat_score,0.5100560276,0.4326820159,0.2206920703
512,FALHA NA TROCA DE PALETE DE CARTAO,9,False,OTHER,root_overlap,0.1,1.8020872646,0.1802087265
512,FALHA NA TROCA DE PALETE DE CARTAO,9,False,OTHER,token_overlap,0.0769230769,-0.9829840341,-0.0756141565
512,FALHA NA TROCA DE PALETE DE CARTAO,9,False,OTHER,top1_gap,0.5903755775,-1.6570759789,-0.978297188
512,FALHA DE CONEXAO PNEUMATICA,10,False,OTHER,centroid_similarity,0.1304413527,1.7801314007,0.2322027479
512,FALHA DE CONEXAO PNEUMATICA,10,False,OTHER,char_overlap,0.0131578947,-0.2440697578,-0.0032114442
512,FALHA DE CONEXAO PNEUMATICA,10,False,OTHER,component_present,0.0,0.5396170499,0.0
512,FALHA DE CONEXAO PNEUMATICA,10,False,OTHER,family_score,0.5240028548,2.2663843684,1.1875918792
512,FALHA DE CONEXAO PNEUMATICA,10,False,OTHER,flat_score,-0.8915403887,3.2829785737,-2.9269079936
512,FALHA DE CONEXAO PNEUMATICA,10,False,OTHER,label_cosine,0.0022650154,1.7169471715,0.0038889118
512,FALHA DE CONEXAO PNEUMATICA,10,False,OTHER,log_class_support,1.3862943611,0.5212827752,0.7226513718
512,FALHA DE CONEXAO PNEUMATICA,10,False,OTHER,max_neighbor_similarity,0.0898631588,-0.2784313547,-0.025020721
512,FALHA DE CONEXAO PNEUMATICA,10,False,OTHER,mean_top3_neighbor_similarity,0.0852807338,-1.9035838133,-0.1623390245
512,FALHA DE CONEXAO PNEUMATICA,10,False,OTHER,mechanism_present,0.0,0.0205206418,0.0
512,FALHA DE CONEXAO PNEUMATICA,10,False,OTHER,normalized_flat_score,0.508030253,0.4326820159,0.219815554
512,FALHA DE CONEXAO PNEUMATICA,10,False,OTHER,root_overlap,0.0,1.8020872646,0.0
512,FALHA DE CONEXAO PNEUMATICA,10,False,OTHER,token_overlap,0.0,-0.9829840341,-0.0
512,FALHA DE CONEXAO PNEUMATICA,10,False,OTHER,top1_gap,0.5928166074,-1.6570759789,-0.9823421601
66,FALHA NO MANUSEIO DE CARTAO,1,False,OTHER,centroid_similarity,0.1872819662,1.7801314007,0.3333865088
66,FALHA NO MANUSEIO DE CARTAO,1,False,OTHER,char_overlap,0.1666666667,-0.2440697578,-0.040678293
66,FALHA NO MANUSEIO DE CARTAO,1,False,OTHER,component_present,0.0,0.5396170499,0.0
66,FALHA NO MANUSEIO DE CARTAO,1,False,OTHER,family_score,1.0,2.2663843684,2.2663843684
66,FALHA NO MANUSEIO DE CARTAO,1,False,OTHER,flat_score,-0.7254648165,3.2829785737,-2.3816854486
66,FALHA NO MANUSEIO DE CARTAO,1,False,OTHER,label_cosine,0.2529153824,1.7169471715,0.4342423504
66,FALHA NO MANUSEIO DE CARTAO,1,False,OTHER,log_class_support,3.0445224377,0.5212827752,1.5870571054
66,FALHA NO MANUSEIO DE CARTAO,1,False,OTHER,max_neighbor_similarity,0.1749150455,-0.2784313547,-0.0487018331
66,FALHA NO MANUSEIO DE CARTAO,1,False,OTHER,mean_top3_neighbor_similarity,0.1749150455,-1.9035838133,-0.3329654493
66,FALHA NO MANUSEIO DE CARTAO,1,False,OTHER,mechanism_present,0.0,0.0205206418,0.0
66,FALHA NO MANUSEIO DE CARTAO,1,False,OTHER,normalized_flat_score,0.9594657208,0.4326820159,0.4151435623
66,FALHA NO MANUSEIO DE CARTAO,1,False,OTHER,root_overlap,0.25,1.8020872646,0.4505218162
66,FALHA NO MANUSEIO DE CARTAO,1,False,OTHER,token_overlap,0.0909090909,-0.9829840341,-0.0893621849
66,FALHA NO MANUSEIO DE CARTAO,1,False,OTHER,top1_gap,0.0376244968,-1.6570759789,-0.0623466499
66,FALHA NA TROCA DE PALETE DE CARTAO,2,False,PROMOTED_WRONG,centroid_similarity,0.1853104681,1.7801314007,0.3298769831
66,FALHA NA TROCA DE PALETE DE CARTAO,2,False,PROMOTED_WRONG,char_overlap,0.141025641,-0.2440697578,-0.0344200941
66,FALHA NA TROCA DE PALETE DE CARTAO,2,False,PROMOTED_WRONG,component_present,0.0,0.5396170499,0.0
66,FALHA NA TROCA DE PALETE DE CARTAO,2,False,PROMOTED_WRONG,family_score,1.0,2.2663843684,2.2663843684
66,FALHA NA TROCA DE PALETE DE CARTAO,2,False,PROMOTED_WRONG,flat_score,-0.9064344967,3.2829785737,-2.975805031
66,FALHA NA TROCA DE PALETE DE CARTAO,2,False,PROMOTED_WRONG,label_cosine,0.1647814065,1.7169471715,0.2829209698
66,FALHA NA TROCA DE PALETE DE CARTAO,2,False,PROMOTED_WRONG,log_class_support,2.7080502011,0.5212827752,1.4116599241
66,FALHA NA TROCA DE PALETE DE CARTAO,2,False,PROMOTED_WRONG,max_neighbor_similarity,0.2329008281,-0.2784313547,-0.0648468931
66,FALHA NA TROCA DE PALETE DE CARTAO,2,False,PROMOTED_WRONG,mean_top3_neighbor_similarity,0.1939952075,-1.9035838133,-0.3692861369
66,FALHA NA TROCA DE PALETE DE CARTAO,2,False,PROMOTED_WRONG,mechanism_present,0.0,0.0205206418,0.0
66,FALHA NA TROCA DE PALETE DE CARTAO,2,False,PROMOTED_WRONG,normalized_flat_score,0.7645003082,0.4326820159,0.3307855345
66,FALHA NA TROCA DE PALETE DE CARTAO,2,False,PROMOTED_WRONG,root_overlap,0.1,1.8020872646,0.1802087265
66,FALHA NA TROCA DE PALETE DE CARTAO,2,False,PROMOTED_WRONG,token_overlap,0.0833333333,-0.9829840341,-0.0819153362
66,FALHA NA TROCA DE PALETE DE CARTAO,2,False,PROMOTED_WRONG,top1_gap,0.218594177,-1.6570759789,-0.3622271598
66,FALHA DE MANDRIL,3,False,OTHER,centroid_similarity,0.1511920094,1.7801314007,0.2691416436
66,FALHA DE MANDRIL,3,False,OTHER,char_overlap,0.0895522388,-0.2440697578,-0.0218569932
66,FALHA DE MANDRIL,3,False,OTHER,component_present,0.0,0.5396170499,0.0
66,FALHA DE MANDRIL,3,False,OTHER,family_score,0.8432602984,2.2663843684,1.9111519588
66,FALHA DE MANDRIL,3,False,OTHER,flat_score,-0.8166072644,3.2829785737,-2.6809041521
66,FALHA DE MANDRIL,3,False,OTHER,label_cosine,0.0299724024,1.7169471715,0.0514610315
66,FALHA DE MANDRIL,3,False,OTHER,log_class_support,2.302585093,0.5212827752,1.2002979474
66,FALHA DE MANDRIL,3,False,OTHER,max_neighbor_similarity,0.4571734369,-0.2784313547,-0.1272914194
66,FALHA DE MANDRIL,3,False,OTHER,mean_top3_neighbor_similarity,0.1967294638,-1.9035838133,-0.374491023
66,FALHA DE MANDRIL,3,False,OTHER,mechanism_present,0.0,0.0205206418,0.0
66,FALHA DE MANDRIL,3,False,OTHER,normalized_flat_score,0.861274549,0.4326820159,0.3726580081
66,FALHA DE MANDRIL,3,False,OTHER,root_overlap,0.0,1.8020872646,0.0
66,FALHA DE MANDRIL,3,False,OTHER,token_overlap,0.0,-0.9829840341,-0.0
66,FALHA DE MANDRIL,3,False,OTHER,top1_gap,0.1287669447,-1.6570759789,-0.2133766109
66,TRAVAMENTO DE PALETE,4,False,OTHER,centroid_similarity,0.318174094,1.7801314007,0.5663916955
66,TRAVAMENTO DE PALETE,4,False,OTHER,char_overlap,0.0845070423,-0.2440697578,-0.0206256133
66,TRAVAMENTO DE PALETE,4,False,OTHER,component_present,0.0,0.5396170499,0.0
66,TRAVAMENTO DE PALETE,4,False,OTHER,family_score,0.8743792916,2.2663843684,1.9816795586
66,TRAVAMENTO DE PALETE,4,False,OTHER,flat_score,-0.8583342947,3.2829785737,-2.8178930984
66,TRAVAMENTO DE PALETE,4,False,OTHER,label_cosine,0.0220135674,1.7169471715,0.0377961323
66,TRAVAMENTO DE PALETE,4,False,OTHER,log_class_support,2.0794415417,0.5212827752,1.0839770577
66,TRAVAMENTO DE PALETE,4,False,OTHER,max_neighbor_similarity,0.3032191396,-0.2784313547,-0.0844257158
66,TRAVAMENTO DE PALETE,4,False,OTHER,mean_top3_neighbor_similarity,0.2454783718,-1.9035838133,-0.467288655
66,TRAVAMENTO DE PALETE,4,False,OTHER,mechanism_present,0.0,0.0205206418,0.0
66,TRAVAMENTO DE PALETE,4,False,OTHER,normalized_flat_score,0.8163204569,0.4326820159,0.3532071809
66,TRAVAMENTO DE PALETE,4,False,OTHER,root_overlap,0.0,1.8020872646,0.0
66,TRAVAMENTO DE PALETE,4,False,OTHER,token_overlap,0.0,-0.9829840341,-0.0
66,TRAVAMENTO DE PALETE,4,False,OTHER,top1_gap,0.170493975,-1.6570759789,-0.2825214705
66,FALHA DE COMPACTACAO DE CAMADA,5,True,EXPECTED,centroid_similarity,0.25468117,1.7801314007,0.4533659479
66,FALHA DE COMPACTACAO DE CAMADA,5,True,EXPECTED,char_overlap,0.1830985915,-0.2440697578,-0.0446888289
66,FALHA DE COMPACTACAO DE CAMADA,5,True,EXPECTED,component_present,0.0,0.5396170499,0.0
66,FALHA DE COMPACTACAO DE CAMADA,5,True,EXPECTED,family_score,0.2679892998,2.2663843684,0.6073667599
66,FALHA DE COMPACTACAO DE CAMADA,5,True,EXPECTED,flat_score,-0.6878403197,3.2829785737,-2.2581650317
66,FALHA DE COMPACTACAO DE CAMADA,5,True,EXPECTED,label_cosine,0.1393794417,1.7169471715,0.2393071383
66,FALHA DE COMPACTACAO DE CAMADA,5,True,EXPECTED,log_class_support,2.0794415417,0.5212827752,1.0839770577
66,FALHA DE COMPACTACAO DE CAMADA,5,True,EXPECTED,max_neighbor_similarity,0.2063537091,-0.2784313547,-0.0574553428
66,FALHA DE COMPACTACAO DE CAMADA,5,True,EXPECTED,mean_top3_neighbor_similarity,0.1869538128,-1.9035838133,-0.355882252
66,FALHA DE COMPACTACAO DE CAMADA,5,True,EXPECTED,mechanism_present,0.0,0.0205206418,0.0
66,FALHA DE COMPACTACAO DE CAMADA,5,True,EXPECTED,normalized_flat_score,1.0,0.4326820159,0.4326820159
66,FALHA DE COMPACTACAO DE CAMADA,5,True,EXPECTED,root_overlap,0.1111111111,1.8020872646,0.2002319183
66,FALHA DE COMPACTACAO DE CAMADA,5,True,EXPECTED,token_overlap,0.0,-0.9829840341,-0.0
66,FALHA DE COMPACTACAO DE CAMADA,5,True,EXPECTED,top1_gap,0.0,-1.6570759789,-0.0
66,DESALINHAMENTO MECANICO,6,False,OTHER,centroid_similarity,0.3217556477,1.7801314007,0.5727673317
66,DESALINHAMENTO MECANICO,6,False,OTHER,char_overlap,0.038961039,-0.2440697578,-0.0095092113
66,DESALINHAMENTO MECANICO,6,False,OTHER,component_present,0.0,0.5396170499,0.0
66,DESALINHAMENTO MECANICO,6,False,OTHER,family_score,0.8432602984,2.2663843684,1.9111519588
66,DESALINHAMENTO MECANICO,6,False,OTHER,flat_score,-0.8577901444,3.2829785737,-2.8161066649
66,DESALINHAMENTO MECANICO,6,False,OTHER,label_cosine,0.0040783784,1.7169471715,0.0070023603
66,DESALINHAMENTO MECANICO,6,False,OTHER,log_class_support,2.0794415417,0.5212827752,1.0839770577
66,DESALINHAMENTO MECANICO,6,False,OTHER,max_neighbor_similarity,0.2985309064,-0.2784313547,-0.0831203647
66,DESALINHAMENTO MECANICO,6,False,OTHER,mean_top3_neighbor_similarity,0.273637116,-1.9035838133,-0.5208911846
66,DESALINHAMENTO MECANICO,6,False,OTHER,mechanism_present,0.0,0.0205206418,0.0
66,DESALINHAMENTO MECANICO,6,False,OTHER,normalized_flat_score,0.8169066903,0.4326820159,0.3534608336
66,DESALINHAMENTO MECANICO,6,False,OTHER,root_overlap,0.0,1.8020872646,0.0
66,DESALINHAMENTO MECANICO,6,False,OTHER,token_overlap,0.0,-0.9829840341,-0.0
66,DESALINHAMENTO MECANICO,6,False,OTHER,top1_gap,0.1699498247,-1.6570759789,-0.2816197722
66,FALHA DE RETORNO DO BRACO DE SOLDA,7,False,OTHER,centroid_similarity,0.1708790213,1.7801314007,0.3041871115
66,FALHA DE RETORNO DO BRACO DE SOLDA,7,False,OTHER,char_overlap,0.0476190476,-0.2440697578,-0.0116223694
66,FALHA DE RETORNO DO BRACO DE SOLDA,7,False,OTHER,component_present,0.0,0.5396170499,0.0
66,FALHA DE RETORNO DO BRACO DE SOLDA,7,False,OTHER,family_score,0.8432602984,2.2663843684,1.9111519588
66,FALHA DE RETORNO DO BRACO DE SOLDA,7,False,OTHER,flat_score,-0.7367901569,3.2829785737,-2.4188662984
66,FALHA DE RETORNO DO BRACO DE SOLDA,7,False,OTHER,label_cosine,0.0103279082,1.7169471715,0.0177324728
66,FALHA DE RETORNO DO BRACO DE SOLDA,7,False,OTHER,log_class_support,0.6931471806,0.5212827752,0.3613256859
66,FALHA DE RETORNO DO BRACO DE SOLDA,7,False,OTHER,max_neighbor_similarity,0.1708790213,-0.2784313547,-0.0475780774
66,FALHA DE RETORNO DO BRACO DE SOLDA,7,False,OTHER,mean_top3_neighbor_similarity,0.1708790213,-1.9035838133,-0.325282539
66,FALHA DE RETORNO DO BRACO DE SOLDA,7,False,OTHER,mechanism_present,0.0,0.0205206418,0.0
66,FALHA DE RETORNO DO BRACO DE SOLDA,7,False,OTHER,normalized_flat_score,0.9472645075,0.4326820159,0.4098643167
66,FALHA DE RETORNO DO BRACO DE SOLDA,7,False,OTHER,root_overlap,0.0,1.8020872646,0.0
66,FALHA DE RETORNO DO BRACO DE SOLDA,7,False,OTHER,token_overlap,0.0,-0.9829840341,-0.0
66,FALHA DE RETORNO DO BRACO DE SOLDA,7,False,OTHER,top1_gap,0.0489498372,-1.6570759789,-0.0811135994
66,FALHA NO ENVIO DE BEBIDA,8,False,OTHER,centroid_similarity,0.122058928,1.7801314007,0.2172809305
66,FALHA NO ENVIO DE BEBIDA,8,False,OTHER,char_overlap,0.0253164557,-0.2440697578,-0.0061789812
66,FALHA NO ENVIO DE BEBIDA,8,False,OTHER,component_present,0.0,0.5396170499,0.0
66,FALHA NO ENVIO DE BEBIDA,8,False,OTHER,family_score,0.8432602984,2.2663843684,1.9111519588
66,FALHA NO ENVIO DE BEBIDA,8,False,OTHER,flat_score,-0.814014199,3.2829785737,-2.672391174
66,FALHA NO ENVIO DE BEBIDA,8,False,OTHER,label_cosine,0.0071982937,1.7169471715,0.01235909
66,FALHA NO ENVIO DE BEBIDA,8,False,OTHER,log_class_support,1.0986122887,0.5212827752,0.5726876627
66,FALHA NO ENVIO DE BEBIDA,8,False,OTHER,max_neighbor_similarity,0.1713602841,-0.2784313547,-0.047712076
66,FALHA NO ENVIO DE BEBIDA,8,False,OTHER,mean_top3_neighbor_similarity,0.0902525242,-1.9035838133,-0.1718032443
66,FALHA NO ENVIO DE BEBIDA,8,False,OTHER,mechanism_present,0.0,0.0205206418,0.0
66,FALHA NO ENVIO DE BEBIDA,8,False,OTHER,normalized_flat_score,0.8640681554,0.4326820159,0.3738667514
66,FALHA NO ENVIO DE BEBIDA,8,False,OTHER,root_overlap,0.0,1.8020872646,0.0
66,FALHA NO ENVIO DE BEBIDA,8,False,OTHER,token_overlap,0.0,-0.9829840341,-0.0
66,FALHA NO ENVIO DE BEBIDA,8,False,OTHER,top1_gap,0.1261738793,-1.6570759789,-0.2090797046
66,TRAVAMENTO DE ATUADOR,9,False,OTHER,centroid_similarity,0.1102663726,1.7801314007,0.1962886322
66,TRAVAMENTO DE ATUADOR,9,False,OTHER,char_overlap,0.0833333333,-0.2440697578,-0.0203391465
66,TRAVAMENTO DE ATUADOR,9,False,OTHER,component_present,0.0,0.5396170499,0.0
66,TRAVAMENTO DE ATUADOR,9,False,OTHER,family_score,0.7017318245,2.2663843684,1.5903940378
66,TRAVAMENTO DE ATUADOR,9,False,OTHER,flat_score,-0.9063448432,3.2829785737,-2.9755107007
66,TRAVAMENTO DE ATUADOR,9,False,OTHER,label_cosine,0.0261958167,1.7169471715,0.0449768334
66,TRAVAMENTO DE ATUADOR,9,False,OTHER,log_class_support,2.302585093,0.5212827752,1.2002979474
66,TRAVAMENTO DE ATUADOR,9,False,OTHER,max_neighbor_similarity,0.0511781611,-0.2784313547,-0.0142496047
66,TRAVAMENTO DE ATUADOR,9,False,OTHER,mean_top3_neighbor_similarity,0.040267424,-1.9035838133,-0.0766524166
66,TRAVAMENTO DE ATUADOR,9,False,OTHER,mechanism_present,0.0,0.0205206418,0.0
66,TRAVAMENTO DE ATUADOR,9,False,OTHER,normalized_flat_score,0.7645968952,0.4326820159,0.330827326
66,TRAVAMENTO DE ATUADOR,9,False,OTHER,root_overlap,0.0,1.8020872646,0.0
66,TRAVAMENTO DE ATUADOR,9,False,OTHER,token_overlap,0.0,-0.9829840341,-0.0
66,TRAVAMENTO DE ATUADOR,9,False,OTHER,top1_gap,0.2185045235,-1.6570759789,-0.3620785973
66,FALHA NO FLUXO DE PALETES,10,False,OTHER,centroid_similarity,0.1694310457,1.7801314007,0.3016095246
66,FALHA NO FLUXO DE PALETES,10,False,OTHER,char_overlap,0.0649350649,-0.2440697578,-0.0158486856
66,FALHA NO FLUXO DE PALETES,10,False,OTHER,component_present,0.0,0.5396170499,0.0
66,FALHA NO FLUXO DE PALETES,10,False,OTHER,family_score,0.8743792916,2.2663843684,1.9816795586
66,FALHA NO FLUXO DE PALETES,10,False,OTHER,flat_score,-0.8923752662,3.2829785737,-2.9296488785
66,FALHA NO FLUXO DE PALETES,10,False,OTHER,label_cosine,0.009870287,1.7169471715,0.0169467614
66,FALHA NO FLUXO DE PALETES,10,False,OTHER,log_class_support,1.0986122887,0.5212827752,0.5726876627
66,FALHA NO FLUXO DE PALETES,10,False,OTHER,max_neighbor_similarity,0.1694310457,-0.2784313547,-0.0471749156
66,FALHA NO FLUXO DE PALETES,10,False,OTHER,mean_top3_neighbor_similarity,0.1694310457,-1.9035838133,-0.322526196
66,FALHA NO FLUXO DE PALETES,10,False,OTHER,mechanism_present,0.0,0.0205206418,0.0
66,FALHA NO FLUXO DE PALETES,10,False,OTHER,normalized_flat_score,0.7796468436,0.4326820159,0.337339168
66,FALHA NO FLUXO DE PALETES,10,False,OTHER,root_overlap,0.0,1.8020872646,0.0
66,FALHA NO FLUXO DE PALETES,10,False,OTHER,token_overlap,0.0,-0.9829840341,-0.0
66,FALHA NO FLUXO DE PALETES,10,False,OTHER,top1_gap,0.2045349465,-1.6570759789,-0.3389299467
