event_id,unit_code,unit_name,event_date,source_line_name,source_equipment_name,source_stop_type,source_stop_key_1,source_stop_subkey,observation,downtime_minutes,human_origin,human_notes,label,source_dataset,observation_norm,model_prediction,model_confidence,prob_manutencao,prob_operacao,model_correct
10213,BAAD,Jundiaí,2026-02-26,LINHA014,PREPARADOR BEBIDAS KRO L14,P.EQ.LINHA,Sistema de Válvulas,,"VÁLVULA Q136 EM FALHA, OCASIONANDO QUEDA DO BRIX.",13.37,MANUTENCAO,Falha técnica/física ou intervenção corretiva em equipamento/componente.,MANUTENCAO,REAL_V1,valvula q136 em falha ocasionando queda do brix,MANUTENCAO,0.940325553971378,0.940325553971378,0.05967444602862204,True
10280,BAAD,Jundiaí,2026-02-27,LINHA016,TRP CANTRONIC 1/ RINSER L16,P.EQ.LINHA,,,ABRINDO ESPACO ENTRE AS LATAS ASSIM QUE PASSA NO SENSOR DE 3 PONTOS PARANDO A ENCHEDORA,2.30,OPERACAO,"Falha de operação/processo, ajuste, fluxo, material ou automação sem evidência de avaria física.",OPERACAO,REAL_V1,abrindo espaco entre as latas assim que passa no sensor de 3 pontos parando a enchedora,OPERACAO,0.8768371114875629,0.12316288851243706,0.8768371114875629,True
10499,BAAD,Jundiaí,2026-03-01,LINHA015,ENCHEDORA KRO L15,P.EQ.LINHA,Sistema motriz,Transmissão desajustada,"REALIZADO AJUSTE DE ALTURA E SINCRONISMO NAS ESTRELAS DO EIXO 3 E 4 + TROCA DE PINÇAS E EIXOS DE COMANDO, DEVIDO A FINISH DANIFICADO.",60.00,MANUTENCAO,Falha técnica/física ou intervenção corretiva em equipamento/componente.,MANUTENCAO,REAL_V1,realizado ajuste de altura e sincronismo nas estrelas do eixo 3 e 4 troca de pincas e eixos de comando devido a finish danificado,OPERACAO,0.7981629253438314,0.20183707465616862,0.7981629253438314,False
10555,BAAD,Jundiaí,2026-03-02,LINHA015,ROTULADORA GARRAFAS 2 KRO L15,P.EQ.LINHA,Sistema de Lubrificação,,TULIPAS TRAVADAS POR FALTA DE LUBRIFICAÇÃO E GRAXA VELHA,15.00,MANUTENCAO,Falha técnica/física ou intervenção corretiva em equipamento/componente.,MANUTENCAO,REAL_V1,tulipas travadas por falta de lubrificacao e graxa velha,MANUTENCAO,0.7309112272860003,0.7309112272860003,0.26908877271399967,True
10892,BAAD,Jundiaí,2026-03-06,LINHA001,ENCHEDORA,P.EQ.LINHA,Válvulas de enchimento,,TROCA DA VALVULA 94. FOI TROCADO AS VENDAÇÕES.,5.92,MANUTENCAO,Falha técnica/física ou intervenção corretiva em equipamento/componente.,MANUTENCAO,REAL_V1,troca da valvula 94 foi trocado as vendacoes,MANUTENCAO,0.9450763690750046,0.9450763690750046,0.05492363092499537,True
10919,BAAD,Jundiaí,2026-03-06,LINHA021,ARMADORA SACMI L21,P.EQ.LINHA,SISTEMA DE TRAÇÃO,,CORRENTE SAIU DE POSIÇÃO,45.00,MANUTENCAO,Falha técnica/física ou intervenção corretiva em equipamento/componente.,MANUTENCAO,REAL_V1,corrente saiu de posicao,OPERACAO,0.8335240234671784,0.16647597653282165,0.8335240234671784,False
11068,BAAD,Jundiaí,2026-03-09,LINHA001,TRANSP PACOTES EMP PALET 1 SAN,P.EQ.LINHA,Cintas de transporte,Cadeia de transporte danificad,QUEBRA DA ESTEIRA ASA DELTA NA SAIDO DO FORNO DA EMPACOTADORA KISTER,25.00,MANUTENCAO,Falha técnica/física ou intervenção corretiva em equipamento/componente.,MANUTENCAO,REAL_V1,quebra da esteira asa delta na saido do forno da empacotadora kister,MANUTENCAO,0.9490427769475633,0.9490427769475633,0.05095722305243669,True
11183,BAAD,Jundiaí,2026-03-10,LINHA008,ANALIZADOR CO2 BRIX MAS L08,P.EQ.LINHA,Instalação elétrica,Cabo danificado,CONECTOR DO SENSOR DE LEITURA DO MASELLI ESTA DANIFICADO ( OBS: NÃO ESTA ACOMPANHANDO O BRIX E CO².)OCASIONANDO PARADA NA LINHA POR QUEDA NO BRIX  CO²,7.60,MANUTENCAO,Falha técnica/física ou intervenção corretiva em equipamento/componente.,MANUTENCAO,REAL_V1,conector do sensor de leitura do maselli esta danificado obs nao esta acompanhando o brix e co2 ocasionando parada na linha por queda no brix co2,MANUTENCAO,0.8244442386060585,0.8244442386060585,0.1755557613939415,True
11185,BAAD,Jundiaí,2026-03-10,LINHA009,ENVOLVEDORA FILME ACMI L09,P.EQ.LINHA,Anel de Envolvimento,,VELOCIDADE MÁXIMA DO ANEL EXCEDIDA.,3.20,OPERACAO,"Falha de operação/processo, ajuste, fluxo, material ou automação sem evidência de avaria física.",OPERACAO,REAL_V1,velocidade maxima do anel excedida,OPERACAO,0.8086090674104636,0.19139093258953643,0.8086090674104636,True
12202,BAAD,Jundiaí,2026-03-24,LINHA006,TRANSP GAR ENCH EMP ACMI L06,P.EQ.LINHA,Instalação elétrica,Falha PLC,FALHA DE CONEXAO DE REDE DO TRANSPORTE PARA ENCHEDORA,11.12,OPERACAO,"Falha de operação/processo, ajuste, fluxo, material ou automação sem evidência de avaria física.",OPERACAO,REAL_V1,falha de conexao de rede do transporte para enchedora,OPERACAO,0.6704255470442111,0.3295744529557889,0.6704255470442111,True
12346,BAAD,Jundiaí,2026-03-26,LINHA016,DESPALETIZADORA OCME L16,P.EQ.LINHA,Instalação elétrica,,CONECTOR DA BARREIRA 14 COM MAL CONTATO (NOTA:13213816),8.00,MANUTENCAO,Falha técnica/física ou intervenção corretiva em equipamento/componente.,MANUTENCAO,REAL_V1,conector da barreira 14 com mal contato nota 13213816,MANUTENCAO,0.7983631834041434,0.7983631834041434,0.2016368165958566,True
12441,BAAD,Jundiaí,2026-03-27,LINHA012,CAPSULADOR KHS L12,P.EQ.LINHA,Torre capsuladora,Torque desajustado,AJUSTE NO TORQUE DO CABEÇOTE 4,2.00,OPERACAO,"Falha de operação/processo, ajuste, fluxo, material ou automação sem evidência de avaria física.",OPERACAO,REAL_V1,ajuste no torque do cabecote 4,OPERACAO,0.9714397091825073,0.028560290817492673,0.9714397091825073,True
12838,BAAD,Jundiaí,2026-04-03,LINHA013,ENCHEDORA KHS L13,P.EQ.LINHA,Sistema de enchimento,,AJUSTE DA VALVULA REGULADORA DE PRESSÃO VR50. NOTA 13222015.,3.27,OPERACAO,"Falha de operação/processo, ajuste, fluxo, material ou automação sem evidência de avaria física.",OPERACAO,REAL_V1,ajuste da valvula reguladora de pressao vr50 nota 13222015,MANUTENCAO,0.5349559393934219,0.5349559393934219,0.4650440606065781,False
13093,BAAD,Jundiaí,2026-04-08,LINHA012,CAPSULADOR KHS L12,P.EQ.LINHA,Sistema de tampamento,,"TROCA DO BOCAL NOI CABEÇOTE N 2 , DEVIDO QUEBRA DA BORRACHA DAS ESFERAS",2.50,MANUTENCAO,Falha técnica/física ou intervenção corretiva em equipamento/componente.,MANUTENCAO,REAL_V1,troca do bocal noi cabecote n 2 devido quebra da borracha das esferas,MANUTENCAO,0.9708505200557483,0.9708505200557483,0.029149479944251648,True
13167,BAAD,Jundiaí,2026-04-10,LINHA001,PALETIZADORA 2 L01,P.EQ.LINHA,Sistema de segurança,,"FALHA NO INVERSOR DA PALETIZADORA, PAINEL DE SEGURANÇA SCHMERSAL EM FALHA",16.10,MANUTENCAO,Falha técnica/física ou intervenção corretiva em equipamento/componente.,MANUTENCAO,REAL_V1,falha no inversor da paletizadora painel de seguranca schmersal em falha,MANUTENCAO,0.9813093691367195,0.9813093691367195,0.018690630863280537,True
13317,BAAD,Jundiaí,2026-04-13,LINHA016,ENCHEDORA KRONES L16,P.EQ.LINHA,Manejo de garrafas,,LATA ENTROU FORA DE POSICIONAMENTO OCASIONANDO FALHA DE ENCHIMENTO E ENROSCO NA RECRAVADEIRA,4.00,OPERACAO,"Falha de operação/processo, ajuste, fluxo, material ou automação sem evidência de avaria física.",OPERACAO,REAL_V1,lata entrou fora de posicionamento ocasionando falha de enchimento e enrosco na recravadeira,OPERACAO,0.9728337097511935,0.027166290248806457,0.9728337097511935,True
13342,BAAD,Jundiaí,2026-04-13,LINHA007,TRANSP PALETE ACMI (CHEIO) L07,P.EQ.LINHA,Instalação elétrica,Falha PLC,FALHA NA TRANSFERENCIA DE PALETE/ ATRASO NO SINAL E FALHA NA PALETIZADORA,14.00,OPERACAO,"Falha de operação/processo, ajuste, fluxo, material ou automação sem evidência de avaria física.",OPERACAO,REAL_V1,falha na transferencia de palete atraso no sinal e falha na paletizadora,OPERACAO,0.7902784041799928,0.20972159582000716,0.7902784041799928,True
13445,BAAD,Jundiaí,2026-04-14,LINHA033,APLICADOR CANUDOS LI33,P.EQ.LINHA,Aplicador de Cola Nordson PB04,,TEMPERATURA INCORRETA,20.76,OPERACAO,"Falha de operação/processo, ajuste, fluxo, material ou automação sem evidência de avaria física.",OPERACAO,REAL_V1,temperatura incorreta,OPERACAO,0.8721876994858657,0.12781230051413428,0.8721876994858657,True
13586,BAAD,Jundiaí,2026-04-16,LINHA001,TRANSP LATAS WARMER EMPA KET L,P.EQ.LINHA,SISTEMA ELETRICO KET,,DESARME DO MOTOR SAIDA DO WARMER,10.64,MANUTENCAO,Falha técnica/física ou intervenção corretiva em equipamento/componente.,MANUTENCAO,REAL_V1,desarme do motor saida do warmer,MANUTENCAO,0.7209938272616342,0.7209938272616342,0.2790061727383658,True
13781,BAAD,Jundiaí,2026-04-21,LINHA016,ENCHEDORA KRONES L16,P.EQ.LINHA,Instalação elétrica,,"SENSOR IDENTIFICOU QUE UMA DAS PORTAS DA RECRAVADORA ESTAVA ABERTA, MAS NÃO ESTAVA, PARANDO REPENTINAMENTE A MÁQUINA SAINDO DE SINCRONISMO",14.00,MANUTENCAO,Falha técnica/física ou intervenção corretiva em equipamento/componente.,MANUTENCAO,REAL_V1,sensor identificou que uma das portas da recravadora estava aberta mas nao estava parando repentinamente a maquina saindo de sincronismo,OPERACAO,0.8043373681644067,0.1956626318355933,0.8043373681644067,False
14079,BAAD,Jundiaí,2026-04-25,LINHA033,ENCHEDORA TTP L33,P.EQ.LINHA,Unidade de emenda automática,,MANGUEIRA DE AR OBSTRUÍDA,20.76,MANUTENCAO,Falha técnica/física ou intervenção corretiva em equipamento/componente.,MANUTENCAO,REAL_V1,mangueira de ar obstruida,MANUTENCAO,0.6434210112044236,0.6434210112044236,0.3565789887955763,True
14340,BAAD,Jundiaí,2026-04-30,LINHA014,ENCHEDORA KRO L14,P.EQ.LINHA,Sistema elétrico,,FALHA BARRAMENTO ASI ELETRONICOS ATUANDO NO PROBLEMA,39.62,MANUTENCAO,Falha técnica/física ou intervenção corretiva em equipamento/componente.,MANUTENCAO,REAL_V1,falha barramento asi eletronicos atuando no problema,MANUTENCAO,0.8392612790823475,0.8392612790823475,0.16073872091765257,True
14599,BAAD,Jundiaí,2026-05-05,LINHA009,PREPARADOR BEBIDAS MIT L09,P.EQ.LINHA,SISTEMA CIRCUITO DE AGUA SM-60,,FALHA ELÉTRICA NA BOMBA DE ÁGUA,21.00,MANUTENCAO,Falha técnica/física ou intervenção corretiva em equipamento/componente.,MANUTENCAO,REAL_V1,falha eletrica na bomba de agua,MANUTENCAO,0.8352485740449477,0.8352485740449477,0.1647514259550523,True
14835,BAAD,Jundiaí,2026-05-09,LINHA009,RINSER KRO L09,P.EQ.LINHA,Manejo de garrafas,Guia de margem desajustada,AJUSTE NAS GUIAS DE ENTRADA/ PRESÃO DE AR,15.65,OPERACAO,"Falha de operação/processo, ajuste, fluxo, material ou automação sem evidência de avaria física.",OPERACAO,REAL_V1,ajuste nas guias de entrada presao de ar,OPERACAO,0.9270453867170219,0.07295461328297814,0.9270453867170219,True
14941,BAAD,Jundiaí,2026-05-11,LINHA005,EMPACOTADORA ACMI L05,P.EQ.LINHA,Cintas de transporte,Corrente de separação danifica,CORRENTE DO SINTEMA DE SEPARAÇÃO COM FOLGA,4.00,MANUTENCAO,Falha técnica/física ou intervenção corretiva em equipamento/componente.,MANUTENCAO,REAL_V1,corrente do sintema de separacao com folga,MANUTENCAO,0.727945435941637,0.727945435941637,0.27205456405836304,True
15108,BAAD,Jundiaí,2026-05-13,LINHA011,TRANSP GAR AQUEC EMPACOT SAN L,P.EQ.LINHA,SISTEMA TRANSPORTE SAN,,DESARME DO TRP LINEAR,10.00,MANUTENCAO,Falha técnica/física ou intervenção corretiva em equipamento/componente.,MANUTENCAO,REAL_V1,desarme do trp linear,OPERACAO,0.736285906450857,0.263714093549143,0.736285906450857,False
15121,BAAD,Jundiaí,2026-05-13,LINHA017,INSPETOR DE CONTORNO (SEKAMAT),P.EQ.LINHA,Sistema de Inspeção,,PARAMETROS DE CONTORNO FORA DO ESPECIFICADO,15.00,OPERACAO,"Falha de operação/processo, ajuste, fluxo, material ou automação sem evidência de avaria física.",OPERACAO,REAL_V1,parametros de contorno fora do especificado,OPERACAO,0.901104928468254,0.09889507153174604,0.901104928468254,True
15131,BAAD,Jundiaí,2026-05-13,LINHA013,EMPACOTADORA KIS L13,P.EQ.LINHA,Sistema Elétrico,,DESARME DO TÚNEL DE ENCOLHIMENTO,9.09,MANUTENCAO,Falha técnica/física ou intervenção corretiva em equipamento/componente.,MANUTENCAO,REAL_V1,desarme do tunel de encolhimento,OPERACAO,0.6690185997277617,0.3309814002722383,0.6690185997277617,False
15136,BAAD,Jundiaí,2026-05-13,LINHA015,PALETIZADORA KRO L15,P.EQ.LINHA,Sistema elétrico,,PEGADOR DE PAPELÃO FORA DE POSIÇÃO DEVIDO A COLISÃO COM ELEVADOR DE PALETE,9.60,OPERACAO,"Falha de operação/processo, ajuste, fluxo, material ou automação sem evidência de avaria física.",OPERACAO,REAL_V1,pegador de papelao fora de posicao devido a colisao com elevador de palete,OPERACAO,0.7552192333501063,0.24478076664989368,0.7552192333501063,True
15219,BAAD,Jundiaí,2026-05-14,LINHA006,TRANSP GAR ENCH EMP ACMI L06,P.EQ.LINHA,Instalação elétrica,Painel de controle falha,FALHA DE INTERCONEXÃO DE REDE NO TRANSPORTE DE GARRAFAS,6.07,OPERACAO,"Falha de operação/processo, ajuste, fluxo, material ou automação sem evidência de avaria física.",OPERACAO,REAL_V1,falha de interconexao de rede no transporte de garrafas,OPERACAO,0.9227688430943223,0.07723115690567772,0.9227688430943223,True
15368,BAAD,Jundiaí,2026-05-16,LINHA014,PALETIZADOR KRO L14,P.EQ.LINHA,SISTEMA ENTRADA,,FALHA NA VIA 1 E VIA 2 FALTANDO CAIXA,18.00,OPERACAO,"Falha de operação/processo, ajuste, fluxo, material ou automação sem evidência de avaria física.",OPERACAO,REAL_V1,falha na via 1 e via 2 faltando caixa,MANUTENCAO,0.7090674511817437,0.7090674511817437,0.29093254881825625,False
15478,BAAD,Jundiaí,2026-05-18,LINHA015,TRANSP GAR ROTUL EMP KRO L15,P.EQ.LINHA,Sistema Elétrico,,AJUSTE DE VELOCIDADE DO TRANSPORTE ROT2,9.60,OPERACAO,"Falha de operação/processo, ajuste, fluxo, material ou automação sem evidência de avaria física.",OPERACAO,REAL_V1,ajuste de velocidade do transporte rot2,OPERACAO,0.9962037086762451,0.003796291323754919,0.9962037086762451,True
15557,BAAD,Jundiaí,2026-05-19,LINHA008,PREPARADOR BEBIDAS SAS L08,P.EQ.LINHA,Instalação elétrica,Falha PLC,BOMBA DE MISTURA EM FALHA,2.00,MANUTENCAO,Falha técnica/física ou intervenção corretiva em equipamento/componente.,MANUTENCAO,REAL_V1,bomba de mistura em falha,MANUTENCAO,0.9812791376057448,0.9812791376057448,0.018720862394255175,True
15818,BAAD,Jundiaí,2026-05-26,LINHA033,CARTONADORA TTP LI33,P.EQ.LINHA,Transporte de Caixas,,FALHA NO SISTEMA DE VACÚO NO TRANSPORTE DE CAIXAS.,40.00,MANUTENCAO,Falha técnica/física ou intervenção corretiva em equipamento/componente.,MANUTENCAO,REAL_V1,falha no sistema de vacuo no transporte de caixas,MANUTENCAO,0.5781091042496453,0.5781091042496453,0.42189089575035466,True
16489,BAAD,Jundiaí,2026-06-10,LINHA001,ALIMENTADOR DE TAMPAS,P.EQ.LINHA,,,ENROSCO DE TAMPA CAIDA NO CARROCEL.,10.00,OPERACAO,"Falha de operação/processo, ajuste, fluxo, material ou automação sem evidência de avaria física.",OPERACAO,REAL_V1,enrosco de tampa caida no carrocel,OPERACAO,0.9932147511939665,0.006785248806033484,0.9932147511939665,True
16491,BAAD,Jundiaí,2026-06-10,LINHA001,PALETIZADORA 1 L01,P.EQ.LINHA,Sistema elétrico,,"FALHA NO SERVO DO CENTRADOR, FOI NECESSARIO RESETAR GERAL O EQUIPAMENTO.",30.43,MANUTENCAO,Falha técnica/física ou intervenção corretiva em equipamento/componente.,MANUTENCAO,REAL_V1,falha no servo do centrador foi necessario resetar geral o equipamento,OPERACAO,0.7266546695032051,0.2733453304967949,0.7266546695032051,False
16521,BAAD,Jundiaí,2026-06-10,LINHA017,TRANSP GAR ENCH ATÉ ROTULADORA,P.EQ.LINHA,,,DESARME TRP ANTES DO LINADRY,10.00,MANUTENCAO,Falha técnica/física ou intervenção corretiva em equipamento/componente.,MANUTENCAO,REAL_V1,desarme trp antes do linadry,OPERACAO,0.8790220571058631,0.12097794289413688,0.8790220571058631,False
16543,BAAD,Jundiaí,2026-06-10,LINHA013,ENCHEDORA KHS L13,P.EQ.LINHA,Sistema de enchimento,,TROCA DA VALVULA N 97,13.85,MANUTENCAO,Falha técnica/física ou intervenção corretiva em equipamento/componente.,MANUTENCAO,REAL_V1,troca da valvula n 97,MANUTENCAO,0.9914880882680149,0.9914880882680149,0.008511911731985034,True
16566,BAAD,Jundiaí,2026-06-11,LINHA016,DESPALETIZADORA OCME L16,P.EQ.LINHA,Transporte de palete,,FALHA NO SENSOR DE ELEVAÇÃO DO BULK.,3.85,MANUTENCAO,Falha técnica/física ou intervenção corretiva em equipamento/componente.,MANUTENCAO,REAL_V1,falha no sensor de elevacao do bulk,MANUTENCAO,0.9907176509207972,0.9907176509207972,0.009282349079202766,True
16596,BAAD,Jundiaí,2026-06-11,LINHA014,TRANSP CX DESPAL DESENCA KRO L,P.EQ.LINHA,Sistema de Lubrificação,,QUEBRA DA CORRENTE DOS ROLETES TRANSPORTE BBUL.,21.28,MANUTENCAO,Falha técnica/física ou intervenção corretiva em equipamento/componente.,MANUTENCAO,REAL_V1,quebra da corrente dos roletes transporte bbul,MANUTENCAO,0.8983091433372609,0.8983091433372609,0.10169085666273917,True
16729,BAAD,Jundiaí,2026-06-13,LINHA001,PALETIZADORA 1 L01,P.EQ.LINHA,Sistema elétrico,,"CANTONEIRA COLIDINDO COM PALETE , NECESSARIO A ,ASTERIZAÇÃO",10.00,OPERACAO,"Falha de operação/processo, ajuste, fluxo, material ou automação sem evidência de avaria física.",OPERACAO,REAL_V1,cantoneira colidindo com palete necessario a asterizacao,OPERACAO,0.7058299600206417,0.2941700399793583,0.7058299600206417,True
16962,BAAD,Jundiaí,2026-06-17,LINHA005,ENCHEDORA SIM L05,P.EQ.LINHA,Conjunto de enchimento,Pistão elevador danificado,"PINÇAS 15, 28 E 110 DANIFICADAS",39.60,MANUTENCAO,Falha técnica/física ou intervenção corretiva em equipamento/componente.,MANUTENCAO,REAL_V1,pincas 15 28 e 110 danificadas,MANUTENCAO,0.9437285750166328,0.9437285750166328,0.05627142498336728,True
17157,BAAD,Jundiaí,2026-06-22,LINHA016,PREPARADOR BEBIDAS KRONES L16,P.EQ.LINHA,Sistema de Bombeamento,,BOMBA DE XAROPE EM FALHA DESARMANDO,30.00,MANUTENCAO,Falha técnica/física ou intervenção corretiva em equipamento/componente.,MANUTENCAO,REAL_V1,bomba de xarope em falha desarmando,MANUTENCAO,0.9708445945859833,0.9708445945859833,0.029155405414016785,True
17261,BAAD,Jundiaí,2026-06-23,LINHA021,MONTADORA DE CAIXAS SACMI L21,P.EQ.LINHA,ESTRUTURA,,TROCA DAS BUCHAS DE ATICULAÇÃO DO BRAÇO FLAP,20.00,MANUTENCAO,Falha técnica/física ou intervenção corretiva em equipamento/componente.,MANUTENCAO,REAL_V1,troca das buchas de aticulacao do braco flap,MANUTENCAO,0.8894630872285129,0.8894630872285129,0.11053691277148717,True
17434,BAAD,Jundiaí,2026-06-25,LINHA017,(TR) CODIFICADORA VIDEO JET (R,P.EQ.LINHA,,,FALHA DA VIDEO-JET,46.17,MANUTENCAO,Falha técnica/física ou intervenção corretiva em equipamento/componente.,MANUTENCAO,REAL_V1,falha da video jet,MANUTENCAO,0.9092095790195917,0.9092095790195917,0.09079042098040833,True
17451,BAAD,Jundiaí,2026-06-26,LINHA001,TRANSP PACOTES EMP PALET 1 SAN,P.EQ.LINHA,Cintas de transporte,Roda dentada danificada,RODA DENTADA DANIFICADA LADO KHS,20.00,MANUTENCAO,Falha técnica/física ou intervenção corretiva em equipamento/componente.,MANUTENCAO,REAL_V1,roda dentada danificada lado khs,MANUTENCAO,0.8943954417109354,0.8943954417109354,0.10560455828906458,True
17644,BAAD,Jundiaí,2026-06-28,LINHA009,ENCHEDORA KHS L09,P.EQ.LINHA,Manejo de garrafas,Manejo de garrafa danificado,TROCA DAS TRAVAS DE GARGALO N°12 E N°85,8.02,MANUTENCAO,Falha técnica/física ou intervenção corretiva em equipamento/componente.,MANUTENCAO,REAL_V1,troca das travas de gargalo n 12 e n 85,MANUTENCAO,0.792728708295261,0.792728708295261,0.20727129170473907,True
17688,BAAD,Jundiaí,2026-06-29,LINHA007,CODIFICADORA MAR,P.EQ.LINHA,,,CONFIGURAÇÃO E LIMPEZA DO CANHÃO E CABEÇOTE DO CODIFICADOR A TINTA,26.05,OPERACAO,"Falha de operação/processo, ajuste, fluxo, material ou automação sem evidência de avaria física.",OPERACAO,REAL_V1,configuracao e limpeza do canhao e cabecote do codificador a tinta,OPERACAO,0.8697228275951105,0.13027717240488945,0.8697228275951105,True
18252,BAAD,Jundiaí,2026-07-08,LINHA015,TRANSP GAR ENCH ROTUL KRO L15,P.EQ.LINHA,Sistema Motriz,Correia de transmissão danific,ESTEIRAS DANIFICADAS NA SAIDA DO CAVALO MARINHO 1 CAUSANDO QUEDA DE GARRAFAS,2.00,MANUTENCAO,Falha técnica/física ou intervenção corretiva em equipamento/componente.,MANUTENCAO,REAL_V1,esteiras danificadas na saida do cavalo marinho 1 causando queda de garrafas,OPERACAO,0.5530506764203201,0.44694932357967987,0.5530506764203201,False
18459,BAAD,Jundiaí,2026-07-11,LINHA012,TRANSP GAR DESENC LAV IEF L12,P.EQ.LINHA,SISTEMA TRANSPORTE SEM MODELO,,DESARME NOS TRANSPORTES DO ALEXUS,3.00,OPERACAO,"Falha de operação/processo, ajuste, fluxo, material ou automação sem evidência de avaria física.",OPERACAO,REAL_V1,desarme nos transportes do alexus,OPERACAO,0.8397778695094713,0.1602221304905287,0.8397778695094713,True
18749,BAAD,Jundiaí,2026-07-16,LINHA008,ENVOLVEDORA FILME ACMI L08,P.EQ.LINHA,Instalação elétrica,Conexões soltas,FALHA NA CONEXÃO DO DRIVE,34.80,MANUTENCAO,Falha técnica/física ou intervenção corretiva em equipamento/componente.,MANUTENCAO,REAL_V1,falha na conexao do drive,MANUTENCAO,0.9177421994864371,0.9177421994864371,0.0822578005135629,True
19012,BAAD,Jundiaí,2026-07-19,LINHA001,PALETIZADORA 2 L01,P.EQ.LINHA,Sistema de instrumentos e cont,,AJUSTE NOS PARAMETROS DE TRANSLAÇÃO DO MANIPULADOR 03 PALETIZADORA LADO 02,5.65,OPERACAO,"Falha de operação/processo, ajuste, fluxo, material ou automação sem evidência de avaria física.",OPERACAO,REAL_V1,ajuste nos parametros de translacao do manipulador 03 paletizadora lado 02,OPERACAO,0.873609218726247,0.12639078127375303,0.873609218726247,True
19153,BAAD,Jundiaí,2026-07-21,LINHA034,ENCHEDORA TTP L34,P.EQ.LINHA,Unidade da dobradora final,,ENROSCO DE KAPO NA DOBRADORA,20.00,OPERACAO,"Falha de operação/processo, ajuste, fluxo, material ou automação sem evidência de avaria física.",OPERACAO,REAL_V1,enrosco de kapo na dobradora,OPERACAO,0.9786179233910751,0.021382076608924883,0.9786179233910751,True
19327,BAAD,Jundiaí,2026-07-24,LINHA012,INSP LINATRONIC KRO L12,P.EQ.LINHA,Sistema de inspeção,Câmera de fundo falha,FALSA REJEIÇÃO POR FUNDO DEVIDO VIDRO CAMERA DE FUNDO COM RESIDUO DE AGUA .,10.50,OPERACAO,"Falha de operação/processo, ajuste, fluxo, material ou automação sem evidência de avaria física.",OPERACAO,REAL_V1,falsa rejeicao por fundo devido vidro camera de fundo com residuo de agua,OPERACAO,0.5401521891078088,0.4598478108921912,0.5401521891078088,True
19367,BAAD,Jundiaí,2026-07-24,LINHA008,PALETIZADOR ACMI L08,P.EQ.LINHA,Mesa formadora,Pinça descincronizadas,PERDA DE SINCRONISMO NAS PINÇAS,6.40,OPERACAO,"Falha de operação/processo, ajuste, fluxo, material ou automação sem evidência de avaria física.",OPERACAO,REAL_V1,perda de sincronismo nas pincas,OPERACAO,0.6545651553548466,0.3454348446451534,0.6545651553548466,True
19525,BAAD,Jundiaí,2026-07-27,LINHA016,ENCHEDORA KRONES L16,P.EQ.LINHA,Manejo de garrafas,,VELOCIDADE LIMITADA A 115000 DEVIDO FALHA NA ENTRADA DA ENCHEDORA,6.00,OPERACAO,"Falha de operação/processo, ajuste, fluxo, material ou automação sem evidência de avaria física.",OPERACAO,REAL_V1,velocidade limitada a 115000 devido falha na entrada da enchedora,OPERACAO,0.7205403139627716,0.27945968603722837,0.7205403139627716,True
19528,BAAD,Jundiaí,2026-07-27,LINHA016,TRP ENVOLVEDORA / TRP DE PALLE,P.EQ.LINHA,,,"FALTA DE LIMITADORES NO TRANSPORTE DE PALETES POSIÇÃO 161, OCASIONANDO PARADAS NO TRANSPORTE QUANDO O EMPILHADOR VAI RETIRAR OS PALETES.",17.27,MANUTENCAO,Falha técnica/física ou intervenção corretiva em equipamento/componente.,MANUTENCAO,REAL_V1,falta de limitadores no transporte de paletes posicao 161 ocasionando paradas no transporte quando o empilhador vai retirar os paletes,OPERACAO,0.694544506646099,0.305455493353901,0.694544506646099,False
19623,BAAD,Jundiaí,2026-07-28,LINHA009,RINSER KRO L09,P.EQ.LINHA,Instalação elétrica,Sensores danificados,"FALHA NO SENSOR DO AÉREO, CAUSANDO A PARADA DO RINSER",4.56,MANUTENCAO,Falha técnica/física ou intervenção corretiva em equipamento/componente.,MANUTENCAO,REAL_V1,falha no sensor do aereo causando a parada do rinser,MANUTENCAO,0.9202284550508243,0.9202284550508243,0.07977154494917572,True
20118,BAAD,Jundiaí,2026-08-05,LINHA012,CAPSULADOR KHS L12,P.EQ.LINHA,Torre capsuladora,Torque desajustado,"ALTO TORQUE NO CABEÇOTE N2 OCASIONANDO MARCAÇÃO NA TAMPA , FOI REALIZADO O AJUSTE",13.50,OPERACAO,"Falha de operação/processo, ajuste, fluxo, material ou automação sem evidência de avaria física.",OPERACAO,REAL_V1,alto torque no cabecote n2 ocasionando marcacao na tampa foi realizado o ajuste,OPERACAO,0.989045277857228,0.010954722142772044,0.989045277857228,True
20157,BAAD,Jundiaí,2026-08-05,LINHA013,TRANSP PACOTES AMBAFLEX PALET,P.EQ.LINHA,SISTEMA ESTRUTURA INNOLINE GTR,,QUEDA DA ESTEIRA  - EMBORRADA DA  MESA DE ENTRADA DA PALETIZADORA,10.00,MANUTENCAO,Falha técnica/física ou intervenção corretiva em equipamento/componente.,MANUTENCAO,REAL_V1,queda da esteira emborrada da mesa de entrada da paletizadora,MANUTENCAO,0.7526048509485292,0.7526048509485292,0.24739514905147075,True
20203,BAAD,Jundiaí,2026-08-06,LINHA011,EMPACOTADORA PAK L11,P.EQ.LINHA,Alimentação corte de filme,Corte desajustado,FALHA NA MESA DE ENVOLVIMENTO,30.00,OPERACAO,"Falha de operação/processo, ajuste, fluxo, material ou automação sem evidência de avaria física.",OPERACAO,REAL_V1,falha na mesa de envolvimento,OPERACAO,0.6255217585280063,0.3744782414719937,0.6255217585280063,True
21032,BAAD,Jundiaí,2026-08-18,LINHA033,CARTONADORA TTP LI33,P.EQ.LINHA,Unidade de agrupamento,,ENGRENAGEM DO ESTICADOR DA INDEXAÇÃO FORA DE POSIÇÃO. FOI ALINHADO E REFERENCIADO A INDEXAÇÃO.,10.00,OPERACAO,"Falha de operação/processo, ajuste, fluxo, material ou automação sem evidência de avaria física.",OPERACAO,REAL_V1,engrenagem do esticador da indexacao fora de posicao foi alinhado e referenciado a indexacao,OPERACAO,0.9148979916099361,0.08510200839006388,0.9148979916099361,True
21143,BAAD,Jundiaí,2026-08-19,LINHA001,TRANSP LATAS WARMER EMPA KET L,P.EQ.LINHA,SISTEMA CINTAS TRANSPORTE KET,,QUEBRA DA ESTEIRA DO TRANPOSRTE DE LATAS PARA A KHS,14.00,MANUTENCAO,Falha técnica/física ou intervenção corretiva em equipamento/componente.,MANUTENCAO,REAL_V1,quebra da esteira do tranposrte de latas para a khs,MANUTENCAO,0.8285303214112403,0.8285303214112403,0.17146967858875978,True
21390,BAAD,Jundiaí,2026-08-22,LINHA016,TRP REJEITOS L16,P.EQ.LINHA,,,FALHA NA REJEIÇÃO,2.00,OPERACAO,"Falha de operação/processo, ajuste, fluxo, material ou automação sem evidência de avaria física.",OPERACAO,REAL_V1,falha na rejeicao,OPERACAO,0.8093421079132044,0.19065789208679562,0.8093421079132044,True
21563,BAAD,Jundiaí,2026-08-25,LINHA017,ENCAIXOTADORA,P.EQ.LINHA,Sistema Elétrico,,"TELA TÁTIL IHM TRAVADA, NECESSÁRIO REINICIALIZAÇÃO DO EQUIPAMENTO",20.00,OPERACAO,"Falha de operação/processo, ajuste, fluxo, material ou automação sem evidência de avaria física.",OPERACAO,REAL_V1,tela tatil ihm travada necessario reinicializacao do equipamento,OPERACAO,0.9493118609789022,0.05068813902109781,0.9493118609789022,True
22227,BAAD,Jundiaí,2026-09-05,LINHA006,PREPARADOR BEBIDAS SID LI06,P.EQ.LINHA,Sistema motriz,,DESARME BOMBA VÁCUO_ATRASO CIP_REARME DA BOMBA.,25.00,OPERACAO,"Falha de operação/processo, ajuste, fluxo, material ou automação sem evidência de avaria física.",OPERACAO,REAL_V1,desarme bomba vacuo_atraso cip_rearme da bomba,OPERACAO,0.5161031918794564,0.4838968081205436,0.5161031918794564,True
22425,BAAD,Jundiaí,2026-09-08,LINHA013,ENCHEDORA KHS L13,P.EQ.LINHA,Sistema de enchimento,,REALIZADO LIMPEZA NO CANAL DE ALIVIO DEVIDO ESPUMAMENTO NO RETORNO DE PRODUÇÃO.,6.00,OPERACAO,"Falha de operação/processo, ajuste, fluxo, material ou automação sem evidência de avaria física.",OPERACAO,REAL_V1,realizado limpeza no canal de alivio devido espumamento no retorno de producao,OPERACAO,0.9624852909973509,0.03751470900264908,0.9624852909973509,True
22441,BAAD,Jundiaí,2026-09-08,LINHA033,ACUMULADOR HELIX HARTNESS LI33,P.EQ.LINHA,Acumulador,,"KAPO AMASSADO, OCASIONANDO ENROSCO NA ARANHA.",20.76,OPERACAO,"Falha de operação/processo, ajuste, fluxo, material ou automação sem evidência de avaria física.",OPERACAO,REAL_V1,kapo amassado ocasionando enrosco na aranha,OPERACAO,0.9340124817332341,0.06598751826676585,0.9340124817332341,True
23212,BAAE,Mogi,2026-01-12,LINHA003,MO3 ROTULADORA CONTIROLL KRO,P.EQ.LINHA,Sistema Elétrico,,FALHA ELETRICA ( BARRAMENTO ASI ),12.96,MANUTENCAO,Falha técnica/física ou intervenção corretiva em equipamento/componente.,MANUTENCAO,REAL_V1,falha eletrica barramento asi,MANUTENCAO,0.9546243483095362,0.9546243483095362,0.04537565169046371,True
23352,BAAE,Mogi,2026-01-14,LINHA002,CAPSULADOR GARRAFAS KHS L02,P.EQ.LINHA,Sistema de Tampamento,,TAMPA COM BOTOQUER MORDIDO,7.29,OPERACAO,"Falha de operação/processo, ajuste, fluxo, material ou automação sem evidência de avaria física.",OPERACAO,REAL_V1,tampa com botoquer mordido,OPERACAO,0.7181460294657269,0.2818539705342731,0.7181460294657269,True
23803,BAAE,Mogi,2026-01-21,LINHA001,TRANS PACOT EMPACOT PALETIZA L,P.EQ.LINHA,Sistema de instrumentos e cont,,FALHA NO CORTE DO FILME/ PACOTES ABERTOS NO TRANSPORTADOR,6.24,OPERACAO,"Falha de operação/processo, ajuste, fluxo, material ou automação sem evidência de avaria física.",OPERACAO,REAL_V1,falha no corte do filme pacotes abertos no transportador,OPERACAO,0.6595712749159007,0.34042872508409927,0.6595712749159007,True
23810,BAAE,Mogi,2026-01-21,LINHA001,TRANS PACOT EMPACOT PALETIZA L,P.EQ.LINHA,Sistema de instrumentos e cont,,TRAVAMENTO DA ESTEIRA DO TRANSPORTE DE PACOTES,60.00,OPERACAO,"Falha de operação/processo, ajuste, fluxo, material ou automação sem evidência de avaria física.",OPERACAO,REAL_V1,travamento da esteira do transporte de pacotes,OPERACAO,0.6965245496549277,0.3034754503450723,0.6965245496549277,True
23970,BAAE,Mogi,2026-01-23,LINHA006,DOSADOR DE NITROGENIO,P.EQ.LINHA,,,DOSADOR DE NITROGÊNIO CONGELADO.,34.29,MANUTENCAO,Falha técnica/física ou intervenção corretiva em equipamento/componente.,MANUTENCAO,REAL_V1,dosador de nitrogenio congelado,MANUTENCAO,0.8168699932580658,0.8168699932580658,0.18313000674193428,True
24075,BAAE,Mogi,2026-01-26,LINHA001,MO1 TRANSP ROT RINSER KRO,P.EQ.LINHA,Estrutura,Guia pescoço danificada,ENROSCO  DE GARRAFA TRANSPORTE AEREO,3.12,OPERACAO,"Falha de operação/processo, ajuste, fluxo, material ou automação sem evidência de avaria física.",OPERACAO,REAL_V1,enrosco de garrafa transporte aereo,OPERACAO,0.9884127702839165,0.011587229716083502,0.9884127702839165,True
24337,BAAE,Mogi,2026-01-30,LINHA001,MO1 ROTULADORA KRONES CONTIROL,P.EQ.LINHA,Sistema Elétrico,,FALHA ELETRICA NO POLEIRO DE COLA,60.00,MANUTENCAO,Falha técnica/física ou intervenção corretiva em equipamento/componente.,MANUTENCAO,REAL_V1,falha eletrica no poleiro de cola,MANUTENCAO,0.8259342893748369,0.8259342893748369,0.17406571062516304,True
24594,BAAE,Mogi,2026-02-02,LINHA003,CAPSULADOR L03,P.EQ.LINHA,SISTEMA ESTRUTURA RZ- RET-P-40,,"GARRAFA COM TAMPA ALTA TRAVOU NA BARRA DE ARRASTE MOLHANDO TODO  O SISTEMA DE SUBIDA DE FILME, ENROLANDO O MESMO NA FACA",10.00,OPERACAO,"Falha de operação/processo, ajuste, fluxo, material ou automação sem evidência de avaria física.",OPERACAO,REAL_V1,garrafa com tampa alta travou na barra de arraste molhando todo o sistema de subida de filme enrolando o mesmo na faca,OPERACAO,0.8967239879795758,0.10327601202042425,0.8967239879795758,True
24732,BAAE,Mogi,2026-02-04,LINHA002,ENCHEDORA KHS L02,P.EQ.LINHA,Sistema de instrumentos e cont,,ENCHEDORA PARADA / PARAFUSO SOLTO,4.00,MANUTENCAO,Falha técnica/física ou intervenção corretiva em equipamento/componente.,MANUTENCAO,REAL_V1,enchedora parada parafuso solto,MANUTENCAO,0.5013133742974338,0.5013133742974338,0.4986866257025662,True
24913,BAAE,Mogi,2026-02-07,LINHA001,TRANSP PALETE KHS L01,P.EQ.LINHA,Estrutura,Suporte transportador danifica,ACUMULO DE PALETE NO TRANSPORTE ENVOLVEDORA PARADA / MANUTENÇÃO ATUANDO NO TRANSPORTE DE SAIDA DA ENVOLVEDORA,3.12,MANUTENCAO,Falha técnica/física ou intervenção corretiva em equipamento/componente.,MANUTENCAO,REAL_V1,acumulo de palete no transporte envolvedora parada manutencao atuando no transporte de saida da envolvedora,OPERACAO,0.9020025826818848,0.09799741731811518,0.9020025826818848,False
24988,BAAE,Mogi,2026-02-08,LINHA002,MO2 SOPRADORA CONTIFORM KRO,P.EQ.LINHA,Sistema de Instrumentos e cont,,SOPRADORA PARADA / ERRO NA LEITURA DO SENSOR DE MEDIÇÃO DE GARRAFAS,20.00,OPERACAO,"Falha de operação/processo, ajuste, fluxo, material ou automação sem evidência de avaria física.",OPERACAO,REAL_V1,sopradora parada erro na leitura do sensor de medicao de garrafas,OPERACAO,0.7064622526088634,0.2935377473911366,0.7064622526088634,True
25030,BAAE,Mogi,2026-02-08,LINHA003,ENCHEDORA ZEGLA L03,P.EQ.LINHA,SISTEMA ESTRUTURA RZRETP40/50/,,PROBLEMAS COM A NR 12 DAS PORTAS / N* DA NOTA 13166530,31.00,MANUTENCAO,Falha técnica/física ou intervenção corretiva em equipamento/componente.,MANUTENCAO,REAL_V1,problemas com a nr 12 das portas n da nota 13166530,OPERACAO,0.5467987361408858,0.4532012638591142,0.5467987361408858,False
25358,BAAE,Mogi,2026-02-13,LINHA001,PALETIZADOR KHS L01,P.EQ.LINHA,Sistema elétrico,,FALHA NO SENSOR DE SAIDA DA PALETIZADORA,7.00,MANUTENCAO,Falha técnica/física ou intervenção corretiva em equipamento/componente.,MANUTENCAO,REAL_V1,falha no sensor de saida da paletizadora,MANUTENCAO,0.945015683762206,0.945015683762206,0.05498431623779396,True
25536,BAAE,Mogi,2026-02-15,LINHA001,MO1 SOPRADORA KRONES CONTIFORM,P.EQ.LINHA,Sistema Elétrico,Falha elétrica,PRE FORMA ENCRAVADAS NO SELECIONADOR DE PRÉ FORMA,3.24,OPERACAO,"Falha de operação/processo, ajuste, fluxo, material ou automação sem evidência de avaria física.",OPERACAO,REAL_V1,pre forma encravadas no selecionador de pre forma,OPERACAO,0.8475935940947549,0.15240640590524512,0.8475935940947549,True
25859,BAAE,Mogi,2026-02-19,LINHA001,CAPSULADOR L01,P.EQ.LINHA,Sistema de instrumentos e cont,,GARRAFAS ENROSCDAS NO FACAO CAPSULADOR,10.72,OPERACAO,"Falha de operação/processo, ajuste, fluxo, material ou automação sem evidência de avaria física.",OPERACAO,REAL_V1,garrafas enroscdas no facao capsulador,OPERACAO,0.9503653351312247,0.049634664868775324,0.9503653351312247,True
27537,BAAE,Mogi,2026-03-13,LINHA008,PALETIZADORA KRONES L08,P.EQ.LINHA,SISTEMA ESTACAO DE CARREGAMENT,,FALHA NA APILICAÇÃO DO CHAPATEX,16.36,OPERACAO,"Falha de operação/processo, ajuste, fluxo, material ou automação sem evidência de avaria física.",OPERACAO,REAL_V1,falha na apilicacao do chapatex,OPERACAO,0.5590513186983812,0.4409486813016188,0.5590513186983812,True
27548,BAAE,Mogi,2026-03-13,LINHA008,ROTULADORA KRONES L08,P.EQ.LINHA,TRANSPORTE RECIPIENTES,,LIMPEZA NA ROTULADORA,16.36,OPERACAO,"Falha de operação/processo, ajuste, fluxo, material ou automação sem evidência de avaria física.",OPERACAO,REAL_V1,limpeza na rotuladora,OPERACAO,0.9833832508479254,0.01661674915207456,0.9833832508479254,True
27695,BAAE,Mogi,2026-03-15,LINHA003,PALETIZADOR SIM L03,P.EQ.LINHA,Sistema de instrumentos e cont,,FALHA NA CONTRA TRAVA,19.68,MANUTENCAO,Falha técnica/física ou intervenção corretiva em equipamento/componente.,MANUTENCAO,REAL_V1,falha na contra trava,MANUTENCAO,0.6695958651187406,0.6695958651187406,0.3304041348812594,True
27710,BAAE,Mogi,2026-03-16,LINHA001,RINSER L01,P.EQ.LINHA,Sistema de Instrumentos e cont,,TROCA DA GARRA DE N º 44,17.00,MANUTENCAO,Falha técnica/física ou intervenção corretiva em equipamento/componente.,MANUTENCAO,REAL_V1,troca da garra de n o 44,MANUTENCAO,0.9082842849127419,0.9082842849127419,0.09171571508725808,True
27869,BAAE,Mogi,2026-03-18,LINHA008,SOPRADORA KRONES L08,P.EQ.LINHA,MODULO DO SOPRO,,"VERIFICAÇÃO DO MOLDE 18, E LUBRIFICAÇÃO DO BOCAL",10.00,MANUTENCAO,Falha técnica/física ou intervenção corretiva em equipamento/componente.,MANUTENCAO,REAL_V1,verificacao do molde 18 e lubrificacao do bocal,MANUTENCAO,0.6022766758866736,0.6022766758866736,0.3977233241133265,True
28106,BAAE,Mogi,2026-03-23,LINHA008,ALIMENTADOR DE TAMPA KRONES L0,P.EQ.LINHA,INSPECAO TAMPAS,,FALHA NO TOMBADOR DE TAMPA,33.82,MANUTENCAO,Falha técnica/física ou intervenção corretiva em equipamento/componente.,MANUTENCAO,REAL_V1,falha no tombador de tampa,OPERACAO,0.9305056425649798,0.0694943574350202,0.9305056425649798,False
28424,BAAE,Mogi,2026-03-30,LINHA001,QUADRO ELETRICO ENVOLVEDORA L1,P.EQ.LINHA,Estrutura,,FILME ESTOURANDO O FINAL DA BOBINA FEITA A TROCA DA BOBINA,5.00,OPERACAO,"Falha de operação/processo, ajuste, fluxo, material ou automação sem evidência de avaria física.",OPERACAO,REAL_V1,filme estourando o final da bobina feita a troca da bobina,MANUTENCAO,0.6329436075363906,0.6329436075363906,0.3670563924636094,False
28679,BAAE,Mogi,2026-04-02,LINHA001,ENCHEDORA L01,P.EQ.LINHA,Sistema elétrico,,FALHA NO RESET DAS PORTAS,18.00,OPERACAO,"Falha de operação/processo, ajuste, fluxo, material ou automação sem evidência de avaria física.",OPERACAO,REAL_V1,falha no reset das portas,MANUTENCAO,0.902233547038973,0.902233547038973,0.09776645296102705,False
29480,BAAE,Mogi,2026-04-14,LINHA002,ENCHEDORA KHS L02,P.EQ.LINHA,Sistema elétrico,,TROCA SENSOR ABRIDOR DE VALVULA,15.00,MANUTENCAO,Falha técnica/física ou intervenção corretiva em equipamento/componente.,MANUTENCAO,REAL_V1,troca sensor abridor de valvula,MANUTENCAO,0.9776483487034832,0.9776483487034832,0.022351651296516874,True
29708,BAAE,Mogi,2026-04-16,LINHA003,RINSER L03,P.EQ.LINHA,SISTEMA ESTRUTURA RZ- RET-P-40,,"REGULAGEM DA GARRA DO RINSER, O MESMO ESTAVA AMSSANDO GARRAFAS",11.00,OPERACAO,"Falha de operação/processo, ajuste, fluxo, material ou automação sem evidência de avaria física.",OPERACAO,REAL_V1,regulagem da garra do rinser o mesmo estava amssando garrafas,OPERACAO,0.7553963189180268,0.24460368108197317,0.7553963189180268,True
30090,BAAE,Mogi,2026-04-21,LINHA003,RINSER L03,P.EQ.LINHA,SISTEMA ESTRUTURA RZ- RET-P-40,,"GUIA DE CORPO DA GARRAFA NA ENTRADA DO RINSER, FORA DE POSIÇÃO GERANDO ENTRADA DE GARRAFAS TORTAS E ENROSCO DE GARRAFA NA ENTRADA DO RINSER.",6.96,OPERACAO,"Falha de operação/processo, ajuste, fluxo, material ou automação sem evidência de avaria física.",OPERACAO,REAL_V1,guia de corpo da garrafa na entrada do rinser fora de posicao gerando entrada de garrafas tortas e enrosco de garrafa na entrada do rinser,OPERACAO,0.9919421715711748,0.008057828428825187,0.9919421715711748,True
30103,BAAE,Mogi,2026-04-21,LINHA007,CAPSULADOR KRONES L07,P.EQ.LINHA,ALIMENTACAO TAMPAS,,"GARRAFAS SAINDO COM TAMPA TORTA, RETIRADA DOS LACRES PRESOS DAS TAMPAS NOS BOCAIS",23.54,OPERACAO,"Falha de operação/processo, ajuste, fluxo, material ou automação sem evidência de avaria física.",OPERACAO,REAL_V1,garrafas saindo com tampa torta retirada dos lacres presos das tampas nos bocais,OPERACAO,0.9652264810601056,0.03477351893989444,0.9652264810601056,True
31097,BAAE,Mogi,2026-05-02,LINHA008,ALIMENTADOR DE TAMPA KRONES L0,P.EQ.LINHA,TRANSPORTE VERTICAL,,"ESTEIRA VERTICAL ALIMENTADOR DE TAMPA, ESTAVA TRAVANDO, DEVIDO AO POTENCIOMENTRO DE CONTROLE DE VIBRAÇÃO DA MESMA ESTAR SETADA AO MÁXIMO""""",10.00,OPERACAO,"Falha de operação/processo, ajuste, fluxo, material ou automação sem evidência de avaria física.",OPERACAO,REAL_V1,esteira vertical alimentador de tampa estava travando devido ao potenciomentro de controle de vibracao da mesma estar setada ao maximo,OPERACAO,0.6796483917426965,0.32035160825730347,0.6796483917426965,True
31265,BAAE,Mogi,2026-05-04,LINHA008,INSPETOR CHECKMAT FEM-K+L KRON,P.EQ.LINHA,MONITORACAO PRODUTO,,"FALSO REJEITO DE RECIPIENTES PELA CODIFICAÇÃO, REALIZADO LIMPEZA DOS SENSORES",8.00,OPERACAO,"Falha de operação/processo, ajuste, fluxo, material ou automação sem evidência de avaria física.",OPERACAO,REAL_V1,falso rejeito de recipientes pela codificacao realizado limpeza dos sensores,OPERACAO,0.991624745294554,0.008375254705445978,0.991624745294554,True
31268,BAAE,Mogi,2026-05-04,LINHA008,INSPETOR CHECKMAT FEM-K+L KRON,P.EQ.LINHA,MONITORACAO PRODUTO,,FALHA NO CHECKMAT NA BARREIRA DE LUZ,16.82,MANUTENCAO,Falha técnica/física ou intervenção corretiva em equipamento/componente.,MANUTENCAO,REAL_V1,falha no checkmat na barreira de luz,MANUTENCAO,0.8619991195279085,0.8619991195279085,0.13800088047209144,True
31359,BAAE,Mogi,2026-05-05,LINHA008,ALIMENTADOR DE TAMPA KRONES L0,P.EQ.LINHA,ALIMENTACAO TAMPAS,,"ENROSCO DE TAMPA NO TRANSPORTADOR DE TAMPA CASCATA""""",10.00,OPERACAO,"Falha de operação/processo, ajuste, fluxo, material ou automação sem evidência de avaria física.",OPERACAO,REAL_V1,enrosco de tampa no transportador de tampa cascata,OPERACAO,0.9899546257185857,0.010045374281414277,0.9899546257185857,True
32911,BAAE,Mogi,2026-05-21,LINHA003,ROTULADORA L03,P.EQ.LINHA,Sistema de Instrumentos e cont,,FALHA NO CILINDRO DE COLA AJUSTES,6.24,OPERACAO,"Falha de operação/processo, ajuste, fluxo, material ou automação sem evidência de avaria física.",OPERACAO,REAL_V1,falha no cilindro de cola ajustes,OPERACAO,0.7828735418861972,0.21712645811380282,0.7828735418861972,True
33155,BAAE,Mogi,2026-05-23,LINHA003,MO3 ROTULADORA CONTIROLL KRO,P.EQ.LINHA,Sistema de transferência de ga,,ENROSCO DE GARRAFA NA ESTREJA DE SAIDA E ENROSCO NO AR TRANS,10.00,OPERACAO,"Falha de operação/processo, ajuste, fluxo, material ou automação sem evidência de avaria física.",OPERACAO,REAL_V1,enrosco de garrafa na estreja de saida e enrosco no ar trans,OPERACAO,0.9938660893084972,0.00613391069150282,0.9938660893084972,True
33505,BAAE,Mogi,2026-05-28,LINHA001,MO1 ROTULADORA KRONES CONTIROL,P.EQ.LINHA,Sistema de Instrumentos e cont,,AJUSRE NA ENTRADA . ESTRELA DE CARGA E PINÇA ENROSCO,10.00,OPERACAO,"Falha de operação/processo, ajuste, fluxo, material ou automação sem evidência de avaria física.",OPERACAO,REAL_V1,ajusre na entrada estrela de carga e pinca enrosco,OPERACAO,0.9485170633603155,0.05148293663968451,0.9485170633603155,True
33676,BAAE,Mogi,2026-05-29,LINHA002,CAPSULADOR GARRAFAS KHS L02,P.EQ.LINHA,Sistema de instrumentos e cont,,AJUSTE DA PINÇA DA ESTRELA DE SAÍDA DO CÁPSULADOR,15.00,OPERACAO,"Falha de operação/processo, ajuste, fluxo, material ou automação sem evidência de avaria física.",OPERACAO,REAL_V1,ajuste da pinca da estrela de saida do capsulador,OPERACAO,0.8718940771078812,0.12810592289211875,0.8718940771078812,True
34548,BAAE,Mogi,2026-06-15,LINHA003,ENVOLVEDORA FILME SAN MARTIN,P.EQ.LINHA,Sistema de instrumentos e cont,,PISTÃO COM DEFEITO ( RETIRADA DE PALETE COM A EMPILHADEIRA),6.24,MANUTENCAO,Falha técnica/física ou intervenção corretiva em equipamento/componente.,MANUTENCAO,REAL_V1,pistao com defeito retirada de palete com a empilhadeira,MANUTENCAO,0.9156875738215459,0.9156875738215459,0.08431242617845416,True
34662,BAAE,Mogi,2026-06-18,LINHA008,ROBOBOX KRONES L08,P.EQ.LINHA,PRE AGRUPAMENTO 1,,FALHA NA NA FORMAÇÃO DE PACOTES,14.62,OPERACAO,"Falha de operação/processo, ajuste, fluxo, material ou automação sem evidência de avaria física.",OPERACAO,REAL_V1,falha na na formacao de pacotes,OPERACAO,0.9619519871880683,0.03804801281193171,0.9619519871880683,True
34809,BAAE,Mogi,2026-06-26,LINHA008,ALIMENTADOR DE PREFORMA KRONES,P.EQ.LINHA,ALINHAMENTO PREFORMAS,,"PRÉ FORMA TRAVOU NO GUIA LINEAR,RELIZADO AJSUTE",7.07,OPERACAO,"Falha de operação/processo, ajuste, fluxo, material ou automação sem evidência de avaria física.",OPERACAO,REAL_V1,pre forma travou no guia linear relizado ajsute,OPERACAO,0.9024231106511335,0.09757688934886655,0.9024231106511335,True
34979,BAAE,Mogi,2026-07-06,LINHA007,AGREGADO ROTULAGEM C1B KRONES,P.EQ.LINHA,DISPOSITIVO CORTE FILME,,"FALHA NA POSIÇÃO DE CORTE DA BOBINA AGREGADO 2, FEITO LIMPEZA NOS COMPONETES E TROCADO ROTULO",31.20,OPERACAO,"Falha de operação/processo, ajuste, fluxo, material ou automação sem evidência de avaria física.",OPERACAO,REAL_V1,falha na posicao de corte da bobina agregado 2 feito limpeza nos componetes e trocado rotulo,OPERACAO,0.7307982937754848,0.2692017062245152,0.7307982937754848,True
35490,BAAE,Mogi,2026-07-25,LINHA008,EMPACOTADORA KRONES L08,P.EQ.LINHA,SISTEMA TRANSPORTE ENTRADA DE,,MANUTENÇÃO ATUANDO NA ESTEIRA DA EMPACOTADORA,23.20,MANUTENCAO,Falha técnica/física ou intervenção corretiva em equipamento/componente.,MANUTENCAO,REAL_V1,manutencao atuando na esteira da empacotadora,MANUTENCAO,0.8888279820444263,0.8888279820444263,0.1111720179555738,True
35637,BAAE,Mogi,2026-07-31,LINHA007,CAPSULADOR KRONES L07,P.EQ.LINHA,ALIMENTACAO TAMPAS,,TAMPAS COM LACRE QUEBRADO E TAMBEM AMASSADA OCASIONANDO ENROSCO NO SISTEMA DE TRANSFERENCIA NO PISO SUPERIOR DA ENCHEDORA,10.63,OPERACAO,"Falha de operação/processo, ajuste, fluxo, material ou automação sem evidência de avaria física.",OPERACAO,REAL_V1,tampas com lacre quebrado e tambem amassada ocasionando enrosco no sistema de transferencia no piso superior da enchedora,OPERACAO,0.9543848911578877,0.045615108842112284,0.9543848911578877,True
35732,BAAE,Mogi,2026-08-05,LINHA003,EMPACOTADORA L03,P.EQ.LINHA,Sistema de vácuo,,AJUSTE NAS VENTOSAS E NAS PRISILHAS DO PEGADOR DE CARTÃO,20.00,OPERACAO,"Falha de operação/processo, ajuste, fluxo, material ou automação sem evidência de avaria física.",OPERACAO,REAL_V1,ajuste nas ventosas e nas prisilhas do pegador de cartao,OPERACAO,0.8856358290445608,0.11436417095543916,0.8856358290445608,True
35762,BAAE,Mogi,2026-08-06,LINHA008,ROTULADORA KRONES L08,P.EQ.LINHA,TRANSPORTE SAIDA RECIPIENTES,,FALHA NA ESTRELA DE TRANSFERENCIA 1 (3X) - (MANUTENÇÃO E KRONES ATUANDO),20.00,MANUTENCAO,Falha técnica/física ou intervenção corretiva em equipamento/componente.,MANUTENCAO,REAL_V1,falha na estrela de transferencia 1 3x manutencao e krones atuando,OPERACAO,0.7494639548570842,0.25053604514291583,0.7494639548570842,False
35851,BAAE,Mogi,2026-08-08,LINHA003,ENCHEDORA ZEGLA L03,P.EQ.LINHA,SISTEMA ESTRUTURA RZRETP40/50/,,FALHA NO ENCHIMENTO DAS GARRAFAS / MECANICO ACOMPANHANDO A LINHA  / VALVULA N47 TRAVADA,30.00,MANUTENCAO,Falha técnica/física ou intervenção corretiva em equipamento/componente.,MANUTENCAO,REAL_V1,falha no enchimento das garrafas mecanico acompanhando a linha valvula n47 travada,MANUTENCAO,0.9497829452674218,0.9497829452674218,0.05021705473257816,True
36446,BAAE,Mogi,2026-08-18,LINHA002,ENCHEDORA KHS L02,P.EQ.LINHA,Sistema de instrumentos e cont,,QUEDA DE GARRAFA NA ENCHEDORA,4.00,OPERACAO,"Falha de operação/processo, ajuste, fluxo, material ou automação sem evidência de avaria física.",OPERACAO,REAL_V1,queda de garrafa na enchedora,OPERACAO,0.9638970032811561,0.03610299671884387,0.9638970032811561,True
36673,BAAE,Mogi,2026-08-21,LINHA003,CAPSULADOR L03,P.EQ.LINHA,SISTEMA ESTRUTURA RZ- RET-P-40,,QUEDA DE GARRAFA NA SAIDA DO CAPSOLADOR,10.00,OPERACAO,"Falha de operação/processo, ajuste, fluxo, material ou automação sem evidência de avaria física.",OPERACAO,REAL_V1,queda de garrafa na saida do capsolador,OPERACAO,0.9159834616965832,0.08401653830341682,0.9159834616965832,True
37336,BAAE,Mogi,2026-08-28,LINHA003,MO3 SOPRADORA CONTIFORM KRO,P.EQ.LINHA,MODULO DO SOPRO,,FALHA NO CAME  EQUEBRA DE ROLAMENTO,60.00,MANUTENCAO,Falha técnica/física ou intervenção corretiva em equipamento/componente.,MANUTENCAO,REAL_V1,falha no came equebra de rolamento,MANUTENCAO,0.9616224330324719,0.9616224330324719,0.03837756696752809,True
37369,BAAE,Mogi,2026-08-29,LINHA001,ENCHEDORA L01,P.EQ.LINHA,Sistema de enchimento,,PERDA DO TUBO DE AR,22.60,MANUTENCAO,Falha técnica/física ou intervenção corretiva em equipamento/componente.,MANUTENCAO,REAL_V1,perda do tubo de ar,MANUTENCAO,0.7352845927004521,0.7352845927004521,0.26471540729954784,True
37934,BAAE,Mogi,2026-09-04,LINHA008,TRANSPORTE GARR. ENCH-EMPAC KR,P.EQ.LINHA,DISTRUICAO E SEPARACAO FLOWLIN,,GARRAFA CAINDO APÓS O FLOWLINE,14.74,OPERACAO,"Falha de operação/processo, ajuste, fluxo, material ou automação sem evidência de avaria física.",OPERACAO,REAL_V1,garrafa caindo apos o flowline,OPERACAO,0.794175944364403,0.20582405563559703,0.794175944364403,True
38229,BAAE,Mogi,2026-09-08,LINHA007,ROBOBOX KRONES L07,P.EQ.LINHA,PRE AGRUPAMENTO 1,,"PERDA DE REFERENCIA DE CAMADAS NO ROBOX , E MÁ FORMAÇÃO DOS PACOTES NO PRE AGRUPAMENTO ,RETIRADO TODOS OS PACOTES ,ZERADO ROBOBOX E MESA DE AGRUPAMENT",22.97,OPERACAO,"Falha de operação/processo, ajuste, fluxo, material ou automação sem evidência de avaria física.",OPERACAO,REAL_V1,perda de referencia de camadas no robox e ma formacao dos pacotes no pre agrupamento retirado todos os pacotes zerado robobox e mesa de agrupament,OPERACAO,0.9748027657162447,0.02519723428375531,0.9748027657162447,True
38383,BAAF,Campo Grande,2026-01-16,LINHA001,CAPSULADOR KHS L01,P.EQ.LINHA,SISTEMA ELETRICO DELTA 10 RP K,,"AMASSANDO GARRAFAS NO CARACOL ,DE ENTRADA, CAPSULADOR NÃO ACOMPAMHA A VELOCIDADE DA ENCHEDORA",10.00,OPERACAO,"Falha de operação/processo, ajuste, fluxo, material ou automação sem evidência de avaria física.",OPERACAO,REAL_V1,amassando garrafas no caracol de entrada capsulador nao acompamha a velocidade da enchedora,OPERACAO,0.9594718463095993,0.04052815369040075,0.9594718463095993,True
38673,BAAF,Campo Grande,2026-02-05,LINHA001,EMPACOTADORA GAYNOR L01,P.EQ.LINHA,Sistema de agrupação,Barra empurradora danificada,BARRA EMPURRADORA SAIU DO LUGAR,6.00,MANUTENCAO,Falha técnica/física ou intervenção corretiva em equipamento/componente.,MANUTENCAO,REAL_V1,barra empurradora saiu do lugar,MANUTENCAO,0.7337407330276418,0.7337407330276418,0.2662592669723582,True
39031,BAAF,Campo Grande,2026-03-03,LINHA001,TRANSP CX GAR ENCAIX PALET KHS,P.EQ.LINHA,Instalação elétrica,Sensor/fosocélula danificado,ESPELHO DO SENSOR DE ENTGRADA DE CAIXAS ESTA DANIFICADO,9.43,MANUTENCAO,Falha técnica/física ou intervenção corretiva em equipamento/componente.,MANUTENCAO,REAL_V1,espelho do sensor de entgrada de caixas esta danificado,MANUTENCAO,0.9602683452653754,0.9602683452653754,0.03973165473462459,True
39249,BAAF,Campo Grande,2026-03-19,LINHA003,ENVOLVEDORA FILME 1 FRK L02,P.EQ.LINHA,SISTEMA ESTRUTURA 121 FRA,,COLOCADOR DE CARTÃO,13.00,MANUTENCAO,Falha técnica/física ou intervenção corretiva em equipamento/componente.,MANUTENCAO,REAL_V1,colocador de cartao,OPERACAO,0.5861441146162941,0.4138558853837059,0.5861441146162941,False
39431,BAAF,Campo Grande,2026-04-08,LINHA001,DESENCAIXOTADORA KHS L01,P.EQ.LINHA,SISTEMA ELETRICO VAM IV 1351/4,,"SISTEMA NR12 PORTA DE SEGURANÇA RUIM, NÃO RESETA",6.43,MANUTENCAO,Falha técnica/física ou intervenção corretiva em equipamento/componente.,MANUTENCAO,REAL_V1,sistema nr12 porta de seguranca ruim nao reseta,MANUTENCAO,0.7698109053172288,0.7698109053172288,0.2301890946827711,True
39510,BAAF,Campo Grande,2026-04-11,LINHA001,TRANSP ENCH ENCA/EMPAC KHS L01,P.EQ.LINHA,Cintas de transporte,Cadeia transportadora desajust,QUEDA DE GARRAFAS NA SAIDA DA SALA DE ENVASE.,2.86,OPERACAO,"Falha de operação/processo, ajuste, fluxo, material ou automação sem evidência de avaria física.",OPERACAO,REAL_V1,queda de garrafas na saida da sala de envase,OPERACAO,0.9124958250730069,0.08750417492699314,0.9124958250730069,True
39752,BAAF,Campo Grande,2026-04-29,LINHA002,CAPSULADOR KRS L02,P.EQ.LINHA,Sistema de tampamento,,GARRAFA COM TAMPA ALTA PARANDO A EMPACOTADORA PRA LIMPAR,8.57,OPERACAO,"Falha de operação/processo, ajuste, fluxo, material ou automação sem evidência de avaria física.",OPERACAO,REAL_V1,garrafa com tampa alta parando a empacotadora pra limpar,OPERACAO,0.8492665271888183,0.15073347281118166,0.8492665271888183,True
39753,BAAF,Campo Grande,2026-04-29,LINHA002,EMPACOTADORA SMI L02,P.EQ.LINHA,Sistema de agrupação,Barra envolvedora danificada,QUEBRA DA DA BARRA ENVOLVENTE,25.71,MANUTENCAO,Falha técnica/física ou intervenção corretiva em equipamento/componente.,MANUTENCAO,REAL_V1,quebra da da barra envolvente,MANUTENCAO,0.960492726465036,0.960492726465036,0.03950727353496403,True
39789,BAAF,Campo Grande,2026-05-04,LINHA002,TRANSP ENCH EMP SAN MARTIN L02,P.EQ.LINHA,Sistema elétrico,Sensor de segurança em falha,SENSOR EM FALHA TRAVANDO O TRANSPORTE,4.29,MANUTENCAO,Falha técnica/física ou intervenção corretiva em equipamento/componente.,MANUTENCAO,REAL_V1,sensor em falha travando o transporte,MANUTENCAO,0.8995988829714894,0.8995988829714894,0.10040111702851057,True
39845,BAAF,Campo Grande,2026-05-07,LINHA001,INSPETOR ASEBI FILTEC OMNIVISI,P.EQ.LINHA,Estrutura,Qualidade de peças,LIMPEZA DA CAMERA BASE 2,2.00,OPERACAO,"Falha de operação/processo, ajuste, fluxo, material ou automação sem evidência de avaria física.",OPERACAO,REAL_V1,limpeza da camera base 2,OPERACAO,0.7787619887472773,0.2212380112527227,0.7787619887472773,True
39858,BAAF,Campo Grande,2026-05-07,LINHA003,DESPALETIZADORA LATAS KHS L03,P.EQ.LINHA,Instalação elétrica,Falha PLC,DESARME E PERDA DE COMUNICAÇÃO,13.00,OPERACAO,"Falha de operação/processo, ajuste, fluxo, material ou automação sem evidência de avaria física.",OPERACAO,REAL_V1,desarme e perda de comunicacao,OPERACAO,0.7517712601854262,0.24822873981457383,0.7517712601854262,True
40387,BAAF,Campo Grande,2026-06-16,LINHA002,EMPACOTADORA SMI L02,P.EQ.LINHA,Instalação elétrica,Falha PLC,FORA DO PARAMETRO,30.00,OPERACAO,"Falha de operação/processo, ajuste, fluxo, material ou automação sem evidência de avaria física.",OPERACAO,REAL_V1,fora do parametro,OPERACAO,0.9819277987626349,0.018072201237365082,0.9819277987626349,True
40482,BAAF,Campo Grande,2026-06-24,LINHA003,CG3 PALETIZADOR SIRIO MS 300 S,P.EQ.LINHA,SISTEMA ESTRUTURA SIRIO MS-300,,TROCA DA ESTEIRA NA MESA DE FORMAÇÃO,17.07,MANUTENCAO,Falha técnica/física ou intervenção corretiva em equipamento/componente.,MANUTENCAO,REAL_V1,troca da esteira na mesa de formacao,MANUTENCAO,0.5283890186414241,0.5283890186414241,0.47161098135857593,True
40658,BAAF,Campo Grande,2026-07-06,LINHA001,ENCHEDORA KHS L01,P.EQ.LINHA,SISTEMA ENCHIMENTO VVF 60/10 K,,VALVULA 37 - TROCA DE MOLAS DO SNIFFER,5.00,MANUTENCAO,Falha técnica/física ou intervenção corretiva em equipamento/componente.,MANUTENCAO,REAL_V1,valvula 37 troca de molas do sniffer,MANUTENCAO,0.9768736910812155,0.9768736910812155,0.02312630891878459,True
41058,BAAF,Campo Grande,2026-07-27,LINHA001,DESENCAIXOTADORA KHS L01,P.EQ.LINHA,SISTEMA ELETRICO VAM IV 1351/4,,FALHA NO SENSOR DA PORTA DE CORRER,4.00,MANUTENCAO,Falha técnica/física ou intervenção corretiva em equipamento/componente.,MANUTENCAO,REAL_V1,falha no sensor da porta de correr,MANUTENCAO,0.9932167390957571,0.9932167390957571,0.006783260904242881,True
41148,BAAF,Campo Grande,2026-07-29,LINHA001,ENCAIXOTADORA KHS L01,P.EQ.LINHA,ESTRUTURA,,FALHA NA GRELHA,6.00,MANUTENCAO,Falha técnica/física ou intervenção corretiva em equipamento/componente.,MANUTENCAO,REAL_V1,falha na grelha,MANUTENCAO,0.8402805305592368,0.8402805305592368,0.15971946944076318,True
41246,BAAF,Campo Grande,2026-08-01,LINHA002,TRANSP PAC EMP PALET KHS L02,P.EQ.LINHA,Estrutura,Qualidade de peças,QUEBRA DO PENTE DA ESTEIRA INTERNA,12.71,MANUTENCAO,Falha técnica/física ou intervenção corretiva em equipamento/componente.,MANUTENCAO,REAL_V1,quebra do pente da esteira interna,MANUTENCAO,0.9908900097086597,0.9908900097086597,0.00910999029134034,True
41306,BAAF,Campo Grande,2026-08-05,LINHA002,RINSER SAN MARTIN L02,P.EQ.LINHA,Estrutura,Qualidade de peças,MOTOR TRAVADO,17.14,MANUTENCAO,Falha técnica/física ou intervenção corretiva em equipamento/componente.,MANUTENCAO,REAL_V1,motor travado,MANUTENCAO,0.892923397774807,0.892923397774807,0.10707660222519298,True
41372,BAAF,Campo Grande,2026-08-08,LINHA001,INSPETOR ASEBI FILTEC OMNIVISI,P.EQ.LINHA,Estrutura,Qualidade de peças,FALHA NO TESTE INSPECÄO HEUFT,18.00,OPERACAO,"Falha de operação/processo, ajuste, fluxo, material ou automação sem evidência de avaria física.",OPERACAO,REAL_V1,falha no teste inspecao heuft,MANUTENCAO,0.5658186175795279,0.5658186175795279,0.43418138242047205,False
41830,BAAF,Campo Grande,2026-08-31,LINHA003,DESPALETIZADORA LATAS KHS L03,P.EQ.LINHA,Instalação elétrica,Painel de controle falha,FALHA NA SAÍDA DE PALETES.,31.68,MANUTENCAO,Falha técnica/física ou intervenção corretiva em equipamento/componente.,MANUTENCAO,REAL_V1,falha na saida de paletes,OPERACAO,0.6996707351912784,0.3003292648087216,0.6996707351912784,False
41936,BAAF,Campo Grande,2026-09-08,LINHA001,ENCHEDORA KHS L01,P.EQ.LINHA,SISTEMA ENCHIMENTO VVF 60/10 K,,"REGUA DOS ESNIFTERS FROUXA E COM O PARAFUSO DANIFICADO(TORTO), SAINDO FORA DE POSICÄO",14.00,MANUTENCAO,Falha técnica/física ou intervenção corretiva em equipamento/componente.,MANUTENCAO,REAL_V1,regua dos esnifters frouxa e com o parafuso danificado torto saindo fora de posicao,MANUTENCAO,0.5986543992056461,0.5986543992056461,0.40134560079435394,True
42553,BAAG,Itabirito,2026-01-09,LINHA004,TRP SAÍDA PONTE VÁCUO 2.1/ENTR,P.EQ.LINHA,,,FALHA DE COMUNICAÇÃO ENTRE OS TRP DE SAÍDA DA PONTE DE VÁCUO E ENCHEDORA .,60.00,OPERACAO,"Falha de operação/processo, ajuste, fluxo, material ou automação sem evidência de avaria física.",OPERACAO,REAL_V1,falha de comunicacao entre os trp de saida da ponte de vacuo e enchedora,OPERACAO,0.7423732413949731,0.25762675860502693,0.7423732413949731,True
42872,BAAG,Itabirito,2026-01-13,LINHA003,TRANS SYNCO WARMER/EMPACOTADOR,P.EQ.LINHA,Sistema de instrumentos e cont,,ATRASO DOS TRANSPORTES APÓS RETORNO DE PARADA ( FALHA RECORRENTE NECESSITA DE INTERVENÇÃO KRONES),24.80,OPERACAO,"Falha de operação/processo, ajuste, fluxo, material ou automação sem evidência de avaria física.",OPERACAO,REAL_V1,atraso dos transportes apos retorno de parada falha recorrente necessita de intervencao krones,OPERACAO,0.7344774220323703,0.2655225779676297,0.7344774220323703,True
43019,BAAG,Itabirito,2026-01-14,MULTI009,TRP GARFS MULTIPACK EMPCTDRA L,P.EQ.LINHA,Sistema de instrumentos e cont,,PROBLEMAS DE AUTOMAÇÃO OCASIONANDO ACÚMULO DE PACOTES EM UMA DA PISTAS,2.67,OPERACAO,"Falha de automação gerando acúmulo de pacotes: classificada como OPERAÇÃO/processo; não há indicação de quebra, dano ou troca de componente.",OPERACAO,REAL_V1,problemas de automacao ocasionando acumulo de pacotes em uma da pistas,OPERACAO,0.8922992072945402,0.10770079270545985,0.8922992072945402,True
43126,BAAG,Itabirito,2026-01-15,LINHA001,TRANSP GFS LAV GFS ASEBI GEB L,P.EQ.LINHA,Instalação elétrica,Cabo elétrico danificado,ELE – CABO SOLTO OCASIONANDO NO DRIVE 0256 OCASIONANDO FALHA DE REDE – CABO ESTICADO E FORA DA TRAVA,35.00,MANUTENCAO,Falha técnica/física ou intervenção corretiva em equipamento/componente.,MANUTENCAO,REAL_V1,ele cabo solto ocasionando no drive 0256 ocasionando falha de rede cabo esticado e fora da trava,MANUTENCAO,0.6607518414741995,0.6607518414741995,0.33924815852580054,True
43237,BAAG,Itabirito,2026-01-16,LINHA007,ENCHEDORA KHS L07,P.EQ.LINHA,Válvulas de enchimento,,GARRAFAS SAINDO VAZIAS E MAL CHEIAS DEVIDO MICRO VÁLVULAS.,33.60,MANUTENCAO,Falha técnica/física ou intervenção corretiva em equipamento/componente.,MANUTENCAO,REAL_V1,garrafas saindo vazias e mal cheias devido micro valvulas,OPERACAO,0.8149576066083846,0.18504239339161543,0.8149576066083846,False
43305,BAAG,Itabirito,2026-01-17,LINHA006,ROBO PAL KR40PA KUKA LI06 BR11,P.EQ.LINHA,SISTEMA ELETRICO KR40PA KUK,,FALHA NO PROGRAMA DO ROBÔ 2LK.,8.00,OPERACAO,"Falha de operação/processo, ajuste, fluxo, material ou automação sem evidência de avaria física.",OPERACAO,REAL_V1,falha no programa do robo 2lk,OPERACAO,0.7623329932683446,0.23766700673165542,0.7623329932683446,True
43420,BAAG,Itabirito,2026-01-19,LINHA006,SECADOR EUR L06,P.EQ.LINHA,Sistema elétrico,,FALHA NO DRIVE DO OGD3TA44,30.55,MANUTENCAO,Falha técnica/física ou intervenção corretiva em equipamento/componente.,MANUTENCAO,REAL_V1,falha no drive do ogd3ta44,MANUTENCAO,0.9551328238727698,0.9551328238727698,0.0448671761272302,True
43756,BAAG,Itabirito,2026-01-22,LINHA006,ROBO PAL KR40PA KUKA 003 LI06,P.EQ.LINHA,SISTEMA ELETRICO KR40PA KUK,,QUEIMA DOS CAPACITORES DO DRIVE 1LK,48.54,MANUTENCAO,Falha técnica/física ou intervenção corretiva em equipamento/componente.,MANUTENCAO,REAL_V1,queima dos capacitores do drive 1lk,MANUTENCAO,0.7352460086928418,0.7352460086928418,0.26475399130715815,True
43913,BAAG,Itabirito,2026-01-24,LINHA002,ENCAIXOTADORA KHS L02,P.EQ.LINHA,Mesa de carga,,AJUSTE DE VELOCIDADE DA ESTEIRA DE ENTRADA DE CAIXAS.,7.00,OPERACAO,"Falha de operação/processo, ajuste, fluxo, material ou automação sem evidência de avaria física.",OPERACAO,REAL_V1,ajuste de velocidade da esteira de entrada de caixas,OPERACAO,0.7245267934026756,0.27547320659732444,0.7245267934026756,True
44033,BAAG,Itabirito,2026-01-25,LINHA003,TRANS SYNCO MESA REJEITO/WARME,P.EQ.LINHA,Sistema motriz,Velocidade desajustada,EXCESSO DE GARRAFAS TOMBADAS,17.51,OPERACAO,"Falha de operação/processo, ajuste, fluxo, material ou automação sem evidência de avaria física.",OPERACAO,REAL_V1,excesso de garrafas tombadas,OPERACAO,0.9833111345328277,0.016688865467172298,0.9833111345328277,True
44181,BAAG,Itabirito,2026-01-27,LINHA001,TRANSP CXS VZ DES LAV CXS GEB,P.EQ.LINHA,Estrutura,Suporte transportador danifica,"MEC - SUPORTE DO ESPELHO REFLETOR DO SENSOR QUEBRADO, NA SAÍDA DA DESENCA.",10.00,MANUTENCAO,Falha técnica/física ou intervenção corretiva em equipamento/componente.,MANUTENCAO,REAL_V1,mec suporte do espelho refletor do sensor quebrado na saida da desenca,MANUTENCAO,0.6946795212604007,0.6946795212604007,0.3053204787395994,True
44328,BAAG,Itabirito,2026-01-28,LINHA007,AQUECEDOR WARMER KHS L07,P.EQ.LINHA,SISTEMA TROCA CALOR INNOPAS WI,,GARRAFAS MAL CONDENSADAS OCASIONANDO FALHA NA ROTULAGEM GERANDO ROTULO MAL APLICADOS DEVIDO SIST DE VAPOR VAZAMENTOS,13.00,MANUTENCAO,Falha técnica/física ou intervenção corretiva em equipamento/componente.,MANUTENCAO,REAL_V1,garrafas mal condensadas ocasionando falha na rotulagem gerando rotulo mal aplicados devido sist de vapor vazamentos,OPERACAO,0.9338316696649147,0.06616833033508529,0.9338316696649147,False
44648,BAAG,Itabirito,2026-02-01,LINHA003,TRANS SYNCO WARMER/EMPACOTADOR,P.EQ.LINHA,Sistema de instrumentos e cont,,GARRAFA TOMBADA NA ENTRADA DO EQUIPAMENTO.,15.60,OPERACAO,"Falha de operação/processo, ajuste, fluxo, material ou automação sem evidência de avaria física.",OPERACAO,REAL_V1,garrafa tombada na entrada do equipamento,OPERACAO,0.8653208781478967,0.1346791218521033,0.8653208781478967,True
44793,BAAG,Itabirito,2026-02-02,LINHA007,TRANSP GRF WARMER ROTULAD KHS,P.EQ.LINHA,Sistema elétrico,Falha no Controle de tensão da,"DESARME DO 2TA36 ACIONADO TA PARA AVALIÇAO DA FALHA, O MESMO NAO COMPARECEU",16.24,MANUTENCAO,Falha técnica/física ou intervenção corretiva em equipamento/componente.,MANUTENCAO,REAL_V1,desarme do 2ta36 acionado ta para avalicao da falha o mesmo nao compareceu,MANUTENCAO,0.5171680683733152,0.5171680683733152,0.4828319316266848,True
45126,BAAG,Itabirito,2026-02-06,LINHA005,ROBO PAL KR40PA KUKA 002 LI05,P.EQ.LINHA,SISTEMA ELETRICO KR40PA KUK,,FALHA RECONHECIMENTO MODO T1 ROBO 2LK,10.66,OPERACAO,"Falha de operação/processo, ajuste, fluxo, material ou automação sem evidência de avaria física.",OPERACAO,REAL_V1,falha reconhecimento modo t1 robo 2lk,OPERACAO,0.7745653005369759,0.22543469946302408,0.7745653005369759,True
45499,BAAG,Itabirito,2026-02-10,LINHA001,INSPETOR ROTULOS HEUFT L01,P.EQ.LINHA,,,ROTULADORA RODANDO ABAIXO DA NOMINAL DEVIDO A FALHA DE CONGESTIONAMENTO DE RECIPIENTE NO INSPETOR,5.00,OPERACAO,"Falha de operação/processo, ajuste, fluxo, material ou automação sem evidência de avaria física.",OPERACAO,REAL_V1,rotuladora rodando abaixo da nominal devido a falha de congestionamento de recipiente no inspetor,OPERACAO,0.7842210758433689,0.21577892415663114,0.7842210758433689,True
46505,BAAG,Itabirito,2026-02-21,LINHA002,LAVADORA GARRAFAS LIESS L02,P.EQ.LINHA,Mesa de Descarga,,RODANDO EM VELOCIDADE RDUZIDA DEVIDO AVARIA NO EIXO INTRODUTOR,4.00,MANUTENCAO,Falha técnica/física ou intervenção corretiva em equipamento/componente.,MANUTENCAO,REAL_V1,rodando em velocidade rduzida devido avaria no eixo introdutor,OPERACAO,0.775331847830188,0.22466815216981195,0.775331847830188,False
46581,BAAG,Itabirito,2026-02-23,LINHA006,ALIMENTADOR TAMPAS ALM L06,P.EQ.LINHA,Canaleta de tampas,,TAMPA TRAVADA NO TRANSPORTE LOCAL DIFICIL ACESSO,2.99,OPERACAO,"Falha de operação/processo, ajuste, fluxo, material ou automação sem evidência de avaria física.",OPERACAO,REAL_V1,tampa travada no transporte local dificil acesso,OPERACAO,0.8619144191327814,0.13808558086721856,0.8619144191327814,True
47304,BAAG,Itabirito,2026-03-03,LINHA006,ALIMENTADOR TAMPAS ALM L06,P.EQ.LINHA,Canaleta de tampas,,PROJETO 3040 TAMPA TRAVAA NA CANALETA,6.88,OPERACAO,"Falha de operação/processo, ajuste, fluxo, material ou automação sem evidência de avaria física.",OPERACAO,REAL_V1,projeto 3040 tampa travaa na canaleta,OPERACAO,0.9433464661900638,0.05665353380993621,0.9433464661900638,True
47948,BAAG,Itabirito,2026-03-11,LINHA006,TRANSP GRF ROTUL EMPACOT KHS L,P.EQ.LINHA,Sistema motriz,Velocidade desajustada,CRASH DE GARRAFAS ENTRE HEUFT E MARKEM IMAJE,4.00,OPERACAO,"Falha de operação/processo, ajuste, fluxo, material ou automação sem evidência de avaria física.",OPERACAO,REAL_V1,crash de garrafas entre heuft e markem imaje,OPERACAO,0.9925956420339657,0.007404357966034336,0.9925956420339657,True
48434,BAAG,Itabirito,2026-03-18,LINHA001,TRANSP GFS LAV GFS ASEBI GEB L,P.EQ.LINHA,Instalação elétrica,Falha no variador de frequenci,FALHA DE MODULAÇÃO DO TRANSPORTE.,20.00,OPERACAO,"Falha de operação/processo, ajuste, fluxo, material ou automação sem evidência de avaria física.",OPERACAO,REAL_V1,falha de modulacao do transporte,OPERACAO,0.6920726623032516,0.3079273376967484,0.6920726623032516,True
48483,BAAG,Itabirito,2026-03-19,LINHA002,TRANSP GAFS LAVAD INSP KHS L02,P.EQ.LINHA,Sistema Elétrico,Falha PLC,DESARME DA IHM DE ACIONAMENTO DO TRP DE GARRAFAS VAZIAS,1.63,OPERACAO,"Falha de operação/processo, ajuste, fluxo, material ou automação sem evidência de avaria física.",OPERACAO,REAL_V1,desarme da ihm de acionamento do trp de garrafas vazias,MANUTENCAO,0.5760333721291937,0.5760333721291937,0.4239666278708063,False
48703,BAAG,Itabirito,2026-03-22,LINHA004,EMPACOTADORA OCME L04,P.EQ.LINHA,Instalação elétrica,Sensor desajustado,SENSOR DESAJUSTADO OCASIONANDO FALHA NO MOMENTO DA SOLDA DO FILME.,18.14,OPERACAO,"Falha de operação/processo, ajuste, fluxo, material ou automação sem evidência de avaria física.",OPERACAO,REAL_V1,sensor desajustado ocasionando falha no momento da solda do filme,MANUTENCAO,0.6555517183851154,0.6555517183851154,0.34444828161488455,False
48744,BAAG,Itabirito,2026-03-23,LINHA004,TRP DESPALET/ENTRADA PONTE VÁC,P.EQ.LINHA,,,EXCESSO DE LATAS CAIDAS NA PONTE DE VACUO,16.80,OPERACAO,"Falha de operação/processo, ajuste, fluxo, material ou automação sem evidência de avaria física.",OPERACAO,REAL_V1,excesso de latas caidas na ponte de vacuo,OPERACAO,0.9565912094432941,0.04340879055670588,0.9565912094432941,True
50171,BAAG,Itabirito,2026-04-16,LINHA001,INSPETOR ROTULOS HEUFT L01,P.EQ.LINHA,,,"ELE - FALHA NO PROCESSAMENTO, AO CARREGAR A RECEITA DE FANTA LARANJA, ESTAVA PUXANDO INFORMAÇÕES DA PRODUÇÃO ANTERIOR, FANTA UVA.",34.00,OPERACAO,"Falha de operação/processo, ajuste, fluxo, material ou automação sem evidência de avaria física.",OPERACAO,REAL_V1,ele falha no processamento ao carregar a receita de fanta laranja estava puxando informacoes da producao anterior fanta uva,OPERACAO,0.8399049494605301,0.16009505053946993,0.8399049494605301,True
50183,BAAG,Itabirito,2026-04-16,LINHA005,ENVOLVEDORA BEMA L05,P.EQ.LINHA,Sistema elétrico,Painel de controle falha,FALHA NO ENCODER DA MESA GIRATORIA DA ENVOLVEDORA,5.33,MANUTENCAO,Falha técnica/física ou intervenção corretiva em equipamento/componente.,MANUTENCAO,REAL_V1,falha no encoder da mesa giratoria da envolvedora,MANUTENCAO,0.9010631406101706,0.9010631406101706,0.09893685938982949,True
50686,BAAG,Itabirito,2026-04-21,LINHA007,ETIQUETADORA 01 UBS L07,P.EQ.LINHA,Sistema de Controle,,QUEDA DE SINAL DE REDE NA ETIQUETADORA 2 VEZES. FOI NECESSÁRIO DESLIGAR E LIGAR NOVAMENTE O EQUIPAMENTO.,12.00,OPERACAO,"Falha de operação/processo, ajuste, fluxo, material ou automação sem evidência de avaria física.",OPERACAO,REAL_V1,queda de sinal de rede na etiquetadora 2 vezes foi necessario desligar e ligar novamente o equipamento,OPERACAO,0.9268014574818557,0.07319854251814428,0.9268014574818557,True
50801,BAAG,Itabirito,2026-04-22,LINHA005,MESA ACUMULO GAFS HARTNESS L05,P.EQ.LINHA,Sistema elétrico,,DESARME DE SEGURANÇA DA MESA DE ACUMULO,5.33,OPERACAO,"Falha de operação/processo, ajuste, fluxo, material ou automação sem evidência de avaria física.",OPERACAO,REAL_V1,desarme de seguranca da mesa de acumulo,OPERACAO,0.5057411142803413,0.4942588857196587,0.5057411142803413,True
51000,BAAG,Itabirito,2026-04-24,LINHA006,TRANSP PCT EMPACOT AMBAF KHS L,P.EQ.LINHA,Transportadores,,TRAVAMENTO PACOTES TRANSPORTE,8.00,OPERACAO,"Falha de operação/processo, ajuste, fluxo, material ou automação sem evidência de avaria física.",OPERACAO,REAL_V1,travamento pacotes transporte,OPERACAO,0.9510889556549919,0.04891104434500815,0.9510889556549919,True
5143,BAAK,Marília,2026-02-03,LINHA001,PALETIZADORA,P.EQ.LINHA,,,SENSOR DANIFICADO 30008318191,10.00,MANUTENCAO,Falha técnica/física ou intervenção corretiva em equipamento/componente.,MANUTENCAO,REAL_V1,sensor danificado 30008318191,MANUTENCAO,0.9813166055513515,0.9813166055513515,0.018683394448648555,True
5172,BAAK,Marília,2026-02-10,LINHA001,PALETIZADORA,P.EQ.LINHA,,,"SENSOR DE CAMADA NÃO ESTAVA LENDO NO ESPELHO,FEZ O PROCEDIMENTO MAIS VOLTOU O PROBLEMA NOVAMENTE .",33.33,MANUTENCAO,Falha técnica/física ou intervenção corretiva em equipamento/componente.,MANUTENCAO,REAL_V1,sensor de camada nao estava lendo no espelho fez o procedimento mais voltou o problema novamente,OPERACAO,0.8143436114630804,0.18565638853691957,0.8143436114630804,False
51889,BAAG,Itabirito,2026-05-05,LINHA007,TRANSPORTE PRE FORMA L07,P.EQ.LINHA,Transportadores,,PRE FORMA TRAVADA NA ESTEIRA,20.00,OPERACAO,"Falha de operação/processo, ajuste, fluxo, material ou automação sem evidência de avaria física.",OPERACAO,REAL_V1,pre forma travada na esteira,OPERACAO,0.721957632279395,0.278042367720605,0.721957632279395,True
51932,BAAG,Itabirito,2026-05-06,LINHA005,EMPACOTADORA KHS L05,P.EQ.LINHA,Mesa 02 ( envolvimento ),,"BARRA DE ENVOLVIMENTO COM DESGASTE, SOLTANDO DURANTE O PROCESSO DE ENVOLTURA DO FILEM NA GARRAFA.",6.67,MANUTENCAO,Falha técnica/física ou intervenção corretiva em equipamento/componente.,MANUTENCAO,REAL_V1,barra de envolvimento com desgaste soltando durante o processo de envoltura do filem na garrafa,OPERACAO,0.7821287233400516,0.21787127665994843,0.7821287233400516,False
5196,BAAK,Marília,2026-02-12,LINHA003,ENCHEDORA EUROTRONICA FM LI03,P.EQ.LINHA,Sistema elétrico,,FALHA NO CARTÃO MESTRE,10.50,MANUTENCAO,Falha técnica/física ou intervenção corretiva em equipamento/componente.,MANUTENCAO,REAL_V1,falha no cartao mestre,MANUTENCAO,0.6783739298734169,0.6783739298734169,0.32162607012658306,True
52001,BAAG,Itabirito,2026-05-07,LINHA002,TRANSP GAFS INSP ENCHED KHS L0,P.EQ.LINHA,Sistema Elétrico,Falha PLC,RODANDO ABAIXO DANOMINAL DEVIDO AJUSTE NA MODULAÇÃO DO TRANSP SALA DE ENVASE,15.64,OPERACAO,"Falha de operação/processo, ajuste, fluxo, material ou automação sem evidência de avaria física.",OPERACAO,REAL_V1,rodando abaixo danominal devido ajuste na modulacao do transp sala de envase,OPERACAO,0.9858155857339177,0.014184414266082301,0.9858155857339177,True
52200,BAAG,Itabirito,2026-05-09,LINHA006,AQUECEDOR WARMER KHS L06,P.EQ.LINHA,Sistema Motriz,Falha transmissão,DESNIVEL NA ENTRADA E SAIDA OCASIONANDO TOMBAMENTO DE GARRAFAS,6.00,OPERACAO,"Falha de operação/processo, ajuste, fluxo, material ou automação sem evidência de avaria física.",OPERACAO,REAL_V1,desnivel na entrada e saida ocasionando tombamento de garrafas,OPERACAO,0.9360643303981858,0.06393566960181418,0.9360643303981858,True
5222,BAAK,Marília,2026-02-13,LINHA006,BOMBA RESFRIAMENTO DE FUNDO GA,P.EQ.LINHA,,,FALHA NA REFRIGERACAO DE FUNDO DA GARRAFA,2.40,MANUTENCAO,Falha técnica/física ou intervenção corretiva em equipamento/componente.,MANUTENCAO,REAL_V1,falha na refrigeracao de fundo da garrafa,OPERACAO,0.7784062355973435,0.22159376440265655,0.7784062355973435,False
52271,BAAG,Itabirito,2026-05-11,LINHA007,ENCHEDORA KHS L07,P.EQ.LINHA,Sistema elétrico,Sensor de segurança em falha,SENSOR DA PORTA DE ENTRADA EM FALHA.,16.51,MANUTENCAO,Falha técnica/física ou intervenção corretiva em equipamento/componente.,MANUTENCAO,REAL_V1,sensor da porta de entrada em falha,MANUTENCAO,0.9634794171398493,0.9634794171398493,0.03652058286015072,True
52337,BAAG,Itabirito,2026-05-12,LINHA001,INSPETOR ROTULOS HEUFT L01,P.EQ.LINHA,,,"ELE - FALHA NA REJEIÇÃO DE GARRAFAS, SENSOR/RECEITA FORMATO DE LS DESAJUSTADO. NECESSARIO ATUAÇÃO NO HEUFT. NOTA: 13265004",10.00,OPERACAO,"Falha de operação/processo, ajuste, fluxo, material ou automação sem evidência de avaria física.",OPERACAO,REAL_V1,ele falha na rejeicao de garrafas sensor receita formato de ls desajustado necessario atuacao no heuft nota 13265004,OPERACAO,0.9920096804965959,0.00799031950340412,0.9920096804965959,True
5257,BAAK,Marília,2026-02-17,LINHA006,PALETIZADORA OCME L06,P.EQ.LINHA,Sistema elétrico,,FALHA NO SENSOR DE ESTEIRA LENTA,3.00,MANUTENCAO,Falha técnica/física ou intervenção corretiva em equipamento/componente.,MANUTENCAO,REAL_V1,falha no sensor de esteira lenta,MANUTENCAO,0.9900433022644012,0.9900433022644012,0.00995669773559884,True
52877,BAAG,Itabirito,2026-05-19,LINHA007,ABASTECEDOR TAMPAS KHS L07,P.EQ.LINHA,Silo de tampas,,"TAMPA TRAVA NA SAIDA DO SILO, DENTRO DA MATERIA PRIMA OCASIONANDO FALTA DE TAMPAS",7.60,OPERACAO,"Falha de operação/processo, ajuste, fluxo, material ou automação sem evidência de avaria física.",OPERACAO,REAL_V1,tampa trava na saida do silo dentro da materia prima ocasionando falta de tampas,OPERACAO,0.8972935768316224,0.10270642316837764,0.8972935768316224,True
5357,BAAK,Marília,2026-03-07,LINHA001,TRANSP CXS CH ENCA PAL MANUAL,P.EQ.LINHA,Sistema de instrumentos e cont,,"ESTEIRA DO TRANSPORTE ESCAPANDO, ELOS TORTOS / 30008427071",10.00,MANUTENCAO,Falha técnica/física ou intervenção corretiva em equipamento/componente.,MANUTENCAO,REAL_V1,esteira do transporte escapando elos tortos 30008427071,OPERACAO,0.6594155401824233,0.3405844598175767,0.6594155401824233,False
5393,BAAK,Marília,2026-03-11,LINHA006,PALETIZADORA OCME L06,P.EQ.LINHA,Sistema elétrico,,FALHA NO SERVO NOTA 30008437720,7.20,MANUTENCAO,Falha técnica/física ou intervenção corretiva em equipamento/componente.,MANUTENCAO,REAL_V1,falha no servo nota 30008437720,MANUTENCAO,0.9826535314847836,0.9826535314847836,0.017346468515216335,True
5431,BAAK,Marília,2026-03-16,LINHA003,REGUA ULTRASSONICA HEU LI03,P.EQ.LINHA,Instalação elétrica,,AJUSTE CAINDO GARRAFA,9.50,OPERACAO,"Falha de operação/processo, ajuste, fluxo, material ou automação sem evidência de avaria física.",OPERACAO,REAL_V1,ajuste caindo garrafa,OPERACAO,0.9954470067258709,0.004552993274129058,0.9954470067258709,True
54480,BAAG,Itabirito,2026-06-08,LINHA008,TRANSP ENCHEDORA WARMER KHS L0,P.EQ.LINHA,Cintas de transporte,Correia transportadora danific,"ESTEIRA DO TRANSPORTE DE SAIDA DA ENCHEDORA COM TOMBAMENTO EXCESSIVOS DE LATAS , 1TB010 A 12 ( ORDEM 30008708693)",20.40,OPERACAO,"Falha de operação/processo, ajuste, fluxo, material ou automação sem evidência de avaria física.",OPERACAO,REAL_V1,esteira do transporte de saida da enchedora com tombamento excessivos de latas 1tb010 a 12 ordem 30008708693,OPERACAO,0.7281865057565992,0.27181349424340084,0.7281865057565992,True
54875,BAAG,Itabirito,2026-06-11,LINHA006,INSP NIVEL TAMPA HEU L06,P.EQ.LINHA,Rejeitores,Segmento de rejeito desajustad,AJUSTE NO INPETOR DE NIVEL PELO TECNICO HEUFT,6.47,OPERACAO,"Falha de operação/processo, ajuste, fluxo, material ou automação sem evidência de avaria física.",OPERACAO,REAL_V1,ajuste no inpetor de nivel pelo tecnico heuft,OPERACAO,0.9905682812102149,0.009431718789785104,0.9905682812102149,True
55081,BAAG,Itabirito,2026-06-13,LINHA002,CARBONATADOR KHS L02,P.EQ.LINHA,Sistema Elétrico,PLC danificado,"QUEDA DE SINAL ENTRE CX E XAROPARIA, FOI NECESSÁRIO REALIZAR RESET GERAL DO CARBONATADOR",20.99,OPERACAO,"Falha de operação/processo, ajuste, fluxo, material ou automação sem evidência de avaria física.",OPERACAO,REAL_V1,queda de sinal entre cx e xaroparia foi necessario realizar reset geral do carbonatador,OPERACAO,0.7921415322065379,0.20785846779346207,0.7921415322065379,True
5551,BAAK,Marília,2026-03-26,LINHA002,PALETIZADORA KOMBI SID LI02,P.EQ.LINHA,Sistema de instrumentos e cont,,PRANCHA DERRUBANDO  PACOTES,6.00,OPERACAO,"Falha de operação/processo, ajuste, fluxo, material ou automação sem evidência de avaria física.",OPERACAO,REAL_V1,prancha derrubando pacotes,OPERACAO,0.9534503075526279,0.04654969244737206,0.9534503075526279,True
5581,BAAK,Marília,2026-03-30,LINHA001,ENCHEDORA VVF 63/12 H K LI01,P.EQ.LINHA,Estrutura,,"CRASH NA SAIDA DA ENCHEDORA NA VALVULA 33  , LIMPEZA DA MAQUINA",10.00,OPERACAO,"Falha de operação/processo, ajuste, fluxo, material ou automação sem evidência de avaria física.",OPERACAO,REAL_V1,crash na saida da enchedora na valvula 33 limpeza da maquina,OPERACAO,0.9079864287456465,0.0920135712543535,0.9079864287456465,True
55889,BAAG,Itabirito,2026-06-21,LINHA005,PALETIZADORA KHS L05,P.EQ.LINHA,Transporte de entrada,,ERRO PROGRAMA DESATUALIZADO FALHA FORMAÇÃO DE CAMADAS PEGA DO ROBO EM ATRASO,2.00,OPERACAO,"Falha de operação/processo, ajuste, fluxo, material ou automação sem evidência de avaria física.",OPERACAO,REAL_V1,erro programa desatualizado falha formacao de camadas pega do robo em atraso,OPERACAO,0.9616872418782915,0.038312758121708534,0.9616872418782915,True
5593,BAAK,Marília,2026-04-02,LINHA004,ENCHEDORA STARCANS FM E 91 LI0,P.EQ.LINHA,Sistema de enchimento,,FALHA DE ENCHIMENTO DA VALVULA N°19 / JUMPER FISICO DA VALVULA N°19 COM Nº 17 NOTA (N°30008517328),13.00,MANUTENCAO,Falha técnica/física ou intervenção corretiva em equipamento/componente.,MANUTENCAO,REAL_V1,falha de enchimento da valvula n 19 jumper fisico da valvula n 19 com no 17 nota n 30008517328,MANUTENCAO,0.9656025478498758,0.9656025478498758,0.03439745215012422,True
56150,BAAG,Itabirito,2026-06-24,LINHA005,EMPACOTADORA KHS L05,P.EQ.LINHA,Transporte do forno,,FALHA DE ACUMULO NA SAÍDA DO FORNO,6.00,OPERACAO,"Falha de operação/processo, ajuste, fluxo, material ou automação sem evidência de avaria física.",OPERACAO,REAL_V1,falha de acumulo na saida do forno,OPERACAO,0.9029195243016842,0.0970804756983158,0.9029195243016842,True
56526,BAAG,Itabirito,2026-06-28,LINHA005,TRANSP PCT EMPACOT AMBAF KHS L,P.EQ.LINHA,Sistema elétrico,Sensor/fotocélula desajustado,FALHA DE FALSO PACOTE TRAVADO,3.50,OPERACAO,"Falha de operação/processo, ajuste, fluxo, material ou automação sem evidência de avaria física.",OPERACAO,REAL_V1,falha de falso pacote travado,OPERACAO,0.6693058321397309,0.33069416786026906,0.6693058321397309,True
56566,BAAG,Itabirito,2026-06-29,LINHA001,TRANSP GFS WARMER ROTUL GEB L0,P.EQ.LINHA,,,"ELE - FALHA NA MODUÇÃO NO ALINHADOR ENTRADA DA ROTULADORA, ALARME SONORO E ESPAÇAMENTO, TOMBAMENTO DE GARRAFAS",28.00,OPERACAO,"Falha de operação/processo, ajuste, fluxo, material ou automação sem evidência de avaria física.",OPERACAO,REAL_V1,ele falha na moducao no alinhador entrada da rotuladora alarme sonoro e espacamento tombamento de garrafas,OPERACAO,0.9335695423782232,0.0664304576217768,0.9335695423782232,True
56622,BAAG,Itabirito,2026-06-29,LINHA001,PALETIZADORA GEB L01,P.EQ.LINHA,Instalação elétrica,Falha RED dispositivo rede,FALHA NA ENVOLVEDORA PERDENDO O SINCRONISMO DO TRANSPORTE. NECESSÁRIO A MOVIMENTAÇÃO MANUAL DOS PALETES E RESETADO O TRANSPORTE.,7.00,OPERACAO,"Falha de operação/processo, ajuste, fluxo, material ou automação sem evidência de avaria física.",OPERACAO,REAL_V1,falha na envolvedora perdendo o sincronismo do transporte necessario a movimentacao manual dos paletes e resetado o transporte,OPERACAO,0.971086645191108,0.02891335480889201,0.971086645191108,True
56655,BAAG,Itabirito,2026-06-30,LINHA001,TRANSP GFS ROTUL ENCA GEB L01,P.EQ.LINHA,,,"ROTULADORA RODANDO ABAIXO DA NOMINAL, DEVIDO FALHA NA MODULAÇÃO E TOMBAMENTO",7.00,OPERACAO,"Falha de operação/processo, ajuste, fluxo, material ou automação sem evidência de avaria física.",OPERACAO,REAL_V1,rotuladora rodando abaixo da nominal devido falha na modulacao e tombamento,OPERACAO,0.9226869313165421,0.07731306868345789,0.9226869313165421,True
56656,BAAG,Itabirito,2026-06-30,LINHA001,ENCAIXOTADORA GEB L01,P.EQ.LINHA,Circuito pneumático,Mangueira pneumática danificad,CILINDRO COM VAZAMENTO NOTA:30008262831,3.00,MANUTENCAO,Falha técnica/física ou intervenção corretiva em equipamento/componente.,MANUTENCAO,REAL_V1,cilindro com vazamento nota 30008262831,MANUTENCAO,0.7004139211754536,0.7004139211754536,0.2995860788245463,True
56884,BAAG,Itabirito,2026-07-02,LINHA003,ROTULADORA KRONES K801502 L03,P.EQ.LINHA,Sistema de instrumentos e cont,,ROTULO AGARRANDO NO CILINDRO DE TRANSFERENCIA AGREGADO 2. CILINDRO DESBALANCEADO.,1.10,OPERACAO,"Falha de operação/processo, ajuste, fluxo, material ou automação sem evidência de avaria física.",OPERACAO,REAL_V1,rotulo agarrando no cilindro de transferencia agregado 2 cilindro desbalanceado,OPERACAO,0.9172885587773035,0.08271144122269647,0.9172885587773035,True
5691,BAAK,Marília,2026-04-21,LINHA005,TRANSP CXS GRFS CH PAL,P.EQ.LINHA,Sistema de instrumentos e cont,,"TRAVAMENTO DO TRANSPORTE DE SAIDA DA ENCAIXOTADORA,SAIU FORA DO GUIA",10.47,OPERACAO,"Falha de operação/processo, ajuste, fluxo, material ou automação sem evidência de avaria física.",OPERACAO,REAL_V1,travamento do transporte de saida da encaixotadora saiu fora do guia,OPERACAO,0.8884957788205925,0.1115042211794075,0.8884957788205925,True
56914,BAAG,Itabirito,2026-07-02,LINHA006,TRANSP TAMPAS GNR L06,P.EQ.LINHA,Transporte de tampas,Correia de paletes danificada,TRANSPORTE DE TAMPA TRAVADO OCASIONANDO QUEBRA DE LACRE. REALIZANDO ABASTECIMENTO MANUAL.,18.77,OPERACAO,"Falha de operação/processo, ajuste, fluxo, material ou automação sem evidência de avaria física.",OPERACAO,REAL_V1,transporte de tampa travado ocasionando quebra de lacre realizando abastecimento manual,OPERACAO,0.7993250661836497,0.20067493381635026,0.7993250661836497,True
56930,BAAG,Itabirito,2026-07-02,LINHA003,CODIFICADORA MARKEM IMAJE L03,P.EQ.LINHA,,,"FALHA NA CODIFICAÇÃO, CAUSANDO CRSH NA SAÍDA DO TRANSPORTADOR, RETIRADA A FALHA E FEITO RESET DO EQUIPAMENTO.",1.10,OPERACAO,"Falha de operação/processo, ajuste, fluxo, material ou automação sem evidência de avaria física.",OPERACAO,REAL_V1,falha na codificacao causando crsh na saida do transportador retirada a falha e feito reset do equipamento,OPERACAO,0.7537610352860955,0.2462389647139045,0.7537610352860955,True
5707,BAAK,Marília,2026-04-28,LINHA006,ALIMENTADOR DE TAMPAS KRONES L,P.EQ.LINHA,Estrutura,Qualidade de peças,"(ORDEM 30008599083) ROMPIMENTO DA CORRENTE DA ESTEIRA DE TRANSPORTE DE TAMPAS, FEITO A TROCA",31.20,MANUTENCAO,Falha técnica/física ou intervenção corretiva em equipamento/componente.,MANUTENCAO,REAL_V1,ordem 30008599083 rompimento da corrente da esteira de transporte de tampas feito a troca,MANUTENCAO,0.9695957352773562,0.9695957352773562,0.030404264722643768,True
57090,BAAG,Itabirito,2026-07-04,LINHA008,EMPACOTADORA 2 KHS L08,P.EQ.LINHA,Alimentação corte de filme,Lâmina danificada,TROCA DA FACA DE CORTE EPC8.2,15.00,MANUTENCAO,Falha técnica/física ou intervenção corretiva em equipamento/componente.,MANUTENCAO,REAL_V1,troca da faca de corte epc8 2,MANUTENCAO,0.8874235305216558,0.8874235305216558,0.11257646947834415,True
5761,BAAK,Marília,2026-05-12,LINHA005,TRANSP GRFS VZ LAV GRFS LINATR,P.EQ.LINHA,Sistema Elétrico,,"FALHA TRANSPORTE MOTOR TAG 225 E MOTOR TAG 217, TRANSPORTES NO PULMAO DA ENCHEDORA E RETORNO PARADO",20.00,MANUTENCAO,Falha técnica/física ou intervenção corretiva em equipamento/componente.,MANUTENCAO,REAL_V1,falha transporte motor tag 225 e motor tag 217 transportes no pulmao da enchedora e retorno parado,MANUTENCAO,0.604984848385427,0.604984848385427,0.39501515161457307,True
57674,BAAG,Itabirito,2026-07-12,LINHA007,ETIQUETADORA 01 UBS L07,P.EQ.LINHA,Sistema de Controle,,"ETIQUETAS IMPRESSAS EM DUPLICIDADE GERANDO FALHA NA RETIRADA DO LGV,FOI NECESSARIO APAGAR TODAS AS INFORMAÇÕES E NDIGITAR NOVAMENTE ..",8.40,OPERACAO,"Falha de operação/processo, ajuste, fluxo, material ou automação sem evidência de avaria física.",OPERACAO,REAL_V1,etiquetas impressas em duplicidade gerando falha na retirada do lgv foi necessario apagar todas as informacoes e ndigitar novamente,OPERACAO,0.649511588469555,0.35048841153044497,0.649511588469555,True
58017,BAAG,Itabirito,2026-07-17,LINHA007,DIVISOR PACOTES SOR L07,P.EQ.LINHA,Sistema Motriz,Correia de transmissão danific,CRASH NO DIVISOR DE PACOTES DEVIDO ESTEIRA EMBORRACHADA COM DESGASTES,5.00,MANUTENCAO,Falha técnica/física ou intervenção corretiva em equipamento/componente.,MANUTENCAO,REAL_V1,crash no divisor de pacotes devido esteira emborrachada com desgastes,OPERACAO,0.5701265563575048,0.42987344364249525,0.5701265563575048,False
58653,BAAG,Itabirito,2026-07-24,LINHA005,TRANSP PALLET KHS L05,P.EQ.LINHA,Instalação elétrica,Falha PLC,FALHA TROCA AUTOMATICA CHAPATEX,6.00,OPERACAO,"Falha de operação/processo, ajuste, fluxo, material ou automação sem evidência de avaria física.",OPERACAO,REAL_V1,falha troca automatica chapatex,MANUTENCAO,0.6055409997672042,0.6055409997672042,0.3944590002327958,False
58721,BAAG,Itabirito,2026-07-25,LINHA007,EMPACOTADORA KHS L07,P.EQ.LINHA,Sistema elétrico,Componente de controle danific,"RESISTENCIA QUEIMADA, SAINDO PACOTES ABERTOS",13.20,MANUTENCAO,Falha técnica/física ou intervenção corretiva em equipamento/componente.,MANUTENCAO,REAL_V1,resistencia queimada saindo pacotes abertos,OPERACAO,0.8085656965478916,0.19143430345210843,0.8085656965478916,False
59049,BAAG,Itabirito,2026-07-29,LINHA008,ENCHEDORA KHS L08,P.EQ.LINHA,Válvulas de enchimento,Válvula de enchimento danifica,"INTERVENÇÃO NAS VÁLVULAS DE ENCHIMENTO 140, 125, 98, 135 E 134.",60.00,MANUTENCAO,Falha técnica/física ou intervenção corretiva em equipamento/componente.,MANUTENCAO,REAL_V1,intervencao nas valvulas de enchimento 140 125 98 135 e 134,OPERACAO,0.7833086768813735,0.2166913231186265,0.7833086768813735,False
59065,BAAG,Itabirito,2026-07-29,LINHA007,SOPRADORA KHS L07,P.EQ.LINHA,Sistema de rodas de transferen,,"PREFORMA PASSANDO DIRETO NA RODA DE ENTRADA , OCASIONANDO ACUMULO DE PREFORMAS E DESACOPLANDO A RODA DE ENTRADA .",6.00,OPERACAO,"Falha de operação/processo, ajuste, fluxo, material ou automação sem evidência de avaria física.",OPERACAO,REAL_V1,preforma passando direto na roda de entrada ocasionando acumulo de preformas e desacoplando a roda de entrada,OPERACAO,0.9155378084245245,0.08446219157547552,0.9155378084245245,True
5925,BAAK,Marília,2026-06-13,LINHA003,EMPACOTADORA VARIOPAC KRO LI03,P.EQ.LINHA,Sistema Elétrico,,FALHA NA BOMBA DE VÀCUO DA RAMPA  DE SUBIDA DO FILME ORDEM 30008733922,45.00,MANUTENCAO,Falha técnica/física ou intervenção corretiva em equipamento/componente.,MANUTENCAO,REAL_V1,falha na bomba de vacuo da rampa de subida do filme ordem 30008733922,MANUTENCAO,0.6815757076650715,0.6815757076650715,0.3184242923349285,True
59270,BAAG,Itabirito,2026-07-31,LINHA005,AQUECEDOR WARMER KHS L05,P.EQ.LINHA,Estrutura,Qualidade de peças,QUEDA DE GARRAFAS SAIDA E ENTRADA WARMER,6.00,OPERACAO,"Falha de operação/processo, ajuste, fluxo, material ou automação sem evidência de avaria física.",OPERACAO,REAL_V1,queda de garrafas saida e entrada warmer,OPERACAO,0.9279481446605504,0.07205185533944958,0.9279481446605504,True
5929,BAAK,Marília,2026-06-16,LINHA005,TRPTE GRFS CH ROTULAD ENCAIXOT,P.EQ.LINHA,Sistema Elétrico,,FALHA NO INVERSOR DO MOTOR 232 ORDEM 30008740557,3.65,MANUTENCAO,Falha técnica/física ou intervenção corretiva em equipamento/componente.,MANUTENCAO,REAL_V1,falha no inversor do motor 232 ordem 30008740557,MANUTENCAO,0.9799294885039053,0.9799294885039053,0.020070511496094786,True
59414,BAAG,Itabirito,2026-08-01,LINHA007,CARBONATADOR KHS L07,P.EQ.LINHA,Sistema de Controle,,BRIX BAIXO,60.00,OPERACAO,"Falha de operação/processo, ajuste, fluxo, material ou automação sem evidência de avaria física.",OPERACAO,REAL_V1,brix baixo,OPERACAO,0.589425561162056,0.410574438837944,0.589425561162056,True
59466,BAAG,Itabirito,2026-08-01,LINHA003,CARBONATADOR KRONES KB40H39 L0,P.EQ.LINHA,Sistema de instrumentos e cont,,PERDA DE PRESSÃO NA VALVULA 107,4.00,MANUTENCAO,Falha técnica/física ou intervenção corretiva em equipamento/componente.,MANUTENCAO,REAL_V1,perda de pressao na valvula 107,MANUTENCAO,0.8624394400560016,0.8624394400560016,0.13756055994399843,True
59878,BAAG,Itabirito,2026-08-05,LINHA001,ALIMENTADOR TAMPAS GEB L01,P.EQ.LINHA,Transporte de tampas,Transporte de tampas danificad,MEC - GUIAS DANIFICADAS OCASIONANDO O TRAVAMENTO DE TAMPAS NO TRANSPORTE,5.00,MANUTENCAO,Falha técnica/física ou intervenção corretiva em equipamento/componente.,MANUTENCAO,REAL_V1,mec guias danificadas ocasionando o travamento de tampas no transporte,OPERACAO,0.5796109965264135,0.42038900347358654,0.5796109965264135,False
59903,BAAG,Itabirito,2026-08-05,LINHA008,EMPACOTADORA 1 KHS L08,P.EQ.LINHA,Sistema de agrupação,Esteira de transp. Garrafas de,EMPACOTADORA RODANDO ABAIXO DA NOMINAL DEVIDO A AJUSTES E FALHAS DE SOLDAGEM (FIME IMPRESSO),11.96,OPERACAO,"Falha de operação/processo, ajuste, fluxo, material ou automação sem evidência de avaria física.",OPERACAO,REAL_V1,empacotadora rodando abaixo da nominal devido a ajustes e falhas de soldagem fime impresso,OPERACAO,0.9022457436054196,0.09775425639458035,0.9022457436054196,True
60345,BAAG,Itabirito,2026-08-09,LINHA004,PALETIZADORA OCME L04,P.EQ.LINHA,Mesa formadora,Correia rompidda,ROMPIMENTO DE ALGUNS ELOS DA ESTEIRA DA MESA DE MANIPULAÇÃO DE PACOTES .,50.65,MANUTENCAO,Falha técnica/física ou intervenção corretiva em equipamento/componente.,MANUTENCAO,REAL_V1,rompimento de alguns elos da esteira da mesa de manipulacao de pacotes,MANUTENCAO,0.6770380225100194,0.6770380225100194,0.3229619774899805,True
60542,BAAG,Itabirito,2026-08-11,LINHA001,PALETIZADORA GEB L01,P.EQ.LINHA,Circuito pneumático,Pressão de ar desajustada,"MEC - FALHA DE VÁLVULA BLOQUEADA , DEVIDO PRESSOSTATO DANIFICADO.",30.00,MANUTENCAO,Falha técnica/física ou intervenção corretiva em equipamento/componente.,MANUTENCAO,REAL_V1,mec falha de valvula bloqueada devido pressostato danificado,MANUTENCAO,0.9867444317705796,0.9867444317705796,0.013255568229420459,True
6062,BAAK,Marília,2026-07-11,LINHA004,RECRAVADORA 708 G FRR LI04,P.EQ.LINHA,SISTEMA TRANSMISSAO 708 G FER,,ATUAÇÃO DOS TÉCNICOS DA FERRUM PARA FAZER AJUSTE,18.82,OPERACAO,"Falha de operação/processo, ajuste, fluxo, material ou automação sem evidência de avaria física.",OPERACAO,REAL_V1,atuacao dos tecnicos da ferrum para fazer ajuste,OPERACAO,0.8568403878398823,0.14315961216011774,0.8568403878398823,True
60672,BAAG,Itabirito,2026-08-12,LINHA001,INSP ASEBI SUPERFICIE GFS HEU,P.EQ.LINHA,Manejo de garrafas,,"DIFICULDADE PARA PASSAR GARRAFAS TESTE, DEVIDO FALHAS DE EMBOCADURA E PAREDE LATERAL",6.00,OPERACAO,"Falha de operação/processo, ajuste, fluxo, material ou automação sem evidência de avaria física.",OPERACAO,REAL_V1,dificuldade para passar garrafas teste devido falhas de embocadura e parede lateral,OPERACAO,0.7208605928156633,0.2791394071843367,0.7208605928156633,True
60800,BAAG,Itabirito,2026-08-13,MULTI009,TRP PALLET ENVOLVEDORA FINAL L,P.EQ.LINHA,Sistema Elétrico,,"TRP54 CENTRAGEM DE PALETES, CONSEQUENTEMENTE PERDA DE CONTAGEM",6.69,OPERACAO,"Falha de operação/processo, ajuste, fluxo, material ou automação sem evidência de avaria física.",OPERACAO,REAL_V1,trp54 centragem de paletes consequentemente perda de contagem,OPERACAO,0.8083163526918841,0.19168364730811593,0.8083163526918841,True
60809,BAAG,Itabirito,2026-08-13,LINHA007,SOPRADORA KHS L07,P.EQ.LINHA,Sistema de estiramento,,"VEDAÇÃO DA HASTE DE ESTIRAMENTO DA ESTAÇÃO 7 DESLOCOU, NECESSÁRIO PARADA PARA REPOSICIONAR;",13.00,MANUTENCAO,Falha técnica/física ou intervenção corretiva em equipamento/componente.,MANUTENCAO,REAL_V1,vedacao da haste de estiramento da estacao 7 deslocou necessario parada para reposicionar,OPERACAO,0.5305968755634037,0.46940312443659626,0.5305968755634037,False
6101,BAAK,Marília,2026-07-14,LINHA005,DESCAPSULADOR 16 HEADS ACY LI0,P.EQ.LINHA,Sistema de destampamento,,ALTURA DA PINCAS DESAJUSTADA,4.18,OPERACAO,"Falha de operação/processo, ajuste, fluxo, material ou automação sem evidência de avaria física.",OPERACAO,REAL_V1,altura da pincas desajustada,OPERACAO,0.6828034397599022,0.3171965602400978,0.6828034397599022,True
61318,BAAG,Itabirito,2026-08-19,LINHA004,PALETIZADORA OCME L04,P.EQ.LINHA,Instalação elétrica,Sensores desajustados,SISTEMA DE SEGURANÇA RELE PILLZ DA BARREIRA EM FALHA.,30.00,MANUTENCAO,Falha técnica/física ou intervenção corretiva em equipamento/componente.,MANUTENCAO,REAL_V1,sistema de seguranca rele pillz da barreira em falha,MANUTENCAO,0.898151505896912,0.898151505896912,0.10184849410308802,True
61327,BAAG,Itabirito,2026-08-19,LINHA004,TRP CURVA 180°,P.EQ.LINHA,,,CRASCH NA SAIDA DO FORNO DEVIDO TRAVAMENTO DA ESTEIRA 180.,14.57,OPERACAO,"Falha de operação/processo, ajuste, fluxo, material ou automação sem evidência de avaria física.",OPERACAO,REAL_V1,crasch na saida do forno devido travamento da esteira 180,OPERACAO,0.6921584603493429,0.3078415396506571,0.6921584603493429,True
6137,BAAK,Marília,2026-07-20,LINHA005,SYNCROJET TANQUE DE MISTURA,P.EQ.LINHA,Estrutura,,FALHA NA BOMBA DE ENVIO DE CARBONATO PARA ESTAÇÃO,9.88,MANUTENCAO,Falha técnica/física ou intervenção corretiva em equipamento/componente.,MANUTENCAO,REAL_V1,falha na bomba de envio de carbonato para estacao,MANUTENCAO,0.8289963373256878,0.8289963373256878,0.17100366267431222,True
6149,BAAK,Marília,2026-07-21,LINHA001,INSPETOR DE GARRAFAS VAZIAS HE,P.EQ.LINHA,,,"CRASH NA SAIDA DO ASEBI , CAUSANDO PARADAS  NA MAQUINA",10.00,OPERACAO,"Falha de operação/processo, ajuste, fluxo, material ou automação sem evidência de avaria física.",OPERACAO,REAL_V1,crash na saida do asebi causando paradas na maquina,OPERACAO,0.8223261205288309,0.17767387947116908,0.8223261205288309,True
61702,BAAG,Itabirito,2026-08-21,LINHA007,EMPACOTADORA KHS L07,P.EQ.LINHA,Sistema aquecimento do forno,,FUSÍVEL QUEIMADO OCASIONOU QUEDA NA TEMPERATURA DA ZONA 1 DE AQUECIMENTO DO FORNO PARANDO EQUIPAMENTO.,13.00,MANUTENCAO,Falha técnica/física ou intervenção corretiva em equipamento/componente.,MANUTENCAO,REAL_V1,fusivel queimado ocasionou queda na temperatura da zona 1 de aquecimento do forno parando equipamento,OPERACAO,0.7091875836766154,0.2908124163233846,0.7091875836766154,False
61715,BAAG,Itabirito,2026-08-21,LINHA008,TRANSP ENCHEDORA WARMER KHS L0,P.EQ.LINHA,Cintas de transporte,Cadeia de transporte danificad,MEC - EXCESSO DE LATAS TOMBADAS GERANDO CRASH NOS ALINHADORES - NOTA 13362480.,31.83,OPERACAO,"Falha de operação/processo, ajuste, fluxo, material ou automação sem evidência de avaria física.",OPERACAO,REAL_V1,mec excesso de latas tombadas gerando crash nos alinhadores nota 13362480,OPERACAO,0.9327263862821238,0.06727361371787621,0.9327263862821238,True
61844,BAAG,Itabirito,2026-08-22,LINHA004,TRP CURVA 180°/ENTRADA ROBÔ FA,P.EQ.LINHA,,,ANOMALIAS DA CURVA 180 NOAT ABERTA CRASH,5.00,OPERACAO,"Falha de operação/processo, ajuste, fluxo, material ou automação sem evidência de avaria física.",OPERACAO,REAL_V1,anomalias da curva 180 noat aberta crash,OPERACAO,0.531633150349312,0.468366849650688,0.531633150349312,True
62037,BAAG,Itabirito,2026-08-24,MULTI009,PALETIZADORA ACMI LI09,P.EQ.LINHA,Sistema de segurança,,PERCA DE CONTAGEM,12.00,OPERACAO,"Falha de operação/processo, ajuste, fluxo, material ou automação sem evidência de avaria física.",OPERACAO,REAL_V1,perca de contagem,OPERACAO,0.879116817787091,0.12088318221290895,0.879116817787091,True
62089,BAAG,Itabirito,2026-08-25,LINHA004,TRP CURVA 180°,P.EQ.LINHA,,,"CRASH NA CURVA 180, ESTEIRA DANIFICADA",14.00,MANUTENCAO,Falha técnica/física ou intervenção corretiva em equipamento/componente.,MANUTENCAO,REAL_V1,crash na curva 180 esteira danificada,MANUTENCAO,0.5249575457993334,0.5249575457993334,0.4750424542006666,True
62166,BAAG,Itabirito,2026-08-25,LINHA007,PALETIZADORA KHS L07,P.EQ.LINHA,Mesa empurradora,,FALHA NO EMPURRADOR DE CAMADAS OCASIONANDO PERDA DE CICLO,7.00,MANUTENCAO,Falha técnica/física ou intervenção corretiva em equipamento/componente.,MANUTENCAO,REAL_V1,falha no empurrador de camadas ocasionando perda de ciclo,MANUTENCAO,0.7962605728126513,0.7962605728126513,0.20373942718734867,True
62220,BAAG,Itabirito,2026-08-26,LINHA004,ENVOLVEDORA ROBOPAC GENESIS TH,P.EQ.LINHA,Transporte de palete,,TROCA DE BOBINA MANUALMENTE.,4.00,OPERACAO,"Falha de operação/processo, ajuste, fluxo, material ou automação sem evidência de avaria física.",OPERACAO,REAL_V1,troca de bobina manualmente,MANUTENCAO,0.5357615267979493,0.5357615267979493,0.4642384732020507,False
62505,BAAG,Itabirito,2026-08-31,LINHA005,TRANSP TAMPAS GNR L05,P.EQ.LINHA,Sistema elétrico,Sensor desajustado,SENSOR DE TAMPA COM LOGICA INVERTIDA OCASIONANDO FALSA REJEIÇÃO,21.00,OPERACAO,"Falha de operação/processo, ajuste, fluxo, material ou automação sem evidência de avaria física.",OPERACAO,REAL_V1,sensor de tampa com logica invertida ocasionando falsa rejeicao,OPERACAO,0.8968101770962029,0.10318982290379708,0.8968101770962029,True
62508,BAAG,Itabirito,2026-08-31,LINHA005,INSP NIVEL TAMPA HEUFT L05,P.EQ.LINHA,SISTEMA REJEITORES HBBVXT HEU,,FALHA NA REJEIÇÃO DE GARRAFAS SEM TAMPA,6.33,OPERACAO,"Falha de operação/processo, ajuste, fluxo, material ou automação sem evidência de avaria física.",OPERACAO,REAL_V1,falha na rejeicao de garrafas sem tampa,OPERACAO,0.9741976679165799,0.025802332083420088,0.9741976679165799,True
62685,BAAG,Itabirito,2026-09-02,LINHA003,CARBONATADOR KRONES KB40H39 L0,P.EQ.LINHA,Sistema de instrumentos e cont,,FALTA DE BEBIDA DEVIDO A PARAMETRO DA BOMBA G102 NA RECEITA KRONES NÃO ATIGIR QUANTIDADE DE BEBIDA NECESSARIA DA XAROPARIA PARA O MIXER,21.60,OPERACAO,"Falha de operação/processo, ajuste, fluxo, material ou automação sem evidência de avaria física.",OPERACAO,REAL_V1,falta de bebida devido a parametro da bomba g102 na receita krones nao atigir quantidade de bebida necessaria da xaroparia para o mixer,OPERACAO,0.8368389041151177,0.16316109588488226,0.8368389041151177,True
6276,BAAK,Marília,2026-08-10,LINHA005,LAVADORA GARRAFA 22/470 ZIE,P.EQ.LINHA,SISTEMA EXTRATOR RÓTULO 22/470,,MUITAS GARRAFAS VINDO COM ROTULOS OCASIONADO CRASH NA SAIDADA LAVADORA E LINATRONIC,8.00,OPERACAO,"Falha de operação/processo, ajuste, fluxo, material ou automação sem evidência de avaria física.",OPERACAO,REAL_V1,muitas garrafas vindo com rotulos ocasionado crash na saidada lavadora e linatronic,OPERACAO,0.8828016947597109,0.11719830524028907,0.8828016947597109,True
62810,BAAG,Itabirito,2026-09-03,LINHA001,LAVADORA GARRAFAS GEB L01,P.EQ.LINHA,Sistema Elétrico,Componentes de controle danifi,FALHA DE PRESSOSTATO DE PULVERIZAÇÃO VÁRIAS VEZES DURANTE O INTERVALO,10.00,MANUTENCAO,Falha técnica/física ou intervenção corretiva em equipamento/componente.,MANUTENCAO,REAL_V1,falha de pressostato de pulverizacao varias vezes durante o intervalo,MANUTENCAO,0.5300201265906341,0.5300201265906341,0.4699798734093658,True
63035,BAAG,Itabirito,2026-09-06,LINHA003,CARBONATADOR KRONES KB40H39 L0,P.EQ.LINHA,Sistema Elétrico,,MEDIDOR KB 103 EM FALHA - ENCONTRADO EM SIMULAÇÃO COM VALOR DESPROPORCIONAL GERANDO FALHA DE PRESSÕES INCOMAPTIVEIS NA ENCHEDORA.,15.00,MANUTENCAO,Falha técnica/física ou intervenção corretiva em equipamento/componente.,MANUTENCAO,REAL_V1,medidor kb 103 em falha encontrado em simulacao com valor desproporcional gerando falha de pressoes incomaptiveis na enchedora,OPERACAO,0.7047983418549633,0.29520165814503674,0.7047983418549633,False
63288,BAAI,Curitiba,2026-01-04,LINHA003,TRANSPORTE PACOTES EMPA PALE S,P.EQ.LINHA,SISTEMA ESTRUTURA GERAL SID,,SUPORTE DAS GUIAS LATERAIS COM DIFICULDADE DE AJUSTE.,15.00,MANUTENCAO,Falha técnica/física ou intervenção corretiva em equipamento/componente.,MANUTENCAO,REAL_V1,suporte das guias laterais com dificuldade de ajuste,OPERACAO,0.8888195988637729,0.11118040113622707,0.8888195988637729,False
63651,BAAI,Curitiba,2026-02-03,LINHA002,DESPALETIZADORA SIRIO SMN LI02,P.EQ.LINHA,Estrutura,Estrutura falta/danificada,ENROSCO DE CAIXAS NA SAIDA DA MESA DE CARGA,7.22,OPERACAO,"Falha de operação/processo, ajuste, fluxo, material ou automação sem evidência de avaria física.",OPERACAO,REAL_V1,enrosco de caixas na saida da mesa de carga,OPERACAO,0.9305195923411442,0.06948040765885577,0.9305195923411442,True
6392,BAAK,Marília,2026-09-07,LINHA005,ENCHEDORA EUROSTAR SID LI05,P.EQ.LINHA,Sistema de instrumentos e cont,,"ATRASO POR FALHA EM SENSORES DE GARRAFA FALSA NO CIP, ENXÁGUE PARA COLETA MICROBIOLÓGICA E ESPAÇO NA LAVADORA PARA CARREGAMENTO",40.20,OPERACAO,"Falha de operação/processo, ajuste, fluxo, material ou automação sem evidência de avaria física.",OPERACAO,REAL_V1,atraso por falha em sensores de garrafa falsa no cip enxague para coleta microbiologica e espaco na lavadora para carregamento,OPERACAO,0.7174064329075578,0.2825935670924422,0.7174064329075578,True
63933,BAAI,Curitiba,2026-03-05,LINHA001,PALETIZADOR SANMARTIN LI01,P.EQ.LINHA,Sistema de instrumentos e cont,,FOLHA SEPARADORA FORA POSICIONAMENTO. MASTERIZAÇÃO DO EQUIPAMENTO. NOTA - 13191667,30.00,OPERACAO,"Falha de operação/processo, ajuste, fluxo, material ou automação sem evidência de avaria física.",OPERACAO,REAL_V1,folha separadora fora posicionamento masterizacao do equipamento nota 13191667,OPERACAO,0.7818918021647,0.2181081978353,0.7818918021647,True
64023,BAAI,Curitiba,2026-03-14,LINHA002,ARROLHADOR GRFS VIDRO KHS LI02,P.EQ.LINHA,Estrutura,,13201723 ENROSCO DE TAMPAS NO ARROLHADOR,20.00,OPERACAO,"Falha de operação/processo, ajuste, fluxo, material ou automação sem evidência de avaria física.",OPERACAO,REAL_V1,13201723 enrosco de tampas no arrolhador,OPERACAO,0.9616511605554344,0.038348839444565574,0.9616511605554344,True
64257,BAAI,Curitiba,2026-04-07,LINHA001,EMPACOTADORA OCME LI01,P.EQ.LINHA,Sistema de Instrumentos e cont,,ANOMALIZA DE CENTRALIZAÇÃO ESTEIRA NOTA :13226604,42.00,OPERACAO,"Falha de operação/processo, ajuste, fluxo, material ou automação sem evidência de avaria física.",OPERACAO,REAL_V1,anomaliza de centralizacao esteira nota 13226604,MANUTENCAO,0.8128250280082245,0.8128250280082245,0.1871749719917754,False
64443,BAAI,Curitiba,2026-04-28,LINHA002,DESPALETIZADORA SIRIO SMN LI02,P.EQ.LINHA,Sistema Pneumático,,FALHA NO CILINDRO.,20.00,MANUTENCAO,Falha técnica/física ou intervenção corretiva em equipamento/componente.,MANUTENCAO,REAL_V1,falha no cilindro,MANUTENCAO,0.5269568500739643,0.5269568500739643,0.47304314992603574,True
64543,BAAI,Curitiba,2026-05-09,LINHA002,DESPALETIZADORA SIRIO SMN LI02,P.EQ.LINHA,Sistema elétrico,,13263530 TRAVA DA CAIXA DA DESPALETIZADORA VIDRO,60.00,MANUTENCAO,Falha técnica/física ou intervenção corretiva em equipamento/componente.,MANUTENCAO,REAL_V1,13263530 trava da caixa da despaletizadora vidro,MANUTENCAO,0.7869961300882928,0.7869961300882928,0.2130038699117071,True
64557,BAAI,Curitiba,2026-05-11,LINHA001,EMPACOTADORA OCME LI01,P.EQ.LINHA,Sistema de Instrumentos e cont,,FALHA SISTEMA DE SOLDA NOTA13263719,16.80,MANUTENCAO,Falha técnica/física ou intervenção corretiva em equipamento/componente.,MANUTENCAO,REAL_V1,falha sistema de solda nota13263719,MANUTENCAO,0.6110489476237417,0.6110489476237417,0.38895105237625827,True
64649,BAAI,Curitiba,2026-05-21,LINHA003,ROBO PALETIZADORA M 900IA/600,P.EQ.LINHA,SISTEMA CABECOTE MANIPULADOR F,,"13274645 - FALHA NO FECHAMENTO DO CABEÇOTE PALETIZADOR, REAPERTO DA ENGRENAGEM PRINCIPAL DE ABERTURA E FECHAMENTO",13.50,MANUTENCAO,Falha técnica/física ou intervenção corretiva em equipamento/componente.,MANUTENCAO,REAL_V1,13274645 falha no fechamento do cabecote paletizador reaperto da engrenagem principal de abertura e fechamento,MANUTENCAO,0.7138816165242801,0.7138816165242801,0.28611838347572,True
64696,BAAI,Curitiba,2026-05-24,LINHA003,EMPACOTADORA SP A M KIS,P.EQ.LINHA,Sistema Motriz,Rolamento danificados,13278290 - ESTEIRA AZUL SAÍDA DO FORNO PARA ESTEIRA CURVA COM ROLAMENTO DO ESTICADOR DANIFICADO,60.00,MANUTENCAO,Falha técnica/física ou intervenção corretiva em equipamento/componente.,MANUTENCAO,REAL_V1,13278290 esteira azul saida do forno para esteira curva com rolamento do esticador danificado,MANUTENCAO,0.9445092350509146,0.9445092350509146,0.05549076494908544,True
64921,BAAI,Curitiba,2026-06-08,LINHA001,PALETIZADOR SANMARTIN LI01,P.EQ.LINHA,Sistema de instrumentos e cont,,EQUPAMENTO SE PERDENDO NA CONTAGEM,10.00,OPERACAO,"Falha de operação/processo, ajuste, fluxo, material ou automação sem evidência de avaria física.",OPERACAO,REAL_V1,equpamento se perdendo na contagem,OPERACAO,0.9489035982221287,0.051096401777871336,0.9489035982221287,True
65060,BAAI,Curitiba,2026-06-17,LINHA001,ENCHEDORA VVF72D D72 KHS LI01,P.EQ.LINHA,Sistema de enchimento,,TROCA DO COPO DE VALVULA 33. NOTA 13302081,11.40,MANUTENCAO,Falha técnica/física ou intervenção corretiva em equipamento/componente.,MANUTENCAO,REAL_V1,troca do copo de valvula 33 nota 13302081,MANUTENCAO,0.9286230532723987,0.9286230532723987,0.07137694672760134,True
65284,BAAI,Curitiba,2026-07-02,LINHA001,RECRAVADORA F708G FRR LI01,P.EQ.LINHA,Estrutura,Qualidade de peças,VELOCIDADE REDUZIDA DEVIDO A DESGASTE DE PEÇAS NOTA :,6.00,MANUTENCAO,Falha técnica/física ou intervenção corretiva em equipamento/componente.,MANUTENCAO,REAL_V1,velocidade reduzida devido a desgaste de pecas nota,OPERACAO,0.6172630054226229,0.3827369945773771,0.6172630054226229,False
65314,BAAI,Curitiba,2026-07-03,LINHA003,ENVOLVEDOR HALMEC HP88E,P.EQ.LINHA,Sistema Motriz,Rolamento danificados,AJUSTE NO ROLINHO DEO SENSOR DE PARA PALETE,6.00,OPERACAO,"Falha de operação/processo, ajuste, fluxo, material ou automação sem evidência de avaria física.",OPERACAO,REAL_V1,ajuste no rolinho deo sensor de para palete,OPERACAO,0.8982773107263106,0.10172268927368944,0.8982773107263106,True
65505,BAAI,Curitiba,2026-07-20,LINHA001,ALIMENTADOR TAMPAS LATA CSW LI,P.EQ.LINHA,Sistema Motriz,Cadeia danificada,FALHA NO CORTE DO PAPEL NOTA=13330590,20.40,MANUTENCAO,Falha técnica/física ou intervenção corretiva em equipamento/componente.,MANUTENCAO,REAL_V1,falha no corte do papel nota 13330590,MANUTENCAO,0.5226146924920175,0.5226146924920175,0.47738530750798247,True
65811,BAAI,Curitiba,2026-08-19,LINHA001,TRANSP LATAS WARM INSP KHS LI0,P.EQ.LINHA,Estrutura,Suporte do transportador danif,"SUPORTE DO SENSOR FICOU TRAVADO EMPERRADO, PAROU O WARMER",7.64,MANUTENCAO,Falha técnica/física ou intervenção corretiva em equipamento/componente.,MANUTENCAO,REAL_V1,suporte do sensor ficou travado emperrado parou o warmer,MANUTENCAO,0.7358309122478344,0.7358309122478344,0.2641690877521657,True
66068,BAAI,Curitiba,2026-09-05,LINHA003,PALETIZADORA ROBOKOMBI SIG,P.EQ.LINHA,SISTEMA CARRO ROBOKOMBI SIM,,13376352 - CABEÇOTE PALETIZADOR NÃO AVANÇAVA PARA DESCARREGAR A CAMADA DE PACOTES.,5.09,MANUTENCAO,Falha técnica/física ou intervenção corretiva em equipamento/componente.,MANUTENCAO,REAL_V1,13376352 cabecote paletizador nao avancava para descarregar a camada de pacotes,OPERACAO,0.7963052403612157,0.20369475963878425,0.7963052403612157,False
66090,BAAJ,Maringá,2026-01-02,LINHA007,CODIFICADORA MARKEM IMAJE L07,P.EQ.LINHA,,,CODIFICAÇÃO ESTA SAINDO BORRADA.,6.01,OPERACAO,"Falha de operação/processo, ajuste, fluxo, material ou automação sem evidência de avaria física.",OPERACAO,REAL_V1,codificacao esta saindo borrada,OPERACAO,0.6717497180626351,0.32825028193736494,0.6717497180626351,True
66833,BAAJ,Maringá,2026-01-16,LINHA007,INSPETOR GARRAFAS CHEIA HEUFT,P.EQ.LINHA,Sistema de instrumentos e cont,,RENICIANDO INSPETOR DE ROTULOS APOS A TROCA DA PLACA.,6.21,MANUTENCAO,Falha técnica/física ou intervenção corretiva em equipamento/componente.,MANUTENCAO,REAL_V1,reniciando inspetor de rotulos apos a troca da placa,MANUTENCAO,0.6015866739320339,0.6015866739320339,0.39841332606796603,True
66956,BAAJ,Maringá,2026-01-18,LINHA004,ENCHEDORA EUROTRONICA SID LI04,P.EQ.LINHA,SISTEMA DE ENCHIMENTO,,FALHA DE ENCHIMENTO VALVULA N°41.,12.75,MANUTENCAO,Falha técnica/física ou intervenção corretiva em equipamento/componente.,MANUTENCAO,REAL_V1,falha de enchimento valvula n 41,MANUTENCAO,0.9305205803841317,0.9305205803841317,0.06947941961586829,True
67120,BAAJ,Maringá,2026-01-22,LINHA004,EMPACOTADORA VEGA OCM,P.EQ.LINHA,FORMAÇÃO DE PACOTES,,"FALHA DE POSIÇÃO DO ABALADOR, NECESSÁRIO RESETE DA CHAVE GERAL DA MÁQUINA.",30.00,OPERACAO,"Falha de operação/processo, ajuste, fluxo, material ou automação sem evidência de avaria física.",OPERACAO,REAL_V1,falha de posicao do abalador necessario resete da chave geral da maquina,OPERACAO,0.6301041518799189,0.36989584812008114,0.6301041518799189,True
67617,BAAJ,Maringá,2026-01-31,LINHA007,DESENCAIXOTADORA KHS L07,P.EQ.LINHA,Sistema motriz,,PARADA PARA CHECAR UMA ENGRENAGEM NO TRANSPORTES QUE ESTAVA COM ANOMALIA,14.71,MANUTENCAO,Falha técnica/física ou intervenção corretiva em equipamento/componente.,MANUTENCAO,REAL_V1,parada para checar uma engrenagem no transportes que estava com anomalia,OPERACAO,0.5751707996395897,0.4248292003604103,0.5751707996395897,False
6764,BAAD,Jundiaí,2026-01-07,LINHA006,TRANSP GAR ENCH EMP ACMI L06,P.EQ.LINHA,Instalação elétrica,Sensor danificado,"FALHA NO FUNCIONAMENTO DO PULMÃO, O MESMO NÃO ESVAZIA EM AUTOMÁTICO",28.54,OPERACAO,"Falha de operação/processo, ajuste, fluxo, material ou automação sem evidência de avaria física.",OPERACAO,REAL_V1,falha no funcionamento do pulmao o mesmo nao esvazia em automatico,MANUTENCAO,0.507879878687102,0.507879878687102,0.49212012131289795,False
6792,BAAD,Jundiaí,2026-01-07,LINHA014,DESPALETIZADORA KRO L14,P.EQ.LINHA,Sistema Motriz,Falha no freio de motor,QUEBRA DO ACOPLAMENTO DO REDUTOR DA MESA DE DESCARGA.,9.05,MANUTENCAO,Falha técnica/física ou intervenção corretiva em equipamento/componente.,MANUTENCAO,REAL_V1,quebra do acoplamento do redutor da mesa de descarga,MANUTENCAO,0.9405248829637103,0.9405248829637103,0.05947511703628967,True
68313,BAAJ,Maringá,2026-02-10,LINHA004,CARBO 2100 ANP LI04,P.EQ.LINHA,Sistema de Instrumentos e Cont,,TRAVAMENTO DO IHM DO CARBO -MITECO,10.00,OPERACAO,"Falha de operação/processo, ajuste, fluxo, material ou automação sem evidência de avaria física.",OPERACAO,REAL_V1,travamento do ihm do carbo miteco,OPERACAO,0.9246116346981891,0.07538836530181092,0.9246116346981891,True
68511,BAAJ,Maringá,2026-02-14,LINHA002,ENVOLVEDORA PLTS SMN LI02,P.EQ.LINHA,Sistema Elétrico,,FALHA NO SENSOR DE FILME ARREBENTANDO ( REALIZADO A TROCA ),10.00,MANUTENCAO,Falha técnica/física ou intervenção corretiva em equipamento/componente.,MANUTENCAO,REAL_V1,falha no sensor de filme arrebentando realizado a troca,OPERACAO,0.5056782163588963,0.4943217836411037,0.5056782163588963,False
68705,BAAJ,Maringá,2026-02-17,LINHA007,TRANSPORTE LAVADORA ENCHEDORA,P.EQ.LINHA,Instrumentos Medição,,SOPRADOR DE GARRAFA CAIDA ANTES DO ASEBE NÃO ESTAVA FUNCIONANDO,11.93,MANUTENCAO,Falha técnica/física ou intervenção corretiva em equipamento/componente.,MANUTENCAO,REAL_V1,soprador de garrafa caida antes do asebe nao estava funcionando,OPERACAO,0.9273099654813859,0.07269003451861411,0.9273099654813859,False
69183,BAAJ,Maringá,2026-02-24,LINHA007,LACRADOR KHS LI07,P.EQ.LINHA,,,ENROSCO DE TAMPAS NO TWISTER VIRADOR DE TAMPAS CAUSANDO FALTA DE TAMPAS NA CANALETA.,3.21,OPERACAO,"Falha de operação/processo, ajuste, fluxo, material ou automação sem evidência de avaria física.",OPERACAO,REAL_V1,enrosco de tampas no twister virador de tampas causando falta de tampas na canaleta,OPERACAO,0.97153204329777,0.028467956702230013,0.97153204329777,True
69540,BAAJ,Maringá,2026-03-02,LINHA005,ACUMULADOR HELIX HARTNESS LI05,P.EQ.LINHA,SISTEMA ESTRUTURA ACHX30-0800-,,FALHA BAY PASS DA AUTOMAÇÃO.,10.70,OPERACAO,"Falha de operação/processo, ajuste, fluxo, material ou automação sem evidência de avaria física.",OPERACAO,REAL_V1,falha bay pass da automacao,MANUTENCAO,0.5516247593751874,0.5516247593751874,0.4483752406248126,False
69756,BAAJ,Maringá,2026-03-06,LINHA005,TRANSP EMBALAGENS TTP L05,P.EQ.LINHA,SISTEMA ESTRUTURA TET,,ENROSCO NA ENTRADA DO HELIX,10.00,OPERACAO,"Falha de operação/processo, ajuste, fluxo, material ou automação sem evidência de avaria física.",OPERACAO,REAL_V1,enrosco na entrada do helix,OPERACAO,0.9705171343670369,0.029482865632963096,0.9705171343670369,True
70137,BAAJ,Maringá,2026-03-13,LINHA007,INSPETOR GARRAFAS CHEIA HEUFT,P.EQ.LINHA,Sistema de instrumentos e cont,,FALHA NO INSP. DE NIVEL COM ALTO REGEITO DE GRFS,15.00,OPERACAO,"Falha de operação/processo, ajuste, fluxo, material ou automação sem evidência de avaria física.",OPERACAO,REAL_V1,falha no insp de nivel com alto regeito de grfs,OPERACAO,0.5571366542951964,0.44286334570480357,0.5571366542951964,True
70747,BAAJ,Maringá,2026-03-23,LINHA004,ROTULADORA SID LI04,P.EQ.LINHA,SISTEMA DE COLA,,FALHA NO DIJUNTOR DO SISTEMA DE AQUECIMENTO DA COLA ( QUEDA DE TEMPERATURA) NOTA:13211096,30.09,MANUTENCAO,Falha técnica/física ou intervenção corretiva em equipamento/componente.,MANUTENCAO,REAL_V1,falha no dijuntor do sistema de aquecimento da cola queda de temperatura nota 13211096,MANUTENCAO,0.7000755680583308,0.7000755680583308,0.2999244319416692,True
70790,BAAJ,Maringá,2026-03-28,LINHA006,TRANSPORTE MASSICO DE TAMPAS T,P.EQ.LINHA,,,"TALISCA DO TRANSPORTE DE TAMPAS QUEBRADA, OCASIONANDO A QUEBRA DE LACRE ENROSCANDO LACRE NA CANALETA QUEDA DE GARRAFAS NA SAÍDA DO CAPSULADOR, OCASION",9.75,MANUTENCAO,Falha técnica/física ou intervenção corretiva em equipamento/componente.,MANUTENCAO,REAL_V1,talisca do transporte de tampas quebrada ocasionando a quebra de lacre enroscando lacre na canaleta queda de garrafas na saida do capsulador ocasion,OPERACAO,0.9852781597819593,0.014721840218040683,0.9852781597819593,False
71024,BAAJ,Maringá,2026-04-03,LINHA005,CARTONADORA TTP LI05,P.EQ.LINHA,Sistema de Agrupamento,,"EMBALAGENS MAL DEPOSITADAS NA CAIXA , GERANDO ENROSCO DE CAIXA NA DOBRADORA FINAL, PISTA02",5.03,OPERACAO,"Falha de operação/processo, ajuste, fluxo, material ou automação sem evidência de avaria física.",OPERACAO,REAL_V1,embalagens mal depositadas na caixa gerando enrosco de caixa na dobradora final pista02,OPERACAO,0.9735822940536646,0.026417705946335412,0.9735822940536646,True
71149,BAAJ,Maringá,2026-04-06,LINHA002,EMPACOTADORA PAKMATIC L02,P.EQ.LINHA,Sistema corte filme,,TROCA DA FACA DE CORTE DE FILME,25.00,MANUTENCAO,Falha técnica/física ou intervenção corretiva em equipamento/componente.,MANUTENCAO,REAL_V1,troca da faca de corte de filme,MANUTENCAO,0.6327406148836137,0.6327406148836137,0.3672593851163864,True
71510,BAAJ,Maringá,2026-04-13,LINHA007,INSPETOR GARRAFAS CHEIA HEUFT,P.EQ.LINHA,Sistema de instrumentos e cont,,INSPETOR DE NIVEL NÃO ESTA RECONHECENDO AS TAMPAS,10.58,OPERACAO,"Falha de operação/processo, ajuste, fluxo, material ou automação sem evidência de avaria física.",OPERACAO,REAL_V1,inspetor de nivel nao esta reconhecendo as tampas,OPERACAO,0.8957822674229884,0.10421773257701161,0.8957822674229884,True
71871,BAAJ,Maringá,2026-04-19,LINHA003,CAPSULADOR KHS LI03,P.EQ.LINHA,Sistema de Tampamento,,"ENROSCO DE TAMPA NA TOLVA, E NA CANALETA.",10.00,OPERACAO,"Falha de operação/processo, ajuste, fluxo, material ou automação sem evidência de avaria física.",OPERACAO,REAL_V1,enrosco de tampa na tolva e na canaleta,OPERACAO,0.9961037555152028,0.0038962444847971955,0.9961037555152028,True
71921,BAAJ,Maringá,2026-04-20,LINHA007,DESENCAIXOTADORA KHS L07,P.EQ.LINHA,Sistema de instrumentos e cont,,FALHA NO CONVERSOR DE FREQUENCIA ( FALHA NO PEGA DAS GRFS ),8.00,MANUTENCAO,Falha técnica/física ou intervenção corretiva em equipamento/componente.,MANUTENCAO,REAL_V1,falha no conversor de frequencia falha no pega das grfs,MANUTENCAO,0.8865524665735646,0.8865524665735646,0.11344753342643543,True
72138,BAAJ,Maringá,2026-04-24,LINHA007,LAVADORA DE GARRAFAS SANMARTIN,P.EQ.LINHA,Sistema Motriz,,QUEBRA DO TAPETE DE DESCARTE DE ROTULO ( OPERADORA LIMPANDO EM MANUAL ),8.00,MANUTENCAO,Falha técnica/física ou intervenção corretiva em equipamento/componente.,MANUTENCAO,REAL_V1,quebra do tapete de descarte de rotulo operadora limpando em manual,MANUTENCAO,0.5282116744948966,0.5282116744948966,0.47178832550510347,True
72294,BAAJ,Maringá,2026-04-28,LINHA004,ROBO PALETIZADORA M 410IB/160,P.EQ.LINHA,SISTEMA ELETRICO M-410iB/160 F,,FALHA NA BARREIRA DO MAGAZINE DE PALETE DE CHAPATEX,34.55,MANUTENCAO,Falha técnica/física ou intervenção corretiva em equipamento/componente.,MANUTENCAO,REAL_V1,falha na barreira do magazine de palete de chapatex,OPERACAO,0.9251803870281976,0.0748196129718024,0.9251803870281976,False
72372,BAAJ,Maringá,2026-04-29,LINHA007,DESENCAIXOTADORA KHS L07,P.EQ.LINHA,Sistema pneumático,,FALHA NO SISTEMA PNEUMATICO DO PEGA DE CAIXAS DA DESENCAIXOTADORA,30.00,MANUTENCAO,Falha técnica/física ou intervenção corretiva em equipamento/componente.,MANUTENCAO,REAL_V1,falha no sistema pneumatico do pega de caixas da desencaixotadora,MANUTENCAO,0.6688393060623465,0.6688393060623465,0.33116069393765346,True
72507,BAAJ,Maringá,2026-05-04,LINHA007,PALETIZADORA KHS LI07,P.EQ.LINHA,Sistema de instrumentos e cont,,FALHA NO CICLO,8.24,OPERACAO,"Falha de operação/processo, ajuste, fluxo, material ou automação sem evidência de avaria física.",OPERACAO,REAL_V1,falha no ciclo,MANUTENCAO,0.9301466786374467,0.9301466786374467,0.06985332136255329,False
72583,BAAJ,Maringá,2026-05-05,LINHA006,TRANSP GARRAFA ENCH EMPC SID,P.EQ.LINHA,TRANSPORTE SID 2010,,RETIRADA DE 1 ELO DA ESTEIRA DE SAÍDA DA ENCHEDORA,5.87,MANUTENCAO,Falha técnica/física ou intervenção corretiva em equipamento/componente.,MANUTENCAO,REAL_V1,retirada de 1 elo da esteira de saida da enchedora,OPERACAO,0.7194627497346867,0.2805372502653133,0.7194627497346867,False
73103,BAAJ,Maringá,2026-05-15,LINHA006,MIXER STARBLEND PLUS SID,P.EQ.LINHA,CIRCUITO BEBIDA STARBLEND PLUS,,"ERRO NO PROGRAMA, NAO ESTAVA ABRINDO A VALVULA DO TANQUE",15.00,OPERACAO,"Falha de operação/processo, ajuste, fluxo, material ou automação sem evidência de avaria física.",OPERACAO,REAL_V1,erro no programa nao estava abrindo a valvula do tanque,OPERACAO,0.5058214680355129,0.49417853196448713,0.5058214680355129,True
7349,BAAD,Jundiaí,2026-01-16,LINHA014,INSP NIVEL CHECK MAT KRO L14,P.EQ.LINHA,Sistema de Inspeção,,ENROSCO DE GARRAFAS DEVIDO A EXCESSO DE FALSA REJEIÇÃO.,5.00,OPERACAO,"Falha de operação/processo, ajuste, fluxo, material ou automação sem evidência de avaria física.",OPERACAO,REAL_V1,enrosco de garrafas devido a excesso de falsa rejeicao,OPERACAO,0.9995551317324849,0.00044486826751510833,0.9995551317324849,True
73631,BAAJ,Maringá,2026-05-25,LINHA007,LAVADORA DE GARRAFAS SANMARTIN,P.EQ.LINHA,Sistema de Instrumentos e Cont,,QUEDA DE GARRAFAS SAIDA LAVADORA,20.00,OPERACAO,"Falha de operação/processo, ajuste, fluxo, material ou automação sem evidência de avaria física.",OPERACAO,REAL_V1,queda de garrafas saida lavadora,OPERACAO,0.9017084323998469,0.09829156760015312,0.9017084323998469,True
73656,BAAJ,Maringá,2026-05-25,LINHA006,CAPSULADORA TSI EURO PK ARO,P.EQ.LINHA,SISTEMA ALIMENTACAO DE TAMPAS,,LACRE QUEBRADO,6.50,OPERACAO,"Falha de operação/processo, ajuste, fluxo, material ou automação sem evidência de avaria física.",OPERACAO,REAL_V1,lacre quebrado,MANUTENCAO,0.838030441164095,0.838030441164095,0.16196955883590503,False
73822,BAAJ,Maringá,2026-05-28,LINHA006,RINSER BLOCK SID,P.EQ.LINHA,CONJUNTO DE ENXÁGUE BLOCK SID,,SUBSTITUIÇÃO DA BUCHA DA PINÇA 62 DO RINSER,15.00,MANUTENCAO,Falha técnica/física ou intervenção corretiva em equipamento/componente.,MANUTENCAO,REAL_V1,substituicao da bucha da pinca 62 do rinser,MANUTENCAO,0.8416587222855013,0.8416587222855013,0.1583412777144987,True
73833,BAAJ,Maringá,2026-05-28,LINHA004,TRANSP PALETES CHEIO SID LI04,P.EQ.LINHA,Sistema Elétrico,,SOBRE CARGA NO MOTOR DA MESA GIRATÒRIA,6.74,MANUTENCAO,Falha técnica/física ou intervenção corretiva em equipamento/componente.,MANUTENCAO,REAL_V1,sobre carga no motor da mesa giratoria,MANUTENCAO,0.8253826707249088,0.8253826707249088,0.1746173292750912,True
74065,BAAJ,Maringá,2026-06-02,LINHA004,EMPACOTADORA VEGA OCM,P.EQ.LINHA,SISTEMA DE  AGRUPAMENTO,,"FALHA NO PINO DE SEPARAÇÃO DAS GARRAFAS,",59.03,MANUTENCAO,Falha técnica/física ou intervenção corretiva em equipamento/componente.,MANUTENCAO,REAL_V1,falha no pino de separacao das garrafas,OPERACAO,0.546805372021371,0.45319462797862897,0.546805372021371,False
74132,BAAJ,Maringá,2026-06-05,LINHA003,TRANSP PACOTE EMPACO PAL LOC L,P.EQ.LINHA,Sistema Elétrico,,TRANSPORTE DE PACOTE PARADO.,5.09,MANUTENCAO,Falha técnica/física ou intervenção corretiva em equipamento/componente.,MANUTENCAO,REAL_V1,transporte de pacote parado,OPERACAO,0.923268275555214,0.07673172444478604,0.923268275555214,False
74931,BAAJ,Maringá,2026-06-24,LINHA003,TRANSPORTE MASSICO DE TAMPAS T,P.EQ.LINHA,,,"ENROSCO DE TAMPA NO TRANSPORTE, ESTEIRA FORA DO PERFIL",5.08,OPERACAO,"Falha de operação/processo, ajuste, fluxo, material ou automação sem evidência de avaria física.",OPERACAO,REAL_V1,enrosco de tampa no transporte esteira fora do perfil,OPERACAO,0.9844320392927136,0.015567960707286388,0.9844320392927136,True
74957,BAAJ,Maringá,2026-06-25,LINHA002,PROPORCIONADOR ZIE LI02,P.EQ.LINHA,Sistema de Bombeamento,,BOMBA DE MISTURA DESARMOU,3.32,OPERACAO,"Falha de operação/processo, ajuste, fluxo, material ou automação sem evidência de avaria física.",OPERACAO,REAL_V1,bomba de mistura desarmou,MANUTENCAO,0.7874450517002741,0.7874450517002741,0.2125549482997259,False
74966,BAAJ,Maringá,2026-06-25,LINHA003,RINSER KHS LI03,P.EQ.LINHA,Sistema de transferência de ga,,PINÇA N*4 TRAVANDO,9.66,MANUTENCAO,Falha técnica/física ou intervenção corretiva em equipamento/componente.,MANUTENCAO,REAL_V1,pinca n 4 travando,MANUTENCAO,0.6118432995210664,0.6118432995210664,0.3881567004789336,True
75278,BAAJ,Maringá,2026-07-01,LINHA004,TRANSP PALETES CHEIO SID LI04,P.EQ.LINHA,Sistema Elétrico,,FALHA NO INVERSOR DO MOTOR 420,5.45,MANUTENCAO,Falha técnica/física ou intervenção corretiva em equipamento/componente.,MANUTENCAO,REAL_V1,falha no inversor do motor 420,MANUTENCAO,0.9979340295643137,0.9979340295643137,0.002065970435686398,True
75833,BAAJ,Maringá,2026-07-16,LINHA003,ENVOLVEDORA SANMATIN LI03,P.EQ.LINHA,Sistema Elétrico,,AJUSTE NA POSIÇÃO DO SENSOR DE PRESENÇA DE PALETE.,10.00,OPERACAO,"Falha de operação/processo, ajuste, fluxo, material ou automação sem evidência de avaria física.",OPERACAO,REAL_V1,ajuste na posicao do sensor de presenca de palete,OPERACAO,0.9414657505209605,0.05853424947903951,0.9414657505209605,True
7612,BAAD,Jundiaí,2026-01-20,LINHA017,ROTULADORA,P.EQ.LINHA,Sistema Motriz,,TRAVAMENTO DE GARRAFAS NO SEM FIM - O MESMO ESTA COM DESGASTE PREMATURO,18.00,MANUTENCAO,Falha técnica/física ou intervenção corretiva em equipamento/componente.,MANUTENCAO,REAL_V1,travamento de garrafas no sem fim o mesmo esta com desgaste prematuro,OPERACAO,0.5892174532762962,0.41078254672370385,0.5892174532762962,False
76385,BAAJ,Maringá,2026-07-30,LINHA004,CAPSULADOR ARO LI04,P.EQ.LINHA,SISTEMA DE ROSQUEAMENTO,,TAMPA SAINDO COM LACRE ROMPIDO.,22.36,OPERACAO,"Falha de operação/processo, ajuste, fluxo, material ou automação sem evidência de avaria física.",OPERACAO,REAL_V1,tampa saindo com lacre rompido,OPERACAO,0.7642093872697264,0.23579061273027357,0.7642093872697264,True
76966,BAAJ,Maringá,2026-08-11,LINHA004,INSPETOR FINAL VIEW HEU LI04,P.EQ.LINHA,Sistema de Instrumentos e Cont,,"EXCESSO DE FALSO REJEITO, OCASIONANDO TORQUE NA ENCHEDORA",5.94,OPERACAO,"Falha de operação/processo, ajuste, fluxo, material ou automação sem evidência de avaria física.",OPERACAO,REAL_V1,excesso de falso rejeito ocasionando torque na enchedora,OPERACAO,0.9894181924393811,0.010581807560618883,0.9894181924393811,True
77027,BAAJ,Maringá,2026-08-12,LINHA006,TRANSPORTE MASSICO DE TAMPAS T,P.EQ.LINHA,,,"AJUSTE ESTRELA, A MESMA NAO TIRANDO TAMPA VIRADAS,  NOTA13353178",24.00,OPERACAO,"Falha de operação/processo, ajuste, fluxo, material ou automação sem evidência de avaria física.",OPERACAO,REAL_V1,ajuste estrela a mesma nao tirando tampa viradas nota13353178,OPERACAO,0.9656543154266612,0.03434568457333875,0.9656543154266612,True
7715,BAAD,Jundiaí,2026-01-22,LINHA009,INSP NIVEL KRO L09,P.EQ.LINHA,Rejeitor,Pistão de rejeito desajustado,"ENROSCO DE GRFS NO TRANSPORTE, FEITO AJUSTE DE PARAMETRO NO REJEITOR.",8.00,OPERACAO,"Falha de operação/processo, ajuste, fluxo, material ou automação sem evidência de avaria física.",OPERACAO,REAL_V1,enrosco de grfs no transporte feito ajuste de parametro no rejeitor,OPERACAO,0.9967706889703571,0.003229311029642856,0.9967706889703571,True
77161,BAAJ,Maringá,2026-08-14,LINHA005,CARTONADORA TTP LI05,P.EQ.LINHA,SISTEMA DE AGRUPAMENTO,,"FALHA DE AGRUPAMENTO DE EMBALAGENS, PISTA 02 ( GEROU FILA NA DOBRADORA FINAL E ACUMULADOR HELIX NO MODO BYPASS)",4.01,OPERACAO,"Falha de operação/processo, ajuste, fluxo, material ou automação sem evidência de avaria física.",OPERACAO,REAL_V1,falha de agrupamento de embalagens pista 02 gerou fila na dobradora final e acumulador helix no modo bypass,OPERACAO,0.9571048727746064,0.04289512722539357,0.9571048727746064,True
77241,BAAJ,Maringá,2026-08-17,LINHA007,ROTULADORA KHS LI07,P.EQ.LINHA,Sistema motriz,,AJUSTES SINCRONISMO MECANICAMENTE E EM MODO AUTOMÁTICO DA ROSCA SEM FIM E ESTRELA DE ENTRADA ROTULADORA,48.00,OPERACAO,"Falha de operação/processo, ajuste, fluxo, material ou automação sem evidência de avaria física.",OPERACAO,REAL_V1,ajustes sincronismo mecanicamente e em modo automatico da rosca sem fim e estrela de entrada rotuladora,OPERACAO,0.9274321971834774,0.07256780281652264,0.9274321971834774,True
77289,BAAJ,Maringá,2026-08-18,LINHA004,INSPETOR NIVEL HEU LI04,P.EQ.LINHA,Sistema Rejeitor,,"EXCESSO DE FALSOS REJEITOS, CAUSANDO TORQUE NA ENCHEDORA NOTA :13347326				  ESTEIRA",6.90,OPERACAO,"Falha de operação/processo, ajuste, fluxo, material ou automação sem evidência de avaria física.",OPERACAO,REAL_V1,excesso de falsos rejeitos causando torque na enchedora nota 13347326 esteira,OPERACAO,0.9224331816763844,0.07756681832361556,0.9224331816763844,True
77416,BAAJ,Maringá,2026-08-21,LINHA004,ENVOLVEDORA SID LI04,P.EQ.LINHA,SISTEMA DE CORTE DO FILME,,FALHA NA PINÇA,8.08,MANUTENCAO,Falha técnica/física ou intervenção corretiva em equipamento/componente.,MANUTENCAO,REAL_V1,falha na pinca,MANUTENCAO,0.8933574397434165,0.8933574397434165,0.10664256025658347,True
77614,BAAJ,Maringá,2026-08-26,LINHA004,CARBO 2100 ANP LI04,P.EQ.LINHA,Sistema de Válvulas,,FALHA NA VALVULA  AVS230,30.00,MANUTENCAO,Falha técnica/física ou intervenção corretiva em equipamento/componente.,MANUTENCAO,REAL_V1,falha na valvula avs230,MANUTENCAO,0.9799577981742028,0.9799577981742028,0.020042201825797173,True
77836,BAAJ,Maringá,2026-09-03,LINHA004,TRANSP GFS ROTULA EMPAC SID LI,P.EQ.LINHA,Sistema Motriz,Eixo da transmissão danificado,"FALHA NO MOTOR 229, ENGRENAGEM DO ROLAMENTO CENTRAL DANIFICADA",25.57,MANUTENCAO,Falha técnica/física ou intervenção corretiva em equipamento/componente.,MANUTENCAO,REAL_V1,falha no motor 229 engrenagem do rolamento central danificada,MANUTENCAO,0.9956067988554933,0.9956067988554933,0.004393201144506686,True
78011,BAAJ,Maringá,2026-09-06,LINHA003,INSPETOR NIVEL BASIC HEU LI03,P.EQ.LINHA,Sistema Rejeitor,,"AJUSTE NO SETUP E AJUSTE NOS PARÂMETROS, EXPULSANDO GARRAFAS BOAS",10.00,OPERACAO,"Falha de operação/processo, ajuste, fluxo, material ou automação sem evidência de avaria física.",OPERACAO,REAL_V1,ajuste no setup e ajuste nos parametros expulsando garrafas boas,OPERACAO,0.9957688196242762,0.0042311803757237865,0.9957688196242762,True
7802,BAAD,Jundiaí,2026-01-23,LINHA021,MONTADORA DE CAIXAS SACMI L21,P.EQ.LINHA,ESTRUTURA,,PISTÃO DA MONTADORA DE CAIXAS COM TAMANHO ERRADO,30.00,OPERACAO,"Falha de operação/processo, ajuste, fluxo, material ou automação sem evidência de avaria física.",OPERACAO,REAL_V1,pistao da montadora de caixas com tamanho errado,MANUTENCAO,0.592190704193839,0.592190704193839,0.40780929580616093,False
78223,B0AC,Bauru,2026-01-08,LINHA001,ENCHEDORA BRH LI01,P.EQ.LINHA,Sistema de instrumentos e cont,,FALHA NO SELADOR DO COPO (SELO DESCENTRALIZADO) 30008235702,15.00,OPERACAO,"Falha de operação/processo, ajuste, fluxo, material ou automação sem evidência de avaria física.",OPERACAO,REAL_V1,falha no selador do copo selo descentralizado 30008235702,MANUTENCAO,0.8248446323572559,0.8248446323572559,0.17515536764274406,False
78254,B0AC,Bauru,2026-01-09,LINHA006,ROTULADORA SUPERCOMBI SL100SSC,P.EQ.LINHA,SISTEMA ESTRUTURA SUPCO SL100S,,"BOIA NIVEL DO TANQUE ENROSCOU CAUSANDO PARADA POR NIVEL VAZIO COLA , POREM O TANQUE ESTAVA CHEIO, AGUARDANDO ORDEM",10.00,MANUTENCAO,Falha técnica/física ou intervenção corretiva em equipamento/componente.,MANUTENCAO,REAL_V1,boia nivel do tanque enroscou causando parada por nivel vazio cola porem o tanque estava cheio aguardando ordem,OPERACAO,0.7666915066695457,0.23330849333045434,0.7666915066695457,False
78272,B0AC,Bauru,2026-01-13,LINHA003,ROTULADORA 1 VEST PREMIUM NAR,P.EQ.LINHA,Sistema Pneumático,,SOLTOU A PINÇA DE NAYLON ( ORDEM 30008254015 ),7.73,MANUTENCAO,Falha técnica/física ou intervenção corretiva em equipamento/componente.,MANUTENCAO,REAL_V1,soltou a pinca de naylon ordem 30008254015,MANUTENCAO,0.8103491319511641,0.8103491319511641,0.1896508680488359,True
78488,B0AC,Bauru,2026-01-31,LINHA003,ENCHEDORA ZGL LI03,P.EQ.LINHA,Sistema pneumático,,FALHA NA VALVULA MODULADORA 30008310564,10.00,MANUTENCAO,Falha técnica/física ou intervenção corretiva em equipamento/componente.,MANUTENCAO,REAL_V1,falha na valvula moduladora 30008310564,MANUTENCAO,0.8996316799989006,0.8996316799989006,0.1003683200010994,True
78535,B0AC,Bauru,2026-02-03,LINHA007,ROTULADORA EVODECO SIDEL LI07,P.EQ.LINHA,,,FALHA NA PORTA  30008320945,0.58,MANUTENCAO,Falha técnica/física ou intervenção corretiva em equipamento/componente.,MANUTENCAO,REAL_V1,falha na porta 30008320945,MANUTENCAO,0.9457457897402239,0.9457457897402239,0.054254210259776066,True
78786,B0AC,Bauru,2026-02-28,LINHA003,PALETIZADOR 2 IEF,P.EQ.LINHA,SISTEMA ESTRUTURA PPMUS IEF,,REGULAGEM DO ELEVADOR DE CAMADAS ORDEM 30008407165,7.00,OPERACAO,"Falha de operação/processo, ajuste, fluxo, material ou automação sem evidência de avaria física.",OPERACAO,REAL_V1,regulagem do elevador de camadas ordem 30008407165,OPERACAO,0.7233035038299036,0.2766964961700964,0.7233035038299036,True
78800,B0AC,Bauru,2026-03-01,LINHA007,DOSADOR DE NITROGENIO CHART LI,P.EQ.LINHA,,,FALHA NO DOSADOR DE NITROGENIO ORDEM: 30008410013,55.76,MANUTENCAO,Falha técnica/física ou intervenção corretiva em equipamento/componente.,MANUTENCAO,REAL_V1,falha no dosador de nitrogenio ordem 30008410013,MANUTENCAO,0.9550381241004263,0.9550381241004263,0.044961875899573685,True
78972,B0AC,Bauru,2026-03-12,LINHA006,SOPRADORA SBO16/14 P40M MATRIX,P.EQ.LINHA,SISTEMA ESTRUTURA SBO 16/14-14,,AJUSTE SINCRONISMO DO DESEMPOEIRADOR. ORDEM 30008441575,10.19,OPERACAO,"Falha de operação/processo, ajuste, fluxo, material ou automação sem evidência de avaria física.",OPERACAO,REAL_V1,ajuste sincronismo do desempoeirador ordem 30008441575,OPERACAO,0.8907415781938656,0.10925842180613443,0.8907415781938656,True
78997,B0AC,Bauru,2026-03-18,LINHA003,SOPRADORA ESA2/10 MUL,P.EQ.LINHA,Sistema Elétrico,Falha elétrica,FALHA NO DRIVE DE ESTIRAMENTO. ORDEM: 30008460486,7.73,MANUTENCAO,Falha técnica/física ou intervenção corretiva em equipamento/componente.,MANUTENCAO,REAL_V1,falha no drive de estiramento ordem 30008460486,MANUTENCAO,0.9011741213415845,0.9011741213415845,0.09882587865841547,True
79424,B0AC,Bauru,2026-04-21,LINHA006,DOSADOR NITROGENIO G2 PRO VAC,P.EQ.LINHA,SISTEMA UNIDADE DOSAGEM SID,,FALHA DOSAGEM NITROGENIO / AGUARDANDO ORDEM ELETRICA,12.00,MANUTENCAO,Falha técnica/física ou intervenção corretiva em equipamento/componente.,MANUTENCAO,REAL_V1,falha dosagem nitrogenio aguardando ordem eletrica,MANUTENCAO,0.9400493005135868,0.9400493005135868,0.05995069948641313,True
79593,B0AC,Bauru,2026-05-04,LINHA006,ALIMENTADOR TAMPAS GEBO SID,P.EQ.LINHA,SISTEMA ESTRUTURA GERAL GEBO S,,ENROSCO DE TAMPA NO TRILHO. SIS EM FALHA. AGUARDANDO ORDEM,3.07,OPERACAO,"Falha de operação/processo, ajuste, fluxo, material ou automação sem evidência de avaria física.",OPERACAO,REAL_V1,enrosco de tampa no trilho sis em falha aguardando ordem,OPERACAO,0.8081091920752688,0.19189080792473123,0.8081091920752688,True
80395,B0AC,Bauru,2026-07-09,LINHA001,CODIFICADORA 1620 VID LI01,P.EQ.LINHA,Sistema de Instrumentos e cont,,FALHA NA TELA DA DATADORA - ORDEM 30008789007,60.00,MANUTENCAO,Falha técnica/física ou intervenção corretiva em equipamento/componente.,MANUTENCAO,REAL_V1,falha na tela da datadora ordem 30008789007,MANUTENCAO,0.8186635955709306,0.8186635955709306,0.18133640442906943,True
80521,B0AC,Bauru,2026-07-28,LINHA005,CAPSULADOR INNOFIL KHS LI05,P.EQ.LINHA,Sistema de Tampamento,,"CABEÇOTE 4 COM EXTRATOR TRAVADO, ORDEM 30008807870",19.69,MANUTENCAO,Falha técnica/física ou intervenção corretiva em equipamento/componente.,MANUTENCAO,REAL_V1,cabecote 4 com extrator travado ordem 30008807870,MANUTENCAO,0.6272765519564605,0.6272765519564605,0.37272344804353946,True
80541,B0AC,Bauru,2026-07-31,LINHA006,EMPACOTADORA EVOFILM 4M F4 SID,P.EQ.LINHA,SISTEMA CONTROLE EVOFILM 4M F4,,FALHA NO SISTEMA DE ENTRADA DE PACOTES,12.51,OPERACAO,"Falha de operação/processo, ajuste, fluxo, material ou automação sem evidência de avaria física.",OPERACAO,REAL_V1,falha no sistema de entrada de pacotes,OPERACAO,0.6404836434800764,0.35951635651992364,0.6404836434800764,True
80543,B0AC,Bauru,2026-08-01,LINHA003,PALETIZADOR 2 IEF,P.EQ.LINHA,SISTEMA ESTRUTURA PPMUS IEF,,SENSOR DO ELEVADOR FORA DE POSIÃO ORDEM (30008812831),7.73,OPERACAO,"Falha de operação/processo, ajuste, fluxo, material ou automação sem evidência de avaria física.",OPERACAO,REAL_V1,sensor do elevador fora de posiao ordem 30008812831,OPERACAO,0.6375643136540381,0.3624356863459619,0.6375643136540381,True
80779,B0AC,Bauru,2026-08-20,LINHA006,TRANSP PACTS EMPAC PALET GEBO,P.EQ.LINHA,SISTEMA MOTRIZ GEBO SID,,AJUSTE NA FIXAÇAO DO BRAÇO DO MOTOR            ORDEM Nº30008839260,20.00,MANUTENCAO,Falha técnica/física ou intervenção corretiva em equipamento/componente.,MANUTENCAO,REAL_V1,ajuste na fixacao do braco do motor ordem no30008839260,MANUTENCAO,0.5397440264383886,0.5397440264383886,0.46025597356161135,True
81046,B0AC,Bauru,2026-09-03,LINHA006,ALIMENTADOR TAMPAS GEBO SID,P.EQ.LINHA,SISTEMA ESTRUTURA GERAL GEBO S,,"MAQUINA SEM ARMAÇÃO E FILTRO DE VENTIAÇÃO ( CIRCUITO ENCHEDORA ) AGUARDANDO NOTA,",5.30,MANUTENCAO,Falha técnica/física ou intervenção corretiva em equipamento/componente.,MANUTENCAO,REAL_V1,maquina sem armacao e filtro de ventiacao circuito enchedora aguardando nota,MANUTENCAO,0.566713728472237,0.566713728472237,0.43328627152776295,True
8111,BAAD,Jundiaí,2026-01-27,LINHA016,PREPARADOR BEBIDAS KRONES L16,P.EQ.LINHA,Sistema de Instrumentos e Cont,,FALHA NA VALVULA DE GAS,42.16,MANUTENCAO,Falha técnica/física ou intervenção corretiva em equipamento/componente.,MANUTENCAO,REAL_V1,falha na valvula de gas,MANUTENCAO,0.9803888532527878,0.9803888532527878,0.019611146747212187,True
81244,BAAL,Antonio Carlos,2026-01-05,LINHA003,ENCHEDORA HOLSTEIN VVF 60/10 E,P.EQ.LINHA,Sistema de segurança,,13122757 PORTA COM FALHA NO SENSOR DE SEGURANÇA,8.53,MANUTENCAO,Falha técnica/física ou intervenção corretiva em equipamento/componente.,MANUTENCAO,REAL_V1,13122757 porta com falha no sensor de seguranca,MANUTENCAO,0.9900171477714301,0.9900171477714301,0.009982852228569924,True
81336,BAAL,Antonio Carlos,2026-01-08,MULTI006,EMPACOTADORA ACMI LI06,P.EQ.LINHA,Sistema de Instrumentos e cont,,"FALHAS NO EIXO Z1 CONSECUTIVAS, REALIZANDO RESET NO EQUIPAMENTO, NOTA 13128007.",15.00,OPERACAO,"Falha de operação/processo, ajuste, fluxo, material ou automação sem evidência de avaria física.",OPERACAO,REAL_V1,falhas no eixo z1 consecutivas realizando reset no equipamento nota 13128007,OPERACAO,0.7706222154138479,0.2293777845861521,0.7706222154138479,True
81570,BAAL,Antonio Carlos,2026-01-17,LINHA007,ENVOLVEDORA KRONES L07,P.EQ.LINHA,,,OCORRENDO QUE O TUBO DE DESCARTE DE BOBINA NAO ESTAR CONSEGUINDO SEGURAR O TUBETE PARA A TROCA COM ISSO OCORRE A FALHA .NOTA 13140689,4.80,MANUTENCAO,Falha técnica/física ou intervenção corretiva em equipamento/componente.,MANUTENCAO,REAL_V1,ocorrendo que o tubo de descarte de bobina nao estar conseguindo segurar o tubete para a troca com isso ocorre a falha nota 13140689,MANUTENCAO,0.9020653214517741,0.9020653214517741,0.09793467854822589,True
81668,BAAL,Antonio Carlos,2026-01-21,LINHA002,ENVOLVEDORA ROBOPAC HELIX 3 LI,P.EQ.LINHA,Sistema Elétrico,,13143189 - FILME ARREBENTANDO - CALIBRAÇÃO DA CÉLULA DE CARGA,60.00,OPERACAO,"Falha de operação/processo, ajuste, fluxo, material ou automação sem evidência de avaria física.",OPERACAO,REAL_V1,13143189 filme arrebentando calibracao da celula de carga,OPERACAO,0.8391724897474386,0.16082751025256137,0.8391724897474386,True
81874,BAAL,Antonio Carlos,2026-01-30,LINHA002,PALETIZADORA KHS PB1N3 PAL0006,P.EQ.LINHA,Sistema elétrico,,FALHA NA BARREIRA DE SEGURANÇA NOTA:13153049,3.00,MANUTENCAO,Falha técnica/física ou intervenção corretiva em equipamento/componente.,MANUTENCAO,REAL_V1,falha na barreira de seguranca nota 13153049,MANUTENCAO,0.939054485575464,0.939054485575464,0.06094551442453603,True
82081,BAAL,Antonio Carlos,2026-02-08,LINHA003,EMBALADORA PAKMATIC ZWA 45/F E,P.EQ.LINHA,Estrutura,Qualidade de peças,NOTA 13166418 ENROSCANDO O FILME NO ROLO DE BRRACHA.,23.06,OPERACAO,"Falha de operação/processo, ajuste, fluxo, material ou automação sem evidência de avaria física.",OPERACAO,REAL_V1,nota 13166418 enroscando o filme no rolo de brracha,OPERACAO,0.7685495502867777,0.23145044971322226,0.7685495502867777,True
82507,BAAL,Antonio Carlos,2026-02-25,LINHA001,MAGAZINE PALETE KR57 A88 KRO,P.EQ.LINHA,MAGAZI PORTA PALLET KR57-A88=T,,FALHA NA BARREIRA DE ACESSO DE MAGAZINE DE PALETE DE CAIXA GARRAFAS VAZIA NOTA // 13183781,17.06,MANUTENCAO,Falha técnica/física ou intervenção corretiva em equipamento/componente.,MANUTENCAO,REAL_V1,falha na barreira de acesso de magazine de palete de caixa garrafas vazia nota 13183781,OPERACAO,0.828875124910049,0.171124875089951,0.828875124910049,False
82539,BAAL,Antonio Carlos,2026-02-26,LINHA003,ALIMENTADOR ROLHAS ARBRAS ALM0,P.EQ.LINHA,Sistema Elétrico,,NOTA 13183980 FALHA  NO ABASTECIMENTO DE TAMPAS,21.28,OPERACAO,"Falha de operação/processo, ajuste, fluxo, material ou automação sem evidência de avaria física.",OPERACAO,REAL_V1,nota 13183980 falha no abastecimento de tampas,OPERACAO,0.5130268404532861,0.48697315954671394,0.5130268404532861,True
82678,BAAL,Antonio Carlos,2026-03-05,LINHA001,CAPSULADOR HOLSTEIN KAPPERT LI,P.EQ.LINHA,Sistema Motriz,Engrenagem de transmissão dani,"ENGRENAGEM DO POSTO 06 DANIFICADA, NOTA: 13190947",4.79,MANUTENCAO,Falha técnica/física ou intervenção corretiva em equipamento/componente.,MANUTENCAO,REAL_V1,engrenagem do posto 06 danificada nota 13190947,MANUTENCAO,0.8837690746946749,0.8837690746946749,0.11623092530532511,True
82727,BAAL,Antonio Carlos,2026-03-09,MULTI006,ENVOLVEDORA TOSA LI06,P.EQ.LINHA,Sistema de instrumentos e cont,,"FALHA NO MOTOR DE CORDÃO, CAINDO GARRAFA, REALIZADO RESET, NOTA 13194685.",8.00,MANUTENCAO,Falha técnica/física ou intervenção corretiva em equipamento/componente.,MANUTENCAO,REAL_V1,falha no motor de cordao caindo garrafa realizado reset nota 13194685,MANUTENCAO,0.508970738976834,0.508970738976834,0.491029261023166,True
83057,BAAL,Antonio Carlos,2026-03-27,LINHA002,ENCHEDORA KHS DRV153/18 ENC002,P.EQ.LINHA,Sistema de enchimento,,"FALHA DE ENCHIMENTO, VALVULAS 02,10, 11, 131, 132, 147 NOTA: 13216808",9.00,MANUTENCAO,Falha técnica/física ou intervenção corretiva em equipamento/componente.,MANUTENCAO,REAL_V1,falha de enchimento valvulas 02 10 11 131 132 147 nota 13216808,MANUTENCAO,0.7938277681851208,0.7938277681851208,0.20617223181487918,True
83127,BAAL,Antonio Carlos,2026-03-31,LINHA001,PROPORCIONADOR HOLSTEIN PRO RE,P.EQ.LINHA,Estrutura,,TROCA DA VEDAÇÃO DA TUBULAÇÃO DE BEBIDA - NOTA 13219062,20.12,MANUTENCAO,Falha técnica/física ou intervenção corretiva em equipamento/componente.,MANUTENCAO,REAL_V1,troca da vedacao da tubulacao de bebida nota 13219062,MANUTENCAO,0.883603751540197,0.883603751540197,0.11639624845980301,True
83175,BAAL,Antonio Carlos,2026-04-01,LINHA007,ROBO BOX KRONES KR68481 L07,P.EQ.LINHA,,,FALHA NA FORMAÇÃO DE CAMADAS E COLIDINDO PACOTES NOTA 13221624,7.47,OPERACAO,"Falha de operação/processo, ajuste, fluxo, material ou automação sem evidência de avaria física.",OPERACAO,REAL_V1,falha na formacao de camadas e colidindo pacotes nota 13221624,OPERACAO,0.9197345005522167,0.08026549944778327,0.9197345005522167,True
83460,BAAL,Antonio Carlos,2026-04-23,LINHA001,DESCAPSULADORA KRONES ROTOMAT,P.EQ.LINHA,Estrutura,,"ROMPEU A CORREIA TENSIONADORA, NOTA: 13244975;",13.99,MANUTENCAO,Falha técnica/física ou intervenção corretiva em equipamento/componente.,MANUTENCAO,REAL_V1,rompeu a correia tensionadora nota 13244975,MANUTENCAO,0.6605545527424228,0.6605545527424228,0.33944544725757725,True
8419,BAAD,Jundiaí,2026-02-01,LINHA016,COMBINER OCME,P.EQ.LINHA,,,"APÓS PARADA POR ACUMULO, EQUIPAMENTO DA FALHA DE CONTAGEM AO VOLTAR A RODAR.",6.92,OPERACAO,"Falha de operação/processo, ajuste, fluxo, material ou automação sem evidência de avaria física.",OPERACAO,REAL_V1,apos parada por acumulo equipamento da falha de contagem ao voltar a rodar,OPERACAO,0.8325232699711341,0.16747673002886587,0.8325232699711341,True
84424,BAAL,Antonio Carlos,2026-06-20,MULTI006,FORMADORA MULTIPACK AUT ACMI L,P.EQ.LINHA,Sistema de instrumentos e cont,,FALHA NA TROCA AUTOMATICA DA FITA. NOTA 13305510,6.67,OPERACAO,"Falha de operação/processo, ajuste, fluxo, material ou automação sem evidência de avaria física.",OPERACAO,REAL_V1,falha na troca automatica da fita nota 13305510,MANUTENCAO,0.5664941127005996,0.5664941127005996,0.4335058872994005,False
84568,BAAL,Antonio Carlos,2026-07-02,LINHA001,DESCAPSULADORA KRONES ROTOMAT,P.EQ.LINHA,Estrutura,,FALHA NA GARRA DA ESTRELA - NOTA - 13314390,26.26,MANUTENCAO,Falha técnica/física ou intervenção corretiva em equipamento/componente.,MANUTENCAO,REAL_V1,falha na garra da estrela nota 13314390,MANUTENCAO,0.6771010965896811,0.6771010965896811,0.32289890341031896,True
84936,BAAL,Antonio Carlos,2026-07-27,LINHA003,EMBALADORA PAKMATIC ZWA 45/F E,P.EQ.LINHA,Sistema de Instrumentos e cont,,ENROLOU FILME NO ROLO DE TRANFERENCIA. NOTA 13337891,2.64,OPERACAO,"Falha de operação/processo, ajuste, fluxo, material ou automação sem evidência de avaria física.",OPERACAO,REAL_V1,enrolou filme no rolo de tranferencia nota 13337891,OPERACAO,0.9717530277178229,0.028246972282177096,0.9717530277178229,True
85066,BAAL,Antonio Carlos,2026-08-04,LINHA002,INSPETOR NIVEL BBULL PC 500,P.EQ.LINHA,Sistema de Inspeção,,AJUSTE EXPULSÃO NIVEL,3.00,OPERACAO,"Falha de operação/processo, ajuste, fluxo, material ou automação sem evidência de avaria física.",OPERACAO,REAL_V1,ajuste expulsao nivel,OPERACAO,0.9891091463354805,0.010890853664519473,0.9891091463354805,True
85282,BAAL,Antonio Carlos,2026-08-13,LINHA002,EMBALADORA KHS SP080V EMB0016,P.EQ.LINHA,Sistema de Instrumentos e cont,,TRANCOU  BARRA  DE  ARRASTE,2.50,OPERACAO,"Falha de operação/processo, ajuste, fluxo, material ou automação sem evidência de avaria física.",OPERACAO,REAL_V1,trancou barra de arraste,MANUTENCAO,0.6078610498489475,0.6078610498489475,0.3921389501510525,False
85555,BAAL,Antonio Carlos,2026-08-25,MULTI006,ENVOLVEDORA TOSA LI06,P.EQ.LINHA,Sistema de instrumentos e cont,,FALHA NO MOTOR DE PASSE DO CORDÃO,4.00,MANUTENCAO,Falha técnica/física ou intervenção corretiva em equipamento/componente.,MANUTENCAO,REAL_V1,falha no motor de passe do cordao,MANUTENCAO,0.9769897471197324,0.9769897471197324,0.023010252880267645,True
85806,BAAO,Porto Alegre,2026-01-08,LINHA001,ENCAIXOTADORA,P.EQ.LINHA,Sistema Motriz,Falha no ciclo de operação,FALHA NO CENTRADOR E CABEÇOTE,5.00,OPERACAO,"Falha de operação/processo, ajuste, fluxo, material ou automação sem evidência de avaria física.",OPERACAO,REAL_V1,falha no centrador e cabecote,MANUTENCAO,0.861067331719643,0.861067331719643,0.13893266828035702,False
85857,BAAO,Porto Alegre,2026-01-11,LINHA003,ALIMENTADOR ROLHAS MULTISERV,P.EQ.LINHA,Sistema de instrumentos e cont,,TAMPA TRANCADA NO TRILHO.,6.45,OPERACAO,"Falha de operação/processo, ajuste, fluxo, material ou automação sem evidência de avaria física.",OPERACAO,REAL_V1,tampa trancada no trilho,OPERACAO,0.9494844351846644,0.05051556481533559,0.9494844351846644,True
86713,BAAO,Porto Alegre,2026-02-19,LINHA002,PALETIZADORA,P.EQ.LINHA,,,FALHA DE FORMAÇÃO SAM MARTIM ATUANDO,12.00,OPERACAO,"Falha de operação/processo, ajuste, fluxo, material ou automação sem evidência de avaria física.",OPERACAO,REAL_V1,falha de formacao sam martim atuando,MANUTENCAO,0.53441435681022,0.53441435681022,0.4655856431897801,False
86851,BAAO,Porto Alegre,2026-02-27,LINHA001,INSP. DE GARRAFAS CHEIAS APÓS,P.EQ.LINHA,Sistema Motriz,,SQUEZEER MOTOR DESARMANDO,9.00,MANUTENCAO,Falha técnica/física ou intervenção corretiva em equipamento/componente.,MANUTENCAO,REAL_V1,squezeer motor desarmando,MANUTENCAO,0.8831572325530175,0.8831572325530175,0.11684276744698247,True
8694,BAAD,Jundiaí,2026-02-05,LINHA016,ENVOLVEDORA ROBOPAC L16,P.EQ.LINHA,Sistema Arca,,GUIA DO PORTA BOBINAS DA ARC DANIFICADA.,6.00,MANUTENCAO,Falha técnica/física ou intervenção corretiva em equipamento/componente.,MANUTENCAO,REAL_V1,guia do porta bobinas da arc danificada,MANUTENCAO,0.9514574701774395,0.9514574701774395,0.048542529822560444,True
87064,BAAO,Porto Alegre,2026-03-10,LINHA006,PALETIZADORA,P.EQ.LINHA,Sistema Motriz,,ESTEIRA EMBORRACAHADA ENTRADA ROBOBOX CATRAQUEANDO,12.10,MANUTENCAO,Falha técnica/física ou intervenção corretiva em equipamento/componente.,MANUTENCAO,REAL_V1,esteira emborracahada entrada robobox catraqueando,OPERACAO,0.6783055105818819,0.32169448941811807,0.6783055105818819,False
87181,BAAO,Porto Alegre,2026-03-15,LINHA005,ENCHEDORA KHS 54/9VF/FR6,P.EQ.LINHA,Sistema pneumático,,MECANICA ATUANDO NA TROCA DE REPARO DO CILINDRO,3.60,MANUTENCAO,Falha técnica/física ou intervenção corretiva em equipamento/componente.,MANUTENCAO,REAL_V1,mecanica atuando na troca de reparo do cilindro,MANUTENCAO,0.9354823654342214,0.9354823654342214,0.06451763456577864,True
87292,BAAO,Porto Alegre,2026-03-24,LINHA001,LAVADORA DE GARRAFAS,P.EQ.LINHA,Sistema de Bombeamento,,FALTA DE PRESSAO DA BOMBA PRE ENXAGUE DA LAVADORA,11.60,MANUTENCAO,Falha técnica/física ou intervenção corretiva em equipamento/componente.,MANUTENCAO,REAL_V1,falta de pressao da bomba pre enxague da lavadora,OPERACAO,0.6880916987613204,0.31190830123867963,0.6880916987613204,False
87319,BAAO,Porto Alegre,2026-03-25,LINHA006,TRANSPORTE DE PACOTES,P.EQ.LINHA,Sistema Estrutura,,PACOTES CAIDOS NA CURVA DO TRP 6025,9.80,OPERACAO,"Falha de operação/processo, ajuste, fluxo, material ou automação sem evidência de avaria física.",OPERACAO,REAL_V1,pacotes caidos na curva do trp 6025,OPERACAO,0.7953721769376512,0.20462782306234883,0.7953721769376512,True
87613,BAAO,Porto Alegre,2026-04-14,LINHA001,ROTULADORA ROTATIVA LI01,P.EQ.LINHA,Sistema de transferência de ga,,FALHA NA ROTULAGEM DO AGREGADO 1,21.57,OPERACAO,"Falha de operação/processo, ajuste, fluxo, material ou automação sem evidência de avaria física.",OPERACAO,REAL_V1,falha na rotulagem do agregado 1,OPERACAO,0.7240448890717892,0.2759551109282108,0.7240448890717892,True
87672,BAAO,Porto Alegre,2026-04-17,LINHA001,DESCAPSULADOR,P.EQ.LINHA,,,AJUSTE NAS GUIAS DE SAIDA,3.00,OPERACAO,"Falha de operação/processo, ajuste, fluxo, material ou automação sem evidência de avaria física.",OPERACAO,REAL_V1,ajuste nas guias de saida,OPERACAO,0.9704775476715676,0.029522452328432425,0.9704775476715676,True
87710,BAAO,Porto Alegre,2026-04-20,LINHA003,CAPSULADOR KHS L03,P.EQ.LINHA,Sistema Cabeçote,,REGULAGEM DE DISCO DE TAMPAS,12.00,OPERACAO,"Falha de operação/processo, ajuste, fluxo, material ou automação sem evidência de avaria física.",OPERACAO,REAL_V1,regulagem de disco de tampas,OPERACAO,0.9837794696324114,0.016220530367588637,0.9837794696324114,True
87731,BAAO,Porto Alegre,2026-04-23,LINHA001,TRANSPORTE DE GARRAFAS,P.EQ.LINHA,Sistema Motriz,,"SQUEEZER CRASH - AJUSTE DE VELOCIDADE ENTRE SQUEEZER E O SECADOR DA ROTULADORA,",15.60,OPERACAO,"Falha de operação/processo, ajuste, fluxo, material ou automação sem evidência de avaria física.",OPERACAO,REAL_V1,squeezer crash ajuste de velocidade entre squeezer e o secador da rotuladora,OPERACAO,0.9905778163257775,0.00942218367422254,0.9905778163257775,True
87845,BAAO,Porto Alegre,2026-04-30,LINHA001,LAVADORA DE GARRAFAS,P.EQ.LINHA,Sistema Elétrico,,MOTOR DO TRANSPORTE DA LAVADORA DESARMOU PARADA SAMMARTINS,1.69,MANUTENCAO,Falha técnica/física ou intervenção corretiva em equipamento/componente.,MANUTENCAO,REAL_V1,motor do transporte da lavadora desarmou parada sammartins,MANUTENCAO,0.5702584199230046,0.5702584199230046,0.42974158007699537,True
88123,BAAO,Porto Alegre,2026-05-20,LINHA002,TRANSPORTE LATAS VAZIAS,P.EQ.LINHA,,,MOTOR 1 - 2 DO TRANSPORTE DE LATAS VAZIAS SEGURANDO LATAS ( TRECHO 119Q0 ),8.00,MANUTENCAO,Falha técnica/física ou intervenção corretiva em equipamento/componente.,MANUTENCAO,REAL_V1,motor 1 2 do transporte de latas vazias segurando latas trecho 119q0,OPERACAO,0.6310818290796378,0.36891817092036217,0.6310818290796378,False
88155,BAAO,Porto Alegre,2026-05-22,LINHA004,ENVOLVEDORA STRETCH,P.EQ.LINHA,Sistema Elétrico,,FALHA NO ACIONAMENTO DO SENSOR DO CORDÃO,7.60,MANUTENCAO,Falha técnica/física ou intervenção corretiva em equipamento/componente.,MANUTENCAO,REAL_V1,falha no acionamento do sensor do cordao,MANUTENCAO,0.9260244857326138,0.9260244857326138,0.0739755142673862,True
88488,BAAO,Porto Alegre,2026-06-29,LINHA005,(TR) CODIFICADORA,P.EQ.LINHA,Sistema de Instrumentos e cont,,FALHA INSPETOR (TEMPERATURA LASER),5.46,MANUTENCAO,Falha técnica/física ou intervenção corretiva em equipamento/componente.,MANUTENCAO,REAL_V1,falha inspetor temperatura laser,OPERACAO,0.5428984590389476,0.4571015409610524,0.5428984590389476,False
88691,BAAO,Porto Alegre,2026-07-23,LINHA002,ENCHEDORA DE LATAS,P.EQ.LINHA,Sistema de enchimento,,"VALVULA 18 ESPUMANDO, VERIFICAÇÃO DA BORRACHA DA TULIPA",9.31,MANUTENCAO,Falha técnica/física ou intervenção corretiva em equipamento/componente.,MANUTENCAO,REAL_V1,valvula 18 espumando verificacao da borracha da tulipa,MANUTENCAO,0.7505985265331094,0.7505985265331094,0.24940147346689054,True
88860,BAAO,Porto Alegre,2026-08-12,LINHA004,ALIMENTADOR ROLHAS MULTISERV,P.EQ.LINHA,Sistema Elétrico,,SENSOR DO ESPELHO FORA DE POSIÇÃO,17.80,OPERACAO,"Falha de operação/processo, ajuste, fluxo, material ou automação sem evidência de avaria física.",OPERACAO,REAL_V1,sensor do espelho fora de posicao,OPERACAO,0.7935327127397271,0.20646728726027286,0.7935327127397271,True
88868,BAAO,Porto Alegre,2026-08-13,LINHA006,EMBALADORA,P.EQ.LINHA,Alimentação corte de filme,,"ERRO NO CORTE , ARREBENTOU , FILME FOI REPASSADO",5.00,OPERACAO,"Falha de operação/processo, ajuste, fluxo, material ou automação sem evidência de avaria física.",OPERACAO,REAL_V1,erro no corte arrebentou filme foi repassado,OPERACAO,0.9045426872450559,0.09545731275494407,0.9045426872450559,True
89030,BAAO,Porto Alegre,2026-08-25,LINHA002,ALIMENTADOR DE TAMPAS,P.EQ.LINHA,,,TRP DE TAMPAS DESALINHADO TRANCANDO TAMPAS NO TRANSPORTE,40.00,OPERACAO,"Falha de operação/processo, ajuste, fluxo, material ou automação sem evidência de avaria física.",OPERACAO,REAL_V1,trp de tampas desalinhado trancando tampas no transporte,OPERACAO,0.9601906073290227,0.03980939267097727,0.9601906073290227,True
89058,BAAO,Porto Alegre,2026-08-26,LINHA006,TRANSPORTE DE PACOTES,P.EQ.LINHA,Sistema Motriz,,"ACUMULANDO PACOTES NO TRP, ATE PARAR A EMBALADORA",10.20,OPERACAO,"Falha de operação/processo, ajuste, fluxo, material ou automação sem evidência de avaria física.",OPERACAO,REAL_V1,acumulando pacotes no trp ate parar a embaladora,OPERACAO,0.9513773744667318,0.04862262553326824,0.9513773744667318,True
8919,BAAD,Jundiaí,2026-02-08,LINHA005,TRANSP GAR ENCH EMP SIM L05,P.EQ.LINHA,Cintas de transporte,Cadeia transportadora desajust,ESTEIRA COM FOLGA NECESSARIO RETIRAR ELOS,15.00,MANUTENCAO,Falha técnica/física ou intervenção corretiva em equipamento/componente.,MANUTENCAO,REAL_V1,esteira com folga necessario retirar elos,MANUTENCAO,0.8480381972115933,0.8480381972115933,0.1519618027884067,True
8923,BAAD,Jundiaí,2026-02-08,LINHA006,ENCHEDORA SID LI06,P.EQ.LINHA,Sistema base geral matrix SID,,"PINÇA 17 DA ESTEIRA DE TRANSFERENCIA TRAVADA, FEITO A TROCA.",10.56,MANUTENCAO,Falha técnica/física ou intervenção corretiva em equipamento/componente.,MANUTENCAO,REAL_V1,pinca 17 da esteira de transferencia travada feito a troca,MANUTENCAO,0.527639519360429,0.527639519360429,0.47236048063957103,True
89260,BAAO,Porto Alegre,2026-09-06,LINHA004,CARBONATADORA KHS,P.EQ.LINHA,Sistema de Bombeamento,,BOMBA NAO DA CONTA DE ENCHER O TANQUE VERVEU BEBIDA CO2 ALTO,17.40,OPERACAO,"Falha de operação/processo, ajuste, fluxo, material ou automação sem evidência de avaria física.",OPERACAO,REAL_V1,bomba nao da conta de encher o tanque verveu bebida co2 alto,MANUTENCAO,0.5053533352145865,0.5053533352145865,0.4946466647854135,False
89927,BAAR,Santa Maria,2026-01-16,LINHA004,DESPALETIZADORA DE LATAS- L04,P.EQ.LINHA,Sistema Elevador,,FALHA NO ELEVADOR TEC BRUNO ATUANDO,10.00,MANUTENCAO,Falha técnica/física ou intervenção corretiva em equipamento/componente.,MANUTENCAO,REAL_V1,falha no elevador tec bruno atuando,MANUTENCAO,0.8989149932278082,0.8989149932278082,0.1010850067721918,True
90979,BAAR,Santa Maria,2026-02-11,LINHA001,RINSER ROTATIVO INNOCLEAN PET,P.EQ.LINHA,Sistema Entrada,,VARIAÇÃO DE PRESSÃO DO VENTILADOR DE ENTRADA.,4.00,MANUTENCAO,Falha técnica/física ou intervenção corretiva em equipamento/componente.,MANUTENCAO,REAL_V1,variacao de pressao do ventilador de entrada,OPERACAO,0.5758875463859224,0.42411245361407757,0.5758875463859224,False
92110,BAAR,Santa Maria,2026-03-05,LINHA001,ENCHEDORA DELTA - L01,P.EQ.LINHA,Sistema Entrada,,"VALVULAS 14 , 25 , 27 , E 60 ENCHENDO DEMAIS .REALIZADO ALINHAMENTO DE SAPATAS E PEDESTAIS 30008420702",12.00,OPERACAO,"Falha de operação/processo, ajuste, fluxo, material ou automação sem evidência de avaria física.",OPERACAO,REAL_V1,valvulas 14 25 27 e 60 enchendo demais realizado alinhamento de sapatas e pedestais 30008420702,MANUTENCAO,0.6514076643153799,0.6514076643153799,0.34859233568462017,False
92478,BAAR,Santa Maria,2026-03-16,LINHA004,INSPETOR DE NIVEL BASIC HEUFT,P.EQ.LINHA,Sistema Elétrico,,INSPETOR PAROU DE FUNCIONAR TECNICO RESETOU EQUIPAMENTO,17.76,OPERACAO,"Falha de operação/processo, ajuste, fluxo, material ou automação sem evidência de avaria física.",OPERACAO,REAL_V1,inspetor parou de funcionar tecnico resetou equipamento,OPERACAO,0.7798662378149079,0.22013376218509206,0.7798662378149079,True
92579,BAAR,Santa Maria,2026-03-18,LINHA004,ENCHEDORA DE LATAS EM-D-30 KHS,P.EQ.LINHA,Sistema de Instrumentos e cont,,"TROCA DA AGULHA DA VÁLVULA 28,ESTAVA COM BORRACHA DANIFICADA",10.00,MANUTENCAO,Falha técnica/física ou intervenção corretiva em equipamento/componente.,MANUTENCAO,REAL_V1,troca da agulha da valvula 28 estava com borracha danificada,MANUTENCAO,0.9972958902594925,0.9972958902594925,0.002704109740507486,True
93128,BAAR,Santa Maria,2026-03-30,LINHA002,(TR) CODIFICADORA MARKEM IMAJE,P.EQ.LINHA,,,FALHA DO SERVO DO CODIFICADOR. TEC. FERNANDO ATUOU.,2.05,MANUTENCAO,Falha técnica/física ou intervenção corretiva em equipamento/componente.,MANUTENCAO,REAL_V1,falha do servo do codificador tec fernando atuou,MANUTENCAO,0.8452593849862381,0.8452593849862381,0.15474061501376193,True
9314,BAAD,Jundiaí,2026-02-14,LINHA013,CAPSULADOR KHS L13,P.EQ.LINHA,Sistema de Tampamento,,QUEDA DE GARRAFA MAL ARROLHADA NA AREA DE SEPARAÇAO DA EMPACOTADORA,8.83,OPERACAO,"Falha de operação/processo, ajuste, fluxo, material ou automação sem evidência de avaria física.",OPERACAO,REAL_V1,queda de garrafa mal arrolhada na area de separacao da empacotadora,OPERACAO,0.6842432197440718,0.31575678025592824,0.6842432197440718,True
94031,BAAR,Santa Maria,2026-04-23,LINHA003,MAGAZINE DE PALLETS- PALETIZAD,P.EQ.LINHA,Sistema Estrutura,Qualidade de peças,BOTAO DE ACIONAMENTO DAS GARRA NAO ACIONANDO MANUAL ( FOI TROCADO BOTAO),7.20,MANUTENCAO,Falha técnica/física ou intervenção corretiva em equipamento/componente.,MANUTENCAO,REAL_V1,botao de acionamento das garra nao acionando manual foi trocado botao,MANUTENCAO,0.7472520289753652,0.7472520289753652,0.25274797102463475,True
94157,BAAR,Santa Maria,2026-04-27,LINHA001,INSPETOR DE NIVEL E TAMPA SPEC,P.EQ.LINHA,Sistema Detector de Metais,,GARRAFAS CAINDO NA ESTEIRA DO INSPETOR,6.00,OPERACAO,"Falha de operação/processo, ajuste, fluxo, material ou automação sem evidência de avaria física.",OPERACAO,REAL_V1,garrafas caindo na esteira do inspetor,OPERACAO,0.8477177093230217,0.1522822906769783,0.8477177093230217,True
94612,BAAR,Santa Maria,2026-05-07,LINHA001,ENCHEDORA DELTA - L01,P.EQ.LINHA,Sistema Transporte,,ENROSCO DE GRF ESTRELA ENTRADA CAPSULADOR,2.00,OPERACAO,"Falha de operação/processo, ajuste, fluxo, material ou automação sem evidência de avaria física.",OPERACAO,REAL_V1,enrosco de grf estrela entrada capsulador,OPERACAO,0.9615641810657845,0.03843581893421555,0.9615641810657845,True
94849,BAAR,Santa Maria,2026-05-15,LINHA001,ENCHEDORA DELTA - L01,P.EQ.LINHA,Sistema Motriz,,GARRAFAS TRANCANDO NA SAPADA 46,6.00,OPERACAO,"Falha de operação/processo, ajuste, fluxo, material ou automação sem evidência de avaria física.",OPERACAO,REAL_V1,garrafas trancando na sapada 46,OPERACAO,0.9822445689567861,0.017755431043213865,0.9822445689567861,True
94906,BAAR,Santa Maria,2026-05-16,LINHA004,PALETIZADORA SANMARTIN SIRIO M,P.EQ.LINHA,Sistema Elétrico,,PALETIZADORA VELOCIDADE DO MANIPULADOR FORA DE PADRÃO TEC LUIZ ATUANDO NA CAUSA RAIZ,18.48,OPERACAO,"Falha de operação/processo, ajuste, fluxo, material ou automação sem evidência de avaria física.",OPERACAO,REAL_V1,paletizadora velocidade do manipulador fora de padrao tec luiz atuando na causa raiz,OPERACAO,0.8099847746434266,0.19001522535657345,0.8099847746434266,True
95038,BAAR,Santa Maria,2026-05-19,LINHA003,TRANSP GRF PET ENCHED-EMPACOT,P.EQ.LINHA,Sistema Estrutura,Qualidade de peças,GARRAFAS CAINDO NA ESTEIRA APOS A REGUA ULTRASSONICA,7.00,OPERACAO,"Falha de operação/processo, ajuste, fluxo, material ou automação sem evidência de avaria física.",OPERACAO,REAL_V1,garrafas caindo na esteira apos a regua ultrassonica,OPERACAO,0.8662089372167137,0.13379106278328634,0.8662089372167137,True
95758,BAAR,Santa Maria,2026-06-08,LINHA001,TRANSP GRF PET SOPRAD-ROTUL (A,P.EQ.LINHA,Sistema Estrutura,Transportador desnivelado,GRFS TRAVANDO NA DESCIDA DO AEREO E NA ENTRADA DA ROTULADORA,3.00,OPERACAO,"Falha de operação/processo, ajuste, fluxo, material ou automação sem evidência de avaria física.",OPERACAO,REAL_V1,grfs travando na descida do aereo e na entrada da rotuladora,OPERACAO,0.9564559842216188,0.043544015778381184,0.9564559842216188,True
9586,BAAD,Jundiaí,2026-02-18,LINHA014,ENCAIXOTADORA KRO L14,P.EQ.LINHA,Sistema Elétrico,,FALHA NO SENSOR DE POCIONAMENTO DE CAIXA,7.00,MANUTENCAO,Falha técnica/física ou intervenção corretiva em equipamento/componente.,MANUTENCAO,REAL_V1,falha no sensor de pocionamento de caixa,MANUTENCAO,0.9481343368897343,0.9481343368897343,0.05186566311026574,True
95868,BAAR,Santa Maria,2026-06-09,LINHA004,TRANSP LAT WARMER-EMPACOT,P.EQ.LINHA,Sistema Estrutura,Qualidade de peças,LATAS CAIDA TRANCADA NO ESTREITAMENTO DO TRANSPORTE.,3.00,OPERACAO,"Falha de operação/processo, ajuste, fluxo, material ou automação sem evidência de avaria física.",OPERACAO,REAL_V1,latas caida trancada no estreitamento do transporte,OPERACAO,0.9245430812330016,0.07545691876699845,0.9245430812330016,True
95870,BAAR,Santa Maria,2026-06-09,LINHA004,TRANSP LAT WARMER-EMPACOT,P.EQ.LINHA,Sistema Estrutura,Estrutura suja,LATA CAIDA NA ESTEIRA.,2.68,OPERACAO,"Falha de operação/processo, ajuste, fluxo, material ou automação sem evidência de avaria física.",OPERACAO,REAL_V1,lata caida na esteira,OPERACAO,0.6613667548183242,0.3386332451816758,0.6613667548183242,True
95975,BAAR,Santa Maria,2026-06-15,LINHA001,TRANSP GRF PET SOPRAD-ROTUL (A,P.EQ.LINHA,Sistema Estrutura,Transportador desnivelado,GRFS TRAVANDO EM VARIOS PONTOS DA SOPRADORA PARA ROTULADORA,9.00,OPERACAO,"Falha de operação/processo, ajuste, fluxo, material ou automação sem evidência de avaria física.",OPERACAO,REAL_V1,grfs travando em varios pontos da sopradora para rotuladora,OPERACAO,0.8401379788044532,0.15986202119554682,0.8401379788044532,True
96417,BAAR,Santa Maria,2026-06-23,LINHA003,REFRISAT/CHILLER- L03,P.EQ.LINHA,Sistema Estrutura,,FALTA DE AGUA NO REGFRISAT,8.46,OPERACAO,"Falha de operação/processo, ajuste, fluxo, material ou automação sem evidência de avaria física.",OPERACAO,REAL_V1,falta de agua no regfrisat,OPERACAO,0.551503660150738,0.44849633984926196,0.551503660150738,True
96563,BAAR,Santa Maria,2026-06-26,LINHA001,"SOPRADORA BLOMAX 10L, SERIE 5",P.EQ.LINHA,Sistema elétrico,,FALHA ELETRICA AEREO ON LINE  MAN. ATUANDO,15.64,MANUTENCAO,Falha técnica/física ou intervenção corretiva em equipamento/componente.,MANUTENCAO,REAL_V1,falha eletrica aereo on line man atuando,MANUTENCAO,0.9107096951280178,0.9107096951280178,0.08929030487198222,True
96702,BAAR,Santa Maria,2026-06-30,LINHA002,ROTULADORA AUT ROTAT SACMI LI0,P.EQ.LINHA,Sistema mecânico,,"CORREÇÃO NA DOSAGEM DE COLA, DIMINUIÇÃO DO NIVEL DE COLA NO TAMBOR NOTA:30008773100",10.00,OPERACAO,"Falha de operação/processo, ajuste, fluxo, material ou automação sem evidência de avaria física.",OPERACAO,REAL_V1,correcao na dosagem de cola diminuicao do nivel de cola no tambor nota 30008773100,OPERACAO,0.7455279389616367,0.2544720610383633,0.7455279389616367,True
97006,BAAR,Santa Maria,2026-07-11,LINHA001,TRANSP GRF PET SOPRAD-ROTUL (A,P.EQ.LINHA,Sistema Estrutura,Transportador desnivelado,GRFS TRAVADA NA CURVA DA DESCIDA PARA ROTUALADORA,4.00,OPERACAO,"Falha de operação/processo, ajuste, fluxo, material ou automação sem evidência de avaria física.",OPERACAO,REAL_V1,grfs travada na curva da descida para rotualadora,OPERACAO,0.8784435879968825,0.12155641200311751,0.8784435879968825,True
9760,BAAD,Jundiaí,2026-02-20,LINHA012,TRANSP PALETE SMA L12,P.EQ.LINHA,Instalação elétrica,Falha na rede de comunicção,FALHA NA MESA DE ELEVAÇÃO DE PALETES,12.00,MANUTENCAO,Falha técnica/física ou intervenção corretiva em equipamento/componente.,MANUTENCAO,REAL_V1,falha na mesa de elevacao de paletes,MANUTENCAO,0.5687869021493563,0.5687869021493563,0.4312130978506437,True
98107,BAAR,Santa Maria,2026-08-10,LINHA002,ENVOLVEDORA DE VALGROUP LI02,P.EQ.LINHA,,,ACIONANDO O SENSOR DE SEGURANÇA DE SAIDA DE PALETE ( SUPORTE DO SENSOR DE SAIDA ESTAVA FROUXO   ) FOI REAPERTADO,4.43,MANUTENCAO,Falha técnica/física ou intervenção corretiva em equipamento/componente.,MANUTENCAO,REAL_V1,acionando o sensor de seguranca de saida de palete suporte do sensor de saida estava frouxo foi reapertado,MANUTENCAO,0.9049274905314846,0.9049274905314846,0.09507250946851538,True
98468,BAAR,Santa Maria,2026-08-19,LINHA002,TRANSP PAC PET EMPACOT-PALETIZ,P.EQ.LINHA,Sistema Estrutura,Suporte transportador danifica,CONGESTIONAMENTO DE PACOTES NA ESTEIRA DE TRANSPORTE DEVIDO GUIA TER ABERTO POR ESTAR DANIFICADA,7.37,MANUTENCAO,Falha técnica/física ou intervenção corretiva em equipamento/componente.,MANUTENCAO,REAL_V1,congestionamento de pacotes na esteira de transporte devido guia ter aberto por estar danificada,MANUTENCAO,0.6191549835239459,0.6191549835239459,0.38084501647605407,True
98655,BAAR,Santa Maria,2026-08-26,LINHA002,TRANSP PALLET PET- PALETIZADOR,P.EQ.LINHA,Sistema Estrutura,Qualidade de peças,"SOBRECARGA NO MOTOR DO TRANSPORTRE DE PALETE, FOI AUMENTADO A VELOVIDADE DO MOTOR PARA REDUZIR A CORRENTE",8.86,OPERACAO,"Falha de operação/processo, ajuste, fluxo, material ou automação sem evidência de avaria física.",OPERACAO,REAL_V1,sobrecarga no motor do transportre de palete foi aumentado a velovidade do motor para reduzir a corrente,MANUTENCAO,0.937693541508376,0.937693541508376,0.06230645849162403,False
10385,BAAD,Jundiaí,2026-02-28,LINHA006,MESA ARRANGER 1 ACMI L06,P.EQ.LINHA,Posicionador,,FALHA DE SINCRONISMO,12.13,OPERACAO,"Ajuste, processo, fluxo, posicionamento, automação/controle ou condição operacional sem evidência de dano físico do ativo.",OPERACAO,REAL_V2,falha de sincronismo,OPERACAO,0.5841757791892837,0.41582422081071635,0.5841757791892837,True
10943,BAAD,Jundiaí,2026-03-07,LINHA007,EMPACOTADORA ACMI L07,P.EQ.LINHA,SISTEMA AGRUPACAO FENIX 275 AC,,QUEDA DE GRFS SEPARAÇÃO,5.00,OPERACAO,"Ajuste, processo, fluxo, posicionamento, automação/controle ou condição operacional sem evidência de dano físico do ativo.",OPERACAO,REAL_V2,queda de grfs separacao,OPERACAO,0.6638857373115921,0.33611426268840794,0.6638857373115921,True
11811,BAAD,Jundiaí,2026-03-18,LINHA014,TRANSP PALETE KRO L14,P.EQ.LINHA,Sistema Elétrico,,DESARME NO TRANSPORTE DE PALETE GRUPO ENVOLVEDORA.,5.00,OPERACAO,"Ajuste, processo, fluxo, posicionamento, automação/controle ou condição operacional sem evidência de dano físico do ativo.",OPERACAO,REAL_V2,desarme no transporte de palete grupo envolvedora,MANUTENCAO,0.6842770279330764,0.6842770279330764,0.31572297206692357,False
11883,BAAD,Jundiaí,2026-03-19,LINHA034,CARTONADORA TTP LI34,P.EQ.LINHA,Transporte de Caixas,,FALHA DE VÁCUO DO EMPURRADOR DE CAIXA,20.00,MANUTENCAO,Falha técnica de componente/equipamento específico descrita no apontamento.,MANUTENCAO,REAL_V2,falha de vacuo do empurrador de caixa,MANUTENCAO,0.9547780838747523,0.9547780838747523,0.04522191612524769,True
12064,BAAD,Jundiaí,2026-03-21,LINHA015,ALIMENTADOR TAMPAS GNR L15,P.EQ.LINHA,Sistema Elétrico,,COLOCAÇAO DO SENSOR DA PORTA SUPERIOR DO ELEVAÇAO DE TAMPA,6.00,MANUTENCAO,Falha técnica de componente/equipamento específico descrita no apontamento.,MANUTENCAO,REAL_V2,colocacao do sensor da porta superior do elevacao de tampa,MANUTENCAO,0.615861529138411,0.615861529138411,0.38413847086158903,True
12480,BAAD,Jundiaí,2026-03-28,LINHA009,PASTEURIZADOR CHA NT100M BC 16,P.EQ.LINHA,Sistema de Armazenamento,,VARIACAO DE TEMPERATURA RECIRCULACAO,4.56,OPERACAO,"Ajuste, processo, fluxo, posicionamento, automação/controle ou condição operacional sem evidência de dano físico do ativo.",OPERACAO,REAL_V2,variacao de temperatura recirculacao,OPERACAO,0.514114183044229,0.48588581695577104,0.514114183044229,True
12692,BAAD,Jundiaí,2026-03-31,LINHA034,CARTONADORA TTP LI34,P.EQ.LINHA,Unidade de alimentação,,A ESTEIRA DO TRANSPORTE ESTAVA TRAVANDO,60.00,OPERACAO,"Ajuste, processo, fluxo, posicionamento, automação/controle ou condição operacional sem evidência de dano físico do ativo.",OPERACAO,REAL_V2,a esteira do transporte estava travando,MANUTENCAO,0.6941775531725639,0.6941775531725639,0.3058224468274361,False
12713,BAAD,Jundiaí,2026-04-01,LINHA009,ENCHEDORA KHS L09,P.EQ.LINHA,Manejo de garrafas,Manejo de garrafa danificado,"QUEBRA DAS TRAVAS DE GARGALOS 41 E 68, FOI FEITO A TROCA",10.00,MANUTENCAO,"Dano, quebra, desgaste, queima, vazamento, troca ou reparo físico descrito no apontamento.",MANUTENCAO,REAL_V2,quebra das travas de gargalos 41 e 68 foi feito a troca,MANUTENCAO,0.9739102911377145,0.9739102911377145,0.026089708862285416,True
12787,BAAD,Jundiaí,2026-04-02,LINHA013,EMPACOTADORA KIS L13,P.EQ.LINHA,Sistema Motriz,Cadeia de transmissão danifica,ESTICADO A CORRENTE DO FORNO DE RETRAÇAO,5.00,OPERACAO,Apenas tensionamento/ajuste da corrente; não há quebra ou troca descrita.,OPERACAO,REAL_V2,esticado a corrente do forno de retracao,MANUTENCAO,0.7379812418517587,0.7379812418517587,0.26201875814824127,False
12846,BAAD,Jundiaí,2026-04-03,LINHA012,INSP LINATRONIC KRO L12,P.EQ.LINHA,Sistema de inspeção,Guia de garrafa desajustada,AJUSTE NA GUIA DE GARRAFAS NA SAIDA DO LINATRONIC,3.00,OPERACAO,"Ajuste, processo, fluxo, posicionamento, automação/controle ou condição operacional sem evidência de dano físico do ativo.",OPERACAO,REAL_V2,ajuste na guia de garrafas na saida do linatronic,OPERACAO,0.9902979573725404,0.00970204262745955,0.9902979573725404,True
13538,BAAD,Jundiaí,2026-04-16,LINHA006,ALIMENTADOR TAMPAS SID LI06,P.EQ.LINHA,Sistema coluna elevação GEBO S,,AJUSTE NA LOMBADA DE TRIAGEM,10.00,OPERACAO,"Ajuste, processo, fluxo, posicionamento, automação/controle ou condição operacional sem evidência de dano físico do ativo.",OPERACAO,REAL_V2,ajuste na lombada de triagem,OPERACAO,0.9945213415504638,0.005478658449536211,0.9945213415504638,True
13737,BAAD,Jundiaí,2026-04-20,LINHA014,INSPETOR AIRCONTRONIC KRO L14,P.EQ.LINHA,Sistema de Inspeção,,SUJEIRA NA MANGUEIRA DO SAM,14.80,OPERACAO,"Ajuste, processo, fluxo, posicionamento, automação/controle ou condição operacional sem evidência de dano físico do ativo.",OPERACAO,REAL_V2,sujeira na mangueira do sam,OPERACAO,0.5625337678789779,0.4374662321210221,0.5625337678789779,True
13935,BAAD,Jundiaí,2026-04-23,LINHA017,TRANSP GAR ROTULADORA ATÉ ENCA,P.EQ.LINHA,,,FALHA CONVERSOR,7.00,MANUTENCAO,Falha técnica de componente/equipamento específico descrita no apontamento.,MANUTENCAO,REAL_V2,falha conversor,MANUTENCAO,0.9548941356891149,0.9548941356891149,0.045105864310885195,True
14161,BAAD,Jundiaí,2026-04-27,LINHA011,CARTONADORA L11,P.EQ.LINHA,SISTEMA ESTRUTURA EMERGE WES,,WEST ROCK SAIU COLOCAÇÃO DE SERVISO,3.54,OPERACAO,"Ajuste, processo, fluxo, posicionamento, automação/controle ou condição operacional sem evidência de dano físico do ativo.",OPERACAO,REAL_V2,west rock saiu colocacao de serviso,MANUTENCAO,0.6930859676901373,0.6930859676901373,0.30691403230986264,False
15479,BAAD,Jundiaí,2026-05-18,LINHA001,ENCHEDORA,P.EQ.LINHA,Válvulas de enchimento,,VELOCIDADE REDUZIDA DEVIDO A ESPUMAMENTO DA VÁLVULA 02,5.00,OPERACAO,"Ajuste, processo, fluxo, posicionamento, automação/controle ou condição operacional sem evidência de dano físico do ativo.",OPERACAO,REAL_V2,velocidade reduzida devido a espumamento da valvula 02,OPERACAO,0.6553586386791801,0.3446413613208199,0.6553586386791801,True
15487,BAAD,Jundiaí,2026-05-18,LINHA005,MESA ARRANGER 1 ACMI L05,P.EQ.LINHA,Mesa de entrada,,"FALHA DA PINÇA 1, REALIZADO ESVAZIADO TODA A MESA E REALIZADO REFERENCIAMENTO DA PINÇA",10.00,OPERACAO,"Ajuste, processo, fluxo, posicionamento, automação/controle ou condição operacional sem evidência de dano físico do ativo.",OPERACAO,REAL_V2,falha da pinca 1 realizado esvaziado toda a mesa e realizado referenciamento da pinca,MANUTENCAO,0.5066223060665048,0.5066223060665048,0.4933776939334952,False
15506,BAAD,Jundiaí,2026-05-19,LINHA001,EMPACOTADORA KHS 02 L01,P.EQ.LINHA,Sistema motriz,Sistema servomotores falha,ELASTOMERO DO SERVO MOTOR DA MESA DE ENVOLVIMENTO DA EMPACOTADORA KHS DANIFICADO.,49.20,MANUTENCAO,"Dano, quebra, desgaste, queima, vazamento, troca ou reparo físico descrito no apontamento.",MANUTENCAO,REAL_V2,elastomero do servo motor da mesa de envolvimento da empacotadora khs danificado,MANUTENCAO,0.9589984246585713,0.9589984246585713,0.04100157534142867,True
15546,BAAD,Jundiaí,2026-05-19,LINHA012,LAVADORA GARRAFAS KHS L12,P.EQ.LINHA,Instalação elétrica,Painel de controle falha,TRAVAMENTO NO PAINEL IHM,3.00,OPERACAO,Travamento de IHM é tratado como automação/controle sem dano físico descrito.,OPERACAO,REAL_V2,travamento no painel ihm,OPERACAO,0.8586736099652875,0.14132639003471248,0.8586736099652875,True
15559,BAAD,Jundiaí,2026-05-19,LINHA011,CARTONADORA L11,P.EQ.LINHA,SISTEMA ESTRUTURA EMERGE WES,,QUEBRA DE GARRAFAS NO SISTEMA DOS BLOCO DE FORMAÇÃO.,31.77,OPERACAO,"Quebra de garrafas é dano de produto, não evidência de quebra do equipamento.",OPERACAO,REAL_V2,quebra de garrafas no sistema dos bloco de formacao,OPERACAO,0.8859840114154758,0.11401598858452422,0.8859840114154758,True
16036,BAAD,Jundiaí,2026-06-01,LINHA012,LAVADORA GARRAFAS KHS L12,P.EQ.LINHA,Conjunto porta ninhos,Componentes dos elos danificad,"NINHO DANIFICADO, FEITO TROCA",7.00,MANUTENCAO,"Dano, quebra, desgaste, queima, vazamento, troca ou reparo físico descrito no apontamento.",MANUTENCAO,REAL_V2,ninho danificado feito troca,MANUTENCAO,0.9816206357351156,0.9816206357351156,0.018379364264884405,True
16726,BAAD,Jundiaí,2026-06-12,LINHA017,TRANSP GAR ATÉ LAV LINAT GENE,P.EQ.LINHA,,,"FALHA DE INVERSOR, DESARME",20.00,MANUTENCAO,Falha técnica de componente/equipamento específico descrita no apontamento.,MANUTENCAO,REAL_V2,falha de inversor desarme,MANUTENCAO,0.7894019279079426,0.7894019279079426,0.2105980720920574,True
17230,BAAD,Jundiaí,2026-06-23,LINHA016,TRP PALETIZADORA / ENVOLVEDORA,P.EQ.LINHA,,,FALHA NO SISTEMA CONSTANDO PALETE NA BARREIRA,46.32,OPERACAO,Sistema indicando palete na barreira; automação/lógica sem dano físico descrito.,OPERACAO,REAL_V2,falha no sistema constando palete na barreira,MANUTENCAO,0.9352667226869791,0.9352667226869791,0.06473327731302095,False
17232,BAAD,Jundiaí,2026-06-23,LINHA016,TRP MESA TALISCA/TRP 1 PALETIZ,P.EQ.LINHA,,,"FALHA DE CANAL A""""",7.00,OPERACAO,"Ajuste, processo, fluxo, posicionamento, automação/controle ou condição operacional sem evidência de dano físico do ativo.",OPERACAO,REAL_V2,falha de canal a,MANUTENCAO,0.6043371641405901,0.6043371641405901,0.3956628358594098,False
17502,BAAD,Jundiaí,2026-06-26,LINHA013,ENVOLVEDORA FILME 1 BEM L13,P.EQ.LINHA,Sistema Elétrico,,"FALHA NO PRATO PRESSOR, NÃO REFERÊNCIANDO",25.00,OPERACAO,"Ajuste, processo, fluxo, posicionamento, automação/controle ou condição operacional sem evidência de dano físico do ativo.",OPERACAO,REAL_V2,falha no prato pressor nao referenciando,MANUTENCAO,0.6008345809889192,0.6008345809889192,0.3991654190110808,False
17739,BAAD,Jundiaí,2026-06-30,LINHA016,ANALISADOR COBRIX CO2 5100 L16,P.EQ.LINHA,,,PERDA DE REFERENCIA DOS VALORES NA PARTIDA.,20.00,OPERACAO,"Ajuste, processo, fluxo, posicionamento, automação/controle ou condição operacional sem evidência de dano físico do ativo.",OPERACAO,REAL_V2,perda de referencia dos valores na partida,OPERACAO,0.9692992982306752,0.030700701769324823,0.9692992982306752,True
18422,BAAD,Jundiaí,2026-07-10,LINHA013,RINSER KHS L13,P.EQ.LINHA,Sistema de transferência de ga,,"GUIAS , PERFIL DANIFICADO",15.18,MANUTENCAO,"Dano, quebra, desgaste, queima, vazamento, troca ou reparo físico descrito no apontamento.",MANUTENCAO,REAL_V2,guias perfil danificado,MANUTENCAO,0.8448976318885846,0.8448976318885846,0.15510236811141542,True
18581,BAAD,Jundiaí,2026-07-14,LINHA016,INSP LATA CHEIA 1 KRONES L16,P.EQ.LINHA,Estrutura,,AJUSTE NAS GUIAS DESAJUSTADA,4.00,OPERACAO,"Ajuste, processo, fluxo, posicionamento, automação/controle ou condição operacional sem evidência de dano físico do ativo.",OPERACAO,REAL_V2,ajuste nas guias desajustada,OPERACAO,0.9847300912825009,0.015269908717499114,0.9847300912825009,True
18706,BAAD,Jundiaí,2026-07-15,LINHA012,MAGAZINE PALETES SMN L12,P.EQ.LINHA,Estrutura,Falha no sistema de segurança,DESARME ELÉTRICO DO MAGAZINE DE PALETES ELETRONICO ATUANDO,9.00,OPERACAO,"Ajuste, processo, fluxo, posicionamento, automação/controle ou condição operacional sem evidência de dano físico do ativo.",OPERACAO,REAL_V2,desarme eletrico do magazine de paletes eletronico atuando,MANUTENCAO,0.7109102444152158,0.7109102444152158,0.2890897555847843,False
18761,BAAD,Jundiaí,2026-07-16,LINHA009,LAMPADA ULTRAVIOLETA ATL L09,P.EQ.LINHA,Sistema elétrico,Falha na rede de comunicção,FALHA NA COMUNIÇÃO DA LAMPADA UV COM O MITECO,9.00,OPERACAO,Falha de comunicação; classificada como OPERAÇÃO pela regra de automação/controle.,OPERACAO,REAL_V2,falha na comunicao da lampada uv com o miteco,OPERACAO,0.5163665166474051,0.48363348335259493,0.5163665166474051,True
18778,BAAD,Jundiaí,2026-07-16,LINHA009,CODIFICADOR LASER VID L09,P.EQ.LINHA,SISTEMA ESTRUTURA IP653340 VID,,CODIFICAÇÃO EM FALHA. FEITO AJUSTE PELO ELETRÔNICO.,12.48,OPERACAO,"Ajuste, processo, fluxo, posicionamento, automação/controle ou condição operacional sem evidência de dano físico do ativo.",OPERACAO,REAL_V2,codificacao em falha feito ajuste pelo eletronico,OPERACAO,0.6538936068996156,0.3461063931003844,0.6538936068996156,True
18928,BAAD,Jundiaí,2026-07-18,LINHA016,INSP LATAS VAZIAS CANTRONIC KR,P.EQ.LINHA,Inspeção,,PARADA NA ENCHEDORA PARA RETIRADA DE LATAS AMASSADA QUE PASSARAM PELO CANTRONIC,6.00,OPERACAO,"Ajuste, processo, fluxo, posicionamento, automação/controle ou condição operacional sem evidência de dano físico do ativo.",OPERACAO,REAL_V2,parada na enchedora para retirada de latas amassada que passaram pelo cantronic,OPERACAO,0.9071076134400959,0.09289238655990406,0.9071076134400959,True
19697,BAAD,Jundiaí,2026-07-29,LINHA009,PREPARADOR BEBIDAS MIT L09,P.EQ.LINHA,SISTEMA CIRCUITO DE AGUA SM-60,,FALHA NA BOMBA DESAREADOR,5.00,MANUTENCAO,Falha técnica de componente/equipamento específico descrita no apontamento.,MANUTENCAO,REAL_V2,falha na bomba desareador,MANUTENCAO,0.8338891958800644,0.8338891958800644,0.1661108041199356,True
20077,BAAD,Jundiaí,2026-08-04,LINHA011,DESPALETIZADORA SMA L11,P.EQ.LINHA,Rotação / translação,,FALHA NO SERVO DE TRANSLAÇÃO DO CABEÇOTE DA DESPALETIZADORA.,20.48,MANUTENCAO,Falha técnica de componente/equipamento específico descrita no apontamento.,MANUTENCAO,REAL_V2,falha no servo de translacao do cabecote da despaletizadora,MANUTENCAO,0.7749283343539581,0.7749283343539581,0.2250716656460419,True
21632,BAAD,Jundiaí,2026-08-26,LINHA014,INSP GFS LINATRONIC DART KRO L,P.EQ.LINHA,Sistema de Inspeção,,GARRAFA 1 NAO  PASSANDO ELETRONICO ATUANDO NO PROBLEMA,4.14,OPERACAO,"Ajuste, processo, fluxo, posicionamento, automação/controle ou condição operacional sem evidência de dano físico do ativo.",OPERACAO,REAL_V2,garrafa 1 nao passando eletronico atuando no problema,MANUTENCAO,0.5342207054463042,0.5342207054463042,0.4657792945536958,False
21948,BAAD,Jundiaí,2026-08-31,LINHA014,ENCHEDORA KRO L14,P.EQ.LINHA,Sistema de instrumentos e cont,,QUEDA DE GARRAFAS NA SAÍDA DA ENCHEDORA.,11.09,OPERACAO,"Ajuste, processo, fluxo, posicionamento, automação/controle ou condição operacional sem evidência de dano físico do ativo.",OPERACAO,REAL_V2,queda de garrafas na saida da enchedora,OPERACAO,0.9351972196447957,0.06480278035520426,0.9351972196447957,True
22172,BAAD,Jundiaí,2026-09-04,LINHA014,ENCHEDORA KRO L14,P.EQ.LINHA,Sistema de enchimento,,NIVEL DEMASIADO ELEVADO DA CALDEIRA.,8.00,OPERACAO,"Ajuste, processo, fluxo, posicionamento, automação/controle ou condição operacional sem evidência de dano físico do ativo.",OPERACAO,REAL_V2,nivel demasiado elevado da caldeira,OPERACAO,0.7139774766217346,0.2860225233782654,0.7139774766217346,True
22392,BAAD,Jundiaí,2026-09-08,LINHA016,TRP SECADOR DE LATAS 2 / INSP,P.EQ.LINHA,,,AJUSTE DA GUIA ENROSCANDO LATAS,3.50,OPERACAO,"Ajuste, processo, fluxo, posicionamento, automação/controle ou condição operacional sem evidência de dano físico do ativo.",OPERACAO,REAL_V2,ajuste da guia enroscando latas,OPERACAO,0.9867238810001178,0.013276118999882236,0.9867238810001178,True
23643,BAAE,Mogi,2026-01-18,LINHA002,ENCHEDORA KHS L02,P.EQ.LINHA,Sistema de enchimento,,GARRAFA NIVEL BAIXO,9.00,OPERACAO,"Ajuste, processo, fluxo, posicionamento, automação/controle ou condição operacional sem evidência de dano físico do ativo.",OPERACAO,REAL_V2,garrafa nivel baixo,OPERACAO,0.9833182455996974,0.016681754400302617,0.9833182455996974,True
23767,BAAE,Mogi,2026-01-20,LINHA002,MO2 SOPRADORA CONTIFORM KRO,P.EQ.LINHA,Sistema de sopro,,VELOCIDADE ABAIXO DA NOMINAL,10.00,OPERACAO,"Ajuste, processo, fluxo, posicionamento, automação/controle ou condição operacional sem evidência de dano físico do ativo.",OPERACAO,REAL_V2,velocidade abaixo da nominal,OPERACAO,0.9674810929761116,0.03251890702388838,0.9674810929761116,True
25451,BAAE,Mogi,2026-02-14,LINHA001,CAPSULADOR L01,P.EQ.LINHA,Sistema de Alimentação de Tamp,,ENROSCO DE TAMPAS NO BOCAL DO CAPSULADOR,7.08,OPERACAO,"Ajuste, processo, fluxo, posicionamento, automação/controle ou condição operacional sem evidência de dano físico do ativo.",OPERACAO,REAL_V2,enrosco de tampas no bocal do capsulador,OPERACAO,0.966690532212013,0.033309467787987046,0.966690532212013,True
26932,BAAE,Mogi,2026-03-05,LINHA007,PALETIZADORA KRONES L07,P.EQ.LINHA,SISTEMA ESTACAO DE TRANSFERENC,,KRONES REALIZANDO AJUSTES NA PALETIZADORA.,9.00,OPERACAO,"Ajuste, processo, fluxo, posicionamento, automação/controle ou condição operacional sem evidência de dano físico do ativo.",OPERACAO,REAL_V2,krones realizando ajustes na paletizadora,OPERACAO,0.9511710325984503,0.04882896740154974,0.9511710325984503,True
27151,BAAE,Mogi,2026-03-08,LINHA001,MO1 ROTULADORA KRONES CONTIROL,P.EQ.LINHA,Sistema de Instrumentos e cont,,FALHA NO GRUPO ACUMULADOR DE BOBINA,3.24,MANUTENCAO,Falha técnica de componente/equipamento específico descrita no apontamento.,MANUTENCAO,REAL_V2,falha no grupo acumulador de bobina,OPERACAO,0.9242794223927745,0.0757205776072255,0.9242794223927745,False
29382,BAAE,Mogi,2026-04-13,LINHA001,MO1 SOPRADORA KRONES CONTIFORM,P.EQ.LINHA,Sistema de Instrumentos e cont,,"FALHA NO MOLDE ESTAÇÃO 13 TÉCNICO ATUANDO, AGUARDANDO O FORNO REAQUECER",11.00,MANUTENCAO,Falha técnica de componente/equipamento específico descrita no apontamento.,MANUTENCAO,REAL_V2,falha no molde estacao 13 tecnico atuando aguardando o forno reaquecer,MANUTENCAO,0.8938962993955147,0.8938962993955147,0.10610370060448528,True
29453,BAAE,Mogi,2026-04-13,LINHA008,TRANSPORTE PACOTE EMPAC-ROBOBO,P.EQ.LINHA,5° ACIONAMENTO 0222112,,"O FREIO DO MOTOR QUEIMOU, REALIZADO A RETIRADA DO FREIO E MONSTAGEM DO MOTOR DE VOLTA",21.77,MANUTENCAO,"Dano, quebra, desgaste, queima, vazamento, troca ou reparo físico descrito no apontamento.",MANUTENCAO,REAL_V2,o freio do motor queimou realizado a retirada do freio e monstagem do motor de volta,MANUTENCAO,0.8471244191058933,0.8471244191058933,0.15287558089410663,True
29543,BAAE,Mogi,2026-04-14,LINHA008,INSPETOR CHECKMAT D KRONES L08,P.EQ.LINHA,MONITORACAO RECIPIENTE,,FALHA FALSO REJEITO,10.63,OPERACAO,Falso rejeito é tratado como condição de controle/processo sem dano físico descrito.,OPERACAO,REAL_V2,falha falso rejeito,OPERACAO,0.7855393288273819,0.21446067117261813,0.7855393288273819,True
30972,BAAE,Mogi,2026-05-01,LINHA003,ENCHEDORA ZEGLA L03,P.EQ.LINHA,SISTEMA ESTRUTURA RZRETP40/50/,,AJUSTE NO FACÃO DA SAÍDA DA ENCHEDORA,6.24,OPERACAO,"Ajuste, processo, fluxo, posicionamento, automação/controle ou condição operacional sem evidência de dano físico do ativo.",OPERACAO,REAL_V2,ajuste no facao da saida da enchedora,OPERACAO,0.9820024325183756,0.0179975674816244,0.9820024325183756,True
30983,BAAE,Mogi,2026-05-01,LINHA006,ENCHEDORA L06,P.EQ.LINHA,Sistema de enchimento,,ESTRELA INTERMEDIARIA FORA DE POSIÇÃO,8.57,OPERACAO,"Ajuste, processo, fluxo, posicionamento, automação/controle ou condição operacional sem evidência de dano físico do ativo.",OPERACAO,REAL_V2,estrela intermediaria fora de posicao,OPERACAO,0.9290596643207588,0.07094033567924118,0.9290596643207588,True
33693,BAAE,Mogi,2026-05-29,LINHA007,ROBOBOX KRONES L07,P.EQ.LINHA,SISTEMA ALIMENTACAO SERVOENTRA,,FALHA NO REFERENCIAMENTO DO ROBOBOX,46.29,OPERACAO,Perda/falha de referenciamento; classificada como OPERAÇÃO.,OPERACAO,REAL_V2,falha no referenciamento do robobox,OPERACAO,0.6630621636929539,0.3369378363070461,0.6630621636929539,True
34105,BAAE,Mogi,2026-06-03,LINHA008,ENVOLVEDORA ROBOPACK L08,P.EQ.LINHA,DISPOSITIVOS ELETRICOS MAQ BAS,,FALHA INVERSOR FREQUENCIA,9.38,MANUTENCAO,Falha técnica de componente/equipamento específico descrita no apontamento.,MANUTENCAO,REAL_V2,falha inversor frequencia,MANUTENCAO,0.9033543677264125,0.9033543677264125,0.09664563227358743,True
36103,BAAE,Mogi,2026-08-13,LINHA002,INSPETOR NIVEL MCPACK LI02,P.EQ.LINHA,Sistema Rejeitor,,"FALSO REJEITO, GARRAFAS CAIDA NO INSPETOR",10.00,OPERACAO,"Ajuste, processo, fluxo, posicionamento, automação/controle ou condição operacional sem evidência de dano físico do ativo.",OPERACAO,REAL_V2,falso rejeito garrafas caida no inspetor,OPERACAO,0.9861898430832028,0.013810156916797212,0.9861898430832028,True
36833,BAAE,Mogi,2026-08-23,LINHA001,MO1 SOPRADORA KRONES CONTIFORM,P.EQ.LINHA,Sistema de Instrumentos e cont,,FOI FEITA A TROCA DO ROLAMENTO SUPERIOR DO BRAÇO DE TRANCAMENTO ESTAÇÃO 1 / FOI AJUSTADO E LUBRIFICADO,37.60,MANUTENCAO,"Dano, quebra, desgaste, queima, vazamento, troca ou reparo físico descrito no apontamento.",MANUTENCAO,REAL_V2,foi feita a troca do rolamento superior do braco de trancamento estacao 1 foi ajustado e lubrificado,MANUTENCAO,0.8672530882855585,0.8672530882855585,0.13274691171444153,True
38634,BAAF,Campo Grande,2026-02-02,LINHA003,TRANSP PAC EMP PALE KHS L03,P.EQ.LINHA,Sistema elétrico,Fonte de voltagem danificada,CHAVE SECCIONADORA EM FALHA,39.35,MANUTENCAO,"Dano, quebra, desgaste, queima, vazamento, troca ou reparo físico descrito no apontamento.",MANUTENCAO,REAL_V2,chave seccionadora em falha,MANUTENCAO,0.6667126375555158,0.6667126375555158,0.3332873624444842,True
38657,BAAF,Campo Grande,2026-02-03,LINHA001,(TR) CODIFICADORA MAR 9450S -0,P.EQ.LINHA,,,PROBLEMAS COM A CODIFICAÇAO,4.00,OPERACAO,"Ajuste, processo, fluxo, posicionamento, automação/controle ou condição operacional sem evidência de dano físico do ativo.",OPERACAO,REAL_V2,problemas com a codificacao,OPERACAO,0.5811395297760703,0.4188604702239297,0.5811395297760703,True
38929,BAAF,Campo Grande,2026-02-23,LINHA001,DESENCAIXOTADORA KHS L01,P.EQ.LINHA,SISTEMA TRANSPORTE CAIXAS KHS,,CORRENTE QUEBROU DA ENTRADA DE CX,27.86,MANUTENCAO,"Dano, quebra, desgaste, queima, vazamento, troca ou reparo físico descrito no apontamento.",MANUTENCAO,REAL_V2,corrente quebrou da entrada de cx,MANUTENCAO,0.7490660586166817,0.7490660586166817,0.25093394138331826,True
39356,BAAF,Campo Grande,2026-03-30,LINHA003,EMPACOTADORA KISTERS L03,P.EQ.LINHA,SISTEMA ALIM CORTE DE FILME AS,,FALHA NO SISTEMA DE CORTE SENSOR DANIFICADO,8.37,MANUTENCAO,"Dano, quebra, desgaste, queima, vazamento, troca ou reparo físico descrito no apontamento.",MANUTENCAO,REAL_V2,falha no sistema de corte sensor danificado,MANUTENCAO,0.9747580444442282,0.9747580444442282,0.025241955555771772,True
39360,BAAF,Campo Grande,2026-03-31,LINHA001,CAPSULADOR KHS L01,P.EQ.LINHA,Sistema de tampamento,,"TROCA DA CABEÇA MAGNETICA DO CONJUNTO DO MANDRIL, (NOTA; 13220769).",21.43,MANUTENCAO,"Dano, quebra, desgaste, queima, vazamento, troca ou reparo físico descrito no apontamento.",MANUTENCAO,REAL_V2,troca da cabeca magnetica do conjunto do mandril nota 13220769,MANUTENCAO,0.929329009243597,0.929329009243597,0.07067099075640303,True
39383,BAAF,Campo Grande,2026-04-01,LINHA003,AQUECEDOR LATAS KHS L03,P.EQ.LINHA,Instalação elétrica,Painel de controle falha,"FALHA NA TEMPERATURA, OSCILAÇÃO DANDO BAIXA TEMPERATURA.",26.00,OPERACAO,"Ajuste, processo, fluxo, posicionamento, automação/controle ou condição operacional sem evidência de dano físico do ativo.",OPERACAO,REAL_V2,falha na temperatura oscilacao dando baixa temperatura,MANUTENCAO,0.5797802592045278,0.5797802592045278,0.42021974079547225,False
40263,BAAF,Campo Grande,2026-06-03,LINHA003,CG3 PALETIZADOR SIRIO MS 300 S,P.EQ.LINHA,SISTEMA ESTRUTURA SIRIO MS-300,,DESARME DA MAGAZINE DE PALETES E DESARME DA NR-12 DE TODA PALETIZADORA.,8.37,OPERACAO,Desarme de segurança/NR-12; sem dano físico descrito.,OPERACAO,REAL_V2,desarme da magazine de paletes e desarme da nr 12 de toda paletizadora,MANUTENCAO,0.646462966840404,0.646462966840404,0.353537033159596,False
40459,BAAF,Campo Grande,2026-06-23,LINHA001,RINSER SAN MARTIN L01,P.EQ.LINHA,Manejo de garrafas,Garfo danificado,ENROSCO DE GARRAFA NO GARFO DE ENTRADA,17.14,OPERACAO,Enrosco de garrafa; a observação não descreve dano físico do garfo.,OPERACAO,REAL_V2,enrosco de garrafa no garfo de entrada,OPERACAO,0.9873338420127038,0.0126661579872962,0.9873338420127038,True
41007,BAAF,Campo Grande,2026-07-24,LINHA001,TRANSP PET RINSER ENCH KHS L01,P.EQ.LINHA,Cintas de transporte,Cadeia transportadora desajust,ENROSCO DE GARRAFA TRANSPORTE INTERNO,5.14,OPERACAO,"Ajuste, processo, fluxo, posicionamento, automação/controle ou condição operacional sem evidência de dano físico do ativo.",OPERACAO,REAL_V2,enrosco de garrafa transporte interno,OPERACAO,0.9709395872322764,0.029060412767723642,0.9709395872322764,True
41021,BAAF,Campo Grande,2026-07-24,LINHA003,CG3 PALETIZADOR SIRIO MS 300 S,P.EQ.LINHA,SISTEMA ESTRUTURA SIRIO MS-300,,CABEÇOTE DERRUBANDO PACOTE,4.17,OPERACAO,"Ajuste, processo, fluxo, posicionamento, automação/controle ou condição operacional sem evidência de dano físico do ativo.",OPERACAO,REAL_V2,cabecote derrubando pacote,OPERACAO,0.8030603114509149,0.19693968854908506,0.8030603114509149,True
41621,BAAF,Campo Grande,2026-08-20,LINHA001,PALETIZADORA SAN MARTIN L01,P.EQ.LINHA,CABEÇOTE,,QUEDA DA BARRA DE RETENCÄO,4.57,MANUTENCAO,"Dano, quebra, desgaste, queima, vazamento, troca ou reparo físico descrito no apontamento.",MANUTENCAO,REAL_V2,queda da barra de retencao,MANUTENCAO,0.8229619878354562,0.8229619878354562,0.17703801216454387,True
42628,BAAG,Itabirito,2026-01-10,LINHA007,PALETIZADORA KHS L07,P.EQ.LINHA,Mesa de formação,,PACOTE PAROU FORA DE POSIÇÃO GERANDO MÁ FORMAÇÃO DE CAMADAS;,4.00,OPERACAO,"Ajuste, processo, fluxo, posicionamento, automação/controle ou condição operacional sem evidência de dano físico do ativo.",OPERACAO,REAL_V2,pacote parou fora de posicao gerando ma formacao de camadas,OPERACAO,0.982698130177039,0.017301869822961002,0.982698130177039,True
42723,BAAG,Itabirito,2026-01-11,LINHA004,TRP CHECKMAT 1-2/EMPACOTADORA,P.EQ.LINHA,,,FALHA DE COMUNICACAO ETHERNET COM TRANSPORTE KRONES.,6.14,OPERACAO,"Falha de comunicação Ethernet; automação/comunicação, sem dano físico descrito.",OPERACAO,REAL_V2,falha de comunicacao ethernet com transporte krones,OPERACAO,0.6397647125880218,0.3602352874119782,0.6397647125880218,True
42869,BAAG,Itabirito,2026-01-13,LINHA003,EMPACOTADORA VEGA HT100 OCME,P.EQ.LINHA,Sistema motriz,Cadeia de transmissão danifica,TRANSPORTADOR DE TELA METÁLICA DA ENTRADA DO FORNO COM EIXO DESGASTADO.,40.00,MANUTENCAO,"Dano, quebra, desgaste, queima, vazamento, troca ou reparo físico descrito no apontamento.",MANUTENCAO,REAL_V2,transportador de tela metalica da entrada do forno com eixo desgastado,MANUTENCAO,0.7827539646317057,0.7827539646317057,0.21724603536829432,True
45026,BAAG,Itabirito,2026-02-05,LINHA003,TRANS SAIDA PALETIZADORA/SAIDA,P.EQ.LINHA,Sistema Elétrico,,"FALHA NA SAÍDA DE PALETES COMPELTOS DO EQUIPAMENTO, SENDO NECESSÁRIO REALIZAR MANUALMENTE.",15.00,OPERACAO,"Ajuste, processo, fluxo, posicionamento, automação/controle ou condição operacional sem evidência de dano físico do ativo.",OPERACAO,REAL_V2,falha na saida de paletes compeltos do equipamento sendo necessario realizar manualmente,OPERACAO,0.6811019191193811,0.3188980808806189,0.6811019191193811,True
45785,BAAG,Itabirito,2026-02-13,LINHA006,ENVOLVEDORA ROB L06,P.EQ.LINHA,Sistema Elétrico,,AJUSTE DO SENSOR DO BALANCINHO,9.66,OPERACAO,"Ajuste, processo, fluxo, posicionamento, automação/controle ou condição operacional sem evidência de dano físico do ativo.",OPERACAO,REAL_V2,ajuste do sensor do balancinho,OPERACAO,0.9372736081063558,0.06272639189364415,0.9372736081063558,True
47854,BAAG,Itabirito,2026-03-10,LINHA007,ROTULADORA LABELLERS L07,P.EQ.LINHA,,,ROTULO EMBOLANDO NO CILINDRO DE COLA,10.00,OPERACAO,"Ajuste, processo, fluxo, posicionamento, automação/controle ou condição operacional sem evidência de dano físico do ativo.",OPERACAO,REAL_V2,rotulo embolando no cilindro de cola,OPERACAO,0.7787974886417226,0.2212025113582774,0.7787974886417226,True
47987,BAAG,Itabirito,2026-03-11,LINHA008,ENVOLVEDORA 1 ROB L08,P.EQ.LINHA,Sistema Motriz,Correa dentada danificada,ROMPIMENTO DA CORREIA DA UNIDADE DE PRÉ ESTIRAMENTO DA ENVOLVEDORA 01. FOI REALIZADA A TROCA DA CORREIA.,6.00,MANUTENCAO,"Dano, quebra, desgaste, queima, vazamento, troca ou reparo físico descrito no apontamento.",MANUTENCAO,REAL_V2,rompimento da correia da unidade de pre estiramento da envolvedora 01 foi realizada a troca da correia,MANUTENCAO,0.8054169237913499,0.8054169237913499,0.19458307620865012,True
48288,BAAG,Itabirito,2026-03-15,LINHA006,TRANSP GRF WARMER ROTULAD KHS,P.EQ.LINHA,Estrutura,Transportador desnivelado,EXCESSO QUEDA DE GARRAFAS WARMER ROTULADORA,6.99,OPERACAO,"Ajuste, processo, fluxo, posicionamento, automação/controle ou condição operacional sem evidência de dano físico do ativo.",OPERACAO,REAL_V2,excesso queda de garrafas warmer rotuladora,OPERACAO,0.9781444138796358,0.0218555861203642,0.9781444138796358,True
4878,BAAK,Marília,2026-01-08,LINHA001,ENCHEDORA VVF 63/12 H K LI01,P.EQ.LINHA,Sistema de instrumentos e cont,,VELOCIDADE ABAIXO DA NOMINAL DEVIDO CRASH NA ENCHEDORA,30.00,OPERACAO,"Ajuste, processo, fluxo, posicionamento, automação/controle ou condição operacional sem evidência de dano físico do ativo.",OPERACAO,REAL_V2,velocidade abaixo da nominal devido crash na enchedora,OPERACAO,0.9916388903082208,0.008361109691779167,0.9916388903082208,True
4889,BAAK,Marília,2026-01-08,LINHA006,PALETIZADORA OCME L06,P.EQ.LINHA,Sistema elétrico,,FALHA NA FORMAÇÃO DER CAMADA ORDEM30008235832,14.30,OPERACAO,"Ajuste, processo, fluxo, posicionamento, automação/controle ou condição operacional sem evidência de dano físico do ativo.",OPERACAO,REAL_V2,falha na formacao der camada ordem30008235832,OPERACAO,0.6793839592525144,0.3206160407474856,0.6793839592525144,True
4897,BAAK,Marília,2026-01-09,LINHA002,ENCHEDORA KHS LI02,P.EQ.LINHA,Sistema de instrumentos e cont,,GFS COM  FINISH DANIFICADO ( PEGADOR),50.00,OPERACAO,"O item danificado é a garrafa/produto, não o equipamento.",OPERACAO,REAL_V2,gfs com finish danificado pegador,MANUTENCAO,0.9090185892025636,0.9090185892025636,0.09098141079743634,False
49483,BAAG,Itabirito,2026-04-02,LINHA005,AQUECEDOR WARMER KHS L05,P.EQ.LINHA,Sistema Motriz,Eixo danificado,QUEDA DE GARRAFAS NA SAIDA DO WARMER DEVIDO EIXO COM DESGASTE,6.67,MANUTENCAO,"Dano, quebra, desgaste, queima, vazamento, troca ou reparo físico descrito no apontamento.",MANUTENCAO,REAL_V2,queda de garrafas na saida do warmer devido eixo com desgaste,MANUTENCAO,0.6014317575752266,0.6014317575752266,0.39856824242477346,True
50066,BAAG,Itabirito,2026-04-14,LINHA004,(TR) CODIFICADORA MARKEM IMAJE,P.EQ.LINHA,,,FALHA DE DESVIO DE GOTAS,4.61,OPERACAO,"Ajuste, processo, fluxo, posicionamento, automação/controle ou condição operacional sem evidência de dano físico do ativo.",OPERACAO,REAL_V2,falha de desvio de gotas,MANUTENCAO,0.685827407116758,0.685827407116758,0.314172592883242,False
50099,BAAG,Itabirito,2026-04-15,LINHA001,INSPETOR ROTULOS HEUFT L01,P.EQ.LINHA,,,"ELE - PARAMETROS, 2 PARADAS DE  EXCESSO DE EXPULSÃO DE GARRAFAS BOAS",8.00,OPERACAO,Parâmetros causando expulsão de garrafas boas; condição de controle/processo.,OPERACAO,REAL_V2,ele parametros 2 paradas de excesso de expulsao de garrafas boas,OPERACAO,0.9616689351480364,0.03833106485196358,0.9616689351480364,True
51592,BAAG,Itabirito,2026-05-02,LINHA002,ENCHEDORA KHS L02,P.EQ.LINHA,Válvulas de enchimento,,VÁLVULAS DE ENCHIMENTO( NIVEL BAIXO),6.64,OPERACAO,"Ajuste, processo, fluxo, posicionamento, automação/controle ou condição operacional sem evidência de dano físico do ativo.",OPERACAO,REAL_V2,valvulas de enchimento nivel baixo,MANUTENCAO,0.5505095750293912,0.5505095750293912,0.44949042497060876,False
53231,BAAG,Itabirito,2026-05-23,LINHA007,TRANSP PALLET KHS L07,P.EQ.LINHA,SISTEMA ESTRUTURA INNOLINE PTR,,4X FALHA NA TRANSFERÊNCIA DE PALETES NA SAÍDA DA ENVOLVEDORA.,16.00,OPERACAO,"Ajuste, processo, fluxo, posicionamento, automação/controle ou condição operacional sem evidência de dano físico do ativo.",OPERACAO,REAL_V2,4x falha na transferencia de paletes na saida da envolvedora,OPERACAO,0.786635312759654,0.21336468724034596,0.786635312759654,True
53357,BAAG,Itabirito,2026-05-25,LINHA006,TRANSP TAMPAS GNR L06,P.EQ.LINHA,Transporte de tampas,Encanamento entupido,TRANSPORTE AEREO DE TAMPA TRAVADO,21.05,OPERACAO,"Ajuste, processo, fluxo, posicionamento, automação/controle ou condição operacional sem evidência de dano físico do ativo.",OPERACAO,REAL_V2,transporte aereo de tampa travado,OPERACAO,0.8877417444125913,0.11225825558740865,0.8877417444125913,True
5422,BAAK,Marília,2026-03-16,LINHA005,PALETIZADORA ROBOKOMBI SID LI0,P.EQ.LINHA,Sistema Pneumático,,ENROSCANDO CAIXAS NA ENTRADA REPARO NO PISTÃO CENTRAL DO DEVAISER,18.00,MANUTENCAO,"Dano, quebra, desgaste, queima, vazamento, troca ou reparo físico descrito no apontamento.",MANUTENCAO,REAL_V2,enroscando caixas na entrada reparo no pistao central do devaiser,OPERACAO,0.8317541400392051,0.16824585996079489,0.8317541400392051,False
54700,BAAG,Itabirito,2026-06-10,LINHA004,TRP MESA TALISCA/ENTRADA PALET,P.EQ.LINHA,,,CURVA PREPIDANDO E OCASIONADO CRASH,2.00,OPERACAO,"Ajuste, processo, fluxo, posicionamento, automação/controle ou condição operacional sem evidência de dano físico do ativo.",OPERACAO,REAL_V2,curva prepidando e ocasionado crash,OPERACAO,0.7457680324582397,0.25423196754176025,0.7457680324582397,True
56164,BAAG,Itabirito,2026-06-24,LINHA003,EMPACOTADORA VEGA HT100 OCME,P.EQ.LINHA,Sistema de instrumentos e cont,,"FALHA EM ANÁLISE, TOMBAMENTO DE GARRAFAS NA ZONA DE TRANSFERENCIA, CAUSANDO MÁ FORMAÇÃO DE PACOTES.",18.77,OPERACAO,"Ajuste, processo, fluxo, posicionamento, automação/controle ou condição operacional sem evidência de dano físico do ativo.",OPERACAO,REAL_V2,falha em analise tombamento de garrafas na zona de transferencia causando ma formacao de pacotes,OPERACAO,0.9504709895151501,0.04952901048484992,0.9504709895151501,True
56291,BAAG,Itabirito,2026-06-26,LINHA001,AQUECEDOR GFS GEB L01,P.EQ.LINHA,Transporte,,EXCESSO DE GARRAFAS SAINDO DO WARMER OCASIONANDO CRASH,6.00,OPERACAO,"Ajuste, processo, fluxo, posicionamento, automação/controle ou condição operacional sem evidência de dano físico do ativo.",OPERACAO,REAL_V2,excesso de garrafas saindo do warmer ocasionando crash,OPERACAO,0.9268762343234717,0.07312376567652834,0.9268762343234717,True
58310,BAAG,Itabirito,2026-07-21,LINHA001,INSPETOR CXS CANAL 1 HEU L01,P.EQ.LINHA,Estrutura,,"TRAVAMENTO DE CAIXA NO CANAL 1 ,OCASIONANDO ATRASO NA DESENCA",2.00,OPERACAO,"Ajuste, processo, fluxo, posicionamento, automação/controle ou condição operacional sem evidência de dano físico do ativo.",OPERACAO,REAL_V2,travamento de caixa no canal 1 ocasionando atraso na desenca,OPERACAO,0.7891890611872175,0.21081093881278246,0.7891890611872175,True
58620,BAAG,Itabirito,2026-07-24,LINHA005,AQUECEDOR WARMER KHS L05,P.EQ.LINHA,Estrutura,Qualidade de peças,QUEDA DE GARRAFAS TRAVOU SENSOR ACUMULO GERANDO PARADA ENCHEDORA FALSO ACUMULO,9.00,OPERACAO,"Ajuste, processo, fluxo, posicionamento, automação/controle ou condição operacional sem evidência de dano físico do ativo.",OPERACAO,REAL_V2,queda de garrafas travou sensor acumulo gerando parada enchedora falso acumulo,OPERACAO,0.967033590504879,0.032966409495120974,0.967033590504879,True
5880,BAAK,Marília,2026-06-03,LINHA002,EMPACOTADORA 198/40 KIS LI02,P.EQ.LINHA,Sistema de Instrumentos e cont,,QUEDA DE GFS NA MESA DE ENVOLVIMENTO / ABRINDO PACOTES,34.00,OPERACAO,"Ajuste, processo, fluxo, posicionamento, automação/controle ou condição operacional sem evidência de dano físico do ativo.",OPERACAO,REAL_V2,queda de gfs na mesa de envolvimento abrindo pacotes,OPERACAO,0.9885407072844243,0.011459292715575664,0.9885407072844243,True
5926,BAAK,Marília,2026-06-15,LINHA003,PALETIZADORA ROBOT KRO LI03,P.EQ.LINHA,Sistema de instrumentos e cont,,INVERSOR PALETIZADORA QUEIMADO,45.00,MANUTENCAO,"Dano, quebra, desgaste, queima, vazamento, troca ou reparo físico descrito no apontamento.",MANUTENCAO,REAL_V2,inversor paletizadora queimado,MANUTENCAO,0.9708536541328004,0.9708536541328004,0.0291463458671996,True
6006,BAAK,Marília,2026-06-30,LINHA004,RINSER LATAS MAG LI04,P.EQ.LINHA,Sistema de Instrumentos e cont,,ENROSCO DE LATAS NO TRANSPORTE PERTO DO MOTOR Nº211,9.00,OPERACAO,"Ajuste, processo, fluxo, posicionamento, automação/controle ou condição operacional sem evidência de dano físico do ativo.",OPERACAO,REAL_V2,enrosco de latas no transporte perto do motor no211,OPERACAO,0.8623542274473792,0.13764577255262078,0.8623542274473792,True
60086,BAAG,Itabirito,2026-08-07,LINHA004,EMPACOTADORA OCME L04,P.EQ.LINHA,Envolvimento,Filme preso,"FALHA DE PRODUTO PRESO, LATAS PASSANDO A MAIS GERANDO FALHAS DE ENVOLVIMENTO",5.59,OPERACAO,"Ajuste, processo, fluxo, posicionamento, automação/controle ou condição operacional sem evidência de dano físico do ativo.",OPERACAO,REAL_V2,falha de produto preso latas passando a mais gerando falhas de envolvimento,OPERACAO,0.9746503519172388,0.02534964808276119,0.9746503519172388,True
60437,BAAG,Itabirito,2026-08-10,LINHA001,TRANSP GFS ENCH INSP PRES GEB,P.EQ.LINHA,Sistema motriz,Cadeia de transmissão danifica,MEC - CORRENTE DE TRANSMISSÃO DANIFICADA.,10.00,MANUTENCAO,"Dano, quebra, desgaste, queima, vazamento, troca ou reparo físico descrito no apontamento.",MANUTENCAO,REAL_V2,mec corrente de transmissao danificada,MANUTENCAO,0.9784078611108622,0.9784078611108622,0.0215921388891378,True
61482,BAAG,Itabirito,2026-08-20,LINHA004,TRP SAÍDA PONTE VÁCUO 2.1/ENTR,P.EQ.LINHA,,,MODULAÇÃO DO TRANSPORTE . LATAS TOMBADAS OCASIONANDO ENROSCO NO TWISTER .,4.57,OPERACAO,"Ajuste, processo, fluxo, posicionamento, automação/controle ou condição operacional sem evidência de dano físico do ativo.",OPERACAO,REAL_V2,modulacao do transporte latas tombadas ocasionando enrosco no twister,OPERACAO,0.9441277806692002,0.05587221933079978,0.9441277806692002,True
6162,BAAK,Marília,2026-07-22,LINHA004,RECRAVADORA 708 G FRR LI04,P.EQ.LINHA,Estrutura,Falta de Peças,"VELOCIDADE REDUZIDA, COLAPSO DE LATAS",4.00,OPERACAO,"Ajuste, processo, fluxo, posicionamento, automação/controle ou condição operacional sem evidência de dano físico do ativo.",OPERACAO,REAL_V2,velocidade reduzida colapso de latas,OPERACAO,0.9354389187459785,0.06456108125402149,0.9354389187459785,True
6180,BAAK,Marília,2026-07-24,LINHA004,PROPORCIONADOR STARBLEND SID L,P.EQ.LINHA,Circuito de xarope,Válvula mod xarope falha,FALHA NO FLUXIMETRO DE XAROPE,5.00,MANUTENCAO,Falha técnica de componente/equipamento específico descrita no apontamento.,MANUTENCAO,REAL_V2,falha no fluximetro de xarope,MANUTENCAO,0.7321635980806593,0.7321635980806593,0.26783640191934066,True
61830,BAAG,Itabirito,2026-08-22,LINHA004,TRP SAÍDA PONTE VÁCUO 2.1/ENTR,P.EQ.LINHA,,,LATAS TRAVANDO NA DESCIDA DO RINSER DEVIDO A MODULAÇÃO DO TRANSPORTE ESTAR DESAJUSTADA. TECNICO KRONES AVALIANDO,7.00,OPERACAO,"Ajuste, processo, fluxo, posicionamento, automação/controle ou condição operacional sem evidência de dano físico do ativo.",OPERACAO,REAL_V2,latas travando na descida do rinser devido a modulacao do transporte estar desajustada tecnico krones avaliando,OPERACAO,0.9573799773376601,0.042620022662339885,0.9573799773376601,True
62334,BAAG,Itabirito,2026-08-27,LINHA006,TRANSP PALLET KHS L06,P.EQ.LINHA,Instalação elétrica,Painel de controle falha,FALHA CONVERSOR DE FREQUÊNCIA DO TQ14 PRO TQ15  TRANSPORTE DE PALETES MÁQUINA,10.00,MANUTENCAO,Falha técnica de componente/equipamento específico descrita no apontamento.,MANUTENCAO,REAL_V2,falha conversor de frequencia do tq14 pro tq15 transporte de paletes maquina,MANUTENCAO,0.6290391318256116,0.6290391318256116,0.37096086817438845,True
6274,BAAK,Marília,2026-08-10,LINHA005,TRANSP CXS GRFS CH PAL,P.EQ.LINHA,Sistema Elétrico,,FALAH NO INVERSOR DO MOTOR 329,8.83,MANUTENCAO,Falha técnica de componente/equipamento específico descrita no apontamento.,MANUTENCAO,REAL_V2,falah no inversor do motor 329,MANUTENCAO,0.9609599771938002,0.9609599771938002,0.03904002280619984,True
63491,BAAI,Curitiba,2026-01-22,LINHA002,PALETIZADOR SIRIO SMN LI02,P.EQ.LINHA,Sistema elétrico,,"CABEÇOTE PALETIZADOR EM FALHA, BAIXOU SOBRE A BARRA DE SEGURANÇA",9.07,MANUTENCAO,Falha técnica de componente/equipamento específico descrita no apontamento.,MANUTENCAO,REAL_V2,cabecote paletizador em falha baixou sobre a barra de seguranca,MANUTENCAO,0.9277242621021954,0.9277242621021954,0.07227573789780463,True
6386,BAAK,Marília,2026-09-05,LINHA005,DESCAPSULADOR 16 HEADS ACY LI0,P.EQ.LINHA,Sistema de instrumentos e cont,,EXCESSO DE FALSO REJEITO SAIDA GERANDO CRASH  30008862493,4.00,OPERACAO,"Ajuste, processo, fluxo, posicionamento, automação/controle ou condição operacional sem evidência de dano físico do ativo.",OPERACAO,REAL_V2,excesso de falso rejeito saida gerando crash 30008862493,OPERACAO,0.9920710923159687,0.007928907684031317,0.9920710923159687,True
64112,BAAI,Curitiba,2026-03-24,LINHA003,TRANSPORTE GARRAFAS ENCH EMPA,P.EQ.LINHA,SISTEMA TRANSMISSAO SID,,SISTEMA TRAVANDO E DESARMANDO.  13213127,40.00,OPERACAO,"Ajuste, processo, fluxo, posicionamento, automação/controle ou condição operacional sem evidência de dano físico do ativo.",OPERACAO,REAL_V2,sistema travando e desarmando 13213127,MANUTENCAO,0.6775578932489003,0.6775578932489003,0.32244210675109974,False
64211,BAAI,Curitiba,2026-03-31,LINHA001,INSPETOR NIVEL FT 50 FIL LI01,P.EQ.LINHA,Sistema de Inspeção,,AJUSTE DE NIVEL DA FIOTECH,10.00,OPERACAO,"Ajuste, processo, fluxo, posicionamento, automação/controle ou condição operacional sem evidência de dano físico do ativo.",OPERACAO,REAL_V2,ajuste de nivel da fiotech,OPERACAO,0.994867267884469,0.005132732115531002,0.994867267884469,True
65241,BAAI,Curitiba,2026-06-30,LINHA003,EMPACOTADORA SP A M KIS,P.EQ.LINHA,Sistema Elétrico,,13311659 - SISTEMA DE ALIMENTAÇÃO DO FILME PERTUBADO (FALHA DE PPC),24.00,OPERACAO,Falha de PPC/alimentação de filme tratada como automação/processo sem dano físico descrito.,OPERACAO,REAL_V2,13311659 sistema de alimentacao do filme pertubado falha de ppc,OPERACAO,0.9237069123740235,0.07629308762597653,0.9237069123740235,True
65614,BAAI,Curitiba,2026-07-30,LINHA001,INSPETOR NIVEL FT 50 FIL LI01,P.EQ.LINHA,Sistema Elétrico,,"AJUSTE, NOTA: 13342043",8.16,OPERACAO,"Ajuste, processo, fluxo, posicionamento, automação/controle ou condição operacional sem evidência de dano físico do ativo.",OPERACAO,REAL_V2,ajuste nota 13342043,OPERACAO,0.8876384874672646,0.11236151253273541,0.8876384874672646,True
65944,BAAI,Curitiba,2026-08-27,LINHA003,INSPETOR NIVEL BASIC HEU,P.EQ.LINHA,SISTEMA CONTROLE BASIC HEU,,AGUARDANDO MANUTENÇÃO ELETRICA PARA AJUSTE DE INSPEÇÃO   13369060,28.55,OPERACAO,"Apontamento fala em ajuste de inspeção, não em componente danificado.",OPERACAO,REAL_V2,aguardando manutencao eletrica para ajuste de inspecao 13369060,MANUTENCAO,0.6797113176381065,0.6797113176381065,0.32028868236189345,False
65999,BAAI,Curitiba,2026-09-01,LINHA002,ENCAIXOTADORA LS POLAR SMN LI0,P.EQ.LINHA,Estrutura,,13372053 AJUSTE MESA ENCAIXOTADORA,25.28,OPERACAO,"Ajuste, processo, fluxo, posicionamento, automação/controle ou condição operacional sem evidência de dano físico do ativo.",OPERACAO,REAL_V2,13372053 ajuste mesa encaixotadora,OPERACAO,0.9655958884502127,0.034404111549787286,0.9655958884502127,True
66495,BAAJ,Maringá,2026-01-10,LINHA004,TRANSP PALETES VAZIOS SID LI04,P.EQ.LINHA,Estrutura,Qualidade de peças,DEVIDO A VIBRAÇÃO DO TRANSPORTE SENSOR SAIU FORA DA POSIÇÃO.,8.02,OPERACAO,"Ajuste, processo, fluxo, posicionamento, automação/controle ou condição operacional sem evidência de dano físico do ativo.",OPERACAO,REAL_V2,devido a vibracao do transporte sensor saiu fora da posicao,OPERACAO,0.7690201977589058,0.23097980224109416,0.7690201977589058,True
66567,BAAJ,Maringá,2026-01-11,LINHA004,EMPACOTADORA VEGA OCM,P.EQ.LINHA,SISTEMA DE SEPARAÇÃO,,BOTÃO DE RESET DE GARRAFAS CAIDAS NA ENTRADA DA EMPACOTADORA COM FALHA.,8.00,MANUTENCAO,Falha técnica de componente/equipamento específico descrita no apontamento.,MANUTENCAO,REAL_V2,botao de reset de garrafas caidas na entrada da empacotadora com falha,OPERACAO,0.8965631828863995,0.10343681711360053,0.8965631828863995,False
67636,BAAJ,Maringá,2026-01-31,LINHA006,TRANSP GARRAFA ENCH EMPC SID,P.EQ.LINHA,INSTALAÇÃO ELÉTRICA SID 2010,,DESARME NO PAINEL ELETRICO DO TRANSPORTE DE GARRAFAS.,14.64,OPERACAO,"Ajuste, processo, fluxo, posicionamento, automação/controle ou condição operacional sem evidência de dano físico do ativo.",OPERACAO,REAL_V2,desarme no painel eletrico do transporte de garrafas,OPERACAO,0.897578348319599,0.10242165168040096,0.897578348319599,True
67862,BAAJ,Maringá,2026-02-04,LINHA004,TRANSPORTE TAMPAS MASSICO LI04,P.EQ.LINHA,Estrutura,,"SENSOR DE TAMPA FORA DA POSIÇÃO,",6.00,OPERACAO,"Ajuste, processo, fluxo, posicionamento, automação/controle ou condição operacional sem evidência de dano físico do ativo.",OPERACAO,REAL_V2,sensor de tampa fora da posicao,OPERACAO,0.9599211961429647,0.04007880385703533,0.9599211961429647,True
69055,BAAJ,Maringá,2026-02-22,LINHA004,TRANSP GFS ROTULA EMPAC SID LI,P.EQ.LINHA,Sistema de instrumentos e cont,,TRAVAMENTO DO TRANSPORTE SAÍDA ROTULADORA,9.09,OPERACAO,"Ajuste, processo, fluxo, posicionamento, automação/controle ou condição operacional sem evidência de dano físico do ativo.",OPERACAO,REAL_V2,travamento do transporte saida rotuladora,OPERACAO,0.9803886406996516,0.019611359300348408,0.9803886406996516,True
69297,BAAJ,Maringá,2026-02-26,LINHA007,INSPETOR CAIXAS CHEIAS HEUFT S,P.EQ.LINHA,Sistema de instrumentos e cont,,ERRO NA LEITURA DAS GARRAFAS,8.00,OPERACAO,Erro de leitura; inspeção/controle sem dano físico descrito.,OPERACAO,REAL_V2,erro na leitura das garrafas,OPERACAO,0.9168808100564003,0.08311918994359968,0.9168808100564003,True
6934,BAAD,Jundiaí,2026-01-10,LINHA013,PALETIZADOR KHS L13,P.EQ.LINHA,Sistema elétrico,,FALHA 2LK SEGUIDO DE OUTRAS FALHAS SUBSEQUENTES,37.09,OPERACAO,"Código de falha seguido de outras falhas, sem dano físico de componente descrito.",OPERACAO,REAL_V2,falha 2lk seguido de outras falhas subsequentes,OPERACAO,0.6306760174114259,0.36932398258857413,0.6306760174114259,True
70426,BAAJ,Maringá,2026-03-17,LINHA007,ENCAIXOTADORA KHS LI07,P.EQ.LINHA,Sistema de instrumentos e cont,,ENCAIXOTADORA TULIPAS COM DEFEITOS,10.61,MANUTENCAO,"Dano, quebra, desgaste, queima, vazamento, troca ou reparo físico descrito no apontamento.",MANUTENCAO,REAL_V2,encaixotadora tulipas com defeitos,MANUTENCAO,0.7037125321271622,0.7037125321271622,0.29628746787283783,True
70935,BAAJ,Maringá,2026-03-31,LINHA005,APLICADOR CANUDOS TTP LI05,P.EQ.LINHA,SISTEMA ESTRUTURA TCA/TWA TET,,"FALHA NA APLICAÇÃO DOS CANUDOS FORA DE POSIÇÃO, (AJUSTE NA MESA).",40.38,OPERACAO,"Ajuste, processo, fluxo, posicionamento, automação/controle ou condição operacional sem evidência de dano físico do ativo.",OPERACAO,REAL_V2,falha na aplicacao dos canudos fora de posicao ajuste na mesa,OPERACAO,0.9923093385453043,0.0076906614546956575,0.9923093385453043,True
72939,BAAJ,Maringá,2026-05-11,LINHA007,INSPETOR GARRAFAS VAZIA HEUFT,P.EQ.LINHA,Sistema de instrumentos e cont,,"INSP, DE GRFS ASEBI EM FALHA E DESARMANDO ATODO MOMENTO",35.29,MANUTENCAO,Falha técnica de componente/equipamento específico descrita no apontamento.,MANUTENCAO,REAL_V2,insp de grfs asebi em falha e desarmando atodo momento,OPERACAO,0.7132924098694701,0.28670759013052993,0.7132924098694701,False
73953,BAAJ,Maringá,2026-05-31,LINHA005,ACUMULADOR HELIX HARTNESS LI05,P.EQ.LINHA,SISTEMA ESTRUTURA ACHX30-0800-,,"HELIX NO MODO BYPASS , POR CAUSA DA FALHA DE ALERTA DE TESÃO DA CORREIA DE ALIMENTAÇÃO.",2.00,OPERACAO,Falha de alerta/controle de tensão; sem dano físico descrito.,OPERACAO,REAL_V2,helix no modo bypass por causa da falha de alerta de tesao da correia de alimentacao,OPERACAO,0.7077543620822947,0.2922456379177053,0.7077543620822947,True
74035,BAAJ,Maringá,2026-06-02,LINHA004,ENVOLVEDORA SID LI04,P.EQ.LINHA,SISTEMA DE CORTE DO FILME,,TRAVA DO PORTA BOBINA NÃO ATUANDO,2.91,MANUTENCAO,Falha técnica de componente/equipamento específico descrita no apontamento.,MANUTENCAO,REAL_V2,trava do porta bobina nao atuando,MANUTENCAO,0.781396335186621,0.781396335186621,0.21860366481337898,True
74854,BAAJ,Maringá,2026-06-22,LINHA007,LACRADOR KHS LI07,P.EQ.LINHA,Estrutura,,ENROSCO DE TAMPAS NA CANALETA (TAMPA NÃO DANIFICADA ENROSCADA),9.40,OPERACAO,Enrosco de tampas; o próprio texto informa que a tampa não estava danificada.,OPERACAO,REAL_V2,enrosco de tampas na canaleta tampa nao danificada enroscada,OPERACAO,0.8975690875583271,0.1024309124416729,0.8975690875583271,True
74856,BAAJ,Maringá,2026-06-22,LINHA007,INSPETOR GARRAFAS VAZIA HEUFT,P.EQ.LINHA,Estrutura,,QUEDA DE GARRAFAS NOS DEDOS REJEITORES DO ASEBI,9.00,OPERACAO,"Ajuste, processo, fluxo, posicionamento, automação/controle ou condição operacional sem evidência de dano físico do ativo.",OPERACAO,REAL_V2,queda de garrafas nos dedos rejeitores do asebi,OPERACAO,0.8868435374826996,0.11315646251730038,0.8868435374826996,True
74971,BAAJ,Maringá,2026-06-25,LINHA002,PROPORCIONADOR ZIE LI02,P.EQ.LINHA,Sistema de Bombeamento,,CORREÇÃO DE VAZAMENTO DE XAROPE NA LINHA DE XAROPE,41.88,MANUTENCAO,"Dano, quebra, desgaste, queima, vazamento, troca ou reparo físico descrito no apontamento.",MANUTENCAO,REAL_V2,correcao de vazamento de xarope na linha de xarope,MANUTENCAO,0.6389859914301586,0.6389859914301586,0.3610140085698415,True
7672,BAAD,Jundiaí,2026-01-21,LINHA014,INSPETOR SQUEEZER TAP L14,P.EQ.LINHA,Sistema de Inspeção,,"TENSIONADOR DA CORREIA DE INSPEÇÃO DO SQUEEZER FORA DE POSIÇÃO, COMO TAMBEM A CORREIA ESTAVA DANIFICADA, PARADA PARA AJUSTES",12.11,MANUTENCAO,"Dano, quebra, desgaste, queima, vazamento, troca ou reparo físico descrito no apontamento.",MANUTENCAO,REAL_V2,tensionador da correia de inspecao do squeezer fora de posicao como tambem a correia estava danificada parada para ajustes,OPERACAO,0.6175445674316231,0.3824554325683769,0.6175445674316231,False
77242,BAAJ,Maringá,2026-08-17,LINHA007,ENCAIXOTADORA KHS LI07,P.EQ.LINHA,Transportador de embalagens gr,,FALHA NO TRANSPORTE SAIDA ENCAIXOTADORA TRECHO 57,15.00,OPERACAO,"Ajuste, processo, fluxo, posicionamento, automação/controle ou condição operacional sem evidência de dano físico do ativo.",OPERACAO,REAL_V2,falha no transporte saida encaixotadora trecho 57,MANUTENCAO,0.6935767685307644,0.6935767685307644,0.30642323146923556,False
77977,BAAJ,Maringá,2026-09-05,LINHA007,DESENCAIXOTADORA KHS L07,P.EQ.LINHA,Sistema elétrico,,FALHA NO IHM FOI FEITO RESET DO MESMO,12.00,OPERACAO,"Falha de IHM resolvida por reset; automação/controle, sem dano físico descrito.",OPERACAO,REAL_V2,falha no ihm foi feito reset do mesmo,OPERACAO,0.6234448657605437,0.3765551342394563,0.6234448657605437,True
78068,BAAJ,Maringá,2026-09-07,LINHA005,UNIDADE DOBRADORA FINAL - FFU,P.EQ.LINHA,SISTEMA DOBRADORA FINAL,,"AQUECEDOR DE ABA, CANTO INFERIOR ESQUERDO. TEMPERATURA ERRADA.",4.38,OPERACAO,"Ajuste, processo, fluxo, posicionamento, automação/controle ou condição operacional sem evidência de dano físico do ativo.",OPERACAO,REAL_V2,aquecedor de aba canto inferior esquerdo temperatura errada,OPERACAO,0.8570964795936873,0.1429035204063127,0.8570964795936873,True
78457,B0AC,Bauru,2026-01-28,LINHA003,ENCHEDORA ZGL LI03,P.EQ.LINHA,Sistema elétrico,,"FALHA DE ENCHIMENTO, FALHA NA VALVULA MODULADORA  AGUARDANDO NOTA",10.00,MANUTENCAO,Falha técnica de componente/equipamento específico descrita no apontamento.,MANUTENCAO,REAL_V2,falha de enchimento falha na valvula moduladora aguardando nota,MANUTENCAO,0.9205691910708957,0.9205691910708957,0.07943080892910429,True
78470,B0AC,Bauru,2026-01-29,LINHA005,EMPACOTADORA PAK LI05,P.EQ.LINHA,Sistema Elétrico,,CURTO CIRCUITO NO PAINEL 30008305673,60.00,MANUTENCAO,"Dano, quebra, desgaste, queima, vazamento, troca ou reparo físico descrito no apontamento.",MANUTENCAO,REAL_V2,curto circuito no painel 30008305673,MANUTENCAO,0.74766645024962,0.74766645024962,0.2523335497503801,True
78886,B0AC,Bauru,2026-03-05,LINHA007,ENCHEDORA SIDEL SF110X301131 L,P.EQ.LINHA,Válvulas,,FALHA TRANSFERENCIA 30008421615,0.58,OPERACAO,"Ajuste, processo, fluxo, posicionamento, automação/controle ou condição operacional sem evidência de dano físico do ativo.",OPERACAO,REAL_V2,falha transferencia 30008421615,MANUTENCAO,0.6646122470025397,0.6646122470025397,0.3353877529974602,False
78888,B0AC,Bauru,2026-03-06,LINHA005,SOPRADORA SBO14 SP02 SID,P.EQ.LINHA,Sistema de Instrumentos e cont,,PERDEU A REFERÊNCIA DE POSICIONAMENTO (PONTO ZERO) DEVIDO À PARADA ABRUPTA. ORDEM -30008425464,60.00,OPERACAO,Perda de referência após parada abrupta; referenciamento/controle.,OPERACAO,REAL_V2,perdeu a referencia de posicionamento ponto zero devido a parada abrupta ordem 30008425464,OPERACAO,0.9481188257701507,0.05188117422984928,0.9481188257701507,True
79009,B0AC,Bauru,2026-03-21,LINHA007,SOPRADORA SBMXMM110829 SIDEL L,P.EQ.LINHA,Sistema Elétrico,,FALHA NO COMPRESSOR DE ALTA,0.58,MANUTENCAO,Falha técnica de componente/equipamento específico descrita no apontamento.,MANUTENCAO,REAL_V2,falha no compressor de alta,MANUTENCAO,0.5971595724840437,0.5971595724840437,0.40284042751595633,True
79922,B0AC,Bauru,2026-05-21,LINHA006,EMPACOTADORA EVOFILM 4M F4 SID,P.EQ.LINHA,SISTEMA LANCAMENTO FILME EVOFI,,TROCA BOBINA MANUAL. ORDEM 30008665427,7.19,OPERACAO,"Ajuste, processo, fluxo, posicionamento, automação/controle ou condição operacional sem evidência de dano físico do ativo.",OPERACAO,REAL_V2,troca bobina manual ordem 30008665427,MANUTENCAO,0.7673943276689517,0.7673943276689517,0.2326056723310484,False
81902,BAAL,Antonio Carlos,2026-01-31,LINHA007,ENVOLVEDORA KRONES L07,P.EQ.LINHA,,,"FALHA NO ENVOLVIMENTO, SOLDA IRREGULAR.",6.18,OPERACAO,"Ajuste, processo, fluxo, posicionamento, automação/controle ou condição operacional sem evidência de dano físico do ativo.",OPERACAO,REAL_V2,falha no envolvimento solda irregular,OPERACAO,0.8774450037805729,0.12255499621942711,0.8774450037805729,True
82058,BAAL,Antonio Carlos,2026-02-07,LINHA003,EMBALADORA PAKMATIC ZWA 45/F E,P.EQ.LINHA,Estrutura,Qualidade de peças,"ENROLEOU O FILME NA MESA DE SUBIDA , FALTA ULTIMA FITA, NOTA13166250",60.00,OPERACAO,"Ajuste, processo, fluxo, posicionamento, automação/controle ou condição operacional sem evidência de dano físico do ativo.",OPERACAO,REAL_V2,enroleou o filme na mesa de subida falta ultima fita nota13166250,OPERACAO,0.8676586781779905,0.13234132182200953,0.8676586781779905,True
82173,BAAL,Antonio Carlos,2026-02-11,LINHA007,PALETIZADORA KRONES KR68481 L0,P.EQ.LINHA,,,"VELOCIDADE DO SISTEMA DE CHAPATEX BAIXA, GERANDO PARADA NO TRANSPORTE DE PACOTES (NOTA:13170371).",9.87,OPERACAO,"Ajuste, processo, fluxo, posicionamento, automação/controle ou condição operacional sem evidência de dano físico do ativo.",OPERACAO,REAL_V2,velocidade do sistema de chapatex baixa gerando parada no transporte de pacotes nota 13170371,OPERACAO,0.8847099550902812,0.11529004490971884,0.8847099550902812,True
82614,BAAL,Antonio Carlos,2026-03-02,LINHA004,EMBALADORA ZVT PSP 042/35 DZ E,P.EQ.LINHA,Estrutura,Qualidade de peças,NOTATA 13188205. ENVOLVEDORA COM FALHA NO ENVOLVIMENTO,8.68,OPERACAO,"Ajuste, processo, fluxo, posicionamento, automação/controle ou condição operacional sem evidência de dano físico do ativo.",OPERACAO,REAL_V2,notata 13188205 envolvedora com falha no envolvimento,OPERACAO,0.513055397826283,0.48694460217371704,0.513055397826283,True
82674,BAAL,Antonio Carlos,2026-03-05,LINHA002,RINSER KHS FR EM72 RIN0012,P.EQ.LINHA,Estrutura,Qualidade de peças,ENROSCO DE GARRAFAS ENTRADA DO RINSER GUIAS DESAJUSTADAS. NOTA: 13191532.,3.00,OPERACAO,"Ajuste, processo, fluxo, posicionamento, automação/controle ou condição operacional sem evidência de dano físico do ativo.",OPERACAO,REAL_V2,enrosco de garrafas entrada do rinser guias desajustadas nota 13191532,OPERACAO,0.9621843354490975,0.03781566455090246,0.9621843354490975,True
83997,BAAL,Antonio Carlos,2026-05-21,LINHA002,ENVOLVEDORA ROBOPAC HELIX 3 LI,P.EQ.LINHA,Sistema Elétrico,,FALHA NO INVERSOR DO TRANSPORTE DE PALETE-13225363,3.00,MANUTENCAO,Falha técnica de componente/equipamento específico descrita no apontamento.,MANUTENCAO,REAL_V2,falha no inversor do transporte de palete 13225363,MANUTENCAO,0.9271799091990559,0.9271799091990559,0.07282009080094412,True
84261,BAAL,Antonio Carlos,2026-06-08,LINHA007,INSPETOR DE GARRAFAS K731ES0 K,P.EQ.LINHA,,,FALHA NO CONTROLE DE REJEIÇÃO OCASIONANDO STRIKE DE GARRAFAS NO SENSOR LINEAR E NA ESTRELA DE SAÍDA DA ENCHEDORA NOTA 13291896.,9.00,OPERACAO,"Falha de controle de rejeição; automação/controle, sem dano físico descrito.",OPERACAO,REAL_V2,falha no controle de rejeicao ocasionando strike de garrafas no sensor linear e na estrela de saida da enchedora nota 13291896,OPERACAO,0.5892698252487877,0.4107301747512123,0.5892698252487877,True
84604,BAAL,Antonio Carlos,2026-07-06,LINHA003,ENVOLVEDORA CYKLOP CYKLOSTRETC,P.EQ.LINHA,Sistema Elétrico,,FALHA NO SENSOR QUE DETECTA O PALETE NO TRANSPORTE. NOTA 13319120 .,13.00,MANUTENCAO,Falha técnica de componente/equipamento específico descrita no apontamento.,MANUTENCAO,REAL_V2,falha no sensor que detecta o palete no transporte nota 13319120,MANUTENCAO,0.8232304603981251,0.8232304603981251,0.17676953960187497,True
84607,BAAL,Antonio Carlos,2026-07-06,LINHA007,EMBALADORA KRONES KR96Y43 L07,P.EQ.LINHA,MESA DE ENVOLVIMENTO,,13319948. BARRA DE ENVOLVIMENTO DERRUBANDO GARRAFAS,12.75,OPERACAO,"Ajuste, processo, fluxo, posicionamento, automação/controle ou condição operacional sem evidência de dano físico do ativo.",OPERACAO,REAL_V2,13319948 barra de envolvimento derrubando garrafas,OPERACAO,0.9359836965922325,0.06401630340776754,0.9359836965922325,True
85135,BAAL,Antonio Carlos,2026-08-07,LINHA007,TRP PALLET CHEIO KRONES KR5717,P.EQ.LINHA,,,FALHA NO SENSOR DA BARREIRA DE ENTRADA DA ENVOLVEDORA NOTA 13348915,11.34,MANUTENCAO,Falha técnica de componente/equipamento específico descrita no apontamento.,MANUTENCAO,REAL_V2,falha no sensor da barreira de entrada da envolvedora nota 13348915,MANUTENCAO,0.8997745078061739,0.8997745078061739,0.10022549219382614,True
86003,BAAO,Porto Alegre,2026-01-17,LINHA001,INSP. DE CAIXAS COM GARRAFAS V,P.EQ.LINHA,Sistema Motriz,,FALSO REJEITO_AJUSTE ELETRICA NOS SENSORES,10.00,OPERACAO,Falso rejeito corrigido por ajuste elétrico nos sensores; ajuste/controle.,OPERACAO,REAL_V2,falso rejeito_ajuste eletrica nos sensores,OPERACAO,0.913428139239729,0.08657186076027101,0.913428139239729,True
8702,BAAD,Jundiaí,2026-02-05,LINHA005,ENCHEDORA SIM L05,P.EQ.LINHA,Conjunto de enchimento,Válvula de enchimento danifica,VALVULA DE N°62 DANIFICADA NECESSARIO A SUBSTITUIÇÃO,12.60,MANUTENCAO,"Dano, quebra, desgaste, queima, vazamento, troca ou reparo físico descrito no apontamento.",MANUTENCAO,REAL_V2,valvula de n 62 danificada necessario a substituicao,MANUTENCAO,0.9480665302024591,0.9480665302024591,0.051933469797540835,True
87642,BAAO,Porto Alegre,2026-04-15,LINHA003,ENCHEDORA KHS PET/90/14 54R,P.EQ.LINHA,Sistema elétrico,,FALHA INVERSOR JET FLOW,12.00,MANUTENCAO,Falha técnica de componente/equipamento específico descrita no apontamento.,MANUTENCAO,REAL_V2,falha inversor jet flow,MANUTENCAO,0.9528031299251637,0.9528031299251637,0.047196870074836354,True
88677,BAAO,Porto Alegre,2026-07-22,LINHA004,ENVOLVEDORA STRETCH,P.EQ.LINHA,Sistema Elétrico,,FALHA NO SENSOR DO BRACO (CORTE DO FILME),12.00,MANUTENCAO,Falha técnica de componente/equipamento específico descrita no apontamento.,MANUTENCAO,REAL_V2,falha no sensor do braco corte do filme,MANUTENCAO,0.9011614559754969,0.9011614559754969,0.09883854402450307,True
89135,BAAO,Porto Alegre,2026-08-31,LINHA006,EMBALADORA,P.EQ.LINHA,Sistema Estrutura,,TROCA DO MANÍPULO DE FIXAÇÃO DA GUIA DE ENTRADA,3.00,MANUTENCAO,"Dano, quebra, desgaste, queima, vazamento, troca ou reparo físico descrito no apontamento.",MANUTENCAO,REAL_V2,troca do manipulo de fixacao da guia de entrada,MANUTENCAO,0.6514065636360146,0.6514065636360146,0.34859343636398543,True
89165,BAAO,Porto Alegre,2026-09-02,LINHA002,ROBO DESPALETIZADOR DE LATAS,P.EQ.LINHA,,,"COLISÃO MULTIFUNCIONAL , LATAS FICARAM EM CIMA DA CAMADA",3.00,OPERACAO,"Ajuste, processo, fluxo, posicionamento, automação/controle ou condição operacional sem evidência de dano físico do ativo.",OPERACAO,REAL_V2,colisao multifuncional latas ficaram em cima da camada,OPERACAO,0.7823084214266944,0.21769157857330557,0.7823084214266944,True
89386,BAAR,Santa Maria,2026-01-02,MULTI006,ENVOLVEDORA ROBOPAC LI06,P.EQ.LINHA,,,FALHA NO ENVOLVIMENTO / PINÇA NÃO SEGURANDO O FILME/ FILME ARREBENTANDO NO PRÉ ESTIRAMENTO,13.03,OPERACAO,"Ajuste, processo, fluxo, posicionamento, automação/controle ou condição operacional sem evidência de dano físico do ativo.",OPERACAO,REAL_V2,falha no envolvimento pinca nao segurando o filme filme arrebentando no pre estiramento,OPERACAO,0.8221375315247068,0.1778624684752932,0.8221375315247068,True
89705,BAAR,Santa Maria,2026-01-10,MULTI006,ROTULADORA PRO ETIRA LI06,P.EQ.LINHA,,,AJUSTE DA TRANSFERÊNCIA DA ESTEIRA DE SAÍDA DA ROTULADORA,9.86,OPERACAO,"Ajuste, processo, fluxo, posicionamento, automação/controle ou condição operacional sem evidência de dano físico do ativo.",OPERACAO,REAL_V2,ajuste da transferencia da esteira de saida da rotuladora,OPERACAO,0.9574744435160408,0.04252555648395917,0.9574744435160408,True
89831,BAAR,Santa Maria,2026-01-14,MULTI006,ROBO PALETIZADOR FANUC LI06,P.EQ.LINHA,,,EMPURRADOR TORTO / COLISÃO DO ROBÔ FANUC COM EMPURRADOR,28.00,MANUTENCAO,"Dano, quebra, desgaste, queima, vazamento, troca ou reparo físico descrito no apontamento.",MANUTENCAO,REAL_V2,empurrador torto colisao do robo fanuc com empurrador,OPERACAO,0.6242942425328419,0.37570575746715806,0.6242942425328419,False
89887,BAAR,Santa Maria,2026-01-15,MULTI006,TRP GRF APA FOR LI06,P.EQ.LINHA,,,ESTRELA DE ENTRADA TRANCANDO GARRAFA,2.43,OPERACAO,"Ajuste, processo, fluxo, posicionamento, automação/controle ou condição operacional sem evidência de dano físico do ativo.",OPERACAO,REAL_V2,estrela de entrada trancando garrafa,OPERACAO,0.8205206331420608,0.1794793668579392,0.8205206331420608,True
92388,BAAR,Santa Maria,2026-03-14,LINHA003,ENVOLVEDORA DE PALETES HELIX R,P.EQ.LINHA,Sistema Mecânico,,FILME ARREBENTANDO NO ROLO DE TRAÇÂO DE FILMAGEMDO PALETE,1.07,OPERACAO,"Ajuste, processo, fluxo, posicionamento, automação/controle ou condição operacional sem evidência de dano físico do ativo.",OPERACAO,REAL_V2,filme arrebentando no rolo de tracao de filmagemdo palete,OPERACAO,0.8565012759433707,0.14349872405662933,0.8565012759433707,True
9286,BAAD,Jundiaí,2026-02-14,LINHA014,PREPARADOR BEBIDAS KRO L14,P.EQ.LINHA,Sistema de Válvulas,,VALVULA Q136 EM FALHA ELETRONICOS ATUANDO NO PROBLEMA,13.32,MANUTENCAO,Falha técnica de componente/equipamento específico descrita no apontamento.,MANUTENCAO,REAL_V2,valvula q136 em falha eletronicos atuando no problema,MANUTENCAO,0.9289282052992655,0.9289282052992655,0.07107179470073452,True
93786,BAAR,Santa Maria,2026-04-17,LINHA002,ENVOLVEDORA DE PACOTES CDP GAY,P.EQ.LINHA,Sistema elétrico,,FALHA NO CORTE DO FILME EM FUNÇÃO DO SENSOR DE MARCA DECORADA ESTAR FORA DE POSIÇÃO,0.02,OPERACAO,Sensor fora de posição; ajuste/posicionamento sem dano físico descrito.,OPERACAO,REAL_V2,falha no corte do filme em funcao do sensor de marca decorada estar fora de posicao,OPERACAO,0.5221740568747146,0.47782594312528537,0.5221740568747146,True
95486,BAAR,Santa Maria,2026-05-27,LINHA003,TRANSP GRF PET SOP-ROT (AÉREO),P.EQ.LINHA,Sistema Estrutura,Transportador desnivelado,GRF TRANCANDO NO AEREO EM VARIOS PONTOS,5.79,OPERACAO,"Ajuste, processo, fluxo, posicionamento, automação/controle ou condição operacional sem evidência de dano físico do ativo.",OPERACAO,REAL_V2,grf trancando no aereo em varios pontos,OPERACAO,0.8428236767760307,0.15717632322396935,0.8428236767760307,True
95501,BAAR,Santa Maria,2026-05-28,LINHA001,ROTULADORA AUTOMATICA L01,P.EQ.LINHA,Sistema Estrutura,Qualidade de peças,TROCA DE FACA MNT ATUANDO,11.00,MANUTENCAO,"Dano, quebra, desgaste, queima, vazamento, troca ou reparo físico descrito no apontamento.",MANUTENCAO,REAL_V2,troca de faca mnt atuando,MANUTENCAO,0.945259559421534,0.945259559421534,0.054740440578466096,True
96476,BAAR,Santa Maria,2026-06-24,LINHA004,DESPALETIZADORA DE LATAS- L04,P.EQ.LINHA,Sistema Elevador,,"MÁQUINA REFERENCIADA,ELEVADOR NÃO ESTAVA SUBINDO NO AUTOMÁTICO",7.00,OPERACAO,Elevador não subia em automático após referenciamento; automação/controle.,OPERACAO,REAL_V2,maquina referenciada elevador nao estava subindo no automatico,OPERACAO,0.9258869104742685,0.07411308952573148,0.9258869104742685,True
96991,BAAR,Santa Maria,2026-07-10,LINHA001,ENCHEDORA DELTA - L01,P.EQ.LINHA,Sistema Pneumático,,"PISTÃO 09 PESADO PARA SUBIR, E ARTICUALADOR 09 QUEBRADO, REALIZADO A TROCA",10.00,MANUTENCAO,"Dano, quebra, desgaste, queima, vazamento, troca ou reparo físico descrito no apontamento.",MANUTENCAO,REAL_V2,pistao 09 pesado para subir e articualador 09 quebrado realizado a troca,MANUTENCAO,0.7802781280764695,0.7802781280764695,0.21972187192353057,True
97691,BAAR,Santa Maria,2026-07-29,LINHA004,CODIFICADOR TINTA VIDEOJET 317,P.EQ.LINHA,Sistema Elétrico,,TEC ELETRICO ATUANDO NO CONDIFICADO TEC BRUNO,7.20,OPERACAO,"Ajuste, processo, fluxo, posicionamento, automação/controle ou condição operacional sem evidência de dano físico do ativo.",OPERACAO,REAL_V2,tec eletrico atuando no condificado tec bruno,MANUTENCAO,0.7885792880802738,0.7885792880802738,0.21142071191972617,False
97939,BAAR,Santa Maria,2026-08-05,LINHA002,ENCHEDORA INNOFIL - L02,P.EQ.LINHA,Sistema Pneumático,,GRFS Ñ ENCAIXANDO CORRETAMENTE NO PEDESTAL VÁLVULA 05 ( BUCHA DE BRONZE DO PISTÃO SUBIU DEIXANDO O PEDESTAL UM POUCO MAIS ALTO ). TEC. WILLIAN ATUOU.,60.00,MANUTENCAO,"Dano, quebra, desgaste, queima, vazamento, troca ou reparo físico descrito no apontamento.",MANUTENCAO,REAL_V2,grfs n encaixando corretamente no pedestal valvula 05 bucha de bronze do pistao subiu deixando o pedestal um pouco mais alto tec willian atuou,MANUTENCAO,0.6500945514551257,0.6500945514551257,0.34990544854487426,True
98285,BAAR,Santa Maria,2026-08-13,MULTI006,ROBO PALETIZADOR FANUC LI06,P.EQ.LINHA,,,EMPURRADOR FORA DE POSIÇAO,14.00,OPERACAO,"Ajuste, processo, fluxo, posicionamento, automação/controle ou condição operacional sem evidência de dano físico do ativo.",OPERACAO,REAL_V2,empurrador fora de posicao,OPERACAO,0.7268629831474787,0.27313701685252134,0.7268629831474787,True
9891,BAAD,Jundiaí,2026-02-22,LINHA001,TRANSP PACOTES EMP PALET 1 SAN,P.EQ.LINHA,Cintas de transporte,Cadeia transportadora desajust,ESTEIRA DE DECIDA DESGASTADA,8.00,MANUTENCAO,"Dano, quebra, desgaste, queima, vazamento, troca ou reparo físico descrito no apontamento.",MANUTENCAO,REAL_V2,esteira de decida desgastada,MANUTENCAO,0.8756078832236447,0.8756078832236447,0.1243921167763553,True
