event_id,unit_code,unit_name,event_date,source_line_name,source_equipment_name,source_stop_type,source_stop_key_1,source_stop_subkey,observation,downtime_minutes,human_origin,human_notes,label,source,observation_norm,split
81244,BAAL,Antonio Carlos,2026-01-05,LINHA003,ENCHEDORA HOLSTEIN VVF 60/10 E,P.EQ.LINHA,Sistema de segurança,,13122757 PORTA COM FALHA NO SENSOR DE SEGURANÇA,8.53,MANUTENCAO,Falha técnica/física ou intervenção corretiva em equipamento/componente.,MANUTENCAO,REAL,13122757 porta com falha no sensor de seguranca,TRAIN
81668,BAAL,Antonio Carlos,2026-01-21,LINHA002,ENVOLVEDORA ROBOPAC HELIX 3 LI,P.EQ.LINHA,Sistema Elétrico,,13143189 - FILME ARREBENTANDO - CALIBRAÇÃO DA CÉLULA DE CARGA,60.00,OPERACAO,"Falha de operação/processo, ajuste, fluxo, material ou automação sem evidência de avaria física.",OPERACAO,REAL,13143189 filme arrebentando calibracao da celula de carga,TRAIN
64023,BAAI,Curitiba,2026-03-14,LINHA002,ARROLHADOR GRFS VIDRO KHS LI02,P.EQ.LINHA,Estrutura,,13201723 ENROSCO DE TAMPAS NO ARROLHADOR,20.00,OPERACAO,"Falha de operação/processo, ajuste, fluxo, material ou automação sem evidência de avaria física.",OPERACAO,REAL,13201723 enrosco de tampas no arrolhador,TRAIN
64649,BAAI,Curitiba,2026-05-21,LINHA003,ROBO PALETIZADORA M 900IA/600,P.EQ.LINHA,SISTEMA CABECOTE MANIPULADOR F,,"13274645 - FALHA NO FECHAMENTO DO CABEÇOTE PALETIZADOR, REAPERTO DA ENGRENAGEM PRINCIPAL DE ABERTURA E FECHAMENTO",13.50,MANUTENCAO,Falha técnica/física ou intervenção corretiva em equipamento/componente.,MANUTENCAO,REAL,13274645 falha no fechamento do cabecote paletizador reaperto da engrenagem principal de abertura e fechamento,TRAIN
64696,BAAI,Curitiba,2026-05-24,LINHA003,EMPACOTADORA SP A M KIS,P.EQ.LINHA,Sistema Motriz,Rolamento danificados,13278290 - ESTEIRA AZUL SAÍDA DO FORNO PARA ESTEIRA CURVA COM ROLAMENTO DO ESTICADOR DANIFICADO,60.00,MANUTENCAO,Falha técnica/física ou intervenção corretiva em equipamento/componente.,MANUTENCAO,REAL,13278290 esteira azul saida do forno para esteira curva com rolamento do esticador danificado,TRAIN
10280,BAAD,Jundiaí,2026-02-27,LINHA016,TRP CANTRONIC 1/ RINSER L16,P.EQ.LINHA,,,ABRINDO ESPACO ENTRE AS LATAS ASSIM QUE PASSA NO SENSOR DE 3 PONTOS PARANDO A ENCHEDORA,2.30,OPERACAO,"Falha de operação/processo, ajuste, fluxo, material ou automação sem evidência de avaria física.",OPERACAO,REAL,abrindo espaco entre as latas assim que passa no sensor de 3 pontos parando a enchedora,TRAIN
98107,BAAR,Santa Maria,2026-08-10,LINHA002,ENVOLVEDORA DE VALGROUP LI02,P.EQ.LINHA,,,ACIONANDO O SENSOR DE SEGURANÇA DE SAIDA DE PALETE ( SUPORTE DO SENSOR DE SAIDA ESTAVA FROUXO   ) FOI REAPERTADO,4.43,MANUTENCAO,Falha técnica/física ou intervenção corretiva em equipamento/componente.,MANUTENCAO,REAL,acionando o sensor de seguranca de saida de palete suporte do sensor de saida estava frouxo foi reapertado,TRAIN
24913,BAAE,Mogi,2026-02-07,LINHA001,TRANSP PALETE KHS L01,P.EQ.LINHA,Estrutura,Suporte transportador danifica,ACUMULO DE PALETE NO TRANSPORTE ENVOLVEDORA PARADA / MANUTENÇÃO ATUANDO NO TRANSPORTE DE SAIDA DA ENVOLVEDORA,3.12,MANUTENCAO,Falha técnica/física ou intervenção corretiva em equipamento/componente.,MANUTENCAO,REAL,acumulo de palete no transporte envolvedora parada manutencao atuando no transporte de saida da envolvedora,TRAIN
33505,BAAE,Mogi,2026-05-28,LINHA001,MO1 ROTULADORA KRONES CONTIROL,P.EQ.LINHA,Sistema de Instrumentos e cont,,AJUSRE NA ENTRADA . ESTRELA DE CARGA E PINÇA ENROSCO,10.00,OPERACAO,"Falha de operação/processo, ajuste, fluxo, material ou automação sem evidência de avaria física.",OPERACAO,REAL,ajusre na entrada estrela de carga e pinca enrosco,TRAIN
5431,BAAK,Marília,2026-03-16,LINHA003,REGUA ULTRASSONICA HEU LI03,P.EQ.LINHA,Instalação elétrica,,AJUSTE CAINDO GARRAFA,9.50,OPERACAO,"Falha de operação/processo, ajuste, fluxo, material ou automação sem evidência de avaria física.",OPERACAO,REAL,ajuste caindo garrafa,TRAIN
33676,BAAE,Mogi,2026-05-29,LINHA002,CAPSULADOR GARRAFAS KHS L02,P.EQ.LINHA,Sistema de instrumentos e cont,,AJUSTE DA PINÇA DA ESTRELA DE SAÍDA DO CÁPSULADOR,15.00,OPERACAO,"Falha de operação/processo, ajuste, fluxo, material ou automação sem evidência de avaria física.",OPERACAO,REAL,ajuste da pinca da estrela de saida do capsulador,TRAIN
43913,BAAG,Itabirito,2026-01-24,LINHA002,ENCAIXOTADORA KHS L02,P.EQ.LINHA,Mesa de carga,,AJUSTE DE VELOCIDADE DA ESTEIRA DE ENTRADA DE CAIXAS.,7.00,OPERACAO,"Falha de operação/processo, ajuste, fluxo, material ou automação sem evidência de avaria física.",OPERACAO,REAL,ajuste de velocidade da esteira de entrada de caixas,TRAIN
15478,BAAD,Jundiaí,2026-05-18,LINHA015,TRANSP GAR ROTUL EMP KRO L15,P.EQ.LINHA,Sistema Elétrico,,AJUSTE DE VELOCIDADE DO TRANSPORTE ROT2,9.60,OPERACAO,"Falha de operação/processo, ajuste, fluxo, material ou automação sem evidência de avaria física.",OPERACAO,REAL,ajuste de velocidade do transporte rot2,TRAIN
77027,BAAJ,Maringá,2026-08-12,LINHA006,TRANSPORTE MASSICO DE TAMPAS T,P.EQ.LINHA,,,"AJUSTE ESTRELA, A MESMA NAO TIRANDO TAMPA VIRADAS,  NOTA13353178",24.00,OPERACAO,"Falha de operação/processo, ajuste, fluxo, material ou automação sem evidência de avaria física.",OPERACAO,REAL,ajuste estrela a mesma nao tirando tampa viradas nota13353178,TRAIN
85066,BAAL,Antonio Carlos,2026-08-04,LINHA002,INSPETOR NIVEL BBULL PC 500,P.EQ.LINHA,Sistema de Inspeção,,AJUSTE EXPULSÃO NIVEL,3.00,OPERACAO,"Falha de operação/processo, ajuste, fluxo, material ou automação sem evidência de avaria física.",OPERACAO,REAL,ajuste expulsao nivel,TRAIN
75833,BAAJ,Maringá,2026-07-16,LINHA003,ENVOLVEDORA SANMATIN LI03,P.EQ.LINHA,Sistema Elétrico,,AJUSTE NA POSIÇÃO DO SENSOR DE PRESENÇA DE PALETE.,10.00,OPERACAO,"Falha de operação/processo, ajuste, fluxo, material ou automação sem evidência de avaria física.",OPERACAO,REAL,ajuste na posicao do sensor de presenca de palete,TRAIN
14835,BAAD,Jundiaí,2026-05-09,LINHA009,RINSER KRO L09,P.EQ.LINHA,Manejo de garrafas,Guia de margem desajustada,AJUSTE NAS GUIAS DE ENTRADA/ PRESÃO DE AR,15.65,OPERACAO,"Falha de operação/processo, ajuste, fluxo, material ou automação sem evidência de avaria física.",OPERACAO,REAL,ajuste nas guias de entrada presao de ar,TRAIN
35732,BAAE,Mogi,2026-08-05,LINHA003,EMPACOTADORA L03,P.EQ.LINHA,Sistema de vácuo,,AJUSTE NAS VENTOSAS E NAS PRISILHAS DO PEGADOR DE CARTÃO,20.00,OPERACAO,"Falha de operação/processo, ajuste, fluxo, material ou automação sem evidência de avaria física.",OPERACAO,REAL,ajuste nas ventosas e nas prisilhas do pegador de cartao,TRAIN
54875,BAAG,Itabirito,2026-06-11,LINHA006,INSP NIVEL TAMPA HEU L06,P.EQ.LINHA,Rejeitores,Segmento de rejeito desajustad,AJUSTE NO INPETOR DE NIVEL PELO TECNICO HEUFT,6.47,OPERACAO,"Falha de operação/processo, ajuste, fluxo, material ou automação sem evidência de avaria física.",OPERACAO,REAL,ajuste no inpetor de nivel pelo tecnico heuft,TRAIN
65314,BAAI,Curitiba,2026-07-03,LINHA003,ENVOLVEDOR HALMEC HP88E,P.EQ.LINHA,Sistema Motriz,Rolamento danificados,AJUSTE NO ROLINHO DEO SENSOR DE PARA PALETE,6.00,OPERACAO,"Falha de operação/processo, ajuste, fluxo, material ou automação sem evidência de avaria física.",OPERACAO,REAL,ajuste no rolinho deo sensor de para palete,TRAIN
78011,BAAJ,Maringá,2026-09-06,LINHA003,INSPETOR NIVEL BASIC HEU LI03,P.EQ.LINHA,Sistema Rejeitor,,"AJUSTE NO SETUP E AJUSTE NOS PARÂMETROS, EXPULSANDO GARRAFAS BOAS",10.00,OPERACAO,"Falha de operação/processo, ajuste, fluxo, material ou automação sem evidência de avaria física.",OPERACAO,REAL,ajuste no setup e ajuste nos parametros expulsando garrafas boas,TRAIN
12441,BAAD,Jundiaí,2026-03-27,LINHA012,CAPSULADOR KHS L12,P.EQ.LINHA,Torre capsuladora,Torque desajustado,AJUSTE NO TORQUE DO CABEÇOTE 4,2.00,OPERACAO,"Falha de operação/processo, ajuste, fluxo, material ou automação sem evidência de avaria física.",OPERACAO,REAL,ajuste no torque do cabecote 4,TRAIN
19012,BAAD,Jundiaí,2026-07-19,LINHA001,PALETIZADORA 2 L01,P.EQ.LINHA,Sistema de instrumentos e cont,,AJUSTE NOS PARAMETROS DE TRANSLAÇÃO DO MANIPULADOR 03 PALETIZADORA LADO 02,5.65,OPERACAO,"Falha de operação/processo, ajuste, fluxo, material ou automação sem evidência de avaria física.",OPERACAO,REAL,ajuste nos parametros de translacao do manipulador 03 paletizadora lado 02,TRAIN
78972,B0AC,Bauru,2026-03-12,LINHA006,SOPRADORA SBO16/14 P40M MATRIX,P.EQ.LINHA,SISTEMA ESTRUTURA SBO 16/14-14,,AJUSTE SINCRONISMO DO DESEMPOEIRADOR. ORDEM 30008441575,10.19,OPERACAO,"Falha de operação/processo, ajuste, fluxo, material ou automação sem evidência de avaria física.",OPERACAO,REAL,ajuste sincronismo do desempoeirador ordem 30008441575,TRAIN
77241,BAAJ,Maringá,2026-08-17,LINHA007,ROTULADORA KHS LI07,P.EQ.LINHA,Sistema motriz,,AJUSTES SINCRONISMO MECANICAMENTE E EM MODO AUTOMÁTICO DA ROSCA SEM FIM E ESTRELA DE ENTRADA ROTULADORA,48.00,OPERACAO,"Falha de operação/processo, ajuste, fluxo, material ou automação sem evidência de avaria física.",OPERACAO,REAL,ajustes sincronismo mecanicamente e em modo automatico da rosca sem fim e estrela de entrada rotuladora,TRAIN
6101,BAAK,Marília,2026-07-14,LINHA005,DESCAPSULADOR 16 HEADS ACY LI0,P.EQ.LINHA,Sistema de destampamento,,ALTURA DA PINCAS DESAJUSTADA,4.18,OPERACAO,"Falha de operação/processo, ajuste, fluxo, material ou automação sem evidência de avaria física.",OPERACAO,REAL,altura da pincas desajustada,TRAIN
38383,BAAF,Campo Grande,2026-01-16,LINHA001,CAPSULADOR KHS L01,P.EQ.LINHA,SISTEMA ELETRICO DELTA 10 RP K,,"AMASSANDO GARRAFAS NO CARACOL ,DE ENTRADA, CAPSULADOR NÃO ACOMPAMHA A VELOCIDADE DA ENCHEDORA",10.00,OPERACAO,"Falha de operação/processo, ajuste, fluxo, material ou automação sem evidência de avaria física.",OPERACAO,REAL,amassando garrafas no caracol de entrada capsulador nao acompamha a velocidade da enchedora,TRAIN
61844,BAAG,Itabirito,2026-08-22,LINHA004,TRP CURVA 180°/ENTRADA ROBÔ FA,P.EQ.LINHA,,,ANOMALIAS DA CURVA 180 NOAT ABERTA CRASH,5.00,OPERACAO,"Falha de operação/processo, ajuste, fluxo, material ou automação sem evidência de avaria física.",OPERACAO,REAL,anomalias da curva 180 noat aberta crash,TRAIN
64257,BAAI,Curitiba,2026-04-07,LINHA001,EMPACOTADORA OCME LI01,P.EQ.LINHA,Sistema de Instrumentos e cont,,ANOMALIZA DE CENTRALIZAÇÃO ESTEIRA NOTA :13226604,42.00,OPERACAO,"Falha de operação/processo, ajuste, fluxo, material ou automação sem evidência de avaria física.",OPERACAO,REAL,anomaliza de centralizacao esteira nota 13226604,TRAIN
6062,BAAK,Marília,2026-07-11,LINHA004,RECRAVADORA 708 G FRR LI04,P.EQ.LINHA,SISTEMA TRANSMISSAO 708 G FER,,ATUAÇÃO DOS TÉCNICOS DA FERRUM PARA FAZER AJUSTE,18.82,OPERACAO,"Falha de operação/processo, ajuste, fluxo, material ou automação sem evidência de avaria física.",OPERACAO,REAL,atuacao dos tecnicos da ferrum para fazer ajuste,TRAIN
51932,BAAG,Itabirito,2026-05-06,LINHA005,EMPACOTADORA KHS L05,P.EQ.LINHA,Mesa 02 ( envolvimento ),,"BARRA DE ENVOLVIMENTO COM DESGASTE, SOLTANDO DURANTE O PROCESSO DE ENVOLTURA DO FILEM NA GARRAFA.",6.67,MANUTENCAO,Falha técnica/física ou intervenção corretiva em equipamento/componente.,MANUTENCAO,REAL,barra de envolvimento com desgaste soltando durante o processo de envoltura do filem na garrafa,TRAIN
15557,BAAD,Jundiaí,2026-05-19,LINHA008,PREPARADOR BEBIDAS SAS L08,P.EQ.LINHA,Instalação elétrica,Falha PLC,BOMBA DE MISTURA EM FALHA,2.00,MANUTENCAO,Falha técnica/física ou intervenção corretiva em equipamento/componente.,MANUTENCAO,REAL,bomba de mistura em falha,TRAIN
17157,BAAD,Jundiaí,2026-06-22,LINHA016,PREPARADOR BEBIDAS KRONES L16,P.EQ.LINHA,Sistema de Bombeamento,,BOMBA DE XAROPE EM FALHA DESARMANDO,30.00,MANUTENCAO,Falha técnica/física ou intervenção corretiva em equipamento/componente.,MANUTENCAO,REAL,bomba de xarope em falha desarmando,TRAIN
89260,BAAO,Porto Alegre,2026-09-06,LINHA004,CARBONATADORA KHS,P.EQ.LINHA,Sistema de Bombeamento,,BOMBA NAO DA CONTA DE ENCHER O TANQUE VERVEU BEBIDA CO2 ALTO,17.40,OPERACAO,"Falha de operação/processo, ajuste, fluxo, material ou automação sem evidência de avaria física.",OPERACAO,REAL,bomba nao da conta de encher o tanque verveu bebida co2 alto,TRAIN
59414,BAAG,Itabirito,2026-08-01,LINHA007,CARBONATADOR KHS L07,P.EQ.LINHA,Sistema de Controle,,BRIX BAIXO,60.00,OPERACAO,"Falha de operação/processo, ajuste, fluxo, material ou automação sem evidência de avaria física.",OPERACAO,REAL,brix baixo,TRAIN
80521,B0AC,Bauru,2026-07-28,LINHA005,CAPSULADOR INNOFIL KHS LI05,P.EQ.LINHA,Sistema de Tampamento,,"CABEÇOTE 4 COM EXTRATOR TRAVADO, ORDEM 30008807870",19.69,MANUTENCAO,Falha técnica/física ou intervenção corretiva em equipamento/componente.,MANUTENCAO,REAL,cabecote 4 com extrator travado ordem 30008807870,TRAIN
16729,BAAD,Jundiaí,2026-06-13,LINHA001,PALETIZADORA 1 L01,P.EQ.LINHA,Sistema elétrico,,"CANTONEIRA COLIDINDO COM PALETE , NECESSARIO A ,ASTERIZAÇÃO",10.00,OPERACAO,"Falha de operação/processo, ajuste, fluxo, material ou automação sem evidência de avaria física.",OPERACAO,REAL,cantoneira colidindo com palete necessario a asterizacao,TRAIN
56656,BAAG,Itabirito,2026-06-30,LINHA001,ENCAIXOTADORA GEB L01,P.EQ.LINHA,Circuito pneumático,Mangueira pneumática danificad,CILINDRO COM VAZAMENTO NOTA:30008262831,3.00,MANUTENCAO,Falha técnica/física ou intervenção corretiva em equipamento/componente.,MANUTENCAO,REAL,cilindro com vazamento nota 30008262831,TRAIN
66090,BAAJ,Maringá,2026-01-02,LINHA007,CODIFICADORA MARKEM IMAJE L07,P.EQ.LINHA,,,CODIFICAÇÃO ESTA SAINDO BORRADA.,6.01,OPERACAO,"Falha de operação/processo, ajuste, fluxo, material ou automação sem evidência de avaria física.",OPERACAO,REAL,codificacao esta saindo borrada,TRAIN
12346,BAAD,Jundiaí,2026-03-26,LINHA016,DESPALETIZADORA OCME L16,P.EQ.LINHA,Instalação elétrica,,CONECTOR DA BARREIRA 14 COM MAL CONTATO (NOTA:13213816),8.00,MANUTENCAO,Falha técnica/física ou intervenção corretiva em equipamento/componente.,MANUTENCAO,REAL,conector da barreira 14 com mal contato nota 13213816,TRAIN
11183,BAAD,Jundiaí,2026-03-10,LINHA008,ANALIZADOR CO2 BRIX MAS L08,P.EQ.LINHA,Instalação elétrica,Cabo danificado,CONECTOR DO SENSOR DE LEITURA DO MASELLI ESTA DANIFICADO ( OBS: NÃO ESTA ACOMPANHANDO O BRIX E CO².)OCASIONANDO PARADA NA LINHA POR QUEDA NO BRIX  CO²,7.60,MANUTENCAO,Falha técnica/física ou intervenção corretiva em equipamento/componente.,MANUTENCAO,REAL,conector do sensor de leitura do maselli esta danificado obs nao esta acompanhando o brix e co2 ocasionando parada na linha por queda no brix co2,TRAIN
17688,BAAD,Jundiaí,2026-06-29,LINHA007,CODIFICADORA MAR,P.EQ.LINHA,,,CONFIGURAÇÃO E LIMPEZA DO CANHÃO E CABEÇOTE DO CODIFICADOR A TINTA,26.05,OPERACAO,"Falha de operação/processo, ajuste, fluxo, material ou automação sem evidência de avaria física.",OPERACAO,REAL,configuracao e limpeza do canhao e cabecote do codificador a tinta,TRAIN
98468,BAAR,Santa Maria,2026-08-19,LINHA002,TRANSP PAC PET EMPACOT-PALETIZ,P.EQ.LINHA,Sistema Estrutura,Suporte transportador danifica,CONGESTIONAMENTO DE PACOTES NA ESTEIRA DE TRANSPORTE DEVIDO GUIA TER ABERTO POR ESTAR DANIFICADA,7.37,MANUTENCAO,Falha técnica/física ou intervenção corretiva em equipamento/componente.,MANUTENCAO,REAL,congestionamento de pacotes na esteira de transporte devido guia ter aberto por estar danificada,TRAIN
96702,BAAR,Santa Maria,2026-06-30,LINHA002,ROTULADORA AUT ROTAT SACMI LI0,P.EQ.LINHA,Sistema mecânico,,"CORREÇÃO NA DOSAGEM DE COLA, DIMINUIÇÃO DO NIVEL DE COLA NO TAMBOR NOTA:30008773100",10.00,OPERACAO,"Falha de operação/processo, ajuste, fluxo, material ou automação sem evidência de avaria física.",OPERACAO,REAL,correcao na dosagem de cola diminuicao do nivel de cola no tambor nota 30008773100,TRAIN
14941,BAAD,Jundiaí,2026-05-11,LINHA005,EMPACOTADORA ACMI L05,P.EQ.LINHA,Cintas de transporte,Corrente de separação danifica,CORRENTE DO SINTEMA DE SEPARAÇÃO COM FOLGA,4.00,MANUTENCAO,Falha técnica/física ou intervenção corretiva em equipamento/componente.,MANUTENCAO,REAL,corrente do sintema de separacao com folga,TRAIN
61327,BAAG,Itabirito,2026-08-19,LINHA004,TRP CURVA 180°,P.EQ.LINHA,,,CRASCH NA SAIDA DO FORNO DEVIDO TRAVAMENTO DA ESTEIRA 180.,14.57,OPERACAO,"Falha de operação/processo, ajuste, fluxo, material ou automação sem evidência de avaria física.",OPERACAO,REAL,crasch na saida do forno devido travamento da esteira 180,TRAIN
47948,BAAG,Itabirito,2026-03-11,LINHA006,TRANSP GRF ROTUL EMPACOT KHS L,P.EQ.LINHA,Sistema motriz,Velocidade desajustada,CRASH DE GARRAFAS ENTRE HEUFT E MARKEM IMAJE,4.00,OPERACAO,"Falha de operação/processo, ajuste, fluxo, material ou automação sem evidência de avaria física.",OPERACAO,REAL,crash de garrafas entre heuft e markem imaje,TRAIN
62089,BAAG,Itabirito,2026-08-25,LINHA004,TRP CURVA 180°,P.EQ.LINHA,,,"CRASH NA CURVA 180, ESTEIRA DANIFICADA",14.00,MANUTENCAO,Falha técnica/física ou intervenção corretiva em equipamento/componente.,MANUTENCAO,REAL,crash na curva 180 esteira danificada,TRAIN
5581,BAAK,Marília,2026-03-30,LINHA001,ENCHEDORA VVF 63/12 H K LI01,P.EQ.LINHA,Estrutura,,"CRASH NA SAIDA DA ENCHEDORA NA VALVULA 33  , LIMPEZA DA MAQUINA",10.00,OPERACAO,"Falha de operação/processo, ajuste, fluxo, material ou automação sem evidência de avaria física.",OPERACAO,REAL,crash na saida da enchedora na valvula 33 limpeza da maquina,TRAIN
6149,BAAK,Marília,2026-07-21,LINHA001,INSPETOR DE GARRAFAS VAZIAS HE,P.EQ.LINHA,,,"CRASH NA SAIDA DO ASEBI , CAUSANDO PARADAS  NA MAQUINA",10.00,OPERACAO,"Falha de operação/processo, ajuste, fluxo, material ou automação sem evidência de avaria física.",OPERACAO,REAL,crash na saida do asebi causando paradas na maquina,TRAIN
58017,BAAG,Itabirito,2026-07-17,LINHA007,DIVISOR PACOTES SOR L07,P.EQ.LINHA,Sistema Motriz,Correia de transmissão danific,CRASH NO DIVISOR DE PACOTES DEVIDO ESTEIRA EMBORRACHADA COM DESGASTES,5.00,MANUTENCAO,Falha técnica/física ou intervenção corretiva em equipamento/componente.,MANUTENCAO,REAL,crash no divisor de pacotes devido esteira emborrachada com desgastes,TRAIN
22227,BAAD,Jundiaí,2026-09-05,LINHA006,PREPARADOR BEBIDAS SID LI06,P.EQ.LINHA,Sistema motriz,,DESARME BOMBA VÁCUO_ATRASO CIP_REARME DA BOMBA.,25.00,OPERACAO,"Falha de operação/processo, ajuste, fluxo, material ou automação sem evidência de avaria física.",OPERACAO,REAL,desarme bomba vacuo_atraso cip_rearme da bomba,TRAIN
48483,BAAG,Itabirito,2026-03-19,LINHA002,TRANSP GAFS LAVAD INSP KHS L02,P.EQ.LINHA,Sistema Elétrico,Falha PLC,DESARME DA IHM DE ACIONAMENTO DO TRP DE GARRAFAS VAZIAS,1.63,OPERACAO,"Falha de operação/processo, ajuste, fluxo, material ou automação sem evidência de avaria física.",OPERACAO,REAL,desarme da ihm de acionamento do trp de garrafas vazias,TRAIN
50801,BAAG,Itabirito,2026-04-22,LINHA005,MESA ACUMULO GAFS HARTNESS L05,P.EQ.LINHA,Sistema elétrico,,DESARME DE SEGURANÇA DA MESA DE ACUMULO,5.33,OPERACAO,"Falha de operação/processo, ajuste, fluxo, material ou automação sem evidência de avaria física.",OPERACAO,REAL,desarme de seguranca da mesa de acumulo,TRAIN
44793,BAAG,Itabirito,2026-02-02,LINHA007,TRANSP GRF WARMER ROTULAD KHS,P.EQ.LINHA,Sistema elétrico,Falha no Controle de tensão da,"DESARME DO 2TA36 ACIONADO TA PARA AVALIÇAO DA FALHA, O MESMO NAO COMPARECEU",16.24,MANUTENCAO,Falha técnica/física ou intervenção corretiva em equipamento/componente.,MANUTENCAO,REAL,desarme do 2ta36 acionado ta para avalicao da falha o mesmo nao compareceu,TRAIN
15108,BAAD,Jundiaí,2026-05-13,LINHA011,TRANSP GAR AQUEC EMPACOT SAN L,P.EQ.LINHA,SISTEMA TRANSPORTE SAN,,DESARME DO TRP LINEAR,10.00,MANUTENCAO,Falha técnica/física ou intervenção corretiva em equipamento/componente.,MANUTENCAO,REAL,desarme do trp linear,TRAIN
15131,BAAD,Jundiaí,2026-05-13,LINHA013,EMPACOTADORA KIS L13,P.EQ.LINHA,Sistema Elétrico,,DESARME DO TÚNEL DE ENCOLHIMENTO,9.09,MANUTENCAO,Falha técnica/física ou intervenção corretiva em equipamento/componente.,MANUTENCAO,REAL,desarme do tunel de encolhimento,TRAIN
39858,BAAF,Campo Grande,2026-05-07,LINHA003,DESPALETIZADORA LATAS KHS L03,P.EQ.LINHA,Instalação elétrica,Falha PLC,DESARME E PERDA DE COMUNICAÇÃO,13.00,OPERACAO,"Falha de operação/processo, ajuste, fluxo, material ou automação sem evidência de avaria física.",OPERACAO,REAL,desarme e perda de comunicacao,TRAIN
18459,BAAD,Jundiaí,2026-07-11,LINHA012,TRANSP GAR DESENC LAV IEF L12,P.EQ.LINHA,SISTEMA TRANSPORTE SEM MODELO,,DESARME NOS TRANSPORTES DO ALEXUS,3.00,OPERACAO,"Falha de operação/processo, ajuste, fluxo, material ou automação sem evidência de avaria física.",OPERACAO,REAL,desarme nos transportes do alexus,TRAIN
60672,BAAG,Itabirito,2026-08-12,LINHA001,INSP ASEBI SUPERFICIE GFS HEU,P.EQ.LINHA,Manejo de garrafas,,"DIFICULDADE PARA PASSAR GARRAFAS TESTE, DEVIDO FALHAS DE EMBOCADURA E PAREDE LATERAL",6.00,OPERACAO,"Falha de operação/processo, ajuste, fluxo, material ou automação sem evidência de avaria física.",OPERACAO,REAL,dificuldade para passar garrafas teste devido falhas de embocadura e parede lateral,TRAIN
23970,BAAE,Mogi,2026-01-23,LINHA006,DOSADOR DE NITROGENIO,P.EQ.LINHA,,,DOSADOR DE NITROGÊNIO CONGELADO.,34.29,MANUTENCAO,Falha técnica/física ou intervenção corretiva em equipamento/componente.,MANUTENCAO,REAL,dosador de nitrogenio congelado,TRAIN
43126,BAAG,Itabirito,2026-01-15,LINHA001,TRANSP GFS LAV GFS ASEBI GEB L,P.EQ.LINHA,Instalação elétrica,Cabo elétrico danificado,ELE – CABO SOLTO OCASIONANDO NO DRIVE 0256 OCASIONANDO FALHA DE REDE – CABO ESTICADO E FORA DA TRAVA,35.00,MANUTENCAO,Falha técnica/física ou intervenção corretiva em equipamento/componente.,MANUTENCAO,REAL,ele cabo solto ocasionando no drive 0256 ocasionando falha de rede cabo esticado e fora da trava,TRAIN
56566,BAAG,Itabirito,2026-06-29,LINHA001,TRANSP GFS WARMER ROTUL GEB L0,P.EQ.LINHA,,,"ELE - FALHA NA MODUÇÃO NO ALINHADOR ENTRADA DA ROTULADORA, ALARME SONORO E ESPAÇAMENTO, TOMBAMENTO DE GARRAFAS",28.00,OPERACAO,"Falha de operação/processo, ajuste, fluxo, material ou automação sem evidência de avaria física.",OPERACAO,REAL,ele falha na moducao no alinhador entrada da rotuladora alarme sonoro e espacamento tombamento de garrafas,TRAIN
52337,BAAG,Itabirito,2026-05-12,LINHA001,INSPETOR ROTULOS HEUFT L01,P.EQ.LINHA,,,"ELE - FALHA NA REJEIÇÃO DE GARRAFAS, SENSOR/RECEITA FORMATO DE LS DESAJUSTADO. NECESSARIO ATUAÇÃO NO HEUFT. NOTA: 13265004",10.00,OPERACAO,"Falha de operação/processo, ajuste, fluxo, material ou automação sem evidência de avaria física.",OPERACAO,REAL,ele falha na rejeicao de garrafas sensor receita formato de ls desajustado necessario atuacao no heuft nota 13265004,TRAIN
71024,BAAJ,Maringá,2026-04-03,LINHA005,CARTONADORA TTP LI05,P.EQ.LINHA,Sistema de Agrupamento,,"EMBALAGENS MAL DEPOSITADAS NA CAIXA , GERANDO ENROSCO DE CAIXA NA DOBRADORA FINAL, PISTA02",5.03,OPERACAO,"Falha de operação/processo, ajuste, fluxo, material ou automação sem evidência de avaria física.",OPERACAO,REAL,embalagens mal depositadas na caixa gerando enrosco de caixa na dobradora final pista02,TRAIN
59903,BAAG,Itabirito,2026-08-05,LINHA008,EMPACOTADORA 1 KHS L08,P.EQ.LINHA,Sistema de agrupação,Esteira de transp. Garrafas de,EMPACOTADORA RODANDO ABAIXO DA NOMINAL DEVIDO A AJUSTES E FALHAS DE SOLDAGEM (FIME IMPRESSO),11.96,OPERACAO,"Falha de operação/processo, ajuste, fluxo, material ou automação sem evidência de avaria física.",OPERACAO,REAL,empacotadora rodando abaixo da nominal devido a ajustes e falhas de soldagem fime impresso,TRAIN
24732,BAAE,Mogi,2026-02-04,LINHA002,ENCHEDORA KHS L02,P.EQ.LINHA,Sistema de instrumentos e cont,,ENCHEDORA PARADA / PARAFUSO SOLTO,4.00,MANUTENCAO,Falha técnica/física ou intervenção corretiva em equipamento/componente.,MANUTENCAO,REAL,enchedora parada parafuso solto,TRAIN
21032,BAAD,Jundiaí,2026-08-18,LINHA033,CARTONADORA TTP LI33,P.EQ.LINHA,Unidade de agrupamento,,ENGRENAGEM DO ESTICADOR DA INDEXAÇÃO FORA DE POSIÇÃO. FOI ALINHADO E REFERENCIADO A INDEXAÇÃO.,10.00,OPERACAO,"Falha de operação/processo, ajuste, fluxo, material ou automação sem evidência de avaria física.",OPERACAO,REAL,engrenagem do esticador da indexacao fora de posicao foi alinhado e referenciado a indexacao,TRAIN
84936,BAAL,Antonio Carlos,2026-07-27,LINHA003,EMBALADORA PAKMATIC ZWA 45/F E,P.EQ.LINHA,Sistema de Instrumentos e cont,,ENROLOU FILME NO ROLO DE TRANFERENCIA. NOTA 13337891,2.64,OPERACAO,"Falha de operação/processo, ajuste, fluxo, material ou automação sem evidência de avaria física.",OPERACAO,REAL,enrolou filme no rolo de tranferencia nota 13337891,TRAIN
63651,BAAI,Curitiba,2026-02-03,LINHA002,DESPALETIZADORA SIRIO SMN LI02,P.EQ.LINHA,Estrutura,Estrutura falta/danificada,ENROSCO DE CAIXAS NA SAIDA DA MESA DE CARGA,7.22,OPERACAO,"Falha de operação/processo, ajuste, fluxo, material ou automação sem evidência de avaria física.",OPERACAO,REAL,enrosco de caixas na saida da mesa de carga,TRAIN
33155,BAAE,Mogi,2026-05-23,LINHA003,MO3 ROTULADORA CONTIROLL KRO,P.EQ.LINHA,Sistema de transferência de ga,,ENROSCO DE GARRAFA NA ESTREJA DE SAIDA E ENROSCO NO AR TRANS,10.00,OPERACAO,"Falha de operação/processo, ajuste, fluxo, material ou automação sem evidência de avaria física.",OPERACAO,REAL,enrosco de garrafa na estreja de saida e enrosco no ar trans,TRAIN
7349,BAAD,Jundiaí,2026-01-16,LINHA014,INSP NIVEL CHECK MAT KRO L14,P.EQ.LINHA,Sistema de Inspeção,,ENROSCO DE GARRAFAS DEVIDO A EXCESSO DE FALSA REJEIÇÃO.,5.00,OPERACAO,"Falha de operação/processo, ajuste, fluxo, material ou automação sem evidência de avaria física.",OPERACAO,REAL,enrosco de garrafas devido a excesso de falsa rejeicao,TRAIN
7715,BAAD,Jundiaí,2026-01-22,LINHA009,INSP NIVEL KRO L09,P.EQ.LINHA,Rejeitor,Pistão de rejeito desajustado,"ENROSCO DE GRFS NO TRANSPORTE, FEITO AJUSTE DE PARAMETRO NO REJEITOR.",8.00,OPERACAO,"Falha de operação/processo, ajuste, fluxo, material ou automação sem evidência de avaria física.",OPERACAO,REAL,enrosco de grfs no transporte feito ajuste de parametro no rejeitor,TRAIN
19153,BAAD,Jundiaí,2026-07-21,LINHA034,ENCHEDORA TTP L34,P.EQ.LINHA,Unidade da dobradora final,,ENROSCO DE KAPO NA DOBRADORA,20.00,OPERACAO,"Falha de operação/processo, ajuste, fluxo, material ou automação sem evidência de avaria física.",OPERACAO,REAL,enrosco de kapo na dobradora,TRAIN
71871,BAAJ,Maringá,2026-04-19,LINHA003,CAPSULADOR KHS LI03,P.EQ.LINHA,Sistema de Tampamento,,"ENROSCO DE TAMPA NA TOLVA, E NA CANALETA.",10.00,OPERACAO,"Falha de operação/processo, ajuste, fluxo, material ou automação sem evidência de avaria física.",OPERACAO,REAL,enrosco de tampa na tolva e na canaleta,TRAIN
31359,BAAE,Mogi,2026-05-05,LINHA008,ALIMENTADOR DE TAMPA KRONES L0,P.EQ.LINHA,ALIMENTACAO TAMPAS,,"ENROSCO DE TAMPA NO TRANSPORTADOR DE TAMPA CASCATA""""",10.00,OPERACAO,"Falha de operação/processo, ajuste, fluxo, material ou automação sem evidência de avaria física.",OPERACAO,REAL,enrosco de tampa no transportador de tampa cascata,TRAIN
74931,BAAJ,Maringá,2026-06-24,LINHA003,TRANSPORTE MASSICO DE TAMPAS T,P.EQ.LINHA,,,"ENROSCO DE TAMPA NO TRANSPORTE, ESTEIRA FORA DO PERFIL",5.08,OPERACAO,"Falha de operação/processo, ajuste, fluxo, material ou automação sem evidência de avaria física.",OPERACAO,REAL,enrosco de tampa no transporte esteira fora do perfil,TRAIN
79593,B0AC,Bauru,2026-05-04,LINHA006,ALIMENTADOR TAMPAS GEBO SID,P.EQ.LINHA,SISTEMA ESTRUTURA GERAL GEBO S,,ENROSCO DE TAMPA NO TRILHO. SIS EM FALHA. AGUARDANDO ORDEM,3.07,OPERACAO,"Falha de operação/processo, ajuste, fluxo, material ou automação sem evidência de avaria física.",OPERACAO,REAL,enrosco de tampa no trilho sis em falha aguardando ordem,TRAIN
69183,BAAJ,Maringá,2026-02-24,LINHA007,LACRADOR KHS LI07,P.EQ.LINHA,,,ENROSCO DE TAMPAS NO TWISTER VIRADOR DE TAMPAS CAUSANDO FALTA DE TAMPAS NA CANALETA.,3.21,OPERACAO,"Falha de operação/processo, ajuste, fluxo, material ou automação sem evidência de avaria física.",OPERACAO,REAL,enrosco de tampas no twister virador de tampas causando falta de tampas na canaleta,TRAIN
64921,BAAI,Curitiba,2026-06-08,LINHA001,PALETIZADOR SANMARTIN LI01,P.EQ.LINHA,Sistema de instrumentos e cont,,EQUPAMENTO SE PERDENDO NA CONTAGEM,10.00,OPERACAO,"Falha de operação/processo, ajuste, fluxo, material ou automação sem evidência de avaria física.",OPERACAO,REAL,equpamento se perdendo na contagem,TRAIN
88868,BAAO,Porto Alegre,2026-08-13,LINHA006,EMBALADORA,P.EQ.LINHA,Alimentação corte de filme,,"ERRO NO CORTE , ARREBENTOU , FILME FOI REPASSADO",5.00,OPERACAO,"Falha de operação/processo, ajuste, fluxo, material ou automação sem evidência de avaria física.",OPERACAO,REAL,erro no corte arrebentou filme foi repassado,TRAIN
73103,BAAJ,Maringá,2026-05-15,LINHA006,MIXER STARBLEND PLUS SID,P.EQ.LINHA,CIRCUITO BEBIDA STARBLEND PLUS,,"ERRO NO PROGRAMA, NAO ESTAVA ABRINDO A VALVULA DO TANQUE",15.00,OPERACAO,"Falha de operação/processo, ajuste, fluxo, material ou automação sem evidência de avaria física.",OPERACAO,REAL,erro no programa nao estava abrindo a valvula do tanque,TRAIN
55889,BAAG,Itabirito,2026-06-21,LINHA005,PALETIZADORA KHS L05,P.EQ.LINHA,Transporte de entrada,,ERRO PROGRAMA DESATUALIZADO FALHA FORMAÇÃO DE CAMADAS PEGA DO ROBO EM ATRASO,2.00,OPERACAO,"Falha de operação/processo, ajuste, fluxo, material ou automação sem evidência de avaria física.",OPERACAO,REAL,erro programa desatualizado falha formacao de camadas pega do robo em atraso,TRAIN
39031,BAAF,Campo Grande,2026-03-03,LINHA001,TRANSP CX GAR ENCAIX PALET KHS,P.EQ.LINHA,Instalação elétrica,Sensor/fosocélula danificado,ESPELHO DO SENSOR DE ENTGRADA DE CAIXAS ESTA DANIFICADO,9.43,MANUTENCAO,Falha técnica/física ou intervenção corretiva em equipamento/componente.,MANUTENCAO,REAL,espelho do sensor de entgrada de caixas esta danificado,TRAIN
54480,BAAG,Itabirito,2026-06-08,LINHA008,TRANSP ENCHEDORA WARMER KHS L0,P.EQ.LINHA,Cintas de transporte,Correia transportadora danific,"ESTEIRA DO TRANSPORTE DE SAIDA DA ENCHEDORA COM TOMBAMENTO EXCESSIVOS DE LATAS , 1TB010 A 12 ( ORDEM 30008708693)",20.40,OPERACAO,"Falha de operação/processo, ajuste, fluxo, material ou automação sem evidência de avaria física.",OPERACAO,REAL,esteira do transporte de saida da enchedora com tombamento excessivos de latas 1tb010 a 12 ordem 30008708693,TRAIN
5357,BAAK,Marília,2026-03-07,LINHA001,TRANSP CXS CH ENCA PAL MANUAL,P.EQ.LINHA,Sistema de instrumentos e cont,,"ESTEIRA DO TRANSPORTE ESCAPANDO, ELOS TORTOS / 30008427071",10.00,MANUTENCAO,Falha técnica/física ou intervenção corretiva em equipamento/componente.,MANUTENCAO,REAL,esteira do transporte escapando elos tortos 30008427071,TRAIN
87064,BAAO,Porto Alegre,2026-03-10,LINHA006,PALETIZADORA,P.EQ.LINHA,Sistema Motriz,,ESTEIRA EMBORRACAHADA ENTRADA ROBOBOX CATRAQUEANDO,12.10,MANUTENCAO,Falha técnica/física ou intervenção corretiva em equipamento/componente.,MANUTENCAO,REAL,esteira emborracahada entrada robobox catraqueando,TRAIN
31097,BAAE,Mogi,2026-05-02,LINHA008,ALIMENTADOR DE TAMPA KRONES L0,P.EQ.LINHA,TRANSPORTE VERTICAL,,"ESTEIRA VERTICAL ALIMENTADOR DE TAMPA, ESTAVA TRAVANDO, DEVIDO AO POTENCIOMENTRO DE CONTROLE DE VIBRAÇÃO DA MESMA ESTAR SETADA AO MÁXIMO""""",10.00,OPERACAO,"Falha de operação/processo, ajuste, fluxo, material ou automação sem evidência de avaria física.",OPERACAO,REAL,esteira vertical alimentador de tampa estava travando devido ao potenciomentro de controle de vibracao da mesma estar setada ao maximo,TRAIN
77289,BAAJ,Maringá,2026-08-18,LINHA004,INSPETOR NIVEL HEU LI04,P.EQ.LINHA,Sistema Rejeitor,,"EXCESSO DE FALSOS REJEITOS, CAUSANDO TORQUE NA ENCHEDORA NOTA :13347326				  ESTEIRA",6.90,OPERACAO,"Falha de operação/processo, ajuste, fluxo, material ou automação sem evidência de avaria física.",OPERACAO,REAL,excesso de falsos rejeitos causando torque na enchedora nota 13347326 esteira,TRAIN
44033,BAAG,Itabirito,2026-01-25,LINHA003,TRANS SYNCO MESA REJEITO/WARME,P.EQ.LINHA,Sistema motriz,Velocidade desajustada,EXCESSO DE GARRAFAS TOMBADAS,17.51,OPERACAO,"Falha de operação/processo, ajuste, fluxo, material ou automação sem evidência de avaria física.",OPERACAO,REAL,excesso de garrafas tombadas,TRAIN
48744,BAAG,Itabirito,2026-03-23,LINHA004,TRP DESPALET/ENTRADA PONTE VÁC,P.EQ.LINHA,,,EXCESSO DE LATAS CAIDAS NA PONTE DE VACUO,16.80,OPERACAO,"Falha de operação/processo, ajuste, fluxo, material ou automação sem evidência de avaria física.",OPERACAO,REAL,excesso de latas caidas na ponte de vacuo,TRAIN
14340,BAAD,Jundiaí,2026-04-30,LINHA014,ENCHEDORA KRO L14,P.EQ.LINHA,Sistema elétrico,,FALHA BARRAMENTO ASI ELETRONICOS ATUANDO NO PROBLEMA,39.62,MANUTENCAO,Falha técnica/física ou intervenção corretiva em equipamento/componente.,MANUTENCAO,REAL,falha barramento asi eletronicos atuando no problema,TRAIN
17434,BAAD,Jundiaí,2026-06-25,LINHA017,(TR) CODIFICADORA VIDEO JET (R,P.EQ.LINHA,,,FALHA DA VIDEO-JET,46.17,MANUTENCAO,Falha técnica/física ou intervenção corretiva em equipamento/componente.,MANUTENCAO,REAL,falha da video jet,TRAIN
56150,BAAG,Itabirito,2026-06-24,LINHA005,EMPACOTADORA KHS L05,P.EQ.LINHA,Transporte do forno,,FALHA DE ACUMULO NA SAÍDA DO FORNO,6.00,OPERACAO,"Falha de operação/processo, ajuste, fluxo, material ou automação sem evidência de avaria física.",OPERACAO,REAL,falha de acumulo na saida do forno,TRAIN
77161,BAAJ,Maringá,2026-08-14,LINHA005,CARTONADORA TTP LI05,P.EQ.LINHA,SISTEMA DE AGRUPAMENTO,,"FALHA DE AGRUPAMENTO DE EMBALAGENS, PISTA 02 ( GEROU FILA NA DOBRADORA FINAL E ACUMULADOR HELIX NO MODO BYPASS)",4.01,OPERACAO,"Falha de operação/processo, ajuste, fluxo, material ou automação sem evidência de avaria física.",OPERACAO,REAL,falha de agrupamento de embalagens pista 02 gerou fila na dobradora final e acumulador helix no modo bypass,TRAIN
12202,BAAD,Jundiaí,2026-03-24,LINHA006,TRANSP GAR ENCH EMP ACMI L06,P.EQ.LINHA,Instalação elétrica,Falha PLC,FALHA DE CONEXAO DE REDE DO TRANSPORTE PARA ENCHEDORA,11.12,OPERACAO,"Falha de operação/processo, ajuste, fluxo, material ou automação sem evidência de avaria física.",OPERACAO,REAL,falha de conexao de rede do transporte para enchedora,TRAIN
5593,BAAK,Marília,2026-04-02,LINHA004,ENCHEDORA STARCANS FM E 91 LI0,P.EQ.LINHA,Sistema de enchimento,,FALHA DE ENCHIMENTO DA VALVULA N°19 / JUMPER FISICO DA VALVULA N°19 COM Nº 17 NOTA (N°30008517328),13.00,MANUTENCAO,Falha técnica/física ou intervenção corretiva em equipamento/componente.,MANUTENCAO,REAL,falha de enchimento da valvula n 19 jumper fisico da valvula n 19 com no 17 nota n 30008517328,TRAIN
83057,BAAL,Antonio Carlos,2026-03-27,LINHA002,ENCHEDORA KHS DRV153/18 ENC002,P.EQ.LINHA,Sistema de enchimento,,"FALHA DE ENCHIMENTO, VALVULAS 02,10, 11, 131, 132, 147 NOTA: 13216808",9.00,MANUTENCAO,Falha técnica/física ou intervenção corretiva em equipamento/componente.,MANUTENCAO,REAL,falha de enchimento valvulas 02 10 11 131 132 147 nota 13216808,TRAIN
56526,BAAG,Itabirito,2026-06-28,LINHA005,TRANSP PCT EMPACOT AMBAF KHS L,P.EQ.LINHA,Sistema elétrico,Sensor/fotocélula desajustado,FALHA DE FALSO PACOTE TRAVADO,3.50,OPERACAO,"Falha de operação/processo, ajuste, fluxo, material ou automação sem evidência de avaria física.",OPERACAO,REAL,falha de falso pacote travado,TRAIN
86713,BAAO,Porto Alegre,2026-02-19,LINHA002,PALETIZADORA,P.EQ.LINHA,,,FALHA DE FORMAÇÃO SAM MARTIM ATUANDO,12.00,OPERACAO,"Falha de operação/processo, ajuste, fluxo, material ou automação sem evidência de avaria física.",OPERACAO,REAL,falha de formacao sam martim atuando,TRAIN
15219,BAAD,Jundiaí,2026-05-14,LINHA006,TRANSP GAR ENCH EMP ACMI L06,P.EQ.LINHA,Instalação elétrica,Painel de controle falha,FALHA DE INTERCONEXÃO DE REDE NO TRANSPORTE DE GARRAFAS,6.07,OPERACAO,"Falha de operação/processo, ajuste, fluxo, material ou automação sem evidência de avaria física.",OPERACAO,REAL,falha de interconexao de rede no transporte de garrafas,TRAIN
67120,BAAJ,Maringá,2026-01-22,LINHA004,EMPACOTADORA VEGA OCM,P.EQ.LINHA,FORMAÇÃO DE PACOTES,,"FALHA DE POSIÇÃO DO ABALADOR, NECESSÁRIO RESETE DA CHAVE GERAL DA MÁQUINA.",30.00,OPERACAO,"Falha de operação/processo, ajuste, fluxo, material ou automação sem evidência de avaria física.",OPERACAO,REAL,falha de posicao do abalador necessario resete da chave geral da maquina,TRAIN
62810,BAAG,Itabirito,2026-09-03,LINHA001,LAVADORA GARRAFAS GEB L01,P.EQ.LINHA,Sistema Elétrico,Componentes de controle danifi,FALHA DE PRESSOSTATO DE PULVERIZAÇÃO VÁRIAS VEZES DURANTE O INTERVALO,10.00,MANUTENCAO,Falha técnica/física ou intervenção corretiva em equipamento/componente.,MANUTENCAO,REAL,falha de pressostato de pulverizacao varias vezes durante o intervalo,TRAIN
79424,B0AC,Bauru,2026-04-21,LINHA006,DOSADOR NITROGENIO G2 PRO VAC,P.EQ.LINHA,SISTEMA UNIDADE DOSAGEM SID,,FALHA DOSAGEM NITROGENIO / AGUARDANDO ORDEM ELETRICA,12.00,MANUTENCAO,Falha técnica/física ou intervenção corretiva em equipamento/componente.,MANUTENCAO,REAL,falha dosagem nitrogenio aguardando ordem eletrica,TRAIN
96563,BAAR,Santa Maria,2026-06-26,LINHA001,"SOPRADORA BLOMAX 10L, SERIE 5",P.EQ.LINHA,Sistema elétrico,,FALHA ELETRICA AEREO ON LINE  MAN. ATUANDO,15.64,MANUTENCAO,Falha técnica/física ou intervenção corretiva em equipamento/componente.,MANUTENCAO,REAL,falha eletrica aereo on line man atuando,TRAIN
23212,BAAE,Mogi,2026-01-12,LINHA003,MO3 ROTULADORA CONTIROLL KRO,P.EQ.LINHA,Sistema Elétrico,,FALHA ELETRICA ( BARRAMENTO ASI ),12.96,MANUTENCAO,Falha técnica/física ou intervenção corretiva em equipamento/componente.,MANUTENCAO,REAL,falha eletrica barramento asi,TRAIN
14599,BAAD,Jundiaí,2026-05-05,LINHA009,PREPARADOR BEBIDAS MIT L09,P.EQ.LINHA,SISTEMA CIRCUITO DE AGUA SM-60,,FALHA ELÉTRICA NA BOMBA DE ÁGUA,21.00,MANUTENCAO,Falha técnica/física ou intervenção corretiva em equipamento/componente.,MANUTENCAO,REAL,falha eletrica na bomba de agua,TRAIN
24337,BAAE,Mogi,2026-01-30,LINHA001,MO1 ROTULADORA KRONES CONTIROL,P.EQ.LINHA,Sistema Elétrico,,FALHA ELETRICA NO POLEIRO DE COLA,60.00,MANUTENCAO,Falha técnica/física ou intervenção corretiva em equipamento/componente.,MANUTENCAO,REAL,falha eletrica no poleiro de cola,TRAIN
88488,BAAO,Porto Alegre,2026-06-29,LINHA005,(TR) CODIFICADORA,P.EQ.LINHA,Sistema de Instrumentos e cont,,FALHA INSPETOR (TEMPERATURA LASER),5.46,MANUTENCAO,Falha técnica/física ou intervenção corretiva em equipamento/componente.,MANUTENCAO,REAL,falha inspetor temperatura laser,TRAIN
27537,BAAE,Mogi,2026-03-13,LINHA008,PALETIZADORA KRONES L08,P.EQ.LINHA,SISTEMA ESTACAO DE CARREGAMENT,,FALHA NA APILICAÇÃO DO CHAPATEX,16.36,OPERACAO,"Falha de operação/processo, ajuste, fluxo, material ou automação sem evidência de avaria física.",OPERACAO,REAL,falha na apilicacao do chapatex,TRAIN
82507,BAAL,Antonio Carlos,2026-02-25,LINHA001,MAGAZINE PALETE KR57 A88 KRO,P.EQ.LINHA,MAGAZI PORTA PALLET KR57-A88=T,,FALHA NA BARREIRA DE ACESSO DE MAGAZINE DE PALETE DE CAIXA GARRAFAS VAZIA NOTA // 13183781,17.06,MANUTENCAO,Falha técnica/física ou intervenção corretiva em equipamento/componente.,MANUTENCAO,REAL,falha na barreira de acesso de magazine de palete de caixa garrafas vazia nota 13183781,TRAIN
81874,BAAL,Antonio Carlos,2026-01-30,LINHA002,PALETIZADORA KHS PB1N3 PAL0006,P.EQ.LINHA,Sistema elétrico,,FALHA NA BARREIRA DE SEGURANÇA NOTA:13153049,3.00,MANUTENCAO,Falha técnica/física ou intervenção corretiva em equipamento/componente.,MANUTENCAO,REAL,falha na barreira de seguranca nota 13153049,TRAIN
72294,BAAJ,Maringá,2026-04-28,LINHA004,ROBO PALETIZADORA M 410IB/160,P.EQ.LINHA,SISTEMA ELETRICO M-410iB/160 F,,FALHA NA BARREIRA DO MAGAZINE DE PALETE DE CHAPATEX,34.55,MANUTENCAO,Falha técnica/física ou intervenção corretiva em equipamento/componente.,MANUTENCAO,REAL,falha na barreira do magazine de palete de chapatex,TRAIN
6137,BAAK,Marília,2026-07-20,LINHA005,SYNCROJET TANQUE DE MISTURA,P.EQ.LINHA,Estrutura,,FALHA NA BOMBA DE ENVIO DE CARBONATO PARA ESTAÇÃO,9.88,MANUTENCAO,Falha técnica/física ou intervenção corretiva em equipamento/componente.,MANUTENCAO,REAL,falha na bomba de envio de carbonato para estacao,TRAIN
5925,BAAK,Marília,2026-06-13,LINHA003,EMPACOTADORA VARIOPAC KRO LI03,P.EQ.LINHA,Sistema Elétrico,,FALHA NA BOMBA DE VÀCUO DA RAMPA  DE SUBIDA DO FILME ORDEM 30008733922,45.00,MANUTENCAO,Falha técnica/física ou intervenção corretiva em equipamento/componente.,MANUTENCAO,REAL,falha na bomba de vacuo da rampa de subida do filme ordem 30008733922,TRAIN
56930,BAAG,Itabirito,2026-07-02,LINHA003,CODIFICADORA MARKEM IMAJE L03,P.EQ.LINHA,,,"FALHA NA CODIFICAÇÃO, CAUSANDO CRSH NA SAÍDA DO TRANSPORTADOR, RETIRADA A FALHA E FEITO RESET DO EQUIPAMENTO.",1.10,OPERACAO,"Falha de operação/processo, ajuste, fluxo, material ou automação sem evidência de avaria física.",OPERACAO,REAL,falha na codificacao causando crsh na saida do transportador retirada a falha e feito reset do equipamento,TRAIN
18749,BAAD,Jundiaí,2026-07-16,LINHA008,ENVOLVEDORA FILME ACMI L08,P.EQ.LINHA,Instalação elétrica,Conexões soltas,FALHA NA CONEXÃO DO DRIVE,34.80,MANUTENCAO,Falha técnica/física ou intervenção corretiva em equipamento/componente.,MANUTENCAO,REAL,falha na conexao do drive,TRAIN
27695,BAAE,Mogi,2026-03-15,LINHA003,PALETIZADOR SIM L03,P.EQ.LINHA,Sistema de instrumentos e cont,,FALHA NA CONTRA TRAVA,19.68,MANUTENCAO,Falha técnica/física ou intervenção corretiva em equipamento/componente.,MANUTENCAO,REAL,falha na contra trava,TRAIN
56622,BAAG,Itabirito,2026-06-29,LINHA001,PALETIZADORA GEB L01,P.EQ.LINHA,Instalação elétrica,Falha RED dispositivo rede,FALHA NA ENVOLVEDORA PERDENDO O SINCRONISMO DO TRANSPORTE. NECESSÁRIO A MOVIMENTAÇÃO MANUAL DOS PALETES E RESETADO O TRANSPORTE.,7.00,OPERACAO,"Falha de operação/processo, ajuste, fluxo, material ou automação sem evidência de avaria física.",OPERACAO,REAL,falha na envolvedora perdendo o sincronismo do transporte necessario a movimentacao manual dos paletes e resetado o transporte,TRAIN
35762,BAAE,Mogi,2026-08-06,LINHA008,ROTULADORA KRONES L08,P.EQ.LINHA,TRANSPORTE SAIDA RECIPIENTES,,FALHA NA ESTRELA DE TRANSFERENCIA 1 (3X) - (MANUTENÇÃO E KRONES ATUANDO),20.00,MANUTENCAO,Falha técnica/física ou intervenção corretiva em equipamento/componente.,MANUTENCAO,REAL,falha na estrela de transferencia 1 3x manutencao e krones atuando,TRAIN
83175,BAAL,Antonio Carlos,2026-04-01,LINHA007,ROBO BOX KRONES KR68481 L07,P.EQ.LINHA,,,FALHA NA FORMAÇÃO DE CAMADAS E COLIDINDO PACOTES NOTA 13221624,7.47,OPERACAO,"Falha de operação/processo, ajuste, fluxo, material ou automação sem evidência de avaria física.",OPERACAO,REAL,falha na formacao de camadas e colidindo pacotes nota 13221624,TRAIN
84568,BAAL,Antonio Carlos,2026-07-02,LINHA001,DESCAPSULADORA KRONES ROTOMAT,P.EQ.LINHA,Estrutura,,FALHA NA GARRA DA ESTRELA - NOTA - 13314390,26.26,MANUTENCAO,Falha técnica/física ou intervenção corretiva em equipamento/componente.,MANUTENCAO,REAL,falha na garra da estrela nota 13314390,TRAIN
41148,BAAF,Campo Grande,2026-07-29,LINHA001,ENCAIXOTADORA KHS L01,P.EQ.LINHA,ESTRUTURA,,FALHA NA GRELHA,6.00,MANUTENCAO,Falha técnica/física ou intervenção corretiva em equipamento/componente.,MANUTENCAO,REAL,falha na grelha,TRAIN
9760,BAAD,Jundiaí,2026-02-20,LINHA012,TRANSP PALETE SMA L12,P.EQ.LINHA,Instalação elétrica,Falha na rede de comunicção,FALHA NA MESA DE ELEVAÇÃO DE PALETES,12.00,MANUTENCAO,Falha técnica/física ou intervenção corretiva em equipamento/componente.,MANUTENCAO,REAL,falha na mesa de elevacao de paletes,TRAIN
20203,BAAD,Jundiaí,2026-08-06,LINHA011,EMPACOTADORA PAK L11,P.EQ.LINHA,Alimentação corte de filme,Corte desajustado,FALHA NA MESA DE ENVOLVIMENTO,30.00,OPERACAO,"Falha de operação/processo, ajuste, fluxo, material ou automação sem evidência de avaria física.",OPERACAO,REAL,falha na mesa de envolvimento,TRAIN
77416,BAAJ,Maringá,2026-08-21,LINHA004,ENVOLVEDORA SID LI04,P.EQ.LINHA,SISTEMA DE CORTE DO FILME,,FALHA NA PINÇA,8.08,MANUTENCAO,Falha técnica/física ou intervenção corretiva em equipamento/componente.,MANUTENCAO,REAL,falha na pinca,TRAIN
78535,B0AC,Bauru,2026-02-03,LINHA007,ROTULADORA EVODECO SIDEL LI07,P.EQ.LINHA,,,FALHA NA PORTA  30008320945,0.58,MANUTENCAO,Falha técnica/física ou intervenção corretiva em equipamento/componente.,MANUTENCAO,REAL,falha na porta 30008320945,TRAIN
5222,BAAK,Marília,2026-02-13,LINHA006,BOMBA RESFRIAMENTO DE FUNDO GA,P.EQ.LINHA,,,FALHA NA REFRIGERACAO DE FUNDO DA GARRAFA,2.40,MANUTENCAO,Falha técnica/física ou intervenção corretiva em equipamento/componente.,MANUTENCAO,REAL,falha na refrigeracao de fundo da garrafa,TRAIN
21390,BAAD,Jundiaí,2026-08-22,LINHA016,TRP REJEITOS L16,P.EQ.LINHA,,,FALHA NA REJEIÇÃO,2.00,OPERACAO,"Falha de operação/processo, ajuste, fluxo, material ou automação sem evidência de avaria física.",OPERACAO,REAL,falha na rejeicao,TRAIN
62508,BAAG,Itabirito,2026-08-31,LINHA005,INSP NIVEL TAMPA HEUFT L05,P.EQ.LINHA,SISTEMA REJEITORES HBBVXT HEU,,FALHA NA REJEIÇÃO DE GARRAFAS SEM TAMPA,6.33,OPERACAO,"Falha de operação/processo, ajuste, fluxo, material ou automação sem evidência de avaria física.",OPERACAO,REAL,falha na rejeicao de garrafas sem tampa,TRAIN
87613,BAAO,Porto Alegre,2026-04-14,LINHA001,ROTULADORA ROTATIVA LI01,P.EQ.LINHA,Sistema de transferência de ga,,FALHA NA ROTULAGEM DO AGREGADO 1,21.57,OPERACAO,"Falha de operação/processo, ajuste, fluxo, material ou automação sem evidência de avaria física.",OPERACAO,REAL,falha na rotulagem do agregado 1,TRAIN
41830,BAAF,Campo Grande,2026-08-31,LINHA003,DESPALETIZADORA LATAS KHS L03,P.EQ.LINHA,Instalação elétrica,Painel de controle falha,FALHA NA SAÍDA DE PALETES.,31.68,MANUTENCAO,Falha técnica/física ou intervenção corretiva em equipamento/componente.,MANUTENCAO,REAL,falha na saida de paletes,TRAIN
80395,B0AC,Bauru,2026-07-09,LINHA001,CODIFICADORA 1620 VID LI01,P.EQ.LINHA,Sistema de Instrumentos e cont,,FALHA NA TELA DA DATADORA - ORDEM 30008789007,60.00,MANUTENCAO,Falha técnica/física ou intervenção corretiva em equipamento/componente.,MANUTENCAO,REAL,falha na tela da datadora ordem 30008789007,TRAIN
13342,BAAD,Jundiaí,2026-04-13,LINHA007,TRANSP PALETE ACMI (CHEIO) L07,P.EQ.LINHA,Instalação elétrica,Falha PLC,FALHA NA TRANSFERENCIA DE PALETE/ ATRASO NO SINAL E FALHA NA PALETIZADORA,14.00,OPERACAO,"Falha de operação/processo, ajuste, fluxo, material ou automação sem evidência de avaria física.",OPERACAO,REAL,falha na transferencia de palete atraso no sinal e falha na paletizadora,TRAIN
84424,BAAL,Antonio Carlos,2026-06-20,MULTI006,FORMADORA MULTIPACK AUT ACMI L,P.EQ.LINHA,Sistema de instrumentos e cont,,FALHA NA TROCA AUTOMATICA DA FITA. NOTA 13305510,6.67,OPERACAO,"Falha de operação/processo, ajuste, fluxo, material ou automação sem evidência de avaria física.",OPERACAO,REAL,falha na troca automatica da fita nota 13305510,TRAIN
77614,BAAJ,Maringá,2026-08-26,LINHA004,CARBO 2100 ANP LI04,P.EQ.LINHA,Sistema de Válvulas,,FALHA NA VALVULA  AVS230,30.00,MANUTENCAO,Falha técnica/física ou intervenção corretiva em equipamento/componente.,MANUTENCAO,REAL,falha na valvula avs230,TRAIN
78488,B0AC,Bauru,2026-01-31,LINHA003,ENCHEDORA ZGL LI03,P.EQ.LINHA,Sistema pneumático,,FALHA NA VALVULA MODULADORA 30008310564,10.00,MANUTENCAO,Falha técnica/física ou intervenção corretiva em equipamento/componente.,MANUTENCAO,REAL,falha na valvula moduladora 30008310564,TRAIN
15368,BAAD,Jundiaí,2026-05-16,LINHA014,PALETIZADOR KRO L14,P.EQ.LINHA,SISTEMA ENTRADA,,FALHA NA VIA 1 E VIA 2 FALTANDO CAIXA,18.00,OPERACAO,"Falha de operação/processo, ajuste, fluxo, material ou automação sem evidência de avaria física.",OPERACAO,REAL,falha na via 1 e via 2 faltando caixa,TRAIN
88155,BAAO,Porto Alegre,2026-05-22,LINHA004,ENVOLVEDORA STRETCH,P.EQ.LINHA,Sistema Elétrico,,FALHA NO ACIONAMENTO DO SENSOR DO CORDÃO,7.60,MANUTENCAO,Falha técnica/física ou intervenção corretiva em equipamento/componente.,MANUTENCAO,REAL,falha no acionamento do sensor do cordao,TRAIN
37336,BAAE,Mogi,2026-08-28,LINHA003,MO3 SOPRADORA CONTIFORM KRO,P.EQ.LINHA,MODULO DO SOPRO,,FALHA NO CAME  EQUEBRA DE ROLAMENTO,60.00,MANUTENCAO,Falha técnica/física ou intervenção corretiva em equipamento/componente.,MANUTENCAO,REAL,falha no came equebra de rolamento,TRAIN
5196,BAAK,Marília,2026-02-12,LINHA003,ENCHEDORA EUROTRONICA FM LI03,P.EQ.LINHA,Sistema elétrico,,FALHA NO CARTÃO MESTRE,10.50,MANUTENCAO,Falha técnica/física ou intervenção corretiva em equipamento/componente.,MANUTENCAO,REAL,falha no cartao mestre,TRAIN
85806,BAAO,Porto Alegre,2026-01-08,LINHA001,ENCAIXOTADORA,P.EQ.LINHA,Sistema Motriz,Falha no ciclo de operação,FALHA NO CENTRADOR E CABEÇOTE,5.00,OPERACAO,"Falha de operação/processo, ajuste, fluxo, material ou automação sem evidência de avaria física.",OPERACAO,REAL,falha no centrador e cabecote,TRAIN
31268,BAAE,Mogi,2026-05-04,LINHA008,INSPETOR CHECKMAT FEM-K+L KRON,P.EQ.LINHA,MONITORACAO PRODUTO,,FALHA NO CHECKMAT NA BARREIRA DE LUZ,16.82,MANUTENCAO,Falha técnica/física ou intervenção corretiva em equipamento/componente.,MANUTENCAO,REAL,falha no checkmat na barreira de luz,TRAIN
72507,BAAJ,Maringá,2026-05-04,LINHA007,PALETIZADORA KHS LI07,P.EQ.LINHA,Sistema de instrumentos e cont,,FALHA NO CICLO,8.24,OPERACAO,"Falha de operação/processo, ajuste, fluxo, material ou automação sem evidência de avaria física.",OPERACAO,REAL,falha no ciclo,TRAIN
64443,BAAI,Curitiba,2026-04-28,LINHA002,DESPALETIZADORA SIRIO SMN LI02,P.EQ.LINHA,Sistema Pneumático,,FALHA NO CILINDRO.,20.00,MANUTENCAO,Falha técnica/física ou intervenção corretiva em equipamento/componente.,MANUTENCAO,REAL,falha no cilindro,TRAIN
32911,BAAE,Mogi,2026-05-21,LINHA003,ROTULADORA L03,P.EQ.LINHA,Sistema de Instrumentos e cont,,FALHA NO CILINDRO DE COLA AJUSTES,6.24,OPERACAO,"Falha de operação/processo, ajuste, fluxo, material ou automação sem evidência de avaria física.",OPERACAO,REAL,falha no cilindro de cola ajustes,TRAIN
23803,BAAE,Mogi,2026-01-21,LINHA001,TRANS PACOT EMPACOT PALETIZA L,P.EQ.LINHA,Sistema de instrumentos e cont,,FALHA NO CORTE DO FILME/ PACOTES ABERTOS NO TRANSPORTADOR,6.24,OPERACAO,"Falha de operação/processo, ajuste, fluxo, material ou automação sem evidência de avaria física.",OPERACAO,REAL,falha no corte do filme pacotes abertos no transportador,TRAIN
65505,BAAI,Curitiba,2026-07-20,LINHA001,ALIMENTADOR TAMPAS LATA CSW LI,P.EQ.LINHA,Sistema Motriz,Cadeia danificada,FALHA NO CORTE DO PAPEL NOTA=13330590,20.40,MANUTENCAO,Falha técnica/física ou intervenção corretiva em equipamento/componente.,MANUTENCAO,REAL,falha no corte do papel nota 13330590,TRAIN
70747,BAAJ,Maringá,2026-03-23,LINHA004,ROTULADORA SID LI04,P.EQ.LINHA,SISTEMA DE COLA,,FALHA NO DIJUNTOR DO SISTEMA DE AQUECIMENTO DA COLA ( QUEDA DE TEMPERATURA) NOTA:13211096,30.09,MANUTENCAO,Falha técnica/física ou intervenção corretiva em equipamento/componente.,MANUTENCAO,REAL,falha no dijuntor do sistema de aquecimento da cola queda de temperatura nota 13211096,TRAIN
78800,B0AC,Bauru,2026-03-01,LINHA007,DOSADOR DE NITROGENIO CHART LI,P.EQ.LINHA,,,FALHA NO DOSADOR DE NITROGENIO ORDEM: 30008410013,55.76,MANUTENCAO,Falha técnica/física ou intervenção corretiva em equipamento/componente.,MANUTENCAO,REAL,falha no dosador de nitrogenio ordem 30008410013,TRAIN
78997,B0AC,Bauru,2026-03-18,LINHA003,SOPRADORA ESA2/10 MUL,P.EQ.LINHA,Sistema Elétrico,Falha elétrica,FALHA NO DRIVE DE ESTIRAMENTO. ORDEM: 30008460486,7.73,MANUTENCAO,Falha técnica/física ou intervenção corretiva em equipamento/componente.,MANUTENCAO,REAL,falha no drive de estiramento ordem 30008460486,TRAIN
43420,BAAG,Itabirito,2026-01-19,LINHA006,SECADOR EUR L06,P.EQ.LINHA,Sistema elétrico,,FALHA NO DRIVE DO OGD3TA44,30.55,MANUTENCAO,Falha técnica/física ou intervenção corretiva em equipamento/componente.,MANUTENCAO,REAL,falha no drive do ogd3ta44,TRAIN
89927,BAAR,Santa Maria,2026-01-16,LINHA004,DESPALETIZADORA DE LATAS- L04,P.EQ.LINHA,Sistema Elevador,,FALHA NO ELEVADOR TEC BRUNO ATUANDO,10.00,MANUTENCAO,Falha técnica/física ou intervenção corretiva em equipamento/componente.,MANUTENCAO,REAL,falha no elevador tec bruno atuando,TRAIN
62166,BAAG,Itabirito,2026-08-25,LINHA007,PALETIZADORA KHS L07,P.EQ.LINHA,Mesa empurradora,,FALHA NO EMPURRADOR DE CAMADAS OCASIONANDO PERDA DE CICLO,7.00,MANUTENCAO,Falha técnica/física ou intervenção corretiva em equipamento/componente.,MANUTENCAO,REAL,falha no empurrador de camadas ocasionando perda de ciclo,TRAIN
35851,BAAE,Mogi,2026-08-08,LINHA003,ENCHEDORA ZEGLA L03,P.EQ.LINHA,SISTEMA ESTRUTURA RZRETP40/50/,,FALHA NO ENCHIMENTO DAS GARRAFAS / MECANICO ACOMPANHANDO A LINHA  / VALVULA N47 TRAVADA,30.00,MANUTENCAO,Falha técnica/física ou intervenção corretiva em equipamento/componente.,MANUTENCAO,REAL,falha no enchimento das garrafas mecanico acompanhando a linha valvula n47 travada,TRAIN
6764,BAAD,Jundiaí,2026-01-07,LINHA006,TRANSP GAR ENCH EMP ACMI L06,P.EQ.LINHA,Instalação elétrica,Sensor danificado,"FALHA NO FUNCIONAMENTO DO PULMÃO, O MESMO NÃO ESVAZIA EM AUTOMÁTICO",28.54,OPERACAO,"Falha de operação/processo, ajuste, fluxo, material ou automação sem evidência de avaria física.",OPERACAO,REAL,falha no funcionamento do pulmao o mesmo nao esvazia em automatico,TRAIN
70137,BAAJ,Maringá,2026-03-13,LINHA007,INSPETOR GARRAFAS CHEIA HEUFT,P.EQ.LINHA,Sistema de instrumentos e cont,,FALHA NO INSP. DE NIVEL COM ALTO REGEITO DE GRFS,15.00,OPERACAO,"Falha de operação/processo, ajuste, fluxo, material ou automação sem evidência de avaria física.",OPERACAO,REAL,falha no insp de nivel com alto regeito de grfs,TRAIN
13167,BAAD,Jundiaí,2026-04-10,LINHA001,PALETIZADORA 2 L01,P.EQ.LINHA,Sistema de segurança,,"FALHA NO INVERSOR DA PALETIZADORA, PAINEL DE SEGURANÇA SCHMERSAL EM FALHA",16.10,MANUTENCAO,Falha técnica/física ou intervenção corretiva em equipamento/componente.,MANUTENCAO,REAL,falha no inversor da paletizadora painel de seguranca schmersal em falha,TRAIN
5929,BAAK,Marília,2026-06-16,LINHA005,TRPTE GRFS CH ROTULAD ENCAIXOT,P.EQ.LINHA,Sistema Elétrico,,FALHA NO INVERSOR DO MOTOR 232 ORDEM 30008740557,3.65,MANUTENCAO,Falha técnica/física ou intervenção corretiva em equipamento/componente.,MANUTENCAO,REAL,falha no inversor do motor 232 ordem 30008740557,TRAIN
82727,BAAL,Antonio Carlos,2026-03-09,MULTI006,ENVOLVEDORA TOSA LI06,P.EQ.LINHA,Sistema de instrumentos e cont,,"FALHA NO MOTOR DE CORDÃO, CAINDO GARRAFA, REALIZADO RESET, NOTA 13194685.",8.00,MANUTENCAO,Falha técnica/física ou intervenção corretiva em equipamento/componente.,MANUTENCAO,REAL,falha no motor de cordao caindo garrafa realizado reset nota 13194685,TRAIN
85555,BAAL,Antonio Carlos,2026-08-25,MULTI006,ENVOLVEDORA TOSA LI06,P.EQ.LINHA,Sistema de instrumentos e cont,,FALHA NO MOTOR DE PASSE DO CORDÃO,4.00,MANUTENCAO,Falha técnica/física ou intervenção corretiva em equipamento/componente.,MANUTENCAO,REAL,falha no motor de passe do cordao,TRAIN
74065,BAAJ,Maringá,2026-06-02,LINHA004,EMPACOTADORA VEGA OCM,P.EQ.LINHA,SISTEMA DE  AGRUPAMENTO,,"FALHA NO PINO DE SEPARAÇÃO DAS GARRAFAS,",59.03,MANUTENCAO,Falha técnica/física ou intervenção corretiva em equipamento/componente.,MANUTENCAO,REAL,falha no pino de separacao das garrafas,TRAIN
43305,BAAG,Itabirito,2026-01-17,LINHA006,ROBO PAL KR40PA KUKA LI06 BR11,P.EQ.LINHA,SISTEMA ELETRICO KR40PA KUK,,FALHA NO PROGRAMA DO ROBÔ 2LK.,8.00,OPERACAO,"Falha de operação/processo, ajuste, fluxo, material ou automação sem evidência de avaria física.",OPERACAO,REAL,falha no programa do robo 2lk,TRAIN
28679,BAAE,Mogi,2026-04-02,LINHA001,ENCHEDORA L01,P.EQ.LINHA,Sistema elétrico,,FALHA NO RESET DAS PORTAS,18.00,OPERACAO,"Falha de operação/processo, ajuste, fluxo, material ou automação sem evidência de avaria física.",OPERACAO,REAL,falha no reset das portas,TRAIN
41058,BAAF,Campo Grande,2026-07-27,LINHA001,DESENCAIXOTADORA KHS L01,P.EQ.LINHA,SISTEMA ELETRICO VAM IV 1351/4,,FALHA NO SENSOR DA PORTA DE CORRER,4.00,MANUTENCAO,Falha técnica/física ou intervenção corretiva em equipamento/componente.,MANUTENCAO,REAL,falha no sensor da porta de correr,TRAIN
16566,BAAD,Jundiaí,2026-06-11,LINHA016,DESPALETIZADORA OCME L16,P.EQ.LINHA,Transporte de palete,,FALHA NO SENSOR DE ELEVAÇÃO DO BULK.,3.85,MANUTENCAO,Falha técnica/física ou intervenção corretiva em equipamento/componente.,MANUTENCAO,REAL,falha no sensor de elevacao do bulk,TRAIN
5257,BAAK,Marília,2026-02-17,LINHA006,PALETIZADORA OCME L06,P.EQ.LINHA,Sistema elétrico,,FALHA NO SENSOR DE ESTEIRA LENTA,3.00,MANUTENCAO,Falha técnica/física ou intervenção corretiva em equipamento/componente.,MANUTENCAO,REAL,falha no sensor de esteira lenta,TRAIN
9586,BAAD,Jundiaí,2026-02-18,LINHA014,ENCAIXOTADORA KRO L14,P.EQ.LINHA,Sistema Elétrico,,FALHA NO SENSOR DE POCIONAMENTO DE CAIXA,7.00,MANUTENCAO,Falha técnica/física ou intervenção corretiva em equipamento/componente.,MANUTENCAO,REAL,falha no sensor de pocionamento de caixa,TRAIN
25358,BAAE,Mogi,2026-02-13,LINHA001,PALETIZADOR KHS L01,P.EQ.LINHA,Sistema elétrico,,FALHA NO SENSOR DE SAIDA DA PALETIZADORA,7.00,MANUTENCAO,Falha técnica/física ou intervenção corretiva em equipamento/componente.,MANUTENCAO,REAL,falha no sensor de saida da paletizadora,TRAIN
19623,BAAD,Jundiaí,2026-07-28,LINHA009,RINSER KRO L09,P.EQ.LINHA,Instalação elétrica,Sensores danificados,"FALHA NO SENSOR DO AÉREO, CAUSANDO A PARADA DO RINSER",4.56,MANUTENCAO,Falha técnica/física ou intervenção corretiva em equipamento/componente.,MANUTENCAO,REAL,falha no sensor do aereo causando a parada do rinser,TRAIN
16491,BAAD,Jundiaí,2026-06-10,LINHA001,PALETIZADORA 1 L01,P.EQ.LINHA,Sistema elétrico,,"FALHA NO SERVO DO CENTRADOR, FOI NECESSARIO RESETAR GERAL O EQUIPAMENTO.",30.43,MANUTENCAO,Falha técnica/física ou intervenção corretiva em equipamento/componente.,MANUTENCAO,REAL,falha no servo do centrador foi necessario resetar geral o equipamento,TRAIN
5393,BAAK,Marília,2026-03-11,LINHA006,PALETIZADORA OCME L06,P.EQ.LINHA,Sistema elétrico,,FALHA NO SERVO NOTA 30008437720,7.20,MANUTENCAO,Falha técnica/física ou intervenção corretiva em equipamento/componente.,MANUTENCAO,REAL,falha no servo nota 30008437720,TRAIN
80541,B0AC,Bauru,2026-07-31,LINHA006,EMPACOTADORA EVOFILM 4M F4 SID,P.EQ.LINHA,SISTEMA CONTROLE EVOFILM 4M F4,,FALHA NO SISTEMA DE ENTRADA DE PACOTES,12.51,OPERACAO,"Falha de operação/processo, ajuste, fluxo, material ou automação sem evidência de avaria física.",OPERACAO,REAL,falha no sistema de entrada de pacotes,TRAIN
72372,BAAJ,Maringá,2026-04-29,LINHA007,DESENCAIXOTADORA KHS L07,P.EQ.LINHA,Sistema pneumático,,FALHA NO SISTEMA PNEUMATICO DO PEGA DE CAIXAS DA DESENCAIXOTADORA,30.00,MANUTENCAO,Falha técnica/física ou intervenção corretiva em equipamento/componente.,MANUTENCAO,REAL,falha no sistema pneumatico do pega de caixas da desencaixotadora,TRAIN
41372,BAAF,Campo Grande,2026-08-08,LINHA001,INSPETOR ASEBI FILTEC OMNIVISI,P.EQ.LINHA,Estrutura,Qualidade de peças,FALHA NO TESTE INSPECÄO HEUFT,18.00,OPERACAO,"Falha de operação/processo, ajuste, fluxo, material ou automação sem evidência de avaria física.",OPERACAO,REAL,falha no teste inspecao heuft,TRAIN
28106,BAAE,Mogi,2026-03-23,LINHA008,ALIMENTADOR DE TAMPA KRONES L0,P.EQ.LINHA,INSPECAO TAMPAS,,FALHA NO TOMBADOR DE TAMPA,33.82,MANUTENCAO,Falha técnica/física ou intervenção corretiva em equipamento/componente.,MANUTENCAO,REAL,falha no tombador de tampa,TRAIN
45126,BAAG,Itabirito,2026-02-06,LINHA005,ROBO PAL KR40PA KUKA 002 LI05,P.EQ.LINHA,SISTEMA ELETRICO KR40PA KUK,,FALHA RECONHECIMENTO MODO T1 ROBO 2LK,10.66,OPERACAO,"Falha de operação/processo, ajuste, fluxo, material ou automação sem evidência de avaria física.",OPERACAO,REAL,falha reconhecimento modo t1 robo 2lk,TRAIN
64557,BAAI,Curitiba,2026-05-11,LINHA001,EMPACOTADORA OCME LI01,P.EQ.LINHA,Sistema de Instrumentos e cont,,FALHA SISTEMA DE SOLDA NOTA13263719,16.80,MANUTENCAO,Falha técnica/física ou intervenção corretiva em equipamento/componente.,MANUTENCAO,REAL,falha sistema de solda nota13263719,TRAIN
58653,BAAG,Itabirito,2026-07-24,LINHA005,TRANSP PALLET KHS L05,P.EQ.LINHA,Instalação elétrica,Falha PLC,FALHA TROCA AUTOMATICA CHAPATEX,6.00,OPERACAO,"Falha de operação/processo, ajuste, fluxo, material ou automação sem evidência de avaria física.",OPERACAO,REAL,falha troca automatica chapatex,TRAIN
19327,BAAD,Jundiaí,2026-07-24,LINHA012,INSP LINATRONIC KRO L12,P.EQ.LINHA,Sistema de inspeção,Câmera de fundo falha,FALSA REJEIÇÃO POR FUNDO DEVIDO VIDRO CAMERA DE FUNDO COM RESIDUO DE AGUA .,10.50,OPERACAO,"Falha de operação/processo, ajuste, fluxo, material ou automação sem evidência de avaria física.",OPERACAO,REAL,falsa rejeicao por fundo devido vidro camera de fundo com residuo de agua,TRAIN
31265,BAAE,Mogi,2026-05-04,LINHA008,INSPETOR CHECKMAT FEM-K+L KRON,P.EQ.LINHA,MONITORACAO PRODUTO,,"FALSO REJEITO DE RECIPIENTES PELA CODIFICAÇÃO, REALIZADO LIMPEZA DOS SENSORES",8.00,OPERACAO,"Falha de operação/processo, ajuste, fluxo, material ou automação sem evidência de avaria física.",OPERACAO,REAL,falso rejeito de recipientes pela codificacao realizado limpeza dos sensores,TRAIN
96417,BAAR,Santa Maria,2026-06-23,LINHA003,REFRISAT/CHILLER- L03,P.EQ.LINHA,Sistema Estrutura,,FALTA DE AGUA NO REGFRISAT,8.46,OPERACAO,"Falha de operação/processo, ajuste, fluxo, material ou automação sem evidência de avaria física.",OPERACAO,REAL,falta de agua no regfrisat,TRAIN
62685,BAAG,Itabirito,2026-09-02,LINHA003,CARBONATADOR KRONES KB40H39 L0,P.EQ.LINHA,Sistema de instrumentos e cont,,FALTA DE BEBIDA DEVIDO A PARAMETRO DA BOMBA G102 NA RECEITA KRONES NÃO ATIGIR QUANTIDADE DE BEBIDA NECESSARIA DA XAROPARIA PARA O MIXER,21.60,OPERACAO,"Falha de operação/processo, ajuste, fluxo, material ou automação sem evidência de avaria física.",OPERACAO,REAL,falta de bebida devido a parametro da bomba g102 na receita krones nao atigir quantidade de bebida necessaria da xaroparia para o mixer,TRAIN
87292,BAAO,Porto Alegre,2026-03-24,LINHA001,LAVADORA DE GARRAFAS,P.EQ.LINHA,Sistema de Bombeamento,,FALTA DE PRESSAO DA BOMBA PRE ENXAGUE DA LAVADORA,11.60,MANUTENCAO,Falha técnica/física ou intervenção corretiva em equipamento/componente.,MANUTENCAO,REAL,falta de pressao da bomba pre enxague da lavadora,TRAIN
28424,BAAE,Mogi,2026-03-30,LINHA001,QUADRO ELETRICO ENVOLVEDORA L1,P.EQ.LINHA,Estrutura,,FILME ESTOURANDO O FINAL DA BOBINA FEITA A TROCA DA BOBINA,5.00,OPERACAO,"Falha de operação/processo, ajuste, fluxo, material ou automação sem evidência de avaria física.",OPERACAO,REAL,filme estourando o final da bobina feita a troca da bobina,TRAIN
63933,BAAI,Curitiba,2026-03-05,LINHA001,PALETIZADOR SANMARTIN LI01,P.EQ.LINHA,Sistema de instrumentos e cont,,FOLHA SEPARADORA FORA POSICIONAMENTO. MASTERIZAÇÃO DO EQUIPAMENTO. NOTA - 13191667,30.00,OPERACAO,"Falha de operação/processo, ajuste, fluxo, material ou automação sem evidência de avaria física.",OPERACAO,REAL,folha separadora fora posicionamento masterizacao do equipamento nota 13191667,TRAIN
40387,BAAF,Campo Grande,2026-06-16,LINHA002,EMPACOTADORA SMI L02,P.EQ.LINHA,Instalação elétrica,Falha PLC,FORA DO PARAMETRO,30.00,OPERACAO,"Falha de operação/processo, ajuste, fluxo, material ou automação sem evidência de avaria física.",OPERACAO,REAL,fora do parametro,TRAIN
61702,BAAG,Itabirito,2026-08-21,LINHA007,EMPACOTADORA KHS L07,P.EQ.LINHA,Sistema aquecimento do forno,,FUSÍVEL QUEIMADO OCASIONOU QUEDA NA TEMPERATURA DA ZONA 1 DE AQUECIMENTO DO FORNO PARANDO EQUIPAMENTO.,13.00,MANUTENCAO,Falha técnica/física ou intervenção corretiva em equipamento/componente.,MANUTENCAO,REAL,fusivel queimado ocasionou queda na temperatura da zona 1 de aquecimento do forno parando equipamento,TRAIN
37934,BAAE,Mogi,2026-09-04,LINHA008,TRANSPORTE GARR. ENCH-EMPAC KR,P.EQ.LINHA,DISTRUICAO E SEPARACAO FLOWLIN,,GARRAFA CAINDO APÓS O FLOWLINE,14.74,OPERACAO,"Falha de operação/processo, ajuste, fluxo, material ou automação sem evidência de avaria física.",OPERACAO,REAL,garrafa caindo apos o flowline,TRAIN
39752,BAAF,Campo Grande,2026-04-29,LINHA002,CAPSULADOR KRS L02,P.EQ.LINHA,Sistema de tampamento,,GARRAFA COM TAMPA ALTA PARANDO A EMPACOTADORA PRA LIMPAR,8.57,OPERACAO,"Falha de operação/processo, ajuste, fluxo, material ou automação sem evidência de avaria física.",OPERACAO,REAL,garrafa com tampa alta parando a empacotadora pra limpar,TRAIN
24594,BAAE,Mogi,2026-02-02,LINHA003,CAPSULADOR L03,P.EQ.LINHA,SISTEMA ESTRUTURA RZ- RET-P-40,,"GARRAFA COM TAMPA ALTA TRAVOU NA BARRA DE ARRASTE MOLHANDO TODO  O SISTEMA DE SUBIDA DE FILME, ENROLANDO O MESMO NA FACA",10.00,OPERACAO,"Falha de operação/processo, ajuste, fluxo, material ou automação sem evidência de avaria física.",OPERACAO,REAL,garrafa com tampa alta travou na barra de arraste molhando todo o sistema de subida de filme enrolando o mesmo na faca,TRAIN
44648,BAAG,Itabirito,2026-02-01,LINHA003,TRANS SYNCO WARMER/EMPACOTADOR,P.EQ.LINHA,Sistema de instrumentos e cont,,GARRAFA TOMBADA NA ENTRADA DO EQUIPAMENTO.,15.60,OPERACAO,"Falha de operação/processo, ajuste, fluxo, material ou automação sem evidência de avaria física.",OPERACAO,REAL,garrafa tombada na entrada do equipamento,TRAIN
95038,BAAR,Santa Maria,2026-05-19,LINHA003,TRANSP GRF PET ENCHED-EMPACOT,P.EQ.LINHA,Sistema Estrutura,Qualidade de peças,GARRAFAS CAINDO NA ESTEIRA APOS A REGUA ULTRASSONICA,7.00,OPERACAO,"Falha de operação/processo, ajuste, fluxo, material ou automação sem evidência de avaria física.",OPERACAO,REAL,garrafas caindo na esteira apos a regua ultrassonica,TRAIN
25859,BAAE,Mogi,2026-02-19,LINHA001,CAPSULADOR L01,P.EQ.LINHA,Sistema de instrumentos e cont,,GARRAFAS ENROSCDAS NO FACAO CAPSULADOR,10.72,OPERACAO,"Falha de operação/processo, ajuste, fluxo, material ou automação sem evidência de avaria física.",OPERACAO,REAL,garrafas enroscdas no facao capsulador,TRAIN
43237,BAAG,Itabirito,2026-01-16,LINHA007,ENCHEDORA KHS L07,P.EQ.LINHA,Válvulas de enchimento,,GARRAFAS SAINDO VAZIAS E MAL CHEIAS DEVIDO MICRO VÁLVULAS.,33.60,MANUTENCAO,Falha técnica/física ou intervenção corretiva em equipamento/componente.,MANUTENCAO,REAL,garrafas saindo vazias e mal cheias devido micro valvulas,TRAIN
94849,BAAR,Santa Maria,2026-05-15,LINHA001,ENCHEDORA DELTA - L01,P.EQ.LINHA,Sistema Motriz,,GARRAFAS TRANCANDO NA SAPADA 46,6.00,OPERACAO,"Falha de operação/processo, ajuste, fluxo, material ou automação sem evidência de avaria física.",OPERACAO,REAL,garrafas trancando na sapada 46,TRAIN
97006,BAAR,Santa Maria,2026-07-11,LINHA001,TRANSP GRF PET SOPRAD-ROTUL (A,P.EQ.LINHA,Sistema Estrutura,Transportador desnivelado,GRFS TRAVADA NA CURVA DA DESCIDA PARA ROTUALADORA,4.00,OPERACAO,"Falha de operação/processo, ajuste, fluxo, material ou automação sem evidência de avaria física.",OPERACAO,REAL,grfs travada na curva da descida para rotualadora,TRAIN
30090,BAAE,Mogi,2026-04-21,LINHA003,RINSER L03,P.EQ.LINHA,SISTEMA ESTRUTURA RZ- RET-P-40,,"GUIA DE CORPO DA GARRAFA NA ENTRADA DO RINSER, FORA DE POSIÇÃO GERANDO ENTRADA DE GARRAFAS TORTAS E ENROSCO DE GARRAFA NA ENTRADA DO RINSER.",6.96,OPERACAO,"Falha de operação/processo, ajuste, fluxo, material ou automação sem evidência de avaria física.",OPERACAO,REAL,guia de corpo da garrafa na entrada do rinser fora de posicao gerando entrada de garrafas tortas e enrosco de garrafa na entrada do rinser,TRAIN
8694,BAAD,Jundiaí,2026-02-05,LINHA016,ENVOLVEDORA ROBOPAC L16,P.EQ.LINHA,Sistema Arca,,GUIA DO PORTA BOBINAS DA ARC DANIFICADA.,6.00,MANUTENCAO,Falha técnica/física ou intervenção corretiva em equipamento/componente.,MANUTENCAO,REAL,guia do porta bobinas da arc danificada,TRAIN
71510,BAAJ,Maringá,2026-04-13,LINHA007,INSPETOR GARRAFAS CHEIA HEUFT,P.EQ.LINHA,Sistema de instrumentos e cont,,INSPETOR DE NIVEL NÃO ESTA RECONHECENDO AS TAMPAS,10.58,OPERACAO,"Falha de operação/processo, ajuste, fluxo, material ou automação sem evidência de avaria física.",OPERACAO,REAL,inspetor de nivel nao esta reconhecendo as tampas,TRAIN
92478,BAAR,Santa Maria,2026-03-16,LINHA004,INSPETOR DE NIVEL BASIC HEUFT,P.EQ.LINHA,Sistema Elétrico,,INSPETOR PAROU DE FUNCIONAR TECNICO RESETOU EQUIPAMENTO,17.76,OPERACAO,"Falha de operação/processo, ajuste, fluxo, material ou automação sem evidência de avaria física.",OPERACAO,REAL,inspetor parou de funcionar tecnico resetou equipamento,TRAIN
59049,BAAG,Itabirito,2026-07-29,LINHA008,ENCHEDORA KHS L08,P.EQ.LINHA,Válvulas de enchimento,Válvula de enchimento danifica,"INTERVENÇÃO NAS VÁLVULAS DE ENCHIMENTO 140, 125, 98, 135 E 134.",60.00,MANUTENCAO,Falha técnica/física ou intervenção corretiva em equipamento/componente.,MANUTENCAO,REAL,intervencao nas valvulas de enchimento 140 125 98 135 e 134,TRAIN
22441,BAAD,Jundiaí,2026-09-08,LINHA033,ACUMULADOR HELIX HARTNESS LI33,P.EQ.LINHA,Acumulador,,"KAPO AMASSADO, OCASIONANDO ENROSCO NA ARANHA.",20.76,OPERACAO,"Falha de operação/processo, ajuste, fluxo, material ou automação sem evidência de avaria física.",OPERACAO,REAL,kapo amassado ocasionando enrosco na aranha,TRAIN
73656,BAAJ,Maringá,2026-05-25,LINHA006,CAPSULADORA TSI EURO PK ARO,P.EQ.LINHA,SISTEMA ALIMENTACAO DE TAMPAS,,LACRE QUEBRADO,6.50,OPERACAO,"Falha de operação/processo, ajuste, fluxo, material ou automação sem evidência de avaria física.",OPERACAO,REAL,lacre quebrado,TRAIN
13317,BAAD,Jundiaí,2026-04-13,LINHA016,ENCHEDORA KRONES L16,P.EQ.LINHA,Manejo de garrafas,,LATA ENTROU FORA DE POSICIONAMENTO OCASIONANDO FALHA DE ENCHIMENTO E ENROSCO NA RECRAVADEIRA,4.00,OPERACAO,"Falha de operação/processo, ajuste, fluxo, material ou automação sem evidência de avaria física.",OPERACAO,REAL,lata entrou fora de posicionamento ocasionando falha de enchimento e enrosco na recravadeira,TRAIN
39845,BAAF,Campo Grande,2026-05-07,LINHA001,INSPETOR ASEBI FILTEC OMNIVISI,P.EQ.LINHA,Estrutura,Qualidade de peças,LIMPEZA DA CAMERA BASE 2,2.00,OPERACAO,"Falha de operação/processo, ajuste, fluxo, material ou automação sem evidência de avaria física.",OPERACAO,REAL,limpeza da camera base 2,TRAIN
27548,BAAE,Mogi,2026-03-13,LINHA008,ROTULADORA KRONES L08,P.EQ.LINHA,TRANSPORTE RECIPIENTES,,LIMPEZA NA ROTULADORA,16.36,OPERACAO,"Falha de operação/processo, ajuste, fluxo, material ou automação sem evidência de avaria física.",OPERACAO,REAL,limpeza na rotuladora,TRAIN
14079,BAAD,Jundiaí,2026-04-25,LINHA033,ENCHEDORA TTP L33,P.EQ.LINHA,Unidade de emenda automática,,MANGUEIRA DE AR OBSTRUÍDA,20.76,MANUTENCAO,Falha técnica/física ou intervenção corretiva em equipamento/componente.,MANUTENCAO,REAL,mangueira de ar obstruida,TRAIN
35490,BAAE,Mogi,2026-07-25,LINHA008,EMPACOTADORA KRONES L08,P.EQ.LINHA,SISTEMA TRANSPORTE ENTRADA DE,,MANUTENÇÃO ATUANDO NA ESTEIRA DA EMPACOTADORA,23.20,MANUTENCAO,Falha técnica/física ou intervenção corretiva em equipamento/componente.,MANUTENCAO,REAL,manutencao atuando na esteira da empacotadora,TRAIN
81046,B0AC,Bauru,2026-09-03,LINHA006,ALIMENTADOR TAMPAS GEBO SID,P.EQ.LINHA,SISTEMA ESTRUTURA GERAL GEBO S,,"MAQUINA SEM ARMAÇÃO E FILTRO DE VENTIAÇÃO ( CIRCUITO ENCHEDORA ) AGUARDANDO NOTA,",5.30,MANUTENCAO,Falha técnica/física ou intervenção corretiva em equipamento/componente.,MANUTENCAO,REAL,maquina sem armacao e filtro de ventiacao circuito enchedora aguardando nota,TRAIN
60542,BAAG,Itabirito,2026-08-11,LINHA001,PALETIZADORA GEB L01,P.EQ.LINHA,Circuito pneumático,Pressão de ar desajustada,"MEC - FALHA DE VÁLVULA BLOQUEADA , DEVIDO PRESSOSTATO DANIFICADO.",30.00,MANUTENCAO,Falha técnica/física ou intervenção corretiva em equipamento/componente.,MANUTENCAO,REAL,mec falha de valvula bloqueada devido pressostato danificado,TRAIN
59878,BAAG,Itabirito,2026-08-05,LINHA001,ALIMENTADOR TAMPAS GEB L01,P.EQ.LINHA,Transporte de tampas,Transporte de tampas danificad,MEC - GUIAS DANIFICADAS OCASIONANDO O TRAVAMENTO DE TAMPAS NO TRANSPORTE,5.00,MANUTENCAO,Falha técnica/física ou intervenção corretiva em equipamento/componente.,MANUTENCAO,REAL,mec guias danificadas ocasionando o travamento de tampas no transporte,TRAIN
44181,BAAG,Itabirito,2026-01-27,LINHA001,TRANSP CXS VZ DES LAV CXS GEB,P.EQ.LINHA,Estrutura,Suporte transportador danifica,"MEC - SUPORTE DO ESPELHO REFLETOR DO SENSOR QUEBRADO, NA SAÍDA DA DESENCA.",10.00,MANUTENCAO,Falha técnica/física ou intervenção corretiva em equipamento/componente.,MANUTENCAO,REAL,mec suporte do espelho refletor do sensor quebrado na saida da desenca,TRAIN
87181,BAAO,Porto Alegre,2026-03-15,LINHA005,ENCHEDORA KHS 54/9VF/FR6,P.EQ.LINHA,Sistema pneumático,,MECANICA ATUANDO NA TROCA DE REPARO DO CILINDRO,3.60,MANUTENCAO,Falha técnica/física ou intervenção corretiva em equipamento/componente.,MANUTENCAO,REAL,mecanica atuando na troca de reparo do cilindro,TRAIN
63035,BAAG,Itabirito,2026-09-06,LINHA003,CARBONATADOR KRONES KB40H39 L0,P.EQ.LINHA,Sistema Elétrico,,MEDIDOR KB 103 EM FALHA - ENCONTRADO EM SIMULAÇÃO COM VALOR DESPROPORCIONAL GERANDO FALHA DE PRESSÕES INCOMAPTIVEIS NA ENCHEDORA.,15.00,MANUTENCAO,Falha técnica/física ou intervenção corretiva em equipamento/componente.,MANUTENCAO,REAL,medidor kb 103 em falha encontrado em simulacao com valor desproporcional gerando falha de pressoes incomaptiveis na enchedora,TRAIN
88123,BAAO,Porto Alegre,2026-05-20,LINHA002,TRANSPORTE LATAS VAZIAS,P.EQ.LINHA,,,MOTOR 1 - 2 DO TRANSPORTE DE LATAS VAZIAS SEGURANDO LATAS ( TRECHO 119Q0 ),8.00,MANUTENCAO,Falha técnica/física ou intervenção corretiva em equipamento/componente.,MANUTENCAO,REAL,motor 1 2 do transporte de latas vazias segurando latas trecho 119q0,TRAIN
87845,BAAO,Porto Alegre,2026-04-30,LINHA001,LAVADORA DE GARRAFAS,P.EQ.LINHA,Sistema Elétrico,,MOTOR DO TRANSPORTE DA LAVADORA DESARMOU PARADA SAMMARTINS,1.69,MANUTENCAO,Falha técnica/física ou intervenção corretiva em equipamento/componente.,MANUTENCAO,REAL,motor do transporte da lavadora desarmou parada sammartins,TRAIN
41306,BAAF,Campo Grande,2026-08-05,LINHA002,RINSER SAN MARTIN L02,P.EQ.LINHA,Estrutura,Qualidade de peças,MOTOR TRAVADO,17.14,MANUTENCAO,Falha técnica/física ou intervenção corretiva em equipamento/componente.,MANUTENCAO,REAL,motor travado,TRAIN
6276,BAAK,Marília,2026-08-10,LINHA005,LAVADORA GARRAFA 22/470 ZIE,P.EQ.LINHA,SISTEMA EXTRATOR RÓTULO 22/470,,MUITAS GARRAFAS VINDO COM ROTULOS OCASIONADO CRASH NA SAIDADA LAVADORA E LINATRONIC,8.00,OPERACAO,"Falha de operação/processo, ajuste, fluxo, material ou automação sem evidência de avaria física.",OPERACAO,REAL,muitas garrafas vindo com rotulos ocasionado crash na saidada lavadora e linatronic,TRAIN
82081,BAAL,Antonio Carlos,2026-02-08,LINHA003,EMBALADORA PAKMATIC ZWA 45/F E,P.EQ.LINHA,Estrutura,Qualidade de peças,NOTA 13166418 ENROSCANDO O FILME NO ROLO DE BRRACHA.,23.06,OPERACAO,"Falha de operação/processo, ajuste, fluxo, material ou automação sem evidência de avaria física.",OPERACAO,REAL,nota 13166418 enroscando o filme no rolo de brracha,TRAIN
82539,BAAL,Antonio Carlos,2026-02-26,LINHA003,ALIMENTADOR ROLHAS ARBRAS ALM0,P.EQ.LINHA,Sistema Elétrico,,NOTA 13183980 FALHA  NO ABASTECIMENTO DE TAMPAS,21.28,OPERACAO,"Falha de operação/processo, ajuste, fluxo, material ou automação sem evidência de avaria física.",OPERACAO,REAL,nota 13183980 falha no abastecimento de tampas,TRAIN
81570,BAAL,Antonio Carlos,2026-01-17,LINHA007,ENVOLVEDORA KRONES L07,P.EQ.LINHA,,,OCORRENDO QUE O TUBO DE DESCARTE DE BOBINA NAO ESTAR CONSEGUINDO SEGURAR O TUBETE PARA A TROCA COM ISSO OCORRE A FALHA .NOTA 13140689,4.80,MANUTENCAO,Falha técnica/física ou intervenção corretiva em equipamento/componente.,MANUTENCAO,REAL,ocorrendo que o tubo de descarte de bobina nao estar conseguindo segurar o tubete para a troca com isso ocorre a falha nota 13140689,TRAIN
5707,BAAK,Marília,2026-04-28,LINHA006,ALIMENTADOR DE TAMPAS KRONES L,P.EQ.LINHA,Estrutura,Qualidade de peças,"(ORDEM 30008599083) ROMPIMENTO DA CORRENTE DA ESTEIRA DE TRANSPORTE DE TAMPAS, FEITO A TROCA",31.20,MANUTENCAO,Falha técnica/física ou intervenção corretiva em equipamento/componente.,MANUTENCAO,REAL,ordem 30008599083 rompimento da corrente da esteira de transporte de tampas feito a troca,TRAIN
87319,BAAO,Porto Alegre,2026-03-25,LINHA006,TRANSPORTE DE PACOTES,P.EQ.LINHA,Sistema Estrutura,,PACOTES CAIDOS NA CURVA DO TRP 6025,9.80,OPERACAO,"Falha de operação/processo, ajuste, fluxo, material ou automação sem evidência de avaria física.",OPERACAO,REAL,pacotes caidos na curva do trp 6025,TRAIN
94906,BAAR,Santa Maria,2026-05-16,LINHA004,PALETIZADORA SANMARTIN SIRIO M,P.EQ.LINHA,Sistema Elétrico,,PALETIZADORA VELOCIDADE DO MANIPULADOR FORA DE PADRÃO TEC LUIZ ATUANDO NA CAUSA RAIZ,18.48,OPERACAO,"Falha de operação/processo, ajuste, fluxo, material ou automação sem evidência de avaria física.",OPERACAO,REAL,paletizadora velocidade do manipulador fora de padrao tec luiz atuando na causa raiz,TRAIN
67617,BAAJ,Maringá,2026-01-31,LINHA007,DESENCAIXOTADORA KHS L07,P.EQ.LINHA,Sistema motriz,,PARADA PARA CHECAR UMA ENGRENAGEM NO TRANSPORTES QUE ESTAVA COM ANOMALIA,14.71,MANUTENCAO,Falha técnica/física ou intervenção corretiva em equipamento/componente.,MANUTENCAO,REAL,parada para checar uma engrenagem no transportes que estava com anomalia,TRAIN
15121,BAAD,Jundiaí,2026-05-13,LINHA017,INSPETOR DE CONTORNO (SEKAMAT),P.EQ.LINHA,Sistema de Inspeção,,PARAMETROS DE CONTORNO FORA DO ESPECIFICADO,15.00,OPERACAO,"Falha de operação/processo, ajuste, fluxo, material ou automação sem evidência de avaria física.",OPERACAO,REAL,parametros de contorno fora do especificado,TRAIN
15136,BAAD,Jundiaí,2026-05-13,LINHA015,PALETIZADORA KRO L15,P.EQ.LINHA,Sistema elétrico,,PEGADOR DE PAPELÃO FORA DE POSIÇÃO DEVIDO A COLISÃO COM ELEVADOR DE PALETE,9.60,OPERACAO,"Falha de operação/processo, ajuste, fluxo, material ou automação sem evidência de avaria física.",OPERACAO,REAL,pegador de papelao fora de posicao devido a colisao com elevador de palete,TRAIN
62037,BAAG,Itabirito,2026-08-24,MULTI009,PALETIZADORA ACMI LI09,P.EQ.LINHA,Sistema de segurança,,PERCA DE CONTAGEM,12.00,OPERACAO,"Falha de operação/processo, ajuste, fluxo, material ou automação sem evidência de avaria física.",OPERACAO,REAL,perca de contagem,TRAIN
38229,BAAE,Mogi,2026-09-08,LINHA007,ROBOBOX KRONES L07,P.EQ.LINHA,PRE AGRUPAMENTO 1,,"PERDA DE REFERENCIA DE CAMADAS NO ROBOX , E MÁ FORMAÇÃO DOS PACOTES NO PRE AGRUPAMENTO ,RETIRADO TODOS OS PACOTES ,ZERADO ROBOBOX E MESA DE AGRUPAMENT",22.97,OPERACAO,"Falha de operação/processo, ajuste, fluxo, material ou automação sem evidência de avaria física.",OPERACAO,REAL,perda de referencia de camadas no robox e ma formacao dos pacotes no pre agrupamento retirado todos os pacotes zerado robobox e mesa de agrupament,TRAIN
19367,BAAD,Jundiaí,2026-07-24,LINHA008,PALETIZADOR ACMI L08,P.EQ.LINHA,Mesa formadora,Pinça descincronizadas,PERDA DE SINCRONISMO NAS PINÇAS,6.40,OPERACAO,"Falha de operação/processo, ajuste, fluxo, material ou automação sem evidência de avaria física.",OPERACAO,REAL,perda de sincronismo nas pincas,TRAIN
37369,BAAE,Mogi,2026-08-29,LINHA001,ENCHEDORA L01,P.EQ.LINHA,Sistema de enchimento,,PERDA DO TUBO DE AR,22.60,MANUTENCAO,Falha técnica/física ou intervenção corretiva em equipamento/componente.,MANUTENCAO,REAL,perda do tubo de ar,TRAIN
8923,BAAD,Jundiaí,2026-02-08,LINHA006,ENCHEDORA SID LI06,P.EQ.LINHA,Sistema base geral matrix SID,,"PINÇA 17 DA ESTEIRA DE TRANSFERENCIA TRAVADA, FEITO A TROCA.",10.56,MANUTENCAO,Falha técnica/física ou intervenção corretiva em equipamento/componente.,MANUTENCAO,REAL,pinca 17 da esteira de transferencia travada feito a troca,TRAIN
74966,BAAJ,Maringá,2026-06-25,LINHA003,RINSER KHS LI03,P.EQ.LINHA,Sistema de transferência de ga,,PINÇA N*4 TRAVANDO,9.66,MANUTENCAO,Falha técnica/física ou intervenção corretiva em equipamento/componente.,MANUTENCAO,REAL,pinca n 4 travando,TRAIN
16962,BAAD,Jundiaí,2026-06-17,LINHA005,ENCHEDORA SIM L05,P.EQ.LINHA,Conjunto de enchimento,Pistão elevador danificado,"PINÇAS 15, 28 E 110 DANIFICADAS",39.60,MANUTENCAO,Falha técnica/física ou intervenção corretiva em equipamento/componente.,MANUTENCAO,REAL,pincas 15 28 e 110 danificadas,TRAIN
34548,BAAE,Mogi,2026-06-15,LINHA003,ENVOLVEDORA FILME SAN MARTIN,P.EQ.LINHA,Sistema de instrumentos e cont,,PISTÃO COM DEFEITO ( RETIRADA DE PALETE COM A EMPILHADEIRA),6.24,MANUTENCAO,Falha técnica/física ou intervenção corretiva em equipamento/componente.,MANUTENCAO,REAL,pistao com defeito retirada de palete com a empilhadeira,TRAIN
7802,BAAD,Jundiaí,2026-01-23,LINHA021,MONTADORA DE CAIXAS SACMI L21,P.EQ.LINHA,ESTRUTURA,,PISTÃO DA MONTADORA DE CAIXAS COM TAMANHO ERRADO,30.00,OPERACAO,"Falha de operação/processo, ajuste, fluxo, material ou automação sem evidência de avaria física.",OPERACAO,REAL,pistao da montadora de caixas com tamanho errado,TRAIN
34809,BAAE,Mogi,2026-06-26,LINHA008,ALIMENTADOR DE PREFORMA KRONES,P.EQ.LINHA,ALINHAMENTO PREFORMAS,,"PRÉ FORMA TRAVOU NO GUIA LINEAR,RELIZADO AJSUTE",7.07,OPERACAO,"Falha de operação/processo, ajuste, fluxo, material ou automação sem evidência de avaria física.",OPERACAO,REAL,pre forma travou no guia linear relizado ajsute,TRAIN
59065,BAAG,Itabirito,2026-07-29,LINHA007,SOPRADORA KHS L07,P.EQ.LINHA,Sistema de rodas de transferen,,"PREFORMA PASSANDO DIRETO NA RODA DE ENTRADA , OCASIONANDO ACUMULO DE PREFORMAS E DESACOPLANDO A RODA DE ENTRADA .",6.00,OPERACAO,"Falha de operação/processo, ajuste, fluxo, material ou automação sem evidência de avaria física.",OPERACAO,REAL,preforma passando direto na roda de entrada ocasionando acumulo de preformas e desacoplando a roda de entrada,TRAIN
25030,BAAE,Mogi,2026-02-08,LINHA003,ENCHEDORA ZEGLA L03,P.EQ.LINHA,SISTEMA ESTRUTURA RZRETP40/50/,,PROBLEMAS COM A NR 12 DAS PORTAS / N* DA NOTA 13166530,31.00,MANUTENCAO,Falha técnica/física ou intervenção corretiva em equipamento/componente.,MANUTENCAO,REAL,problemas com a nr 12 das portas n da nota 13166530,TRAIN
43019,BAAG,Itabirito,2026-01-14,MULTI009,TRP GARFS MULTIPACK EMPCTDRA L,P.EQ.LINHA,Sistema de instrumentos e cont,,PROBLEMAS DE AUTOMAÇÃO OCASIONANDO ACÚMULO DE PACOTES EM UMA DA PISTAS,2.67,OPERACAO,"Falha de automação gerando acúmulo de pacotes: classificada como OPERAÇÃO/processo; não há indicação de quebra, dano ou troca de componente.",OPERACAO,REAL,problemas de automacao ocasionando acumulo de pacotes em uma da pistas,TRAIN
47304,BAAG,Itabirito,2026-03-03,LINHA006,ALIMENTADOR TAMPAS ALM L06,P.EQ.LINHA,Canaleta de tampas,,PROJETO 3040 TAMPA TRAVAA NA CANALETA,6.88,OPERACAO,"Falha de operação/processo, ajuste, fluxo, material ou automação sem evidência de avaria física.",OPERACAO,REAL,projeto 3040 tampa travaa na canaleta,TRAIN
16596,BAAD,Jundiaí,2026-06-11,LINHA014,TRANSP CX DESPAL DESENCA KRO L,P.EQ.LINHA,Sistema de Lubrificação,,QUEBRA DA CORRENTE DOS ROLETES TRANSPORTE BBUL.,21.28,MANUTENCAO,Falha técnica/física ou intervenção corretiva em equipamento/componente.,MANUTENCAO,REAL,quebra da corrente dos roletes transporte bbul,TRAIN
39753,BAAF,Campo Grande,2026-04-29,LINHA002,EMPACOTADORA SMI L02,P.EQ.LINHA,Sistema de agrupação,Barra envolvedora danificada,QUEBRA DA DA BARRA ENVOLVENTE,25.71,MANUTENCAO,Falha técnica/física ou intervenção corretiva em equipamento/componente.,MANUTENCAO,REAL,quebra da da barra envolvente,TRAIN
21143,BAAD,Jundiaí,2026-08-19,LINHA001,TRANSP LATAS WARMER EMPA KET L,P.EQ.LINHA,SISTEMA CINTAS TRANSPORTE KET,,QUEBRA DA ESTEIRA DO TRANPOSRTE DE LATAS PARA A KHS,14.00,MANUTENCAO,Falha técnica/física ou intervenção corretiva em equipamento/componente.,MANUTENCAO,REAL,quebra da esteira do tranposrte de latas para a khs,TRAIN
6792,BAAD,Jundiaí,2026-01-07,LINHA014,DESPALETIZADORA KRO L14,P.EQ.LINHA,Sistema Motriz,Falha no freio de motor,QUEBRA DO ACOPLAMENTO DO REDUTOR DA MESA DE DESCARGA.,9.05,MANUTENCAO,Falha técnica/física ou intervenção corretiva em equipamento/componente.,MANUTENCAO,REAL,quebra do acoplamento do redutor da mesa de descarga,TRAIN
41246,BAAF,Campo Grande,2026-08-01,LINHA002,TRANSP PAC EMP PALET KHS L02,P.EQ.LINHA,Estrutura,Qualidade de peças,QUEBRA DO PENTE DA ESTEIRA INTERNA,12.71,MANUTENCAO,Falha técnica/física ou intervenção corretiva em equipamento/componente.,MANUTENCAO,REAL,quebra do pente da esteira interna,TRAIN
72138,BAAJ,Maringá,2026-04-24,LINHA007,LAVADORA DE GARRAFAS SANMARTIN,P.EQ.LINHA,Sistema Motriz,,QUEBRA DO TAPETE DE DESCARTE DE ROTULO ( OPERADORA LIMPANDO EM MANUAL ),8.00,MANUTENCAO,Falha técnica/física ou intervenção corretiva em equipamento/componente.,MANUTENCAO,REAL,quebra do tapete de descarte de rotulo operadora limpando em manual,TRAIN
9314,BAAD,Jundiaí,2026-02-14,LINHA013,CAPSULADOR KHS L13,P.EQ.LINHA,Sistema de Tampamento,,QUEDA DE GARRAFA MAL ARROLHADA NA AREA DE SEPARAÇAO DA EMPACOTADORA,8.83,OPERACAO,"Falha de operação/processo, ajuste, fluxo, material ou automação sem evidência de avaria física.",OPERACAO,REAL,queda de garrafa mal arrolhada na area de separacao da empacotadora,TRAIN
36446,BAAE,Mogi,2026-08-18,LINHA002,ENCHEDORA KHS L02,P.EQ.LINHA,Sistema de instrumentos e cont,,QUEDA DE GARRAFA NA ENCHEDORA,4.00,OPERACAO,"Falha de operação/processo, ajuste, fluxo, material ou automação sem evidência de avaria física.",OPERACAO,REAL,queda de garrafa na enchedora,TRAIN
36673,BAAE,Mogi,2026-08-21,LINHA003,CAPSULADOR L03,P.EQ.LINHA,SISTEMA ESTRUTURA RZ- RET-P-40,,QUEDA DE GARRAFA NA SAIDA DO CAPSOLADOR,10.00,OPERACAO,"Falha de operação/processo, ajuste, fluxo, material ou automação sem evidência de avaria física.",OPERACAO,REAL,queda de garrafa na saida do capsolador,TRAIN
39510,BAAF,Campo Grande,2026-04-11,LINHA001,TRANSP ENCH ENCA/EMPAC KHS L01,P.EQ.LINHA,Cintas de transporte,Cadeia transportadora desajust,QUEDA DE GARRAFAS NA SAIDA DA SALA DE ENVASE.,2.86,OPERACAO,"Falha de operação/processo, ajuste, fluxo, material ou automação sem evidência de avaria física.",OPERACAO,REAL,queda de garrafas na saida da sala de envase,TRAIN
59270,BAAG,Itabirito,2026-07-31,LINHA005,AQUECEDOR WARMER KHS L05,P.EQ.LINHA,Estrutura,Qualidade de peças,QUEDA DE GARRAFAS SAIDA E ENTRADA WARMER,6.00,OPERACAO,"Falha de operação/processo, ajuste, fluxo, material ou automação sem evidência de avaria física.",OPERACAO,REAL,queda de garrafas saida e entrada warmer,TRAIN
50686,BAAG,Itabirito,2026-04-21,LINHA007,ETIQUETADORA 01 UBS L07,P.EQ.LINHA,Sistema de Controle,,QUEDA DE SINAL DE REDE NA ETIQUETADORA 2 VEZES. FOI NECESSÁRIO DESLIGAR E LIGAR NOVAMENTE O EQUIPAMENTO.,12.00,OPERACAO,"Falha de operação/processo, ajuste, fluxo, material ou automação sem evidência de avaria física.",OPERACAO,REAL,queda de sinal de rede na etiquetadora 2 vezes foi necessario desligar e ligar novamente o equipamento,TRAIN
55081,BAAG,Itabirito,2026-06-13,LINHA002,CARBONATADOR KHS L02,P.EQ.LINHA,Sistema Elétrico,PLC danificado,"QUEDA DE SINAL ENTRE CX E XAROPARIA, FOI NECESSÁRIO REALIZAR RESET GERAL DO CARBONATADOR",20.99,OPERACAO,"Falha de operação/processo, ajuste, fluxo, material ou automação sem evidência de avaria física.",OPERACAO,REAL,queda de sinal entre cx e xaroparia foi necessario realizar reset geral do carbonatador,TRAIN
43756,BAAG,Itabirito,2026-01-22,LINHA006,ROBO PAL KR40PA KUKA 003 LI06,P.EQ.LINHA,SISTEMA ELETRICO KR40PA KUK,,QUEIMA DOS CAPACITORES DO DRIVE 1LK,48.54,MANUTENCAO,Falha técnica/física ou intervenção corretiva em equipamento/componente.,MANUTENCAO,REAL,queima dos capacitores do drive 1lk,TRAIN
22425,BAAD,Jundiaí,2026-09-08,LINHA013,ENCHEDORA KHS L13,P.EQ.LINHA,Sistema de enchimento,,REALIZADO LIMPEZA NO CANAL DE ALIVIO DEVIDO ESPUMAMENTO NO RETORNO DE PRODUÇÃO.,6.00,OPERACAO,"Falha de operação/processo, ajuste, fluxo, material ou automação sem evidência de avaria física.",OPERACAO,REAL,realizado limpeza no canal de alivio devido espumamento no retorno de producao,TRAIN
29708,BAAE,Mogi,2026-04-16,LINHA003,RINSER L03,P.EQ.LINHA,SISTEMA ESTRUTURA RZ- RET-P-40,,"REGULAGEM DA GARRA DO RINSER, O MESMO ESTAVA AMSSANDO GARRAFAS",11.00,OPERACAO,"Falha de operação/processo, ajuste, fluxo, material ou automação sem evidência de avaria física.",OPERACAO,REAL,regulagem da garra do rinser o mesmo estava amssando garrafas,TRAIN
87710,BAAO,Porto Alegre,2026-04-20,LINHA003,CAPSULADOR KHS L03,P.EQ.LINHA,Sistema Cabeçote,,REGULAGEM DE DISCO DE TAMPAS,12.00,OPERACAO,"Falha de operação/processo, ajuste, fluxo, material ou automação sem evidência de avaria física.",OPERACAO,REAL,regulagem de disco de tampas,TRAIN
78786,B0AC,Bauru,2026-02-28,LINHA003,PALETIZADOR 2 IEF,P.EQ.LINHA,SISTEMA ESTRUTURA PPMUS IEF,,REGULAGEM DO ELEVADOR DE CAMADAS ORDEM 30008407165,7.00,OPERACAO,"Falha de operação/processo, ajuste, fluxo, material ou automação sem evidência de avaria física.",OPERACAO,REAL,regulagem do elevador de camadas ordem 30008407165,TRAIN
66833,BAAJ,Maringá,2026-01-16,LINHA007,INSPETOR GARRAFAS CHEIA HEUFT,P.EQ.LINHA,Sistema de instrumentos e cont,,RENICIANDO INSPETOR DE ROTULOS APOS A TROCA DA PLACA.,6.21,MANUTENCAO,Falha técnica/física ou intervenção corretiva em equipamento/componente.,MANUTENCAO,REAL,reniciando inspetor de rotulos apos a troca da placa,TRAIN
58721,BAAG,Itabirito,2026-07-25,LINHA007,EMPACOTADORA KHS L07,P.EQ.LINHA,Sistema elétrico,Componente de controle danific,"RESISTENCIA QUEIMADA, SAINDO PACOTES ABERTOS",13.20,MANUTENCAO,Falha técnica/física ou intervenção corretiva em equipamento/componente.,MANUTENCAO,REAL,resistencia queimada saindo pacotes abertos,TRAIN
72583,BAAJ,Maringá,2026-05-05,LINHA006,TRANSP GARRAFA ENCH EMPC SID,P.EQ.LINHA,TRANSPORTE SID 2010,,RETIRADA DE 1 ELO DA ESTEIRA DE SAÍDA DA ENCHEDORA,5.87,MANUTENCAO,Falha técnica/física ou intervenção corretiva em equipamento/componente.,MANUTENCAO,REAL,retirada de 1 elo da esteira de saida da enchedora,TRAIN
17451,BAAD,Jundiaí,2026-06-26,LINHA001,TRANSP PACOTES EMP PALET 1 SAN,P.EQ.LINHA,Cintas de transporte,Roda dentada danificada,RODA DENTADA DANIFICADA LADO KHS,20.00,MANUTENCAO,Falha técnica/física ou intervenção corretiva em equipamento/componente.,MANUTENCAO,REAL,roda dentada danificada lado khs,TRAIN
52001,BAAG,Itabirito,2026-05-07,LINHA002,TRANSP GAFS INSP ENCHED KHS L0,P.EQ.LINHA,Sistema Elétrico,Falha PLC,RODANDO ABAIXO DANOMINAL DEVIDO AJUSTE NA MODULAÇÃO DO TRANSP SALA DE ENVASE,15.64,OPERACAO,"Falha de operação/processo, ajuste, fluxo, material ou automação sem evidência de avaria física.",OPERACAO,REAL,rodando abaixo danominal devido ajuste na modulacao do transp sala de envase,TRAIN
46505,BAAG,Itabirito,2026-02-21,LINHA002,LAVADORA GARRAFAS LIESS L02,P.EQ.LINHA,Mesa de Descarga,,RODANDO EM VELOCIDADE RDUZIDA DEVIDO AVARIA NO EIXO INTRODUTOR,4.00,MANUTENCAO,Falha técnica/física ou intervenção corretiva em equipamento/componente.,MANUTENCAO,REAL,rodando em velocidade rduzida devido avaria no eixo introdutor,TRAIN
83460,BAAL,Antonio Carlos,2026-04-23,LINHA001,DESCAPSULADORA KRONES ROTOMAT,P.EQ.LINHA,Estrutura,,"ROMPEU A CORREIA TENSIONADORA, NOTA: 13244975;",13.99,MANUTENCAO,Falha técnica/física ou intervenção corretiva em equipamento/componente.,MANUTENCAO,REAL,rompeu a correia tensionadora nota 13244975,TRAIN
60345,BAAG,Itabirito,2026-08-09,LINHA004,PALETIZADORA OCME L04,P.EQ.LINHA,Mesa formadora,Correia rompidda,ROMPIMENTO DE ALGUNS ELOS DA ESTEIRA DA MESA DE MANIPULAÇÃO DE PACOTES .,50.65,MANUTENCAO,Falha técnica/física ou intervenção corretiva em equipamento/componente.,MANUTENCAO,REAL,rompimento de alguns elos da esteira da mesa de manipulacao de pacotes,TRAIN
45499,BAAG,Itabirito,2026-02-10,LINHA001,INSPETOR ROTULOS HEUFT L01,P.EQ.LINHA,,,ROTULADORA RODANDO ABAIXO DA NOMINAL DEVIDO A FALHA DE CONGESTIONAMENTO DE RECIPIENTE NO INSPETOR,5.00,OPERACAO,"Falha de operação/processo, ajuste, fluxo, material ou automação sem evidência de avaria física.",OPERACAO,REAL,rotuladora rodando abaixo da nominal devido a falha de congestionamento de recipiente no inspetor,TRAIN
56655,BAAG,Itabirito,2026-06-30,LINHA001,TRANSP GFS ROTUL ENCA GEB L01,P.EQ.LINHA,,,"ROTULADORA RODANDO ABAIXO DA NOMINAL, DEVIDO FALHA NA MODULAÇÃO E TOMBAMENTO",7.00,OPERACAO,"Falha de operação/processo, ajuste, fluxo, material ou automação sem evidência de avaria física.",OPERACAO,REAL,rotuladora rodando abaixo da nominal devido falha na modulacao e tombamento,TRAIN
56884,BAAG,Itabirito,2026-07-02,LINHA003,ROTULADORA KRONES K801502 L03,P.EQ.LINHA,Sistema de instrumentos e cont,,ROTULO AGARRANDO NO CILINDRO DE TRANSFERENCIA AGREGADO 2. CILINDRO DESBALANCEADO.,1.10,OPERACAO,"Falha de operação/processo, ajuste, fluxo, material ou automação sem evidência de avaria física.",OPERACAO,REAL,rotulo agarrando no cilindro de transferencia agregado 2 cilindro desbalanceado,TRAIN
5143,BAAK,Marília,2026-02-03,LINHA001,PALETIZADORA,P.EQ.LINHA,,,SENSOR DANIFICADO 30008318191,10.00,MANUTENCAO,Falha técnica/física ou intervenção corretiva em equipamento/componente.,MANUTENCAO,REAL,sensor danificado 30008318191,TRAIN
48703,BAAG,Itabirito,2026-03-22,LINHA004,EMPACOTADORA OCME L04,P.EQ.LINHA,Instalação elétrica,Sensor desajustado,SENSOR DESAJUSTADO OCASIONANDO FALHA NO MOMENTO DA SOLDA DO FILME.,18.14,OPERACAO,"Falha de operação/processo, ajuste, fluxo, material ou automação sem evidência de avaria física.",OPERACAO,REAL,sensor desajustado ocasionando falha no momento da solda do filme,TRAIN
80543,B0AC,Bauru,2026-08-01,LINHA003,PALETIZADOR 2 IEF,P.EQ.LINHA,SISTEMA ESTRUTURA PPMUS IEF,,SENSOR DO ELEVADOR FORA DE POSIÃO ORDEM (30008812831),7.73,OPERACAO,"Falha de operação/processo, ajuste, fluxo, material ou automação sem evidência de avaria física.",OPERACAO,REAL,sensor do elevador fora de posiao ordem 30008812831,TRAIN
39789,BAAF,Campo Grande,2026-05-04,LINHA002,TRANSP ENCH EMP SAN MARTIN L02,P.EQ.LINHA,Sistema elétrico,Sensor de segurança em falha,SENSOR EM FALHA TRAVANDO O TRANSPORTE,4.29,MANUTENCAO,Falha técnica/física ou intervenção corretiva em equipamento/componente.,MANUTENCAO,REAL,sensor em falha travando o transporte,TRAIN
13781,BAAD,Jundiaí,2026-04-21,LINHA016,ENCHEDORA KRONES L16,P.EQ.LINHA,Instalação elétrica,,"SENSOR IDENTIFICOU QUE UMA DAS PORTAS DA RECRAVADORA ESTAVA ABERTA, MAS NÃO ESTAVA, PARANDO REPENTINAMENTE A MÁQUINA SAINDO DE SINCRONISMO",14.00,MANUTENCAO,Falha técnica/física ou intervenção corretiva em equipamento/componente.,MANUTENCAO,REAL,sensor identificou que uma das portas da recravadora estava aberta mas nao estava parando repentinamente a maquina saindo de sincronismo,TRAIN
39431,BAAF,Campo Grande,2026-04-08,LINHA001,DESENCAIXOTADORA KHS L01,P.EQ.LINHA,SISTEMA ELETRICO VAM IV 1351/4,,"SISTEMA NR12 PORTA DE SEGURANÇA RUIM, NÃO RESETA",6.43,MANUTENCAO,Falha técnica/física ou intervenção corretiva em equipamento/componente.,MANUTENCAO,REAL,sistema nr12 porta de seguranca ruim nao reseta,TRAIN
73833,BAAJ,Maringá,2026-05-28,LINHA004,TRANSP PALETES CHEIO SID LI04,P.EQ.LINHA,Sistema Elétrico,,SOBRE CARGA NO MOTOR DA MESA GIRATÒRIA,6.74,MANUTENCAO,Falha técnica/física ou intervenção corretiva em equipamento/componente.,MANUTENCAO,REAL,sobre carga no motor da mesa giratoria,TRAIN
98655,BAAR,Santa Maria,2026-08-26,LINHA002,TRANSP PALLET PET- PALETIZADOR,P.EQ.LINHA,Sistema Estrutura,Qualidade de peças,"SOBRECARGA NO MOTOR DO TRANSPORTRE DE PALETE, FOI AUMENTADO A VELOVIDADE DO MOTOR PARA REDUZIR A CORRENTE",8.86,OPERACAO,"Falha de operação/processo, ajuste, fluxo, material ou automação sem evidência de avaria física.",OPERACAO,REAL,sobrecarga no motor do transportre de palete foi aumentado a velovidade do motor para reduzir a corrente,TRAIN
78272,B0AC,Bauru,2026-01-13,LINHA003,ROTULADORA 1 VEST PREMIUM NAR,P.EQ.LINHA,Sistema Pneumático,,SOLTOU A PINÇA DE NAYLON ( ORDEM 30008254015 ),7.73,MANUTENCAO,Falha técnica/física ou intervenção corretiva em equipamento/componente.,MANUTENCAO,REAL,soltou a pinca de naylon ordem 30008254015,TRAIN
68705,BAAJ,Maringá,2026-02-17,LINHA007,TRANSPORTE LAVADORA ENCHEDORA,P.EQ.LINHA,Instrumentos Medição,,SOPRADOR DE GARRAFA CAIDA ANTES DO ASEBE NÃO ESTAVA FUNCIONANDO,11.93,MANUTENCAO,Falha técnica/física ou intervenção corretiva em equipamento/componente.,MANUTENCAO,REAL,soprador de garrafa caida antes do asebe nao estava funcionando,TRAIN
24988,BAAE,Mogi,2026-02-08,LINHA002,MO2 SOPRADORA CONTIFORM KRO,P.EQ.LINHA,Sistema de Instrumentos e cont,,SOPRADORA PARADA / ERRO NA LEITURA DO SENSOR DE MEDIÇÃO DE GARRAFAS,20.00,OPERACAO,"Falha de operação/processo, ajuste, fluxo, material ou automação sem evidência de avaria física.",OPERACAO,REAL,sopradora parada erro na leitura do sensor de medicao de garrafas,TRAIN
86851,BAAO,Porto Alegre,2026-02-27,LINHA001,INSP. DE GARRAFAS CHEIAS APÓS,P.EQ.LINHA,Sistema Motriz,,SQUEZEER MOTOR DESARMANDO,9.00,MANUTENCAO,Falha técnica/física ou intervenção corretiva em equipamento/componente.,MANUTENCAO,REAL,squezeer motor desarmando,TRAIN
73822,BAAJ,Maringá,2026-05-28,LINHA006,RINSER BLOCK SID,P.EQ.LINHA,CONJUNTO DE ENXÁGUE BLOCK SID,,SUBSTITUIÇÃO DA BUCHA DA PINÇA 62 DO RINSER,15.00,MANUTENCAO,Falha técnica/física ou intervenção corretiva em equipamento/componente.,MANUTENCAO,REAL,substituicao da bucha da pinca 62 do rinser,TRAIN
63288,BAAI,Curitiba,2026-01-04,LINHA003,TRANSPORTE PACOTES EMPA PALE S,P.EQ.LINHA,SISTEMA ESTRUTURA GERAL SID,,SUPORTE DAS GUIAS LATERAIS COM DIFICULDADE DE AJUSTE.,15.00,MANUTENCAO,Falha técnica/física ou intervenção corretiva em equipamento/componente.,MANUTENCAO,REAL,suporte das guias laterais com dificuldade de ajuste,TRAIN
65811,BAAI,Curitiba,2026-08-19,LINHA001,TRANSP LATAS WARM INSP KHS LI0,P.EQ.LINHA,Estrutura,Suporte do transportador danif,"SUPORTE DO SENSOR FICOU TRAVADO EMPERRADO, PAROU O WARMER",7.64,MANUTENCAO,Falha técnica/física ou intervenção corretiva em equipamento/componente.,MANUTENCAO,REAL,suporte do sensor ficou travado emperrado parou o warmer,TRAIN
23352,BAAE,Mogi,2026-01-14,LINHA002,CAPSULADOR GARRAFAS KHS L02,P.EQ.LINHA,Sistema de Tampamento,,TAMPA COM BOTOQUER MORDIDO,7.29,OPERACAO,"Falha de operação/processo, ajuste, fluxo, material ou automação sem evidência de avaria física.",OPERACAO,REAL,tampa com botoquer mordido,TRAIN
76385,BAAJ,Maringá,2026-07-30,LINHA004,CAPSULADOR ARO LI04,P.EQ.LINHA,SISTEMA DE ROSQUEAMENTO,,TAMPA SAINDO COM LACRE ROMPIDO.,22.36,OPERACAO,"Falha de operação/processo, ajuste, fluxo, material ou automação sem evidência de avaria física.",OPERACAO,REAL,tampa saindo com lacre rompido,TRAIN
52877,BAAG,Itabirito,2026-05-19,LINHA007,ABASTECEDOR TAMPAS KHS L07,P.EQ.LINHA,Silo de tampas,,"TAMPA TRAVA NA SAIDA DO SILO, DENTRO DA MATERIA PRIMA OCASIONANDO FALTA DE TAMPAS",7.60,OPERACAO,"Falha de operação/processo, ajuste, fluxo, material ou automação sem evidência de avaria física.",OPERACAO,REAL,tampa trava na saida do silo dentro da materia prima ocasionando falta de tampas,TRAIN
46581,BAAG,Itabirito,2026-02-23,LINHA006,ALIMENTADOR TAMPAS ALM L06,P.EQ.LINHA,Canaleta de tampas,,TAMPA TRAVADA NO TRANSPORTE LOCAL DIFICIL ACESSO,2.99,OPERACAO,"Falha de operação/processo, ajuste, fluxo, material ou automação sem evidência de avaria física.",OPERACAO,REAL,tampa travada no transporte local dificil acesso,TRAIN
35637,BAAE,Mogi,2026-07-31,LINHA007,CAPSULADOR KRONES L07,P.EQ.LINHA,ALIMENTACAO TAMPAS,,TAMPAS COM LACRE QUEBRADO E TAMBEM AMASSADA OCASIONANDO ENROSCO NO SISTEMA DE TRANSFERENCIA NO PISO SUPERIOR DA ENCHEDORA,10.63,OPERACAO,"Falha de operação/processo, ajuste, fluxo, material ou automação sem evidência de avaria física.",OPERACAO,REAL,tampas com lacre quebrado e tambem amassada ocasionando enrosco no sistema de transferencia no piso superior da enchedora,TRAIN
21563,BAAD,Jundiaí,2026-08-25,LINHA017,ENCAIXOTADORA,P.EQ.LINHA,Sistema Elétrico,,"TELA TÁTIL IHM TRAVADA, NECESSÁRIO REINICIALIZAÇÃO DO EQUIPAMENTO",20.00,OPERACAO,"Falha de operação/processo, ajuste, fluxo, material ou automação sem evidência de avaria física.",OPERACAO,REAL,tela tatil ihm travada necessario reinicializacao do equipamento,TRAIN
13445,BAAD,Jundiaí,2026-04-14,LINHA033,APLICADOR CANUDOS LI33,P.EQ.LINHA,Aplicador de Cola Nordson PB04,,TEMPERATURA INCORRETA,20.76,OPERACAO,"Falha de operação/processo, ajuste, fluxo, material ou automação sem evidência de avaria física.",OPERACAO,REAL,temperatura incorreta,TRAIN
85282,BAAL,Antonio Carlos,2026-08-13,LINHA002,EMBALADORA KHS SP080V EMB0016,P.EQ.LINHA,Sistema de Instrumentos e cont,,TRANCOU  BARRA  DE  ARRASTE,2.50,OPERACAO,"Falha de operação/processo, ajuste, fluxo, material ou automação sem evidência de avaria física.",OPERACAO,REAL,trancou barra de arraste,TRAIN
74132,BAAJ,Maringá,2026-06-05,LINHA003,TRANSP PACOTE EMPACO PAL LOC L,P.EQ.LINHA,Sistema Elétrico,,TRANSPORTE DE PACOTE PARADO.,5.09,MANUTENCAO,Falha técnica/física ou intervenção corretiva em equipamento/componente.,MANUTENCAO,REAL,transporte de pacote parado,TRAIN
56914,BAAG,Itabirito,2026-07-02,LINHA006,TRANSP TAMPAS GNR L06,P.EQ.LINHA,Transporte de tampas,Correia de paletes danificada,TRANSPORTE DE TAMPA TRAVADO OCASIONANDO QUEBRA DE LACRE. REALIZANDO ABASTECIMENTO MANUAL.,18.77,OPERACAO,"Falha de operação/processo, ajuste, fluxo, material ou automação sem evidência de avaria física.",OPERACAO,REAL,transporte de tampa travado ocasionando quebra de lacre realizando abastecimento manual,TRAIN
68313,BAAJ,Maringá,2026-02-10,LINHA004,CARBO 2100 ANP LI04,P.EQ.LINHA,Sistema de Instrumentos e Cont,,TRAVAMENTO DO IHM DO CARBO -MITECO,10.00,OPERACAO,"Falha de operação/processo, ajuste, fluxo, material ou automação sem evidência de avaria física.",OPERACAO,REAL,travamento do ihm do carbo miteco,TRAIN
5691,BAAK,Marília,2026-04-21,LINHA005,TRANSP CXS GRFS CH PAL,P.EQ.LINHA,Sistema de instrumentos e cont,,"TRAVAMENTO DO TRANSPORTE DE SAIDA DA ENCAIXOTADORA,SAIU FORA DO GUIA",10.47,OPERACAO,"Falha de operação/processo, ajuste, fluxo, material ou automação sem evidência de avaria física.",OPERACAO,REAL,travamento do transporte de saida da encaixotadora saiu fora do guia,TRAIN
51000,BAAG,Itabirito,2026-04-24,LINHA006,TRANSP PCT EMPACOT AMBAF KHS L,P.EQ.LINHA,Transportadores,,TRAVAMENTO PACOTES TRANSPORTE,8.00,OPERACAO,"Falha de operação/processo, ajuste, fluxo, material ou automação sem evidência de avaria física.",OPERACAO,REAL,travamento pacotes transporte,TRAIN
92579,BAAR,Santa Maria,2026-03-18,LINHA004,ENCHEDORA DE LATAS EM-D-30 KHS,P.EQ.LINHA,Sistema de Instrumentos e cont,,"TROCA DA AGULHA DA VÁLVULA 28,ESTAVA COM BORRACHA DANIFICADA",10.00,MANUTENCAO,Falha técnica/física ou intervenção corretiva em equipamento/componente.,MANUTENCAO,REAL,troca da agulha da valvula 28 estava com borracha danificada,TRAIN
40482,BAAF,Campo Grande,2026-06-24,LINHA003,CG3 PALETIZADOR SIRIO MS 300 S,P.EQ.LINHA,SISTEMA ESTRUTURA SIRIO MS-300,,TROCA DA ESTEIRA NA MESA DE FORMAÇÃO,17.07,MANUTENCAO,Falha técnica/física ou intervenção corretiva em equipamento/componente.,MANUTENCAO,REAL,troca da esteira na mesa de formacao,TRAIN
57090,BAAG,Itabirito,2026-07-04,LINHA008,EMPACOTADORA 2 KHS L08,P.EQ.LINHA,Alimentação corte de filme,Lâmina danificada,TROCA DA FACA DE CORTE EPC8.2,15.00,MANUTENCAO,Falha técnica/física ou intervenção corretiva em equipamento/componente.,MANUTENCAO,REAL,troca da faca de corte epc8 2,TRAIN
10892,BAAD,Jundiaí,2026-03-06,LINHA001,ENCHEDORA,P.EQ.LINHA,Válvulas de enchimento,,TROCA DA VALVULA 94. FOI TROCADO AS VENDAÇÕES.,5.92,MANUTENCAO,Falha técnica/física ou intervenção corretiva em equipamento/componente.,MANUTENCAO,REAL,troca da valvula 94 foi trocado as vendacoes,TRAIN
83127,BAAL,Antonio Carlos,2026-03-31,LINHA001,PROPORCIONADOR HOLSTEIN PRO RE,P.EQ.LINHA,Estrutura,,TROCA DA VEDAÇÃO DA TUBULAÇÃO DE BEBIDA - NOTA 13219062,20.12,MANUTENCAO,Falha técnica/física ou intervenção corretiva em equipamento/componente.,MANUTENCAO,REAL,troca da vedacao da tubulacao de bebida nota 13219062,TRAIN
17261,BAAD,Jundiaí,2026-06-23,LINHA021,MONTADORA DE CAIXAS SACMI L21,P.EQ.LINHA,ESTRUTURA,,TROCA DAS BUCHAS DE ATICULAÇÃO DO BRAÇO FLAP,20.00,MANUTENCAO,Falha técnica/física ou intervenção corretiva em equipamento/componente.,MANUTENCAO,REAL,troca das buchas de aticulacao do braco flap,TRAIN
17644,BAAD,Jundiaí,2026-06-28,LINHA009,ENCHEDORA KHS L09,P.EQ.LINHA,Manejo de garrafas,Manejo de garrafa danificado,TROCA DAS TRAVAS DE GARGALO N°12 E N°85,8.02,MANUTENCAO,Falha técnica/física ou intervenção corretiva em equipamento/componente.,MANUTENCAO,REAL,troca das travas de gargalo n 12 e n 85,TRAIN
62220,BAAG,Itabirito,2026-08-26,LINHA004,ENVOLVEDORA ROBOPAC GENESIS TH,P.EQ.LINHA,Transporte de palete,,TROCA DE BOBINA MANUALMENTE.,4.00,OPERACAO,"Falha de operação/processo, ajuste, fluxo, material ou automação sem evidência de avaria física.",OPERACAO,REAL,troca de bobina manualmente,TRAIN
13093,BAAD,Jundiaí,2026-04-08,LINHA012,CAPSULADOR KHS L12,P.EQ.LINHA,Sistema de tampamento,,"TROCA DO BOCAL NOI CABEÇOTE N 2 , DEVIDO QUEBRA DA BORRACHA DAS ESFERAS",2.50,MANUTENCAO,Falha técnica/física ou intervenção corretiva em equipamento/componente.,MANUTENCAO,REAL,troca do bocal noi cabecote n 2 devido quebra da borracha das esferas,TRAIN
65060,BAAI,Curitiba,2026-06-17,LINHA001,ENCHEDORA VVF72D D72 KHS LI01,P.EQ.LINHA,Sistema de enchimento,,TROCA DO COPO DE VALVULA 33. NOTA 13302081,11.40,MANUTENCAO,Falha técnica/física ou intervenção corretiva em equipamento/componente.,MANUTENCAO,REAL,troca do copo de valvula 33 nota 13302081,TRAIN
29480,BAAE,Mogi,2026-04-14,LINHA002,ENCHEDORA KHS L02,P.EQ.LINHA,Sistema elétrico,,TROCA SENSOR ABRIDOR DE VALVULA,15.00,MANUTENCAO,Falha técnica/física ou intervenção corretiva em equipamento/componente.,MANUTENCAO,REAL,troca sensor abridor de valvula,TRAIN
60800,BAAG,Itabirito,2026-08-13,MULTI009,TRP PALLET ENVOLVEDORA FINAL L,P.EQ.LINHA,Sistema Elétrico,,"TRP54 CENTRAGEM DE PALETES, CONSEQUENTEMENTE PERDA DE CONTAGEM",6.69,OPERACAO,"Falha de operação/processo, ajuste, fluxo, material ou automação sem evidência de avaria física.",OPERACAO,REAL,trp54 centragem de paletes consequentemente perda de contagem,TRAIN
10555,BAAD,Jundiaí,2026-03-02,LINHA015,ROTULADORA GARRAFAS 2 KRO L15,P.EQ.LINHA,Sistema de Lubrificação,,TULIPAS TRAVADAS POR FALTA DE LUBRIFICAÇÃO E GRAXA VELHA,15.00,MANUTENCAO,Falha técnica/física ou intervenção corretiva em equipamento/componente.,MANUTENCAO,REAL,tulipas travadas por falta de lubrificacao e graxa velha,TRAIN
88691,BAAO,Porto Alegre,2026-07-23,LINHA002,ENCHEDORA DE LATAS,P.EQ.LINHA,Sistema de enchimento,,"VALVULA 18 ESPUMANDO, VERIFICAÇÃO DA BORRACHA DA TULIPA",9.31,MANUTENCAO,Falha técnica/física ou intervenção corretiva em equipamento/componente.,MANUTENCAO,REAL,valvula 18 espumando verificacao da borracha da tulipa,TRAIN
40658,BAAF,Campo Grande,2026-07-06,LINHA001,ENCHEDORA KHS L01,P.EQ.LINHA,SISTEMA ENCHIMENTO VVF 60/10 K,,VALVULA 37 - TROCA DE MOLAS DO SNIFFER,5.00,MANUTENCAO,Falha técnica/física ou intervenção corretiva em equipamento/componente.,MANUTENCAO,REAL,valvula 37 troca de molas do sniffer,TRAIN
10213,BAAD,Jundiaí,2026-02-26,LINHA014,PREPARADOR BEBIDAS KRO L14,P.EQ.LINHA,Sistema de Válvulas,,"VÁLVULA Q136 EM FALHA, OCASIONANDO QUEDA DO BRIX.",13.37,MANUTENCAO,Falha técnica/física ou intervenção corretiva em equipamento/componente.,MANUTENCAO,REAL,valvula q136 em falha ocasionando queda do brix,TRAIN
90979,BAAR,Santa Maria,2026-02-11,LINHA001,RINSER ROTATIVO INNOCLEAN PET,P.EQ.LINHA,Sistema Entrada,,VARIAÇÃO DE PRESSÃO DO VENTILADOR DE ENTRADA.,4.00,MANUTENCAO,Falha técnica/física ou intervenção corretiva em equipamento/componente.,MANUTENCAO,REAL,variacao de pressao do ventilador de entrada,TRAIN
60809,BAAG,Itabirito,2026-08-13,LINHA007,SOPRADORA KHS L07,P.EQ.LINHA,Sistema de estiramento,,"VEDAÇÃO DA HASTE DE ESTIRAMENTO DA ESTAÇÃO 7 DESLOCOU, NECESSÁRIO PARADA PARA REPOSICIONAR;",13.00,MANUTENCAO,Falha técnica/física ou intervenção corretiva em equipamento/componente.,MANUTENCAO,REAL,vedacao da haste de estiramento da estacao 7 deslocou necessario parada para reposicionar,TRAIN
19525,BAAD,Jundiaí,2026-07-27,LINHA016,ENCHEDORA KRONES L16,P.EQ.LINHA,Manejo de garrafas,,VELOCIDADE LIMITADA A 115000 DEVIDO FALHA NA ENTRADA DA ENCHEDORA,6.00,OPERACAO,"Falha de operação/processo, ajuste, fluxo, material ou automação sem evidência de avaria física.",OPERACAO,REAL,velocidade limitada a 115000 devido falha na entrada da enchedora,TRAIN
65284,BAAI,Curitiba,2026-07-02,LINHA001,RECRAVADORA F708G FRR LI01,P.EQ.LINHA,Estrutura,Qualidade de peças,VELOCIDADE REDUZIDA DEVIDO A DESGASTE DE PEÇAS NOTA :,6.00,MANUTENCAO,Falha técnica/física ou intervenção corretiva em equipamento/componente.,MANUTENCAO,REAL,velocidade reduzida devido a desgaste de pecas nota,TRAIN
27869,BAAE,Mogi,2026-03-18,LINHA008,SOPRADORA KRONES L08,P.EQ.LINHA,MODULO DO SOPRO,,"VERIFICAÇÃO DO MOLDE 18, E LUBRIFICAÇÃO DO BOCAL",10.00,MANUTENCAO,Falha técnica/física ou intervenção corretiva em equipamento/componente.,MANUTENCAO,REAL,verificacao do molde 18 e lubrificacao do bocal,TRAIN
64543,BAAI,Curitiba,2026-05-09,LINHA002,DESPALETIZADORA SIRIO SMN LI02,P.EQ.LINHA,Sistema elétrico,,13263530 TRAVA DA CAIXA DA DESPALETIZADORA VIDRO,60.00,MANUTENCAO,Falha técnica/física ou intervenção corretiva em equipamento/componente.,MANUTENCAO,REAL,13263530 trava da caixa da despaletizadora vidro,VALIDATION
66068,BAAI,Curitiba,2026-09-05,LINHA003,PALETIZADORA ROBOKOMBI SIG,P.EQ.LINHA,SISTEMA CARRO ROBOKOMBI SIM,,13376352 - CABEÇOTE PALETIZADOR NÃO AVANÇAVA PARA DESCARREGAR A CAMADA DE PACOTES.,5.09,MANUTENCAO,Falha técnica/física ou intervenção corretiva em equipamento/componente.,MANUTENCAO,REAL,13376352 cabecote paletizador nao avancava para descarregar a camada de pacotes,VALIDATION
89058,BAAO,Porto Alegre,2026-08-26,LINHA006,TRANSPORTE DE PACOTES,P.EQ.LINHA,Sistema Motriz,,"ACUMULANDO PACOTES NO TRP, ATE PARAR A EMBALADORA",10.20,OPERACAO,"Falha de operação/processo, ajuste, fluxo, material ou automação sem evidência de avaria física.",OPERACAO,REAL,acumulando pacotes no trp ate parar a embaladora,VALIDATION
12838,BAAD,Jundiaí,2026-04-03,LINHA013,ENCHEDORA KHS L13,P.EQ.LINHA,Sistema de enchimento,,AJUSTE DA VALVULA REGULADORA DE PRESSÃO VR50. NOTA 13222015.,3.27,OPERACAO,"Falha de operação/processo, ajuste, fluxo, material ou automação sem evidência de avaria física.",OPERACAO,REAL,ajuste da valvula reguladora de pressao vr50 nota 13222015,VALIDATION
80779,B0AC,Bauru,2026-08-20,LINHA006,TRANSP PACTS EMPAC PALET GEBO,P.EQ.LINHA,SISTEMA MOTRIZ GEBO SID,,AJUSTE NA FIXAÇAO DO BRAÇO DO MOTOR            ORDEM Nº30008839260,20.00,MANUTENCAO,Falha técnica/física ou intervenção corretiva em equipamento/componente.,MANUTENCAO,REAL,ajuste na fixacao do braco do motor ordem no30008839260,VALIDATION
87672,BAAO,Porto Alegre,2026-04-17,LINHA001,DESCAPSULADOR,P.EQ.LINHA,,,AJUSTE NAS GUIAS DE SAIDA,3.00,OPERACAO,"Falha de operação/processo, ajuste, fluxo, material ou automação sem evidência de avaria física.",OPERACAO,REAL,ajuste nas guias de saida,VALIDATION
20118,BAAD,Jundiaí,2026-08-05,LINHA012,CAPSULADOR KHS L12,P.EQ.LINHA,Torre capsuladora,Torque desajustado,"ALTO TORQUE NO CABEÇOTE N2 OCASIONANDO MARCAÇÃO NA TAMPA , FOI REALIZADO O AJUSTE",13.50,OPERACAO,"Falha de operação/processo, ajuste, fluxo, material ou automação sem evidência de avaria física.",OPERACAO,REAL,alto torque no cabecote n2 ocasionando marcacao na tampa foi realizado o ajuste,VALIDATION
8419,BAAD,Jundiaí,2026-02-01,LINHA016,COMBINER OCME,P.EQ.LINHA,,,"APÓS PARADA POR ACUMULO, EQUIPAMENTO DA FALHA DE CONTAGEM AO VOLTAR A RODAR.",6.92,OPERACAO,"Falha de operação/processo, ajuste, fluxo, material ou automação sem evidência de avaria física.",OPERACAO,REAL,apos parada por acumulo equipamento da falha de contagem ao voltar a rodar,VALIDATION
42872,BAAG,Itabirito,2026-01-13,LINHA003,TRANS SYNCO WARMER/EMPACOTADOR,P.EQ.LINHA,Sistema de instrumentos e cont,,ATRASO DOS TRANSPORTES APÓS RETORNO DE PARADA ( FALHA RECORRENTE NECESSITA DE INTERVENÇÃO KRONES),24.80,OPERACAO,"Falha de operação/processo, ajuste, fluxo, material ou automação sem evidência de avaria física.",OPERACAO,REAL,atraso dos transportes apos retorno de parada falha recorrente necessita de intervencao krones,VALIDATION
6392,BAAK,Marília,2026-09-07,LINHA005,ENCHEDORA EUROSTAR SID LI05,P.EQ.LINHA,Sistema de instrumentos e cont,,"ATRASO POR FALHA EM SENSORES DE GARRAFA FALSA NO CIP, ENXÁGUE PARA COLETA MICROBIOLÓGICA E ESPAÇO NA LAVADORA PARA CARREGAMENTO",40.20,OPERACAO,"Falha de operação/processo, ajuste, fluxo, material ou automação sem evidência de avaria física.",OPERACAO,REAL,atraso por falha em sensores de garrafa falsa no cip enxague para coleta microbiologica e espaco na lavadora para carregamento,VALIDATION
38673,BAAF,Campo Grande,2026-02-05,LINHA001,EMPACOTADORA GAYNOR L01,P.EQ.LINHA,Sistema de agrupação,Barra empurradora danificada,BARRA EMPURRADORA SAIU DO LUGAR,6.00,MANUTENCAO,Falha técnica/física ou intervenção corretiva em equipamento/componente.,MANUTENCAO,REAL,barra empurradora saiu do lugar,VALIDATION
78254,B0AC,Bauru,2026-01-09,LINHA006,ROTULADORA SUPERCOMBI SL100SSC,P.EQ.LINHA,SISTEMA ESTRUTURA SUPCO SL100S,,"BOIA NIVEL DO TANQUE ENROSCOU CAUSANDO PARADA POR NIVEL VAZIO COLA , POREM O TANQUE ESTAVA CHEIO, AGUARDANDO ORDEM",10.00,MANUTENCAO,Falha técnica/física ou intervenção corretiva em equipamento/componente.,MANUTENCAO,REAL,boia nivel do tanque enroscou causando parada por nivel vazio cola porem o tanque estava cheio aguardando ordem,VALIDATION
74957,BAAJ,Maringá,2026-06-25,LINHA002,PROPORCIONADOR ZIE LI02,P.EQ.LINHA,Sistema de Bombeamento,,BOMBA DE MISTURA DESARMOU,3.32,OPERACAO,"Falha de operação/processo, ajuste, fluxo, material ou automação sem evidência de avaria física.",OPERACAO,REAL,bomba de mistura desarmou,VALIDATION
94031,BAAR,Santa Maria,2026-04-23,LINHA003,MAGAZINE DE PALLETS- PALETIZAD,P.EQ.LINHA,Sistema Estrutura,Qualidade de peças,BOTAO DE ACIONAMENTO DAS GARRA NAO ACIONANDO MANUAL ( FOI TROCADO BOTAO),7.20,MANUTENCAO,Falha técnica/física ou intervenção corretiva em equipamento/componente.,MANUTENCAO,REAL,botao de acionamento das garra nao acionando manual foi trocado botao,VALIDATION
39249,BAAF,Campo Grande,2026-03-19,LINHA003,ENVOLVEDORA FILME 1 FRK L02,P.EQ.LINHA,SISTEMA ESTRUTURA 121 FRA,,COLOCADOR DE CARTÃO,13.00,MANUTENCAO,Falha técnica/física ou intervenção corretiva em equipamento/componente.,MANUTENCAO,REAL,colocador de cartao,VALIDATION
10919,BAAD,Jundiaí,2026-03-06,LINHA021,ARMADORA SACMI L21,P.EQ.LINHA,SISTEMA DE TRAÇÃO,,CORRENTE SAIU DE POSIÇÃO,45.00,MANUTENCAO,Falha técnica/física ou intervenção corretiva em equipamento/componente.,MANUTENCAO,REAL,corrente saiu de posicao,VALIDATION
13586,BAAD,Jundiaí,2026-04-16,LINHA001,TRANSP LATAS WARMER EMPA KET L,P.EQ.LINHA,SISTEMA ELETRICO KET,,DESARME DO MOTOR SAIDA DO WARMER,10.64,MANUTENCAO,Falha técnica/física ou intervenção corretiva em equipamento/componente.,MANUTENCAO,REAL,desarme do motor saida do warmer,VALIDATION
16521,BAAD,Jundiaí,2026-06-10,LINHA017,TRANSP GAR ENCH ATÉ ROTULADORA,P.EQ.LINHA,,,DESARME TRP ANTES DO LINADRY,10.00,MANUTENCAO,Falha técnica/física ou intervenção corretiva em equipamento/componente.,MANUTENCAO,REAL,desarme trp antes do linadry,VALIDATION
52200,BAAG,Itabirito,2026-05-09,LINHA006,AQUECEDOR WARMER KHS L06,P.EQ.LINHA,Sistema Motriz,Falha transmissão,DESNIVEL NA ENTRADA E SAIDA OCASIONANDO TOMBAMENTO DE GARRAFAS,6.00,OPERACAO,"Falha de operação/processo, ajuste, fluxo, material ou automação sem evidência de avaria física.",OPERACAO,REAL,desnivel na entrada e saida ocasionando tombamento de garrafas,VALIDATION
50171,BAAG,Itabirito,2026-04-16,LINHA001,INSPETOR ROTULOS HEUFT L01,P.EQ.LINHA,,,"ELE - FALHA NO PROCESSAMENTO, AO CARREGAR A RECEITA DE FANTA LARANJA, ESTAVA PUXANDO INFORMAÇÕES DA PRODUÇÃO ANTERIOR, FANTA UVA.",34.00,OPERACAO,"Falha de operação/processo, ajuste, fluxo, material ou automação sem evidência de avaria física.",OPERACAO,REAL,ele falha no processamento ao carregar a receita de fanta laranja estava puxando informacoes da producao anterior fanta uva,VALIDATION
82678,BAAL,Antonio Carlos,2026-03-05,LINHA001,CAPSULADOR HOLSTEIN KAPPERT LI,P.EQ.LINHA,Sistema Motriz,Engrenagem de transmissão dani,"ENGRENAGEM DO POSTO 06 DANIFICADA, NOTA: 13190947",4.79,MANUTENCAO,Falha técnica/física ou intervenção corretiva em equipamento/componente.,MANUTENCAO,REAL,engrenagem do posto 06 danificada nota 13190947,VALIDATION
24075,BAAE,Mogi,2026-01-26,LINHA001,MO1 TRANSP ROT RINSER KRO,P.EQ.LINHA,Estrutura,Guia pescoço danificada,ENROSCO  DE GARRAFA TRANSPORTE AEREO,3.12,OPERACAO,"Falha de operação/processo, ajuste, fluxo, material ou automação sem evidência de avaria física.",OPERACAO,REAL,enrosco de garrafa transporte aereo,VALIDATION
94612,BAAR,Santa Maria,2026-05-07,LINHA001,ENCHEDORA DELTA - L01,P.EQ.LINHA,Sistema Transporte,,ENROSCO DE GRF ESTRELA ENTRADA CAPSULADOR,2.00,OPERACAO,"Falha de operação/processo, ajuste, fluxo, material ou automação sem evidência de avaria física.",OPERACAO,REAL,enrosco de grf estrela entrada capsulador,VALIDATION
16489,BAAD,Jundiaí,2026-06-10,LINHA001,ALIMENTADOR DE TAMPAS,P.EQ.LINHA,,,ENROSCO DE TAMPA CAIDA NO CARROCEL.,10.00,OPERACAO,"Falha de operação/processo, ajuste, fluxo, material ou automação sem evidência de avaria física.",OPERACAO,REAL,enrosco de tampa caida no carrocel,VALIDATION
69756,BAAJ,Maringá,2026-03-06,LINHA005,TRANSP EMBALAGENS TTP L05,P.EQ.LINHA,SISTEMA ESTRUTURA TET,,ENROSCO NA ENTRADA DO HELIX,10.00,OPERACAO,"Falha de operação/processo, ajuste, fluxo, material ou automação sem evidência de avaria física.",OPERACAO,REAL,enrosco na entrada do helix,VALIDATION
8919,BAAD,Jundiaí,2026-02-08,LINHA005,TRANSP GAR ENCH EMP SIM L05,P.EQ.LINHA,Cintas de transporte,Cadeia transportadora desajust,ESTEIRA COM FOLGA NECESSARIO RETIRAR ELOS,15.00,MANUTENCAO,Falha técnica/física ou intervenção corretiva em equipamento/componente.,MANUTENCAO,REAL,esteira com folga necessario retirar elos,VALIDATION
18252,BAAD,Jundiaí,2026-07-08,LINHA015,TRANSP GAR ENCH ROTUL KRO L15,P.EQ.LINHA,Sistema Motriz,Correia de transmissão danific,ESTEIRAS DANIFICADAS NA SAIDA DO CAVALO MARINHO 1 CAUSANDO QUEDA DE GARRAFAS,2.00,MANUTENCAO,Falha técnica/física ou intervenção corretiva em equipamento/componente.,MANUTENCAO,REAL,esteiras danificadas na saida do cavalo marinho 1 causando queda de garrafas,VALIDATION
57674,BAAG,Itabirito,2026-07-12,LINHA007,ETIQUETADORA 01 UBS L07,P.EQ.LINHA,Sistema de Controle,,"ETIQUETAS IMPRESSAS EM DUPLICIDADE GERANDO FALHA NA RETIRADA DO LGV,FOI NECESSARIO APAGAR TODAS AS INFORMAÇÕES E NDIGITAR NOVAMENTE ..",8.40,OPERACAO,"Falha de operação/processo, ajuste, fluxo, material ou automação sem evidência de avaria física.",OPERACAO,REAL,etiquetas impressas em duplicidade gerando falha na retirada do lgv foi necessario apagar todas as informacoes e ndigitar novamente,VALIDATION
76966,BAAJ,Maringá,2026-08-11,LINHA004,INSPETOR FINAL VIEW HEU LI04,P.EQ.LINHA,Sistema de Instrumentos e Cont,,"EXCESSO DE FALSO REJEITO, OCASIONANDO TORQUE NA ENCHEDORA",5.94,OPERACAO,"Falha de operação/processo, ajuste, fluxo, material ou automação sem evidência de avaria física.",OPERACAO,REAL,excesso de falso rejeito ocasionando torque na enchedora,VALIDATION
69540,BAAJ,Maringá,2026-03-02,LINHA005,ACUMULADOR HELIX HARTNESS LI05,P.EQ.LINHA,SISTEMA ESTRUTURA ACHX30-0800-,,FALHA BAY PASS DA AUTOMAÇÃO.,10.70,OPERACAO,"Falha de operação/processo, ajuste, fluxo, material ou automação sem evidência de avaria física.",OPERACAO,REAL,falha bay pass da automacao,VALIDATION
42553,BAAG,Itabirito,2026-01-09,LINHA004,TRP SAÍDA PONTE VÁCUO 2.1/ENTR,P.EQ.LINHA,,,FALHA DE COMUNICAÇÃO ENTRE OS TRP DE SAÍDA DA PONTE DE VÁCUO E ENCHEDORA .,60.00,OPERACAO,"Falha de operação/processo, ajuste, fluxo, material ou automação sem evidência de avaria física.",OPERACAO,REAL,falha de comunicacao entre os trp de saida da ponte de vacuo e enchedora,VALIDATION
66956,BAAJ,Maringá,2026-01-18,LINHA004,ENCHEDORA EUROTRONICA SID LI04,P.EQ.LINHA,SISTEMA DE ENCHIMENTO,,FALHA DE ENCHIMENTO VALVULA N°41.,12.75,MANUTENCAO,Falha técnica/física ou intervenção corretiva em equipamento/componente.,MANUTENCAO,REAL,falha de enchimento valvula n 41,VALIDATION
48434,BAAG,Itabirito,2026-03-18,LINHA001,TRANSP GFS LAV GFS ASEBI GEB L,P.EQ.LINHA,Instalação elétrica,Falha no variador de frequenci,FALHA DE MODULAÇÃO DO TRANSPORTE.,20.00,OPERACAO,"Falha de operação/processo, ajuste, fluxo, material ou automação sem evidência de avaria física.",OPERACAO,REAL,falha de modulacao do transporte,VALIDATION
93128,BAAR,Santa Maria,2026-03-30,LINHA002,(TR) CODIFICADORA MARKEM IMAJE,P.EQ.LINHA,,,FALHA DO SERVO DO CODIFICADOR. TEC. FERNANDO ATUOU.,2.05,MANUTENCAO,Falha técnica/física ou intervenção corretiva em equipamento/componente.,MANUTENCAO,REAL,falha do servo do codificador tec fernando atuou,VALIDATION
34662,BAAE,Mogi,2026-06-18,LINHA008,ROBOBOX KRONES L08,P.EQ.LINHA,PRE AGRUPAMENTO 1,,FALHA NA NA FORMAÇÃO DE PACOTES,14.62,OPERACAO,"Falha de operação/processo, ajuste, fluxo, material ou automação sem evidência de avaria física.",OPERACAO,REAL,falha na na formacao de pacotes,VALIDATION
34979,BAAE,Mogi,2026-07-06,LINHA007,AGREGADO ROTULAGEM C1B KRONES,P.EQ.LINHA,DISPOSITIVO CORTE FILME,,"FALHA NA POSIÇÃO DE CORTE DA BOBINA AGREGADO 2, FEITO LIMPEZA NOS COMPONETES E TROCADO ROTULO",31.20,OPERACAO,"Falha de operação/processo, ajuste, fluxo, material ou automação sem evidência de avaria física.",OPERACAO,REAL,falha na posicao de corte da bobina agregado 2 feito limpeza nos componetes e trocado rotulo,VALIDATION
8111,BAAD,Jundiaí,2026-01-27,LINHA016,PREPARADOR BEBIDAS KRONES L16,P.EQ.LINHA,Sistema de Instrumentos e Cont,,FALHA NA VALVULA DE GAS,42.16,MANUTENCAO,Falha técnica/física ou intervenção corretiva em equipamento/componente.,MANUTENCAO,REAL,falha na valvula de gas,VALIDATION
71921,BAAJ,Maringá,2026-04-20,LINHA007,DESENCAIXOTADORA KHS L07,P.EQ.LINHA,Sistema de instrumentos e cont,,FALHA NO CONVERSOR DE FREQUENCIA ( FALHA NO PEGA DAS GRFS ),8.00,MANUTENCAO,Falha técnica/física ou intervenção corretiva em equipamento/componente.,MANUTENCAO,REAL,falha no conversor de frequencia falha no pega das grfs,VALIDATION
50183,BAAG,Itabirito,2026-04-16,LINHA005,ENVOLVEDORA BEMA L05,P.EQ.LINHA,Sistema elétrico,Painel de controle falha,FALHA NO ENCODER DA MESA GIRATORIA DA ENVOLVEDORA,5.33,MANUTENCAO,Falha técnica/física ou intervenção corretiva em equipamento/componente.,MANUTENCAO,REAL,falha no encoder da mesa giratoria da envolvedora,VALIDATION
75278,BAAJ,Maringá,2026-07-01,LINHA004,TRANSP PALETES CHEIO SID LI04,P.EQ.LINHA,Sistema Elétrico,,FALHA NO INVERSOR DO MOTOR 420,5.45,MANUTENCAO,Falha técnica/física ou intervenção corretiva em equipamento/componente.,MANUTENCAO,REAL,falha no inversor do motor 420,VALIDATION
77836,BAAJ,Maringá,2026-09-03,LINHA004,TRANSP GFS ROTULA EMPAC SID LI,P.EQ.LINHA,Sistema Motriz,Eixo da transmissão danificado,"FALHA NO MOTOR 229, ENGRENAGEM DO ROLAMENTO CENTRAL DANIFICADA",25.57,MANUTENCAO,Falha técnica/física ou intervenção corretiva em equipamento/componente.,MANUTENCAO,REAL,falha no motor 229 engrenagem do rolamento central danificada,VALIDATION
78223,B0AC,Bauru,2026-01-08,LINHA001,ENCHEDORA BRH LI01,P.EQ.LINHA,Sistema de instrumentos e cont,,FALHA NO SELADOR DO COPO (SELO DESCENTRALIZADO) 30008235702,15.00,OPERACAO,"Falha de operação/processo, ajuste, fluxo, material ou automação sem evidência de avaria física.",OPERACAO,REAL,falha no selador do copo selo descentralizado 30008235702,VALIDATION
68511,BAAJ,Maringá,2026-02-14,LINHA002,ENVOLVEDORA PLTS SMN LI02,P.EQ.LINHA,Sistema Elétrico,,FALHA NO SENSOR DE FILME ARREBENTANDO ( REALIZADO A TROCA ),10.00,MANUTENCAO,Falha técnica/física ou intervenção corretiva em equipamento/componente.,MANUTENCAO,REAL,falha no sensor de filme arrebentando realizado a troca,VALIDATION
15818,BAAD,Jundiaí,2026-05-26,LINHA033,CARTONADORA TTP LI33,P.EQ.LINHA,Transporte de Caixas,,FALHA NO SISTEMA DE VACÚO NO TRANSPORTE DE CAIXAS.,40.00,MANUTENCAO,Falha técnica/física ou intervenção corretiva em equipamento/componente.,MANUTENCAO,REAL,falha no sistema de vacuo no transporte de caixas,VALIDATION
5761,BAAK,Marília,2026-05-12,LINHA005,TRANSP GRFS VZ LAV GRFS LINATR,P.EQ.LINHA,Sistema Elétrico,,"FALHA TRANSPORTE MOTOR TAG 225 E MOTOR TAG 217, TRANSPORTES NO PULMAO DA ENCHEDORA E RETORNO PARADO",20.00,MANUTENCAO,Falha técnica/física ou intervenção corretiva em equipamento/componente.,MANUTENCAO,REAL,falha transporte motor tag 225 e motor tag 217 transportes no pulmao da enchedora e retorno parado,VALIDATION
81336,BAAL,Antonio Carlos,2026-01-08,MULTI006,EMPACOTADORA ACMI LI06,P.EQ.LINHA,Sistema de Instrumentos e cont,,"FALHAS NO EIXO Z1 CONSECUTIVAS, REALIZANDO RESET NO EQUIPAMENTO, NOTA 13128007.",15.00,OPERACAO,"Falha de operação/processo, ajuste, fluxo, material ou automação sem evidência de avaria física.",OPERACAO,REAL,falhas no eixo z1 consecutivas realizando reset no equipamento nota 13128007,VALIDATION
19528,BAAD,Jundiaí,2026-07-27,LINHA016,TRP ENVOLVEDORA / TRP DE PALLE,P.EQ.LINHA,,,"FALTA DE LIMITADORES NO TRANSPORTE DE PALETES POSIÇÃO 161, OCASIONANDO PARADAS NO TRANSPORTE QUANDO O EMPILHADOR VAI RETIRAR OS PALETES.",17.27,MANUTENCAO,Falha técnica/física ou intervenção corretiva em equipamento/componente.,MANUTENCAO,REAL,falta de limitadores no transporte de paletes posicao 161 ocasionando paradas no transporte quando o empilhador vai retirar os paletes,VALIDATION
94157,BAAR,Santa Maria,2026-04-27,LINHA001,INSPETOR DE NIVEL E TAMPA SPEC,P.EQ.LINHA,Sistema Detector de Metais,,GARRAFAS CAINDO NA ESTEIRA DO INSPETOR,6.00,OPERACAO,"Falha de operação/processo, ajuste, fluxo, material ou automação sem evidência de avaria física.",OPERACAO,REAL,garrafas caindo na esteira do inspetor,VALIDATION
44328,BAAG,Itabirito,2026-01-28,LINHA007,AQUECEDOR WARMER KHS L07,P.EQ.LINHA,SISTEMA TROCA CALOR INNOPAS WI,,GARRAFAS MAL CONDENSADAS OCASIONANDO FALHA NA ROTULAGEM GERANDO ROTULO MAL APLICADOS DEVIDO SIST DE VAPOR VAZAMENTOS,13.00,MANUTENCAO,Falha técnica/física ou intervenção corretiva em equipamento/componente.,MANUTENCAO,REAL,garrafas mal condensadas ocasionando falha na rotulagem gerando rotulo mal aplicados devido sist de vapor vazamentos,VALIDATION
30103,BAAE,Mogi,2026-04-21,LINHA007,CAPSULADOR KRONES L07,P.EQ.LINHA,ALIMENTACAO TAMPAS,,"GARRAFAS SAINDO COM TAMPA TORTA, RETIRADA DOS LACRES PRESOS DAS TAMPAS NOS BOCAIS",23.54,OPERACAO,"Falha de operação/processo, ajuste, fluxo, material ou automação sem evidência de avaria física.",OPERACAO,REAL,garrafas saindo com tampa torta retirada dos lacres presos das tampas nos bocais,VALIDATION
95975,BAAR,Santa Maria,2026-06-15,LINHA001,TRANSP GRF PET SOPRAD-ROTUL (A,P.EQ.LINHA,Sistema Estrutura,Transportador desnivelado,GRFS TRAVANDO EM VARIOS PONTOS DA SOPRADORA PARA ROTULADORA,9.00,OPERACAO,"Falha de operação/processo, ajuste, fluxo, material ou automação sem evidência de avaria física.",OPERACAO,REAL,grfs travando em varios pontos da sopradora para rotuladora,VALIDATION
95758,BAAR,Santa Maria,2026-06-08,LINHA001,TRANSP GRF PET SOPRAD-ROTUL (A,P.EQ.LINHA,Sistema Estrutura,Transportador desnivelado,GRFS TRAVANDO NA DESCIDA DO AEREO E NA ENTRADA DA ROTULADORA,3.00,OPERACAO,"Falha de operação/processo, ajuste, fluxo, material ou automação sem evidência de avaria física.",OPERACAO,REAL,grfs travando na descida do aereo e na entrada da rotuladora,VALIDATION
95870,BAAR,Santa Maria,2026-06-09,LINHA004,TRANSP LAT WARMER-EMPACOT,P.EQ.LINHA,Sistema Estrutura,Estrutura suja,LATA CAIDA NA ESTEIRA.,2.68,OPERACAO,"Falha de operação/processo, ajuste, fluxo, material ou automação sem evidência de avaria física.",OPERACAO,REAL,lata caida na esteira,VALIDATION
95868,BAAR,Santa Maria,2026-06-09,LINHA004,TRANSP LAT WARMER-EMPACOT,P.EQ.LINHA,Sistema Estrutura,Qualidade de peças,LATAS CAIDA TRANCADA NO ESTREITAMENTO DO TRANSPORTE.,3.00,OPERACAO,"Falha de operação/processo, ajuste, fluxo, material ou automação sem evidência de avaria física.",OPERACAO,REAL,latas caida trancada no estreitamento do transporte,VALIDATION
61715,BAAG,Itabirito,2026-08-21,LINHA008,TRANSP ENCHEDORA WARMER KHS L0,P.EQ.LINHA,Cintas de transporte,Cadeia de transporte danificad,MEC - EXCESSO DE LATAS TOMBADAS GERANDO CRASH NOS ALINHADORES - NOTA 13362480.,31.83,OPERACAO,"Falha de operação/processo, ajuste, fluxo, material ou automação sem evidência de avaria física.",OPERACAO,REAL,mec excesso de latas tombadas gerando crash nos alinhadores nota 13362480,VALIDATION
59466,BAAG,Itabirito,2026-08-01,LINHA003,CARBONATADOR KRONES KB40H39 L0,P.EQ.LINHA,Sistema de instrumentos e cont,,PERDA DE PRESSÃO NA VALVULA 107,4.00,MANUTENCAO,Falha técnica/física ou intervenção corretiva em equipamento/componente.,MANUTENCAO,REAL,perda de pressao na valvula 107,VALIDATION
5551,BAAK,Marília,2026-03-26,LINHA002,PALETIZADORA KOMBI SID LI02,P.EQ.LINHA,Sistema de instrumentos e cont,,PRANCHA DERRUBANDO  PACOTES,6.00,OPERACAO,"Falha de operação/processo, ajuste, fluxo, material ou automação sem evidência de avaria física.",OPERACAO,REAL,prancha derrubando pacotes,VALIDATION
25536,BAAE,Mogi,2026-02-15,LINHA001,MO1 SOPRADORA KRONES CONTIFORM,P.EQ.LINHA,Sistema Elétrico,Falha elétrica,PRE FORMA ENCRAVADAS NO SELECIONADOR DE PRÉ FORMA,3.24,OPERACAO,"Falha de operação/processo, ajuste, fluxo, material ou automação sem evidência de avaria física.",OPERACAO,REAL,pre forma encravadas no selecionador de pre forma,VALIDATION
51889,BAAG,Itabirito,2026-05-05,LINHA007,TRANSPORTE PRE FORMA L07,P.EQ.LINHA,Transportadores,,PRE FORMA TRAVADA NA ESTEIRA,20.00,OPERACAO,"Falha de operação/processo, ajuste, fluxo, material ou automação sem evidência de avaria física.",OPERACAO,REAL,pre forma travada na esteira,VALIDATION
11068,BAAD,Jundiaí,2026-03-09,LINHA001,TRANSP PACOTES EMP PALET 1 SAN,P.EQ.LINHA,Cintas de transporte,Cadeia de transporte danificad,QUEBRA DA ESTEIRA ASA DELTA NA SAIDO DO FORNO DA EMPACOTADORA KISTER,25.00,MANUTENCAO,Falha técnica/física ou intervenção corretiva em equipamento/componente.,MANUTENCAO,REAL,quebra da esteira asa delta na saido do forno da empacotadora kister,VALIDATION
20157,BAAD,Jundiaí,2026-08-05,LINHA013,TRANSP PACOTES AMBAFLEX PALET,P.EQ.LINHA,SISTEMA ESTRUTURA INNOLINE GTR,,QUEDA DA ESTEIRA  - EMBORRADA DA  MESA DE ENTRADA DA PALETIZADORA,10.00,MANUTENCAO,Falha técnica/física ou intervenção corretiva em equipamento/componente.,MANUTENCAO,REAL,queda da esteira emborrada da mesa de entrada da paletizadora,VALIDATION
73631,BAAJ,Maringá,2026-05-25,LINHA007,LAVADORA DE GARRAFAS SANMARTIN,P.EQ.LINHA,Sistema de Instrumentos e Cont,,QUEDA DE GARRAFAS SAIDA LAVADORA,20.00,OPERACAO,"Falha de operação/processo, ajuste, fluxo, material ou automação sem evidência de avaria física.",OPERACAO,REAL,queda de garrafas saida lavadora,VALIDATION
10499,BAAD,Jundiaí,2026-03-01,LINHA015,ENCHEDORA KRO L15,P.EQ.LINHA,Sistema motriz,Transmissão desajustada,"REALIZADO AJUSTE DE ALTURA E SINCRONISMO NAS ESTRELAS DO EIXO 3 E 4 + TROCA DE PINÇAS E EIXOS DE COMANDO, DEVIDO A FINISH DANIFICADO.",60.00,MANUTENCAO,Falha técnica/física ou intervenção corretiva em equipamento/componente.,MANUTENCAO,REAL,realizado ajuste de altura e sincronismo nas estrelas do eixo 3 e 4 troca de pincas e eixos de comando devido a finish danificado,VALIDATION
41936,BAAF,Campo Grande,2026-09-08,LINHA001,ENCHEDORA KHS L01,P.EQ.LINHA,SISTEMA ENCHIMENTO VVF 60/10 K,,"REGUA DOS ESNIFTERS FROUXA E COM O PARAFUSO DANIFICADO(TORTO), SAINDO FORA DE POSICÄO",14.00,MANUTENCAO,Falha técnica/física ou intervenção corretiva em equipamento/componente.,MANUTENCAO,REAL,regua dos esnifters frouxa e com o parafuso danificado torto saindo fora de posicao,VALIDATION
52271,BAAG,Itabirito,2026-05-11,LINHA007,ENCHEDORA KHS L07,P.EQ.LINHA,Sistema elétrico,Sensor de segurança em falha,SENSOR DA PORTA DE ENTRADA EM FALHA.,16.51,MANUTENCAO,Falha técnica/física ou intervenção corretiva em equipamento/componente.,MANUTENCAO,REAL,sensor da porta de entrada em falha,VALIDATION
5172,BAAK,Marília,2026-02-10,LINHA001,PALETIZADORA,P.EQ.LINHA,,,"SENSOR DE CAMADA NÃO ESTAVA LENDO NO ESPELHO,FEZ O PROCEDIMENTO MAIS VOLTOU O PROBLEMA NOVAMENTE .",33.33,MANUTENCAO,Falha técnica/física ou intervenção corretiva em equipamento/componente.,MANUTENCAO,REAL,sensor de camada nao estava lendo no espelho fez o procedimento mais voltou o problema novamente,VALIDATION
62505,BAAG,Itabirito,2026-08-31,LINHA005,TRANSP TAMPAS GNR L05,P.EQ.LINHA,Sistema elétrico,Sensor desajustado,SENSOR DE TAMPA COM LOGICA INVERTIDA OCASIONANDO FALSA REJEIÇÃO,21.00,OPERACAO,"Falha de operação/processo, ajuste, fluxo, material ou automação sem evidência de avaria física.",OPERACAO,REAL,sensor de tampa com logica invertida ocasionando falsa rejeicao,VALIDATION
88860,BAAO,Porto Alegre,2026-08-12,LINHA004,ALIMENTADOR ROLHAS MULTISERV,P.EQ.LINHA,Sistema Elétrico,,SENSOR DO ESPELHO FORA DE POSIÇÃO,17.80,OPERACAO,"Falha de operação/processo, ajuste, fluxo, material ou automação sem evidência de avaria física.",OPERACAO,REAL,sensor do espelho fora de posicao,VALIDATION
61318,BAAG,Itabirito,2026-08-19,LINHA004,PALETIZADORA OCME L04,P.EQ.LINHA,Instalação elétrica,Sensores desajustados,SISTEMA DE SEGURANÇA RELE PILLZ DA BARREIRA EM FALHA.,30.00,MANUTENCAO,Falha técnica/física ou intervenção corretiva em equipamento/componente.,MANUTENCAO,REAL,sistema de seguranca rele pillz da barreira em falha,VALIDATION
87731,BAAO,Porto Alegre,2026-04-23,LINHA001,TRANSPORTE DE GARRAFAS,P.EQ.LINHA,Sistema Motriz,,"SQUEEZER CRASH - AJUSTE DE VELOCIDADE ENTRE SQUEEZER E O SECADOR DA ROTULADORA,",15.60,OPERACAO,"Falha de operação/processo, ajuste, fluxo, material ou automação sem evidência de avaria física.",OPERACAO,REAL,squeezer crash ajuste de velocidade entre squeezer e o secador da rotuladora,VALIDATION
70790,BAAJ,Maringá,2026-03-28,LINHA006,TRANSPORTE MASSICO DE TAMPAS T,P.EQ.LINHA,,,"TALISCA DO TRANSPORTE DE TAMPAS QUEBRADA, OCASIONANDO A QUEBRA DE LACRE ENROSCANDO LACRE NA CANALETA QUEDA DE GARRAFAS NA SAÍDA DO CAPSULADOR, OCASION",9.75,MANUTENCAO,Falha técnica/física ou intervenção corretiva em equipamento/componente.,MANUTENCAO,REAL,talisca do transporte de tampas quebrada ocasionando a quebra de lacre enroscando lacre na canaleta queda de garrafas na saida do capsulador ocasion,VALIDATION
85857,BAAO,Porto Alegre,2026-01-11,LINHA003,ALIMENTADOR ROLHAS MULTISERV,P.EQ.LINHA,Sistema de instrumentos e cont,,TAMPA TRANCADA NO TRILHO.,6.45,OPERACAO,"Falha de operação/processo, ajuste, fluxo, material ou automação sem evidência de avaria física.",OPERACAO,REAL,tampa trancada no trilho,VALIDATION
23810,BAAE,Mogi,2026-01-21,LINHA001,TRANS PACOT EMPACOT PALETIZA L,P.EQ.LINHA,Sistema de instrumentos e cont,,TRAVAMENTO DA ESTEIRA DO TRANSPORTE DE PACOTES,60.00,OPERACAO,"Falha de operação/processo, ajuste, fluxo, material ou automação sem evidência de avaria física.",OPERACAO,REAL,travamento da esteira do transporte de pacotes,VALIDATION
7612,BAAD,Jundiaí,2026-01-20,LINHA017,ROTULADORA,P.EQ.LINHA,Sistema Motriz,,TRAVAMENTO DE GARRAFAS NO SEM FIM - O MESMO ESTA COM DESGASTE PREMATURO,18.00,MANUTENCAO,Falha técnica/física ou intervenção corretiva em equipamento/componente.,MANUTENCAO,REAL,travamento de garrafas no sem fim o mesmo esta com desgaste prematuro,VALIDATION
71149,BAAJ,Maringá,2026-04-06,LINHA002,EMPACOTADORA PAKMATIC L02,P.EQ.LINHA,Sistema corte filme,,TROCA DA FACA DE CORTE DE FILME,25.00,MANUTENCAO,Falha técnica/física ou intervenção corretiva em equipamento/componente.,MANUTENCAO,REAL,troca da faca de corte de filme,VALIDATION
27710,BAAE,Mogi,2026-03-16,LINHA001,RINSER L01,P.EQ.LINHA,Sistema de Instrumentos e cont,,TROCA DA GARRA DE N º 44,17.00,MANUTENCAO,Falha técnica/física ou intervenção corretiva em equipamento/componente.,MANUTENCAO,REAL,troca da garra de n o 44,VALIDATION
16543,BAAD,Jundiaí,2026-06-10,LINHA013,ENCHEDORA KHS L13,P.EQ.LINHA,Sistema de enchimento,,TROCA DA VALVULA N 97,13.85,MANUTENCAO,Falha técnica/física ou intervenção corretiva em equipamento/componente.,MANUTENCAO,REAL,troca da valvula n 97,VALIDATION
89030,BAAO,Porto Alegre,2026-08-25,LINHA002,ALIMENTADOR DE TAMPAS,P.EQ.LINHA,,,TRP DE TAMPAS DESALINHADO TRANCANDO TAMPAS NO TRANSPORTE,40.00,OPERACAO,"Falha de operação/processo, ajuste, fluxo, material ou automação sem evidência de avaria física.",OPERACAO,REAL,trp de tampas desalinhado trancando tampas no transporte,VALIDATION
92110,BAAR,Santa Maria,2026-03-05,LINHA001,ENCHEDORA DELTA - L01,P.EQ.LINHA,Sistema Entrada,,"VALVULAS 14 , 25 , 27 , E 60 ENCHENDO DEMAIS .REALIZADO ALINHAMENTO DE SAPATAS E PEDESTAIS 30008420702",12.00,OPERACAO,"Falha de operação/processo, ajuste, fluxo, material ou automação sem evidência de avaria física.",OPERACAO,REAL,valvulas 14 25 27 e 60 enchendo demais realizado alinhamento de sapatas e pedestais 30008420702,VALIDATION
11185,BAAD,Jundiaí,2026-03-10,LINHA009,ENVOLVEDORA FILME ACMI L09,P.EQ.LINHA,Anel de Envolvimento,,VELOCIDADE MÁXIMA DO ANEL EXCEDIDA.,3.20,OPERACAO,"Falha de operação/processo, ajuste, fluxo, material ou automação sem evidência de avaria física.",OPERACAO,REAL,velocidade maxima do anel excedida,VALIDATION
