row_id,observation,observation_norm,classification,classification_norm,split
1,"PEGADOR DE CHAPATEX TRAVADO DEPOIS DE TER FEITO A TROCA DO MAGAZINE DE CHATEX, FEITO O RESET NO DRIVE",PEGADOR DE CHAPATEX TRAVADO DEPOIS DE TER FEITO A TROCA DO MAGAZINE DE CHATEX FEITO O RESET NO DRIVE,FALHA DE PEGADOR,FALHA DE PEGADOR,TRAIN
2,"TEFLON DESCOLANDO, FEITO A SOLDA AUTOMATICA E O FILME ROMPEU NA SOLDA",TEFLON DESCOLANDO FEITO A SOLDA AUTOMATICA E O FILME ROMPEU NA SOLDA,FALHA DE SOLDA DE FILME,FALHA DE SOLDA DE FILME,TRAIN
3,FALHA NA IMPRESSÃO,FALHA NA IMPRESSAO,FALHA DE CODIFICAÇÃO,FALHA DE CODIFICACAO,TRAIN
4,"TRAVANDO AS VÁLVULA 41E 42 ,PROBLEMA DO SENSOR DO AR PREVIO.",TRAVANDO AS VALVULA 41E 42 PROBLEMA DO SENSOR DO AR PREVIO,FALHA DE SENSOR,FALHA DE SENSOR,TRAIN
5,QUEDA DE GFS / SAIDA DOS PINO DE SEPARAÇÃO,QUEDA DE GFS SAIDA DOS PINO DE SEPARACAO,QUEDA DE GARRAFAS,QUEDA DE GARRAFAS,TRAIN
6,QUEDA DE GFS NA SAIDA DOS PINO DE SEPARAÇÃO,QUEDA DE GFS NA SAIDA DOS PINO DE SEPARACAO,QUEDA DE GARRAFAS,QUEDA DE GARRAFAS,TRAIN
7,TROCA DE PENTE DE TRANSFERENCIA / QUEDA DE GFS / ORDEM Nº30008219076,TROCA DE PENTE DE TRANSFERENCIA QUEDA DE GFS ORDEM N 30008219076,FALHA DE PENTE DE TRANSFERÊNCIA,FALHA DE PENTE DE TRANSFERENCIA,TEST
8,QUEDA DE GFS NA MESA DE ENVOLVIMENTO,QUEDA DE GFS NA MESA DE ENVOLVIMENTO,QUEDA DE GARRAFAS,QUEDA DE GARRAFAS,TRAIN
9,AJUSTE NO PENTE OCASIONANDO QUEDA DE GARRAFA,AJUSTE NO PENTE OCASIONANDO QUEDA DE GARRAFA,QUEDA DE GARRAFAS,QUEDA DE GARRAFAS,TRAIN
10,FALHA NA VALVULA MODULADORA DE CO2 NOTA ( 3008219166),FALHA NA VALVULA MODULADORA DE CO2 NOTA 3008219166,FALHA DE VÁLVULA MODULADORA,FALHA DE VALVULA MODULADORA,TRAIN
11,FALHA NYLON DO TENSOR DE ROTULOS DO AGREGADO 2 ORDEM: 30008219040,FALHA NYLON DO TENSOR DE ROTULOS DO AGREGADO 2 ORDEM 30008219040,FALHA DO TENSOR DE RÓTULOS,FALHA DO TENSOR DE ROTULOS,TRAIN
12,TRAVAMENTO NO SEGMENTO DE GARRAFAS NO REJEITOR EBS,TRAVAMENTO NO SEGMENTO DE GARRAFAS NO REJEITOR EBS,TRAVAMENTO DE SEGMENTOS,TRAVAMENTO DE SEGMENTOS,TEST
13,TRAVAMENTO DO SEGMENTOS DE GARRAFA NO REJEITOR EBS,TRAVAMENTO DO SEGMENTOS DE GARRAFA NO REJEITOR EBS,TRAVAMENTO DE SEGMENTOS,TRAVAMENTO DE SEGMENTOS,TRAIN
14,FALHA NO REJEITOR PUSHER ORDEM: 30008219061,FALHA NO REJEITOR PUSHER ORDEM 30008219061,FALHA DE REJEIÇÃO,FALHA DE REJEICAO,TRAIN
15,TRAVAMENTO DO SEGMENTO DE GARRAFAS NO REJEITOR EBS,TRAVAMENTO DO SEGMENTO DE GARRAFAS NO REJEITOR EBS,TRAVAMENTO DE SEGMENTOS,TRAVAMENTO DE SEGMENTOS,TEST
16,BOCAL TRAVADO ( 30008219084 ),BOCAL TRAVADO 30008219084,TRAVAMENTO DE BOCAL,TRAVAMENTO DE BOCAL,TRAIN
17,FALHA NA CAMARA DE LEITURA DE GARRAFAS ( ORDEM 30008219108 ),FALHA NA CAMARA DE LEITURA DE GARRAFAS ORDEM 30008219108,FALHA DE CÂMERA,FALHA DE CAMERA,TRAIN
18,ESTEIRA DA CURVA DE ENTRADA DA PALETIZADORA ESCAPANDO,ESTEIRA DA CURVA DE ENTRADA DA PALETIZADORA ESCAPANDO,ESCAPE DE ESTEIRA,ESCAPE DE ESTEIRA,TRAIN
19,ENTORTOU A CHAPA DO GUIA DE TRANSFERENCIA DE GARRAFAS ( 30008219114 ),ENTORTOU A CHAPA DO GUIA DE TRANSFERENCIA DE GARRAFAS 30008219114,DESALINHAMENTO DE GUIA,DESALINHAMENTO DE GUIA,TRAIN
20,NYLON DA ESTEIRA DO TRANSPORTE DE SAIDA DA LAVADORA SAIU FORA DE POSIÇÃO OCASIONADO QUEDA DE GARRAFAS NA SAIDA,NYLON DA ESTEIRA DO TRANSPORTE DE SAIDA DA LAVADORA SAIU FORA DE POSICAO OCASIONADO QUEDA DE GARRAFAS NA SAIDA,ESCAPE DE ESTEIRA,ESCAPE DE ESTEIRA,TEST
21,ENROSCO DE TAMPA NA CHAPA DE PASSAGEM PARA O TRANSPORTE DE ALIMENTAÇÃO,ENROSCO DE TAMPA NA CHAPA DE PASSAGEM PARA O TRANSPORTE DE ALIMENTACAO,ENROSCO DE TAMPAS,ENROSCO DE TAMPAS,TRAIN
22,MANDRIL PARANDO FORA DE POSIÇÃO,MANDRIL PARANDO FORA DE POSICAO,FALHA DE MANDRIL,FALHA DE MANDRIL,TRAIN
23,COM A VIBRAÇÃO DA MAQUINA AS PORTAS LATERAIS ESTÃO ABRINDO (2X),COM A VIBRACAO DA MAQUINA AS PORTAS LATERAIS ESTAO ABRINDO 2X,FALHA DE PORTA DE SEGURANÇA,FALHA DE PORTA DE SEGURANCA,TEST
24,"FALHA NA VALVULA Nº27, SAINDO LATAS QUASE VAZIAS, FOI JAMPEADA ELETRONICAMENTE",FALHA NA VALVULA N 27 SAINDO LATAS QUASE VAZIAS FOI JAMPEADA ELETRONICAMENTE,FALHA DE VÁLVULA DE ENCHIMENTO,FALHA DE VALVULA DE ENCHIMENTO,TRAIN
25,"DESARME DO TRANSPORTE DA MESA DE VACUO, ORDEM : 30008219055",DESARME DO TRANSPORTE DA MESA DE VACUO ORDEM 30008219055,DESARME DE TRANSPORTE,DESARME DE TRANSPORTE,TRAIN
26,EMPURRADOR DE CAMADAS NÃO REALIZA CICLO AUTOMATICO E NÃO RESPONDE AS FUNÇÕES MANUAIS. ORDEM- 30008219052,EMPURRADOR DE CAMADAS NAO REALIZA CICLO AUTOMATICO E NAO RESPONDE AS FUNCOES MANUAIS ORDEM 30008219052,FALHA DE EMPURRADOR,FALHA DE EMPURRADOR,TRAIN
27,"BOCAL NUMERO 12 SOLTANDO A TAMPA, FOI IDENTIFICADO QUE A MOLA ESTA DANIFICADA. ORDEM- 30008219041",BOCAL NUMERO 12 SOLTANDO A TAMPA FOI IDENTIFICADO QUE A MOLA ESTA DANIFICADA ORDEM 30008219041,FALHA DE MOLA,FALHA DE MOLA,TRAIN
28,TRAVAMENTO DA PERSIANA,TRAVAMENTO DA PERSIANA,TRAVAMENTO DE PERSIANA,TRAVAMENTO DE PERSIANA,TRAIN
29,FALHA NO MOTOR DO TRANSPORTE DE PALETES,FALHA NO MOTOR DO TRANSPORTE DE PALETES,FALHA DE MOTOR,FALHA DE MOTOR,TEST
30,TROCA DO MOTOR DO TRANSPORTE DE PALLET,TROCA DO MOTOR DO TRANSPORTE DE PALLET,FALHA DE MOTOR,FALHA DE MOTOR,TRAIN
31,QUEBRANDO O BOCAL DA GARRAFA 30008221836,QUEBRANDO O BOCAL DA GARRAFA 30008221836,DANIFICAÇÃO DE GARRAFAS,DANIFICACAO DE GARRAFAS,TRAIN
32,QUEBRANDO O BOCAL DA GARRAFA,QUEBRANDO O BOCAL DA GARRAFA,DANIFICAÇÃO DE GARRAFAS,DANIFICACAO DE GARRAFAS,TEST
33,ENCAVALAMENTO DOS ROLETES DO DEVEICER,ENCAVALAMENTO DOS ROLETES DO DEVEICER,TRAVAMENTO DE ROLETES,TRAVAMENTO DE ROLETES,TRAIN
34,ENCAVALAMENNTO DOS ROLETES DO DEVEICER,ENCAVALAMENNTO DOS ROLETES DO DEVEICER,TRAVAMENTO DE ROLETES,TRAVAMENTO DE ROLETES,TRAIN
35,"FALHA NA VALVULA MODULADORA DE CO2, ORDEM:( 30008221782).",FALHA NA VALVULA MODULADORA DE CO2 ORDEM 30008221782,FALHA DE VÁLVULA MODULADORA,FALHA DE VALVULA MODULADORA,TEST
36,CRASH DOS ROLETES DO DEVISER,CRASH DOS ROLETES DO DEVISER,FALHA DE ROLETES,FALHA DE ROLETES,TRAIN
37,FALHA DE COMUNICAÇÃO DE REDE (30008221834),FALHA DE COMUNICACAO DE REDE 30008221834,FALHA DE COMUNICAÇÃO,FALHA DE COMUNICACAO,TRAIN
38,"ENCAVALAMENTO DOS ROLETES DO DEVEICER, ( PACOTES DE PONTA CABEÇA ) ( ORDEM - 30008221837 )",ENCAVALAMENTO DOS ROLETES DO DEVEICER PACOTES DE PONTA CABECA ORDEM 30008221837,TRAVAMENTO DE ROLETES,TRAVAMENTO DE ROLETES,TRAIN
39,TRAVAMENTO DO SEGMENTO DE GARRAFAS NO REJEITOR EBS,TRAVAMENTO DO SEGMENTO DE GARRAFAS NO REJEITOR EBS,TRAVAMENTO DE SEGMENTOS,TRAVAMENTO DE SEGMENTOS,TEST
40,"QUEBROU ESTEIRA NA ENTRADA DA LAVADORA DE CAIXAS, GERANDO ENROSCO DE CAIXAS ORDEM: 30008223803",QUEBROU ESTEIRA NA ENTRADA DA LAVADORA DE CAIXAS GERANDO ENROSCO DE CAIXAS ORDEM 30008223803,QUEBRA DE ESTEIRA,QUEBRA DE ESTEIRA,TRAIN
41,ATUADOR DO SENSOR TRAVADO ORDEM: 30008223804,ATUADOR DO SENSOR TRAVADO ORDEM 30008223804,FALHA DE SENSOR,FALHA DE SENSOR,TRAIN
42,FALHA NO SENSOR DA ASTE DE PEGADA DE CAMADAS ( 30008224330 ),FALHA NO SENSOR DA ASTE DE PEGADA DE CAMADAS 30008224330,FALHA DE SENSOR,FALHA DE SENSOR,TRAIN
43,FALHA NO SENSOR DE SAIDA DE PALETES ( 30008224349 ),FALHA NO SENSOR DE SAIDA DE PALETES 30008224349,FALHA DE SENSOR,FALHA DE SENSOR,TRAIN
44,ENROSCO DE PACOTES NO DESAISER ( ENTRADA DE PACOTES),ENROSCO DE PACOTES NO DESAISER ENTRADA DE PACOTES,ENROSCO DE PACOTES,ENROSCO DE PACOTES,TRAIN
45,"ENROSCO DE PACOTES NO DEVAICER,( CANAL C )",ENROSCO DE PACOTES NO DEVAICER CANAL C,ENROSCO DE PACOTES,ENROSCO DE PACOTES,TRAIN
46,"VALVULA JAMPEADA FISICAMENTE N°36 COM 39, PULSO DA VALVULA 39 EM 365",VALVULA JAMPEADA FISICAMENTE N 36 COM 39 PULSO DA VALVULA 39 EM 365,FALHA DE VÁLVULA DE ENCHIMENTO,FALHA DE VALVULA DE ENCHIMENTO,TRAIN
47,FALHA NO INVERSOR 202,FALHA NO INVERSOR 202,FALHA DE INVERSOR,FALHA DE INVERSOR,TRAIN
48,CHAPA DE PASSAGEM COM DESGASTE DERRUBANDO LATAS,CHAPA DE PASSAGEM COM DESGASTE DERRUBANDO LATAS,QUEDA DE LATAS,QUEDA DE LATAS,TRAIN
49,FALHA NA LEITURA DO DENSIMETRO,FALHA NA LEITURA DO DENSIMETRO,FALHA DE INSPEÇÃO,FALHA DE INSPECAO,TEST
50,"ENROSCO DE PACOTES NOS GUIA DOS CANAIS DE ENTRADA,DA AREA DE FORMAÇÃO DE CAMADA",ENROSCO DE PACOTES NOS GUIA DOS CANAIS DE ENTRADA DA AREA DE FORMACAO DE CAMADA,ENROSCO DE PACOTES,ENROSCO DE PACOTES,TEST
51,"FALHA NO MOTOR DO TRANSPORTE DA PONTE DE VÁCUO ,A14 (ATERREMENTO) MOTOR TAG 202 - NOTA - (30008223823 )",FALHA NO MOTOR DO TRANSPORTE DA PONTE DE VACUO A14 ATERREMENTO MOTOR TAG 202 NOTA 30008223823,FALHA DE MOTOR,FALHA DE MOTOR,TRAIN
52,"VALVULA JAMPEADA FISICAMENTE N°36 COM 39, PULSO DA VALVULA 39 EM 365",VALVULA JAMPEADA FISICAMENTE N 36 COM 39 PULSO DA VALVULA 39 EM 365,FALHA DE VÁLVULA DE ENCHIMENTO,FALHA DE VALVULA DE ENCHIMENTO,TRAIN
53,VAZAMENTO DE AR NO BLOCO DA VALVULA 75 E 113 - ORDEM: 30008224807,VAZAMENTO DE AR NO BLOCO DA VALVULA 75 E 113 ORDEM 30008224807,VAZAMENTO EM VÁLVULA,VAZAMENTO EM VALVULA,TRAIN
54,AJUSTE EM ELO DA ESTEIRA QUE ESTAVA SE SOLTANDO / 13122841,AJUSTE EM ELO DA ESTEIRA QUE ESTAVA SE SOLTANDO 13122841,FALHA DE ELO DE ESTEIRA,FALHA DE ELO DE ESTEIRA,TEST
55,ROLETES APÓS MESA GIRATÓRIA DESARMANDO,ROLETES APOS MESA GIRATORIA DESARMANDO,FALHA DE ROLETES,FALHA DE ROLETES,TRAIN
56,ROLETES APÓS MESA GIRATÓRIA DESARMANDO 30008227055,ROLETES APOS MESA GIRATORIA DESARMANDO 30008227055,FALHA DE ROLETES,FALHA DE ROLETES,TRAIN
57,TRAVAMENTO DO TRANSPORTE CURVA DE ENTRADA DE CAIXAS PARA PALETIZADORA ORDEM: 300082226647,TRAVAMENTO DO TRANSPORTE CURVA DE ENTRADA DE CAIXAS PARA PALETIZADORA ORDEM 300082226647,TRAVAMENTO DE TRANSPORTE,TRAVAMENTO DE TRANSPORTE,TRAIN
58,TRAVAMENTO DO SEGMENTOS DE GARRAFAS NO REJEITOR EBS,TRAVAMENTO DO SEGMENTOS DE GARRAFAS NO REJEITOR EBS,TRAVAMENTO DE SEGMENTOS,TRAVAMENTO DE SEGMENTOS,TRAIN
59,FALHA NO SENSOR DE ALTURA DO CABEÇOTE (30008227494),FALHA NO SENSOR DE ALTURA DO CABECOTE 30008227494,FALHA DE SENSOR,FALHA DE SENSOR,TRAIN
60,CAINDO GRAXA NO CAPSULADOR,CAINDO GRAXA NO CAPSULADOR,FALHA DE LUBRIFICAÇÃO,FALHA DE LUBRIFICACAO,TRAIN
61,QUEDA DE LATAS NA TRANSFERENCIA PARA A MESA DE ARRASTE,QUEDA DE LATAS NA TRANSFERENCIA PARA A MESA DE ARRASTE,QUEDA DE LATAS,QUEDA DE LATAS,TRAIN
62,ROLETES DO DEVAISER MOLHADOS DEVIDO A LUBRIFICAÇÃO ADPTADA PARA O PACOTE SIX,ROLETES DO DEVAISER MOLHADOS DEVIDO A LUBRIFICACAO ADPTADA PARA O PACOTE SIX,FALHA DE ROLETES,FALHA DE ROLETES,TRAIN
63,FALHA NO INVERSOR 340,FALHA NO INVERSOR 340,FALHA DE INVERSOR,FALHA DE INVERSOR,TRAIN
64,"CHAPA DE PASSAGEM ALTA PARA EVITAR COLISÃO DO PATINS, GERANDO PACOTES TOMBADOS/ENTREGANDO ERRADO PARA A FORMAÇÃO DE CAMADA",CHAPA DE PASSAGEM ALTA PARA EVITAR COLISAO DO PATINS GERANDO PACOTES TOMBADOS ENTREGANDO ERRADO PARA A FORMACAO DE CAMADA,FALHA DE PATINS,FALHA DE PATINS,TRAIN
65,"COMPACTADOR DE CARTÃO PARANDO FORA DE POSIÇÃO, VOLTANDO PARA POSIÇÃO MANUALMENTE",COMPACTADOR DE CARTAO PARANDO FORA DE POSICAO VOLTANDO PARA POSICAO MANUALMENTE,FALHA DE COMPACTAÇÃO DE CAMADA,FALHA DE COMPACTACAO DE CAMADA,TRAIN
66,"CHAPA DE PASSAGEM ALTA PARA EVITAR COLISÃO DO PATINS, GERANDO PACOTES TOMBADOS/ENTREGANDO ERRADO PARA A FORMAÇÃO DE CAMADA NOTA 30008227151",CHAPA DE PASSAGEM ALTA PARA EVITAR COLISAO DO PATINS GERANDO PACOTES TOMBADOS ENTREGANDO ERRADO PARA A FORMACAO DE CAMADA NOTA 30008227151,FALHA DE PATINS,FALHA DE PATINS,TRAIN
67,ENROSCO DE PACOTES NOS GUIAS DE ENTRADA,ENROSCO DE PACOTES NOS GUIAS DE ENTRADA,ENROSCO DE PACOTES,ENROSCO DE PACOTES,TRAIN
68,FALHA DE BARREIRA NO TRANSPORTE DE PALETES,FALHA DE BARREIRA NO TRANSPORTE DE PALETES,FALHA DE BARREIRA,FALHA DE BARREIRA,TRAIN
69,ENROSCO DE PACOTES NAS BANDEIROLAS DE ENTRADA DOS GUIAS DA MESA DE FORMAÇÃO DE CAMADAS,ENROSCO DE PACOTES NAS BANDEIROLAS DE ENTRADA DOS GUIAS DA MESA DE FORMACAO DE CAMADAS,ENROSCO DE PACOTES,ENROSCO DE PACOTES,TRAIN
70,"PAREDE LATERAL 3 EXPUILSANDO MUITAS GARRAFAS, CAUSANDO CRASH DE GARRAFAS NA SAIDA DO ASEBI",PAREDE LATERAL 3 EXPUILSANDO MUITAS GARRAFAS CAUSANDO CRASH DE GARRAFAS NA SAIDA DO ASEBI,CRASH DE GARRAFAS,CRASH DE GARRAFAS,TRAIN
71,"FALHA NA PEGA DE GARRAFAS ,",FALHA NA PEGA DE GARRAFAS,FALHA DE PEGADOR,FALHA DE PEGADOR,TRAIN
72,"VELOCIDADE REDUZIDA , RODANDO A 33K, DEVIDO CRASH NA ENCHEDORA",VELOCIDADE REDUZIDA RODANDO A 33K DEVIDO CRASH NA ENCHEDORA,ENROSCO DE GARRAFAS,ENROSCO DE GARRAFAS,TRAIN
73,CRASH NA SAIDA DO ASEBI,CRASH NA SAIDA DO ASEBI,FALHA DE INSPEÇÃO,FALHA DE INSPECAO,TRAIN
74,"PARAFUSO DA TAMPA DA CANALETADE DESCIDA SOLTO, OCASIONANDO ENTRADA DE 2 TAMPAS NO CANAL . OBS ORDEM ;30008229769",PARAFUSO DA TAMPA DA CANALETADE DESCIDA SOLTO OCASIONANDO ENTRADA DE 2 TAMPAS NO CANAL OBS ORDEM 30008229769,FALHA DE FIXAÇÃO,FALHA DE FIXACAO,TEST
75,QUEBRA DA ESTEIRA,QUEBRA DA ESTEIRA,QUEBRA DE ESTEIRA,QUEBRA DE ESTEIRA,TRAIN
76,MESA APÓS GIRATÓRIA NÃO ACIONOU O ROLETE,MESA APOS GIRATORIA NAO ACIONOU O ROLETE,FALHA DE ROLETES,FALHA DE ROLETES,TEST
77,PARAFUSO DO FREIO DE CAIXAS ESCAPOU ( ORDEM 30008231453 ),PARAFUSO DO FREIO DE CAIXAS ESCAPOU ORDEM 30008231453,FALHA DE FREIO,FALHA DE FREIO,TRAIN
78,FALHA TAMPA DA CABEÇA DE IMPRESSÃO ABERTA ORDEM: 30008229017,FALHA TAMPA DA CABECA DE IMPRESSAO ABERTA ORDEM 30008229017,FALHA DE CODIFICAÇÃO,FALHA DE CODIFICACAO,TRAIN
79,ESCAPOU A ESTEIRA NA CURVA DA PALETIZADORA,ESCAPOU A ESTEIRA NA CURVA DA PALETIZADORA,ESCAPE DE ESTEIRA,ESCAPE DE ESTEIRA,TRAIN
80,TRANSPORTE DE CAIXAS NA ENTRADA DA PALETIZADORA DESARMOU MOTOR 331 ORDEM: 30008229014,TRANSPORTE DE CAIXAS NA ENTRADA DA PALETIZADORA DESARMOU MOTOR 331 ORDEM 30008229014,DESARME DE MOTOR,DESARME DE MOTOR,TRAIN
81,"NYLON DANIFICADO, OCASIONANDO TRAVAMENTO NA ESTEIRA NO TRANSPORTE DE CAIXAS NA EN TRADA PALETIZADORA 30008231459",NYLON DANIFICADO OCASIONANDO TRAVAMENTO NA ESTEIRA NO TRANSPORTE DE CAIXAS NA EN TRADA PALETIZADORA 30008231459,TRAVAMENTO DE ESTEIRA,TRAVAMENTO DE ESTEIRA,TRAIN
82,QUEDA DO PARAFUSO DO STOPER DE CAIXAS 30008229600,QUEDA DO PARAFUSO DO STOPER DE CAIXAS 30008229600,FALHA DE FIXAÇÃO,FALHA DE FIXACAO,TRAIN
83,FALHA NA CODIFICAÇAO,FALHA NA CODIFICACAO,FALHA DE CODIFICAÇÃO,FALHA DE CODIFICACAO,TRAIN
84,QUEBRA DO PINO DA GUIA DE ENTRADA,QUEBRA DO PINO DA GUIA DE ENTRADA,QUEBRA DE PINO,QUEBRA DE PINO,TRAIN
85,DOSAGEM DE NITROGENIO,DOSAGEM DE NITROGENIO,FALHA DE DOSAGEM,FALHA DE DOSAGEM,TRAIN
86,"COLUNA DE PALLET EM MOVIMENTO DE ENTRADA,GERANDO FALHA EM TODAS AS PORTAS DA PALETIZADORA",COLUNA DE PALLET EM MOVIMENTO DE ENTRADA GERANDO FALHA EM TODAS AS PORTAS DA PALETIZADORA,FALHA DE POSICIONAMENTO DE PALETE,FALHA DE POSICIONAMENTO DE PALETE,TRAIN
87,"CHAPA DE PASSAGEM ALTA PARA EVITAR COLISÃO DO PATINS, GERANDO PACOTES TOMBADOS/ENTREGANDO ERRADO PARA A FORMAÇÃO DE CAMADA, 30008107201",CHAPA DE PASSAGEM ALTA PARA EVITAR COLISAO DO PATINS GERANDO PACOTES TOMBADOS ENTREGANDO ERRADO PARA A FORMACAO DE CAMADA 30008107201,FALHA DE PATINS,FALHA DE PATINS,TRAIN
88,"COLUNA DE PALLET EM MOVIMENTO DE ENTRADA,GERANDO FALHA EM TODAS AS PORTAS DA PALETIZADORA",COLUNA DE PALLET EM MOVIMENTO DE ENTRADA GERANDO FALHA EM TODAS AS PORTAS DA PALETIZADORA,FALHA DE POSICIONAMENTO DE PALETE,FALHA DE POSICIONAMENTO DE PALETE,TRAIN
89,"DUAS LATAS TESTE NAO SENDO REJEITADAS, FEITO AJUSTE PELA MANUTENÇÃO",DUAS LATAS TESTE NAO SENDO REJEITADAS FEITO AJUSTE PELA MANUTENCAO,SEM MODO DE FALHA IDENTIFICADO,SEM MODO DE FALHA IDENTIFICADO,TEST
90,ENROSCO DE PACOTES NA CHAPA DE PASSAGEM,ENROSCO DE PACOTES NA CHAPA DE PASSAGEM,ENROSCO DE PACOTES,ENROSCO DE PACOTES,TRAIN
91,ENROSCO DE PACOTES DEVIDO A DESNIVEL NA CHAPA DE PASSAGEM EM RELAÇÃO AOS PATINS DO DEVAISER,ENROSCO DE PACOTES DEVIDO A DESNIVEL NA CHAPA DE PASSAGEM EM RELACAO AOS PATINS DO DEVAISER,ENROSCO DE PACOTES,ENROSCO DE PACOTES,TRAIN
92,COLISÃO DOS PATINS DO DEVAISER COM CHAPA DE PASSAGEM DA MESA DE COMPACTAÇÃO ( ORDEM - 30008231468),COLISAO DOS PATINS DO DEVAISER COM CHAPA DE PASSAGEM DA MESA DE COMPACTACAO ORDEM 30008231468,FALHA DE PATINS,FALHA DE PATINS,TRAIN
93,A CABECA DA MAQUINA SUBIU CAUSANDO A NIVEIS BAIXOS . ORDEM 300008235403,A CABECA DA MAQUINA SUBIU CAUSANDO A NIVEIS BAIXOS ORDEM 300008235403,FALHA DE POSICIONAMENTO DO CABEÇOTE,FALHA DE POSICIONAMENTO DO CABECOTE,TRAIN
94,"CRASH NA SAIDA DA ENCHEDORA , ASSIM QUE LIGASSE A MAQUINA ELE JA DAVA O CRASH",CRASH NA SAIDA DA ENCHEDORA ASSIM QUE LIGASSE A MAQUINA ELE JA DAVA O CRASH,ENROSCO DE GARRAFAS,ENROSCO DE GARRAFAS,TRAIN
95,VELOCIDADE ABAIXO DA NOMINAL DEVIDO CRASH NA ENCHEDORA,VELOCIDADE ABAIXO DA NOMINAL DEVIDO CRASH NA ENCHEDORA,ENROSCO DE GARRAFAS,ENROSCO DE GARRAFAS,TRAIN
96,VELOCIDADE ABAIXO DA NOMINAL E CRASH NA ENCHEDORA,VELOCIDADE ABAIXO DA NOMINAL E CRASH NA ENCHEDORA,ENROSCO DE GARRAFAS,ENROSCO DE GARRAFAS,TRAIN
97,ESTEIRA NA CURVA DO TRANSPORTE DE CAIXAS NA PALETIZADORA ESCAPOU,ESTEIRA NA CURVA DO TRANSPORTE DE CAIXAS NA PALETIZADORA ESCAPOU,ESCAPE DE ESTEIRA,ESCAPE DE ESTEIRA,TRAIN
98,FALHA TRANSPORTE NO ALINHADOR DO LINATRONIC ORDEM 30008233631,FALHA TRANSPORTE NO ALINHADOR DO LINATRONIC ORDEM 30008233631,FALHA DE TRANSPORTE,FALHA DE TRANSPORTE,TRAIN
99,CORREÇÃO DE PONTO NA MESA DE CARGA ENTRADA DA LAVADORA ORDEM: 30008233633,CORRECAO DE PONTO NA MESA DE CARGA ENTRADA DA LAVADORA ORDEM 30008233633,FALHA NA MESA DE CARGA,FALHA NA MESA DE CARGA,TEST
100,MOTOR 311 DESARMOU (30008235552 ),MOTOR 311 DESARMOU 30008235552,DESARME DE MOTOR,DESARME DE MOTOR,TRAIN
101,FALHA NO INVERSOR DO MOTOR 311 ( ORDEM 30008235903 ),FALHA NO INVERSOR DO MOTOR 311 ORDEM 30008235903,FALHA DE INVERSOR,FALHA DE INVERSOR,TRAIN
102,FALHA MOTOR 311 TRANSPORTE DE CAIXAS VAZIAS DESARMANDO POR SOBRECORRENTE,FALHA MOTOR 311 TRANSPORTE DE CAIXAS VAZIAS DESARMANDO POR SOBRECORRENTE,SOBRECORRENTE,SOBRECORRENTE,TRAIN
103,PARAFUSO DO SUPORTE DO CONTRA PINO SOLTOU 30008235634,PARAFUSO DO SUPORTE DO CONTRA PINO SOLTOU 30008235634,FALHA DE FIXAÇÃO,FALHA DE FIXACAO,TRAIN
104,FALHA NA FORMAÇÃO DE CAMADA,FALHA NA FORMACAO DE CAMADA,FALHA DE FORMAÇÃO DE CAMADA,FALHA DE FORMACAO DE CAMADA,TRAIN
105,SOLTOU A CHAPA DE PASSAGEM QUE FICA NO MEIO DA MESA DO TRANSPORTE DE GARRAFAS,SOLTOU A CHAPA DE PASSAGEM QUE FICA NO MEIO DA MESA DO TRANSPORTE DE GARRAFAS,FALHA DE FIXAÇÃO,FALHA DE FIXACAO,TRAIN
106,"FALHA NO ENCHIMENTO, GARRAFA SAINDO VAZIA",FALHA NO ENCHIMENTO GARRAFA SAINDO VAZIA,FALHA DE ENCHIMENTO,FALHA DE ENCHIMENTO,TRAIN
107,FALHA NAS PINÇA MOTORIZADAS DA PALETIZADORA DURANTE FORMAÇÃO DE CAMADAS,FALHA NAS PINCA MOTORIZADAS DA PALETIZADORA DURANTE FORMACAO DE CAMADAS,FALHA DE PINÇA,FALHA DE PINCA,TEST
108,"FALHA DE ENCHIMENTO, EXCESSO DE NIVEL BAIXO",FALHA DE ENCHIMENTO EXCESSO DE NIVEL BAIXO,FALHA DE ENCHIMENTO,FALHA DE ENCHIMENTO,TRAIN
109,BARREIRA DE SEGURANÇA ACIONANDO COM A MAGAZINE DE PALLET VAZIO ENTRANDO,BARREIRA DE SEGURANCA ACIONANDO COM A MAGAZINE DE PALLET VAZIO ENTRANDO,FALHA DE MAGAZINE,FALHA DE MAGAZINE,TEST
110,DESLOCAMENTO INCORRETO DE PACOTES,DESLOCAMENTO INCORRETO DE PACOTES,FALHA DE POSICIONAMENTO DE PACOTES,FALHA DE POSICIONAMENTO DE PACOTES,TRAIN
111,FALHA NA FORMAÇÃO DER CAMADA ORDEM30008235832,FALHA NA FORMACAO DER CAMADA ORDEM30008235832,FALHA DE FORMAÇÃO DE CAMADA,FALHA DE FORMACAO DE CAMADA,TRAIN
112,FALHA NO ELEVADOR DE CHAPATEX,FALHA NO ELEVADOR DE CHAPATEX,FALHA DE ELEVADOR,FALHA DE ELEVADOR,TEST
113,"SENSOR DE PRESENÇA DE PALETES FOI MONTADO FORA DA POSIÇÃO NO PCM, OCASIONANDO FALHA NA BARREIRA DE SAIDA DA ENVOLVEDORA.",SENSOR DE PRESENCA DE PALETES FOI MONTADO FORA DA POSICAO NO PCM OCASIONANDO FALHA NA BARREIRA DE SAIDA DA ENVOLVEDORA,FALHA DE SENSOR,FALHA DE SENSOR,TRAIN
114,SENSOR DA CENTRAGEM ESQUERDA DA MESA DE FORMAÇÃO DE CAMADA SAINDO FORA DE POSIÇÃO.,SENSOR DA CENTRAGEM ESQUERDA DA MESA DE FORMACAO DE CAMADA SAINDO FORA DE POSICAO,FALHA DE SENSOR,FALHA DE SENSOR,TRAIN
115,"FURANDO GARRAFAS NO GUIA DE PASSAGEM DE GARRAFAS , NOTA 30008239238",FURANDO GARRAFAS NO GUIA DE PASSAGEM DE GARRAFAS NOTA 30008239238,FALHA DE GUIA,FALHA DE GUIA,TEST
116,"QUEDA DE GARRAFAS NOS GUIAS DE PASSAGEM , APÓS OS PINOS DE SEPARAÇÃO",QUEDA DE GARRAFAS NOS GUIAS DE PASSAGEM APOS OS PINOS DE SEPARACAO,QUEDA DE GARRAFAS,QUEDA DE GARRAFAS,TRAIN
117,"QUEBROU A MOLA DO BOCAL NUMERO 1 , NOTA 30008239262",QUEBROU A MOLA DO BOCAL NUMERO 1 NOTA 30008239262,FALHA DE MOLA,FALHA DE MOLA,TEST
118,GFS AMASSADAS / QUEDA NA SAIDA DA ENCHEDORA / VALVULAS Nº 09 E 25,GFS AMASSADAS QUEDA NA SAIDA DA ENCHEDORA VALVULAS N 09 E 25,FALHA DE VÁLVULA,FALHA DE VALVULA,TEST
119,GFS COM FINISH DANIFICADO ( PEGADOR),GFS COM FINISH DANIFICADO PEGADOR,FALHA DE PEGADOR,FALHA DE PEGADOR,TRAIN
120,GFS COM FINISH DANIFICADO ( PEGADOR) ATUAÇÃO NO GUIA DE ENTRADA DE GFS PARA ENCHEDORA,GFS COM FINISH DANIFICADO PEGADOR ATUACAO NO GUIA DE ENTRADA DE GFS PARA ENCHEDORA,FALHA DE PEGADOR,FALHA DE PEGADOR,TRAIN
121,FALHA MOTOR 311 TRANSPORTE DE CAIXAS VAZIAS DESARMANDO POR SOBRECORRENTE ORDEM: 30008239229,FALHA MOTOR 311 TRANSPORTE DE CAIXAS VAZIAS DESARMANDO POR SOBRECORRENTE ORDEM 30008239229,SOBRECORRENTE,SOBRECORRENTE,TRAIN
122,ESTEIRA NA CURVA DO TRANSPORTE DE CAIXAS NA PALETIZADORA ESCAPOU,ESTEIRA NA CURVA DO TRANSPORTE DE CAIXAS NA PALETIZADORA ESCAPOU,ESCAPE DE ESTEIRA,ESCAPE DE ESTEIRA,TRAIN
123,ESCAPOU A CORRENTE DO ROLETE NA SAIDA DE PALETES ORDEM: 30008239251,ESCAPOU A CORRENTE DO ROLETE NA SAIDA DE PALETES ORDEM 30008239251,FALHA DE ROLETES,FALHA DE ROLETES,TRAIN
124,ENROSCO DE ROTULO ( CASTELO DANIFICADO ),ENROSCO DE ROTULO CASTELO DANIFICADO,ENROSCO DE RÓTULOS,ENROSCO DE ROTULOS,TRAIN
125,"AR PREVIO ACIONANDO 41 E 42 E ENCHENDO A CABEÇA SEMPRE QUE TEM ALGUMA PARADA DE LINHA, AJUSTE NIVEL DO RECIPIENTE 30008163048",AR PREVIO ACIONANDO 41 E 42 E ENCHENDO A CABECA SEMPRE QUE TEM ALGUMA PARADA DE LINHA AJUSTE NIVEL DO RECIPIENTE 30008163048,SEM MODO DE FALHA IDENTIFICADO,SEM MODO DE FALHA IDENTIFICADO,TRAIN
126,FALHA SOBREGARGA NO MOTOR PRINCIPAL M101 ORDEM 30008241785,FALHA SOBREGARGA NO MOTOR PRINCIPAL M101 ORDEM 30008241785,FALHA DE MOTOR,FALHA DE MOTOR,TRAIN
127,FALHA NO ELEVADOR DE CHAPATEX,FALHA NO ELEVADOR DE CHAPATEX,FALHA DE ELEVADOR,FALHA DE ELEVADOR,TEST
128,"QUEBRA DA MOLA DO PINO EXPULSOR DE TAMPA, CABEÇOTE QUATORZE ( ORDEM 30008240208 )",QUEBRA DA MOLA DO PINO EXPULSOR DE TAMPA CABECOTE QUATORZE ORDEM 30008240208,FALHA DE MOLA,FALHA DE MOLA,TRAIN
129,FALHA NO CICLO DE FUNCIONAMENTO DO EMPURRADOR - OREDEM: 30008240159,FALHA NO CICLO DE FUNCIONAMENTO DO EMPURRADOR OREDEM 30008240159,FALHA DE AUTOMAÇÃO,FALHA DE AUTOMACAO,TRAIN
130,FALHA NA SUBIDA DO ELEVADOR DE CHAPATEX,FALHA NA SUBIDA DO ELEVADOR DE CHAPATEX,FALHA DE ELEVADOR,FALHA DE ELEVADOR,TRAIN
131,TROCA DA MANGUEIRA DO SISTEMA PNEUMATICO DO ATUADOR CANAL C DO DEVAISER (30008240197),TROCA DA MANGUEIRA DO SISTEMA PNEUMATICO DO ATUADOR CANAL C DO DEVAISER 30008240197,FALHA DE MANGUEIRA,FALHA DE MANGUEIRA,TRAIN
132,ENROSCO DE PACOTES NO DEVAISER CANL C,ENROSCO DE PACOTES NO DEVAISER CANL C,ENROSCO DE PACOTES,ENROSCO DE PACOTES,TRAIN
133,TANGÊNCIAMAENTO AGREGADO 2 (30008240226),TANGENCIAMAENTO AGREGADO 2 30008240226,DESALINHAMENTO DE AGREGADO,DESALINHAMENTO DE AGREGADO,TRAIN
134,FALHA NO INVERSOR DO MOTOR 311 ( ORDEM 30008235903 ),FALHA NO INVERSOR DO MOTOR 311 ORDEM 30008235903,FALHA DE INVERSOR,FALHA DE INVERSOR,TRAIN
135,"FALHA DE ENCHIMENTO, EXCESSO DE NIVEL BAIXO, VALVULA Nº39 QUE ESTÁ COM JAMPER COM A Nº36",FALHA DE ENCHIMENTO EXCESSO DE NIVEL BAIXO VALVULA N 39 QUE ESTA COM JAMPER COM A N 36,FALHA DE VÁLVULA DE ENCHIMENTO,FALHA DE VALVULA DE ENCHIMENTO,TRAIN
136,TUBULAÇÃO DE XAROPE COM VAZAMENTO,TUBULACAO DE XAROPE COM VAZAMENTO,VAZAMENTO,VAZAMENTO,TEST
137,TROCANDO DE MAGAZINE DE CARTÃO TODO PALLET QUE SAI,TROCANDO DE MAGAZINE DE CARTAO TODO PALLET QUE SAI,FALHA DE MAGAZINE,FALHA DE MAGAZINE,TEST
138,JUMP FÍSICO VÁLVULA 63 COM 61,JUMP FISICO VALVULA 63 COM 61,FALHA DE VÁLVULA DE ENCHIMENTO,FALHA DE VALVULA DE ENCHIMENTO,TRAIN
139,FALHA DE COMUNICAÇÃO INVERSORES DA PORTAS DE SEGURANÇA (30008240250),FALHA DE COMUNICACAO INVERSORES DA PORTAS DE SEGURANCA 30008240250,FALHA DE COMUNICAÇÃO,FALHA DE COMUNICACAO,TRAIN
140,ENROSCO DE PACOTES E ESTOURO DE LATAS NO CANL C DO DEVAISER,ENROSCO DE PACOTES E ESTOURO DE LATAS NO CANL C DO DEVAISER,ENROSCO DE LATAS,ENROSCO DE LATAS,TRAIN
141,"ROMPIMENTO DA MANGUEIRA PNEUMATICA, OCASIONANDO TRAVAMENTO DO COMPACTADOR DE CAMADAS. ORDEM- 30008170585",ROMPIMENTO DA MANGUEIRA PNEUMATICA OCASIONANDO TRAVAMENTO DO COMPACTADOR DE CAMADAS ORDEM 30008170585,ROMPIMENTO DE MANGUEIRA,ROMPIMENTO DE MANGUEIRA,TEST
142,"BOTÃO DE RESET DO IHM DE MAGAZINE DE PALETES ESTAVA COM O CABO SOLTO, IMPOSSIBILITANDO REALIZAR O RESET DA MAQUINA.",BOTAO DE RESET DO IHM DE MAGAZINE DE PALETES ESTAVA COM O CABO SOLTO IMPOSSIBILITANDO REALIZAR O RESET DA MAQUINA,FALHA DE IHM,FALHA DE IHM,TEST
143,MANGUEIRA DE CONTRA PRESSÃO ESCAPOU,MANGUEIRA DE CONTRA PRESSAO ESCAPOU,FALHA DE CONEXÃO DE MANGUEIRA,FALHA DE CONEXAO DE MANGUEIRA,TRAIN
144,IHM COM FALHA DE COMUNICAÇÃO 30008241782,IHM COM FALHA DE COMUNICACAO 30008241782,FALHA DE COMUNICAÇÃO,FALHA DE COMUNICACAO,TRAIN
145,QUEBRA DA ESTEIRA DA CURVA ENTRADA PALETIZADORA ORDEM Nº 30008241836 NOTA 13129837,QUEBRA DA ESTEIRA DA CURVA ENTRADA PALETIZADORA ORDEM N 30008241836 NOTA 13129837,QUEBRA DE ESTEIRA,QUEBRA DE ESTEIRA,TRAIN
146,DESARME DA MESA CENTRAL,DESARME DA MESA CENTRAL,DESARME DE MESA,DESARME DE MESA,TRAIN
147,"TROCA DE BORNE M 43 ENTREGANDO TORTA NA ESTRELA , ENTRANDO TORTA NA ENCHEDORA",TROCA DE BORNE M 43 ENTREGANDO TORTA NA ESTRELA ENTRANDO TORTA NA ENCHEDORA,FALHA ELÉTRICA SEM COMPONENTE IDENTIFICADO,FALHA ELETRICA SEM COMPONENTE IDENTIFICADO,TRAIN
148,FALHA TRANSPORTE GARRAFAS NA SAIDA DA DESENCAIXATADORA ORDEM: 30008241763,FALHA TRANSPORTE GARRAFAS NA SAIDA DA DESENCAIXATADORA ORDEM 30008241763,FALHA DE TRANSPORTE DE GARRAFAS,FALHA DE TRANSPORTE DE GARRAFAS,TEST
149,TRAVAMENTO DO SEGMENTOS DE GARRAFAS NO REJEITOR EBS,TRAVAMENTO DO SEGMENTOS DE GARRAFAS NO REJEITOR EBS,TRAVAMENTO DE SEGMENTOS,TRAVAMENTO DE SEGMENTOS,TRAIN
150,"TRAVAMENTO DE PISTÃO, GERANDO O ENROSCO DE TAMPA",TRAVAMENTO DE PISTAO GERANDO O ENROSCO DE TAMPA,TRAVAMENTO DE ATUADOR,TRAVAMENTO DE ATUADOR,TRAIN
151,"ELO DA ESTEIRA TORTO,CAUSANDO TRAVAMENTO 30008241854",ELO DA ESTEIRA TORTO CAUSANDO TRAVAMENTO 30008241854,TRAVAMENTO DE ESTEIRA,TRAVAMENTO DE ESTEIRA,TRAIN
152,TRAVAMENTO DO DEVISER( PATINS) 30008241862,TRAVAMENTO DO DEVISER PATINS 30008241862,TRAVAMENTO DE PATINS,TRAVAMENTO DE PATINS,TRAIN
153,QUEIMOU O FILAMENTO 30008241847,QUEIMOU O FILAMENTO 30008241847,QUEIMA DE FILAMENTO,QUEIMA DE FILAMENTO,TRAIN
154,QUEIMOU O FILAMENTO( TROCA DO FILAMENTO ),QUEIMOU O FILAMENTO TROCA DO FILAMENTO,QUEIMA DE FILAMENTO,QUEIMA DE FILAMENTO,TEST
155,GUIA DO PESCOÇO DA GARRAFAS FORA DE POSIÇÃO 30008241870,GUIA DO PESCOCO DA GARRAFAS FORA DE POSICAO 30008241870,DESALINHAMENTO DE GUIA,DESALINHAMENTO DE GUIA,TRAIN
156,FALHA NO INVERSOR DO MOTOR 311,FALHA NO INVERSOR DO MOTOR 311,FALHA DE INVERSOR,FALHA DE INVERSOR,TRAIN
157,FALHA NA SUBIDA DO ELEVADOR DE CHAPATEX 30008241795,FALHA NA SUBIDA DO ELEVADOR DE CHAPATEX 30008241795,FALHA DE ELEVADOR,FALHA DE ELEVADOR,TRAIN
158,"PINÇA DANIFICADA QUEBRANDO FINISH DAS GARRAFAS, OCASIONANDO ALTO REJEITO E CRESH DE GARRAFAS NA SAIDA DO TAPTONE",PINCA DANIFICADA QUEBRANDO FINISH DAS GARRAFAS OCASIONANDO ALTO REJEITO E CRESH DE GARRAFAS NA SAIDA DO TAPTONE,CRASH DE GARRAFAS,CRASH DE GARRAFAS,TRAIN
159,ALHA NA TROCA DE PALETES DE CARTÃO CHEIO (30008241935),ALHA NA TROCA DE PALETES DE CARTAO CHEIO 30008241935,FALHA NA TROCA DE PALETE DE CARTÃO,FALHA NA TROCA DE PALETE DE CARTAO,TRAIN
160,ENROSCO DE PACOTES NO CANAL C,ENROSCO DE PACOTES NO CANAL C,ENROSCO DE PACOTES,ENROSCO DE PACOTES,TRAIN
161,"PEDINDO TROCA DA MAGAZINE DE CARTÃO ASSIM QUE O PALLET SAI DO ELEVADOR, GERANDO PERDA DE REFERENCIA NAS DUAS MAGAZINE, ORDEM : 30008241789",PEDINDO TROCA DA MAGAZINE DE CARTAO ASSIM QUE O PALLET SAI DO ELEVADOR GERANDO PERDA DE REFERENCIA NAS DUAS MAGAZINE ORDEM 30008241789,FALHA DE MAGAZINE,FALHA DE MAGAZINE,TRAIN
162,"TROCA DA MAGAZINE DE CARTÃO SENDO FEITA DE FORMA MANUAL, FALHA NO AUTOMÁTICO",TROCA DA MAGAZINE DE CARTAO SENDO FEITA DE FORMA MANUAL FALHA NO AUTOMATICO,FALHA DE MAGAZINE,FALHA DE MAGAZINE,TRAIN
163,FALHA NA BOMBA DE AQUECIMENTO 01,FALHA NA BOMBA DE AQUECIMENTO 01,FALHA DE BOMBA,FALHA DE BOMBA,TEST
164,FALHA NA RETIRADA DO CARTAO DE CAMADAS,FALHA NA RETIRADA DO CARTAO DE CAMADAS,FALHA NO MANUSEIO DE CARTÃO,FALHA NO MANUSEIO DE CARTAO,TRAIN
165,FALHA NA BOMBA DE RECICURLAÇÃO DO TANQUE N°1 DO WARMER,FALHA NA BOMBA DE RECICURLACAO DO TANQUE N 1 DO WARMER,FALHA DE BOMBA,FALHA DE BOMBA,TRAIN
166,FALHA NO TRANSPORTE DE PALETES 8241859,FALHA NO TRANSPORTE DE PALETES 8241859,FALHA DE TRANSPORTE DE PALETES,FALHA DE TRANSPORTE DE PALETES,TEST
167,SENSOR DA CENTRAGEM FORA DE POSIÇAO,SENSOR DA CENTRAGEM FORA DE POSICAO,FALHA DE SENSOR,FALHA DE SENSOR,TEST
168,SENSOR DA CENTRAGEM FORA DE POSIÇÃO,SENSOR DA CENTRAGEM FORA DE POSICAO,FALHA DE SENSOR,FALHA DE SENSOR,TEST
169,RELÊ DE ACIONAMENTO DO CONTATOR TRAVADO 30008244588,RELE DE ACIONAMENTO DO CONTATOR TRAVADO 30008244588,FALHA ELÉTRICA SEM COMPONENTE IDENTIFICADO,FALHA ELETRICA SEM COMPONENTE IDENTIFICADO,TEST
170,FALHA NO INVERSOR,FALHA NO INVERSOR,FALHA DE INVERSOR,FALHA DE INVERSOR,TEST
171,MANUTENÇÃO NA BOMBA DO TANQUE N°1 DO WARMER,MANUTENCAO NA BOMBA DO TANQUE N 1 DO WARMER,FALHA DE BOMBA,FALHA DE BOMBA,TRAIN
172,ANUTENÇÃO NA BOMBA DO TANQUE N°1 DO WARMER,ANUTENCAO NA BOMBA DO TANQUE N 1 DO WARMER,FALHA DE BOMBA,FALHA DE BOMBA,TRAIN
173,VAZMENTO DE BEBIDA NA VALVULA VEP 04 (TROCA DO RETENTOR ),VAZMENTO DE BEBIDA NA VALVULA VEP 04 TROCA DO RETENTOR,VAZAMENTO EM VÁLVULA,VAZAMENTO EM VALVULA,TRAIN
174,FALHA NA PINÇA DO CORTE DO FILME STRECH,FALHA NA PINCA DO CORTE DO FILME STRECH,FALHA DE CORTE DE FILME,FALHA DE CORTE DE FILME,TRAIN
175,AJUSTE NA POSIÇÃO DO SENSOR QUE DETERMINA O FINAL DO FILME,AJUSTE NA POSICAO DO SENSOR QUE DETERMINA O FINAL DO FILME,FALHA DE SENSOR,FALHA DE SENSOR,TRAIN
176,PEDINDO PRA TROCAR A MAGAZINE NO MEIO DA PRODUÇÃO SEM A MAGAZINE ESTAR CHEIA OU TERMINADO O PALLET,PEDINDO PRA TROCAR A MAGAZINE NO MEIO DA PRODUCAO SEM A MAGAZINE ESTAR CHEIA OU TERMINADO O PALLET,FALHA DE MAGAZINE,FALHA DE MAGAZINE,TRAIN
177,TRANSPORTE DERRUBANDO GERANDO ACUMULO E FALHA NO ALINHADOR DA FILTEC,TRANSPORTE DERRUBANDO GERANDO ACUMULO E FALHA NO ALINHADOR DA FILTEC,FALHA DE ACÚMULO NO TRANSPORTE,FALHA DE ACUMULO NO TRANSPORTE,TEST
178,"QUEDA DE LATAS NA TRANSFERENCIA, ORDEM : 30008244580",QUEDA DE LATAS NA TRANSFERENCIA ORDEM 30008244580,QUEDA DE LATAS,QUEDA DE LATAS,TRAIN
179,"BOMBA 01 DE AQUECIMENTO FORA DE OPERAÇÃO, BOMBA 02 TENDO SOBREAQUECIMENTO",BOMBA 01 DE AQUECIMENTO FORA DE OPERACAO BOMBA 02 TENDO SOBREAQUECIMENTO,FALHA DE BOMBA,FALHA DE BOMBA,TRAIN
180,FALHA NA MESA DE CARGA LAVADORA (30008249810),FALHA NA MESA DE CARGA LAVADORA 30008249810,FALHA NA MESA DE CARGA,FALHA NA MESA DE CARGA,TRAIN
181,IHM DA PALETIZADORA COM FALHA DE COMUNICAÇÃO,IHM DA PALETIZADORA COM FALHA DE COMUNICACAO,FALHA DE COMUNICAÇÃO,FALHA DE COMUNICACAO,TRAIN
182,PAINÉL IHM DESARMADO,PAINEL IHM DESARMADO,FALHA DE IHM,FALHA DE IHM,TRAIN
183,FALHA NA PROPORCAO DE XAROPE/AGUA,FALHA NA PROPORCAO DE XAROPE AGUA,FALHA DE PROPORCIONAMENTO,FALHA DE PROPORCIONAMENTO,TRAIN
184,AJUSTE NO SINCRONISMO DA ESTRELA DE TRANSFERENCIA ROTULADORA/ENCHEDORA NOTA N°30008248232,AJUSTE NO SINCRONISMO DA ESTRELA DE TRANSFERENCIA ROTULADORA ENCHEDORA NOTA N 30008248232,FALHA DE ROTULAGEM,FALHA DE ROTULAGEM,TRAIN
185,LIMPEZA AUTOMATICA DAS PINÇAS,LIMPEZA AUTOMATICA DAS PINCAS,FALHA DE PINÇA,FALHA DE PINCA,TRAIN
186,FALHA NO CORTE DO FILME,FALHA NO CORTE DO FILME,FALHA DE CORTE DE FILME,FALHA DE CORTE DE FILME,TRAIN
187,"TROCA DO PALLET DE FOLHA SEPARADORA,GERANDO FALHA EM TDS AS PORTAS DA PALETIZADORA",TROCA DO PALLET DE FOLHA SEPARADORA GERANDO FALHA EM TDS AS PORTAS DA PALETIZADORA,FALHA NA TROCA DE PALETE DE FOLHA SEPARADORA,FALHA NA TROCA DE PALETE DE FOLHA SEPARADORA,TRAIN
188,ROLETES DAS GUIAS LATERAIS DANIFICADOS (ORDEM 30008246868),ROLETES DAS GUIAS LATERAIS DANIFICADOS ORDEM 30008246868,FALHA DE ROLETES,FALHA DE ROLETES,TRAIN
189,TROCA DOS MANIPULOS DAS GUIAS LATERAIS (ORDEM 30008246884),TROCA DOS MANIPULOS DAS GUIAS LATERAIS ORDEM 30008246884,FALHA DE GUIA,FALHA DE GUIA,TRAIN
190,"DESARME DOEQUIPAMENTO, SEM FALHA OU ALARME.",DESARME DOEQUIPAMENTO SEM FALHA OU ALARME,FALHA ELÉTRICA SEM COMPONENTE IDENTIFICADO,FALHA ELETRICA SEM COMPONENTE IDENTIFICADO,TRAIN
191,TRAVAMENTO DE TRANSPORTE ESTEIRA ANTIGO VISOR,TRAVAMENTO DE TRANSPORTE ESTEIRA ANTIGO VISOR,TRAVAMENTO DE ESTEIRA,TRAVAMENTO DE ESTEIRA,TRAIN
192,MOLA DE TORÇÃO DANIFICADA.ORDEM:30007987178,MOLA DE TORCAO DANIFICADA ORDEM 30007987178,FALHA DE MOLA,FALHA DE MOLA,TRAIN
193,"LAVADORA ,FOTOCÉLULA DE SEGURANÇA ACIONADA.",LAVADORA FOTOCELULA DE SEGURANCA ACIONADA,FALHA DE SENSOR,FALHA DE SENSOR,TRAIN
194,"SENSOR DA FOTÓCELULA EM FALHA,ORDEM..30008246601",SENSOR DA FOTOCELULA EM FALHA ORDEM 30008246601,FALHA DE SENSOR,FALHA DE SENSOR,TRAIN
195,TRAVAMENTO DO SEGMENTOS DE GARRAFA NO REJEITOR A100,TRAVAMENTO DO SEGMENTOS DE GARRAFA NO REJEITOR A100,TRAVAMENTO DE SEGMENTOS,TRAVAMENTO DE SEGMENTOS,TRAIN
196,FALHA MOTOR DE TRANSPORTE NA SAIDA DA DESENCAIXATADORA ORDEM: 30008251451,FALHA MOTOR DE TRANSPORTE NA SAIDA DA DESENCAIXATADORA ORDEM 30008251451,FALHA DE MOTOR,FALHA DE MOTOR,TRAIN
197,FALHA MOTOR DE TRANSPORTE NA ENTRADA DA ENCHEDORA ORDEM: 30008251455,FALHA MOTOR DE TRANSPORTE NA ENTRADA DA ENCHEDORA ORDEM 30008251455,FALHA DE MOTOR,FALHA DE MOTOR,TRAIN
198,TRAVAMENTO DE SEGMENTOS DA GARRAFA NO REJEITO A100,TRAVAMENTO DE SEGMENTOS DA GARRAFA NO REJEITO A100,TRAVAMENTO DE SEGMENTOS,TRAVAMENTO DE SEGMENTOS,TRAIN
199,ESTEIRA DO TRANSPORTE DE CAIXA DA CUVA DA PALETIZADORA SAIU FORA DE POSIÇÃO,ESTEIRA DO TRANSPORTE DE CAIXA DA CUVA DA PALETIZADORA SAIU FORA DE POSICAO,ESCAPE DE ESTEIRA,ESCAPE DE ESTEIRA,TRAIN
200,FALHA TRANSPORTE OCASIONANDO QUEDA DE GARRAFAS,FALHA TRANSPORTE OCASIONANDO QUEDA DE GARRAFAS,QUEDA DE GARRAFAS,QUEDA DE GARRAFAS,TRAIN
201,MASTERIZAÇÃO E FALHA NO SENSOR DE LEITURA DE PALETES DA PALETIZADORA,MASTERIZACAO E FALHA NO SENSOR DE LEITURA DE PALETES DA PALETIZADORA,FALHA DE SENSOR,FALHA DE SENSOR,TRAIN
202,"FALHA NO ENCHIMENTO ,DEVIDO AO ACERTO DA REGUA DA CABEÇA DA ENCHEDORA. 30008254083",FALHA NO ENCHIMENTO DEVIDO AO ACERTO DA REGUA DA CABECA DA ENCHEDORA 30008254083,FALHA DE ENCHIMENTO,FALHA DE ENCHIMENTO,TRAIN
203,MOTOR DO TRANSPORTE DE PALETES CHEIOS QUEIMADO ( NOTA - 13136530 ),MOTOR DO TRANSPORTE DE PALETES CHEIOS QUEIMADO NOTA 13136530,FALHA DE MOTOR,FALHA DE MOTOR,TRAIN
204,"ENROSCO DE PACOTE NO DOSADOR DO TRANSPORTE DE ENTRADA,CAUSANDO ESTOURO DE LATA E ERRO NA FORMAÇÃO DA CAMADA ORDEM -(30008251454 )",ENROSCO DE PACOTE NO DOSADOR DO TRANSPORTE DE ENTRADA CAUSANDO ESTOURO DE LATA E ERRO NA FORMACAO DA CAMADA ORDEM 30008251454,ENROSCO DE LATAS,ENROSCO DE LATAS,TRAIN
205,FALHA ELETRICA NA DATADORA MARKEM IMAJE 9450S NOTA : (30008254394),FALHA ELETRICA NA DATADORA MARKEM IMAJE 9450S NOTA 30008254394,FALHA DE CODIFICAÇÃO,FALHA DE CODIFICACAO,TRAIN
206,FALHA NO ELEVADOR DE TUBETES / FALHA NO PISTÃO DESEMBALADOR DE TUBETES ( ORDEM - 30008254410 ),FALHA NO ELEVADOR DE TUBETES FALHA NO PISTAO DESEMBALADOR DE TUBETES ORDEM 30008254410,FALHA DE ELEVADOR,FALHA DE ELEVADOR,TRAIN
207,"FALHA DE ENCHIMENTO, DIFICULTANDO DEIXAR ENCHEDORA NA VELOCIDADE NOMINAL, IDENTIFICADO VÁLVULA 41 TENDO MAIOR IMPACTO",FALHA DE ENCHIMENTO DIFICULTANDO DEIXAR ENCHEDORA NA VELOCIDADE NOMINAL IDENTIFICADO VALVULA 41 TENDO MAIOR IMPACTO,FALHA DE VÁLVULA DE ENCHIMENTO,FALHA DE VALVULA DE ENCHIMENTO,TRAIN
208,TRAVAMENTO DO SEGMENTOS DE GARRAFA NO REJEITOR A100,TRAVAMENTO DO SEGMENTOS DE GARRAFA NO REJEITOR A100,TRAVAMENTO DE SEGMENTOS,TRAVAMENTO DE SEGMENTOS,TRAIN
209,FALHA MOTOR DE TRANSPORTE NA SAIDA DA DESENCAIXATADORA ORDEM: 30008251451,FALHA MOTOR DE TRANSPORTE NA SAIDA DA DESENCAIXATADORA ORDEM 30008251451,FALHA DE MOTOR,FALHA DE MOTOR,TRAIN
210,FALHA MOTOR DE TRANSPORTE NA ENTRADA DA ENCHEDORA ORDEM: 30008251455,FALHA MOTOR DE TRANSPORTE NA ENTRADA DA ENCHEDORA ORDEM 30008251455,FALHA DE MOTOR,FALHA DE MOTOR,TRAIN
211,TRAVAMENTO DE SEGMENTOS DA GARRAFA NO REJEITO A100,TRAVAMENTO DE SEGMENTOS DA GARRAFA NO REJEITO A100,TRAVAMENTO DE SEGMENTOS,TRAVAMENTO DE SEGMENTOS,TRAIN
212,ESTEIRA DO TRANSPORTE DE CAIXA DA CUVA DA PALETIZADORA SAIU FORA DE POSIÇÃO,ESTEIRA DO TRANSPORTE DE CAIXA DA CUVA DA PALETIZADORA SAIU FORA DE POSICAO,ESCAPE DE ESTEIRA,ESCAPE DE ESTEIRA,TRAIN
213,FALHA TRANSPORTE OCASIONANDO QUEDA DE GARRAFAS,FALHA TRANSPORTE OCASIONANDO QUEDA DE GARRAFAS,QUEDA DE GARRAFAS,QUEDA DE GARRAFAS,TRAIN
214,MASTERIZAÇÃO E FALHA NO SENSOR DE LEITURA DE PALETES DA PALETIZADORA,MASTERIZACAO E FALHA NO SENSOR DE LEITURA DE PALETES DA PALETIZADORA,FALHA DE SENSOR,FALHA DE SENSOR,TRAIN
215,"FALHA NO ENCHIMENTO ,DEVIDO AO ACERTO DA REGUA DA CABEÇA DA ENCHEDORA. 30008254083",FALHA NO ENCHIMENTO DEVIDO AO ACERTO DA REGUA DA CABECA DA ENCHEDORA 30008254083,FALHA DE ENCHIMENTO,FALHA DE ENCHIMENTO,TRAIN
216,"ENROSCO DE PACOTE NO DOSADOR DO TRANSPORTE DE ENTRADA,CAUSANDO ESTOURO DE LATA E ERRO NA FORMAÇÃO DA CAMADA ORDEM -(30008251454 )",ENROSCO DE PACOTE NO DOSADOR DO TRANSPORTE DE ENTRADA CAUSANDO ESTOURO DE LATA E ERRO NA FORMACAO DA CAMADA ORDEM 30008251454,ENROSCO DE LATAS,ENROSCO DE LATAS,TRAIN
217,FALHA ELETRICA NA DATADORA MARKEM IMAJE 9450S NOTA : (30008254394),FALHA ELETRICA NA DATADORA MARKEM IMAJE 9450S NOTA 30008254394,FALHA DE CODIFICAÇÃO,FALHA DE CODIFICACAO,TRAIN
218,FALHA NO ELEVADOR DE TUBETES / FALHA NO PISTÃO DESEMBALADOR DE TUBETES ( ORDEM - 30008254410 ),FALHA NO ELEVADOR DE TUBETES FALHA NO PISTAO DESEMBALADOR DE TUBETES ORDEM 30008254410,FALHA DE ELEVADOR,FALHA DE ELEVADOR,TRAIN
219,"FALHA DE ENCHIMENTO, DIFICULTANDO DEIXAR ENCHEDORA NA VELOCIDADE NOMINAL, IDENTIFICADO VÁLVULA 41 TENDO MAIOR IMPACTO",FALHA DE ENCHIMENTO DIFICULTANDO DEIXAR ENCHEDORA NA VELOCIDADE NOMINAL IDENTIFICADO VALVULA 41 TENDO MAIOR IMPACTO,FALHA DE VÁLVULA DE ENCHIMENTO,FALHA DE VALVULA DE ENCHIMENTO,TRAIN
220,"FALHA TRANSPORTE, OCASIONANDO QUEDA DE GARRAFAS ORDEM: 30008256218",FALHA TRANSPORTE OCASIONANDO QUEDA DE GARRAFAS ORDEM 30008256218,QUEDA DE GARRAFAS,QUEDA DE GARRAFAS,TEST
221,TRAVAMENTO DO SEGMENTOS DE GARRAFA NO REJEITOR EBS,TRAVAMENTO DO SEGMENTOS DE GARRAFA NO REJEITOR EBS,TRAVAMENTO DE SEGMENTOS,TRAVAMENTO DE SEGMENTOS,TRAIN
222,QUEBROU O SUPORTE DA BASE DOS ROLETES 30008257422,QUEBROU O SUPORTE DA BASE DOS ROLETES 30008257422,FALHA DE ROLETES,FALHA DE ROLETES,TRAIN
223,RECUPERAÇÃO DE ENVASE DEVIDO PARADA DO ENOS FALHA CRITICA RUIDO AUTO CANAL 1 ( 30008257602 ),RECUPERACAO DE ENVASE DEVIDO PARADA DO ENOS FALHA CRITICA RUIDO AUTO CANAL 1 30008257602,FALHA DE INSPEÇÃO,FALHA DE INSPECAO,TEST
224,FALHA NO INVERSOR DO MOTOR 311 30008235903,FALHA NO INVERSOR DO MOTOR 311 30008235903,FALHA DE INVERSOR,FALHA DE INVERSOR,TRAIN
225,MAQUINA FORA DE SINCRONISMO DERRUBANDO GARRAFAS NA REFRIGERAÇÃO DE FUNDO GERANDO FALHA,MAQUINA FORA DE SINCRONISMO DERRUBANDO GARRAFAS NA REFRIGERACAO DE FUNDO GERANDO FALHA,QUEDA DE GARRAFAS,QUEDA DE GARRAFAS,TRAIN
226,EXCESSO DE REJEITO OCASIONANDO QUEDA DE GARRAFAS,EXCESSO DE REJEITO OCASIONANDO QUEDA DE GARRAFAS,FALHA DE REJEIÇÃO,FALHA DE REJEICAO,TRAIN
227,ROMPIMENTO DA MANGUEIRA DE AR NA MESA DE ENVOLVIMENTO,ROMPIMENTO DA MANGUEIRA DE AR NA MESA DE ENVOLVIMENTO,ROMPIMENTO DE MANGUEIRA DE AR,ROMPIMENTO DE MANGUEIRA DE AR,TRAIN
228,FALHA NA CORREIA DE ENVOLVIMENTO DOS PACOTES ( ORDEM - 30008258313 ),FALHA NA CORREIA DE ENVOLVIMENTO DOS PACOTES ORDEM 30008258313,FALHA DE CORREIA,FALHA DE CORREIA,TRAIN
229,QUEBRA DE CORREIA DO CARACOL DE ENTRADA DE GARRAFAS,QUEBRA DE CORREIA DO CARACOL DE ENTRADA DE GARRAFAS,QUEBRA DE CORREIA,QUEBRA DE CORREIA,TRAIN
230,COMPACTADOR DE CAMADAS TRAVADO,COMPACTADOR DE CAMADAS TRAVADO,TRAVAMENTO DO SISTEMA DE COMPACTAÇÃO,TRAVAMENTO DO SISTEMA DE COMPACTACAO,TRAIN
231,SUBSTITUIÇÃO DO MOTOR DO TRANSPORTE DE PALLET 30008254414,SUBSTITUICAO DO MOTOR DO TRANSPORTE DE PALLET 30008254414,FALHA DE MOTOR,FALHA DE MOTOR,TRAIN
232,CENTRAL DO FECHA CAMADA TRAVOU NOTA - 30008257113,CENTRAL DO FECHA CAMADA TRAVOU NOTA 30008257113,TRAVAMENTO DO SISTEMA DE COMPACTAÇÃO,TRAVAMENTO DO SISTEMA DE COMPACTACAO,TRAIN
233,SENSOR NÃO ESTAVA ATUANDO PARA SAIDA DE PALETE,SENSOR NAO ESTAVA ATUANDO PARA SAIDA DE PALETE,FALHA DE SENSOR,FALHA DE SENSOR,TEST
234,CONFLITO NA AUTOMAÇÃO NOTA 30008257507,CONFLITO NA AUTOMACAO NOTA 30008257507,FALHA DE AUTOMAÇÃO,FALHA DE AUTOMACAO,TRAIN
235,"FALHA NO SENSOR DE PRESENSA DA ESTRELA DE ENTRADA, OCASIONANDO NA FALHA DE GARRAFA DUPLA NA ENCHEDORA 30008257248",FALHA NO SENSOR DE PRESENSA DA ESTRELA DE ENTRADA OCASIONANDO NA FALHA DE GARRAFA DUPLA NA ENCHEDORA 30008257248,FALHA DE SENSOR,FALHA DE SENSOR,TRAIN
236,FALHA NO SENSOR DO BUFFER NOTA30008256215,FALHA NO SENSOR DO BUFFER NOTA30008256215,FALHA DE SENSOR,FALHA DE SENSOR,TRAIN
237,"FILME ROMPENDO DURANTE ENVOLVIMENTO/ NECESSÁRIO COLOCAR CALÇO NA BOBINA, APÓS ESTA AÇÃO NÃO HOUVE MAIS ROMPIMENTO. ( NOTA - 13123569 )",FILME ROMPENDO DURANTE ENVOLVIMENTO NECESSARIO COLOCAR CALCO NA BOBINA APOS ESTA ACAO NAO HOUVE MAIS ROMPIMENTO NOTA 13123569,ROMPIMENTO DE FILME,ROMPIMENTO DE FILME,TEST
238,SOBRE CORRENTE NO TRANSPORTE DE PALETE - OREDEM: 30008258302,SOBRE CORRENTE NO TRANSPORTE DE PALETE OREDEM 30008258302,SOBRECORRENTE,SOBRECORRENTE,TEST
239,QUEBRA DO SEGUIMENTO LINEAR ( ORDEM - 30008258314 ),QUEBRA DO SEGUIMENTO LINEAR ORDEM 30008258314,QUEBRA DE SEGMENTO,QUEBRA DE SEGMENTO,TRAIN
240,"VELOCIDADE DO TRANSPORTE BAIXA,GERANDO FALTA DE GARRAFAS NA ALIMENTAÇÃO DA EMPACOTADORA REALIZADO ALTERAÇÃO NOS PARÂMETROS DA RECEITA",VELOCIDADE DO TRANSPORTE BAIXA GERANDO FALTA DE GARRAFAS NA ALIMENTACAO DA EMPACOTADORA REALIZADO ALTERACAO NOS PARAMETROS DA RECEITA,FALHA DE VELOCIDADE DO TRANSPORTE,FALHA DE VELOCIDADE DO TRANSPORTE,TRAIN
241,"VELOCIDADE DO TRANSPORTE BAIXA,GERANDO FALTA DE GARRAFAS NA ALIMENTAÇÃO DA EMPACOTADORA REALIZADO ALTERAÇÃO NOS PARÂMETROS DA RECEITA",VELOCIDADE DO TRANSPORTE BAIXA GERANDO FALTA DE GARRAFAS NA ALIMENTACAO DA EMPACOTADORA REALIZADO ALTERACAO NOS PARAMETROS DA RECEITA,FALHA DE VELOCIDADE DO TRANSPORTE,FALHA DE VELOCIDADE DO TRANSPORTE,TRAIN
242,"MONTAGEM DO MOTOR DO TRANSPORTE, QUE FOI RETIRADO DEVIDO ESTAR QUEIMADO ( NOTA - 13136530 )",MONTAGEM DO MOTOR DO TRANSPORTE QUE FOI RETIRADO DEVIDO ESTAR QUEIMADO NOTA 13136530,FALHA DE MOTOR,FALHA DE MOTOR,TRAIN
243,MANUTENÇÃO NA BOMBA DO TANQUE N° 1 DO WARMER ( ORDEM - 30008258320 ),MANUTENCAO NA BOMBA DO TANQUE N 1 DO WARMER ORDEM 30008258320,FALHA DE BOMBA,FALHA DE BOMBA,TRAIN
244,QUEBRA DA CORREIA DO CARACOL DE ENTRADA DE GARRAFAS.,QUEBRA DA CORREIA DO CARACOL DE ENTRADA DE GARRAFAS,QUEBRA DE CORREIA,QUEBRA DE CORREIA,TRAIN
245,FALHA NO GERADOR DE IMPULSOS TRIGGER N: 07,FALHA NO GERADOR DE IMPULSOS TRIGGER N 07,FALHA DE GERADOR DE IMPULSOS,FALHA DE GERADOR DE IMPULSOS,TRAIN
246,COLISÃO DO DEPOSITO DE TAMPAS COM O EMPURRADOR,COLISAO DO DEPOSITO DE TAMPAS COM O EMPURRADOR,ENROSCO DE TAMPAS,ENROSCO DE TAMPAS,TRAIN
247,"COLISÃO DO DEPOSITO DE TAMPAS COM O EMPURRADOR, ORDEM : 30008256186",COLISAO DO DEPOSITO DE TAMPAS COM O EMPURRADOR ORDEM 30008256186,ENROSCO DE TAMPAS,ENROSCO DE TAMPAS,TRAIN
248,"VALVULA Nº41 EM VELOCIDADE NOMINAL COM EXCESSO DE NIVEL BAIXO, VELOCIDADE REDUZIDA PARA MINIMIZAR PERDAS",VALVULA N 41 EM VELOCIDADE NOMINAL COM EXCESSO DE NIVEL BAIXO VELOCIDADE REDUZIDA PARA MINIMIZAR PERDAS,FALHA DE VÁLVULA DE ENCHIMENTO,FALHA DE VALVULA DE ENCHIMENTO,TRAIN
249,ESTEIRA DA CURVA DE ENTRADA DA PALETIZADORA ESTA ESCAPANDO,ESTEIRA DA CURVA DE ENTRADA DA PALETIZADORA ESTA ESCAPANDO,ESCAPE DE ESTEIRA,ESCAPE DE ESTEIRA,TRAIN
250,DESARME DO MOTOR TRANSPORTE DE CAIXAS NA LAVADORA DE CAIXAS,DESARME DO MOTOR TRANSPORTE DE CAIXAS NA LAVADORA DE CAIXAS,DESARME DE MOTOR,DESARME DE MOTOR,TRAIN
251,ESTEIRA DO TRANSPORTE DO DESCAPSULADOR ESCAPOU,ESTEIRA DO TRANSPORTE DO DESCAPSULADOR ESCAPOU,ESCAPE DE ESTEIRA,ESCAPE DE ESTEIRA,TRAIN
252,TROCA DO TRANSPONDER DA GARRAFA TESTE 12 NÃO ESTAVA FAZENDO LEITURA 3000826012,TROCA DO TRANSPONDER DA GARRAFA TESTE 12 NAO ESTAVA FAZENDO LEITURA 3000826012,FALHA DE INSPEÇÃO,FALHA DE INSPECAO,TRAIN
253,"MANGUEIRA DO CENTRADOR DE PACOTES DANIFICADA, OCASIONANDO EM MÁ FORMAÇÃO DE CAMADAS",MANGUEIRA DO CENTRADOR DE PACOTES DANIFICADA OCASIONANDO EM MA FORMACAO DE CAMADAS,FALHA DE FORMAÇÃO DE CAMADA,FALHA DE FORMACAO DE CAMADA,TRAIN
254,FALHA NA VALVULA MODULARADORA DE CO2 ( ORDEM - 30008260814),FALHA NA VALVULA MODULARADORA DE CO2 ORDEM 30008260814,FALHA DE VÁLVULA MODULADORA,FALHA DE VALVULA MODULADORA,TRAIN
255,QUEDA DE LATAS NA CHAPA DE PASSAGEM DA MESA DE ARRASTE. (ORDEM - 30008260813),QUEDA DE LATAS NA CHAPA DE PASSAGEM DA MESA DE ARRASTE ORDEM 30008260813,QUEDA DE LATAS,QUEDA DE LATAS,TEST
256,QUEDA DE LATAS NA CHAPA DE PASSAGEM DA MESA DE ARRASTE,QUEDA DE LATAS NA CHAPA DE PASSAGEM DA MESA DE ARRASTE,QUEDA DE LATAS,QUEDA DE LATAS,TRAIN
257,FALHA DE BARREIRA NA SAIDA DE PALETES VAZIOS ( ORDEM - 30008260816 ),FALHA DE BARREIRA NA SAIDA DE PALETES VAZIOS ORDEM 30008260816,FALHA DE BARREIRA,FALHA DE BARREIRA,TEST
258,FALHA DE BARREIRA SAIDA DE PALETES,FALHA DE BARREIRA SAIDA DE PALETES,FALHA DE BARREIRA,FALHA DE BARREIRA,TRAIN
259,DESARME NA MESA CENTRAL INVERTER - NOTA 30008260356,DESARME NA MESA CENTRAL INVERTER NOTA 30008260356,DESARME DE MESA,DESARME DE MESA,TEST
260,"FALHA NO INVERSOR, TRANSPORTE CENTRAL DE PALETE",FALHA NO INVERSOR TRANSPORTE CENTRAL DE PALETE,FALHA DE INVERSOR,FALHA DE INVERSOR,TRAIN
261,TRANSPORTE NA SAIDA DA ENVOLVEDORA TRAVANDO - ORDEM: 13123991,TRANSPORTE NA SAIDA DA ENVOLVEDORA TRAVANDO ORDEM 13123991,TRAVAMENTO DE TRANSPORTE,TRAVAMENTO DE TRANSPORTE,TRAIN
262,FALHA NA SINCRONIZAÇÃO DO FILME E ESTOURO DO FILME NO MEIO DA PRODUÇÃO,FALHA NA SINCRONIZACAO DO FILME E ESTOURO DO FILME NO MEIO DA PRODUCAO,ROMPIMENTO DE FILME,ROMPIMENTO DE FILME,TRAIN
263,"FALHA DE ENCHIMENTO NA VALVULA Nº36, EXCESSO DE NIVEL BAIXO",FALHA DE ENCHIMENTO NA VALVULA N 36 EXCESSO DE NIVEL BAIXO,FALHA DE VÁLVULA DE ENCHIMENTO,FALHA DE VALVULA DE ENCHIMENTO,TRAIN
264,"VELOCIDADE REDUZIDA, FALHA DE ENCHIMENTO NA VALVULA Nº36, EXCESSO DE NIVEL BAIXO",VELOCIDADE REDUZIDA FALHA DE ENCHIMENTO NA VALVULA N 36 EXCESSO DE NIVEL BAIXO,FALHA DE VÁLVULA DE ENCHIMENTO,FALHA DE VALVULA DE ENCHIMENTO,TRAIN
265,FALHA DE SINCRONISMO E ESTOURANDO O FILME,FALHA DE SINCRONISMO E ESTOURANDO O FILME,ROMPIMENTO DE FILME,ROMPIMENTO DE FILME,TRAIN
266,VALVULA N° 36 JAMPEADA FISICAMENTE GERANDO ESPUMAMENTO DA BEBIDA E DANDO NIVEL BAIXO,VALVULA N 36 JAMPEADA FISICAMENTE GERANDO ESPUMAMENTO DA BEBIDA E DANDO NIVEL BAIXO,FALHA DE VÁLVULA DE ENCHIMENTO,FALHA DE VALVULA DE ENCHIMENTO,TRAIN
267,DESARME MOTOR DA SAIDA DA DESENCAIXATADORA,DESARME MOTOR DA SAIDA DA DESENCAIXATADORA,DESARME DE MOTOR,DESARME DE MOTOR,TEST
268,FALHA SENSOR DA PORTA DE SEGURANÇA NA DESENCAIXATADORA,FALHA SENSOR DA PORTA DE SEGURANCA NA DESENCAIXATADORA,FALHA DE SENSOR,FALHA DE SENSOR,TRAIN
269,VALIDAÇÃO NA ESTRELA DE TRANSFERENCIA DE GARRAFA,VALIDACAO NA ESTRELA DE TRANSFERENCIA DE GARRAFA,SEM MODO DE FALHA IDENTIFICADO,SEM MODO DE FALHA IDENTIFICADO,TRAIN
270,"PINÇA DAS ESTRELAS DE PASSAGEM DANIFICADAS, DEIXANDO CAIR GARRAFA E GERANDO PARADA.",PINCA DAS ESTRELAS DE PASSAGEM DANIFICADAS DEIXANDO CAIR GARRAFA E GERANDO PARADA,FALHA DE PINÇA,FALHA DE PINCA,TRAIN
271,SOLDA GUIA / GRELHA GARRAFAS,SOLDA GUIA GRELHA GARRAFAS,FALHA DE GUIA,FALHA DE GUIA,TEST
272,SOLDA GUIA / GRELHA GARRAFAS + REGULAGEM PÓS ATUAÇÃO,SOLDA GUIA GRELHA GARRAFAS REGULAGEM POS ATUACAO,FALHA DE GUIA,FALHA DE GUIA,TRAIN
273,FALHA ELÉTRICA DEVIDO CABO DE ALIMENTAÇÃO DO SERVO MOTOR DA GAIOLA ROMPIDO,FALHA ELETRICA DEVIDO CABO DE ALIMENTACAO DO SERVO MOTOR DA GAIOLA ROMPIDO,FALHA DE SERVO MOTOR,FALHA DE SERVO MOTOR,TRAIN
274,DESARME DO TRANSPORTE CENTRAL DE PALLET,DESARME DO TRANSPORTE CENTRAL DE PALLET,DESARME DE TRANSPORTE,DESARME DE TRANSPORTE,TRAIN
275,SOLTOU OS PARAFUSO DO GUIA LATERAL DO TRANSPORTE FINAL DE PALLET,SOLTOU OS PARAFUSO DO GUIA LATERAL DO TRANSPORTE FINAL DE PALLET,FALHA DE FIXAÇÃO,FALHA DE FIXACAO,TEST
276,SENSOR ESTÁ REPICANDO. 30008263251,SENSOR ESTA REPICANDO 30008263251,FALHA DE SENSOR,FALHA DE SENSOR,TRAIN
277,MECÂNICA ATUOU NA ALTURA DO SENSOR E ESPELHO.,MECANICA ATUOU NA ALTURA DO SENSOR E ESPELHO,FALHA DE SENSOR,FALHA DE SENSOR,TRAIN
278,"ESPELHO,POIS O PALETE QUE MONTOU ELE ANDOU UM POUCO E PAROU QUANDO ELE TROUXE A OUTRA CAMADA COLIDIU ,PROVOCANDO QUEDA DE CAIXAS.",ESPELHO POIS O PALETE QUE MONTOU ELE ANDOU UM POUCO E PAROU QUANDO ELE TROUXE A OUTRA CAMADA COLIDIU PROVOCANDO QUEDA DE CAIXAS,QUEDA DE CAIXAS,QUEDA DE CAIXAS,TRAIN
279,"MOLA DE TRAÇÃO DANIFICADA,SEM A SEGURANÇA DA DESCARGA.",MOLA DE TRACAO DANIFICADA SEM A SEGURANCA DA DESCARGA,FALHA DE MOLA,FALHA DE MOLA,TEST
280,TROCA DO MOTOR DO TRANSPORTE DE SAIDA DO VIRADOR DE PALETE ORDEM 30008263187,TROCA DO MOTOR DO TRANSPORTE DE SAIDA DO VIRADOR DE PALETE ORDEM 30008263187,FALHA DE MOTOR,FALHA DE MOTOR,TEST
281,FALHA NO INVERSOR SAIDA DE PALETE 30008263697,FALHA NO INVERSOR SAIDA DE PALETE 30008263697,FALHA DE INVERSOR,FALHA DE INVERSOR,TRAIN
282,FALHA NA TROCA AUTOMATICA DO PALETE DE CARTÃO (3000826371),FALHA NA TROCA AUTOMATICA DO PALETE DE CARTAO 3000826371,FALHA NA TROCA DE PALETE DE CARTÃO,FALHA NA TROCA DE PALETE DE CARTAO,TRAIN
283,FALHA NO INVERSOR 238 30008263696,FALHA NO INVERSOR 238 30008263696,FALHA DE INVERSOR,FALHA DE INVERSOR,TEST
284,TROCA DA ESTEIRA DE REJEITO (ESTEIRA NOVA NÃO PERMITIA SICRONISMO),TROCA DA ESTEIRA DE REJEITO ESTEIRA NOVA NAO PERMITIA SICRONISMO,FALHA DE ESTEIRA,FALHA DE ESTEIRA,TEST
285,TROCA DA ESTEIRA DE REJEITO (ESTEIRA NOVA NÃO PERMITIA SICROMISMO),TROCA DA ESTEIRA DE REJEITO ESTEIRA NOVA NAO PERMITIA SICROMISMO,FALHA DE ESTEIRA,FALHA DE ESTEIRA,TRAIN
286,ENROSCO DE TAMPA NO EMPURRADOR DE TAMPAS,ENROSCO DE TAMPA NO EMPURRADOR DE TAMPAS,ENROSCO DE TAMPAS,ENROSCO DE TAMPAS,TRAIN
287,ESTEIRA DERRUBANDO LATAS E PASSANDO SEM CODIFICAÇÃO 30008262675,ESTEIRA DERRUBANDO LATAS E PASSANDO SEM CODIFICACAO 30008262675,FALHA DE ESTEIRA,FALHA DE ESTEIRA,TRAIN
288,"FALHA NO CICLO AUTOMATICO DE TROCA DE MAGAZINE DE CARTÃO, GERANDO FALHA",FALHA NO CICLO AUTOMATICO DE TROCA DE MAGAZINE DE CARTAO GERANDO FALHA,FALHA DE MAGAZINE,FALHA DE MAGAZINE,TRAIN
289,SENSOR BARREIRA SAÍDA DE PALETES,SENSOR BARREIRA SAIDA DE PALETES,FALHA DE SENSOR,FALHA DE SENSOR,TEST
290,TRAVAMENTO DO SSEGMENTOS DE GARRAFA NO REJEITOR EBS,TRAVAMENTO DO SSEGMENTOS DE GARRAFA NO REJEITOR EBS,TRAVAMENTO DE SEGMENTOS,TRAVAMENTO DE SEGMENTOS,TEST
291,"TRANSPORTE FALHANDO DURANTE O PERCURSO, OCASIONANDO O TRAVAMENTO DOS PALETES.",TRANSPORTE FALHANDO DURANTE O PERCURSO OCASIONANDO O TRAVAMENTO DOS PALETES,TRAVAMENTO DE TRANSPORTE,TRAVAMENTO DE TRANSPORTE,TRAIN
292,TRANSPORTE DO VIRADOR DE PACOTES COM O ROLAMENTO DANIFICADO GERANDO FALHA NO EQUIPAMENTO.,TRANSPORTE DO VIRADOR DE PACOTES COM O ROLAMENTO DANIFICADO GERANDO FALHA NO EQUIPAMENTO,FALHA DE ROLAMENTO,FALHA DE ROLAMENTO,TRAIN
293,TROCA DO TUBO DE ENCHIMENTO VALVULA 15,TROCA DO TUBO DE ENCHIMENTO VALVULA 15,FALHA DE VÁLVULA DE ENCHIMENTO,FALHA DE VALVULA DE ENCHIMENTO,TRAIN
294,EXCESSO DE FALÇO REJEITO( EXPULSANDO GARRAFAS NOVAS),EXCESSO DE FALCO REJEITO EXPULSANDO GARRAFAS NOVAS,FALHA DE REJEIÇÃO,FALHA DE REJEICAO,TRAIN
295,"FALSA REJEIÇÃO DE GARRAFAS, CAMERA 4",FALSA REJEICAO DE GARRAFAS CAMERA 4,FALHA DE LEITURA,FALHA DE LEITURA,TEST
296,"PARADA DE TRANSPORTES, SOBRECARGA ELETRICA",PARADA DE TRANSPORTES SOBRECARGA ELETRICA,TRAVAMENTO DE TRANSPORTE,TRAVAMENTO DE TRANSPORTE,TEST
297,PISTÃO DE ABERTURA DAS BORBOLETAS SOLTO 30008265260,PISTAO DE ABERTURA DAS BORBOLETAS SOLTO 30008265260,FALHA DE ATUADOR DA VÁLVULA,FALHA DE ATUADOR DA VALVULA,TRAIN
298,FALHA ELÉTRICA DEVIDO CABO DE ALIMENTAÇÃO DO SERVO MOTOR DA GAIOLA ROMPIDO,FALHA ELETRICA DEVIDO CABO DE ALIMENTACAO DO SERVO MOTOR DA GAIOLA ROMPIDO,FALHA DE SERVO MOTOR,FALHA DE SERVO MOTOR,TRAIN
299,ENCHEDORA FORA DE SINCRONISMO.ORDEM- 30008265280.,ENCHEDORA FORA DE SINCRONISMO ORDEM 30008265280,FALHA DE SINCRONISMO,FALHA DE SINCRONISMO,TEST
300,VENTOSAS TRAVADAS NA HORA DA PEGADA DAS CHAPAS NO MAGAZINE.,VENTOSAS TRAVADAS NA HORA DA PEGADA DAS CHAPAS NO MAGAZINE,FALHA DE MAGAZINE,FALHA DE MAGAZINE,TRAIN
301,ERRO SENSOR SAIDA DO PALLET 13140819,ERRO SENSOR SAIDA DO PALLET 13140819,FALHA DE SENSOR,FALHA DE SENSOR,TRAIN
302,"EMPURRADOR PUXANDO TAMPA, GERANDO ENROSCO NO SISTEMA DE ABASTECIMENTO",EMPURRADOR PUXANDO TAMPA GERANDO ENROSCO NO SISTEMA DE ABASTECIMENTO,ENROSCO DE TAMPAS,ENROSCO DE TAMPAS,TRAIN
303,ACIONAMENTO DA BARREIRA DE SEGURANÇA COM O PALLET EM MOVIMENTO PARA O ELEVADOR,ACIONAMENTO DA BARREIRA DE SEGURANCA COM O PALLET EM MOVIMENTO PARA O ELEVADOR,FALHA DE ELEVADOR,FALHA DE ELEVADOR,TRAIN
304,"FALHA NO CICLO AUTOMATICO DE TROCA DE MAGAZINE DE CARTÃO, FOI PRECISO FAZER MANUAL",FALHA NO CICLO AUTOMATICO DE TROCA DE MAGAZINE DE CARTAO FOI PRECISO FAZER MANUAL,FALHA DE MAGAZINE,FALHA DE MAGAZINE,TEST
305,TAMPA ENROSCANDO NO EMPURRADOR NO CICLO DE DEPOSITO PARA O TRANSPORTE DE ALIMENTAÇÃO,TAMPA ENROSCANDO NO EMPURRADOR NO CICLO DE DEPOSITO PARA O TRANSPORTE DE ALIMENTACAO,ENROSCO DE TAMPAS,ENROSCO DE TAMPAS,TEST
306,"PARAFUSO DO ALINHADOR DE CAIXA ,CAIU ,ENROSCANDO CAIXAS.",PARAFUSO DO ALINHADOR DE CAIXA CAIU ENROSCANDO CAIXAS,ENROSCO DE CAIXAS,ENROSCO DE CAIXAS,TRAIN
307,EXCESSO DE REJEITOS AJSUTES NOS PARAMETROS DA CAMERA,EXCESSO DE REJEITOS AJSUTES NOS PARAMETROS DA CAMERA,FALHA DE REJEIÇÃO,FALHA DE REJEICAO,TRAIN
308,HASTE DO SENSOR ESTAVA TORTA ( ORDEM - 30008265446),HASTE DO SENSOR ESTAVA TORTA ORDEM 30008265446,FALHA DE SENSOR,FALHA DE SENSOR,TRAIN
309,FALHA DE ENCHIMENTO VALVULA N°30 FEITO JUMP E TROCA DO BLOCO (30008265443),FALHA DE ENCHIMENTO VALVULA N 30 FEITO JUMP E TROCA DO BLOCO 30008265443,FALHA DE VÁLVULA DE ENCHIMENTO,FALHA DE VALVULA DE ENCHIMENTO,TRAIN
310,ENROSCO NA RETIRADA DO QUADRO (ROMPIMENTO DO CABO DE ALIMENTAÇÃO DA BOBINA QUE ACIONA OS PISTÕES DE RETIRADA DO QUADRO(30008265417),ENROSCO NA RETIRADA DO QUADRO ROMPIMENTO DO CABO DE ALIMENTACAO DA BOBINA QUE ACIONA OS PISTOES DE RETIRADA DO QUADRO 30008265417,ROMPIMENTO DE FILME,ROMPIMENTO DE FILME,TRAIN
311,TROCA DA VALVULA NUMERO 39 (30008265435,TROCA DA VALVULA NUMERO 39 30008265435,FALHA DE VÁLVULA,FALHA DE VALVULA,TRAIN
312,PALETE TRAVADO / DESARME DE INVERSOR ORDEM 30008265350,PALETE TRAVADO DESARME DE INVERSOR ORDEM 30008265350,FALHA DE INVERSOR,FALHA DE INVERSOR,TRAIN
313,AJUSTE NAS VENTOSAS DO PEGDOR DE CHAPATEX,AJUSTE NAS VENTOSAS DO PEGDOR DE CHAPATEX,SEM MODO DE FALHA IDENTIFICADO,SEM MODO DE FALHA IDENTIFICADO,TRAIN
314,AJUSTE NAS VENTOSAS DO PEGADOR DE CHAPATEX 30008265341,AJUSTE NAS VENTOSAS DO PEGADOR DE CHAPATEX 30008265341,FALHA DE PEGADOR,FALHA DE PEGADOR,TRAIN
315,SENSOR NAO ESTAVA ATUANDO AO PUXAR GARRAFA PRA EMPACOTADORA,SENSOR NAO ESTAVA ATUANDO AO PUXAR GARRAFA PRA EMPACOTADORA,FALHA DE SENSOR,FALHA DE SENSOR,TRAIN
316,EQUIPAMENTO DESLIGOU SEM GERAR ALARME (30008267903),EQUIPAMENTO DESLIGOU SEM GERAR ALARME 30008267903,DESLIGAMENTO INDEVIDO DO EQUIPAMENTO,DESLIGAMENTO INDEVIDO DO EQUIPAMENTO,TRAIN
317,FALHA DE ENCODER DO EMPURADOR DE LATAS DA DESPALETIZADORA( 30008267932),FALHA DE ENCODER DO EMPURADOR DE LATAS DA DESPALETIZADORA 30008267932,FALHA DE ENCODER,FALHA DE ENCODER,TRAIN
318,FALHA DE BARREIRA NA SAIDA DO PALETE DE CARTÃO (30008267938),FALHA DE BARREIRA NA SAIDA DO PALETE DE CARTAO 30008267938,FALHA DE BARREIRA,FALHA DE BARREIRA,TEST
319,PACOTE ABERTO TEMPERATURA DO FORNO AUXILANDO,PACOTE ABERTO TEMPERATURA DO FORNO AUXILANDO,FALHA DE CONTROLE DE TEMPERATURA,FALHA DE CONTROLE DE TEMPERATURA,TRAIN
320,FALHA NO CICLO AUTOMATICO DE TROCA DE MAGAZINE DE CARTÃO,FALHA NO CICLO AUTOMATICO DE TROCA DE MAGAZINE DE CARTAO,FALHA DE MAGAZINE,FALHA DE MAGAZINE,TRAIN
321,"FALHA DE ENCHIMENTO NA VALVULA Nº36 , EXCESSO DE NIVEL BAIXO EM VELOCIDADE NOMINAL",FALHA DE ENCHIMENTO NA VALVULA N 36 EXCESSO DE NIVEL BAIXO EM VELOCIDADE NOMINAL,FALHA DE VÁLVULA DE ENCHIMENTO,FALHA DE VALVULA DE ENCHIMENTO,TRAIN
322,"STOPPER ATUANDO NO MOMENTO ERRADO, FURANDO LATA E GERANDO FALHA NA FORMAÇÃO DE CAMADA",STOPPER ATUANDO NO MOMENTO ERRADO FURANDO LATA E GERANDO FALHA NA FORMACAO DE CAMADA,FALHA DE FORMAÇÃO DE CAMADA,FALHA DE FORMACAO DE CAMADA,TRAIN
323,"TOPPER ATUANDO NO MOMENTO ERRADO, FURANDO LATA E GERANDO FALHA NA FORMAÇÃO DE CAMADA",TOPPER ATUANDO NO MOMENTO ERRADO FURANDO LATA E GERANDO FALHA NA FORMACAO DE CAMADA,FALHA DE FORMAÇÃO DE CAMADA,FALHA DE FORMACAO DE CAMADA,TRAIN
324,BARREIRA DE SEGURANÇA ENVOLVEDORA COM FALHA FOI FEITA AJUSTE DO SENSOR DO BYPASS 30008269951,BARREIRA DE SEGURANCA ENVOLVEDORA COM FALHA FOI FEITA AJUSTE DO SENSOR DO BYPASS 30008269951,FALHA DE SENSOR,FALHA DE SENSOR,TRAIN
325,AJUSTE DE VELOCIDADE NO INVERSOR DE FREQUENCIA DO TRP,AJUSTE DE VELOCIDADE NO INVERSOR DE FREQUENCIA DO TRP,FALHA DE INVERSOR,FALHA DE INVERSOR,TRAIN
326,BARREIRA DE SEGURANÇA ENVOLVEDORA COM FALHA FOI FEITA AJUSTE,BARREIRA DE SEGURANCA ENVOLVEDORA COM FALHA FOI FEITA AJUSTE,FALHA DE BARREIRA,FALHA DE BARREIRA,TRAIN
327,"FALHA DE PORTA ABERTA NA PORTA LATERAL, APÓS A MESA GIRATORIA",FALHA DE PORTA ABERTA NA PORTA LATERAL APOS A MESA GIRATORIA,FALHA DE PORTA DE SEGURANÇA,FALHA DE PORTA DE SEGURANCA,TRAIN
328,FALHA NO ENCHIMENTO DA VALVULA 15,FALHA NO ENCHIMENTO DA VALVULA 15,FALHA DE VÁLVULA DE ENCHIMENTO,FALHA DE VALVULA DE ENCHIMENTO,TRAIN
329,QUEDA DO PARAFUSO DO STOPER DE CAIXAS,QUEDA DO PARAFUSO DO STOPER DE CAIXAS,FALHA DE FIXAÇÃO,FALHA DE FIXACAO,TRAIN
330,TRAVAMENTO DE SEGIMENTO,TRAVAMENTO DE SEGIMENTO,TRAVAMENTO DE SEGMENTOS,TRAVAMENTO DE SEGMENTOS,TEST
331,FALHA NO SENSOR DE TAPETE DE SAIDA DA ENCHEDORA ( ORDEM 30008270462 ),FALHA NO SENSOR DE TAPETE DE SAIDA DA ENCHEDORA ORDEM 30008270462,FALHA DE SENSOR,FALHA DE SENSOR,TRAIN
332,FALHA NO REJEITOR LINEAR,FALHA NO REJEITOR LINEAR,FALHA DE REJEIÇÃO,FALHA DE REJEICAO,TRAIN
333,FALHA PRECAUÇÃO DE TRF REDOX BAIXO ORDEM: 30008272280,FALHA PRECAUCAO DE TRF REDOX BAIXO ORDEM 30008272280,FALHA DE CONTROLE DE PROCESSO,FALHA DE CONTROLE DE PROCESSO,TRAIN
334,TRAVAMENTO DO SEGMENTOS DE GARRAFA NO REJEITOR ENOS A100,TRAVAMENTO DO SEGMENTOS DE GARRAFA NO REJEITOR ENOS A100,TRAVAMENTO DE SEGMENTOS,TRAVAMENTO DE SEGMENTOS,TRAIN
335,"VALVULA 87 SAINDO COM NIVEL BAIXO E SAINDO VAZIA, FEITO O JUMPER DA 87 NA VALVULA 85",VALVULA 87 SAINDO COM NIVEL BAIXO E SAINDO VAZIA FEITO O JUMPER DA 87 NA VALVULA 85,FALHA DE ENCHIMENTO,FALHA DE ENCHIMENTO,TRAIN
336,"FIO DO CORTE DE FILME DA ENVOLVEDORA ARREMENTOU, CORTE DO FILME FEITO MANUALMENTE - ORDEM: 30008270452",FIO DO CORTE DE FILME DA ENVOLVEDORA ARREMENTOU CORTE DO FILME FEITO MANUALMENTE ORDEM 30008270452,FALHA DE CORTE DE FILME,FALHA DE CORTE DE FILME,TRAIN
337,AJUSTES NOS PARAMETROS DO REJEITO ( ORDEM - 30008270511 ),AJUSTES NOS PARAMETROS DO REJEITO ORDEM 30008270511,FALHA DE PARAMETRIZAÇÃO DO REJEITO,FALHA DE PARAMETRIZACAO DO REJEITO,TRAIN
338,FALHA DE ENCHIMENTOS CONCECUTIVOS E JUMP DA VALVULA N°44 ( ORDEM - 30008270509 ),FALHA DE ENCHIMENTOS CONCECUTIVOS E JUMP DA VALVULA N 44 ORDEM 30008270509,FALHA DE VÁLVULA DE ENCHIMENTO,FALHA DE VALVULA DE ENCHIMENTO,TRAIN
339,"FALHA DE ENCHIMENTO NA VALVULA Nº69, EXCESSO DE NIVEL BAIXO",FALHA DE ENCHIMENTO NA VALVULA N 69 EXCESSO DE NIVEL BAIXO,FALHA DE VÁLVULA DE ENCHIMENTO,FALHA DE VALVULA DE ENCHIMENTO,TRAIN
340,"EXCESSO DE REJEITO, RETIRANDO GARRAFAS COM RESIDUAL BEBIDA, RESPINGOS APÓS SYNCROJET E GARRAFAS COM CORPO ESTRANHO",EXCESSO DE REJEITO RETIRANDO GARRAFAS COM RESIDUAL BEBIDA RESPINGOS APOS SYNCROJET E GARRAFAS COM CORPO ESTRANHO,FALHA DE REJEIÇÃO,FALHA DE REJEICAO,TRAIN
341,SENSOR LIMITANDO VELOCIDADE TRANSPORTE ABASTECIMENTO GARRAFAS,SENSOR LIMITANDO VELOCIDADE TRANSPORTE ABASTECIMENTO GARRAFAS,FALHA DE SENSOR,FALHA DE SENSOR,TRAIN
342,"FALHA DE ENCHIMENTO ALEATÓRIO DAS VALVULAS DE ENCHIMENTO, COM JAMPER DAS VALVULAS..36/40..46/49,,39/37",FALHA DE ENCHIMENTO ALEATORIO DAS VALVULAS DE ENCHIMENTO COM JAMPER DAS VALVULAS 36 40 46 49 39 37,FALHA DE VÁLVULA DE ENCHIMENTO,FALHA DE VALVULA DE ENCHIMENTO,TRAIN
343,"FALHA DE ENCHIMENTO ALEATÓRIO DAS VALVULAS DE ENCHIMENTO, COM JAMPER DAS VALVULAS..36/40..46/49,,39/37 ( ORDEM - 30008273181)",FALHA DE ENCHIMENTO ALEATORIO DAS VALVULAS DE ENCHIMENTO COM JAMPER DAS VALVULAS 36 40 46 49 39 37 ORDEM 30008273181,FALHA DE VÁLVULA DE ENCHIMENTO,FALHA DE VALVULA DE ENCHIMENTO,TEST
344,GARRAFA TESTE FALHA EM SENSOR,GARRAFA TESTE FALHA EM SENSOR,FALHA DE SENSOR,FALHA DE SENSOR,TRAIN
345,QUEBRA PARAFUSO DO FREIO NA ENCAIXATADORA ORDEM: 13126307,QUEBRA PARAFUSO DO FREIO NA ENCAIXATADORA ORDEM 13126307,QUEBRA DE PARAFUSO,QUEBRA DE PARAFUSO,TRAIN
346,ESTEIRA NA CURVA DO TRANSPORTE DA PALETIZADORA ESCAPOU,ESTEIRA NA CURVA DO TRANSPORTE DA PALETIZADORA ESCAPOU,ESCAPE DE ESTEIRA,ESCAPE DE ESTEIRA,TRAIN
347,TRAVAMENTO DO SEGMENTO,TRAVAMENTO DO SEGMENTO,TRAVAMENTO DE SEGMENTOS,TRAVAMENTO DE SEGMENTOS,TRAIN
348,TRAVAMENTO DE SEGMENTO,TRAVAMENTO DE SEGMENTO,TRAVAMENTO DE SEGMENTOS,TRAVAMENTO DE SEGMENTOS,TEST
349,"VALVULA DE AGUA TRAVOU ABERTA, OCORRENDO TRANSBORDO DO TANQUE",VALVULA DE AGUA TRAVOU ABERTA OCORRENDO TRANSBORDO DO TANQUE,TRAVAMENTO DE VÁLVULA,TRAVAMENTO DE VALVULA,TRAIN
350,SENSOR COM O CABO ROMPIDO ( ORDEM 30008273171 ),SENSOR COM O CABO ROMPIDO ORDEM 30008273171,FALHA DE SENSOR,FALHA DE SENSOR,TRAIN
351,ATUADOR PNEUMÁTICO TARVADO,ATUADOR PNEUMATICO TARVADO,TRAVAMENTO DE ATUADOR,TRAVAMENTO DE ATUADOR,TEST
352,"FALHA AUTOCALBRAÇÃO, RESPOSTA BAIXA OCASIONANDO FALSO REJEITO NO ENOS EBS",FALHA AUTOCALBRACAO RESPOSTA BAIXA OCASIONANDO FALSO REJEITO NO ENOS EBS,FALHA DE REJEIÇÃO,FALHA DE REJEICAO,TRAIN
353,VAZAMENTO NO BLOCO DE ELEVAÇÃO DA VALVULA 53. ORDEM- 30008272102,VAZAMENTO NO BLOCO DE ELEVACAO DA VALVULA 53 ORDEM 30008272102,VAZAMENTO EM VÁLVULA,VAZAMENTO EM VALVULA,TRAIN
354,"BEBIDA ESPUMANDO, FEITO ALTERAÇÕES NOS PARAMETROS DE ENCHIMENTO E NA PRESSÃO DO TANQUE CARBO. ORDEM- 30008272308",BEBIDA ESPUMANDO FEITO ALTERACOES NOS PARAMETROS DE ENCHIMENTO E NA PRESSAO DO TANQUE CARBO ORDEM 30008272308,ESPUMAMENTO DE BEBIDA,ESPUMAMENTO DE BEBIDA,TRAIN
355,RINSER FORA DE SINCRONISMO. ORDEM- 30008272278,RINSER FORA DE SINCRONISMO ORDEM 30008272278,FALHA DE SINCRONISMO,FALHA DE SINCRONISMO,TRAIN
356,"FILME ESTOURANDO, COLOCADO CALÇO NO MANDRIL DE ENVOLVIMENTO.",FILME ESTOURANDO COLOCADO CALCO NO MANDRIL DE ENVOLVIMENTO,ROMPIMENTO DE FILME,ROMPIMENTO DE FILME,TRAIN
357,"FALHA DE TRAVAMENTO DA ESTEIRA DO TRANSPORTE DE LATAS, RETIRADA DE PARTE DANIFICADA (ORDEM - 30008273178)",FALHA DE TRAVAMENTO DA ESTEIRA DO TRANSPORTE DE LATAS RETIRADA DE PARTE DANIFICADA ORDEM 30008273178,TRAVAMENTO DE ESTEIRA,TRAVAMENTO DE ESTEIRA,TEST
358,FALHA NA PASSAGEM DAS GARRAFA TESTE 18 E 8 CAUSANDO ATRASO NA PARTIDA DA LINHA,FALHA NA PASSAGEM DAS GARRAFA TESTE 18 E 8 CAUSANDO ATRASO NA PARTIDA DA LINHA,SEM MODO DE FALHA IDENTIFICADO,SEM MODO DE FALHA IDENTIFICADO,TRAIN
359,"RETIRADA DA ESTRELA DE SAIDA,DEVIDO A ENROSCO DE LATA 30008272324",RETIRADA DA ESTRELA DE SAIDA DEVIDO A ENROSCO DE LATA 30008272324,ENROSCO DE LATAS,ENROSCO DE LATAS,TRAIN
360,NIVEL BAIXO DE BEBIDA NO RESERVATÓRIO DO DESAERADOR DEVIDO SENSOR DE NÍVEL EM FALHA,NIVEL BAIXO DE BEBIDA NO RESERVATORIO DO DESAERADOR DEVIDO SENSOR DE NIVEL EM FALHA,FALHA DE SENSOR,FALHA DE SENSOR,TRAIN
361,NIVEL BAIXO DE BEBIDA NO RESERVATÓRIO DO DESAERADOR,NIVEL BAIXO DE BEBIDA NO RESERVATORIO DO DESAERADOR,FALHA DE ENCHIMENTO,FALHA DE ENCHIMENTO,TEST
362,COMPIMENTO DO ELO DA ESTEIRA,COMPIMENTO DO ELO DA ESTEIRA,QUEBRA DE ELO DE ESTEIRA,QUEBRA DE ELO DE ESTEIRA,TRAIN
363,"BEBIDA ESPUMANDO, OCASIONANDO EM EXCESSO DE NIVEL BAIXO DURANTE O ENCHIMENTO 30008272708",BEBIDA ESPUMANDO OCASIONANDO EM EXCESSO DE NIVEL BAIXO DURANTE O ENCHIMENTO 30008272708,ESPUMAMENTO DE BEBIDA,ESPUMAMENTO DE BEBIDA,TRAIN
364,DESARME DA BOMBA DE RECIRCULAÇÃO DE AGUA DA REGUA ULTRA SONICA 300082728118,DESARME DA BOMBA DE RECIRCULACAO DE AGUA DA REGUA ULTRA SONICA 300082728118,FALHA DE BOMBA,FALHA DE BOMBA,TRAIN
365,ESTEIRA DA SAIDA DO FORNO QUEBROU - ORDEM:30008273165,ESTEIRA DA SAIDA DO FORNO QUEBROU ORDEM 30008273165,QUEBRA DE ESTEIRA,QUEBRA DE ESTEIRA,TRAIN
366,"ENGRENAGEM DANIFICADA, QUEDA DE ESTEIRA",ENGRENAGEM DANIFICADA QUEDA DE ESTEIRA,FALHA DE ENGRENAGEM,FALHA DE ENGRENAGEM,TRAIN
367,ESPELHO DA BANDEIROLA./ORDEM.30008274639,ESPELHO DA BANDEIROLA ORDEM 30008274639,FALHA DE SENSOR,FALHA DE SENSOR,TRAIN
368,"TRAVAMENTO NA ENTRADA ENTRE O CARACOL E A ESTRELA DE ENTRADA ,TIRANDO FORA DE SINCRONISMO ,GUIAS DE ENTRADA SOLTO .ORDEM.30008274680",TRAVAMENTO NA ENTRADA ENTRE O CARACOL E A ESTRELA DE ENTRADA TIRANDO FORA DE SINCRONISMO GUIAS DE ENTRADA SOLTO ORDEM 30008274680,FALHA DE SINCRONISMO,FALHA DE SINCRONISMO,TRAIN
369,"CHAPA DE PASSAGEM ALTA,CAUSANDO O ENROSCO DO PACOTE NO CANAL ( B ) DO DEVEICER",CHAPA DE PASSAGEM ALTA CAUSANDO O ENROSCO DO PACOTE NO CANAL B DO DEVEICER,ENROSCO DE PACOTES,ENROSCO DE PACOTES,TRAIN
370,CRASH DE LATA NA SAIDA DA HEUFT POR LATA SAINDO VAZIA,CRASH DE LATA NA SAIDA DA HEUFT POR LATA SAINDO VAZIA,FALHA DE ENCHIMENTO,FALHA DE ENCHIMENTO,TRAIN
371,FALHA DE SINAL DE ENTRADA ANÁLOGA ADMISSÍVEL ( BAILARINA SOBE E NÃO DESCE),FALHA DE SINAL DE ENTRADA ANALOGA ADMISSIVEL BAILARINA SOBE E NAO DESCE,FALHA DE BAILARINA,FALHA DE BAILARINA,TRAIN
372,PASSANDO LATA A MAIS NO SISTEMA DE FORMAÇÃO DE PACOTE,PASSANDO LATA A MAIS NO SISTEMA DE FORMACAO DE PACOTE,FALHA DE CONTAGEM DE PRODUTO,FALHA DE CONTAGEM DE PRODUTO,TRAIN
373,"VELOCIDADE REDUZIDA, EXCESSO DE NIVEL BAIXO POR FALHAS DE ENCHIMENTO EM VALVULAS JAMPEADAS",VELOCIDADE REDUZIDA EXCESSO DE NIVEL BAIXO POR FALHAS DE ENCHIMENTO EM VALVULAS JAMPEADAS,FALHA DE VÁLVULA DE ENCHIMENTO,FALHA DE VALVULA DE ENCHIMENTO,TRAIN
374,FALHA SENSOR INSPEÇÃO TAMPA (SENSOR QUEBRADO) ORDEM: 13142752,FALHA SENSOR INSPECAO TAMPA SENSOR QUEBRADO ORDEM 13142752,FALHA DE SENSOR,FALHA DE SENSOR,TRAIN
375,"TRAVAMENTO PISTÃO DO CAPSULADOR, OCASIONANDO ENROSCO DE TAMPA ORDEM: 30007977072",TRAVAMENTO PISTAO DO CAPSULADOR OCASIONANDO ENROSCO DE TAMPA ORDEM 30007977072,TRAVAMENTO DE ATUADOR,TRAVAMENTO DE ATUADOR,TEST
376,TRAVAMENTO SEGMENTOS DE GARRAFA NO REJEITO ENOS A100,TRAVAMENTO SEGMENTOS DE GARRAFA NO REJEITO ENOS A100,TRAVAMENTO DE SEGMENTOS,TRAVAMENTO DE SEGMENTOS,TRAIN
377,ESTEIRA NA CURVA DO TRANSPORTE DA PALETIZADORA ESCAPOU,ESTEIRA NA CURVA DO TRANSPORTE DA PALETIZADORA ESCAPOU,ESCAPE DE ESTEIRA,ESCAPE DE ESTEIRA,TRAIN
378,VARIAÇÃO DE NIVEL DA VALVULA 132,VARIACAO DE NIVEL DA VALVULA 132,FALHA DE VÁLVULA DE ENCHIMENTO,FALHA DE VALVULA DE ENCHIMENTO,TRAIN
379,AJUSTE NO JATO DE AGUA NO GARGALO,AJUSTE NO JATO DE AGUA NO GARGALO,SEM MODO DE FALHA IDENTIFICADO,SEM MODO DE FALHA IDENTIFICADO,TRAIN
380,PINÇA DA ESTRELA DE SAÍDA DANIFICADA NOTA N°30008274610,PINCA DA ESTRELA DE SAIDA DANIFICADA NOTA N 30008274610,FALHA DE PINÇA,FALHA DE PINCA,TRAIN
381,INSPEÇÃO DO ROLO PORTA BOBINA DA ENVOLVEDORA DE PALETES 30008274712,INSPECAO DO ROLO PORTA BOBINA DA ENVOLVEDORA DE PALETES 30008274712,FALHA DE INSPEÇÃO,FALHA DE INSPECAO,TRAIN
382,"CABO DE ALIMENTAÇÃO DA RESISTENCIA SOLTO, OCASIONANDO FALHA NA SOLDAGEM DE FILME A EMPACOTADORA",CABO DE ALIMENTACAO DA RESISTENCIA SOLTO OCASIONANDO FALHA NA SOLDAGEM DE FILME A EMPACOTADORA,FALHA DE SOLDA DE FILME,FALHA DE SOLDA DE FILME,TRAIN
383,FALHA NO EIXO DE ENVOLVIMENTO DO FILME,FALHA NO EIXO DE ENVOLVIMENTO DO FILME,FALHA DE ENVOLVIMENTO,FALHA DE ENVOLVIMENTO,TRAIN
384,FALHA NA TROCA DO PALLET DE CARTÃO EM MODO AUTOMATICO,FALHA NA TROCA DO PALLET DE CARTAO EM MODO AUTOMATICO,FALHA NA TROCA DE PALETE DE CARTÃO,FALHA NA TROCA DE PALETE DE CARTAO,TRAIN
385,"CHAPA DE PASSAGEM ALTA,CAUSANDO O ENROSCO DO PACOTE NO CANAL ( B ) DO DEVEICER, NOTA : 13144221",CHAPA DE PASSAGEM ALTA CAUSANDO O ENROSCO DO PACOTE NO CANAL B DO DEVEICER NOTA 13144221,ENROSCO DE PACOTES,ENROSCO DE PACOTES,TEST
386,"FALHA DE ENCHIMENTO EM VÁLVULAS, GERANDO ELEVADO ÍNDICE DE REJEITOS E SOBRECARREGANDO O DEPOSITO DE REJEITO",FALHA DE ENCHIMENTO EM VALVULAS GERANDO ELEVADO INDICE DE REJEITOS E SOBRECARREGANDO O DEPOSITO DE REJEITO,FALHA DE VÁLVULA DE ENCHIMENTO,FALHA DE VALVULA DE ENCHIMENTO,TRAIN
387,TROCA DE VENTOSA,TROCA DE VENTOSA,FALHA DE VENTOSA,FALHA DE VENTOSA,TRAIN
388,ESTEIRAS SAINDO DE POSIÇÃO A PONTO DE ABRIR O TRANSPORTE.,ESTEIRAS SAINDO DE POSICAO A PONTO DE ABRIR O TRANSPORTE,ESCAPE DE ESTEIRA,ESCAPE DE ESTEIRA,TRAIN
389,"QUEDA DE LATA NA SAIDA DO TWISTER,PÓS FILTEC",QUEDA DE LATA NA SAIDA DO TWISTER POS FILTEC,FALHA DE INSPEÇÃO,FALHA DE INSPECAO,TRAIN
390,SNIFER DA VÁLVULA 57 TRAVADO FOI RETIRADA PARA REPARO,SNIFER DA VALVULA 57 TRAVADO FOI RETIRADA PARA REPARO,TRAVAMENTO DE VÁLVULA,TRAVAMENTO DE VALVULA,TRAIN
391,QUEBRA DA VÁLVULA DE PRESSÃO DO SEGURADOR DE CAIXAS. (30008275548),QUEBRA DA VALVULA DE PRESSAO DO SEGURADOR DE CAIXAS 30008275548,FALHA DE VÁLVULA,FALHA DE VALVULA,TRAIN
392,QUEIMA DA PLACA ELETRÔNICA DE REDE. 30008275571,QUEIMA DA PLACA ELETRONICA DE REDE 30008275571,FALHA DE COMUNICAÇÃO,FALHA DE COMUNICACAO,TRAIN
393,FALHA EM TRANSPORTE PRÓXIMO APO VISOR GERANDO QUEDA DE GARRAFAS,FALHA EM TRANSPORTE PROXIMO APO VISOR GERANDO QUEDA DE GARRAFAS,QUEDA DE GARRAFAS,QUEDA DE GARRAFAS,TRAIN
394,TRAVAMENTO SEGMENTOS NO REJEITO ENOS EBS,TRAVAMENTO SEGMENTOS NO REJEITO ENOS EBS,TRAVAMENTO DE SEGMENTOS,TRAVAMENTO DE SEGMENTOS,TRAIN
395,DESARME DO PAINEL DE COMANDOS ELETRICOS,DESARME DO PAINEL DE COMANDOS ELETRICOS,DESARME DE PAINEL DE COMANDO,DESARME DE PAINEL DE COMANDO,TRAIN
396,FALHA NA EMPACOTADORA / PARADA DO TRANSPORTE NO SENSOR DA CURVA DE SUBIDA PARA PALETIZADORA.,FALHA NA EMPACOTADORA PARADA DO TRANSPORTE NO SENSOR DA CURVA DE SUBIDA PARA PALETIZADORA,FALHA DE SENSOR,FALHA DE SENSOR,TRAIN
397,"ENGRENAGEM DANIFICADA, QUEDA DE ESTEIRA",ENGRENAGEM DANIFICADA QUEDA DE ESTEIRA,FALHA DE ENGRENAGEM,FALHA DE ENGRENAGEM,TRAIN
398,ESPELHO DA BANDEIROLA./ORDEM.30008274639,ESPELHO DA BANDEIROLA ORDEM 30008274639,FALHA DE SENSOR,FALHA DE SENSOR,TRAIN
399,"TRAVAMENTO NA ENTRADA ENTRE O CARACOL E A ESTRELA DE ENTRADA ,TIRANDO FORA DE SINCRONISMO ,GUIAS DE ENTRADA SOLTO .ORDEM.30008274680",TRAVAMENTO NA ENTRADA ENTRE O CARACOL E A ESTRELA DE ENTRADA TIRANDO FORA DE SINCRONISMO GUIAS DE ENTRADA SOLTO ORDEM 30008274680,FALHA DE SINCRONISMO,FALHA DE SINCRONISMO,TRAIN
400,"CHAPA DE PASSAGEM ALTA,CAUSANDO O ENROSCO DO PACOTE NO CANAL ( B ) DO DEVEICER",CHAPA DE PASSAGEM ALTA CAUSANDO O ENROSCO DO PACOTE NO CANAL B DO DEVEICER,ENROSCO DE PACOTES,ENROSCO DE PACOTES,TRAIN
401,CRASH DE LATA NA SAIDA DA HEUFT POR LATA SAINDO VAZIA,CRASH DE LATA NA SAIDA DA HEUFT POR LATA SAINDO VAZIA,FALHA DE ENCHIMENTO,FALHA DE ENCHIMENTO,TRAIN
402,FALHA DE SINAL DE ENTRADA ANÁLOGA ADMISSÍVEL ( BAILARINA SOBE E NÃO DESCE),FALHA DE SINAL DE ENTRADA ANALOGA ADMISSIVEL BAILARINA SOBE E NAO DESCE,FALHA DE BAILARINA,FALHA DE BAILARINA,TRAIN
403,PASSANDO LATA A MAIS NO SISTEMA DE FORMAÇÃO DE PACOTE,PASSANDO LATA A MAIS NO SISTEMA DE FORMACAO DE PACOTE,FALHA DE CONTAGEM DE PRODUTO,FALHA DE CONTAGEM DE PRODUTO,TRAIN
404,"VELOCIDADE REDUZIDA, EXCESSO DE NIVEL BAIXO POR FALHAS DE ENCHIMENTO EM VALVULAS JAMPEADAS",VELOCIDADE REDUZIDA EXCESSO DE NIVEL BAIXO POR FALHAS DE ENCHIMENTO EM VALVULAS JAMPEADAS,FALHA DE VÁLVULA DE ENCHIMENTO,FALHA DE VALVULA DE ENCHIMENTO,TRAIN
405,FALHA SENSOR INSPEÇÃO TAMPA (SENSOR QUEBRADO) ORDEM: 13142752,FALHA SENSOR INSPECAO TAMPA SENSOR QUEBRADO ORDEM 13142752,FALHA DE SENSOR,FALHA DE SENSOR,TRAIN
406,"TRAVAMENTO PISTÃO DO CAPSULADOR, OCASIONANDO ENROSCO DE TAMPA ORDEM: 30007977072",TRAVAMENTO PISTAO DO CAPSULADOR OCASIONANDO ENROSCO DE TAMPA ORDEM 30007977072,TRAVAMENTO DE ATUADOR,TRAVAMENTO DE ATUADOR,TEST
407,TRAVAMENTO SEGMENTOS DE GARRAFA NO REJEITO ENOS A100,TRAVAMENTO SEGMENTOS DE GARRAFA NO REJEITO ENOS A100,TRAVAMENTO DE SEGMENTOS,TRAVAMENTO DE SEGMENTOS,TRAIN
408,ESTEIRA NA CURVA DO TRANSPORTE DA PALETIZADORA ESCAPOU,ESTEIRA NA CURVA DO TRANSPORTE DA PALETIZADORA ESCAPOU,ESCAPE DE ESTEIRA,ESCAPE DE ESTEIRA,TRAIN
409,VARIAÇÃO DE NIVEL DA VALVULA 132,VARIACAO DE NIVEL DA VALVULA 132,FALHA DE VÁLVULA DE ENCHIMENTO,FALHA DE VALVULA DE ENCHIMENTO,TRAIN
410,AJUSTE NO JATO DE AGUA NO GARGALO,AJUSTE NO JATO DE AGUA NO GARGALO,SEM MODO DE FALHA IDENTIFICADO,SEM MODO DE FALHA IDENTIFICADO,TRAIN
411,PINÇA DA ESTRELA DE SAÍDA DANIFICADA NOTA N°30008274610,PINCA DA ESTRELA DE SAIDA DANIFICADA NOTA N 30008274610,FALHA DE PINÇA,FALHA DE PINCA,TRAIN
412,INSPEÇÃO DO ROLO PORTA BOBINA DA ENVOLVEDORA DE PALETES 30008274712,INSPECAO DO ROLO PORTA BOBINA DA ENVOLVEDORA DE PALETES 30008274712,FALHA DE INSPEÇÃO,FALHA DE INSPECAO,TRAIN
413,"CABO DE ALIMENTAÇÃO DA RESISTENCIA SOLTO, OCASIONANDO FALHA NA SOLDAGEM DE FILME A EMPACOTADORA",CABO DE ALIMENTACAO DA RESISTENCIA SOLTO OCASIONANDO FALHA NA SOLDAGEM DE FILME A EMPACOTADORA,FALHA DE SOLDA DE FILME,FALHA DE SOLDA DE FILME,TRAIN
414,FALHA NO EIXO DE ENVOLVIMENTO DO FILME,FALHA NO EIXO DE ENVOLVIMENTO DO FILME,FALHA DE ENVOLVIMENTO,FALHA DE ENVOLVIMENTO,TRAIN
415,FALHA NA TROCA DO PALLET DE CARTÃO EM MODO AUTOMATICO,FALHA NA TROCA DO PALLET DE CARTAO EM MODO AUTOMATICO,FALHA NA TROCA DE PALETE DE CARTÃO,FALHA NA TROCA DE PALETE DE CARTAO,TRAIN
416,"CHAPA DE PASSAGEM ALTA,CAUSANDO O ENROSCO DO PACOTE NO CANAL ( B ) DO DEVEICER, NOTA : 13144221",CHAPA DE PASSAGEM ALTA CAUSANDO O ENROSCO DO PACOTE NO CANAL B DO DEVEICER NOTA 13144221,ENROSCO DE PACOTES,ENROSCO DE PACOTES,TEST
417,"FALHA DE ENCHIMENTO EM VÁLVULAS, GERANDO ELEVADO ÍNDICE DE REJEITOS E SOBRECARREGANDO O DEPOSITO DE REJEITO",FALHA DE ENCHIMENTO EM VALVULAS GERANDO ELEVADO INDICE DE REJEITOS E SOBRECARREGANDO O DEPOSITO DE REJEITO,FALHA DE VÁLVULA DE ENCHIMENTO,FALHA DE VALVULA DE ENCHIMENTO,TRAIN
418,TROCA DE VENTOSA,TROCA DE VENTOSA,FALHA DE VENTOSA,FALHA DE VENTOSA,TRAIN
419,ESTEIRAS SAINDO DE POSIÇÃO A PONTO DE ABRIR O TRANSPORTE.,ESTEIRAS SAINDO DE POSICAO A PONTO DE ABRIR O TRANSPORTE,ESCAPE DE ESTEIRA,ESCAPE DE ESTEIRA,TRAIN
420,"QUEDA DE LATA NA SAIDA DO TWISTER,PÓS FILTEC",QUEDA DE LATA NA SAIDA DO TWISTER POS FILTEC,FALHA DE INSPEÇÃO,FALHA DE INSPECAO,TRAIN
421,SNIFER DA VÁLVULA 57 TRAVADO FOI RETIRADA PARA REPARO,SNIFER DA VALVULA 57 TRAVADO FOI RETIRADA PARA REPARO,TRAVAMENTO DE VÁLVULA,TRAVAMENTO DE VALVULA,TRAIN
422,QUEBRA DA VÁLVULA DE PRESSÃO DO SEGURADOR DE CAIXAS. (30008275548),QUEBRA DA VALVULA DE PRESSAO DO SEGURADOR DE CAIXAS 30008275548,FALHA DE VÁLVULA,FALHA DE VALVULA,TRAIN
423,QUEIMA DA PLACA ELETRÔNICA DE REDE. 30008275571,QUEIMA DA PLACA ELETRONICA DE REDE 30008275571,FALHA DE COMUNICAÇÃO,FALHA DE COMUNICACAO,TRAIN
424,FALHA EM TRANSPORTE PRÓXIMO APO VISOR GERANDO QUEDA DE GARRAFAS,FALHA EM TRANSPORTE PROXIMO APO VISOR GERANDO QUEDA DE GARRAFAS,QUEDA DE GARRAFAS,QUEDA DE GARRAFAS,TRAIN
425,TRAVAMENTO SEGMENTOS NO REJEITO ENOS EBS,TRAVAMENTO SEGMENTOS NO REJEITO ENOS EBS,TRAVAMENTO DE SEGMENTOS,TRAVAMENTO DE SEGMENTOS,TRAIN
426,DESARME DO PAINEL DE COMANDOS ELETRICOS,DESARME DO PAINEL DE COMANDOS ELETRICOS,DESARME DE PAINEL DE COMANDO,DESARME DE PAINEL DE COMANDO,TRAIN
427,FALHA NA EMPACOTADORA / PARADA DO TRANSPORTE NO SENSOR DA CURVA DE SUBIDA PARA PALETIZADORA.,FALHA NA EMPACOTADORA PARADA DO TRANSPORTE NO SENSOR DA CURVA DE SUBIDA PARA PALETIZADORA,FALHA DE SENSOR,FALHA DE SENSOR,TRAIN
428,CORREÇÃO VELOCIDADE DOS MOTORES DO TRANSPORTE DE LATA VAZIA 30008283964,CORRECAO VELOCIDADE DOS MOTORES DO TRANSPORTE DE LATA VAZIA 30008283964,FALHA DE VELOCIDADE DO TRANSPORTE,FALHA DE VELOCIDADE DO TRANSPORTE,TRAIN
429,AJUSTE NOS PARAMETROS DE SENSIBILIDADE DA PRESSCO,AJUSTE NOS PARAMETROS DE SENSIBILIDADE DA PRESSCO,FALHA DE INSPEÇÃO,FALHA DE INSPECAO,TRAIN
430,TRAVAMENTO DO SEGMENTOS DE GARRAFA NO REJEITOR EBS,TRAVAMENTO DO SEGMENTOS DE GARRAFA NO REJEITOR EBS,TRAVAMENTO DE SEGMENTOS,TRAVAMENTO DE SEGMENTOS,TRAIN
431,FALHA TRANSPORTE NA SAIDSA DA DESENCAIXATADORA DESARMOU 30008283967,FALHA TRANSPORTE NA SAIDSA DA DESENCAIXATADORA DESARMOU 30008283967,DESARME DE TRANSPORTE,DESARME DE TRANSPORTE,TRAIN
432,TRAVAMENTO DO SEGMENTOS DE GARRAFAS NO REJEITO EBS,TRAVAMENTO DO SEGMENTOS DE GARRAFAS NO REJEITO EBS,TRAVAMENTO DE SEGMENTOS,TRAVAMENTO DE SEGMENTOS,TEST
433,TRAVAMENTO DO REJEITOR EBS,TRAVAMENTO DO REJEITOR EBS,FALHA DE REJEIÇÃO,FALHA DE REJEICAO,TRAIN
434,"FALHA TRANSPORTE, OCASIONANDO QUEDA DE GARRAFAS NA ENTRADA DA ENCAIXATADORA",FALHA TRANSPORTE OCASIONANDO QUEDA DE GARRAFAS NA ENTRADA DA ENCAIXATADORA,QUEDA DE GARRAFAS,QUEDA DE GARRAFAS,TRAIN
435,PALETIZADORA PEGANDO CAIXA A MENOS,PALETIZADORA PEGANDO CAIXA A MENOS,FALHA NA PEGADA DE CAMADA,FALHA NA PEGADA DE CAMADA,TRAIN
436,FALHA NA CHAVE DE SEGURANÇA DO DESCAPSULADOR,FALHA NA CHAVE DE SEGURANCA DO DESCAPSULADOR,FALHA DE DESCAPSULAMENTO,FALHA DE DESCAPSULAMENTO,TRAIN
437,ROSCA DA VENTOSA ESPANADA CAUSANDO FALHA DE VACUO (30008290089),ROSCA DA VENTOSA ESPANADA CAUSANDO FALHA DE VACUO 30008290089,FALHA DE VENTOSA,FALHA DE VENTOSA,TRAIN
438,FALHA NO ACIONAMENTO DA VÁLVULA BORBOLETA,FALHA NO ACIONAMENTO DA VALVULA BORBOLETA,FALHA DE VÁLVULA,FALHA DE VALVULA,TRAIN
439,CHUTADOR COLIDINDO COM A GARRAFA NO TRANSPORTE,CHUTADOR COLIDINDO COM A GARRAFA NO TRANSPORTE,FALHA DE REJEIÇÃO,FALHA DE REJEICAO,TRAIN
440,TWISTER COM GUIA TORTO CAUSANDO ENROSCO DE LATAS EM PARTIDAS DA ENCHEDORA,TWISTER COM GUIA TORTO CAUSANDO ENROSCO DE LATAS EM PARTIDAS DA ENCHEDORA,DEFORMAÇÃO/DESALINHAMENTO DE GUIA,DEFORMACAO DESALINHAMENTO DE GUIA,TEST
441,TWISTER COM GUIA TORTO CAUSANDO ENROSCO DE LATAS EM PARTIDAS DA ENCHEDORA,TWISTER COM GUIA TORTO CAUSANDO ENROSCO DE LATAS EM PARTIDAS DA ENCHEDORA,DEFORMAÇÃO/DESALINHAMENTO DE GUIA,DEFORMACAO DESALINHAMENTO DE GUIA,TEST
442,ENROSCO DE LATAS NO TWISTER DE ENTRADA,ENROSCO DE LATAS NO TWISTER DE ENTRADA,ENROSCO DE LATAS,ENROSCO DE LATAS,TRAIN
443,ENROSCO DE LATA NO TWISTER DE ENTRADA,ENROSCO DE LATA NO TWISTER DE ENTRADA,ENROSCO DE LATAS,ENROSCO DE LATAS,TEST
444,"FALHA DE ENCHIMENTO, VALVULAS JAMPEADAS GERANDO VARIAÇÃO DE NIVEEIS COM PERCA ALTA DE LATA",FALHA DE ENCHIMENTO VALVULAS JAMPEADAS GERANDO VARIACAO DE NIVEEIS COM PERCA ALTA DE LATA,FALHA DE VÁLVULA DE ENCHIMENTO,FALHA DE VALVULA DE ENCHIMENTO,TEST
445,"PERDA NA CONTAGEM, MASTERIZAÇÃO DO EQUIPAMENTO E RESET",PERDA NA CONTAGEM MASTERIZACAO DO EQUIPAMENTO E RESET,PERDA DE REFERÊNCIA,PERDA DE REFERENCIA,TEST
446,PERDA NA CONTAGEM .OBS.É FEITO O RESETE ATE O MANIPULADOR VOLTAR AO NORMAL.,PERDA NA CONTAGEM OBS E FEITO O RESETE ATE O MANIPULADOR VOLTAR AO NORMAL,FALHA DE CONTAGEM,FALHA DE CONTAGEM,TRAIN
447,"CABEÇA DA ENCHEDORA SE MOVIMENTANDO ,MOTO REDUTOR DE FREIO COM PROBLEMA.",CABECA DA ENCHEDORA SE MOVIMENTANDO MOTO REDUTOR DE FREIO COM PROBLEMA,FALHA DE REDUTOR,FALHA DE REDUTOR,TRAIN
448,FALHA PRESSÃO NO CABEÇOTE DA ENCHEDORA ORDEM 30008291471,FALHA PRESSAO NO CABECOTE DA ENCHEDORA ORDEM 30008291471,FALHA DE PRESSURIZAÇÃO DA ENCHEDORA,FALHA DE PRESSURIZACAO DA ENCHEDORA,TEST
449,"FALHA TRANSPORTE NO DESCAPSULADOR, FOI REDUZIDA A VELOCIDADE, OCASIONANDO QUEDA DE GARRAFAS",FALHA TRANSPORTE NO DESCAPSULADOR FOI REDUZIDA A VELOCIDADE OCASIONANDO QUEDA DE GARRAFAS,FALHA DE VELOCIDADE DO TRANSPORTE,FALHA DE VELOCIDADE DO TRANSPORTE,TEST
450,TROCA DE UMA PARTE DA ESTEIRA DA MESA DE ARRASTE,TROCA DE UMA PARTE DA ESTEIRA DA MESA DE ARRASTE,FALHA DE ESTEIRA,FALHA DE ESTEIRA,TRAIN
451,TROCA DE UMA PARTE DA ESTEIRA MESA DE ARRASTE,TROCA DE UMA PARTE DA ESTEIRA MESA DE ARRASTE,FALHA DE ESTEIRA,FALHA DE ESTEIRA,TEST
452,TROCA DE UM PARTE DA ESTEIRA MESA DE ARRASTE,TROCA DE UM PARTE DA ESTEIRA MESA DE ARRASTE,FALHA DE ESTEIRA,FALHA DE ESTEIRA,TEST
453,DANIFICANDO O FINISH DA GARRAFA ( ORDEM - 30008291611),DANIFICANDO O FINISH DA GARRAFA ORDEM 30008291611,DANIFICAÇÃO DE GARRAFAS,DANIFICACAO DE GARRAFAS,TRAIN
454,DANIFICANDO O FINISH DA GARRAFA,DANIFICANDO O FINISH DA GARRAFA,DANIFICAÇÃO DE GARRAFAS,DANIFICACAO DE GARRAFAS,TRAIN
455,SENSOR FORA DE POSIÇÃO,SENSOR FORA DE POSICAO,FALHA DE SENSOR,FALHA DE SENSOR,TRAIN
456,FALTANDO UMA FAIXA NA RAMPA DE SUBIDA DO FILME PARA ENVOLVIMENTO,FALTANDO UMA FAIXA NA RAMPA DE SUBIDA DO FILME PARA ENVOLVIMENTO,FALHA DE ENVOLVIMENTO,FALHA DE ENVOLVIMENTO,TRAIN
457,REGUA DE ARRASTE DANIFICADO O EMCAICHE,REGUA DE ARRASTE DANIFICADO O EMCAICHE,FALHA DE RÉGUA DE ARRASTE,FALHA DE REGUA DE ARRASTE,TRAIN
458,ELO DO TRANSPORTE DA EMPACOTADORA QUEBROU,ELO DO TRANSPORTE DA EMPACOTADORA QUEBROU,QUEBRA DE TRANSPORTE,QUEBRA DE TRANSPORTE,TRAIN
459,SENSOR DO SISTEMA DE ELEVAÇÃO PALETES NA ENVOLVEDORA SAIU DE POSIÇÃO 30008291475,SENSOR DO SISTEMA DE ELEVACAO PALETES NA ENVOLVEDORA SAIU DE POSICAO 30008291475,FALHA DE SENSOR,FALHA DE SENSOR,TEST
460,SENSOR DE ACIONAMENTO DA REGUA DE LAVAGEM DE GFS E LIMPEZA DO TUBO DE AR FORA DE FOCO. ORDEM 30008291529,SENSOR DE ACIONAMENTO DA REGUA DE LAVAGEM DE GFS E LIMPEZA DO TUBO DE AR FORA DE FOCO ORDEM 30008291529,FALHA DE SENSOR,FALHA DE SENSOR,TRAIN
461,CURTO NO FIO DA CAIXA DA SAIDA DE PACOTES PARANDO AS DUAS ESTEIRA 30008291570,CURTO NO FIO DA CAIXA DA SAIDA DE PACOTES PARANDO AS DUAS ESTEIRA 30008291570,CURTO-CIRCUITO,CURTO CIRCUITO,TRAIN
462,CURTO NO FIO DA CAIXA DA SAIDA DE PACOTES PARANDO AS DUAS ESTEIRA,CURTO NO FIO DA CAIXA DA SAIDA DE PACOTES PARANDO AS DUAS ESTEIRA,CURTO-CIRCUITO,CURTO CIRCUITO,TRAIN
463,FALHA NO INVERSOR DE ROTACAO,FALHA NO INVERSOR DE ROTACAO,FALHA DE INVERSOR,FALHA DE INVERSOR,TRAIN
464,"FALHA DE ENCHIMENTO NAS VALVULAS 49 E 50, FOI REALIZADO A TROCA COMPLETA DA VALVULA 49 E O BLOCO DA 50",FALHA DE ENCHIMENTO NAS VALVULAS 49 E 50 FOI REALIZADO A TROCA COMPLETA DA VALVULA 49 E O BLOCO DA 50,FALHA DE VÁLVULA DE ENCHIMENTO,FALHA DE VALVULA DE ENCHIMENTO,TEST
466,PACOTES MAL FORMADOS CAUSANDO ENROSCO NA MESA DE CARGA DA PALETIZADORA,PACOTES MAL FORMADOS CAUSANDO ENROSCO NA MESA DE CARGA DA PALETIZADORA,ENROSCO DE PACOTES,ENROSCO DE PACOTES,TRAIN
467,FALHA NO SINCRONISMO DO CORTE DO FILME GERANDO ENROSCO DO MESMO NO ROLO ESTICADOR,FALHA NO SINCRONISMO DO CORTE DO FILME GERANDO ENROSCO DO MESMO NO ROLO ESTICADOR,FALHA DE CORTE DE FILME,FALHA DE CORTE DE FILME,TRAIN
468,PACOTES ABERTOS OCASIONANDO ENROSCO NA MESA DE CARGA DA PALETIZADORA,PACOTES ABERTOS OCASIONANDO ENROSCO NA MESA DE CARGA DA PALETIZADORA,ENROSCO DE PACOTES,ENROSCO DE PACOTES,TEST
469,FALHA NO CICLO DE CORTE DE FILME,FALHA NO CICLO DE CORTE DE FILME,FALHA DE CORTE DE FILME,FALHA DE CORTE DE FILME,TEST
470,TROCA DA FACA,TROCA DA FACA,FALHA DE FACA,FALHA DE FACA,TEST
471,FALHA NO CICLO DE CORTE DE FILME ( FALHA NO ENVOLVIMENTO),FALHA NO CICLO DE CORTE DE FILME FALHA NO ENVOLVIMENTO,FALHA DE CORTE DE FILME,FALHA DE CORTE DE FILME,TEST
472,FALHA NO SINCRONISMO DO CORTE DO FILME GERANDO ERRO DE ENVOLVIMENTO E PACOTES ABERTOS,FALHA NO SINCRONISMO DO CORTE DO FILME GERANDO ERRO DE ENVOLVIMENTO E PACOTES ABERTOS,FALHA DE CORTE DE FILME,FALHA DE CORTE DE FILME,TRAIN
473,FALHA NA VALVULA DE PROCESSO KB1 Q136 (ORDEM: 30008294287),FALHA NA VALVULA DE PROCESSO KB1 Q136 ORDEM 30008294287,FALHA DE VÁLVULA,FALHA DE VALVULA,TRAIN
474,BEBIDA ESPUMANDO (ORDEM: 30008294289),BEBIDA ESPUMANDO ORDEM 30008294289,ESPUMAMENTO DE BEBIDA,ESPUMAMENTO DE BEBIDA,TRAIN
475,FALHA DE ENCHIMENTO NA VALVULA 57 - VAZAMENTO NO BLOCO,FALHA DE ENCHIMENTO NA VALVULA 57 VAZAMENTO NO BLOCO,VAZAMENTO EM VÁLVULA,VAZAMENTO EM VALVULA,TRAIN
476,PACOTE ABERTO POR CONTA DA CINTA DE ENVOLVIMENTO,PACOTE ABERTO POR CONTA DA CINTA DE ENVOLVIMENTO,FALHA DE ENVOLVIMENTO,FALHA DE ENVOLVIMENTO,TEST
477,ROCA DE UMA PARTE DA ESTEIRA DA MESA DE ARRASTE,ROCA DE UMA PARTE DA ESTEIRA DA MESA DE ARRASTE,FALHA DE ESTEIRA,FALHA DE ESTEIRA,TRAIN
478,PALETIZADORA PERDEU A CONTAGEM,PALETIZADORA PERDEU A CONTAGEM,FALHA DE CONTAGEM,FALHA DE CONTAGEM,TEST
479,"MESA DE ENVOLVIMENTO COM DEGRAU, TOMBANDO GARRAFAS30008294359",MESA DE ENVOLVIMENTO COM DEGRAU TOMBANDO GARRAFAS30008294359,ENROSCO DE GARRAFAS,ENROSCO DE GARRAFAS,TEST
481,"FALHA DE ENCHIMENTO NAS VALVULAS 34, 35, 49 E 50",FALHA DE ENCHIMENTO NAS VALVULAS 34 35 49 E 50,FALHA DE VÁLVULA DE ENCHIMENTO,FALHA DE VALVULA DE ENCHIMENTO,TEST
482,"APÓS PARTIDA VALVULAS 34,35,49 E 50 APRESENTANDO FALHAR DE ENCHIMENTO TODA VOLTA",APOS PARTIDA VALVULAS 34 35 49 E 50 APRESENTANDO FALHAR DE ENCHIMENTO TODA VOLTA,FALHA DE VÁLVULA DE ENCHIMENTO,FALHA DE VALVULA DE ENCHIMENTO,TRAIN
483,VELOCIDADE REDUZIDA EXCESSO DE NIVEL BAIXO EM VELOCIDADE NOMINAL,VELOCIDADE REDUZIDA EXCESSO DE NIVEL BAIXO EM VELOCIDADE NOMINAL,FALHA DE ENCHIMENTO,FALHA DE ENCHIMENTO,TEST
484,VELOCIDADE REDUZIDA EXESSO DE NIVEL BAIXO EM VELOCIDADE NOMINAL,VELOCIDADE REDUZIDA EXESSO DE NIVEL BAIXO EM VELOCIDADE NOMINAL,FALHA DE ENCHIMENTO,FALHA DE ENCHIMENTO,TRAIN
485,ENROSCO DE LATAS NO RINSER CAUSADO PARADAS NA ENCHEDORA POR FALTA DE LATAS,ENROSCO DE LATAS NO RINSER CAUSADO PARADAS NA ENCHEDORA POR FALTA DE LATAS,ENROSCO DE LATAS,ENROSCO DE LATAS,TEST
486,FALHA NA VALVULA DE PROCESSO KB1 Q136 (ORDEM: 30008294287),FALHA NA VALVULA DE PROCESSO KB1 Q136 ORDEM 30008294287,FALHA DE VÁLVULA,FALHA DE VALVULA,TRAIN
487,BEBIDA ESPUMANDO (ORDEM: 30008294289),BEBIDA ESPUMANDO ORDEM 30008294289,ESPUMAMENTO DE BEBIDA,ESPUMAMENTO DE BEBIDA,TRAIN
488,FALHA DE ENCHIMENTO NA VALVULA 57 - VAZAMENTO NO BLOCO,FALHA DE ENCHIMENTO NA VALVULA 57 VAZAMENTO NO BLOCO,VAZAMENTO EM VÁLVULA,VAZAMENTO EM VALVULA,TRAIN
489,PACOTE ABERTO POR CONTA DA CINTA DE ENVOLVIMENTO,PACOTE ABERTO POR CONTA DA CINTA DE ENVOLVIMENTO,FALHA DE ENVOLVIMENTO,FALHA DE ENVOLVIMENTO,TEST
490,ROCA DE UMA PARTE DA ESTEIRA DA MESA DE ARRASTE,ROCA DE UMA PARTE DA ESTEIRA DA MESA DE ARRASTE,FALHA DE ESTEIRA,FALHA DE ESTEIRA,TRAIN
491,PALETIZADORA PERDEU A CONTAGEM,PALETIZADORA PERDEU A CONTAGEM,FALHA DE CONTAGEM,FALHA DE CONTAGEM,TEST
492,"MESA DE ENVOLVIMENTO COM DEGRAU, TOMBANDO GARRAFAS30008294359",MESA DE ENVOLVIMENTO COM DEGRAU TOMBANDO GARRAFAS30008294359,ENROSCO DE GARRAFAS,ENROSCO DE GARRAFAS,TEST
494,"FALHA DE ENCHIMENTO NAS VALVULAS 34, 35, 49 E 50",FALHA DE ENCHIMENTO NAS VALVULAS 34 35 49 E 50,FALHA DE VÁLVULA DE ENCHIMENTO,FALHA DE VALVULA DE ENCHIMENTO,TEST
495,"APÓS PARTIDA VALVULAS 34,35,49 E 50 APRESENTANDO FALHAR DE ENCHIMENTO TODA VOLTA",APOS PARTIDA VALVULAS 34 35 49 E 50 APRESENTANDO FALHAR DE ENCHIMENTO TODA VOLTA,FALHA DE VÁLVULA DE ENCHIMENTO,FALHA DE VALVULA DE ENCHIMENTO,TRAIN
496,VELOCIDADE REDUZIDA EXCESSO DE NIVEL BAIXO EM VELOCIDADE NOMINAL,VELOCIDADE REDUZIDA EXCESSO DE NIVEL BAIXO EM VELOCIDADE NOMINAL,FALHA DE ENCHIMENTO,FALHA DE ENCHIMENTO,TEST
497,VELOCIDADE REDUZIDA EXESSO DE NIVEL BAIXO EM VELOCIDADE NOMINAL,VELOCIDADE REDUZIDA EXESSO DE NIVEL BAIXO EM VELOCIDADE NOMINAL,FALHA DE ENCHIMENTO,FALHA DE ENCHIMENTO,TRAIN
498,ENROSCO DE LATAS NO RINSER CAUSADO PARADAS NA ENCHEDORA POR FALTA DE LATAS,ENROSCO DE LATAS NO RINSER CAUSADO PARADAS NA ENCHEDORA POR FALTA DE LATAS,ENROSCO DE LATAS,ENROSCO DE LATAS,TEST
499,ENROSCO DE LATAS NO RINSER CAUSADO PARADAS NA ENCHEDORA POR FALTA DE LATAS,ENROSCO DE LATAS NO RINSER CAUSADO PARADAS NA ENCHEDORA POR FALTA DE LATAS,ENROSCO DE LATAS,ENROSCO DE LATAS,TEST
500,ENROSCO DE LATAS NO RINSER CAUSADO PARADAS NA ENCHEDORA POR FALTA DE LATAS,ENROSCO DE LATAS NO RINSER CAUSADO PARADAS NA ENCHEDORA POR FALTA DE LATAS,ENROSCO DE LATAS,ENROSCO DE LATAS,TEST
501,ESCAPE DA TAMPA DO PRE ESGUICHO,ESCAPE DA TAMPA DO PRE ESGUICHO,FALHA DE FIXAÇÃO,FALHA DE FIXACAO,TEST
502,"PROBLEMA NO MOTO REDUTOR DE FREIO,CAUSANDO MOVIMENTAÇÃO DA CABEÇA DA ENCHEDORA.",PROBLEMA NO MOTO REDUTOR DE FREIO CAUSANDO MOVIMENTACAO DA CABECA DA ENCHEDORA,FALHA DE REDUTOR,FALHA DE REDUTOR,TEST
503,"PROBLEMA NO MOTO REDUTOR DE FREIO,CAUSANDO MOVIMENTAÇÃO DA CABEÇA DA ENCHEDORA.",PROBLEMA NO MOTO REDUTOR DE FREIO CAUSANDO MOVIMENTACAO DA CABECA DA ENCHEDORA,FALHA DE REDUTOR,FALHA DE REDUTOR,TEST
504,"DEVIDO AO PROBLEMA DOS CRACH ,TIVEMOS QUE REDUZIR A VELOCIDADE DA ENCHEDORA.OBS POIS TEM QUE TROCAR OS NALON.",DEVIDO AO PROBLEMA DOS CRACH TIVEMOS QUE REDUZIR A VELOCIDADE DA ENCHEDORA OBS POIS TEM QUE TROCAR OS NALON,ENROSCO DE GARRAFAS,ENROSCO DE GARRAFAS,TRAIN
505,PARADA ACIONADO PELO MECÂNICO PARA TIRAR MEDIDA DO EIXO.,PARADA ACIONADO PELO MECANICO PARA TIRAR MEDIDA DO EIXO,SEM MODO DE FALHA IDENTIFICADO,SEM MODO DE FALHA IDENTIFICADO,TRAIN
506,VELOCIDADE REDUZIDA DEVIDO AO CRASH.,VELOCIDADE REDUZIDA DEVIDO AO CRASH,ENROSCO DE GARRAFAS,ENROSCO DE GARRAFAS,TRAIN
507,"MECÂNICA ATUANDO ,TIRANDO MEDIDA DO EIXO.",MECANICA ATUANDO TIRANDO MEDIDA DO EIXO,SEM MODO DE FALHA IDENTIFICADO,SEM MODO DE FALHA IDENTIFICADO,TRAIN
508,"PROBLEMA NO MOTO REDUTOR DE FREIO ,REDUZIMOS A VELOCIDADE DA ENCHEDORA.",PROBLEMA NO MOTO REDUTOR DE FREIO REDUZIMOS A VELOCIDADE DA ENCHEDORA,FALHA DE REDUTOR,FALHA DE REDUTOR,TRAIN
509,CRACH NA SAIDA DA CABEÇA DA ENCHEDORA PARA A ESTRELA DE SAIDA.,CRACH NA SAIDA DA CABECA DA ENCHEDORA PARA A ESTRELA DE SAIDA,ENROSCO DE GARRAFAS,ENROSCO DE GARRAFAS,TEST
510,REDUÇÃO DA VELOCIDADE DA ENCHEDORA DEVIDO A VARIOS CRACH NA SAIDA DA ENCHEDORA PARA A ESTRELA.,REDUCAO DA VELOCIDADE DA ENCHEDORA DEVIDO A VARIOS CRACH NA SAIDA DA ENCHEDORA PARA A ESTRELA,ENROSCO DE GARRAFAS,ENROSCO DE GARRAFAS,TRAIN
511,TROCA DO ANEL E DAS ESFERA DO BOCAL Nº08 ORDEM 30008296097,TROCA DO ANEL E DAS ESFERA DO BOCAL N 08 ORDEM 30008296097,FALHA DE TAMPAMENTO,FALHA DE TAMPAMENTO,TRAIN
512,PALETE APÓS MESA GIRATÓRIA NÃO ESTAVA SAINDO FOI AJUSTADO SENSOR - NOTA 30008296701,PALETE APOS MESA GIRATORIA NAO ESTAVA SAINDO FOI AJUSTADO SENSOR NOTA 30008296701,FALHA DE SENSOR,FALHA DE SENSOR,TRAIN
513,VAZAMENTO DE OLEO NO REDUTOR CAINDO NA PRANCHA FOI FEITO UMA LIMPEZA,VAZAMENTO DE OLEO NO REDUTOR CAINDO NA PRANCHA FOI FEITO UMA LIMPEZA,FALHA DE REDUTOR,FALHA DE REDUTOR,TRAIN
514,VAZAMENTO DE OLEO NO REDUTOR CAINDO NA PRANCHA FOI FEITO UMA LIMPEZA,VAZAMENTO DE OLEO NO REDUTOR CAINDO NA PRANCHA FOI FEITO UMA LIMPEZA,FALHA DE REDUTOR,FALHA DE REDUTOR,TRAIN
515,VAZAMENTO DE OLEO NO REDUTOR CAINDO NA PRANCHA FOI FEITO UMA LIMPEZA,VAZAMENTO DE OLEO NO REDUTOR CAINDO NA PRANCHA FOI FEITO UMA LIMPEZA,FALHA DE REDUTOR,FALHA DE REDUTOR,TRAIN
516,VAZAMENTO DE OLEO NO MOTO REDUTOR DA PRANCHA,VAZAMENTO DE OLEO NO MOTO REDUTOR DA PRANCHA,FALHA DE REDUTOR,FALHA DE REDUTOR,TRAIN
517,"PINCA DANIFICADAS GERANDO QUEDA DE GARRAFA , CAUSANDO FALHA NO SISTEMA DE REFRIGERACAO DE FUNDO",PINCA DANIFICADAS GERANDO QUEDA DE GARRAFA CAUSANDO FALHA NO SISTEMA DE REFRIGERACAO DE FUNDO,FALHA DE PINÇA,FALHA DE PINCA,TEST
518,"PINCAS DANIFICADAS NA AREA DE TRANFERENCIA , DANIFICANDO O FINISH DA GARRAFA",PINCAS DANIFICADAS NA AREA DE TRANFERENCIA DANIFICANDO O FINISH DA GARRAFA,DANIFICAÇÃO DE GARRAFAS,DANIFICACAO DE GARRAFAS,TRAIN
519,"QUEDA DE GARRAFAS NO TANQUE DE RESFRIAMENTO DE FUNDO, OBSTRUINDO A SUCÇÃO DO FILTRO",QUEDA DE GARRAFAS NO TANQUE DE RESFRIAMENTO DE FUNDO OBSTRUINDO A SUCCAO DO FILTRO,QUEDA DE GARRAFAS,QUEDA DE GARRAFAS,TRAIN
520,FILME DOBRANDO GERANDO FALHA NO ENVOLVIMENTO DEVIDO A FALTA DA REGUA DE ESTATICA NOTA N°13059270,FILME DOBRANDO GERANDO FALHA NO ENVOLVIMENTO DEVIDO A FALTA DA REGUA DE ESTATICA NOTA N 13059270,FALHA DE ENVOLVIMENTO,FALHA DE ENVOLVIMENTO,TRAIN
521,FALHA DE ENCHIMENTO VALVULAS 47 E 49,FALHA DE ENCHIMENTO VALVULAS 47 E 49,FALHA DE VÁLVULA DE ENCHIMENTO,FALHA DE VALVULA DE ENCHIMENTO,TRAIN
522,FALHA DE ENCODER ELEVADOR DE PALETES,FALHA DE ENCODER ELEVADOR DE PALETES,FALHA DE ENCODER,FALHA DE ENCODER,TRAIN
523,TROCA DA BASE DAS HASTES ACIONAMENTO DO SENSORES PARA TROCA AUTOMATICA,TROCA DA BASE DAS HASTES ACIONAMENTO DO SENSORES PARA TROCA AUTOMATICA,FALHA DE SENSOR,FALHA DE SENSOR,TRAIN
524,FALHA NA CODIFICAÇÃO,FALHA NA CODIFICACAO,FALHA DE CODIFICAÇÃO,FALHA DE CODIFICACAO,TRAIN
525,FALHA NO TRANSPORTE DE PACOTES (300082297597),FALHA NO TRANSPORTE DE PACOTES 300082297597,FALHA DE TRANSPORTE DE PACOTES,FALHA DE TRANSPORTE DE PACOTES,TRAIN
526,FALHA DO ACOPLAMENTO PROFINET ENTRE O PLC E ENTRADA DO CARBONATADOR,FALHA DO ACOPLAMENTO PROFINET ENTRE O PLC E ENTRADA DO CARBONATADOR,FALHA DE COMUNICAÇÃO,FALHA DE COMUNICACAO,TRAIN
527,FILME DOBRANDO GERANDO FALHA NO ENVOLVIMENTO DEVIDO A FALTA DA REGUA DE ESTATICA NOTA N°13059270,FILME DOBRANDO GERANDO FALHA NO ENVOLVIMENTO DEVIDO A FALTA DA REGUA DE ESTATICA NOTA N 13059270,FALHA DE ENVOLVIMENTO,FALHA DE ENVOLVIMENTO,TRAIN
528,FILME DOBRANDO GERANDO FALHA NO ENVOLVIMENTO DEVIDO A FALTA DA REGUA DE ESTATICA NOTA N°13059270,FILME DOBRANDO GERANDO FALHA NO ENVOLVIMENTO DEVIDO A FALTA DA REGUA DE ESTATICA NOTA N 13059270,FALHA DE ENVOLVIMENTO,FALHA DE ENVOLVIMENTO,TRAIN
529,FILME DOBRANDO GERANDO FALHA NO ENVOLVIMENTO DEVIDO A FALTA DA REGUA DE ESTATICA NOTA N°13059270,FILME DOBRANDO GERANDO FALHA NO ENVOLVIMENTO DEVIDO A FALTA DA REGUA DE ESTATICA NOTA N 13059270,FALHA DE ENVOLVIMENTO,FALHA DE ENVOLVIMENTO,TRAIN
530,FILME DOBRANDO GERANDO FALHA NO ENVOLVIMENTO DEVIDO A FALTA DA REGUA DE ESTATICA NOTA N°13059270,FILME DOBRANDO GERANDO FALHA NO ENVOLVIMENTO DEVIDO A FALTA DA REGUA DE ESTATICA NOTA N 13059270,FALHA DE ENVOLVIMENTO,FALHA DE ENVOLVIMENTO,TRAIN
531,FREIO DE ELEVAÇÃO E ACOPLAMENTO DANIFICADO,FREIO DE ELEVACAO E ACOPLAMENTO DANIFICADO,FALHA DE ACOPLAMENTO,FALHA DE ACOPLAMENTO,TRAIN
532,MOTOR COM FALHA NO SERVO DO ALIMENTADOR 1,MOTOR COM FALHA NO SERVO DO ALIMENTADOR 1,FALHA DE SERVO MOTOR,FALHA DE SERVO MOTOR,TEST
533,MOTOR DE TRANSPORTE EMBORRACHADO COM FALHA NO SERVO DO ALIMENTADOR 1,MOTOR DE TRANSPORTE EMBORRACHADO COM FALHA NO SERVO DO ALIMENTADOR 1,FALHA DE SERVO MOTOR,FALHA DE SERVO MOTOR,TRAIN
534,ACOPLAMENTO DO TRANSPORTE DO ALIMENTADOR 1 DANIFICADO,ACOPLAMENTO DO TRANSPORTE DO ALIMENTADOR 1 DANIFICADO,FALHA DE ACOPLAMENTO,FALHA DE ACOPLAMENTO,TEST
535,SENSORES DE ACUMULO DO TRANSPORTE FORA DE SINCRONISMO COM ENCHEDORA NÃO PARANDO NO MOMENTO CORRETO 30008299301,SENSORES DE ACUMULO DO TRANSPORTE FORA DE SINCRONISMO COM ENCHEDORA NAO PARANDO NO MOMENTO CORRETO 30008299301,FALHA DE ACÚMULO NO TRANSPORTE,FALHA DE ACUMULO NO TRANSPORTE,TRAIN
536,ROLO SEPARADOR DE GARRAFAS DERRUBANDO COM E SEM APOIO,ROLO SEPARADOR DE GARRAFAS DERRUBANDO COM E SEM APOIO,FALHA DE ROLO SEPARADOR,FALHA DE ROLO SEPARADOR,TRAIN
537,SENSORES DE ACUMULO DO TRANSPORTE FORA DE SINCRONISMO COM ENCHEDORA NÃO PARANDO NO MOMENTO CORRETO 30008299301,SENSORES DE ACUMULO DO TRANSPORTE FORA DE SINCRONISMO COM ENCHEDORA NAO PARANDO NO MOMENTO CORRETO 30008299301,FALHA DE ACÚMULO NO TRANSPORTE,FALHA DE ACUMULO NO TRANSPORTE,TRAIN
538,SENSORES DE ACUMULO DO TRANSPORTE FORA DE SINCRONISMO COM ENCHEDORA NÃO PARANDO NO MOMENTO CORRETO 30008299301,SENSORES DE ACUMULO DO TRANSPORTE FORA DE SINCRONISMO COM ENCHEDORA NAO PARANDO NO MOMENTO CORRETO 30008299301,FALHA DE ACÚMULO NO TRANSPORTE,FALHA DE ACUMULO NO TRANSPORTE,TRAIN
539,"ESTEIRA SAIU FORA DO GUIA ,MECÂNICA ATUANDO.",ESTEIRA SAIU FORA DO GUIA MECANICA ATUANDO,ESCAPE DE ESTEIRA,ESCAPE DE ESTEIRA,TRAIN
540,CRACH NA SAIDA DO ASEBI TIRANDO O SENSOR DE POSIÇÃO.ORDEM.30008299802,CRACH NA SAIDA DO ASEBI TIRANDO O SENSOR DE POSICAO ORDEM 30008299802,FALHA DE SENSOR,FALHA DE SENSOR,TRAIN
541,FALHA NA LEITURA DE GARRAFAS OCASIONANDO REJEITO ACIMA DE 70%,FALHA NA LEITURA DE GARRAFAS OCASIONANDO REJEITO ACIMA DE 70,FALHA DE INSPEÇÃO,FALHA DE INSPECAO,TRAIN
542,FALHA NA LEITURA DE GARRAFAS OCASIONANDO REJEITO ACIMA DE 70%,FALHA NA LEITURA DE GARRAFAS OCASIONANDO REJEITO ACIMA DE 70,FALHA DE INSPEÇÃO,FALHA DE INSPECAO,TRAIN
543,FALHA NA LEITURA DE GARRAFAS OCASIONANDO REJEITO ACIMA DE 70%,FALHA NA LEITURA DE GARRAFAS OCASIONANDO REJEITO ACIMA DE 70,FALHA DE INSPEÇÃO,FALHA DE INSPECAO,TRAIN
544,FALHA NA LEITURA DE GARRAFAS OCASIONANDO REJEITO ACIMA DE 70%,FALHA NA LEITURA DE GARRAFAS OCASIONANDO REJEITO ACIMA DE 70,FALHA DE INSPEÇÃO,FALHA DE INSPECAO,TRAIN
545,FALHA NA LEITURA DE GARRAFAS OCASIONANDO REJEITO ACIMA DE 70%,FALHA NA LEITURA DE GARRAFAS OCASIONANDO REJEITO ACIMA DE 70,FALHA DE INSPEÇÃO,FALHA DE INSPECAO,TRAIN
546,FALHA NA LEITURA DE GARRAFAS OCASIONANDO REJEITO ACIMA DE 70%,FALHA NA LEITURA DE GARRAFAS OCASIONANDO REJEITO ACIMA DE 70,FALHA DE INSPEÇÃO,FALHA DE INSPECAO,TRAIN
547,FALHA NA LEITURA DE GARRAFAS OCASIONANDO REJEITO ACIMA DE 70%,FALHA NA LEITURA DE GARRAFAS OCASIONANDO REJEITO ACIMA DE 70,FALHA DE INSPEÇÃO,FALHA DE INSPECAO,TRAIN
548,"TROCA DO PISTÃO DE ABERTURA DA VÁLVULA, PERMITINDO PASSAGEM NA CÂMARA",TROCA DO PISTAO DE ABERTURA DA VALVULA PERMITINDO PASSAGEM NA CAMARA,FALHA DE ATUADOR DA VÁLVULA,FALHA DE ATUADOR DA VALVULA,TRAIN
549,"EFETUADA A TROCA DO PISTÃO DE ABERTURA DA VÁLVULA, PERMITINDO PASSAGEM NA CÂMARA: FOI RETIRADO O PISTÃO DA REF-PET E INSTALADO O DA LITRO",EFETUADA A TROCA DO PISTAO DE ABERTURA DA VALVULA PERMITINDO PASSAGEM NA CAMARA FOI RETIRADO O PISTAO DA REF PET E INSTALADO O DA LITRO,FALHA DE ATUADOR DA VÁLVULA,FALHA DE ATUADOR DA VALVULA,TRAIN
550,ESTEIRA SALTOU DAS ENGRENAGENS,ESTEIRA SALTOU DAS ENGRENAGENS,ESCAPE DE ESTEIRA,ESCAPE DE ESTEIRA,TRAIN
551,ESTEIRA SALTOU DAS ENGRENAGENS,ESTEIRA SALTOU DAS ENGRENAGENS,ESCAPE DE ESTEIRA,ESCAPE DE ESTEIRA,TRAIN
552,FALHA NO CICLO AUTOMATICO DE TROCA DE MAGAZINE DE CARTÃO,FALHA NO CICLO AUTOMATICO DE TROCA DE MAGAZINE DE CARTAO,FALHA DE MAGAZINE,FALHA DE MAGAZINE,TRAIN
553,"QUEDA DE GARRAFA NA AREA DE TRANFERENCIA , CAUSANDO FALHA DE REFRIGERACAO DE FUNDO",QUEDA DE GARRAFA NA AREA DE TRANFERENCIA CAUSANDO FALHA DE REFRIGERACAO DE FUNDO,QUEDA DE GARRAFAS,QUEDA DE GARRAFAS,TRAIN
554,FILME DOBRANDO DEVIDO A FALTA DA RÉGUA DE ESTATICA NOTA Nº13059270,FILME DOBRANDO DEVIDO A FALTA DA REGUA DE ESTATICA NOTA N 13059270,FALHA DE TRAÇÃO/GUIAMENTO DE FILME,FALHA DE TRACAO GUIAMENTO DE FILME,TRAIN
555,FILME DOBRANDO DEVIDO A FALTA DA RÉGUA DE ESTATICA NOTA Nº13059270,FILME DOBRANDO DEVIDO A FALTA DA REGUA DE ESTATICA NOTA N 13059270,FALHA DE TRAÇÃO/GUIAMENTO DE FILME,FALHA DE TRACAO GUIAMENTO DE FILME,TRAIN
556,FILME DOBRANDO DEVIDO A FALTA DA RÉGUA DE ESTATICA NOTA Nº13059270,FILME DOBRANDO DEVIDO A FALTA DA REGUA DE ESTATICA NOTA N 13059270,FALHA DE TRAÇÃO/GUIAMENTO DE FILME,FALHA DE TRACAO GUIAMENTO DE FILME,TRAIN
557,EMPACOTADORA AO FAZER A TROCA DA BOBINA NÃO SOLDA O FILME - ORDEM 30008300134,EMPACOTADORA AO FAZER A TROCA DA BOBINA NAO SOLDA O FILME ORDEM 30008300134,FALHA DE SOLDA DE FILME,FALHA DE SOLDA DE FILME,TRAIN
558,EMPACOTADORA AO FAZER A TROCA DA BOBINA NÃO SOLDA O FILME - ORDEM 30008300134,EMPACOTADORA AO FAZER A TROCA DA BOBINA NAO SOLDA O FILME ORDEM 30008300134,FALHA DE SOLDA DE FILME,FALHA DE SOLDA DE FILME,TRAIN
559,FALHA NA TROCA AUTOMATICA DE MAGAZINE DE CARTÃO,FALHA NA TROCA AUTOMATICA DE MAGAZINE DE CARTAO,FALHA DE MAGAZINE,FALHA DE MAGAZINE,TRAIN
560,"CRASH DE LATAS NA ESTERLA, FOI PRECISO RETIRAR A ESTRELA DE SAIDA (30008299308)",CRASH DE LATAS NA ESTERLA FOI PRECISO RETIRAR A ESTRELA DE SAIDA 30008299308,CRASH DE LATAS,CRASH DE LATAS,TRAIN
561,GRANDE QUANTIDADE DE FALSO REJEITO NO LINATRONIC.,GRANDE QUANTIDADE DE FALSO REJEITO NO LINATRONIC,FALHA DE REJEIÇÃO,FALHA DE REJEICAO,TRAIN
562,NECESSÁRIA ADEQUAÇÃO NO VIBRADOR DE TAMPAS DO LACRADOR.,NECESSARIA ADEQUACAO NO VIBRADOR DE TAMPAS DO LACRADOR,FALHA DE VIBRADOR,FALHA DE VIBRADOR,TRAIN
563,NECESSÁRIA ADEQUAÇÃO NO VIBRADOR DE TAMPAS DO LACRADOR.,NECESSARIA ADEQUACAO NO VIBRADOR DE TAMPAS DO LACRADOR,FALHA DE VIBRADOR,FALHA DE VIBRADOR,TRAIN
564,NECESSÁRIA ADEQUAÇÃO NO VIBRADOR DE TAMPAS DO LACRADOR.,NECESSARIA ADEQUACAO NO VIBRADOR DE TAMPAS DO LACRADOR,FALHA DE VIBRADOR,FALHA DE VIBRADOR,TRAIN
565,"NECESSÁRIA ADEQUAÇÃO DOS PARAFUSOS DE FIXAÇÃO, QUE OCASIONARAM GRANDE IMPACTO NA PRODUÇÃO.",NECESSARIA ADEQUACAO DOS PARAFUSOS DE FIXACAO QUE OCASIONARAM GRANDE IMPACTO NA PRODUCAO,FALHA DE FIXAÇÃO,FALHA DE FIXACAO,TRAIN
566,FILME DOBRANDO DEVIDO A FALTA DA RÉGUA DE ESTATICA NOTA Nº13059270,FILME DOBRANDO DEVIDO A FALTA DA REGUA DE ESTATICA NOTA N 13059270,FALHA DE TRAÇÃO/GUIAMENTO DE FILME,FALHA DE TRACAO GUIAMENTO DE FILME,TRAIN
567,FALHA NO SISTEMA DE AR COMPRIMIDO DA MAQUINA 30008301493,FALHA NO SISTEMA DE AR COMPRIMIDO DA MAQUINA 30008301493,FALHA DE SUPRIMENTO DE AR COMPRIMIDO,FALHA DE SUPRIMENTO DE AR COMPRIMIDO,TRAIN
568,FALHA DE SINCRONISMO NO MANIPULADOR 1,FALHA DE SINCRONISMO NO MANIPULADOR 1,FALHA DE SINCRONISMO,FALHA DE SINCRONISMO,TRAIN
569,VELOCIDADE INCOMPÁTIVEL,VELOCIDADE INCOMPATIVEL,FALHA DE SINCRONISMO,FALHA DE SINCRONISMO,TRAIN
570,SENSOR DO CABEÇOTE,SENSOR DO CABECOTE,FALHA DE SENSOR,FALHA DE SENSOR,TRAIN
571,TROCA DA CORREIA SNCRONIZADA DA ENCHEDORA.ORDEM30008301673,TROCA DA CORREIA SNCRONIZADA DA ENCHEDORA ORDEM30008301673,FALHA DE CORREIA,FALHA DE CORREIA,TRAIN
572,DESARME DO INVERSOR DA PRANCHA(FALHA DE TÉRMICO),DESARME DO INVERSOR DA PRANCHA FALHA DE TERMICO,FALHA DE INVERSOR,FALHA DE INVERSOR,TRAIN
573,"CORREIA DA MESA DE VÁCUO DANIFICADA, ENROSCO DE FILME",CORREIA DA MESA DE VACUO DANIFICADA ENROSCO DE FILME,FALHA DE CORREIA,FALHA DE CORREIA,TEST
574,DESARME DO INVERSOR DA PRANCHA(FALHA DE TÉRMICO),DESARME DO INVERSOR DA PRANCHA FALHA DE TERMICO,FALHA DE INVERSOR,FALHA DE INVERSOR,TRAIN
575,PALLET PARADO NO TRANSPORTE ANTES DA MESA GIRATÓRIA,PALLET PARADO NO TRANSPORTE ANTES DA MESA GIRATORIA,TRAVAMENTO DE PALETE,TRAVAMENTO DE PALETE,TRAIN
576,ESTEIRA QUEBRADA,ESTEIRA QUEBRADA,QUEBRA DE ESTEIRA,QUEBRA DE ESTEIRA,TRAIN
577,ESTEIRA QUEBRADA,ESTEIRA QUEBRADA,QUEBRA DE ESTEIRA,QUEBRA DE ESTEIRA,TRAIN
578,DESARME DE INVERSOR,DESARME DE INVERSOR,FALHA DE INVERSOR,FALHA DE INVERSOR,TRAIN
579,ENTRANDO PACOTES A MAIS NA MESA DE FORMAÇÃO DE CAMADAS,ENTRANDO PACOTES A MAIS NA MESA DE FORMACAO DE CAMADAS,FALHA DE FORMAÇÃO DE CAMADA,FALHA DE FORMACAO DE CAMADA,TRAIN
580,AJUSTE NA VELOCIDA DAS ESTEIRAS,AJUSTE NA VELOCIDA DAS ESTEIRAS,SEM MODO DE FALHA IDENTIFICADO,SEM MODO DE FALHA IDENTIFICADO,TRAIN
581,ENTRANDO PACOTES A MAIS NA MESA DE FORMAÇÃO DE CAMADAS.,ENTRANDO PACOTES A MAIS NA MESA DE FORMACAO DE CAMADAS,FALHA DE FORMAÇÃO DE CAMADA,FALHA DE FORMACAO DE CAMADA,TRAIN
582,"SENSOR INDUTIVO DO CABEÇOTE,GERANDO FALHA DE SEGURANÇA - ORDEM ( 30008301429 )",SENSOR INDUTIVO DO CABECOTE GERANDO FALHA DE SEGURANCA ORDEM 30008301429,FALHA DE SENSOR,FALHA DE SENSOR,TRAIN
583,ENROSCO DE PACOTES NO CANAL ( C ) DO DEVEICER,ENROSCO DE PACOTES NO CANAL C DO DEVEICER,ENROSCO DE PACOTES,ENROSCO DE PACOTES,TRAIN
584,ENROSCO DE PACOTES NO DIVICER,ENROSCO DE PACOTES NO DIVICER,ENROSCO DE PACOTES,ENROSCO DE PACOTES,TRAIN
585,"FALTA DE GUIA CAUSANDO QUEDA DE LATA, FOI COLOCADO UM GUIA PROVISÓRIA PORÉM MÓVEL",FALTA DE GUIA CAUSANDO QUEDA DE LATA FOI COLOCADO UM GUIA PROVISORIA POREM MOVEL,QUEDA DE LATAS,QUEDA DE LATAS,TRAIN
586,"FALTA DE GUIA CAUSANDO QUEDA DE LATA, FOI COLOCADO UM GUIA PROVISÓRIA PORÉM MÓVEL",FALTA DE GUIA CAUSANDO QUEDA DE LATA FOI COLOCADO UM GUIA PROVISORIA POREM MOVEL,QUEDA DE LATAS,QUEDA DE LATAS,TRAIN
587,"FALHA DE ENCHIMENTO, TIRANDO JUMPER FISICO DAS VALVULAS 47,49",FALHA DE ENCHIMENTO TIRANDO JUMPER FISICO DAS VALVULAS 47 49,FALHA DE VÁLVULA DE ENCHIMENTO,FALHA DE VALVULA DE ENCHIMENTO,TRAIN
588,"FALHA DE ENCHIMENTO, TIRANDO JUMPER FISICO DAS VALVULAS 47,49",FALHA DE ENCHIMENTO TIRANDO JUMPER FISICO DAS VALVULAS 47 49,FALHA DE VÁLVULA DE ENCHIMENTO,FALHA DE VALVULA DE ENCHIMENTO,TRAIN
589,"FALHA DE ENCHIMENTO, DA VALVULA 41 NOTA (30008302273)",FALHA DE ENCHIMENTO DA VALVULA 41 NOTA 30008302273,FALHA DE VÁLVULA DE ENCHIMENTO,FALHA DE VALVULA DE ENCHIMENTO,TRAIN
590,FALHA DE FALTA DE VACUO NA ESTEIRA DA PRESSCO NOTA (30008302284),FALHA DE FALTA DE VACUO NA ESTEIRA DA PRESSCO NOTA 30008302284,FALHA DE VÁCUO,FALHA DE VACUO,TRAIN
591,"FALHA DE ENCHIMENTO, DA VALVULA 41 NOTA (30008302273)",FALHA DE ENCHIMENTO DA VALVULA 41 NOTA 30008302273,FALHA DE VÁLVULA DE ENCHIMENTO,FALHA DE VALVULA DE ENCHIMENTO,TRAIN
592,"FALHA DE ENCHIMENTO, DA VALVULA 41 NOTA (30008302273)",FALHA DE ENCHIMENTO DA VALVULA 41 NOTA 30008302273,FALHA DE VÁLVULA DE ENCHIMENTO,FALHA DE VALVULA DE ENCHIMENTO,TRAIN
593,FALHA NA LEITURA DE GARRAFAS,FALHA NA LEITURA DE GARRAFAS,FALHA DE INSPEÇÃO,FALHA DE INSPECAO,TEST
594,ESTEIRA DA CURVA DE ENTRADA DA PALETIZADORA ESCAPANDO,ESTEIRA DA CURVA DE ENTRADA DA PALETIZADORA ESCAPANDO,ESCAPE DE ESTEIRA,ESCAPE DE ESTEIRA,TRAIN
595,TANGENCIAMENTO E AJUSTE NO CASTELO,TANGENCIAMENTO E AJUSTE NO CASTELO,DESALINHAMENTO DE AGREGADO,DESALINHAMENTO DE AGREGADO,TRAIN
596,TANGENCIAMENTO E AJUSTE NO CASTELO,TANGENCIAMENTO E AJUSTE NO CASTELO,DESALINHAMENTO DE AGREGADO,DESALINHAMENTO DE AGREGADO,TRAIN
597,FALHA NA VALVULA DE AQUECIMENTO DO TANQUE 2 OCASIONADO TEMPERATURA ACIMA DOS 60 GRAUS,FALHA NA VALVULA DE AQUECIMENTO DO TANQUE 2 OCASIONADO TEMPERATURA ACIMA DOS 60 GRAUS,FALHA DE VÁLVULA,FALHA DE VALVULA,TRAIN
598,TRANSPORTE DE CAIXAS DA CUVA DA PALETIZADORA SAIU FORA DE POSIÇÃO,TRANSPORTE DE CAIXAS DA CUVA DA PALETIZADORA SAIU FORA DE POSICAO,DESALINHAMENTO MECÂNICO,DESALINHAMENTO MECANICO,TRAIN
599,"REINICIO DE PARTIDA DE LINHA , ENCHIMENTO DO CARBO DEVIDO A TROCA DA VALVULA / TROCA DA VALVULA 41",REINICIO DE PARTIDA DE LINHA ENCHIMENTO DO CARBO DEVIDO A TROCA DA VALVULA TROCA DA VALVULA 41,FALHA DE VÁLVULA DE ENCHIMENTO,FALHA DE VALVULA DE ENCHIMENTO,TEST
600,FALHA DE INVERSOR TRANSPORTE PALETE 620 M2 (30008302338),FALHA DE INVERSOR TRANSPORTE PALETE 620 M2 30008302338,FALHA DE INVERSOR,FALHA DE INVERSOR,TRAIN
601,ESTEIRA NA CURVA DO TRANSPORTE DA DESENCAIXATADORA ESCAPOU,ESTEIRA NA CURVA DO TRANSPORTE DA DESENCAIXATADORA ESCAPOU,ESCAPE DE ESTEIRA,ESCAPE DE ESTEIRA,TRAIN
602,TRAVAMENTO DO SEGMENTOS DE GARRAFAS NO REJEITO ENOS A100,TRAVAMENTO DO SEGMENTOS DE GARRAFAS NO REJEITO ENOS A100,TRAVAMENTO DE SEGMENTOS,TRAVAMENTO DE SEGMENTOS,TRAIN
603,SINCRONISCO DA ESTRELA DE ENTRADA INCORRETO OCASIONADO FALHA NO ENCHIMENTO E PERCA NA PREÇÃO (ORDEM 30008305609 ),SINCRONISCO DA ESTRELA DE ENTRADA INCORRETO OCASIONADO FALHA NO ENCHIMENTO E PERCA NA PRECAO ORDEM 30008305609,FALHA DE ENCHIMENTO,FALHA DE ENCHIMENTO,TRAIN
604,FALHA INVERSOR NO TRANSPORTE DO ALINHADOR DESCAPSULADOR,FALHA INVERSOR NO TRANSPORTE DO ALINHADOR DESCAPSULADOR,FALHA DE INVERSOR,FALHA DE INVERSOR,TRAIN
605,FALHA DE COMUNICAÇÃO DA CPU,FALHA DE COMUNICACAO DA CPU,FALHA DE COMUNICAÇÃO,FALHA DE COMUNICACAO,TRAIN
606,FALHA DE COMUNICAÇÃO DA CPU,FALHA DE COMUNICACAO DA CPU,FALHA DE COMUNICAÇÃO,FALHA DE COMUNICACAO,TRAIN
607,FALHA DE COMUNICAÇÃO DA CPU,FALHA DE COMUNICACAO DA CPU,FALHA DE COMUNICAÇÃO,FALHA DE COMUNICACAO,TRAIN
608,FALHA DE COMUNICAÇÃO DA CPU,FALHA DE COMUNICACAO DA CPU,FALHA DE COMUNICAÇÃO,FALHA DE COMUNICACAO,TRAIN
609,FALHA DE COMUNICAÇÃO DA CPU,FALHA DE COMUNICACAO DA CPU,FALHA DE COMUNICAÇÃO,FALHA DE COMUNICACAO,TRAIN
610,FALHA DE COMUNICAÇÃO DA CPU,FALHA DE COMUNICACAO DA CPU,FALHA DE COMUNICAÇÃO,FALHA DE COMUNICACAO,TRAIN
611,FALHA DE COMUNICAÇÃO DA CPU,FALHA DE COMUNICACAO DA CPU,FALHA DE COMUNICAÇÃO,FALHA DE COMUNICACAO,TRAIN
612,FALHA DE COMUNICAÇÃO DA CPU,FALHA DE COMUNICACAO DA CPU,FALHA DE COMUNICAÇÃO,FALHA DE COMUNICACAO,TRAIN
613,FALHA DE COMUNICAÇÃO DA CPU,FALHA DE COMUNICACAO DA CPU,FALHA DE COMUNICAÇÃO,FALHA DE COMUNICACAO,TRAIN
614,FALHA DE COMUNICAÇÃO CPU,FALHA DE COMUNICACAO CPU,FALHA DE COMUNICAÇÃO,FALHA DE COMUNICACAO,TRAIN
615,FALHA DE COMUNICAÇÃO DA CPU,FALHA DE COMUNICACAO DA CPU,FALHA DE COMUNICAÇÃO,FALHA DE COMUNICACAO,TRAIN
616,FALHA DE COMUNICAÇÃO DA CPU,FALHA DE COMUNICACAO DA CPU,FALHA DE COMUNICAÇÃO,FALHA DE COMUNICACAO,TRAIN
617,FALHA DE COMUNICAÇÃO DA CPU,FALHA DE COMUNICACAO DA CPU,FALHA DE COMUNICAÇÃO,FALHA DE COMUNICACAO,TRAIN
618,FALHA DE COMUNICAÇÃO DA CPU,FALHA DE COMUNICACAO DA CPU,FALHA DE COMUNICAÇÃO,FALHA DE COMUNICACAO,TRAIN
619,FALHA DE COMUNICAÇÃO DA CPU,FALHA DE COMUNICACAO DA CPU,FALHA DE COMUNICAÇÃO,FALHA DE COMUNICACAO,TRAIN
620,FALHA DE COMUNICAÇÃO DA CPU,FALHA DE COMUNICACAO DA CPU,FALHA DE COMUNICAÇÃO,FALHA DE COMUNICACAO,TRAIN
621,FALHA DE COMUNICAÇÃO DA CPU,FALHA DE COMUNICACAO DA CPU,FALHA DE COMUNICAÇÃO,FALHA DE COMUNICACAO,TRAIN
622,FALHA DE COMUNICAÇÃO DA CPU,FALHA DE COMUNICACAO DA CPU,FALHA DE COMUNICAÇÃO,FALHA DE COMUNICACAO,TRAIN
623,DESARME DO INVERSOR,DESARME DO INVERSOR,FALHA DE INVERSOR,FALHA DE INVERSOR,TRAIN
624,DESARME DO INVERSOR,DESARME DO INVERSOR,FALHA DE INVERSOR,FALHA DE INVERSOR,TRAIN
625,FALHA DE COMUNICAÇÃO DA CPU,FALHA DE COMUNICACAO DA CPU,FALHA DE COMUNICAÇÃO,FALHA DE COMUNICACAO,TRAIN
626,FALHA DE COMUNICAÇÃO DA CPU,FALHA DE COMUNICACAO DA CPU,FALHA DE COMUNICAÇÃO,FALHA DE COMUNICACAO,TRAIN
627,FALHA DE COMUNICAÇÃO DA CPU,FALHA DE COMUNICACAO DA CPU,FALHA DE COMUNICAÇÃO,FALHA DE COMUNICACAO,TRAIN
628,FALHA DE COMUNICAÇÃO DA CPU,FALHA DE COMUNICACAO DA CPU,FALHA DE COMUNICAÇÃO,FALHA DE COMUNICACAO,TRAIN
629,FALHA DE COMUNICAÇÃO DA CPU,FALHA DE COMUNICACAO DA CPU,FALHA DE COMUNICAÇÃO,FALHA DE COMUNICACAO,TRAIN
630,"FALHA DE ENCHIMENTO, VÁLVULAS ALEATÓRIAS. FEITO RESET NA PARTE ELETRÔNICA DAS VÁLVULAS.",FALHA DE ENCHIMENTO VALVULAS ALEATORIAS FEITO RESET NA PARTE ELETRONICA DAS VALVULAS,FALHA DE VÁLVULA DE ENCHIMENTO,FALHA DE VALVULA DE ENCHIMENTO,TRAIN
631,FALHA DE TRAVAMENTO DAS PINÇAS ESPULSADORAS NOTA (30008405555,FALHA DE TRAVAMENTO DAS PINCAS ESPULSADORAS NOTA 30008405555,FALHA DE PINÇA,FALHA DE PINCA,TRAIN
632,FALHA NO SISTEMA DE REJEIÇÃO,FALHA NO SISTEMA DE REJEICAO,FALHA DE REJEIÇÃO,FALHA DE REJEICAO,TEST
633,TROCA DA ELETRONICA DA VALVULA 91 30008305817,TROCA DA ELETRONICA DA VALVULA 91 30008305817,FALHA ELETRÔNICA DA VÁLVULA,FALHA ELETRONICA DA VALVULA,TRAIN
634,TROCA DA ELETRONICA DA VALVULA 91 30008305817,TROCA DA ELETRONICA DA VALVULA 91 30008305817,FALHA ELETRÔNICA DA VÁLVULA,FALHA ELETRONICA DA VALVULA,TRAIN
635,FALHA EM SENSOR DE ENTRADA,FALHA EM SENSOR DE ENTRADA,FALHA DE SENSOR,FALHA DE SENSOR,TRAIN
636,FALHA EM SENSOR DE ENTRADA,FALHA EM SENSOR DE ENTRADA,FALHA DE SENSOR,FALHA DE SENSOR,TRAIN
637,FALHA EM SENSOR DE ENTRADA,FALHA EM SENSOR DE ENTRADA,FALHA DE SENSOR,FALHA DE SENSOR,TRAIN
638,P.EQ.LINHA,P EQ LINHA,SEM MODO DE FALHA IDENTIFICADO,SEM MODO DE FALHA IDENTIFICADO,TRAIN
639,EMBOLOU FILME NA RAMPA DA MESA DE VACÚO,EMBOLOU FILME NA RAMPA DA MESA DE VACUO,FALHA DE TRAÇÃO/GUIAMENTO DE FILME,FALHA DE TRACAO GUIAMENTO DE FILME,TRAIN
640,AO ENVOLVER RÉGUA PERDEU SINCRONIZO,AO ENVOLVER REGUA PERDEU SINCRONIZO,FALHA DE SINCRONISMO,FALHA DE SINCRONISMO,TRAIN
641,ESTEIRA COM DEGRAU,ESTEIRA COM DEGRAU,DESNIVELAMENTO DE ESTEIRA,DESNIVELAMENTO DE ESTEIRA,TRAIN
642,FALHA ELÉTRICA - CURTO NA REDE,FALHA ELETRICA CURTO NA REDE,CURTO-CIRCUITO,CURTO CIRCUITO,TEST
643,FALHA NA MODULAÇÃO DE VELOCIDADE GERANDO QUEDA DE GARRAFAS,FALHA NA MODULACAO DE VELOCIDADE GERANDO QUEDA DE GARRAFAS,QUEDA DE GARRAFAS,QUEDA DE GARRAFAS,TRAIN
644,FALHA ELETRICA - CURTO NA REDE,FALHA ELETRICA CURTO NA REDE,CURTO-CIRCUITO,CURTO CIRCUITO,TEST
645,FALHA ELETRICA - CURTO NA REDE,FALHA ELETRICA CURTO NA REDE,CURTO-CIRCUITO,CURTO CIRCUITO,TEST
646,FALHA ELETRICA - CURTO NA REDE,FALHA ELETRICA CURTO NA REDE,CURTO-CIRCUITO,CURTO CIRCUITO,TEST
647,FALHA ELETRICA - CURTO NA REDE,FALHA ELETRICA CURTO NA REDE,CURTO-CIRCUITO,CURTO CIRCUITO,TEST
648,FALHA EM FONTE DE ALTA TENSÃO,FALHA EM FONTE DE ALTA TENSAO,FALHA DE FONTE DE ALIMENTAÇÃO,FALHA DE FONTE DE ALIMENTACAO,TEST
649,FALHA EM FONTE DE ALTA TENSÃO,FALHA EM FONTE DE ALTA TENSAO,FALHA DE FONTE DE ALIMENTAÇÃO,FALHA DE FONTE DE ALIMENTACAO,TEST
650,FALHA EM FONTE DE ALTA TENSÃO,FALHA EM FONTE DE ALTA TENSAO,FALHA DE FONTE DE ALIMENTAÇÃO,FALHA DE FONTE DE ALIMENTACAO,TEST
651,FALHA EM FONTE DE ALTA TENSÃO,FALHA EM FONTE DE ALTA TENSAO,FALHA DE FONTE DE ALIMENTAÇÃO,FALHA DE FONTE DE ALIMENTACAO,TEST
652,FALHA EM FONTE DE ALTA TENSÃO,FALHA EM FONTE DE ALTA TENSAO,FALHA DE FONTE DE ALIMENTAÇÃO,FALHA DE FONTE DE ALIMENTACAO,TEST
653,FALHA EM FONTE DE ALTA TENSÃO,FALHA EM FONTE DE ALTA TENSAO,FALHA DE FONTE DE ALIMENTAÇÃO,FALHA DE FONTE DE ALIMENTACAO,TEST
654,FALHA EM FONTE DE ALTA TENSÃO,FALHA EM FONTE DE ALTA TENSAO,FALHA DE FONTE DE ALIMENTAÇÃO,FALHA DE FONTE DE ALIMENTACAO,TEST
655,REALIZADA A TROCA DA PEÇA “BINÓCULO” DA ENCHEDORA DEVIDO À QUEBRA - ORDEM 30008310668,REALIZADA A TROCA DA PECA BINOCULO DA ENCHEDORA DEVIDO A QUEBRA ORDEM 30008310668,QUEBRA DE COMPONENTE,QUEBRA DE COMPONENTE,TRAIN
656,REALIZADA A TROCA DA PEÇA “BINÓCULO” DA ENCHEDORA DEVIDO À QUEBRA - ORDEM 30008310668,REALIZADA A TROCA DA PECA BINOCULO DA ENCHEDORA DEVIDO A QUEBRA ORDEM 30008310668,QUEBRA DE COMPONENTE,QUEBRA DE COMPONENTE,TRAIN
657,IDENTIFICADA AUTOLIBERAÇÃO DE PRESSÃO NO EQUIPAMENTO - ORDEM 30008310669,IDENTIFICADA AUTOLIBERACAO DE PRESSAO NO EQUIPAMENTO ORDEM 30008310669,FALHA DE PRESSURIZAÇÃO,FALHA DE PRESSURIZACAO,TRAIN
658,FALHA NO MIXER,FALHA NO MIXER,FALHA DE MISTURA,FALHA DE MISTURA,TEST
659,TWISTER DE SAIDA DA FILTEC SEGURANDO LATA/DERRUBANDO,TWISTER DE SAIDA DA FILTEC SEGURANDO LATA DERRUBANDO,FALHA DE TWISTER,FALHA DE TWISTER,TEST
660,TWISTER DE SAIDA DA FILTEC SEGURANDO LATA/DERRUBANDO,TWISTER DE SAIDA DA FILTEC SEGURANDO LATA DERRUBANDO,FALHA DE TWISTER,FALHA DE TWISTER,TEST
661,ESTEIRA COM DEGRAU,ESTEIRA COM DEGRAU,DESNIVELAMENTO DE ESTEIRA,DESNIVELAMENTO DE ESTEIRA,TRAIN
662,SENSOR DE ACIONAMENTO DE LAVAGEM DE GARRAFAS FORA DE SINCRONISMO,SENSOR DE ACIONAMENTO DE LAVAGEM DE GARRAFAS FORA DE SINCRONISMO,FALHA DE SENSOR,FALHA DE SENSOR,TRAIN
663,DEGRAU NA PASSAGEM DA MESA DE ENVOLVIMENTO OCASIONANDO QUEDA DE GARRAFAS,DEGRAU NA PASSAGEM DA MESA DE ENVOLVIMENTO OCASIONANDO QUEDA DE GARRAFAS,QUEDA DE GARRAFAS,QUEDA DE GARRAFAS,TRAIN
664,TWISTER DE SAIDA DA FILTEC SEGURANDO LATA/DERRUBANDO,TWISTER DE SAIDA DA FILTEC SEGURANDO LATA DERRUBANDO,FALHA DE TWISTER,FALHA DE TWISTER,TEST
665,ESTOURO DA SOLDA NA TROCA DE BOBINA (30008308982),ESTOURO DA SOLDA NA TROCA DE BOBINA 30008308982,FALHA DE SOLDA DE FILME,FALHA DE SOLDA DE FILME,TRAIN
666,FALHA NO SOPRADOR DA FILTEC (3000839011),FALHA NO SOPRADOR DA FILTEC 3000839011,FALHA DE INSPEÇÃO,FALHA DE INSPECAO,TRAIN
667,IDENTIFICADA AUTOLIBERAÇÃO DE PRESSÃO NO EQUIPAMENTO - ORDEM 30008310669,IDENTIFICADA AUTOLIBERACAO DE PRESSAO NO EQUIPAMENTO ORDEM 30008310669,FALHA DE PRESSURIZAÇÃO,FALHA DE PRESSURIZACAO,TRAIN
668,IDENTIFICADA AUTOLIBERAÇÃO DE PRESSÃO NO EQUIPAMENTO - ORDEM 30008310669,IDENTIFICADA AUTOLIBERACAO DE PRESSAO NO EQUIPAMENTO ORDEM 30008310669,FALHA DE PRESSURIZAÇÃO,FALHA DE PRESSURIZACAO,TRAIN
669,IDENTIFICADA AUTOLIBERAÇÃO DE PRESSÃO NO EQUIPAMENTO - ORDEM 30008310669,IDENTIFICADA AUTOLIBERACAO DE PRESSAO NO EQUIPAMENTO ORDEM 30008310669,FALHA DE PRESSURIZAÇÃO,FALHA DE PRESSURIZACAO,TRAIN
670,IDENTIFICADA AUTOLIBERAÇÃO DE PRESSÃO NO EQUIPAMENTO - ORDEM 30008310669,IDENTIFICADA AUTOLIBERACAO DE PRESSAO NO EQUIPAMENTO ORDEM 30008310669,FALHA DE PRESSURIZAÇÃO,FALHA DE PRESSURIZACAO,TRAIN
671,FALHA SENSOR DE LIBERAÇÃO DE ENCHIMENTO DANIFICADO ORDEM: 30008310554,FALHA SENSOR DE LIBERACAO DE ENCHIMENTO DANIFICADO ORDEM 30008310554,FALHA DE SENSOR,FALHA DE SENSOR,TEST
672,FALHA ELETRICA - CURTO NA REDE,FALHA ELETRICA CURTO NA REDE,CURTO-CIRCUITO,CURTO CIRCUITO,TEST
673,FALHA EM FONTE DE ALTA TENSÃO,FALHA EM FONTE DE ALTA TENSAO,FALHA DE FONTE DE ALIMENTAÇÃO,FALHA DE FONTE DE ALIMENTACAO,TEST
674,FALHA NA SAIDA DE PALETES VAZIOS (30008308978),FALHA NA SAIDA DE PALETES VAZIOS 30008308978,FALHA NA SAÍDA DE PALETES,FALHA NA SAIDA DE PALETES,TEST
675,FALHA NO SENSOR DE INSERIMENTO DE GARRAFAS FALSAS (30008308987),FALHA NO SENSOR DE INSERIMENTO DE GARRAFAS FALSAS 30008308987,FALHA DE SENSOR,FALHA DE SENSOR,TEST
676,LIBERAÇÃO DE LATAS TESTE NIVEL BAIXO E AUTO (30008308980),LIBERACAO DE LATAS TESTE NIVEL BAIXO E AUTO 30008308980,FALHA DE ENCHIMENTO,FALHA DE ENCHIMENTO,TRAIN
677,"VELOCIDADE BAIXA NA PARTIDA DEVIDO A FALHA DE ENCHIMENTO DE VALVULAS ALEATORIAS (41,63 E 89) 30008308983",VELOCIDADE BAIXA NA PARTIDA DEVIDO A FALHA DE ENCHIMENTO DE VALVULAS ALEATORIAS 41 63 E 89 30008308983,FALHA DE VÁLVULA DE ENCHIMENTO,FALHA DE VALVULA DE ENCHIMENTO,TRAIN
678,ESTEIRA DANIFICADA (30008309007) MOTOR 231,ESTEIRA DANIFICADA 30008309007 MOTOR 231,FALHA DE MOTOR,FALHA DE MOTOR,TRAIN
679,"CONECTOR DE ALIMENTAÇÃO EM FALHA, MAL CONTATO 30008310508 / MASTERIZAÇÃO DO EQUIPAMENTO E LIBERADO",CONECTOR DE ALIMENTACAO EM FALHA MAL CONTATO 30008310508 MASTERIZACAO DO EQUIPAMENTO E LIBERADO,PERDA DE REFERÊNCIA,PERDA DE REFERENCIA,TRAIN
680,SENSOR FAZENDO A LEITURA ERRADA E SOLTANDO AS CAIXAS .ORDEM.30008310508,SENSOR FAZENDO A LEITURA ERRADA E SOLTANDO AS CAIXAS ORDEM 30008310508,FALHA DE SENSOR,FALHA DE SENSOR,TRAIN
681,"DATADORA PARANDO ,ELÉTRICA ATUANDO.ORDEM.30008310582",DATADORA PARANDO ELETRICA ATUANDO ORDEM 30008310582,FALHA DE CODIFICAÇÃO,FALHA DE CODIFICACAO,TRAIN
682,CABO CONECTOR QUEBRADO.OBS.O SENSOR NÃO LÊ .ORDEM.30008310596,CABO CONECTOR QUEBRADO OBS O SENSOR NAO LE ORDEM 30008310596,FALHA DE SENSOR,FALHA DE SENSOR,TRAIN
683,ECESSO DE REJEITO DA FILTEC - NOTA 30008310630,ECESSO DE REJEITO DA FILTEC NOTA 30008310630,FALHA DE REJEIÇÃO,FALHA DE REJEICAO,TRAIN
684,ECESSO DE REJEITO DA FILTEC - NOTA 30008310630,ECESSO DE REJEITO DA FILTEC NOTA 30008310630,FALHA DE REJEIÇÃO,FALHA DE REJEICAO,TRAIN
685,EXCESSO DE FALSO REJEITO,EXCESSO DE FALSO REJEITO,FALHA DE REJEIÇÃO,FALHA DE REJEICAO,TRAIN
686,SENSOR FORA DE POSIÇÃO,SENSOR FORA DE POSICAO,FALHA DE SENSOR,FALHA DE SENSOR,TRAIN
687,"PALLET PARANDO FORA DE POSIÇÃO, PRECISANDO FAZER O MANUAL",PALLET PARANDO FORA DE POSICAO PRECISANDO FAZER O MANUAL,TRAVAMENTO DE PALETE,TRAVAMENTO DE PALETE,TEST
688,FALHA NO CICLO AUTOMATICO DE TROCA DE MAGAZINE DE CARTÃO,FALHA NO CICLO AUTOMATICO DE TROCA DE MAGAZINE DE CARTAO,FALHA DE MAGAZINE,FALHA DE MAGAZINE,TRAIN
689,"QUEDA DE LATAS NO TRANSPORTE, GERANDO ACUMULO DE LATAS NO ALINHADOR DA FILTEC",QUEDA DE LATAS NO TRANSPORTE GERANDO ACUMULO DE LATAS NO ALINHADOR DA FILTEC,FALHA DE ACÚMULO NO TRANSPORTE,FALHA DE ACUMULO NO TRANSPORTE,TRAIN
690,QUEDA DE LATAS NO TRANSPORTE GERANDO ACCUMULO DE LATAS NO ALINHADOR/ENTRADA DA EMPACOTADORA,QUEDA DE LATAS NO TRANSPORTE GERANDO ACCUMULO DE LATAS NO ALINHADOR ENTRADA DA EMPACOTADORA,QUEDA DE LATAS,QUEDA DE LATAS,TRAIN
691,DESARME DO MOTOR DO TRANSPORTE DE PACOTES 300008310742,DESARME DO MOTOR DO TRANSPORTE DE PACOTES 300008310742,DESARME DE MOTOR,DESARME DE MOTOR,TEST
692,FOI ALTERADO O PARAMETRO A22(DE 285 PARA 205) POSIÇÃO DE PARADA DO FILME E FACA DO CORTE TRANSVERSAL ESTAVAM PARANDO EM POSIÇÃO ERRADA 30008310741,FOI ALTERADO O PARAMETRO A22 DE 285 PARA 205 POSICAO DE PARADA DO FILME E FACA DO CORTE TRANSVERSAL ESTAVAM PARANDO EM POSICAO ERRADA 30008310741,FALHA DE CORTE DE FILME,FALHA DE CORTE DE FILME,TRAIN
693,FOI ALTERADO O PARAMETRO A22(DE 285 PARA 205) POSIÇÃO DE PARADA DO FILME E FACA DO CORTE TRANSVERSAL ESTAVAM PARANDO EM POSIÇÃO ERRADA 30008310741,FOI ALTERADO O PARAMETRO A22 DE 285 PARA 205 POSICAO DE PARADA DO FILME E FACA DO CORTE TRANSVERSAL ESTAVAM PARANDO EM POSICAO ERRADA 30008310741,FALHA DE CORTE DE FILME,FALHA DE CORTE DE FILME,TRAIN
694,FALHA NO ENVOLVIMENTO DO PACOTE,FALHA NO ENVOLVIMENTO DO PACOTE,FALHA DE ENVOLVIMENTO,FALHA DE ENVOLVIMENTO,TRAIN
695,GARRAFAS ENTRANDO TORTAS NAS ARTICULAÇÕES 30008310557,GARRAFAS ENTRANDO TORTAS NAS ARTICULACOES 30008310557,GARRAFAS FORA DE POSIÇÃO,GARRAFAS FORA DE POSICAO,TRAIN
696,FALHA SENSOR DE LIBERAÇÃO DE ENCHIMENTO DANIFICADO ORDEM: 30008310554,FALHA SENSOR DE LIBERACAO DE ENCHIMENTO DANIFICADO ORDEM 30008310554,FALHA DE SENSOR,FALHA DE SENSOR,TEST
697,FALHA SENSOR DE SEGURANÇA ROSCA SEM FIM DE ENTRADA DO DESCAPSULADOR ORDEM: 30008310555,FALHA SENSOR DE SEGURANCA ROSCA SEM FIM DE ENTRADA DO DESCAPSULADOR ORDEM 30008310555,FALHA DE SENSOR,FALHA DE SENSOR,TRAIN
698,AJUSTE NA SENSIBILIDADE DO SENSOR DE LIBERAÇÃO DE TAMPAS PARA A ESTRELA,AJUSTE NA SENSIBILIDADE DO SENSOR DE LIBERACAO DE TAMPAS PARA A ESTRELA,FALHA DE SENSOR,FALHA DE SENSOR,TRAIN
699,VAZAMENTO DE SODA NA VALVULA DO TANQUE 2 30008310740,VAZAMENTO DE SODA NA VALVULA DO TANQUE 2 30008310740,VAZAMENTO EM VÁLVULA,VAZAMENTO EM VALVULA,TRAIN
700,VAZAMENTO DE SODA NO TANQUE 2 30008310740,VAZAMENTO DE SODA NO TANQUE 2 30008310740,VAZAMENTO,VAZAMENTO,TRAIN
701,PALLET CHEIO NAO QUERIA SAIR DE POSIÇÃO,PALLET CHEIO NAO QUERIA SAIR DE POSICAO,TRAVAMENTO DE PALETE,TRAVAMENTO DE PALETE,TRAIN
702,LATAS TOMBANDO NA SAIDA DO SOPRADOR ÁPOS ALINHADOR 30008310615,LATAS TOMBANDO NA SAIDA DO SOPRADOR APOS ALINHADOR 30008310615,ENROSCO DE LATAS,ENROSCO DE LATAS,TRAIN
703,SENSOR FORA ÁPOS LATA CAIR EM CIMA DO MESMO,SENSOR FORA APOS LATA CAIR EM CIMA DO MESMO,FALHA DE SENSOR,FALHA DE SENSOR,TRAIN
704,FALHA NO PAINEL GERANDO PARADA DO TRANSPORTE DA FILTEC,FALHA NO PAINEL GERANDO PARADA DO TRANSPORTE DA FILTEC,FALHA DE INSPEÇÃO,FALHA DE INSPECAO,TEST
705,LATAS TOMBANDO NA SAIDA DO SOPRADOR ÁPOS ALINHADOR 30008310615,LATAS TOMBANDO NA SAIDA DO SOPRADOR APOS ALINHADOR 30008310615,ENROSCO DE LATAS,ENROSCO DE LATAS,TRAIN
706,FALHA DE COMUNICAÇÃO COM ETHERNET,FALHA DE COMUNICACAO COM ETHERNET,FALHA DE COMUNICAÇÃO,FALHA DE COMUNICACAO,TRAIN
707,ESTOURO DE SOLDA NA TROCA DE BOBINA MANDRIL N°2 PARA MANDRIL N°1 300008310741,ESTOURO DE SOLDA NA TROCA DE BOBINA MANDRIL N 2 PARA MANDRIL N 1 300008310741,FALHA DE SOLDA DE FILME,FALHA DE SOLDA DE FILME,TRAIN
708,FALHA DE INVERSOR N°305,FALHA DE INVERSOR N 305,FALHA DE INVERSOR,FALHA DE INVERSOR,TRAIN
709,ESTOURO DA SOLDA DO FILME NA TROCA DE BOBINA MANDRIL N°2 PARA MANDRIL N°1,ESTOURO DA SOLDA DO FILME NA TROCA DE BOBINA MANDRIL N 2 PARA MANDRIL N 1,FALHA DE SOLDA DE FILME,FALHA DE SOLDA DE FILME,TRAIN
710,ESTOURO DA SOLDA DO FILME NA TROCA DE BOBINA MANDRIL N°2 PARA MANDRIL N°1,ESTOURO DA SOLDA DO FILME NA TROCA DE BOBINA MANDRIL N 2 PARA MANDRIL N 1,FALHA DE SOLDA DE FILME,FALHA DE SOLDA DE FILME,TRAIN
711,FALHA ELETRICA NO TRASPORTE DE SAIDA DE ENCAIXOTADORA,FALHA ELETRICA NO TRASPORTE DE SAIDA DE ENCAIXOTADORA,FALHA ELÉTRICA DO TRANSPORTE,FALHA ELETRICA DO TRANSPORTE,TEST
712,FALHA NO ENCHIMENTO DA VL 24 FREIO DA BORBOLETA FOI VIRADO TROCA DAS MOLAS DO SNIFT,FALHA NO ENCHIMENTO DA VL 24 FREIO DA BORBOLETA FOI VIRADO TROCA DAS MOLAS DO SNIFT,FALHA DE VÁLVULA DE ENCHIMENTO,FALHA DE VALVULA DE ENCHIMENTO,TRAIN
713,FALHA NA CODIFICAÇÃO ( SEGREGAÇÃO DE 6 PALETES DE FTA UVA),FALHA NA CODIFICACAO SEGREGACAO DE 6 PALETES DE FTA UVA,FALHA DE CODIFICAÇÃO,FALHA DE CODIFICACAO,TRAIN
714,FALHA DE REJEIÇÃO 30008313283,FALHA DE REJEICAO 30008313283,FALHA DE REJEIÇÃO,FALHA DE REJEICAO,TRAIN
715,FALHA DE REJEIÇÃO 30008313283,FALHA DE REJEICAO 30008313283,FALHA DE REJEIÇÃO,FALHA DE REJEICAO,TRAIN
716,FALHA DE REJEIÇÃO 30008313283,FALHA DE REJEICAO 30008313283,FALHA DE REJEIÇÃO,FALHA DE REJEICAO,TRAIN
717,FALHA DE REJEIÇÃO,FALHA DE REJEICAO,FALHA DE REJEIÇÃO,FALHA DE REJEICAO,TRAIN
718,TRANSPORTE TRAVOU,TRANSPORTE TRAVOU,TRAVAMENTO DE TRANSPORTE,TRAVAMENTO DE TRANSPORTE,TRAIN
719,"TRANSPORTE DE PACOTE FURANDO LATAS, MOLHANDO DE BEBIDA OS ROLETES E IMPACTANDO NA FORMAÇÃO DE CAMADA, FOI PRECISO REALIZAR A LIMPEZA DO SISTEMA",TRANSPORTE DE PACOTE FURANDO LATAS MOLHANDO DE BEBIDA OS ROLETES E IMPACTANDO NA FORMACAO DE CAMADA FOI PRECISO REALIZAR A LIMPEZA DO SISTEMA,FALHA DE ROLETES,FALHA DE ROLETES,TRAIN
720,FALHA NA FORMAÇÃO DE CAMADA E NO PEGA DAS CAMAS,FALHA NA FORMACAO DE CAMADA E NO PEGA DAS CAMAS,FALHA DE FORMAÇÃO DE CAMADA,FALHA DE FORMACAO DE CAMADA,TRAIN
721,SUPORTE DA TULIPA DA VÁLVULA NUMERO 5 SOLTOU / NOTA : 30008313189,SUPORTE DA TULIPA DA VALVULA NUMERO 5 SOLTOU NOTA 30008313189,FALHA DE FIXAÇÃO DA TULIPA,FALHA DE FIXACAO DA TULIPA,TRAIN
722,FALHA NA PORTA DO SISTEMA NOVO DE SEGURANÇA DE TROCA DE BOBINA,FALHA NA PORTA DO SISTEMA NOVO DE SEGURANCA DE TROCA DE BOBINA,FALHA NA TROCA DE BOBINA,FALHA NA TROCA DE BOBINA,TRAIN
723,GUIA DE SAIDA DO FORNO DA EMPACOTADORA COM CALÇO PARA CORRIGIR A DEFORMAÇÃO DO GUIA/MA FORMAÇÃO NO PACOTE,GUIA DE SAIDA DO FORNO DA EMPACOTADORA COM CALCO PARA CORRIGIR A DEFORMACAO DO GUIA MA FORMACAO NO PACOTE,DEFORMAÇÃO/DESALINHAMENTO DE GUIA,DEFORMACAO DESALINHAMENTO DE GUIA,TRAIN
724,"QUEDA DE LATA NO TRANSPORTE, GERANDO ACUMULO DE LATAS NO ALINHADOR",QUEDA DE LATA NO TRANSPORTE GERANDO ACUMULO DE LATAS NO ALINHADOR,FALHA DE ACÚMULO NO TRANSPORTE,FALHA DE ACUMULO NO TRANSPORTE,TRAIN
725,"TRANSPORTE DE PACOTE FURANDO LATAS E GERANDO FALHA NA PALETIZADORA, MOLHANDO DE BEBIDA OS ROLETES 30008313284:",TRANSPORTE DE PACOTE FURANDO LATAS E GERANDO FALHA NA PALETIZADORA MOLHANDO DE BEBIDA OS ROLETES 30008313284,FALHA DE ROLETES,FALHA DE ROLETES,TEST
726,"QUEDA DE LATA NO TRANSPORTE, GERANDO ACUMULO DE LATAS NO ALINHADOR",QUEDA DE LATA NO TRANSPORTE GERANDO ACUMULO DE LATAS NO ALINHADOR,FALHA DE ACÚMULO NO TRANSPORTE,FALHA DE ACUMULO NO TRANSPORTE,TRAIN
727,"TRANSPORTE DE PACOTE FURANDO LATAS, MOLHANDO DE BEBIDA OS ROLETES E IMPACTANDO NA FORMAÇÃO DE CAMADA, FOI PRECISO REALIZAR A LIMPEZA DO SISTEMA",TRANSPORTE DE PACOTE FURANDO LATAS MOLHANDO DE BEBIDA OS ROLETES E IMPACTANDO NA FORMACAO DE CAMADA FOI PRECISO REALIZAR A LIMPEZA DO SISTEMA,FALHA DE ROLETES,FALHA DE ROLETES,TRAIN
728,FALHA NA PORTA DO SISTEMA NOVO DE SEGURANÇA DE TROCA DE BOBINA,FALHA NA PORTA DO SISTEMA NOVO DE SEGURANCA DE TROCA DE BOBINA,FALHA NA TROCA DE BOBINA,FALHA NA TROCA DE BOBINA,TRAIN
729,"FALHA NO INVERSOR 208, ORDEM : 30008313195",FALHA NO INVERSOR 208 ORDEM 30008313195,FALHA DE INVERSOR,FALHA DE INVERSOR,TEST
730,QUEDA DE LATAS NO TRANSPORTE GERANDO ACUMULO NO ALINHADOR,QUEDA DE LATAS NO TRANSPORTE GERANDO ACUMULO NO ALINHADOR,FALHA DE ACÚMULO NO TRANSPORTE,FALHA DE ACUMULO NO TRANSPORTE,TEST
731,"TRANSPORTE DE PACOTE FURANDO LATAS, MOLHANDO DE BEBIDA OS ROLETES E IMPACTANDO NA FORMAÇÃO DE CAMADA, FOI PRECISO REALIZAR A LIMPEZA DO SISTEMA",TRANSPORTE DE PACOTE FURANDO LATAS MOLHANDO DE BEBIDA OS ROLETES E IMPACTANDO NA FORMACAO DE CAMADA FOI PRECISO REALIZAR A LIMPEZA DO SISTEMA,FALHA DE ROLETES,FALHA DE ROLETES,TRAIN
732,"FALHA NO INVERSOR 208, ORDEM : 30008313195",FALHA NO INVERSOR 208 ORDEM 30008313195,FALHA DE INVERSOR,FALHA DE INVERSOR,TEST
733,"TRANSPORTE DE PACOTE FURANDO LATAS, MOLHANDO DE BEBIDA OS ROLETES E IMPACTANDO NA FORMAÇÃO DE CAMADA, FOI PRECISO REALIZAR A LIMPEZA DO SISTEMA",TRANSPORTE DE PACOTE FURANDO LATAS MOLHANDO DE BEBIDA OS ROLETES E IMPACTANDO NA FORMACAO DE CAMADA FOI PRECISO REALIZAR A LIMPEZA DO SISTEMA,FALHA DE ROLETES,FALHA DE ROLETES,TRAIN
734,EXCESSO DE FALSO REJEITO,EXCESSO DE FALSO REJEITO,FALHA DE REJEIÇÃO,FALHA DE REJEICAO,TRAIN
735,"QUEDA DE GARRAFAS DENTRO DA ENCA, FALTA DE GARRAFAS NAS CAIXAS RESET NO INSPETOR DE GARRAFAS",QUEDA DE GARRAFAS DENTRO DA ENCA FALTA DE GARRAFAS NAS CAIXAS RESET NO INSPETOR DE GARRAFAS,FALHA DE INSPEÇÃO,FALHA DE INSPECAO,TRAIN
736,"FIO SOLTO DENTRO DO IHM DA PALETIZADORA, PAINEL DESLIGADO E MAQUINA PARADA",FIO SOLTO DENTRO DO IHM DA PALETIZADORA PAINEL DESLIGADO E MAQUINA PARADA,FALHA DE IHM,FALHA DE IHM,TRAIN
737,"QUEDA DE GARRAFAS DENTRO DA ENCA, FALTA DE GARRAFAS NAS CAIXAS RESET NO INSPETOR DE GARRAFAS",QUEDA DE GARRAFAS DENTRO DA ENCA FALTA DE GARRAFAS NAS CAIXAS RESET NO INSPETOR DE GARRAFAS,FALHA DE INSPEÇÃO,FALHA DE INSPECAO,TRAIN
738,SENSOR DE PEGA DO CABEÇOTE ESTÁ COM MAU CONTATO AS VEZES PEGA AS VEZES NÃO.,SENSOR DE PEGA DO CABECOTE ESTA COM MAU CONTATO AS VEZES PEGA AS VEZES NAO,FALHA DE SENSOR,FALHA DE SENSOR,TRAIN
739,"FALHA ,FALTANDO GARRAFAS PARA A ENTRADA DA ENCHEDORA.",FALHA FALTANDO GARRAFAS PARA A ENTRADA DA ENCHEDORA,FALHA DE ALIMENTAÇÃO DE GARRAFAS,FALHA DE ALIMENTACAO DE GARRAFAS,TRAIN
740,"PROBLEMA NO SENSORES ,FALTANDO GARRAFAS PARA A ENTRADA DA ENCHEDORA.",PROBLEMA NO SENSORES FALTANDO GARRAFAS PARA A ENTRADA DA ENCHEDORA,FALHA DE ALIMENTAÇÃO DE GARRAFAS,FALHA DE ALIMENTACAO DE GARRAFAS,TEST
741,"PROBLEMA DE VAZAMENTO NA VALVULA 91, CAUSANDO NIVEL BAIXO",PROBLEMA DE VAZAMENTO NA VALVULA 91 CAUSANDO NIVEL BAIXO,VAZAMENTO EM VÁLVULA,VAZAMENTO EM VALVULA,TRAIN
742,FALHA NO SISTEMA DE REFRIGERACAO DE FUNDO DA GARRAFA,FALHA NO SISTEMA DE REFRIGERACAO DE FUNDO DA GARRAFA,FALHA NA REFRIGERAÇÃO DE FUNDO,FALHA NA REFRIGERACAO DE FUNDO,TRAIN
743,QUEDA DE GARRAFAS IMPEDINDO O FLUXO DE AGUA REALIZADO A LIMPEZA,QUEDA DE GARRAFAS IMPEDINDO O FLUXO DE AGUA REALIZADO A LIMPEZA,QUEDA DE GARRAFAS,QUEDA DE GARRAFAS,TRAIN
744,AJUSTE DA VELOCIDADE DEVIDO A QUEDA DE GARRAFAS,AJUSTE DA VELOCIDADE DEVIDO A QUEDA DE GARRAFAS,QUEDA DE GARRAFAS,QUEDA DE GARRAFAS,TRAIN
745,AJUSTE DA VELOCIDADE DEVIDO A QUEDA DE GARRAFAS,AJUSTE DA VELOCIDADE DEVIDO A QUEDA DE GARRAFAS,QUEDA DE GARRAFAS,QUEDA DE GARRAFAS,TRAIN
746,"SUPORTE SUPERIOR DO TRANSPORTE DE GFS CHEIA QUEBRADA ,REALIZADO A SOLDA OORDEM 30008315724",SUPORTE SUPERIOR DO TRANSPORTE DE GFS CHEIA QUEBRADA REALIZADO A SOLDA OORDEM 30008315724,QUEBRA DE TRANSPORTE,QUEBRA DE TRANSPORTE,TEST
747,CENTRADOR DE CAIXAS FORA DA POSIÇÃO ORDEM: 30008315318,CENTRADOR DE CAIXAS FORA DA POSICAO ORDEM 30008315318,DESALINHAMENTO DE CENTRADOR,DESALINHAMENTO DE CENTRADOR,TRAIN
748,"TRANSPORTE GARRAFAS CHEIAS DESARMOU, FOI NECESSARIO REARMAR O TRANSPORTE",TRANSPORTE GARRAFAS CHEIAS DESARMOU FOI NECESSARIO REARMAR O TRANSPORTE,DESARME DE TRANSPORTE,DESARME DE TRANSPORTE,TRAIN
749,TRAVAMENTO SEGMENTOS DE GARRAFAS NO REJEITOR ENOS A100,TRAVAMENTO SEGMENTOS DE GARRAFAS NO REJEITOR ENOS A100,TRAVAMENTO DE SEGMENTOS,TRAVAMENTO DE SEGMENTOS,TRAIN
750,ROMPIMENTO DO CABO DO SENSOR DE PRESENÇA DE CAIXAS,ROMPIMENTO DO CABO DO SENSOR DE PRESENCA DE CAIXAS,FALHA DE SENSOR,FALHA DE SENSOR,TEST
751,AJUSTE NA SENSIBILIDADE DO SENSOR DE LIBERAÇÃO DE TAMPAS PARA A ESTRELA,AJUSTE NA SENSIBILIDADE DO SENSOR DE LIBERACAO DE TAMPAS PARA A ESTRELA,FALHA DE SENSOR,FALHA DE SENSOR,TRAIN
752,FILME ENROSCANDO NA SUBIDA DA MESA DE ENVOLVIMENTO - ORDEM 30008316231,FILME ENROSCANDO NA SUBIDA DA MESA DE ENVOLVIMENTO ORDEM 30008316231,FALHA DE ENVOLVIMENTO,FALHA DE ENVOLVIMENTO,TRAIN
753,QUEBRA DA LINGUETA DA PORTA DE SEGURANÇA - ORDEM 30008316233,QUEBRA DA LINGUETA DA PORTA DE SEGURANCA ORDEM 30008316233,FALHA DE PORTA DE SEGURANÇA,FALHA DE PORTA DE SEGURANCA,TRAIN
754,FILME ENROSCANDO NA SUBIDA DA MESA DE ENVOLVIMENTO - ORDEM 30008316231,FILME ENROSCANDO NA SUBIDA DA MESA DE ENVOLVIMENTO ORDEM 30008316231,FALHA DE ENVOLVIMENTO,FALHA DE ENVOLVIMENTO,TRAIN
755,QUEBRA DA LINGUETA DA PORTA DE SEGURANÇA - ORDEM 30008316233,QUEBRA DA LINGUETA DA PORTA DE SEGURANCA ORDEM 30008316233,FALHA DE PORTA DE SEGURANÇA,FALHA DE PORTA DE SEGURANCA,TRAIN
756,FILME ENROSCANDO NA SUBIDA DA MESA DE ENVOLVIMENTO - ORDEM 30008316231,FILME ENROSCANDO NA SUBIDA DA MESA DE ENVOLVIMENTO ORDEM 30008316231,FALHA DE ENVOLVIMENTO,FALHA DE ENVOLVIMENTO,TRAIN
757,FILME ENROSCANDO NA SUBIDA DA MESA DE ENVOLVIMENTO - ORDEM 30008316231,FILME ENROSCANDO NA SUBIDA DA MESA DE ENVOLVIMENTO ORDEM 30008316231,FALHA DE ENVOLVIMENTO,FALHA DE ENVOLVIMENTO,TRAIN
758,"QUEBRA DO PARAFUSO DO PRENSADOR DE CAMADA, IMPEDINDO A PRANCHA DE CONCLUIR O CICLO - ORDEM 30008316236",QUEBRA DO PARAFUSO DO PRENSADOR DE CAMADA IMPEDINDO A PRANCHA DE CONCLUIR O CICLO ORDEM 30008316236,QUEBRA DE PARAFUSO,QUEBRA DE PARAFUSO,TRAIN
759,"QUEBRA DO PARAFUSO DO PRENSADOR DE CAMADA, IMPEDINDO A PRANCHA DE CONCLUIR O CICLO - ORDEM 300083162",QUEBRA DO PARAFUSO DO PRENSADOR DE CAMADA IMPEDINDO A PRANCHA DE CONCLUIR O CICLO ORDEM 300083162,QUEBRA DE PARAFUSO,QUEBRA DE PARAFUSO,TRAIN
760,FALHA NO SENSOR DE GARRAFAS FALSAS - ORDEM 30008317239,FALHA NO SENSOR DE GARRAFAS FALSAS ORDEM 30008317239,FALHA DE SENSOR,FALHA DE SENSOR,TEST
761,FALHA NO SENSOR DE SEGURANÇA DO REDUTOR - ORDEM 30008316240,FALHA NO SENSOR DE SEGURANCA DO REDUTOR ORDEM 30008316240,FALHA DE SENSOR,FALHA DE SENSOR,TRAIN
762,FALHA NO TRANSPORTE DE LATAS VAZIAS 30008316237,FALHA NO TRANSPORTE DE LATAS VAZIAS 30008316237,FALHA DE ENCHIMENTO,FALHA DE ENCHIMENTO,TEST
763,FALHA NO TRANSPORTE DE LATAS VAZIAS 30008316237,FALHA NO TRANSPORTE DE LATAS VAZIAS 30008316237,FALHA DE ENCHIMENTO,FALHA DE ENCHIMENTO,TEST
764,FALHA NO SENSOR DE TAMPAS DA ESTRELA - ORDEM 30008316235,FALHA NO SENSOR DE TAMPAS DA ESTRELA ORDEM 30008316235,FALHA DE SENSOR,FALHA DE SENSOR,TEST
765,VELOCIDADE DOS TRANSPORTE DESREGULADA OCASIONADO QUEDADE GARRAFAS NO ALINHADOR,VELOCIDADE DOS TRANSPORTE DESREGULADA OCASIONADO QUEDADE GARRAFAS NO ALINHADOR,FALHA DE VELOCIDADE DO TRANSPORTE,FALHA DE VELOCIDADE DO TRANSPORTE,TRAIN
766,TROCA DO BOCAL 9 30008316202,TROCA DO BOCAL 9 30008316202,FALHA DE TAMPAMENTO,FALHA DE TAMPAMENTO,TRAIN
767,"VARIAÇÃO NO ENVOLVIMENTO DO FILME, GERANDO PACOTES COM A JANELA ABERTA IMPACTANDO NA FORMAÇÃO DE CAMADA NA PALETIZADORA, NOTA : 13078451",VARIACAO NO ENVOLVIMENTO DO FILME GERANDO PACOTES COM A JANELA ABERTA IMPACTANDO NA FORMACAO DE CAMADA NA PALETIZADORA NOTA 13078451,FALHA DE ENVOLVIMENTO,FALHA DE ENVOLVIMENTO,TRAIN
768,MANGUEIRAS RESSECADAS NO FORNO,MANGUEIRAS RESSECADAS NO FORNO,DEGRADAÇÃO DE MANGUEIRA,DEGRADACAO DE MANGUEIRA,TRAIN
769,MANGUEIRAS RESSECADAS NO FORNO,MANGUEIRAS RESSECADAS NO FORNO,DEGRADAÇÃO DE MANGUEIRA,DEGRADACAO DE MANGUEIRA,TRAIN
770,FALHA NA MODULAÇÃO DE VELOCIDADE DO TRANSPORTE / 30008318120,FALHA NA MODULACAO DE VELOCIDADE DO TRANSPORTE 30008318120,FALHA DE VELOCIDADE DO TRANSPORTE,FALHA DE VELOCIDADE DO TRANSPORTE,TRAIN
771,SENSOR CONTAGEM ENTRADA DE CAIXAS FALHANDO / 30008318121,SENSOR CONTAGEM ENTRADA DE CAIXAS FALHANDO 30008318121,FALHA DE SENSOR,FALHA DE SENSOR,TRAIN
772,SENSOR DANIFICADO 30008318191,SENSOR DANIFICADO 30008318191,FALHA DE SENSOR,FALHA DE SENSOR,TRAIN
773,SENSOR DANIFICADO 30008318191,SENSOR DANIFICADO 30008318191,FALHA DE SENSOR,FALHA DE SENSOR,TRAIN
774,SENSOR DANIFICADO 30008318191,SENSOR DANIFICADO 30008318191,FALHA DE SENSOR,FALHA DE SENSOR,TRAIN
775,FALTA DE TAMPA NA TOLVA / VIBRADOR EM FALHA,FALTA DE TAMPA NA TOLVA VIBRADOR EM FALHA,FALHA DE ALIMENTAÇÃO DE TAMPAS,FALHA DE ALIMENTACAO DE TAMPAS,TRAIN
776,FALTA DE TAMPA NA TOLVA/ VIBRADOR EM FALHA,FALTA DE TAMPA NA TOLVA VIBRADOR EM FALHA,FALHA DE ALIMENTAÇÃO DE TAMPAS,FALHA DE ALIMENTACAO DE TAMPAS,TRAIN
777,DESARME NO PAINEL ELÉTRICO,DESARME NO PAINEL ELETRICO,FALHA ELÉTRICA SEM COMPONENTE IDENTIFICADO,FALHA ELETRICA SEM COMPONENTE IDENTIFICADO,TRAIN
778,QUEBRA DA REGUA(30008320897),QUEBRA DA REGUA 30008320897,QUEBRA DE RÉGUA,QUEBRA DE REGUA,TEST
779,GARRAFAS SEM TAMPAS GERANDO ENROSCO NOS GUIAS DE PASSAGEM DA EMPACOTADORA,GARRAFAS SEM TAMPAS GERANDO ENROSCO NOS GUIAS DE PASSAGEM DA EMPACOTADORA,ENROSCO DE TAMPAS,ENROSCO DE TAMPAS,TRAIN
780,"GARRAFA ENTRANDO TORTA E CAINDO NAS VALVULAS, REALIZADO SINCRONISMO E PONTO ZERO",GARRAFA ENTRANDO TORTA E CAINDO NAS VALVULAS REALIZADO SINCRONISMO E PONTO ZERO,FALHA DE VÁLVULA,FALHA DE VALVULA,TEST
781,FALHA DE ENVOLVIMENTO E ESTOURO DE LATAS 30008320911,FALHA DE ENVOLVIMENTO E ESTOURO DE LATAS 30008320911,ROMPIMENTO DE FILME,ROMPIMENTO DE FILME,TRAIN
782,FALHA DE ENVOLVIMENTO E ESTOURO DE LATAS 30008320911,FALHA DE ENVOLVIMENTO E ESTOURO DE LATAS 30008320911,ROMPIMENTO DE FILME,ROMPIMENTO DE FILME,TRAIN
783,FALHA NO RELE DE SEGURANÇA DE PARAGEM DE EMERGIA,FALHA NO RELE DE SEGURANCA DE PARAGEM DE EMERGIA,FALHA DE RELÉ DE SEGURANÇA,FALHA DE RELE DE SEGURANCA,TEST
784,QUEDA DE LATAS GERANDO ACUMULO DE LATAS NO ALINHADOR,QUEDA DE LATAS GERANDO ACUMULO DE LATAS NO ALINHADOR,QUEDA DE LATAS,QUEDA DE LATAS,TRAIN
785,QUEBRA DO SUPORTE DO SENSOR DO ALINHADOR ORDEN 30008320899,QUEBRA DO SUPORTE DO SENSOR DO ALINHADOR ORDEN 30008320899,FALHA DE SENSOR,FALHA DE SENSOR,TRAIN
786,QUEBRA DA CORREIA 30008319806,QUEBRA DA CORREIA 30008319806,QUEBRA DE CORREIA,QUEBRA DE CORREIA,TRAIN
787,CABO ROMPIDO SENSOR DE ALTURA DO CABEÇOTE,CABO ROMPIDO SENSOR DE ALTURA DO CABECOTE,FALHA DE SENSOR,FALHA DE SENSOR,TEST
788,"PATINS SAINDO DO TRILHO, GERANDO MA FORMAÇÃO DE CAMADA NOTA 13154560",PATINS SAINDO DO TRILHO GERANDO MA FORMACAO DE CAMADA NOTA 13154560,FALHA DE PATINS,FALHA DE PATINS,TEST
789,"SAINDO PACOTES MAL FORMADOS, NOTA : 13078451",SAINDO PACOTES MAL FORMADOS NOTA 13078451,FALHA DE FORMAÇÃO DE PACOTE,FALHA DE FORMACAO DE PACOTE,TRAIN
790,"SAINDO PACOTES MAL FORMADOS, NOTA : 13078451",SAINDO PACOTES MAL FORMADOS NOTA 13078451,FALHA DE FORMAÇÃO DE PACOTE,FALHA DE FORMACAO DE PACOTE,TRAIN
791,"PATINS SAINDO DO TRILHO, GERANDO MAL FORMAÇÃO DE CAMADA",PATINS SAINDO DO TRILHO GERANDO MAL FORMACAO DE CAMADA,FALHA DE PATINS,FALHA DE PATINS,TRAIN
792,"SAINDO PACOTES MAL FORMADOS, NOTA : 13078451",SAINDO PACOTES MAL FORMADOS NOTA 13078451,FALHA DE FORMAÇÃO DE PACOTE,FALHA DE FORMACAO DE PACOTE,TRAIN
793,CRASH DE LATAS NA ESTRELA DE ENTRADA PARA O SISTEMA DE ENCHIMENTO,CRASH DE LATAS NA ESTRELA DE ENTRADA PARA O SISTEMA DE ENCHIMENTO,CRASH DE LATAS,CRASH DE LATAS,TRAIN
794,"SAINDO PACOTES MAL FORMADOS, NOTA : 13078451",SAINDO PACOTES MAL FORMADOS NOTA 13078451,FALHA DE FORMAÇÃO DE PACOTE,FALHA DE FORMACAO DE PACOTE,TRAIN
795,FALHA DE ENVOLVIMENTO E QUEDA DE LATAS 30008320911,FALHA DE ENVOLVIMENTO E QUEDA DE LATAS 30008320911,QUEDA DE LATAS,QUEDA DE LATAS,TRAIN
796,FALHA DE ENVOLVIMENTO E QUEDA DE LATAS 30008320911,FALHA DE ENVOLVIMENTO E QUEDA DE LATAS 30008320911,QUEDA DE LATAS,QUEDA DE LATAS,TRAIN
797,"FALHA VIRADOR DE CAIXAS, GERANDO TRAVAMENTO DE CAIXAS NO GUIA DE TRANSPORTE ORDEM: 30008318178",FALHA VIRADOR DE CAIXAS GERANDO TRAVAMENTO DE CAIXAS NO GUIA DE TRANSPORTE ORDEM 30008318178,TRAVAMENTO DE TRANSPORTE,TRAVAMENTO DE TRANSPORTE,TRAIN
798,"FALHA VIRADOR DE CAIXAS, GERANDO TRAVAMENTO DE CAIXAS NO GUIA DE TRANSPORTE ORDEM: 30008318178",FALHA VIRADOR DE CAIXAS GERANDO TRAVAMENTO DE CAIXAS NO GUIA DE TRANSPORTE ORDEM 30008318178,TRAVAMENTO DE TRANSPORTE,TRAVAMENTO DE TRANSPORTE,TRAIN
799,"FALHA VIRADOR DE CAIXAS, GERANDO TRAVAMENTO DE CAIXAS NO GUIA TRANSPORTES ORDEM: 30008318178",FALHA VIRADOR DE CAIXAS GERANDO TRAVAMENTO DE CAIXAS NO GUIA TRANSPORTES ORDEM 30008318178,TRAVAMENTO DE TRANSPORTE,TRAVAMENTO DE TRANSPORTE,TEST
800,MOTOR DO TRANSPORTE DE SAIDA DA LAVADORA DESARMOU,MOTOR DO TRANSPORTE DE SAIDA DA LAVADORA DESARMOU,DESARME DE MOTOR,DESARME DE MOTOR,TRAIN
801,"FALHA NA FORMAÇÃO DAS CAMADAS, AJUSTE EM SENSOR 30008324701",FALHA NA FORMACAO DAS CAMADAS AJUSTE EM SENSOR 30008324701,FALHA DE SENSOR,FALHA DE SENSOR,TRAIN
802,INSPETOR DE GARRAFA COM EXCESSO DE FALSO REJEITO 30008324698,INSPETOR DE GARRAFA COM EXCESSO DE FALSO REJEITO 30008324698,FALHA DE REJEIÇÃO,FALHA DE REJEICAO,TRAIN
803,FALHA DE INSPEÇÃO DE CONTORNO 30008324695,FALHA DE INSPECAO DE CONTORNO 30008324695,FALHA DE INSPEÇÃO,FALHA DE INSPECAO,TRAIN
804,FALHA DE INSPEÇÃO DE CONTORNO 30008324695,FALHA DE INSPECAO DE CONTORNO 30008324695,FALHA DE INSPEÇÃO,FALHA DE INSPECAO,TRAIN
805,FALHA DE INSPEÇÃO DE CONTORNO 30008324695,FALHA DE INSPECAO DE CONTORNO 30008324695,FALHA DE INSPEÇÃO,FALHA DE INSPECAO,TRAIN
806,FALHA DE INSPEÇÃO DE CONTORNO 30008324695,FALHA DE INSPECAO DE CONTORNO 30008324695,FALHA DE INSPEÇÃO,FALHA DE INSPECAO,TRAIN
807,EXCESSO DE REJEITO POR FALHA DE INSPEÇÃO DE CONTORNO,EXCESSO DE REJEITO POR FALHA DE INSPECAO DE CONTORNO,FALHA DE REJEIÇÃO,FALHA DE REJEICAO,TRAIN
808,FALHAS NO SENSORES DO CABEÇOTE ( ORDEM 30008324666 ),FALHAS NO SENSORES DO CABECOTE ORDEM 30008324666,FALHA DE SENSOR,FALHA DE SENSOR,TRAIN
809,QUEBRA DO PENTE DE PASSAGEM NOTA 30008321693,QUEBRA DO PENTE DE PASSAGEM NOTA 30008321693,FALHA DE PENTE DE TRANSFERÊNCIA,FALHA DE PENTE DE TRANSFERENCIA,TRAIN
810,VENTOSA SEGURANDO PACOTES ORDEM 30008324386,VENTOSA SEGURANDO PACOTES ORDEM 30008324386,FALHA DE VENTOSA,FALHA DE VENTOSA,TEST
811,FALHA NA PORTA DE ENTRADA DA BOBINA,FALHA NA PORTA DE ENTRADA DA BOBINA,FALHA DE ENVOLVIMENTO,FALHA DE ENVOLVIMENTO,TRAIN
812,VENTOSA SEGURANDO PACOTES ORDEM 30008324386,VENTOSA SEGURANDO PACOTES ORDEM 30008324386,FALHA DE VENTOSA,FALHA DE VENTOSA,TEST
813,FALHA NA PORTA DE ENTRADA DA BOBINA,FALHA NA PORTA DE ENTRADA DA BOBINA,FALHA DE ENVOLVIMENTO,FALHA DE ENVOLVIMENTO,TRAIN
814,ENROSCO DE PACOTES NOS PATINS DO DEVAISER 30008324682,ENROSCO DE PACOTES NOS PATINS DO DEVAISER 30008324682,ENROSCO DE PACOTES,ENROSCO DE PACOTES,TRAIN
815,ENROSCO DE PACOTES NOS PATINS DO DEVAISER 30008324682,ENROSCO DE PACOTES NOS PATINS DO DEVAISER 30008324682,ENROSCO DE PACOTES,ENROSCO DE PACOTES,TRAIN
816,ENROSCO DE PACOTES NOS PATINS DO DEVAISER 30008324682,ENROSCO DE PACOTES NOS PATINS DO DEVAISER 30008324682,ENROSCO DE PACOTES,ENROSCO DE PACOTES,TRAIN
818,ENROSCO DE PACOTES NOS PATINS DO DEVAISER 30008324682,ENROSCO DE PACOTES NOS PATINS DO DEVAISER 30008324682,ENROSCO DE PACOTES,ENROSCO DE PACOTES,TRAIN
819,ENROSCO DE PACOTES NOS PATINS DO DEVAISER 30008324682,ENROSCO DE PACOTES NOS PATINS DO DEVAISER 30008324682,ENROSCO DE PACOTES,ENROSCO DE PACOTES,TRAIN
820,ENROSCO DE PACOTES NOS PATINS DO DEVAISER 30008324682,ENROSCO DE PACOTES NOS PATINS DO DEVAISER 30008324682,ENROSCO DE PACOTES,ENROSCO DE PACOTES,TRAIN
821,FALHA PARA RESETAR A PORTA DE SEGURANÇA DO SISTEMA DE BOBINA,FALHA PARA RESETAR A PORTA DE SEGURANCA DO SISTEMA DE BOBINA,FALHA DE PORTA DE SEGURANÇA,FALHA DE PORTA DE SEGURANCA,TRAIN
822,"SAINDO PACOTES MAL FORMADOS, NOTA : 13078451, BOBINA ESTA SE DESLOCANDO NO MANDRIL, GERANDO VARIAÇÃO NO ENVOLVIMENTO DO FILME/JANELA ABERTA",SAINDO PACOTES MAL FORMADOS NOTA 13078451 BOBINA ESTA SE DESLOCANDO NO MANDRIL GERANDO VARIACAO NO ENVOLVIMENTO DO FILME JANELA ABERTA,FALHA DE FORMAÇÃO DE PACOTE,FALHA DE FORMACAO DE PACOTE,TRAIN
823,"EMPURRADOR DE TAMPAS DEMORANDO NO RECUO, GERANDO ENCAVALAMENTO DE TAMPAS NO TRANSPORTE DE ALIMENTAÇÃO",EMPURRADOR DE TAMPAS DEMORANDO NO RECUO GERANDO ENCAVALAMENTO DE TAMPAS NO TRANSPORTE DE ALIMENTACAO,TRAVAMENTO DE TRANSPORTE,TRAVAMENTO DE TRANSPORTE,TRAIN
824,"SAINDO PACOTES MAL FORMADOS, NOTA : 13078451, BOBINA ESTA SE DESLOCANDO NO MANDRIL, GERANDO VARIAÇÃO NO ENVOLVIMENTO DO FILME/JANELA ABERTA",SAINDO PACOTES MAL FORMADOS NOTA 13078451 BOBINA ESTA SE DESLOCANDO NO MANDRIL GERANDO VARIACAO NO ENVOLVIMENTO DO FILME JANELA ABERTA,FALHA DE FORMAÇÃO DE PACOTE,FALHA DE FORMACAO DE PACOTE,TRAIN
825,"SAINDO PACOTES MAL FORMADOS, NOTA : 13078451, BOBINA ESTA SE DESLOCANDO NO MANDRIL, GERANDO VARIAÇÃO NO ENVOLVIMENTO DO FILME/JANELA ABERTA",SAINDO PACOTES MAL FORMADOS NOTA 13078451 BOBINA ESTA SE DESLOCANDO NO MANDRIL GERANDO VARIACAO NO ENVOLVIMENTO DO FILME JANELA ABERTA,FALHA DE FORMAÇÃO DE PACOTE,FALHA DE FORMACAO DE PACOTE,TRAIN
826,FALHA COMUNICAÇÃO PLC ( 30008322230 ),FALHA COMUNICACAO PLC 30008322230,FALHA DE COMUNICAÇÃO,FALHA DE COMUNICACAO,TRAIN
827,ROMPEU O REPARO DE ENTRADA DE AGUA PARA TANQUES DE SODA ORDEM: 30008322194,ROMPEU O REPARO DE ENTRADA DE AGUA PARA TANQUES DE SODA ORDEM 30008322194,QUEBRA DE COMPONENTE,QUEBRA DE COMPONENTE,TRAIN
828,CABO ROMPIDO DO SENSOR DE ALTURA DO CABEÇOTE DESPALETIZADORA ORDEM: 30008322192,CABO ROMPIDO DO SENSOR DE ALTURA DO CABECOTE DESPALETIZADORA ORDEM 30008322192,FALHA DE SENSOR,FALHA DE SENSOR,TRAIN
829,QUEBRA DA ESTEIRA DO TRANS. DE PACOTE DEPOIS DA CURVA,QUEBRA DA ESTEIRA DO TRANS DE PACOTE DEPOIS DA CURVA,QUEBRA DE ESTEIRA,QUEBRA DE ESTEIRA,TRAIN
830,FALHA NO SENSOR DE TAMPA,FALHA NO SENSOR DE TAMPA,FALHA DE SENSOR,FALHA DE SENSOR,TEST
831,FALHA NO SENSOR DE TAMPA,FALHA NO SENSOR DE TAMPA,FALHA DE SENSOR,FALHA DE SENSOR,TEST
832,2 ENXAGUES ADICIONAIS PARA REALIZAÇÃO DE TESTE DAS ALTERAÇÕES NO PROPORCIONADOR (SIDEL),2 ENXAGUES ADICIONAIS PARA REALIZACAO DE TESTE DAS ALTERACOES NO PROPORCIONADOR SIDEL,SEM MODO DE FALHA IDENTIFICADO,SEM MODO DE FALHA IDENTIFICADO,TRAIN
833,VARIAÇÃO DE ENCHIMENTO DURANTE PARTIDA DE PRODUÇÃO (UTILIZAÇÃO DE RECEITAS FORA DO PADRÃO),VARIACAO DE ENCHIMENTO DURANTE PARTIDA DE PRODUCAO UTILIZACAO DE RECEITAS FORA DO PADRAO,FALHA DE ENCHIMENTO,FALHA DE ENCHIMENTO,TEST
834,VARIAÇÃO DE ENCHIMENTO DURANTE PARTIDA DE PRODUÇÃO (UTILIZAÇÃO DE RECEITAS FORA DO PADRÃO),VARIACAO DE ENCHIMENTO DURANTE PARTIDA DE PRODUCAO UTILIZACAO DE RECEITAS FORA DO PADRAO,FALHA DE ENCHIMENTO,FALHA DE ENCHIMENTO,TEST
835,FALHA NA POSIÇÃO DA PINÇA,FALHA NA POSICAO DA PINCA,FALHA DE PINÇA,FALHA DE PINCA,TRAIN
836,AJUSTE NA ISPECAO DE NIVEL DESLIGANDO A ENCHEDORA,AJUSTE NA ISPECAO DE NIVEL DESLIGANDO A ENCHEDORA,SEM MODO DE FALHA IDENTIFICADO,SEM MODO DE FALHA IDENTIFICADO,TRAIN
837,TROCA DO SENSOR DE CONTAGEM DE PACOTES (NOTA 300008331106),TROCA DO SENSOR DE CONTAGEM DE PACOTES NOTA 300008331106,FALHA DE SENSOR,FALHA DE SENSOR,TRAIN
838,TROCA DO SENSOR DE CONTAGEM DE PACOTES (NOTA 300008331106),TROCA DO SENSOR DE CONTAGEM DE PACOTES NOTA 300008331106,FALHA DE SENSOR,FALHA DE SENSOR,TRAIN
839,FALHA NO ENCODER.,FALHA NO ENCODER,FALHA DE ENCODER,FALHA DE ENCODER,TEST
840,SENSOR DO PONTO DE DESCARTE DE PALLET VAZIO ESTÁ FORA DE FOCO 30008326507,SENSOR DO PONTO DE DESCARTE DE PALLET VAZIO ESTA FORA DE FOCO 30008326507,FALHA DE SENSOR,FALHA DE SENSOR,TRAIN
841,ENROSCO DE PACOTES NOS PATINS DO DEVAISER 30008324682,ENROSCO DE PACOTES NOS PATINS DO DEVAISER 30008324682,ENROSCO DE PACOTES,ENROSCO DE PACOTES,TRAIN
842,ENROSCO DE PACOTES NOS PATINS DO DEVAISER 30008324682,ENROSCO DE PACOTES NOS PATINS DO DEVAISER 30008324682,ENROSCO DE PACOTES,ENROSCO DE PACOTES,TRAIN
843,"FALHA VELOCIDADE DO TRANSPORTE VIRADOR DE CAIXAS, FOI AJUSTADO A VELOCIDADE NO TRANSPORTE ORDEM: 30008326498",FALHA VELOCIDADE DO TRANSPORTE VIRADOR DE CAIXAS FOI AJUSTADO A VELOCIDADE NO TRANSPORTE ORDEM 30008326498,FALHA DE VELOCIDADE DO TRANSPORTE,FALHA DE VELOCIDADE DO TRANSPORTE,TEST
844,FALHA NA VALVULA 37 ( 30008329851 ),FALHA NA VALVULA 37 30008329851,FALHA DE VÁLVULA,FALHA DE VALVULA,TRAIN
845,FALHA NA VALVULA 37 ( 30008329851 ) RETIRADA DA VALVULA E DA BORBOLETA,FALHA NA VALVULA 37 30008329851 RETIRADA DA VALVULA E DA BORBOLETA,FALHA DE VÁLVULA,FALHA DE VALVULA,TRAIN
846,FALHA NA SOLDA DO FILME NA TROCA DE BOBINA.,FALHA NA SOLDA DO FILME NA TROCA DE BOBINA,FALHA DE SOLDA DE FILME,FALHA DE SOLDA DE FILME,TEST
847,FALHA NO SERVO DE ELEVAÇÃO DA PALETIZADORA,FALHA NO SERVO DE ELEVACAO DA PALETIZADORA,FALHA DE SERVO MOTOR,FALHA DE SERVO MOTOR,TRAIN
848,QUEDA DE GARRAFA NA AREA DE TRANFERENCIA,QUEDA DE GARRAFA NA AREA DE TRANFERENCIA,QUEDA DE GARRAFAS,QUEDA DE GARRAFAS,TEST
849,FALHA NO SENSOR DA MOLA DO PEGADOR DE CHAPATEX (ORDEM: 30008335242),FALHA NO SENSOR DA MOLA DO PEGADOR DE CHAPATEX ORDEM 30008335242,FALHA DE SENSOR,FALHA DE SENSOR,TRAIN
850,ENROSCO DE PACOTES NOS PATINS DO DEVAISER 30008324682,ENROSCO DE PACOTES NOS PATINS DO DEVAISER 30008324682,ENROSCO DE PACOTES,ENROSCO DE PACOTES,TRAIN
851,ENROSCO DE PACOTES NOS PATINS DO DEVAISER 30008324682,ENROSCO DE PACOTES NOS PATINS DO DEVAISER 30008324682,ENROSCO DE PACOTES,ENROSCO DE PACOTES,TRAIN
852,"LATA VINDO CAIDA ANTES DO ALINHADOR, GERANDO ACUMULO E TAMPADO SENSOR DO ALINHADOR",LATA VINDO CAIDA ANTES DO ALINHADOR GERANDO ACUMULO E TAMPADO SENSOR DO ALINHADOR,FALHA DE SENSOR,FALHA DE SENSOR,TEST
853,GERANDO FALHA NO REMOVEDOR DE CARTÃO 30008334982,GERANDO FALHA NO REMOVEDOR DE CARTAO 30008334982,FALHA NO MANUSEIO DE CARTÃO,FALHA NO MANUSEIO DE CARTAO,TRAIN
854,"FALHA DE ENCHIMENTO DA VALVULA Nº63, JUMPER FISICO COM VALVULA Nº61 NOTA 30008335218",FALHA DE ENCHIMENTO DA VALVULA N 63 JUMPER FISICO COM VALVULA N 61 NOTA 30008335218,FALHA DE VÁLVULA DE ENCHIMENTO,FALHA DE VALVULA DE ENCHIMENTO,TRAIN
855,"TRAVAMENTO DO SEGMENTO,FALHA DE SINCRONISMO - ORDEM 30008334248",TRAVAMENTO DO SEGMENTO FALHA DE SINCRONISMO ORDEM 30008334248,TRAVAMENTO DE SEGMENTOS,TRAVAMENTO DE SEGMENTOS,TRAIN
856,FALHA NO SENSOR DA MOLA DO PEGADOR DE CHAPATEX (ORDEM: 30008335242),FALHA NO SENSOR DA MOLA DO PEGADOR DE CHAPATEX ORDEM 30008335242,FALHA DE SENSOR,FALHA DE SENSOR,TRAIN
857,FALHA NO SENSOR DA MOLA DO PEGADOR DE CHAPATEX (ORDEM: 30008335242),FALHA NO SENSOR DA MOLA DO PEGADOR DE CHAPATEX ORDEM 30008335242,FALHA DE SENSOR,FALHA DE SENSOR,TRAIN
858,FALHA NO SENSOR DA MOLA DO PEGADOR DE CHAPATEX (ORDEM: 30008335242),FALHA NO SENSOR DA MOLA DO PEGADOR DE CHAPATEX ORDEM 30008335242,FALHA DE SENSOR,FALHA DE SENSOR,TRAIN
859,FALHA NO SENSOR DA MOLA DO PEGADOR DE CHAPATEX (ORDEM: 30008335242),FALHA NO SENSOR DA MOLA DO PEGADOR DE CHAPATEX ORDEM 30008335242,FALHA DE SENSOR,FALHA DE SENSOR,TRAIN
860,FALHA NO SENSOR DA MOLA DO PEGADOR DE CHAPATEX (ORDEM: 30008335242),FALHA NO SENSOR DA MOLA DO PEGADOR DE CHAPATEX ORDEM 30008335242,FALHA DE SENSOR,FALHA DE SENSOR,TRAIN
861,FALHA NO SENSOR DA MOLA DO PEGADOR DE CHAPATEX (ORDEM: 30008335242),FALHA NO SENSOR DA MOLA DO PEGADOR DE CHAPATEX ORDEM 30008335242,FALHA DE SENSOR,FALHA DE SENSOR,TRAIN
862,FALHA NO SENSOR DA MOLA DO PEGADOR DE CHAPATEX (ORDEM: 30008335242),FALHA NO SENSOR DA MOLA DO PEGADOR DE CHAPATEX ORDEM 30008335242,FALHA DE SENSOR,FALHA DE SENSOR,TRAIN
863,QUEBROU A ESTEIRA DO TRANSPORTE DE PACOTES / NOTA 30008337083,QUEBROU A ESTEIRA DO TRANSPORTE DE PACOTES NOTA 30008337083,QUEBRA DE ESTEIRA,QUEBRA DE ESTEIRA,TRAIN
864,ENTUPIMENTO DA TUBULAÇÃO,ENTUPIMENTO DA TUBULACAO,ENTUPIMENTO,ENTUPIMENTO,TRAIN
865,QUEBRA DA ESTEIRA DO TRANSPORTE DE SA (NOTA:30008337191)ÍDA DO FORNO,QUEBRA DA ESTEIRA DO TRANSPORTE DE SA NOTA 30008337191 IDA DO FORNO,QUEBRA DE ESTEIRA,QUEBRA DE ESTEIRA,TEST
866,QUEBRA DA ESTEIRA DO TRANSPORTE DE SA (NOTA:30008337191)ÍDA DO FORNO,QUEBRA DA ESTEIRA DO TRANSPORTE DE SA NOTA 30008337191 IDA DO FORNO,QUEBRA DE ESTEIRA,QUEBRA DE ESTEIRA,TEST
867,PALETIZADORA DESARMANDO POR FALTA DE AR,PALETIZADORA DESARMANDO POR FALTA DE AR,FALHA DE SUPRIMENTO DE AR COMPRIMIDO,FALHA DE SUPRIMENTO DE AR COMPRIMIDO,TRAIN
868,PALETIZADORA DESARMANDO POR FALTA DE AR,PALETIZADORA DESARMANDO POR FALTA DE AR,FALHA DE SUPRIMENTO DE AR COMPRIMIDO,FALHA DE SUPRIMENTO DE AR COMPRIMIDO,TRAIN
869,PALETIZADORA DESARMANDO POR FALTA DE AR 30008337275,PALETIZADORA DESARMANDO POR FALTA DE AR 30008337275,FALHA DE SUPRIMENTO DE AR COMPRIMIDO,FALHA DE SUPRIMENTO DE AR COMPRIMIDO,TRAIN
870,REMOVEDOR DE CARTÃO BLOQUEDO.,REMOVEDOR DE CARTAO BLOQUEDO,FALHA NO MANUSEIO DE CARTÃO,FALHA NO MANUSEIO DE CARTAO,TRAIN
871,"FALHA NA SOLDAGEM EM AUTOMATICO, ESTOURO DA SOLDA, TEVE QUE PASSAR O FILME APOS O OCORRIDO",FALHA NA SOLDAGEM EM AUTOMATICO ESTOURO DA SOLDA TEVE QUE PASSAR O FILME APOS O OCORRIDO,FALHA DE SOLDA DE FILME,FALHA DE SOLDA DE FILME,TRAIN
872,FALHA NO SENSOR DE GARRAFAS FALSAS (30008337258),FALHA NO SENSOR DE GARRAFAS FALSAS 30008337258,FALHA DE SENSOR,FALHA DE SENSOR,TRAIN
873,"TESTE EM PROCEDI,MENTOS DE PARTIDA ACOMPANHADA PELOS TECNICOS DA SIDEL E MANUTENÇÃO (30008337260)",TESTE EM PROCEDI MENTOS DE PARTIDA ACOMPANHADA PELOS TECNICOS DA SIDEL E MANUTENCAO 30008337260,SEM MODO DE FALHA IDENTIFICADO,SEM MODO DE FALHA IDENTIFICADO,TEST
874,TROCA DO MEDIDOR DE VAZÃO DA VALVULA N°36 (30008337259),TROCA DO MEDIDOR DE VAZAO DA VALVULA N 36 30008337259,VAZAMENTO EM VÁLVULA,VAZAMENTO EM VALVULA,TRAIN
875,FALHA NO INVERSOR 307 ( 30008337262),FALHA NO INVERSOR 307 30008337262,FALHA DE INVERSOR,FALHA DE INVERSOR,TRAIN
876,FALHA NA RETIRADA DO QUADRO SUPERIOR DO PALETE,FALHA NA RETIRADA DO QUADRO SUPERIOR DO PALETE,FALHA NO MANUSEIO DE CARTÃO,FALHA NO MANUSEIO DE CARTAO,TRAIN
877,FALHA NA RETIRADA DO QUADRO SUPERIOR DO PALETE,FALHA NA RETIRADA DO QUADRO SUPERIOR DO PALETE,FALHA NO MANUSEIO DE CARTÃO,FALHA NO MANUSEIO DE CARTAO,TRAIN
878,"FALHA SENSOR CONTAGEM DE CAIXA, CAMADA COM CAIXA A MENOS",FALHA SENSOR CONTAGEM DE CAIXA CAMADA COM CAIXA A MENOS,FALHA DE SENSOR,FALHA DE SENSOR,TEST
879,"MALHA DANIFICADA, OCASIONANDO A QUEBRA LACRE DE TAMPA, FOI REALIZADO A TROCA DE MALHA ORDEM: 30008337101",MALHA DANIFICADA OCASIONANDO A QUEBRA LACRE DE TAMPA FOI REALIZADO A TROCA DE MALHA ORDEM 30008337101,QUEBRA DE COMPONENTE,QUEBRA DE COMPONENTE,TEST
880,FALHA BEBIDA CARBONATADOR NO MIXER,FALHA BEBIDA CARBONATADOR NO MIXER,FALHA DE CARBONATAÇÃO,FALHA DE CARBONATACAO,TRAIN
881,FALHA TAMPA NA ESTRELA DO CAPSULADOR,FALHA TAMPA NA ESTRELA DO CAPSULADOR,FALHA DE TAMPAMENTO,FALHA DE TAMPAMENTO,TRAIN
882,FALHA BEBIDA CARBONATADOR DO MIXER,FALHA BEBIDA CARBONATADOR DO MIXER,FALHA DE CARBONATAÇÃO,FALHA DE CARBONATACAO,TRAIN
883,FALHA TAMPA NA ESTRALA DO CAPSULADOR,FALHA TAMPA NA ESTRALA DO CAPSULADOR,FALHA DE TAMPAMENTO,FALHA DE TAMPAMENTO,TRAIN
884,TROCA DA ENGRENAGEM DA ESTEIRA,TROCA DA ENGRENAGEM DA ESTEIRA,FALHA DE ENGRENAGEM,FALHA DE ENGRENAGEM,TRAIN
885,FALHA NO SENSOR DA MOLA DO PEGADOR DE CHAPATEX.,FALHA NO SENSOR DA MOLA DO PEGADOR DE CHAPATEX,FALHA DE SENSOR,FALHA DE SENSOR,TRAIN
886,QUEDA DE GARRAFAS NA VALVULA 54. ORDEM 30008337185.,QUEDA DE GARRAFAS NA VALVULA 54 ORDEM 30008337185,FALHA DE VÁLVULA,FALHA DE VALVULA,TRAIN
887,"SAINDO GARRAFAS SEM TAMPAS, QUEDA NA MESA DE ARRASTE DA EMPACOTADORA",SAINDO GARRAFAS SEM TAMPAS QUEDA NA MESA DE ARRASTE DA EMPACOTADORA,FALHA DE ALIMENTAÇÃO DE TAMPAS,FALHA DE ALIMENTACAO DE TAMPAS,TRAIN
888,FALHA NA SOLDA - ABERTURA DOS PRIMEIROS PACOTES APÓS TROCA DE BOBINA (13166062),FALHA NA SOLDA ABERTURA DOS PRIMEIROS PACOTES APOS TROCA DE BOBINA 13166062,FALHA DE SOLDA DE FILME,FALHA DE SOLDA DE FILME,TRAIN
889,TROCA DO PALETE DE CARTÃO,TROCA DO PALETE DE CARTAO,FALHA NA TROCA DE PALETE DE CARTÃO,FALHA NA TROCA DE PALETE DE CARTAO,TRAIN
890,PATIM FORA DA GUIA OCASIONANDO FALHA NO DIRECIONAMENTO DOS PACOTES. (13085183),PATIM FORA DA GUIA OCASIONANDO FALHA NO DIRECIONAMENTO DOS PACOTES 13085183,PATINS FORA DE POSIÇÃO,PATINS FORA DE POSICAO,TEST
891,FALHA NA RETIRADA DO QUADRO,FALHA NA RETIRADA DO QUADRO,FALHA NO MANUSEIO DE CARTÃO,FALHA NO MANUSEIO DE CARTAO,TEST
892,FALHA NA SOLDA - ABERTURA DOS PRIMEIROS PACOTES APÓS TROCA DE BOBINA (13166062),FALHA NA SOLDA ABERTURA DOS PRIMEIROS PACOTES APOS TROCA DE BOBINA 13166062,FALHA DE SOLDA DE FILME,FALHA DE SOLDA DE FILME,TRAIN
893,PATIM FORA DA GUIA OCASIONANDO FALHA NO DIRECIONAMENTO DOS PACOTES. (13085183),PATIM FORA DA GUIA OCASIONANDO FALHA NO DIRECIONAMENTO DOS PACOTES 13085183,PATINS FORA DE POSIÇÃO,PATINS FORA DE POSICAO,TEST
894,TROCA DO PALETE DE CARTÃO,TROCA DO PALETE DE CARTAO,FALHA NA TROCA DE PALETE DE CARTÃO,FALHA NA TROCA DE PALETE DE CARTAO,TRAIN
895,ENROSCO DE PACOTES NO DEVAISER,ENROSCO DE PACOTES NO DEVAISER,ENROSCO DE PACOTES,ENROSCO DE PACOTES,TEST
896,ENROSCO DE PACOTES NOS PATINS DO DEVAISER,ENROSCO DE PACOTES NOS PATINS DO DEVAISER,ENROSCO DE PACOTES,ENROSCO DE PACOTES,TRAIN
897,PACOTES ABERTOS OCASIONANDO ENROSCO NAMESA DE COMPACTAÇÃO DA PALETIZADORA,PACOTES ABERTOS OCASIONANDO ENROSCO NAMESA DE COMPACTACAO DA PALETIZADORA,ENROSCO DE PACOTES,ENROSCO DE PACOTES,TEST
898,PACOTES ABERTOS OCASIONANDO ENROSCO NAMESA DE COMPACTAÇÃO DA PALETIZADORA,PACOTES ABERTOS OCASIONANDO ENROSCO NAMESA DE COMPACTACAO DA PALETIZADORA,ENROSCO DE PACOTES,ENROSCO DE PACOTES,TEST
899,FALHA DURANTE DESPALETIZAÇÃO PERDEU SINCRONISMO,FALHA DURANTE DESPALETIZACAO PERDEU SINCRONISMO,FALHA DE SINCRONISMO,FALHA DE SINCRONISMO,TRAIN
900,ENROSCO DE PACOTE NO GUIA DO TRANSPOTE POR PACOTE ABERTO VINDO DO FORNO TUBEIRA RASGADA.,ENROSCO DE PACOTE NO GUIA DO TRANSPOTE POR PACOTE ABERTO VINDO DO FORNO TUBEIRA RASGADA,ROMPIMENTO DE TUBEIRA DO FORNO,ROMPIMENTO DE TUBEIRA DO FORNO,TEST
901,LATA CAIDA NO TRASNPORTE DA FILTC VENDO DO WORME.,LATA CAIDA NO TRASNPORTE DA FILTC VENDO DO WORME,QUEDA DE LATAS,QUEDA DE LATAS,TEST
902,"PACOTE SAINDO ABERTO, GERANDO FALHA NA FORMAÇÃO DE CAMADA NA PALETIZADORA",PACOTE SAINDO ABERTO GERANDO FALHA NA FORMACAO DE CAMADA NA PALETIZADORA,FALHA DE FORMAÇÃO DE CAMADA,FALHA DE FORMACAO DE CAMADA,TRAIN
903,DESARME/ALARME E PARADA DO MOTOR DO TRANSPORTE DE CAIXAS CHEIAS NA PALETIZADORA,DESARME ALARME E PARADA DO MOTOR DO TRANSPORTE DE CAIXAS CHEIAS NA PALETIZADORA,DESARME DE MOTOR,DESARME DE MOTOR,TRAIN
904,"EXCESSO DE REJEITO, LENTE INTERNA DO EQUIPAMENTO COM SUJIDADE/MANCHADA/BORRADA",EXCESSO DE REJEITO LENTE INTERNA DO EQUIPAMENTO COM SUJIDADE MANCHADA BORRADA,FALHA DE REJEIÇÃO,FALHA DE REJEICAO,TRAIN
905,"EXCESSO DE REJEITO, LENTE INTERNA DO EQUIPAMENTO COM SUJIDADE/MANCHADA/BORRADA",EXCESSO DE REJEITO LENTE INTERNA DO EQUIPAMENTO COM SUJIDADE MANCHADA BORRADA,FALHA DE REJEIÇÃO,FALHA DE REJEICAO,TRAIN
906,"QUEDA DE PROTEÇÃO DO SISTEMA DE ROTAÇÃO, PORTA ENTROU NO MEIO DA ENGRENAGEM TRAVANDO O EQUIPAMENTO",QUEDA DE PROTECAO DO SISTEMA DE ROTACAO PORTA ENTROU NO MEIO DA ENGRENAGEM TRAVANDO O EQUIPAMENTO,TRAVAMENTO DE ENGRENAGEM,TRAVAMENTO DE ENGRENAGEM,TRAIN
907,FALHA NA TEMPERATURA,FALHA NA TEMPERATURA,FALHA DE CONTROLE DE TEMPERATURA,FALHA DE CONTROLE DE TEMPERATURA,TEST
908,FALHA NO FLUXIMENTRO DE CO2,FALHA NO FLUXIMENTRO DE CO2,FALHA DE FLUXÍMETRO,FALHA DE FLUXIMETRO,TEST
909,FALHA NO FLUXIMETRO DE CO2,FALHA NO FLUXIMETRO DE CO2,FALHA DE FLUXÍMETRO,FALHA DE FLUXIMETRO,TRAIN
910,AJUSTE DA ARANHA DO PEGADOR DE CHAPATEX - ORDEM: 30008344096,AJUSTE DA ARANHA DO PEGADOR DE CHAPATEX ORDEM 30008344096,FALHA DE PEGADOR,FALHA DE PEGADOR,TRAIN
911,PALLET PARANDO NA POSIÇÃO INCORRETA - ORDEM: 30008344304,PALLET PARANDO NA POSICAO INCORRETA ORDEM 30008344304,TRAVAMENTO DE PALETE,TRAVAMENTO DE PALETE,TRAIN
912,"PACOTE MAL FORMADO ABERTO VINDO DO FORNO TUBEIRA RASGADA,DANO ERRO DE FORMAÇÃODE CAMADA NA PALETIZADORA",PACOTE MAL FORMADO ABERTO VINDO DO FORNO TUBEIRA RASGADA DANO ERRO DE FORMACAODE CAMADA NA PALETIZADORA,ROMPIMENTO DE TUBEIRA DO FORNO,ROMPIMENTO DE TUBEIRA DO FORNO,TRAIN
913,"PACOTE MAL FORMADO ABERTO VINDO DO FORNO TUBEIRA RASGADA,DANO ERRO DE FORMAÇÃODE CAMADA NA PALETIZADORA,",PACOTE MAL FORMADO ABERTO VINDO DO FORNO TUBEIRA RASGADA DANO ERRO DE FORMACAODE CAMADA NA PALETIZADORA,ROMPIMENTO DE TUBEIRA DO FORNO,ROMPIMENTO DE TUBEIRA DO FORNO,TRAIN
914,"PACOTE MAL FORMADO ABERTO VINDO DO FORNO TUBEIRA RASGADA,DANO ERRO DE FORMAÇÃODE CAMADA NA PALETIZADORA.",PACOTE MAL FORMADO ABERTO VINDO DO FORNO TUBEIRA RASGADA DANO ERRO DE FORMACAODE CAMADA NA PALETIZADORA,ROMPIMENTO DE TUBEIRA DO FORNO,ROMPIMENTO DE TUBEIRA DO FORNO,TRAIN
915,MAGAZINE DE TAMPAS/ PASSOU PAPAEL PARA A CASCATA DE ALIMENTAÇÃO DA RECRAVADORA (FACA RUIM),MAGAZINE DE TAMPAS PASSOU PAPAEL PARA A CASCATA DE ALIMENTACAO DA RECRAVADORA FACA RUIM,FALHA DE RECRAVAÇÃO,FALHA DE RECRAVACAO,TRAIN
916,PALETIZADORA/FALHA NO CICLO AUTOMATICONA TROCA DE MAGAZINE DE CARTÃO,PALETIZADORA FALHA NO CICLO AUTOMATICONA TROCA DE MAGAZINE DE CARTAO,FALHA DE MAGAZINE,FALHA DE MAGAZINE,TRAIN
917,"PACOTE MAL FORMADO ABERTO VINDO DO FORNO TUBEIRA RASGADA,DANO ERRO DE FORMAÇÃODE CAMADA NA PALETIZADORA, GEROU ESTOURO DE LATA NA ENTRADA",PACOTE MAL FORMADO ABERTO VINDO DO FORNO TUBEIRA RASGADA DANO ERRO DE FORMACAODE CAMADA NA PALETIZADORA GEROU ESTOURO DE LATA NA ENTRADA,ROMPIMENTO DE TUBEIRA DO FORNO,ROMPIMENTO DE TUBEIRA DO FORNO,TRAIN
918,"PACOTE MAL FORMADO ABERTO VINDO DO FORNO TUBEIRA RASGADA,DANO ERRO DE FORMAÇÃODE CAMADA NA PALETIZADORA.",PACOTE MAL FORMADO ABERTO VINDO DO FORNO TUBEIRA RASGADA DANO ERRO DE FORMACAODE CAMADA NA PALETIZADORA,ROMPIMENTO DE TUBEIRA DO FORNO,ROMPIMENTO DE TUBEIRA DO FORNO,TRAIN
919,FALHA ELETRICA SERVO PERTUBADO EMPACOTADORA,FALHA ELETRICA SERVO PERTUBADO EMPACOTADORA,FALHA DE SERVO MOTOR,FALHA DE SERVO MOTOR,TEST
920,FALHA NO INVERSOR DO EXTRADTOR DE CARTÃO (30008344306),FALHA NO INVERSOR DO EXTRADTOR DE CARTAO 30008344306,FALHA DE INVERSOR,FALHA DE INVERSOR,TRAIN
921,ENROSCO DE PACOTES NO DEVAISER OCASIONANDO FALHA NA FORMAÇÃO DE CAMADAS,ENROSCO DE PACOTES NO DEVAISER OCASIONANDO FALHA NA FORMACAO DE CAMADAS,ENROSCO DE PACOTES,ENROSCO DE PACOTES,TEST
922,"FALHA AR PRÉVIO NA ENCHEDORA, FOI NECESSARIO SINCRONIZAR A ENCHEDORA ORDEM: 30008341850",FALHA AR PREVIO NA ENCHEDORA FOI NECESSARIO SINCRONIZAR A ENCHEDORA ORDEM 30008341850,FALHA DE SINCRONISMO,FALHA DE SINCRONISMO,TRAIN
923,TROCA DO SENSOR DE FALTA DE TAMPASCAPSULADOR ORDEM: 30008341832,TROCA DO SENSOR DE FALTA DE TAMPASCAPSULADOR ORDEM 30008341832,FALHA DE SENSOR,FALHA DE SENSOR,TRAIN
924,"QUEBROU A CORREIA DO DESCAPSULADOR, FOI NECESSARIO A TROCA DE CORREIA ORDEM: 30008341831",QUEBROU A CORREIA DO DESCAPSULADOR FOI NECESSARIO A TROCA DE CORREIA ORDEM 30008341831,QUEBRA DE CORREIA,QUEBRA DE CORREIA,TRAIN
925,TRANSPORTE NA SAIDA DA DESENCAIXATADORA DESARMOU,TRANSPORTE NA SAIDA DA DESENCAIXATADORA DESARMOU,DESARME DE TRANSPORTE,DESARME DE TRANSPORTE,TRAIN
926,FALHA NO SINCROJET,FALHA NO SINCROJET,SEM MODO DE FALHA IDENTIFICADO,SEM MODO DE FALHA IDENTIFICADO,TRAIN
927,"FALHA NO MÓDULO DA SIEMENS,QUEDA DO SISTEMA, FALHA DO CONDICIONADOR",FALHA NO MODULO DA SIEMENS QUEDA DO SISTEMA FALHA DO CONDICIONADOR,FALHA DE MÓDULO,FALHA DE MODULO,TRAIN
928,"FALHA NO MÓDULO DA SIEMENS,QUEDA DO SISTEMA, FALHA DO CONDICIONADOR (30008344310)",FALHA NO MODULO DA SIEMENS QUEDA DO SISTEMA FALHA DO CONDICIONADOR 30008344310,FALHA DE MÓDULO,FALHA DE MODULO,TRAIN
929,"FALHA NO MÓDULO DA SIEMENS,QUEDA DO SISTEMA, FALHA DO CONDICIONADOR (30008344310)",FALHA NO MODULO DA SIEMENS QUEDA DO SISTEMA FALHA DO CONDICIONADOR 30008344310,FALHA DE MÓDULO,FALHA DE MODULO,TRAIN
930,"FALHA NO MÓDULO DA SIEMENS,QUEDA DO SISTEMA, FALHA DO CONDICIONADOR (30008344310)",FALHA NO MODULO DA SIEMENS QUEDA DO SISTEMA FALHA DO CONDICIONADOR 30008344310,FALHA DE MÓDULO,FALHA DE MODULO,TRAIN
931,"FALHA NO MÓDULO DA SIEMENS,QUEDA DO SISTEMA, FALHA DO CONDICIONADOR",FALHA NO MODULO DA SIEMENS QUEDA DO SISTEMA FALHA DO CONDICIONADOR,FALHA DE MÓDULO,FALHA DE MODULO,TRAIN
932,SENSOR FALTA DE FALTA DANIFICADO,SENSOR FALTA DE FALTA DANIFICADO,FALHA DE SENSOR,FALHA DE SENSOR,TRAIN
933,SENSOR FALTA DE TAMPA DANIFICADO,SENSOR FALTA DE TAMPA DANIFICADO,FALHA DE SENSOR,FALHA DE SENSOR,TRAIN
934,SENSOR FALTA DE TAMPA DANIFICADO,SENSOR FALTA DE TAMPA DANIFICADO,FALHA DE SENSOR,FALHA DE SENSOR,TRAIN
935,"SENSOR DE CAMADA NÃO ESTAVA LENDO NO ESPELHO,FEZ O PROCEDIMENTO MAIS VOLTOU O PROBLEMA NOVAMENTE .",SENSOR DE CAMADA NAO ESTAVA LENDO NO ESPELHO FEZ O PROCEDIMENTO MAIS VOLTOU O PROBLEMA NOVAMENTE,FALHA DE SENSOR,FALHA DE SENSOR,TEST
936,DESARMANDO SISTEMA ELETRICO DA MAQUINA,DESARMANDO SISTEMA ELETRICO DA MAQUINA,DESARME DE EQUIPAMENTO,DESARME DE EQUIPAMENTO,TRAIN
937,ENROSCO DE PACOTES NOS PATINS DO DEVAISER,ENROSCO DE PACOTES NOS PATINS DO DEVAISER,ENROSCO DE PACOTES,ENROSCO DE PACOTES,TRAIN
938,FALHA NO SENSOR DE SEGURANÇA DA PORTA,FALHA NO SENSOR DE SEGURANCA DA PORTA,FALHA DE SENSOR,FALHA DE SENSOR,TRAIN
939,ENCHEDORA FORA DE SINCRONISMO,ENCHEDORA FORA DE SINCRONISMO,FALHA DE SINCRONISMO,FALHA DE SINCRONISMO,TRAIN
940,FALHA NO SISTEMA PORTA DE SEGURANÇA DA TROCA DE BOBINA,FALHA NO SISTEMA PORTA DE SEGURANCA DA TROCA DE BOBINA,FALHA NA TROCA DE BOBINA,FALHA NA TROCA DE BOBINA,TRAIN
941,FALHA NO SISTEMA PORTA DE SEGURANÇA DA TROCA DE BOBINA,FALHA NO SISTEMA PORTA DE SEGURANCA DA TROCA DE BOBINA,FALHA NA TROCA DE BOBINA,FALHA NA TROCA DE BOBINA,TRAIN
942,QUEDA DE LATAS NO TRANSPORTE DE FILTEC,QUEDA DE LATAS NO TRANSPORTE DE FILTEC,FALHA DE INSPEÇÃO,FALHA DE INSPECAO,TRAIN
943,FALHA PORTA SEGURAÇA TROCA DA BOBINA .,FALHA PORTA SEGURACA TROCA DA BOBINA,FALHA NA TROCA DE BOBINA,FALHA NA TROCA DE BOBINA,TRAIN
944,ESTEIRA NA CURVA DO TRANSPORTE DA DESENCAIXATADORA ESCAPOU,ESTEIRA NA CURVA DO TRANSPORTE DA DESENCAIXATADORA ESCAPOU,ESCAPE DE ESTEIRA,ESCAPE DE ESTEIRA,TRAIN
945,"FALHA NO MOPDULO, CAUSANDO PERDA DO CICLO AUTOMATICO NOTA 30008347294",FALHA NO MOPDULO CAUSANDO PERDA DO CICLO AUTOMATICO NOTA 30008347294,FALHA DE MÓDULO,FALHA DE MODULO,TEST
946,AJUSTE NA ESTRELA DE ENTRADA DA ENCHEDORA,AJUSTE NA ESTRELA DE ENTRADA DA ENCHEDORA,SEM MODO DE FALHA IDENTIFICADO,SEM MODO DE FALHA IDENTIFICADO,TRAIN
947,AJUSTE NA ESTRELA DE ENTRADA DA ENCHEDORA,AJUSTE NA ESTRELA DE ENTRADA DA ENCHEDORA,SEM MODO DE FALHA IDENTIFICADO,SEM MODO DE FALHA IDENTIFICADO,TRAIN
948,ESTEIRA DE TRANSPORTE DE PALLET DANIFICADO - ORDEM: 30008347169,ESTEIRA DE TRANSPORTE DE PALLET DANIFICADO ORDEM 30008347169,FALHA DE ESTEIRA,FALHA DE ESTEIRA,TRAIN
949,DESARME DA MESA CENTRAL,DESARME DA MESA CENTRAL,DESARME DE MESA,DESARME DE MESA,TRAIN
950,FALHA NO SENSOR DO ELEVADOR - ORDEM 30008350532,FALHA NO SENSOR DO ELEVADOR ORDEM 30008350532,FALHA DE SENSOR,FALHA DE SENSOR,TRAIN
951,"ESTEIRA DA FILTEC DERRUBANDO LATAS, ORDEM 30008349234",ESTEIRA DA FILTEC DERRUBANDO LATAS ORDEM 30008349234,FALHA DE ESTEIRA,FALHA DE ESTEIRA,TRAIN
952,ESPELHO DO SENSOR MÁ FIXAÇÃO,ESPELHO DO SENSOR MA FIXACAO,FALHA DE SENSOR,FALHA DE SENSOR,TRAIN
953,AJUSTE DA PRESSÃO DAS MOLAS DE 45 PARA 40 LIBRAS (30008351871),AJUSTE DA PRESSAO DAS MOLAS DE 45 PARA 40 LIBRAS 30008351871,SEM MODO DE FALHA IDENTIFICADO,SEM MODO DE FALHA IDENTIFICADO,TEST
954,TROCA DA VEDAÇÃO TUBULAÇÃO ETA,TROCA DA VEDACAO TUBULACAO ETA,FALHA DE VEDAÇÃO,FALHA DE VEDACAO,TRAIN
955,IHM DO MIXER NÃO ESTAVA LINGANDO,IHM DO MIXER NAO ESTAVA LINGANDO,FALHA DE IHM,FALHA DE IHM,TRAIN
956,TUBO DE AR ROMPIDO,TUBO DE AR ROMPIDO,QUEBRA DE COMPONENTE,QUEBRA DE COMPONENTE,TEST
957,FALHA NO SENSOR DE FALTA DE TAMPA,FALHA NO SENSOR DE FALTA DE TAMPA,FALHA DE SENSOR,FALHA DE SENSOR,TEST
958,ESTEIRA TRAVANDO NA SAIDA DA ENCAIXOTADORA.,ESTEIRA TRAVANDO NA SAIDA DA ENCAIXOTADORA,TRAVAMENTO DE ESTEIRA,TRAVAMENTO DE ESTEIRA,TRAIN
959,REGULAGEM DA ESTRELA DE ENTRADA COM OS PISTÕES DE ELEVALAÇÃO.,REGULAGEM DA ESTRELA DE ENTRADA COM OS PISTOES DE ELEVALACAO,SEM MODO DE FALHA IDENTIFICADO,SEM MODO DE FALHA IDENTIFICADO,TRAIN
960,"DATADOR COM PROBLEMA ,ELETRICA ATUANDO.",DATADOR COM PROBLEMA ELETRICA ATUANDO,FALHA DE CODIFICAÇÃO,FALHA DE CODIFICACAO,TEST
961,FALHA NO SENSOR DE FALTA DE TAMPA.,FALHA NO SENSOR DE FALTA DE TAMPA,FALHA DE SENSOR,FALHA DE SENSOR,TEST
962,SENSOR DE CAMADAS.,SENSOR DE CAMADAS,FALHA DE SENSOR,FALHA DE SENSOR,TRAIN
963,FALHA NO SENSOR DE TAMPA.,FALHA NO SENSOR DE TAMPA,FALHA DE SENSOR,FALHA DE SENSOR,TEST
964,SENSOR FORA DE POSIÇÃO,SENSOR FORA DE POSICAO,FALHA DE SENSOR,FALHA DE SENSOR,TRAIN
965,FALHA NO SENSOR DE TAMPA.,FALHA NO SENSOR DE TAMPA,FALHA DE SENSOR,FALHA DE SENSOR,TEST
966,FALHA NO REJEITO DE LATA TESTE,FALHA NO REJEITO DE LATA TESTE,FALHA DE REJEIÇÃO,FALHA DE REJEICAO,TEST
967,PRESSAO DAS MOLAS DURANTE RECRAVAÇÃO (30008351871),PRESSAO DAS MOLAS DURANTE RECRAVACAO 30008351871,FALHA DE RECRAVAÇÃO,FALHA DE RECRAVACAO,TRAIN
968,ENROSCO DE PACOTE NO CANAL C E GUIA DA CHAPA DE PASSAGEM.,ENROSCO DE PACOTE NO CANAL C E GUIA DA CHAPA DE PASSAGEM,ENROSCO DE PACOTES,ENROSCO DE PACOTES,TRAIN
969,"ESTEIRA DA FILTEC DERRUBANDO LATAS, ORDEM 30008349234",ESTEIRA DA FILTEC DERRUBANDO LATAS ORDEM 30008349234,FALHA DE ESTEIRA,FALHA DE ESTEIRA,TRAIN
970,"ESTEIRA DA FILTEC DERRUBANDO LATAS, ORDEM 30008349234",ESTEIRA DA FILTEC DERRUBANDO LATAS ORDEM 30008349234,FALHA DE ESTEIRA,FALHA DE ESTEIRA,TRAIN
971,FALHA NA TROCA DO CATÃO NO CICLO AUTOMATICO.,FALHA NA TROCA DO CATAO NO CICLO AUTOMATICO,FALHA NA TROCA DE PALETE DE CARTÃO,FALHA NA TROCA DE PALETE DE CARTAO,TRAIN
972,FALHA TROCA DO CARTÃO NO CICLO AUTOMATICO.,FALHA TROCA DO CARTAO NO CICLO AUTOMATICO,FALHA NA TROCA DE PALETE DE CARTÃO,FALHA NA TROCA DE PALETE DE CARTAO,TEST
973,"CHAPINHA DE PASSAGEM DE GARRAFAS DANIFICADAS, OCASIONANDO QUEDA DE GARRAFAS NA SAIDA DA DESENCAIXATADORA ORDEM: 30008349210",CHAPINHA DE PASSAGEM DE GARRAFAS DANIFICADAS OCASIONANDO QUEDA DE GARRAFAS NA SAIDA DA DESENCAIXATADORA ORDEM 30008349210,QUEDA DE GARRAFAS,QUEDA DE GARRAFAS,TRAIN
974,FALHA TRANSPORTE NA SAIDA DO ENOS EBS MOTOR 187 DESARMOU ORDEM: 30008349226,FALHA TRANSPORTE NA SAIDA DO ENOS EBS MOTOR 187 DESARMOU ORDEM 30008349226,DESARME DE MOTOR,DESARME DE MOTOR,TEST
975,"PERFIL DANIFICADO, MAPEADO PARA TROCA",PERFIL DANIFICADO MAPEADO PARA TROCA,FALHA DE GUIA,FALHA DE GUIA,TRAIN
976,ROLO DE TRANSFERÊNCIA DE COLA DO AGREGADO 2 TRAVANDO,ROLO DE TRANSFERENCIA DE COLA DO AGREGADO 2 TRAVANDO,TRAVAMENTO DE ROLO DE COLA,TRAVAMENTO DE ROLO DE COLA,TRAIN
977,ESTEIRA DO TRANSPORTE DE CAIXAS DA CURVA DA PALETIZADORA SAIU FORA DE POSIÇÃO,ESTEIRA DO TRANSPORTE DE CAIXAS DA CURVA DA PALETIZADORA SAIU FORA DE POSICAO,ESCAPE DE ESTEIRA,ESCAPE DE ESTEIRA,TRAIN
978,ROLO DE TRANSFERÊNCIA DE COLA DO AGREGADO 2 TRAVANDO,ROLO DE TRANSFERENCIA DE COLA DO AGREGADO 2 TRAVANDO,TRAVAMENTO DE ROLO DE COLA,TRAVAMENTO DE ROLO DE COLA,TRAIN
979,ROLO DE TRANSFERÊNCIA DE COLA DO AGREGADO 2 TRAVANDO,ROLO DE TRANSFERENCIA DE COLA DO AGREGADO 2 TRAVANDO,TRAVAMENTO DE ROLO DE COLA,TRAVAMENTO DE ROLO DE COLA,TRAIN
980,FALHA NA REFRIGERACAO DE FUNDO DA GARRAFA,FALHA NA REFRIGERACAO DE FUNDO DA GARRAFA,FALHA NA REFRIGERAÇÃO DE FUNDO,FALHA NA REFRIGERACAO DE FUNDO,TEST
981,FALHA NO SISTEMA REFRIGERACAO DE FUNDO DA GARRAFA,FALHA NO SISTEMA REFRIGERACAO DE FUNDO DA GARRAFA,FALHA NA REFRIGERAÇÃO DE FUNDO,FALHA NA REFRIGERACAO DE FUNDO,TRAIN
982,"ESTRELA DE GARRAFA FORA DE SINCRONISMO, PISTÃO DE ABERTURA DE ENCGIMENTO FORA DE POSIÇÃO / 30008349145",ESTRELA DE GARRAFA FORA DE SINCRONISMO PISTAO DE ABERTURA DE ENCGIMENTO FORA DE POSICAO 30008349145,FALHA DE SINCRONISMO,FALHA DE SINCRONISMO,TRAIN
983,SOLTANDO CAMADAS FORA DE POSIÇÃO / 30008349255,SOLTANDO CAMADAS FORA DE POSICAO 30008349255,DESALINHAMENTO MECÂNICO,DESALINHAMENTO MECANICO,TRAIN
984,ENCHEDORA FORA DE SINCRONISMO,ENCHEDORA FORA DE SINCRONISMO,FALHA DE SINCRONISMO,FALHA DE SINCRONISMO,TRAIN
985,FALHA NA ENTRADA DE PACOTES VIA 2. ORDEM- 30008349228,FALHA NA ENTRADA DE PACOTES VIA 2 ORDEM 30008349228,FALHA DE ALIMENTAÇÃO DE PACOTES,FALHA DE ALIMENTACAO DE PACOTES,TRAIN
986,MANGUEIRA DE ALTA PRESSÃO DANIFICADA / 13171960,MANGUEIRA DE ALTA PRESSAO DANIFICADA 13171960,FALHA DE MANGUEIRA DE ALTA PRESSÃO,FALHA DE MANGUEIRA DE ALTA PRESSAO,TRAIN
987,SISTEMA DE ENVOLVIMENTO E CORTE DE FILME EM FALHA / ABRINDO PACOTES,SISTEMA DE ENVOLVIMENTO E CORTE DE FILME EM FALHA ABRINDO PACOTES,FALHA DE CORTE DE FILME,FALHA DE CORTE DE FILME,TRAIN
988,SISTEMA DE ENVOLVIMENTO E CORTE DE FILME EM FALHA / ABRINDO PACOTES,SISTEMA DE ENVOLVIMENTO E CORTE DE FILME EM FALHA ABRINDO PACOTES,FALHA DE CORTE DE FILME,FALHA DE CORTE DE FILME,TRAIN
989,QUEBRA DA RÉGUA DE ENVOLVIMENTO,QUEBRA DA REGUA DE ENVOLVIMENTO,QUEBRA DE RÉGUA,QUEBRA DE REGUA,TRAIN
990,SISTEMA DE ENVOLVIMENTO E CORTE DE FILME EM FALHA / ABRINDO PACOTES,SISTEMA DE ENVOLVIMENTO E CORTE DE FILME EM FALHA ABRINDO PACOTES,FALHA DE CORTE DE FILME,FALHA DE CORTE DE FILME,TRAIN
991,SISTEMA DE ENVOLVIMENTO EM FALHA,SISTEMA DE ENVOLVIMENTO EM FALHA,FALHA DE ENVOLVIMENTO,FALHA DE ENVOLVIMENTO,TRAIN
992,FALHA NO ENVIO DE TAMPAS DO JET FLOW ( VIBRADOR) PARA A TOLVA,FALHA NO ENVIO DE TAMPAS DO JET FLOW VIBRADOR PARA A TOLVA,FALHA DE VIBRADOR,FALHA DE VIBRADOR,TEST
993,SISTEMA DE ENVOLVIMENTO E CORTE DE FILME EM FALHA / ABRINDO PACOTES,SISTEMA DE ENVOLVIMENTO E CORTE DE FILME EM FALHA ABRINDO PACOTES,FALHA DE CORTE DE FILME,FALHA DE CORTE DE FILME,TRAIN
994,SISTEMA DE ENVOLVIMENTO EM FALHA,SISTEMA DE ENVOLVIMENTO EM FALHA,FALHA DE ENVOLVIMENTO,FALHA DE ENVOLVIMENTO,TRAIN
995,SISTEMA DE ENVOLVIMENTO E CORTE DE FILME EM FALHA ABRINDO PACOTES / PENTE DERRUBANDO GARRAFAS,SISTEMA DE ENVOLVIMENTO E CORTE DE FILME EM FALHA ABRINDO PACOTES PENTE DERRUBANDO GARRAFAS,FALHA DE CORTE DE FILME,FALHA DE CORTE DE FILME,TRAIN
996,ABRINDO PACOTES,ABRINDO PACOTES,FALHA DE ENVOLVIMENTO,FALHA DE ENVOLVIMENTO,TEST
997,ABRINDO PACOTES,ABRINDO PACOTES,FALHA DE ENVOLVIMENTO,FALHA DE ENVOLVIMENTO,TEST
998,"DESPAL NAO QUERIA EXECUTAR O CICLO AUTOMATICO DELA, ORDEM : 30008355676",DESPAL NAO QUERIA EXECUTAR O CICLO AUTOMATICO DELA ORDEM 30008355676,FALHA DE AUTOMAÇÃO,FALHA DE AUTOMACAO,TRAIN
999,FALHA NO CICLO NA TROCA DO CARTÃO NO AUTOMATICO. NOTA : 13170005,FALHA NO CICLO NA TROCA DO CARTAO NO AUTOMATICO NOTA 13170005,FALHA NA TROCA DE PALETE DE CARTÃO,FALHA NA TROCA DE PALETE DE CARTAO,TEST
1000,FALHA NO CICLO NA TROCA DO CARTÃO NO AUTOMATICO. NOTA : 13170005,FALHA NO CICLO NA TROCA DO CARTAO NO AUTOMATICO NOTA 13170005,FALHA NA TROCA DE PALETE DE CARTÃO,FALHA NA TROCA DE PALETE DE CARTAO,TEST
1001,FALHA NO SISTEMA DE CORTE,FALHA NO SISTEMA DE CORTE,FALHA NO CORTE DE TUBETES,FALHA NO CORTE DE TUBETES,TRAIN
1002,ENCHEDORA FORA DE SINCRONISMO,ENCHEDORA FORA DE SINCRONISMO,FALHA DE SINCRONISMO,FALHA DE SINCRONISMO,TRAIN
1003,QUEBRA DO PENTE DE TRANSFERÊNCIA DA ESTEIRA,QUEBRA DO PENTE DE TRANSFERENCIA DA ESTEIRA,FALHA DE PENTE DE TRANSFERÊNCIA,FALHA DE PENTE DE TRANSFERENCIA,TRAIN
1004,FALHA NA CENTRAGEM DE CAMADA/ SENSOR SOLTOU,FALHA NA CENTRAGEM DE CAMADA SENSOR SOLTOU,FALHA DE SENSOR,FALHA DE SENSOR,TRAIN
1005,ESTEIRA NA CURVA DO TRANSPORTE DA PALETIZADORA ESCAPOU,ESTEIRA NA CURVA DO TRANSPORTE DA PALETIZADORA ESCAPOU,ESCAPE DE ESTEIRA,ESCAPE DE ESTEIRA,TRAIN
1006,ROLAMENTO DO CILINDRO DO ROLO DE COLA ESTA TRAVANDO( CAUSANDO ENROSCO DE ROTULO E GARRAFAS SAINDO SEM ROTULO),ROLAMENTO DO CILINDRO DO ROLO DE COLA ESTA TRAVANDO CAUSANDO ENROSCO DE ROTULO E GARRAFAS SAINDO SEM ROTULO,FALHA DE ROLAMENTO,FALHA DE ROLAMENTO,TRAIN
1007,ROLAMENTO DO CILINDRO DO ROLO DE COLA ESTA TRAVANDO( CAUSANDO ENROSCO DE ROTULO E GARRAFAS SAINDO SEM ROTULO),ROLAMENTO DO CILINDRO DO ROLO DE COLA ESTA TRAVANDO CAUSANDO ENROSCO DE ROTULO E GARRAFAS SAINDO SEM ROTULO,FALHA DE ROLAMENTO,FALHA DE ROLAMENTO,TRAIN
1008,TROCA DO ROLAMENTO DO ROLO DO CILINDRO DE COLA,TROCA DO ROLAMENTO DO ROLO DO CILINDRO DE COLA,FALHA DE ROLAMENTO,FALHA DE ROLAMENTO,TRAIN
1009,ENROSCO DE ROTULO,ENROSCO DE ROTULO,ENROSCO DE RÓTULOS,ENROSCO DE ROTULOS,TRAIN
1010,"ENROSCO DE ROTULO, ( FOI FEITO TANGENCIAMENTO)",ENROSCO DE ROTULO FOI FEITO TANGENCIAMENTO,DESALINHAMENTO DE AGREGADO,DESALINHAMENTO DE AGREGADO,TRAIN
1011,TANGENCIAMENTO DO AGREGADO 2 (30008356250),TANGENCIAMENTO DO AGREGADO 2 30008356250,DESALINHAMENTO DE AGREGADO,DESALINHAMENTO DE AGREGADO,TRAIN
1012,"ROBO COM CAPACIDADE REDUZIDA POR VIBRAÇÃO DO MESMO,",ROBO COM CAPACIDADE REDUZIDA POR VIBRACAO DO MESMO,VIBRAÇÃO DE ROBÔ,VIBRACAO DE ROBO,TEST
1013,"ULTILIZANDO APENAS UM MANDRIUL, TENDO QUE FAZER DUAS VEZES SOLDA PARA A TROCA DE BOBINA.ORDEM30008356273",ULTILIZANDO APENAS UM MANDRIUL TENDO QUE FAZER DUAS VEZES SOLDA PARA A TROCA DE BOBINA ORDEM30008356273,FALHA DE SOLDA DE FILME,FALHA DE SOLDA DE FILME,TRAIN
1014,LATAS SAINDO AMASSADA ORDEM:30008356253,LATAS SAINDO AMASSADA ORDEM 30008356253,AMASSAMENTO DE LATAS,AMASSAMENTO DE LATAS,TRAIN
1015,LATAS SAINDO AMASSADA ORDEM:30008356253,LATAS SAINDO AMASSADA ORDEM 30008356253,AMASSAMENTO DE LATAS,AMASSAMENTO DE LATAS,TRAIN
1016,"ULTILIZANDO APENAS UM MANDRIUL, TENDO QUE FAZER DUAS VEZES SOLDA PARA A TROCA DE BOBINA.ORDEM30008356273",ULTILIZANDO APENAS UM MANDRIUL TENDO QUE FAZER DUAS VEZES SOLDA PARA A TROCA DE BOBINA ORDEM30008356273,FALHA DE SOLDA DE FILME,FALHA DE SOLDA DE FILME,TRAIN
1017,ROBO TRAVANDO E DERUBANDO CAMADA DE PACOTES,ROBO TRAVANDO E DERUBANDO CAMADA DE PACOTES,TRAVAMENTO DE ROBÔ,TRAVAMENTO DE ROBO,TRAIN
1018,"ROBO TRAVANDO, DERUBANDO PACOTES DA FORMAÇÃO DE CAMADA.",ROBO TRAVANDO DERUBANDO PACOTES DA FORMACAO DE CAMADA,FALHA DE FORMAÇÃO DE CAMADA,FALHA DE FORMACAO DE CAMADA,TEST
1019,"ROBO TRAVANDO, DERUBANDO PACOTES DA FORMAÇÃO DE CAMADA. (30008356563)",ROBO TRAVANDO DERUBANDO PACOTES DA FORMACAO DE CAMADA 30008356563,FALHA DE FORMAÇÃO DE CAMADA,FALHA DE FORMACAO DE CAMADA,TRAIN
1020,JUMP DDA VALVULA N°63 NOTA 30008356619,JUMP DDA VALVULA N 63 NOTA 30008356619,FALHA DE VÁLVULA DE ENCHIMENTO,FALHA DE VALVULA DE ENCHIMENTO,TRAIN
1021,ENCHEDORA FORA DE SINCRONISMO ENTRANDO GARRAFA TORTA. ORDEM- 30008355646,ENCHEDORA FORA DE SINCRONISMO ENTRANDO GARRAFA TORTA ORDEM 30008355646,FALHA DE SINCRONISMO,FALHA DE SINCRONISMO,TRAIN
1022,FALHA NA ENTRADA DE PACOTES VIA 1 E 2,FALHA NA ENTRADA DE PACOTES VIA 1 E 2,FALHA DE ALIMENTAÇÃO DE PACOTES,FALHA DE ALIMENTACAO DE PACOTES,TRAIN
1023,PACOTE VIRADO NA MESA DE FORMAÇÃO,PACOTE VIRADO NA MESA DE FORMACAO,PACOTE FORA DE POSIÇÃO,PACOTE FORA DE POSICAO,TEST
1024,FALHA CARTÃO MESTRE,FALHA CARTAO MESTRE,FALHA DE CARTÃO MESTRE,FALHA DE CARTAO MESTRE,TRAIN
1025,FALHA CARTÃO MESTRE,FALHA CARTAO MESTRE,FALHA DE CARTÃO MESTRE,FALHA DE CARTAO MESTRE,TRAIN
1026,FALHA CARTÃO MESTRE,FALHA CARTAO MESTRE,FALHA DE CARTÃO MESTRE,FALHA DE CARTAO MESTRE,TRAIN
1027,FALHA CARTÃO MESTRE,FALHA CARTAO MESTRE,FALHA DE CARTÃO MESTRE,FALHA DE CARTAO MESTRE,TRAIN
1028,FALHA CARTÃO MESTRE,FALHA CARTAO MESTRE,FALHA DE CARTÃO MESTRE,FALHA DE CARTAO MESTRE,TRAIN
1029,FALHA CARTÃO MESTRE,FALHA CARTAO MESTRE,FALHA DE CARTÃO MESTRE,FALHA DE CARTAO MESTRE,TRAIN
1030,VÁLVULA 115 SAINDO NIVEL BAIXO FOI JAMPEADA,VALVULA 115 SAINDO NIVEL BAIXO FOI JAMPEADA,FALHA DE ENCHIMENTO,FALHA DE ENCHIMENTO,TRAIN
1031,DESARMOU O INVERSOR DO TRANSPORTE DE PALETE,DESARMOU O INVERSOR DO TRANSPORTE DE PALETE,FALHA DE INVERSOR,FALHA DE INVERSOR,TRAIN
1032,FALHA NO SENSOR DE PRESENÇA DE CAMADA DA GAIOLA ( TROCA DO MESMO),FALHA NO SENSOR DE PRESENCA DE CAMADA DA GAIOLA TROCA DO MESMO,FALHA DE SENSOR,FALHA DE SENSOR,TEST
1033,FALHA NO SENSOR DE PRESENÇA DE CAMADA DA GAIOLA ( TROCA DO MESMO),FALHA NO SENSOR DE PRESENCA DE CAMADA DA GAIOLA TROCA DO MESMO,FALHA DE SENSOR,FALHA DE SENSOR,TEST
1034,TROCA DE SENSOR CENTRAGEM,TROCA DE SENSOR CENTRAGEM,FALHA DE SENSOR,FALHA DE SENSOR,TRAIN
1035,QUEBRA DA ESTEIRA E PENTE DE ENTRADA DE GARRAFAS,QUEBRA DA ESTEIRA E PENTE DE ENTRADA DE GARRAFAS,QUEBRA DE ESTEIRA,QUEBRA DE ESTEIRA,TRAIN
1036,CORREIA DANIFICADA CAUSANDO PARADA DE EQUIPAMENTO,CORREIA DANIFICADA CAUSANDO PARADA DE EQUIPAMENTO,FALHA DE CORREIA,FALHA DE CORREIA,TEST
1037,PENTE SEM PORCA DE FIXAÇÃO SE SOLTOU TRAVANDO EQUIPAMENTO / 30008359530,PENTE SEM PORCA DE FIXACAO SE SOLTOU TRAVANDO EQUIPAMENTO 30008359530,PENTES SOLTOS,PENTES SOLTOS,TRAIN
1038,FALTA DE GARRAFAS VINDO DA LAVADOURA OCASIONADO PELO ESPAÇO DOS DOIS PENTES.,FALTA DE GARRAFAS VINDO DA LAVADOURA OCASIONADO PELO ESPACO DOS DOIS PENTES,FALHA DE ALIMENTAÇÃO DE GARRAFAS,FALHA DE ALIMENTACAO DE GARRAFAS,TRAIN
1039,"FALTA DE GARRAFAS VINDO DA LAVADORA ,DEVIDO A FALTA DE DOIS PENTES.",FALTA DE GARRAFAS VINDO DA LAVADORA DEVIDO A FALTA DE DOIS PENTES,FALHA DE ALIMENTAÇÃO DE GARRAFAS,FALHA DE ALIMENTACAO DE GARRAFAS,TRAIN
1040,"FALHA NA MASTERIZAÇÃO ,ELÉTRICA.",FALHA NA MASTERIZACAO ELETRICA,PERDA DE REFERÊNCIA,PERDA DE REFERENCIA,TRAIN
1041,FALHA NO SERVO DE ELEVAÇÃO DA PALETIZADORA.,FALHA NO SERVO DE ELEVACAO DA PALETIZADORA,FALHA DE SERVO MOTOR,FALHA DE SERVO MOTOR,TRAIN
1042,FALTA DE GARRAFAS VINDO DA LAVADOURA.OBS.FALTA DE DOIS PENTES.,FALTA DE GARRAFAS VINDO DA LAVADOURA OBS FALTA DE DOIS PENTES,FALHA DE ALIMENTAÇÃO DE GARRAFAS,FALHA DE ALIMENTACAO DE GARRAFAS,TRAIN
1043,SENSOR EM FALHA,SENSOR EM FALHA,FALHA DE SENSOR,FALHA DE SENSOR,TRAIN
1044,INVESTIGAÇÃO NA RECRAVADORA (AMASSANDO LATAS) 30008360255,INVESTIGACAO NA RECRAVADORA AMASSANDO LATAS 30008360255,FALHA DE RECRAVAÇÃO,FALHA DE RECRAVACAO,TRAIN
1045,FALHA NA REFRIGERACAO DE FUNDO DA GARRAFA,FALHA NA REFRIGERACAO DE FUNDO DA GARRAFA,FALHA NA REFRIGERAÇÃO DE FUNDO,FALHA NA REFRIGERACAO DE FUNDO,TEST
1046,AJUSTEDA POSICAO DO BRAÇO EMPURRADOR CENTRAGEM DE CAMADAS 30008360239,AJUSTEDA POSICAO DO BRACO EMPURRADOR CENTRAGEM DE CAMADAS 30008360239,DESALINHAMENTO DO BRAÇO DE CENTRAGEM,DESALINHAMENTO DO BRACO DE CENTRAGEM,TRAIN
1047,FALHA NO INVERSOR DE SAIDA DE PALETES 30008360256,FALHA NO INVERSOR DE SAIDA DE PALETES 30008360256,FALHA DE INVERSOR,FALHA DE INVERSOR,TRAIN
1048,ENCHEDORA FORA DE SINCRONISMO.NOTA- 13170303,ENCHEDORA FORA DE SINCRONISMO NOTA 13170303,FALHA DE SINCRONISMO,FALHA DE SINCRONISMO,TEST
1049,INSPEÇÃO NO SERVO MOTOR E ALINHAMENTO DAS ESTRELAS DE ENTRADA ORDEM 30008359872,INSPECAO NO SERVO MOTOR E ALINHAMENTO DAS ESTRELAS DE ENTRADA ORDEM 30008359872,FALHA DE SERVO MOTOR,FALHA DE SERVO MOTOR,TRAIN
1050,FILME DOBRANDO NA RAMPA DE ACELERAÇÃO ORDEM 30008359986,FILME DOBRANDO NA RAMPA DE ACELERACAO ORDEM 30008359986,FALHA DE TRAÇÃO/GUIAMENTO DE FILME,FALHA DE TRACAO GUIAMENTO DE FILME,TRAIN
1051,DESARMANDO DEVIDO A GARRAFA VAZIA,DESARMANDO DEVIDO A GARRAFA VAZIA,FALHA DE ENCHIMENTO,FALHA DE ENCHIMENTO,TEST
1052,SENSOR DA GAIOLA SOLTO (ORDEM 30008360211),SENSOR DA GAIOLA SOLTO ORDEM 30008360211,FALHA DE SENSOR,FALHA DE SENSOR,TRAIN
1053,FALHA DE ENVOLVIMENTO,FALHA DE ENVOLVIMENTO,FALHA DE ENVOLVIMENTO,FALHA DE ENVOLVIMENTO,TRAIN
1054,FEITA COLOCAÇÃO DA CORRENTE NO ROLETE,FEITA COLOCACAO DA CORRENTE NO ROLETE,FALHA DE ROLETES,FALHA DE ROLETES,TEST
1055,"ROBO COM CAPACIDADE REDUZIDA POR VIBRAÇÃO DO MESMO,ROBO SOLTANDO PACOTE NA LATERAL DO CABEÇOTE.",ROBO COM CAPACIDADE REDUZIDA POR VIBRACAO DO MESMO ROBO SOLTANDO PACOTE NA LATERAL DO CABECOTE,VIBRAÇÃO DE ROBÔ,VIBRACAO DE ROBO,TRAIN
1056,ROBO COM VELOCIDADE REDUZIDA POR VIBRAÇÃO NO MESMO.ORDEM/30008656563,ROBO COM VELOCIDADE REDUZIDA POR VIBRACAO NO MESMO ORDEM 30008656563,VIBRAÇÃO DE ROBÔ,VIBRACAO DE ROBO,TRAIN
1057,ENROSCO DE TAMPA NO TRASPOTE.,ENROSCO DE TAMPA NO TRASPOTE,ENROSCO DE TAMPAS,ENROSCO DE TAMPAS,TRAIN
1058,TROCA DO PALETE DE CARTÃO NO AUTOMATICO.,TROCA DO PALETE DE CARTAO NO AUTOMATICO,FALHA NA TROCA DE PALETE DE CARTÃO,FALHA NA TROCA DE PALETE DE CARTAO,TEST
1059,FALHA DE SEGURANÇA NA TROCA DA BOBINA.,FALHA DE SEGURANCA NA TROCA DA BOBINA,FALHA NA TROCA DE BOBINA,FALHA NA TROCA DE BOBINA,TRAIN
1060,FALHA NA TROCA DO PALETE DE CARTÃO NO AUTOMATICO.,FALHA NA TROCA DO PALETE DE CARTAO NO AUTOMATICO,FALHA NA TROCA DE PALETE DE CARTÃO,FALHA NA TROCA DE PALETE DE CARTAO,TRAIN
1061,ENROSCO DE PACOTE NO BATEDOR DE CAIXA DA TRANSPOTE DE ENTRADA .,ENROSCO DE PACOTE NO BATEDOR DE CAIXA DA TRANSPOTE DE ENTRADA,ENROSCO DE PACOTES,ENROSCO DE PACOTES,TRAIN
1062,BOMBA DA ILHA QUIMICA COM FALHA DE ENVIO DE SODA,BOMBA DA ILHA QUIMICA COM FALHA DE ENVIO DE SODA,FALHA DE BOMBA,FALHA DE BOMBA,TRAIN
1063,ENCHEDORA FALHA DE SINCRONISMO,ENCHEDORA FALHA DE SINCRONISMO,FALHA DE SINCRONISMO,FALHA DE SINCRONISMO,TRAIN
1064,FALHA NA PASSAGEM DA GARRAFA 4,FALHA NA PASSAGEM DA GARRAFA 4,FALHA DE INSPEÇÃO,FALHA DE INSPECAO,TRAIN
1065,"ROBO COM TREPIDAÇÃO/TRAVANDO, MODIFICADO VENSOSAS AFIM DE SEGURAR MELHOR PACOTES DURANTE A TRIPIDAÇAO",ROBO COM TREPIDACAO TRAVANDO MODIFICADO VENSOSAS AFIM DE SEGURAR MELHOR PACOTES DURANTE A TRIPIDACAO,TRAVAMENTO DE ROBÔ,TRAVAMENTO DE ROBO,TRAIN
1066,ROBO COM TREPIDAÇÃO/TRAVANDO CAPACIDADE DE PRODUÇÃO REDUZIDA DO ROBO.DEVIDO A QUEDA DE PACOTES,ROBO COM TREPIDACAO TRAVANDO CAPACIDADE DE PRODUCAO REDUZIDA DO ROBO DEVIDO A QUEDA DE PACOTES,TRAVAMENTO DE ROBÔ,TRAVAMENTO DE ROBO,TRAIN
1067,ROBO COM TREPIDAÇÃO/TRAVANDO CAPACIDADE DE PRODUÇÃO REDUZIDA DO ROBO.DEVIDO A QUEDA DE PACOTES (4 VEZES SEGUIDA),ROBO COM TREPIDACAO TRAVANDO CAPACIDADE DE PRODUCAO REDUZIDA DO ROBO DEVIDO A QUEDA DE PACOTES 4 VEZES SEGUIDA,TRAVAMENTO DE ROBÔ,TRAVAMENTO DE ROBO,TRAIN
1068,ROBO COM A CAPACIDADE DE PRODUÇAO REDUZIDA DEVIDO VIBRAÇÃO DO ROBO.,ROBO COM A CAPACIDADE DE PRODUCAO REDUZIDA DEVIDO VIBRACAO DO ROBO,VIBRAÇÃO DE ROBÔ,VIBRACAO DE ROBO,TRAIN
1069,FALHA DE INVERSOR N°406 30008360258,FALHA DE INVERSOR N 406 30008360258,FALHA DE INVERSOR,FALHA DE INVERSOR,TRAIN
1070,JUMPER FISICO DA VALVULA N°33 COM N°30 30008360253,JUMPER FISICO DA VALVULA N 33 COM N 30 30008360253,FALHA DE VÁLVULA DE ENCHIMENTO,FALHA DE VALVULA DE ENCHIMENTO,TRAIN
1071,ROBO COM TREPIDAÇÃO/ QUEDA DE PACOTE SOBRE A MESA DE CARGA NOTA ( 30008356563),ROBO COM TREPIDACAO QUEDA DE PACOTE SOBRE A MESA DE CARGA NOTA 30008356563,FALHA DE ROBÔ,FALHA DE ROBO,TRAIN
1072,CORREIA DANIFICADA CAUSANDO PARADA DE EQUIPAMENTO,CORREIA DANIFICADA CAUSANDO PARADA DE EQUIPAMENTO,FALHA DE CORREIA,FALHA DE CORREIA,TEST
1073,PENTE SEM PORCA DE FIXAÇÃO SE SOLTOU TRAVANDO EQUIPAMENTO / 30008359530,PENTE SEM PORCA DE FIXACAO SE SOLTOU TRAVANDO EQUIPAMENTO 30008359530,PENTES SOLTOS,PENTES SOLTOS,TRAIN
1074,FALTA DE GARRAFAS VINDO DA LAVADOURA OCASIONADO PELO ESPAÇO DOS DOIS PENTES.,FALTA DE GARRAFAS VINDO DA LAVADOURA OCASIONADO PELO ESPACO DOS DOIS PENTES,FALHA DE ALIMENTAÇÃO DE GARRAFAS,FALHA DE ALIMENTACAO DE GARRAFAS,TRAIN
1075,"FALTA DE GARRAFAS VINDO DA LAVADORA ,DEVIDO A FALTA DE DOIS PENTES.",FALTA DE GARRAFAS VINDO DA LAVADORA DEVIDO A FALTA DE DOIS PENTES,FALHA DE ALIMENTAÇÃO DE GARRAFAS,FALHA DE ALIMENTACAO DE GARRAFAS,TRAIN
1076,"FALHA NA MASTERIZAÇÃO ,ELÉTRICA.",FALHA NA MASTERIZACAO ELETRICA,PERDA DE REFERÊNCIA,PERDA DE REFERENCIA,TRAIN
1077,FALHA NO SERVO DE ELEVAÇÃO DA PALETIZADORA.,FALHA NO SERVO DE ELEVACAO DA PALETIZADORA,FALHA DE SERVO MOTOR,FALHA DE SERVO MOTOR,TRAIN
1078,FALTA DE GARRAFAS VINDO DA LAVADOURA.OBS.FALTA DE DOIS PENTES.,FALTA DE GARRAFAS VINDO DA LAVADOURA OBS FALTA DE DOIS PENTES,FALHA DE ALIMENTAÇÃO DE GARRAFAS,FALHA DE ALIMENTACAO DE GARRAFAS,TRAIN
1079,SENSOR EM FALHA,SENSOR EM FALHA,FALHA DE SENSOR,FALHA DE SENSOR,TRAIN
1080,INVESTIGAÇÃO NA RECRAVADORA (AMASSANDO LATAS) 30008360255,INVESTIGACAO NA RECRAVADORA AMASSANDO LATAS 30008360255,FALHA DE RECRAVAÇÃO,FALHA DE RECRAVACAO,TRAIN
1081,FALHA NA REFRIGERACAO DE FUNDO DA GARRAFA,FALHA NA REFRIGERACAO DE FUNDO DA GARRAFA,FALHA NA REFRIGERAÇÃO DE FUNDO,FALHA NA REFRIGERACAO DE FUNDO,TEST
1082,AJUSTEDA POSICAO DO BRAÇO EMPURRADOR CENTRAGEM DE CAMADAS 30008360239,AJUSTEDA POSICAO DO BRACO EMPURRADOR CENTRAGEM DE CAMADAS 30008360239,DESALINHAMENTO DO BRAÇO DE CENTRAGEM,DESALINHAMENTO DO BRACO DE CENTRAGEM,TRAIN
1083,FALHA NO INVERSOR DE SAIDA DE PALETES 30008360256,FALHA NO INVERSOR DE SAIDA DE PALETES 30008360256,FALHA DE INVERSOR,FALHA DE INVERSOR,TRAIN
1084,ENCHEDORA FORA DE SINCRONISMO.NOTA- 13170303,ENCHEDORA FORA DE SINCRONISMO NOTA 13170303,FALHA DE SINCRONISMO,FALHA DE SINCRONISMO,TEST
1085,INSPEÇÃO NO SERVO MOTOR E ALINHAMENTO DAS ESTRELAS DE ENTRADA ORDEM 30008359872,INSPECAO NO SERVO MOTOR E ALINHAMENTO DAS ESTRELAS DE ENTRADA ORDEM 30008359872,FALHA DE SERVO MOTOR,FALHA DE SERVO MOTOR,TRAIN
1086,FILME DOBRANDO NA RAMPA DE ACELERAÇÃO ORDEM 30008359986,FILME DOBRANDO NA RAMPA DE ACELERACAO ORDEM 30008359986,FALHA DE TRAÇÃO/GUIAMENTO DE FILME,FALHA DE TRACAO GUIAMENTO DE FILME,TRAIN
1087,DESARMANDO DEVIDO A GARRAFA VAZIA,DESARMANDO DEVIDO A GARRAFA VAZIA,FALHA DE ENCHIMENTO,FALHA DE ENCHIMENTO,TEST
1088,SENSOR DA GAIOLA SOLTO (ORDEM 30008360211),SENSOR DA GAIOLA SOLTO ORDEM 30008360211,FALHA DE SENSOR,FALHA DE SENSOR,TRAIN
1089,FALHA DE ENVOLVIMENTO,FALHA DE ENVOLVIMENTO,FALHA DE ENVOLVIMENTO,FALHA DE ENVOLVIMENTO,TRAIN
1090,FEITA COLOCAÇÃO DA CORRENTE NO ROLETE,FEITA COLOCACAO DA CORRENTE NO ROLETE,FALHA DE ROLETES,FALHA DE ROLETES,TEST
1091,"ROBO COM CAPACIDADE REDUZIDA POR VIBRAÇÃO DO MESMO,ROBO SOLTANDO PACOTE NA LATERAL DO CABEÇOTE.",ROBO COM CAPACIDADE REDUZIDA POR VIBRACAO DO MESMO ROBO SOLTANDO PACOTE NA LATERAL DO CABECOTE,VIBRAÇÃO DE ROBÔ,VIBRACAO DE ROBO,TRAIN
1092,ROBO COM VELOCIDADE REDUZIDA POR VIBRAÇÃO NO MESMO.ORDEM/30008656563,ROBO COM VELOCIDADE REDUZIDA POR VIBRACAO NO MESMO ORDEM 30008656563,VIBRAÇÃO DE ROBÔ,VIBRACAO DE ROBO,TRAIN
1093,ENROSCO DE TAMPA NO TRASPOTE.,ENROSCO DE TAMPA NO TRASPOTE,ENROSCO DE TAMPAS,ENROSCO DE TAMPAS,TRAIN
1094,TROCA DO PALETE DE CARTÃO NO AUTOMATICO.,TROCA DO PALETE DE CARTAO NO AUTOMATICO,FALHA NA TROCA DE PALETE DE CARTÃO,FALHA NA TROCA DE PALETE DE CARTAO,TEST
1095,FALHA DE SEGURANÇA NA TROCA DA BOBINA.,FALHA DE SEGURANCA NA TROCA DA BOBINA,FALHA NA TROCA DE BOBINA,FALHA NA TROCA DE BOBINA,TRAIN
1096,FALHA NA TROCA DO PALETE DE CARTÃO NO AUTOMATICO.,FALHA NA TROCA DO PALETE DE CARTAO NO AUTOMATICO,FALHA NA TROCA DE PALETE DE CARTÃO,FALHA NA TROCA DE PALETE DE CARTAO,TRAIN
1097,ENROSCO DE PACOTE NO BATEDOR DE CAIXA DA TRANSPOTE DE ENTRADA .,ENROSCO DE PACOTE NO BATEDOR DE CAIXA DA TRANSPOTE DE ENTRADA,ENROSCO DE PACOTES,ENROSCO DE PACOTES,TRAIN
1098,BOMBA DA ILHA QUIMICA COM FALHA DE ENVIO DE SODA,BOMBA DA ILHA QUIMICA COM FALHA DE ENVIO DE SODA,FALHA DE BOMBA,FALHA DE BOMBA,TRAIN
1099,ENCHEDORA FALHA DE SINCRONISMO,ENCHEDORA FALHA DE SINCRONISMO,FALHA DE SINCRONISMO,FALHA DE SINCRONISMO,TRAIN
1100,FALHA NA PASSAGEM DA GARRAFA 4,FALHA NA PASSAGEM DA GARRAFA 4,FALHA DE INSPEÇÃO,FALHA DE INSPECAO,TRAIN
1101,"ROBO COM TREPIDAÇÃO/TRAVANDO, MODIFICADO VENSOSAS AFIM DE SEGURAR MELHOR PACOTES DURANTE A TRIPIDAÇAO",ROBO COM TREPIDACAO TRAVANDO MODIFICADO VENSOSAS AFIM DE SEGURAR MELHOR PACOTES DURANTE A TRIPIDACAO,TRAVAMENTO DE ROBÔ,TRAVAMENTO DE ROBO,TRAIN
1102,ROBO COM TREPIDAÇÃO/TRAVANDO CAPACIDADE DE PRODUÇÃO REDUZIDA DO ROBO.DEVIDO A QUEDA DE PACOTES,ROBO COM TREPIDACAO TRAVANDO CAPACIDADE DE PRODUCAO REDUZIDA DO ROBO DEVIDO A QUEDA DE PACOTES,TRAVAMENTO DE ROBÔ,TRAVAMENTO DE ROBO,TRAIN
1103,ROBO COM TREPIDAÇÃO/TRAVANDO CAPACIDADE DE PRODUÇÃO REDUZIDA DO ROBO.DEVIDO A QUEDA DE PACOTES (4 VEZES SEGUIDA),ROBO COM TREPIDACAO TRAVANDO CAPACIDADE DE PRODUCAO REDUZIDA DO ROBO DEVIDO A QUEDA DE PACOTES 4 VEZES SEGUIDA,TRAVAMENTO DE ROBÔ,TRAVAMENTO DE ROBO,TRAIN
1104,ROBO COM A CAPACIDADE DE PRODUÇAO REDUZIDA DEVIDO VIBRAÇÃO DO ROBO.,ROBO COM A CAPACIDADE DE PRODUCAO REDUZIDA DEVIDO VIBRACAO DO ROBO,VIBRAÇÃO DE ROBÔ,VIBRACAO DE ROBO,TRAIN
1105,FALHA DE INVERSOR N°406 30008360258,FALHA DE INVERSOR N 406 30008360258,FALHA DE INVERSOR,FALHA DE INVERSOR,TRAIN
1106,JUMPER FISICO DA VALVULA N°33 COM N°30 30008360253,JUMPER FISICO DA VALVULA N 33 COM N 30 30008360253,FALHA DE VÁLVULA DE ENCHIMENTO,FALHA DE VALVULA DE ENCHIMENTO,TRAIN
1107,ROBO COM TREPIDAÇÃO/ QUEDA DE PACOTE SOBRE A MESA DE CARGA NOTA ( 30008356563),ROBO COM TREPIDACAO QUEDA DE PACOTE SOBRE A MESA DE CARGA NOTA 30008356563,FALHA DE ROBÔ,FALHA DE ROBO,TRAIN
1108,FALHA NO PAINEL CLP / DIFICULDADE DE COLOCAR A ENCHEDORA EM MODO DE CIP NOTA: (30008362274),FALHA NO PAINEL CLP DIFICULDADE DE COLOCAR A ENCHEDORA EM MODO DE CIP NOTA 30008362274,FALHA DE PLC,FALHA DE PLC,TRAIN
1109,FALHA DE ELAU E EQUIPAMENTO FORA DE SICRONISMO ORDEM: 30008362079,FALHA DE ELAU E EQUIPAMENTO FORA DE SICRONISMO ORDEM 30008362079,FALHA DE ELAU,FALHA DE ELAU,TRAIN
1110,FALHA SENSOR DA ENCHEDORA ORDEM: 30008362061,FALHA SENSOR DA ENCHEDORA ORDEM 30008362061,FALHA DE SENSOR,FALHA DE SENSOR,TRAIN
1111,FALHA NA VALVULA DE AGUA DO TANQUE 1 ( 30008362135 ) VÁLVULA EM MANUAL,FALHA NA VALVULA DE AGUA DO TANQUE 1 30008362135 VALVULA EM MANUAL,FALHA DE VÁLVULA DE ÁGUA,FALHA DE VALVULA DE AGUA,TRAIN
1112,CRITICO CANAL 1,CRITICO CANAL 1,FALHA DE CONTROLE DE PROCESSO,FALHA DE CONTROLE DE PROCESSO,TRAIN
1113,ENROSCO DE PACOTE NO GUIA DA CHAPA DE PASSAGEM,ENROSCO DE PACOTE NO GUIA DA CHAPA DE PASSAGEM,ENROSCO DE PACOTES,ENROSCO DE PACOTES,TEST
1114,"FALHA NA RETIRARDA DO QUADRO E FOLHA SEPARADORA DEVIDO HASTE DA VENTOSA DANIFICADA, ORDEM(300083620930.",FALHA NA RETIRARDA DO QUADRO E FOLHA SEPARADORA DEVIDO HASTE DA VENTOSA DANIFICADA ORDEM 300083620930,FALHA DE VENTOSA,FALHA DE VENTOSA,TRAIN
1115,FALTANDO VENTOSA NO PEGAR DE CARTAO,FALTANDO VENTOSA NO PEGAR DE CARTAO,FALHA DE VENTOSA,FALHA DE VENTOSA,TEST
1116,"ROLETES DE FORMAÇÃO DE CAMADA TRAVANDO, GERANDO MA FOMAÇÃO E ESTOURO DE LATAS",ROLETES DE FORMACAO DE CAMADA TRAVANDO GERANDO MA FOMACAO E ESTOURO DE LATAS,TRAVAMENTO DE ROLETES,TRAVAMENTO DE ROLETES,TRAIN
1117,FILME ROMPENDO DEVIDO A PREÇÃO DOS ROLETES TENSIONADORES,FILME ROMPENDO DEVIDO A PRECAO DOS ROLETES TENSIONADORES,ROMPIMENTO DE FILME,ROMPIMENTO DE FILME,TRAIN
1118,ROBO COM TREPIDAÇÃO/TRAVANDO CAPACIDADE DE PRODUÇÃO REDUZIDA DO ROBO.DEVIDO A QUEDA DE PACOTES,ROBO COM TREPIDACAO TRAVANDO CAPACIDADE DE PRODUCAO REDUZIDA DO ROBO DEVIDO A QUEDA DE PACOTES,TRAVAMENTO DE ROBÔ,TRAVAMENTO DE ROBO,TRAIN
1120,SENSOR DA BARREIRA DE SEGURANÇA DO MAGAZINE DE CARTÃO FORA DE POSIÇÃO. ORDEM- 30008362097,SENSOR DA BARREIRA DE SEGURANCA DO MAGAZINE DE CARTAO FORA DE POSICAO ORDEM 30008362097,FALHA DE SENSOR,FALHA DE SENSOR,TRAIN
1121,SAINDO GARRAFA VAZIA ENROSCOU NO VIDEOJET ORDEM 30008362142,SAINDO GARRAFA VAZIA ENROSCOU NO VIDEOJET ORDEM 30008362142,FALHA DE CODIFICAÇÃO,FALHA DE CODIFICACAO,TRAIN
1122,QUEDA DE GARRAFA NA REGUA DE ARRASTE ESTEIRA PATINANDO,QUEDA DE GARRAFA NA REGUA DE ARRASTE ESTEIRA PATINANDO,PATINAGEM DE ESTEIRA,PATINAGEM DE ESTEIRA,TRAIN
1123,"QUEDA DE GARRAFA NO SISTEMA DE REFRIGERACAO DE FUNDO , CAUSANDO A PARADA DA MAQUINA",QUEDA DE GARRAFA NO SISTEMA DE REFRIGERACAO DE FUNDO CAUSANDO A PARADA DA MAQUINA,QUEDA DE GARRAFAS,QUEDA DE GARRAFAS,TRAIN
1124,FALHA NO PAINEL CLP / DIFICULDADE DE COLOCAR A ENCHEDORA EM MODO DE CIP NOTA: (30008362274),FALHA NO PAINEL CLP DIFICULDADE DE COLOCAR A ENCHEDORA EM MODO DE CIP NOTA 30008362274,FALHA DE PLC,FALHA DE PLC,TRAIN
1125,FALHA DE ELAU E EQUIPAMENTO FORA DE SICRONISMO ORDEM: 30008362079,FALHA DE ELAU E EQUIPAMENTO FORA DE SICRONISMO ORDEM 30008362079,FALHA DE ELAU,FALHA DE ELAU,TRAIN
1126,FALHA SENSOR DA ENCHEDORA ORDEM: 30008362061,FALHA SENSOR DA ENCHEDORA ORDEM 30008362061,FALHA DE SENSOR,FALHA DE SENSOR,TRAIN
1127,FALHA NA VALVULA DE AGUA DO TANQUE 1 ( 30008362135 ) VÁLVULA EM MANUAL,FALHA NA VALVULA DE AGUA DO TANQUE 1 30008362135 VALVULA EM MANUAL,FALHA DE VÁLVULA DE ÁGUA,FALHA DE VALVULA DE AGUA,TRAIN
1128,CRITICO CANAL 1,CRITICO CANAL 1,FALHA DE CONTROLE DE PROCESSO,FALHA DE CONTROLE DE PROCESSO,TRAIN
1129,ENROSCO DE PACOTE NO GUIA DA CHAPA DE PASSAGEM,ENROSCO DE PACOTE NO GUIA DA CHAPA DE PASSAGEM,ENROSCO DE PACOTES,ENROSCO DE PACOTES,TEST
1130,"FALHA NA RETIRARDA DO QUADRO E FOLHA SEPARADORA DEVIDO HASTE DA VENTOSA DANIFICADA, ORDEM(300083620930.",FALHA NA RETIRARDA DO QUADRO E FOLHA SEPARADORA DEVIDO HASTE DA VENTOSA DANIFICADA ORDEM 300083620930,FALHA DE VENTOSA,FALHA DE VENTOSA,TRAIN
1131,FALTANDO VENTOSA NO PEGAR DE CARTAO,FALTANDO VENTOSA NO PEGAR DE CARTAO,FALHA DE VENTOSA,FALHA DE VENTOSA,TEST
1132,"ROLETES DE FORMAÇÃO DE CAMADA TRAVANDO, GERANDO MA FOMAÇÃO E ESTOURO DE LATAS",ROLETES DE FORMACAO DE CAMADA TRAVANDO GERANDO MA FOMACAO E ESTOURO DE LATAS,TRAVAMENTO DE ROLETES,TRAVAMENTO DE ROLETES,TRAIN
1133,FILME ROMPENDO DEVIDO A PREÇÃO DOS ROLETES TENSIONADORES,FILME ROMPENDO DEVIDO A PRECAO DOS ROLETES TENSIONADORES,ROMPIMENTO DE FILME,ROMPIMENTO DE FILME,TRAIN
1134,ROBO COM TREPIDAÇÃO/TRAVANDO CAPACIDADE DE PRODUÇÃO REDUZIDA DO ROBO.DEVIDO A QUEDA DE PACOTES,ROBO COM TREPIDACAO TRAVANDO CAPACIDADE DE PRODUCAO REDUZIDA DO ROBO DEVIDO A QUEDA DE PACOTES,TRAVAMENTO DE ROBÔ,TRAVAMENTO DE ROBO,TRAIN
1136,SENSOR DA BARREIRA DE SEGURANÇA DO MAGAZINE DE CARTÃO FORA DE POSIÇÃO. ORDEM- 30008362097,SENSOR DA BARREIRA DE SEGURANCA DO MAGAZINE DE CARTAO FORA DE POSICAO ORDEM 30008362097,FALHA DE SENSOR,FALHA DE SENSOR,TRAIN
1137,SAINDO GARRAFA VAZIA ENROSCOU NO VIDEOJET ORDEM 30008362142,SAINDO GARRAFA VAZIA ENROSCOU NO VIDEOJET ORDEM 30008362142,FALHA DE CODIFICAÇÃO,FALHA DE CODIFICACAO,TRAIN
1138,QUEDA DE GARRAFA NA REGUA DE ARRASTE ESTEIRA PATINANDO,QUEDA DE GARRAFA NA REGUA DE ARRASTE ESTEIRA PATINANDO,PATINAGEM DE ESTEIRA,PATINAGEM DE ESTEIRA,TRAIN
1139,"QUEDA DE GARRAFA NO SISTEMA DE REFRIGERACAO DE FUNDO , CAUSANDO A PARADA DA MAQUINA",QUEDA DE GARRAFA NO SISTEMA DE REFRIGERACAO DE FUNDO CAUSANDO A PARADA DA MAQUINA,QUEDA DE GARRAFAS,QUEDA DE GARRAFAS,TRAIN
1140,TROCA DO REPARO DO FILTRO (REALIZADO SANITIZAÇÃO A FRIO),TROCA DO REPARO DO FILTRO REALIZADO SANITIZACAO A FRIO,FALHA DE FILTRO,FALHA DE FILTRO,TEST
1141,ROBO COM TREPIDAÇÃO/ QUEDA DE PACOTE SOBRE A MESA DE CARGA,ROBO COM TREPIDACAO QUEDA DE PACOTE SOBRE A MESA DE CARGA,FALHA DE ROBÔ,FALHA DE ROBO,TRAIN
1142,RETIRADA DO JUMP DA VALVULA N°33 E FEITO O JUMP DA VALVULA N°19 (30008365032),RETIRADA DO JUMP DA VALVULA N 33 E FEITO O JUMP DA VALVULA N 19 30008365032,FALHA DE VÁLVULA DE ENCHIMENTO,FALHA DE VALVULA DE ENCHIMENTO,TRAIN
1143,FALHAS DE ENCHIMENTO DE VALVULAS ALEATORIAS,FALHAS DE ENCHIMENTO DE VALVULAS ALEATORIAS,FALHA DE VÁLVULA DE ENCHIMENTO,FALHA DE VALVULA DE ENCHIMENTO,TRAIN
1144,"FALHA DE ENCHIMENTO NA VALVULA 19, ESTÁ COM JUMP COM A Nº16 30008366501",FALHA DE ENCHIMENTO NA VALVULA 19 ESTA COM JUMP COM A N 16 30008366501,FALHA DE VÁLVULA DE ENCHIMENTO,FALHA DE VALVULA DE ENCHIMENTO,TRAIN
1145,FALHA NA PEGA DE CAMADA,FALHA NA PEGA DE CAMADA,FALHA NA PEGADA DE CAMADA,FALHA NA PEGADA DE CAMADA,TRAIN
1146,"FALHA NA PEGA DE CAMADA, DEIXA PACOTE PRA CIMA NA CAMADA, GERANDO QUEDA DE PACOTES NO PALLET",FALHA NA PEGA DE CAMADA DEIXA PACOTE PRA CIMA NA CAMADA GERANDO QUEDA DE PACOTES NO PALLET,FALHA NA PEGADA DE CAMADA,FALHA NA PEGADA DE CAMADA,TRAIN
1147,TRANSPORTE DE PACOTE DESARMANDO,TRANSPORTE DE PACOTE DESARMANDO,DESARME DE TRANSPORTE,DESARME DE TRANSPORTE,TRAIN
1148,TRANSPORTE DE PACOTE DESARMANDO,TRANSPORTE DE PACOTE DESARMANDO,DESARME DE TRANSPORTE,DESARME DE TRANSPORTE,TRAIN
1149,QUEDA DE PACOTES,QUEDA DE PACOTES,QUEDA DE PACOTES,QUEDA DE PACOTES,TRAIN
1150,FALHA NA TROCA DE FILME,FALHA NA TROCA DE FILME,FALHA DE ENVOLVIMENTO,FALHA DE ENVOLVIMENTO,TRAIN
1151,TROCA DO REPARO DO FILTRO (REALIZADO SANITIZAÇÃO A FRIO),TROCA DO REPARO DO FILTRO REALIZADO SANITIZACAO A FRIO,FALHA DE FILTRO,FALHA DE FILTRO,TEST
1152,ROBO COM TREPIDAÇÃO/ QUEDA DE PACOTE SOBRE A MESA DE CARGA,ROBO COM TREPIDACAO QUEDA DE PACOTE SOBRE A MESA DE CARGA,FALHA DE ROBÔ,FALHA DE ROBO,TRAIN
1153,RETIRADA DO JUMP DA VALVULA N°33 E FEITO O JUMP DA VALVULA N°19 (30008365032),RETIRADA DO JUMP DA VALVULA N 33 E FEITO O JUMP DA VALVULA N 19 30008365032,FALHA DE VÁLVULA DE ENCHIMENTO,FALHA DE VALVULA DE ENCHIMENTO,TRAIN
1154,FALHAS DE ENCHIMENTO DE VALVULAS ALEATORIAS,FALHAS DE ENCHIMENTO DE VALVULAS ALEATORIAS,FALHA DE VÁLVULA DE ENCHIMENTO,FALHA DE VALVULA DE ENCHIMENTO,TRAIN
1155,"FALHA DE ENCHIMENTO NA VALVULA 19, ESTÁ COM JUMP COM A Nº16 30008366501",FALHA DE ENCHIMENTO NA VALVULA 19 ESTA COM JUMP COM A N 16 30008366501,FALHA DE VÁLVULA DE ENCHIMENTO,FALHA DE VALVULA DE ENCHIMENTO,TRAIN
1156,FALHA NA PEGA DE CAMADA,FALHA NA PEGA DE CAMADA,FALHA NA PEGADA DE CAMADA,FALHA NA PEGADA DE CAMADA,TRAIN
1157,"FALHA NA PEGA DE CAMADA, DEIXA PACOTE PRA CIMA NA CAMADA, GERANDO QUEDA DE PACOTES NO PALLET",FALHA NA PEGA DE CAMADA DEIXA PACOTE PRA CIMA NA CAMADA GERANDO QUEDA DE PACOTES NO PALLET,FALHA NA PEGADA DE CAMADA,FALHA NA PEGADA DE CAMADA,TRAIN
1158,TRANSPORTE DE PACOTE DESARMANDO,TRANSPORTE DE PACOTE DESARMANDO,DESARME DE TRANSPORTE,DESARME DE TRANSPORTE,TRAIN
1159,TRANSPORTE DE PACOTE DESARMANDO,TRANSPORTE DE PACOTE DESARMANDO,DESARME DE TRANSPORTE,DESARME DE TRANSPORTE,TRAIN
1160,QUEDA DE PACOTES,QUEDA DE PACOTES,QUEDA DE PACOTES,QUEDA DE PACOTES,TRAIN
1161,FALHA NA TROCA DE FILME,FALHA NA TROCA DE FILME,FALHA DE ENVOLVIMENTO,FALHA DE ENVOLVIMENTO,TRAIN
1162,FALHA DE DESARME DO MOTOR E SINCRONISMO,FALHA DE DESARME DO MOTOR E SINCRONISMO,DESARME DE MOTOR,DESARME DE MOTOR,TRAIN
1163,"FALTA DE PENTE ,FALHA NO SINCRONISMO.",FALTA DE PENTE FALHA NO SINCRONISMO,FALHA DE SINCRONISMO,FALHA DE SINCRONISMO,TRAIN
1164,"FALHA NA PEGA DE CAMADA, NOTA : 13170083",FALHA NA PEGA DE CAMADA NOTA 13170083,FALHA NA PEGADA DE CAMADA,FALHA NA PEGADA DE CAMADA,TRAIN
1165,PINÇAS SOLTANDO GARRAFAS OBRSTRUINDO O SENSOR GERANDO FALHA NA ENCHEDORA / NOTA 13174325,PINCAS SOLTANDO GARRAFAS OBRSTRUINDO O SENSOR GERANDO FALHA NA ENCHEDORA NOTA 13174325,FALHA DE SENSOR,FALHA DE SENSOR,TRAIN
1166,FALHA NO CHECKMAT DE CONTROLE DO NIVEL DE ENCHIMENTO.,FALHA NO CHECKMAT DE CONTROLE DO NIVEL DE ENCHIMENTO,FALHA DE ENCHIMENTO,FALHA DE ENCHIMENTO,TRAIN
1167,FALHA NO CHECKMAT CONTROLE DE NIVEL DE ENCHIMENTO.,FALHA NO CHECKMAT CONTROLE DE NIVEL DE ENCHIMENTO,FALHA DE ENCHIMENTO,FALHA DE ENCHIMENTO,TRAIN
1168,FALHA NO CHECKMAT CONTROLE DE NIVEL DE ENCHIMENTO. ORDEM:30008367283,FALHA NO CHECKMAT CONTROLE DE NIVEL DE ENCHIMENTO ORDEM 30008367283,FALHA DE ENCHIMENTO,FALHA DE ENCHIMENTO,TRAIN
1169,FALHA NO SENSOR DE TAMPAS,FALHA NO SENSOR DE TAMPAS,FALHA DE SENSOR,FALHA DE SENSOR,TRAIN
1170,FILME EMBOLADO NO ROLETE QUE JOGA O FILME PARA O CORTE - ORDEM: 30008367303,FILME EMBOLADO NO ROLETE QUE JOGA O FILME PARA O CORTE ORDEM 30008367303,FALHA DE CORTE DE FILME,FALHA DE CORTE DE FILME,TRAIN
1171,MANGUEIRA DE AR DA GAIOLA RASGADA.,MANGUEIRA DE AR DA GAIOLA RASGADA,ROMPIMENTO DE MANGUEIRA DE AR,ROMPIMENTO DE MANGUEIRA DE AR,TRAIN
1172,ENROSCO DE ROTULO,ENROSCO DE ROTULO,ENROSCO DE RÓTULOS,ENROSCO DE ROTULOS,TRAIN
1173,HASTE QUE TIRA TAMPAS SAPATA DO DESCAPSULADOR FORA DO LUGAR,HASTE QUE TIRA TAMPAS SAPATA DO DESCAPSULADOR FORA DO LUGAR,FALHA DE DESCAPSULAMENTO,FALHA DE DESCAPSULAMENTO,TEST
1174,"FALHA MOTOR TAG 200, TRANSPORTE NA SAIDA DA LAVADORA DESARMOU",FALHA MOTOR TAG 200 TRANSPORTE NA SAIDA DA LAVADORA DESARMOU,DESARME DE MOTOR,DESARME DE MOTOR,TRAIN
1175,QUEBRA DA TRAVA DA MOLA DO RASPADOR,QUEBRA DA TRAVA DA MOLA DO RASPADOR,FALHA DE MOLA,FALHA DE MOLA,TRAIN
1176,FALHA NO MOTOR PRICIPAL OCASIONADO FALHA NO SINCRONISMO DA ENCHEDORA,FALHA NO MOTOR PRICIPAL OCASIONADO FALHA NO SINCRONISMO DA ENCHEDORA,FALHA DE MOTOR,FALHA DE MOTOR,TEST
1177,FALHA NA TROCA DE ROTULOS PARA ESPONJA TROCA DE HASTE 30008367061,FALHA NA TROCA DE ROTULOS PARA ESPONJA TROCA DE HASTE 30008367061,FALHA DE ROTULAGEM,FALHA DE ROTULAGEM,TRAIN
1178,PERSIANA DA GAIOLA TRAVADA.,PERSIANA DA GAIOLA TRAVADA,TRAVAMENTO DE PERSIANA,TRAVAMENTO DE PERSIANA,TEST
1179,SAINDO GARRAFA VAZIA ENROSCOU NO TRANSPORTE DO VIDEOJET,SAINDO GARRAFA VAZIA ENROSCOU NO TRANSPORTE DO VIDEOJET,FALHA DE CODIFICAÇÃO,FALHA DE CODIFICACAO,TRAIN
1180,FALHA NO SENSOR DA PERSIANA DA GAIOLA NÃO ESTA FAZENDO A LEITURA CORRETA,FALHA NO SENSOR DA PERSIANA DA GAIOLA NAO ESTA FAZENDO A LEITURA CORRETA,FALHA DE SENSOR,FALHA DE SENSOR,TRAIN
1181,FALHA NO SENSOR DA PERSIANA DA GAIOLA NÃO ESTA FAZENDO A LEITURA CORRETA - ORDEM: 300083367091,FALHA NO SENSOR DA PERSIANA DA GAIOLA NAO ESTA FAZENDO A LEITURA CORRETA ORDEM 300083367091,FALHA DE SENSOR,FALHA DE SENSOR,TRAIN
1182,FALHA DE DESARME DO MOTOR E SINCRONISMO,FALHA DE DESARME DO MOTOR E SINCRONISMO,DESARME DE MOTOR,DESARME DE MOTOR,TRAIN
1183,"FALTA DE PENTE ,FALHA NO SINCRONISMO.",FALTA DE PENTE FALHA NO SINCRONISMO,FALHA DE SINCRONISMO,FALHA DE SINCRONISMO,TRAIN
1184,"FALHA NA PEGA DE CAMADA, NOTA : 13170083",FALHA NA PEGA DE CAMADA NOTA 13170083,FALHA NA PEGADA DE CAMADA,FALHA NA PEGADA DE CAMADA,TRAIN
1185,PINÇAS SOLTANDO GARRAFAS OBRSTRUINDO O SENSOR GERANDO FALHA NA ENCHEDORA / NOTA 13174325,PINCAS SOLTANDO GARRAFAS OBRSTRUINDO O SENSOR GERANDO FALHA NA ENCHEDORA NOTA 13174325,FALHA DE SENSOR,FALHA DE SENSOR,TRAIN
1186,FALHA NO CHECKMAT DE CONTROLE DO NIVEL DE ENCHIMENTO.,FALHA NO CHECKMAT DE CONTROLE DO NIVEL DE ENCHIMENTO,FALHA DE ENCHIMENTO,FALHA DE ENCHIMENTO,TRAIN
1187,FALHA NO CHECKMAT CONTROLE DE NIVEL DE ENCHIMENTO.,FALHA NO CHECKMAT CONTROLE DE NIVEL DE ENCHIMENTO,FALHA DE ENCHIMENTO,FALHA DE ENCHIMENTO,TRAIN
1188,FALHA NO CHECKMAT CONTROLE DE NIVEL DE ENCHIMENTO. ORDEM:30008367283,FALHA NO CHECKMAT CONTROLE DE NIVEL DE ENCHIMENTO ORDEM 30008367283,FALHA DE ENCHIMENTO,FALHA DE ENCHIMENTO,TRAIN
1189,FALHA NO SENSOR DE TAMPAS,FALHA NO SENSOR DE TAMPAS,FALHA DE SENSOR,FALHA DE SENSOR,TRAIN
1190,FILME EMBOLADO NO ROLETE QUE JOGA O FILME PARA O CORTE - ORDEM: 30008367303,FILME EMBOLADO NO ROLETE QUE JOGA O FILME PARA O CORTE ORDEM 30008367303,FALHA DE CORTE DE FILME,FALHA DE CORTE DE FILME,TRAIN
1191,MANGUEIRA DE AR DA GAIOLA RASGADA.,MANGUEIRA DE AR DA GAIOLA RASGADA,ROMPIMENTO DE MANGUEIRA DE AR,ROMPIMENTO DE MANGUEIRA DE AR,TRAIN
1192,ENROSCO DE ROTULO,ENROSCO DE ROTULO,ENROSCO DE RÓTULOS,ENROSCO DE ROTULOS,TRAIN
1193,HASTE QUE TIRA TAMPAS SAPATA DO DESCAPSULADOR FORA DO LUGAR,HASTE QUE TIRA TAMPAS SAPATA DO DESCAPSULADOR FORA DO LUGAR,FALHA DE DESCAPSULAMENTO,FALHA DE DESCAPSULAMENTO,TEST
1194,"FALHA MOTOR TAG 200, TRANSPORTE NA SAIDA DA LAVADORA DESARMOU",FALHA MOTOR TAG 200 TRANSPORTE NA SAIDA DA LAVADORA DESARMOU,DESARME DE MOTOR,DESARME DE MOTOR,TRAIN
1195,QUEBRA DA TRAVA DA MOLA DO RASPADOR,QUEBRA DA TRAVA DA MOLA DO RASPADOR,FALHA DE MOLA,FALHA DE MOLA,TRAIN
1196,FALHA NO MOTOR PRICIPAL OCASIONADO FALHA NO SINCRONISMO DA ENCHEDORA,FALHA NO MOTOR PRICIPAL OCASIONADO FALHA NO SINCRONISMO DA ENCHEDORA,FALHA DE MOTOR,FALHA DE MOTOR,TEST
1197,FALHA NA TROCA DE ROTULOS PARA ESPONJA TROCA DE HASTE 30008367061,FALHA NA TROCA DE ROTULOS PARA ESPONJA TROCA DE HASTE 30008367061,FALHA DE ROTULAGEM,FALHA DE ROTULAGEM,TRAIN
1198,PERSIANA DA GAIOLA TRAVADA.,PERSIANA DA GAIOLA TRAVADA,TRAVAMENTO DE PERSIANA,TRAVAMENTO DE PERSIANA,TEST
1199,SAINDO GARRAFA VAZIA ENROSCOU NO TRANSPORTE DO VIDEOJET,SAINDO GARRAFA VAZIA ENROSCOU NO TRANSPORTE DO VIDEOJET,FALHA DE CODIFICAÇÃO,FALHA DE CODIFICACAO,TRAIN
1200,FALHA NO SENSOR DA PERSIANA DA GAIOLA NÃO ESTA FAZENDO A LEITURA CORRETA,FALHA NO SENSOR DA PERSIANA DA GAIOLA NAO ESTA FAZENDO A LEITURA CORRETA,FALHA DE SENSOR,FALHA DE SENSOR,TRAIN
1201,FALHA NO SENSOR DA PERSIANA DA GAIOLA NÃO ESTA FAZENDO A LEITURA CORRETA - ORDEM: 300083367091,FALHA NO SENSOR DA PERSIANA DA GAIOLA NAO ESTA FAZENDO A LEITURA CORRETA ORDEM 300083367091,FALHA DE SENSOR,FALHA DE SENSOR,TRAIN
1202,FALHA NO SERVO DO EIXO DE TRANSLAÇÃO / 30008369451,FALHA NO SERVO DO EIXO DE TRANSLACAO 30008369451,FALHA DE SERVO MOTOR,FALHA DE SERVO MOTOR,TRAIN
1203,FALHA DE SINCRONISMO CONTAGEM DE PENTES COM FALTA DE DOIS PENTES.ORDEM.30008369447.,FALHA DE SINCRONISMO CONTAGEM DE PENTES COM FALTA DE DOIS PENTES ORDEM 30008369447,FALHA DE CONTAGEM,FALHA DE CONTAGEM,TRAIN
1204,"VÁLVULA TRAVANDO ,OCASIONANDO QUEDAS DE GARRAFAS.ORDEM..3000836977",VALVULA TRAVANDO OCASIONANDO QUEDAS DE GARRAFAS ORDEM 3000836977,TRAVAMENTO DE VÁLVULA,TRAVAMENTO DE VALVULA,TRAIN
1205,CABEÇOTE FALTANDO VENTOSA,CABECOTE FALTANDO VENTOSA,FALHA DE VENTOSA,FALHA DE VENTOSA,TRAIN
1206,FALHAS DE ENCHIMENTO NAS PARTIDAS DA ENCHEDORA,FALHAS DE ENCHIMENTO NAS PARTIDAS DA ENCHEDORA,FALHA DE ENCHIMENTO,FALHA DE ENCHIMENTO,TRAIN
1208,MAL CONTATO DO SENSOR DA ESTEIRA DE SAIDA,MAL CONTATO DO SENSOR DA ESTEIRA DE SAIDA,FALHA DE SENSOR,FALHA DE SENSOR,TEST
1209,ALIMENTADOR DE TAMPA MANGUEIRA RESSECADA QUE ALIMENTA O CILINDRO DE ABERTURA DA TAMPA DO TAMBADOR DE TAMPA SERÁ NECESSÁRIO A TROCA.13175078,ALIMENTADOR DE TAMPA MANGUEIRA RESSECADA QUE ALIMENTA O CILINDRO DE ABERTURA DA TAMPA DO TAMBADOR DE TAMPA SERA NECESSARIO A TROCA 13175078,ROMPIMENTO DE MANGUEIRA DE AR,ROMPIMENTO DE MANGUEIRA DE AR,TRAIN
1210,FALHA NO SENSOR DE ESTEIRA LENTA,FALHA NO SENSOR DE ESTEIRA LENTA,FALHA DE SENSOR,FALHA DE SENSOR,TRAIN
1211,DESARME / TERMICO ACIONADO,DESARME TERMICO ACIONADO,DESARME TÉRMICO,DESARME TERMICO,TRAIN
1212,"TWISTER DANIFICADO/SOLDA QUEBRADA, DERUBANDO LATAS",TWISTER DANIFICADO SOLDA QUEBRADA DERUBANDO LATAS,QUEBRA DE COMPONENTE,QUEBRA DE COMPONENTE,TRAIN
1213,ENROSCO DE PACOTES NOS PATINS DO DEVAISER 30008369794,ENROSCO DE PACOTES NOS PATINS DO DEVAISER 30008369794,ENROSCO DE PACOTES,ENROSCO DE PACOTES,TRAIN
1214,REJEITO ESTOURANDO LATAS E SUJANDO SENSORES (30008369764),REJEITO ESTOURANDO LATAS E SUJANDO SENSORES 30008369764,FALHA DE SENSOR,FALHA DE SENSOR,TEST
1215,FALHA MOTOR TAG 333 NA ENTRADA DA PALETIZADORA,FALHA MOTOR TAG 333 NA ENTRADA DA PALETIZADORA,FALHA DE MOTOR,FALHA DE MOTOR,TRAIN
1216,CABO ROMPIDO NA BOTOEIRA DE EMERGENCIA NO TRANSPORTE NO DESEMBUG ORDEM: 30008369455,CABO ROMPIDO NA BOTOEIRA DE EMERGENCIA NO TRANSPORTE NO DESEMBUG ORDEM 30008369455,QUEBRA DE COMPONENTE,QUEBRA DE COMPONENTE,TEST
1217,FALHA NA DESCAPSULAGEM DAS GARRAFAS( REPOSIÇÃO DA PASTILHA NA PINÇA,FALHA NA DESCAPSULAGEM DAS GARRAFAS REPOSICAO DA PASTILHA NA PINCA,FALHA DE DESCAPSULAMENTO,FALHA DE DESCAPSULAMENTO,TRAIN
1218,TWISTER DE SAIDA DERRUBANDO LATAS 30008369460,TWISTER DE SAIDA DERRUBANDO LATAS 30008369460,QUEDA DE LATAS,QUEDA DE LATAS,TRAIN
1219,"VELOCIDADE DO TRANSPORTE DERRUBANDO LATAS, FALHA NO INVERSOR, ORDEM : 30008369461",VELOCIDADE DO TRANSPORTE DERRUBANDO LATAS FALHA NO INVERSOR ORDEM 30008369461,FALHA DE INVERSOR,FALHA DE INVERSOR,TRAIN
1220,"VELOCIDADE REDUZIDA POR TREPIDAÇÃO DO ROBO, ORDEM : 30008369448",VELOCIDADE REDUZIDA POR TREPIDACAO DO ROBO ORDEM 30008369448,FALHA DE ROBÔ,FALHA DE ROBO,TRAIN
1221,"TEMPERATURA ELEVADA, ENCHEDORA NÃO ATINGE O NOMINAL DA LINHA / 30008370911",TEMPERATURA ELEVADA ENCHEDORA NAO ATINGE O NOMINAL DA LINHA 30008370911,FALHA DE CONTROLE DE TEMPERATURA,FALHA DE CONTROLE DE TEMPERATURA,TRAIN
1222,PARAFUSO DO SUPORTE DO CABEÇOTE.ORDEM.30008171718,PARAFUSO DO SUPORTE DO CABECOTE ORDEM 30008171718,FALHA DE FIXAÇÃO,FALHA DE FIXACAO,TRAIN
1223,FALHA MASTERIZAÇÃO DA DESPAL.,FALHA MASTERIZACAO DA DESPAL,PERDA DE REFERÊNCIA,PERDA DE REFERENCIA,TRAIN
1224,"PARADA DE EQUIPAMENTO ,FALHA NO SERVO DE TRANSLAÇÃO.",PARADA DE EQUIPAMENTO FALHA NO SERVO DE TRANSLACAO,FALHA DE SERVO MOTOR,FALHA DE SERVO MOTOR,TRAIN
1225,FALHA DE REMASTERIZAÇÃO,FALHA DE REMASTERIZACAO,PERDA DE REFERÊNCIA,PERDA DE REFERENCIA,TRAIN
1226,FALHA DE REMASTERIZAÇÃO,FALHA DE REMASTERIZACAO,PERDA DE REFERÊNCIA,PERDA DE REFERENCIA,TRAIN
1227,FALHA CHEQUE MATE,FALHA CHEQUE MATE,FALHA DE INSPEÇÃO,FALHA DE INSPECAO,TRAIN
1228,SUJEIRA NO FILTRO,SUJEIRA NO FILTRO,FALHA DE FILTRO,FALHA DE FILTRO,TRAIN
1229,"TRAVAMENTO DO PINO DE SEPARAÇÃO , NOTA 30008370910",TRAVAMENTO DO PINO DE SEPARACAO NOTA 30008370910,TRAVAMENTO DE PINO DE SEPARAÇÃO,TRAVAMENTO DE PINO DE SEPARACAO,TRAIN
1230,QUEBRA DA ESTEIRA DO TRANPORTE DA SAIDA DO FORNO,QUEBRA DA ESTEIRA DO TRANPORTE DA SAIDA DO FORNO,QUEBRA DE ESTEIRA,QUEBRA DE ESTEIRA,TEST
1231,QUEBRA DA ESTEIRA DA SAIDA DO TUNEL DE RETRAÇÃO / ORDEM Nº30008371722,QUEBRA DA ESTEIRA DA SAIDA DO TUNEL DE RETRACAO ORDEM N 30008371722,QUEBRA DE ESTEIRA,QUEBRA DE ESTEIRA,TRAIN
1232,ROBO EM VELOCIDADE REDUZIDA (30%),ROBO EM VELOCIDADE REDUZIDA 30,FALHA DE ROBÔ,FALHA DE ROBO,TEST
1233,ELEVADOR DE TUBETE TRAVADO,ELEVADOR DE TUBETE TRAVADO,TRAVAMENTO DE ELEVADOR,TRAVAMENTO DE ELEVADOR,TRAIN
1234,ROBO PEGADOR DE CAMADA TRAVADO,ROBO PEGADOR DE CAMADA TRAVADO,FALHA DE PEGADOR,FALHA DE PEGADOR,TRAIN
1235,"FALHA NO SISTEMA DE CORTE, SEGURANDO TUBETE SEM CORTAR",FALHA NO SISTEMA DE CORTE SEGURANDO TUBETE SEM CORTAR,FALHA NO CORTE DE TUBETES,FALHA NO CORTE DE TUBETES,TRAIN
1236,VELOCIDADE REDUZIDA,VELOCIDADE REDUZIDA,VELOCIDADE REDUZIDA SEM CAUSA IDENTIFICADA,VELOCIDADE REDUZIDA SEM CAUSA IDENTIFICADA,TEST
1237,FALHA DE SEGURANÇA NAS PORTAS DE BOBINA,FALHA DE SEGURANCA NAS PORTAS DE BOBINA,FALHA DE ENVOLVIMENTO,FALHA DE ENVOLVIMENTO,TRAIN
1238,ROBO TRAVADO/EM FALHA,ROBO TRAVADO EM FALHA,TRAVAMENTO DE ROBÔ,TRAVAMENTO DE ROBO,TEST
1239,SENSOR DE CONGESTIONAMENTO EM FALHA,SENSOR DE CONGESTIONAMENTO EM FALHA,FALHA DE SENSOR,FALHA DE SENSOR,TRAIN
1240,SENSOR DE CONGESTIONAMENTO EM FALHA,SENSOR DE CONGESTIONAMENTO EM FALHA,FALHA DE SENSOR,FALHA DE SENSOR,TRAIN
1241,"CODIFICAÇÃO EMBAÇADA, AJUSTE SOPRADOR / 30008374169",CODIFICACAO EMBACADA AJUSTE SOPRADOR 30008374169,FALHA DE CODIFICAÇÃO,FALHA DE CODIFICACAO,TRAIN
1242,QUEBRA DA RODA-LOCA Z 21 / 30008374182,QUEBRA DA RODA LOCA Z 21 30008374182,QUEBRA DE COMPONENTE,QUEBRA DE COMPONENTE,TRAIN
1243,"LIMPEZA DA LENTE INTERNA ,POIS NÃO ESTAVA VALIDANDO A GARRAFA N.11.ORDEM..30008374570",LIMPEZA DA LENTE INTERNA POIS NAO ESTAVA VALIDANDO A GARRAFA N 11 ORDEM 30008374570,FALHA DE INSPEÇÃO,FALHA DE INSPECAO,TRAIN
1244,DESARME DA ESTEIRA DE SAIDA DA ENCAIXOTADORA.,DESARME DA ESTEIRA DE SAIDA DA ENCAIXOTADORA,DESARME DE ESTEIRA,DESARME DE ESTEIRA,TEST
1245,COLISÃO DA GARRAFA NO CABEÇOTE COM O CENTRALIZADOR PROVOCOU O ENTORTAMENTO DA CHAPA DO CABEÇOTE.,COLISAO DA GARRAFA NO CABECOTE COM O CENTRALIZADOR PROVOCOU O ENTORTAMENTO DA CHAPA DO CABECOTE,DESALINHAMENTO DE GUIA,DESALINHAMENTO DE GUIA,TEST
1246,"PALETIZADORA PARADA,OBS.O PROBLEMA DE MASTERIZAÇÃO.",PALETIZADORA PARADA OBS O PROBLEMA DE MASTERIZACAO,PERDA DE REFERÊNCIA,PERDA DE REFERENCIA,TRAIN
1247,TROCA DA CONECÇÃO DA MANGUEIRA DE AR / SOPRADORA DE TAMPAS ORDEM Nº 30008374651,TROCA DA CONECCAO DA MANGUEIRA DE AR SOPRADORA DE TAMPAS ORDEM N 30008374651,FALHA DE CONEXÃO PNEUMÁTICA,FALHA DE CONEXAO PNEUMATICA,TRAIN
1248,TROCA DA PARTE ELETRÔNICA DA VÁLVULA N°9,TROCA DA PARTE ELETRONICA DA VALVULA N 9,FALHA ELETRÔNICA DA VÁLVULA,FALHA ELETRONICA DA VALVULA,TRAIN
1249,TROCA DA PRTE ELETRONICA DA VALVULA NUMURO 9 (30008374835),TROCA DA PRTE ELETRONICA DA VALVULA NUMURO 9 30008374835,FALHA ELETRÔNICA DA VÁLVULA,FALHA ELETRONICA DA VALVULA,TEST
1250,FALHA NO SENSOR DE BARREIRA,FALHA NO SENSOR DE BARREIRA,FALHA DE SENSOR,FALHA DE SENSOR,TRAIN
1251,"VALVULA 9 ,16 COM VAZAMENTO NO SISTEMA DE ELEVAÇAO CAUSANDO NIVEL BAIXO E PERDA DE BEBIDA",VALVULA 9 16 COM VAZAMENTO NO SISTEMA DE ELEVACAO CAUSANDO NIVEL BAIXO E PERDA DE BEBIDA,VAZAMENTO EM VÁLVULA,VAZAMENTO EM VALVULA,TRAIN
1252,ROBO TRAVADO/EM FALHA,ROBO TRAVADO EM FALHA,TRAVAMENTO DE ROBÔ,TRAVAMENTO DE ROBO,TEST
1253,"FALHA COMUNICAÇÃO DO MOTOR TAG-202, NO TRANSPORTE NA SAIDA DA LAVADORA ORDEM: 30008370881",FALHA COMUNICACAO DO MOTOR TAG 202 NO TRANSPORTE NA SAIDA DA LAVADORA ORDEM 30008370881,FALHA DE MOTOR,FALHA DE MOTOR,TRAIN
1254,"GUIA SUPERIOR E ESTRELA DO CAPSULADOR DESAJUSTADA, OCASIONANDO AS TAMPAS AMASSADAS ORDEM: 30008374149",GUIA SUPERIOR E ESTRELA DO CAPSULADOR DESAJUSTADA OCASIONANDO AS TAMPAS AMASSADAS ORDEM 30008374149,DEFORMAÇÃO/DESALINHAMENTO DE GUIA,DEFORMACAO DESALINHAMENTO DE GUIA,TRAIN
1255,FALHA NA GARRAFA TESTE,FALHA NA GARRAFA TESTE,SEM MODO DE FALHA IDENTIFICADO,SEM MODO DE FALHA IDENTIFICADO,TRAIN
1256,QUEBRA DA ESTEIRA DOSADORA DE ENTRADA DA PALETIZADORA,QUEBRA DA ESTEIRA DOSADORA DE ENTRADA DA PALETIZADORA,QUEBRA DE ESTEIRA,QUEBRA DE ESTEIRA,TRAIN
1257,TRANSPORTE COM VELOCIDADE REDUZIDA,TRANSPORTE COM VELOCIDADE REDUZIDA,FALHA DE VELOCIDADE DO TRANSPORTE,FALHA DE VELOCIDADE DO TRANSPORTE,TRAIN
1258,AJUSTE NA PINÇA,AJUSTE NA PINCA,FALHA DE PINÇA,FALHA DE PINCA,TRAIN
1259,"FALHA COMUNICAÇÃO DO MOTOR TAG-202, NO TRANSPORTE NA SAIDA DA LAVADORA",FALHA COMUNICACAO DO MOTOR TAG 202 NO TRANSPORTE NA SAIDA DA LAVADORA,FALHA DE MOTOR,FALHA DE MOTOR,TRAIN
1260,3TEMPERATURA FICANDO ACIMA 0008377675,3TEMPERATURA FICANDO ACIMA 0008377675,FALHA DE CONTROLE DE TEMPERATURA,FALHA DE CONTROLE DE TEMPERATURA,TRAIN
1261,VELOCIDADE REDUZIDA,VELOCIDADE REDUZIDA,VELOCIDADE REDUZIDA SEM CAUSA IDENTIFICADA,VELOCIDADE REDUZIDA SEM CAUSA IDENTIFICADA,TEST
1262,"FALHA NO ELEVADOR DE ABASTECIMENTO, ORDEM(30008377679).",FALHA NO ELEVADOR DE ABASTECIMENTO ORDEM 30008377679,FALHA DE ELEVADOR,FALHA DE ELEVADOR,TRAIN
1263,PACOTE FICANDO FORA DE POSIÇÃO/TOMBADO NA FORMAÇÃO NOTA 13085183,PACOTE FICANDO FORA DE POSICAO TOMBADO NA FORMACAO NOTA 13085183,QUEDA DE PACOTES,QUEDA DE PACOTES,TRAIN
1264,FALHA NA FORMAÇÃO DE CAMADA,FALHA NA FORMACAO DE CAMADA,FALHA DE FORMAÇÃO DE CAMADA,FALHA DE FORMACAO DE CAMADA,TRAIN
1265,"DESGASTES, SUJIDADES GERADAS POR REPAROS DE VALVULAS",DESGASTES SUJIDADES GERADAS POR REPAROS DE VALVULAS,FALHA DE VEDAÇÃO DA VÁLVULA,FALHA DE VEDACAO DA VALVULA,TRAIN
1266,FALHA DE ENCHIMENTO NA VALVULA 06,FALHA DE ENCHIMENTO NA VALVULA 06,FALHA DE VÁLVULA DE ENCHIMENTO,FALHA DE VALVULA DE ENCHIMENTO,TRAIN
1267,FALHAS DE ENCHIMENTO VALVULAS 90 E 91 (30008392560),FALHAS DE ENCHIMENTO VALVULAS 90 E 91 30008392560,FALHA DE VÁLVULA DE ENCHIMENTO,FALHA DE VALVULA DE ENCHIMENTO,TRAIN
1268,FALHA NO ROBO PALETIZADOR,FALHA NO ROBO PALETIZADOR,FALHA DE ROBÔ,FALHA DE ROBO,TRAIN
1269,"PINCAS SOLTANDO GARRAFAS OBSTRINDO O SENSOR, GERANDO FALHA NA REFRIGERAÇÃO DE FUNDO .",PINCAS SOLTANDO GARRAFAS OBSTRINDO O SENSOR GERANDO FALHA NA REFRIGERACAO DE FUNDO,FALHA DE SENSOR,FALHA DE SENSOR,TRAIN
1270,FALHA DE SUJEIRA DO FILTRO DA REFRIGERAÇÃO DE FUNDO .,FALHA DE SUJEIRA DO FILTRO DA REFRIGERACAO DE FUNDO,FALHA NA REFRIGERAÇÃO DE FUNDO,FALHA NA REFRIGERACAO DE FUNDO,TRAIN
1271,TROCA DAS VENTOSAS DO PEGADOR DE CHAPATEX,TROCA DAS VENTOSAS DO PEGADOR DE CHAPATEX,FALHA DE PEGADOR,FALHA DE PEGADOR,TRAIN
1272,FALHA NO SENSOR DA PORTA,FALHA NO SENSOR DA PORTA,FALHA DE SENSOR,FALHA DE SENSOR,TEST
1273,FALHA DIMENSIONAMENTO DE CAMADAS DE EMPURRO. ORDEM- 30008394392,FALHA DIMENSIONAMENTO DE CAMADAS DE EMPURRO ORDEM 30008394392,FALHA DE DIMENSIONAMENTO DE CAMADA,FALHA DE DIMENSIONAMENTO DE CAMADA,TRAIN
1274,FILME ESTOURANDO DURANTE A SOLDA AUTOMATICA,FILME ESTOURANDO DURANTE A SOLDA AUTOMATICA,FALHA DE SOLDA DE FILME,FALHA DE SOLDA DE FILME,TRAIN
1275,TROCA DO CABO DO SENSOR DA GAIOLA,TROCA DO CABO DO SENSOR DA GAIOLA,FALHA DE SENSOR,FALHA DE SENSOR,TRAIN
1276,FALHA DE TEMPERATURA PACOTE SAINDO ABERTO PARANADO A PALETIZADORA,FALHA DE TEMPERATURA PACOTE SAINDO ABERTO PARANADO A PALETIZADORA,FALHA DE CONTROLE DE TEMPERATURA,FALHA DE CONTROLE DE TEMPERATURA,TRAIN
1277,PACOTE SAIDO ABERTO APOS O FORNO,PACOTE SAIDO ABERTO APOS O FORNO,FALHA DE ENVOLVIMENTO,FALHA DE ENVOLVIMENTO,TRAIN
1278,FALHA NAS VIAS DE ENTRADA DE PACOTE E FALHA NO SENSOR DA GAIOLA,FALHA NAS VIAS DE ENTRADA DE PACOTE E FALHA NO SENSOR DA GAIOLA,FALHA DE ALIMENTAÇÃO DE PACOTES,FALHA DE ALIMENTACAO DE PACOTES,TEST
1279,FALHA NO SENSOR DA GAIOLA E NAS VIA DE ENTRADA DE PACOTE,FALHA NO SENSOR DA GAIOLA E NAS VIA DE ENTRADA DE PACOTE,FALHA DE ALIMENTAÇÃO DE PACOTES,FALHA DE ALIMENTACAO DE PACOTES,TRAIN
1280,FALHA NO SENSOR DA GAIOLA,FALHA NO SENSOR DA GAIOLA,FALHA DE SENSOR,FALHA DE SENSOR,TRAIN
1281,FALHA DE PROFIBUS,FALHA DE PROFIBUS,FALHA DE COMUNICAÇÃO,FALHA DE COMUNICACAO,TEST
1282,FALHA NO CORTE DO FILME,FALHA NO CORTE DO FILME,FALHA DE CORTE DE FILME,FALHA DE CORTE DE FILME,TRAIN
1283,FALHA NO SENSOR DE APROXIMAÇÃO DA GAIOLA,FALHA NO SENSOR DE APROXIMACAO DA GAIOLA,FALHA DE SENSOR,FALHA DE SENSOR,TEST
1284,FALHA NO VIBRADOR,FALHA NO VIBRADOR,FALHA DE VIBRADOR,FALHA DE VIBRADOR,TRAIN
1285,COLOCADOR DE CHAPATEX PAROU DE ATUAR,COLOCADOR DE CHAPATEX PAROU DE ATUAR,FALHA DO COLOCADOR DE CHAPATEX,FALHA DO COLOCADOR DE CHAPATEX,TEST
1286,"REVISÃO DAS VALVULAS DE ENCHIMENTO, FALHA DE ENCHIMENTO",REVISAO DAS VALVULAS DE ENCHIMENTO FALHA DE ENCHIMENTO,FALHA DE VÁLVULA DE ENCHIMENTO,FALHA DE VALVULA DE ENCHIMENTO,TEST
1287,FALHA MOTOR TAG-260 NO TRANSPORTE NA SAIDA DO LINATRONIC,FALHA MOTOR TAG 260 NO TRANSPORTE NA SAIDA DO LINATRONIC,FALHA DE MOTOR,FALHA DE MOTOR,TEST
1288,FALHA AUTOMAÇÃO NO TRANSPORTE NA ENTRADA DA ROTULADORA,FALHA AUTOMACAO NO TRANSPORTE NA ENTRADA DA ROTULADORA,FALHA DE ROTULAGEM,FALHA DE ROTULAGEM,TRAIN
1289,"CHAPINHA DE PASSAGEM DE GARRAFAS DANIFICADO, OCASIONANDO QUEDA DE GARRAFAS",CHAPINHA DE PASSAGEM DE GARRAFAS DANIFICADO OCASIONANDO QUEDA DE GARRAFAS,QUEDA DE GARRAFAS,QUEDA DE GARRAFAS,TEST
1290,"FALHA NAS VALVULA DE ENCHIMENTO 08 15,88",FALHA NAS VALVULA DE ENCHIMENTO 08 15 88,FALHA DE VÁLVULA DE ENCHIMENTO,FALHA DE VALVULA DE ENCHIMENTO,TRAIN
1291,FALHA NO ROBO PALETIZADOR,FALHA NO ROBO PALETIZADOR,FALHA DE ROBÔ,FALHA DE ROBO,TRAIN
1292,FALHA NO ROBO PALETIZADOR,FALHA NO ROBO PALETIZADOR,FALHA DE ROBÔ,FALHA DE ROBO,TRAIN
1293,ESTOURO DE FILME APOS TROCA DE BOBINA,ESTOURO DE FILME APOS TROCA DE BOBINA,ROMPIMENTO DE FILME,ROMPIMENTO DE FILME,TRAIN
1294,TROCA DO BLOCO DA VALVULA 90,TROCA DO BLOCO DA VALVULA 90,FALHA DE VÁLVULA,FALHA DE VALVULA,TRAIN
1295,"VALVULA ESPUMANDO BEBEIDA, GERANDO NIVEL BAIXO, OCORRENDO ALTO REJITO E PARANDO TAPETE DE SAIDA",VALVULA ESPUMANDO BEBEIDA GERANDO NIVEL BAIXO OCORRENDO ALTO REJITO E PARANDO TAPETE DE SAIDA,FALHA DE VÁLVULA DE ENCHIMENTO,FALHA DE VALVULA DE ENCHIMENTO,TRAIN
1296,"VALVULA ESPUMANDO, GERANDO NIVEL BAIXO E OCASIONANDO ALTO REJEITO E PARANDO TAPETE DE SAIDA",VALVULA ESPUMANDO GERANDO NIVEL BAIXO E OCASIONANDO ALTO REJEITO E PARANDO TAPETE DE SAIDA,FALHA DE VÁLVULA DE ENCHIMENTO,FALHA DE VALVULA DE ENCHIMENTO,TRAIN
1297,"VALVULA ESPUMANDO, GERANDO NIVEL BAIXO E OCASIONANDO O ALTO REJEITO E PARANDO O TAPETE DE SAIDA",VALVULA ESPUMANDO GERANDO NIVEL BAIXO E OCASIONANDO O ALTO REJEITO E PARANDO O TAPETE DE SAIDA,FALHA DE VÁLVULA DE ENCHIMENTO,FALHA DE VALVULA DE ENCHIMENTO,TRAIN
1298,FALHA NO CORTE DO FILME OCASIONANDO FALHA DE ENVOLVIMENTO E PACOTES MAL FORMADOS (30008394389),FALHA NO CORTE DO FILME OCASIONANDO FALHA DE ENVOLVIMENTO E PACOTES MAL FORMADOS 30008394389,FALHA DE CORTE DE FILME,FALHA DE CORTE DE FILME,TRAIN
1299,EXCESSO DE FALSO REJEITO,EXCESSO DE FALSO REJEITO,FALHA DE REJEIÇÃO,FALHA DE REJEICAO,TRAIN
1300,GUIAS LATERAIS CAUSANDO MICRO RISCOS NAS LATAS,GUIAS LATERAIS CAUSANDO MICRO RISCOS NAS LATAS,DEFORMAÇÃO/DESALINHAMENTO DE GUIA,DEFORMACAO DESALINHAMENTO DE GUIA,TRAIN
1301,"VALVULAS APRESENTANDO FALHA DE ENCHIMENTO N°39,49,50 FEITO REVISAO",VALVULAS APRESENTANDO FALHA DE ENCHIMENTO N 39 49 50 FEITO REVISAO,FALHA DE VÁLVULA DE ENCHIMENTO,FALHA DE VALVULA DE ENCHIMENTO,TRAIN
1302,"FALHAS DE ENCHIMENTO NAS VALVULAS N°39,49 E 50",FALHAS DE ENCHIMENTO NAS VALVULAS N 39 49 E 50,FALHA DE VÁLVULA DE ENCHIMENTO,FALHA DE VALVULA DE ENCHIMENTO,TRAIN
1303,SENSSOR DA ENVOLVEDORA EM FALHA,SENSSOR DA ENVOLVEDORA EM FALHA,FALHA DE SENSOR,FALHA DE SENSOR,TRAIN
1304,FIME ESTOURANDO DEVIDO O EIXO TORTO,FIME ESTOURANDO DEVIDO O EIXO TORTO,DESALINHAMENTO DE EIXO,DESALINHAMENTO DE EIXO,TRAIN
1305,"ROLO DO ESTIRAMENTO FORA DE POSIÇÃO , OCASIONANDO FILME ESTOURANDO",ROLO DO ESTIRAMENTO FORA DE POSICAO OCASIONANDO FILME ESTOURANDO,ROMPIMENTO DE FILME,ROMPIMENTO DE FILME,TRAIN
1306,"ROLO DE SUBIDA DE FILME PARA MESA DE VACUO,FILME DOBRANDO 30008397728",ROLO DE SUBIDA DE FILME PARA MESA DE VACUO FILME DOBRANDO 30008397728,FALHA DE TRAÇÃO/GUIAMENTO DE FILME,FALHA DE TRACAO GUIAMENTO DE FILME,TRAIN
1307,BASE DO ROLO DE CARPETE TORTA,BASE DO ROLO DE CARPETE TORTA,DEFORMAÇÃO DE SUPORTE,DEFORMACAO DE SUPORTE,TEST
1308,BASE DO ROLO DE CARPETE ENTORTOU,BASE DO ROLO DE CARPETE ENTORTOU,DEFORMAÇÃO DE SUPORTE,DEFORMACAO DE SUPORTE,TRAIN
1309,QUEBRA DA ESTEIRA DE SAIDA DO TUNEL DE RETRAÇÃO,QUEBRA DA ESTEIRA DE SAIDA DO TUNEL DE RETRACAO,QUEBRA DE ESTEIRA,QUEBRA DE ESTEIRA,TRAIN
1310,BASE DO ROLO DE CARPETE ENTORTOU / ARREBENTANDO FILME,BASE DO ROLO DE CARPETE ENTORTOU ARREBENTANDO FILME,DEFORMAÇÃO DE SUPORTE,DEFORMACAO DE SUPORTE,TRAIN
1311,EIXO TORTO,EIXO TORTO,DESALINHAMENTO DE EIXO,DESALINHAMENTO DE EIXO,TRAIN
1312,FREIO DA BORBOLETE (NOTA 30008398373 ),FREIO DA BORBOLETE NOTA 30008398373,FALHA DE FREIO,FALHA DE FREIO,TRAIN
1313,EIXO TORTO DA BOBINA FOI PARADO PARA FAZER A TROCA,EIXO TORTO DA BOBINA FOI PARADO PARA FAZER A TROCA,DESALINHAMENTO DE EIXO,DESALINHAMENTO DE EIXO,TRAIN
1314,FALHA DE ENCHIMENTO NAS VALVULAS N 39 E50,FALHA DE ENCHIMENTO NAS VALVULAS N 39 E50,FALHA DE VÁLVULA DE ENCHIMENTO,FALHA DE VALVULA DE ENCHIMENTO,TEST
1315,FALHA NO SENSOR DA PORTA DE SEGURANÇA DE TROCA DE BOBINA,FALHA NO SENSOR DA PORTA DE SEGURANCA DE TROCA DE BOBINA,FALHA DE SENSOR,FALHA DE SENSOR,TRAIN
1316,TROCA DA FACA DE CORTE,TROCA DA FACA DE CORTE,FALHA DE FACA,FALHA DE FACA,TRAIN
1317,FALHA NO PEGADOR DE CARTÕES NOTA (30008398502),FALHA NO PEGADOR DE CARTOES NOTA 30008398502,FALHA DE PEGADOR,FALHA DE PEGADOR,TRAIN
1318,ROBO PERDEU REFERENCIA NA ENTRADA DE UMA PILHA DE PALETES,ROBO PERDEU REFERENCIA NA ENTRADA DE UMA PILHA DE PALETES,PERDA DE REFERÊNCIA DO ROBÔ,PERDA DE REFERENCIA DO ROBO,TRAIN
1319,LATAS SAINDO MARCADAS AJUSTE NA CORRENTE DE ARRASTE,LATAS SAINDO MARCADAS AJUSTE NA CORRENTE DE ARRASTE,SEM MODO DE FALHA IDENTIFICADO,SEM MODO DE FALHA IDENTIFICADO,TRAIN
1320,LATAS SAINDO MARCADAS AJUSTE NA CORRENTE DE ARRASTE,LATAS SAINDO MARCADAS AJUSTE NA CORRENTE DE ARRASTE,SEM MODO DE FALHA IDENTIFICADO,SEM MODO DE FALHA IDENTIFICADO,TRAIN
1321,FALHA NA DESCAPSULAGEM DAS GARRAFAS ( AJUSTE NA PINÇA) 30008398110,FALHA NA DESCAPSULAGEM DAS GARRAFAS AJUSTE NA PINCA 30008398110,FALHA DE DESCAPSULAMENTO,FALHA DE DESCAPSULAMENTO,TRAIN
1322,FALHA NA LIGAÇÃO ENTRE PLC,FALHA NA LIGACAO ENTRE PLC,FALHA DE PLC,FALHA DE PLC,TRAIN
1323,"FALHA NA CAPSULAGEM DAS GARRAFAS,GUIAS DO BOCAL DA GARRAFA FORA DE POSIÇÃO 30008398121",FALHA NA CAPSULAGEM DAS GARRAFAS GUIAS DO BOCAL DA GARRAFA FORA DE POSICAO 30008398121,FALHA DE BOCAL,FALHA DE BOCAL,TRAIN
1324,FALHA NA REFRIGERACAO DE FUNDO DA GARRAFA,FALHA NA REFRIGERACAO DE FUNDO DA GARRAFA,FALHA NA REFRIGERAÇÃO DE FUNDO,FALHA NA REFRIGERACAO DE FUNDO,TEST
1325,"ROLO DO CARPETE TORTO NOTA , 30008400277",ROLO DO CARPETE TORTO NOTA 30008400277,FALHA DE ROLO DE ESTIRAMENTO,FALHA DE ROLO DE ESTIRAMENTO,TRAIN
1326,FALHA NO BOTAO DE RESET PEGADOR DE CARTAO,FALHA NO BOTAO DE RESET PEGADOR DE CARTAO,FALHA DE PEGADOR,FALHA DE PEGADOR,TRAIN
1327,FALHA NA IMPRESSÃO,FALHA NA IMPRESSAO,FALHA DE CODIFICAÇÃO,FALHA DE CODIFICACAO,TRAIN
1328,FALHA NA BOMBA QUE REALIZA ÁRVORE DE ESPUMA,FALHA NA BOMBA QUE REALIZA ARVORE DE ESPUMA,FALHA DE BOMBA,FALHA DE BOMBA,TRAIN
1329,VÁLVULA 27 COM PARAFUSO SOLTO APÓS REVISÃO EM PCM OCASIONANDO FALHA NA INSERÇÃO DE CAPA CIP,VALVULA 27 COM PARAFUSO SOLTO APOS REVISAO EM PCM OCASIONANDO FALHA NA INSERCAO DE CAPA CIP,FALHA DE FIXAÇÃO DA VÁLVULA,FALHA DE FIXACAO DA VALVULA,TRAIN
1330,FALHA DE ENCHIMENTO EM VALVULAS ALEATORIAS NA PARTIDA,FALHA DE ENCHIMENTO EM VALVULAS ALEATORIAS NA PARTIDA,FALHA DE VÁLVULA DE ENCHIMENTO,FALHA DE VALVULA DE ENCHIMENTO,TRAIN
1331,"NA PARTIDA EM MODO AUTOMATICO, ESTÁ DANDO GAS FORA DE PADRÃO NA BEBIDA",NA PARTIDA EM MODO AUTOMATICO ESTA DANDO GAS FORA DE PADRAO NA BEBIDA,FALHA DE CARBONATAÇÃO,FALHA DE CARBONATACAO,TRAIN
1332,TWISTER DE SAIDA DA ENCHEDORA DERRUBANDO/SEGURANDO LATAS NA PARTIDA,TWISTER DE SAIDA DA ENCHEDORA DERRUBANDO SEGURANDO LATAS NA PARTIDA,FALHA DE TWISTER,FALHA DE TWISTER,TRAIN
1333,"FALHA DE ENCHIMENTO NA VALVULA Nº39, EXCESSO DE NIVEL BAIXO",FALHA DE ENCHIMENTO NA VALVULA N 39 EXCESSO DE NIVEL BAIXO,FALHA DE VÁLVULA DE ENCHIMENTO,FALHA DE VALVULA DE ENCHIMENTO,TRAIN
1334,"TROCA DA VALVULA Nº39, ESTAVA GERANDO EXCESSO DE NIVEL BAIXO",TROCA DA VALVULA N 39 ESTAVA GERANDO EXCESSO DE NIVEL BAIXO,FALHA DE VÁLVULA DE ENCHIMENTO,FALHA DE VALVULA DE ENCHIMENTO,TRAIN
1335,ENROSCO DE LATA OCASIONANDO DESAJUSTE DO CANHÃO E GUIAS (30008401216),ENROSCO DE LATA OCASIONANDO DESAJUSTE DO CANHAO E GUIAS 30008401216,ENROSCO DE LATAS,ENROSCO DE LATAS,TRAIN
1336,"FALHA SENSOR NO VIRADOR DE CAIXAS, OCASIONANDO ALTO REJEITO DE CAIXAS",FALHA SENSOR NO VIRADOR DE CAIXAS OCASIONANDO ALTO REJEITO DE CAIXAS,FALHA DE SENSOR,FALHA DE SENSOR,TRAIN
1337,CRASH E EXCESSO DE REJEITO NO ENOS A100 / CRASH DE GARRAFAS NA SAIDA DO LINATRONIC,CRASH E EXCESSO DE REJEITO NO ENOS A100 CRASH DE GARRAFAS NA SAIDA DO LINATRONIC,CRASH DE GARRAFAS,CRASH DE GARRAFAS,TRAIN
1338,CRASH E EXCESSO DE REJEITO DE GARRAFAS NO ENOS E NO EBS,CRASH E EXCESSO DE REJEITO DE GARRAFAS NO ENOS E NO EBS,FALHA DE REJEIÇÃO,FALHA DE REJEICAO,TEST
1339,FALHA NA DESCAPSULAGEM DAS GARRAFAS ( 30008400820 ),FALHA NA DESCAPSULAGEM DAS GARRAFAS 30008400820,FALHA DE DESCAPSULAMENTO,FALHA DE DESCAPSULAMENTO,TRAIN
1340,"ESCAPOU O ESTICADOR DE CORRENTE, GERANDO ACUMULO DE GARRAFAS NA SAIDA DA PALETIZADORA",ESCAPOU O ESTICADOR DE CORRENTE GERANDO ACUMULO DE GARRAFAS NA SAIDA DA PALETIZADORA,ETICADOR DE CORRENTE ESCAPOU,ETICADOR DE CORRENTE ESCAPOU,TRAIN
1341,"VAZAMENTO DE PRESSÃO PELO COLETO, FALHA DE ENCHIMENTO NAS VALVULAS Nº5 E 68 GERANDO EXCESSO DE NIVEL BAIXO",VAZAMENTO DE PRESSAO PELO COLETO FALHA DE ENCHIMENTO NAS VALVULAS N 5 E 68 GERANDO EXCESSO DE NIVEL BAIXO,VAZAMENTO EM VÁLVULA,VAZAMENTO EM VALVULA,TEST
1342,"VAZAMENTO DE PRESSÃO PELO COLETO, FALHA DE ENCHIMENTO NAS VALVULAS Nº69 E 70 GERANDO EXCESSO DE NIVEL BAIXO",VAZAMENTO DE PRESSAO PELO COLETO FALHA DE ENCHIMENTO NAS VALVULAS N 69 E 70 GERANDO EXCESSO DE NIVEL BAIXO,VAZAMENTO EM VÁLVULA,VAZAMENTO EM VALVULA,TRAIN
1343,"AJUSTE DE SIMCROMIMOS DEVAISER E ROBO, COLOCAÇÃO DA VENTOSA QUE ESTAVA FALTANDO.",AJUSTE DE SIMCROMIMOS DEVAISER E ROBO COLOCACAO DA VENTOSA QUE ESTAVA FALTANDO,FALHA DE VENTOSA,FALHA DE VENTOSA,TRAIN
1344,ARRASTANDO PAPEL PARA A RECRAVADORA,ARRASTANDO PAPEL PARA A RECRAVADORA,FALHA DE RECRAVAÇÃO,FALHA DE RECRAVACAO,TRAIN
1345,VÁLVULA COM FALHA DE ENCHIMENTO N°6 E 39,VALVULA COM FALHA DE ENCHIMENTO N 6 E 39,FALHA DE VÁLVULA DE ENCHIMENTO,FALHA DE VALVULA DE ENCHIMENTO,TRAIN
1346,TENCIONADOR DO FILME COM MUITA PRESSÃO GERANDO INCONSISTÊNCIA NO CORTE DO FILME E ROMPIMENTOS,TENCIONADOR DO FILME COM MUITA PRESSAO GERANDO INCONSISTENCIA NO CORTE DO FILME E ROMPIMENTOS,FALHA DE CORTE DE FILME,FALHA DE CORTE DE FILME,TRAIN
1347,FALHA DE VACUO (30008401189),FALHA DE VACUO 30008401189,FALHA DE VÁCUO,FALHA DE VACUO,TRAIN
1348,"FALHA DE ENCHIMENTO NA VALVULA N°6 ,49 E 70 (30008401184)",FALHA DE ENCHIMENTO NA VALVULA N 6 49 E 70 30008401184,FALHA DE VÁLVULA DE ENCHIMENTO,FALHA DE VALVULA DE ENCHIMENTO,TEST
1349,FALHA DE IMPRESSÃO DESARMANDO,FALHA DE IMPRESSAO DESARMANDO,FALHA DE CODIFICAÇÃO,FALHA DE CODIFICACAO,TRAIN
1350,QUEDA DE GARRAFAS NA MESA DE ENTRADA - 30008260036,QUEDA DE GARRAFAS NA MESA DE ENTRADA 30008260036,QUEDA DE GARRAFAS,QUEDA DE GARRAFAS,TRAIN
1351,EXCESSO DE REJEIÇÃO DE GARRAFA NO ASEBI.ORDEM 30008403451,EXCESSO DE REJEICAO DE GARRAFA NO ASEBI ORDEM 30008403451,FALHA DE INSPEÇÃO,FALHA DE INSPECAO,TRAIN
1352,CABEÇOTE COM PEGA DE CAMADA FORA DE POSIÇÃO ORDEM 30008403452,CABECOTE COM PEGA DE CAMADA FORA DE POSICAO ORDEM 30008403452,FALHA NA PEGADA DE CAMADA,FALHA NA PEGADA DE CAMADA,TRAIN
1353,"CRASCH GARRAFA NA SAIDA DO ASEBI,ORDEM 30008403457",CRASCH GARRAFA NA SAIDA DO ASEBI ORDEM 30008403457,FALHA DE INSPEÇÃO,FALHA DE INSPECAO,TRAIN
1354,TROCA DA VEDAÇÃO DO CARBO,TROCA DA VEDACAO DO CARBO,FALHA DE VEDAÇÃO,FALHA DE VEDACAO,TEST
1355,TROCA DE VEDAÇÃO DA TUBULAÇÃO DE BEBIDA.,TROCA DE VEDACAO DA TUBULACAO DE BEBIDA,FALHA DE VEDAÇÃO,FALHA DE VEDACAO,TRAIN
1356,SENSOR DE TAMPA .,SENSOR DE TAMPA,FALHA DE SENSOR,FALHA DE SENSOR,TEST
1357,ESTOURO DA SOLDA DO FILME DURANTE A TROCA DE BOBINA (30008404444),ESTOURO DA SOLDA DO FILME DURANTE A TROCA DE BOBINA 30008404444,FALHA DE SOLDA DE FILME,FALHA DE SOLDA DE FILME,TRAIN
1358,FALHA NO MOTOR 307 (30008404438),FALHA NO MOTOR 307 30008404438,FALHA DE MOTOR,FALHA DE MOTOR,TRAIN
1359,FALHA NO SENSOR DA PORTA DE SEGURANÇA DE TROCA DE BOBINA,FALHA NO SENSOR DA PORTA DE SEGURANCA DE TROCA DE BOBINA,FALHA DE SENSOR,FALHA DE SENSOR,TRAIN
1360,TRANSPORTE EM FALHA,TRANSPORTE EM FALHA,FALHA DE TRANSPORTE,FALHA DE TRANSPORTE,TEST
1361,QUEBRA DE ESTEIRA 30008404453,QUEBRA DE ESTEIRA 30008404453,QUEBRA DE ESTEIRA,QUEBRA DE ESTEIRA,TEST
1362,BRAÇO DO ESTIRAMENTO COLEDINDO COM O ROLO DE CARPETE 30008404449,BRACO DO ESTIRAMENTO COLEDINDO COM O ROLO DE CARPETE 30008404449,COLISÃO DO BRAÇO DE ESTIRAMENTO,COLISAO DO BRACO DE ESTIRAMENTO,TEST
1363,FALHA NA PORTA DE SEGURANÇA NA TROCA DE BOBINA.,FALHA NA PORTA DE SEGURANCA NA TROCA DE BOBINA,FALHA NA TROCA DE BOBINA,FALHA NA TROCA DE BOBINA,TRAIN
1364,"TROCA DO CARTÃO NO AUTOMATICO, CENTRADOR DO COM FALHA NA SUBIDA.",TROCA DO CARTAO NO AUTOMATICO CENTRADOR DO COM FALHA NA SUBIDA,FALHA NA TROCA DE PALETE DE CARTÃO,FALHA NA TROCA DE PALETE DE CARTAO,TRAIN
1365,"ESCAPOU O ESTICADOR DE CORRENTE, GERANDO ACUMULO DE GARRAFAS NA SAIDA DA PALETIZADORA ORDEM: 30008403373",ESCAPOU O ESTICADOR DE CORRENTE GERANDO ACUMULO DE GARRAFAS NA SAIDA DA PALETIZADORA ORDEM 30008403373,ETICADOR DE CORRENTE ESCAPOU,ETICADOR DE CORRENTE ESCAPOU,TEST
1366,FALHA DESCAPSULAGEM DE GARRAFAS (AJUSTE NO PINÇAS),FALHA DESCAPSULAGEM DE GARRAFAS AJUSTE NO PINCAS,FALHA DE DESCAPSULAMENTO,FALHA DE DESCAPSULAMENTO,TRAIN
1367,FALHA DESCAPSULAGEM DE GARRAFAS (AJUSTES NO PINÇAS),FALHA DESCAPSULAGEM DE GARRAFAS AJUSTES NO PINCAS,FALHA DE DESCAPSULAMENTO,FALHA DE DESCAPSULAMENTO,TRAIN
1368,"FALHA DESCAPSULAGEM DE GARRAFAS (AJUSTES NO PINÇAS), ESPAÇO LAVADORA",FALHA DESCAPSULAGEM DE GARRAFAS AJUSTES NO PINCAS ESPACO LAVADORA,FALHA DE DESCAPSULAMENTO,FALHA DE DESCAPSULAMENTO,TEST
1369,"GARRAFAS AMASSADAS,TRAVANDO NO DESCAPSULADOR 300084044167",GARRAFAS AMASSADAS TRAVANDO NO DESCAPSULADOR 300084044167,FALHA DE DESCAPSULAMENTO,FALHA DE DESCAPSULAMENTO,TRAIN
1370,"CABEÇOTE NA RETIROU O QUADRO SUPERIOR, GERANDO QUEBRA DA VENTOSA, FOI PRECISO SUBSTITUIR, ORDEM : 30008403464",CABECOTE NA RETIROU O QUADRO SUPERIOR GERANDO QUEBRA DA VENTOSA FOI PRECISO SUBSTITUIR ORDEM 30008403464,FALHA DE VENTOSA,FALHA DE VENTOSA,TRAIN
1371,QUEDAD E LATAS NA TRANSFERENCIA PARA A CORRENTE DE ARRASTE,QUEDAD E LATAS NA TRANSFERENCIA PARA A CORRENTE DE ARRASTE,SEM MODO DE FALHA IDENTIFICADO,SEM MODO DE FALHA IDENTIFICADO,TEST
1372,AJUSTE NA MESSA DE ARRASTE,AJUSTE NA MESSA DE ARRASTE,SEM MODO DE FALHA IDENTIFICADO,SEM MODO DE FALHA IDENTIFICADO,TRAIN
1373,FALHA NO MEDIDOR (30008404383),FALHA NO MEDIDOR 30008404383,FALHA DE MEDIDOR,FALHA DE MEDIDOR,TEST
1374,FALHA DE ENVOLVIMENTO NA TROCA DE BOBINA,FALHA DE ENVOLVIMENTO NA TROCA DE BOBINA,FALHA NA TROCA DE BOBINA,FALHA NA TROCA DE BOBINA,TEST
1375,VELOCIDADE BAIXA,VELOCIDADE BAIXA,VELOCIDADE REDUZIDA SEM CAUSA IDENTIFICADA,VELOCIDADE REDUZIDA SEM CAUSA IDENTIFICADA,TRAIN
1376,AJUSTE NO POSICIONAMENTO DO SENSOR DA PALLET NA PALETIZADORA ORDEM 30008404400,AJUSTE NO POSICIONAMENTO DO SENSOR DA PALLET NA PALETIZADORA ORDEM 30008404400,FALHA DE SENSOR,FALHA DE SENSOR,TRAIN
1377,FALHA NO MANDRIL 1 ORDEM 30008404404,FALHA NO MANDRIL 1 ORDEM 30008404404,FALHA DE MANDRIL,FALHA DE MANDRIL,TEST
1378,"LIBERAÇÃO DE PARTIDA FALHA DE GARRAFA TESTE N 11,INSPEÇÃO PAREDE INFERIOR ORDEM 30008406797",LIBERACAO DE PARTIDA FALHA DE GARRAFA TESTE N 11 INSPECAO PAREDE INFERIOR ORDEM 30008406797,FALHA DE INSPEÇÃO,FALHA DE INSPECAO,TRAIN
1379,ESTEIRA ESCAPANDO,ESTEIRA ESCAPANDO,ESCAPE DE ESTEIRA,ESCAPE DE ESTEIRA,TRAIN
1380,TRANSPORTE DESARMADO,TRANSPORTE DESARMADO,DESARME DE TRANSPORTE,DESARME DE TRANSPORTE,TRAIN
1381,BOBINA TRAVANDO E ESTOURANDO STRESH - NOTA 13185865,BOBINA TRAVANDO E ESTOURANDO STRESH NOTA 13185865,ROMPIMENTO DE FILME,ROMPIMENTO DE FILME,TEST
1382,FALHA NO ENCODER DO EMPURRADOR ORDEM Nº 30008406962,FALHA NO ENCODER DO EMPURRADOR ORDEM N 30008406962,FALHA DE ENCODER,FALHA DE ENCODER,TRAIN
1383,GUIA DESAJUSTADO FALTANDO PARAFUSO ORDEM: 30008406807,GUIA DESAJUSTADO FALTANDO PARAFUSO ORDEM 30008406807,FALHA DE FIXAÇÃO,FALHA DE FIXACAO,TRAIN
1384,CABONATADOR ATINGIA NIVEL MINIMO DO RESERVATÓRIO E PARAVA ENCHEDORA ORDEM: 30008406819,CABONATADOR ATINGIA NIVEL MINIMO DO RESERVATORIO E PARAVA ENCHEDORA ORDEM 30008406819,FALHA ELÉTRICA SEM COMPONENTE IDENTIFICADO,FALHA ELETRICA SEM COMPONENTE IDENTIFICADO,TRAIN
1385,"ENROSCO DE ROTULOS DO AGREGADO 1, AS ESPONJAS ANTIGAS NÃO ESTAVA ABSORVENDO A AGUA, FOI NECESSARIO AUMENTAR UM VOLUME DA AGUA",ENROSCO DE ROTULOS DO AGREGADO 1 AS ESPONJAS ANTIGAS NAO ESTAVA ABSORVENDO A AGUA FOI NECESSARIO AUMENTAR UM VOLUME DA AGUA,ENROSCO DE RÓTULOS,ENROSCO DE ROTULOS,TRAIN
1386,"ENROSCO DE ROTULOS DO AGREGADO 1, AS ESPONJAS ANTIGAS NÃO ESTAVA ABSORVENDO A AGUA, FOI NECESSARIO AUMENTAR UM VOLUME DA AGUA 30008406828",ENROSCO DE ROTULOS DO AGREGADO 1 AS ESPONJAS ANTIGAS NAO ESTAVA ABSORVENDO A AGUA FOI NECESSARIO AUMENTAR UM VOLUME DA AGUA 30008406828,ENROSCO DE RÓTULOS,ENROSCO DE ROTULOS,TRAIN
1387,AJUSTE NO CABEÇOTE,AJUSTE NO CABECOTE,SEM MODO DE FALHA IDENTIFICADO,SEM MODO DE FALHA IDENTIFICADO,TEST
1388,ROMPIMENTO DA SOLDA,ROMPIMENTO DA SOLDA,QUEBRA DE COMPONENTE,QUEBRA DE COMPONENTE,TRAIN
1389,FALHA NA ENTREGA DE PACOTES DO ELEVADOR PARA SISTEMA DE CORTE/FALHA NO SISTEMA DE CORTE,FALHA NA ENTREGA DE PACOTES DO ELEVADOR PARA SISTEMA DE CORTE FALHA NO SISTEMA DE CORTE,FALHA DE ELEVADOR,FALHA DE ELEVADOR,TEST
1390,ENROSCO DE TAMPAS OCASIONANDO POR PEDAÇO DE PAPEL DA EMBALAGEM DOS TUBETES,ENROSCO DE TAMPAS OCASIONANDO POR PEDACO DE PAPEL DA EMBALAGEM DOS TUBETES,ENROSCO DE TAMPAS,ENROSCO DE TAMPAS,TEST
1391,TROCA DE BOBINA FALHA NO SENSOR DA PORTA DE SEGURANÇA.,TROCA DE BOBINA FALHA NO SENSOR DA PORTA DE SEGURANCA,FALHA DE SENSOR,FALHA DE SENSOR,TRAIN
1392,"FALHA NA ENTREGA DE PACOTES DO ELEVADOR PARA SISTEMA DE CORTE/FALHA NO SISTEMA DE CORTE , NOTA 13184816",FALHA NA ENTREGA DE PACOTES DO ELEVADOR PARA SISTEMA DE CORTE FALHA NO SISTEMA DE CORTE NOTA 13184816,FALHA DE ELEVADOR,FALHA DE ELEVADOR,TEST
1393,"PATINS SAINDO DO TRILHO, VIRANDO PACOTE PARA A FORMAÇÃO DE CAMADA",PATINS SAINDO DO TRILHO VIRANDO PACOTE PARA A FORMACAO DE CAMADA,FALHA DE PATINS,FALHA DE PATINS,TRAIN
1394,BRAÇO DO ESTIRAMENTO COLEDINDO COM O ROLO DE CARPETE 30008406795,BRACO DO ESTIRAMENTO COLEDINDO COM O ROLO DE CARPETE 30008406795,COLISÃO DO BRAÇO DE ESTIRAMENTO,COLISAO DO BRACO DE ESTIRAMENTO,TRAIN
1395,BRAÇO DO ESTIRAMENTO COLEDINDO COM O ROLO DE CARPETE OCASIONANDO ESTOURO DE FILME,BRACO DO ESTIRAMENTO COLEDINDO COM O ROLO DE CARPETE OCASIONANDO ESTOURO DE FILME,ROMPIMENTO DE FILME,ROMPIMENTO DE FILME,TRAIN
1396,GUIA DA CANALETA TORTA ENROCANDO TAMPA ORDEM: 30008407003,GUIA DA CANALETA TORTA ENROCANDO TAMPA ORDEM 30008407003,DEFORMAÇÃO/DESALINHAMENTO DE GUIA,DEFORMACAO DESALINHAMENTO DE GUIA,TRAIN
1397,"FALHA NA VALVULA 136, ABORTANDO O ENCHAGUE",FALHA NA VALVULA 136 ABORTANDO O ENCHAGUE,FALHA DE VÁLVULA,FALHA DE VALVULA,TEST
1398,QUEBRA DO EIXO DA ENVOLVEDORA OREDEM: 30008406992,QUEBRA DO EIXO DA ENVOLVEDORA OREDEM 30008406992,QUEBRA DE EIXO,QUEBRA DE EIXO,TRAIN
1399,"TROCA DA VALVULA 46 , E REVISAO DA VALVULA 27 ORDEM: 30008406999",TROCA DA VALVULA 46 E REVISAO DA VALVULA 27 ORDEM 30008406999,FALHA DE VÁLVULA,FALHA DE VALVULA,TRAIN
1400,FALHA DE SENSOR NO CHAPATEX,FALHA DE SENSOR NO CHAPATEX,FALHA DE SENSOR,FALHA DE SENSOR,TRAIN
1401,FALHA NO SENSOR DO CHAPATEX,FALHA NO SENSOR DO CHAPATEX,FALHA DE SENSOR,FALHA DE SENSOR,TRAIN
1402,TRAVAMENTO NO ROLETE DE TROCA DE BOBINA AUTOMATICA,TRAVAMENTO NO ROLETE DE TROCA DE BOBINA AUTOMATICA,FALHA NA TROCA DE BOBINA,FALHA NA TROCA DE BOBINA,TRAIN
1403,TRANSPORTE DO VIRADOR DE CAIXA NOTA30008409981,TRANSPORTE DO VIRADOR DE CAIXA NOTA30008409981,FALHA DE GUIA,FALHA DE GUIA,TRAIN
1404,"FALHA NO CORTE DE TUBETES, PASSANDO PADAÇO DE PAPEL ENROSCANDO NA RECRAVADORA",FALHA NO CORTE DE TUBETES PASSANDO PADACO DE PAPEL ENROSCANDO NA RECRAVADORA,FALHA DE RECRAVAÇÃO,FALHA DE RECRAVACAO,TEST
1405,"FALHA NO CORTE DE TUBETES, NECESSARIO RESET GERAL DA CSW",FALHA NO CORTE DE TUBETES NECESSARIO RESET GERAL DA CSW,FALHA NO CORTE DE TUBETES,FALHA NO CORTE DE TUBETES,TRAIN
1406,FALHA NO ALIMENTADOR DE TAMPA TRAVADAS EM ALIMENTAÇÃODE TAMPA.,FALHA NO ALIMENTADOR DE TAMPA TRAVADAS EM ALIMENTACAODE TAMPA,TRAVAMENTO NA ALIMENTAÇÃO DE TAMPAS,TRAVAMENTO NA ALIMENTACAO DE TAMPAS,TRAIN
1407,FALHA IHM APAGA E VOLTA,FALHA IHM APAGA E VOLTA,FALHA DE IHM,FALHA DE IHM,TRAIN
1408,FALHA NA ENTREGA DE PACOTES DO ELEVADOR PARA SISTEMA DE CORTE/FALHA NO SISTEMA DE CORTE,FALHA NA ENTREGA DE PACOTES DO ELEVADOR PARA SISTEMA DE CORTE FALHA NO SISTEMA DE CORTE,FALHA DE ELEVADOR,FALHA DE ELEVADOR,TEST
1409,ALTERADO PARAMETRO DE VELOCIDADE DE ESTEIRA DEVIDO PACOTES SAINDO ABERTO,ALTERADO PARAMETRO DE VELOCIDADE DE ESTEIRA DEVIDO PACOTES SAINDO ABERTO,FALHA DE ELO DE ESTEIRA,FALHA DE ELO DE ESTEIRA,TRAIN
1410,FALHA DE INSPEÇÃO,FALHA DE INSPECAO,FALHA DE INSPEÇÃO,FALHA DE INSPECAO,TRAIN
1411,GARRAFA CAIDO NO SISTEMA DE REFRIGERACAO DE FUNDO DA GARRAFA,GARRAFA CAIDO NO SISTEMA DE REFRIGERACAO DE FUNDO DA GARRAFA,FALHA NA REFRIGERAÇÃO DE FUNDO,FALHA NA REFRIGERACAO DE FUNDO,TRAIN
1412,QUEBRA DA ESTEIRA DO TRANSPORTE DE PACOTES ( ORDEM 30008413069 ),QUEBRA DA ESTEIRA DO TRANSPORTE DE PACOTES ORDEM 30008413069,QUEBRA DE ESTEIRA,QUEBRA DE ESTEIRA,TRAIN
1413,"PALETE TRAVOU AO SAIR DA MESA GIRATORIA, PRECISANDO RETIRAR MANUALMENTE",PALETE TRAVOU AO SAIR DA MESA GIRATORIA PRECISANDO RETIRAR MANUALMENTE,TRAVAMENTO DE PALETE,TRAVAMENTO DE PALETE,TRAIN
1414,ROLETE DE ENTRADA DA PALETIZADORA TRAVADO (NOTA 13188166),ROLETE DE ENTRADA DA PALETIZADORA TRAVADO NOTA 13188166,TRAVAMENTO DE ROLETES,TRAVAMENTO DE ROLETES,TRAIN
1415,FALHA NO ALIMENTADOR DE TAMPA TRAVADAS EM ALIMENTAÇÃODE TAMPA.,FALHA NO ALIMENTADOR DE TAMPA TRAVADAS EM ALIMENTACAODE TAMPA,TRAVAMENTO NA ALIMENTAÇÃO DE TAMPAS,TRAVAMENTO NA ALIMENTACAO DE TAMPAS,TRAIN
1416,SENSOR DO MAGAZINE DO PALETE FORA DE FOCO,SENSOR DO MAGAZINE DO PALETE FORA DE FOCO,FALHA DE SENSOR,FALHA DE SENSOR,TRAIN
1417,"NYLON TRANSPORTE NA SAIDA DA ENCHEDORA FORA DA PÓSIÇÃO, OCASIONANDO QUEDA DE GARRAFAS ORDEM: 30008411438",NYLON TRANSPORTE NA SAIDA DA ENCHEDORA FORA DA POSICAO OCASIONANDO QUEDA DE GARRAFAS ORDEM 30008411438,QUEDA DE GARRAFAS,QUEDA DE GARRAFAS,TRAIN
1418,PALETIZADORA PEGANDO CAIXAS A MENOS,PALETIZADORA PEGANDO CAIXAS A MENOS,FALHA NA PEGADA DE CAMADA,FALHA NA PEGADA DE CAMADA,TRAIN
1419,"CHAPINHA DE PASSAGEM DE GARRAFAS DANIFICADAS, OCASIONANDO QUEDA DE GARRAFAS",CHAPINHA DE PASSAGEM DE GARRAFAS DANIFICADAS OCASIONANDO QUEDA DE GARRAFAS,QUEDA DE GARRAFAS,QUEDA DE GARRAFAS,TRAIN
1420,ENTRANDO GARRAFA TORTO NA ENCHEDORA AJUUSTE NA ESTRELA - ORDEM 30008412796,ENTRANDO GARRAFA TORTO NA ENCHEDORA AJUUSTE NA ESTRELA ORDEM 30008412796,FALHA DE GUIA,FALHA DE GUIA,TRAIN
1421,TROCA DA FACA DA RAMPA DE ACELERAÇÃO - ORDEM 30008412774,TROCA DA FACA DA RAMPA DE ACELERACAO ORDEM 30008412774,DEFORMAÇÃO DE FACA,DEFORMACAO DE FACA,TRAIN
1422,FALHA NA BOMBA DE RESFRIAMENTO DEVIDO QUEDA DE GARRAFAS NA TRANSFERENCIA NOTA 13188319,FALHA NA BOMBA DE RESFRIAMENTO DEVIDO QUEDA DE GARRAFAS NA TRANSFERENCIA NOTA 13188319,QUEDA DE GARRAFAS,QUEDA DE GARRAFAS,TRAIN
1423,QUEBRA DA ESTEIRA DE TRANSPORTE PACOTES K5M ( ORDEM 30008415403 ),QUEBRA DA ESTEIRA DE TRANSPORTE PACOTES K5M ORDEM 30008415403,QUEBRA DE ESTEIRA,QUEBRA DE ESTEIRA,TRAIN
1424,QUEBRA DO EMPURRADOR DE GARRAFAS ( ORDEM 30008415400 ),QUEBRA DO EMPURRADOR DE GARRAFAS ORDEM 30008415400,QUEBRA DE COMPONENTE,QUEBRA DE COMPONENTE,TRAIN
1425,QUEBRA DA ESTEIRA K10M DA SAIDA DO FORNO (ORDEM 30008415404 ),QUEBRA DA ESTEIRA K10M DA SAIDA DO FORNO ORDEM 30008415404,QUEBRA DE ESTEIRA,QUEBRA DE ESTEIRA,TEST
1426,QUEBROU O REJEITOR DE GARRAFAS NOTA 30008414410,QUEBROU O REJEITOR DE GARRAFAS NOTA 30008414410,FALHA DE REJEIÇÃO,FALHA DE REJEICAO,TRAIN
1427,QUEDA DE GARRAFAS NOS GUIAS DOS PINOS DE SEPARAÇÃO NOTA 30008414412,QUEDA DE GARRAFAS NOS GUIAS DOS PINOS DE SEPARACAO NOTA 30008414412,QUEDA DE GARRAFAS,QUEDA DE GARRAFAS,TEST
1428,ENVOLVEDORA NÃO ESTA FAZENDO PROCEDIMENTO MANUAL PARA MOVIMENTAÇÃO DE PALLET NO TRANSPORTE 30008414461,ENVOLVEDORA NAO ESTA FAZENDO PROCEDIMENTO MANUAL PARA MOVIMENTACAO DE PALLET NO TRANSPORTE 30008414461,FALHA DE BARREIRA,FALHA DE BARREIRA,TEST
1429,FALHA NO CORTE DE PAPEL DOS TUBET.,FALHA NO CORTE DE PAPEL DOS TUBET,FALHA NO CORTE DE TUBETES,FALHA NO CORTE DE TUBETES,TRAIN
1430,FALHA NO CORTE DE PAPEL DOS TUBET. PASSANDO PARA CASCATA DA RECRAVADORA. ORDEM 30008414756,FALHA NO CORTE DE PAPEL DOS TUBET PASSANDO PARA CASCATA DA RECRAVADORA ORDEM 30008414756,FALHA DE RECRAVAÇÃO,FALHA DE RECRAVACAO,TRAIN
1431,FALHA NO CORTE DO TUBETE E ESTOURO DE TUBETE (30008415418),FALHA NO CORTE DO TUBETE E ESTOURO DE TUBETE 30008415418,FALHA NO CORTE DE TUBETES,FALHA NO CORTE DE TUBETES,TRAIN
1432,FALHA DE COMUNICAÇÃO,FALHA DE COMUNICACAO,FALHA DE COMUNICAÇÃO,FALHA DE COMUNICACAO,TRAIN
1433,MANGUEIRA E CONEXÃO DANIFICADA NA ESTAÇÃO DE EXPANSÃO DE PELÍCULA - 30008414432,MANGUEIRA E CONEXAO DANIFICADA NA ESTACAO DE EXPANSAO DE PELICULA 30008414432,FALHA DE CONEXÃO DE MANGUEIRA,FALHA DE CONEXAO DE MANGUEIRA,TEST
1434,PEÇA SE SOLTOU DURANTE A PRODUÇÃO,PECA SE SOLTOU DURANTE A PRODUCAO,FALHA DE FIXAÇÃO,FALHA DE FIXACAO,TRAIN
1435,FALHA NO MOTOR 303 (30008415398),FALHA NO MOTOR 303 30008415398,FALHA DE MOTOR,FALHA DE MOTOR,TRAIN
1436,FALHA NO CORTE DO TUBETE,FALHA NO CORTE DO TUBETE,FALHA NO CORTE DE TUBETES,FALHA NO CORTE DE TUBETES,TEST
1437,"MÁQUINA DESLIGANDO SEM APRESENTAR FALHA, ORDEM30008415409.",MAQUINA DESLIGANDO SEM APRESENTAR FALHA ORDEM30008415409,FALHA DE INVERSOR,FALHA DE INVERSOR,TRAIN
1438,"CHAPINHA DE PASSAGEM DE GARRAFAS DANIFICADAS, OCASIONANDO QUEDA DE GARRAFAS NA SAIDA DA DESENCAIXATADORA",CHAPINHA DE PASSAGEM DE GARRAFAS DANIFICADAS OCASIONANDO QUEDA DE GARRAFAS NA SAIDA DA DESENCAIXATADORA,QUEDA DE GARRAFAS,QUEDA DE GARRAFAS,TRAIN
1439,ESTEIRA DA CURVA DO TRANSPORTE ESCAPOU,ESTEIRA DA CURVA DO TRANSPORTE ESCAPOU,ESCAPE DE ESTEIRA,ESCAPE DE ESTEIRA,TRAIN
1440,FALHA DESCAPSULAGEM PINÇA NUMERO 3 ORDEM: 30008414448,FALHA DESCAPSULAGEM PINCA NUMERO 3 ORDEM 30008414448,FALHA DE DESCAPSULAMENTO,FALHA DE DESCAPSULAMENTO,TRAIN
1441,FALHA DESCAPSULAGEM PINÇA NUMERO 3,FALHA DESCAPSULAGEM PINCA NUMERO 3,FALHA DE DESCAPSULAMENTO,FALHA DE DESCAPSULAMENTO,TRAIN
1442,SENSOR DE CONTAGEM DA ENTRADA DE PACOTES FORA DE FOCO,SENSOR DE CONTAGEM DA ENTRADA DE PACOTES FORA DE FOCO,FALHA DE SENSOR,FALHA DE SENSOR,TRAIN
1443,FALHA NO ENVOLVIMENTO PACOTE ABERTO,FALHA NO ENVOLVIMENTO PACOTE ABERTO,FALHA DE ENVOLVIMENTO,FALHA DE ENVOLVIMENTO,TRAIN
1444,BRAÇO DA SOLDA NÃO ESTAVA VOLTANDO,BRACO DA SOLDA NAO ESTAVA VOLTANDO,FALHA DE RETORNO DO BRAÇO DE SOLDA,FALHA DE RETORNO DO BRACO DE SOLDA,TRAIN
1445,FALHA NO ENVOLVIMENTO / ABRINDO PACOTES NO TRANSPORTE,FALHA NO ENVOLVIMENTO ABRINDO PACOTES NO TRANSPORTE,FALHA DE ENVOLVIMENTO,FALHA DE ENVOLVIMENTO,TEST
1446,"FALTA DE TAMPA ,PRESA NA CANALETA DO ARROLHADOR.",FALTA DE TAMPA PRESA NA CANALETA DO ARROLHADOR,FALHA DE ALIMENTAÇÃO DE TAMPAS,FALHA DE ALIMENTACAO DE TAMPAS,TEST
1447,GARRAFAS SAINDO SEM TAMPA NO ARROLHADOR.,GARRAFAS SAINDO SEM TAMPA NO ARROLHADOR,FALHA DE ALIMENTAÇÃO DE TAMPAS,FALHA DE ALIMENTACAO DE TAMPAS,TRAIN
1448,QUEDA DE GARRAFA NA PINCA 5 - ORDEM 30008418537,QUEDA DE GARRAFA NA PINCA 5 ORDEM 30008418537,QUEDA DE GARRAFAS,QUEDA DE GARRAFAS,TRAIN
1449,FALHA NO SENSOR DE TAMPAS DA ENCHEDORA - ORDEM 30008418523,FALHA NO SENSOR DE TAMPAS DA ENCHEDORA ORDEM 30008418523,FALHA DE SENSOR,FALHA DE SENSOR,TRAIN
1450,FALHA NA COMUNICAÇÃO DA PORTA DE SEGURANÇA,FALHA NA COMUNICACAO DA PORTA DE SEGURANCA,FALHA DE PORTA DE SEGURANÇA,FALHA DE PORTA DE SEGURANCA,TRAIN
1451,MANDRIL TRAVANDO FOI AJUSTADO O BAR DO AR,MANDRIL TRAVANDO FOI AJUSTADO O BAR DO AR,FALHA DE MANDRIL,FALHA DE MANDRIL,TRAIN
1452,AJUSTE NO GUIA SUPERIOR DA ESTRELA DE SAIDA,AJUSTE NO GUIA SUPERIOR DA ESTRELA DE SAIDA,SEM MODO DE FALHA IDENTIFICADO,SEM MODO DE FALHA IDENTIFICADO,TRAIN
1453,MANDRIL NÃO ESTÁ ATUANDO CORRETAMENTE,MANDRIL NAO ESTA ATUANDO CORRETAMENTE,FALHA DE MANDRIL,FALHA DE MANDRIL,TRAIN
1454,HASTE DO TENSIONADOR SOLTA - ORDEM 30008418424,HASTE DO TENSIONADOR SOLTA ORDEM 30008418424,EIXO DO BRAÇO TENCIONADOR DO FILME DA ENVOLVEDORA SOLTO,EIXO DO BRACO TENCIONADOR DO FILME DA ENVOLVEDORA SOLTO,TRAIN
1455,"FALHA NO INVERSOR DO MOTOR TAG 307(BAIXA TENSÃO 1,8 VOLTS) ORDEM:30008417119.",FALHA NO INVERSOR DO MOTOR TAG 307 BAIXA TENSAO 1 8 VOLTS ORDEM 30008417119,FALHA DE INVERSOR,FALHA DE INVERSOR,TRAIN
1456,"FALHA NO CORTE DO TUBETE OCASIONANDO PASSAGEM PARA CASCATA DA RECRAVADORA E ENROSCANDO TAMPAS, ORDEM:30008417148.",FALHA NO CORTE DO TUBETE OCASIONANDO PASSAGEM PARA CASCATA DA RECRAVADORA E ENROSCANDO TAMPAS ORDEM 30008417148,FALHA DE RECRAVAÇÃO,FALHA DE RECRAVACAO,TRAIN
1457,FALHA NO TRANSPORTE DA FILTEC (30008418542),FALHA NO TRANSPORTE DA FILTEC 30008418542,FALHA DE INSPEÇÃO,FALHA DE INSPECAO,TEST
1458,FALHA NO TRANSPORTE DE PACOTES (30008418536),FALHA NO TRANSPORTE DE PACOTES 30008418536,FALHA DE INVERSOR,FALHA DE INVERSOR,TRAIN
1459,PEDAÇO DE PAPEL DA EMBALAGEM DO TUBETE OCASIONANDO ENROSCO DE TAMPAS NA RECRAVADORA,PEDACO DE PAPEL DA EMBALAGEM DO TUBETE OCASIONANDO ENROSCO DE TAMPAS NA RECRAVADORA,ENROSCO DE TAMPAS,ENROSCO DE TAMPAS,TRAIN
1460,ESTOURO DO TUBETE E FALHA NO SINCRONISMO DE CORTE,ESTOURO DO TUBETE E FALHA NO SINCRONISMO DE CORTE,ROMPIMENTO DE TUBETE,ROMPIMENTO DE TUBETE,TRAIN
1461,FALHA NO MIXER,FALHA NO MIXER,FALHA DE MISTURA,FALHA DE MISTURA,TEST
1462,TRAVAMENTO DE SEGMENTOS DE GARRAFAS NO REJEITOR ENOS A100,TRAVAMENTO DE SEGMENTOS DE GARRAFAS NO REJEITOR ENOS A100,TRAVAMENTO DE SEGMENTOS,TRAVAMENTO DE SEGMENTOS,TRAIN
1463,FALHA SENSORES DE ACUMULO DO TRANSPORTE DE SAIDA DA ENCHEDORA ORDEM: 30008417124,FALHA SENSORES DE ACUMULO DO TRANSPORTE DE SAIDA DA ENCHEDORA ORDEM 30008417124,FALHA DE ACÚMULO NO TRANSPORTE,FALHA DE ACUMULO NO TRANSPORTE,TRAIN
1465,FALHA ELETRICA 30008418565,FALHA ELETRICA 30008418565,FALHA DE PLACA ELETRÔNICA,FALHA DE PLACA ELETRONICA,TEST
1466,"ROLETES TORTOS, GERANDO TRIPIDAÇÃO DOS PATINS E ENROSCOS, FAZENDO COM QUE PACOTE ENTRE TORTO NOS GUIAS",ROLETES TORTOS GERANDO TRIPIDACAO DOS PATINS E ENROSCOS FAZENDO COM QUE PACOTE ENTRE TORTO NOS GUIAS,ENROSCO DE PACOTES,ENROSCO DE PACOTES,TRAIN
1467,FALHA DE BARREIRA NA SAIDA DE PALETES VAZIOS (30008418544),FALHA DE BARREIRA NA SAIDA DE PALETES VAZIOS 30008418544,FALHA DE BARREIRA,FALHA DE BARREIRA,TRAIN
1468,BEBIDA ESPUMANDO GERANDO NIVEL BAIXO. ORDEM- 30008417151,BEBIDA ESPUMANDO GERANDO NIVEL BAIXO ORDEM 30008417151,ESPUMAMENTO DE BEBIDA,ESPUMAMENTO DE BEBIDA,TRAIN
1469,REJEITO TRAVANDO NA CORREIA,REJEITO TRAVANDO NA CORREIA,FALHA DE CORREIA,FALHA DE CORREIA,TRAIN
1470,QUEDA DE GARRAFAS NOS GUIAS DE SEPARAÇÃO,QUEDA DE GARRAFAS NOS GUIAS DE SEPARACAO,QUEDA DE GARRAFAS,QUEDA DE GARRAFAS,TRAIN
1471,PINO DE SEPARAÇÃO TRAVADO - 30008420573,PINO DE SEPARACAO TRAVADO 30008420573,PINO DE SEPARAÇÃO TRAVADO,PINO DE SEPARACAO TRAVADO,TRAIN
1472,"GARRAFAS ENTRANDO TORTA, ENCHEDORA FORA DE SINCRONISMO. ORDEM: 30008421818",GARRAFAS ENTRANDO TORTA ENCHEDORA FORA DE SINCRONISMO ORDEM 30008421818,FALHA DE SINCRONISMO,FALHA DE SINCRONISMO,TRAIN
1473,"SENSOR DA ENTRADA DA ENCHEDORA DANDO FALHA NA DETECÇÃO DE GARRAFAS, GARRAFA SAINDO VAZIA E PARANDO NA CODIFICADORA",SENSOR DA ENTRADA DA ENCHEDORA DANDO FALHA NA DETECCAO DE GARRAFAS GARRAFA SAINDO VAZIA E PARANDO NA CODIFICADORA,FALHA DE SENSOR,FALHA DE SENSOR,TEST
1474,AJUSTE NO GUIA SUPERIOR DA ESTRELA DE SAIDA. ORDEM 3008420613,AJUSTE NO GUIA SUPERIOR DA ESTRELA DE SAIDA ORDEM 3008420613,SEM MODO DE FALHA IDENTIFICADO,SEM MODO DE FALHA IDENTIFICADO,TRAIN
1475,IHM NÃO RESPONDE. ORDEM- 30008420647,IHM NAO RESPONDE ORDEM 30008420647,FALHA DE IHM,FALHA DE IHM,TEST
1476,ENCHEDORA FORA DO SINCRONISMO.ORDEM- 30008420649.,ENCHEDORA FORA DO SINCRONISMO ORDEM 30008420649,FALHA DE SINCRONISMO,FALHA DE SINCRONISMO,TRAIN
1477,"FALHA NAS VÁLVULAS 130, 137, 138, 139, 140",FALHA NAS VALVULAS 130 137 138 139 140,FALHA DE VÁLVULA,FALHA DE VALVULA,TRAIN
1478,COLISÃO COM O PACOTE,COLISAO COM O PACOTE,FALHA DE VÁLVULA,FALHA DE VALVULA,TRAIN
1479,"FALHA NAS VÁLVULAS 130, 137, 138, 139, 140 30008421819",FALHA NAS VALVULAS 130 137 138 139 140 30008421819,FALHA DE VÁLVULA,FALHA DE VALVULA,TRAIN
1480,FILME ROMPENDO NA SOLDA DE RETIRADA DO FILME,FILME ROMPENDO NA SOLDA DE RETIRADA DO FILME,FALHA DE SOLDA DE FILME,FALHA DE SOLDA DE FILME,TEST
1481,TRANSPOTE EM FALHA,TRANSPOTE EM FALHA,FALHA DE TRANSPORTE,FALHA DE TRANSPORTE,TRAIN
1482,FALHA NO TRANSPORTE DE PACOTES (30008521728),FALHA NO TRANSPORTE DE PACOTES 30008521728,FALHA DE TRANSPORTE DE PACOTES,FALHA DE TRANSPORTE DE PACOTES,TRAIN
1483,FALHA NA CODIFICADORA (30008421822),FALHA NA CODIFICADORA 30008421822,FALHA DE CODIFICAÇÃO,FALHA DE CODIFICACAO,TEST
1484,HASTE POSICIONADORA DE TAMPAS ESTAVA TORTA OCASIONANDO FALHA NO EQUIPAMENTO (30008421830),HASTE POSICIONADORA DE TAMPAS ESTAVA TORTA OCASIONANDO FALHA NO EQUIPAMENTO 30008421830,DEFORMAÇÃO DE HASTE,DEFORMACAO DE HASTE,TRAIN
1485,FALHA NO CORTE DOS TUBETES PASSANDO PAPEL E CAUSANDO ENROSCO NA RECRAVADORA,FALHA NO CORTE DOS TUBETES PASSANDO PAPEL E CAUSANDO ENROSCO NA RECRAVADORA,FALHA DE RECRAVAÇÃO,FALHA DE RECRAVACAO,TRAIN
1486,PEDAÇO DE PAPEL OCASIONANDO ENROSCO DE TAMPAS CSW,PEDACO DE PAPEL OCASIONANDO ENROSCO DE TAMPAS CSW,ENROSCO DE TAMPAS,ENROSCO DE TAMPAS,TRAIN
1487,PEDAÇO DE PAPEL OCASIONANDO ENROSCO DE TAMPAS,PEDACO DE PAPEL OCASIONANDO ENROSCO DE TAMPAS,ENROSCO DE TAMPAS,ENROSCO DE TAMPAS,TRAIN
1488,QUEIMA DE PLACA,QUEIMA DE PLACA,FALHA DE PLACA ELETRÔNICA,FALHA DE PLACA ELETRONICA,TRAIN
1489,FALHA NO SENSOR DE DESCARGA 30008421839,FALHA NO SENSOR DE DESCARGA 30008421839,FALHA DE SENSOR,FALHA DE SENSOR,TRAIN
1490,ESCAPOU A ESTEIRA NA CURVA DO TRANSPOTE DA DESENCAIXATADORA,ESCAPOU A ESTEIRA NA CURVA DO TRANSPOTE DA DESENCAIXATADORA,ESCAPE DE ESTEIRA,ESCAPE DE ESTEIRA,TRAIN
1491,FALHA ELETRICA - QUEIMA PLACA,FALHA ELETRICA QUEIMA PLACA,FALHA DE PLACA ELETRÔNICA,FALHA DE PLACA ELETRONICA,TRAIN
1492,FALHA NA SAIDA DO PALETE DESARMOU INVERSOR,FALHA NA SAIDA DO PALETE DESARMOU INVERSOR,FALHA DE INVERSOR,FALHA DE INVERSOR,TRAIN
1493,FALHA NO SENSOR DO MAGAZINE E SENSOR NA MESA DE DESCARGA DA DESPALETIZADORA.,FALHA NO SENSOR DO MAGAZINE E SENSOR NA MESA DE DESCARGA DA DESPALETIZADORA,FALHA DE SENSOR,FALHA DE SENSOR,TRAIN
1494,AJUSTE SENSOR DA PORTA NO ASEBI.ORDEM.30008423856,AJUSTE SENSOR DA PORTA NO ASEBI ORDEM 30008423856,FALHA DE SENSOR,FALHA DE SENSOR,TRAIN
1495,FALHA NA CODIFICAÇÃO.,FALHA NA CODIFICACAO,FALHA DE CODIFICAÇÃO,FALHA DE CODIFICACAO,TRAIN
1496,CORREIA FORA DE POSIÇÃO,CORREIA FORA DE POSICAO,ESCAPE DE CORREIA,ESCAPE DE CORREIA,TRAIN
1497,PLUG DO SENSOR DESCONECTOU NO VIRADOR DE CAIXAS,PLUG DO SENSOR DESCONECTOU NO VIRADOR DE CAIXAS,FALHA DE SENSOR,FALHA DE SENSOR,TRAIN
1498,TRAVAMENTO DE GARRAFAS NO REJEITOR ENOS EBS,TRAVAMENTO DE GARRAFAS NO REJEITOR ENOS EBS,FALHA DE REJEIÇÃO,FALHA DE REJEICAO,TRAIN
1499,ESTEIRA DA CURVA DE ENTRADA DA PALETIZADORA ESCAPANDO,ESTEIRA DA CURVA DE ENTRADA DA PALETIZADORA ESCAPANDO,ESCAPE DE ESTEIRA,ESCAPE DE ESTEIRA,TRAIN
1500,FALAHA NOS MOTORES DE TRANSPORTE DA ENTRADADA LAVADORA,FALAHA NOS MOTORES DE TRANSPORTE DA ENTRADADA LAVADORA,FALHA DE MOTOR,FALHA DE MOTOR,TRAIN
1501,FILME ESTOURANDO (EM ATUAÇÃO),FILME ESTOURANDO EM ATUACAO,ROMPIMENTO DE FILME,ROMPIMENTO DE FILME,TRAIN
1502,FILME ESTOURANDO (EM ATUAÇÃO),FILME ESTOURANDO EM ATUACAO,ROMPIMENTO DE FILME,ROMPIMENTO DE FILME,TRAIN
1503,FILME ESTOURANDO (EM ATUAÇÃO),FILME ESTOURANDO EM ATUACAO,ROMPIMENTO DE FILME,ROMPIMENTO DE FILME,TRAIN
1504,FILME ESTOURANDO (EM ATUAÇÃO),FILME ESTOURANDO EM ATUACAO,ROMPIMENTO DE FILME,ROMPIMENTO DE FILME,TRAIN
1505,FILME ESTOURANDO (EM ATUAÇÃO),FILME ESTOURANDO EM ATUACAO,ROMPIMENTO DE FILME,ROMPIMENTO DE FILME,TRAIN
1506,"ENVOLVEDORA PARADA FALHA, DE COMUNICACAO",ENVOLVEDORA PARADA FALHA DE COMUNICACAO,FALHA DE COMUNICAÇÃO,FALHA DE COMUNICACAO,TRAIN
1507,ENVOLVEDORA PARADA FALHA NA COMUNICACAO,ENVOLVEDORA PARADA FALHA NA COMUNICACAO,FALHA DE COMUNICAÇÃO,FALHA DE COMUNICACAO,TRAIN
1508,FALHA DE COMUNICACAO,FALHA DE COMUNICACAO,FALHA DE COMUNICAÇÃO,FALHA DE COMUNICACAO,TRAIN
1509,FALHA NA COMUNICACAO,FALHA NA COMUNICACAO,FALHA DE COMUNICAÇÃO,FALHA DE COMUNICACAO,TRAIN
1510,CHECKMAT REJEITANDO GARRAFA BOA,CHECKMAT REJEITANDO GARRAFA BOA,FALHA DE REJEIÇÃO,FALHA DE REJEICAO,TRAIN
1511,FALHA NO RESFRIAMENTO DO FUNDO DA GARRAFA,FALHA NO RESFRIAMENTO DO FUNDO DA GARRAFA,FALHA NA REFRIGERAÇÃO DE FUNDO,FALHA NA REFRIGERACAO DE FUNDO,TRAIN
1512,RETORNO CHEIO FALHA NO CHECKMAT,RETORNO CHEIO FALHA NO CHECKMAT,FALHA DE INSPEÇÃO,FALHA DE INSPECAO,TRAIN
1513,DESARMOU MOTOR DO TRANPORTE DA EMPACOTADORA,DESARMOU MOTOR DO TRANPORTE DA EMPACOTADORA,DESARME DE MOTOR,DESARME DE MOTOR,TRAIN
1514,QUEBROU O PARAFUSO DO GUIA DE SAIDA DO CAPSULADOR 30008423894,QUEBROU O PARAFUSO DO GUIA DE SAIDA DO CAPSULADOR 30008423894,QUEBRA DE PARAFUSO,QUEBRA DE PARAFUSO,TEST
1515,QUEDA DE GARRAFAS NO PINO DE SEPARAÇÃO,QUEDA DE GARRAFAS NO PINO DE SEPARACAO,QUEDA DE GARRAFAS,QUEDA DE GARRAFAS,TRAIN
1516,AJUSTE DE POSIÇÃO DO SENSOR DE SEGURANCA DA PORTA LATERAL DA PALETIZADORA (30008425463),AJUSTE DE POSICAO DO SENSOR DE SEGURANCA DA PORTA LATERAL DA PALETIZADORA 30008425463,FALHA DE SENSOR,FALHA DE SENSOR,TRAIN
1517,TROCA DOS ROLETES DA ENTRADA DE PACOTES DA PALETIZADORA (30008425459),TROCA DOS ROLETES DA ENTRADA DE PACOTES DA PALETIZADORA 30008425459,FALHA DE ROLETES,FALHA DE ROLETES,TRAIN
1518,FALHA NIVEL ENCHIMENTO DE GARRAFA,FALHA NIVEL ENCHIMENTO DE GARRAFA,FALHA DE ENCHIMENTO,FALHA DE ENCHIMENTO,TRAIN
1519,FALHA PINO SEPARACAO GARRAFA PULANDO PINO (30008425466),FALHA PINO SEPARACAO GARRAFA PULANDO PINO 30008425466,DESGASTE DE PINO DE SEPARAÇÃO,DESGASTE DE PINO DE SEPARACAO,TRAIN
1520,FALHA NA MODULAÇÃO DO FREIO DA BAILARINA 30008425208,FALHA NA MODULACAO DO FREIO DA BAILARINA 30008425208,FALHA DE BAILARINA,FALHA DE BAILARINA,TRAIN
1521,FALHA NA MODULAÇÃO DO FREIO DA BAILARINA 30008425208,FALHA NA MODULACAO DO FREIO DA BAILARINA 30008425208,FALHA DE BAILARINA,FALHA DE BAILARINA,TRAIN
1522,ENQUADRO DA CAMADA EM CIMA DO PALETE E QUEDA DE CAMADA - PLANO CARTEZIANO DO ROBÔ FORA DE POSIÇÃO,ENQUADRO DA CAMADA EM CIMA DO PALETE E QUEDA DE CAMADA PLANO CARTEZIANO DO ROBO FORA DE POSICAO,TRAVAMENTO DE PALETE,TRAVAMENTO DE PALETE,TRAIN
1523,QUEDA DE CAMADAS ROBO ESTA MONTANDO AS CAMADAS TORTAS,QUEDA DE CAMADAS ROBO ESTA MONTANDO AS CAMADAS TORTAS,FALHA DE FORMAÇÃO DE CAMADA,FALHA DE FORMACAO DE CAMADA,TRAIN
1524,FALHA NA MONTAGEM DE CAMADAS (AUTOMAÇÃO ATUANDO NO EQUIPAMENTO),FALHA NA MONTAGEM DE CAMADAS AUTOMACAO ATUANDO NO EQUIPAMENTO,FALHA DE FORMAÇÃO DE CAMADA,FALHA DE FORMACAO DE CAMADA,TEST
1525,FALHA DE ENVOLVIMENTO DOS PACOTES,FALHA DE ENVOLVIMENTO DOS PACOTES,FALHA DE ENVOLVIMENTO,FALHA DE ENVOLVIMENTO,TRAIN
1526,FALHA DE BARREIRA NA SAIDA DE PALETES VAZIOS,FALHA DE BARREIRA NA SAIDA DE PALETES VAZIOS,FALHA DE BARREIRA,FALHA DE BARREIRA,TRAIN
1527,FALHA NA MODULAÇÃO DO FREIO DA BAILARINA,FALHA NA MODULACAO DO FREIO DA BAILARINA,FALHA DE BAILARINA,FALHA DE BAILARINA,TEST
1528,FALHA NO TRANSPORTE DE PACOTES,FALHA NO TRANSPORTE DE PACOTES,FALHA DE TRANSPORTE DE PACOTES,FALHA DE TRANSPORTE DE PACOTES,TEST
1529,QUEBRA DO ELO DA CORRENTE DO MAGAZINE DE PALETE .,QUEBRA DO ELO DA CORRENTE DO MAGAZINE DE PALETE,QUEBRA DE CORRENTE,QUEBRA DE CORRENTE,TRAIN
1530,PACOTE ABRINDO NA LATERAL .,PACOTE ABRINDO NA LATERAL,FALHA DE ENVOLVIMENTO,FALHA DE ENVOLVIMENTO,TRAIN
1531,TROCA DO CARTA NO ALTOMATICO GERANDO FALHA NA ENTREGA DO PALETE VAZIL NO MAGAZINE.,TROCA DO CARTA NO ALTOMATICO GERANDO FALHA NA ENTREGA DO PALETE VAZIL NO MAGAZINE,FALHA DE MAGAZINE,FALHA DE MAGAZINE,TRAIN
1532,ESTEIRA NA CURVA DO TRANSPORTE DA DESENCAIXATADORA ESCAPOU,ESTEIRA NA CURVA DO TRANSPORTE DA DESENCAIXATADORA ESCAPOU,ESCAPE DE ESTEIRA,ESCAPE DE ESTEIRA,TRAIN
1533,FALHA SENSOR DA DA PORTA DO AGREGADO 2 NOTA 13191963,FALHA SENSOR DA DA PORTA DO AGREGADO 2 NOTA 13191963,FALHA DE SENSOR,FALHA DE SENSOR,TRAIN
1534,ROBO DA PALETIZADORA PEGANDO CAIXAS A MENOS,ROBO DA PALETIZADORA PEGANDO CAIXAS A MENOS,FALHA NA PEGADA DE CAMADA,FALHA NA PEGADA DE CAMADA,TRAIN
1535,ATUAÇÃO NA RECRAVADORA PARA CORREÇÃO DE LATAS AMASSADAS E COM VAZAMENTO 30008423900,ATUACAO NA RECRAVADORA PARA CORRECAO DE LATAS AMASSADAS E COM VAZAMENTO 30008423900,FALHA DE RECRAVAÇÃO,FALHA DE RECRAVACAO,TEST
1536,ATUAÇÃO NA RECRAVADORA PARA CORREÇÃO DE LATAS AMASSADAS E COM VAZAMENTO 30008423900,ATUACAO NA RECRAVADORA PARA CORRECAO DE LATAS AMASSADAS E COM VAZAMENTO 30008423900,FALHA DE RECRAVAÇÃO,FALHA DE RECRAVACAO,TEST
1537,"ESTEIRA DO TRANSPORTE ESCAPANDO, ELOS TORTOS / 30008427071",ESTEIRA DO TRANSPORTE ESCAPANDO ELOS TORTOS 30008427071,ESCAPE DE ESTEIRA,ESCAPE DE ESTEIRA,TRAIN
1538,"ESTEIRA DE TRANSPORTE ESCAPANDO ,ELOS TORTO.",ESTEIRA DE TRANSPORTE ESCAPANDO ELOS TORTO,ESCAPE DE ESTEIRA,ESCAPE DE ESTEIRA,TRAIN
1539,"MAGAZINE DE PALETE QUEBRADO ,TIRANDO OS PALETE EM MANUAL, GERANDO FALHA NO ELEVADOR..ORDEM (30008425473)",MAGAZINE DE PALETE QUEBRADO TIRANDO OS PALETE EM MANUAL GERANDO FALHA NO ELEVADOR ORDEM 30008425473,FALHA DE MAGAZINE,FALHA DE MAGAZINE,TRAIN
1540,MAGAZINE DE PALETE QUEBRADO,MAGAZINE DE PALETE QUEBRADO,FALHA DE MAGAZINE,FALHA DE MAGAZINE,TRAIN
1541,GERANDO FALHA NO ELEVADOR..ORDEM (30008425473),GERANDO FALHA NO ELEVADOR ORDEM 30008425473,FALHA DE ELEVADOR,FALHA DE ELEVADOR,TRAIN
1542,P.EQ.LINHA,P EQ LINHA,SEM MODO DE FALHA IDENTIFICADO,SEM MODO DE FALHA IDENTIFICADO,TRAIN
1543,FALHA COMUNICAÇÃO NA SAIDA DA LAVADORA ORDEM: 30008427069,FALHA COMUNICACAO NA SAIDA DA LAVADORA ORDEM 30008427069,FALHA DE SENSOR,FALHA DE SENSOR,TEST
1544,PALETIZADORA PEGANDO CAIXAS A MENOS,PALETIZADORA PEGANDO CAIXAS A MENOS,FALHA NA PEGADA DE CAMADA,FALHA NA PEGADA DE CAMADA,TRAIN
1545,"PALETIZADORA PEGANDO CAIXA A MENOS, PERDEU A CONTAGEM",PALETIZADORA PEGANDO CAIXA A MENOS PERDEU A CONTAGEM,FALHA DE CONTAGEM,FALHA DE CONTAGEM,TRAIN
1546,FALHA DE LINHA AMOSTRA BAIXA ORDEM: 30008427066,FALHA DE LINHA AMOSTRA BAIXA ORDEM 30008427066,FALHA DE AMOSTRAGEM,FALHA DE AMOSTRAGEM,TRAIN
1547,FALHA CODIFICAÇÃO,FALHA CODIFICACAO,FALHA DE CODIFICAÇÃO,FALHA DE CODIFICACAO,TRAIN
1548,ESTEIRA DA CURVA DE ENTRADA DA PALETIZADORA ESCAPOU ( 30008427106 ),ESTEIRA DA CURVA DE ENTRADA DA PALETIZADORA ESCAPOU 30008427106,ESCAPE DE ESTEIRA,ESCAPE DE ESTEIRA,TEST
1549,FALHA NO SENSOR DA PORTA DO AGREGADO 2,FALHA NO SENSOR DA PORTA DO AGREGADO 2,FALHA DE SENSOR,FALHA DE SENSOR,TRAIN
1550,FALHA NO SENSOR DE PORTA DO AGREGADO 2,FALHA NO SENSOR DE PORTA DO AGREGADO 2,FALHA DE SENSOR,FALHA DE SENSOR,TRAIN
1551,ESTEIRA DE SAIDA DO FORNO EM BAIXA ROTAÇÃO,ESTEIRA DE SAIDA DO FORNO EM BAIXA ROTACAO,BAIXA VELOCIDADE DE ESTEIRA,BAIXA VELOCIDADE DE ESTEIRA,TRAIN
1552,MOTOR DO TRANSPORTE DE PACOTES DESARMANDO,MOTOR DO TRANSPORTE DE PACOTES DESARMANDO,DESARME DE MOTOR,DESARME DE MOTOR,TRAIN
1553,MOTOR DO TRANSPORTE DE PACOTES DESARMANDO,MOTOR DO TRANSPORTE DE PACOTES DESARMANDO,DESARME DE MOTOR,DESARME DE MOTOR,TRAIN
1554,TROCA DA EMENDA DA CORRENTE DANIFICADA 30008425473,TROCA DA EMENDA DA CORRENTE DANIFICADA 30008425473,QUEBRA DE CORRENTE,QUEBRA DE CORRENTE,TEST
1555,"MAGAZINE DE PALETE QUEBRADO ,TIRANDO OS PALETE EM MANUAL, GERANDO FALHA NO ELEVADOR..ORDEM/30008425473",MAGAZINE DE PALETE QUEBRADO TIRANDO OS PALETE EM MANUAL GERANDO FALHA NO ELEVADOR ORDEM 30008425473,FALHA DE MAGAZINE,FALHA DE MAGAZINE,TRAIN
1556,"QUEBRA DO MAGAZINE DE PALETE,RETIRADAS DOS PALETES NO MANUL.ORDEM/30008425473",QUEBRA DO MAGAZINE DE PALETE RETIRADAS DOS PALETES NO MANUL ORDEM 30008425473,FALHA DE MAGAZINE,FALHA DE MAGAZINE,TRAIN
1557,"QUEBRA DO MAGAZINE DE PALETE,RETIRADAS DOS PALETES NO MANUL.30008425473",QUEBRA DO MAGAZINE DE PALETE RETIRADAS DOS PALETES NO MANUL 30008425473,FALHA DE MAGAZINE,FALHA DE MAGAZINE,TRAIN
1558,"QUEBRA DO MAGAZINE DE PALETE,RETIRADAS DOS PALETES NO MANUL.30008425473",QUEBRA DO MAGAZINE DE PALETE RETIRADAS DOS PALETES NO MANUL 30008425473,FALHA DE MAGAZINE,FALHA DE MAGAZINE,TRAIN
1559,"MAGAZINE DE PALETE QUEBRADO ,TIRANDO OS PALETE EM MANUAL, GERANDO FALHA NO ELEVADOR..ORDEM (30008425473)",MAGAZINE DE PALETE QUEBRADO TIRANDO OS PALETE EM MANUAL GERANDO FALHA NO ELEVADOR ORDEM 30008425473,FALHA DE MAGAZINE,FALHA DE MAGAZINE,TRAIN
1560,"MAGAZINE DE PALETE QUEBRADO ,TIRANDO OS PALETE EM MANUAL, GERANDO FALHA NO ELEVADOR..ORDEM (30008425473)",MAGAZINE DE PALETE QUEBRADO TIRANDO OS PALETE EM MANUAL GERANDO FALHA NO ELEVADOR ORDEM 30008425473,FALHA DE MAGAZINE,FALHA DE MAGAZINE,TRAIN
1561,"MAGAZINE DE PALETE QUEBRADO ,TIRANDO OS PALETE EM MANUAL, GERANDO FALHA NO ELEVADOR..ORDEM (30008425473)",MAGAZINE DE PALETE QUEBRADO TIRANDO OS PALETE EM MANUAL GERANDO FALHA NO ELEVADOR ORDEM 30008425473,FALHA DE MAGAZINE,FALHA DE MAGAZINE,TRAIN
1562,"FALSO REJEITO,SENSOR DE ENTRADA FALHANDO ORDEM 30008427973",FALSO REJEITO SENSOR DE ENTRADA FALHANDO ORDEM 30008427973,FALHA DE SENSOR,FALHA DE SENSOR,TRAIN
1563,ROBO JOGANDO PACOTES PARA FORA DA CAMADA,ROBO JOGANDO PACOTES PARA FORA DA CAMADA,FALHA DE ROBÔ,FALHA DE ROBO,TRAIN
1564,ROBO JOGANDO PACOTES PARA FORA DA CAMADA,ROBO JOGANDO PACOTES PARA FORA DA CAMADA,FALHA DE ROBÔ,FALHA DE ROBO,TRAIN
1565,ROBO JOGANDO PACOTE FORA DA CAMADA,ROBO JOGANDO PACOTE FORA DA CAMADA,FALHA DE ROBÔ,FALHA DE ROBO,TEST
1566,QUEBROU ROLAMENTOS DA ESTEIRA DE SAIDA DO FORNO,QUEBROU ROLAMENTOS DA ESTEIRA DE SAIDA DO FORNO,QUEBRA DE ESTEIRA,QUEBRA DE ESTEIRA,TRAIN
1567,QUEBROU ROLAMENTOS DA ESTEIRA DE SAIDA DO FORNO,QUEBROU ROLAMENTOS DA ESTEIRA DE SAIDA DO FORNO,QUEBRA DE ESTEIRA,QUEBRA DE ESTEIRA,TRAIN
1568,QUEBROU ROLAMENTOS DA ESTEIRA DE SAIDA DO FORNO,QUEBROU ROLAMENTOS DA ESTEIRA DE SAIDA DO FORNO,QUEBRA DE ESTEIRA,QUEBRA DE ESTEIRA,TRAIN
1569,"ENROSCO DE PACOTES NA ESTEIRA, NECESSARIO AJUSTE NO SETUP PÓS MANUTENÇÃO",ENROSCO DE PACOTES NA ESTEIRA NECESSARIO AJUSTE NO SETUP POS MANUTENCAO,ENROSCO DE PACOTES,ENROSCO DE PACOTES,TRAIN
1570,"RETIRANDO OS PALETE EM MANUL QUEBAR DO MAGAZINE DE PALETE,GERANDO FALHA NA SAIDA DOS PALETE.",RETIRANDO OS PALETE EM MANUL QUEBAR DO MAGAZINE DE PALETE GERANDO FALHA NA SAIDA DOS PALETE,FALHA DE MAGAZINE,FALHA DE MAGAZINE,TRAIN
1571,"RETIRANDO OS PALETE EM MANUL , MAGAZINE DE PALETE QUEBRADO ,GERANDO FALHA NA SAIDA DOS PALETE.",RETIRANDO OS PALETE EM MANUL MAGAZINE DE PALETE QUEBRADO GERANDO FALHA NA SAIDA DOS PALETE,FALHA DE MAGAZINE,FALHA DE MAGAZINE,TRAIN
1572,"RETIRANDO OS PALETE EM MANUL , MAGAZINE DE PALETE QUEBRADO ,GERANDO FALHA NA SAIDA DOS PALETE.",RETIRANDO OS PALETE EM MANUL MAGAZINE DE PALETE QUEBRADO GERANDO FALHA NA SAIDA DOS PALETE,FALHA DE MAGAZINE,FALHA DE MAGAZINE,TRAIN
1573,"RETIRANDO OS PALETE EM MANUL , MAGAZINE DE PALETE QUEBRADO ,GERANDO FALHA NA SAIDA DOS PALETE.",RETIRANDO OS PALETE EM MANUL MAGAZINE DE PALETE QUEBRADO GERANDO FALHA NA SAIDA DOS PALETE,FALHA DE MAGAZINE,FALHA DE MAGAZINE,TRAIN
1574,"RETIRANDO OS PALETE EM MANUL , MAGAZINE DE PALETE QUEBRADO ,GERANDO FALHA NA SAIDA DOS PALETE.",RETIRANDO OS PALETE EM MANUL MAGAZINE DE PALETE QUEBRADO GERANDO FALHA NA SAIDA DOS PALETE,FALHA DE MAGAZINE,FALHA DE MAGAZINE,TRAIN
1575,"RETIRANDO OS PALETE EM MANUL , MAGAZINE DE PALETE QUEBRADO ,GERANDO FALHA NA SAIDA DOS PALETE.",RETIRANDO OS PALETE EM MANUL MAGAZINE DE PALETE QUEBRADO GERANDO FALHA NA SAIDA DOS PALETE,FALHA DE MAGAZINE,FALHA DE MAGAZINE,TRAIN
1576,"RETIRANDO OS PALETE EM MANUL , MAGAZINE DE PALETE QUEBRADO ,GERANDO FALHA NA SAIDA DOS PALETE.",RETIRANDO OS PALETE EM MANUL MAGAZINE DE PALETE QUEBRADO GERANDO FALHA NA SAIDA DOS PALETE,FALHA DE MAGAZINE,FALHA DE MAGAZINE,TRAIN
1577,TRANSPORTE DESARMADO,TRANSPORTE DESARMADO,DESARME DE TRANSPORTE,DESARME DE TRANSPORTE,TRAIN
1578,FALHA DE VACUO PACOTES FICANDO PARA TRAS NA MESA DE CARGA (30008430335),FALHA DE VACUO PACOTES FICANDO PARA TRAS NA MESA DE CARGA 30008430335,FALHA NA MESA DE CARGA,FALHA NA MESA DE CARGA,TRAIN
1579,FALHA NO TRANSPORTE DE PACOTES (30008430334),FALHA NO TRANSPORTE DE PACOTES 30008430334,FALHA DE INVERSOR,FALHA DE INVERSOR,TRAIN
1580,ELEVADOR DE PALETES QUEBRADO RETIRADA DO PALETE DE CARTÃO MANUAL(30008425473),ELEVADOR DE PALETES QUEBRADO RETIRADA DO PALETE DE CARTAO MANUAL 30008425473,FALHA NO MANUSEIO DE CARTÃO,FALHA NO MANUSEIO DE CARTAO,TEST
1581,"RETIRANDO OS PALETE EM MANUL , MAGAZINE DE PALETE QUEBRADO ,GERANDO FALHA NA SAIDA DOS PALETE.",RETIRANDO OS PALETE EM MANUL MAGAZINE DE PALETE QUEBRADO GERANDO FALHA NA SAIDA DOS PALETE,FALHA DE MAGAZINE,FALHA DE MAGAZINE,TRAIN
1582,FALHA DE ENCHIMENTO DA VALVULA,FALHA DE ENCHIMENTO DA VALVULA,FALHA DE VÁLVULA DE ENCHIMENTO,FALHA DE VALVULA DE ENCHIMENTO,TRAIN
1583,FALHA DE ENCHIMENTO DA VALVULA 112,FALHA DE ENCHIMENTO DA VALVULA 112,FALHA DE VÁLVULA DE ENCHIMENTO,FALHA DE VALVULA DE ENCHIMENTO,TRAIN
1584,"FALHA NA VALVULA MODULADORA DE XAROPE,E FALHA DEAUXILIARES DESLIGADO,REALIZADO DESLIGAMENTO DA GERAL/ ORDEM ;30008430221",FALHA NA VALVULA MODULADORA DE XAROPE E FALHA DEAUXILIARES DESLIGADO REALIZADO DESLIGAMENTO DA GERAL ORDEM 30008430221,FALHA DE VÁLVULA MODULADORA,FALHA DE VALVULA MODULADORA,TRAIN
1585,CORRENTE DE ARRASTE FORA DE SINCRONISMO,CORRENTE DE ARRASTE FORA DE SINCRONISMO,FALHA DE SINCRONISMO,FALHA DE SINCRONISMO,TRAIN
1586,"TRANSPORTE DA ENCA DESARMANDO 3 VEZES, FALHA NA FORMAÇÃO DAS CAMADAS PALETIZADORA",TRANSPORTE DA ENCA DESARMANDO 3 VEZES FALHA NA FORMACAO DAS CAMADAS PALETIZADORA,DESARME DE TRANSPORTE,DESARME DE TRANSPORTE,TRAIN
1587,"PALETIZADORA,ESTEIRA SOLTA",PALETIZADORA ESTEIRA SOLTA,FALHA DE ESTEIRA,FALHA DE ESTEIRA,TEST
1588,"PARADA PARA A TROCA DA BOBINA,GERANDO FALHA NO SENSOR DA PORTA",PARADA PARA A TROCA DA BOBINA GERANDO FALHA NO SENSOR DA PORTA,FALHA DE SENSOR,FALHA DE SENSOR,TRAIN
1589,"PARADA PARA A TROCA DA BOBINA,GERANDO FALHA NO SENSOR DA PORTA",PARADA PARA A TROCA DA BOBINA GERANDO FALHA NO SENSOR DA PORTA,FALHA DE SENSOR,FALHA DE SENSOR,TRAIN
1590,FALHA NO INVERSOR DO MOTOR DO TRANSPORTE 630M2,FALHA NO INVERSOR DO MOTOR DO TRANSPORTE 630M2,FALHA DE INVERSOR,FALHA DE INVERSOR,TRAIN
1591,"PARADA PARA A TROCA DA BOBINA,GERANDO FALHA NO SENSOR DA PORTA",PARADA PARA A TROCA DA BOBINA GERANDO FALHA NO SENSOR DA PORTA,FALHA DE SENSOR,FALHA DE SENSOR,TRAIN
1592,FALHA INVERSOR TRANSPORTEDE PALETE 630M2,FALHA INVERSOR TRANSPORTEDE PALETE 630M2,FALHA DE INVERSOR,FALHA DE INVERSOR,TRAIN
1593,"FALHA COMUNICAÇÃO ENOS EBS, GERANDO ALTO FALSO REJEITO",FALHA COMUNICACAO ENOS EBS GERANDO ALTO FALSO REJEITO,FALHA DE REJEIÇÃO,FALHA DE REJEICAO,TEST
1594,"FALHA COMUNICAÇÃO ENOS EBS, GERANDO ALTO FALSO REJEITO",FALHA COMUNICACAO ENOS EBS GERANDO ALTO FALSO REJEITO,FALHA DE REJEIÇÃO,FALHA DE REJEICAO,TEST
1595,ENOS TRAVAMENTO DE SEGMENTO,ENOS TRAVAMENTO DE SEGMENTO,TRAVAMENTO DE SEGMENTOS,TRAVAMENTO DE SEGMENTOS,TRAIN
1596,"ROTULADORA,FALHA NO SENSOR DA PORTA",ROTULADORA FALHA NO SENSOR DA PORTA,FALHA DE SENSOR,FALHA DE SENSOR,TRAIN
1597,FALHA NO SENSOR DE SAIDA DA LAVADORA,FALHA NO SENSOR DE SAIDA DA LAVADORA,FALHA DE SENSOR,FALHA DE SENSOR,TRAIN
1598,"INSPETOT DE NIVEL,EXCESSO DE FALÇO REJEITO",INSPETOT DE NIVEL EXCESSO DE FALCO REJEITO,FALHA DE REJEIÇÃO,FALHA DE REJEICAO,TRAIN
1599,FALHA NO SENSOR DE SAIDA DA LAVADORA,FALHA NO SENSOR DE SAIDA DA LAVADORA,FALHA DE SENSOR,FALHA DE SENSOR,TRAIN
1600,FALHA NO INVERSOR DO MOTOR DE TRANSPORTE,FALHA NO INVERSOR DO MOTOR DE TRANSPORTE,FALHA DE INVERSOR,FALHA DE INVERSOR,TRAIN
1601,ROMPIMENTO DE CORREIA,ROMPIMENTO DE CORREIA,QUEBRA DE CORREIA,QUEBRA DE CORREIA,TRAIN
1602,QUEBRA DE CORREIA,QUEBRA DE CORREIA,QUEBRA DE CORREIA,QUEBRA DE CORREIA,TRAIN
1603,SENSOR DA PORTA DO PALETE,SENSOR DA PORTA DO PALETE,FALHA DE SENSOR,FALHA DE SENSOR,TEST
1604,ROLETE NO DEVISER DE CAIXAS NA ENTRADA DA PALETIZADORA DANIFICADO,ROLETE NO DEVISER DE CAIXAS NA ENTRADA DA PALETIZADORA DANIFICADO,FALHA DE ROLETES,FALHA DE ROLETES,TRAIN
1605,TROCA DO BLOCO DA VALVULA 4 ESTAVA COM VAZAMENTO DE BEBIDA,TROCA DO BLOCO DA VALVULA 4 ESTAVA COM VAZAMENTO DE BEBIDA,VAZAMENTO EM VÁLVULA,VAZAMENTO EM VALVULA,TRAIN
1606,QUEDA DE TEMPERATURA,QUEDA DE TEMPERATURA,FALHA DE CONTROLE DE TEMPERATURA,FALHA DE CONTROLE DE TEMPERATURA,TEST
1607,QUEDA DE TEMPERTURA,QUEDA DE TEMPERTURA,FALHA DE CONTROLE DE TEMPERATURA,FALHA DE CONTROLE DE TEMPERATURA,TRAIN
1608,SAINDO PACOTE ABERTO,SAINDO PACOTE ABERTO,FALHA DE ENVOLVIMENTO,FALHA DE ENVOLVIMENTO,TRAIN
1609,FALHA NO ANALISADOR COBRIX,FALHA NO ANALISADOR COBRIX,FALHA DE ANALISADOR,FALHA DE ANALISADOR,TRAIN
1610,"BEBIDA COM CO2 ALTERADO, NECESSARIO REALIZAR O DESCARTE DA BEBIDA E DOSAGEM NOVAMENTE T2 PARA T3",BEBIDA COM CO2 ALTERADO NECESSARIO REALIZAR O DESCARTE DA BEBIDA E DOSAGEM NOVAMENTE T2 PARA T3,FALHA DE DOSAGEM,FALHA DE DOSAGEM,TEST
1611,SENSOR DE ENCHIMENTO DAS GARRAFAS COM FAHA,SENSOR DE ENCHIMENTO DAS GARRAFAS COM FAHA,FALHA DE SENSOR,FALHA DE SENSOR,TRAIN
1612,FALHA NO EMPURRADOR DE CAMADAS NA GAIOLA,FALHA NO EMPURRADOR DE CAMADAS NA GAIOLA,FALHA DE EMPURRADOR,FALHA DE EMPURRADOR,TEST
1613,VALVULA 21 FALHA NO ENCHIMENTO,VALVULA 21 FALHA NO ENCHIMENTO,FALHA DE VÁLVULA DE ENCHIMENTO,FALHA DE VALVULA DE ENCHIMENTO,TRAIN
1614,TROCA DA VENTOSA DO ULTIMO CHAPATEX,TROCA DA VENTOSA DO ULTIMO CHAPATEX,FALHA DE VENTOSA,FALHA DE VENTOSA,TEST
1615,SENSOR DE APROXIMAÇÃO DA GAIOLA NO PALEET SAINDO DE POSIÇÃO,SENSOR DE APROXIMACAO DA GAIOLA NO PALEET SAINDO DE POSICAO,FALHA DE SENSOR,FALHA DE SENSOR,TRAIN
1616,GUIA DA PARTE INFERIOR DA LAMINA DE CORTE DO FILME SOLTO ORDEM: 30008436456,GUIA DA PARTE INFERIOR DA LAMINA DE CORTE DO FILME SOLTO ORDEM 30008436456,FALHA DE CORTE DE FILME,FALHA DE CORTE DE FILME,TEST
1617,PINÇA DA VALVULA N°05 DANIFICADA (NOTA: 30008436466 ),PINCA DA VALVULA N 05 DANIFICADA NOTA 30008436466,FALHA DE PINÇA,FALHA DE PINCA,TRAIN
1618,ESCAPANDO CORREIA TRANSPORTADORA TRANSPORTE SAIDA DA ENCAIXOTADORA.,ESCAPANDO CORREIA TRANSPORTADORA TRANSPORTE SAIDA DA ENCAIXOTADORA,ESCAPE DE CORREIA,ESCAPE DE CORREIA,TRAIN
1619,GARRAFA SEM TAMPA TRAVOU NO PINO DE SEPARAÇÃO,GARRAFA SEM TAMPA TRAVOU NO PINO DE SEPARACAO,PINO DE SEPARAÇÃO TRAVADO,PINO DE SEPARACAO TRAVADO,TEST
1620,GUIAS DO COMPACTADOR SEM PARAFUSO,GUIAS DO COMPACTADOR SEM PARAFUSO,FALHA DE COMPACTAÇÃO DE CAMADA,FALHA DE COMPACTACAO DE CAMADA,TRAIN
1621,ESTRUTURA DA BASE DO MAGAZINE DE PALLET DANIFICADA - ORDEM - 300084330223,ESTRUTURA DA BASE DO MAGAZINE DE PALLET DANIFICADA ORDEM 300084330223,FALHA DE MAGAZINE,FALHA DE MAGAZINE,TRAIN
1622,FALHA DE CLP NO SITEMA DE SEGURANÇA DA SCHMERSAL,FALHA DE CLP NO SITEMA DE SEGURANCA DA SCHMERSAL,FALHA DE PLC,FALHA DE PLC,TEST
1623,FALHA NO CLP NO SISTEMA DE SEGURANÇA DA SCHMERSAL,FALHA NO CLP NO SISTEMA DE SEGURANCA DA SCHMERSAL,FALHA DE PLC,FALHA DE PLC,TEST
1624,FALHA NO INVERSOR DO MOTOR 307M DO TRANSPORTE DE PACOTE,FALHA NO INVERSOR DO MOTOR 307M DO TRANSPORTE DE PACOTE,FALHA DE INVERSOR,FALHA DE INVERSOR,TRAIN
1625,TRAVAMENTO DO CENTRADOR DE FOLHA SEPARADORA NA TROCA DO MESMO,TRAVAMENTO DO CENTRADOR DE FOLHA SEPARADORA NA TROCA DO MESMO,TRAVAMENTO DE CENTRADOR,TRAVAMENTO DE CENTRADOR,TRAIN
1626,FALHA NO INVERSOR DO MOTOR 307M DO TRANSPORTE DE PACOTES,FALHA NO INVERSOR DO MOTOR 307M DO TRANSPORTE DE PACOTES,FALHA DE INVERSOR,FALHA DE INVERSOR,TRAIN
1627,PERCA DE SINCRONISMOS DO SISTEMA DE ENVOLVIMENTO,PERCA DE SINCRONISMOS DO SISTEMA DE ENVOLVIMENTO,FALHA DE SINCRONISMO,FALHA DE SINCRONISMO,TRAIN
1628,"EQUIPAMENTO QUEBRADO. RETIRANDO PALETES VAZIO DE FORMA MANUAL, ATRASO NA RETIRADO DO PALETE",EQUIPAMENTO QUEBRADO RETIRANDO PALETES VAZIO DE FORMA MANUAL ATRASO NA RETIRADO DO PALETE,QUEBRA DE COMPONENTE,QUEBRA DE COMPONENTE,TRAIN
1629,FALHA DE COMUNICAÇÃO DE PRESSCO COM TRANSPORTES DE LATA VAZIAS,FALHA DE COMUNICACAO DE PRESSCO COM TRANSPORTES DE LATA VAZIAS,FALHA DE COMUNICAÇÃO,FALHA DE COMUNICACAO,TRAIN
1630,EQUIPAMENTO COM TREPIDAÇÃO NO MOVIMENTO DE SUBIDA,EQUIPAMENTO COM TREPIDACAO NO MOVIMENTO DE SUBIDA,TREPIDAÇÃO DE LATAS,TREPIDACAO DE LATAS,TRAIN
1631,"EQUIPAMENTO QUEBRADO. RETIRANDO PALETES VAZIO DE FORMA MANUAL, SAINDA DO MAGAZINE DE CATAO DE CAMADAS",EQUIPAMENTO QUEBRADO RETIRANDO PALETES VAZIO DE FORMA MANUAL SAINDA DO MAGAZINE DE CATAO DE CAMADAS,FALHA DE MAGAZINE,FALHA DE MAGAZINE,TRAIN
1632,EQUIPAMENTO COMPACTADOR DE CATAO COM TREPIDAÇÃO NO MOVIMENTO DE SUBIDA,EQUIPAMENTO COMPACTADOR DE CATAO COM TREPIDACAO NO MOVIMENTO DE SUBIDA,FALHA DE COMPACTAÇÃO DE CAMADA,FALHA DE COMPACTACAO DE CAMADA,TRAIN
1633,EQUIPAMENTO QUEBRADO. RETIRANDO PALETES VAZIO DE FORMA MANUAL,EQUIPAMENTO QUEBRADO RETIRANDO PALETES VAZIO DE FORMA MANUAL,QUEBRA DE COMPONENTE,QUEBRA DE COMPONENTE,TRAIN
1634,FALHA DO INVERSOR Nº404 ORDEM (30008436439),FALHA DO INVERSOR N 404 ORDEM 30008436439,FALHA DE INVERSOR,FALHA DE INVERSOR,TRAIN
1635,"MAGAZINE DE PALETE QUEBRADO ,TIRANDO OS PALETE EM MANUAL, GERANDO FALHA NO ELEVADOR..ORDEM (30008425473)",MAGAZINE DE PALETE QUEBRADO TIRANDO OS PALETE EM MANUAL GERANDO FALHA NO ELEVADOR ORDEM 30008425473,FALHA DE MAGAZINE,FALHA DE MAGAZINE,TRAIN
1636,SUPORTE DO SENSOR DA BANDEIROLA SOLTO,SUPORTE DO SENSOR DA BANDEIROLA SOLTO,FALHA DE SENSOR,FALHA DE SENSOR,TRAIN
1637,QUEBROU A CORRENTE DO ROLETE DE SAIDA DE PALETES ORDEM: 30008434816,QUEBROU A CORRENTE DO ROLETE DE SAIDA DE PALETES ORDEM 30008434816,QUEBRA DE CORRENTE,QUEBRA DE CORRENTE,TRAIN
1638,DESARMOU MOTOR TAG-332 DA ESTEIRA DA CURVA,DESARMOU MOTOR TAG 332 DA ESTEIRA DA CURVA,DESARME DE MOTOR,DESARME DE MOTOR,TRAIN
1639,"ELÉTRICA ATUANDO NO ASEBI,OBS.GARRAFA MENOS AÇUCAR.ORDEM...30008436003",ELETRICA ATUANDO NO ASEBI OBS GARRAFA MENOS ACUCAR ORDEM 30008436003,FALHA DE INSPEÇÃO,FALHA DE INSPECAO,TRAIN
1640,FALHA ELETRICA NO TRASPORTE DE CAIXAS NA ENTRADA DA ENCAIXOTADORA 30008439289,FALHA ELETRICA NO TRASPORTE DE CAIXAS NA ENTRADA DA ENCAIXOTADORA 30008439289,FALHA ELÉTRICA DO TRANSPORTE,FALHA ELETRICA DO TRANSPORTE,TRAIN
1641,FALHA NO SERVO NOTA 30008437720,FALHA NO SERVO NOTA 30008437720,FALHA DE SERVO MOTOR,FALHA DE SERVO MOTOR,TRAIN
1642,TEMPERATURA ALTA NAO ESTAVA ABAIXANDO,TEMPERATURA ALTA NAO ESTAVA ABAIXANDO,FALHA DE CONTROLE DE TEMPERATURA,FALHA DE CONTROLE DE TEMPERATURA,TRAIN
1643,TEMPERATURA ALTA NAO ESTAVA ABAIXANDO,TEMPERATURA ALTA NAO ESTAVA ABAIXANDO,FALHA DE CONTROLE DE TEMPERATURA,FALHA DE CONTROLE DE TEMPERATURA,TRAIN
1644,REAPERTO DOS PARAFUSOS DE FIXACAO DOS GUIA DE COMPACTACAO ( ORDEM 30008439312),REAPERTO DOS PARAFUSOS DE FIXACAO DOS GUIA DE COMPACTACAO ORDEM 30008439312,FALHA DE FIXAÇÃO,FALHA DE FIXACAO,TRAIN
1645,"GUIA TORTO, CAINDO GARRAFA ENTRADA DA LAVADORA.ORDEM 30008437731",GUIA TORTO CAINDO GARRAFA ENTRADA DA LAVADORA ORDEM 30008437731,DEFORMAÇÃO/DESALINHAMENTO DE GUIA,DEFORMACAO DESALINHAMENTO DE GUIA,TRAIN
1646,CORRENTE DE ARRASTE COM FOLGA CAUSANDO QUEDA DE GARRAFA,CORRENTE DE ARRASTE COM FOLGA CAUSANDO QUEDA DE GARRAFA,FALHA DE CORRENTE,FALHA DE CORRENTE,TRAIN
1647,CENTRADOR FICANDO FORA DE POSIÇÃO NA TROCA DE MAGAZINE,CENTRADOR FICANDO FORA DE POSICAO NA TROCA DE MAGAZINE,FALHA DE MAGAZINE,FALHA DE MAGAZINE,TEST
1648,"MAGAZINE DE PALETE QUEBRADO ,TIRANDO OS PALETE EM MANUAL, GERANDO FALHA NO ELEVADOR..ORDEM (30008425473)",MAGAZINE DE PALETE QUEBRADO TIRANDO OS PALETE EM MANUAL GERANDO FALHA NO ELEVADOR ORDEM 30008425473,FALHA DE MAGAZINE,FALHA DE MAGAZINE,TRAIN
1649,RETIRADA DO PALETE MANUALMENTE GERANDO ESPÇOS NO TRANSPORTE DE LATAS,RETIRADA DO PALETE MANUALMENTE GERANDO ESPCOS NO TRANSPORTE DE LATAS,FALHA NO FLUXO DE PALETES,FALHA NO FLUXO DE PALETES,TRAIN
1650,"MAGAZINE DE PALETE QUEBRADO ,TIRANDO OS PALETE EM MANUAL, GERANDO FALHA NO ELEVADOR..ORDEM (30008425473)",MAGAZINE DE PALETE QUEBRADO TIRANDO OS PALETE EM MANUAL GERANDO FALHA NO ELEVADOR ORDEM 30008425473,FALHA DE MAGAZINE,FALHA DE MAGAZINE,TRAIN
1651,"MAGAZINE DE PALETE QUEBRADO ,TIRANDO OS PALETE EM MANUAL, GERANDO FALHA NO ELEVADOR..ORDEM (30008425473)",MAGAZINE DE PALETE QUEBRADO TIRANDO OS PALETE EM MANUAL GERANDO FALHA NO ELEVADOR ORDEM 30008425473,FALHA DE MAGAZINE,FALHA DE MAGAZINE,TRAIN
1652,"MAGAZINE DE PALETE QUEBRADO ,TIRANDO OS PALETE EM MANUAL, GERANDO FALHA NO ELEVADOR..ORDEM (30008425473)",MAGAZINE DE PALETE QUEBRADO TIRANDO OS PALETE EM MANUAL GERANDO FALHA NO ELEVADOR ORDEM 30008425473,FALHA DE MAGAZINE,FALHA DE MAGAZINE,TRAIN
1653,"MAGAZINE DE PALETE QUEBRADO ,TIRANDO OS PALETE EM MANUAL, GERANDO FALHA NO ELEVADOR..ORDEM (30008425473)",MAGAZINE DE PALETE QUEBRADO TIRANDO OS PALETE EM MANUAL GERANDO FALHA NO ELEVADOR ORDEM 30008425473,FALHA DE MAGAZINE,FALHA DE MAGAZINE,TRAIN
1654,"MAGAZINE DE PALETE QUEBRADO ,TIRANDO OS PALETE EM MANUAL, GERANDO FALHA NO ELEVADOR..ORDEM (30008425473)",MAGAZINE DE PALETE QUEBRADO TIRANDO OS PALETE EM MANUAL GERANDO FALHA NO ELEVADOR ORDEM 30008425473,FALHA DE MAGAZINE,FALHA DE MAGAZINE,TRAIN
1655,"CENTRADOR DE FOLHA SEPARADORA ,PERDENDO A REFERENCIA",CENTRADOR DE FOLHA SEPARADORA PERDENDO A REFERENCIA,PERDA DE REFERÊNCIA DO CENTRADOR,PERDA DE REFERENCIA DO CENTRADOR,TRAIN
1656,SENSOR DA PORTA DE SEGURANÇA COM FALHA AO FECHAR A PORTA (30008439310),SENSOR DA PORTA DE SEGURANCA COM FALHA AO FECHAR A PORTA 30008439310,FALHA DE SENSOR,FALHA DE SENSOR,TRAIN
1657,RETIRADO DO APLETE DE CARTÃO MANUAL GERANDO FALHA NA ENTRADA DO PALETE NOVO NO ELEVADOR (30008425473),RETIRADO DO APLETE DE CARTAO MANUAL GERANDO FALHA NA ENTRADA DO PALETE NOVO NO ELEVADOR 30008425473,FALHA DE ELEVADOR,FALHA DE ELEVADOR,TEST
1658,RETIRADO DO APLETE DE CARTÃO MANUAL GERANDO FALHA NA ENTRADA DO PALETE NOVO NO ELEVADOR (30008425473),RETIRADO DO APLETE DE CARTAO MANUAL GERANDO FALHA NA ENTRADA DO PALETE NOVO NO ELEVADOR 30008425473,FALHA DE ELEVADOR,FALHA DE ELEVADOR,TEST
1659,RETIRADA DO PALETE MANUALMENTE GERANDO ESPÇOS NO TRANSPORTE DE LATAS,RETIRADA DO PALETE MANUALMENTE GERANDO ESPCOS NO TRANSPORTE DE LATAS,FALHA NO FLUXO DE PALETES,FALHA NO FLUXO DE PALETES,TRAIN
1660,"FALHA NA PEGA DE CARTÃO AUTOMATICO, PEGANDO DOIS AO MESMO TEMPO",FALHA NA PEGA DE CARTAO AUTOMATICO PEGANDO DOIS AO MESMO TEMPO,FALHA NO MANUSEIO DE CARTÃO,FALHA NO MANUSEIO DE CARTAO,TRAIN
1661,AJUSTE DO REJEITO DO INSPETOR REJEITANDO LATAS BOAS (30008439278),AJUSTE DO REJEITO DO INSPETOR REJEITANDO LATAS BOAS 30008439278,FALHA DE INSPEÇÃO,FALHA DE INSPECAO,TRAIN
1662,"FALHA AUTOCALIBRAÇÃO, DEVIDO O CANAL 2 (OZONIO) ESTAVA BAIXO",FALHA AUTOCALIBRACAO DEVIDO O CANAL 2 OZONIO ESTAVA BAIXO,FALHA DE CONTROLE DE PROCESSO,FALHA DE CONTROLE DE PROCESSO,TRAIN
1663,"FALHA TRANSPORTE NA SAIDA DA ENCAIXATADORA, ESTEIRA TREPIDANDO",FALHA TRANSPORTE NA SAIDA DA ENCAIXATADORA ESTEIRA TREPIDANDO,TREPIDAÇÃO DE ESTEIRA,TREPIDACAO DE ESTEIRA,TRAIN
1664,"TRAVAMENTO DA ESTEIRA NOS GUIAS,ENGRENAGEM DANIFICADA,TROCA DO PERFIL DO NYLON 30008438888",TRAVAMENTO DA ESTEIRA NOS GUIAS ENGRENAGEM DANIFICADA TROCA DO PERFIL DO NYLON 30008438888,TRAVAMENTO DE ENGRENAGEM,TRAVAMENTO DE ENGRENAGEM,TRAIN
1665,"TRAVAMENTO DA ESTEIRA NOS GUIAS,ENGRENAGEM DANIFICADA,TROCA DO PERFIL DO NYLON",TRAVAMENTO DA ESTEIRA NOS GUIAS ENGRENAGEM DANIFICADA TROCA DO PERFIL DO NYLON,TRAVAMENTO DE ENGRENAGEM,TRAVAMENTO DE ENGRENAGEM,TRAIN
1666,"TRAVAMENTO DA ESTEIRA NOS GUIAS,ENGRENAGEM DANIFICADA,TROCA DO PERFIL DO NYLON",TRAVAMENTO DA ESTEIRA NOS GUIAS ENGRENAGEM DANIFICADA TROCA DO PERFIL DO NYLON,TRAVAMENTO DE ENGRENAGEM,TRAVAMENTO DE ENGRENAGEM,TRAIN
1667,"TRAVAMENTO DA ESTEIRA NOS GUIAS,ENGRENAGEM DANIFICADA,TROCA DO PERFIL DO NYLON",TRAVAMENTO DA ESTEIRA NOS GUIAS ENGRENAGEM DANIFICADA TROCA DO PERFIL DO NYLON,TRAVAMENTO DE ENGRENAGEM,TRAVAMENTO DE ENGRENAGEM,TRAIN
1668,"TRAVAMENTO DA ESTEIRA NOS GUIAS,ENGRENAGEM DANIFICADA,TROCA DO PERFIL DO NYLON",TRAVAMENTO DA ESTEIRA NOS GUIAS ENGRENAGEM DANIFICADA TROCA DO PERFIL DO NYLON,TRAVAMENTO DE ENGRENAGEM,TRAVAMENTO DE ENGRENAGEM,TRAIN
1669,"TRAVAMENTO DA ESTEIRA NOS GUIAS,ENGRENAGEM DANIFICADA,TROCA DO PERFIL DO NYLON",TRAVAMENTO DA ESTEIRA NOS GUIAS ENGRENAGEM DANIFICADA TROCA DO PERFIL DO NYLON,TRAVAMENTO DE ENGRENAGEM,TRAVAMENTO DE ENGRENAGEM,TRAIN
1670,"TRAVAMENTO DA ESTEIRA NOS GUIAS,ENGRENAGEM DANIFICADA,TROCA DO PERFIL DO NYLON",TRAVAMENTO DA ESTEIRA NOS GUIAS ENGRENAGEM DANIFICADA TROCA DO PERFIL DO NYLON,TRAVAMENTO DE ENGRENAGEM,TRAVAMENTO DE ENGRENAGEM,TRAIN
1671,FALHA NO SENSOR DO INSPETOR DE SAIDA ORDEM 30008439290,FALHA NO SENSOR DO INSPETOR DE SAIDA ORDEM 30008439290,FALHA DE SENSOR,FALHA DE SENSOR,TEST
1672,DATADORA EM FALHA DESLIGANDO O TRASPORTE ORDEM 30008439290,DATADORA EM FALHA DESLIGANDO O TRASPORTE ORDEM 30008439290,FALHA DE CODIFICAÇÃO,FALHA DE CODIFICACAO,TRAIN
1673,FALHA NA FORMAÇÃO DE CAMADAS,FALHA NA FORMACAO DE CAMADAS,FALHA DE FORMAÇÃO DE CAMADA,FALHA DE FORMACAO DE CAMADA,TRAIN
1674,PACOTES ABRINDO NO TRANSPORTE,PACOTES ABRINDO NO TRANSPORTE,FALHA DE ENVOLVIMENTO,FALHA DE ENVOLVIMENTO,TEST
1675,FILME DOBRANDO NA RAMPA DE SUBIDA GERANDO ABERTURA DE PACOTES.,FILME DOBRANDO NA RAMPA DE SUBIDA GERANDO ABERTURA DE PACOTES,FALHA DE TRAÇÃO/GUIAMENTO DE FILME,FALHA DE TRACAO GUIAMENTO DE FILME,TEST
1676,FILME DOBRANDO NA RAMPA DE SUBIDA GERANDO ABERTURA DE PACOTES.,FILME DOBRANDO NA RAMPA DE SUBIDA GERANDO ABERTURA DE PACOTES,FALHA DE TRAÇÃO/GUIAMENTO DE FILME,FALHA DE TRACAO GUIAMENTO DE FILME,TEST
1677,"VALVULA 44 PEGANDO A GARRAFA TORTA, GERANDO FALHA NO ENCHIMENTO.",VALVULA 44 PEGANDO A GARRAFA TORTA GERANDO FALHA NO ENCHIMENTO,FALHA DE ENCHIMENTO,FALHA DE ENCHIMENTO,TRAIN
1678,ESTEIRA NO TRANSPORTE NA ENTRADA DA ENCAIXOTADORA ESCAPOU,ESTEIRA NO TRANSPORTE NA ENTRADA DA ENCAIXOTADORA ESCAPOU,ESCAPE DE ESTEIRA,ESCAPE DE ESTEIRA,TRAIN
1679,ESTEIRA NA CURVA DO TRANSPORTE DA PALETIZADORA ESCAPOU,ESTEIRA NA CURVA DO TRANSPORTE DA PALETIZADORA ESCAPOU,ESCAPE DE ESTEIRA,ESCAPE DE ESTEIRA,TRAIN
1680,NAO JOGANDO GARRAFAS DE FORMA CORRETA,NAO JOGANDO GARRAFAS DE FORMA CORRETA,FALHA DE REJEIÇÃO,FALHA DE REJEICAO,TRAIN
1681,PINO DE SEPARAÇÃO ESTÁ COM JOGO,PINO DE SEPARACAO ESTA COM JOGO,FALHA DE PINO,FALHA DE PINO,TRAIN
1682,SERSOR DA BOBINA DO FILME FORA DE FOCO,SERSOR DA BOBINA DO FILME FORA DE FOCO,FALHA DE ENVOLVIMENTO,FALHA DE ENVOLVIMENTO,TEST
1683,FALHA DE COMUNICAÇAO NO TRANSPORTE DE GARRAFA - OD 30008442083,FALHA DE COMUNICACAO NO TRANSPORTE DE GARRAFA OD 30008442083,FALHA DE COMUNICAÇÃO,FALHA DE COMUNICACAO,TRAIN
1684,FALHA NA TROCA DO PALLET DE FOLHA SEPARADORA EM MODO AUTOMATICO,FALHA NA TROCA DO PALLET DE FOLHA SEPARADORA EM MODO AUTOMATICO,FALHA NA TROCA DE PALETE DE FOLHA SEPARADORA,FALHA NA TROCA DE PALETE DE FOLHA SEPARADORA,TRAIN
1685,"MANGUEIRA DE AGUA LIGADA PARA EVITAR ENROSCO DO PATINS DO DEVEICER,MOLHANDO A LONA DOSADOR DO TRANSPORTE DE ENTRADA",MANGUEIRA DE AGUA LIGADA PARA EVITAR ENROSCO DO PATINS DO DEVEICER MOLHANDO A LONA DOSADOR DO TRANSPORTE DE ENTRADA,PATINAGEM DE ESTEIRA,PATINAGEM DE ESTEIRA,TRAIN
1686,"ENROSCO DO PATINS DO DEVEICER,CAUSANDO ERRO NA FORMAÇÃO DA CAMADA - ORDEM -30008441350",ENROSCO DO PATINS DO DEVEICER CAUSANDO ERRO NA FORMACAO DA CAMADA ORDEM 30008441350,FALHA DE PATINS,FALHA DE PATINS,TRAIN
1687,"ENROSCO DO PATINS DO DEVEICER,CAUSANDO ERRO NA FORMAÇÃO DA CAMADA - ORDEM -30008441350",ENROSCO DO PATINS DO DEVEICER CAUSANDO ERRO NA FORMACAO DA CAMADA ORDEM 30008441350,FALHA DE PATINS,FALHA DE PATINS,TRAIN
1688,INVERSOR DO MOTOR DO TRANSPORTE DE PACOTE COM VELOCIDADE ALTERADA (TAG 200),INVERSOR DO MOTOR DO TRANSPORTE DE PACOTE COM VELOCIDADE ALTERADA TAG 200,FALHA DE INVERSOR,FALHA DE INVERSOR,TRAIN
1689,"RETIRANDO O PALETE DE CARTÃO MANUALMENTE, GERANDO FALHA NA ENTRADA DO PALETE NOVO NO ELEVADOR,PERDA DA REFERENCIA DE ALTURA E AMASSANDO LATA",RETIRANDO O PALETE DE CARTAO MANUALMENTE GERANDO FALHA NA ENTRADA DO PALETE NOVO NO ELEVADOR PERDA DA REFERENCIA DE ALTURA E AMASSANDO LATA,FALHA DE ELEVADOR,FALHA DE ELEVADOR,TRAIN
1690,"RETIRANDO O PALETE DE CARTÃO MANUALMENTE, GERANDO FALHA NA ENTRADA DO PALETE NOVO NO ELEVADOR,PERDA DA REFERENCIA DE ALTURA E AMASSANDO LATAS",RETIRANDO O PALETE DE CARTAO MANUALMENTE GERANDO FALHA NA ENTRADA DO PALETE NOVO NO ELEVADOR PERDA DA REFERENCIA DE ALTURA E AMASSANDO LATAS,FALHA DE ELEVADOR,FALHA DE ELEVADOR,TRAIN
1691,"ENROSCO DO PATINS DO DEVEICER,CAUSANDO ERRO NA FORMAÇÃO DA CAMADA - ORDEM -30008441350",ENROSCO DO PATINS DO DEVEICER CAUSANDO ERRO NA FORMACAO DA CAMADA ORDEM 30008441350,FALHA DE PATINS,FALHA DE PATINS,TRAIN
1692,TROCA DO PALLET DE FOLHA SEPARADORA EM MODO MANUAL - ORDEM -30008441358,TROCA DO PALLET DE FOLHA SEPARADORA EM MODO MANUAL ORDEM 30008441358,FALHA NA TROCA DE PALETE DE FOLHA SEPARADORA,FALHA NA TROCA DE PALETE DE FOLHA SEPARADORA,TRAIN
1693,QUEIMA DA PLACA DE REDE DO INVERSOR ORDEM: 30008441681,QUEIMA DA PLACA DE REDE DO INVERSOR ORDEM 30008441681,FALHA DE INVERSOR,FALHA DE INVERSOR,TRAIN
1694,TENSIONAMENTO DA ESTEIRA DE ALIMENTAÇÃO DO DEVICER,TENSIONAMENTO DA ESTEIRA DE ALIMENTACAO DO DEVICER,FALHA DE TENSIONAMENTO DE ESTEIRA,FALHA DE TENSIONAMENTO DE ESTEIRA,TRAIN
1695,QUEBRA DO PARAFUSO DA CHAPA ORDEM:3008441733,QUEBRA DO PARAFUSO DA CHAPA ORDEM 3008441733,QUEBRA DE PARAFUSO,QUEBRA DE PARAFUSO,TRAIN
1696,QUEBRA DO PARAFUSO DA CHAPA ORDEM:30008441733,QUEBRA DO PARAFUSO DA CHAPA ORDEM 30008441733,QUEBRA DE PARAFUSO,QUEBRA DE PARAFUSO,TRAIN
1697,QUEBRA DO PARAFUSO DA CHAPA ORDEM:30008441733,QUEBRA DO PARAFUSO DA CHAPA ORDEM 30008441733,QUEBRA DE PARAFUSO,QUEBRA DE PARAFUSO,TRAIN
1698,QUEIMA DA PLACA DE REDE DO INVERSOR,QUEIMA DA PLACA DE REDE DO INVERSOR,FALHA DE INVERSOR,FALHA DE INVERSOR,TRAIN
1699,FALHA DE BARREIRA NA RETIRADA DO PALETE DE CARTÃO EM MODO MANUAL (30008425473),FALHA DE BARREIRA NA RETIRADA DO PALETE DE CARTAO EM MODO MANUAL 30008425473,FALHA NO MANUSEIO DE CARTÃO,FALHA NO MANUSEIO DE CARTAO,TRAIN
1700,DEVAISER TRIPIDANDO OCASIOANDO ENROSCO DE PACOTES FALHA NA FORMAÇÃO DE CAMADAS E ESTOURO DE LATAS ( ORDEM - 30008442119),DEVAISER TRIPIDANDO OCASIOANDO ENROSCO DE PACOTES FALHA NA FORMACAO DE CAMADAS E ESTOURO DE LATAS ORDEM 30008442119,ENROSCO DE LATAS,ENROSCO DE LATAS,TRAIN
1701,FALHA DE VACUO,FALHA DE VACUO,FALHA DE VÁCUO,FALHA DE VACUO,TEST
1702,FALHA NA FORMAÇÃO DE CAMADAS E FALHA DE VACUO,FALHA NA FORMACAO DE CAMADAS E FALHA DE VACUO,FALHA DE FORMAÇÃO DE CAMADA,FALHA DE FORMACAO DE CAMADA,TRAIN
1703,LONA DE DOSAGEM DE PACOTES ESTAVA MOLHADA OCASIONANDO PERDA DE CONTAGEM DE PACOTES,LONA DE DOSAGEM DE PACOTES ESTAVA MOLHADA OCASIONANDO PERDA DE CONTAGEM DE PACOTES,FALHA DE CONTAGEM,FALHA DE CONTAGEM,TEST
1704,FALHA NA FORMAÇÃO DE CAMADAS E FALHA DE VACUO,FALHA NA FORMACAO DE CAMADAS E FALHA DE VACUO,FALHA DE FORMAÇÃO DE CAMADA,FALHA DE FORMACAO DE CAMADA,TRAIN
1705,LONA DE DOSAGEM DE PACOTES ETAVA MOLHADA OCASIONANDO PERDA DE CONTAGEM NA ENTRADA DE PACOTES,LONA DE DOSAGEM DE PACOTES ETAVA MOLHADA OCASIONANDO PERDA DE CONTAGEM NA ENTRADA DE PACOTES,FALHA DE CONTAGEM,FALHA DE CONTAGEM,TRAIN
1706,FALHA NA FORMAÇÃO DE CAMADAS,FALHA NA FORMACAO DE CAMADAS,FALHA DE FORMAÇÃO DE CAMADA,FALHA DE FORMACAO DE CAMADA,TRAIN
1707,ENROSCO DE PACOTES NO DEVAISER ( ORDEM - 30008442119),ENROSCO DE PACOTES NO DEVAISER ORDEM 30008442119,ENROSCO DE PACOTES,ENROSCO DE PACOTES,TRAIN
1708,ESTEIRA DO TRANSPORTE DA CURVA DE SAIDA DESECAIXOTADORA SAIU FORA DE POSIÇÃO,ESTEIRA DO TRANSPORTE DA CURVA DE SAIDA DESECAIXOTADORA SAIU FORA DE POSICAO,ESCAPE DE ESTEIRA,ESCAPE DE ESTEIRA,TRAIN
1709,MANGUEIRA DE AR DO CABEÇOTE ESCAPOU,MANGUEIRA DE AR DO CABECOTE ESCAPOU,FALHA DE CONEXÃO DE MANGUEIRA,FALHA DE CONEXAO DE MANGUEIRA,TRAIN
1710,FALHA NO SENSOR DO TRANSPORTE E TROCA DO ESPELHO DO SENSOR 30008441728,FALHA NO SENSOR DO TRANSPORTE E TROCA DO ESPELHO DO SENSOR 30008441728,FALHA DE SENSOR,FALHA DE SENSOR,TRAIN
1711,FALHA NO MOTOR DO EXTRATOR DE ROTULO 30008441706,FALHA NO MOTOR DO EXTRATOR DE ROTULO 30008441706,Excesso de garrafa com rotulo,EXCESSO DE GARRAFA COM ROTULO,TRAIN
1712,ENTRANDO GARRAFA TORTA NA ENCHEDORA AJUSTE NOS GUIAS ORDEM 30008441636,ENTRANDO GARRAFA TORTA NA ENCHEDORA AJUSTE NOS GUIAS ORDEM 30008441636,SEM MODO DE FALHA IDENTIFICADO,SEM MODO DE FALHA IDENTIFICADO,TRAIN
1713,AJUSTE SENSOR PUMÃO ENTRADA DA ENCAIXOTADORA.,AJUSTE SENSOR PUMAO ENTRADA DA ENCAIXOTADORA,FALHA DE SENSOR,FALHA DE SENSOR,TRAIN
1714,ESCAPOU NAYLOM GUIA ENTRADA DA ENCAIXOTADORA.,ESCAPOU NAYLOM GUIA ENTRADA DA ENCAIXOTADORA,DESALINHAMENTO DE GUIA,DESALINHAMENTO DE GUIA,TRAIN
1715,"GUIAS DANIFICADO QUEDA DE GARRAFA,SAIDA DA DESENCAIXOTADORA.",GUIAS DANIFICADO QUEDA DE GARRAFA SAIDA DA DESENCAIXOTADORA,QUEDA DE GARRAFAS,QUEDA DE GARRAFAS,TRAIN
1716,ESTEIRA DA MESA QUE PEGA GARRAFAS DESARMOU.ORDEM..,ESTEIRA DA MESA QUE PEGA GARRAFAS DESARMOU ORDEM,DESARME DE ESTEIRA,DESARME DE ESTEIRA,TRAIN
1717,ESTEIRA DA MESA QUE PEGA GARRAFAS DESARMOU.ORDEM..30008445667,ESTEIRA DA MESA QUE PEGA GARRAFAS DESARMOU ORDEM 30008445667,DESARME DE ESTEIRA,DESARME DE ESTEIRA,TRAIN
1718,"MÁQUINA PERDEU A REFERÊNCIA DE ALTURA,FOI FEITO A MASTERIZAÇÃO E REFERENCIAMENTO DO CABEÇOTE.",MAQUINA PERDEU A REFERENCIA DE ALTURA FOI FEITO A MASTERIZACAO E REFERENCIAMENTO DO CABECOTE,PERDA DE REFERÊNCIA,PERDA DE REFERENCIA,TRAIN
1719,QUEDA DE GARRAFA NO SISTEMA DE REFRIGERACAO DE FUNDO,QUEDA DE GARRAFA NO SISTEMA DE REFRIGERACAO DE FUNDO,QUEDA DE GARRAFAS,QUEDA DE GARRAFAS,TRAIN
1720,FALHA NA PEGA/ENTREGA DE CARTÃO,FALHA NA PEGA ENTREGA DE CARTAO,FALHA NO MANUSEIO DE CARTÃO,FALHA NO MANUSEIO DE CARTAO,TRAIN
1721,"MAGAZINE DE PALLET VAZIO QUEBRADA, ESTA SENDO REALIZADO PROCESSO EM MANUAL TODA SAIDA DE PALLET",MAGAZINE DE PALLET VAZIO QUEBRADA ESTA SENDO REALIZADO PROCESSO EM MANUAL TODA SAIDA DE PALLET,FALHA DE MAGAZINE,FALHA DE MAGAZINE,TRAIN
1722,FALHA NA PEGA/ENTREGA DE CARTÃO,FALHA NA PEGA ENTREGA DE CARTAO,FALHA NO MANUSEIO DE CARTÃO,FALHA NO MANUSEIO DE CARTAO,TRAIN
1723,"PATINS SAINDO DO TRILHO, ENTREGANDO PACOTE FORA DE POSIÇÃO PARA A FORMAÇÃO DE CAMADA",PATINS SAINDO DO TRILHO ENTREGANDO PACOTE FORA DE POSICAO PARA A FORMACAO DE CAMADA,PATINS FORA DE POSIÇÃO,PATINS FORA DE POSICAO,TRAIN
1724,"TRANSPORTE GERANDO ""FALSO ACUMULO"" EM VELOCIDADE NOMINAL DA EMPACOTADORA",TRANSPORTE GERANDO FALSO ACUMULO EM VELOCIDADE NOMINAL DA EMPACOTADORA,FALHA DE ACÚMULO NO TRANSPORTE,FALHA DE ACUMULO NO TRANSPORTE,TRAIN
1725,"FALHA NO SISTEMA DE CORTE, PASSANDO TUBETE SEM RETIRAR O PAPELAO PARA O TRANSPORTE DE ALIMENTAÇÃO, ORDEM : 30008414281",FALHA NO SISTEMA DE CORTE PASSANDO TUBETE SEM RETIRAR O PAPELAO PARA O TRANSPORTE DE ALIMENTACAO ORDEM 30008414281,FALHA NO CORTE DE TUBETES,FALHA NO CORTE DE TUBETES,TEST
1726,"FALHA NO SISTEMA DE CORTE, PASSANDO TUBETE SEM RETIRAR O PAPELAO PARA O TRANSPORTE DE ALIMENTAÇÃO, ORDEM : 30008414281",FALHA NO SISTEMA DE CORTE PASSANDO TUBETE SEM RETIRAR O PAPELAO PARA O TRANSPORTE DE ALIMENTACAO ORDEM 30008414281,FALHA NO CORTE DE TUBETES,FALHA NO CORTE DE TUBETES,TEST
1727,"PATINS SAINDO DO TRILHO, ENTREGANDO PACOTE FORA DE POSIÇÃO PARA A FORMAÇÃO DE CAMADA",PATINS SAINDO DO TRILHO ENTREGANDO PACOTE FORA DE POSICAO PARA A FORMACAO DE CAMADA,PATINS FORA DE POSIÇÃO,PATINS FORA DE POSICAO,TRAIN
1728,FALHA NA PEGA/ENTREGA DE CARTÃO,FALHA NA PEGA ENTREGA DE CARTAO,FALHA NO MANUSEIO DE CARTÃO,FALHA NO MANUSEIO DE CARTAO,TRAIN
1729,"MAGAZINE DE PALLET VAZIO QUEBRADA, ESTA SENDO REALIZADO PROCESSO EM MANUAL TODA SAIDA DE PALLET",MAGAZINE DE PALLET VAZIO QUEBRADA ESTA SENDO REALIZADO PROCESSO EM MANUAL TODA SAIDA DE PALLET,FALHA DE MAGAZINE,FALHA DE MAGAZINE,TRAIN
1730,"TRANSPORTE GERANDO ""FALSO ACUMULO"" EM VELOCIDADE NOMINAL DA EMPACOTADORA / 4 AS 5",TRANSPORTE GERANDO FALSO ACUMULO EM VELOCIDADE NOMINAL DA EMPACOTADORA 4 AS 5,FALHA DE ACÚMULO NO TRANSPORTE,FALHA DE ACUMULO NO TRANSPORTE,TRAIN
1731,FALHA NA TROCA DO PALLET DE FOLHA SEPARADORA EM MODO AUTOMATICO,FALHA NA TROCA DO PALLET DE FOLHA SEPARADORA EM MODO AUTOMATICO,FALHA NA TROCA DE PALETE DE FOLHA SEPARADORA,FALHA NA TROCA DE PALETE DE FOLHA SEPARADORA,TRAIN
1732,FALHA NAS PORTAS DA PALETIZADORA,FALHA NAS PORTAS DA PALETIZADORA,FALHA DE PORTA DE SEGURANÇA,FALHA DE PORTA DE SEGURANCA,TEST
1733,"MAGAZINE DE PALLET VAZIO QUEBRADA, ESTA SENDO REALIZADO PROCESSO EM MANUAL TODA SAIDA DE PALLET",MAGAZINE DE PALLET VAZIO QUEBRADA ESTA SENDO REALIZADO PROCESSO EM MANUAL TODA SAIDA DE PALLET,FALHA DE MAGAZINE,FALHA DE MAGAZINE,TRAIN
1734,"PATINS SAINDO DO TRILHO, ENTREGANDO PACOTE FORA DE POSIÇÃO PARA A FORMAÇÃO DE CAMADA",PATINS SAINDO DO TRILHO ENTREGANDO PACOTE FORA DE POSICAO PARA A FORMACAO DE CAMADA,PATINS FORA DE POSIÇÃO,PATINS FORA DE POSICAO,TRAIN
1735,"PATINS SAINDO DO TRILHO, ENTREGANDO PACOTE FORA DE POSIÇÃO PARA A FORMAÇÃO DE CAMADA",PATINS SAINDO DO TRILHO ENTREGANDO PACOTE FORA DE POSICAO PARA A FORMACAO DE CAMADA,PATINS FORA DE POSIÇÃO,PATINS FORA DE POSICAO,TRAIN
1736,"CABO ROMPIDO NA PORTA DE ENTRADA DA DESPALETIZADORA, NAO ACIONANDO A LIBERAÇÃO DE PALETES",CABO ROMPIDO NA PORTA DE ENTRADA DA DESPALETIZADORA NAO ACIONANDO A LIBERACAO DE PALETES,QUEBRA DE COMPONENTE,QUEBRA DE COMPONENTE,TRAIN
1737,SISTEMA DA BAILARINA EM FALHA DURANTE PRODUÇÃO,SISTEMA DA BAILARINA EM FALHA DURANTE PRODUCAO,FALHA DE BAILARINA,FALHA DE BAILARINA,TRAIN
1738,RETIRADO DO APLETE DE CARTÃO MANUAL GERANDO FALHA DE BARREIRA (30008425473),RETIRADO DO APLETE DE CARTAO MANUAL GERANDO FALHA DE BARREIRA 30008425473,FALHA DE BARREIRA,FALHA DE BARREIRA,TRAIN
1739,PACOTE ENTROU VIRADO NA MESA DE COMPACTAÇÃO CAUSANDO ESTOURO DE LATAS,PACOTE ENTROU VIRADO NA MESA DE COMPACTACAO CAUSANDO ESTOURO DE LATAS,PACOTE FORA DE POSIÇÃO,PACOTE FORA DE POSICAO,TRAIN
1740,RETIRADO DO APLETE DE CARTÃO MANUAL GERANDO FALHA DE BARREIRA (30008425473),RETIRADO DO APLETE DE CARTAO MANUAL GERANDO FALHA DE BARREIRA 30008425473,FALHA DE BARREIRA,FALHA DE BARREIRA,TRAIN
1741,FALHA NA SUBIDA DO ELEVADOR DE TUBETES,FALHA NA SUBIDA DO ELEVADOR DE TUBETES,FALHA DE ELEVADOR,FALHA DE ELEVADOR,TRAIN
1742,"CSW EM FALHA, ORDEM : 30008450147",CSW EM FALHA ORDEM 30008450147,FALHA NO SISTEMA DE CORTE,FALHA NO SISTEMA DE CORTE,TRAIN
1743,"QUEBROU A CONEXÃO, OCASIONANDO A COLISÃO DE CAIXAS",QUEBROU A CONEXAO OCASIONANDO A COLISAO DE CAIXAS,QUEBRA DE COMPONENTE,QUEBRA DE COMPONENTE,TRAIN
1744,TRAVAMENTO DE SEGMENTOS DE GARRAFAS NO REJEITOR MASSPEC,TRAVAMENTO DE SEGMENTOS DE GARRAFAS NO REJEITOR MASSPEC,TRAVAMENTO DE SEGMENTOS,TRAVAMENTO DE SEGMENTOS,TRAIN
1745,ALINHAMENTO DA CHAPA DO TRANSPORTE DE SAIDA DE GARRAFAS DO CAPSULADOR.,ALINHAMENTO DA CHAPA DO TRANSPORTE DE SAIDA DE GARRAFAS DO CAPSULADOR,DESALINHAMENTO DE CHAPA,DESALINHAMENTO DE CHAPA,TRAIN
1746,"FALHAVÃLVULA DE TUBULAÇÃO NA ENTRADA DE BEBIDA NO MIXER, OCASIONANDO VAZAMENTO DE BEBIDAS ORDEM: 30008450138",FALHAVALVULA DE TUBULACAO NA ENTRADA DE BEBIDA NO MIXER OCASIONANDO VAZAMENTO DE BEBIDAS ORDEM 30008450138,FALHA DE MISTURA,FALHA DE MISTURA,TRAIN
1747,"DEVIDER COM FALHA NA ENTRADA DE CAIXAS, PARAFUSO ESPANADO",DEVIDER COM FALHA NA ENTRADA DE CAIXAS PARAFUSO ESPANADO,FALHA DE FIXAÇÃO,FALHA DE FIXACAO,TEST
1748,ESTEIRA DA CURVA DO TRANSPORTE DA PALETIZADORA ESCAPOU,ESTEIRA DA CURVA DO TRANSPORTE DA PALETIZADORA ESCAPOU,ESCAPE DE ESTEIRA,ESCAPE DE ESTEIRA,TRAIN
1749,"FALHA BANDEJA DE ROTULOS, A BANDEJA ESTÁ EM DESNIVEL, GERANDO ENROSCO DE ROTULOS ORDEM: 30008450158",FALHA BANDEJA DE ROTULOS A BANDEJA ESTA EM DESNIVEL GERANDO ENROSCO DE ROTULOS ORDEM 30008450158,ENROSCO DE RÓTULOS,ENROSCO DE ROTULOS,TEST
1750,"CHAPA DE PASSAGEM DE GARRAFAS DANIFICADAS, OCASIONANDO QUEDA DE GARRAFAS ORDEM: 30008450154",CHAPA DE PASSAGEM DE GARRAFAS DANIFICADAS OCASIONANDO QUEDA DE GARRAFAS ORDEM 30008450154,QUEDA DE GARRAFAS,QUEDA DE GARRAFAS,TEST
1751,"FALHA DO ROBO , TRAVOU NA POSICAO",FALHA DO ROBO TRAVOU NA POSICAO,TRAVAMENTO DE ROBÔ,TRAVAMENTO DE ROBO,TRAIN
1752,PERFIL DO GUIA LATERAL SI SOLTOU OBSTRUINDO O REJEITO CAUSANDO ENROSCO DE LATAS NA FILTEC,PERFIL DO GUIA LATERAL SI SOLTOU OBSTRUINDO O REJEITO CAUSANDO ENROSCO DE LATAS NA FILTEC,FALHA DE REJEIÇÃO,FALHA DE REJEICAO,TRAIN
1753,PACOTE VIRADO NA MESA DE COMAPCTAÇÃO,PACOTE VIRADO NA MESA DE COMAPCTACAO,PACOTE FORA DE POSIÇÃO,PACOTE FORA DE POSICAO,TRAIN
1754,RETIRADO DO PALETE DE CARTÃO MANUAL GERANDO FALHA DE BARREIRA ELEVADOR QUEBRADO (30008425473),RETIRADO DO PALETE DE CARTAO MANUAL GERANDO FALHA DE BARREIRA ELEVADOR QUEBRADO 30008425473,FALHA DE ELEVADOR,FALHA DE ELEVADOR,TRAIN
1755,FALHA NO SERVO 11 DE ENVOLVIMENTO.,FALHA NO SERVO 11 DE ENVOLVIMENTO,FALHA DE SERVO MOTOR,FALHA DE SERVO MOTOR,TRAIN
1756,RETIRANDA DO PALETE EM MANUAL.MAGAZINE DE PALETE QUEBRADO FALTA DE PEÇA.,RETIRANDA DO PALETE EM MANUAL MAGAZINE DE PALETE QUEBRADO FALTA DE PECA,FALHA DE MAGAZINE,FALHA DE MAGAZINE,TEST
1757,"CSW EM FALHA, ORDEM : 30008450147",CSW EM FALHA ORDEM 30008450147,FALHA NO SISTEMA DE CORTE,FALHA NO SISTEMA DE CORTE,TRAIN
1758,"MAGAZINE DE PALLET VAZIO QUEBRADA, ESTA SENDO REALIZADO PROCESSO EM MANUAL TODA SAIDA DE PALLET",MAGAZINE DE PALLET VAZIO QUEBRADA ESTA SENDO REALIZADO PROCESSO EM MANUAL TODA SAIDA DE PALLET,FALHA DE MAGAZINE,FALHA DE MAGAZINE,TRAIN
1759,"MAGAZINE DE PALLET VAZIO QUEBRADA, ESTA SENDO REALIZADO PROCESSO EM MANUAL TODA SAIDA DE PALLET",MAGAZINE DE PALLET VAZIO QUEBRADA ESTA SENDO REALIZADO PROCESSO EM MANUAL TODA SAIDA DE PALLET,FALHA DE MAGAZINE,FALHA DE MAGAZINE,TRAIN
1760,TRANSPORTE DE ENTRADA DA EMPACOTADORA DERRUBANDO LATAS PARA OS GUIAS DE ENTRADA,TRANSPORTE DE ENTRADA DA EMPACOTADORA DERRUBANDO LATAS PARA OS GUIAS DE ENTRADA,QUEDA DE LATAS,QUEDA DE LATAS,TRAIN
1761,"MAGAZINE DE PALLET VAZIO QUEBRADA, ESTA SENDO REALIZADO PROCESSO EM MANUAL TODA SAIDA DE PALLET",MAGAZINE DE PALLET VAZIO QUEBRADA ESTA SENDO REALIZADO PROCESSO EM MANUAL TODA SAIDA DE PALLET,FALHA DE MAGAZINE,FALHA DE MAGAZINE,TRAIN
1762,TRANSPORTE DE ENTRADA DA EMPACOTADORA DERRUBANDO LATAS PARA OS GUIAS DE ENTRADA,TRANSPORTE DE ENTRADA DA EMPACOTADORA DERRUBANDO LATAS PARA OS GUIAS DE ENTRADA,QUEDA DE LATAS,QUEDA DE LATAS,TRAIN
1763,"MAGAZINE DE PALLET VAZIO QUEBRADA, ESTA SENDO REALIZADO PROCESSO EM MANUAL TODA SAIDA DE PALLET",MAGAZINE DE PALLET VAZIO QUEBRADA ESTA SENDO REALIZADO PROCESSO EM MANUAL TODA SAIDA DE PALLET,FALHA DE MAGAZINE,FALHA DE MAGAZINE,TRAIN
1764,TRANSPORTE DE ENTRADA DA EMPACOTADORA DERRUBANDO LATAS PARA OS GUIAS DE ENTRADA,TRANSPORTE DE ENTRADA DA EMPACOTADORA DERRUBANDO LATAS PARA OS GUIAS DE ENTRADA,QUEDA DE LATAS,QUEDA DE LATAS,TRAIN
1765,DEVICER SAINDO FORA DO TRILHA ERRO DE FORMAÇÃO DE CAMADA,DEVICER SAINDO FORA DO TRILHA ERRO DE FORMACAO DE CAMADA,FALHA DE FORMAÇÃO DE CAMADA,FALHA DE FORMACAO DE CAMADA,TRAIN
1766,"MAGAZINE DE PALLET VAZIO QUEBRADA, ESTA SENDO REALIZADO PROCESSO EM MANUAL TODA SAIDA DE PALLET",MAGAZINE DE PALLET VAZIO QUEBRADA ESTA SENDO REALIZADO PROCESSO EM MANUAL TODA SAIDA DE PALLET,FALHA DE MAGAZINE,FALHA DE MAGAZINE,TRAIN
1767,"MAGAZINE DE PALLET VAZIO QUEBRADA, ESTA SENDO REALIZADO PROCESSO EM MANUAL TODA SAIDA DE PALLET",MAGAZINE DE PALLET VAZIO QUEBRADA ESTA SENDO REALIZADO PROCESSO EM MANUAL TODA SAIDA DE PALLET,FALHA DE MAGAZINE,FALHA DE MAGAZINE,TRAIN
1768,"MAGAZINE DE PALLET VAZIO QUEBRADA, ESTA SENDO REALIZADO PROCESSO EM MANUAL TODA SAIDA DE PALLET",MAGAZINE DE PALLET VAZIO QUEBRADA ESTA SENDO REALIZADO PROCESSO EM MANUAL TODA SAIDA DE PALLET,FALHA DE MAGAZINE,FALHA DE MAGAZINE,TRAIN
1769,BARREIRA DE SAIDA DE PALETE FORA DE POSIÇÃO,BARREIRA DE SAIDA DE PALETE FORA DE POSICAO,TRAVAMENTO DE PALETE,TRAVAMENTO DE PALETE,TRAIN
1770,"MAGAZINE DE PALLET VAZIO QUEBRADA, ESTA SENDO REALIZADO PROCESSO EM MANUAL TODA SAIDA DE PALLET",MAGAZINE DE PALLET VAZIO QUEBRADA ESTA SENDO REALIZADO PROCESSO EM MANUAL TODA SAIDA DE PALLET,FALHA DE MAGAZINE,FALHA DE MAGAZINE,TRAIN
1771,LUBRIFICAÇÃO DOS MANCAIS DOS COMPACTADORES,LUBRIFICACAO DOS MANCAIS DOS COMPACTADORES,FALHA DE COMPACTAÇÃO DE CAMADA,FALHA DE COMPACTACAO DE CAMADA,TRAIN
1772,"FALHA NO SERVO MOTOR Nº27 (TRPTE DE LATAS , CORRENTE DE ARRASTE)",FALHA NO SERVO MOTOR N 27 TRPTE DE LATAS CORRENTE DE ARRASTE,FALHA DE SERVO MOTOR,FALHA DE SERVO MOTOR,TRAIN
1773,RETIRADO DO PALETE DE CARTÃO MANUAL GERANDO FALHA DE BARREIRA ELEVADOR QUEBRADO (30008425473),RETIRADO DO PALETE DE CARTAO MANUAL GERANDO FALHA DE BARREIRA ELEVADOR QUEBRADO 30008425473,FALHA DE ELEVADOR,FALHA DE ELEVADOR,TRAIN
1774,RETIRADO DO PALETE DE CARTÃO MANUAL GERANDO FALHA DE BARREIRA ELEVADOR QUEBRADO (30008425473),RETIRADO DO PALETE DE CARTAO MANUAL GERANDO FALHA DE BARREIRA ELEVADOR QUEBRADO 30008425473,FALHA DE ELEVADOR,FALHA DE ELEVADOR,TRAIN
1775,ESTEIRA NA CURVA DO TRANSPORTE PALETIZADORA ESCAPOU,ESTEIRA NA CURVA DO TRANSPORTE PALETIZADORA ESCAPOU,ESCAPE DE ESTEIRA,ESCAPE DE ESTEIRA,TEST
1776,MOTOR COM TEMPERATURA ALTA - 30008450278,MOTOR COM TEMPERATURA ALTA 30008450278,FALHA DE MOTOR,FALHA DE MOTOR,TRAIN
1777,"FALHA NA ENCHIMENTO NA PARTIDA, RECEITA PADRÃO ESPUMANDO A BEBIDA",FALHA NA ENCHIMENTO NA PARTIDA RECEITA PADRAO ESPUMANDO A BEBIDA,ESPUMAMENTO DE BEBIDA,ESPUMAMENTO DE BEBIDA,TEST
1778,"FALHA NA ENCHIMENTO NA PARTIDA, RECEITA PADRÃO ESPUMANDO A BEBIDA",FALHA NA ENCHIMENTO NA PARTIDA RECEITA PADRAO ESPUMANDO A BEBIDA,ESPUMAMENTO DE BEBIDA,ESPUMAMENTO DE BEBIDA,TEST
1779,FALHA NA BOMBA DO MIXER.,FALHA NA BOMBA DO MIXER,FALHA DE BOMBA,FALHA DE BOMBA,TEST
1780,"MAGAZINE DE PALLET VAZIO QUEBRADA, ESTA SENDO REALIZADO PROCESSO EM MANUAL TODA SAIDA DE PALLET",MAGAZINE DE PALLET VAZIO QUEBRADA ESTA SENDO REALIZADO PROCESSO EM MANUAL TODA SAIDA DE PALLET,FALHA DE MAGAZINE,FALHA DE MAGAZINE,TRAIN
1781,FALHAS DE ENCHIMENTO NAS VALVULAS N°6 E 49,FALHAS DE ENCHIMENTO NAS VALVULAS N 6 E 49,FALHA DE VÁLVULA DE ENCHIMENTO,FALHA DE VALVULA DE ENCHIMENTO,TRAIN
1782,RETIRADO DO PALETE DE CARTÃO MANUAL GERANDO FALHA DE BARREIRA ELEVADOR QUEBRADO (30008425473),RETIRADO DO PALETE DE CARTAO MANUAL GERANDO FALHA DE BARREIRA ELEVADOR QUEBRADO 30008425473,FALHA DE ELEVADOR,FALHA DE ELEVADOR,TRAIN
1783,RETIRADO DO PALETE DE CARTÃO MANUAL GERANDO FALHA DE BARREIRA ELEVADOR QUEBRADO (30008425473),RETIRADO DO PALETE DE CARTAO MANUAL GERANDO FALHA DE BARREIRA ELEVADOR QUEBRADO 30008425473,FALHA DE ELEVADOR,FALHA DE ELEVADOR,TRAIN
1784,CABO DOS SENSORES DE SEGURANÇA ROMPIDO,CABO DOS SENSORES DE SEGURANCA ROMPIDO,QUEBRA DE COMPONENTE,QUEBRA DE COMPONENTE,TRAIN
1785,CABO DOS SENSORES DE SEGURANÇA ROMPIDO,CABO DOS SENSORES DE SEGURANCA ROMPIDO,QUEBRA DE COMPONENTE,QUEBRA DE COMPONENTE,TRAIN
1786,ENTRADA DE LATAS AMASSADAS OCASIONANDO ENROSCO NA CORRENTE DE ARRASTE,ENTRADA DE LATAS AMASSADAS OCASIONANDO ENROSCO NA CORRENTE DE ARRASTE,ENROSCO DE LATAS,ENROSCO DE LATAS,TRAIN
1787,"QUEBRA DO MAGAZINE DE PALETE ,RETIRANDO OS PALETES EM MANUAL.",QUEBRA DO MAGAZINE DE PALETE RETIRANDO OS PALETES EM MANUAL,FALHA DE MAGAZINE,FALHA DE MAGAZINE,TRAIN
1788,QUEDA DE LATA NO SISTEMA DE ENVOLVIMENTO.,QUEDA DE LATA NO SISTEMA DE ENVOLVIMENTO,QUEDA DE LATAS,QUEDA DE LATAS,TEST
1789,BICO DO GÁS 1 OBSTRUIDO,BICO DO GAS 1 OBSTRUIDO,ENTUPIMENTO,ENTUPIMENTO,TEST
1790,ENROSCANDO CAIXAS NA ENTRADA REPARO NO PISTÃO CENTRAL DO DEVAISER,ENROSCANDO CAIXAS NA ENTRADA REPARO NO PISTAO CENTRAL DO DEVAISER,FALHA DE ATUADOR DO DEVAISER,FALHA DE ATUADOR DO DEVAISER,TEST
1791,TROCA DE CONEXÃO DA MANGUEIRA DA ENCAIXOTADORA NOTA 30008456399,TROCA DE CONEXAO DA MANGUEIRA DA ENCAIXOTADORA NOTA 30008456399,FALHA DE CONEXÃO DE MANGUEIRA,FALHA DE CONEXAO DE MANGUEIRA,TEST
1792,ENROSCANDO CAIXAS NA ENTRADA AJUSTE NO PISTÃO CENTRALDO DEVAISER,ENROSCANDO CAIXAS NA ENTRADA AJUSTE NO PISTAO CENTRALDO DEVAISER,FALHA DE ATUADOR DO DEVAISER,FALHA DE ATUADOR DO DEVAISER,TRAIN
1793,AJUSTE NA PRESSÃO DO EMPURADOR DE ROTULO,AJUSTE NA PRESSAO DO EMPURADOR DE ROTULO,FALHA DE ROTULAGEM,FALHA DE ROTULAGEM,TRAIN
1794,ROMPIMENTO DA MANGUEIRA DE AGUA DA ROTULADORA,ROMPIMENTO DA MANGUEIRA DE AGUA DA ROTULADORA,ROMPIMENTO DE MANGUEIRA DE ÁGUA,ROMPIMENTO DE MANGUEIRA DE AGUA,TEST
1795,"FALHA CHECKMATE NA SAIDA DA ROTULADORA, FOI REALIZADO O AJUSTE DA POSIÇÃO DE DISPARO DA CAMERA",FALHA CHECKMATE NA SAIDA DA ROTULADORA FOI REALIZADO O AJUSTE DA POSICAO DE DISPARO DA CAMERA,FALHA DE CÂMERA,FALHA DE CAMERA,TRAIN
1796,QUEBRA DA PINÇA DO STRECH ( 13205016),QUEBRA DA PINCA DO STRECH 13205016,FALHA DE PINÇA,FALHA DE PINCA,TRAIN
1797,QUEBRA DA PINÇA DO STRECH ( 13205016),QUEBRA DA PINCA DO STRECH 13205016,FALHA DE PINÇA,FALHA DE PINCA,TRAIN
1798,QUEBRA DA PINÇA DO STRECH ( 13205016),QUEBRA DA PINCA DO STRECH 13205016,FALHA DE PINÇA,FALHA DE PINCA,TRAIN
1799,FALHA NO SENSOR DA ENTRADA DE PACOTE,FALHA NO SENSOR DA ENTRADA DE PACOTE,FALHA DE SENSOR,FALHA DE SENSOR,TRAIN
1800,QUEBRA DA PINÇA DO STRECH ( 13205016),QUEBRA DA PINCA DO STRECH 13205016,FALHA DE PINÇA,FALHA DE PINCA,TRAIN
1801,REGULAGEM DO FREIO DO MOTOR DA ENTRADA DE PACOTE,REGULAGEM DO FREIO DO MOTOR DA ENTRADA DE PACOTE,FALHA DE MOTOR,FALHA DE MOTOR,TEST
1802,REGULAGEM DO FREIO DO MOTOR DA ENTRADA DE PACOTE,REGULAGEM DO FREIO DO MOTOR DA ENTRADA DE PACOTE,FALHA DE MOTOR,FALHA DE MOTOR,TEST
1803,FALHA NA TEMPERATURA. ORDEM- 30008455524,FALHA NA TEMPERATURA ORDEM 30008455524,FALHA DE CONTROLE DE TEMPERATURA,FALHA DE CONTROLE DE TEMPERATURA,TRAIN
1804,ESTEIRA QUEBRADA. ORDEM- 30008455521,ESTEIRA QUEBRADA ORDEM 30008455521,QUEBRA DE ESTEIRA,QUEBRA DE ESTEIRA,TEST
1805,"MAGAZINE DE PALLET VAZIO QUEBRADA, ESTA SENDO REALIZADO PROCESSO EM MANUAL TODA SAIDA DE PALLET",MAGAZINE DE PALLET VAZIO QUEBRADA ESTA SENDO REALIZADO PROCESSO EM MANUAL TODA SAIDA DE PALLET,FALHA DE MAGAZINE,FALHA DE MAGAZINE,TRAIN
1806,QUEDA DE LATA NO SISTEMA DE ENVOLVIMENTO.PACOTE ABERTO GERANDO FALHA DE FORMAÇÃO DE CAMADA NA PALETIZADORA.,QUEDA DE LATA NO SISTEMA DE ENVOLVIMENTO PACOTE ABERTO GERANDO FALHA DE FORMACAO DE CAMADA NA PALETIZADORA,FALHA DE ENVOLVIMENTO,FALHA DE ENVOLVIMENTO,TRAIN
1807,"MAGAZINE DE PALLET VAZIO QUEBRADA, ESTA SENDO REALIZADO PROCESSO EM MANUAL TODA SAIDA DE PALLET",MAGAZINE DE PALLET VAZIO QUEBRADA ESTA SENDO REALIZADO PROCESSO EM MANUAL TODA SAIDA DE PALLET,FALHA DE MAGAZINE,FALHA DE MAGAZINE,TRAIN
1808,"MAGAZINE DE PALLET VAZIO QUEBRADA, ESTA SENDO REALIZADO PROCESSO EM MANUAL TODA SAIDA DE PALLET",MAGAZINE DE PALLET VAZIO QUEBRADA ESTA SENDO REALIZADO PROCESSO EM MANUAL TODA SAIDA DE PALLET,FALHA DE MAGAZINE,FALHA DE MAGAZINE,TRAIN
1809,FALHA NO SENSOR DO TRANSPORTE DO ALINHADOR DA FILTC.,FALHA NO SENSOR DO TRANSPORTE DO ALINHADOR DA FILTC,FALHA DE SENSOR,FALHA DE SENSOR,TRAIN
1810,"MAGAZINE DE PALLET VAZIO QUEBRADA, ESTA SENDO REALIZADO PROCESSO EM MANUAL TODA SAIDA DE PALLET",MAGAZINE DE PALLET VAZIO QUEBRADA ESTA SENDO REALIZADO PROCESSO EM MANUAL TODA SAIDA DE PALLET,FALHA DE MAGAZINE,FALHA DE MAGAZINE,TRAIN
1811,"MAGAZINE DE PALETE QUEBRADO ,RETIRANDO OA PALETE EM MANUAL.",MAGAZINE DE PALETE QUEBRADO RETIRANDO OA PALETE EM MANUAL,FALHA DE MAGAZINE,FALHA DE MAGAZINE,TRAIN
1812,"MAGAZINE DE PALLET VAZIO QUEBRADA, ESTA SENDO REALIZADO PROCESSO EM MANUAL TODA SAIDA DE PALLET",MAGAZINE DE PALLET VAZIO QUEBRADA ESTA SENDO REALIZADO PROCESSO EM MANUAL TODA SAIDA DE PALLET,FALHA DE MAGAZINE,FALHA DE MAGAZINE,TRAIN
1813,AMASSANDO LATA NO TWISTER DE ENTRADA DO RINSER,AMASSANDO LATA NO TWISTER DE ENTRADA DO RINSER,AMASSAMENTO DE LATAS,AMASSAMENTO DE LATAS,TRAIN
1814,TROCA DO CONTATOR DO MOTOR AUXILIAR DO MIXER,TROCA DO CONTATOR DO MOTOR AUXILIAR DO MIXER,FALHA DE MOTOR,FALHA DE MOTOR,TRAIN
1815,FALHA AR DOS BATETORES DA ENCAIXATADORA,FALHA AR DOS BATETORES DA ENCAIXATADORA,FALHA DE BATETORES PNEUMÁTICOS,FALHA DE BATETORES PNEUMATICOS,TRAIN
1816,AJUSTE VELOCIDADE INVERSOR TAG-330,AJUSTE VELOCIDADE INVERSOR TAG 330,FALHA DE INVERSOR,FALHA DE INVERSOR,TRAIN
1817,FALHA NO ENCHIMENTO DA VALVULA 52. ORDEM- 30008455522,FALHA NO ENCHIMENTO DA VALVULA 52 ORDEM 30008455522,FALHA DE ENCHIMENTO,FALHA DE ENCHIMENTO,TRAIN
1818,QUEBRA DA ESTEIRA DA SEPARAÇÃO DE GARRAFA ORDEM 30008455875,QUEBRA DA ESTEIRA DA SEPARACAO DE GARRAFA ORDEM 30008455875,QUEBRA DE ESTEIRA,QUEBRA DE ESTEIRA,TRAIN
1819,AJUSTE NO SENSOR DE SAIDA DE PALETE ORDEM 30008456000,AJUSTE NO SENSOR DE SAIDA DE PALETE ORDEM 30008456000,FALHA DE SENSOR,FALHA DE SENSOR,TRAIN
1820,AJUSTE CAINDO GARRAFA,AJUSTE CAINDO GARRAFA,QUEDA DE GARRAFAS,QUEDA DE GARRAFAS,TEST
1821,FALHA NNO SENSOR 60S4 DE SEGURANÇA DO MOTOREDUTOR,FALHA NNO SENSOR 60S4 DE SEGURANCA DO MOTOREDUTOR,FALHA DE SENSOR,FALHA DE SENSOR,TRAIN
1822,"FALHA DE ENCHIMENTO DAS VALVULAS Nº6 E Nº70, COM JAMPER DE VALVULAS",FALHA DE ENCHIMENTO DAS VALVULAS N 6 E N 70 COM JAMPER DE VALVULAS,FALHA DE VÁLVULA DE ENCHIMENTO,FALHA DE VALVULA DE ENCHIMENTO,TEST
1823,"FALHA DE ENCHIMENTO DAS VALVULAS Nº6 E Nº70, COM JAMPER DE VALVULAS",FALHA DE ENCHIMENTO DAS VALVULAS N 6 E N 70 COM JAMPER DE VALVULAS,FALHA DE VÁLVULA DE ENCHIMENTO,FALHA DE VALVULA DE ENCHIMENTO,TEST
1824,FALHA NO SISTEMA DE SOLDA DE FILME DESGASTADO / CAUSANDO ESTOURO DE FILME LOGOMARCADO,FALHA NO SISTEMA DE SOLDA DE FILME DESGASTADO CAUSANDO ESTOURO DE FILME LOGOMARCADO,FALHA DE SOLDA DE FILME,FALHA DE SOLDA DE FILME,TRAIN
1825,FALHA NO DISPARODA INSPEÇÃO DE ROTULO DE CORPO AGREGADO 2 ORDEM: 30008457949,FALHA NO DISPARODA INSPECAO DE ROTULO DE CORPO AGREGADO 2 ORDEM 30008457949,FALHA DE ROTULAGEM,FALHA DE ROTULAGEM,TRAIN
1826,FALHA MANGUEIRA DO CILINDRO CABEÇOTE,FALHA MANGUEIRA DO CILINDRO CABECOTE,FALHA DE MANGUEIRA PNEUMÁTICA,FALHA DE MANGUEIRA PNEUMATICA,TEST
1827,FALHA DE FORMAÇÃO COM CAIXA A MENOS,FALHA DE FORMACAO COM CAIXA A MENOS,FALHA DE FORMAÇÃO DE CAIXA,FALHA DE FORMACAO DE CAIXA,TEST
1828,FALHA NO PEGADOR DE CHAPATEX NOTA 30008458778,FALHA NO PEGADOR DE CHAPATEX NOTA 30008458778,FALHA DE PEGADOR,FALHA DE PEGADOR,TRAIN
1829,PACOTE SAINDO ABERTO PARANDO A PALETIZADORA,PACOTE SAINDO ABERTO PARANDO A PALETIZADORA,FALHA DE ENVOLVIMENTO,FALHA DE ENVOLVIMENTO,TRAIN
1830,PACOTE SAINDO ABERTO PARANDO A PALETIZADORA,PACOTE SAINDO ABERTO PARANDO A PALETIZADORA,FALHA DE ENVOLVIMENTO,FALHA DE ENVOLVIMENTO,TRAIN
1831,PACOTES ABRINDO NA PALETIZADORA,PACOTES ABRINDO NA PALETIZADORA,FALHA DE ENVOLVIMENTO,FALHA DE ENVOLVIMENTO,TRAIN
1832,PACOTES ABRINDO NA PALETIZADORA,PACOTES ABRINDO NA PALETIZADORA,FALHA DE ENVOLVIMENTO,FALHA DE ENVOLVIMENTO,TRAIN
1833,FALHA NA PORTA DE SEGURANÇA,FALHA NA PORTA DE SEGURANCA,FALHA DE PORTA DE SEGURANÇA,FALHA DE PORTA DE SEGURANCA,TRAIN
1834,ABA CÔNICA DANIFICADA,ABA CONICA DANIFICADA,FALHA DE ABA CÔNICA,FALHA DE ABA CONICA,TEST
1835,"AMASSANDO LATA NO TWISTER DE ENTRADA DO RINSER,GERADO POR PROBLEMA NA VELOCIDADE DO MOTOR 211 - ORDEM - 30008457988",AMASSANDO LATA NO TWISTER DE ENTRADA DO RINSER GERADO POR PROBLEMA NA VELOCIDADE DO MOTOR 211 ORDEM 30008457988,FALHA DE MOTOR,FALHA DE MOTOR,TRAIN
1836,"FALHA NO INVERSOR DO MOTOR 408 DO TRANSPORTE ALINHADOR,ANTES DA FILTEC - ORDEM -30008457963",FALHA NO INVERSOR DO MOTOR 408 DO TRANSPORTE ALINHADOR ANTES DA FILTEC ORDEM 30008457963,FALHA DE INVERSOR,FALHA DE INVERSOR,TRAIN
1837,"AMASSANDO LATA NO TWISTER DE ENTRADA DO RINSER,GERADO POR PROBLEMA NA VELOCIDADE DO MOTOR 211 - ORDEM - 30008457988",AMASSANDO LATA NO TWISTER DE ENTRADA DO RINSER GERADO POR PROBLEMA NA VELOCIDADE DO MOTOR 211 ORDEM 30008457988,FALHA DE MOTOR,FALHA DE MOTOR,TRAIN
1838,"AMASSANDO LATA NO TWISTER DE ENTRADA DO RINSER,GERADO POR PROBLEMA NA VELOCIDADE DO MOTOR 211 - ORDEM - 30008457988",AMASSANDO LATA NO TWISTER DE ENTRADA DO RINSER GERADO POR PROBLEMA NA VELOCIDADE DO MOTOR 211 ORDEM 30008457988,FALHA DE MOTOR,FALHA DE MOTOR,TRAIN
1839,PERDA DA REFERENCIA DA CORRENTE DE ARRASTE DA ENCHEDORA COM A RECRAVADORA - ORDEM 30008457987,PERDA DA REFERENCIA DA CORRENTE DE ARRASTE DA ENCHEDORA COM A RECRAVADORA ORDEM 30008457987,FALHA DE RECRAVAÇÃO,FALHA DE RECRAVACAO,TRAIN
1840,PERDA DA REFERENCIA DA CORRENTE DE ARRASTE DA ENCHEDORA COM A RECRAVADORA - ORDEM 30008457987,PERDA DA REFERENCIA DA CORRENTE DE ARRASTE DA ENCHEDORA COM A RECRAVADORA ORDEM 30008457987,FALHA DE RECRAVAÇÃO,FALHA DE RECRAVACAO,TRAIN
1841,PERDA DA REFERENCIA DA CORRENTE DE ARRASTE DA ENCHEDORA COM A RECRAVADORA,PERDA DA REFERENCIA DA CORRENTE DE ARRASTE DA ENCHEDORA COM A RECRAVADORA,FALHA DE RECRAVAÇÃO,FALHA DE RECRAVACAO,TRAIN
1842,PERDA DA REFERENCIA DA CORRENTE DE ARRASTE DA ENCHEDORA COM A RECRAVADORA,PERDA DA REFERENCIA DA CORRENTE DE ARRASTE DA ENCHEDORA COM A RECRAVADORA,FALHA DE RECRAVAÇÃO,FALHA DE RECRAVACAO,TRAIN
1843,LATA AMASSANDO E FURANDO DURANTE RECRAVAÇÃO,LATA AMASSANDO E FURANDO DURANTE RECRAVACAO,FALHA DE RECRAVAÇÃO,FALHA DE RECRAVACAO,TRAIN
1844,ESTEIRA DA CURVA DO TRANSPORTE DA ENCAIXATADORA ESCAPOU,ESTEIRA DA CURVA DO TRANSPORTE DA ENCAIXATADORA ESCAPOU,ESCAPE DE ESTEIRA,ESCAPE DE ESTEIRA,TRAIN
1845,PALETIZADORA PEGANDO CAIXAS A MENOS,PALETIZADORA PEGANDO CAIXAS A MENOS,FALHA NA PEGADA DE CAMADA,FALHA NA PEGADA DE CAMADA,TRAIN
1846,"TROCA DO REPARO DAS VÁLVULAS 93,12 E 49 ORDEM 30008455987",TROCA DO REPARO DAS VALVULAS 93 12 E 49 ORDEM 30008455987,FALHA DE VEDAÇÃO DA VÁLVULA,FALHA DE VEDACAO DA VALVULA,TRAIN
1847,"TROCA DO REPARO DAS VÁLVULAS 93,12 E 49 ORDEM 30008455987",TROCA DO REPARO DAS VALVULAS 93 12 E 49 ORDEM 30008455987,FALHA DE VEDAÇÃO DA VÁLVULA,FALHA DE VEDACAO DA VALVULA,TRAIN
1848,PACOTE SAINDO ABERTO PARANDO A PALETIZADORA,PACOTE SAINDO ABERTO PARANDO A PALETIZADORA,FALHA DE ENVOLVIMENTO,FALHA DE ENVOLVIMENTO,TRAIN
1849,PACOTE SAINDO ABERTO PARANDO A PALETIZADORA,PACOTE SAINDO ABERTO PARANDO A PALETIZADORA,FALHA DE ENVOLVIMENTO,FALHA DE ENVOLVIMENTO,TRAIN
1850,FALHA CARTÃO MESTRE,FALHA CARTAO MESTRE,FALHA DE CARTÃO MESTRE,FALHA DE CARTAO MESTRE,TRAIN
1851,FALHA CARTÃO MESTRE,FALHA CARTAO MESTRE,FALHA DE CARTÃO MESTRE,FALHA DE CARTAO MESTRE,TRAIN
1852,ENCHEDORA FORA DE SINCRONISMO - ORDEM: 30008459395,ENCHEDORA FORA DE SINCRONISMO ORDEM 30008459395,FALHA DE SINCRONISMO,FALHA DE SINCRONISMO,TRAIN
1853,ENCHEDORA FORA DE SINCRONISMO - ORDEM: 30008459395,ENCHEDORA FORA DE SINCRONISMO ORDEM 30008459395,FALHA DE SINCRONISMO,FALHA DE SINCRONISMO,TRAIN
1854,PACOTE SAINDO ABERTO PARANDO A PALETIZADORA,PACOTE SAINDO ABERTO PARANDO A PALETIZADORA,FALHA DE ENVOLVIMENTO,FALHA DE ENVOLVIMENTO,TRAIN
1855,PACOTE SAINDO ABERTO PARANDO A PALETIZADORA,PACOTE SAINDO ABERTO PARANDO A PALETIZADORA,FALHA DE ENVOLVIMENTO,FALHA DE ENVOLVIMENTO,TRAIN
1856,REAJUSTE DE SET UP NA RECRAVADORA,REAJUSTE DE SET UP NA RECRAVADORA,FALHA DE RECRAVAÇÃO,FALHA DE RECRAVACAO,TRAIN
1857,COLIÇÃO DO CABEÇOTE DO ROBO COM CAIXAS SOBRE PALLETS ORDEM: 30008460471,COLICAO DO CABECOTE DO ROBO COM CAIXAS SOBRE PALLETS ORDEM 30008460471,FALHA DE ROBÔ,FALHA DE ROBO,TRAIN
1858,"FALHA AUTOCALIBRAÇÃO, DEVIDO GÁS OZÔNIO BAIXO 30008460482",FALHA AUTOCALIBRACAO DEVIDO GAS OZONIO BAIXO 30008460482,FALHA DE CONTROLE DE PROCESSO,FALHA DE CONTROLE DE PROCESSO,TRAIN
1859,GUIA DE ENTRADA DESAJUSTADA OCASIONADO ENTRADA DE CAIXAS ERRADA,GUIA DE ENTRADA DESAJUSTADA OCASIONADO ENTRADA DE CAIXAS ERRADA,FALHA DE GUIA,FALHA DE GUIA,TEST
1860,PINÇA MOTORIZADA DO ROBO UM ESTAVA PRESSIONANDO OS PACOTES,PINCA MOTORIZADA DO ROBO UM ESTAVA PRESSIONANDO OS PACOTES,FALHA DE PINÇA,FALHA DE PINCA,TRAIN
1861,REAJUSTE DE SET UP NA RECRAVADORA,REAJUSTE DE SET UP NA RECRAVADORA,FALHA DE RECRAVAÇÃO,FALHA DE RECRAVACAO,TRAIN
1862,REAJUSTE DE SET UP NA RECRAVADORA / DEVIDO LATAS AMASSADAS,REAJUSTE DE SET UP NA RECRAVADORA DEVIDO LATAS AMASSADAS,FALHA DE RECRAVAÇÃO,FALHA DE RECRAVACAO,TEST
1863,REAJUSTE DE SET UP NA RECRAVADORA / DEVIDO LATAS AMASSADAS,REAJUSTE DE SET UP NA RECRAVADORA DEVIDO LATAS AMASSADAS,FALHA DE RECRAVAÇÃO,FALHA DE RECRAVACAO,TEST
1864,REAJUSTE DE SET UP NA RECRAVADORA / DEVIDO LATAS AMASSADAS,REAJUSTE DE SET UP NA RECRAVADORA DEVIDO LATAS AMASSADAS,FALHA DE RECRAVAÇÃO,FALHA DE RECRAVACAO,TEST
1865,RECRAVADORA DANIFICANDO LATAS,RECRAVADORA DANIFICANDO LATAS,FALHA DE RECRAVAÇÃO,FALHA DE RECRAVACAO,TEST
1866,ESTEIRA DESALINHADA,ESTEIRA DESALINHADA,ESCAPE DE ESTEIRA,ESCAPE DE ESTEIRA,TRAIN
1867,FALHA NO INVERSOR DO MOTOR 404 DO TRANSPORTE DA PONTE DE VACUO,FALHA NO INVERSOR DO MOTOR 404 DO TRANSPORTE DA PONTE DE VACUO,FALHA DE INVERSOR,FALHA DE INVERSOR,TRAIN
1868,FALHA REDOX BAIXO 30008460482,FALHA REDOX BAIXO 30008460482,FALHA DE CONTROLE DE PROCESSO,FALHA DE CONTROLE DE PROCESSO,TRAIN
1869,QUEIMA DO FILAMENTO,QUEIMA DO FILAMENTO,QUEIMA DE FILAMENTO,QUEIMA DE FILAMENTO,TRAIN
1870,QUEIMA DOS FILAMENTOS EQUIPAMENTO MASS SPEC,QUEIMA DOS FILAMENTOS EQUIPAMENTO MASS SPEC,QUEIMA DE FILAMENTO,QUEIMA DE FILAMENTO,TRAIN
1871,ABA CONICA DANIFICADA,ABA CONICA DANIFICADA,FALHA DE ABA CÔNICA,FALHA DE ABA CONICA,TEST
1872,"PINO DA ESTEIRA FORA, AMASSANDO AS MESMAS E GERANDO ENROSCO DAS LATAS",PINO DA ESTEIRA FORA AMASSANDO AS MESMAS E GERANDO ENROSCO DAS LATAS,FALHA DE ESTEIRA,FALHA DE ESTEIRA,TRAIN
1873,BEBIDA ESPUMANDO AUMENTOU A PRESSÃO DO MIXER,BEBIDA ESPUMANDO AUMENTOU A PRESSAO DO MIXER,ESPUMAMENTO DE BEBIDA,ESPUMAMENTO DE BEBIDA,TRAIN
1874,BEBIDA ESPUMANDO,BEBIDA ESPUMANDO,ESPUMAMENTO DE BEBIDA,ESPUMAMENTO DE BEBIDA,TRAIN
1875,FALHA NO ANALISADOR COBRIX,FALHA NO ANALISADOR COBRIX,FALHA DE ANALISADOR,FALHA DE ANALISADOR,TRAIN
1876,FALHA NO ANALISADOR COBRIX,FALHA NO ANALISADOR COBRIX,FALHA DE ANALISADOR,FALHA DE ANALISADOR,TRAIN
1877,FALHA NO ANALISADOR COBRIX,FALHA NO ANALISADOR COBRIX,FALHA DE ANALISADOR,FALHA DE ANALISADOR,TRAIN
1878,QUEBROU PARAFUSO DA HASTE DOS ELEMENTOS FILTRANTES.,QUEBROU PARAFUSO DA HASTE DOS ELEMENTOS FILTRANTES,QUEBRA DE PARAFUSO,QUEBRA DE PARAFUSO,TRAIN
1879,"PORTA COM FOLGA,FALHA SENSOR.",PORTA COM FOLGA FALHA SENSOR,FALHA DE SENSOR,FALHA DE SENSOR,TRAIN
1880,VAZAMENTO DE AR NO PISTÃO ORDEM 30008462801,VAZAMENTO DE AR NO PISTAO ORDEM 30008462801,VAZAMENTO PNEUMÁTICO,VAZAMENTO PNEUMATICO,TEST
1881,FALHA PASSAR GARRAFAS TESTES VERMELHAS DEVIDO BAIXO FLUXO DE OZONIO DO CANAL 1 E 2 ORDEM: 30008465419,FALHA PASSAR GARRAFAS TESTES VERMELHAS DEVIDO BAIXO FLUXO DE OZONIO DO CANAL 1 E 2 ORDEM 30008465419,FALHA DE CONTROLE DE PROCESSO,FALHA DE CONTROLE DE PROCESSO,TEST
1882,FALHA PASSAR GARRAFAS TESTES VERMELHAS DEVIDO BAIXO FLUXO DE OZONIO DO CANAL 1 E 2 ORDEM: 30008465419,FALHA PASSAR GARRAFAS TESTES VERMELHAS DEVIDO BAIXO FLUXO DE OZONIO DO CANAL 1 E 2 ORDEM 30008465419,FALHA DE CONTROLE DE PROCESSO,FALHA DE CONTROLE DE PROCESSO,TEST
1883,FALHA INVERSOR TRANSPORTE DE DESCARGA DE GARRAFAS LAVADORA PARA ENCAXOTADORA,FALHA INVERSOR TRANSPORTE DE DESCARGA DE GARRAFAS LAVADORA PARA ENCAXOTADORA,FALHA DE INVERSOR,FALHA DE INVERSOR,TEST
1884,MOTOR TAG-332 DESARMOU,MOTOR TAG 332 DESARMOU,DESARME DE MOTOR,DESARME DE MOTOR,TRAIN
1885,GUIA DE ENTRADA DA PALETIZADORA SOLTO OCASIONANDO ENTRADA DE CAIXAS ERRADA,GUIA DE ENTRADA DA PALETIZADORA SOLTO OCASIONANDO ENTRADA DE CAIXAS ERRADA,FALHA DE GUIA,FALHA DE GUIA,TRAIN
1886,GUIA DE ENTRADA DA PALETIZADORA SOLTO OCASIONANDO ENTRADA DE CAIXAS ERRADA,GUIA DE ENTRADA DA PALETIZADORA SOLTO OCASIONANDO ENTRADA DE CAIXAS ERRADA,FALHA DE GUIA,FALHA DE GUIA,TRAIN
1887,PINÇA MOTORIZADA DO ROBO UM ESTAVA PRESSIONANDO OS PACOTES NOTA30008462773,PINCA MOTORIZADA DO ROBO UM ESTAVA PRESSIONANDO OS PACOTES NOTA30008462773,FALHA DE PINÇA,FALHA DE PINCA,TRAIN
1888,TEMPERATURA DO LASER É MUITO ALTA NOTA30008462776,TEMPERATURA DO LASER E MUITO ALTA NOTA30008462776,FALHA DE CONTROLE DE TEMPERATURA,FALHA DE CONTROLE DE TEMPERATURA,TRAIN
1889,PINÇA MOTORIZADA DO ROBO UM ESTAVA PRESSIONANDO OS PACOTES NOTA30008462773,PINCA MOTORIZADA DO ROBO UM ESTAVA PRESSIONANDO OS PACOTES NOTA30008462773,FALHA DE PINÇA,FALHA DE PINCA,TRAIN
1890,PINÇA MOTORIZADA DO ROBO UM ESTAVA PRESSIONANDO OS PACOTES NOTA30008462773,PINCA MOTORIZADA DO ROBO UM ESTAVA PRESSIONANDO OS PACOTES NOTA30008462773,FALHA DE PINÇA,FALHA DE PINCA,TRAIN
1891,PINÇA MOTORIZADA DO ROBO UM ESTAVA PRESSIONANDO OS PACOTES NOTA30008462773,PINCA MOTORIZADA DO ROBO UM ESTAVA PRESSIONANDO OS PACOTES NOTA30008462773,FALHA DE PINÇA,FALHA DE PINCA,TRAIN
1892,PINÇA MOTORIZADA DO ROBO UM ESTAVA PRESSIONANDO OS PACOTES NOTA30008462773,PINCA MOTORIZADA DO ROBO UM ESTAVA PRESSIONANDO OS PACOTES NOTA30008462773,FALHA DE PINÇA,FALHA DE PINCA,TRAIN
1893,PINÇA MOTORIZADA DO ROBO UM ESTAVA PRESSIONANDO OS PACOTES NOTA30008462773,PINCA MOTORIZADA DO ROBO UM ESTAVA PRESSIONANDO OS PACOTES NOTA30008462773,FALHA DE PINÇA,FALHA DE PINCA,TRAIN
1894,PINÇA MOTORIZADA DO ROBO UM ESTAVA PRESSIONANDO OS PACOTES NOTA30008462773,PINCA MOTORIZADA DO ROBO UM ESTAVA PRESSIONANDO OS PACOTES NOTA30008462773,FALHA DE PINÇA,FALHA DE PINCA,TRAIN
1895,PINÇA MOTORIZADA DO ROBO UM ESTAVA PRESSIONANDO OS PACOTES (NOTA30008462773) MÁ FORMAÇÃO DE CAMADAS,PINCA MOTORIZADA DO ROBO UM ESTAVA PRESSIONANDO OS PACOTES NOTA30008462773 MA FORMACAO DE CAMADAS,FALHA DE PINÇA,FALHA DE PINCA,TRAIN
1896,PINÇA MOTORIZADA DO ROBO UM ESTAVA PRESSIONANDO OS PACOTES (NOTA30008462773) MÁ FORMAÇÃO DE CAMADAS,PINCA MOTORIZADA DO ROBO UM ESTAVA PRESSIONANDO OS PACOTES NOTA30008462773 MA FORMACAO DE CAMADAS,FALHA DE PINÇA,FALHA DE PINCA,TRAIN
1897,PINÇA MOTORIZADA DO ROBO UM ESTAVA PRESSIONANDO OS PACOTES (NOTA30008462773) MÁ FORMAÇÃO DE CAMADAS,PINCA MOTORIZADA DO ROBO UM ESTAVA PRESSIONANDO OS PACOTES NOTA30008462773 MA FORMACAO DE CAMADAS,FALHA DE PINÇA,FALHA DE PINCA,TRAIN
1898,PINÇA MOTORIZADA DO ROBO UM ESTAVA PRESSIONANDO OS PACOTES (NOTA30008462773) MÁ FORMAÇÃO DE CAMADAS,PINCA MOTORIZADA DO ROBO UM ESTAVA PRESSIONANDO OS PACOTES NOTA30008462773 MA FORMACAO DE CAMADAS,FALHA DE PINÇA,FALHA DE PINCA,TRAIN
1899,PINÇA MOTORIZADA DO ROBO 1 ESTA PRESSIONANDO OS PACOTES (NOTA 30008463615 ) MÁ FORMAÇÃO DE CAMADAS,PINCA MOTORIZADA DO ROBO 1 ESTA PRESSIONANDO OS PACOTES NOTA 30008463615 MA FORMACAO DE CAMADAS,FALHA DE PINÇA,FALHA DE PINCA,TRAIN
1900,ROBO JOGANDO PACOTES PRA FORA NA FORMAÇÃO DE CAMADAS NOTA: 30008463615,ROBO JOGANDO PACOTES PRA FORA NA FORMACAO DE CAMADAS NOTA 30008463615,FALHA DE FORMAÇÃO DE CAMADA,FALHA DE FORMACAO DE CAMADA,TRAIN
1901,FALHA NO SENSOR DE ENTRADA DE PACOTES,FALHA NO SENSOR DE ENTRADA DE PACOTES,FALHA DE SENSOR,FALHA DE SENSOR,TEST
1902,SOBRECARGA DE CORRENTE NO ELEVADOR,SOBRECARGA DE CORRENTE NO ELEVADOR,FALHA DE ELEVADOR,FALHA DE ELEVADOR,TRAIN
1903,SOBRECARGA DE CORRENTE NO ELEVADOR,SOBRECARGA DE CORRENTE NO ELEVADOR,FALHA DE ELEVADOR,FALHA DE ELEVADOR,TRAIN
1904,TRAVAMENTO DO TRANSORTE ENTRADA DA PALETIZADORA.,TRAVAMENTO DO TRANSORTE ENTRADA DA PALETIZADORA,SEM MODO DE FALHA IDENTIFICADO,SEM MODO DE FALHA IDENTIFICADO,TRAIN
1905,O EIXO DA ESTEIRA DE ALIMENTACAO DA ENTRADA DA PALETIZADORA ESTAVA QUEBRADO,O EIXO DA ESTEIRA DE ALIMENTACAO DA ENTRADA DA PALETIZADORA ESTAVA QUEBRADO,QUEBRA DE EIXO,QUEBRA DE EIXO,TRAIN
1906,O EIXO DA ESTEIRA DE ALIMENTACAO DA ENTRADA DA PALETIZADORA ESTAVA QUEBRADO,O EIXO DA ESTEIRA DE ALIMENTACAO DA ENTRADA DA PALETIZADORA ESTAVA QUEBRADO,QUEBRA DE EIXO,QUEBRA DE EIXO,TRAIN
1907,FALHA NO ENVOLVIMENTO DE PACOTES,FALHA NO ENVOLVIMENTO DE PACOTES,SEM MODO DE FALHA IDENTIFICADO,SEM MODO DE FALHA IDENTIFICADO,TRAIN
1908,"PATINS SAINDO DO TRILHO, ENTREGANDO PACOTE FORA DE POSIÇÃO",PATINS SAINDO DO TRILHO ENTREGANDO PACOTE FORA DE POSICAO,PATINS FORA DE POSIÇÃO,PATINS FORA DE POSICAO,TRAIN
1909,AJUSTE DE MODULAÇÃO DE VELOCIDADE,AJUSTE DE MODULACAO DE VELOCIDADE,SEM MODO DE FALHA IDENTIFICADO,SEM MODO DE FALHA IDENTIFICADO,TRAIN
1910,ALTERAÇÃO DA VELOCIDADE DO DEVICER,ALTERACAO DA VELOCIDADE DO DEVICER,ALTERAÇÃO DA VELOCIDADE DO DEVICER,ALTERACAO DA VELOCIDADE DO DEVICER,TRAIN
1911,INSPEÇÃO PIN HEIGHE,INSPECAO PIN HEIGHE,FALHA DE INSPEÇÃO,FALHA DE INSPECAO,TRAIN
1912,ALTERAÇÃO DA ALTURA DO CABEÇOTE,ALTERACAO DA ALTURA DO CABECOTE,FALHA DE POSICIONAMENTO DO CABEÇOTE,FALHA DE POSICIONAMENTO DO CABECOTE,TEST
1913,LUBRIFICAÇÃO DO COMPACTADOR DA MESA DE CARGA,LUBRIFICACAO DO COMPACTADOR DA MESA DE CARGA,FALHA DE COMPACTAÇÃO DE CAMADA,FALHA DE COMPACTACAO DE CAMADA,TEST
1914,ALTERAÇÃO DA VELOCIDADE DO DEVICER,ALTERACAO DA VELOCIDADE DO DEVICER,ALTERAÇÃO DA VELOCIDADE DO DEVICER,ALTERACAO DA VELOCIDADE DO DEVICER,TRAIN
1915,STOPPER REALIZANDO ACIONAMENTOS INCORRETOS CAUSANDO ENROSCO/PEGA DE PACOTES NA MESA DE COMPACTAÇÃO E CARGA.,STOPPER REALIZANDO ACIONAMENTOS INCORRETOS CAUSANDO ENROSCO PEGA DE PACOTES NA MESA DE COMPACTACAO E CARGA,ENROSCO DE PACOTES,ENROSCO DE PACOTES,TRAIN
1916,STOPPER REALIZANDO ACIONAMENTOS INCORRETOS CAUSANDO ENROSCO/PEGA DE PACOTES NA MESA DE COMPACTAÇÃO E CARGA.,STOPPER REALIZANDO ACIONAMENTOS INCORRETOS CAUSANDO ENROSCO PEGA DE PACOTES NA MESA DE COMPACTACAO E CARGA,ENROSCO DE PACOTES,ENROSCO DE PACOTES,TRAIN
1917,STOPPER REALIZANDO ACIONAMENTOS INCORRETOS CAUSANDO ENROSCO/PEGA DE PACOTES NA MESA DE COMPACTAÇÃO E CARGA.,STOPPER REALIZANDO ACIONAMENTOS INCORRETOS CAUSANDO ENROSCO PEGA DE PACOTES NA MESA DE COMPACTACAO E CARGA,ENROSCO DE PACOTES,ENROSCO DE PACOTES,TRAIN
1918,FALHA NO ENVOLVIMENTO DE PACOTES,FALHA NO ENVOLVIMENTO DE PACOTES,SEM MODO DE FALHA IDENTIFICADO,SEM MODO DE FALHA IDENTIFICADO,TRAIN
1919,FALHA NO ENVOLVIMENTO DE PACOTES,FALHA NO ENVOLVIMENTO DE PACOTES,SEM MODO DE FALHA IDENTIFICADO,SEM MODO DE FALHA IDENTIFICADO,TRAIN
1920,CABO DE SEGURANÇA DANIFICADO,CABO DE SEGURANCA DANIFICADO,FALHA ELÉTRICA SEM COMPONENTE IDENTIFICADO,FALHA ELETRICA SEM COMPONENTE IDENTIFICADO,TRAIN
1921,ENCAVALAMENTO DA ESTEIRA DE ENTRADA DA PALETIZADORA,ENCAVALAMENTO DA ESTEIRA DE ENTRADA DA PALETIZADORA,TRAVAMENTO DE ESTEIRA,TRAVAMENTO DE ESTEIRA,TRAIN
1922,GUIA DE ENTRADA DA PALETIZADORA SOLATO OCASIONANDO ENTRADA DE CAIXAS ERRADA,GUIA DE ENTRADA DA PALETIZADORA SOLATO OCASIONANDO ENTRADA DE CAIXAS ERRADA,FALHA DE GUIA,FALHA DE GUIA,TRAIN
1923,QUEBRA DA BARRA DE FILME,QUEBRA DA BARRA DE FILME,QUEBRA DE COMPONENTE,QUEBRA DE COMPONENTE,TRAIN
1924,QUEBRA DA BARRA DE FILME,QUEBRA DA BARRA DE FILME,QUEBRA DE COMPONENTE,QUEBRA DE COMPONENTE,TRAIN
1925,"PALETIZADORA INICIOU A MONTAGEM DAS CAMADAS SEM O PALETE MONTADO ANTERIOR TER SAIDO, GERANDO COLISÃO ENTRE GAIOLA E PALETE.",PALETIZADORA INICIOU A MONTAGEM DAS CAMADAS SEM O PALETE MONTADO ANTERIOR TER SAIDO GERANDO COLISAO ENTRE GAIOLA E PALETE,FALHA DE SEQUENCIAMENTO DA PALETIZADORA,FALHA DE SEQUENCIAMENTO DA PALETIZADORA,TRAIN
1926,AJUSTE NOS SENSORES,AJUSTE NOS SENSORES,SEM MODO DE FALHA IDENTIFICADO,SEM MODO DE FALHA IDENTIFICADO,TRAIN
1927,"PALETIZADORA INICIOU A MONTAGEM DAS CAMADAS SEM O PALETE MONTADO ANTERIOR TER SAIDO, GERANDO COLISÃO ENTRE GAIOLA E PALETE.",PALETIZADORA INICIOU A MONTAGEM DAS CAMADAS SEM O PALETE MONTADO ANTERIOR TER SAIDO GERANDO COLISAO ENTRE GAIOLA E PALETE,FALHA DE SEQUENCIAMENTO DA PALETIZADORA,FALHA DE SEQUENCIAMENTO DA PALETIZADORA,TRAIN
1928,FALHA NO PRESTOTATOR DO PRENSSADOR DA ENVOLVEDORA,FALHA NO PRESTOTATOR DO PRENSSADOR DA ENVOLVEDORA,FALHA DE PRESSOSTATO,FALHA DE PRESSOSTATO,TRAIN
1929,FALHA NA PROGRAMAÇÃO PHM - ORDEM: 30008463550,FALHA NA PROGRAMACAO PHM ORDEM 30008463550,FALHA DE PARAMETRIZAÇÃO,FALHA DE PARAMETRIZACAO,TRAIN
1930,TRANSPORTE DE ENTRADA PARA ENVOLVEDORA DESARMANDO - ORDEM:30008463567,TRANSPORTE DE ENTRADA PARA ENVOLVEDORA DESARMANDO ORDEM 30008463567,DESARME DE TRANSPORTE,DESARME DE TRANSPORTE,TRAIN
1931,"ELEVADOR DE PALETES PARANDO FORA DA ALTURA, GERANDO DEGRAU NO TRANSPORTE DE PALETES. ORDEM- 30008465463.",ELEVADOR DE PALETES PARANDO FORA DA ALTURA GERANDO DEGRAU NO TRANSPORTE DE PALETES ORDEM 30008465463,FALHA DE ELEVADOR,FALHA DE ELEVADOR,TRAIN
1932,"TRANSPORTE DE CAIXAS ELO DANIFICADO, FOI REALIZADO A TROCA ORDEM: 30008465403",TRANSPORTE DE CAIXAS ELO DANIFICADO FOI REALIZADO A TROCA ORDEM 30008465403,FALHA DE ELO DE ESTEIRA,FALHA DE ELO DE ESTEIRA,TRAIN
1933,ESTEIRA NA CURVA DO TRANSPORTE DA PALETIZADORA ESCAPOU,ESTEIRA NA CURVA DO TRANSPORTE DA PALETIZADORA ESCAPOU,ESCAPE DE ESTEIRA,ESCAPE DE ESTEIRA,TRAIN
1934,"ROBO DA PALETIZADORA SOLTOU CAMADA DE CAIXAS, OCASIONANDO COLISÃO",ROBO DA PALETIZADORA SOLTOU CAMADA DE CAIXAS OCASIONANDO COLISAO,FALHA DE ROBÔ,FALHA DE ROBO,TRAIN
1935,ESTEIRA DO MOTOR TAG-333 ESCAPANDO,ESTEIRA DO MOTOR TAG 333 ESCAPANDO,FALHA DE MOTOR,FALHA DE MOTOR,TRAIN
1936,CILINDROROTATIVO DO AGREGADO 2 TRAVADO,CILINDROROTATIVO DO AGREGADO 2 TRAVADO,TRAVAMENTO DE CILINDRO ROTATIVO,TRAVAMENTO DE CILINDRO ROTATIVO,TRAIN
1937,CILINDROROTATIVO DO AGREGADO 2 TRAVADO ( ESVAZIANDO A LAVADORA ) - ORDEM 30008465711,CILINDROROTATIVO DO AGREGADO 2 TRAVADO ESVAZIANDO A LAVADORA ORDEM 30008465711,TRAVAMENTO DE CILINDRO ROTATIVO,TRAVAMENTO DE CILINDRO ROTATIVO,TEST
1938,"AJUSTE DE SENSIBILIDADE DO ORGARIO,DEVIDO A TROCA DO FILAMENTO",AJUSTE DE SENSIBILIDADE DO ORGARIO DEVIDO A TROCA DO FILAMENTO,SEM MODO DE FALHA IDENTIFICADO,SEM MODO DE FALHA IDENTIFICADO,TRAIN
1939,"ESTEIRA DA CURVA DE ENTRADA DA PALETIZADORA ESCAPOU,ESTEIRA DOSADORA DE ENTRADA DA PALETIZADORA,TRAVOU ( 30008465770 )",ESTEIRA DA CURVA DE ENTRADA DA PALETIZADORA ESCAPOU ESTEIRA DOSADORA DE ENTRADA DA PALETIZADORA TRAVOU 30008465770,ESCAPE DE ESTEIRA,ESCAPE DE ESTEIRA,TRAIN
1940,"ESTEIRA DA CURVA DA PALETIZADORA,ESCAPOU E ENTORTOU O ELO",ESTEIRA DA CURVA DA PALETIZADORA ESCAPOU E ENTORTOU O ELO,ESCAPE DE ESTEIRA,ESCAPE DE ESTEIRA,TRAIN
1941,"FALHA DURANTE MOVIMENTAÇÃO DOS PACOTES, FOI NESESSARIO RETIRAR PACOS E DAR MASTER RESET",FALHA DURANTE MOVIMENTACAO DOS PACOTES FOI NESESSARIO RETIRAR PACOS E DAR MASTER RESET,FALHA DE AUTOMAÇÃO,FALHA DE AUTOMACAO,TRAIN
1942,"FALHA NA PEGA, FOI NECESSÁRIO RESET DO ROBÔ",FALHA NA PEGA FOI NECESSARIO RESET DO ROBO,FALHA DE ROBÔ,FALHA DE ROBO,TRAIN
1943,JATOS FINAIS BAIXOS . ORDEM ;30008465755,JATOS FINAIS BAIXOS ORDEM 30008465755,FALHA DE JATOS DE ENXÁGUE,FALHA DE JATOS DE ENXAGUE,TEST
1944,QUEDA DE GARRAFAS NA ENTRADA DO ASEBI,QUEDA DE GARRAFAS NA ENTRADA DO ASEBI,FALHA DE INSPEÇÃO,FALHA DE INSPECAO,TRAIN
1945,PASSAGEM DE GARRAFAS TESTE.,PASSAGEM DE GARRAFAS TESTE,SEM MODO DE FALHA IDENTIFICADO,SEM MODO DE FALHA IDENTIFICADO,TEST
1946,"FALHA DE BAIXA PRESSÃO DE AR, REAPERTO DO CONECTOR DO PRESSOSTATO, ORDEM : 30008465465",FALHA DE BAIXA PRESSAO DE AR REAPERTO DO CONECTOR DO PRESSOSTATO ORDEM 30008465465,FALHA DE PRESSOSTATO,FALHA DE PRESSOSTATO,TRAIN
1947,"FALHA DE ENCHIMENTO NA VALVULA Nº76, ORDEM : 30008465460",FALHA DE ENCHIMENTO NA VALVULA N 76 ORDEM 30008465460,FALHA DE VÁLVULA DE ENCHIMENTO,FALHA DE VALVULA DE ENCHIMENTO,TRAIN
1948,"FALHA DE ENCHIMENTO NA VALVULA Nº76, ORDEM : 30008465460",FALHA DE ENCHIMENTO NA VALVULA N 76 ORDEM 30008465460,FALHA DE VÁLVULA DE ENCHIMENTO,FALHA DE VALVULA DE ENCHIMENTO,TRAIN
1949,"PALETIZAÇÃO FICANDO COM LATERAL ABERTA, CAINDO PACOTE DO PALLET ACABADO",PALETIZACAO FICANDO COM LATERAL ABERTA CAINDO PACOTE DO PALLET ACABADO,QUEDA DE PACOTES,QUEDA DE PACOTES,TEST
1950,"FALHA NA TROCA DE BOBINA, SOLDA ESTOUROU",FALHA NA TROCA DE BOBINA SOLDA ESTOUROU,FALHA DE SOLDA DE FILME,FALHA DE SOLDA DE FILME,TRAIN
1951,"LATA SENDO REJEITADA E CAINDO NA REJEIÇÃO, ENROSCANDO NO TRANSPORTE E FALNTANDO LATA PARA ENCHEDORA",LATA SENDO REJEITADA E CAINDO NA REJEICAO ENROSCANDO NO TRANSPORTE E FALNTANDO LATA PARA ENCHEDORA,ENROSCO DE LATAS,ENROSCO DE LATAS,TRAIN
1952,FALHA DE ENCHEMENTO VALVULA 76 JAMP ELETRONICAMENTE.,FALHA DE ENCHEMENTO VALVULA 76 JAMP ELETRONICAMENTE,FALHA DE VÁLVULA DE ENCHIMENTO,FALHA DE VALVULA DE ENCHIMENTO,TEST
1953,"ELO TORTO, OCASIONANDO TRAVAMENTO, FOI REALIZADO A TROCA DO ELO TORTO ORDEM: 30008474275",ELO TORTO OCASIONANDO TRAVAMENTO FOI REALIZADO A TROCA DO ELO TORTO ORDEM 30008474275,FALHA DE ELO DE ESTEIRA,FALHA DE ELO DE ESTEIRA,TRAIN
1954,"FALHA NA ENTRADA DE CAIXASFORMAÇÃO DE CAMADAS, FOI SUBSTITUIDO O PARAFUSO NO SUPORTE DE FIXAÇÃO DO DIVISOR DE CAIXAS ORDEM: 30008474272",FALHA NA ENTRADA DE CAIXASFORMACAO DE CAMADAS FOI SUBSTITUIDO O PARAFUSO NO SUPORTE DE FIXACAO DO DIVISOR DE CAIXAS ORDEM 30008474272,FALHA DE FORMAÇÃO DE CAMADA,FALHA DE FORMACAO DE CAMADA,TRAIN
1955,FALHA OZÔNIO BAIXO 30008474311,FALHA OZONIO BAIXO 30008474311,FALHA DE CONTROLE DE PROCESSO,FALHA DE CONTROLE DE PROCESSO,TRAIN
1956,ESCAPOU A ESTEIRA NA CURVA DA PALETTIZADORA,ESCAPOU A ESTEIRA NA CURVA DA PALETTIZADORA,ESCAPE DE ESTEIRA,ESCAPE DE ESTEIRA,TRAIN
1957,"FALHA AUTOCALIBRAÇÃO, DEVIDO GÁS OZONIO BAIXO NO CANAL 1",FALHA AUTOCALIBRACAO DEVIDO GAS OZONIO BAIXO NO CANAL 1,FALHA DE CONTROLE DE PROCESSO,FALHA DE CONTROLE DE PROCESSO,TRAIN
1958,SENSOR DO TAPETE DE SAIDA POSICIONADO FORA DO FOCO,SENSOR DO TAPETE DE SAIDA POSICIONADO FORA DO FOCO,FALHA DE SENSOR,FALHA DE SENSOR,TRAIN
1959,"VALVULA Nº76 COM FALHA DE ENCHIMENTO FMC, ESTA JAMPEADA ELETRONICAMENTE E COM PULSO 400",VALVULA N 76 COM FALHA DE ENCHIMENTO FMC ESTA JAMPEADA ELETRONICAMENTE E COM PULSO 400,FALHA DE VÁLVULA DE ENCHIMENTO,FALHA DE VALVULA DE ENCHIMENTO,TEST
1960,CALIBRAGEM DO SENSOR DE VACUO,CALIBRAGEM DO SENSOR DE VACUO,FALHA DE SENSOR,FALHA DE SENSOR,TRAIN
1961,"ENCHEDORA COM VELOCIDADE REDUZIDA,DEVIDO A VARIAÇÃO NO NIVEL DE ENCHIMENTO DA VÁLVULA 76 - ORDEM - 30008465460",ENCHEDORA COM VELOCIDADE REDUZIDA DEVIDO A VARIACAO NO NIVEL DE ENCHIMENTO DA VALVULA 76 ORDEM 30008465460,FALHA DE VÁLVULA DE ENCHIMENTO,FALHA DE VALVULA DE ENCHIMENTO,TEST
1962,"ENCHEDORA COM VELOCIDADE REDUZIDA,DEVIDO A VARIAÇÃO NO NIVEL DE ENCHIMENTO DA VÁLVULA 76 - ORDEM - 30008465460",ENCHEDORA COM VELOCIDADE REDUZIDA DEVIDO A VARIACAO NO NIVEL DE ENCHIMENTO DA VALVULA 76 ORDEM 30008465460,FALHA DE VÁLVULA DE ENCHIMENTO,FALHA DE VALVULA DE ENCHIMENTO,TEST
1963,FALHA DE ENCHIMENTO VALVULA 76 JAMP ELETRONICAMENTE.,FALHA DE ENCHIMENTO VALVULA 76 JAMP ELETRONICAMENTE,FALHA DE VÁLVULA DE ENCHIMENTO,FALHA DE VALVULA DE ENCHIMENTO,TRAIN
1964,AJUSTE NAS GUIAS DE COMPACTAÇÃO DO CENTRADOR DE FOLHA SEPARADORA,AJUSTE NAS GUIAS DE COMPACTACAO DO CENTRADOR DE FOLHA SEPARADORA,SEM MODO DE FALHA IDENTIFICADO,SEM MODO DE FALHA IDENTIFICADO,TEST
1965,FALHA NA BAILARINA DO WARRMER GERANDO O DESLIGAMENTO DO MESMO.,FALHA NA BAILARINA DO WARRMER GERANDO O DESLIGAMENTO DO MESMO,FALHA DE BAILARINA,FALHA DE BAILARINA,TRAIN
1966,FALHA DE ENCHIMENTO,FALHA DE ENCHIMENTO,FALHA DE ENCHIMENTO,FALHA DE ENCHIMENTO,TRAIN
1967,FALHA DE ENCHIMENTO,FALHA DE ENCHIMENTO,FALHA DE ENCHIMENTO,FALHA DE ENCHIMENTO,TRAIN
1968,FALHA DE ENCHIMENTO,FALHA DE ENCHIMENTO,FALHA DE ENCHIMENTO,FALHA DE ENCHIMENTO,TRAIN
1969,FALHA DE ENCHIMENTO,FALHA DE ENCHIMENTO,FALHA DE ENCHIMENTO,FALHA DE ENCHIMENTO,TRAIN
1970,FALHA DE ENCHIMENTO,FALHA DE ENCHIMENTO,FALHA DE ENCHIMENTO,FALHA DE ENCHIMENTO,TRAIN
1971,FALHA DE ENCHIMENTO,FALHA DE ENCHIMENTO,FALHA DE ENCHIMENTO,FALHA DE ENCHIMENTO,TRAIN
1972,FALHA DE ENCHIMENTO,FALHA DE ENCHIMENTO,FALHA DE ENCHIMENTO,FALHA DE ENCHIMENTO,TRAIN
1973,FALHA CARTÃO MESTRE,FALHA CARTAO MESTRE,FALHA DE CARTÃO MESTRE,FALHA DE CARTAO MESTRE,TRAIN
1974,FALHA DE ENCHIMENTO,FALHA DE ENCHIMENTO,FALHA DE ENCHIMENTO,FALHA DE ENCHIMENTO,TRAIN
1975,FALHA DE ENCHIMENTO,FALHA DE ENCHIMENTO,FALHA DE ENCHIMENTO,FALHA DE ENCHIMENTO,TRAIN
1976,FALHA DE ENCHIMENTO,FALHA DE ENCHIMENTO,FALHA DE ENCHIMENTO,FALHA DE ENCHIMENTO,TRAIN
1977,FALHA DE ENCHIMENTO,FALHA DE ENCHIMENTO,FALHA DE ENCHIMENTO,FALHA DE ENCHIMENTO,TRAIN
1978,QUEBROU BRAÇO DO EMPURADOR DE TAMPAS CSW,QUEBROU BRACO DO EMPURADOR DE TAMPAS CSW,QUEBRA DE BRAÇO,QUEBRA DE BRACO,TEST
1979,QUEBROU BRAÇO DO EMPURADOR DE TAMPAS CSW,QUEBROU BRACO DO EMPURADOR DE TAMPAS CSW,QUEBRA DE BRAÇO,QUEBRA DE BRACO,TEST
1980,QUEDA DE PACOTES DO CABEÇOTE ( CONSECUTIVAMENTE)_,QUEDA DE PACOTES DO CABECOTE CONSECUTIVAMENTE,QUEDA DE PACOTES,QUEDA DE PACOTES,TRAIN
1981,"FALHA DE ENCHIMENTO, EXCESSO DE NIVEL BAIXO",FALHA DE ENCHIMENTO EXCESSO DE NIVEL BAIXO,FALHA DE ENCHIMENTO,FALHA DE ENCHIMENTO,TRAIN
1982,FALHA NO DEPOSITO DE PALLET VAZIO,FALHA NO DEPOSITO DE PALLET VAZIO,FALHA NO DEPOSITO DE PALLET,FALHA NO DEPOSITO DE PALLET,TRAIN
1983,"ENCHEDORA COM VELOCIDADE REDUZIDA,DEVIDO A VARIAÇÃO NO NIVEL DE ENCHIMENTO DA VÁLVULA 76 - ORDEM - 30008465460",ENCHEDORA COM VELOCIDADE REDUZIDA DEVIDO A VARIACAO NO NIVEL DE ENCHIMENTO DA VALVULA 76 ORDEM 30008465460,FALHA DE VÁLVULA DE ENCHIMENTO,FALHA DE VALVULA DE ENCHIMENTO,TEST
1984,"ENCHEDORA COM VELOCIDADE REDUZIDA,DEVIDO A VARIAÇÃO NO NIVEL DE ENCHIMENTO DA VÁLVULA 76 - ORDEM - 30008465460",ENCHEDORA COM VELOCIDADE REDUZIDA DEVIDO A VARIACAO NO NIVEL DE ENCHIMENTO DA VALVULA 76 ORDEM 30008465460,FALHA DE VÁLVULA DE ENCHIMENTO,FALHA DE VALVULA DE ENCHIMENTO,TEST
1985,"ENCHEDORA COM VELOCIDADE REDUZIDA,DEVIDO A VARIAÇÃO NO NIVEL DE ENCHIMENTO DA VÁLVULA 76 - ORDEM - 30008465460",ENCHEDORA COM VELOCIDADE REDUZIDA DEVIDO A VARIACAO NO NIVEL DE ENCHIMENTO DA VALVULA 76 ORDEM 30008465460,FALHA DE VÁLVULA DE ENCHIMENTO,FALHA DE VALVULA DE ENCHIMENTO,TEST
1986,"ENCHEDORA COM VELOCIDADE REDUZIDA,DEVIDO A VARIAÇÃO NO NIVEL DE ENCHIMENTO DA VÁLVULA 76 - ORDEM - 30008465460",ENCHEDORA COM VELOCIDADE REDUZIDA DEVIDO A VARIACAO NO NIVEL DE ENCHIMENTO DA VALVULA 76 ORDEM 30008465460,FALHA DE VÁLVULA DE ENCHIMENTO,FALHA DE VALVULA DE ENCHIMENTO,TEST
1987,COLISAO DO ROBO COM O PALLET EM FORMAÇÃO - ORDEM -30008477339,COLISAO DO ROBO COM O PALLET EM FORMACAO ORDEM 30008477339,FALHA DE ROBÔ,FALHA DE ROBO,TRAIN
1988,"FALHA VÁLVULA 46, BINOCULO QUEBRADO, OCASIONANDO TRAVAMENTO DO SUPORTE DA TULIPA, GERANDO O ENROSCO DE GARRAFAS NA SAIDA DA ESTRELA ORDEM: 30008478951",FALHA VALVULA 46 BINOCULO QUEBRADO OCASIONANDO TRAVAMENTO DO SUPORTE DA TULIPA GERANDO O ENROSCO DE GARRAFAS NA SAIDA DA ESTRELA ORDEM 30008478951,TRAVAMENTO DE VÁLVULA,TRAVAMENTO DE VALVULA,TRAIN
1989,"ESTEIRA NA CURVA DO TRANSPORTE NA ENTRADA DE CAIXAS PALETIZADORA ESCAPOU, NYLON DANIFICADO, FOI REALIZADO A TROCA DO NYLON",ESTEIRA NA CURVA DO TRANSPORTE NA ENTRADA DE CAIXAS PALETIZADORA ESCAPOU NYLON DANIFICADO FOI REALIZADO A TROCA DO NYLON,ESCAPE DE ESTEIRA,ESCAPE DE ESTEIRA,TEST
1990,"FALHA INSPEÇÃO RÓTULO FRENTE ,REALIZADO APRENDIZAGEM DE CCSA PARA CCZ",FALHA INSPECAO ROTULO FRENTE REALIZADO APRENDIZAGEM DE CCSA PARA CCZ,FALHA DE ROTULAGEM,FALHA DE ROTULAGEM,TRAIN
1991,"ESTEIRA NA CURVA DO TRANSPORTE NA ENTRADA DE CAIXAS PALETIZADORA ESCAPOU, NYLON DANIFICADO, FOI REALIZADO A TROCA DO NYLON",ESTEIRA NA CURVA DO TRANSPORTE NA ENTRADA DE CAIXAS PALETIZADORA ESCAPOU NYLON DANIFICADO FOI REALIZADO A TROCA DO NYLON,ESCAPE DE ESTEIRA,ESCAPE DE ESTEIRA,TEST
1992,"FALHA VÁLVULA 46, BINOCULO QUEBRADO, OCASIONANDO TRAVAMENTO DO SUPORTE DA TULIPA, GERANDO O ENROSCO DE GARRAFAS NA SAIDA DA ESTRELA ORDEM: 30008478951",FALHA VALVULA 46 BINOCULO QUEBRADO OCASIONANDO TRAVAMENTO DO SUPORTE DA TULIPA GERANDO O ENROSCO DE GARRAFAS NA SAIDA DA ESTRELA ORDEM 30008478951,TRAVAMENTO DE VÁLVULA,TRAVAMENTO DE VALVULA,TRAIN
1993,"FALHA NA VALVULA 45 E 46 ,ASTE DO ROLO DE ELEVAÇÃO ESTA TRAVANDO",FALHA NA VALVULA 45 E 46 ASTE DO ROLO DE ELEVACAO ESTA TRAVANDO,TRAVAMENTO DE VÁLVULA,TRAVAMENTO DE VALVULA,TRAIN
1994,"ESTEIRA COM ELO TORTO,ESCAPANDO ( 30008479144 )",ESTEIRA COM ELO TORTO ESCAPANDO 30008479144,ESCAPE DE ESTEIRA,ESCAPE DE ESTEIRA,TRAIN
1995,"FALHA NO ENCHIMENTO DA VALVULA 45 E 46 ( ASTE DO ROLO DE ELEVAÇÃO ,TRAVANDO ) 30008479252",FALHA NO ENCHIMENTO DA VALVULA 45 E 46 ASTE DO ROLO DE ELEVACAO TRAVANDO 30008479252,FALHA DE VÁLVULA DE ENCHIMENTO,FALHA DE VALVULA DE ENCHIMENTO,TRAIN
1996,"ESTEIRA COM ELO TORTO,ESCAPANDO , TROCA DA ESTEIRA ( 30008479144 )",ESTEIRA COM ELO TORTO ESCAPANDO TROCA DA ESTEIRA 30008479144,ESCAPE DE ESTEIRA,ESCAPE DE ESTEIRA,TRAIN
1997,"VALVULA 45 E 46,COM A ASTE DO ROLO DE ELEVAÇÃO TRAVANDO 30008479252",VALVULA 45 E 46 COM A ASTE DO ROLO DE ELEVACAO TRAVANDO 30008479252,TRAVAMENTO DE VÁLVULA,TRAVAMENTO DE VALVULA,TEST
1998,FALHA NO INVERSOR DO MOTOR 331,FALHA NO INVERSOR DO MOTOR 331,FALHA DE INVERSOR,FALHA DE INVERSOR,TEST
1999,FALHA DE REMOVEDOR DE CARTÃO BLOQUEADO,FALHA DE REMOVEDOR DE CARTAO BLOQUEADO,FALHA NO MANUSEIO DE CARTÃO,FALHA NO MANUSEIO DE CARTAO,TRAIN
2000,FALHA DE ENCHIMENTO NA VALVULA 17 ( NOTA; 30008480300 ),FALHA DE ENCHIMENTO NA VALVULA 17 NOTA 30008480300,FALHA DE VÁLVULA DE ENCHIMENTO,FALHA DE VALVULA DE ENCHIMENTO,TRAIN
2001,FALHA DE ENCHIMENTO NA VALVULA 17 ( NOTA; 30008480300 ),FALHA DE ENCHIMENTO NA VALVULA 17 NOTA 30008480300,FALHA DE VÁLVULA DE ENCHIMENTO,FALHA DE VALVULA DE ENCHIMENTO,TRAIN
2002,"FILME NÃO ESTAVA SENDO PUXADO PARA O ROLO EMBORRACHADO , NOTA 30008478927",FILME NAO ESTAVA SENDO PUXADO PARA O ROLO EMBORRACHADO NOTA 30008478927,FALHA DE TRAÇÃO/GUIAMENTO DE FILME,FALHA DE TRACAO GUIAMENTO DE FILME,TRAIN
2003,"FILME NÃO ESTAVA SENDO PUXADO PARA O ROLO EMBORRACHADO , NOTA 30008478927",FILME NAO ESTAVA SENDO PUXADO PARA O ROLO EMBORRACHADO NOTA 30008478927,FALHA DE TRAÇÃO/GUIAMENTO DE FILME,FALHA DE TRACAO GUIAMENTO DE FILME,TRAIN
2004,SENSOR DE ACIONAMENTO DO TROCADOR DO CALOR EM FALHA,SENSOR DE ACIONAMENTO DO TROCADOR DO CALOR EM FALHA,FALHA DE SENSOR,FALHA DE SENSOR,TRAIN
2005,SENSOR DE ACIONAMENTO DO TROCADOR DO CALOR EM FALHA,SENSOR DE ACIONAMENTO DO TROCADOR DO CALOR EM FALHA,FALHA DE SENSOR,FALHA DE SENSOR,TRAIN
2006,NIVEL BAIXO / TROCA DE ABA CONICA,NIVEL BAIXO TROCA DE ABA CONICA,FALHA DE ABA CÔNICA,FALHA DE ABA CONICA,TRAIN
2007,FALHA NO TRANSPAÇO DO PACOTE,FALHA NO TRANSPACO DO PACOTE,FALHA DE TRANSPORTE DE PACOTES,FALHA DE TRANSPORTE DE PACOTES,TRAIN
2008,"QUEDA DE GARRAFAS,TROCA DAS MOLAS DAS PINÇAS N:10 ,19 ORDEM 30008478929",QUEDA DE GARRAFAS TROCA DAS MOLAS DAS PINCAS N 10 19 ORDEM 30008478929,FALHA DE PINÇA,FALHA DE PINCA,TEST
2009,"QUEDA DE GARRAFAS,TROCA DAS MOLAS DAS PINÇAS N:10 ,19 ORDEM 30008478929",QUEDA DE GARRAFAS TROCA DAS MOLAS DAS PINCAS N 10 19 ORDEM 30008478929,FALHA DE PINÇA,FALHA DE PINCA,TEST
2010,PINO DE SEPARACAO FORA DA POSICAO,PINO DE SEPARACAO FORA DA POSICAO,FALHA DE PINO DE SEPARAÇÃO,FALHA DE PINO DE SEPARACAO,TEST
2011,FALHA DE ENCHIMENTO NA VALVULA 17 ( NOTA; 30008480300 ),FALHA DE ENCHIMENTO NA VALVULA 17 NOTA 30008480300,FALHA DE VÁLVULA DE ENCHIMENTO,FALHA DE VALVULA DE ENCHIMENTO,TRAIN
2012,"ENCHEDORA COM VELOCIDADE REDUZIDA,DEVIDO A VARIAÇÃO NO NIVEL DE ENCHIMENTO, ORDEM : 30008478935",ENCHEDORA COM VELOCIDADE REDUZIDA DEVIDO A VARIACAO NO NIVEL DE ENCHIMENTO ORDEM 30008478935,FALHA DE ENCHIMENTO,FALHA DE ENCHIMENTO,TRAIN
2013,FALHA NO DEPOSITO DE PALLET VAZIO,FALHA NO DEPOSITO DE PALLET VAZIO,FALHA NO DEPOSITO DE PALLET,FALHA NO DEPOSITO DE PALLET,TRAIN
2014,"ENCHEDORA COM VELOCIDADE REDUZIDA,DEVIDO A VARIAÇÃO NO NIVEL DE ENCHIMENTO, ORDEM : 30008478935",ENCHEDORA COM VELOCIDADE REDUZIDA DEVIDO A VARIACAO NO NIVEL DE ENCHIMENTO ORDEM 30008478935,FALHA DE ENCHIMENTO,FALHA DE ENCHIMENTO,TRAIN
2015,"ENCHEDORA COM VELOCIDADE REDUZIDA,DEVIDO A VARIAÇÃO NO NIVEL DE ENCHIMENTO, ORDEM : 30008478935",ENCHEDORA COM VELOCIDADE REDUZIDA DEVIDO A VARIACAO NO NIVEL DE ENCHIMENTO ORDEM 30008478935,FALHA DE ENCHIMENTO,FALHA DE ENCHIMENTO,TRAIN
2016,"ENCHEDORA COM VELOCIDADE REDUZIDA,DEVIDO A VARIAÇÃO NO NIVEL DE ENCHIMENTO, ORDEM : 30008478935",ENCHEDORA COM VELOCIDADE REDUZIDA DEVIDO A VARIACAO NO NIVEL DE ENCHIMENTO ORDEM 30008478935,FALHA DE ENCHIMENTO,FALHA DE ENCHIMENTO,TRAIN
2017,"ENCHEDORA COM VELOCIDADE REDUZIDA,DEVIDO A VARIAÇÃO NO NIVEL DE ENCHIMENTO, ORDEM : 30008478935",ENCHEDORA COM VELOCIDADE REDUZIDA DEVIDO A VARIACAO NO NIVEL DE ENCHIMENTO ORDEM 30008478935,FALHA DE ENCHIMENTO,FALHA DE ENCHIMENTO,TRAIN
2018,FALHA NA PEGA DE PALLET VAZIO,FALHA NA PEGA DE PALLET VAZIO,FALHA NA PEGA DE PALLET VAZIO,FALHA NA PEGA DE PALLET VAZIO,TRAIN
2019,"ENCHEDORA COM VELOCIDADE REDUZIDA,DEVIDO A VARIAÇÃO NO NIVEL DE ENCHIMENTO, ORDEM : 30008478935",ENCHEDORA COM VELOCIDADE REDUZIDA DEVIDO A VARIACAO NO NIVEL DE ENCHIMENTO ORDEM 30008478935,FALHA DE ENCHIMENTO,FALHA DE ENCHIMENTO,TRAIN
2020,FALHA NA PEGA DE PALLET VAZIO,FALHA NA PEGA DE PALLET VAZIO,FALHA NA PEGA DE PALLET VAZIO,FALHA NA PEGA DE PALLET VAZIO,TRAIN
2021,"ENCHEDORA COM VELOCIDADE REDUZIDA,DEVIDO A VARIAÇÃO NO NIVEL DE ENCHIMENTO, ORDEM : 30008478935",ENCHEDORA COM VELOCIDADE REDUZIDA DEVIDO A VARIACAO NO NIVEL DE ENCHIMENTO ORDEM 30008478935,FALHA DE ENCHIMENTO,FALHA DE ENCHIMENTO,TRAIN
2022,FALHA NA PEGA DE PALLET VAZIO,FALHA NA PEGA DE PALLET VAZIO,FALHA NA PEGA DE PALLET VAZIO,FALHA NA PEGA DE PALLET VAZIO,TRAIN
2023,AJUSTE DE VELOCIDADE DA ESTEIRA DO TAPETE DE SAÍDA ORDEM 30008479760,AJUSTE DE VELOCIDADE DA ESTEIRA DO TAPETE DE SAIDA ORDEM 30008479760,FALHA DE ELO DE ESTEIRA,FALHA DE ELO DE ESTEIRA,TRAIN
2024,AJUSTE DE VELOCIDADE DA ESTEIRA DO TAPETE DE SAÍDA ORDEM 30008479760,AJUSTE DE VELOCIDADE DA ESTEIRA DO TAPETE DE SAIDA ORDEM 30008479760,FALHA DE ELO DE ESTEIRA,FALHA DE ELO DE ESTEIRA,TRAIN
2025,"MODULO EM FALHA, PALLET PARANDO NA FRENTE DA BARREIRA 30008480353",MODULO EM FALHA PALLET PARANDO NA FRENTE DA BARREIRA 30008480353,FALHA DE BARREIRA,FALHA DE BARREIRA,TRAIN
2026,FALHA DIMENSIONAMENTO DE CAMADAS. ORDEM- 30008478955,FALHA DIMENSIONAMENTO DE CAMADAS ORDEM 30008478955,FALHA DE DIMENSIONAMENTO DE CAMADA,FALHA DE DIMENSIONAMENTO DE CAMADA,TEST
2027,RETIRANDO TODAS AS GARRAFAS. ORDEM 30008478960,RETIRANDO TODAS AS GARRAFAS ORDEM 30008478960,SEM MODO DE FALHA IDENTIFICADO,SEM MODO DE FALHA IDENTIFICADO,TEST
2028,TRAVAMENTO DA CORRENTE DE ENVOLVIMENTO. ORDEM- 30008478959,TRAVAMENTO DA CORRENTE DE ENVOLVIMENTO ORDEM 30008478959,TRAVAMENTO DE CORRENTE,TRAVAMENTO DE CORRENTE,TRAIN
2029,FALHA NA BANDEROLA,FALHA NA BANDEROLA,FALHA DE BANDEIROLA,FALHA DE BANDEIROLA,TRAIN
2030,"FALHA AUTOCALIBRAÇÃO, DEVIDO REDOX BAIXO",FALHA AUTOCALIBRACAO DEVIDO REDOX BAIXO,FALHA DE CONTROLE DE PROCESSO,FALHA DE CONTROLE DE PROCESSO,TEST
2031,"VAZAMENTO DE AGUA NA MANGUEIRA DA ROTULADORA, ROMPIIMENTO DA CONEXÃO PNEUMATICA ORDEM: 3000848802",VAZAMENTO DE AGUA NA MANGUEIRA DA ROTULADORA ROMPIIMENTO DA CONEXAO PNEUMATICA ORDEM 3000848802,ROMPIMENTO DE MANGUEIRA DE ÁGUA,ROMPIMENTO DE MANGUEIRA DE AGUA,TRAIN
2032,ROBO PEGANDO CAIXAS A MENOS,ROBO PEGANDO CAIXAS A MENOS,FALHA NA PEGADA DE CAMADA,FALHA NA PEGADA DE CAMADA,TRAIN
2033,QUEBROU A ESTEIRA DO TRANSPORTE DE PACOTES NOTA : 30008488808,QUEBROU A ESTEIRA DO TRANSPORTE DE PACOTES NOTA 30008488808,QUEBRA DE ESTEIRA,QUEBRA DE ESTEIRA,TRAIN
2034,GFS SEM TAMPA / MOLHOU O FILME DA EMPACOTADORA,GFS SEM TAMPA MOLHOU O FILME DA EMPACOTADORA,FALHA DE ALIMENTAÇÃO DE TAMPAS,FALHA DE ALIMENTACAO DE TAMPAS,TRAIN
2035,ABA CONICA DANIFICADA,ABA CONICA DANIFICADA,FALHA DE ABA CÔNICA,FALHA DE ABA CONICA,TEST
2036,"(30008489553) FORNO EM ALARME, DESARMOU O DIJUNTOR",30008489553 FORNO EM ALARME DESARMOU O DIJUNTOR,DESARME DE DISJUNTOR,DESARME DE DISJUNTOR,TEST
2037,SAIDA DE GARRAFAS DA ENCHEDORA FORA DE SINCRONISMO,SAIDA DE GARRAFAS DA ENCHEDORA FORA DE SINCRONISMO,FALHA DE SINCRONISMO,FALHA DE SINCRONISMO,TRAIN
2038,SAIDA DE GARRAFAS DA ENCHEDORA FORA DE SINCRONISMO,SAIDA DE GARRAFAS DA ENCHEDORA FORA DE SINCRONISMO,FALHA DE SINCRONISMO,FALHA DE SINCRONISMO,TRAIN
2040,TWISTER DE SAIDA DA FILTEC DERRUBANDO LATAS PARA A ENTRADA DA EMPACOTADORA,TWISTER DE SAIDA DA FILTEC DERRUBANDO LATAS PARA A ENTRADA DA EMPACOTADORA,FALHA DE TWISTER,FALHA DE TWISTER,TRAIN
2041,FALHA NO SISTEMA DE ENVOLVIMENTO QUEDA DA REGUA DE ENVOLVIMENTO - ORDEM - 30008489606,FALHA NO SISTEMA DE ENVOLVIMENTO QUEDA DA REGUA DE ENVOLVIMENTO ORDEM 30008489606,FALHA DE RÉGUA DE ENVOLVIMENTO,FALHA DE REGUA DE ENVOLVIMENTO,TRAIN
2042,"CAMADA FORMADA NÃO TRANSFERE PARA A MESA DE CARGA, ORDEM : 30008488779",CAMADA FORMADA NAO TRANSFERE PARA A MESA DE CARGA ORDEM 30008488779,FALHA NA MESA DE CARGA,FALHA NA MESA DE CARGA,TRAIN
2043,FALHA NO SISTEMA DE ENVOLVIMENTO QUEDA DA REGUA DE ENVOLVIMENTO - ORDEM - 30008489606,FALHA NO SISTEMA DE ENVOLVIMENTO QUEDA DA REGUA DE ENVOLVIMENTO ORDEM 30008489606,FALHA DE RÉGUA DE ENVOLVIMENTO,FALHA DE REGUA DE ENVOLVIMENTO,TRAIN
2044,"ENROSCO DE TAMPA NA TRANSFERENCIA PARA O TRANSPORTE DE ALIMENTAÇÃO, PISTÃO/EMPURRADOR DEMORANDO NO RECUO",ENROSCO DE TAMPA NA TRANSFERENCIA PARA O TRANSPORTE DE ALIMENTACAO PISTAO EMPURRADOR DEMORANDO NO RECUO,ENROSCO DE TAMPAS,ENROSCO DE TAMPAS,TRAIN
2045,FALHA NO SISTEMA DE ENVOLVIMENTO QUEDA DA REGUA DE ENVOLVIMENTO - ORDEM - 30008489606,FALHA NO SISTEMA DE ENVOLVIMENTO QUEDA DA REGUA DE ENVOLVIMENTO ORDEM 30008489606,FALHA DE RÉGUA DE ENVOLVIMENTO,FALHA DE REGUA DE ENVOLVIMENTO,TRAIN
2046,REFERENCIAMENTO DO SISTEMA ENVOLVEDOR E CORRENTE DE ARRASTE,REFERENCIAMENTO DO SISTEMA ENVOLVEDOR E CORRENTE DE ARRASTE,PERDA DE REFERÊNCIA,PERDA DE REFERENCIA,TRAIN
2047,REJEITOR DE LATAS EXPULSANDO E DERRUBANDO PARA O TRANSPORTE,REJEITOR DE LATAS EXPULSANDO E DERRUBANDO PARA O TRANSPORTE,FALHA DE REJEIÇÃO,FALHA DE REJEICAO,TRAIN
2048,REJEITOR DE LATAS EXPULSANDO E DERRUBANDO PARA O TRANSPORTE,REJEITOR DE LATAS EXPULSANDO E DERRUBANDO PARA O TRANSPORTE,FALHA DE REJEIÇÃO,FALHA DE REJEICAO,TRAIN
2049,REJEITOR DE LATAS EXPULSANDO E DERRUBANDO PARA O TRANSPORTE,REJEITOR DE LATAS EXPULSANDO E DERRUBANDO PARA O TRANSPORTE,FALHA DE REJEIÇÃO,FALHA DE REJEICAO,TRAIN
2050,FALHA INVERSOR 2°TRANSPORTE RECIPIENTES 484 UO,FALHA INVERSOR 2 TRANSPORTE RECIPIENTES 484 UO,FALHA DE INVERSOR,FALHA DE INVERSOR,TEST
2051,FALHA / TRAVOU PISTÃO DE DESEMBALAR TUBETES,FALHA TRAVOU PISTAO DE DESEMBALAR TUBETES,TRAVAMENTO DE ATUADOR,TRAVAMENTO DE ATUADOR,TRAIN
2052,FALHA DE SINCRONISMO NA CSW,FALHA DE SINCRONISMO NA CSW,FALHA NO SISTEMA DE CORTE,FALHA NO SISTEMA DE CORTE,TEST
2053,AJUSTE DE VELOCIDADE NO TRANSPORTE DE GARRAFAS,AJUSTE DE VELOCIDADE NO TRANSPORTE DE GARRAFAS,FALHA DE VELOCIDADE DO TRANSPORTE,FALHA DE VELOCIDADE DO TRANSPORTE,TRAIN
2054,"ROBÕ COLOC CHAPATEX FAC LINHA 4, DEPOSITANDO CARTÃO FORA DE POSIÇÃO",ROBO COLOC CHAPATEX FAC LINHA 4 DEPOSITANDO CARTAO FORA DE POSICAO,FALHA DE ROBÔ,FALHA DE ROBO,TEST
2055,TROCA DE UMA VENTOSA,TROCA DE UMA VENTOSA,FALHA DE VENTOSA,FALHA DE VENTOSA,TRAIN
2057,FALHA NA ENVOLVEDORA,FALHA NA ENVOLVEDORA,FALHA DE ENVOLVIMENTO,FALHA DE ENVOLVIMENTO,TRAIN
2058,QUEBROU O PARAFUSO DO FECHA CAMADA,QUEBROU O PARAFUSO DO FECHA CAMADA,QUEBRA DE PARAFUSO,QUEBRA DE PARAFUSO,TRAIN
2059,QUEDA DE GARRAFAS NA CORRENTE DE ARRASTE NOTA : 30008490461,QUEDA DE GARRAFAS NA CORRENTE DE ARRASTE NOTA 30008490461,QUEDA DE GARRAFAS,QUEDA DE GARRAFAS,TRAIN
2060,QUEBRA DA ESTEIRA DA SAIDA DO FORNO ORDEM Nº300084900727,QUEBRA DA ESTEIRA DA SAIDA DO FORNO ORDEM N 300084900727,QUEBRA DE ESTEIRA,QUEBRA DE ESTEIRA,TEST
2061,"FILME EMBOLADO NO ROLO DE CORTE DO FILME, FALTA DE BANDEJA PARA PROTEGER O ROLO DE PINGOS DE AGUA DO SUOR DAS GARRAFAS - ORDEM: 30008491557",FILME EMBOLADO NO ROLO DE CORTE DO FILME FALTA DE BANDEJA PARA PROTEGER O ROLO DE PINGOS DE AGUA DO SUOR DAS GARRAFAS ORDEM 30008491557,FALHA DE CORTE DE FILME,FALHA DE CORTE DE FILME,TEST
2062,"FILME GRUDADO NO TEFLON NA TROCA DA BOBINA,GERANDO O ESTOURO DA SOLDA DO MESMO NA PARTIDA - ORDEM - 30008490411",FILME GRUDADO NO TEFLON NA TROCA DA BOBINA GERANDO O ESTOURO DA SOLDA DO MESMO NA PARTIDA ORDEM 30008490411,FALHA DE SOLDA DE FILME,FALHA DE SOLDA DE FILME,TRAIN
2063,"TROCA DO PALLET DE FOLHA SEPARADORA EM MODO MANUAL,GERANDO FALHA NO SENSOR DA PORTA DE ENTRADA AO MAGAZINE",TROCA DO PALLET DE FOLHA SEPARADORA EM MODO MANUAL GERANDO FALHA NO SENSOR DA PORTA DE ENTRADA AO MAGAZINE,FALHA DE SENSOR,FALHA DE SENSOR,TRAIN
2064,"DURANTEPOS PROCESO DE SOLDA DO FILME, FILME GRUDOU NO TEFLON. GERANDO FOLPIMENTO DO FILME",DURANTEPOS PROCESO DE SOLDA DO FILME FILME GRUDOU NO TEFLON GERANDO FOLPIMENTO DO FILME,FALHA DE SOLDA DE FILME,FALHA DE SOLDA DE FILME,TRAIN
2065,EQUIPAMENTO SE DESLIGANDO E NAO APRESENTANDO FALHA OU ALERTA SONORO.,EQUIPAMENTO SE DESLIGANDO E NAO APRESENTANDO FALHA OU ALERTA SONORO,SEM MODO DE FALHA IDENTIFICADO,SEM MODO DE FALHA IDENTIFICADO,TRAIN
2066,EQUIPAMENTO SE DESLIGANDO SEM APRESENTAR FALHA OU ALARME SONORO,EQUIPAMENTO SE DESLIGANDO SEM APRESENTAR FALHA OU ALARME SONORO,DESLIGAMENTO INDEVIDO DO EQUIPAMENTO,DESLIGAMENTO INDEVIDO DO EQUIPAMENTO,TRAIN
2067,PROCEDIMENTO DE TROCA DO PALETE DE CARTAO SENDO FEITO DE FORMA MANUAL DEVIDO A FALHA NO AUTOMATICO,PROCEDIMENTO DE TROCA DO PALETE DE CARTAO SENDO FEITO DE FORMA MANUAL DEVIDO A FALHA NO AUTOMATICO,FALHA NA TROCA DE PALETE DE CARTÃO,FALHA NA TROCA DE PALETE DE CARTAO,TRAIN
2068,EQUIPAMENTO DELIGANDO SEM APRESENTAR FALHA OU ALERTA SONORO,EQUIPAMENTO DELIGANDO SEM APRESENTAR FALHA OU ALERTA SONORO,DESLIGAMENTO INDEVIDO DO EQUIPAMENTO,DESLIGAMENTO INDEVIDO DO EQUIPAMENTO,TRAIN
2069,PROCEDIMENTO DE TROCA DO PALETE DE CARTAO SENDO FEITO DE FORMA MANUAL DEVIDO A FALHA NO AUTOMATICO,PROCEDIMENTO DE TROCA DO PALETE DE CARTAO SENDO FEITO DE FORMA MANUAL DEVIDO A FALHA NO AUTOMATICO,FALHA NA TROCA DE PALETE DE CARTÃO,FALHA NA TROCA DE PALETE DE CARTAO,TRAIN
2070,EQUIPAMENTO DELIGANDO SEM APRESENTAR FALHA OU ALERTA SONORO,EQUIPAMENTO DELIGANDO SEM APRESENTAR FALHA OU ALERTA SONORO,DESLIGAMENTO INDEVIDO DO EQUIPAMENTO,DESLIGAMENTO INDEVIDO DO EQUIPAMENTO,TRAIN
2071,EQUIPAMENTO DELIGANDO SEM APRESENTAR FALHA OU ALERTA SONORO / FALHA ENCODER REMOVEDORDE CARTÃO BLOQUEADO,EQUIPAMENTO DELIGANDO SEM APRESENTAR FALHA OU ALERTA SONORO FALHA ENCODER REMOVEDORDE CARTAO BLOQUEADO,FALHA DE ENCODER,FALHA DE ENCODER,TRAIN
2072,"FALHA CHECKMATE, OCASIONANDO FALSO REJEITO NA SAIDA DA ROTULADORA",FALHA CHECKMATE OCASIONANDO FALSO REJEITO NA SAIDA DA ROTULADORA,FALHA DE ROTULAGEM,FALHA DE ROTULAGEM,TRAIN
2073,FALHA SENSOR DA ENTRADA DE GARRAFAS,FALHA SENSOR DA ENTRADA DE GARRAFAS,FALHA DE SENSOR,FALHA DE SENSOR,TRAIN
2074,AJUSTE NO SENSOR DE ENCHIMENTO,AJUSTE NO SENSOR DE ENCHIMENTO,FALHA DE SENSOR,FALHA DE SENSOR,TRAIN
2075,SAIDA DE GARRAFAS DA ENCHEDORA FORA DE SINCRONISMO 30008490456,SAIDA DE GARRAFAS DA ENCHEDORA FORA DE SINCRONISMO 30008490456,FALHA DE SINCRONISMO,FALHA DE SINCRONISMO,TRAIN
2076,SAIDA DE GARRAFAS DA ENCHEDORA FORA DE SINCRONISMO,SAIDA DE GARRAFAS DA ENCHEDORA FORA DE SINCRONISMO,FALHA DE SINCRONISMO,FALHA DE SINCRONISMO,TRAIN
2077,SAIDA DE GARRAFAS DA ENCHEDORA FORA DE SINCRONISMO,SAIDA DE GARRAFAS DA ENCHEDORA FORA DE SINCRONISMO,FALHA DE SINCRONISMO,FALHA DE SINCRONISMO,TRAIN
2078,PRANHA DERRUBANDO PACOTES,PRANHA DERRUBANDO PACOTES,FALHA DE PRANCHA,FALHA DE PRANCHA,TRAIN
2079,ALARME DE PORTA ABERTA ACIONADO,ALARME DE PORTA ABERTA ACIONADO,FALHA DE PORTA DE SEGURANÇA,FALHA DE PORTA DE SEGURANCA,TRAIN
2080,PRANCHA DERRUBANDO PACOTES,PRANCHA DERRUBANDO PACOTES,FALHA DE COMPACTAÇÃO DE CAMADA,FALHA DE COMPACTACAO DE CAMADA,TRAIN
2081,FALHA DE ENCHIMENTO DAS VALVULAS N° 24;29;51;52;68;70 E 79,FALHA DE ENCHIMENTO DAS VALVULAS N 24 29 51 52 68 70 E 79,FALHA DE VÁLVULA DE ENCHIMENTO,FALHA DE VALVULA DE ENCHIMENTO,TEST
2082,REJEITANDO LATAS BOAS,REJEITANDO LATAS BOAS,FALHA DE REJEIÇÃO,FALHA DE REJEICAO,TRAIN
2083,"FALHA VALVULA 45, VALVULA TRAVADA, OCASIONANDO ENROSCO DE GARRAFAS NO CARACOL",FALHA VALVULA 45 VALVULA TRAVADA OCASIONANDO ENROSCO DE GARRAFAS NO CARACOL,TRAVAMENTO DE VÁLVULA,TRAVAMENTO DE VALVULA,TEST
2084,"FALHA VALVULA 45, VALVULA TRAVADA, OCASIONANDO ENROSCO DE GARRAFAS NO CARACOL ( TROCA DE TURNO )",FALHA VALVULA 45 VALVULA TRAVADA OCASIONANDO ENROSCO DE GARRAFAS NO CARACOL TROCA DE TURNO,TRAVAMENTO DE VÁLVULA,TRAVAMENTO DE VALVULA,TRAIN
2085,"ENROSCO DE ROTULO,FALHA NA APLICAÇÃO DO ROTULO",ENROSCO DE ROTULO FALHA NA APLICACAO DO ROTULO,ENROSCO DE RÓTULOS,ENROSCO DE ROTULOS,TRAIN
2086,"ENROSCO DE ROTULO,FALHA NA APLICAÇÃO DO ROTULO",ENROSCO DE ROTULO FALHA NA APLICACAO DO ROTULO,ENROSCO DE RÓTULOS,ENROSCO DE ROTULOS,TRAIN
2087,"ENROSCO DE ROTULO,FALHA NA APLICAÇÃO DO ROTULO",ENROSCO DE ROTULO FALHA NA APLICACAO DO ROTULO,ENROSCO DE RÓTULOS,ENROSCO DE ROTULOS,TRAIN
2088,PORTA COM DEFEITO (13210685),PORTA COM DEFEITO 13210685,FALHA DE PORTA DE SEGURANÇA,FALHA DE PORTA DE SEGURANCA,TRAIN
2089,FALHA ELÉTRICA - TRANSPORTE PARADO,FALHA ELETRICA TRANSPORTE PARADO,FALHA DE TRANSPORTE,FALHA DE TRANSPORTE,TRAIN
2090,SETUP ELÉTRICO DE 600ML PARA 1L,SETUP ELETRICO DE 600ML PARA 1L,SEM MODO DE FALHA IDENTIFICADO,SEM MODO DE FALHA IDENTIFICADO,TRAIN
2091,"FILME DOBRANDO DEPOIS DO CORTE, SEM ANTI ESTÁTICA, PACOTES ABRINDO NA PALETIZADORA",FILME DOBRANDO DEPOIS DO CORTE SEM ANTI ESTATICA PACOTES ABRINDO NA PALETIZADORA,FALHA DE CORTE DE FILME,FALHA DE CORTE DE FILME,TRAIN
2092,SERVO MOTOR COM TEMPERATURA EXCEDIDA NOTA30008497207,SERVO MOTOR COM TEMPERATURA EXCEDIDA NOTA30008497207,FALHA DE SERVO MOTOR,FALHA DE SERVO MOTOR,TEST
2093,FALHA NO RINSER - ORDEM - 30008495051,FALHA NO RINSER ORDEM 30008495051,SEM MODO DE FALHA IDENTIFICADO,SEM MODO DE FALHA IDENTIFICADO,TRAIN
2094,FALHA NO RINSER,FALHA NO RINSER,SEM MODO DE FALHA IDENTIFICADO,SEM MODO DE FALHA IDENTIFICADO,TRAIN
2095,"ROBO DEPOSITANDO CAMADA MUITO ACIMA DO PALETE, CAUSANDO MA FORMAÇAO E QUEDAS DE PACOTES",ROBO DEPOSITANDO CAMADA MUITO ACIMA DO PALETE CAUSANDO MA FORMACAO E QUEDAS DE PACOTES,FALHA DE ROBÔ,FALHA DE ROBO,TRAIN
2096,TROCA DO PALETE DE CARTAO SENDO FEITO MANUALMENTE DEVIDO A FALHA NO AUTOMATICO,TROCA DO PALETE DE CARTAO SENDO FEITO MANUALMENTE DEVIDO A FALHA NO AUTOMATICO,FALHA NA TROCA DE PALETE DE CARTÃO,FALHA NA TROCA DE PALETE DE CARTAO,TRAIN
2097,EQUIPAMENTO SE DESLIGANDO SOZINHO EM APRESENTAR FALHA OU ALERTA SONORO,EQUIPAMENTO SE DESLIGANDO SOZINHO EM APRESENTAR FALHA OU ALERTA SONORO,SEM MODO DE FALHA IDENTIFICADO,SEM MODO DE FALHA IDENTIFICADO,TRAIN
2098,"ROBO DEPOSITANDO CAMADA MUITO ACIMA DO PALETE, CAUSANDO MA FORMAÇAO E QUEDAS DE PACOTES",ROBO DEPOSITANDO CAMADA MUITO ACIMA DO PALETE CAUSANDO MA FORMACAO E QUEDAS DE PACOTES,FALHA DE ROBÔ,FALHA DE ROBO,TRAIN
2099,EQUIPAMENTO SE DESLIGANDO SEM GERAR FALHA OU ALERTA SONORO,EQUIPAMENTO SE DESLIGANDO SEM GERAR FALHA OU ALERTA SONORO,DESLIGAMENTO INDEVIDO DO EQUIPAMENTO,DESLIGAMENTO INDEVIDO DO EQUIPAMENTO,TEST
2100,TROCA DO PALETE DE CARTÃO SENDO FEITO MANUALMENTE DEVIDO A FALHA EM AUTOMATICO,TROCA DO PALETE DE CARTAO SENDO FEITO MANUALMENTE DEVIDO A FALHA EM AUTOMATICO,FALHA NA TROCA DE PALETE DE CARTÃO,FALHA NA TROCA DE PALETE DE CARTAO,TRAIN
2101,CORREÇÃO DOS SENSORES NO TRANSPORTE NA ENTRADA DA ENCHEDORA,CORRECAO DOS SENSORES NO TRANSPORTE NA ENTRADA DA ENCHEDORA,FALHA DE SENSOR,FALHA DE SENSOR,TRAIN
2102,ATRASO NO CIP DURANTE 5 ETAPAS CCKSZ - FALHA NO MIXER,ATRASO NO CIP DURANTE 5 ETAPAS CCKSZ FALHA NO MIXER,FALHA DE MISTURA,FALHA DE MISTURA,TRAIN
2103,"ESTEIRA DA ENTRADA DE CAIXAS ENTROU UMA GARRAFA POR BAIXO , OCASIONANDO PARADA DO EQUIPAMENTO",ESTEIRA DA ENTRADA DE CAIXAS ENTROU UMA GARRAFA POR BAIXO OCASIONANDO PARADA DO EQUIPAMENTO,FALHA DE ESTEIRA,FALHA DE ESTEIRA,TRAIN
2104,"FALHA PINÇA, DANIFICANDO O BOCAL DAS GARRAFAS ORDEM: 30008497279",FALHA PINCA DANIFICANDO O BOCAL DAS GARRAFAS ORDEM 30008497279,FALHA DE PINÇA,FALHA DE PINCA,TRAIN
2105,QUEDA DA TEMPERATURA,QUEDA DA TEMPERATURA,FALHA DE CONTROLE DE TEMPERATURA,FALHA DE CONTROLE DE TEMPERATURA,TRAIN
2106,PARADA PARA SETUP ELETRICO ASEBI,PARADA PARA SETUP ELETRICO ASEBI,FALHA DE INSPEÇÃO,FALHA DE INSPECAO,TEST
2107,TROCA DO PALLET DE FOLHA SEPARADORA EM MODO MANUAL,TROCA DO PALLET DE FOLHA SEPARADORA EM MODO MANUAL,FALHA NA TROCA DE PALETE DE FOLHA SEPARADORA,FALHA NA TROCA DE PALETE DE FOLHA SEPARADORA,TEST
2108,QUEDA DE GARRAFA NA SAIDA DO PINO DE SEPARAÇÃO,QUEDA DE GARRAFA NA SAIDA DO PINO DE SEPARACAO,QUEDA DE GARRAFAS,QUEDA DE GARRAFAS,TRAIN
2109,"LONA DE TRANSFERENCIA SAIDA DO FORNO DANIFICADA, NECESSARIO REALIZAR A TROCA DA MESMA - NOTA: 13216537",LONA DE TRANSFERENCIA SAIDA DO FORNO DANIFICADA NECESSARIO REALIZAR A TROCA DA MESMA NOTA 13216537,FALHA DE ESTEIRA,FALHA DE ESTEIRA,TRAIN
2110,PERSIANA TRAVADA - ORDEM: 30008498639,PERSIANA TRAVADA ORDEM 30008498639,TRAVAMENTO DE PERSIANA,TRAVAMENTO DE PERSIANA,TRAIN
2111,"EMPACOTADORA SEM ANTI ESTATICA, FILME DOBRANDO E ABRINDO PACOTE NA PALETIZADORA",EMPACOTADORA SEM ANTI ESTATICA FILME DOBRANDO E ABRINDO PACOTE NA PALETIZADORA,FALHA DE TRAÇÃO/GUIAMENTO DE FILME,FALHA DE TRACAO GUIAMENTO DE FILME,TRAIN
2112,FALHA DE PPC E PERDA DO SINCRONISMO,FALHA DE PPC E PERDA DO SINCRONISMO,FALHA DE SINCRONISMO,FALHA DE SINCRONISMO,TEST
2113,FALHA NA RETIRADA DO QUADRO,FALHA NA RETIRADA DO QUADRO,FALHA NO MANUSEIO DE CARTÃO,FALHA NO MANUSEIO DE CARTAO,TEST
2114,TRANSPORTE PARANDO,TRANSPORTE PARANDO,FALHA DE TRANSPORTE,FALHA DE TRANSPORTE,TRAIN
2115,CRASH NA SAIDA DA ENCHEDORA,CRASH NA SAIDA DA ENCHEDORA,ENROSCO DE GARRAFAS,ENROSCO DE GARRAFAS,TRAIN
2116,TROCA DA TULIPA N* 30 FOI TROCADA . ORDEM 30008500560,TROCA DA TULIPA N 30 FOI TROCADA ORDEM 30008500560,FALHA DE TULIPA,FALHA DE TULIPA,TRAIN
2117,"AJUSTE NO GUIA DE ENTRADA, OCASIONANDO EM GARRAFAS TORTA PARA AS VALVULA DE ENCHIMENTO, AJUSTE DE PARAMETROS DE PRESSÃO E SOBRE NIVEL",AJUSTE NO GUIA DE ENTRADA OCASIONANDO EM GARRAFAS TORTA PARA AS VALVULA DE ENCHIMENTO AJUSTE DE PARAMETROS DE PRESSAO E SOBRE NIVEL,DEFORMAÇÃO/DESALINHAMENTO DE GUIA,DEFORMACAO DESALINHAMENTO DE GUIA,TRAIN
2118,"SENSOR DA ESTRELA DE ENTRADA NÃO ESTÁ IDENTIFICANDO ALGUMAS GARRAFAS, OCASIONANDO EM ENROSCO NO INSPETOR DA HEUFT",SENSOR DA ESTRELA DE ENTRADA NAO ESTA IDENTIFICANDO ALGUMAS GARRAFAS OCASIONANDO EM ENROSCO NO INSPETOR DA HEUFT,FALHA DE SENSOR,FALHA DE SENSOR,TRAIN
2119,ESCAPOU A CORREIA,ESCAPOU A CORREIA,ESCAPE DE CORREIA,ESCAPE DE CORREIA,TRAIN
2120,ESTEIRA NA ENTRADA DA PALETIZADORA ENCAVALOU 30008500480,ESTEIRA NA ENTRADA DA PALETIZADORA ENCAVALOU 30008500480,TRAVAMENTO DE ESTEIRA,TRAVAMENTO DE ESTEIRA,TEST
2121,FALHA NO SENSOR DE SAIDA DE GARRAFAS DA ROTULADORA,FALHA NO SENSOR DE SAIDA DE GARRAFAS DA ROTULADORA,FALHA DE SENSOR,FALHA DE SENSOR,TEST
2122,TANGÊNCIAMENTO DO AGREGADO 2 FORA/ NECESSÁRIO DESLOCAR TORRE PARA ESQUERDA PARA MINIMIZAR ENROSCOS DE RÓTULOS,TANGENCIAMENTO DO AGREGADO 2 FORA NECESSARIO DESLOCAR TORRE PARA ESQUERDA PARA MINIMIZAR ENROSCOS DE ROTULOS,DESALINHAMENTO DE AGREGADO,DESALINHAMENTO DE AGREGADO,TEST
2123,SERVO MOTOR COM TEMPERATURA EXCEDIDA,SERVO MOTOR COM TEMPERATURA EXCEDIDA,FALHA DE SERVO MOTOR,FALHA DE SERVO MOTOR,TRAIN
2124,SERVO MOTOR SAÍDA ENCHEDORA/ ENTRADA CARROSSEL EXCEDENDO O PERCENTUAL DE UTILIZ.,SERVO MOTOR SAIDA ENCHEDORA ENTRADA CARROSSEL EXCEDENDO O PERCENTUAL DE UTILIZ,FALHA DE SERVO MOTOR,FALHA DE SERVO MOTOR,TRAIN
2125,SERVO MOTOR (SAÍDA ENCHEDORA/ ENTRADA CARROSSEL) EXCEDENDO O PERCENTUAL DE UTILIZ.,SERVO MOTOR SAIDA ENCHEDORA ENTRADA CARROSSEL EXCEDENDO O PERCENTUAL DE UTILIZ,FALHA DE SERVO MOTOR,FALHA DE SERVO MOTOR,TRAIN
2126,CENTRADOR DE PALETE ENROSCANDO NO STOPER DO ELEVADOR,CENTRADOR DE PALETE ENROSCANDO NO STOPER DO ELEVADOR,FALHA DE ELEVADOR,FALHA DE ELEVADOR,TRAIN
2127,FALHA NA CODIFICADORA - MARKEM -IMAJE - ORDEM -30008500399,FALHA NA CODIFICADORA MARKEM IMAJE ORDEM 30008500399,FALHA DE CODIFICAÇÃO,FALHA DE CODIFICACAO,TRAIN
2128,"FALHA NO CORTE DO TUBETE,GERANDO ENROSCO E PARADA DA RECRAVADORA - ORDEM - 30008500400",FALHA NO CORTE DO TUBETE GERANDO ENROSCO E PARADA DA RECRAVADORA ORDEM 30008500400,FALHA DE RECRAVAÇÃO,FALHA DE RECRAVACAO,TRAIN
2129,FALHA NO SERVO 27,FALHA NO SERVO 27,FALHA DE SERVO MOTOR,FALHA DE SERVO MOTOR,TEST
2130,FALHA DE ENCHIMENTO DEVIDO ALTA TEMPERATURA DA BEBIDA,FALHA DE ENCHIMENTO DEVIDO ALTA TEMPERATURA DA BEBIDA,FALHA DE ENCHIMENTO,FALHA DE ENCHIMENTO,TRAIN
2131,"FALHA NA MESA DE FORMAÇÃO DE PACOTES / ATUAÇÃO MECANICA , COLOCOU ( CALÇO / RUELA) NO EQUIPAMENTO",FALHA NA MESA DE FORMACAO DE PACOTES ATUACAO MECANICA COLOCOU CALCO RUELA NO EQUIPAMENTO,FALHA NA MESA DE FORMAÇÃO DE PACOTES,FALHA NA MESA DE FORMACAO DE PACOTES,TRAIN
2132,"FALHA DE COMUNICAÇÃO DA REDE COM SENSOR DE LEITURA DE LATAS, DEVIDO ROMPIMENTO DE CABO NOTA : (30008503716)",FALHA DE COMUNICACAO DA REDE COM SENSOR DE LEITURA DE LATAS DEVIDO ROMPIMENTO DE CABO NOTA 30008503716,FALHA DE COMUNICAÇÃO,FALHA DE COMUNICACAO,TRAIN
2133,FALHA DE INVERSOR N°300; 480; 484; 590; 600 E 700,FALHA DE INVERSOR N 300 480 484 590 600 E 700,FALHA DE INVERSOR,FALHA DE INVERSOR,TRAIN
2134,"FILME ESTOUROU, NA TROCA DE BOBINA , DEVIDO FICAR GRUDADO NA TROCA DE BOBINA",FILME ESTOUROU NA TROCA DE BOBINA DEVIDO FICAR GRUDADO NA TROCA DE BOBINA,ROMPIMENTO DE FILME,ROMPIMENTO DE FILME,TEST
2135,"VELOCIDADE REDUZIDA, EXCESSO DE NIVEL BAIXO",VELOCIDADE REDUZIDA EXCESSO DE NIVEL BAIXO,FALHA DE ENCHIMENTO,FALHA DE ENCHIMENTO,TRAIN
2136,CORTE DO NYLON DO TRANSPORTE ALINHADOR E AJUSTE,CORTE DO NYLON DO TRANSPORTE ALINHADOR E AJUSTE,SEM MODO DE FALHA IDENTIFICADO,SEM MODO DE FALHA IDENTIFICADO,TRAIN
2137,"SENSOR COM FALHA NA LEITURA DA LATA ,GERANDO FALHA NO ENCHIMENTO DA MESMA",SENSOR COM FALHA NA LEITURA DA LATA GERANDO FALHA NO ENCHIMENTO DA MESMA,FALHA DE SENSOR,FALHA DE SENSOR,TRAIN
2138,ROLAMENTO DO DISCO DANIFICADO. - 30008506030,ROLAMENTO DO DISCO DANIFICADO 30008506030,FALHA DE ROLAMENTO,FALHA DE ROLAMENTO,TRAIN
2139,"CRASH NA SAIDA DA ENCHEDORA NA VALVULA 33 , LIMPEZA DA MAQUINA",CRASH NA SAIDA DA ENCHEDORA NA VALVULA 33 LIMPEZA DA MAQUINA,FALHA DE VÁLVULA,FALHA DE VALVULA,TRAIN
2140,FALHA DE SINCRONISMO NA SAIDA NOTA:30008506960,FALHA DE SINCRONISMO NA SAIDA NOTA 30008506960,FALHA DE SINCRONISMO,FALHA DE SINCRONISMO,TRAIN
2141,CRASH MA SAIDA DA ENCHEDORA . LIMPEZA DA MAQUINA,CRASH MA SAIDA DA ENCHEDORA LIMPEZA DA MAQUINA,ENROSCO DE GARRAFAS,ENROSCO DE GARRAFAS,TRAIN
2142,ROMPIMENTO DA MANGUEIRA DE AGUA DA VALVULA MODULADORA,ROMPIMENTO DA MANGUEIRA DE AGUA DA VALVULA MODULADORA,FALHA DE VÁLVULA MODULADORA,FALHA DE VALVULA MODULADORA,TRAIN
2143,ROBO DEPOSITANDO CAMADAS TORTAS,ROBO DEPOSITANDO CAMADAS TORTAS,FALHA DE FORMAÇÃO DE CAMADA,FALHA DE FORMACAO DE CAMADA,TRAIN
2144,ROBO DEPOSITANDO CAMADAS TORTAS,ROBO DEPOSITANDO CAMADAS TORTAS,FALHA DE FORMAÇÃO DE CAMADA,FALHA DE FORMACAO DE CAMADA,TRAIN
2145,FALHA DE ENCHIMENTO NA VALVULA N° 41,FALHA DE ENCHIMENTO NA VALVULA N 41,FALHA DE VÁLVULA DE ENCHIMENTO,FALHA DE VALVULA DE ENCHIMENTO,TRAIN
2146,FALHA DE ENCHIMENTO NA VALVULA N° 41,FALHA DE ENCHIMENTO NA VALVULA N 41,FALHA DE VÁLVULA DE ENCHIMENTO,FALHA DE VALVULA DE ENCHIMENTO,TRAIN
2147,"ROLETE TRAVADO, GERANDO PACOTE ABERTO",ROLETE TRAVADO GERANDO PACOTE ABERTO,TRAVAMENTO DE ROLETES,TRAVAMENTO DE ROLETES,TRAIN
2148,TRANSPORTE NA SAIDA DA DESENCAIXATADORA DESARMOU ORDEM: 30008506016,TRANSPORTE NA SAIDA DA DESENCAIXATADORA DESARMOU ORDEM 30008506016,DESARME DE TRANSPORTE,DESARME DE TRANSPORTE,TRAIN
2149,FALHA NO SISTEMA DE CORTE 30008505976,FALHA NO SISTEMA DE CORTE 30008505976,FALHA NO CORTE DE TUBETES,FALHA NO CORTE DE TUBETES,TRAIN
2150,"VELOCIDADE REDUZIDA, EXCESSO DE NIVEL BAIXO",VELOCIDADE REDUZIDA EXCESSO DE NIVEL BAIXO,FALHA DE ENCHIMENTO,FALHA DE ENCHIMENTO,TRAIN
2151,FALHA NO SISTEMA DE CORTE 30008505976,FALHA NO SISTEMA DE CORTE 30008505976,FALHA NO CORTE DE TUBETES,FALHA NO CORTE DE TUBETES,TRAIN
2152,"VELOCIDADE REDUZIDA, EXCESSO DE NIVEL BAIXO",VELOCIDADE REDUZIDA EXCESSO DE NIVEL BAIXO,FALHA DE ENCHIMENTO,FALHA DE ENCHIMENTO,TRAIN
2153,INSPEÇÃO ELÉTRICA NO ASEBI.,INSPECAO ELETRICA NO ASEBI,FALHA DE INSPEÇÃO,FALHA DE INSPECAO,TRAIN
2154,AJUSTES NA POSIÇÃO DA MASCRA,AJUSTES NA POSICAO DA MASCRA,DESALINHAMENTO DE MÁSCARA,DESALINHAMENTO DE MASCARA,TRAIN
2155,"FALHA NA VALVULA 75, FALHA DE ENCHIMENTO NECESSARIO TROCA DA VALVULA",FALHA NA VALVULA 75 FALHA DE ENCHIMENTO NECESSARIO TROCA DA VALVULA,FALHA DE ENCHIMENTO,FALHA DE ENCHIMENTO,TEST
2156,TROCA DO FREIO DA BORBOLETA DA VALVULA 17,TROCA DO FREIO DA BORBOLETA DA VALVULA 17,FALHA DE VÁLVULA,FALHA DE VALVULA,TEST
2157,CHAPA DE PASSAGEM DERRUBANDO LATAS PARA O TRANSPORTE DO WARMER,CHAPA DE PASSAGEM DERRUBANDO LATAS PARA O TRANSPORTE DO WARMER,QUEDA DE LATAS,QUEDA DE LATAS,TRAIN
2158,FALHA DE ENCHIMENTO NA VALVULA N° 41,FALHA DE ENCHIMENTO NA VALVULA N 41,FALHA DE VÁLVULA DE ENCHIMENTO,FALHA DE VALVULA DE ENCHIMENTO,TRAIN
2159,CHAPA DE PASSAGEM DERRUBANDO LATAS PARA O TRANSPORTE DO WARMER,CHAPA DE PASSAGEM DERRUBANDO LATAS PARA O TRANSPORTE DO WARMER,QUEDA DE LATAS,QUEDA DE LATAS,TRAIN
2160,FALHA DE ENCHIMENTO NA VALVULA N° 41,FALHA DE ENCHIMENTO NA VALVULA N 41,FALHA DE VÁLVULA DE ENCHIMENTO,FALHA DE VALVULA DE ENCHIMENTO,TRAIN
2161,FALHA DE ENCHIMENTO NA VALVULA N° 41,FALHA DE ENCHIMENTO NA VALVULA N 41,FALHA DE VÁLVULA DE ENCHIMENTO,FALHA DE VALVULA DE ENCHIMENTO,TRAIN
2162,"QUEBRA DA ESTEIRA DA SAIDA DA TWISTER DA FILTEC, ORDEM : 30008509919",QUEBRA DA ESTEIRA DA SAIDA DA TWISTER DA FILTEC ORDEM 30008509919,QUEBRA DE ESTEIRA,QUEBRA DE ESTEIRA,TEST
2163,FALHA DE ENCHIMENTO VALVULA 41.,FALHA DE ENCHIMENTO VALVULA 41,FALHA DE VÁLVULA DE ENCHIMENTO,FALHA DE VALVULA DE ENCHIMENTO,TRAIN
2164,"QUEBRA DA ESTEIRA DA SAIDA DA TWISTER DA FILTEC, ORDEM : 30008509919",QUEBRA DA ESTEIRA DA SAIDA DA TWISTER DA FILTEC ORDEM 30008509919,QUEBRA DE ESTEIRA,QUEBRA DE ESTEIRA,TEST
2165,FALHA NA PEGA DE CARTÃO,FALHA NA PEGA DE CARTAO,FALHA NO MANUSEIO DE CARTÃO,FALHA NO MANUSEIO DE CARTAO,TRAIN
2166,"DERRUBANDO LATAS NO PULMAO DO WARMER, GERANDO MUITO ACUMULO NO ALINHADOR",DERRUBANDO LATAS NO PULMAO DO WARMER GERANDO MUITO ACUMULO NO ALINHADOR,QUEDA DE LATAS,QUEDA DE LATAS,TRAIN
2167,FALHA NA PEGA DE CARTÃO,FALHA NA PEGA DE CARTAO,FALHA NO MANUSEIO DE CARTÃO,FALHA NO MANUSEIO DE CARTAO,TRAIN
2168,ABA CONICA DANIFICADA / GFS COM NIVEL BAIXO,ABA CONICA DANIFICADA GFS COM NIVEL BAIXO,FALHA DE ABA CÔNICA,FALHA DE ABA CONICA,TRAIN
2169,DESARME DO ENCODER DO EMPURRADOR,DESARME DO ENCODER DO EMPURRADOR,FALHA DE ENCODER,FALHA DE ENCODER,TEST
2170,FALHA NA PEGA DE CARTÃO,FALHA NA PEGA DE CARTAO,FALHA NO MANUSEIO DE CARTÃO,FALHA NO MANUSEIO DE CARTAO,TRAIN
2171,"ROLETE TRAVADO, GERANDO PACOTES ABERTOS PARA A FORMAÇÃO DE CAMADA DA PALETIZADORA",ROLETE TRAVADO GERANDO PACOTES ABERTOS PARA A FORMACAO DE CAMADA DA PALETIZADORA,TRAVAMENTO DE ROLETES,TRAVAMENTO DE ROLETES,TRAIN
2172,TROCA DA VENTOSA ( ORDEM - 30008512283 ),TROCA DA VENTOSA ORDEM 30008512283,FALHA DE VENTOSA,FALHA DE VENTOSA,TRAIN
2173,ATUAÇÃO NO COMPACTADOR DE CAMADA (30008512288),ATUACAO NO COMPACTADOR DE CAMADA 30008512288,FALHA DE COMPACTAÇÃO DE CAMADA,FALHA DE COMPACTACAO DE CAMADA,TEST
2174,FALHA NA DATADORA MARKEM IMAGE NOTA (30008512318),FALHA NA DATADORA MARKEM IMAGE NOTA 30008512318,FALHA DE CODIFICAÇÃO,FALHA DE CODIFICACAO,TRAIN
2175,"PARAFUSO DA GUIA TRASEIRA DA DESENCAIXATADORA SOLTO, OCASIONANDO ENROSCO DE CAIXAS NA GRELHA",PARAFUSO DA GUIA TRASEIRA DA DESENCAIXATADORA SOLTO OCASIONANDO ENROSCO DE CAIXAS NA GRELHA,ENROSCO DE CAIXAS,ENROSCO DE CAIXAS,TEST
2176,REGULAGEM POSIÇÃO DA MASCARA ORDEM 30008513908,REGULAGEM POSICAO DA MASCARA ORDEM 30008513908,SEM MODO DE FALHA IDENTIFICADO,SEM MODO DE FALHA IDENTIFICADO,TRAIN
2177,FALHA NO BOTÂO DE RESET DO LINATRONIC,FALHA NO BOTAO DE RESET DO LINATRONIC,FALHA DE BOTÃO DE RESET,FALHA DE BOTAO DE RESET,TRAIN
2178,FALHA NO BOTÃO DO RESET DO LINATRONIC 11309325,FALHA NO BOTAO DO RESET DO LINATRONIC 11309325,FALHA DE BOTÃO DE RESET,FALHA DE BOTAO DE RESET,TEST
2179,ESTABILIDADE DE EQUIPAMENTO,ESTABILIDADE DE EQUIPAMENTO,ESTABILIDADE DE EQUIPAMENTO,ESTABILIDADE DE EQUIPAMENTO,TRAIN
2180,PACOTES ABRINDO NA EMPACOTADORA,PACOTES ABRINDO NA EMPACOTADORA,FALHA DE ENVOLVIMENTO,FALHA DE ENVOLVIMENTO,TRAIN
2181,CODIFICADORA DESARMANDO NO PAINEL GERAL,CODIFICADORA DESARMANDO NO PAINEL GERAL,FALHA DE CODIFICAÇÃO,FALHA DE CODIFICACAO,TRAIN
2182,ESTABILIDADE DE EQUIPAMENTO,ESTABILIDADE DE EQUIPAMENTO,ESTABILIDADE DE EQUIPAMENTO,ESTABILIDADE DE EQUIPAMENTO,TRAIN
2183,TRAVAMENTO DE GARRAFAS NO REJEITO ENOS A100,TRAVAMENTO DE GARRAFAS NO REJEITO ENOS A100,FALHA DE REJEIÇÃO,FALHA DE REJEICAO,TEST
2184,"FALHA PINÇA, OCASIONANDO GARRAFAS AMASSADAS 30008513154",FALHA PINCA OCASIONANDO GARRAFAS AMASSADAS 30008513154,FALHA DE PINÇA,FALHA DE PINCA,TRAIN
2185,FALHA CABO DE SEGURANÇA NA ENTRADA DA LAVADORA,FALHA CABO DE SEGURANCA NA ENTRADA DA LAVADORA,FALHA DE CABO DE SEGURANÇA,FALHA DE CABO DE SEGURANCA,TRAIN
2186,DESARME NA PALETIZADORA,DESARME NA PALETIZADORA,DESARME DE EQUIPAMENTO,DESARME DE EQUIPAMENTO,TRAIN
2187,"ROBO NAO PEGANDO CAMADA, GERANDO BY PASS",ROBO NAO PEGANDO CAMADA GERANDO BY PASS,FALHA NA PEGADA DE CAMADA,FALHA NA PEGADA DE CAMADA,TRAIN
2188,SAINDO PACOTES ABERTO,SAINDO PACOTES ABERTO,FALHA DE ENVOLVIMENTO,FALHA DE ENVOLVIMENTO,TRAIN
2189,FALHA NO BRAÇO DE BUSCAR TUBETES / E DESEMBALAR TUBETES (30008514151),FALHA NO BRACO DE BUSCAR TUBETES E DESEMBALAR TUBETES 30008514151,FALHA DE BRAÇO DE TUBETES,FALHA DE BRACO DE TUBETES,TRAIN
2190,QUEDA DO PISTÃO DO TRANSPORTE DE TAMPA DA CSW,QUEDA DO PISTAO DO TRANSPORTE DE TAMPA DA CSW,FALHA DE TRANSPORTE,FALHA DE TRANSPORTE,TRAIN
2191,"ENROSCO DE TAMPAS NA ENTRADA DO ARROLHADOR , CAUSANDO PARADAS NA LINHA , POR GRFAS ESTAR SAINDO SEM TAMPAS , VELOCIDADE COM + DE 32000 ELA AMASSA ...",ENROSCO DE TAMPAS NA ENTRADA DO ARROLHADOR CAUSANDO PARADAS NA LINHA POR GRFAS ESTAR SAINDO SEM TAMPAS VELOCIDADE COM DE 32000 ELA AMASSA,ENROSCO DE TAMPAS,ENROSCO DE TAMPAS,TRAIN
2192,PARAFUSO DO SUPORTE QUE SEGURA O CABECOTE QUEBROU CAUSANDO A PARADA NA MAQUINA,PARAFUSO DO SUPORTE QUE SEGURA O CABECOTE QUEBROU CAUSANDO A PARADA NA MAQUINA,QUEBRA DE PARAFUSO,QUEBRA DE PARAFUSO,TRAIN
2193,FALHA DE ENCHIMENTO DA VALVULA N°19 / JUMPER FISICO DA VALVULA N°19 COM Nº 17 NOTA (N°30008517328),FALHA DE ENCHIMENTO DA VALVULA N 19 JUMPER FISICO DA VALVULA N 19 COM N 17 NOTA N 30008517328,FALHA DE VÁLVULA DE ENCHIMENTO,FALHA DE VALVULA DE ENCHIMENTO,TRAIN
2194,ROBO DA PALETIZADORA PEGANDO CAIXAS A MENOS,ROBO DA PALETIZADORA PEGANDO CAIXAS A MENOS,FALHA NA PEGADA DE CAMADA,FALHA NA PEGADA DE CAMADA,TRAIN
2195,COLISÃO DO ROBO COM PALETE EM TRANSITO 30008516209,COLISAO DO ROBO COM PALETE EM TRANSITO 30008516209,FALHA DE ROBÔ,FALHA DE ROBO,TRAIN
2196,ROMPIMENTO DA MANGUEIRA DE AGUA,ROMPIMENTO DA MANGUEIRA DE AGUA,ROMPIMENTO DE MANGUEIRA DE ÁGUA,ROMPIMENTO DE MANGUEIRA DE AGUA,TRAIN
2197,TROCA DE CONEXÃO PNEUMATICA ORDEM 30008517219,TROCA DE CONEXAO PNEUMATICA ORDEM 30008517219,FALHA DE CONEXÃO PNEUMÁTICA,FALHA DE CONEXAO PNEUMATICA,TRAIN
2198,FALHA NO SENSOR DO MAGAZINE DE PALETES ORDEM 300085170345,FALHA NO SENSOR DO MAGAZINE DE PALETES ORDEM 300085170345,FALHA DE SENSOR,FALHA DE SENSOR,TEST
2199,FALHA SENSOR MAGAZINE DE PALETES,FALHA SENSOR MAGAZINE DE PALETES,FALHA DE SENSOR,FALHA DE SENSOR,TRAIN
2200,EXCESSO DE FALSO REJEITO NOTA 13222685,EXCESSO DE FALSO REJEITO NOTA 13222685,FALHA DE REJEIÇÃO,FALHA DE REJEICAO,TRAIN
2201,"FALHA DE ENVOLVIMENTO, SISTEMA DE EMBREAGEM DOS ROLOS/FACA COM FALHA",FALHA DE ENVOLVIMENTO SISTEMA DE EMBREAGEM DOS ROLOS FACA COM FALHA,FALHA DE CORTE DE FILME,FALHA DE CORTE DE FILME,TRAIN
2202,COLISÃO DO PISTÃO DO EMPURRADOR COM A GUIA - ORDEM -30008516195,COLISAO DO PISTAO DO EMPURRADOR COM A GUIA ORDEM 30008516195,COLISÃO DO EMPURRADOR,COLISAO DO EMPURRADOR,TRAIN
2203,"ESTOURO DURANTE ENCHIMENTO, FAZENDO COM QUE A BEBIDA ESPUMASSE E GERANDO ALTO REJEITO",ESTOURO DURANTE ENCHIMENTO FAZENDO COM QUE A BEBIDA ESPUMASSE E GERANDO ALTO REJEITO,ESPUMAMENTO DE BEBIDA,ESPUMAMENTO DE BEBIDA,TRAIN
2204,"SENSOR APAGANDO SOZINHO, GERANDO FALHA NO TAPETE DE SAIDA",SENSOR APAGANDO SOZINHO GERANDO FALHA NO TAPETE DE SAIDA,FALHA DE SENSOR,FALHA DE SENSOR,TRAIN
2205,FALHA DE REMOVEDOR DE CARTÃO BOLQUEADO NOTA (N°30008517317),FALHA DE REMOVEDOR DE CARTAO BOLQUEADO NOTA N 30008517317,FALHA NO MANUSEIO DE CARTÃO,FALHA NO MANUSEIO DE CARTAO,TRAIN
2206,EXCESSO DE FALSO REJEITO GARRAFA PARA LAVADORA ORDEM30008520064,EXCESSO DE FALSO REJEITO GARRAFA PARA LAVADORA ORDEM30008520064,FALHA DE REJEIÇÃO,FALHA DE REJEICAO,TRAIN
2207,"FALHA NO FREIO DO MOTOR 320, LONA DO CANAL 2",FALHA NO FREIO DO MOTOR 320 LONA DO CANAL 2,FALHA DE MOTOR,FALHA DE MOTOR,TRAIN
2208,"FALHA NO FREIO DO MOTOR 320, LONA DO CANAL 2 (30008520286)",FALHA NO FREIO DO MOTOR 320 LONA DO CANAL 2 30008520286,FALHA DE MOTOR,FALHA DE MOTOR,TEST
2209,"ROLETE SOLTO, FOI REALIZADO O APERTO DOS PARAFUSOS DO ROLETE SOLTO (30008520269)",ROLETE SOLTO FOI REALIZADO O APERTO DOS PARAFUSOS DO ROLETE SOLTO 30008520269,FALHA DE ROLETES,FALHA DE ROLETES,TRAIN
2210,FALHA EM PUXAR BEBIDA,FALHA EM PUXAR BEBIDA,FALHA NO ENVIO DE BEBIDA,FALHA NO ENVIO DE BEBIDA,TRAIN
2211,FALHA DE AVANÇO DE PALETES DESPAL PARA PAL,FALHA DE AVANCO DE PALETES DESPAL PARA PAL,FALHA NO AVANÇO DE PALETES PARA PALETIZAR,FALHA NO AVANCO DE PALETES PARA PALETIZAR,TRAIN
2212,FALHA AVANÇO DE PALATE DESPAL PARA PAL,FALHA AVANCO DE PALATE DESPAL PARA PAL,FALHA NO AVANÇO DE PALETES PARA PALETIZAR,FALHA NO AVANCO DE PALETES PARA PALETIZAR,TEST
2213,"QUEDA DE GARRAFA NA SAÍDA DA ENCHEDORA, GERANDO FALHA NO INSPETOR DE NÍVEL, FEITO AJUSTE NA VELOCIDADE DA ESTEIRA",QUEDA DE GARRAFA NA SAIDA DA ENCHEDORA GERANDO FALHA NO INSPETOR DE NIVEL FEITO AJUSTE NA VELOCIDADE DA ESTEIRA,FALHA DE ELO DE ESTEIRA,FALHA DE ELO DE ESTEIRA,TRAIN
2214,"QUEDA DE GARRAFA NA SAÍDA DA ENCHEDORA, GERANDO FALHA NO INSPETOR DE NÍVEL",QUEDA DE GARRAFA NA SAIDA DA ENCHEDORA GERANDO FALHA NO INSPETOR DE NIVEL,FALHA DE INSPEÇÃO,FALHA DE INSPECAO,TRAIN
2215,"QUEDA DE GARRAFA NA SAÍDA DA ENCHEDORA, GERANDO FALHA NO INSPETOR DE NÍVEL.",QUEDA DE GARRAFA NA SAIDA DA ENCHEDORA GERANDO FALHA NO INSPETOR DE NIVEL,FALHA DE INSPEÇÃO,FALHA DE INSPECAO,TRAIN
2216,FALHA NO DOSADOR DE NITROGENIO,FALHA NO DOSADOR DE NITROGENIO,FALHA NO DOSADOR DE NITROGENIO,FALHA NO DOSADOR DE NITROGENIO,TRAIN
2217,FALHA NO DOSADOR DE NITROGENIO,FALHA NO DOSADOR DE NITROGENIO,FALHA NO DOSADOR DE NITROGENIO,FALHA NO DOSADOR DE NITROGENIO,TRAIN
2218,FALHA NO DOSADOR DE NITROGENIO.,FALHA NO DOSADOR DE NITROGENIO,FALHA NO DOSADOR DE NITROGENIO,FALHA NO DOSADOR DE NITROGENIO,TRAIN
2221,SUBSTITUIÇÃO DA FACA (3000852257),SUBSTITUICAO DA FACA 3000852257,FALHA DE FACA,FALHA DE FACA,TRAIN
2222,"MANUTENÇÃO ATUANDO NO CAPSULADOR,NA PERDA DE TAMPAS 30008520214",MANUTENCAO ATUANDO NO CAPSULADOR NA PERDA DE TAMPAS 30008520214,FALHA DE TAMPAMENTO,FALHA DE TAMPAMENTO,TRAIN
2223,MUITA PERDA DE TAMPAS NO CAPSULADOR MANUTENÇÃO AINDA NÃO SOLUCIONOU,MUITA PERDA DE TAMPAS NO CAPSULADOR MANUTENCAO AINDA NAO SOLUCIONOU,FALHA DE TAMPAMENTO,FALHA DE TAMPAMENTO,TRAIN
2224,FALHA NO BOTÃO DE RESET 30008520288,FALHA NO BOTAO DE RESET 30008520288,FALHA DE BOTÃO DE RESET,FALHA DE BOTAO DE RESET,TRAIN
2225,FALHA NO GAS REDOX BAIXO 30008520290,FALHA NO GAS REDOX BAIXO 30008520290,FALHA DE CONTROLE DE PROCESSO,FALHA DE CONTROLE DE PROCESSO,TRAIN
2226,FALHA NO SENSORES DO AGREGADO 1 30008520294,FALHA NO SENSORES DO AGREGADO 1 30008520294,FALHA DE SENSOR,FALHA DE SENSOR,TRAIN
2227,QUEDA DE GARRAFAS NA REGUA ULTRASSONICA,QUEDA DE GARRAFAS NA REGUA ULTRASSONICA,QUEDA DE GARRAFAS,QUEDA DE GARRAFAS,TEST
2228,TAMPA VIRADA NO BUFFER,TAMPA VIRADA NO BUFFER,TAMPA INVERTIDA,TAMPA INVERTIDA,TRAIN
2229,EXCESSO DE FALSO REJEITO,EXCESSO DE FALSO REJEITO,FALHA DE REJEIÇÃO,FALHA DE REJEICAO,TRAIN
2230,TAMPA VIRADA NA SAIDA DA CANALETA,TAMPA VIRADA NA SAIDA DA CANALETA,TAMPA INVERTIDA,TAMPA INVERTIDA,TRAIN
2231,"TAMPA VIRADA ABRINDO SISTEMA DE SEGURANÇA E/OU PASSANDO PELO INSPETOR, FINCANDO PRESA NA CANALETA DE DECIDA",TAMPA VIRADA ABRINDO SISTEMA DE SEGURANCA E OU PASSANDO PELO INSPETOR FINCANDO PRESA NA CANALETA DE DECIDA,TAMPA INVERTIDA,TAMPA INVERTIDA,TRAIN
2232,"TAMPA VIRADA ABRINDO SISTEMA DE SEGURANÇA E PASSANDO PELO INSPETOR, FINCANDO PRESA NA CANALETA DE DECIDA",TAMPA VIRADA ABRINDO SISTEMA DE SEGURANCA E PASSANDO PELO INSPETOR FINCANDO PRESA NA CANALETA DE DECIDA,TAMPA INVERTIDA,TAMPA INVERTIDA,TRAIN
2233,FALHA NO INVERSOR DO SERVO MOTOR,FALHA NO INVERSOR DO SERVO MOTOR,FALHA DE INVERSOR,FALHA DE INVERSOR,TEST
2234,FALTA DE TAMPA NO SISTEMA DA ROSQUEADEIRADE TAMPAS,FALTA DE TAMPA NO SISTEMA DA ROSQUEADEIRADE TAMPAS,FALHA DE ALIMENTAÇÃO DE TAMPAS,FALHA DE ALIMENTACAO DE TAMPAS,TRAIN
2235,"GARRAFAS SAINDO VAZIAS, PARANDO NA CODIFICADORA - ORDEM: 30008522416",GARRAFAS SAINDO VAZIAS PARANDO NA CODIFICADORA ORDEM 30008522416,FALHA DE CODIFICAÇÃO,FALHA DE CODIFICACAO,TRAIN
2236,PRESSAO BAIXA DOS JATOS FINAIS,PRESSAO BAIXA DOS JATOS FINAIS,FALHA DE PRESSÃO DOS JATOS,FALHA DE PRESSAO DOS JATOS,TRAIN
2237,PRESSAO DOS JATOS FINAIS BAIXO,PRESSAO DOS JATOS FINAIS BAIXO,FALHA DE PRESSÃO DOS JATOS,FALHA DE PRESSAO DOS JATOS,TRAIN
2238,"ENCAIXOTADORA DESARMOU NO PAINEL , TEVE QUE SER ACIONADO A ELETRICA",ENCAIXOTADORA DESARMOU NO PAINEL TEVE QUE SER ACIONADO A ELETRICA,DESARME DE PAINEL,DESARME DE PAINEL,TEST
2239,"TULIPA QUEBRADA , FOI PRECISO FAZER A TROCA DO TUBO DE AR E DA TULIPA",TULIPA QUEBRADA FOI PRECISO FAZER A TROCA DO TUBO DE AR E DA TULIPA,QUEBRA DE COMPONENTE,QUEBRA DE COMPONENTE,TRAIN
2240,"ESTOURO DA SOLDA NA TROCA AUTOMATICA DE BOBINA, FOI PRECISO PASSAR O FILME NOVAMENTE",ESTOURO DA SOLDA NA TROCA AUTOMATICA DE BOBINA FOI PRECISO PASSAR O FILME NOVAMENTE,FALHA DE SOLDA DE FILME,FALHA DE SOLDA DE FILME,TEST
2241,QUEDA DE GARRA FA NA REGUA DE ARRASTE,QUEDA DE GARRA FA NA REGUA DE ARRASTE,FALHA DE PEGADOR,FALHA DE PEGADOR,TRAIN
2242,QUEDA DE GARRAFA NA REGUA DD ARRASTE,QUEDA DE GARRAFA NA REGUA DD ARRASTE,QUEDA DE GARRAFAS,QUEDA DE GARRAFAS,TRAIN
2243,QUEDA DE GARRAFA NA REGUA DE ARRASTE,QUEDA DE GARRAFA NA REGUA DE ARRASTE,QUEDA DE GARRAFAS,QUEDA DE GARRAFAS,TRAIN
2244,FALHA NO INVERSOR 30008525297,FALHA NO INVERSOR 30008525297,FALHA DE INVERSOR,FALHA DE INVERSOR,TRAIN
2245,FALHA DE ENCHIMENTO NAS VALVULAS 7; 35; 61; 62; 85; 87; 89 E JUMPER FISICO DA VALVULA N°41 (30008529435),FALHA DE ENCHIMENTO NAS VALVULAS 7 35 61 62 85 87 89 E JUMPER FISICO DA VALVULA N 41 30008529435,FALHA DE VÁLVULA DE ENCHIMENTO,FALHA DE VALVULA DE ENCHIMENTO,TRAIN
2246,ESTEIRA NA CURVA DO TRANSPORTE NA SAIDA DA DESENCAIXOTADORA ESCAPOU,ESTEIRA NA CURVA DO TRANSPORTE NA SAIDA DA DESENCAIXOTADORA ESCAPOU,ESCAPE DE ESTEIRA,ESCAPE DE ESTEIRA,TRAIN
2247,TRAVAMENTO DO BRAÇO DA PRANCHA,TRAVAMENTO DO BRACO DA PRANCHA,TRAVAMENTO DO SISTEMA DE COMPACTAÇÃO,TRAVAMENTO DO SISTEMA DE COMPACTACAO,TRAIN
2248,FALHA NA DOSAGEM DE NITROGENIO (30008529433),FALHA NA DOSAGEM DE NITROGENIO 30008529433,FALHA DE DOSAGEM,FALHA DE DOSAGEM,TRAIN
2249,INVERSOR COM FALHA - ORDEM: 30008529431,INVERSOR COM FALHA ORDEM 30008529431,FALHA DE INVERSOR,FALHA DE INVERSOR,TRAIN
2250,"GARRAFAS ENSROSCADAS NO SENSOR DE PRESENÇA DE GARRAFAS, SENSOR DANIFICADO, FEITO A TROCA DO SENSOR - ORDEM: 30008529432",GARRAFAS ENSROSCADAS NO SENSOR DE PRESENCA DE GARRAFAS SENSOR DANIFICADO FEITO A TROCA DO SENSOR ORDEM 30008529432,FALHA DE SENSOR,FALHA DE SENSOR,TEST
2251,QUEDA DE GARRAFA NA REGUA DE ARRASTE,QUEDA DE GARRAFA NA REGUA DE ARRASTE,QUEDA DE GARRAFAS,QUEDA DE GARRAFAS,TRAIN
2252,"GARRAFAS ENROSCANDO NA ENTRADA, AJUSTADO UMA CHAPA DE PASSAGEM",GARRAFAS ENROSCANDO NA ENTRADA AJUSTADO UMA CHAPA DE PASSAGEM,ENROSCO DE GARRAFAS,ENROSCO DE GARRAFAS,TRAIN
2253,FALHA NO DOSADOR DE NITROGENIO,FALHA NO DOSADOR DE NITROGENIO,FALHA NO DOSADOR DE NITROGENIO,FALHA NO DOSADOR DE NITROGENIO,TRAIN
2254,CONEXÃO SMS DO DESAERADOR COM VAZAMENTO DURANTE O CIP,CONEXAO SMS DO DESAERADOR COM VAZAMENTO DURANTE O CIP,VAZAMENTO EM CONEXÃO,VAZAMENTO EM CONEXAO,TRAIN
2255,GFS COM NIVEL BAIXO,GFS COM NIVEL BAIXO,FALHA DE ENCHIMENTO,FALHA DE ENCHIMENTO,TRAIN
2256,FALHA NA DESFORMAÇÃO DE CAMADA,FALHA NA DESFORMACAO DE CAMADA,FALHA DE FORMAÇÃO DE CAMADA,FALHA DE FORMACAO DE CAMADA,TRAIN
2257,AJUSTE DO FLUXO DE OZONIO CANAL 1 E 2 ENOS A100 30008529446,AJUSTE DO FLUXO DE OZONIO CANAL 1 E 2 ENOS A100 30008529446,FALHA DE CONTROLE DE PROCESSO,FALHA DE CONTROLE DE PROCESSO,TRAIN
2258,ESTEIRA NA CURVA DO TRANSPORTE NA SAIDA DA DESENCAIXATADORA ESCAPOU,ESTEIRA NA CURVA DO TRANSPORTE NA SAIDA DA DESENCAIXATADORA ESCAPOU,ESCAPE DE ESTEIRA,ESCAPE DE ESTEIRA,TEST
2259,FALHA DE CABECOTE NO MOTOR DO CAPSULADOR,FALHA DE CABECOTE NO MOTOR DO CAPSULADOR,FALHA DE MOTOR,FALHA DE MOTOR,TRAIN
2260,FALHA DE CABECOTE,FALHA DE CABECOTE,FALHA DE CABEÇOTE,FALHA DE CABECOTE,TEST
2261,TREINAMENTO KRONES SOBRE SETUP DA NOVA CANALETA,TREINAMENTO KRONES SOBRE SETUP DA NOVA CANALETA,SEM MODO DE FALHA IDENTIFICADO,SEM MODO DE FALHA IDENTIFICADO,TRAIN
2262,SENSOR DA CANALETA QUEIMADO (ORDEM: 30008532487),SENSOR DA CANALETA QUEIMADO ORDEM 30008532487,FALHA DE SENSOR,FALHA DE SENSOR,TRAIN
2263,FALHA NO DOSADOR DE NITROGENIO,FALHA NO DOSADOR DE NITROGENIO,FALHA NO DOSADOR DE NITROGENIO,FALHA NO DOSADOR DE NITROGENIO,TRAIN
2264,ENROSCO DE TAMPA NA SAIDA DO BUFFER,ENROSCO DE TAMPA NA SAIDA DO BUFFER,ENROSCO DE TAMPAS,ENROSCO DE TAMPAS,TRAIN
2265,FALHA DE AR COMPRIMIDO REJEITOR 4 / 3000853417,FALHA DE AR COMPRIMIDO REJEITOR 4 3000853417,FALHA DE REJEIÇÃO,FALHA DE REJEICAO,TRAIN
2266,"ROBO SE SOLTOU A CAMADA AO DEPOSITAR, OCASIONANDO COLISÃO DE CAIXAS",ROBO SE SOLTOU A CAMADA AO DEPOSITAR OCASIONANDO COLISAO DE CAIXAS,FALHA DE ROBÔ,FALHA DE ROBO,TRAIN
2267,"ROBO SOLTOU A CAMADA DE CAIXAS AO DEPOSITAR, OCASIONANDO COLISÃO DE CAIXAS",ROBO SOLTOU A CAMADA DE CAIXAS AO DEPOSITAR OCASIONANDO COLISAO DE CAIXAS,FALHA DE ROBÔ,FALHA DE ROBO,TRAIN
2268,"FALHA PINÇAS NA DESCAPSULAGEM, FOI NECESSARIO FAZER AJUSTES NUMEROS: 2,5,7,10,11,12 E 13 ORDEM: 30008534137",FALHA PINCAS NA DESCAPSULAGEM FOI NECESSARIO FAZER AJUSTES NUMEROS 2 5 7 10 11 12 E 13 ORDEM 30008534137,FALHA DE DESCAPSULAMENTO,FALHA DE DESCAPSULAMENTO,TEST
2269,FALHA NA CALIBRAÇÃO,FALHA NA CALIBRACAO,FALHA DE CALIBRAÇÃO,FALHA DE CALIBRACAO,TRAIN
2270,FALHA NO CONVERSOR DE FREQUENCIA DO ACIONAMENTO DO CABEÇOTE ( NOTA 30008536606 ),FALHA NO CONVERSOR DE FREQUENCIA DO ACIONAMENTO DO CABECOTE NOTA 30008536606,FALHA DE INVERSOR,FALHA DE INVERSOR,TRAIN
2271,FALHA NO ELEVADOR DE CAMADA NOTA : 3000859407,FALHA NO ELEVADOR DE CAMADA NOTA 3000859407,FALHA DE ELEVADOR,FALHA DE ELEVADOR,TRAIN
2272,MAX4 ELAU FALHA ( MC4 ERRO NA ENCHEDORA ),MAX4 ELAU FALHA MC4 ERRO NA ENCHEDORA,FALHA DE ELAU,FALHA DE ELAU,TEST
2273,FALHA DE CABEÇOTE,FALHA DE CABECOTE,FALHA DE CABEÇOTE,FALHA DE CABECOTE,TEST
2274,FALHA NO CABEÇOTE,FALHA NO CABECOTE,FALHA DE CABEÇOTE,FALHA DE CABECOTE,TRAIN
2275,MAX4 ELAU FALHA ( MC4 ERRO NA ENCHEDORA ) - ORDEM 30008540865,MAX4 ELAU FALHA MC4 ERRO NA ENCHEDORA ORDEM 30008540865,FALHA DE ELAU,FALHA DE ELAU,TRAIN
2276,FALHA CARTÃO MESTRE,FALHA CARTAO MESTRE,FALHA DE CARTÃO MESTRE,FALHA DE CARTAO MESTRE,TRAIN
2277,FALHA NO CARTÃO MASTER,FALHA NO CARTAO MASTER,FALHA DE CARTÃO MESTRE,FALHA DE CARTAO MESTRE,TEST
2278,CRITICO CH1 TRF BAIXO,CRITICO CH1 TRF BAIXO,FALHA DE CONTROLE DE PROCESSO,FALHA DE CONTROLE DE PROCESSO,TRAIN
2279,FALHA NO REJEITOR LINEAR,FALHA NO REJEITOR LINEAR,FALHA DE REJEIÇÃO,FALHA DE REJEICAO,TRAIN
2280,FALHA NO INVERSOR DO TRANSPORTE,FALHA NO INVERSOR DO TRANSPORTE,FALHA DE INVERSOR,FALHA DE INVERSOR,TRAIN
2281,"FALHA DE ENCHIMENTO EM VALVULAS ALEATORIAS, ORDEM : 30008534189",FALHA DE ENCHIMENTO EM VALVULAS ALEATORIAS ORDEM 30008534189,FALHA DE VÁLVULA DE ENCHIMENTO,FALHA DE VALVULA DE ENCHIMENTO,TEST
2282,FALHA NO SERVO MOTOR Nº27,FALHA NO SERVO MOTOR N 27,FALHA DE SERVO MOTOR,FALHA DE SERVO MOTOR,TRAIN
2283,"PARTIDA DA ENCHEDORA E VARIAÇÃO NOS NIVEIS DE ENCHIMENTO DAS VÁLVULAS,49,61,67 E 69",PARTIDA DA ENCHEDORA E VARIACAO NOS NIVEIS DE ENCHIMENTO DAS VALVULAS 49 61 67 E 69,FALHA DE VÁLVULA DE ENCHIMENTO,FALHA DE VALVULA DE ENCHIMENTO,TRAIN
2284,ROMPIMENTO DO CABO DO SENSOR DE RCUO DO EMPURADOR DE TAMPAS CSW,ROMPIMENTO DO CABO DO SENSOR DE RCUO DO EMPURADOR DE TAMPAS CSW,FALHA DE SENSOR,FALHA DE SENSOR,TRAIN
2285,ESTEIRA NA CURVA DO TRANSPORTE DA DESENCAIXATADORA ESCAPOU,ESTEIRA NA CURVA DO TRANSPORTE DA DESENCAIXATADORA ESCAPOU,ESCAPE DE ESTEIRA,ESCAPE DE ESTEIRA,TRAIN
2286,FALHA DE SEGURANÇA DO CABELOTE DA DESPALETIZADORA ORDEM: 30008539481,FALHA DE SEGURANCA DO CABELOTE DA DESPALETIZADORA ORDEM 30008539481,FALHA DE SEGURANÇA DO CABEÇOTE,FALHA DE SEGURANCA DO CABECOTE,TRAIN
2287,QUEBRA DO BRAÇO DE TORÇÃO DO MOTOREDUTOR TAG 223M1,QUEBRA DO BRACO DE TORCAO DO MOTOREDUTOR TAG 223M1,QUEBRA DE BRAÇO,QUEBRA DE BRACO,TRAIN
2288,"TRAVAMENTO DA ENGRENAGEM DOS ROLETES,( 3000859812 )",TRAVAMENTO DA ENGRENAGEM DOS ROLETES 3000859812,TRAVAMENTO DE ENGRENAGEM,TRAVAMENTO DE ENGRENAGEM,TEST
2289,FALHA NO DESTAPAMENTO DE TAMPAS,FALHA NO DESTAPAMENTO DE TAMPAS,FALHA DE DESCAPSULAMENTO,FALHA DE DESCAPSULAMENTO,TRAIN
2290,"PERFIL DA ESTEIRA NA SAIDA DA LAVADORA FORA DA POSIÇÃO, OCASIONANDO QUEDA DE GARRAFAS",PERFIL DA ESTEIRA NA SAIDA DA LAVADORA FORA DA POSICAO OCASIONANDO QUEDA DE GARRAFAS,FALHA DE ESTEIRA,FALHA DE ESTEIRA,TEST
2291,ENCHEDORA FORA DE SINCRONISMO/ PONTO ZERO,ENCHEDORA FORA DE SINCRONISMO PONTO ZERO,FALHA DE SINCRONISMO,FALHA DE SINCRONISMO,TEST
2292,"FALHA NO SENSOR DE ENTRADA DE CAIXA, TROCA DE ESPELHO REFLETIVO",FALHA NO SENSOR DE ENTRADA DE CAIXA TROCA DE ESPELHO REFLETIVO,FALHA DE SENSOR,FALHA DE SENSOR,TRAIN
2293,QUEBRADA CORREIA DA ESTRELA DE ENTRADA E SAIDA ENCHEDORA SINCRONISMO,QUEBRADA CORREIA DA ESTRELA DE ENTRADA E SAIDA ENCHEDORA SINCRONISMO,QUEBRA DE CORREIA,QUEBRA DE CORREIA,TRAIN
2294,QUEBRA DA CORREIA,QUEBRA DA CORREIA,QUEBRA DE CORREIA,QUEBRA DE CORREIA,TRAIN
2295,ESTRELA DE SAIDA DA ENCHEDORA CAUSANDO TOMBAMENTO NAS GARRAFAS,ESTRELA DE SAIDA DA ENCHEDORA CAUSANDO TOMBAMENTO NAS GARRAFAS,TOMBAMENTO DE RECIPIENTES,TOMBAMENTO DE RECIPIENTES,TEST
2296,ESTRELA DE SAIDA DA ENCHEDORA CAUSANDO TOMBAMENTO DAS GARRAFAS,ESTRELA DE SAIDA DA ENCHEDORA CAUSANDO TOMBAMENTO DAS GARRAFAS,TOMBAMENTO DE RECIPIENTES,TOMBAMENTO DE RECIPIENTES,TRAIN
2297,ESTRELA DE SAIDA DA ENCHEDORA CAUSANDO TOMBAMENTO NAS GARRAFAS,ESTRELA DE SAIDA DA ENCHEDORA CAUSANDO TOMBAMENTO NAS GARRAFAS,TOMBAMENTO DE RECIPIENTES,TOMBAMENTO DE RECIPIENTES,TEST
2298,CRASH DE GARRAFAS NA ESTRELA DE ENTRADA DA ENCHEDORA,CRASH DE GARRAFAS NA ESTRELA DE ENTRADA DA ENCHEDORA,CRASH DE GARRAFAS,CRASH DE GARRAFAS,TEST
2299,CRASH DE GARRAFAS NA ESTRELA DA ENCHEDORA,CRASH DE GARRAFAS NA ESTRELA DA ENCHEDORA,CRASH DE GARRAFAS,CRASH DE GARRAFAS,TEST
2300,FALHA DO SERVO MOTOR Nº 27( CORRENTE DE ARRASTE) 30008540913,FALHA DO SERVO MOTOR N 27 CORRENTE DE ARRASTE 30008540913,FALHA DE SERVO MOTOR,FALHA DE SERVO MOTOR,TRAIN
2301,FALHA NA BARREIRA DE PALETES / SISTEMA DE SEGURANÇA 30008540862,FALHA NA BARREIRA DE PALETES SISTEMA DE SEGURANCA 30008540862,FALHA DE BARREIRA,FALHA DE BARREIRA,TRAIN
2302,DISPOSITIVO DE RETIRADA DE GARRAFA VAZIA TRAVANDO ESTRELA DE SAIDA 30008539502,DISPOSITIVO DE RETIRADA DE GARRAFA VAZIA TRAVANDO ESTRELA DE SAIDA 30008539502,FALHA NO DISPOSITIVO DE RETIRADA DE GARRAFAS,FALHA NO DISPOSITIVO DE RETIRADA DE GARRAFAS,TRAIN
2303,ABA CONICA DANIFICADA,ABA CONICA DANIFICADA,FALHA DE ABA CÔNICA,FALHA DE ABA CONICA,TEST
2304,QUEBRA DA ESTEIRA,QUEBRA DA ESTEIRA,QUEBRA DE ESTEIRA,QUEBRA DE ESTEIRA,TRAIN
2305,TRANSPORTE DERRUBANDO LATAS PARA A ENTRADA DA ENCHEDORA,TRANSPORTE DERRUBANDO LATAS PARA A ENTRADA DA ENCHEDORA,QUEDA DE LATAS,QUEDA DE LATAS,TRAIN
2306,"FALHA NO SISTEMA DE CORTE, PASSANDO TUBETE SEM CORTAR PARA O DEPOSITO",FALHA NO SISTEMA DE CORTE PASSANDO TUBETE SEM CORTAR PARA O DEPOSITO,FALHA NO CORTE DE TUBETES,FALHA NO CORTE DE TUBETES,TRAIN
2307,PLACA NÃO REALIZA A LEITURA DO TX. ORDEM- 30008539496,PLACA NAO REALIZA A LEITURA DO TX ORDEM 30008539496,FALHA DE INSPEÇÃO,FALHA DE INSPECAO,TRAIN
2308,"VAZAMENTO NO BLOCO DA VALVULA 30, FEITO A TROCA DO REPARO.ORDEM 30008539485",VAZAMENTO NO BLOCO DA VALVULA 30 FEITO A TROCA DO REPARO ORDEM 30008539485,VAZAMENTO EM VÁLVULA,VAZAMENTO EM VALVULA,TEST
2309,MANGUEIRA RASGADA,MANGUEIRA RASGADA,ROMPIMENTO DE MANGUEIRA,ROMPIMENTO DE MANGUEIRA,TRAIN
2310,TRANSPORTE DESARMADO. ORDEM- 30008539501,TRANSPORTE DESARMADO ORDEM 30008539501,DESARME DE TRANSPORTE,DESARME DE TRANSPORTE,TRAIN
2311,"RETORNO DE OPERAÇÃO/FUNCIONAMENTO , APRESENTA NIVEL BAIXO EM TODAS AS VALVULAS NA PRIMEIRA E ULTIMA VOLTA",RETORNO DE OPERACAO FUNCIONAMENTO APRESENTA NIVEL BAIXO EM TODAS AS VALVULAS NA PRIMEIRA E ULTIMA VOLTA,FALHA DE ENCHIMENTO,FALHA DE ENCHIMENTO,TEST
2312,"RETORNO DE OPERAÇÃO/FUNCIONAMENTO , APRESENTA NIVEL BAIXO EM TODAS AS VALVULAS NA PRIMEIRA E ULTIMA VOLTA (ELEVADO PULSO)",RETORNO DE OPERACAO FUNCIONAMENTO APRESENTA NIVEL BAIXO EM TODAS AS VALVULAS NA PRIMEIRA E ULTIMA VOLTA ELEVADO PULSO,FALHA DE ENCHIMENTO,FALHA DE ENCHIMENTO,TEST
2313,ENTRADA DE GARRAFA PRENDENDO GARRAFA. AJUSTADO PECAS E FEITO LIMPEZA NO EQUIPAMENTO,ENTRADA DE GARRAFA PRENDENDO GARRAFA AJUSTADO PECAS E FEITO LIMPEZA NO EQUIPAMENTO,ENROSCO DE GARRAFAS,ENROSCO DE GARRAFAS,TRAIN
2314,"RETORNO DE OPERAÇÃO/FUNCIONAMENTO , APRESENTA NIVEL BAIXO EM TODAS AS VALVULAS NA PRIMEIRA E ULTIMA VOLTA (ELEVADO PULSO )",RETORNO DE OPERACAO FUNCIONAMENTO APRESENTA NIVEL BAIXO EM TODAS AS VALVULAS NA PRIMEIRA E ULTIMA VOLTA ELEVADO PULSO,FALHA DE ENCHIMENTO,FALHA DE ENCHIMENTO,TEST
2315,PERFIL DE NYLON DA ESTEIRA DE SAIDA DA LAVADORA FORA DE POSIÇÃO ORDEM: 30008543974,PERFIL DE NYLON DA ESTEIRA DE SAIDA DA LAVADORA FORA DE POSICAO ORDEM 30008543974,ESCAPE DE ESTEIRA,ESCAPE DE ESTEIRA,TRAIN
2316,ENROSCO DE TAMPA NAS PINÇAS ORDEM: 30008543948,ENROSCO DE TAMPA NAS PINCAS ORDEM 30008543948,ENROSCO DE TAMPAS,ENROSCO DE TAMPAS,TRAIN
2317,FALHA DE BOTOEIRA DE EMERGENCIA CABO SOLTO ORDM: 30008543984,FALHA DE BOTOEIRA DE EMERGENCIA CABO SOLTO ORDM 30008543984,FALHA DE BOTOEIRA DE EMERGÊNCIA,FALHA DE BOTOEIRA DE EMERGENCIA,TRAIN
2318,"MOTOR TAG- 326 DESARMOU, FOI NECESSARIO REARMAR O MOTOR",MOTOR TAG 326 DESARMOU FOI NECESSARIO REARMAR O MOTOR,DESARME DE MOTOR,DESARME DE MOTOR,TRAIN
2319,DESARME DO MOTOR 329,DESARME DO MOTOR 329,DESARME DE MOTOR,DESARME DE MOTOR,TRAIN
2320,"FALHA DO SENSOR DE ENTREGA DE CAIXAS NA DESNCA, IMPACTANDO NO ABASTECIMENTO DA LINHA",FALHA DO SENSOR DE ENTREGA DE CAIXAS NA DESNCA IMPACTANDO NO ABASTECIMENTO DA LINHA,FALHA DE SENSOR,FALHA DE SENSOR,TRAIN
2321,FALHA NA RÉGUA DE ENVOLVIMENTO NOTA : 30008539935,FALHA NA REGUA DE ENVOLVIMENTO NOTA 30008539935,FALHA DE RÉGUA DE ENVOLVIMENTO,FALHA DE REGUA DE ENVOLVIMENTO,TRAIN
2322,FALHA NA INSERÇAO DE TAMPA NA CANALETA (ORDEM 30008547362),FALHA NA INSERCAO DE TAMPA NA CANALETA ORDEM 30008547362,FALHA DE ALIMENTAÇÃO DE TAMPAS,FALHA DE ALIMENTACAO DE TAMPAS,TRAIN
2323,ALTA VARIAÇÃO DE NÍVEL DE ENCHIMENTO,ALTA VARIACAO DE NIVEL DE ENCHIMENTO,FALHA DE ENCHIMENTO,FALHA DE ENCHIMENTO,TRAIN
2324,VARIAÇÃO NOS NIVEIS DE ENCHIMENTO EM PARADAS E PARTIDAS DAS VÁLVULAS 16 E 56,VARIACAO NOS NIVEIS DE ENCHIMENTO EM PARADAS E PARTIDAS DAS VALVULAS 16 E 56,FALHA DE VÁLVULA DE ENCHIMENTO,FALHA DE VALVULA DE ENCHIMENTO,TRAIN
2325,SENSOR REPICANDO E GERANDO FALHA,SENSOR REPICANDO E GERANDO FALHA,FALHA DE SENSOR,FALHA DE SENSOR,TEST
2326,FALHA NO SERVO 27 NOTA 30008544632,FALHA NO SERVO 27 NOTA 30008544632,FALHA DE SERVO MOTOR,FALHA DE SERVO MOTOR,TEST
2327,"RÉGUA DA ENCA SE SOLTOU , OCASIONANDO A PARADA NO EQUIPAMENTO , OPERADORES RECOLOCARAM A E AJUSTARAM",REGUA DA ENCA SE SOLTOU OCASIONANDO A PARADA NO EQUIPAMENTO OPERADORES RECOLOCARAM A E AJUSTARAM,FALHA DE FIXAÇÃO,FALHA DE FIXACAO,TRAIN
2328,"BOIA DA ENCHEDORA TRAVADA , CAUSANDO NIVEIS BAIXOS NAS GARRAFAS , FOI FEITO A LIMPEZA E VOLTOU AO NORMAL",BOIA DA ENCHEDORA TRAVADA CAUSANDO NIVEIS BAIXOS NAS GARRAFAS FOI FEITO A LIMPEZA E VOLTOU AO NORMAL,TRAVAMENTO DE BOIA,TRAVAMENTO DE BOIA,TRAIN
2329,"AJUSTE DA REGUA , SAIU FORA DO LUGAR CAUSANDO A PARADA DA MAQUINA",AJUSTE DA REGUA SAIU FORA DO LUGAR CAUSANDO A PARADA DA MAQUINA,SEM MODO DE FALHA IDENTIFICADO,SEM MODO DE FALHA IDENTIFICADO,TRAIN
2330,PERDA DA REFERENCIA DE ALTURA DO ELEVADOR DE PALLET,PERDA DA REFERENCIA DE ALTURA DO ELEVADOR DE PALLET,FALHA DE ELEVADOR,FALHA DE ELEVADOR,TRAIN
2331,FALHA DE TRANSMISSÃO ROLETES TRANSP. DE PALETES ORDEM: 30008549755,FALHA DE TRANSMISSAO ROLETES TRANSP DE PALETES ORDEM 30008549755,FALHA DE ROLETES,FALHA DE ROLETES,TRAIN
2332,FALHA NO RECUO DO PISTAÕ DO TRANSPORTE DE TAMPA DA CSW,FALHA NO RECUO DO PISTAO DO TRANSPORTE DE TAMPA DA CSW,FALHA NO SISTEMA DE CORTE,FALHA NO SISTEMA DE CORTE,TRAIN
2333,FALHA NO SENSOR DE INSERIMENTO DE LATAS FALSAS,FALHA NO SENSOR DE INSERIMENTO DE LATAS FALSAS,FALHA DE SENSOR,FALHA DE SENSOR,TRAIN
2334,FALTA DE VACUO,FALTA DE VACUO,FALHA DE VÁCUO,FALHA DE VACUO,TRAIN
2335,BEBIDA ESPUMANDO GERANDO NIVEL BAIXO. ORDEM 30008554426,BEBIDA ESPUMANDO GERANDO NIVEL BAIXO ORDEM 30008554426,ESPUMAMENTO DE BEBIDA,ESPUMAMENTO DE BEBIDA,TRAIN
2336,RUPTURA DE FILME APÓS O ENVOLVIMENTO.ORDEM 30008554431,RUPTURA DE FILME APOS O ENVOLVIMENTO ORDEM 30008554431,FALHA DE ENVOLVIMENTO,FALHA DE ENVOLVIMENTO,TEST
2337,FREIO DA BORBOLETA SAINDO NIVEL BAIXO (30008556100),FREIO DA BORBOLETA SAINDO NIVEL BAIXO 30008556100,FALHA DE VÁLVULA DE ENCHIMENTO,FALHA DE VALVULA DE ENCHIMENTO,TRAIN
2338,VAZAMENTO DE BEBIDA NO BLOCO DA VALVULA 79. ORDEM 30008554442,VAZAMENTO DE BEBIDA NO BLOCO DA VALVULA 79 ORDEM 30008554442,VAZAMENTO EM VÁLVULA,VAZAMENTO EM VALVULA,TRAIN
2339,EMPACOTADORA QUEDA DA REGUA DE ENVOLVIMENTO 2,EMPACOTADORA QUEDA DA REGUA DE ENVOLVIMENTO 2,FALHA DE RÉGUA DE ENVOLVIMENTO,FALHA DE REGUA DE ENVOLVIMENTO,TRAIN
2340,EMPACOTADOR FALHA NO CORTE FILME E EMBOLANDO ROLO DE ALUMINIO,EMPACOTADOR FALHA NO CORTE FILME E EMBOLANDO ROLO DE ALUMINIO,FALHA DE CORTE DE FILME,FALHA DE CORTE DE FILME,TRAIN
2341,"ROLO DE BORRACHA QUE PUXA O FILME PARA O CORTE MUITO TENSIONADO, FILME EMBOLAVA NO ROLO DE ALUMINIO - OREDEM: 30008556127",ROLO DE BORRACHA QUE PUXA O FILME PARA O CORTE MUITO TENSIONADO FILME EMBOLAVA NO ROLO DE ALUMINIO OREDEM 30008556127,FALHA DE CORTE DE FILME,FALHA DE CORTE DE FILME,TEST
2342,"ESTEIRA ESCAPANDO DEVIDO QUALIDADE DOS ""GOMOS""",ESTEIRA ESCAPANDO DEVIDO QUALIDADE DOS GOMOS,ESCAPE DE ESTEIRA,ESCAPE DE ESTEIRA,TRAIN
2343,ESTEIRA DE TRANSPORTE ESCAPANDO DEVIDO GOMOS RUINS.,ESTEIRA DE TRANSPORTE ESCAPANDO DEVIDO GOMOS RUINS,ESCAPE DE ESTEIRA,ESCAPE DE ESTEIRA,TRAIN
2344,FALHA NO SENSOR DE ENTRADA DE CAIXA,FALHA NO SENSOR DE ENTRADA DE CAIXA,FALHA DE SENSOR,FALHA DE SENSOR,TEST
2345,TRAVAMENTO DO SEGMENTO NO ENOS,TRAVAMENTO DO SEGMENTO NO ENOS,TRAVAMENTO DE SEGMENTOS,TRAVAMENTO DE SEGMENTOS,TRAIN
2346,VARIAÇÃO NOS NIVEIS DE ENCHIMENTO DAS VÁLVULAS DA ENCHEDORA - ORDEM -30008558639,VARIACAO NOS NIVEIS DE ENCHIMENTO DAS VALVULAS DA ENCHEDORA ORDEM 30008558639,FALHA DE VÁLVULA DE ENCHIMENTO,FALHA DE VALVULA DE ENCHIMENTO,TEST
2347,"AJUSTE DE SENSOR E VALVULAS QUE NAO ESTAVAM ENVAZANDO , VALVULAS :29 ,30,31,32 .ORDEM ;30008559196",AJUSTE DE SENSOR E VALVULAS QUE NAO ESTAVAM ENVAZANDO VALVULAS 29 30 31 32 ORDEM 30008559196,FALHA DE SENSOR,FALHA DE SENSOR,TRAIN
2348,"DATA CORTANDO UM POCO DA DATACAO , CAUSANDO PARADA PARA AJUSTE NOTA:30008559444",DATA CORTANDO UM POCO DA DATACAO CAUSANDO PARADA PARA AJUSTE NOTA 30008559444,FALHA DE CODIFICAÇÃO,FALHA DE CODIFICACAO,TRAIN
2349,QUEBRA DA CONECÇÃO DA MANGUEIRA DE AR DO PISTÃO DE LIBERAÇÃO E TRAVA DE TAMPAS,QUEBRA DA CONECCAO DA MANGUEIRA DE AR DO PISTAO DE LIBERACAO E TRAVA DE TAMPAS,TRAVAMENTO DE ATUADOR,TRAVAMENTO DE ATUADOR,TEST
2350,PINO GUIA DO COMPACTADOR DE CAMADAS ESTAVAM SOLTOS (30008559630),PINO GUIA DO COMPACTADOR DE CAMADAS ESTAVAM SOLTOS 30008559630,FALHA DE PINO,FALHA DE PINO,TEST
2351,"FALHA DE ATERRAMENTO MOTOR412MI, ORDEM 3000858644",FALHA DE ATERRAMENTO MOTOR412MI ORDEM 3000858644,FALHA DE MOTOR,FALHA DE MOTOR,TRAIN
2352,CAIU PARAFUSO DA HASTE GUIAS LATERAL. 30008558683,CAIU PARAFUSO DA HASTE GUIAS LATERAL 30008558683,FALHA DE FIXAÇÃO,FALHA DE FIXACAO,TRAIN
2353,SENSOR DE INSERIMENTO DE LATAS FALSAS ACIONANDO E GERANDO FALHA,SENSOR DE INSERIMENTO DE LATAS FALSAS ACIONANDO E GERANDO FALHA,FALHA DE SENSOR,FALHA DE SENSOR,TRAIN
2354,PORTA COM MAL CONTATO NO SENSOR,PORTA COM MAL CONTATO NO SENSOR,FALHA DE SENSOR,FALHA DE SENSOR,TRAIN
2355,COMPACTADOR DA MESA DE CARGA TRAVADO,COMPACTADOR DA MESA DE CARGA TRAVADO,TRAVAMENTO DO SISTEMA DE COMPACTAÇÃO,TRAVAMENTO DO SISTEMA DE COMPACTACAO,TEST
2356,QUEBRA CORREIA DO CAPSULADOR ORDEM: 30008558664,QUEBRA CORREIA DO CAPSULADOR ORDEM 30008558664,QUEBRA DE CORREIA,QUEBRA DE CORREIA,TRAIN
2357,FALHA SENSOR DE SEGURANÇA NA PORTA DO AGREGADO 1,FALHA SENSOR DE SEGURANCA NA PORTA DO AGREGADO 1,FALHA DE SENSOR,FALHA DE SENSOR,TEST
2358,RECIPIENTE FORA DE CONDIÇÃO BÁSICA NOTA 13237296,RECIPIENTE FORA DE CONDICAO BASICA NOTA 13237296,SEM MODO DE FALHA IDENTIFICADO,SEM MODO DE FALHA IDENTIFICADO,TRAIN
2359,ESPELHO REFLETIVO DO SENSOR DE CONGESTIONAMENTO DA ENTRADA A. FORA DE POSIÇÃO.NOTA30008560805,ESPELHO REFLETIVO DO SENSOR DE CONGESTIONAMENTO DA ENTRADA A FORA DE POSICAO NOTA30008560805,FALHA DE SENSOR,FALHA DE SENSOR,TRAIN
2360,ESTEIRA DA ENCAIXOTADORA SE SOLTOU,ESTEIRA DA ENCAIXOTADORA SE SOLTOU,ESCAPE DE ESTEIRA,ESCAPE DE ESTEIRA,TEST
2361,FALHA NA INSPEÇAO DE GARRAFAS CHEGANDO NA EMPACOTADORA SEM TAMPAS 30008561931,FALHA NA INSPECAO DE GARRAFAS CHEGANDO NA EMPACOTADORA SEM TAMPAS 30008561931,FALHA DE ALIMENTAÇÃO DE TAMPAS,FALHA DE ALIMENTACAO DE TAMPAS,TRAIN
2362,"SAINDO GARRAFAS SEM TAMPA , OCASIONANDO QUEDA NA EMPACOTADORA",SAINDO GARRAFAS SEM TAMPA OCASIONANDO QUEDA NA EMPACOTADORA,FALHA DE ALIMENTAÇÃO DE TAMPAS,FALHA DE ALIMENTACAO DE TAMPAS,TEST
2363,FALHA NA CODIFICADORA - ORDEM - 30008560807,FALHA NA CODIFICADORA ORDEM 30008560807,FALHA DE CODIFICAÇÃO,FALHA DE CODIFICACAO,TRAIN
2364,TRAVAMENTO DO CILINDRO DO COMPACTADOR DE CAMADAS ORDEM: 30008561521,TRAVAMENTO DO CILINDRO DO COMPACTADOR DE CAMADAS ORDEM 30008561521,TRAVAMENTO DE ATUADOR,TRAVAMENTO DE ATUADOR,TRAIN
2365,"FALNHA DE SINCRONISMO,FALHA NA ESTRELA DE SAIDA",FALNHA DE SINCRONISMO FALHA NA ESTRELA DE SAIDA,FALHA DE SINCRONISMO,FALHA DE SINCRONISMO,TRAIN
2366,QUEDA DE GARRAFAS NA MESA DE FORMAÇÃO DE PACOTES (30008564282),QUEDA DE GARRAFAS NA MESA DE FORMACAO DE PACOTES 30008564282,QUEDA DE GARRAFAS,QUEDA DE GARRAFAS,TRAIN
2367,REJEITOR FORA DE POSIÇÃO 30008564285,REJEITOR FORA DE POSICAO 30008564285,FALHA DE REJEIÇÃO,FALHA DE REJEICAO,TRAIN
2368,VAZAMENTO DA VALVULA N° 129 ( FEITO A TROCA DA VALVULA ),VAZAMENTO DA VALVULA N 129 FEITO A TROCA DA VALVULA,VAZAMENTO EM VÁLVULA,VAZAMENTO EM VALVULA,TRAIN
2369,"MAQUINA FORA DOS PARAMETROS, ABRINDO PACOTES",MAQUINA FORA DOS PARAMETROS ABRINDO PACOTES,FALHA DE ENVOLVIMENTO,FALHA DE ENVOLVIMENTO,TRAIN
2370,DESNIVEL ENTRE O PENTE DE TRANSFERENCIA E ESTEIRA,DESNIVEL ENTRE O PENTE DE TRANSFERENCIA E ESTEIRA,FALHA DE PENTE DE TRANSFERÊNCIA,FALHA DE PENTE DE TRANSFERENCIA,TRAIN
2371,DESNIVEL ENTRE O PENTE DE TRANSFERENCIA E ESTEIRA30008564222,DESNIVEL ENTRE O PENTE DE TRANSFERENCIA E ESTEIRA30008564222,FALHA DE PENTE DE TRANSFERÊNCIA,FALHA DE PENTE DE TRANSFERENCIA,TRAIN
2372,ENCAVALAMENTO DA ESTEIRA DA CURVA PARA EMPACOTADORA,ENCAVALAMENTO DA ESTEIRA DA CURVA PARA EMPACOTADORA,TRAVAMENTO DE ESTEIRA,TRAVAMENTO DE ESTEIRA,TRAIN
2373,ENCAVALAMENTO DA ESTEIRA DA CURVA QUE ENTRA PARA EMPACOTADORA,ENCAVALAMENTO DA ESTEIRA DA CURVA QUE ENTRA PARA EMPACOTADORA,TRAVAMENTO DE ESTEIRA,TRAVAMENTO DE ESTEIRA,TRAIN
2374,"TRANSPORTE ABRINDO ESPAÇO CAINDO LATAS PARA ENTRADA DA ENCHEDROA, VELOCIDADE ABAIXO PARA ESTA OCORRENCIA",TRANSPORTE ABRINDO ESPACO CAINDO LATAS PARA ENTRADA DA ENCHEDROA VELOCIDADE ABAIXO PARA ESTA OCORRENCIA,FALHA DE VELOCIDADE DO TRANSPORTE,FALHA DE VELOCIDADE DO TRANSPORTE,TRAIN
2375,QUEBRA DA CONEXÃO PNEUMATICA DO LILINDRO DE LIBERAÇÃO DE TAMPAS ORDEM: 30008561949,QUEBRA DA CONEXAO PNEUMATICA DO LILINDRO DE LIBERACAO DE TAMPAS ORDEM 30008561949,QUEBRA DE COMPONENTE,QUEBRA DE COMPONENTE,TRAIN
2376,FALHA SENSOR DE CORREIA NO DESCAPSULADOR,FALHA SENSOR DE CORREIA NO DESCAPSULADOR,FALHA DE SENSOR,FALHA DE SENSOR,TRAIN
2377,"TRAVAMENTO DO BRAÇO DO SEGMENTO,FORA DE SINCRONISMO",TRAVAMENTO DO BRACO DO SEGMENTO FORA DE SINCRONISMO,TRAVAMENTO DE SEGMENTOS,TRAVAMENTO DE SEGMENTOS,TEST
2378,"TRAVAMENTO DO BRAÇO DO SEGMENTO,FORA DE SINCRONISMO 30008564013",TRAVAMENTO DO BRACO DO SEGMENTO FORA DE SINCRONISMO 30008564013,TRAVAMENTO DE SEGMENTOS,TRAVAMENTO DE SEGMENTOS,TRAIN
2379,FALHA NO REJEITOR LINEAR,FALHA NO REJEITOR LINEAR,FALHA DE REJEIÇÃO,FALHA DE REJEICAO,TRAIN
2380,QUEDA DE GARRAFAS NA SAIDA DO DESCAPSULADOR ORDEM 30008564284,QUEDA DE GARRAFAS NA SAIDA DO DESCAPSULADOR ORDEM 30008564284,FALHA DE DESCAPSULAMENTO,FALHA DE DESCAPSULAMENTO,TRAIN
2381,FALHA DE TERMICO DESARME DO MOTOR MAGAZINE DE PALETE ORDEM 30008563309,FALHA DE TERMICO DESARME DO MOTOR MAGAZINE DE PALETE ORDEM 30008563309,DESARME TÉRMICO,DESARME TERMICO,TRAIN
2382,SENSOR SAIDA HEUFT MAL FUNCIONAMENTO DE FOCO ORDEM 3008563588,SENSOR SAIDA HEUFT MAL FUNCIONAMENTO DE FOCO ORDEM 3008563588,FALHA DE SENSOR,FALHA DE SENSOR,TRAIN
2383,"ESCAPOU CORRENTE DE TRAÇÃO DO TRANSPORTE,ORDEM 30008566282",ESCAPOU CORRENTE DE TRACAO DO TRANSPORTE ORDEM 30008566282,FALHA DE ELEMENTO DE TRANSMISSÃO,FALHA DE ELEMENTO DE TRANSMISSAO,TRAIN
2384,SAIU FORA DE SINCRONISMO A ESTRELA COM O CARRACOL .ORDEM.,SAIU FORA DE SINCRONISMO A ESTRELA COM O CARRACOL ORDEM,FALHA DE SINCRONISMO,FALHA DE SINCRONISMO,TRAIN
2385,ESTEIRA DE SAIDA DO FORNO QUEBRADA 30008568197,ESTEIRA DE SAIDA DO FORNO QUEBRADA 30008568197,QUEBRA DE ESTEIRA,QUEBRA DE ESTEIRA,TRAIN
2386,FALHA ENCHIMENTO DE BEBIDA DA VALVULA 80 30008569655,FALHA ENCHIMENTO DE BEBIDA DA VALVULA 80 30008569655,FALHA DE VÁLVULA DE ENCHIMENTO,FALHA DE VALVULA DE ENCHIMENTO,TRAIN
2387,ENCAVALAMENTO DA ESTEIRA DA CURVA PARA EMPACOTADORA,ENCAVALAMENTO DA ESTEIRA DA CURVA PARA EMPACOTADORA,TRAVAMENTO DE ESTEIRA,TRAVAMENTO DE ESTEIRA,TRAIN
2388,ESTEIRA DA ENTRADA DA EMPACOTADORA QUEBRADO (ORDEM - 30008568183),ESTEIRA DA ENTRADA DA EMPACOTADORA QUEBRADO ORDEM 30008568183,QUEBRA DE ESTEIRA,QUEBRA DE ESTEIRA,TEST
2389,"LATA VAZIA SAIU DA ENCHEDORA, REJEITADA NO ALINHADOR DA FILTEC, CHUTANDO PARA O TRANSPORTE E TRAVANDO PACOTES QUE SAIA DO FORNO",LATA VAZIA SAIU DA ENCHEDORA REJEITADA NO ALINHADOR DA FILTEC CHUTANDO PARA O TRANSPORTE E TRAVANDO PACOTES QUE SAIA DO FORNO,TRAVAMENTO DE TRANSPORTE,TRAVAMENTO DE TRANSPORTE,TRAIN
2390,TROCA DO NAYLOM DO GUIA DA ESTRELA DE ENTRADA.,TROCA DO NAYLOM DO GUIA DA ESTRELA DE ENTRADA,FALHA DE GUIA,FALHA DE GUIA,TRAIN
2391,LACRADOR DE TAMPAS COM A VELOCIDADE A 33.000 AMASSANDO ALGUMAS TAMPAS E GRFAS SAINDO DESTAMPADAS,LACRADOR DE TAMPAS COM A VELOCIDADE A 33 000 AMASSANDO ALGUMAS TAMPAS E GRFAS SAINDO DESTAMPADAS,FALHA DE TAMPAMENTO,FALHA DE TAMPAMENTO,TEST
2392,CRASH NA SAIDA DA ENCHEDORA,CRASH NA SAIDA DA ENCHEDORA,ENROSCO DE GARRAFAS,ENROSCO DE GARRAFAS,TRAIN
2393,"MAQUINA SAIU DE SINCRONISMO NA ENTRADA DA ENCHEDORA , CARACOL SAIU DO LUGAR , CAUSANDO CRASH NA ENTRADA DA ENCHEDORA ORDEM 30008569764",MAQUINA SAIU DE SINCRONISMO NA ENTRADA DA ENCHEDORA CARACOL SAIU DO LUGAR CAUSANDO CRASH NA ENTRADA DA ENCHEDORA ORDEM 30008569764,ENROSCO DE GARRAFAS,ENROSCO DE GARRAFAS,TRAIN
2394,ENCHEDORA PERDENDO SINCRONISMO NA ENTRADA,ENCHEDORA PERDENDO SINCRONISMO NA ENTRADA,FALHA DE SINCRONISMO,FALHA DE SINCRONISMO,TEST
2395,CORREIA DA ENCHEDORA QUEBROU/ TROCA DA CORREIA 30008569894,CORREIA DA ENCHEDORA QUEBROU TROCA DA CORREIA 30008569894,QUEBRA DE CORREIA,QUEBRA DE CORREIA,TEST
2396,VARIAÇÃO NOS NIVEIS DE ENCHIMENTO DAS VÁLVULAS,VARIACAO NOS NIVEIS DE ENCHIMENTO DAS VALVULAS,FALHA DE VÁLVULA DE ENCHIMENTO,FALHA DE VALVULA DE ENCHIMENTO,TRAIN
2397,PACOTES ABERTOS DEVIDO PEÇA DANIFICADA DO ROLO BIPARTIDO (ORDEM :30008569772),PACOTES ABERTOS DEVIDO PECA DANIFICADA DO ROLO BIPARTIDO ORDEM 30008569772,FALHA DE ENVOLVIMENTO,FALHA DE ENVOLVIMENTO,TRAIN
2398,VARIAÇÃO DE ENCHIMENTO (ORDEM: 30008569774),VARIACAO DE ENCHIMENTO ORDEM 30008569774,FALHA DE ENCHIMENTO,FALHA DE ENCHIMENTO,TRAIN
2399,"RETIRADA VALVULA 72 PARA REVISAO ,NAO ESTAVA FAZENDO ENCHIMENTO CORRETO 30008569653",RETIRADA VALVULA 72 PARA REVISAO NAO ESTAVA FAZENDO ENCHIMENTO CORRETO 30008569653,FALHA DE VÁLVULA DE ENCHIMENTO,FALHA DE VALVULA DE ENCHIMENTO,TRAIN
2400,PARTIDA E DOSAGEM DA LINHA APOS REVISAO DA VALVULA PELA MANOTENÇAO,PARTIDA E DOSAGEM DA LINHA APOS REVISAO DA VALVULA PELA MANOTENCAO,FALHA DE VÁLVULA,FALHA DE VALVULA,TRAIN
2401,FALHA DE COMUNICAÇÃO 30008569681,FALHA DE COMUNICACAO 30008569681,FALHA DE COMUNICAÇÃO,FALHA DE COMUNICACAO,TEST
2402,FALHA NA IMPRESSÃO,FALHA NA IMPRESSAO,FALHA DE CODIFICAÇÃO,FALHA DE CODIFICACAO,TRAIN
2403,TROCA DA BORBOLETA E FREIO VL N26 NOTA N 30008574998,TROCA DA BORBOLETA E FREIO VL N26 NOTA N 30008574998,FALHA DE VÁLVULA,FALHA DE VALVULA,TRAIN
2404,TROCA DE MANGUEIRA,TROCA DE MANGUEIRA,FALHA DE MANGUEIRA,FALHA DE MANGUEIRA,TRAIN
2405,CARACOL DE ENTRADA FORA DE SINCRONISMO. 30008575011,CARACOL DE ENTRADA FORA DE SINCRONISMO 30008575011,FALHA DE SINCRONISMO,FALHA DE SINCRONISMO,TEST
2406,ESTEIRA DE SAIDA DO FORNO SAIU DO TRILHO,ESTEIRA DE SAIDA DO FORNO SAIU DO TRILHO,ESCAPE DE ESTEIRA,ESCAPE DE ESTEIRA,TRAIN
2407,SERVO MOTOR TRAVADO,SERVO MOTOR TRAVADO,FALHA DE SERVO MOTOR,FALHA DE SERVO MOTOR,TRAIN
2408,FALHA NA REGUA DE ENVOLVIMENTO DE FILME (30008574989),FALHA NA REGUA DE ENVOLVIMENTO DE FILME 30008574989,FALHA DE RÉGUA DE ENVOLVIMENTO,FALHA DE REGUA DE ENVOLVIMENTO,TRAIN
2409,FALTA DE ALIMENTAÇÃO DE ENERGIA,FALTA DE ALIMENTACAO DE ENERGIA,FALHA DE ALIMENTAÇÃO ELÉTRICA,FALHA DE ALIMENTACAO ELETRICA,TRAIN
2410,FALHA NA COMUNICAÇÃO DE REDE,FALHA NA COMUNICACAO DE REDE,FALHA DE COMUNICAÇÃO,FALHA DE COMUNICACAO,TRAIN
2411,PROBLEMA NO SENSOR DE ENTRADA OCASIONANDO ERRO NA FORMAÇÃO DE PALETE,PROBLEMA NO SENSOR DE ENTRADA OCASIONANDO ERRO NA FORMACAO DE PALETE,FALHA DE SENSOR,FALHA DE SENSOR,TEST
2412,TROCA DA BORBOLETA DA VALVULA 37 ORDEM 3008576978,TROCA DA BORBOLETA DA VALVULA 37 ORDEM 3008576978,FALHA DE VÁLVULA,FALHA DE VALVULA,TRAIN
2413,TRANSPORTE DE SAIDA DA ENCAIXOTADORA SAIU FORA DE POSIÇÃO,TRANSPORTE DE SAIDA DA ENCAIXOTADORA SAIU FORA DE POSICAO,DESALINHAMENTO MECÂNICO,DESALINHAMENTO MECANICO,TRAIN
2414,SNIFFER TRAVADO,SNIFFER TRAVADO,TRAVAMENTO DE SNIFFER,TRAVAMENTO DE SNIFFER,TRAIN
2415,"TRAVAMENTO DO TRANSPORTE DE SAIDA DA ENCAIXOTADORA,SAIU FORA DO GUIA",TRAVAMENTO DO TRANSPORTE DE SAIDA DA ENCAIXOTADORA SAIU FORA DO GUIA,TRAVAMENTO DE TRANSPORTE,TRAVAMENTO DE TRANSPORTE,TEST
2416,AJUSTE DE PARAMENTROS E FOI FEITO UMA NOVA LATA TESTE DE NIVEL ALTO,AJUSTE DE PARAMENTROS E FOI FEITO UMA NOVA LATA TESTE DE NIVEL ALTO,FALHA DE ENCHIMENTO,FALHA DE ENCHIMENTO,TEST
2417,CORREIA TRANSPORTADORA DANIFICADA ENTRADA DA PALETIZADORA OCASIONANDO ERRO DE FORMAÇÃO DE CAMADA NOTA 1309049.,CORREIA TRANSPORTADORA DANIFICADA ENTRADA DA PALETIZADORA OCASIONANDO ERRO DE FORMACAO DE CAMADA NOTA 1309049,FALHA DE CORREIA,FALHA DE CORREIA,TRAIN
2418,ESTEIRA DE SAIDA QUEBROU ORDEM 30008577064,ESTEIRA DE SAIDA QUEBROU ORDEM 30008577064,QUEBRA DE ESTEIRA,QUEBRA DE ESTEIRA,TRAIN
2419,SAINDO PACOTES ABERTO NA SAIDA DO FORNO,SAINDO PACOTES ABERTO NA SAIDA DO FORNO,FALHA DE ENVOLVIMENTO,FALHA DE ENVOLVIMENTO,TRAIN
2420,FONTE DE ALIMENTAÇÃO 24VCC DANIFICADA APENAS 18VCC NA SAIDA DA FONTE NOTA30008576775,FONTE DE ALIMENTACAO 24VCC DANIFICADA APENAS 18VCC NA SAIDA DA FONTE NOTA30008576775,FALHA DE FONTE DE ALIMENTAÇÃO,FALHA DE FONTE DE ALIMENTACAO,TRAIN
2421,"QUEBRA DA ESTEIRA DO TRANSPORTE DE PACOTES , NOTA 30008575023",QUEBRA DA ESTEIRA DO TRANSPORTE DE PACOTES NOTA 30008575023,QUEBRA DE ESTEIRA,QUEBRA DE ESTEIRA,TRAIN
2422,QUEDA DE GARRAFA NO PINO DE SEPARAÇAO ORDEM:30008576987,QUEDA DE GARRAFA NO PINO DE SEPARACAO ORDEM 30008576987,QUEDA DE GARRAFAS,QUEDA DE GARRAFAS,TRAIN
2423,AJUSTE DA ESTEIRA DE ENTRADA DA PALETIZADORA,AJUSTE DA ESTEIRA DE ENTRADA DA PALETIZADORA,FALHA DE ESTEIRA,FALHA DE ESTEIRA,TEST
2424,FALHA EM ENVIAR TAMPAS PARA ENCHEDORA,FALHA EM ENVIAR TAMPAS PARA ENCHEDORA,FALHA EM ENVIAR TAMPAS PARA ENCHEDORA,FALHA EM ENVIAR TAMPAS PARA ENCHEDORA,TRAIN
2425,FALHA EM ENVIAR TAMPAS PARA ENCHEDORA,FALHA EM ENVIAR TAMPAS PARA ENCHEDORA,FALHA EM ENVIAR TAMPAS PARA ENCHEDORA,FALHA EM ENVIAR TAMPAS PARA ENCHEDORA,TRAIN
2426,FALHA NO SENSOR DO TAPETE DE SAÍDA DA HEUFIT,FALHA NO SENSOR DO TAPETE DE SAIDA DA HEUFIT,FALHA DE SENSOR,FALHA DE SENSOR,TRAIN
2427,FALHA NO SENSOR DA PORTA DA PALETIZADORA,FALHA NO SENSOR DA PORTA DA PALETIZADORA,FALHA DE SENSOR,FALHA DE SENSOR,TRAIN
2428,SENSOR DE ACUMULO DE LATAS NA SAIDA DO INSPETOR HEUFT APRESENTANDO FALHA,SENSOR DE ACUMULO DE LATAS NA SAIDA DO INSPETOR HEUFT APRESENTANDO FALHA,FALHA DE SENSOR,FALHA DE SENSOR,TEST
2429,SENSOR FORA DE FOCO,SENSOR FORA DE FOCO,FALHA DE SENSOR,FALHA DE SENSOR,TEST
2430,TROCA DO ROLAMENTO DO EIXO DA PONTE DE VÁCUO DA EMPACOTADORA - ORDEM - 30008577051,TROCA DO ROLAMENTO DO EIXO DA PONTE DE VACUO DA EMPACOTADORA ORDEM 30008577051,FALHA DE ROLAMENTO,FALHA DE ROLAMENTO,TEST
2431,ENROSCO DE LATA NO GUIA DO TWISTER DE SAIDA DA ENCHEDORA,ENROSCO DE LATA NO GUIA DO TWISTER DE SAIDA DA ENCHEDORA,ENROSCO DE LATAS,ENROSCO DE LATAS,TRAIN
2432,FALHA NA BOMBA DO DESAERADOR,FALHA NA BOMBA DO DESAERADOR,FALHA DE BOMBA,FALHA DE BOMBA,TEST
2433,"VAZAMENTO DE AGUA NO FILTRO POLIDOR,GERANDO FALHA NOS JATOS FINAIS.",VAZAMENTO DE AGUA NO FILTRO POLIDOR GERANDO FALHA NOS JATOS FINAIS,VAZAMENTO,VAZAMENTO,TRAIN
2434,QUEDA DA GRADE DE PROTEÇÃO,QUEDA DA GRADE DE PROTECAO,FALHA DE FIXAÇÃO DE PROTEÇÃO,FALHA DE FIXACAO DE PROTECAO,TRAIN
2435,ENCHEDORA VELOCIDADE REDUZIDA DEVIDO FALTA DE BEBIDA,ENCHEDORA VELOCIDADE REDUZIDA DEVIDO FALTA DE BEBIDA,FALHA NO ENVIO DE BEBIDA,FALHA NO ENVIO DE BEBIDA,TRAIN
2436,REGULAGEM DO REJEITO DA LATA DE NIVEL ALTO (3008581607),REGULAGEM DO REJEITO DA LATA DE NIVEL ALTO 3008581607,FALHA DE ENCHIMENTO,FALHA DE ENCHIMENTO,TEST
2437,RUPTURA NO FILME APÓSTROCA DE BOBINA(FOI REGULARIZADO SISTEMA DE CORTE APÓS PROCEDIMENTO RESET MAQUINANA IHM NOTA 3000850626,RUPTURA NO FILME APOSTROCA DE BOBINA FOI REGULARIZADO SISTEMA DE CORTE APOS PROCEDIMENTO RESET MAQUINANA IHM NOTA 3000850626,FALHA DE IHM,FALHA DE IHM,TRAIN
2438,"BORBOLETA NUMERO 50 RUIM , NOTA 30008580559",BORBOLETA NUMERO 50 RUIM NOTA 30008580559,FALHA DE VÁLVULA,FALHA DE VALVULA,TEST
2439,"QUEBRA DA ESTEIRA DO TRANSPORTE DE PACOTES , NOTA 30008580600",QUEBRA DA ESTEIRA DO TRANSPORTE DE PACOTES NOTA 30008580600,QUEBRA DE ESTEIRA,QUEBRA DE ESTEIRA,TRAIN
2440,QUEBRA DA ESTEIRA DO TRANSPORTE DE PACOTES,QUEBRA DA ESTEIRA DO TRANSPORTE DE PACOTES,QUEBRA DE ESTEIRA,QUEBRA DE ESTEIRA,TRAIN
2441,"SAINDO GARRAFAS SEM TAMPA , OCASIONANDO QUEDA NO PINO DE SEPARAÇÃO DA EMPACOTADORA",SAINDO GARRAFAS SEM TAMPA OCASIONANDO QUEDA NO PINO DE SEPARACAO DA EMPACOTADORA,FALHA DE ALIMENTAÇÃO DE TAMPAS,FALHA DE ALIMENTACAO DE TAMPAS,TRAIN
2442,QUEBRA DA ESTEIRA DO TRP DE PACOTES.,QUEBRA DA ESTEIRA DO TRP DE PACOTES,QUEBRA DE ESTEIRA,QUEBRA DE ESTEIRA,TRAIN
2443,"FALHA NA PARADA E PARTIDA DO MOTOR DO TRANSPORTE DE LATA VAZIA,ANTES DO RINSER ,GERANDO AMASSAMENTO DE LATA E PERDA",FALHA NA PARADA E PARTIDA DO MOTOR DO TRANSPORTE DE LATA VAZIA ANTES DO RINSER GERANDO AMASSAMENTO DE LATA E PERDA,FALHA DE MOTOR,FALHA DE MOTOR,TRAIN
2444,FALHA NO SENSOR DO TAPETE DE SAÍDA DA HEUFIT,FALHA NO SENSOR DO TAPETE DE SAIDA DA HEUFIT,FALHA DE SENSOR,FALHA DE SENSOR,TRAIN
2445,"FALHA DE ENCHIMENTO NAS VALVULAS 21, 38, 40 E 110 ( MANGUEIRAS MAL ENCAIXADAS ) 30008581625",FALHA DE ENCHIMENTO NAS VALVULAS 21 38 40 E 110 MANGUEIRAS MAL ENCAIXADAS 30008581625,FALHA DE VÁLVULA DE ENCHIMENTO,FALHA DE VALVULA DE ENCHIMENTO,TRAIN
2446,"SENSOR DO TRANSPORTE DE SAIDA DA ENCHEDORA ,GERANDO FALHA E PARADA ORDEM - 30008580629",SENSOR DO TRANSPORTE DE SAIDA DA ENCHEDORA GERANDO FALHA E PARADA ORDEM 30008580629,FALHA DE SENSOR,FALHA DE SENSOR,TRAIN
2447,FALHA NA SOLDA DO FILME,FALHA NA SOLDA DO FILME,FALHA DE SOLDA DE FILME,FALHA DE SOLDA DE FILME,TRAIN
2448,REGULAGEM DAS CINTAS DA MESA DE ENVOLVIMENTO (30008581609),REGULAGEM DAS CINTAS DA MESA DE ENVOLVIMENTO 30008581609,SEM MODO DE FALHA IDENTIFICADO,SEM MODO DE FALHA IDENTIFICADO,TRAIN
2449,PASSANFDO LATAS AMASSADAS OCASIONANDO QUEDA E ENROSCO NO TRANSPORTE,PASSANFDO LATAS AMASSADAS OCASIONANDO QUEDA E ENROSCO NO TRANSPORTE,ENROSCO DE LATAS,ENROSCO DE LATAS,TEST
2450,"QUEBRA DA ESTEIRA DO TRANSPORTE DE PACOTES , NOTA 30008583432",QUEBRA DA ESTEIRA DO TRANSPORTE DE PACOTES NOTA 30008583432,QUEBRA DE ESTEIRA,QUEBRA DE ESTEIRA,TRAIN
2451,"QUEBRA DO GUIA DE SEPARAÇÃO DE GARRAFAS DE ENTRADA DA EMPACOTADORA , NOTA 30008583428",QUEBRA DO GUIA DE SEPARACAO DE GARRAFAS DE ENTRADA DA EMPACOTADORA NOTA 30008583428,FALHA DE GUIA,FALHA DE GUIA,TRAIN
2452,TROCA DA PONTA DO CAME ORDEM 30008591391,TROCA DA PONTA DO CAME ORDEM 30008591391,FALHA DE CAME,FALHA DE CAME,TRAIN
2453,A RÉGUA ESTAVA APERTADO A GARRAFA DIFICULTANDO A ENTRADA PARA PEGAR CORRETAMENTA.ORDEM..30008591538,A REGUA ESTAVA APERTADO A GARRAFA DIFICULTANDO A ENTRADA PARA PEGAR CORRETAMENTA ORDEM 30008591538,DESAJUSTE DE RÉGUA,DESAJUSTE DE REGUA,TRAIN
2454,ESTEIRA DA SAIDA DA ENCAIXOTADORA ESCAPOU NOVAMENTE.,ESTEIRA DA SAIDA DA ENCAIXOTADORA ESCAPOU NOVAMENTE,ESCAPE DE ESTEIRA,ESCAPE DE ESTEIRA,TEST
2455,CONECTOR DO SENSOR DANIFICADO / ORDEM 30008591523,CONECTOR DO SENSOR DANIFICADO ORDEM 30008591523,FALHA DE SENSOR,FALHA DE SENSOR,TRAIN
2456,"MANDRIL NUMERO 6, MARCANDO A TAMPA",MANDRIL NUMERO 6 MARCANDO A TAMPA,FALHA DE MANDRIL,FALHA DE MANDRIL,TRAIN
2457,"FALHA PEGADA DE CAMADAS ,REALIZADO REPOSIÇAO DA VENTOSA 30008591398",FALHA PEGADA DE CAMADAS REALIZADO REPOSICAO DA VENTOSA 30008591398,FALHA DE VENTOSA,FALHA DE VENTOSA,TRAIN
2458,AJUSTE NA ALTURA DO PEGADOR DO ROBO 30008591428,AJUSTE NA ALTURA DO PEGADOR DO ROBO 30008591428,FALHA DE PEGADOR,FALHA DE PEGADOR,TRAIN
2459,FALHA DE ENCHIMENTO VALVULA N°70,FALHA DE ENCHIMENTO VALVULA N 70,FALHA DE VÁLVULA DE ENCHIMENTO,FALHA DE VALVULA DE ENCHIMENTO,TRAIN
2460,FALHA DE ENCHIMENTO DA VALVULA N°70,FALHA DE ENCHIMENTO DA VALVULA N 70,FALHA DE VÁLVULA DE ENCHIMENTO,FALHA DE VALVULA DE ENCHIMENTO,TRAIN
2461,MANDRIL N° 6 MARCANDO TAMPAS,MANDRIL N 6 MARCANDO TAMPAS,FALHA DE MANDRIL,FALHA DE MANDRIL,TRAIN
2462,INSTABILIDADE DE ENCHIMENTO,INSTABILIDADE DE ENCHIMENTO,FALHA DE ENCHIMENTO,FALHA DE ENCHIMENTO,TRAIN
2463,REALIZANDO VERIFICAÇÃO DEVIDO PROBLEMA APRESENTADO NA TAMPA DA LATA,REALIZANDO VERIFICACAO DEVIDO PROBLEMA APRESENTADO NA TAMPA DA LATA,PROBLEMA NA TAMPA DA LATA,PROBLEMA NA TAMPA DA LATA,TRAIN
2464,TROCA DA VENTOSA,TROCA DA VENTOSA,FALHA DE VENTOSA,FALHA DE VENTOSA,TRAIN
2465,"INSTABILIDADE DE ENCHIMENTO, VELOCIDADE REDUZIDA",INSTABILIDADE DE ENCHIMENTO VELOCIDADE REDUZIDA,FALHA DE ENCHIMENTO,FALHA DE ENCHIMENTO,TEST
2466,TROCA DA VALVULA 67,TROCA DA VALVULA 67,FALHA DE VÁLVULA,FALHA DE VALVULA,TRAIN
2467,INSTABILIDADE DE ENCHIMENTO VELOCIDADE REDUZIDA,INSTABILIDADE DE ENCHIMENTO VELOCIDADE REDUZIDA,FALHA DE ENCHIMENTO,FALHA DE ENCHIMENTO,TEST
2468,TROCA DA VALVULA 67 E 10,TROCA DA VALVULA 67 E 10,FALHA DE VÁLVULA,FALHA DE VALVULA,TRAIN
2469,QUEDA DE LATAS NO TWISTER LOGO APOS A FILTEC,QUEDA DE LATAS NO TWISTER LOGO APOS A FILTEC,FALHA DE INSPEÇÃO,FALHA DE INSPECAO,TEST
2470,"QUEDA DE LATA NO TWISTER,PÓS CODIFICADORA",QUEDA DE LATA NO TWISTER POS CODIFICADORA,FALHA DE CODIFICAÇÃO,FALHA DE CODIFICACAO,TRAIN
2471,MANDRIL N° 6 MARCANDO TAMPAS,MANDRIL N 6 MARCANDO TAMPAS,FALHA DE MANDRIL,FALHA DE MANDRIL,TRAIN
2472,INSTABILIDADE DE ENCHIMENTO,INSTABILIDADE DE ENCHIMENTO,FALHA DE ENCHIMENTO,FALHA DE ENCHIMENTO,TRAIN
2473,REALIZANDO VERIFICAÇÃO DEVIDO PROBLEMA APRESENTADO NA TAMPA DA LATA,REALIZANDO VERIFICACAO DEVIDO PROBLEMA APRESENTADO NA TAMPA DA LATA,PROBLEMA NA TAMPA DA LATA,PROBLEMA NA TAMPA DA LATA,TRAIN
2474,TROCA DA VENTOSA,TROCA DA VENTOSA,FALHA DE VENTOSA,FALHA DE VENTOSA,TRAIN
2475,"INSTABILIDADE DE ENCHIMENTO, VELOCIDADE REDUZIDA",INSTABILIDADE DE ENCHIMENTO VELOCIDADE REDUZIDA,FALHA DE ENCHIMENTO,FALHA DE ENCHIMENTO,TEST
2476,TROCA DA VALVULA 67,TROCA DA VALVULA 67,FALHA DE VÁLVULA,FALHA DE VALVULA,TRAIN
2477,INSTABILIDADE DE ENCHIMENTO VELOCIDADE REDUZIDA,INSTABILIDADE DE ENCHIMENTO VELOCIDADE REDUZIDA,FALHA DE ENCHIMENTO,FALHA DE ENCHIMENTO,TEST
2478,TROCA DA VALVULA 67 E 10,TROCA DA VALVULA 67 E 10,FALHA DE VÁLVULA,FALHA DE VALVULA,TRAIN
2479,QUEDA DE LATAS NO TWISTER LOGO APOS A FILTEC,QUEDA DE LATAS NO TWISTER LOGO APOS A FILTEC,FALHA DE INSPEÇÃO,FALHA DE INSPECAO,TEST
2480,"QUEDA DE LATA NO TWISTER,PÓS CODIFICADORA",QUEDA DE LATA NO TWISTER POS CODIFICADORA,FALHA DE CODIFICAÇÃO,FALHA DE CODIFICACAO,TRAIN
2481,FALHA NA VALVULA DE ENCHIMENTO E AQUECIMENTO,FALHA NA VALVULA DE ENCHIMENTO E AQUECIMENTO,FALHA DE VÁLVULA DE ENCHIMENTO,FALHA DE VALVULA DE ENCHIMENTO,TEST
2482,DOBRANDO FILME / ABRINDO PACOTES,DOBRANDO FILME ABRINDO PACOTES,FALHA DE ENVOLVIMENTO,FALHA DE ENVOLVIMENTO,TEST
2483,RETIRANDA DE UM GOMO DO TRASNPORTE DE PACOTES (30008597084),RETIRANDA DE UM GOMO DO TRASNPORTE DE PACOTES 30008597084,FALHA DE ELO DE ESTEIRA,FALHA DE ELO DE ESTEIRA,TEST
2484,TROCA DA BOBINA DE FILME E ESTOURO NA SOLDA DA MESMA - ORDEM - 30008595841,TROCA DA BOBINA DE FILME E ESTOURO NA SOLDA DA MESMA ORDEM 30008595841,FALHA DE SOLDA DE FILME,FALHA DE SOLDA DE FILME,TRAIN
2485,"VAZAMENTO DO COLETOR,GERANDO PERDA DE PRESSÃO E PARADA",VAZAMENTO DO COLETOR GERANDO PERDA DE PRESSAO E PARADA,VAZAMENTO EM COLETOR,VAZAMENTO EM COLETOR,TRAIN
2486,FALHA VALVULA MOTORIZADA AGUA ORDEM: 30008595839,FALHA VALVULA MOTORIZADA AGUA ORDEM 30008595839,FALHA DE VÁLVULA,FALHA DE VALVULA,TEST
2487,FALHA MOTOR TAG-157 NO TRANSPORTE ALINHADOR,FALHA MOTOR TAG 157 NO TRANSPORTE ALINHADOR,FALHA DE MOTOR,FALHA DE MOTOR,TRAIN
2488,FALHA SENSIBILIDADE DO SENSOR DE PRESENÇA DE GARRAFA TESTE ORDEM: 30008598953,FALHA SENSIBILIDADE DO SENSOR DE PRESENCA DE GARRAFA TESTE ORDEM 30008598953,FALHA DE SENSOR,FALHA DE SENSOR,TEST
2489,"(ORDEM 30008599083) ROMPIMENTO DA CORREIA DA ESTEIRA DE TRANSPORTE DE TAMPAS, FEITO A TROCA",ORDEM 30008599083 ROMPIMENTO DA CORREIA DA ESTEIRA DE TRANSPORTE DE TAMPAS FEITO A TROCA,QUEBRA DE CORREIA,QUEBRA DE CORREIA,TRAIN
2490,"PALETIZADORA EM FALHA DE ROTAÇÃO , NOTA 30008598948",PALETIZADORA EM FALHA DE ROTACAO NOTA 30008598948,FALHA DE ROTAÇÃO,FALHA DE ROTACAO,TRAIN
2491,FALHA NA COMPACTAÇÃO DE CAMADAS ORDEM Nº 30008599364,FALHA NA COMPACTACAO DE CAMADAS ORDEM N 30008599364,FALHA DE COMPACTAÇÃO DE CAMADA,FALHA DE COMPACTACAO DE CAMADA,TRAIN
2492,QUEBRA DA ESTEIRA TRANSPORTADORA DE PACOTES,QUEBRA DA ESTEIRA TRANSPORTADORA DE PACOTES,QUEBRA DE ESTEIRA,QUEBRA DE ESTEIRA,TRAIN
2493,PARADA DO EQUIPAMENTO POR FALHA DE TEMPERATURA DO IHM (30008599929),PARADA DO EQUIPAMENTO POR FALHA DE TEMPERATURA DO IHM 30008599929,FALHA DE IHM,FALHA DE IHM,TRAIN
2494,FALHA DE BARREIRA NO TRANSPORTE DE SAIDA DE PALETES (30008599931),FALHA DE BARREIRA NO TRANSPORTE DE SAIDA DE PALETES 30008599931,FALHA DE BARREIRA,FALHA DE BARREIRA,TRAIN
2495,ESTOURO DO FILME NA TROCA DE BOBINA,ESTOURO DO FILME NA TROCA DE BOBINA,ROMPIMENTO DE FILME,ROMPIMENTO DE FILME,TRAIN
2496,"FALHA DE ESVAZIAMENTO DO CARTÃO, MAQUINA LIGADA E PALETE NAO SAINDO PRA NOVO CICLO",FALHA DE ESVAZIAMENTO DO CARTAO MAQUINA LIGADA E PALETE NAO SAINDO PRA NOVO CICLO,FALHA NO MANUSEIO DE CARTÃO,FALHA NO MANUSEIO DE CARTAO,TRAIN
2497,FALHA NA RETIRADA DO QUADRO,FALHA NA RETIRADA DO QUADRO,FALHA NO MANUSEIO DE CARTÃO,FALHA NO MANUSEIO DE CARTAO,TEST
2498,"TWISTER COM DESGASTE, DERRUBANDO MUITAS LATAS PARA ENTRADA DA EMPACOTADORA",TWISTER COM DESGASTE DERRUBANDO MUITAS LATAS PARA ENTRADA DA EMPACOTADORA,FALHA DE TWISTER,FALHA DE TWISTER,TRAIN
2499,TROCA DO SENSOR DA LINGUETA INDUTIVO RECRAVADORA - ORDEM - 30008598943,TROCA DO SENSOR DA LINGUETA INDUTIVO RECRAVADORA ORDEM 30008598943,FALHA DE SENSOR,FALHA DE SENSOR,TRAIN
2500,ROBO PEGANDO CAIXAS A MENOS,ROBO PEGANDO CAIXAS A MENOS,FALHA NA PEGADA DE CAMADA,FALHA NA PEGADA DE CAMADA,TRAIN
2501,"ENOS MASSPEC QUEIMA DE FILAMENTOS, FOI REALIZADO A TROCA ORDEM: 30008601910",ENOS MASSPEC QUEIMA DE FILAMENTOS FOI REALIZADO A TROCA ORDEM 30008601910,QUEIMA DE FILAMENTO,QUEIMA DE FILAMENTO,TRAIN
2502,FALHA SENSORES DAS FOTOCELULASDO CABEÇOTE FORA POSIÇÃO E SOLTOS,FALHA SENSORES DAS FOTOCELULASDO CABECOTE FORA POSICAO E SOLTOS,FALHA DE SENSOR,FALHA DE SENSOR,TRAIN
2503,"VALVULA COM BASE AMASSADA, NECESSARIO SUBSTITUIÇÃO DA MESMA",VALVULA COM BASE AMASSADA NECESSARIO SUBSTITUICAO DA MESMA,FALHA DE VÁLVULA,FALHA DE VALVULA,TRAIN
2504,NIVE DE AGUA DA CUBA ABAIXANDO,NIVE DE AGUA DA CUBA ABAIXANDO,FALHA DE NÍVEL DE ÁGUA,FALHA DE NIVEL DE AGUA,TRAIN
2505,PINÇA NUMERO 54 ENTREGANDO GARRAFA TORTA,PINCA NUMERO 54 ENTREGANDO GARRAFA TORTA,FALHA DE PINÇA,FALHA DE PINCA,TRAIN
2506,FALHA DE BARREIRA NO TRANSPORTE DE SAIDA DE PALETES,FALHA DE BARREIRA NO TRANSPORTE DE SAIDA DE PALETES,FALHA DE BARREIRA,FALHA DE BARREIRA,TRAIN
2507,QUEDA DE GARRAFAS NO TRANSPORTE DE SAIDA DO LINATRONIC,QUEDA DE GARRAFAS NO TRANSPORTE DE SAIDA DO LINATRONIC,QUEDA DE GARRAFAS,QUEDA DE GARRAFAS,TRAIN
2508,FALHA NO REJEITOR LINEAR,FALHA NO REJEITOR LINEAR,FALHA DE REJEIÇÃO,FALHA DE REJEICAO,TRAIN
2509,"RETROFI ENCHEDORA, PROJETO ENGENHARIA / SIDEL",RETROFI ENCHEDORA PROJETO ENGENHARIA SIDEL,SEM MODO DE FALHA IDENTIFICADO,SEM MODO DE FALHA IDENTIFICADO,TRAIN
2510,"AJUSTE NO GUIA E NO SINCRONISMO DA ESTRELA, GARRAFAS BATENDO E FICANDO MARCADAS",AJUSTE NO GUIA E NO SINCRONISMO DA ESTRELA GARRAFAS BATENDO E FICANDO MARCADAS,SEM MODO DE FALHA IDENTIFICADO,SEM MODO DE FALHA IDENTIFICADO,TRAIN
2511,"AJUSTE NO SENSOR E NA SENSIBILIDADE, SENSOR DE DETECÇÃO DE GARRAFAS CAIDA NO ENVOLVIMENTO DOS PACOTES",AJUSTE NO SENSOR E NA SENSIBILIDADE SENSOR DE DETECCAO DE GARRAFAS CAIDA NO ENVOLVIMENTO DOS PACOTES,FALHA DE SENSOR,FALHA DE SENSOR,TRAIN
2512,"FALHA NOBREAK, FALTOU ENERGIA EQTO",FALHA NOBREAK FALTOU ENERGIA EQTO,FALHA DE NOBREAK,FALHA DE NOBREAK,TRAIN
2513,FALHA NOBREAK ( ABASTECENDO A LAVADORA),FALHA NOBREAK ABASTECENDO A LAVADORA,FALHA DE NOBREAK,FALHA DE NOBREAK,TRAIN
2514,"ROLETES TORTO,CAUSANDO ERRO NA FORMAÇÃO DAS CAMADAS",ROLETES TORTO CAUSANDO ERRO NA FORMACAO DAS CAMADAS,FALHA DE ROLETES,FALHA DE ROLETES,TEST
2515,FALHA NA DESCAPSULAGEM DAS GARRAFAS( FOI COLOCADO UM PARAFUSO NA PINÇA QUE ESTAVA FALTANDO 30008605426 ),FALHA NA DESCAPSULAGEM DAS GARRAFAS FOI COLOCADO UM PARAFUSO NA PINCA QUE ESTAVA FALTANDO 30008605426,FALHA DE DESCAPSULAMENTO,FALHA DE DESCAPSULAMENTO,TEST
2516,TRAVAMENTO POR FALTA DE GRAXA,TRAVAMENTO POR FALTA DE GRAXA,FALHA DE LUBRIFICAÇÃO,FALHA DE LUBRIFICACAO,TEST
2517,AJUSTE NAS GUIAS DE SEPARAÇÃO APÓS MELHORIAS DA REFORMA,AJUSTE NAS GUIAS DE SEPARACAO APOS MELHORIAS DA REFORMA,SEM MODO DE FALHA IDENTIFICADO,SEM MODO DE FALHA IDENTIFICADO,TEST
2518,FALHA NO MOTOR PULANDO ELO (30008607326),FALHA NO MOTOR PULANDO ELO 30008607326,FALHA DE MOTOR,FALHA DE MOTOR,TEST
2519,FALHA NO MOTOR PULANDO ELO,FALHA NO MOTOR PULANDO ELO,FALHA DE MOTOR,FALHA DE MOTOR,TRAIN
2520,QUEDA DE GARRAFAS NA ENTRADA/ ENROSCO NAS CHAPAS DE ENTRADA DO PANTÓGRAFO ( ORDEM - 30008607329 ),QUEDA DE GARRAFAS NA ENTRADA ENROSCO NAS CHAPAS DE ENTRADA DO PANTOGRAFO ORDEM 30008607329,ENROSCO DE GARRAFAS,ENROSCO DE GARRAFAS,TRAIN
2521,BOIA DA CUBA DE AGUA TRAVANDO,BOIA DA CUBA DE AGUA TRAVANDO,TRAVAMENTO DE BOIA,TRAVAMENTO DE BOIA,TEST
2522,QUEBRA DA ESTEIRA NA SAIDA DO FORNO ORDEM Nº30008606392,QUEBRA DA ESTEIRA NA SAIDA DO FORNO ORDEM N 30008606392,QUEBRA DE ESTEIRA,QUEBRA DE ESTEIRA,TRAIN
2523,QUEBRA DA ESTEIRA NA ENTRADA DA PALETIZADORA,QUEBRA DA ESTEIRA NA ENTRADA DA PALETIZADORA,QUEBRA DE ESTEIRA,QUEBRA DE ESTEIRA,TRAIN
2524,GUIA DO PISTAO DE COMPACTAÇÃO IRREGULAR (13245350),GUIA DO PISTAO DE COMPACTACAO IRREGULAR 13245350,DESALINHAMENTO DE GUIA,DESALINHAMENTO DE GUIA,TRAIN
2525,REJEITANDO LATAS BOAS E DERRUBANDO NO TRANSPORTE PARA ENCHEDORA,REJEITANDO LATAS BOAS E DERRUBANDO NO TRANSPORTE PARA ENCHEDORA,FALHA DE REJEIÇÃO,FALHA DE REJEICAO,TRAIN
2526,FALHA DE VACUO NA PEGA DOS PACOTES,FALHA DE VACUO NA PEGA DOS PACOTES,FALHA DE VÁCUO,FALHA DE VACUO,TRAIN
2527,"QUEBRA DO GUIA, SOLDAGEM E CORREIA SAIU FORA DA POLIA ORDEM : 30008607045",QUEBRA DO GUIA SOLDAGEM E CORREIA SAIU FORA DA POLIA ORDEM 30008607045,QUEBRA DE CORREIA,QUEBRA DE CORREIA,TRAIN
2528,FALHA SENSOR DE SEGURANÇA DA PORTA DA ENCAIXOTADORA,FALHA SENSOR DE SEGURANCA DA PORTA DA ENCAIXOTADORA,FALHA DE SENSOR,FALHA DE SENSOR,TRAIN
2529,FALHA SENSOR DE SEGURANÇA DA PORTA ENCAIXOTADORA ORDEM: 30008604993,FALHA SENSOR DE SEGURANCA DA PORTA ENCAIXOTADORA ORDEM 30008604993,FALHA DE SENSOR,FALHA DE SENSOR,TEST
2530,FALHA TROCA DE BANDEJA DO AGREGADO 1 ORDEM: 30008604995,FALHA TROCA DE BANDEJA DO AGREGADO 1 ORDEM 30008604995,FALHA NA TROCA DE BANDEJA,FALHA NA TROCA DE BANDEJA,TRAIN
2531,"QUEDA DE LATA NO TWISTER ,PÓS FILTEC",QUEDA DE LATA NO TWISTER POS FILTEC,FALHA DE INSPEÇÃO,FALHA DE INSPECAO,TEST
2532,FIXAÇÃO DA EMGRENAGEM SOLTA 30008609203,FIXACAO DA EMGRENAGEM SOLTA 30008609203,FALHA DE ENGRENAGEM,FALHA DE ENGRENAGEM,TRAIN
2533,FALHA NO PRESSOSTATO,FALHA NO PRESSOSTATO,FALHA DE PRESSOSTATO,FALHA DE PRESSOSTATO,TEST
2534,Estrutura falta/danificada,ESTRUTURA FALTA DANIFICADA,FALHA ESTRUTURAL,FALHA ESTRUTURAL,TRAIN
2535,FALHA NA BARREIRA DE SEGURANÇA,FALHA NA BARREIRA DE SEGURANCA,FALHA DE BARREIRA,FALHA DE BARREIRA,TRAIN
2536,FALHA DE RECRAVAÇÃO - ATUAÇÃO NA PRIMEIRA OPERAÇÃO DOS MANDRIS N°1 E 6,FALHA DE RECRAVACAO ATUACAO NA PRIMEIRA OPERACAO DOS MANDRIS N 1 E 6,FALHA DE RECRAVAÇÃO,FALHA DE RECRAVACAO,TRAIN
2537,FALHA NO SENSOR DA PORTA DE SEGURANÇA OCASIONANDO PARADA DOS PALETES FORA DE POSIÇÃO NO TRANSPORTE (30008613899),FALHA NO SENSOR DA PORTA DE SEGURANCA OCASIONANDO PARADA DOS PALETES FORA DE POSICAO NO TRANSPORTE 30008613899,FALHA DE SENSOR,FALHA DE SENSOR,TRAIN
2538,FALHA DE BARREIRA NA SAIDA DE PALETES,FALHA DE BARREIRA NA SAIDA DE PALETES,FALHA DE BARREIRA,FALHA DE BARREIRA,TRAIN
2539,FALHA NO PEGA DE PACOTES QUEDA DE CAMADA,FALHA NO PEGA DE PACOTES QUEDA DE CAMADA,FALHA NA PEGADA DE CAMADA,FALHA NA PEGADA DE CAMADA,TEST
2540,MANDRIL Nº1 E Nº6 FORA DA ESPECIFICAÇÃO,MANDRIL N 1 E N 6 FORA DA ESPECIFICACAO,FALHA DE MANDRIL,FALHA DE MANDRIL,TEST
2541,"PISTAO DE RETIRADA DE CARTÃO TRAVADNO NA RETIRADA,",PISTAO DE RETIRADA DE CARTAO TRAVADNO NA RETIRADA,TRAVAMENTO DE ATUADOR,TRAVAMENTO DE ATUADOR,TRAIN
2542,MANDRIL Nº6 FORA DOS PARAMETROS,MANDRIL N 6 FORA DOS PARAMETROS,FALHA DE MANDRIL,FALHA DE MANDRIL,TRAIN
2543,CORREIA DA MESA DE ENVOLVIMENTO PATINANDO,CORREIA DA MESA DE ENVOLVIMENTO PATINANDO,FALHA DE CORREIA,FALHA DE CORREIA,TRAIN
2544,FALHA NA CODIFICADORA,FALHA NA CODIFICADORA,FALHA DE CODIFICAÇÃO,FALHA DE CODIFICACAO,TRAIN
2545,"FALHA TRANSPORTE DA ROTULADORA, PERDEU PARAMETROS",FALHA TRANSPORTE DA ROTULADORA PERDEU PARAMETROS,FALHA DE ROTULAGEM,FALHA DE ROTULAGEM,TRAIN
2546,FALHA AO PUXAR PALETES,FALHA AO PUXAR PALETES,FALHA DE ALIMENTAÇÃO DE PALETES,FALHA DE ALIMENTACAO DE PALETES,TRAIN
2547,FIXAÇÃO DA ENGRANAGEM SOLTA,FIXACAO DA ENGRANAGEM SOLTA,FALHA DE ENGRENAGEM,FALHA DE ENGRENAGEM,TEST
2548,FALHA NA RETIRADA DE TAMPA,FALHA NA RETIRADA DE TAMPA,FALHA DE DESCAPSULAMENTO,FALHA DE DESCAPSULAMENTO,TRAIN
2549,VAZAMENTO DE SELO DA BOMBA DO TANQUE 2 PARADA PARA TROCA DO SELO.,VAZAMENTO DE SELO DA BOMBA DO TANQUE 2 PARADA PARA TROCA DO SELO,FALHA DE BOMBA,FALHA DE BOMBA,TRAIN
2550,FALHA ELÉTRICA NA EXTRASSAO DE ROTULO CAUSANDO PARADA NO EQUIPAMENTO,FALHA ELETRICA NA EXTRASSAO DE ROTULO CAUSANDO PARADA NO EQUIPAMENTO,Excesso de garrafa com rotulo,EXCESSO DE GARRAFA COM ROTULO,TRAIN
2551,FALHA NA EXTRASSAO DE ROTULO DA LAVADORA CAUSANDO PARADAS NO EQUIPAMENTO,FALHA NA EXTRASSAO DE ROTULO DA LAVADORA CAUSANDO PARADAS NO EQUIPAMENTO,Excesso de garrafa com rotulo,EXCESSO DE GARRAFA COM ROTULO,TRAIN
2552,AJUSTE DO SENSOR ENTRADA DE GARRAFAS,AJUSTE DO SENSOR ENTRADA DE GARRAFAS,FALHA DE SENSOR,FALHA DE SENSOR,TRAIN
2553,"VALVULAS COM EMCHIMENTO IMREGULAR NIVEL FORA DE PADRO VALVULA 11,110,111 30008618676",VALVULAS COM EMCHIMENTO IMREGULAR NIVEL FORA DE PADRO VALVULA 11 110 111 30008618676,FALHA DE ENCHIMENTO,FALHA DE ENCHIMENTO,TEST
2554,QUEBRA DA ESTEIRA,QUEBRA DA ESTEIRA,QUEBRA DE ESTEIRA,QUEBRA DE ESTEIRA,TRAIN
2555,BASE DO MOTOR DO VIBRADOR SOLTA,BASE DO MOTOR DO VIBRADOR SOLTA,FALHA DE MOTOR,FALHA DE MOTOR,TRAIN
2556,QUEBRA DA ESTEIRA,QUEBRA DA ESTEIRA,QUEBRA DE ESTEIRA,QUEBRA DE ESTEIRA,TRAIN
2557,TROCA DA FACA QUE FAZ O CORTE DO FILME,TROCA DA FACA QUE FAZ O CORTE DO FILME,FALHA DE CORTE DE FILME,FALHA DE CORTE DE FILME,TRAIN
2558,AJUSTE DE SENSIBILIDADE,AJUSTE DE SENSIBILIDADE,SEM MODO DE FALHA IDENTIFICADO,SEM MODO DE FALHA IDENTIFICADO,TRAIN
2559,JAMPER NA VALVULA90,JAMPER NA VALVULA90,FALHA DE VÁLVULA DE ENCHIMENTO,FALHA DE VALVULA DE ENCHIMENTO,TRAIN
2560,ENROSCO DE LATA NO TWISTER DE SAIDA DA ENCHEDORA,ENROSCO DE LATA NO TWISTER DE SAIDA DA ENCHEDORA,ENROSCO DE LATAS,ENROSCO DE LATAS,TRAIN
2561,FALHA BLOQUEIO NO VIRADOR DE CAIXAS ORDEM:30008618633,FALHA BLOQUEIO NO VIRADOR DE CAIXAS ORDEM 30008618633,FALHA NO VIRADOR DE CAIXAS,FALHA NO VIRADOR DE CAIXAS,TEST
2562,FALHA SISTEMA DE ARTICULAÇÃO DA VALVULA 13 ORDEM: 30008618657,FALHA SISTEMA DE ARTICULACAO DA VALVULA 13 ORDEM 30008618657,FALHA DE VÁLVULA,FALHA DE VALVULA,TRAIN
2563,FALHA NO CORTE DO FILME NOTA:13256820,FALHA NO CORTE DO FILME NOTA 13256820,FALHA DE CORTE DE FILME,FALHA DE CORTE DE FILME,TRAIN
2564,FALHA NO CORTE DO FILME,FALHA NO CORTE DO FILME,FALHA DE CORTE DE FILME,FALHA DE CORTE DE FILME,TRAIN
2565,TROCA DO REPARO DO BLOCO DA VAL 18,TROCA DO REPARO DO BLOCO DA VAL 18,FALHA DE VEDAÇÃO DA VÁLVULA,FALHA DE VEDACAO DA VALVULA,TRAIN
2566,TROCA DA VALVULA 82 E TROCA DO BLOCO DA VALVULA 80,TROCA DA VALVULA 82 E TROCA DO BLOCO DA VALVULA 80,FALHA DE ENCHIMENTO,FALHA DE ENCHIMENTO,TRAIN
2567,FALHA NO CORTE DO FILME DEVIDO AO PARAFUSO QUEBRADO DO ROLO DE TRAÇÃO,FALHA NO CORTE DO FILME DEVIDO AO PARAFUSO QUEBRADO DO ROLO DE TRACAO,FALHA DE CORTE DE FILME,FALHA DE CORTE DE FILME,TRAIN
2568,FALHA DE ENCHIMENTO SAINDO NIVEL BAIXO AJUSTE VAL 18,FALHA DE ENCHIMENTO SAINDO NIVEL BAIXO AJUSTE VAL 18,FALHA DE ENCHIMENTO,FALHA DE ENCHIMENTO,TEST
2569,FALHA DE ENCHIMENTO SAINDO NIVEL BAIXO - ORDEM: 30008619515,FALHA DE ENCHIMENTO SAINDO NIVEL BAIXO ORDEM 30008619515,FALHA DE ENCHIMENTO,FALHA DE ENCHIMENTO,TRAIN
2570,"FALHA NO CORTE DO FILME, FEITO O SINCRONISMO",FALHA NO CORTE DO FILME FEITO O SINCRONISMO,FALHA DE CORTE DE FILME,FALHA DE CORTE DE FILME,TRAIN
2571,FALTA DE AR NO VIRADOR DE PACOTES,FALTA DE AR NO VIRADOR DE PACOTES,FALHA DE SUPRIMENTO DE AR COMPRIMIDO,FALHA DE SUPRIMENTO DE AR COMPRIMIDO,TRAIN
2572,FALHA NO VIRADOR DE PACOTES,FALHA NO VIRADOR DE PACOTES,FALHA NO VIRADOR DE PACOTES,FALHA NO VIRADOR DE PACOTES,TEST
2573,"VALVULAS COM EMCHIMENTO IMREGULAR NIVEL FORA DE PADRO VALVULA 11,110,111 30008618676",VALVULAS COM EMCHIMENTO IMREGULAR NIVEL FORA DE PADRO VALVULA 11 110 111 30008618676,FALHA DE ENCHIMENTO,FALHA DE ENCHIMENTO,TEST
2574,SUPORTE DA FACA DE CORTE QUEBRADO 30008618696,SUPORTE DA FACA DE CORTE QUEBRADO 30008618696,QUEBRA DE SUPORTE,QUEBRA DE SUPORTE,TRAIN
2575,ENCHEDORA ABAIXO DA NOMINAL ESPUMADO BEBIDA NA HORA DO ALMENTO DE VELOCIDADE,ENCHEDORA ABAIXO DA NOMINAL ESPUMADO BEBIDA NA HORA DO ALMENTO DE VELOCIDADE,FALHA DE ENCHIMENTO,FALHA DE ENCHIMENTO,TRAIN
2576,VIRADOR DE CAIXA COM FALHA,VIRADOR DE CAIXA COM FALHA,FALHA NO VIRADOR DE CAIXAS,FALHA NO VIRADOR DE CAIXAS,TRAIN
2577,FALHA NA VÁLVULA 78 ATRASO NA PARTIDA DO CIP,FALHA NA VALVULA 78 ATRASO NA PARTIDA DO CIP,FALHA DE VÁLVULA,FALHA DE VALVULA,TEST
2578,FALSO REJEITO POR TAMPA ( NOTA 030008619519 ),FALSO REJEITO POR TAMPA NOTA 030008619519,FALHA DE REJEIÇÃO,FALHA DE REJEICAO,TEST
2579,"VIBRAÇÃO NO ROLETE DA EMPACOTADORA,GERANDO DESLOCAMENTO DO FILME E MÁ FORMAÇÃO DO PACOTE",VIBRACAO NO ROLETE DA EMPACOTADORA GERANDO DESLOCAMENTO DO FILME E MA FORMACAO DO PACOTE,FALHA DE ROLETES,FALHA DE ROLETES,TRAIN
2580,"IBRAÇÃO NO ROLETE DA EMPACOTADORA,GERANDO DESLOCAMENTO DO FILME E MÁ FORMAÇÃO DO PACOTE",IBRACAO NO ROLETE DA EMPACOTADORA GERANDO DESLOCAMENTO DO FILME E MA FORMACAO DO PACOTE,FALHA DE ROLETES,FALHA DE ROLETES,TRAIN
2581,"VIBRAÇÃO NO ROLETE DA EMPACOTADORA,GERANDO DESLOCAMENTO DO FILME E MÁ FORMAÇÃO DO PACOTE NOTA 30008619227",VIBRACAO NO ROLETE DA EMPACOTADORA GERANDO DESLOCAMENTO DO FILME E MA FORMACAO DO PACOTE NOTA 30008619227,FALHA DE ROLETES,FALHA DE ROLETES,TRAIN
2582,PALETE NAO SAINDO DO ELEVADOR E GERANDO FALHA DE RETIRADA RETIRADA DE CARTÃO,PALETE NAO SAINDO DO ELEVADOR E GERANDO FALHA DE RETIRADA RETIRADA DE CARTAO,FALHA NO MANUSEIO DE CARTÃO,FALHA NO MANUSEIO DE CARTAO,TRAIN
2583,"FALHA NA DATADORA, ESVAZIANDO PULMÃO DA EMPACOTADORA",FALHA NA DATADORA ESVAZIANDO PULMAO DA EMPACOTADORA,FALHA DE CODIFICAÇÃO,FALHA DE CODIFICACAO,TRAIN
2584,FALHA NO TRANSPORTE DE PALETE (300086919514),FALHA NO TRANSPORTE DE PALETE 300086919514,FALHA DE TRANSPORTE DE PALETES,FALHA DE TRANSPORTE DE PALETES,TRAIN
2585,DESARME TÉRMICO NA DESPALETIZADORA ORDEM: 30008620804,DESARME TERMICO NA DESPALETIZADORA ORDEM 30008620804,DESARME TÉRMICO,DESARME TERMICO,TEST
2586,FALHA DOS SENSORES DE SEGURANÇA DAS PORTAS E MOTOR DA MESA DE CARGA,FALHA DOS SENSORES DE SEGURANCA DAS PORTAS E MOTOR DA MESA DE CARGA,FALHA DE MOTOR,FALHA DE MOTOR,TEST
2587,FALHA DOS SENSORES DE SEGURANÇA DAS PORTAS E MOTOR DA MESA DE CARGA (30008623012),FALHA DOS SENSORES DE SEGURANCA DAS PORTAS E MOTOR DA MESA DE CARGA 30008623012,FALHA DE MOTOR,FALHA DE MOTOR,TRAIN
2588,FALHA NO SENSOR DO CABEÇOTE DO ROBO DE CARTÃO (CABO ESTAVA ROMPIDO) 30008623021,FALHA NO SENSOR DO CABECOTE DO ROBO DE CARTAO CABO ESTAVA ROMPIDO 30008623021,FALHA DE SENSOR,FALHA DE SENSOR,TRAIN
2589,TROCA DO ROLAMENTO DA ESTAÇÃO N°6 (0008623023),TROCA DO ROLAMENTO DA ESTACAO N 6 0008623023,FALHA DE ROLAMENTO,FALHA DE ROLAMENTO,TRAIN
2590,SOLTOU PARAFUSO NO APALPADOR DE CAIXAS ORDEM: 30008620806,SOLTOU PARAFUSO NO APALPADOR DE CAIXAS ORDEM 30008620806,FALHA DE FIXAÇÃO,FALHA DE FIXACAO,TRAIN
2591,TERMICO DESARMADO,TERMICO DESARMADO,DESARME TÉRMICO,DESARME TERMICO,TRAIN
2592,PERDA DE SONCRONISMO NA MESA DE SEGMENTO,PERDA DE SONCRONISMO NA MESA DE SEGMENTO,FALHA DE SEGMENTOS,FALHA DE SEGMENTOS,TRAIN
2593,FALHA NO SISTEMA LINEAR ENOS EBS,FALHA NO SISTEMA LINEAR ENOS EBS,FALHA DE AUTOMAÇÃO,FALHA DE AUTOMACAO,TRAIN
2594,FALHA NA ALTO CALIBRAÇÃO GAZ REDOX BAIXO ORDEM 30008623010,FALHA NA ALTO CALIBRACAO GAZ REDOX BAIXO ORDEM 30008623010,FALHA DE CONTROLE DE PROCESSO,FALHA DE CONTROLE DE PROCESSO,TEST
2595,"DOSADOR COM PROBLEMAS ,CONGELANDO ASTE DE DOSAGEM",DOSADOR COM PROBLEMAS CONGELANDO ASTE DE DOSAGEM,FALHA DE DOSAGEM,FALHA DE DOSAGEM,TRAIN
2596,CRIAÇÃO DA RECEITA DE ENCHIMENTO 30008620767,CRIACAO DA RECEITA DE ENCHIMENTO 30008620767,FALHA DE ENCHIMENTO,FALHA DE ENCHIMENTO,TRAIN
2597,FALHA NA COMPACTAÇÃO DAS CAMADAS DEVIDO SENSOR MAL APERTADO,FALHA NA COMPACTACAO DAS CAMADAS DEVIDO SENSOR MAL APERTADO,FALHA DE SENSOR,FALHA DE SENSOR,TEST
2598,"FALTA DE AR NAS VALVULAS ELETRONICAS, IMPACTANDO EM CRASH NA SAIDA",FALTA DE AR NAS VALVULAS ELETRONICAS IMPACTANDO EM CRASH NA SAIDA,FALHA DE SUPRIMENTO DE AR COMPRIMIDO,FALHA DE SUPRIMENTO DE AR COMPRIMIDO,TEST
2599,FALTA DE AR NAS VALVULAS ELETRONICAS,FALTA DE AR NAS VALVULAS ELETRONICAS,FALHA DE SUPRIMENTO DE AR COMPRIMIDO,FALHA DE SUPRIMENTO DE AR COMPRIMIDO,TRAIN
2600,SENSOR DA CORRENTE DE AVASO,SENSOR DA CORRENTE DE AVASO,FALHA DE SENSOR,FALHA DE SENSOR,TRAIN
2601,VAZAMENTO NA VALVULA 82 CAUSANDO FALHA DE AR NAS VALVULAS ELETRONICAS 30008620816,VAZAMENTO NA VALVULA 82 CAUSANDO FALHA DE AR NAS VALVULAS ELETRONICAS 30008620816,VAZAMENTO EM VÁLVULA,VAZAMENTO EM VALVULA,TRAIN
2602,FALHA NO UPS DO IHM,FALHA NO UPS DO IHM,FALHA DE IHM,FALHA DE IHM,TRAIN
2603,"NIVEL BAIXO, BEBIDA ESPUMANDO",NIVEL BAIXO BEBIDA ESPUMANDO,ESPUMAMENTO DE BEBIDA,ESPUMAMENTO DE BEBIDA,TRAIN
2604,"NIVEL BAIXO, BEBIDA ESPUMANDO ,PARAMETROS DE RECEITA FORA DO PADRAO 30008624960",NIVEL BAIXO BEBIDA ESPUMANDO PARAMETROS DE RECEITA FORA DO PADRAO 30008624960,ESPUMAMENTO DE BEBIDA,ESPUMAMENTO DE BEBIDA,TRAIN
2605,FALHA DE ENCHIMENTO NA VALVULA N 12 ( TROCA DA PINÇA DE ENTREGA DE GARRAFAS ),FALHA DE ENCHIMENTO NA VALVULA N 12 TROCA DA PINCA DE ENTREGA DE GARRAFAS,FALHA DE PINÇA,FALHA DE PINCA,TRAIN
2606,TROCA DA VALVULA N° 33,TROCA DA VALVULA N 33,FALHA DE VÁLVULA,FALHA DE VALVULA,TRAIN
2607,GFS TORTAS NA SAIDA DO RINSER NOTA 30008119534,GFS TORTAS NA SAIDA DO RINSER NOTA 30008119534,GARRAFAS TORTAS NA SAÍDA DO RINSER,GARRAFAS TORTAS NA SAIDA DO RINSER,TRAIN
2608,GFS TORTAS NA SAIDA DO RINSER,GFS TORTAS NA SAIDA DO RINSER,GARRAFAS TORTAS NA SAÍDA DO RINSER,GARRAFAS TORTAS NA SAIDA DO RINSER,TEST
2609,FALHA NA PEGA DE CARTÃO,FALHA NA PEGA DE CARTAO,FALHA NO MANUSEIO DE CARTÃO,FALHA NO MANUSEIO DE CARTAO,TRAIN
2610,"SISTEMA REJEITOR FURANDO LATAS, ACIONANDO O SENSOR DE SEGURANÇA",SISTEMA REJEITOR FURANDO LATAS ACIONANDO O SENSOR DE SEGURANCA,FALHA DE SENSOR,FALHA DE SENSOR,TRAIN
2611,ENROSCO DE GARRAFAS NO SUPORTE QUE ESTAVA SOLTO.,ENROSCO DE GARRAFAS NO SUPORTE QUE ESTAVA SOLTO,ENROSCO DE GARRAFAS,ENROSCO DE GARRAFAS,TRAIN
2612,FALHA NO SISTEMA LINEAR,FALHA NO SISTEMA LINEAR,FALHA DE AUTOMAÇÃO,FALHA DE AUTOMACAO,TRAIN
2613,"FALHA NA DESFORMAÇÃO DE CAMADA ( RETIRADA DO QUADRO SUPERIOR ) , ORDEM > 30008620769",FALHA NA DESFORMACAO DE CAMADA RETIRADA DO QUADRO SUPERIOR ORDEM 30008620769,FALHA DE FORMAÇÃO DE CAMADA,FALHA DE FORMACAO DE CAMADA,TEST
2614,"SISTEMA REJEITO FURANDO LATAS, ACIONANDO O SENSOR DE SEGURANÇA",SISTEMA REJEITO FURANDO LATAS ACIONANDO O SENSOR DE SEGURANCA,FALHA DE SENSOR,FALHA DE SENSOR,TRAIN
2615,PORTA LATERAL DA PALETIZADORA COM DIFICULDADES NO RESET (13242689),PORTA LATERAL DA PALETIZADORA COM DIFICULDADES NO RESET 13242689,FALHA DE PORTA DE SEGURANÇA,FALHA DE PORTA DE SEGURANCA,TRAIN
2616,FALHA NO SENSOR DE SAIDA DE LATAS DO TRANSPORTE,FALHA NO SENSOR DE SAIDA DE LATAS DO TRANSPORTE,FALHA DE SENSOR,FALHA DE SENSOR,TEST
2617,"FALHA AUTOCALIBRAÇÃO, FOI AJUSTADO O REDOX ORDEM: 30008624992",FALHA AUTOCALIBRACAO FOI AJUSTADO O REDOX ORDEM 30008624992,FALHA DE CONTROLE DE PROCESSO,FALHA DE CONTROLE DE PROCESSO,TEST
2618,DESARMOU O TRANSPORTE NA SAIDA DA ROTULADORA,DESARMOU O TRANSPORTE NA SAIDA DA ROTULADORA,DESARME DE TRANSPORTE,DESARME DE TRANSPORTE,TEST
2619,PARAFUSO QUE SEGURA ESTRELA DE ENTRADA ESCAPOU,PARAFUSO QUE SEGURA ESTRELA DE ENTRADA ESCAPOU,FALHA DE FIXAÇÃO,FALHA DE FIXACAO,TRAIN
2620,"PERFIL DE NYLON SE SOLTOU E ENROSCOU ENTRE A ESTEIRA E A ENGRENAGEM, OCASIONA NDO O TRAVAMENTO DA MESMA ORDEM: 30008629108",PERFIL DE NYLON SE SOLTOU E ENROSCOU ENTRE A ESTEIRA E A ENGRENAGEM OCASIONA NDO O TRAVAMENTO DA MESMA ORDEM 30008629108,TRAVAMENTO DE ENGRENAGEM,TRAVAMENTO DE ENGRENAGEM,TRAIN
2621,QUEDA DE GFS NOS PINO DE SEPARAÇÃO/ FORA DE SINCRONISMO,QUEDA DE GFS NOS PINO DE SEPARACAO FORA DE SINCRONISMO,FALHA DE PINO DE SEPARAÇÃO,FALHA DE PINO DE SEPARACAO,TRAIN
2622,SAINDO GFS SEM TAMPA E ENROSCANDO NOS PINO DE SEPARAÇÃO DA EMPACOTADORA / FORA DE SINCRONISMO 30008625998,SAINDO GFS SEM TAMPA E ENROSCANDO NOS PINO DE SEPARACAO DA EMPACOTADORA FORA DE SINCRONISMO 30008625998,ENROSCO DE TAMPAS,ENROSCO DE TAMPAS,TRAIN
2623,IHM DA ENCHEDORA DESLIGOU FALHA UPS TAG 58U4 EM FALHA 30008624971,IHM DA ENCHEDORA DESLIGOU FALHA UPS TAG 58U4 EM FALHA 30008624971,FALHA DE IHM,FALHA DE IHM,TEST
2624,TROCA DA VALVULA N° 33,TROCA DA VALVULA N 33,FALHA DE VÁLVULA,FALHA DE VALVULA,TRAIN
2625,FALHA NO ENCHIMENTO NA VALVULA N°33,FALHA NO ENCHIMENTO NA VALVULA N 33,FALHA DE VÁLVULA DE ENCHIMENTO,FALHA DE VALVULA DE ENCHIMENTO,TRAIN
2626,MANGUEIRA SOLDA DA VALVULA N°33 OCASIONANDO EXCESSO DE ENCHIMENTO,MANGUEIRA SOLDA DA VALVULA N 33 OCASIONANDO EXCESSO DE ENCHIMENTO,FALHA DE VÁLVULA DE ENCHIMENTO,FALHA DE VALVULA DE ENCHIMENTO,TEST
2627,SUPORTE DO VIBRADOR QUEBADO DA CHAPA DIVISORIA DE GARRAFA 30008625951,SUPORTE DO VIBRADOR QUEBADO DA CHAPA DIVISORIA DE GARRAFA 30008625951,FALHA DE VIBRADOR,FALHA DE VIBRADOR,TRAIN
2628,FALHA DE ENCHIMENTO 30008625992,FALHA DE ENCHIMENTO 30008625992,FALHA DE ENCHIMENTO,FALHA DE ENCHIMENTO,TRAIN
2629,"FALHA NA CODIFICAÇÃO, ORDEM : 30008624982",FALHA NA CODIFICACAO ORDEM 30008624982,FALHA DE CODIFICAÇÃO,FALHA DE CODIFICACAO,TEST
2630,FALHA NO TRANSPORTE DE LATAS,FALHA NO TRANSPORTE DE LATAS,FALHA DE TRANSPORTE DE LATAS,FALHA DE TRANSPORTE DE LATAS,TEST
2631,"ENROSCO DE GARRAFAS, SEGMENTO - 30008626008",ENROSCO DE GARRAFAS SEGMENTO 30008626008,ENROSCO DE GARRAFAS,ENROSCO DE GARRAFAS,TEST
2632,PISTÃO DO APALPADOR QUEBRADO - 30008625922,PISTAO DO APALPADOR QUEBRADO 30008625922,QUEBRA DE ATUADOR,QUEBRA DE ATUADOR,TRAIN
2633,PALETIZADORA COM PAINEL DESARMADO ORDEM 30008626800,PALETIZADORA COM PAINEL DESARMADO ORDEM 30008626800,DESARME DE PAINEL,DESARME DE PAINEL,TRAIN
2634,FALHA NA ALTO CALIBRAÇÃO GAZ RODOX BAIXO- ORDEM 30008626762,FALHA NA ALTO CALIBRACAO GAZ RODOX BAIXO ORDEM 30008626762,FALHA DE CALIBRAÇÃO,FALHA DE CALIBRACAO,TRAIN
2635,FALHA NA ALTO CALIBRAÇÃO GAZ RODOX BAIXO,FALHA NA ALTO CALIBRACAO GAZ RODOX BAIXO,FALHA DE CALIBRAÇÃO,FALHA DE CALIBRACAO,TEST
2636,"CONECTOR DE AR TANQUE 2, DANIFICADO",CONECTOR DE AR TANQUE 2 DANIFICADO,FALHA DE CONEXÃO PNEUMÁTICA,FALHA DE CONEXAO PNEUMATICA,TRAIN
2637,"VELOCIDADE DO TRANSPORTE DE GARRAFAS OSCILANDO, FEITO A ALTERAÇÃO NA VELOCIDADE - ORDEM: 30008631379",VELOCIDADE DO TRANSPORTE DE GARRAFAS OSCILANDO FEITO A ALTERACAO NA VELOCIDADE ORDEM 30008631379,FALHA DE VELOCIDADE DO TRANSPORTE,FALHA DE VELOCIDADE DO TRANSPORTE,TRAIN
2638,FALHA DE ENCHIMENTO VÁLVULA 39 E 68 NOTA30008631398,FALHA DE ENCHIMENTO VALVULA 39 E 68 NOTA30008631398,FALHA DE VÁLVULA DE ENCHIMENTO,FALHA DE VALVULA DE ENCHIMENTO,TEST
2639,FALHA NA CODIFICAÇÃO,FALHA NA CODIFICACAO,FALHA DE CODIFICAÇÃO,FALHA DE CODIFICACAO,TRAIN
2640,FALHA NA REDE (FALHA NO INVERSOR 620UO),FALHA NA REDE FALHA NO INVERSOR 620UO,FALHA DE INVERSOR,FALHA DE INVERSOR,TRAIN
2641,"APÓS RETIRADA DO ÚLTIMO PAPELÃO ,GERANDO FALHA E NÃO SAINDO PALLET DE DENTRO DO ELEVADOR",APOS RETIRADA DO ULTIMO PAPELAO GERANDO FALHA E NAO SAINDO PALLET DE DENTRO DO ELEVADOR,FALHA DE ELEVADOR,FALHA DE ELEVADOR,TRAIN
2642,DESARME DO SOPRADOR,DESARME DO SOPRADOR,DESARME DE EQUIPAMENTO,DESARME DE EQUIPAMENTO,TEST
2643,HASTE DO CILINDRO DO BRAÇO SEPARADOR DE CAIXAS ESCAPOU DA ROSCA DE FIXAÇÃO ORDEM: 30008629094,HASTE DO CILINDRO DO BRACO SEPARADOR DE CAIXAS ESCAPOU DA ROSCA DE FIXACAO ORDEM 30008629094,QUEBRA DE ATUADOR,QUEBRA DE ATUADOR,TEST
2644,TRAVAMENTO DE CAIXAS NO LAVADOR DE CAIXAS,TRAVAMENTO DE CAIXAS NO LAVADOR DE CAIXAS,ENROSCO DE CAIXAS,ENROSCO DE CAIXAS,TRAIN
2645,ESTEIRA ESCAPOU DO TRANSPORTE,ESTEIRA ESCAPOU DO TRANSPORTE,ESCAPE DE ESTEIRA,ESCAPE DE ESTEIRA,TRAIN
2646,TERMICO DESARMADO,TERMICO DESARMADO,DESARME TÉRMICO,DESARME TERMICO,TRAIN
2647,DOSADOR DE NITROGENIO COM PROBLEMA ORDEM 30008631389,DOSADOR DE NITROGENIO COM PROBLEMA ORDEM 30008631389,FALHA DE DOSAGEM,FALHA DE DOSAGEM,TRAIN
2648,FALHA NO INVERSOR DO MOTOR DO TRANSPORTE DE ENTRADA DA ENCAIXOTADORA,FALHA NO INVERSOR DO MOTOR DO TRANSPORTE DE ENTRADA DA ENCAIXOTADORA,FALHA DE INVERSOR,FALHA DE INVERSOR,TRAIN
2649,TRAVAMENTO DO FREIO DO MOTOR DA PRANCHA NOTA : 30008634073,TRAVAMENTO DO FREIO DO MOTOR DA PRANCHA NOTA 30008634073,FALHA DE MOTOR,FALHA DE MOTOR,TRAIN
2650,ESTEIRA QUEBRADA,ESTEIRA QUEBRADA,QUEBRA DE ESTEIRA,QUEBRA DE ESTEIRA,TRAIN
2651,REAPERTO DA TUBULAÇÃO COM VAZAMENTO DE BEBIDA,REAPERTO DA TUBULACAO COM VAZAMENTO DE BEBIDA,VAZAMENTO EM TUBULAÇÃO,VAZAMENTO EM TUBULACAO,TRAIN
2652,DOSADOR DE NITROGENIO COM PROBLEMA,DOSADOR DE NITROGENIO COM PROBLEMA,FALHA DE DOSAGEM,FALHA DE DOSAGEM,TRAIN
2653,TRAVAMENTO SEGMENTOS DE GARRAFAS NO REJEITOR ENOS A100,TRAVAMENTO SEGMENTOS DE GARRAFAS NO REJEITOR ENOS A100,TRAVAMENTO DE SEGMENTOS,TRAVAMENTO DE SEGMENTOS,TRAIN
2654,"FALHA NA FORMAÇÃO DE CAMADAS, ROLETES E PATINS DANIFICADOS",FALHA NA FORMACAO DE CAMADAS ROLETES E PATINS DANIFICADOS,FALHA DE PATINS,FALHA DE PATINS,TRAIN
2655,"LAVADORA FORA DE PONTO, GERANDO TRAVAMENTO DE GARRAFAS NA SAIDA",LAVADORA FORA DE PONTO GERANDO TRAVAMENTO DE GARRAFAS NA SAIDA,FALHA DE SINCRONISMO,FALHA DE SINCRONISMO,TRAIN
2656,ROLETES E PATIS DANIFICADOS DO DEVIDER,ROLETES E PATIS DANIFICADOS DO DEVIDER,FALHA DE ROLETES,FALHA DE ROLETES,TEST
2657,SAIDA DA LAVADORA FORA DE PONTO OCASIONANDO QUEDA E ENROSCO DE GARRAFAS,SAIDA DA LAVADORA FORA DE PONTO OCASIONANDO QUEDA E ENROSCO DE GARRAFAS,ENROSCO DE GARRAFAS,ENROSCO DE GARRAFAS,TRAIN
2658,TRAVAMENTO O ROLETE DO DEVIDER NA PALETIZADORA ORDEM: 30008634071,TRAVAMENTO O ROLETE DO DEVIDER NA PALETIZADORA ORDEM 30008634071,TRAVAMENTO DE ROLETES,TRAVAMENTO DE ROLETES,TEST
2659,ESCAPOU A MANGUEIRA PRINCIPAL DA ALIMENTAÇÃO,ESCAPOU A MANGUEIRA PRINCIPAL DA ALIMENTACAO,FALHA DE CONEXÃO DE MANGUEIRA,FALHA DE CONEXAO DE MANGUEIRA,TRAIN
2660,FALHA TROCA DE BANDEJA DO AGREGADO 2,FALHA TROCA DE BANDEJA DO AGREGADO 2,FALHA NA TROCA DE BANDEJA,FALHA NA TROCA DE BANDEJA,TRAIN
2661,CIRCUITO DE EMERGENCIA ACIONADO,CIRCUITO DE EMERGENCIA ACIONADO,ATUAÇÃO DO CIRCUITO DE EMERGÊNCIA,ATUACAO DO CIRCUITO DE EMERGENCIA,TRAIN
2662,FALHA INVERSOR EXTRATOR DE CARTÃO,FALHA INVERSOR EXTRATOR DE CARTAO,FALHA DE INVERSOR,FALHA DE INVERSOR,TEST
2663,FALHA NA FACA DE CORTE ( MASTIGANDO O FILME ),FALHA NA FACA DE CORTE MASTIGANDO O FILME,FALHA DE CORTE DE FILME,FALHA DE CORTE DE FILME,TRAIN
2664,EXCESSO DE REJEITO NO INSPETOR ELETRONICO SALA DE ENVASE.,EXCESSO DE REJEITO NO INSPETOR ELETRONICO SALA DE ENVASE,FALHA DE REJEIÇÃO,FALHA DE REJEICAO,TRAIN
2665,PALETIZADORA TROCA DE MANGUEIRA DE AR DA GAIOLA,PALETIZADORA TROCA DE MANGUEIRA DE AR DA GAIOLA,FALHA DE MANGUEIRA PNEUMÁTICA,FALHA DE MANGUEIRA PNEUMATICA,TRAIN
2666,FALHA NO SENSOR DO EMPURRADOR DE CAMADA ORDEM 30008638898,FALHA NO SENSOR DO EMPURRADOR DE CAMADA ORDEM 30008638898,FALHA DE SENSOR,FALHA DE SENSOR,TEST
2667,SENSOR DO EMPURRADOR DE PACOTES SOLTO - ORDEM: 30008639568,SENSOR DO EMPURRADOR DE PACOTES SOLTO ORDEM 30008639568,FALHA DE SENSOR,FALHA DE SENSOR,TRAIN
2668,FALHA NA PEGA DE GARRAFAS ENCA. AJUSTE NA POSIÇÃO DO SENSOR,FALHA NA PEGA DE GARRAFAS ENCA AJUSTE NA POSICAO DO SENSOR,FALHA DE SENSOR,FALHA DE SENSOR,TRAIN
2669,EXCESSO DE REITO NO INSPETOR ELETRONICO SALA DE ENVASE / FALHA DE EXPULSÃO DE SEGURANÇA,EXCESSO DE REITO NO INSPETOR ELETRONICO SALA DE ENVASE FALHA DE EXPULSAO DE SEGURANCA,FALHA DE INSPEÇÃO,FALHA DE INSPECAO,TEST
2670,FALHA INSPETOR CHECKMATE,FALHA INSPETOR CHECKMATE,FALHA DE INSPEÇÃO,FALHA DE INSPECAO,TRAIN
2671,"QUEDA DE GARRAFAS NO RESFRIAMENTO DE FUNDO, OCASIONANDO FALHA DE MONITORAÇÃO",QUEDA DE GARRAFAS NO RESFRIAMENTO DE FUNDO OCASIONANDO FALHA DE MONITORACAO,QUEDA DE GARRAFAS,QUEDA DE GARRAFAS,TRAIN
2672,FALHA COOLER REFRIGERAÇÃO ROBO,FALHA COOLER REFRIGERACAO ROBO,FALHA DE ROBÔ,FALHA DE ROBO,TRAIN
2673,FALHA DE COMUNICAÇÃO NA REDE DEVICE NET,FALHA DE COMUNICACAO NA REDE DEVICE NET,FALHA DE COMUNICAÇÃO,FALHA DE COMUNICACAO,TEST
2674,FALHA DE COMUNICAÇÃO NA REDE DEVICE NET,FALHA DE COMUNICACAO NA REDE DEVICE NET,FALHA DE COMUNICAÇÃO,FALHA DE COMUNICACAO,TEST
2675,FALHA DE COMUNICAÇÃO NA REDE DEVICE NET,FALHA DE COMUNICACAO NA REDE DEVICE NET,FALHA DE COMUNICAÇÃO,FALHA DE COMUNICACAO,TEST
2676,"DESENCA ATUAÇÃO KHS. TROCA DE TULIPAS, QUEDA DE GARRAFAS DAS TULIPAS, ENTRANDO CAIXA A MAIS.",DESENCA ATUACAO KHS TROCA DE TULIPAS QUEDA DE GARRAFAS DAS TULIPAS ENTRANDO CAIXA A MAIS,QUEDA DE GARRAFAS,QUEDA DE GARRAFAS,TEST
2677,FALHA MOTOR TAG-151 E TAG-154 NA SAIDA DA DESENCAIXOTADORA,FALHA MOTOR TAG 151 E TAG 154 NA SAIDA DA DESENCAIXOTADORA,FALHA DE MOTOR,FALHA DE MOTOR,TRAIN
2678,FALHA MOTOR TAG-225 NO ALINHADOR DA ENCHEDORA,FALHA MOTOR TAG 225 NO ALINHADOR DA ENCHEDORA,FALHA DE MOTOR,FALHA DE MOTOR,TRAIN
2679,"FALHA TRANSPORTE MOTOR TAG 225 E MOTOR TAG 217, TRANSPORTES NO PULMAO DA ENCHEDORA E RETORNO PARADO",FALHA TRANSPORTE MOTOR TAG 225 E MOTOR TAG 217 TRANSPORTES NO PULMAO DA ENCHEDORA E RETORNO PARADO,FALHA DE MOTOR,FALHA DE MOTOR,TRAIN
2680,FALHA MOTOR TRANSPORTE DE GARRAFAS PARA ALINHADOR DESCAPSULADOR,FALHA MOTOR TRANSPORTE DE GARRAFAS PARA ALINHADOR DESCAPSULADOR,FALHA DE MOTOR,FALHA DE MOTOR,TRAIN
2681,FALHA TRANSPORTE LINATRONIC PARA ENCHEDORA E ALINHADOR ENCHEDORA,FALHA TRANSPORTE LINATRONIC PARA ENCHEDORA E ALINHADOR ENCHEDORA,FALHA DE TRANSPORTE,FALHA DE TRANSPORTE,TRAIN
2682,"FALHA SENSOR NO DESCAPSULADOR, OCASIONANDO FALSO REJEITO NA SAIDA",FALHA SENSOR NO DESCAPSULADOR OCASIONANDO FALSO REJEITO NA SAIDA,FALHA DE SENSOR,FALHA DE SENSOR,TRAIN
2683,FALHA TRANSPORTE NA SAIDA DO LINATRONIC,FALHA TRANSPORTE NA SAIDA DO LINATRONIC,FALHA DE TRANSPORTE,FALHA DE TRANSPORTE,TRAIN
2684,"INTERVENCAO DO TECNICO DA MC PACK , PARA AVALIACAO DA VALVULA DE NITROGENIO",INTERVENCAO DO TECNICO DA MC PACK PARA AVALIACAO DA VALVULA DE NITROGENIO,FALHA DE VÁLVULA DE NITROGÊNIO,FALHA DE VALVULA DE NITROGENIO,TEST
2685,"PROBLEMA NO ROLAMENTO DA ESTEIRA DE SAIDA , CAUSANDO FALHA NO INSPETOR CHECKMATE",PROBLEMA NO ROLAMENTO DA ESTEIRA DE SAIDA CAUSANDO FALHA NO INSPETOR CHECKMATE,FALHA DE ROLAMENTO,FALHA DE ROLAMENTO,TEST
2686,FALHA NO INSPETOR CHECKMATE CAUSANDO ECESSO DE REJEITO,FALHA NO INSPETOR CHECKMATE CAUSANDO ECESSO DE REJEITO,FALHA DE REJEIÇÃO,FALHA DE REJEICAO,TRAIN
2687,INSTALACAO DA VALVULA DE DOSADOR DE NITROGENIO,INSTALACAO DA VALVULA DE DOSADOR DE NITROGENIO,FALHA DE VÁLVULA DE NITROGÊNIO,FALHA DE VALVULA DE NITROGENIO,TRAIN
2688,AJUSTE NA POSIÇÃO DO DOSADOR DE NITROGENIO,AJUSTE NA POSICAO DO DOSADOR DE NITROGENIO,SEM MODO DE FALHA IDENTIFICADO,SEM MODO DE FALHA IDENTIFICADO,TRAIN
2689,REGULAGEM GUIAS E VELOCIDADE DO VIRADOR DE CAIXAS ORDEM:30008641138,REGULAGEM GUIAS E VELOCIDADE DO VIRADOR DE CAIXAS ORDEM 30008641138,SEM MODO DE FALHA IDENTIFICADO,SEM MODO DE FALHA IDENTIFICADO,TRAIN
2690,ESTEIRA DA REGUA DE ARRASTE PATINANDO CAUSANDO QUEDA DE GARRAFA,ESTEIRA DA REGUA DE ARRASTE PATINANDO CAUSANDO QUEDA DE GARRAFA,PATINAGEM DE ESTEIRA,PATINAGEM DE ESTEIRA,TRAIN
2691,ROLAMENTO DE SEGUIMENTO DANIFICADO 30008641184,ROLAMENTO DE SEGUIMENTO DANIFICADO 30008641184,FALHA DE ROLAMENTO,FALHA DE ROLAMENTO,TRAIN
2692,FALHA DE ENCHIMENTO NA VALVULA 85 IMPOSSIBILITANDO A ENCHEDORA RODAR NO NOMINAL,FALHA DE ENCHIMENTO NA VALVULA 85 IMPOSSIBILITANDO A ENCHEDORA RODAR NO NOMINAL,FALHA DE VÁLVULA DE ENCHIMENTO,FALHA DE VALVULA DE ENCHIMENTO,TRAIN
2693,ESTEIRA QUEBRADA 3000864117,ESTEIRA QUEBRADA 3000864117,QUEBRA DE ESTEIRA,QUEBRA DE ESTEIRA,TRAIN
2694,REGULAGEM DE FREQUENCIA VELOCIDADE TRANSPORTE SISTEMA DATADOR,REGULAGEM DE FREQUENCIA VELOCIDADE TRANSPORTE SISTEMA DATADOR,FALHA DE VELOCIDADE DO TRANSPORTE,FALHA DE VELOCIDADE DO TRANSPORTE,TRAIN
2695,VAZAMENTO VALVULA DE DRENO,VAZAMENTO VALVULA DE DRENO,VAZAMENTO EM VÁLVULA,VAZAMENTO EM VALVULA,TRAIN
2696,FALHA NO SENSOR DO EMPURRADOR DE CAMADAS,FALHA NO SENSOR DO EMPURRADOR DE CAMADAS,FALHA DE SENSOR,FALHA DE SENSOR,TRAIN
2697,SAINDO GFS SEM TAMPA / ENROSCO NO REJEITE DE GFS,SAINDO GFS SEM TAMPA ENROSCO NO REJEITE DE GFS,ENROSCO DE TAMPAS,ENROSCO DE TAMPAS,TRAIN
2699,FALHA NOS INVERSORES DOS MOTORES DO TRANSPORTE DE PACOTES,FALHA NOS INVERSORES DOS MOTORES DO TRANSPORTE DE PACOTES,FALHA DE INVERSOR,FALHA DE INVERSOR,TRAIN
2700,FALHA NOS INVERSORES DOS MOTORES DO TRANSPORTE DE PACOTES,FALHA NOS INVERSORES DOS MOTORES DO TRANSPORTE DE PACOTES,FALHA DE INVERSOR,FALHA DE INVERSOR,TRAIN
2701,MOTOR DESLIGANDO SOZINHO,MOTOR DESLIGANDO SOZINHO,FALHA DE MOTOR,FALHA DE MOTOR,TRAIN
2702,FALHA NOS INVERSORES DOS MOTORES DOS TRANSPORTE DA LINHA TODA.,FALHA NOS INVERSORES DOS MOTORES DOS TRANSPORTE DA LINHA TODA,FALHA DE INVERSOR,FALHA DE INVERSOR,TEST
2703,FALHA NOS INVERSORES DOS MOTORES DOS TRANSPORTE DA LINHA TODA.,FALHA NOS INVERSORES DOS MOTORES DOS TRANSPORTE DA LINHA TODA,FALHA DE INVERSOR,FALHA DE INVERSOR,TEST
2704,FALHA NOS INVERSORES DOS MOTORES DOS TRANSPORTE DA LINHA TODA.,FALHA NOS INVERSORES DOS MOTORES DOS TRANSPORTE DA LINHA TODA,FALHA DE INVERSOR,FALHA DE INVERSOR,TEST
2705,FALHA NOS INVERSORES DOS MOTORES DOS TRANSPORTE DA LINHA TODA.,FALHA NOS INVERSORES DOS MOTORES DOS TRANSPORTE DA LINHA TODA,FALHA DE INVERSOR,FALHA DE INVERSOR,TEST
2706,FALHA NOS INVERSORES DOS MOTORES DOS TRANSPORTES,FALHA NOS INVERSORES DOS MOTORES DOS TRANSPORTES,FALHA DE INVERSOR,FALHA DE INVERSOR,TEST
2707,FALHA NOS INVERSORES DOS MOTORES DOS TRANSPORTES,FALHA NOS INVERSORES DOS MOTORES DOS TRANSPORTES,FALHA DE INVERSOR,FALHA DE INVERSOR,TEST
2708,FALHA NOS INVERSORES DOS MOTORES DOS TRANSPORTES,FALHA NOS INVERSORES DOS MOTORES DOS TRANSPORTES,FALHA DE INVERSOR,FALHA DE INVERSOR,TEST
2709,FALHA NO FEEDBACK DA TUBULAÇÃO DE DRENO E ALIVIO DE PRESSÃO DA ENCHEDORA,FALHA NO FEEDBACK DA TUBULACAO DE DRENO E ALIVIO DE PRESSAO DA ENCHEDORA,FALHA DE FEEDBACK,FALHA DE FEEDBACK,TRAIN
2710,ENROSCO DE TAMPA NA MESA DE TRANSFERENCIA DE CANAL .,ENROSCO DE TAMPA NA MESA DE TRANSFERENCIA DE CANAL,ENROSCO DE TAMPAS,ENROSCO DE TAMPAS,TRAIN
2711,FALHA NA BOMBA DO MIXER.,FALHA NA BOMBA DO MIXER,FALHA DE BOMBA,FALHA DE BOMBA,TEST
2712,LONA DA MESA DE ENVOLVIMENTO PATINANDO /NOTA Nº30008641893,LONA DA MESA DE ENVOLVIMENTO PATINANDO NOTA N 30008641893,PATINAGEM DE ESTEIRA,PATINAGEM DE ESTEIRA,TEST
2713,FALHA DE ENCHIMENTO NA VALVULA 85 IMPOSSIBILITANDO A ENCHEDORA RODAR NONOMINAL,FALHA DE ENCHIMENTO NA VALVULA 85 IMPOSSIBILITANDO A ENCHEDORA RODAR NONOMINAL,FALHA DE VÁLVULA DE ENCHIMENTO,FALHA DE VALVULA DE ENCHIMENTO,TRAIN
2714,"FALHA NO ENCHIMENTO DO TANQUE, GERADO FALHA DE PRESSURIZAÇÃO E NO BRIX DA BEBIDA",FALHA NO ENCHIMENTO DO TANQUE GERADO FALHA DE PRESSURIZACAO E NO BRIX DA BEBIDA,FALHA DE ENCHIMENTO,FALHA DE ENCHIMENTO,TRAIN
2715,ERRO DE SAÍDA DE PALLET,ERRO DE SAIDA DE PALLET,FALHA NA SAÍDA DE PALETES,FALHA NA SAIDA DE PALETES,TRAIN
2716,FALHA DE PRESSURIZAÇÃO GERADA POR NÍVEL BAIXO DO TANQUE,FALHA DE PRESSURIZACAO GERADA POR NIVEL BAIXO DO TANQUE,FALHA DE ENCHIMENTO,FALHA DE ENCHIMENTO,TRAIN
2717,FALHA NOS INVERSORES TRANSPOTE DE PACOTE.,FALHA NOS INVERSORES TRANSPOTE DE PACOTE,FALHA DE INVERSOR,FALHA DE INVERSOR,TRAIN
2718,AMASSANDO LATAS NOTA 30008643816,AMASSANDO LATAS NOTA 30008643816,AMASSAMENTO DE LATAS,AMASSAMENTO DE LATAS,TRAIN
2719,TROCA DAS PLACAS DOS INVERSORES,TROCA DAS PLACAS DOS INVERSORES,FALHA DE INVERSOR,FALHA DE INVERSOR,TRAIN
2720,"FALHA DE PRESSURIZAÇÃO GERANDO FALHA NO NIVEL DE BEBIDA DE TANQUE, PARANDO ENC",FALHA DE PRESSURIZACAO GERANDO FALHA NO NIVEL DE BEBIDA DE TANQUE PARANDO ENC,FALHA DE PRESSÃO,FALHA DE PRESSAO,TEST
2721,TRANSPORTES PARADOS/ TROCA DE PLACA ELETRONICA,TRANSPORTES PARADOS TROCA DE PLACA ELETRONICA,FALHA DE AUTOMAÇÃO,FALHA DE AUTOMACAO,TRAIN
2722,TRANSPORTES PARADOS / TROCA DE PALCAS ELETRONICAS,TRANSPORTES PARADOS TROCA DE PALCAS ELETRONICAS,FALHA DE AUTOMAÇÃO,FALHA DE AUTOMACAO,TEST
2723,FALHA DE COMUNICAÇÃO COM O TRANSPORTE- 30008643200,FALHA DE COMUNICACAO COM O TRANSPORTE 30008643200,FALHA DE COMUNICAÇÃO,FALHA DE COMUNICACAO,TEST
2724,CORREÇÃO INSPETOR DE NÍVEL CHECK MATE TIRANDO GARRAFAS BOAS,CORRECAO INSPETOR DE NIVEL CHECK MATE TIRANDO GARRAFAS BOAS,FALHA DE INSPEÇÃO,FALHA DE INSPECAO,TRAIN
2725,FALHA NA PEGADA DE GARRAFAS AUTOMATICA- 30008643195,FALHA NA PEGADA DE GARRAFAS AUTOMATICA 30008643195,FALHA DE PEGADOR,FALHA DE PEGADOR,TEST
2726,"ANEL DE TRAVA NA GUIA DO CAPSULADOR SE SOLTOU, FOI NECESSARIO A TROCA DE ANEL E AJUSTE NO SINCRONISMO",ANEL DE TRAVA NA GUIA DO CAPSULADOR SE SOLTOU FOI NECESSARIO A TROCA DE ANEL E AJUSTE NO SINCRONISMO,FALHA DE FIXAÇÃO,FALHA DE FIXACAO,TRAIN
2727,TRANSPORTE DESARMADO,TRANSPORTE DESARMADO,DESARME DE TRANSPORTE,DESARME DE TRANSPORTE,TRAIN
2728,"FALHA NA AUTOMAÇÃO,TROCA DAS PLACAS",FALHA NA AUTOMACAO TROCA DAS PLACAS,FALHA DE AUTOMAÇÃO,FALHA DE AUTOMACAO,TRAIN
2729,EXCESSO DE FALSO REJEITO( REJEITANDO GARRAFAS BOAS ),EXCESSO DE FALSO REJEITO REJEITANDO GARRAFAS BOAS,FALHA DE REJEIÇÃO,FALHA DE REJEICAO,TRAIN
2730,FALHA NA AUTOMAÇÃO,FALHA NA AUTOMACAO,FALHA DE AUTOMAÇÃO,FALHA DE AUTOMACAO,TRAIN
2731,FALHA DE COMUNICAÇÃO NOS INVERSORES DO TRANSPORTE DO TRECHO,FALHA DE COMUNICACAO NOS INVERSORES DO TRANSPORTE DO TRECHO,FALHA DE COMUNICAÇÃO,FALHA DE COMUNICACAO,TRAIN
2732,AJUSTE DE PONTO DE GARRAFAS NA ENTRADA DA LAVADOURA.,AJUSTE DE PONTO DE GARRAFAS NA ENTRADA DA LAVADOURA,SEM MODO DE FALHA IDENTIFICADO,SEM MODO DE FALHA IDENTIFICADO,TEST
2733,"AJUSTE DE PONTO DE ENTRADA DA LAVADORA , ELETRICA ATUOU",AJUSTE DE PONTO DE ENTRADA DA LAVADORA ELETRICA ATUOU,SEM MODO DE FALHA IDENTIFICADO,SEM MODO DE FALHA IDENTIFICADO,TRAIN
2734,CAIU O SUPORTE DA BANDEIROLA,CAIU O SUPORTE DA BANDEIROLA,FALHA DE FIXAÇÃO,FALHA DE FIXACAO,TRAIN
2735,QUEBRA DA ESTEIRA,QUEBRA DA ESTEIRA,QUEBRA DE ESTEIRA,QUEBRA DE ESTEIRA,TRAIN
2736,QUEBRA DA ESTEIRA 30008644110,QUEBRA DA ESTEIRA 30008644110,QUEBRA DE ESTEIRA,QUEBRA DE ESTEIRA,TEST
2737,"RINSER ENTREGANDO GARRAFAS TORTAS GERANDO ENROSCO NA ET RELA DE TRANSFERÊNCIA,OCASIONANDO ENCHIMENTO DA CABEÇA",RINSER ENTREGANDO GARRAFAS TORTAS GERANDO ENROSCO NA ET RELA DE TRANSFERENCIA OCASIONANDO ENCHIMENTO DA CABECA,FALHA DE ENCHIMENTO,FALHA DE ENCHIMENTO,TRAIN
2738,SENSOR ENVOLVEDORA EM CURTO,SENSOR ENVOLVEDORA EM CURTO,CURTO-CIRCUITO,CURTO CIRCUITO,TRAIN
2739,FALHA DE ENCHIMENTO/ NIVEL NO TANQUE PRÉ ESGUICHO,FALHA DE ENCHIMENTO NIVEL NO TANQUE PRE ESGUICHO,FALHA DE ENCHIMENTO,FALHA DE ENCHIMENTO,TRAIN
2740,VELOCIDADE DO TRANSPORTE BAIXA,VELOCIDADE DO TRANSPORTE BAIXA,FALHA DE VELOCIDADE DO TRANSPORTE,FALHA DE VELOCIDADE DO TRANSPORTE,TEST
2741,FALHA NO CHAVE DE MEMERGENCIA,FALHA NO CHAVE DE MEMERGENCIA,FALHA DE CHAVE DE EMERGÊNCIA,FALHA DE CHAVE DE EMERGENCIA,TRAIN
2742,FALHA NO MEDIDOR DE PRESSÃO DO JATOS FINAIS,FALHA NO MEDIDOR DE PRESSAO DO JATOS FINAIS,FALHA DE MEDIDOR,FALHA DE MEDIDOR,TRAIN
2743,FALHA NO MEDIDOR DE PRESSÃO DOS JATOS FINAIS,FALHA NO MEDIDOR DE PRESSAO DOS JATOS FINAIS,FALHA DE MEDIDOR,FALHA DE MEDIDOR,TRAIN
2744,LIMPEZA E CALIBRAÇÃO DO SENSOR DE LIBERAÇÃO DE TAMPAS,LIMPEZA E CALIBRACAO DO SENSOR DE LIBERACAO DE TAMPAS,FALHA DE SENSOR,FALHA DE SENSOR,TRAIN
2745,QUEBRA DA ESTEIRA (30008644108),QUEBRA DA ESTEIRA 30008644108,QUEBRA DE ESTEIRA,QUEBRA DE ESTEIRA,TRAIN
2746,SENSOR DO PINO DE SEPARAÇÃO FORA DA POSIÇÃO CORRETA - ORDEM: 30008644109,SENSOR DO PINO DE SEPARACAO FORA DA POSICAO CORRETA ORDEM 30008644109,FALHA DE SENSOR,FALHA DE SENSOR,TRAIN
2747,SENSOR DA GAIOLA DE CAMADAS COM DEFEITO,SENSOR DA GAIOLA DE CAMADAS COM DEFEITO,FALHA DE SENSOR,FALHA DE SENSOR,TRAIN
2748,FALHA NO INVERSOR DO TRANSPORTE DE PACOTE DA CURVA.,FALHA NO INVERSOR DO TRANSPORTE DE PACOTE DA CURVA,FALHA DE INVERSOR,FALHA DE INVERSOR,TEST
2749,FALHA NA RETIRADA DO QUADRO,FALHA NA RETIRADA DO QUADRO,FALHA NO MANUSEIO DE CARTÃO,FALHA NO MANUSEIO DE CARTAO,TEST
2750,ROLAMENTOS DE TRANSFERENCIA DE GARRAFAS TRAVADO,ROLAMENTOS DE TRANSFERENCIA DE GARRAFAS TRAVADO,FALHA DE ROLAMENTO,FALHA DE ROLAMENTO,TRAIN
2751,ENCHEDORA PERDENDO PRESSÃO GERANDO FALHA E EXCESSO DE NIVEL BAIXO EM VELOCIDADE NOMINAL,ENCHEDORA PERDENDO PRESSAO GERANDO FALHA E EXCESSO DE NIVEL BAIXO EM VELOCIDADE NOMINAL,FALHA DE ENCHIMENTO,FALHA DE ENCHIMENTO,TRAIN
2752,TRAVAMENTO DE GARAFAS NO REJEITOR ENOS A100,TRAVAMENTO DE GARAFAS NO REJEITOR ENOS A100,FALHA DE REJEIÇÃO,FALHA DE REJEICAO,TRAIN
2753,FALHA NO ENCHIMENTO DO MIX,FALHA NO ENCHIMENTO DO MIX,FALHA DE ENCHIMENTO,FALHA DE ENCHIMENTO,TRAIN
2754,FALHA NO SENSOR FORA DE FOCO,FALHA NO SENSOR FORA DE FOCO,FALHA DE SENSOR,FALHA DE SENSOR,TRAIN
2755,SAINDO NIVEL BAIXO VALVULA 80,SAINDO NIVEL BAIXO VALVULA 80,FALHA DE ENCHIMENTO,FALHA DE ENCHIMENTO,TRAIN
2756,SAINDO NIVEL BAIXO,SAINDO NIVEL BAIXO,FALHA DE ENCHIMENTO,FALHA DE ENCHIMENTO,TRAIN
2757,"QUEDA DE GARRAFA NO SISTEMA DE RESFRIAMENTO DE FUNDO DA GARRAFA, CAUSANDO OBSTRUCAO DO SENSOR",QUEDA DE GARRAFA NO SISTEMA DE RESFRIAMENTO DE FUNDO DA GARRAFA CAUSANDO OBSTRUCAO DO SENSOR,QUEDA DE GARRAFAS,QUEDA DE GARRAFAS,TRAIN
2758,SEM O SENSOR DE TAMPA ALTA,SEM O SENSOR DE TAMPA ALTA,FALHA DE SENSOR,FALHA DE SENSOR,TRAIN
2759,"QUEDA DA REGUA DE ENVOLVIMENTO, FILME PICOTANDO - ORDEM: 30008647146",QUEDA DA REGUA DE ENVOLVIMENTO FILME PICOTANDO ORDEM 30008647146,FALHA DE RÉGUA DE ENVOLVIMENTO,FALHA DE REGUA DE ENVOLVIMENTO,TRAIN
2760,"SAINDO NIVEL BAIXO, VELOCIDADE REDUZIDA - ORDEM:30008647150",SAINDO NIVEL BAIXO VELOCIDADE REDUZIDA ORDEM 30008647150,FALHA DE ENCHIMENTO,FALHA DE ENCHIMENTO,TRAIN
2761,SINCRONISMO CARACOL ENTRADA DE GARRAFAS,SINCRONISMO CARACOL ENTRADA DE GARRAFAS,FALHA DE SINCRONISMO,FALHA DE SINCRONISMO,TRAIN
2762,FALHA SENSOR ACUMULO DE GARRAFAS TAG 0965B5 DANIFICADO ORDEM: 30008647187,FALHA SENSOR ACUMULO DE GARRAFAS TAG 0965B5 DANIFICADO ORDEM 30008647187,FALHA DE SENSOR,FALHA DE SENSOR,TRAIN
2763,ESTEIRA QUEBRADA,ESTEIRA QUEBRADA,QUEBRA DE ESTEIRA,QUEBRA DE ESTEIRA,TRAIN
2764,SENSOR DE GARRAFA EM FALHA,SENSOR DE GARRAFA EM FALHA,FALHA DE SENSOR,FALHA DE SENSOR,TEST
2765,"SAINDO GARRAFAS VAZIA , FALHA NO SENSOR DE ENCHIMENTO , NOTA 30008646366",SAINDO GARRAFAS VAZIA FALHA NO SENSOR DE ENCHIMENTO NOTA 30008646366,FALHA DE SENSOR,FALHA DE SENSOR,TRAIN
2766,MESA DE FORMAÇÃO DE CAMADAS COM NIVEL (30008647128),MESA DE FORMACAO DE CAMADAS COM NIVEL 30008647128,FALHA DE FORMAÇÃO DE CAMADA,FALHA DE FORMACAO DE CAMADA,TRAIN
2767,"FALHA NA DESFORMAÇÃO DE CAMADA, NAO RETIROU O QUADRO SUPERIOR ENTORTANDO UMA VENTOSA",FALHA NA DESFORMACAO DE CAMADA NAO RETIROU O QUADRO SUPERIOR ENTORTANDO UMA VENTOSA,FALHA DE VENTOSA,FALHA DE VENTOSA,TEST
2768,TRANSPORTE DO WARMER DESARMANDO,TRANSPORTE DO WARMER DESARMANDO,DESARME DE TRANSPORTE,DESARME DE TRANSPORTE,TRAIN
2769,"MANGUEIRA DE AR RASGADA, GERANDO FALHA NA PEGA DE CARTÃO",MANGUEIRA DE AR RASGADA GERANDO FALHA NA PEGA DE CARTAO,ROMPIMENTO DE MANGUEIRA DE AR,ROMPIMENTO DE MANGUEIRA DE AR,TEST
2770,ESTEIRA DE ENTRADA (CURVA MAGNÉTICA) DESCARRILHANDO,ESTEIRA DE ENTRADA CURVA MAGNETICA DESCARRILHANDO,ESCAPE DE ESTEIRA,ESCAPE DE ESTEIRA,TRAIN
2771,"ESTEIRA TRIPIDANDO CAUSANDO QUEDA DE GARRAFAS, RETIRADO ELOS",ESTEIRA TRIPIDANDO CAUSANDO QUEDA DE GARRAFAS RETIRADO ELOS,FALHA DE ELO DE ESTEIRA,FALHA DE ELO DE ESTEIRA,TRAIN
2772,QUEBROU O PARAFUSO QUE SEGURA A CORRENTE DO MAGAZINE DE PALETE,QUEBROU O PARAFUSO QUE SEGURA A CORRENTE DO MAGAZINE DE PALETE,QUEBRA DE CORRENTE,QUEBRA DE CORRENTE,TRAIN
2773,"EXCESSO DE FALÇO REJEITO,EXPULSANDO GARRAFAS BOAS,CAUSANDO CRASH DE GARRAFAS",EXCESSO DE FALCO REJEITO EXPULSANDO GARRAFAS BOAS CAUSANDO CRASH DE GARRAFAS,CRASH DE GARRAFAS,CRASH DE GARRAFAS,TRAIN
2774,TRAVAMENTO DE SEGMENTO,TRAVAMENTO DE SEGMENTO,TRAVAMENTO DE SEGMENTOS,TRAVAMENTO DE SEGMENTOS,TEST
2775,FALHA NO SISTEMA REJEITOR LINEAR ORDEM 30008647151,FALHA NO SISTEMA REJEITOR LINEAR ORDEM 30008647151,FALHA DE REJEIÇÃO,FALHA DE REJEICAO,TRAIN
2776,PARADAS NA DESENCA E ESVAZIAMENTO DE 12 METROS DE TRANSPORTE TODA VEZ QUE OCORRE UMA PARADA DE DESCAP. . ORDEM 30008647147,PARADAS NA DESENCA E ESVAZIAMENTO DE 12 METROS DE TRANSPORTE TODA VEZ QUE OCORRE UMA PARADA DE DESCAP ORDEM 30008647147,FALHA DE DESCAPSULAMENTO,FALHA DE DESCAPSULAMENTO,TRAIN
2777,FALHA NA BOMBA OCASIONADO DESPRESORIZAÇÃO DO MIXER,FALHA NA BOMBA OCASIONADO DESPRESORIZACAO DO MIXER,FALHA DE BOMBA,FALHA DE BOMBA,TEST
2778,PARADAS NA DESENCA E ESVAZIAMENTO DE 12 METROS DE TRANSPORTE TODA VEZ QUE OCORRE UMA PARADA DE DESCAP.,PARADAS NA DESENCA E ESVAZIAMENTO DE 12 METROS DE TRANSPORTE TODA VEZ QUE OCORRE UMA PARADA DE DESCAP,FALHA DE DESCAPSULAMENTO,FALHA DE DESCAPSULAMENTO,TRAIN
2779,"QUADRO ENROSCANDO NA RETIRADA, TRAVANDO E AMASSANDO LATAS DA PRIMEIRA CAMADA",QUADRO ENROSCANDO NA RETIRADA TRAVANDO E AMASSANDO LATAS DA PRIMEIRA CAMADA,AMASSAMENTO DE LATAS,AMASSAMENTO DE LATAS,TRAIN
2780,"ENROSCO DO QUADRO, CAUSANDO TRAVAMENTO E AMASSANDO LATAS NA PRIMEIRA CAMADA",ENROSCO DO QUADRO CAUSANDO TRAVAMENTO E AMASSANDO LATAS NA PRIMEIRA CAMADA,ENROSCO DE LATAS,ENROSCO DE LATAS,TEST
2781,AJUSTE DO CABEÇOTE PARA O PADRÃO,AJUSTE DO CABECOTE PARA O PADRAO,SEM MODO DE FALHA IDENTIFICADO,SEM MODO DE FALHA IDENTIFICADO,TRAIN
2782,INVERSOR 215 QUEIMADO ORDEM: 3000864876,INVERSOR 215 QUEIMADO ORDEM 3000864876,FALHA DE INVERSOR,FALHA DE INVERSOR,TRAIN
2783,AJUSTE DA ALTURA DA ESTAÇÃO N°6 (ORDEM - 30008647180 ),AJUSTE DA ALTURA DA ESTACAO N 6 ORDEM 30008647180,SEM MODO DE FALHA IDENTIFICADO,SEM MODO DE FALHA IDENTIFICADO,TEST
2784,FALHA NO SENSOR DE SEGURANÇA DAS PORTAS,FALHA NO SENSOR DE SEGURANCA DAS PORTAS,FALHA DE SENSOR,FALHA DE SENSOR,TRAIN
2785,PARADA DO TRANSPORTE DE LATAS NO TRECHO APÓS O REJEITO DA PRESSCO,PARADA DO TRANSPORTE DE LATAS NO TRECHO APOS O REJEITO DA PRESSCO,FALHA DE REJEIÇÃO,FALHA DE REJEICAO,TRAIN
2786,"ENCHEDORA PERDENDO PRESSÃO GERANDO FALHA E EXCESSO DE NIVEL BAIXO EM VELOCIDADE NOMINAL, ORDEM : 30008646315",ENCHEDORA PERDENDO PRESSAO GERANDO FALHA E EXCESSO DE NIVEL BAIXO EM VELOCIDADE NOMINAL ORDEM 30008646315,FALHA DE ENCHIMENTO,FALHA DE ENCHIMENTO,TRAIN
2787,ENROSCO DO QUADRO SUPERIOR,ENROSCO DO QUADRO SUPERIOR,ENROSCO DE CARTÃO/QUADRO,ENROSCO DE CARTAO QUADRO,TRAIN
2788,"ENROSCO DO COPO DO SENSOR DO CABEÇOTE DA DESPAL,GERANDO FALHA NA DESFORMAÇÃO DA CAMADA",ENROSCO DO COPO DO SENSOR DO CABECOTE DA DESPAL GERANDO FALHA NA DESFORMACAO DA CAMADA,FALHA DE SENSOR,FALHA DE SENSOR,TEST
2789,"ENROSCO DO COPO DO SENSOR DO CABEÇOTE DA DESPAL,GERANDO FALHA NA DESFORMAÇÃO DA CAMADA",ENROSCO DO COPO DO SENSOR DO CABECOTE DA DESPAL GERANDO FALHA NA DESFORMACAO DA CAMADA,FALHA DE SENSOR,FALHA DE SENSOR,TEST
2790,AJUSTE POS SETUP - TRANSPORTE DE GARRADA INSPETOR DE NIVEL,AJUSTE POS SETUP TRANSPORTE DE GARRADA INSPETOR DE NIVEL,FALHA DE INSPEÇÃO,FALHA DE INSPECAO,TRAIN
2791,AJUSTE ESTRELA DE ENTRADA DO RINSER,AJUSTE ESTRELA DE ENTRADA DO RINSER,SEM MODO DE FALHA IDENTIFICADO,SEM MODO DE FALHA IDENTIFICADO,TRAIN
2792,"QUEDA DE ESTEIRA E NYLON, TRAVANDO TRANSPORTE",QUEDA DE ESTEIRA E NYLON TRAVANDO TRANSPORTE,TRAVAMENTO DE ESTEIRA,TRAVAMENTO DE ESTEIRA,TRAIN
2793,CODIFICAÇÃO SAINDO BORRADA / 30008649373,CODIFICACAO SAINDO BORRADA 30008649373,FALHA DE CODIFICAÇÃO,FALHA DE CODIFICACAO,TRAIN
2794,"NYLON E ESTEIRA SE SOLTANDO, CAUSANDO PARADA DE TRANSPORTE / 13267908",NYLON E ESTEIRA SE SOLTANDO CAUSANDO PARADA DE TRANSPORTE 13267908,FALHA DE ESTEIRA,FALHA DE ESTEIRA,TRAIN
2795,QUEBRA DO EIXO DO BRAÇO DA PRANCHA11324990,QUEBRA DO EIXO DO BRACO DA PRANCHA11324990,QUEBRA DE EIXO,QUEBRA DE EIXO,TEST
2796,FALHA NO PARAMIX,FALHA NO PARAMIX,FALHA DE MIXER,FALHA DE MIXER,TRAIN
2797,VALVULA MODULADORA TRAVADA OCASIONANDO QUEDA DE PRESSÃO DO CARBONATADOR E FALHA DE ENCHIMENTO,VALVULA MODULADORA TRAVADA OCASIONANDO QUEDA DE PRESSAO DO CARBONATADOR E FALHA DE ENCHIMENTO,TRAVAMENTO DE VÁLVULA,TRAVAMENTO DE VALVULA,TRAIN
2798,FALHA NA ABERTURA E FECHAMENTO DA GAIOLA,FALHA NA ABERTURA E FECHAMENTO DA GAIOLA,FALHA DE AUTOMAÇÃO,FALHA DE AUTOMACAO,TRAIN
2799,"SAINDO NIVEL BAIXO, VELOCIDADE REDUZIDA - ORDEM:30008649348",SAINDO NIVEL BAIXO VELOCIDADE REDUZIDA ORDEM 30008649348,FALHA DE ENCHIMENTO,FALHA DE ENCHIMENTO,TRAIN
2800,FALHA DO INVERSOR DO FORNO DA EMPACOTADORA,FALHA DO INVERSOR DO FORNO DA EMPACOTADORA,FALHA DE INVERSOR,FALHA DE INVERSOR,TRAIN
2801,QUEBRA DO PARAFUSO DO GUIA DE ENTRADA DA EMPACOTADORA,QUEBRA DO PARAFUSO DO GUIA DE ENTRADA DA EMPACOTADORA,QUEBRA DE PARAFUSO,QUEBRA DE PARAFUSO,TRAIN
2802,FALHA NA AUTOMAÇÃO,FALHA NA AUTOMACAO,FALHA DE AUTOMAÇÃO,FALHA DE AUTOMACAO,TRAIN
2803,FALHA NO ENVIO,FALHA NO ENVIO,FALHA DE ALIMENTAÇÃO,FALHA DE ALIMENTACAO,TEST
2804,"ROLETE DE TRAÇÃO DANIFICADO,CAUSANDO ERO NA FORMAÇÃO DA CAMADA",ROLETE DE TRACAO DANIFICADO CAUSANDO ERO NA FORMACAO DA CAMADA,FALHA DE ROLETES,FALHA DE ROLETES,TRAIN
2805,"FALHA NO SENSOR DE ALIMENTAÇÃO DE TAMPA,TUBULAÇÃO ENTUPIDA",FALHA NO SENSOR DE ALIMENTACAO DE TAMPA TUBULACAO ENTUPIDA,FALHA DE SENSOR,FALHA DE SENSOR,TRAIN
2806,BOTÃO RESET EM FALHA. KHS ATUOU.,BOTAO RESET EM FALHA KHS ATUOU,FALHA NO BOTÃO RESET,FALHA NO BOTAO RESET,TRAIN
2807,BOTÃO RESET EM FALHA. KHS ATUOU,BOTAO RESET EM FALHA KHS ATUOU,FALHA NO BOTÃO RESET,FALHA NO BOTAO RESET,TRAIN
2808,SOLTOU A PORCA DA CHAPA DO ALINHADOR .,SOLTOU A PORCA DA CHAPA DO ALINHADOR,FALHA DE FIXAÇÃO,FALHA DE FIXACAO,TEST
2809,PRESSÃO BAIXA JATO FINAIS.,PRESSAO BAIXA JATO FINAIS,FALHA DE PRESSÃO DOS JATOS,FALHA DE PRESSAO DOS JATOS,TEST
2810,TRAVAMENTO SEGMENTOS,TRAVAMENTO SEGMENTOS,TRAVAMENTO DE SEGMENTOS,TRAVAMENTO DE SEGMENTOS,TRAIN
2811,FALHA TROCA DE BANDEJA AGREGADO 1 PASSOU DIRETO,FALHA TROCA DE BANDEJA AGREGADO 1 PASSOU DIRETO,FALHA NA TROCA DE BANDEJA,FALHA NA TROCA DE BANDEJA,TRAIN
2812,TRP GARRAFAS MOTOR 204 PAROU,TRP GARRAFAS MOTOR 204 PAROU,FALHA DE MOTOR,FALHA DE MOTOR,TRAIN
2813,QUEIMA DA BOMBA DE SODA DO TQ2.ORDEM..30008653993,QUEIMA DA BOMBA DE SODA DO TQ2 ORDEM 30008653993,FALHA DE BOMBA,FALHA DE BOMBA,TRAIN
2814,SENSOR DO CENTRADOR DE CAMADAS SEM SINAL IMPEDINDO O CICLO DE FECHAMENTO,SENSOR DO CENTRADOR DE CAMADAS SEM SINAL IMPEDINDO O CICLO DE FECHAMENTO,FALHA DE SENSOR,FALHA DE SENSOR,TEST
2815,QUEBRA DA ESTEIRA,QUEBRA DA ESTEIRA,QUEBRA DE ESTEIRA,QUEBRA DE ESTEIRA,TRAIN
2816,ENTUPIMENTO NO RETORNO DE TAMPAS ORDEM: 30008653914,ENTUPIMENTO NO RETORNO DE TAMPAS ORDEM 30008653914,ENTUPIMENTO NO TRANSPORTE DE TAMPAS,ENTUPIMENTO NO TRANSPORTE DE TAMPAS,TRAIN
2817,ENROSCO DE ROTULO 30008653925,ENROSCO DE ROTULO 30008653925,ENROSCO DE RÓTULOS,ENROSCO DE ROTULOS,TRAIN
2818,PARAFUSO DO GUIA DO TRANSPORTE DE ENTRADA DA EMPACOTADORA QUEBRADO - ORDEM - 30008653899,PARAFUSO DO GUIA DO TRANSPORTE DE ENTRADA DA EMPACOTADORA QUEBRADO ORDEM 30008653899,QUEBRA DE TRANSPORTE,QUEBRA DE TRANSPORTE,TRAIN
2819,"FALHA DE BLOQUEIO ATIVO NO TRANSPORTE DE PACOTES,PÓS EMPACOTADORA",FALHA DE BLOQUEIO ATIVO NO TRANSPORTE DE PACOTES POS EMPACOTADORA,FALHA DE TRANSPORTE DE PACOTES,FALHA DE TRANSPORTE DE PACOTES,TRAIN
2820,DESARME DO MOTOR DO RINSER/ ORDEM )30008653926),DESARME DO MOTOR DO RINSER ORDEM 30008653926,DESARME DE MOTOR,DESARME DE MOTOR,TRAIN
2821,FALHA TRANSPORTE NA SAIDA DA LAVADORA,FALHA TRANSPORTE NA SAIDA DA LAVADORA,FALHA DE TRANSPORTE,FALHA DE TRANSPORTE,TEST
2822,"ENROSCO DE BANDEJA NO AGREGADO 1,SENSOR NÃO RECONHECE A TROCA DE BANDEJA DE VAZIA PARA CHEIA",ENROSCO DE BANDEJA NO AGREGADO 1 SENSOR NAO RECONHECE A TROCA DE BANDEJA DE VAZIA PARA CHEIA,FALHA DE SENSOR,FALHA DE SENSOR,TRAIN
2823,"ROLETE DANIFICADO,CAUSANDO ERO NA FORMAÇÃO DAS CAMADAS",ROLETE DANIFICADO CAUSANDO ERO NA FORMACAO DAS CAMADAS,FALHA DE ROLETES,FALHA DE ROLETES,TEST
2824,FALHA DE INVERSOR TRANSPORTE DE PACOTES,FALHA DE INVERSOR TRANSPORTE DE PACOTES,FALHA DE INVERSOR,FALHA DE INVERSOR,TRAIN
2825,ENROSCO DE PACOTES FALHA NO INVERSOR N°308,ENROSCO DE PACOTES FALHA NO INVERSOR N 308,FALHA DE INVERSOR,FALHA DE INVERSOR,TEST
2826,QUEBRA DO EIXO DA BANDEIROLA DA LAVADORA,QUEBRA DO EIXO DA BANDEIROLA DA LAVADORA,QUEBRA DE EIXO,QUEBRA DE EIXO,TRAIN
2827,FALHA NO INSPETOR CHECKMAT,FALHA NO INSPETOR CHECKMAT,FALHA DE INSPEÇÃO,FALHA DE INSPECAO,TRAIN
2828,FALHA NO INSPETOR CHECKMATE,FALHA NO INSPETOR CHECKMATE,FALHA DE INSPEÇÃO,FALHA DE INSPECAO,TRAIN
2829,AJUSTE NA VELOCIDADE DO ENVERSOR TAPETE DE SAIDA ESTRELA CAPSULADOR,AJUSTE NA VELOCIDADE DO ENVERSOR TAPETE DE SAIDA ESTRELA CAPSULADOR,FALHA DE ELO DE ESTEIRA,FALHA DE ELO DE ESTEIRA,TRAIN
2830,FALHA DE FALSO REJEITO,FALHA DE FALSO REJEITO,FALHA DE REJEIÇÃO,FALHA DE REJEICAO,TRAIN
2831,AJUSTE NO GUIA DA ESTRELA DE ENTRADA,AJUSTE NO GUIA DA ESTRELA DE ENTRADA,SEM MODO DE FALHA IDENTIFICADO,SEM MODO DE FALHA IDENTIFICADO,TRAIN
2832,BARREIRA DE SEGURANÇA DO MAGAZINE DE CHAPATEX FORA DE POSIÇÃO,BARREIRA DE SEGURANCA DO MAGAZINE DE CHAPATEX FORA DE POSICAO,FALHA DE MAGAZINE,FALHA DE MAGAZINE,TRAIN
2833,FALSO REJEITO,FALSO REJEITO,FALHA DE REJEIÇÃO,FALHA DE REJEICAO,TRAIN
2834,"PENTE DE TRANSFERENCIA DE GARRAFAS DANIFICADO, FEITO ATROCA",PENTE DE TRANSFERENCIA DE GARRAFAS DANIFICADO FEITO ATROCA,FALHA DE PENTE DE TRANSFERÊNCIA,FALHA DE PENTE DE TRANSFERENCIA,TRAIN
2835,QUEBROU EIXO DA BANDEIROLA.,QUEBROU EIXO DA BANDEIROLA,QUEBRA DE EIXO,QUEBRA DE EIXO,TRAIN
2836,QUEBRA DO EIXO DA BANDEIROLA DA LAVADORA,QUEBRA DO EIXO DA BANDEIROLA DA LAVADORA,QUEBRA DE EIXO,QUEBRA DE EIXO,TRAIN
2837,FALHA NA DATADORA PARADA DO TRANSPORTE,FALHA NA DATADORA PARADA DO TRANSPORTE,FALHA DE CODIFICAÇÃO,FALHA DE CODIFICACAO,TRAIN
2838,QUEBRA DA CORREIA DE ACIONAMENTO DA ROSCA SEM FIM,QUEBRA DA CORREIA DE ACIONAMENTO DA ROSCA SEM FIM,QUEBRA DE CORREIA,QUEBRA DE CORREIA,TEST
2839,"EXCESSO DE FALHA DE ENCHIMENTO (NIVEL BAIXO), VELOCIDADE REDUZIDA",EXCESSO DE FALHA DE ENCHIMENTO NIVEL BAIXO VELOCIDADE REDUZIDA,FALHA DE ENCHIMENTO,FALHA DE ENCHIMENTO,TRAIN
2840,FALHA DO SENSOR DE TEMPERATURA GERANDO PARADA DO EQUIPAMENTO,FALHA DO SENSOR DE TEMPERATURA GERANDO PARADA DO EQUIPAMENTO,FALHA DE SENSOR,FALHA DE SENSOR,TRAIN
2841,FALHA PISTÃO LIBERAÇÃO DE TAMPAS,FALHA PISTAO LIBERACAO DE TAMPAS,FALHA DE ATUADOR,FALHA DE ATUADOR,TEST
2842,FALHA NO ATUADOR PNEUMÁTICO OCASIONADO GARRAFAS SAINDO SEM TAMPAS,FALHA NO ATUADOR PNEUMATICO OCASIONADO GARRAFAS SAINDO SEM TAMPAS,FALHA DE ALIMENTAÇÃO DE TAMPAS,FALHA DE ALIMENTACAO DE TAMPAS,TRAIN
2843,"PINÇA TRAVADA, DANIFICANDO O BOCAL DAS GARRAFAS 9 QUEBRA DO EIXO DA PINÇA 30008658082",PINCA TRAVADA DANIFICANDO O BOCAL DAS GARRAFAS 9 QUEBRA DO EIXO DA PINCA 30008658082,QUEBRA DE EIXO,QUEBRA DE EIXO,TRAIN
2844,"PINÇA TRAVADA, DANIFICANDO O BOCAL DAS GARRAFAS 9 QUEBRA DO EIXO DA PINÇA",PINCA TRAVADA DANIFICANDO O BOCAL DAS GARRAFAS 9 QUEBRA DO EIXO DA PINCA,QUEBRA DE EIXO,QUEBRA DE EIXO,TRAIN
2845,"PINÇA TRAVADA, DANIFICANDO O BOCAL DAS GARRAFAS 9 QUEBRA DO EIXO DA PINÇA( TROCA DO EIXO DA PINÇA )",PINCA TRAVADA DANIFICANDO O BOCAL DAS GARRAFAS 9 QUEBRA DO EIXO DA PINCA TROCA DO EIXO DA PINCA,QUEBRA DE EIXO,QUEBRA DE EIXO,TRAIN
2846,"RODANDO VELOCIDADE BAIXA, DEVIDO CARACOL SUPERIOR NA ENTRADA ESTRELA DO CAPSULADOR DANIFICADO",RODANDO VELOCIDADE BAIXA DEVIDO CARACOL SUPERIOR NA ENTRADA ESTRELA DO CAPSULADOR DANIFICADO,VELOCIDADE REDUZIDA SEM CAUSA IDENTIFICADA,VELOCIDADE REDUZIDA SEM CAUSA IDENTIFICADA,TRAIN
2847,AJUSTE NA SENSIBILIDADE DO SENSOR DE ENTRADA DO LINATRONIC,AJUSTE NA SENSIBILIDADE DO SENSOR DE ENTRADA DO LINATRONIC,FALHA DE SENSOR,FALHA DE SENSOR,TRAIN
2848,"QUEDA DE ENERGIA, FALHA INSPETOR ENOS EBS",QUEDA DE ENERGIA FALHA INSPETOR ENOS EBS,FALHA DE INSPEÇÃO,FALHA DE INSPECAO,TRAIN
2849,FALHA CAIXA A MENOS E QUEDA DE CAIXAS CAMADA SUPERIOR,FALHA CAIXA A MENOS E QUEDA DE CAIXAS CAMADA SUPERIOR,FALHA DE FORMAÇÃO DE CAIXA,FALHA DE FORMACAO DE CAIXA,TRAIN
2850,ENCALAVOU OS PATINS NO DEVICER DA PALETIZADORA,ENCALAVOU OS PATINS NO DEVICER DA PALETIZADORA,FALHA DE PATINS,FALHA DE PATINS,TEST
2851,TRANSPORTE DA CURVA SAIU - TRECHO APÓS LAVADOR DE FUNDO DE CAIXAS,TRANSPORTE DA CURVA SAIU TRECHO APOS LAVADOR DE FUNDO DE CAIXAS,FALHA DE TRANSPORTE DE CAIXAS,FALHA DE TRANSPORTE DE CAIXAS,TEST
2852,FALHA TRANSPORTE NA SAIDA DA LAVADORA,FALHA TRANSPORTE NA SAIDA DA LAVADORA,FALHA DE TRANSPORTE,FALHA DE TRANSPORTE,TEST
2853,TRANSPORTE DA CURVA SAIU - TRECHO APÓS LAVADOR DE FUNDO DE CAIXAS,TRANSPORTE DA CURVA SAIU TRECHO APOS LAVADOR DE FUNDO DE CAIXAS,FALHA DE TRANSPORTE DE CAIXAS,FALHA DE TRANSPORTE DE CAIXAS,TEST
2854,AJUSTE NA POSIÇÃO DO PINO DE SEPARAÇÃO,AJUSTE NA POSICAO DO PINO DE SEPARACAO,SEM MODO DE FALHA IDENTIFICADO,SEM MODO DE FALHA IDENTIFICADO,TRAIN
2855,ALTERAÇÃO DE PARÂMETROS DE VELOCIDADE DA ESTEIRA E PINO DE SEPARAÇÃO,ALTERACAO DE PARAMETROS DE VELOCIDADE DA ESTEIRA E PINO DE SEPARACAO,FALHA DE ELO DE ESTEIRA,FALHA DE ELO DE ESTEIRA,TRAIN
2856,FALHA TRNSPORTE NA ENTRADA DA ROTULADORA,FALHA TRNSPORTE NA ENTRADA DA ROTULADORA,FALHA DE ROTULAGEM,FALHA DE ROTULAGEM,TEST
2857,FALHA PISTÃO NA TROCA DE BANDEJA DO AGREGADO 1,FALHA PISTAO NA TROCA DE BANDEJA DO AGREGADO 1,FALHA NA TROCA DE BANDEJA,FALHA NA TROCA DE BANDEJA,TRAIN
2858,ROLETE DE ENTRADA TORTO OCASIONADO CAIXAS ENTRANDO EM POSIÇÃO ERRDA,ROLETE DE ENTRADA TORTO OCASIONADO CAIXAS ENTRANDO EM POSICAO ERRDA,FALHA DE ROLETES,FALHA DE ROLETES,TRAIN
2859,INSPETOR EBS COM ALTO INDICE DE FALSOS REJEITOS OCASIONANDO CRASH E PARADA DO EQUIPAMENTO.ORDEM 30008660857,INSPETOR EBS COM ALTO INDICE DE FALSOS REJEITOS OCASIONANDO CRASH E PARADA DO EQUIPAMENTO ORDEM 30008660857,FALHA DE INSPEÇÃO,FALHA DE INSPECAO,TEST
2860,INSPETOR EBS COM ALTO INDICE DE FALSOS REJEITOS OCASIONANDO CRASH E PARADA DO EQUIPAMENTO,INSPETOR EBS COM ALTO INDICE DE FALSOS REJEITOS OCASIONANDO CRASH E PARADA DO EQUIPAMENTO,FALHA DE INSPEÇÃO,FALHA DE INSPECAO,TRAIN
2861,"TROCA DE MOTOR,ORDEM 30008659879",TROCA DE MOTOR ORDEM 30008659879,FALHA DE MOTOR,FALHA DE MOTOR,TRAIN
2862,"SENSOR DE ENCHIMENTO FORA DE FOCO,ORDEM 30008659880",SENSOR DE ENCHIMENTO FORA DE FOCO ORDEM 30008659880,FALHA DE SENSOR,FALHA DE SENSOR,TRAIN
2863,FALHA NO JATO FINAIS.,FALHA NO JATO FINAIS,FALHA DE JATOS DE ENXÁGUE,FALHA DE JATOS DE ENXAGUE,TRAIN
2864,TRAVAMENTO DE ROLHAS NO CANAL DA CANALETA .,TRAVAMENTO DE ROLHAS NO CANAL DA CANALETA,ENROSCO DE TAMPAS,ENROSCO DE TAMPAS,TRAIN
2865,ALIMENTADOR TAMPAS SID LI01 FALHA NO DISCO MUITOS TRAVAMENTO DE ROLHAS NA CANALETA.,ALIMENTADOR TAMPAS SID LI01 FALHA NO DISCO MUITOS TRAVAMENTO DE ROLHAS NA CANALETA,FALHA DE ALIMENTAÇÃO DE TAMPAS,FALHA DE ALIMENTACAO DE TAMPAS,TRAIN
2866,"VARIAS FALHAS E TRAVAMENTO DE ROLHAS NO CANAL,FOI VERIFICADO FALHA NO AR DAS ROLHAS.",VARIAS FALHAS E TRAVAMENTO DE ROLHAS NO CANAL FOI VERIFICADO FALHA NO AR DAS ROLHAS,ENROSCO DE TAMPAS,ENROSCO DE TAMPAS,TEST
2867,FALHA NA ENTRADA DE PALETE NO ELEVADOR FEITO PROCEDIMENTO MANUAL,FALHA NA ENTRADA DE PALETE NO ELEVADOR FEITO PROCEDIMENTO MANUAL,FALHA DE ELEVADOR,FALHA DE ELEVADOR,TRAIN
2868,ESTEIRA QUEBRADA,ESTEIRA QUEBRADA,QUEBRA DE ESTEIRA,QUEBRA DE ESTEIRA,TRAIN
2869,SOLTURA DO PARAFUSO DO PRENSADOR DE CAMADAS / PARANDO A MAQUINA ORDEM Nº30008660431,SOLTURA DO PARAFUSO DO PRENSADOR DE CAMADAS PARANDO A MAQUINA ORDEM N 30008660431,FALHA DE COMPACTAÇÃO DE CAMADA,FALHA DE COMPACTACAO DE CAMADA,TRAIN
2870,FALHA NA ENCHEDORA HMI 0335 BLOQUEANDO ENTRADA DE GARRAFA,FALHA NA ENCHEDORA HMI 0335 BLOQUEANDO ENTRADA DE GARRAFA,FALHA DE IHM,FALHA DE IHM,TRAIN
2871,QUEDA DE GARRAFA NA REGUA DE ARRASTE,QUEDA DE GARRAFA NA REGUA DE ARRASTE,QUEDA DE GARRAFAS,QUEDA DE GARRAFAS,TRAIN
2872,SOLENOIDE DO ENVIAO DE AGUA PARA O CAPSULADOR E DE FINISH - ORDEM: 30008660813,SOLENOIDE DO ENVIAO DE AGUA PARA O CAPSULADOR E DE FINISH ORDEM 30008660813,FALHA DE SOLENOIDE,FALHA DE SOLENOIDE,TRAIN
2873,"FALHA NO MANDRIL 1, FILME CORTANDO SEM SINCRONISMO COM AS GARRAFAS PARA FORMAÇÃO DE PACOTES",FALHA NO MANDRIL 1 FILME CORTANDO SEM SINCRONISMO COM AS GARRAFAS PARA FORMACAO DE PACOTES,FALHA DE MANDRIL,FALHA DE MANDRIL,TRAIN
2874,FALHA NO MODULO DO MANDRIL - ORDEM: 30008660817,FALHA NO MODULO DO MANDRIL ORDEM 30008660817,FALHA DE MANDRIL,FALHA DE MANDRIL,TRAIN
2875,SENSOR DE PRESENÇA DE TAMPA DANIFICADO - ORDEM: 3000866082,SENSOR DE PRESENCA DE TAMPA DANIFICADO ORDEM 3000866082,FALHA DE SENSOR,FALHA DE SENSOR,TRAIN
2876,"FALHA NA VALVULA MODULAÇAO DE ENVIO DE BEBIDA ENTRADA DESAIRADOR ,VALVULA QUEBRADA ORDEM 30008662207",FALHA NA VALVULA MODULACAO DE ENVIO DE BEBIDA ENTRADA DESAIRADOR VALVULA QUEBRADA ORDEM 30008662207,FALHA DE VÁLVULA MODULADORA,FALHA DE VALVULA MODULADORA,TRAIN
2877,"ESTOURO DA SOLDA DO FILME NA TROCA AUTOMATICA, FOI PRECISO PASSAR O FILME NO SISTEMA NOVAMENTE",ESTOURO DA SOLDA DO FILME NA TROCA AUTOMATICA FOI PRECISO PASSAR O FILME NO SISTEMA NOVAMENTE,FALHA DE SOLDA DE FILME,FALHA DE SOLDA DE FILME,TRAIN
2878,"FALHA DE COMUNICAÇÃO DOS INVERSORES 308,309 E 310, ORDEM( 30008659915).",FALHA DE COMUNICACAO DOS INVERSORES 308 309 E 310 ORDEM 30008659915,FALHA DE COMUNICAÇÃO,FALHA DE COMUNICACAO,TRAIN
2879,"EXCESSO DE FALHA DE ENCHIMENTO (NIVEL BAIXO), VELOCIDADE REDUZIDA",EXCESSO DE FALHA DE ENCHIMENTO NIVEL BAIXO VELOCIDADE REDUZIDA,FALHA DE ENCHIMENTO,FALHA DE ENCHIMENTO,TRAIN
2880,DESARME DO TRANSPORTE,DESARME DO TRANSPORTE,DESARME DE TRANSPORTE,DESARME DE TRANSPORTE,TEST
2881,QUEBROU A CORREIA DO DESCAPSULADOR 30008662223,QUEBROU A CORREIA DO DESCAPSULADOR 30008662223,QUEBRA DE CORREIA,QUEBRA DE CORREIA,TRAIN
2882,ESCAPOU A ESTEIRA NA CURVA DO TRANSPORTE NA SAIDA DA DESENCAIXOTADORA,ESCAPOU A ESTEIRA NA CURVA DO TRANSPORTE NA SAIDA DA DESENCAIXOTADORA,ESCAPE DE ESTEIRA,ESCAPE DE ESTEIRA,TRAIN
2883,AJUSTE DE SENSOR DA BANDEIROLA,AJUSTE DE SENSOR DA BANDEIROLA,FALHA DE SENSOR,FALHA DE SENSOR,TRAIN
2884,EIXO DA BANDEIROLA DANIFICADO E TORTO : NOTA :13271473,EIXO DA BANDEIROLA DANIFICADO E TORTO NOTA 13271473,DESALINHAMENTO DE EIXO,DESALINHAMENTO DE EIXO,TEST
2885,FALHA NO SENSOR DO COMPACTADOR DE CAMADA FRONTAL,FALHA NO SENSOR DO COMPACTADOR DE CAMADA FRONTAL,FALHA DE SENSOR,FALHA DE SENSOR,TRAIN
2886,QUEDA DE GARRAFAS NO GUIA DO TRANSPORTE DE GARRAFAS DA SALA DE ENVASE 30008662230,QUEDA DE GARRAFAS NO GUIA DO TRANSPORTE DE GARRAFAS DA SALA DE ENVASE 30008662230,QUEDA DE GARRAFAS,QUEDA DE GARRAFAS,TRAIN
2887,QUEBRA DA ESTEIRA DA ENTRADA DA PALETIZADORA,QUEBRA DA ESTEIRA DA ENTRADA DA PALETIZADORA,QUEBRA DE ESTEIRA,QUEBRA DE ESTEIRA,TRAIN
2888,FALHA NO SENSOR DO COMPACTADOR DE CAMADA,FALHA NO SENSOR DO COMPACTADOR DE CAMADA,FALHA DE SENSOR,FALHA DE SENSOR,TEST
2889,TROCA DA ROLDANA DO PISTÃO Nº 01,TROCA DA ROLDANA DO PISTAO N 01,FALHA DE ATUADOR,FALHA DE ATUADOR,TRAIN
2890,FALHA NA CODIFICADORA,FALHA NA CODIFICADORA,FALHA DE CODIFICAÇÃO,FALHA DE CODIFICACAO,TRAIN
2891,FALHA NO MÓDULO DO TRANSPORTE DE LATAS CHEIA,FALHA NO MODULO DO TRANSPORTE DE LATAS CHEIA,FALHA DE TRANSPORTE DE LATAS,FALHA DE TRANSPORTE DE LATAS,TRAIN
2892,PERDA DE REFERÊNCIA NA CODIFICAÇÃO (CODIFICAÇÃO FORA DE CENTRO),PERDA DE REFERENCIA NA CODIFICACAO CODIFICACAO FORA DE CENTRO,FALHA DE CODIFICAÇÃO,FALHA DE CODIFICACAO,TRAIN
2893,TROCA DO FERRAMENTAL,TROCA DO FERRAMENTAL,SEM MODO DE FALHA IDENTIFICADO,SEM MODO DE FALHA IDENTIFICADO,TRAIN
2894,TROCA DO FERRAMENTAL COMPLETO,TROCA DO FERRAMENTAL COMPLETO,SEM MODO DE FALHA IDENTIFICADO,SEM MODO DE FALHA IDENTIFICADO,TRAIN
2895,FALHA DE LATAS COLAPSANDO;AJUSTE DE RECRAVAÇÃO; APOS TROCA DE PEÇAS/ FERRUM... NOTA (30008660862),FALHA DE LATAS COLAPSANDO AJUSTE DE RECRAVACAO APOS TROCA DE PECAS FERRUM NOTA 30008660862,FALHA DE RECRAVAÇÃO,FALHA DE RECRAVACAO,TRAIN
2896,ENROSCO DE LATA NO TWISTER.PÓS HEUFT - NOTA - 13272274,ENROSCO DE LATA NO TWISTER POS HEUFT NOTA 13272274,FALHA DE INSPEÇÃO,FALHA DE INSPECAO,TRAIN
2897,INSPETOR EBS COM ALTO INDICE DE FALSOS REJEITOS OCASIONANDO CRASH E PARADA DO EQUIPAMENTO,INSPETOR EBS COM ALTO INDICE DE FALSOS REJEITOS OCASIONANDO CRASH E PARADA DO EQUIPAMENTO,FALHA DE INSPEÇÃO,FALHA DE INSPECAO,TRAIN
2898,ADEQUAÇÃO DA ESTRELA DA RECRAVADORA,ADEQUACAO DA ESTRELA DA RECRAVADORA,FALHA DE RECRAVAÇÃO,FALHA DE RECRAVACAO,TRAIN
2899,"ENROSCO DE LATA NO TWISTER,PÓS HEUFT",ENROSCO DE LATA NO TWISTER POS HEUFT,FALHA DE INSPEÇÃO,FALHA DE INSPECAO,TRAIN
2900,FALHA DE SOBRECARGA 57Q2 - MOTOR SOPRADOR SAÍDA DO WARMER...NOTA (30008663157),FALHA DE SOBRECARGA 57Q2 MOTOR SOPRADOR SAIDA DO WARMER NOTA 30008663157,FALHA DE MOTOR,FALHA DE MOTOR,TRAIN
2901,AJUSTE NA VELOCIDADE DO MOTOR K16M,AJUSTE NA VELOCIDADE DO MOTOR K16M,FALHA DE MOTOR,FALHA DE MOTOR,TRAIN
2902,FALHA NO SENSSOR DO COMPACTADOR DE CAMADA ORDEM: 30008665611,FALHA NO SENSSOR DO COMPACTADOR DE CAMADA ORDEM 30008665611,FALHA DE SENSOR,FALHA DE SENSOR,TEST
2903,PRANCHA DA CAMADA TRAVADA,PRANCHA DA CAMADA TRAVADA,TRAVAMENTO DO SISTEMA DE COMPACTAÇÃO,TRAVAMENTO DO SISTEMA DE COMPACTACAO,TRAIN
2904,TAMPA TORTA CAPSULADOR 30008665609,TAMPA TORTA CAPSULADOR 30008665609,FALHA DE TAMPAMENTO,FALHA DE TAMPAMENTO,TRAIN
2905,TROCA DA BORBOLETA E MOLA DE SNIFER DA VALVULA N°86 30008664969,TROCA DA BORBOLETA E MOLA DE SNIFER DA VALVULA N 86 30008664969,FALHA DE VÁLVULA,FALHA DE VALVULA,TEST
2906,QUEBRA DA ESTEIRA DA CURVA,QUEBRA DA ESTEIRA DA CURVA,QUEBRA DE ESTEIRA,QUEBRA DE ESTEIRA,TRAIN
2907,NOVAMENTE QUEBRA DA ESTEIRA DO TRANSPORTE DA CURVA,NOVAMENTE QUEBRA DA ESTEIRA DO TRANSPORTE DA CURVA,QUEBRA DE ESTEIRA,QUEBRA DE ESTEIRA,TEST
2908,QUEBRA DA CORRENTE DO MOTOR DO VIRADOR DE PALETE,QUEBRA DA CORRENTE DO MOTOR DO VIRADOR DE PALETE,QUEBRA DE CORRENTE,QUEBRA DE CORRENTE,TRAIN
2909,EMPACOTADORA / VELOCIDADE REDUZIDA / DEVIDO AO ACUMULO DE PCTS NO TRANSPORTE / QUEBRA,EMPACOTADORA VELOCIDADE REDUZIDA DEVIDO AO ACUMULO DE PCTS NO TRANSPORTE QUEBRA,FALHA DE ACÚMULO NO TRANSPORTE,FALHA DE ACUMULO NO TRANSPORTE,TRAIN
2910,QUEBRA DA CORRENTE DO MOTOR DO VIRADOR DE PALETE,QUEBRA DA CORRENTE DO MOTOR DO VIRADOR DE PALETE,QUEBRA DE CORRENTE,QUEBRA DE CORRENTE,TRAIN
2911,CODIFICADORA EM FALHA,CODIFICADORA EM FALHA,FALHA DE CODIFICAÇÃO,FALHA DE CODIFICACAO,TRAIN
2912,EMPACOTADORA RODANDO COM VELOCIDADE REDUZIDA DEVIDO AO ACUMULO DE PCTS NO TRANSPORTE ORDEM: 30008665632,EMPACOTADORA RODANDO COM VELOCIDADE REDUZIDA DEVIDO AO ACUMULO DE PCTS NO TRANSPORTE ORDEM 30008665632,FALHA DE ACÚMULO NO TRANSPORTE,FALHA DE ACUMULO NO TRANSPORTE,TRAIN
2913,FALTA DE PARAFUSO E PARAFUSO SOLTO DEIXANDO PISTÃO EMPURRADOR SOLTO,FALTA DE PARAFUSO E PARAFUSO SOLTO DEIXANDO PISTAO EMPURRADOR SOLTO,FALHA DE FIXAÇÃO,FALHA DE FIXACAO,TRAIN
2914,TRAVAMENTO DO DEGMENTO,TRAVAMENTO DO DEGMENTO,TRAVAMENTO DE SEGMENTOS,TRAVAMENTO DE SEGMENTOS,TRAIN
2915,QUEDA DE GARRAFAS SAIDA DA LAVADORA,QUEDA DE GARRAFAS SAIDA DA LAVADORA,QUEDA DE GARRAFAS,QUEDA DE GARRAFAS,TRAIN
2916,QUEDA DE GARRAFAS NA SAIDA DA LAVADORA,QUEDA DE GARRAFAS NA SAIDA DA LAVADORA,QUEDA DE GARRAFAS,QUEDA DE GARRAFAS,TRAIN
2917,PARAFUSO DA PRANCHA QUEBRADO OCASIONANDO O TRAVAMENTO 30008667505,PARAFUSO DA PRANCHA QUEBRADO OCASIONANDO O TRAVAMENTO 30008667505,QUEBRA DE PARAFUSO,QUEBRA DE PARAFUSO,TEST
2918,TROCA DO PALLET DE FOLHA SEPARADORA EM MODO MANUAL,TROCA DO PALLET DE FOLHA SEPARADORA EM MODO MANUAL,FALHA NA TROCA DE PALETE DE FOLHA SEPARADORA,FALHA NA TROCA DE PALETE DE FOLHA SEPARADORA,TEST
2919,ATRASO FALHA DURANTE CIP MANGUEIRA ENTRADA DO POLIDOR DESCONECTADA,ATRASO FALHA DURANTE CIP MANGUEIRA ENTRADA DO POLIDOR DESCONECTADA,FALHA DE MANGUEIRA,FALHA DE MANGUEIRA,TEST
2920,FALHA DE FALSO REJEITO - CONTROLE EM MANUAL DOSAGEM DE ÁGUA NO TRANSPORTE DE ENTRADA,FALHA DE FALSO REJEITO CONTROLE EM MANUAL DOSAGEM DE AGUA NO TRANSPORTE DE ENTRADA,FALHA DE DOSAGEM,FALHA DE DOSAGEM,TRAIN
2921,"REMOVEDOR DE CARTÃO ,PARANDO NO MEIO DO CICLO - ORDEM - 30008667538",REMOVEDOR DE CARTAO PARANDO NO MEIO DO CICLO ORDEM 30008667538,FALHA NO MANUSEIO DE CARTÃO,FALHA NO MANUSEIO DE CARTAO,TRAIN
2922,FALHA DE ENCHIMENTO DE TODAS AS VALVULAS MAUTENÇÃO ATUOU NO SENSOR,FALHA DE ENCHIMENTO DE TODAS AS VALVULAS MAUTENCAO ATUOU NO SENSOR,FALHA DE SENSOR,FALHA DE SENSOR,TRAIN
2923,ESCAPOU A ESTEIRA DA CURVA DA PALETIZADORA,ESCAPOU A ESTEIRA DA CURVA DA PALETIZADORA,ESCAPE DE ESTEIRA,ESCAPE DE ESTEIRA,TEST
2924,FALHA DE ENCHIMENTO DE TODAS AS VALVULAS,FALHA DE ENCHIMENTO DE TODAS AS VALVULAS,FALHA DE VÁLVULA DE ENCHIMENTO,FALHA DE VALVULA DE ENCHIMENTO,TRAIN
2925,FALHA DE ENCHIMENTO DE TODAS AS VALVULAS PARADA PARA MANUTENÇÃO,FALHA DE ENCHIMENTO DE TODAS AS VALVULAS PARADA PARA MANUTENCAO,FALHA DE VÁLVULA DE ENCHIMENTO,FALHA DE VALVULA DE ENCHIMENTO,TRAIN
2926,FALHA NA VALVULA DE ENTRADA DA ENCHEDORA,FALHA NA VALVULA DE ENTRADA DA ENCHEDORA,FALHA DE VÁLVULA,FALHA DE VALVULA,TRAIN
2927,PERCA DE REFERENCIA SAINDO FORA DO SINCRONISMO 30008683786,PERCA DE REFERENCIA SAINDO FORA DO SINCRONISMO 30008683786,FALHA DE SINCRONISMO,FALHA DE SINCRONISMO,TEST
2928,FALHA NA VALVULA DE CONTRA PRESSÃO DO NITROGENIO (30008683749),FALHA NA VALVULA DE CONTRA PRESSAO DO NITROGENIO 30008683749,FALHA DE VÁLVULA DE NITROGÊNIO,FALHA DE VALVULA DE NITROGENIO,TRAIN
2929,TROCA DO ELO DO TRANSPORTE QUE IRIA SE QUEBRAR (30008683755),TROCA DO ELO DO TRANSPORTE QUE IRIA SE QUEBRAR 30008683755,QUEBRA DE TRANSPORTE,QUEBRA DE TRANSPORTE,TRAIN
2930,AJUSTE DE VELOCIDADE CAINDO GARRAFA,AJUSTE DE VELOCIDADE CAINDO GARRAFA,QUEDA DE GARRAFAS,QUEDA DE GARRAFAS,TRAIN
2931,"FALHA DE ENCHIMENTO, ENCHENDO AS GARRAFAS COM POUCA BEBIDA ATE NAO ENCHER MAIS",FALHA DE ENCHIMENTO ENCHENDO AS GARRAFAS COM POUCA BEBIDA ATE NAO ENCHER MAIS,FALHA DE ENCHIMENTO,FALHA DE ENCHIMENTO,TRAIN
2932,ENROSCO DE ROTULO NO AGREGADO 2 30008683278,ENROSCO DE ROTULO NO AGREGADO 2 30008683278,ENROSCO DE RÓTULOS,ENROSCO DE ROTULOS,TEST
2933,EQUIPAMENTO FORA DE SINCRONISMO,EQUIPAMENTO FORA DE SINCRONISMO,FALHA DE SINCRONISMO,FALHA DE SINCRONISMO,TRAIN
2934,TRAVAMENTO DO PISTÃO DOESTOPER DE CAIXA 30008683280,TRAVAMENTO DO PISTAO DOESTOPER DE CAIXA 30008683280,TRAVAMENTO DE ATUADOR,TRAVAMENTO DE ATUADOR,TRAIN
2935,PERDA DE POTENCIA NO MOTOR K16M (30008686036),PERDA DE POTENCIA NO MOTOR K16M 30008686036,FALHA DE MOTOR,FALHA DE MOTOR,TEST
2936,VAZAMENTO NA MANGUEIRA DO CABEÇOTE,VAZAMENTO NA MANGUEIRA DO CABECOTE,VAZAMENTO PNEUMÁTICO,VAZAMENTO PNEUMATICO,TRAIN
2937,ROLETES EMBORRACHADOS SEGURANDO PACOTE NA MESA DE PASSAGEM,ROLETES EMBORRACHADOS SEGURANDO PACOTE NA MESA DE PASSAGEM,FALHA DE ROLETES,FALHA DE ROLETES,TRAIN
2938,TROCA DOS ROLETES EMBORRACHADOS (30008686054),TROCA DOS ROLETES EMBORRACHADOS 30008686054,FALHA DE ROLETES,FALHA DE ROLETES,TRAIN
2939,"PEGANDO CAIXA A MENOS, CAUSANDO A COLISÃO DE CAIXAS",PEGANDO CAIXA A MENOS CAUSANDO A COLISAO DE CAIXAS,FALHA NA PEGADA DE CAMADA,FALHA NA PEGADA DE CAMADA,TRAIN
2940,TRAVAMENTO DO SEGMENTOS DE GARRAFAS ENOS A100,TRAVAMENTO DO SEGMENTOS DE GARRAFAS ENOS A100,TRAVAMENTO DE SEGMENTOS,TRAVAMENTO DE SEGMENTOS,TRAIN
2941,FALHA NO SENSOR DE GARRAFA FALSA,FALHA NO SENSOR DE GARRAFA FALSA,FALHA DE SENSOR,FALHA DE SENSOR,TRAIN
2942,"SENSOR DE LATAS FALSA ATUANDO NO MODO PRODUÇÃO, GERANDO FALHA",SENSOR DE LATAS FALSA ATUANDO NO MODO PRODUCAO GERANDO FALHA,FALHA DE SENSOR,FALHA DE SENSOR,TRAIN
2943,FALHA DE ENCHIMENTO NA VALVULA 11 SAINDIO NIVEL BAIXO ORDEM 30008685629,FALHA DE ENCHIMENTO NA VALVULA 11 SAINDIO NIVEL BAIXO ORDEM 30008685629,FALHA DE ENCHIMENTO,FALHA DE ENCHIMENTO,TRAIN
2944,FALTA DE AGUA NA REGUA ULTRASSONICA,FALTA DE AGUA NA REGUA ULTRASSONICA,FALHA NO SUPRIMENTO DE ÁGUA,FALHA NO SUPRIMENTO DE AGUA,TRAIN
2945,SENSOR DE ENTRADA DE GARRAFAS NA SAIDA DO AIRTRANS DANIFICADO - ORDEM: 30008686058,SENSOR DE ENTRADA DE GARRAFAS NA SAIDA DO AIRTRANS DANIFICADO ORDEM 30008686058,FALHA DE SENSOR,FALHA DE SENSOR,TRAIN
2946,FALHA DE PRESSURIZAÇÃO (COLETOR VAZANDO),FALHA DE PRESSURIZACAO COLETOR VAZANDO,VAZAMENTO EM COLETOR,VAZAMENTO EM COLETOR,TRAIN
2947,PASSANDO LATAS AMASSADAS CAUSANDO ENROSCO NA RECRAVADORA (30008686059),PASSANDO LATAS AMASSADAS CAUSANDO ENROSCO NA RECRAVADORA 30008686059,FALHA DE RECRAVAÇÃO,FALHA DE RECRAVACAO,TRAIN
2948,FALHA DE PRESSURIZAÇÃO (VAZAMENTO DO COLETOR ),FALHA DE PRESSURIZACAO VAZAMENTO DO COLETOR,VAZAMENTO EM COLETOR,VAZAMENTO EM COLETOR,TRAIN
2949,"REAPERTO PARAFUSOS DO SUPORTE DO CENTRADOR DE PACOTES ,FARMAÇAO DE CAMADAS 30008686087",REAPERTO PARAFUSOS DO SUPORTE DO CENTRADOR DE PACOTES FARMACAO DE CAMADAS 30008686087,FALHA DE FIXAÇÃO,FALHA DE FIXACAO,TRAIN
2950,ESTEIRA NA CURVA DO TRANSPORTE NA PALETIZADORA ESCAPOU,ESTEIRA NA CURVA DO TRANSPORTE NA PALETIZADORA ESCAPOU,ESCAPE DE ESTEIRA,ESCAPE DE ESTEIRA,TRAIN
2951,"FALHA NA SYNCROJE, REALIZADO RESET",FALHA NA SYNCROJE REALIZADO RESET,SEM MODO DE FALHA IDENTIFICADO,SEM MODO DE FALHA IDENTIFICADO,TRAIN
2952,FALHA NO SERVO DA PINÇA MANIPULADORA.,FALHA NO SERVO DA PINCA MANIPULADORA,FALHA DE SERVO MOTOR,FALHA DE SERVO MOTOR,TRAIN
2953,"EXCESSO DE REJEITO DE GARRAFAS DO ASEBI PARA O RETORNO DA LAVADOURA ,OBS.SENSIBILIDADE.",EXCESSO DE REJEITO DE GARRAFAS DO ASEBI PARA O RETORNO DA LAVADOURA OBS SENSIBILIDADE,FALHA DE REJEIÇÃO,FALHA DE REJEICAO,TRAIN
2954,TAMPA TORTA,TAMPA TORTA,FALHA DE TAMPAMENTO,FALHA DE TAMPAMENTO,TRAIN
2955,QUEDA DA GARRAFAS DA PINÇA (30008688143),QUEDA DA GARRAFAS DA PINCA 30008688143,FALHA DE PINÇA,FALHA DE PINCA,TRAIN
2956,MOLA DO BAFER DANIFICADA,MOLA DO BAFER DANIFICADA,FALHA DE MOLA,FALHA DE MOLA,TRAIN
2957,MOLA DO SISTEMA DE TAMPA DANIFICADA,MOLA DO SISTEMA DE TAMPA DANIFICADA,FALHA DE MOLA,FALHA DE MOLA,TRAIN
2958,FALHA SENSOR PORTA DE SEGURANÇA DA ENCHEDORA,FALHA SENSOR PORTA DE SEGURANCA DA ENCHEDORA,FALHA DE SENSOR,FALHA DE SENSOR,TRAIN
2959,"FALHA TANGENCIONAMENTO DO ROLO, OCASIONANDO ENROSCO DE ROTULOS DO AGREGADO 2",FALHA TANGENCIONAMENTO DO ROLO OCASIONANDO ENROSCO DE ROTULOS DO AGREGADO 2,DESALINHAMENTO DE AGREGADO,DESALINHAMENTO DE AGREGADO,TRAIN
2960,AJUSTES DE PARAMETROS (30008688147),AJUSTES DE PARAMETROS 30008688147,FALHA DE PARAMETRIZAÇÃO,FALHA DE PARAMETRIZACAO,TRAIN
2961,FALHA DE PRESSURIZAÇÃO (VAZAMENTO DO COLETOR ),FALHA DE PRESSURIZACAO VAZAMENTO DO COLETOR,VAZAMENTO EM COLETOR,VAZAMENTO EM COLETOR,TRAIN
2962,"FALHA SENSOR PETSORTER, FOI AJUSTADO A POSIÇÃO",FALHA SENSOR PETSORTER FOI AJUSTADO A POSICAO,FALHA DE SENSOR,FALHA DE SENSOR,TRAIN
2963,ESTEIRA DA CURVA DA PALETIZADORA ESCAPOU,ESTEIRA DA CURVA DA PALETIZADORA ESCAPOU,ESCAPE DE ESTEIRA,ESCAPE DE ESTEIRA,TRAIN
2964,NIVEL BAIXO NOS PRÉ ESQUICHO,NIVEL BAIXO NOS PRE ESQUICHO,FALHA DE ENCHIMENTO,FALHA DE ENCHIMENTO,TRAIN
2965,FALHA DE CODIFICAÇÃO NAS LATAS,FALHA DE CODIFICACAO NAS LATAS,FALHA DE CODIFICAÇÃO,FALHA DE CODIFICACAO,TEST
2966,FALHA NAS CORREIIAS TRANSPORTADORAS DE TAMPAS / REAPERTO (ORDEM-30008690620),FALHA NAS CORREIIAS TRANSPORTADORAS DE TAMPAS REAPERTO ORDEM 30008690620,FALHA DE CORREIA,FALHA DE CORREIA,TEST
2967,FALHA DE CODIFICAÇÃO NAS LATAS/ E SEGREGAÇÃO DAS LATAS,FALHA DE CODIFICACAO NAS LATAS E SEGREGACAO DAS LATAS,FALHA DE CODIFICAÇÃO,FALHA DE CODIFICACAO,TRAIN
2968,FALHA DE COMUNICAÇÃO DA ENCHEDORA COM TRANSPORTE DE LATAS CHEIAS E WARMER,FALHA DE COMUNICACAO DA ENCHEDORA COM TRANSPORTE DE LATAS CHEIAS E WARMER,FALHA DE COMUNICAÇÃO,FALHA DE COMUNICACAO,TRAIN
2969,FALHA E QUEBRA DO DEVAISER DE FORMAÇÃO DE CAMADAS ( ORDEM - 30008698690630),FALHA E QUEBRA DO DEVAISER DE FORMACAO DE CAMADAS ORDEM 30008698690630,FALHA DE FORMAÇÃO DE CAMADA,FALHA DE FORMACAO DE CAMADA,TRAIN
2970,CAPSULADOR SOLTANDO TAMPAS A MAS CAUSANDO SAIDA DE GARRAFAS SEM TAMPAS E QUEDA DE GARRAFAS,CAPSULADOR SOLTANDO TAMPAS A MAS CAUSANDO SAIDA DE GARRAFAS SEM TAMPAS E QUEDA DE GARRAFAS,FALHA DE ALIMENTAÇÃO DE TAMPAS,FALHA DE ALIMENTACAO DE TAMPAS,TRAIN
2971,FALHA NA COMUNICAÇÃO COM A XAROPARIA,FALHA NA COMUNICACAO COM A XAROPARIA,FALHA DE COMUNICAÇÃO,FALHA DE COMUNICACAO,TRAIN
2972,QUEBRA DA ESTEIRA,QUEBRA DA ESTEIRA,QUEBRA DE ESTEIRA,QUEBRA DE ESTEIRA,TRAIN
2973,QUEDA DE GARRAFAS / LONA PATINANDO,QUEDA DE GARRAFAS LONA PATINANDO,PATINAGEM DE ESTEIRA,PATINAGEM DE ESTEIRA,TRAIN
2974,TROCA CODIFICADORA 30008690004,TROCA CODIFICADORA 30008690004,FALHA DE CODIFICAÇÃO,FALHA DE CODIFICACAO,TEST
2975,FALHA DE COMUNICAÇÃO COM A CODIFICAÇÃO,FALHA DE COMUNICACAO COM A CODIFICACAO,FALHA DE COMUNICAÇÃO,FALHA DE COMUNICACAO,TRAIN
2976,LONA DA MESA DE ENVOLVIMENTO PATINANDO,LONA DA MESA DE ENVOLVIMENTO PATINANDO,PATINAGEM DE ESTEIRA,PATINAGEM DE ESTEIRA,TRAIN
2977,SAINDO GFS COM TAMPA TORTA,SAINDO GFS COM TAMPA TORTA,SAÍDA DE GARRAFAS COM TAMPA TORTA,SAIDA DE GARRAFAS COM TAMPA TORTA,TRAIN
2978,SAINDO GFS COM TAMPA TORTA,SAINDO GFS COM TAMPA TORTA,SAÍDA DE GARRAFAS COM TAMPA TORTA,SAIDA DE GARRAFAS COM TAMPA TORTA,TRAIN
2979,SAINDO GFS COM TAMPA TORTA /ATUAÇÃO NOS GUIAS DO ARROLHADOR,SAINDO GFS COM TAMPA TORTA ATUACAO NOS GUIAS DO ARROLHADOR,FALHA DE TAMPAMENTO,FALHA DE TAMPAMENTO,TRAIN
2980,SAINDO GFS COM TAMPA TORTA / ATUAÇÃO NOS GUIAS DE ENTRADA DO ARROLHADOR,SAINDO GFS COM TAMPA TORTA ATUACAO NOS GUIAS DE ENTRADA DO ARROLHADOR,FALHA DE TAMPAMENTO,FALHA DE TAMPAMENTO,TRAIN
2981,AJUSTE NA ESTRELA,AJUSTE NA ESTRELA,SEM MODO DE FALHA IDENTIFICADO,SEM MODO DE FALHA IDENTIFICADO,TRAIN
2982,FALHA NO SENSOR DE TAMPA,FALHA NO SENSOR DE TAMPA,FALHA DE SENSOR,FALHA DE SENSOR,TEST
2983,QUEDA DE GARRAFA NA SAINDA DO PINO DE SEPARAÇÃO,QUEDA DE GARRAFA NA SAINDA DO PINO DE SEPARACAO,QUEDA DE GARRAFAS,QUEDA DE GARRAFAS,TRAIN
2984,EQUIPAMENTO PAROU NO MEIO DA PRODUÇÃO,EQUIPAMENTO PAROU NO MEIO DA PRODUCAO,SEM MODO DE FALHA IDENTIFICADO,SEM MODO DE FALHA IDENTIFICADO,TEST
2985,FALHA NO SENSOR DE ENTRADA ORDEM 30008690593,FALHA NO SENSOR DE ENTRADA ORDEM 30008690593,FALHA DE SENSOR,FALHA DE SENSOR,TRAIN
2986,ANOMALIA NO SENSOR DE ENTRADA,ANOMALIA NO SENSOR DE ENTRADA,FALHA DE SENSOR,FALHA DE SENSOR,TRAIN
2987,ESTEIRA DE ENTRADA DA PALETIZADORA COM PERFIL DANIFICADO (30008693323),ESTEIRA DE ENTRADA DA PALETIZADORA COM PERFIL DANIFICADO 30008693323,FALHA DE ESTEIRA,FALHA DE ESTEIRA,TRAIN
2988,"PERDA DE PRESSÃO DA CABEÇA DA ENCHEDORA,VARIAÇÃO DE NIVEL,FALHA NA PRESSÃO DOS MARTINET",PERDA DE PRESSAO DA CABECA DA ENCHEDORA VARIACAO DE NIVEL FALHA NA PRESSAO DOS MARTINET,FALHA DE ENCHIMENTO,FALHA DE ENCHIMENTO,TRAIN
2989,TROCA DO FREIO DA BORBOLETA DA VALVULA 86,TROCA DO FREIO DA BORBOLETA DA VALVULA 86,FALHA DE VÁLVULA,FALHA DE VALVULA,TRAIN
2990,"ROLETES TORTO,CAUSANDO ERO NA FORMAÇÃO DAS CAMADAS",ROLETES TORTO CAUSANDO ERO NA FORMACAO DAS CAMADAS,FALHA DE ROLETES,FALHA DE ROLETES,TRAIN
2991,FALHA NO SENSOR DE ACIONAMENTO DE ABERTURA DA VALVULA( TROCA DO SENSOR ),FALHA NO SENSOR DE ACIONAMENTO DE ABERTURA DA VALVULA TROCA DO SENSOR,FALHA DE SENSOR,FALHA DE SENSOR,TEST
2992,FALHA NO SENSOR DE ACIONAMENTO DE ABERTURA DA VALVULA( TROCA DO SENSOR ) ESVAZIANDO A LAVADORA,FALHA NO SENSOR DE ACIONAMENTO DE ABERTURA DA VALVULA TROCA DO SENSOR ESVAZIANDO A LAVADORA,FALHA DE SENSOR,FALHA DE SENSOR,TRAIN
2993,FALHA NO SENSOR DE ACIONAMENTO DE ABERTURA DA VALVULA( TROCA DO SENSOR ) ESVAZIANDO A LAVADORA ORDEM 3000869582,FALHA NO SENSOR DE ACIONAMENTO DE ABERTURA DA VALVULA TROCA DO SENSOR ESVAZIANDO A LAVADORA ORDEM 3000869582,FALHA DE SENSOR,FALHA DE SENSOR,TRAIN
2994,FALHA NO SENSOR DE ACIONAMENTO DE ABERTURA DA VALVULA OCASIONADO PERCA DE PREÇÃO,FALHA NO SENSOR DE ACIONAMENTO DE ABERTURA DA VALVULA OCASIONADO PERCA DE PRECAO,FALHA DE SENSOR,FALHA DE SENSOR,TRAIN
2995,PRESSÃO DOS MACACOS VARIANDO OCASIONADO ESTOURO DE GARRAFAS E ENCHIMENTO MUITO ALTO ORDEM 30008690545,PRESSAO DOS MACACOS VARIANDO OCASIONADO ESTOURO DE GARRAFAS E ENCHIMENTO MUITO ALTO ORDEM 30008690545,FALHA DE ENCHIMENTO,FALHA DE ENCHIMENTO,TEST
2996,AJUSTE DE PARAMETROS ELETRICOS,AJUSTE DE PARAMETROS ELETRICOS,SEM MODO DE FALHA IDENTIFICADO,SEM MODO DE FALHA IDENTIFICADO,TEST
2997,"FALHA TANGECIAMENTO DO ROLO, OCASIONANDO ENROSCO DE ROTULOS DO AGREGADO 2",FALHA TANGECIAMENTO DO ROLO OCASIONANDO ENROSCO DE ROTULOS DO AGREGADO 2,ENROSCO DE RÓTULOS,ENROSCO DE ROTULOS,TRAIN
2998,FALHA SENSOR DE SEGURANÇA NA PORTA TRASEIRA DA ENCJHEDORA,FALHA SENSOR DE SEGURANCA NA PORTA TRASEIRA DA ENCJHEDORA,FALHA DE SENSOR,FALHA DE SENSOR,TEST
2999,TRAVAMENTO DO SEGMENTOS DE GARRAFAS NO REJEITOR ENOS A100 30008693358,TRAVAMENTO DO SEGMENTOS DE GARRAFAS NO REJEITOR ENOS A100 30008693358,TRAVAMENTO DE SEGMENTOS,TRAVAMENTO DE SEGMENTOS,TRAIN
3000,TRAVAMENTO DO SEGMENTOS DE GARRAFAS NO REJEITOR ENOS A100,TRAVAMENTO DO SEGMENTOS DE GARRAFAS NO REJEITOR ENOS A100,TRAVAMENTO DE SEGMENTOS,TRAVAMENTO DE SEGMENTOS,TRAIN
3001,VALIDAÇÃO DE GARRAFAS TESTE NO ENOS,VALIDACAO DE GARRAFAS TESTE NO ENOS,SEM MODO DE FALHA IDENTIFICADO,SEM MODO DE FALHA IDENTIFICADO,TRAIN
3002,AJUSTE NA ESTRELA DE ENTRADA,AJUSTE NA ESTRELA DE ENTRADA,SEM MODO DE FALHA IDENTIFICADO,SEM MODO DE FALHA IDENTIFICADO,TRAIN
3003,"VALVULA 20 PEGANDO A GARRAFA TORTA, GARRAFAS NIVEL BAIXO, GARRAFA VAZIA. - ORDEM: 30008694579",VALVULA 20 PEGANDO A GARRAFA TORTA GARRAFAS NIVEL BAIXO GARRAFA VAZIA ORDEM 30008694579,FALHA DE ENCHIMENTO,FALHA DE ENCHIMENTO,TRAIN
3004,COLETOR EM FALHA,COLETOR EM FALHA,FALHA DE COLETOR,FALHA DE COLETOR,TRAIN
3005,QUEBROU ESTEIRA DO TRANSPORTE DE LATAS / NA ENTRADA DO TWSTER APOS FILTEC (ORDEM - 30008694606),QUEBROU ESTEIRA DO TRANSPORTE DE LATAS NA ENTRADA DO TWSTER APOS FILTEC ORDEM 30008694606,QUEBRA DE ESTEIRA,QUEBRA DE ESTEIRA,TRAIN
3006,SENSOR DE CONTAGEM FALHANDO ESPELHO PRIMATICO OPACO NOTA30008693335,SENSOR DE CONTAGEM FALHANDO ESPELHO PRIMATICO OPACO NOTA30008693335,FALHA DE SENSOR,FALHA DE SENSOR,TRAIN
3007,VENTOSA COM FALHA NA PEGADA DE CHAPATEX,VENTOSA COM FALHA NA PEGADA DE CHAPATEX,FALHA DE VENTOSA,FALHA DE VENTOSA,TRAIN
3008,AJUSTE NO DOSADOR DO NITROGENIO,AJUSTE NO DOSADOR DO NITROGENIO,SEM MODO DE FALHA IDENTIFICADO,SEM MODO DE FALHA IDENTIFICADO,TRAIN
3009,"SENSOR DE PRESENÇA DE TAMPA FALHANDO, GARRAFAS SEM TAMPA PARANDO NA EMPACOTADORA",SENSOR DE PRESENCA DE TAMPA FALHANDO GARRAFAS SEM TAMPA PARANDO NA EMPACOTADORA,FALHA DE SENSOR,FALHA DE SENSOR,TRAIN
3010,"ENCHEDORA NÃO ESTÁ COMUNICANDO COM O MIXER, IMPOSSIBILITANDO O ENVIO DA BEBIDA PARA A LINHA.",ENCHEDORA NAO ESTA COMUNICANDO COM O MIXER IMPOSSIBILITANDO O ENVIO DA BEBIDA PARA A LINHA,FALHA DE COMUNICAÇÃO,FALHA DE COMUNICACAO,TRAIN
3011,"ENCAVALAMENTO DOS ROLETES DO DEVEICER,COM A CHAPA DE PASSAGEM - NOTA -30008693329",ENCAVALAMENTO DOS ROLETES DO DEVEICER COM A CHAPA DE PASSAGEM NOTA 30008693329,TRAVAMENTO DE ROLETES,TRAVAMENTO DE ROLETES,TRAIN
3012,"SENSOR DA PORTA DE ACESSO DA PALETIZADORA NÃO ATUANDO QUANDO FECHADA, IMPEDINDO RESET DA MESMA NOTA:",SENSOR DA PORTA DE ACESSO DA PALETIZADORA NAO ATUANDO QUANDO FECHADA IMPEDINDO RESET DA MESMA NOTA,FALHA DE SENSOR,FALHA DE SENSOR,TEST
3013,FALHA NO COMANDO DA ARVORE DE ESPUMA,FALHA NO COMANDO DA ARVORE DE ESPUMA,FALHA DE COMANDO DA ÁRVORE DE ESPUMA,FALHA DE COMANDO DA ARVORE DE ESPUMA,TRAIN
3014,QUEBRA DO EIXO DA ENGRENAGEM DO TRANSPORTE DE PACOTES,QUEBRA DO EIXO DA ENGRENAGEM DO TRANSPORTE DE PACOTES,QUEBRA DE EIXO,QUEBRA DE EIXO,TRAIN
3015,VALVULA DE CO2 EM FALHA,VALVULA DE CO2 EM FALHA,FALHA DE VÁLVULA,FALHA DE VALVULA,TRAIN
3016,SAINDO TAMPA TORTA VERIFICAÇÃO DO CAPSULADOR,SAINDO TAMPA TORTA VERIFICACAO DO CAPSULADOR,FALHA DE TAMPAMENTO,FALHA DE TAMPAMENTO,TRAIN
3017,QUEBRA DO ROLETE-GUIA DO TRANSPORTE DE PACOTES 30008699348,QUEBRA DO ROLETE GUIA DO TRANSPORTE DE PACOTES 30008699348,QUEBRA DE TRANSPORTE,QUEBRA DE TRANSPORTE,TRAIN
3018,"ESTEIRA DE PROLONGAMENTO ESTAVA TRAVANDO,",ESTEIRA DE PROLONGAMENTO ESTAVA TRAVANDO,TRAVAMENTO DE ESTEIRA,TRAVAMENTO DE ESTEIRA,TEST
3019,"ESTEIRA DE ARRASTE NOS CANAIS DE ENTRADA PATINANDO,GARRAFAS FICANDO PARA TRAS 30008697055",ESTEIRA DE ARRASTE NOS CANAIS DE ENTRADA PATINANDO GARRAFAS FICANDO PARA TRAS 30008697055,PATINAGEM DE ESTEIRA,PATINAGEM DE ESTEIRA,TRAIN
3020,QUEDA DE GARRAFA NA REGUA DE ARRASTE,QUEDA DE GARRAFA NA REGUA DE ARRASTE,QUEDA DE GARRAFAS,QUEDA DE GARRAFAS,TRAIN
3021,VIDEOJET DESARMANDO,VIDEOJET DESARMANDO,FALHA DE CODIFICAÇÃO,FALHA DE CODIFICACAO,TRAIN
3022,QUEDA DE TEMPERATURA,QUEDA DE TEMPERATURA,FALHA DE CONTROLE DE TEMPERATURA,FALHA DE CONTROLE DE TEMPERATURA,TEST
3023,VERIFICAÇÃO DOS GUIAS E BOCAIS SAINDO TAMPA TORTA,VERIFICACAO DOS GUIAS E BOCAIS SAINDO TAMPA TORTA,DEFORMAÇÃO/DESALINHAMENTO DE GUIA,DEFORMACAO DESALINHAMENTO DE GUIA,TEST
3024,VERIFICAÇÃO DOS GUIAS DE ENTRADA DO ARROLHADOR /SAINDO TAMPA TORTAORDEM Nº30008696887,VERIFICACAO DOS GUIAS DE ENTRADA DO ARROLHADOR SAINDO TAMPA TORTAORDEM N 30008696887,DEFORMAÇÃO/DESALINHAMENTO DE GUIA,DEFORMACAO DESALINHAMENTO DE GUIA,TRAIN
3025,"FALTA DE PRESSÃO, COLETOR COM VAZAMENTO",FALTA DE PRESSAO COLETOR COM VAZAMENTO,VAZAMENTO EM COLETOR,VAZAMENTO EM COLETOR,TRAIN
3026,FALHA NA ALIMENTAÇÃO DE TAMPAS,FALHA NA ALIMENTACAO DE TAMPAS,FALHA DE ALIMENTAÇÃO DE TAMPAS,FALHA DE ALIMENTACAO DE TAMPAS,TRAIN
3027,"PATINS ENTREGANDO PACOTES FORA DE POSIÇÃO PARA A FORMAÇÃO DE CAMADA, GERANDO FALHA NA FORMAÇÃO .",PATINS ENTREGANDO PACOTES FORA DE POSICAO PARA A FORMACAO DE CAMADA GERANDO FALHA NA FORMACAO,PATINS FORA DE POSIÇÃO,PATINS FORA DE POSICAO,TRAIN
3028,FALHA NOS INVERSORES DO TRANSPORTE GERAL EXTERNO E INTERNO,FALHA NOS INVERSORES DO TRANSPORTE GERAL EXTERNO E INTERNO,FALHA DE INVERSOR,FALHA DE INVERSOR,TRAIN
3029,EXCESSO DE FALSO REJEITO,EXCESSO DE FALSO REJEITO,FALHA DE REJEIÇÃO,FALHA DE REJEICAO,TRAIN
3030,"ROLETES DANIFICADOS,CAUSANDO ERRO NA FORMAÇÃO DA CAMADA",ROLETES DANIFICADOS CAUSANDO ERRO NA FORMACAO DA CAMADA,FALHA DE ROLETES,FALHA DE ROLETES,TRAIN
3031,ENROSCO DE ROTULO NO AGREGADO 2 ( FALHA NO TERMOSTATO DO AGREGADO 2 ),ENROSCO DE ROTULO NO AGREGADO 2 FALHA NO TERMOSTATO DO AGREGADO 2,FALHA DE TERMOSTATO,FALHA DE TERMOSTATO,TRAIN
3032,NYLON DO TRANSPORTE DE SAIDA SAIU FORA DE POSIÇÃO OCASIONADO QUEDA DE GARRAFAS,NYLON DO TRANSPORTE DE SAIDA SAIU FORA DE POSICAO OCASIONADO QUEDA DE GARRAFAS,QUEDA DE GARRAFAS,QUEDA DE GARRAFAS,TRAIN
3033,CELULA TORTAS OCASIONANDO ENROSCO E QUEDA DE GARRAFAS NA SAIDA DA LAVADORA,CELULA TORTAS OCASIONANDO ENROSCO E QUEDA DE GARRAFAS NA SAIDA DA LAVADORA,ENROSCO DE GARRAFAS,ENROSCO DE GARRAFAS,TRAIN
3034,CELULA TORTAS OCASIONADO ENROSCO E QUEDA DE GARRAFAS NA SAIDA,CELULA TORTAS OCASIONADO ENROSCO E QUEDA DE GARRAFAS NA SAIDA,ENROSCO DE GARRAFAS,ENROSCO DE GARRAFAS,TRAIN
3035,FALHA DE ENCHIMENTO EM VELOCIDADE NOMINAL,FALHA DE ENCHIMENTO EM VELOCIDADE NOMINAL,FALHA DE ENCHIMENTO,FALHA DE ENCHIMENTO,TEST
3036,VAZAMENTO DO COLETOR GERANDO GÁS BAIXO NA PARTIDA,VAZAMENTO DO COLETOR GERANDO GAS BAIXO NA PARTIDA,VAZAMENTO NO COLETOR COM GÁS BAIXO,VAZAMENTO NO COLETOR COM GAS BAIXO,TRAIN
3037,PARADA DO TRANSPORTE DE SAIDA,PARADA DO TRANSPORTE DE SAIDA,FALHA DE TRANSPORTE,FALHA DE TRANSPORTE,TEST
3038,FALHA DE PRESURIZAÇÃO (VAZAMENTO DO COLETOR ),FALHA DE PRESURIZACAO VAZAMENTO DO COLETOR,VAZAMENTO EM COLETOR,VAZAMENTO EM COLETOR,TEST
3039,FALHA DE ENCHIMENTO EM VELOCIDADE NOMINAL,FALHA DE ENCHIMENTO EM VELOCIDADE NOMINAL,FALHA DE ENCHIMENTO,FALHA DE ENCHIMENTO,TEST
3040,VAZAMENTO DO COLETOR GERANDO GÁS BAIXO NA PARTIDA,VAZAMENTO DO COLETOR GERANDO GAS BAIXO NA PARTIDA,VAZAMENTO NO COLETOR COM GÁS BAIXO,VAZAMENTO NO COLETOR COM GAS BAIXO,TRAIN
3041,FALHA DE PRESURIZAÇÃO (VAZAMENTO DO COLETOR ),FALHA DE PRESURIZACAO VAZAMENTO DO COLETOR,VAZAMENTO EM COLETOR,VAZAMENTO EM COLETOR,TEST
3042,PARADA DO TRANSPORTE DE SAIDA,PARADA DO TRANSPORTE DE SAIDA,FALHA DE TRANSPORTE,FALHA DE TRANSPORTE,TEST
3043,TAMPA INVERTIDA SENSOR DE ENTRADA DA TOLVA NÃO MANDANDO SINAL PARA JET FLOW ENCHENDO A CANALETA DE TAMPA,TAMPA INVERTIDA SENSOR DE ENTRADA DA TOLVA NAO MANDANDO SINAL PARA JET FLOW ENCHENDO A CANALETA DE TAMPA,FALHA DE SENSOR,FALHA DE SENSOR,TRAIN
3044,SENSOR DE ENTRADA DA TOLVA NÃO MANDANDO PARA O JET FLOW SOBRECARREGANDO A CANALETA CAUSANDO TAMPA INVERTIDA.,SENSOR DE ENTRADA DA TOLVA NAO MANDANDO PARA O JET FLOW SOBRECARREGANDO A CANALETA CAUSANDO TAMPA INVERTIDA,FALHA DE SENSOR,FALHA DE SENSOR,TRAIN
3045,SENSIBILIDADE DO SENSOR MUITO ALTA( 30008701564),SENSIBILIDADE DO SENSOR MUITO ALTA 30008701564,FALHA DE SENSOR,FALHA DE SENSOR,TRAIN
3046,FALHA NO PEGADOR DE CHAPA,FALHA NO PEGADOR DE CHAPA,FALHA DE PEGADOR,FALHA DE PEGADOR,TRAIN
3047,TAMPA VIRADA PRESA NA CASCATA,TAMPA VIRADA PRESA NA CASCATA,TAMPA INVERTIDA,TAMPA INVERTIDA,TRAIN
3048,"VÁLVULAS DE ALÍVIO DA ENCHEDORA NÃO ESTAVAM ATUANDO, IMPEDINDO A RECIRCULAÇÃO DO CIP",VALVULAS DE ALIVIO DA ENCHEDORA NAO ESTAVAM ATUANDO IMPEDINDO A RECIRCULACAO DO CIP,TRAVAMENTO DE VÁLVULA,TRAVAMENTO DE VALVULA,TRAIN
3049,"FALHA NO ENCHIMENTO , JAMPRE NA VALVULA N:11",FALHA NO ENCHIMENTO JAMPRE NA VALVULA N 11,FALHA DE ENCHIMENTO,FALHA DE ENCHIMENTO,TRAIN
3050,QUEBRA TRECHO TRANSPORTE,QUEBRA TRECHO TRANSPORTE,QUEBRA DE TRANSPORTE,QUEBRA DE TRANSPORTE,TRAIN
3051,AJUSTE NO GUIA DA ESTRELA DE ENTRADA,AJUSTE NO GUIA DA ESTRELA DE ENTRADA,SEM MODO DE FALHA IDENTIFICADO,SEM MODO DE FALHA IDENTIFICADO,TRAIN
3052,FALHA NA CONTAGEM DE PACOTES,FALHA NA CONTAGEM DE PACOTES,FALHA DE CONTAGEM,FALHA DE CONTAGEM,TRAIN
3053,"PORTA DA BOBINA FECHADA E ACUSANDO ESTAR ABERTA, SENSOR NÃO ATUANDO DEVIDAMENTE",PORTA DA BOBINA FECHADA E ACUSANDO ESTAR ABERTA SENSOR NAO ATUANDO DEVIDAMENTE,FALHA DE SENSOR,FALHA DE SENSOR,TRAIN
3054,"ERRO NA CONTAGEM DE PACOTES, ENTRANDO PACOTES A MENOS NA FORMAÇÃO DE CAMADA",ERRO NA CONTAGEM DE PACOTES ENTRANDO PACOTES A MENOS NA FORMACAO DE CAMADA,FALHA DE FORMAÇÃO DE CAMADA,FALHA DE FORMACAO DE CAMADA,TEST
3055,"FALHA NA CONTAGEM DE PACOTES, CAMADAS FALTANDO PACOTES",FALHA NA CONTAGEM DE PACOTES CAMADAS FALTANDO PACOTES,FALHA DE CONTAGEM,FALHA DE CONTAGEM,TRAIN
3056,"ERRO NA CONTAGEM DE PACOTES, FALTA DE PACOTE NA FORMAÇÃO DE CAMADA",ERRO NA CONTAGEM DE PACOTES FALTA DE PACOTE NA FORMACAO DE CAMADA,FALHA DE FORMAÇÃO DE CAMADA,FALHA DE FORMACAO DE CAMADA,TRAIN
3057,"ERRO DE CONTAGEM DE PACOTES, FALTANDO PACOTES NA FORMAÇÃO DE CAMADA",ERRO DE CONTAGEM DE PACOTES FALTANDO PACOTES NA FORMACAO DE CAMADA,FALHA DE FORMAÇÃO DE CAMADA,FALHA DE FORMACAO DE CAMADA,TRAIN
3058,BRIX DA BEBIDA FORA DE PADRÃO ( ORDEM - 30008701508),BRIX DA BEBIDA FORA DE PADRAO ORDEM 30008701508,FALHA DE CONTROLE DE BRIX,FALHA DE CONTROLE DE BRIX,TRAIN
3059,AJUSTE DE PARAMETROS ESTAVA EXPULSANDO LATAS COM NIVEL BOM (30008701534),AJUSTE DE PARAMETROS ESTAVA EXPULSANDO LATAS COM NIVEL BOM 30008701534,SEM MODO DE FALHA IDENTIFICADO,SEM MODO DE FALHA IDENTIFICADO,TRAIN
3060,FALHA NO FLUXIMETRO DE XAROPE,FALHA NO FLUXIMETRO DE XAROPE,FALHA DE FLUXÍMETRO,FALHA DE FLUXIMETRO,TRAIN
3061,SENSOR DA PORTA QUEBRADO,SENSOR DA PORTA QUEBRADO,FALHA DE SENSOR,FALHA DE SENSOR,TRAIN
3062,"ESTÁ COM VELOCIDADE REDUZIDA DEVIDO AS VALVULAS 38 E 90 COM JUMPER, ORDEM > 30008700723",ESTA COM VELOCIDADE REDUZIDA DEVIDO AS VALVULAS 38 E 90 COM JUMPER ORDEM 30008700723,FALHA DE VÁLVULA DE ENCHIMENTO,FALHA DE VALVULA DE ENCHIMENTO,TEST
3063,MOTOR DA ESTEIRA DE ENTRADA DE PACOTES CANAL 2 COM FREIO RUIM,MOTOR DA ESTEIRA DE ENTRADA DE PACOTES CANAL 2 COM FREIO RUIM,FALHA DE MOTOR,FALHA DE MOTOR,TRAIN
3064,TAMPAS VIRADAS ENROSCANDO NA CASCATA,TAMPAS VIRADAS ENROSCANDO NA CASCATA,ENROSCO DE TAMPAS,ENROSCO DE TAMPAS,TRAIN
3065,HASTE DE SEPARAÇÃO DE GARRAFAS QUEBROU CAUSANDO ENROSCO E QUEDAS DE GARRAFAS NA ENTRADA DA EMPACOTADORA NOTA 30008704423,HASTE DE SEPARACAO DE GARRAFAS QUEBROU CAUSANDO ENROSCO E QUEDAS DE GARRAFAS NA ENTRADA DA EMPACOTADORA NOTA 30008704423,ENROSCO DE GARRAFAS,ENROSCO DE GARRAFAS,TRAIN
3066,QUEBRA DA HASTE DE SEPARAÇÃO DO TRP DE ENTRADA DA EMPACOTADORA CAUSANDO QUEDA DE GARRAFAS,QUEBRA DA HASTE DE SEPARACAO DO TRP DE ENTRADA DA EMPACOTADORA CAUSANDO QUEDA DE GARRAFAS,QUEBRA DE TRANSPORTE,QUEBRA DE TRANSPORTE,TRAIN
3067,ESTEIRA QUEBRADA 30008703878,ESTEIRA QUEBRADA 30008703878,QUEBRA DE ESTEIRA,QUEBRA DE ESTEIRA,TEST
3068,BASE DO VIBRADOR FORA DE POSIÇÃO ENVIANDO TAMPAS SEM INTERVALO,BASE DO VIBRADOR FORA DE POSICAO ENVIANDO TAMPAS SEM INTERVALO,FALHA DE VIBRADOR,FALHA DE VIBRADOR,TRAIN
3069,SEGUNDO PEGADOR DE CHAPATEX COM FALHA NO SENSOR 30008703853,SEGUNDO PEGADOR DE CHAPATEX COM FALHA NO SENSOR 30008703853,FALHA DE SENSOR,FALHA DE SENSOR,TEST
3070,PINO DE SEPARAÇÃO SOLTO TOMBANDO GARRAFAS 30008703883,PINO DE SEPARACAO SOLTO TOMBANDO GARRAFAS 30008703883,FALHA DE PINO,FALHA DE PINO,TRAIN
3071,"FALHA NO CIP, ENCHEDORA NAO CONTABILIZAVA O TEMPO DE CADA PASSO",FALHA NO CIP ENCHEDORA NAO CONTABILIZAVA O TEMPO DE CADA PASSO,FALHA DE CIP,FALHA DE CIP,TRAIN
3072,"SENSOR DO TRANSPORTE DE SAIDA DA DESPALETIZADORA,FORA DE POSIÇÃO",SENSOR DO TRANSPORTE DE SAIDA DA DESPALETIZADORA FORA DE POSICAO,FALHA DE SENSOR,FALHA DE SENSOR,TEST
3073,FALHA DE ENCHIMENTO NA VALVULA Nº41 - NOTA 30008703871,FALHA DE ENCHIMENTO NA VALVULA N 41 NOTA 30008703871,FALHA DE VÁLVULA DE ENCHIMENTO,FALHA DE VALVULA DE ENCHIMENTO,TRAIN
3074,FALHA VIEDOJET NÃO LIBERADA TRANSPORTE DO ALINHADOR PARA ENCHIMENTO PULMÃO DA ENCAIXOTADORA,FALHA VIEDOJET NAO LIBERADA TRANSPORTE DO ALINHADOR PARA ENCHIMENTO PULMAO DA ENCAIXOTADORA,FALHA DE ENCHIMENTO,FALHA DE ENCHIMENTO,TRAIN
3075,"FALHA ENCHIMENTO DA VALVULA 127, FOI REALIZADO A TROCA DE BORBOLETA, FREIO, VALVULA ORDEM: 30008703888",FALHA ENCHIMENTO DA VALVULA 127 FOI REALIZADO A TROCA DE BORBOLETA FREIO VALVULA ORDEM 30008703888,FALHA DE VÁLVULA DE ENCHIMENTO,FALHA DE VALVULA DE ENCHIMENTO,TRAIN
3076,TRAVAMENTO SEGMENTOS DE GARRAFAS NO REJEITOR EBS,TRAVAMENTO SEGMENTOS DE GARRAFAS NO REJEITOR EBS,TRAVAMENTO DE SEGMENTOS,TRAVAMENTO DE SEGMENTOS,TRAIN
3077,ESTEIRA ESCAPANDO - FALHA MOTOR TAG-332 NA CURVA DA ENTRADA DA PALETIZADORA,ESTEIRA ESCAPANDO FALHA MOTOR TAG 332 NA CURVA DA ENTRADA DA PALETIZADORA,FALHA DE MOTOR,FALHA DE MOTOR,TRAIN
3078,TRAVAMENTO DE SEGMENTOS DE GARRAFAS NO REJEITOR ENOS A100,TRAVAMENTO DE SEGMENTOS DE GARRAFAS NO REJEITOR ENOS A100,TRAVAMENTO DE SEGMENTOS,TRAVAMENTO DE SEGMENTOS,TRAIN
3079,FALHA NA GARRAFAS TESTE( FALHA NO SENSOR OPTICO) 30008704634,FALHA NA GARRAFAS TESTE FALHA NO SENSOR OPTICO 30008704634,FALHA DE SENSOR,FALHA DE SENSOR,TRAIN
3080,"ESTEIRA DA CURVA DE ENTRADA DA PALETIZADORA,ESTA ESCAPANDO",ESTEIRA DA CURVA DE ENTRADA DA PALETIZADORA ESTA ESCAPANDO,ESCAPE DE ESTEIRA,ESCAPE DE ESTEIRA,TRAIN
3081,ENROSCO DE FILME NA RAMPA DE VÁCUO ( ORDEM 30008705098 ),ENROSCO DE FILME NA RAMPA DE VACUO ORDEM 30008705098,FALHA DE VÁCUO,FALHA DE VACUO,TEST
3082,FALHA NA PASSAGEM DA GARRAFA TESTE NUMERO 12,FALHA NA PASSAGEM DA GARRAFA TESTE NUMERO 12,SEM MODO DE FALHA IDENTIFICADO,SEM MODO DE FALHA IDENTIFICADO,TRAIN
3083,FALHA DE COMUNICAÇÃO ENVIO DE BEBIDA 3X - SEM SINAL BOMBA,FALHA DE COMUNICACAO ENVIO DE BEBIDA 3X SEM SINAL BOMBA,FALHA DE COMUNICAÇÃO,FALHA DE COMUNICACAO,TRAIN
3084,"FALHA NA DESCIDA DE TAMPAS, BAIXA PRESSÃO DO AR",FALHA NA DESCIDA DE TAMPAS BAIXA PRESSAO DO AR,FALHA NA DESCIDA DE TAMPAS,FALHA NA DESCIDA DE TAMPAS,TEST
3085,FALHA DESCIDA TAMPA - BAIXA PRESSÃO DO AR,FALHA DESCIDA TAMPA BAIXA PRESSAO DO AR,FALHA NA DESCIDA DE TAMPAS,FALHA NA DESCIDA DE TAMPAS,TRAIN
3086,ACERTO DO AR DO SOPRADOR DE AR DAS ROLHAS.,ACERTO DO AR DO SOPRADOR DE AR DAS ROLHAS,FALHA DE SOPRADOR,FALHA DE SOPRADOR,TRAIN
3087,"EXCESSO DE ÁGUA NA LENTE DA EMBOCADURA ,LIMPEZA DAS LENTES.",EXCESSO DE AGUA NA LENTE DA EMBOCADURA LIMPEZA DAS LENTES,FALHA DE CÂMERA,FALHA DE CAMERA,TRAIN
3088,GARRAFAS SAINDO SEM TAMPA DO ARROLHADOR.,GARRAFAS SAINDO SEM TAMPA DO ARROLHADOR,FALHA DE ALIMENTAÇÃO DE TAMPAS,FALHA DE ALIMENTACAO DE TAMPAS,TEST
3089,ALINHAMENTO DA MESA COM DEGRAU TOMBANDO GARRAFAS,ALINHAMENTO DA MESA COM DEGRAU TOMBANDO GARRAFAS,FALHA DE TRANSPORTE DE GARRAFAS,FALHA DE TRANSPORTE DE GARRAFAS,TRAIN
3090,TROCA DA LONA DA MESA DE ENVOLVIMENTO,TROCA DA LONA DA MESA DE ENVOLVIMENTO,FALHA DE ESTEIRA,FALHA DE ESTEIRA,TRAIN
3091,QUEDA DE GFS NA MESA DE ENVOLVIMENTO,QUEDA DE GFS NA MESA DE ENVOLVIMENTO,QUEDA DE GARRAFAS,QUEDA DE GARRAFAS,TRAIN
3092,QUEDA DE GFS / DEGRAU NA MESA DE ENVOLVIMENTO,QUEDA DE GFS DEGRAU NA MESA DE ENVOLVIMENTO,FALHA DE ENVOLVIMENTO,FALHA DE ENVOLVIMENTO,TRAIN
3093,QUEDA DE GFS NOS PINO DE SEPARAÇÃO,QUEDA DE GFS NOS PINO DE SEPARACAO,QUEDA DE GARRAFAS,QUEDA DE GARRAFAS,TEST
3094,QUEDA DE GFS NA MESA DE ENVOLVIMENTO / ABRINDO PACOTES,QUEDA DE GFS NA MESA DE ENVOLVIMENTO ABRINDO PACOTES,FALHA DE ENVOLVIMENTO,FALHA DE ENVOLVIMENTO,TRAIN
3095,QUEBRA DA ESTEIRA DA CURVA DO TRANSPORTE,QUEBRA DA ESTEIRA DA CURVA DO TRANSPORTE,QUEBRA DE ESTEIRA,QUEBRA DE ESTEIRA,TRAIN
3096,QUEBRA DA ESTEIRA DA CURVA,QUEBRA DA ESTEIRA DA CURVA,QUEBRA DE ESTEIRA,QUEBRA DE ESTEIRA,TRAIN
3097,QUEDA DE GARRAFAS NA MESA DE ENVOLVIMENTO,QUEDA DE GARRAFAS NA MESA DE ENVOLVIMENTO,QUEDA DE GARRAFAS,QUEDA DE GARRAFAS,TRAIN
3098,"SENSOR DE PRESENÇA DE GARRAFAS FALHANDO, SAINDO GARRAFAS VAZIAS",SENSOR DE PRESENCA DE GARRAFAS FALHANDO SAINDO GARRAFAS VAZIAS,FALHA DE SENSOR,FALHA DE SENSOR,TRAIN
3099,SENSOR DE PRESENÇA DE GARRAFAS COM FALHA,SENSOR DE PRESENCA DE GARRAFAS COM FALHA,FALHA DE SENSOR,FALHA DE SENSOR,TRAIN
3100,"NOVO SISTEMA DE SEPARAÇÃO DE GARRAFAS ESTAVA FORA DA POSIÇÃO CORRETA, OCASIONANDO FALHA NO AJUSTE E ENROSCO DE GARRAFAS.",NOVO SISTEMA DE SEPARACAO DE GARRAFAS ESTAVA FORA DA POSICAO CORRETA OCASIONANDO FALHA NO AJUSTE E ENROSCO DE GARRAFAS,ENROSCO DE GARRAFAS,ENROSCO DE GARRAFAS,TRAIN
3101,"SENSOR DE PRESENÇA DE GARRAFAS FALHANDO, SAINDO GARRAFAS VAZIAS,",SENSOR DE PRESENCA DE GARRAFAS FALHANDO SAINDO GARRAFAS VAZIAS,FALHA DE SENSOR,FALHA DE SENSOR,TRAIN
3102,FALHA DE BARREIRA NA SAIDA DE PALETES VAZIOS (30008708787),FALHA DE BARREIRA NA SAIDA DE PALETES VAZIOS 30008708787,FALHA DE BARREIRA,FALHA DE BARREIRA,TEST
3103,"FALHA NA CODIFICAÇÃO, ORDEM : 30008707717",FALHA NA CODIFICACAO ORDEM 30008707717,FALHA DE CODIFICAÇÃO,FALHA DE CODIFICACAO,TEST
3104,CORRERIAS DE ALIMENTAÇÃO SAINDO DE POSIÇÃO TRAVANDO A ALIMENTAÇÃO,CORRERIAS DE ALIMENTACAO SAINDO DE POSICAO TRAVANDO A ALIMENTACAO,FALHA DE CORREIA,FALHA DE CORREIA,TRAIN
3105,"FALHA DE PRESSÃO NO CARBONATADOR, ORDEM : 30008707726",FALHA DE PRESSAO NO CARBONATADOR ORDEM 30008707726,FALHA DE CARBONATAÇÃO,FALHA DE CARBONATACAO,TRAIN
3106,FALHA NO REJEITO DE GARRAS TESTE NIVEL ALTO,FALHA NO REJEITO DE GARRAS TESTE NIVEL ALTO,FALHA DE ENCHIMENTO,FALHA DE ENCHIMENTO,TEST
3107,QUEBRA DA ESTEIRA DE ENTRADA DE PACOTES DO CANAL 2 (ORDEM: 30008708790),QUEBRA DA ESTEIRA DE ENTRADA DE PACOTES DO CANAL 2 ORDEM 30008708790,QUEBRA DE ESTEIRA,QUEBRA DE ESTEIRA,TRAIN
3108,QUEBRA DA ESTEIRA DE ENTRADA DE PACOTES DO CANAL 2,QUEBRA DA ESTEIRA DE ENTRADA DE PACOTES DO CANAL 2,QUEBRA DE ESTEIRA,QUEBRA DE ESTEIRA,TRAIN
3109,FALHA DE BARREIRA NO TRANSPORTE DE PALETES (30008711417),FALHA DE BARREIRA NO TRANSPORTE DE PALETES 30008711417,FALHA DE BARREIRA,FALHA DE BARREIRA,TRAIN
3110,QUEBRA DA ESTEIRA,QUEBRA DA ESTEIRA,QUEBRA DE ESTEIRA,QUEBRA DE ESTEIRA,TRAIN
3111,QUEDA DE GARRAFAS NA MESA DE TRANSPASSE,QUEDA DE GARRAFAS NA MESA DE TRANSPASSE,QUEDA DE GARRAFAS,QUEDA DE GARRAFAS,TRAIN
3112,FALHA DE COMUNICAÇÃO / MIXER - ENCHEDORA / DEFEITO REDE I/O PLC,FALHA DE COMUNICACAO MIXER ENCHEDORA DEFEITO REDE I O PLC,FALHA DE COMUNICAÇÃO,FALHA DE COMUNICACAO,TEST
3113,FALHA NO IHM DESLIGANDO SOZINHO,FALHA NO IHM DESLIGANDO SOZINHO,FALHA DE IHM,FALHA DE IHM,TRAIN
3114,VALVULA 25 ESTOURANDO NA SAIDA 30008713410,VALVULA 25 ESTOURANDO NA SAIDA 30008713410,FALHA DE VÁLVULA,FALHA DE VALVULA,TRAIN
3115,FALHA DE ORGÃO,FALHA DE ORGAO,SEM MODO DE FALHA IDENTIFICADO,SEM MODO DE FALHA IDENTIFICADO,TRAIN
3116,FALA DE COMUNICAÇÃO DO CARBONATADOR 30008713849,FALA DE COMUNICACAO DO CARBONATADOR 30008713849,FALHA DE CARBONATAÇÃO,FALHA DE CARBONATACAO,TRAIN
3117,SENSOR PORTA SEGURANÇÃ DA LAVADORA DANIFICADO.,SENSOR PORTA SEGURANCA DA LAVADORA DANIFICADO,FALHA DE SENSOR,FALHA DE SENSOR,TEST
3118,QUEDA DO MOTOR DO TRP DESENCA CAUSANDO TRAVAMENTO NA ESTEIRA,QUEDA DO MOTOR DO TRP DESENCA CAUSANDO TRAVAMENTO NA ESTEIRA,FALHA DE MOTOR,FALHA DE MOTOR,TRAIN
3119,PISTAO ENTRADA DE GARRAFAS PARA O RINSER TRAVADO 30008716664,PISTAO ENTRADA DE GARRAFAS PARA O RINSER TRAVADO 30008716664,TRAVAMENTO DE ATUADOR,TRAVAMENTO DE ATUADOR,TRAIN
3120,VALVULA DE AGUA DE RESFRIAMENTO PINO DE ENXAGUE ENCHEDORA PAROU TRAVADO,VALVULA DE AGUA DE RESFRIAMENTO PINO DE ENXAGUE ENCHEDORA PAROU TRAVADO,TRAVAMENTO DE VÁLVULA,TRAVAMENTO DE VALVULA,TRAIN
3121,AQUECIMENTO DO PROCESSADOR DO MIXER,AQUECIMENTO DO PROCESSADOR DO MIXER,SOBREAQUECIMENTO DE PROCESSADOR,SOBREAQUECIMENTO DE PROCESSADOR,TRAIN
3122,"ERRO NA CONTAGEM DOS PACOTES,GERANDO MÁ FORMAÇÃO DA CAMADA",ERRO NA CONTAGEM DOS PACOTES GERANDO MA FORMACAO DA CAMADA,FALHA DE CONTAGEM,FALHA DE CONTAGEM,TRAIN
3123,FALHA DE INVERSOR Nº 208,FALHA DE INVERSOR N 208,FALHA DE INVERSOR,FALHA DE INVERSOR,TRAIN
3124,JAMPER FISICO DA VALVULA Nº19 COM Nº23;NAO FUNCIONANDO NOTA (30008716805),JAMPER FISICO DA VALVULA N 19 COM N 23 NAO FUNCIONANDO NOTA 30008716805,FALHA DE VÁLVULA DE ENCHIMENTO,FALHA DE VALVULA DE ENCHIMENTO,TRAIN
3125,VALVULA Nº19 COM FALHA DE ENCHIMENTO ORDEM: 30008716731 (TROCA DE BLOCO DA VALVULA Nº19 ),VALVULA N 19 COM FALHA DE ENCHIMENTO ORDEM 30008716731 TROCA DE BLOCO DA VALVULA N 19,FALHA DE VÁLVULA DE ENCHIMENTO,FALHA DE VALVULA DE ENCHIMENTO,TRAIN
3126,FALHA NO MIXER ORDEM 30008716794,FALHA NO MIXER ORDEM 30008716794,FALHA DE MIXER,FALHA DE MIXER,TEST
3127,VARIAÇÃO NOS NIVEIS DE ENCHIMENTO DA VALVULA 19,VARIACAO NOS NIVEIS DE ENCHIMENTO DA VALVULA 19,FALHA DE VÁLVULA DE ENCHIMENTO,FALHA DE VALVULA DE ENCHIMENTO,TRAIN
3128,"CONTATOR QUE ACIONA O VIBRADOR DO JET FLOW ESTA ENROSCANDO,FALTANDO TAMPA PRA ENCHEDORA",CONTATOR QUE ACIONA O VIBRADOR DO JET FLOW ESTA ENROSCANDO FALTANDO TAMPA PRA ENCHEDORA,FALHA DE VIBRADOR,FALHA DE VIBRADOR,TRAIN
3129,"ESTEIRA DA CURVA DE ENTRADA DA PALETIZADORA,ESTA ESCAPANDO",ESTEIRA DA CURVA DE ENTRADA DA PALETIZADORA ESTA ESCAPANDO,ESCAPE DE ESTEIRA,ESCAPE DE ESTEIRA,TRAIN
3130,ESTEIRA DA CURVA DE ENTRADA DA PALETIZADORA ESTA ESCAPANDO,ESTEIRA DA CURVA DE ENTRADA DA PALETIZADORA ESTA ESCAPANDO,ESCAPE DE ESTEIRA,ESCAPE DE ESTEIRA,TRAIN
3131,DESARME DO ROBÔ,DESARME DO ROBO,FALHA DE ROBÔ,FALHA DE ROBO,TRAIN
3132,"PINÇA DA PRIMEIRA ESTRELA DE TRANSFERENCIA DA REFRIGERAÇÃO DE FUNDO DANIFICADO, OCASIONAND EXCESSO DE QUEDA DE GARRAFAS E FALHA DE MONITORAÇÃO",PINCA DA PRIMEIRA ESTRELA DE TRANSFERENCIA DA REFRIGERACAO DE FUNDO DANIFICADO OCASIONAND EXCESSO DE QUEDA DE GARRAFAS E FALHA DE MONITORACAO,FALHA DE PINÇA,FALHA DE PINCA,TRAIN
3133,TROCA DA VENTOSA DO PEGADOR DE CHAPATEX,TROCA DA VENTOSA DO PEGADOR DE CHAPATEX,FALHA DE PEGADOR,FALHA DE PEGADOR,TEST
3134,"VENTOSA DO PEGADOR DE CHAPATEX CAIU, OCASIONANDO FALHA NO TRAJETO",VENTOSA DO PEGADOR DE CHAPATEX CAIU OCASIONANDO FALHA NO TRAJETO,FALHA DE PEGADOR,FALHA DE PEGADOR,TRAIN
3135,ROBO TRAVOU NO TURNO 2 ( NECESSARIO FAZER RESET ),ROBO TRAVOU NO TURNO 2 NECESSARIO FAZER RESET,TRAVAMENTO DE ROBÔ,TRAVAMENTO DE ROBO,TRAIN
3136,FALHA NA PEGA DOS CHAPATEX ( PROBLEMA NAS VENTOSAS ),FALHA NA PEGA DOS CHAPATEX PROBLEMA NAS VENTOSAS,FALHA DE PEGADOR,FALHA DE PEGADOR,TEST
3137,"FALHA DE ENCHIMENTO, LATAS SAINDO NIVEIS BAIXOS E VAZIAS",FALHA DE ENCHIMENTO LATAS SAINDO NIVEIS BAIXOS E VAZIAS,FALHA DE ENCHIMENTO,FALHA DE ENCHIMENTO,TRAIN
3138,VARIAÇÃO NOS NIVEIS DE ENCHIMENTO DAS VALVULAS 15 E 19 NOTA -30008719,VARIACAO NOS NIVEIS DE ENCHIMENTO DAS VALVULAS 15 E 19 NOTA 30008719,FALHA DE VÁLVULA DE ENCHIMENTO,FALHA DE VALVULA DE ENCHIMENTO,TRAIN
3139,TRAVAMENTO DE SEGMENTOS DE GARRAFAS NO REJEITOR EBS,TRAVAMENTO DE SEGMENTOS DE GARRAFAS NO REJEITOR EBS,TRAVAMENTO DE SEGMENTOS,TRAVAMENTO DE SEGMENTOS,TRAIN
3140,FALTA DE AR NAS VALVULAS ELETRONICAS,FALTA DE AR NAS VALVULAS ELETRONICAS,FALHA DE SUPRIMENTO DE AR COMPRIMIDO,FALHA DE SUPRIMENTO DE AR COMPRIMIDO,TRAIN
3141,IHM TRAVADO,IHM TRAVADO,FALHA DE IHM,FALHA DE IHM,TEST
3142,FALHA NO CORTE DO FILME ORDEM- 30008720794,FALHA NO CORTE DO FILME ORDEM 30008720794,FALHA DE CORTE DE FILME,FALHA DE CORTE DE FILME,TRAIN
3143,JUMPEAMENTO DA VALVULA 20,JUMPEAMENTO DA VALVULA 20,FALHA DE ENCHIMENTO,FALHA DE ENCHIMENTO,TRAIN
3144,BEBIDA ESPUMANDO. ORDEM- 30008720814,BEBIDA ESPUMANDO ORDEM 30008720814,ESPUMAMENTO DE BEBIDA,ESPUMAMENTO DE BEBIDA,TRAIN
3145,VELOCIDADE BAIXA BEBIDA ESPUMANDO,VELOCIDADE BAIXA BEBIDA ESPUMANDO,ESPUMAMENTO DE BEBIDA,ESPUMAMENTO DE BEBIDA,TEST
3146,VELOCIDADE REDUZIDA 21000 BEBIDA ESPUMANDO,VELOCIDADE REDUZIDA 21000 BEBIDA ESPUMANDO,ESPUMAMENTO DE BEBIDA,ESPUMAMENTO DE BEBIDA,TEST
3147,VELOCIDADE BAIXA 21000 BEBIDA ESPUMANDO,VELOCIDADE BAIXA 21000 BEBIDA ESPUMANDO,ESPUMAMENTO DE BEBIDA,ESPUMAMENTO DE BEBIDA,TRAIN
3148,BEBIDA ESPUMANDO TECNICO DA SIDEL FAZENDO AJUSTE,BEBIDA ESPUMANDO TECNICO DA SIDEL FAZENDO AJUSTE,ESPUMAMENTO DE BEBIDA,ESPUMAMENTO DE BEBIDA,TRAIN
3149,RESISTENCIA DE CORTE DO FILME CAUSANDO FALHA - ORDEM: 30008722412,RESISTENCIA DE CORTE DO FILME CAUSANDO FALHA ORDEM 30008722412,FALHA DE CORTE DE FILME,FALHA DE CORTE DE FILME,TEST
3150,FALHA NO DATADOR,FALHA NO DATADOR,FALHA DE CODIFICAÇÃO,FALHA DE CODIFICACAO,TRAIN
3151,PINOS PEGANDO NAS GARRAFAS,PINOS PEGANDO NAS GARRAFAS,FALHA DE PINOS DE TRANSFERÊNCIA,FALHA DE PINOS DE TRANSFERENCIA,TRAIN
3152,TROCA DO REPARO DA AGULHA DA VALVULA N° 27 30008720789,TROCA DO REPARO DA AGULHA DA VALVULA N 27 30008720789,FALHA DE VEDAÇÃO DA VÁLVULA,FALHA DE VEDACAO DA VALVULA,TEST
3153,FALHA NO PCC CARREGAMENDO DA RECEITA,FALHA NO PCC CARREGAMENDO DA RECEITA,FALHA DE CONTROLE DE PROCESSO,FALHA DE CONTROLE DE PROCESSO,TRAIN
3154,LONA DE TRANFERÊNCIA PATINANDO CAUSANDO PARADA,LONA DE TRANFERENCIA PATINANDO CAUSANDO PARADA,PATINAGEM DE ESTEIRA,PATINAGEM DE ESTEIRA,TRAIN
3155,FALHA NO SENSOR DA TAMPA,FALHA NO SENSOR DA TAMPA,FALHA DE SENSOR,FALHA DE SENSOR,TRAIN
3156,"ROLETE DA MESA DE ENVOLVIMENTO DANIFICADO, ORDEM : 30008720705",ROLETE DA MESA DE ENVOLVIMENTO DANIFICADO ORDEM 30008720705,FALHA DE ROLETES,FALHA DE ROLETES,TRAIN
3157,PERDA DE PRESSÃO DA CABEÇA DA ENCHEDORA,PERDA DE PRESSAO DA CABECA DA ENCHEDORA,FALHA DE PRESSURIZAÇÃO DA ENCHEDORA,FALHA DE PRESSURIZACAO DA ENCHEDORA,TRAIN
3158,"ROLETES TORTO,CAUSANDO FALHA NA FORMAÇÃO DA CAMADA",ROLETES TORTO CAUSANDO FALHA NA FORMACAO DA CAMADA,FALHA DE ROLETES,FALHA DE ROLETES,TRAIN
3159,"FALHA DE PINÇAS DO ROBO , NÃO PEGANDO PALETE VAZIO PARA COMEÇO DE MONTAGEM DE PALETE CHEIO",FALHA DE PINCAS DO ROBO NAO PEGANDO PALETE VAZIO PARA COMECO DE MONTAGEM DE PALETE CHEIO,FALHA DE ROBÔ,FALHA DE ROBO,TRAIN
3160,"FALHA NO COLOCADOR DE CARTÃO, ORDEM : 30008724728",FALHA NO COLOCADOR DE CARTAO ORDEM 30008724728,FALHA DO COLOCADOR DE CARTÃO,FALHA DO COLOCADOR DE CARTAO,TEST
3161,TROCA DO BORNE DA PINÇA N°29 DO RINSER,TROCA DO BORNE DA PINCA N 29 DO RINSER,FALHA DE PINÇA,FALHA DE PINCA,TEST
3162,FALHA DE COLISAO DA GAIOLA,FALHA DE COLISAO DA GAIOLA,FALHA DE COLISÃO DA GAIOLA,FALHA DE COLISAO DA GAIOLA,TRAIN
3163,FALHA DE COLISÃO DA GAIOLA,FALHA DE COLISAO DA GAIOLA,FALHA DE COLISÃO DA GAIOLA,FALHA DE COLISAO DA GAIOLA,TRAIN
3164,CONV. DE FREQ. DO EMPURRADOR FALHA NO DRIVE,CONV DE FREQ DO EMPURRADOR FALHA NO DRIVE,FALHA DE DRIVE,FALHA DE DRIVE,TEST
3165,"QUEDA DE GARRAFA NO TRANS, TAPETE DE SAIDA",QUEDA DE GARRAFA NO TRANS TAPETE DE SAIDA,FALHA DE ESTEIRA,FALHA DE ESTEIRA,TRAIN
3166,TRANSPORTE DESARMOU NA SAIDA DA ENCAIXOTADORA,TRANSPORTE DESARMOU NA SAIDA DA ENCAIXOTADORA,DESARME DE TRANSPORTE,DESARME DE TRANSPORTE,TRAIN
3167,BOMBA DE VACUO GERANDO FALHA,BOMBA DE VACUO GERANDO FALHA,FALHA DE BOMBA,FALHA DE BOMBA,TRAIN
3168,"FALHA DE TEMPERATURA, ORDEM : 30008723488",FALHA DE TEMPERATURA ORDEM 30008723488,FALHA DE CONTROLE DE TEMPERATURA,FALHA DE CONTROLE DE TEMPERATURA,TRAIN
3169,"FALHA DE ENCHIMENTO, VALVULAS Nº60 E 65, ORDEM : 30008723490",FALHA DE ENCHIMENTO VALVULAS N 60 E 65 ORDEM 30008723490,FALHA DE VÁLVULA DE ENCHIMENTO,FALHA DE VALVULA DE ENCHIMENTO,TRAIN
3170,MANGUEIRA DE VACUO DO CABEÇOTE FURADA NOTA:30008724068,MANGUEIRA DE VACUO DO CABECOTE FURADA NOTA 30008724068,ROMPIMENTO DE MANGUEIRA,ROMPIMENTO DE MANGUEIRA,TRAIN
3171,FALHA DE RESFRIAMENTO NO PINO DE ENXAGUE ENCHEDORA,FALHA DE RESFRIAMENTO NO PINO DE ENXAGUE ENCHEDORA,FALHA DE RESFRIAMENTO,FALHA DE RESFRIAMENTO,TRAIN
3172,PINCA DA ESTRELA DO SISTEMA DE RESFRIAMENTO DE FUNDO DANIFICADA,PINCA DA ESTRELA DO SISTEMA DE RESFRIAMENTO DE FUNDO DANIFICADA,FALHA DE PINÇA,FALHA DE PINCA,TRAIN
3173,ENROSCO DE GARRAFA NA ESTEIRA DE SAIDA DA ENCHEDORA PROXIMO AO( TAPTONE),ENROSCO DE GARRAFA NA ESTEIRA DE SAIDA DA ENCHEDORA PROXIMO AO TAPTONE,FALHA DE ESTEIRA,FALHA DE ESTEIRA,TRAIN
3174,FALHA NA VALVULA 125,FALHA NA VALVULA 125,FALHA DE VÁLVULA,FALHA DE VALVULA,TRAIN
3175,ESTEIRA DA CURVA DE ENTRADA DA PALETIZADORA ESTA ESCAPANDO,ESTEIRA DA CURVA DE ENTRADA DA PALETIZADORA ESTA ESCAPANDO,ESCAPE DE ESTEIRA,ESCAPE DE ESTEIRA,TRAIN
3176,"LACRADOR DE TAMPA,ENROSCO DE TAMPA NO CANAL DA CANALETA.NOTA 13172554",LACRADOR DE TAMPA ENROSCO DE TAMPA NO CANAL DA CANALETA NOTA 13172554,ENROSCO DE TAMPAS,ENROSCO DE TAMPAS,TRAIN
3177,TROCA DO SUPORTE DE ROLHAS DO ARROLHADOR.OBS.2 UNIDADES.,TROCA DO SUPORTE DE ROLHAS DO ARROLHADOR OBS 2 UNIDADES,FALHA DE SUPORTE DE TAMPAS,FALHA DE SUPORTE DE TAMPAS,TRAIN
3178,FALHA NO SERVO DA TRASLAÇÃO.NOTA 13288644,FALHA NO SERVO DA TRASLACAO NOTA 13288644,FALHA DE SERVO MOTOR,FALHA DE SERVO MOTOR,TRAIN
3179,"FALHA NO MANIPULADOR,MASTERIZAÇÃO.",FALHA NO MANIPULADOR MASTERIZACAO,PERDA DE REFERÊNCIA,PERDA DE REFERENCIA,TEST
3180,"QUEDA DE GARRAFAS SAIDA DA LAVADORA, GUIAS DE DESCARGA TORTA EM DESNIVEL COM TRANSPORTE. NOTA 13295726",QUEDA DE GARRAFAS SAIDA DA LAVADORA GUIAS DE DESCARGA TORTA EM DESNIVEL COM TRANSPORTE NOTA 13295726,DEFORMAÇÃO/DESALINHAMENTO DE GUIA,DEFORMACAO DESALINHAMENTO DE GUIA,TRAIN
3181,QUEBRA DA CORREIA DO CARACOL,QUEBRA DA CORREIA DO CARACOL,QUEBRA DE CORREIA,QUEBRA DE CORREIA,TEST
3182,QUEBRA DA COPRREIA DO CARACOL,QUEBRA DA COPRREIA DO CARACOL,QUEBRA DE COMPONENTE,QUEBRA DE COMPONENTE,TRAIN
3183,"ROLETES TORTO,CAUSANDO ERRO NA FORMAÇÃO DA CAMADA",ROLETES TORTO CAUSANDO ERRO NA FORMACAO DA CAMADA,FALHA DE ROLETES,FALHA DE ROLETES,TRAIN
3184,ESTRELA DE ENTRADA FORA DE SINCRONISMO,ESTRELA DE ENTRADA FORA DE SINCRONISMO,FALHA DE SINCRONISMO,FALHA DE SINCRONISMO,TEST
3185,TROCA DE MANGUEIRA DE AR,TROCA DE MANGUEIRA DE AR,FALHA DE MANGUEIRA PNEUMÁTICA,FALHA DE MANGUEIRA PNEUMATICA,TRAIN
3186,FALHA NO SISTEMA LINEAR DO REJEITOR,FALHA NO SISTEMA LINEAR DO REJEITOR,FALHA DE REJEIÇÃO,FALHA DE REJEICAO,TRAIN
3187,FALHA PRESSÃO NOS JATOS FINAIS,FALHA PRESSAO NOS JATOS FINAIS,FALHA DE PRESSÃO DOS JATOS,FALHA DE PRESSAO DOS JATOS,TRAIN
3188,FALHA NO PEGADOR DE QUADRO SUPERIOR,FALHA NO PEGADOR DE QUADRO SUPERIOR,FALHA DE PEGADOR,FALHA DE PEGADOR,TRAIN
3189,FALHA DE BARREIRA NO TRANSPORTE DE SAIDA DE PALETES,FALHA DE BARREIRA NO TRANSPORTE DE SAIDA DE PALETES,FALHA DE BARREIRA,FALHA DE BARREIRA,TRAIN
3190,FALHA PRESSÃO NOS JATOS FINAIS ORDEM: 30008731468,FALHA PRESSAO NOS JATOS FINAIS ORDEM 30008731468,FALHA DE PRESSÃO DOS JATOS,FALHA DE PRESSAO DOS JATOS,TRAIN
3191,TRAVAMENTO DO SEGMENTOS DE GARRAFAS NO REJEITOR EBS,TRAVAMENTO DO SEGMENTOS DE GARRAFAS NO REJEITOR EBS,TRAVAMENTO DE SEGMENTOS,TRAVAMENTO DE SEGMENTOS,TRAIN
3192,"FALHA TROCA DE BANDEJA, OCASIONANDO ENROSCO DE ROTULOS DO AGREGADO 2",FALHA TROCA DE BANDEJA OCASIONANDO ENROSCO DE ROTULOS DO AGREGADO 2,FALHA NA TROCA DE BANDEJA,FALHA NA TROCA DE BANDEJA,TEST
3193,FALHA VÁLVULA DE ÁGUA TQ 230008731468,FALHA VALVULA DE AGUA TQ 230008731468,FALHA DE VÁLVULA,FALHA DE VALVULA,TRAIN
3194,ESTEIRA DO TRANSPORTE PATINANDO,ESTEIRA DO TRANSPORTE PATINANDO,PATINAGEM DE ESTEIRA,PATINAGEM DE ESTEIRA,TRAIN
3195,ESTEIRA DO TRANSPORTE PATINANDO,ESTEIRA DO TRANSPORTE PATINANDO,PATINAGEM DE ESTEIRA,PATINAGEM DE ESTEIRA,TRAIN
3196,FALHA DE BARREIRA NO TRANSPORTE DE SAIDA DE PALETES,FALHA DE BARREIRA NO TRANSPORTE DE SAIDA DE PALETES,FALHA DE BARREIRA,FALHA DE BARREIRA,TRAIN
3197,QUEDA DE LATAS NA SAIDA DO TWISTER APÓS CODIFICADORA,QUEDA DE LATAS NA SAIDA DO TWISTER APOS CODIFICADORA,FALHA DE CODIFICAÇÃO,FALHA DE CODIFICACAO,TRAIN
3198,"VALVULA Nº25 COM FALHA DE ENCHIMENTO, FOI FEITO JUMPER FISICO COM A Nº23 ORDEM : 30008731475",VALVULA N 25 COM FALHA DE ENCHIMENTO FOI FEITO JUMPER FISICO COM A N 23 ORDEM 30008731475,FALHA DE VÁLVULA DE ENCHIMENTO,FALHA DE VALVULA DE ENCHIMENTO,TRAIN
3199,AJUSTE DO CILINDRO DE ABERTURA DA BORBOLETA.ORDEM.,AJUSTE DO CILINDRO DE ABERTURA DA BORBOLETA ORDEM,FALHA DE ATUADOR DA VÁLVULA,FALHA DE ATUADOR DA VALVULA,TEST
3200,ESTEIRA NA CURVA DA PALETIZADORA ESCAPOU,ESTEIRA NA CURVA DA PALETIZADORA ESCAPOU,ESCAPE DE ESTEIRA,ESCAPE DE ESTEIRA,TRAIN
3201,FALHA SENSOR DE ENTRADAS DE CAIXAS ENCAIXOTADORA,FALHA SENSOR DE ENTRADAS DE CAIXAS ENCAIXOTADORA,FALHA DE SENSOR,FALHA DE SENSOR,TRAIN
3202,"FALHA BATEDOR DE CAIXAS, OCASIONANDO A FALHA PASSAGEM DE CAIXAS NA ENTRADA DA PALETIZADORA",FALHA BATEDOR DE CAIXAS OCASIONANDO A FALHA PASSAGEM DE CAIXAS NA ENTRADA DA PALETIZADORA,FALHA DE BATEDOR DE CAIXAS,FALHA DE BATEDOR DE CAIXAS,TRAIN
3203,TRAVAMENTO DO SEGMENTO,TRAVAMENTO DO SEGMENTO,TRAVAMENTO DE SEGMENTOS,TRAVAMENTO DE SEGMENTOS,TRAIN
3204,FALHA NA FORMAÇÃO DE CAMADA MANIPULADOR ROBO 01,FALHA NA FORMACAO DE CAMADA MANIPULADOR ROBO 01,FALHA DE FORMAÇÃO DE CAMADA,FALHA DE FORMACAO DE CAMADA,TRAIN
3205,FALHA NA FORMAÇÃO DE CAMADA MANIPULADOR ROBO 01,FALHA NA FORMACAO DE CAMADA MANIPULADOR ROBO 01,FALHA DE FORMAÇÃO DE CAMADA,FALHA DE FORMACAO DE CAMADA,TRAIN
3206,"SUPORTE COM ROLETE NAS GUIAS DOS CANAIS DE ENTRADA DA PALETIZADORA ,FURANDO LATA - NOTA - 13296626",SUPORTE COM ROLETE NAS GUIAS DOS CANAIS DE ENTRADA DA PALETIZADORA FURANDO LATA NOTA 13296626,FALHA DE ROLETES,FALHA DE ROLETES,TRAIN
3207,"PACOTES COM FUNDO ABERTO, INDO PARA PALETIZADORA E ESTOURANDO LATAS NOS ROLETES",PACOTES COM FUNDO ABERTO INDO PARA PALETIZADORA E ESTOURANDO LATAS NOS ROLETES,FALHA DE ROLETES,FALHA DE ROLETES,TRAIN
3208,FALHA NA BOMBA DE VÀCUO DA RAMPA DE SUBIDA DO FILME ORDEM 30008733922,FALHA NA BOMBA DE VACUO DA RAMPA DE SUBIDA DO FILME ORDEM 30008733922,FALHA DE BOMBA,FALHA DE BOMBA,TRAIN
3209,FALHA NO INVERSOR DO TRANSPORTE DE PACOTES,FALHA NO INVERSOR DO TRANSPORTE DE PACOTES,FALHA DE INVERSOR,FALHA DE INVERSOR,TRAIN
3210,FALHA DE ENCHIMENTO DA VALVULA N°65 ( FEITO TROCA DA VALVULA ),FALHA DE ENCHIMENTO DA VALVULA N 65 FEITO TROCA DA VALVULA,FALHA DE VÁLVULA DE ENCHIMENTO,FALHA DE VALVULA DE ENCHIMENTO,TRAIN
3211,TRAVA NA CHAVE SECCIONADORA,TRAVA NA CHAVE SECCIONADORA,TRAVAMENTO DE CHAVE SECCIONADORA,TRAVAMENTO DE CHAVE SECCIONADORA,TRAIN
3212,"VELOCIDADE REDUZIDA,DEVIDO A VARIAÇÃO NOS NIVEIS DE ENCHIMENTO",VELOCIDADE REDUZIDA DEVIDO A VARIACAO NOS NIVEIS DE ENCHIMENTO,FALHA DE ENCHIMENTO,FALHA DE ENCHIMENTO,TRAIN
3213,FILME ARREBENTANDO,FILME ARREBENTANDO,ROMPIMENTO DE FILME,ROMPIMENTO DE FILME,TRAIN
3214,FILME ARREBENTANDO,FILME ARREBENTANDO,ROMPIMENTO DE FILME,ROMPIMENTO DE FILME,TRAIN
3215,FILME ROMPENDO,FILME ROMPENDO,ROMPIMENTO DE FILME,ROMPIMENTO DE FILME,TEST
3216,PALETE PAROU FORA DE POSIÇÃO,PALETE PAROU FORA DE POSICAO,TRAVAMENTO DE PALETE,TRAVAMENTO DE PALETE,TEST
3217,QUEDA DA REGUA DE ARRASTE,QUEDA DA REGUA DE ARRASTE,FALHA DE RÉGUA DE ARRASTE,FALHA DE REGUA DE ARRASTE,TEST
3218,"PARAFUSO SOLTO NA MESA DE FORMAÇÃO DE CAMADAS, FURANDO PACOTES - ORDEM: 30008738237",PARAFUSO SOLTO NA MESA DE FORMACAO DE CAMADAS FURANDO PACOTES ORDEM 30008738237,FALHA DE FIXAÇÃO,FALHA DE FIXACAO,TRAIN
3219,"FILME SOLTANDO DA PINÇA NO COMEÇO DO ENVOLVIMENTO, FEITO A TROCA DA RECEITA - ORDEM: 30008738225",FILME SOLTANDO DA PINCA NO COMECO DO ENVOLVIMENTO FEITO A TROCA DA RECEITA ORDEM 30008738225,FALHA DE PINÇA,FALHA DE PINCA,TEST
3220,FALHA NO CORTE DO FILME DEPOIS DO PALLET SER ENVOLVIDO - ORDEM: 30008738227,FALHA NO CORTE DO FILME DEPOIS DO PALLET SER ENVOLVIDO ORDEM 30008738227,FALHA DE CORTE DE FILME,FALHA DE CORTE DE FILME,TEST
3221,SENSOR DE RECONHECIMENTO DO PALLET PARA ENVOLVIMENTO FORA DE POSIÇÃO - ORDEM: 30008738232,SENSOR DE RECONHECIMENTO DO PALLET PARA ENVOLVIMENTO FORA DE POSICAO ORDEM 30008738232,FALHA DE SENSOR,FALHA DE SENSOR,TRAIN
3222,"GUIA DA ESTEIRA DE GARRAFAS DA EMPACOTADORA APERTADO, PRENDENDO GARRAFA E CAINDO NA BARRA DE ARRASTE - ORDEM: 30008738239",GUIA DA ESTEIRA DE GARRAFAS DA EMPACOTADORA APERTADO PRENDENDO GARRAFA E CAINDO NA BARRA DE ARRASTE ORDEM 30008738239,DESAJUSTE DE GUIA,DESAJUSTE DE GUIA,TRAIN
3223,ENROSCO DE TAMPAS NA CANALETA DE SAIDA DA TOLVA 30008738258,ENROSCO DE TAMPAS NA CANALETA DE SAIDA DA TOLVA 30008738258,ENROSCO DE TAMPAS,ENROSCO DE TAMPAS,TEST
3224,ENROSCO DE TAMPAS NA CANALETA DE SAIDA DA TOLVA,ENROSCO DE TAMPAS NA CANALETA DE SAIDA DA TOLVA,ENROSCO DE TAMPAS,ENROSCO DE TAMPAS,TRAIN
3225,FALHA MOTOR 325 DESARMADO,FALHA MOTOR 325 DESARMADO,DESARME DE MOTOR,DESARME DE MOTOR,TRAIN
3226,FALHA SENSOR DE SEGURANÇA DA PORTA,FALHA SENSOR DE SEGURANCA DA PORTA,FALHA DE SENSOR,FALHA DE SENSOR,TRAIN
3227,FALHA NA APLICAÇÃO DE RÓTULO AGREGADO 2 BAIXA VELOCIDADE - COMPENSAÇÃO AUMENTO COLA,FALHA NA APLICACAO DE ROTULO AGREGADO 2 BAIXA VELOCIDADE COMPENSACAO AUMENTO COLA,FALHA DE ROTULAGEM,FALHA DE ROTULAGEM,TEST
3228,TRP CX ENTRADA ESCAPANDO,TRP CX ENTRADA ESCAPANDO,FALHA DE TRANSPORTE DE CAIXAS,FALHA DE TRANSPORTE DE CAIXAS,TRAIN
3229,ENROSCO DE CAIXA VIRADOR DE CAIXA ENTREGANDO CAIXA VIRADA,ENROSCO DE CAIXA VIRADOR DE CAIXA ENTREGANDO CAIXA VIRADA,ENROSCO DE CAIXAS,ENROSCO DE CAIXAS,TRAIN
3230,FALHA APLICAÇÃO COLA AGREGADO 2 - ENROSCO,FALHA APLICACAO COLA AGREGADO 2 ENROSCO,FALHA DE APLICAÇÃO DE COLA,FALHA DE APLICACAO DE COLA,TRAIN
3231,VIRADOR DE CAIXAS COM ENROSCO,VIRADOR DE CAIXAS COM ENROSCO,ENROSCO DE CAIXAS,ENROSCO DE CAIXAS,TEST
3232,INVERSOR PALETIZADORA QUEIMADO,INVERSOR PALETIZADORA QUEIMADO,FALHA DE INVERSOR,FALHA DE INVERSOR,TEST
3233,ESTOURO DE FILME ENVOLVEDORA,ESTOURO DE FILME ENVOLVEDORA,ROMPIMENTO DE FILME,ROMPIMENTO DE FILME,TRAIN
3234,FALHA NO INVERSOR DO MOTOR 232 ORDEM 30008740557,FALHA NO INVERSOR DO MOTOR 232 ORDEM 30008740557,FALHA DE INVERSOR,FALHA DE INVERSOR,TRAIN
3235,FALHA NA RETIRADA DE TAMPAS PELA PINÇA,FALHA NA RETIRADA DE TAMPAS PELA PINCA,FALHA DE PINÇA,FALHA DE PINCA,TRAIN
3236,PINÇA DE TRANSFERENCIA DANIFICADA OCASIONANDO FALHA DE MONITORAMENTO,PINCA DE TRANSFERENCIA DANIFICADA OCASIONANDO FALHA DE MONITORAMENTO,FALHA DE PINÇA,FALHA DE PINCA,TRAIN
3237,TROCA DE PINÇAS DE TRANSFERENCIA 30008739528,TROCA DE PINCAS DE TRANSFERENCIA 30008739528,FALHA DE PINÇA,FALHA DE PINCA,TRAIN
3238,FALHA NO CICLO DO DEPOSITO DE CAMADAS - ORDEM: 30008740556,FALHA NO CICLO DO DEPOSITO DE CAMADAS ORDEM 30008740556,FALHA DE AUTOMAÇÃO,FALHA DE AUTOMACAO,TRAIN
3239,"FALHA NA REDE DE COMUNICAÇÃO, FEITO RESET DO PLC - NOTA - 30008740591",FALHA NA REDE DE COMUNICACAO FEITO RESET DO PLC NOTA 30008740591,FALHA DE COMUNICAÇÃO,FALHA DE COMUNICACAO,TRAIN
3240,"FALHA NA REDE DE COMUNICAÇÃO, FEITO RESET DO PLC",FALHA NA REDE DE COMUNICACAO FEITO RESET DO PLC,FALHA DE COMUNICAÇÃO,FALHA DE COMUNICACAO,TRAIN
3241,"VALVULA Nº 41 ESPUMANDO, GERANDO NIVEL BAIXO",VALVULA N 41 ESPUMANDO GERANDO NIVEL BAIXO,FALHA DE VÁLVULA DE ENCHIMENTO,FALHA DE VALVULA DE ENCHIMENTO,TRAIN
3242,FALHA NO SENSOR QUE IDENTIFICA LATA TOMBADA NO TRANSPORTE,FALHA NO SENSOR QUE IDENTIFICA LATA TOMBADA NO TRANSPORTE,FALHA DE SENSOR,FALHA DE SENSOR,TRAIN
3243,QUEBRA DA ESTEIRA NA SAÍDA DO TWISTER (ORDEM:30008740118),QUEBRA DA ESTEIRA NA SAIDA DO TWISTER ORDEM 30008740118,QUEBRA DE ESTEIRA,QUEBRA DE ESTEIRA,TRAIN
3244,FALHA DE BARREIRA NO TRANSPORTE DE SAIDA DE PALETES (30008740564),FALHA DE BARREIRA NO TRANSPORTE DE SAIDA DE PALETES 30008740564,FALHA DE BARREIRA,FALHA DE BARREIRA,TRAIN
3245,QUEDA DE LATAS NA MESA DE ARRASTE (ORDEM - 30008740584 ),QUEDA DE LATAS NA MESA DE ARRASTE ORDEM 30008740584,QUEDA DE LATAS,QUEDA DE LATAS,TRAIN
3246,FALHA NO SENSOR DE LEITURA DE LATAS CAIDAS OCASIONANDO ENROSCO NO ALINHADOR,FALHA NO SENSOR DE LEITURA DE LATAS CAIDAS OCASIONANDO ENROSCO NO ALINHADOR,FALHA DE SENSOR,FALHA DE SENSOR,TRAIN
3247,QUEDA DE LATA NA MESA DE ARRASTE,QUEDA DE LATA NA MESA DE ARRASTE,QUEDA DE LATAS,QUEDA DE LATAS,TRAIN
3248,QUEDA DA REGUA DE ENVOLVIMENTO,QUEDA DA REGUA DE ENVOLVIMENTO,FALHA DE RÉGUA DE ENVOLVIMENTO,FALHA DE REGUA DE ENVOLVIMENTO,TEST
3249,QUEBROU O PARAFUSO DA CHAPA QUE ACIONA O SENSOR DA CENTRAGEM ESQUERDA,QUEBROU O PARAFUSO DA CHAPA QUE ACIONA O SENSOR DA CENTRAGEM ESQUERDA,FALHA DE SENSOR,FALHA DE SENSOR,TEST
3250,FALHA NO TRANSDUTOR DIFERENCIAL DE PRESSÃO ORDEM 30008740141,FALHA NO TRANSDUTOR DIFERENCIAL DE PRESSAO ORDEM 30008740141,FALHA DE TRANSDUTOR,FALHA DE TRANSDUTOR,TRAIN
3251,PARADA PARA MEDIR O TAMANHO DA ESTEIRA DE SAIDA DO FORNO,PARADA PARA MEDIR O TAMANHO DA ESTEIRA DE SAIDA DO FORNO,FALHA DE ESTEIRA,FALHA DE ESTEIRA,TRAIN
3252,"MAGAZINE DE CHAPATEX E ESTRUTURA TORTA, IMPACTANDO NO ALINHAMENTO DO CHAPATEX",MAGAZINE DE CHAPATEX E ESTRUTURA TORTA IMPACTANDO NO ALINHAMENTO DO CHAPATEX,FALHA DE MAGAZINE,FALHA DE MAGAZINE,TRAIN
3253,"QUEDA DE GARRAFAS NA PINÇA NUMERO 13,TROCA DAS BORRACHAS PINÇAS 30008739522",QUEDA DE GARRAFAS NA PINCA NUMERO 13 TROCA DAS BORRACHAS PINCAS 30008739522,FALHA DE PINÇA,FALHA DE PINCA,TRAIN
3254,"DEGRAU NA MESA DO SISTEMA ENVOLVEDOR,GERANDO MÁ FORMAÇÃO DOS PACOTES E QUEDA DE LATA",DEGRAU NA MESA DO SISTEMA ENVOLVEDOR GERANDO MA FORMACAO DOS PACOTES E QUEDA DE LATA,QUEDA DE LATAS,QUEDA DE LATAS,TEST
3255,"FALHA NA INSERÇÃO DE LATA FALSA, ATRASO NO INICIO E FINAL DE CIP - 30008743679",FALHA NA INSERCAO DE LATA FALSA ATRASO NO INICIO E FINAL DE CIP 30008743679,FALHA DE PINÇA,FALHA DE PINCA,TRAIN
3256,OFF ZERADO,OFF ZERADO,FALHA DE PARAMETRIZAÇÃO,FALHA DE PARAMETRIZACAO,TEST
3257,FALHA NA VALVULA MODULADORA DE CO2,FALHA NA VALVULA MODULADORA DE CO2,FALHA DE VÁLVULA MODULADORA,FALHA DE VALVULA MODULADORA,TRAIN
3258,PARAMETRO DA VALVULA MODULADORA DE CO2 DE PRIMEIRA PRODUÇÃO ZERADA,PARAMETRO DA VALVULA MODULADORA DE CO2 DE PRIMEIRA PRODUCAO ZERADA,FALHA DE VÁLVULA MODULADORA,FALHA DE VALVULA MODULADORA,TRAIN
3259,"MANTA DANIFICADO, ROMPENDO O LACRE DA TAMPA, FOI REALIZADO A TROCA DE MANTA",MANTA DANIFICADO ROMPENDO O LACRE DA TAMPA FOI REALIZADO A TROCA DE MANTA,QUEBRA DE COMPONENTE,QUEBRA DE COMPONENTE,TRAIN
3260,REGULADO O EIXO DA CENTRAGEM QUE SEGURA A CAMADA NA GAIOLA - ORDEM: 30008742088,REGULADO O EIXO DA CENTRAGEM QUE SEGURA A CAMADA NA GAIOLA ORDEM 30008742088,DESALINHAMENTO MECÂNICO,DESALINHAMENTO MECANICO,TEST
3261,"LONA DE SAIDA DO FORNO RASGANDO, FEITO AJUSTE",LONA DE SAIDA DO FORNO RASGANDO FEITO AJUSTE,ROMPIMENTO DE ESTEIRA/LONA,ROMPIMENTO DE ESTEIRA LONA,TEST
3262,VALVULAS ESPUMANDO ALEATORIAMENTE,VALVULAS ESPUMANDO ALEATORIAMENTE,FALHA DE VÁLVULA DE ENCHIMENTO,FALHA DE VALVULA DE ENCHIMENTO,TRAIN
3263,"MOTOR DE PASSO DA VALVULA MODULADORA DE AGUA COM FOLGA NA ENGRENAGEM, GERANDO FALHA E IMPACTANDO NA ACIDEZ DA BEBIDA",MOTOR DE PASSO DA VALVULA MODULADORA DE AGUA COM FOLGA NA ENGRENAGEM GERANDO FALHA E IMPACTANDO NA ACIDEZ DA BEBIDA,FALHA DE ENGRENAGEM,FALHA DE ENGRENAGEM,TRAIN
3264,FALHA NA VALVULA MODULADORA DE AGUA (30008742065),FALHA NA VALVULA MODULADORA DE AGUA 30008742065,FALHA DE VÁLVULA MODULADORA,FALHA DE VALVULA MODULADORA,TRAIN
3265,",EXCESSO DE FALÇO REJEITO,EXPULSANDO GARRAFAS BOAS",EXCESSO DE FALCO REJEITO EXPULSANDO GARRAFAS BOAS,FALHA DE REJEIÇÃO,FALHA DE REJEICAO,TRAIN
3266,CRASH NO REJEITO DO INSPETOR,CRASH NO REJEITO DO INSPETOR,FALHA DE INSPEÇÃO,FALHA DE INSPECAO,TRAIN
3267,ENXAGUE ADD,ENXAGUE ADD,SEM MODO DE FALHA IDENTIFICADO,SEM MODO DE FALHA IDENTIFICADO,TRAIN
3268,REPARO VALVULA 36,REPARO VALVULA 36,FALHA DE VEDAÇÃO DA VÁLVULA,FALHA DE VEDACAO DA VALVULA,TRAIN
3269,FALHA NA CODIFICADORA - ORDEM: 30008745553,FALHA NA CODIFICADORA ORDEM 30008745553,FALHA DE CODIFICAÇÃO,FALHA DE CODIFICACAO,TEST
3270,MOTOR 201 E 202 DESARMOU - 30008745270,MOTOR 201 E 202 DESARMOU 30008745270,DESARME DE MOTOR,DESARME DE MOTOR,TRAIN
3271,FALHA NO INVERSOR DE ROTACAO,FALHA NO INVERSOR DE ROTACAO,FALHA DE INVERSOR,FALHA DE INVERSOR,TRAIN
3272,CAPSULADOR NUMERO 5 TRAVO,CAPSULADOR NUMERO 5 TRAVO,TRAVAMENTO DO CAPSULADOR,TRAVAMENTO DO CAPSULADOR,TEST
3273,GARRAFAS SAINDO SEM TAMPAS ENROSCO NO EXPUSADOR,GARRAFAS SAINDO SEM TAMPAS ENROSCO NO EXPUSADOR,ENROSCO DE TAMPAS,ENROSCO DE TAMPAS,TRAIN
3274,FALHA NO PEGADOR DE CHAPATEX,FALHA NO PEGADOR DE CHAPATEX,FALHA DE PEGADOR,FALHA DE PEGADOR,TRAIN
3275,FALHA NA BARREIRA 30008743685,FALHA NA BARREIRA 30008743685,FALHA DE BARREIRA,FALHA DE BARREIRA,TRAIN
3276,SENSOR FORA DE FOCO30008743684,SENSOR FORA DE FOCO30008743684,FALHA DE SENSOR,FALHA DE SENSOR,TRAIN
3277,QUEDA DE GARRAFAS NA MESA DE ENVOLVIMENTO : NOTA : 30008747256,QUEDA DE GARRAFAS NA MESA DE ENVOLVIMENTO NOTA 30008747256,QUEDA DE GARRAFAS,QUEDA DE GARRAFAS,TEST
3278,FALHA NO SENSOR DE ACUMULO DE SAIDA DO FORNO,FALHA NO SENSOR DE ACUMULO DE SAIDA DO FORNO,FALHA DE SENSOR,FALHA DE SENSOR,TRAIN
3279,"TEMPERATURA DO FORNO CAINDO, PACOTES SAINDO MOLES E PARANDO NA PALETIZADORA",TEMPERATURA DO FORNO CAINDO PACOTES SAINDO MOLES E PARANDO NA PALETIZADORA,FALHA DE CONTROLE DE TEMPERATURA,FALHA DE CONTROLE DE TEMPERATURA,TRAIN
3280,AJUSTE DE CODIFICAÇAO,AJUSTE DE CODIFICACAO,FALHA DE CODIFICAÇÃO,FALHA DE CODIFICACAO,TRAIN
3281,TOMBADOR DE PACOTES NAO ATUANDO,TOMBADOR DE PACOTES NAO ATUANDO,FALHA NO VIRADOR DE PACOTES,FALHA NO VIRADOR DE PACOTES,TRAIN
3282,BARREIRA ACIONANDO O SENSOR,BARREIRA ACIONANDO O SENSOR,FALHA DE SENSOR,FALHA DE SENSOR,TRAIN
3283,"GARAFAS SAINDO ALEATORIAMENTE VAZIAS, ENROSCANDO NA FILTEC AO REJEITAR PARANDO O TRANSPORTE",GARAFAS SAINDO ALEATORIAMENTE VAZIAS ENROSCANDO NA FILTEC AO REJEITAR PARANDO O TRANSPORTE,FALHA DE REJEIÇÃO,FALHA DE REJEICAO,TEST
3284,GARAAFAS SAINDO VAZIA ENROSCO NO EXPULSADOR,GARAAFAS SAINDO VAZIA ENROSCO NO EXPULSADOR,FALHA DE REJEIÇÃO,FALHA DE REJEICAO,TRAIN
3285,ENROSCO DE LACRE,ENROSCO DE LACRE,ENROSCO DE TAMPAS,ENROSCO DE TAMPAS,TRAIN
3286,FALHA NO INVERSOR,FALHA NO INVERSOR,FALHA DE INVERSOR,FALHA DE INVERSOR,TEST
3287,ATUAÇÃO NA VALVULA DE XAROPE,ATUACAO NA VALVULA DE XAROPE,FALHA DE VÁLVULA DE XAROPE,FALHA DE VALVULA DE XAROPE,TRAIN
3288,"FALHA NO INSERIMENTO DA LATA FALSA , FEITO PROCEDIMENTO MANULMENTE",FALHA NO INSERIMENTO DA LATA FALSA FEITO PROCEDIMENTO MANULMENTE,FALHA NA INSERÇÃO DE LATAS FALSAS,FALHA NA INSERCAO DE LATAS FALSAS,TRAIN
3289,TRANSPORTE EM FALHA,TRANSPORTE EM FALHA,FALHA DE TRANSPORTE,FALHA DE TRANSPORTE,TEST
3290,ALARME DO ROBO,ALARME DO ROBO,FALHA DE ROBÔ,FALHA DE ROBO,TRAIN
3291,QUEBROU A CORREIA DO DESCAPSULADOR,QUEBROU A CORREIA DO DESCAPSULADOR,QUEBRA DE CORREIA,QUEBRA DE CORREIA,TRAIN
3292,"FALHA NA VALVULA MODULADORA DE XAROPE, ORDEM : 30008743708",FALHA NA VALVULA MODULADORA DE XAROPE ORDEM 30008743708,FALHA DE VÁLVULA MODULADORA,FALHA DE VALVULA MODULADORA,TRAIN
3293,CARTÃO DE ALIMENTAÇÃO DO PLC QUEIMADO,CARTAO DE ALIMENTACAO DO PLC QUEIMADO,FALHA DE PLC,FALHA DE PLC,TRAIN
3294,CARTÃO DE ALIMENTAÇÃO DO PLC QUEIMADO,CARTAO DE ALIMENTACAO DO PLC QUEIMADO,FALHA DE PLC,FALHA DE PLC,TRAIN
3295,GUIA DO TRANSPORTE SOLTO GERANDO ENROSCO DA ESTEIRA,GUIA DO TRANSPORTE SOLTO GERANDO ENROSCO DA ESTEIRA,FALHA DE GUIA,FALHA DE GUIA,TRAIN
3296,TROCA DO CABO DE ENCHIMENTO E AJUSTE DE SINCRONISMO,TROCA DO CABO DE ENCHIMENTO E AJUSTE DE SINCRONISMO,FALHA DE ENCHIMENTO,FALHA DE ENCHIMENTO,TRAIN
3297,AJUSTE NA POSIÇÃO DO CABO DE ENCHIMENTO,AJUSTE NA POSICAO DO CABO DE ENCHIMENTO,FALHA DE ENCHIMENTO,FALHA DE ENCHIMENTO,TRAIN
3298,"ENTUPIMENTO DA TUBULAÇÃO, DO JETFLOW, NAO ENVIANDO TAMPAS PARA TOLVA",ENTUPIMENTO DA TUBULACAO DO JETFLOW NAO ENVIANDO TAMPAS PARA TOLVA,ENTUPIMENTO DE TUBULAÇÃO,ENTUPIMENTO DE TUBULACAO,TRAIN
3299,CAPSULADOR COM PINO DA TRAVA SOLTO,CAPSULADOR COM PINO DA TRAVA SOLTO,TRAVAMENTO DO CAPSULADOR,TRAVAMENTO DO CAPSULADOR,TRAIN
3300,PACOTES DE ABRINDO NA MESA DE ENVOLVIMENTO,PACOTES DE ABRINDO NA MESA DE ENVOLVIMENTO,FALHA DE ENVOLVIMENTO,FALHA DE ENVOLVIMENTO,TRAIN
3301,PACOTES ABRINDO NO ENVOLVIMENTO,PACOTES ABRINDO NO ENVOLVIMENTO,FALHA DE ENVOLVIMENTO,FALHA DE ENVOLVIMENTO,TRAIN
3302,ENROSCO DE TAMPA NA CANALETA,ENROSCO DE TAMPA NA CANALETA,ENROSCO DE TAMPAS,ENROSCO DE TAMPAS,TEST
3303,FALHA NO SENSOR DE TAMPA,FALHA NO SENSOR DE TAMPA,FALHA DE SENSOR,FALHA DE SENSOR,TEST
3304,SENSOR DO CABEÇOTE DA ENCA EM FALHA. REALIZADO REAPERTO POIS ESTAVA SOLTO.,SENSOR DO CABECOTE DA ENCA EM FALHA REALIZADO REAPERTO POIS ESTAVA SOLTO,FALHA DE SENSOR,FALHA DE SENSOR,TRAIN
3305,REDIDUAL DE TXCL,REDIDUAL DE TXCL,SEM MODO DE FALHA IDENTIFICADO,SEM MODO DE FALHA IDENTIFICADO,TRAIN
3306,FALHA NO MIXER,FALHA NO MIXER,FALHA DE MISTURA,FALHA DE MISTURA,TEST
3307,CABO ROMPIDO OCASIONANDO FALHA DE COMUNICAÇÃO MIXER PARA ENCHEDORA NOTA (30008747044),CABO ROMPIDO OCASIONANDO FALHA DE COMUNICACAO MIXER PARA ENCHEDORA NOTA 30008747044,FALHA DE COMUNICAÇÃO,FALHA DE COMUNICACAO,TRAIN
3308,FALHA DE BARREIRA NO TRANSPORTE DE SAIDA DE PALETES VAZIOS,FALHA DE BARREIRA NO TRANSPORTE DE SAIDA DE PALETES VAZIOS,FALHA DE BARREIRA,FALHA DE BARREIRA,TRAIN
3309,FALHA NO MOTOR DO TRANSPORTE ANTES DO ALINAHADOR DE LATAS,FALHA NO MOTOR DO TRANSPORTE ANTES DO ALINAHADOR DE LATAS,FALHA DE MOTOR,FALHA DE MOTOR,TRAIN
3310,FALHA DE ENCHIMENTO NA VALVULA Nº41,FALHA DE ENCHIMENTO NA VALVULA N 41,FALHA DE VÁLVULA DE ENCHIMENTO,FALHA DE VALVULA DE ENCHIMENTO,TRAIN
3311,"ESTOURO DA SOLDA NA TROCA DE BOBINA AUTOMATICA, ORDEM : 30008747302",ESTOURO DA SOLDA NA TROCA DE BOBINA AUTOMATICA ORDEM 30008747302,FALHA DE SOLDA DE FILME,FALHA DE SOLDA DE FILME,TRAIN
3312,"FALHA DE ENCHIMENTO NA VALVULA Nº41, ORDEM : 30008747295",FALHA DE ENCHIMENTO NA VALVULA N 41 ORDEM 30008747295,FALHA DE VÁLVULA DE ENCHIMENTO,FALHA DE VALVULA DE ENCHIMENTO,TRAIN
3313,"SISTEMA REJEITO FURANDO LATAS, MOLHANDO O SENSOR DE SEGURANÇA GERANDO FALHA NA ENCHEDORA",SISTEMA REJEITO FURANDO LATAS MOLHANDO O SENSOR DE SEGURANCA GERANDO FALHA NA ENCHEDORA,FALHA DE SENSOR,FALHA DE SENSOR,TRAIN
3314,TRANSPORTE DERRUBANDO LATAS EM EXCESSO PARA O ALINHADOR,TRANSPORTE DERRUBANDO LATAS EM EXCESSO PARA O ALINHADOR,QUEDA DE LATAS,QUEDA DE LATAS,TEST
3315,CABECOTE EMPENADO CAUSANDO FALHA NA PEGA DE GARRAFAS,CABECOTE EMPENADO CAUSANDO FALHA NA PEGA DE GARRAFAS,DEFORMAÇÃO DE CABEÇOTE,DEFORMACAO DE CABECOTE,TRAIN
3316,"SUPORTE QUE POSICIONA O SENSOR DO TRANSPORTE DE GARRAFAS MESA PARA GRELHA ESTAVA DESFOCANDO, DESATIVANDO O TRANSPORTE",SUPORTE QUE POSICIONA O SENSOR DO TRANSPORTE DE GARRAFAS MESA PARA GRELHA ESTAVA DESFOCANDO DESATIVANDO O TRANSPORTE,FALHA DE SENSOR,FALHA DE SENSOR,TEST
3317,PISTAO DE ELEVAÇÃO DE GARRAFAS ENROSCANDO OCASIONANDO TRAVAMENTO,PISTAO DE ELEVACAO DE GARRAFAS ENROSCANDO OCASIONANDO TRAVAMENTO,TRAVAMENTO DE ATUADOR,TRAVAMENTO DE ATUADOR,TRAIN
3318,TROCA DE UM TUBO DE AR TORTO E DUAS ABAS CONICAS DE OUTROS DOIS,TROCA DE UM TUBO DE AR TORTO E DUAS ABAS CONICAS DE OUTROS DOIS,DESALINHAMENTO MECÂNICO,DESALINHAMENTO MECANICO,TRAIN
3319,"DISPAROU A TEMPERATURA DO FORNO ,NECESSARIO REINICIAR NO PAINEL",DISPAROU A TEMPERATURA DO FORNO NECESSARIO REINICIAR NO PAINEL,FALHA DE CONTROLE DE TEMPERATURA,FALHA DE CONTROLE DE TEMPERATURA,TRAIN
3320,"LONA DESLOCADA, GERANDO PACOTES MAL FORMADOS",LONA DESLOCADA GERANDO PACOTES MAL FORMADOS,FALHA DE FORMAÇÃO DE PACOTE,FALHA DE FORMACAO DE PACOTE,TRAIN
3321,ESTOURO DE SOLDA DO MANDRIL 2 PARA 1,ESTOURO DE SOLDA DO MANDRIL 2 PARA 1,FALHA DE MANDRIL,FALHA DE MANDRIL,TRAIN
3322,QUEBRA DA CORREIA,QUEBRA DA CORREIA,QUEBRA DE CORREIA,QUEBRA DE CORREIA,TRAIN
3323,"PERDA DE REFERÊNCIA, FALHA FORMAÇÃO DE CAMADA",PERDA DE REFERENCIA FALHA FORMACAO DE CAMADA,FALHA DE FORMAÇÃO DE CAMADA,FALHA DE FORMACAO DE CAMADA,TEST
3324,"ESTEIRA DO TRANSPORTE DO TWISTER QUEBRADA , QUEDA DE LATA NO TWISTER",ESTEIRA DO TRANSPORTE DO TWISTER QUEBRADA QUEDA DE LATA NO TWISTER,QUEBRA DE ESTEIRA,QUEBRA DE ESTEIRA,TRAIN
3325,"QUEDA DE LATA NO TWISTER,PÓS FILTEC",QUEDA DE LATA NO TWISTER POS FILTEC,FALHA DE INSPEÇÃO,FALHA DE INSPECAO,TEST
3326,"ESTEIRA DO TRANSPORTE DO TWISTER QUEBRADA , QUEDA DE LATA NO TWISTER",ESTEIRA DO TRANSPORTE DO TWISTER QUEBRADA QUEDA DE LATA NO TWISTER,QUEBRA DE ESTEIRA,QUEBRA DE ESTEIRA,TRAIN
3327,"QUEDA DE LATA NO TWISTER,PÓS FILTEC",QUEDA DE LATA NO TWISTER POS FILTEC,FALHA DE INSPEÇÃO,FALHA DE INSPECAO,TEST
3328,MOTOR 326 DESARMOU,MOTOR 326 DESARMOU,DESARME DE MOTOR,DESARME DE MOTOR,TRAIN
3329,FALHA NO SENSOR DA PORTA DIANTEIRA,FALHA NO SENSOR DA PORTA DIANTEIRA,FALHA DE SENSOR,FALHA DE SENSOR,TRAIN
3330,FALHA NO LINATRONIC REINICIANDO SOZINHO ORDEM 30008753823,FALHA NO LINATRONIC REINICIANDO SOZINHO ORDEM 30008753823,FALHA DE INSPEÇÃO,FALHA DE INSPECAO,TRAIN
3331,"FALHA DE ENCHIMENTO DA VALVULA Nº 41, MESMO DEPOIS DA TROCA DE VALVULA",FALHA DE ENCHIMENTO DA VALVULA N 41 MESMO DEPOIS DA TROCA DE VALVULA,FALHA DE VÁLVULA DE ENCHIMENTO,FALHA DE VALVULA DE ENCHIMENTO,TRAIN
3332,"FALHA DE ENCHIMENTO DA VALVULA Nº 41, MESMO DEPOIS DA TROCA DE VALVULA, EXCESSO DE NIVEL BAIXO SAINDO EM VELOCIDADE NOMINAL",FALHA DE ENCHIMENTO DA VALVULA N 41 MESMO DEPOIS DA TROCA DE VALVULA EXCESSO DE NIVEL BAIXO SAINDO EM VELOCIDADE NOMINAL,FALHA DE VÁLVULA DE ENCHIMENTO,FALHA DE VALVULA DE ENCHIMENTO,TRAIN
3333,FALHA NO SENSOR DE TAMPAS,FALHA NO SENSOR DE TAMPAS,FALHA DE SENSOR,FALHA DE SENSOR,TRAIN
3334,FALTA DE SENSOR DA TAMPAS ( ORDEM 30008753816),FALTA DE SENSOR DA TAMPAS ORDEM 30008753816,FALHA DE SENSOR,FALHA DE SENSOR,TRAIN
3335,FALHA NO PRESSÃO DO ROTULOS DO AGREGADO 1,FALHA NO PRESSAO DO ROTULOS DO AGREGADO 1,FALHA DE ROTULAGEM,FALHA DE ROTULAGEM,TRAIN
3336,ALTO INDICE DE FALSO REJEIÇÃO NO ENOS EBS,ALTO INDICE DE FALSO REJEICAO NO ENOS EBS,FALHA DE REJEIÇÃO,FALHA DE REJEICAO,TRAIN
3337,"PACOTES SAINDO DEFORMADO, TRAVANDO NO TRANSPORTE",PACOTES SAINDO DEFORMADO TRAVANDO NO TRANSPORTE,TRAVAMENTO DE TRANSPORTE,TRAVAMENTO DE TRANSPORTE,TRAIN
3338,TRAVAMENTO DE TRANSPORTE OCASIONANDO A QUEBRA / 30008752955,TRAVAMENTO DE TRANSPORTE OCASIONANDO A QUEBRA 30008752955,TRAVAMENTO DE TRANSPORTE,TRAVAMENTO DE TRANSPORTE,TEST
3339,FALHA NA PARADA DO PALETE PARA ENVOLVER,FALHA NA PARADA DO PALETE PARA ENVOLVER,TRAVAMENTO DE PALETE,TRAVAMENTO DE PALETE,TRAIN
3340,PALETE PASSANDO DIRETO CAUSANDO FALHA NO ENVOLVIMENTO DOS PALETES,PALETE PASSANDO DIRETO CAUSANDO FALHA NO ENVOLVIMENTO DOS PALETES,FALHA DE ENVOLVIMENTO,FALHA DE ENVOLVIMENTO,TRAIN
3341,QUEDA DE TEMPERATURA,QUEDA DE TEMPERATURA,FALHA DE CONTROLE DE TEMPERATURA,FALHA DE CONTROLE DE TEMPERATURA,TEST
3342,QUEDA DA REGUA DE ENVOLVIMENTO ORDEM 3000873546,QUEDA DA REGUA DE ENVOLVIMENTO ORDEM 3000873546,FALHA DE RÉGUA DE ENVOLVIMENTO,FALHA DE REGUA DE ENVOLVIMENTO,TRAIN
3343,QUEDA DA REGUA DE ARRASTE PRESA COM FITA,QUEDA DA REGUA DE ARRASTE PRESA COM FITA,FALHA DE RÉGUA DE ARRASTE,FALHA DE REGUA DE ARRASTE,TRAIN
3344,PACOTE SAINDO MAL FORMADO DO FORNO,PACOTE SAINDO MAL FORMADO DO FORNO,FALHA DE FORMAÇÃO DE PACOTE,FALHA DE FORMACAO DE PACOTE,TEST
3345,PALETIZADORA PAROU E PERDEU O CILCO DA MONTAGEM - ORDEM: 30008753815,PALETIZADORA PAROU E PERDEU O CILCO DA MONTAGEM ORDEM 30008753815,FALHA DE AUTOMAÇÃO,FALHA DE AUTOMACAO,TEST
3346,"MAGAZINE DE CHAPATEX TORTO, CHAPATEX FICANDO TORTO NAS CAMADAS, PACOTES CAINDO",MAGAZINE DE CHAPATEX TORTO CHAPATEX FICANDO TORTO NAS CAMADAS PACOTES CAINDO,FALHA DE MAGAZINE,FALHA DE MAGAZINE,TRAIN
3347,SOLDA DA TROCA DE FILME COM FIO SOLTE E NÃO FAZENDO A SOLDA PARA TROCA - ORDEM: 30008753819,SOLDA DA TROCA DE FILME COM FIO SOLTE E NAO FAZENDO A SOLDA PARA TROCA ORDEM 30008753819,FALHA DE SOLDA DE FILME,FALHA DE SOLDA DE FILME,TRAIN
3348,"TANQUE DO CARBONATADOR ENTROU EM NIVEL MAXIMO, DESLIGANDO O MIXER E PARANDO O RETORNO DO CIP, NESCESSARIO AGUARDAR DESCER PARA NIVEL MINIMO",TANQUE DO CARBONATADOR ENTROU EM NIVEL MAXIMO DESLIGANDO O MIXER E PARANDO O RETORNO DO CIP NESCESSARIO AGUARDAR DESCER PARA NIVEL MINIMO,FALHA DE CARBONATAÇÃO,FALHA DE CARBONATACAO,TRAIN
3349,FALHA DE BARREIRA NO TRANSPORTE DE SAIDA DE PALETES VAZIOS,FALHA DE BARREIRA NO TRANSPORTE DE SAIDA DE PALETES VAZIOS,FALHA DE BARREIRA,FALHA DE BARREIRA,TRAIN
3350,MANGUEIRA DE AR COMPRIMIDO DANIFICADA OCASIONANDO QUEDA DE CAMADA,MANGUEIRA DE AR COMPRIMIDO DANIFICADA OCASIONANDO QUEDA DE CAMADA,FALHA DE MANGUEIRA PNEUMÁTICA,FALHA DE MANGUEIRA PNEUMATICA,TRAIN
3351,FALHA SENSOR NA PORTA DIANTEIRA,FALHA SENSOR NA PORTA DIANTEIRA,FALHA DE SENSOR,FALHA DE SENSOR,TRAIN
3352,ALTO INDICE FALSO REJEITO NO ENOS EBS,ALTO INDICE FALSO REJEITO NO ENOS EBS,FALHA DE REJEIÇÃO,FALHA DE REJEICAO,TRAIN
3353,"QUEDA DE GARRAFA NO RESFRIAMENTO DE FUNDO, TAMPANDO SENSOR DE NIVEL",QUEDA DE GARRAFA NO RESFRIAMENTO DE FUNDO TAMPANDO SENSOR DE NIVEL,FALHA DE SENSOR,FALHA DE SENSOR,TRAIN
3354,PINÇA DERRUBANDO GARRAFA (NO SISTEMA DE RESFRIAMENTO DE FUNDO DA GARRAFA),PINCA DERRUBANDO GARRAFA NO SISTEMA DE RESFRIAMENTO DE FUNDO DA GARRAFA,QUEDA DE GARRAFAS,QUEDA DE GARRAFAS,TRAIN
3355,LATAS FALSAS DANDO FALHA NO INSERIMENTO E NO DESINSERIMENTO ANTES E POS CIP,LATAS FALSAS DANDO FALHA NO INSERIMENTO E NO DESINSERIMENTO ANTES E POS CIP,FALHA NA INSERÇÃO DE LATAS,FALHA NA INSERCAO DE LATAS,TRAIN
3356,"TROCA DO MEDIDOR DA VALVULA Nº41, COLOCOU A Nº05 E NA Nº41 FOI COLOCADO OUTRA",TROCA DO MEDIDOR DA VALVULA N 41 COLOCOU A N 05 E NA N 41 FOI COLOCADO OUTRA,FALHA DE VÁLVULA,FALHA DE VALVULA,TRAIN
3357,SENSOR DA CENTRAGEM DE CAMADAS FORA DE POSIÇÃO,SENSOR DA CENTRAGEM DE CAMADAS FORA DE POSICAO,FALHA DE SENSOR,FALHA DE SENSOR,TRAIN
3358,"QUEDA DAS REGUAS DE ARRASTE E ENVOLVIMENTO ,EMCAIXE DAS REGUAS COM FITA ISOLANTE ,FALTA DE EMCAIXE NA PEÇAS",QUEDA DAS REGUAS DE ARRASTE E ENVOLVIMENTO EMCAIXE DAS REGUAS COM FITA ISOLANTE FALTA DE EMCAIXE NA PECAS,FALHA DE RÉGUA DE ARRASTE,FALHA DE REGUA DE ARRASTE,TRAIN
3359,ESTEIRA SAIDA EMPACOTADORA ESTEIRA QUEBRADA,ESTEIRA SAIDA EMPACOTADORA ESTEIRA QUEBRADA,QUEBRA DE ESTEIRA,QUEBRA DE ESTEIRA,TRAIN
3360,TRANS. DE PACOTE DE SAIDA DO FORNO QUEBRA DA ESTEIRA,TRANS DE PACOTE DE SAIDA DO FORNO QUEBRA DA ESTEIRA,QUEBRA DE ESTEIRA,QUEBRA DE ESTEIRA,TRAIN
3361,QUEIMA DA BOMBA DA RÉGUA ULTRASSONICA ORDEM 30008755045,QUEIMA DA BOMBA DA REGUA ULTRASSONICA ORDEM 30008755045,FALHA DE BOMBA,FALHA DE BOMBA,TRAIN
3362,PEGADOR DE CHAPATEX PEGANDO DOIS CHAPATEX E DERRUBANDO UM FORA DO MAGAZINE DE CHAPATEX,PEGADOR DE CHAPATEX PEGANDO DOIS CHAPATEX E DERRUBANDO UM FORA DO MAGAZINE DE CHAPATEX,FALHA DE PEGADOR,FALHA DE PEGADOR,TEST
3363,ENROSCO DE PACOTES NO APAUPADOR,ENROSCO DE PACOTES NO APAUPADOR,ENROSCO DE PACOTES,ENROSCO DE PACOTES,TRAIN
3364,FALHA NO TRANSPORTE DE SAIDA DE LATAS,FALHA NO TRANSPORTE DE SAIDA DE LATAS,FALHA DE TRANSPORTE DE LATAS,FALHA DE TRANSPORTE DE LATAS,TRAIN
3365,REJEITO DE LATAS DEITADAS FALHANDO OCASIONANDO ENROSCO NO ALINHADOR (30008755447),REJEITO DE LATAS DEITADAS FALHANDO OCASIONANDO ENROSCO NO ALINHADOR 30008755447,ENROSCO DE LATAS,ENROSCO DE LATAS,TRAIN
3366,"O MOTOR 600 DE SAIDA DE PALETE MONTADO ANTES DA BARREIRA ESTAVA GERANDO FALHA DE ATERRAMENTO, ORDEM : 30008754665",O MOTOR 600 DE SAIDA DE PALETE MONTADO ANTES DA BARREIRA ESTAVA GERANDO FALHA DE ATERRAMENTO ORDEM 30008754665,FALHA DE MOTOR,FALHA DE MOTOR,TEST
3367,"PARAFUSO DE FIXAÇÃO SOLTO, ORDEM : 30008754670",PARAFUSO DE FIXACAO SOLTO ORDEM 30008754670,FALHA DE FIXAÇÃO,FALHA DE FIXACAO,TRAIN
3368,ESTRELA FORA SINCRONISMO - GARRAFA MAL CAPSULADA VAZAMENTO,ESTRELA FORA SINCRONISMO GARRAFA MAL CAPSULADA VAZAMENTO,FALHA DE SINCRONISMO,FALHA DE SINCRONISMO,TRAIN
3369,EXCESSO FALSO REJEITO,EXCESSO FALSO REJEITO,FALHA DE REJEIÇÃO,FALHA DE REJEICAO,TRAIN
3370,TRAVAMENTO DO SEGMENTO DE GARRAFAS NO ENOS MASSPEC,TRAVAMENTO DO SEGMENTO DE GARRAFAS NO ENOS MASSPEC,TRAVAMENTO DE SEGMENTOS,TRAVAMENTO DE SEGMENTOS,TRAIN
3371,TRAVAMENTO SEGMENTO RETIRADA DE GARRAFA ERRADO,TRAVAMENTO SEGMENTO RETIRADA DE GARRAFA ERRADO,TRAVAMENTO DE SEGMENTOS,TRAVAMENTO DE SEGMENTOS,TRAIN
3372,"FILTRO DANIFICADO, REALIZADO A TROCA DO MESMO",FILTRO DANIFICADO REALIZADO A TROCA DO MESMO,FALHA DE FILTRO,FALHA DE FILTRO,TRAIN
3373,FALHA CHAPA DE PASSAGEM E ELEVAÇÃO DA ENGRENAGEM GERANDO QUEDA DE GARRAFAS,FALHA CHAPA DE PASSAGEM E ELEVACAO DA ENGRENAGEM GERANDO QUEDA DE GARRAFAS,FALHA DE ENGRENAGEM,FALHA DE ENGRENAGEM,TRAIN
3374,"FALHA TRANSFERENCIA DE ROTULO, DEVIDO A PINÇA DA ESTRELA DE SAIDA DANIFICADA",FALHA TRANSFERENCIA DE ROTULO DEVIDO A PINCA DA ESTRELA DE SAIDA DANIFICADA,FALHA DE PINÇA,FALHA DE PINCA,TRAIN
3375,TROCA DO SENSOR DE NIVEL DO ANEL DA ENCHEDORA NOTA:30008756193,TROCA DO SENSOR DE NIVEL DO ANEL DA ENCHEDORA NOTA 30008756193,FALHA DE SENSOR,FALHA DE SENSOR,TRAIN
3376,ESTEIRA DA CURVA ESCAPOU,ESTEIRA DA CURVA ESCAPOU,ESCAPE DE ESTEIRA,ESCAPE DE ESTEIRA,TEST
3377,NIVEL BAIXO NO PRE ESGUICHO,NIVEL BAIXO NO PRE ESGUICHO,FALHA DE ENCHIMENTO,FALHA DE ENCHIMENTO,TEST
3378,FALHA DE SINCRONISMO DA ESTRELA DE TRANSFERENCIA DE TAMPA E GUIAS DESAJUSTADO ORDEM 30008756357,FALHA DE SINCRONISMO DA ESTRELA DE TRANSFERENCIA DE TAMPA E GUIAS DESAJUSTADO ORDEM 30008756357,FALHA DE SINCRONISMO,FALHA DE SINCRONISMO,TRAIN
3379,NIVEL BAIXO NOS PRÉ ESGUICHOS,NIVEL BAIXO NOS PRE ESGUICHOS,FALHA DE ENCHIMENTO,FALHA DE ENCHIMENTO,TRAIN
3380,ESTEIRA DO TRANSPORTE DA CURVA SAIU FORA DE POSIÇÃO,ESTEIRA DO TRANSPORTE DA CURVA SAIU FORA DE POSICAO,ESCAPE DE ESTEIRA,ESCAPE DE ESTEIRA,TRAIN
3381,FALHA NO PRE ESGUICHO,FALHA NO PRE ESGUICHO,FALHA DE PRÉ-ENXÁGUE,FALHA DE PRE ENXAGUE,TRAIN
3382,FALHA DE PRESSÃO NOS JATOS FINAIS,FALHA DE PRESSAO NOS JATOS FINAIS,FALHA DE PRESSÃO DOS JATOS,FALHA DE PRESSAO DOS JATOS,TRAIN
3383,ESTEIRA ESCAPOU,ESTEIRA ESCAPOU,ESCAPE DE ESTEIRA,ESCAPE DE ESTEIRA,TRAIN
3384,"FALHA NO ABASTECIMENTO, ORDEM : 30008755909",FALHA NO ABASTECIMENTO ORDEM 30008755909,FALHA DE ALIMENTAÇÃO,FALHA DE ALIMENTACAO,TRAIN
3385,QUEDA DE LATAS NA MESA DE ARRASTE,QUEDA DE LATAS NA MESA DE ARRASTE,QUEDA DE LATAS,QUEDA DE LATAS,TRAIN
3386,QUEDA DO DISJUNTOR DO RINSER PARANDO TRANSPORTE DE LATAS,QUEDA DO DISJUNTOR DO RINSER PARANDO TRANSPORTE DE LATAS,DESARME DE TRANSPORTE,DESARME DE TRANSPORTE,TRAIN
3387,QUEBRA DA ENGRENAGEM DO TRANSPORTE DA HEUFT,QUEBRA DA ENGRENAGEM DO TRANSPORTE DA HEUFT,QUEBRA DE ENGRENAGEM,QUEBRA DE ENGRENAGEM,TEST
3388,"FALHA NA CHAPA DE PASSAGEM, OCASIOMNANDO QUEDA DE GARRAFAS",FALHA NA CHAPA DE PASSAGEM OCASIOMNANDO QUEDA DE GARRAFAS,QUEDA DE GARRAFAS,QUEDA DE GARRAFAS,TRAIN
3389,ESCAPOU ESTEIRA NA CURVA DA PALETIZADORA,ESCAPOU ESTEIRA NA CURVA DA PALETIZADORA,ESCAPE DE ESTEIRA,ESCAPE DE ESTEIRA,TRAIN
3390,ESTEIRA NA CURVA DA PALETIZADORA ESCAPOU,ESTEIRA NA CURVA DA PALETIZADORA ESCAPOU,ESCAPE DE ESTEIRA,ESCAPE DE ESTEIRA,TRAIN
3391,ESTEIRA NA CURVA DA PALETIZADORA 2X,ESTEIRA NA CURVA DA PALETIZADORA 2X,FALHA DE ESTEIRA,FALHA DE ESTEIRA,TRAIN
3392,FALHA NA COMUNICAÇÃO BANDEIROLA,FALHA NA COMUNICACAO BANDEIROLA,FALHA DE COMUNICAÇÃO,FALHA DE COMUNICACAO,TEST
3393,ESTEIRA DA CURVA DA PALETIZADORA ESCAPANDO E IMPACTANDO A PRODUÇÃO,ESTEIRA DA CURVA DA PALETIZADORA ESCAPANDO E IMPACTANDO A PRODUCAO,ESCAPE DE ESTEIRA,ESCAPE DE ESTEIRA,TRAIN
3394,"ESTEIRA DA CURVA DA PALETIZADORA COM DESGASTE, ESCAPANDO E GERANDO IMPACTO NA PRODUÇÃO",ESTEIRA DA CURVA DA PALETIZADORA COM DESGASTE ESCAPANDO E GERANDO IMPACTO NA PRODUCAO,ESCAPE DE ESTEIRA,ESCAPE DE ESTEIRA,TRAIN
3395,"FALHA NA CODIFICAÇAO, REINICIAMENTO DA CODIFICADORA",FALHA NA CODIFICACAO REINICIAMENTO DA CODIFICADORA,FALHA DE CODIFICAÇÃO,FALHA DE CODIFICACAO,TRAIN
3396,AJUSTE NO GUIA DO CORPO DA GARRAFA DA ESTRELA DE SAIDA ( GUIA DESALINHADO),AJUSTE NO GUIA DO CORPO DA GARRAFA DA ESTRELA DE SAIDA GUIA DESALINHADO,DESALINHAMENTO DE GUIA,DESALINHAMENTO DE GUIA,TRAIN
3397,AJUSTE DE PARAMETRO DA CENTRAGEM ESQUERDA FORA DE POSIÇÃO,AJUSTE DE PARAMETRO DA CENTRAGEM ESQUERDA FORA DE POSICAO,DESALINHAMENTO MECÂNICO,DESALINHAMENTO MECANICO,TRAIN
3398,FALHA DE BARREIRA NO TRANSPORTE DE SAIDA DE PALETES VAZIOS,FALHA DE BARREIRA NO TRANSPORTE DE SAIDA DE PALETES VAZIOS,FALHA DE BARREIRA,FALHA DE BARREIRA,TRAIN
3399,ENCHEDORA SAINDO DO PASSO 10 DE PRODUÇAO E VOLTANDO PARA O PASSO 8 FAL MINIMA DE BEBIDA NA ENCHEDORA CAUSANDO FALHA,ENCHEDORA SAINDO DO PASSO 10 DE PRODUCAO E VOLTANDO PARA O PASSO 8 FAL MINIMA DE BEBIDA NA ENCHEDORA CAUSANDO FALHA,FALHA NO ENVIO DE BEBIDA,FALHA NO ENVIO DE BEBIDA,TRAIN
3400,"SENSOR DE IDENTIFICÇÃO DE TAMPA VIRADA SOLTO, TRAVANDO TAMPA ÁPOS EXPULSAR A MESMA",SENSOR DE IDENTIFICCAO DE TAMPA VIRADA SOLTO TRAVANDO TAMPA APOS EXPULSAR A MESMA,FALHA DE SENSOR,FALHA DE SENSOR,TRAIN
3401,PISTÃO EMPURRADOR DE TAMPA QUEBRADO NA SOLDA NOTA:30008758623,PISTAO EMPURRADOR DE TAMPA QUEBRADO NA SOLDA NOTA 30008758623,QUEBRA DE ATUADOR,QUEBRA DE ATUADOR,TRAIN
3402,FALHA NO ACÚMULO DE TAMPAS DO BUFFER,FALHA NO ACUMULO DE TAMPAS DO BUFFER,ACÚMULO TAMPAS BUFFER FALHA,ACUMULO TAMPAS BUFFER FALHA,TRAIN
3403,"SISTEMA DE INSERÇÃO DE LATAS FALSAS NAO ESTÁ ATUANDO CORRETAMENTE, PRECISANDO INSERIR MANUALMENTE, NOTA : 13304467",SISTEMA DE INSERCAO DE LATAS FALSAS NAO ESTA ATUANDO CORRETAMENTE PRECISANDO INSERIR MANUALMENTE NOTA 13304467,FALHA NA INSERÇÃO DE LATAS FALSAS,FALHA NA INSERCAO DE LATAS FALSAS,TRAIN
3404,GARRAFA ATRASANDO NA SAIDA DO PINO DE SEPRÇÃO CAUSANDO QUEDA,GARRAFA ATRASANDO NA SAIDA DO PINO DE SEPRCAO CAUSANDO QUEDA,QUEDA DE GARRAFAS,QUEDA DE GARRAFAS,TRAIN
3405,ENVOLVEDORA PARANDO NO MEIO DO ENVOLVIMENTO E DANDO FALHA DE DADOS,ENVOLVEDORA PARANDO NO MEIO DO ENVOLVIMENTO E DANDO FALHA DE DADOS,FALHA DE ENVOLVIMENTO,FALHA DE ENVOLVIMENTO,TEST
3406,FALHA NO PEGADOR DE CHAPATEX,FALHA NO PEGADOR DE CHAPATEX,FALHA DE PEGADOR,FALHA DE PEGADOR,TRAIN
3407,FALHA DE BARREIRA NO TRANSPORTE DE SAIDA DE PALETES,FALHA DE BARREIRA NO TRANSPORTE DE SAIDA DE PALETES,FALHA DE BARREIRA,FALHA DE BARREIRA,TRAIN
3408,LINCA DE TRANSFERENCIA DEIXANDO GARRAFAS CAINDO,LINCA DE TRANSFERENCIA DEIXANDO GARRAFAS CAINDO,QUEDA DE GARRAFAS,QUEDA DE GARRAFAS,TEST
3409,"QUEDA DE GARRAFAS NO RESFRIAMENTO DE FUNDO, OCASIONANDO FALHA DE MONITORAÇÃO",QUEDA DE GARRAFAS NO RESFRIAMENTO DE FUNDO OCASIONANDO FALHA DE MONITORACAO,QUEDA DE GARRAFAS,QUEDA DE GARRAFAS,TRAIN
3410,ESTEIRA QUEBRADA NOS CANAIS DE ENTRADA EMPACOTADORA (30008760952),ESTEIRA QUEBRADA NOS CANAIS DE ENTRADA EMPACOTADORA 30008760952,QUEBRA DE ESTEIRA,QUEBRA DE ESTEIRA,TRAIN
3411,CHAPA DO CENTRADOR FORMAÇAO DE CAMADAS SOLTA,CHAPA DO CENTRADOR FORMACAO DE CAMADAS SOLTA,FALHA DE FORMAÇÃO DE CAMADA,FALHA DE FORMACAO DE CAMADA,TRAIN
3412,DESLIGAMENTO DO CENTRADOR DE CAMADAS 30008760997,DESLIGAMENTO DO CENTRADOR DE CAMADAS 30008760997,FALHA DE CENTRADOR,FALHA DE CENTRADOR,TRAIN
3413,"QUEDA DE GARRAFAS NO RESFRIAMENTO DE FUNDO, OCASIONANDO FALHA DE MONITORAÇÃO ( ORDEM 30008767469 )",QUEDA DE GARRAFAS NO RESFRIAMENTO DE FUNDO OCASIONANDO FALHA DE MONITORACAO ORDEM 30008767469,QUEDA DE GARRAFAS,QUEDA DE GARRAFAS,TRAIN
3414,FREIO DO REDUTOR DA ENTRADA DE PACOTES DA PALETIZADORA DANIFICADO 30008760990,FREIO DO REDUTOR DA ENTRADA DE PACOTES DA PALETIZADORA DANIFICADO 30008760990,FALHA DE REDUTOR,FALHA DE REDUTOR,TRAIN
3415,FREIO NÃO ACIONADO,FREIO NAO ACIONADO,FALHA DE FREIO,FALHA DE FREIO,TRAIN
3416,FALHA NA COLOCAÇÃO DO CHAPATEX,FALHA NA COLOCACAO DO CHAPATEX,FALHA DO COLOCADOR DE CHAPATEX,FALHA DO COLOCADOR DE CHAPATEX,TRAIN
3417,"PARAFUSOS DE FIXAÇÃO DO PISTÃO ESTÃO SE SOLTANDO, NOTA 13309611",PARAFUSOS DE FIXACAO DO PISTAO ESTAO SE SOLTANDO NOTA 13309611,FALHA DE FIXAÇÃO,FALHA DE FIXACAO,TRAIN
3418,"SISTEMA REJEITOR FURANDO LATAS, MOLHANDO SENSOR DE SEGURANÇA GERANDO FALHA NA ENCHEDORA,ORDEM : 30008761001",SISTEMA REJEITOR FURANDO LATAS MOLHANDO SENSOR DE SEGURANCA GERANDO FALHA NA ENCHEDORA ORDEM 30008761001,FALHA DE SENSOR,FALHA DE SENSOR,TRAIN
3419,FALHA NO DISJUNTOR TERMOMAGNÉTICO 30008767500,FALHA NO DISJUNTOR TERMOMAGNETICO 30008767500,DESARME DE DISJUNTOR,DESARME DE DISJUNTOR,TRAIN
3420,EQUIPAMENTO COM ALTO NÚMERO DE FALSO REJEITO.,EQUIPAMENTO COM ALTO NUMERO DE FALSO REJEITO,FALHA DE REJEIÇÃO,FALHA DE REJEICAO,TEST
3421,FALHA ELEVAÇÃO DA ENGRENAGEM SOB A CHAPA DE PASSSAGEM GERANDO QUEDA DE GARRAFAS,FALHA ELEVACAO DA ENGRENAGEM SOB A CHAPA DE PASSSAGEM GERANDO QUEDA DE GARRAFAS,FALHA DE ENGRENAGEM,FALHA DE ENGRENAGEM,TRAIN
3422,FALHA TROCA DE BANDEJA DO AGREGADO 1,FALHA TROCA DE BANDEJA DO AGREGADO 1,FALHA NA TROCA DE BANDEJA,FALHA NA TROCA DE BANDEJA,TRAIN
3423,FALHA NA CODFICAÇÃO 30008761023,FALHA NA CODFICACAO 30008761023,FALHA DE CODIFICAÇÃO,FALHA DE CODIFICACAO,TEST
3424,ESTEIRA DA CURVA DE ENTRADA DA PALETIZADORA ESCAPOU,ESTEIRA DA CURVA DE ENTRADA DA PALETIZADORA ESCAPOU,ESCAPE DE ESTEIRA,ESCAPE DE ESTEIRA,TRAIN
3425,EQUIPAMENTO COM ALTO NÚMERO DE FALSO REJEITO.,EQUIPAMENTO COM ALTO NUMERO DE FALSO REJEITO,FALHA DE REJEIÇÃO,FALHA DE REJEICAO,TEST
3426,"QUEDA DE GARRAFAS NO RESFRIAMENTO DE FUNDO, PINÇA 4 DANIFICADA (ORDEM 30008768507)",QUEDA DE GARRAFAS NO RESFRIAMENTO DE FUNDO PINCA 4 DANIFICADA ORDEM 30008768507,FALHA DE PINÇA,FALHA DE PINCA,TRAIN
3427,DESARME DO MOTOR DA MESA GIRATÓRIA,DESARME DO MOTOR DA MESA GIRATORIA,DESARME DE MOTOR,DESARME DE MOTOR,TEST
3428,DESARME DO MOTOR DA MESA GIRATÓRIA,DESARME DO MOTOR DA MESA GIRATORIA,DESARME DE MOTOR,DESARME DE MOTOR,TEST
3429,"GUIA LATERAL DE SAÍDA DA ESTRELA DO CAPSULADOR TORTO, IMPOSSIBILITANDO AJUSTE PADRÃO (NOTA:13309707)",GUIA LATERAL DE SAIDA DA ESTRELA DO CAPSULADOR TORTO IMPOSSIBILITANDO AJUSTE PADRAO NOTA 13309707,DEFORMAÇÃO/DESALINHAMENTO DE GUIA,DEFORMACAO DESALINHAMENTO DE GUIA,TRAIN
3430,FALHA NO CENTRADOR DE CAMADAS E PEGADOR DE CHAPATEX,FALHA NO CENTRADOR DE CAMADAS E PEGADOR DE CHAPATEX,FALHA DE PEGADOR,FALHA DE PEGADOR,TRAIN
3431,FALHA NA ENTRADA DE PACOTE VIA 1,FALHA NA ENTRADA DE PACOTE VIA 1,FALHA DE ALIMENTAÇÃO DE PACOTES,FALHA DE ALIMENTACAO DE PACOTES,TRAIN
3432,FALHA NA VIA 1 DE ENTRADA DE PACOTE,FALHA NA VIA 1 DE ENTRADA DE PACOTE,FALHA DE ALIMENTAÇÃO DE PACOTES,FALHA DE ALIMENTACAO DE PACOTES,TRAIN
3433,FALHA NA VIA 1 DE ENTRADA DE PACOTE,FALHA NA VIA 1 DE ENTRADA DE PACOTE,FALHA DE ALIMENTAÇÃO DE PACOTES,FALHA DE ALIMENTACAO DE PACOTES,TRAIN
3434,VALVULA 11 SAINDO NIVEL BAIXO ORDEM 30008768616,VALVULA 11 SAINDO NIVEL BAIXO ORDEM 30008768616,FALHA DE ENCHIMENTO,FALHA DE ENCHIMENTO,TRAIN
3435,TROCA DO CONECTOR DA MANGUEIRA DE AR COMPRIMIDO (30008768702),TROCA DO CONECTOR DA MANGUEIRA DE AR COMPRIMIDO 30008768702,FALHA DE CONEXÃO PNEUMÁTICA,FALHA DE CONEXAO PNEUMATICA,TEST
3436,FALTANDO VENTOSA E ESTRUTURA FORA DE ESQUADRO (NOTA SAP:13305620),FALTANDO VENTOSA E ESTRUTURA FORA DE ESQUADRO NOTA SAP 13305620,FALHA DE VENTOSA,FALHA DE VENTOSA,TRAIN
3437,FALHA NO SISTEMA DA LONA DE PROLONGAMENTO DA ENTRADA DO FORNO (NOTA SAP :13243794 & 131332029),FALHA NO SISTEMA DA LONA DE PROLONGAMENTO DA ENTRADA DO FORNO NOTA SAP 13243794 131332029,FALHA DE ESTEIRA,FALHA DE ESTEIRA,TRAIN
3438,"FALHA NA ALIMENTAÇÃO DE TAMPAS, PERDENDO O CICLO AUTOMATICO, ABRINDO ESPAÇO NA CASCATA",FALHA NA ALIMENTACAO DE TAMPAS PERDENDO O CICLO AUTOMATICO ABRINDO ESPACO NA CASCATA,ALIMENTAÇÃO TAMPAS FALHA,ALIMENTACAO TAMPAS FALHA,TRAIN
3439,FALHA NA BARREIRA DE SEGURANÇA DE SAIDA DE CARTÃO,FALHA NA BARREIRA DE SEGURANCA DE SAIDA DE CARTAO,FALHA DE BARREIRA,FALHA DE BARREIRA,TRAIN
3440,"TRANSPORTE DA FILTEC QUEBROU, ORDEM :30008768532",TRANSPORTE DA FILTEC QUEBROU ORDEM 30008768532,QUEBRA DE TRANSPORTE,QUEBRA DE TRANSPORTE,TRAIN
3441,FALHA NA LINGUETA DA PORTA DE SEGURANÇA (30008767496),FALHA NA LINGUETA DA PORTA DE SEGURANCA 30008767496,FALHA DE PORTA DE SEGURANÇA,FALHA DE PORTA DE SEGURANCA,TEST
3442,FALHA NO REMOVEDOR DE CARTÃO (30008768684),FALHA NO REMOVEDOR DE CARTAO 30008768684,FALHA NO MANUSEIO DE CARTÃO,FALHA NO MANUSEIO DE CARTAO,TRAIN
3443,FALHA NO TRANSPORTE DE SAIDA DE LATAS,FALHA NO TRANSPORTE DE SAIDA DE LATAS,FALHA DE TRANSPORTE DE LATAS,FALHA DE TRANSPORTE DE LATAS,TRAIN
3444,TROCA DO CONECTOR DA MANGUEIRA DE AR COMPRIMIDO ( ORDEM - 30008770655 ),TROCA DO CONECTOR DA MANGUEIRA DE AR COMPRIMIDO ORDEM 30008770655,FALHA DE CONEXÃO PNEUMÁTICA,FALHA DE CONEXAO PNEUMATICA,TRAIN
3445,TROCA DO REPARO DO PISTÃO DE ACIONAMENTO DO GUIA DA MESA DE CARGA (30008770573),TROCA DO REPARO DO PISTAO DE ACIONAMENTO DO GUIA DA MESA DE CARGA 30008770573,FALHA NA MESA DE CARGA,FALHA NA MESA DE CARGA,TRAIN
3446,FALHA NO RELE DE SEGURANÇA,FALHA NO RELE DE SEGURANCA,FALHA DE RELÉ DE SEGURANÇA,FALHA DE RELE DE SEGURANCA,TRAIN
3447,FALHA NO SISTEMA DE INSERIMENTO DE FALSA GARRAFA,FALHA NO SISTEMA DE INSERIMENTO DE FALSA GARRAFA,FALHA NO SISTEMA DE INSERÇÃO DE FALSA GARRAFA,FALHA NO SISTEMA DE INSERCAO DE FALSA GARRAFA,TRAIN
3448,"CORREIA SAINDO DO TRILHO, TRAVANDO AS TAMPAS, FALHA NO ABASTECIMENTO",CORREIA SAINDO DO TRILHO TRAVANDO AS TAMPAS FALHA NO ABASTECIMENTO,FALHA DE CORREIA,FALHA DE CORREIA,TRAIN
3449,NAS RETOMADAS ENCHEDORA ESTÁ PERDENDO PRESSÃO E GERANDO FALHA DE (FMC),NAS RETOMADAS ENCHEDORA ESTA PERDENDO PRESSAO E GERANDO FALHA DE FMC,FALHA DE PRESSÃO,FALHA DE PRESSAO,TRAIN
3450,FALHA FMC NO EQUIPAMENTO,FALHA FMC NO EQUIPAMENTO,FALHA DE ENCHIMENTO,FALHA DE ENCHIMENTO,TRAIN
3451,TROCA DE TULIPA RASGADA,TROCA DE TULIPA RASGADA,FALHA DE TULIPA,FALHA DE TULIPA,TRAIN
3452,FALHA NO CORTE NO FILME (ORDEM: 30008771635),FALHA NO CORTE NO FILME ORDEM 30008771635,FALHA DE CORTE DE FILME,FALHA DE CORTE DE FILME,TRAIN
3453,"FILME ESTOURANDO DURANTE O ENVOLVIMENTO, DEVIDO ATRITO ENTRE ROLOS POR FOLGA DO ROLAMENTO (NOTA: 13299493)",FILME ESTOURANDO DURANTE O ENVOLVIMENTO DEVIDO ATRITO ENTRE ROLOS POR FOLGA DO ROLAMENTO NOTA 13299493,FALHA DE ROLAMENTO,FALHA DE ROLAMENTO,TRAIN
3454,FALHA NA SOLDA AUTOMATICA DO FILME LOGOMARCADO,FALHA NA SOLDA AUTOMATICA DO FILME LOGOMARCADO,FALHA DE SOLDA DE FILME,FALHA DE SOLDA DE FILME,TRAIN
3455,INSERÇÃO DE LATAS FALSAS DE FORMA MANUAL,INSERCAO DE LATAS FALSAS DE FORMA MANUAL,FALHA NA INSERÇÃO DE LATAS FALSAS,FALHA NA INSERCAO DE LATAS FALSAS,TEST
3456,PERDA NA CONTAGEM DE CAMADAS,PERDA NA CONTAGEM DE CAMADAS,FALHA DE CONTAGEM,FALHA DE CONTAGEM,TRAIN
3457,PERDA NA CONTAGEM DE PACOTES,PERDA NA CONTAGEM DE PACOTES,FALHA DE CONTAGEM,FALHA DE CONTAGEM,TRAIN
3458,QUEBRA DA ESTEIRA,QUEBRA DA ESTEIRA,QUEBRA DE ESTEIRA,QUEBRA DE ESTEIRA,TRAIN
3459,QUEBROU A ESTEIRA DO TRANSPORTE DE PACOTES,QUEBROU A ESTEIRA DO TRANSPORTE DE PACOTES,QUEBRA DE ESTEIRA,QUEBRA DE ESTEIRA,TRAIN
3460,TROCA DA VENTOSA DANIFICADA,TROCA DA VENTOSA DANIFICADA,FALHA DE VENTOSA,FALHA DE VENTOSA,TRAIN
3461,FALHA DE COMUNICAÇÃO NA PALETIZADORA 30008772409,FALHA DE COMUNICACAO NA PALETIZADORA 30008772409,FALHA DE COMUNICAÇÃO,FALHA DE COMUNICACAO,TEST
3462,FALHA NA VALVULA DE INSERIMENTO DE FALSA GARRAFA,FALHA NA VALVULA DE INSERIMENTO DE FALSA GARRAFA,FALHA DE VÁLVULA,FALHA DE VALVULA,TRAIN
3463,LONA DA MESA DE ENVOLVIMENTO PATINANDO,LONA DA MESA DE ENVOLVIMENTO PATINANDO,PATINAGEM DE ESTEIRA,PATINAGEM DE ESTEIRA,TRAIN
3464,LONA DA ENTRADA DA PALETIZADORA RASGADA,LONA DA ENTRADA DA PALETIZADORA RASGADA,ROMPIMENTO DE ESTEIRA/LONA,ROMPIMENTO DE ESTEIRA LONA,TRAIN
3465,LONA PATINANDO OCASIONADO QUEDA E ESTOURO DE GARRAFAS NA MESA DE ENVOLVIMENTO,LONA PATINANDO OCASIONADO QUEDA E ESTOURO DE GARRAFAS NA MESA DE ENVOLVIMENTO,PATINAGEM DE ESTEIRA,PATINAGEM DE ESTEIRA,TRAIN
3466,LONA PATINANDO OCASIONANDO QUEDA DE GARRAFAS NA MESA DE ENVOLVIMENTO,LONA PATINANDO OCASIONANDO QUEDA DE GARRAFAS NA MESA DE ENVOLVIMENTO,PATINAGEM DE ESTEIRA,PATINAGEM DE ESTEIRA,TRAIN
3467,FALHA DE BARREIRA DE SEGURANÇA,FALHA DE BARREIRA DE SEGURANCA,FALHA DE BARREIRA,FALHA DE BARREIRA,TRAIN
3468,LONA PATINANDO CAUSANDO QUEDA DE GARRAFAS NA MESA DE ENVOLVIMENTO,LONA PATINANDO CAUSANDO QUEDA DE GARRAFAS NA MESA DE ENVOLVIMENTO,PATINAGEM DE ESTEIRA,PATINAGEM DE ESTEIRA,TRAIN
3469,AJUSTE DE SET UP ELETRICO,AJUSTE DE SET UP ELETRICO,SEM MODO DE FALHA IDENTIFICADO,SEM MODO DE FALHA IDENTIFICADO,TRAIN
3470,FALHA NO SISTEMA DE INSERIMENTO DE GARRAFAS FALSAS ANTES DO INICIO DO CIP,FALHA NO SISTEMA DE INSERIMENTO DE GARRAFAS FALSAS ANTES DO INICIO DO CIP,FALHA NA INSERÇÃO DE GARRAFAS FALSAS,FALHA NA INSERCAO DE GARRAFAS FALSAS,TRAIN
3471,"FALHA DE ENCHIMENTO NAS VALVULAS Nº 15, 20, 25, 31, 51, 59, 65, E 77",FALHA DE ENCHIMENTO NAS VALVULAS N 15 20 25 31 51 59 65 E 77,FALHA DE VÁLVULA DE ENCHIMENTO,FALHA DE VALVULA DE ENCHIMENTO,TRAIN
3472,FALHA DE INVERSOR Nº 253,FALHA DE INVERSOR N 253,FALHA DE INVERSOR,FALHA DE INVERSOR,TRAIN
3473,FALHA DE ENCHIMENTO NAS VALVULAS Nº 65,FALHA DE ENCHIMENTO NAS VALVULAS N 65,FALHA DE VÁLVULA DE ENCHIMENTO,FALHA DE VALVULA DE ENCHIMENTO,TRAIN
3474,ENROSCO DE LATAS NO TRANSPORTE PERTO DO MOTOR Nº211,ENROSCO DE LATAS NO TRANSPORTE PERTO DO MOTOR N 211,FALHA DE MOTOR,FALHA DE MOTOR,TRAIN
3475,FALHA DE ENCHIMENTO NAS VALVULAS Nº 65 E TROCA DA VALVULA,FALHA DE ENCHIMENTO NAS VALVULAS N 65 E TROCA DA VALVULA,FALHA DE VÁLVULA DE ENCHIMENTO,FALHA DE VALVULA DE ENCHIMENTO,TRAIN
3476,ENROSCO DE LATAS NO TRANSPORTE PERTO DO MOTOR Nº211,ENROSCO DE LATAS NO TRANSPORTE PERTO DO MOTOR N 211,FALHA DE MOTOR,FALHA DE MOTOR,TRAIN
3477,"FALHA DE ENCHIMENTO VALVULAS ALEATORIAS, EM VELOCIDADE NOMINAL, EXCESSO DE NIVEL BAIXO/ALTO",FALHA DE ENCHIMENTO VALVULAS ALEATORIAS EM VELOCIDADE NOMINAL EXCESSO DE NIVEL BAIXO ALTO,FALHA DE VÁLVULA DE ENCHIMENTO,FALHA DE VALVULA DE ENCHIMENTO,TRAIN
3478,"CENTRADOR DA MESA DE FORMAÇÃO DE CAMADAS DESABILITADO, GERANDO ENROSCO DE PACOTE NA ENTRADA DA GAIOLA.",CENTRADOR DA MESA DE FORMACAO DE CAMADAS DESABILITADO GERANDO ENROSCO DE PACOTE NA ENTRADA DA GAIOLA,ENROSCO DE PACOTES,ENROSCO DE PACOTES,TRAIN
3479,QUEDA DE TEMPERATURA PACOTE SAINDO MOLE VIRANDO NA MESA DA PALETIZDORA,QUEDA DE TEMPERATURA PACOTE SAINDO MOLE VIRANDO NA MESA DA PALETIZDORA,FALHA DE CONTROLE DE TEMPERATURA,FALHA DE CONTROLE DE TEMPERATURA,TRAIN
3480,FALHA NO ACIONAMENTO DO EMPURRADOR,FALHA NO ACIONAMENTO DO EMPURRADOR,FALHA DE ACIONAMENTO DO EMPURRADOR,FALHA DE ACIONAMENTO DO EMPURRADOR,TRAIN
3481,CABO DE ALIMENTAÇÃO DO MOTOR DA GAIOLA EM CURTO,CABO DE ALIMENTACAO DO MOTOR DA GAIOLA EM CURTO,CURTO-CIRCUITO,CURTO CIRCUITO,TRAIN
3482,LONA DESLIZANDO,LONA DESLIZANDO,FALHA DE ESTEIRA,FALHA DE ESTEIRA,TRAIN
3483,LONA FORA SE MOVENDO ORDEM (30008773877),LONA FORA SE MOVENDO ORDEM 30008773877,ESCAPE DE ESTEIRA,ESCAPE DE ESTEIRA,TRAIN
3484,INVERSOR DESARMADO,INVERSOR DESARMADO,FALHA DE INVERSOR,FALHA DE INVERSOR,TRAIN
3485,VIDRANDOR FORA DE POSICÃO,VIDRANDOR FORA DE POSICAO,DESALINHAMENTO MECÂNICO,DESALINHAMENTO MECANICO,TRAIN
3486,"LONA DA MESA DE ENVOLVIMENTO PATINANDO,OCASIONANDO QUEDA DE GARRAFAS E ABERTURA DE PACOTES",LONA DA MESA DE ENVOLVIMENTO PATINANDO OCASIONANDO QUEDA DE GARRAFAS E ABERTURA DE PACOTES,PATINAGEM DE ESTEIRA,PATINAGEM DE ESTEIRA,TRAIN
3487,FALHA NO SISTEMA DE INSERÇÃO DE FALSA GARRAFA,FALHA NO SISTEMA DE INSERCAO DE FALSA GARRAFA,FALHA NO SISTEMA DE INSERÇÃO DE FALSA GARRAFA,FALHA NO SISTEMA DE INSERCAO DE FALSA GARRAFA,TEST
3488,TRANSBORDO DO DESAERADOR,TRANSBORDO DO DESAERADOR,TRANSBORDAMENTO DE TANQUE,TRANSBORDAMENTO DE TANQUE,TRAIN
3489,"MANGUEIRA DOBRADA,OBSTRUINDO A PASSAGEM DE AR",MANGUEIRA DOBRADA OBSTRUINDO A PASSAGEM DE AR,OBSTRUÇÃO DE MANGUEIRA DE AR,OBSTRUCAO DE MANGUEIRA DE AR,TRAIN
3490,QUEBRA EIXO DE RETORNO DE ESTEIRAS DA MESA DE CARGA,QUEBRA EIXO DE RETORNO DE ESTEIRAS DA MESA DE CARGA,QUEBRA DE EIXO,QUEBRA DE EIXO,TRAIN
3491,ALIMENTAÇÃO DO MOTOR DA GAIOLA EM CURTO,ALIMENTACAO DO MOTOR DA GAIOLA EM CURTO,CURTO-CIRCUITO,CURTO CIRCUITO,TRAIN
3492,QUEBRA DA ENGRENAGEM PLANETÁRIA ORDEM (30008775073),QUEBRA DA ENGRENAGEM PLANETARIA ORDEM 30008775073,QUEBRA DE ENGRENAGEM,QUEBRA DE ENGRENAGEM,TRAIN
3493,TRANSPORTE GERANDO CRASH DE LATAS NA RETOMADAS,TRANSPORTE GERANDO CRASH DE LATAS NA RETOMADAS,CRASH DE LATAS,CRASH DE LATAS,TRAIN
3494,"FALHA DE ENCHIMENTO EM VELOCIDADE NOMINAL, EXCESSO NIVEL BAIXO/ALTO",FALHA DE ENCHIMENTO EM VELOCIDADE NOMINAL EXCESSO NIVEL BAIXO ALTO,FALHA DE ENCHIMENTO,FALHA DE ENCHIMENTO,TRAIN
3495,"GARRAFAS ENTRADO TORTA , OCASIONANDO ENROSCO NA ESTRELA DE SAIDA",GARRAFAS ENTRADO TORTA OCASIONANDO ENROSCO NA ESTRELA DE SAIDA,ENROSCO DE GARRAFAS,ENROSCO DE GARRAFAS,TEST
3496,"GARRAFAS ENTRANDO TORTA , OCASIONANDO ENROSCO NA ESTRELA DE SAIDA DA ENCHEDORA",GARRAFAS ENTRANDO TORTA OCASIONANDO ENROSCO NA ESTRELA DE SAIDA DA ENCHEDORA,ENROSCO DE GARRAFAS,ENROSCO DE GARRAFAS,TRAIN
3497,QUEBRA DO GUIA DE ENTRADA DA MESA DA ENCA CAUSANDO QUEDA DE GARRAFAS,QUEBRA DO GUIA DE ENTRADA DA MESA DA ENCA CAUSANDO QUEDA DE GARRAFAS,QUEDA DE GARRAFAS,QUEDA DE GARRAFAS,TRAIN
3498,QUEBRA DA GUIA DE ENTRADA DA MESA DA ENCA CAUSANDO QUEDA DE GARRAFAS,QUEBRA DA GUIA DE ENTRADA DA MESA DA ENCA CAUSANDO QUEDA DE GARRAFAS,QUEDA DE GARRAFAS,QUEDA DE GARRAFAS,TEST
3499,LONA DE ENTRADA DO FORNO PATINANDO,LONA DE ENTRADA DO FORNO PATINANDO,PATINAGEM DE ESTEIRA,PATINAGEM DE ESTEIRA,TRAIN
3500,QUEBRA DA ESTEIRA DA ENTRADA DA PALETIZADORA,QUEBRA DA ESTEIRA DA ENTRADA DA PALETIZADORA,QUEBRA DE ESTEIRA,QUEBRA DE ESTEIRA,TRAIN
3501,FALHA NO PEGADOR DE CHAPA NO DRIVE,FALHA NO PEGADOR DE CHAPA NO DRIVE,FALHA DE PEGADOR,FALHA DE PEGADOR,TRAIN
3502,FALHA NA ENTRADA DE PACOTE NAS VIAS 1 E 2,FALHA NA ENTRADA DE PACOTE NAS VIAS 1 E 2,FALHA DE ALIMENTAÇÃO DE PACOTES,FALHA DE ALIMENTACAO DE PACOTES,TRAIN
3503,PERFIL DESLIZANTE SAIU DO LUGAR,PERFIL DESLIZANTE SAIU DO LUGAR,DESALINHAMENTO MECÂNICO,DESALINHAMENTO MECANICO,TRAIN
3504,FALHA DE SINCRONISMO DO FILME,FALHA DE SINCRONISMO DO FILME,FALHA DE SINCRONISMO,FALHA DE SINCRONISMO,TRAIN
3505,FALHA DE IMPRESSÃO DEVIDO GARRAFAS VAZIA,FALHA DE IMPRESSAO DEVIDO GARRAFAS VAZIA,FALHA DE CODIFICAÇÃO,FALHA DE CODIFICACAO,TRAIN
3506,FALHA NO SENSOR DE PRESENÇA DE GARRAFAS,FALHA NO SENSOR DE PRESENCA DE GARRAFAS,FALHA DE SENSOR,FALHA DE SENSOR,TRAIN
3507,TRAVAMENTO DO CAME,TRAVAMENTO DO CAME,FALHA DE CAME,FALHA DE CAME,TEST
3508,FALHA NO CALCULO DE CURVA DA RECEITA DE 200ML (ORDEM: 30008776224),FALHA NO CALCULO DE CURVA DA RECEITA DE 200ML ORDEM 30008776224,FALHA DE PARAMETRIZAÇÃO DE RECEITA,FALHA DE PARAMETRIZACAO DE RECEITA,TRAIN
3509,FALHAS NAS VIAS DE ENTRADA 01 E 02. ORDEM- 30008776244,FALHAS NAS VIAS DE ENTRADA 01 E 02 ORDEM 30008776244,SEM MODO DE FALHA IDENTIFICADO,SEM MODO DE FALHA IDENTIFICADO,TRAIN
3510,AJUSTE NO TORQUE ESTATICO DO CAPSULADOR,AJUSTE NO TORQUE ESTATICO DO CAPSULADOR,FALHA DE TAMPAMENTO,FALHA DE TAMPAMENTO,TRAIN
3511,SENSOR SOLTO 30008779844,SENSOR SOLTO 30008779844,FALHA DE SENSOR,FALHA DE SENSOR,TRAIN
3512,TAMPAS ENROSCANDO NA ENTREGA DA CANALETA PARA ARROLHADOR SENDO NECESSÁRIO FAZER O AJUSTE DA ALTURA,TAMPAS ENROSCANDO NA ENTREGA DA CANALETA PARA ARROLHADOR SENDO NECESSARIO FAZER O AJUSTE DA ALTURA,ENROSCO DE TAMPAS,ENROSCO DE TAMPAS,TEST
3513,"TAMPAS ENROSCANDO NA ENTREGA DA CANALETA PARA O ARROLHADOR, SENDO NECESSARIO FAZER O AJUSTE DE ALTURA",TAMPAS ENROSCANDO NA ENTREGA DA CANALETA PARA O ARROLHADOR SENDO NECESSARIO FAZER O AJUSTE DE ALTURA,ENROSCO DE TAMPAS,ENROSCO DE TAMPAS,TRAIN
3514,TROCA DA TULIPA E ABA CONICA DA VALVULA 59 E AJUSTE NA BORBOLETA,TROCA DA TULIPA E ABA CONICA DA VALVULA 59 E AJUSTE NA BORBOLETA,FALHA DE ABA CÔNICA,FALHA DE ABA CONICA,TRAIN
3515,TRAVANDO ESTEIRA DE RETORNO TENDO QUE EMPURRAR GARRAFAS MANUAL,TRAVANDO ESTEIRA DE RETORNO TENDO QUE EMPURRAR GARRAFAS MANUAL,TRAVAMENTO DE ESTEIRA,TRAVAMENTO DE ESTEIRA,TRAIN
3516,TRAVAMENTO DE ESTEIRA TENDO QUE EMPURRAR GARRAFAS MANUALMENTE,TRAVAMENTO DE ESTEIRA TENDO QUE EMPURRAR GARRAFAS MANUALMENTE,TRAVAMENTO DE ESTEIRA,TRAVAMENTO DE ESTEIRA,TRAIN
3517,FALHA NO SENSOR DE DETECTOR DE TAMPAS,FALHA NO SENSOR DE DETECTOR DE TAMPAS,FALHA DE SENSOR,FALHA DE SENSOR,TRAIN
3518,AJUSTE NA VELOCIDADE DA MESA DE ACUMULO DE CAIXAS,AJUSTE NA VELOCIDADE DA MESA DE ACUMULO DE CAIXAS,SEM MODO DE FALHA IDENTIFICADO,SEM MODO DE FALHA IDENTIFICADO,TEST
3519,ESTEIRA DO VIRADOR DE CAIXAS ENCAVALADAS COM DEGRAL,ESTEIRA DO VIRADOR DE CAIXAS ENCAVALADAS COM DEGRAL,TRAVAMENTO DE ESTEIRA,TRAVAMENTO DE ESTEIRA,TEST
3520,"ROLETES TORTO,CAUSANDO ERO NA FORMAÇÃO DAS CAMADAS",ROLETES TORTO CAUSANDO ERO NA FORMACAO DAS CAMADAS,FALHA DE ROLETES,FALHA DE ROLETES,TRAIN
3521,QUEBRA DA CONECÇÃO DO PISTÃO DE LIBERAÇÃO DE TAMPAS,QUEBRA DA CONECCAO DO PISTAO DE LIBERACAO DE TAMPAS,QUEBRA DE ATUADOR,QUEBRA DE ATUADOR,TRAIN
3522,ESTEIRA DA CURVA DE ENTRADA DA PALETIZADORA ESCAPOU,ESTEIRA DA CURVA DE ENTRADA DA PALETIZADORA ESCAPOU,ESCAPE DE ESTEIRA,ESCAPE DE ESTEIRA,TRAIN
3523,"ROLETE TORTO,CAUSANDO ERRO NA FORMAÇÃO DA CAMADA",ROLETE TORTO CAUSANDO ERRO NA FORMACAO DA CAMADA,FALHA DE ROLETES,FALHA DE ROLETES,TRAIN
3524,"GARRAFA SEM TAMPA FALHA NA FILTEC, GARRAFA CAIU E MOLHOU O FILME",GARRAFA SEM TAMPA FALHA NA FILTEC GARRAFA CAIU E MOLHOU O FILME,FALHA DE INSPEÇÃO,FALHA DE INSPECAO,TEST
3525,LONA PATINANDO OCASIONANDO QUEDA DE GARRAFAS E ABERTURA DE PACOTES,LONA PATINANDO OCASIONANDO QUEDA DE GARRAFAS E ABERTURA DE PACOTES,PATINAGEM DE ESTEIRA,PATINAGEM DE ESTEIRA,TEST
3526,EIXO DO PLANETÁRIO QUEBROL SOLTADO A ENGENAGEM QUE A DO CAPSULADOR 12 E 13,EIXO DO PLANETARIO QUEBROL SOLTADO A ENGENAGEM QUE A DO CAPSULADOR 12 E 13,QUEBRA DE EIXO,QUEBRA DE EIXO,TRAIN
3527,EIXO DO PLANETÁRIO QUEBROU SOLTADO A ENGENAGEM DO CAPSULADOR 12 E 13,EIXO DO PLANETARIO QUEBROU SOLTADO A ENGENAGEM DO CAPSULADOR 12 E 13,QUEBRA DE EIXO,QUEBRA DE EIXO,TRAIN
3528,FALHA ENCHIMENTO VÁLVULA 75 NÍVEL BAIXO,FALHA ENCHIMENTO VALVULA 75 NIVEL BAIXO,FALHA DE VÁLVULA DE ENCHIMENTO,FALHA DE VALVULA DE ENCHIMENTO,TRAIN
3529,ESTEIRA DA CURVA DE ENTRADA DA PALETIZADORA ESCAPOU,ESTEIRA DA CURVA DE ENTRADA DA PALETIZADORA ESCAPOU,ESCAPE DE ESTEIRA,ESCAPE DE ESTEIRA,TRAIN
3530,MANGUEIRA DE ALIMENTAÇÃO DE AR COMPRIMIDO SOLTA (ORDEM: 30008783067),MANGUEIRA DE ALIMENTACAO DE AR COMPRIMIDO SOLTA ORDEM 30008783067,FALHA DE CONEXÃO DE MANGUEIRA,FALHA DE CONEXAO DE MANGUEIRA,TRAIN
3531,FALHA NO IHM RESET NO PAIEL.NOTA 30008783064,FALHA NO IHM RESET NO PAIEL NOTA 30008783064,FALHA DE IHM,FALHA DE IHM,TRAIN
3532,SENSOR DO CENTRALIZADOR FORA DE POSIÇÃO,SENSOR DO CENTRALIZADOR FORA DE POSICAO,FALHA DE SENSOR,FALHA DE SENSOR,TRAIN
3533,FALHA DE COMUNICAÇÃO 30008783120,FALHA DE COMUNICACAO 30008783120,FALHA DE COMUNICAÇÃO,FALHA DE COMUNICACAO,TRAIN
3534,FALHA DE PLC 30008783116,FALHA DE PLC 30008783116,FALHA DE PLC,FALHA DE PLC,TRAIN
3535,AJUSTE NO CAPSULADOR SAINDO TAMPA TORTA ORDEM 30008783122,AJUSTE NO CAPSULADOR SAINDO TAMPA TORTA ORDEM 30008783122,FALHA DE TAMPAMENTO,FALHA DE TAMPAMENTO,TRAIN
3537,RÉGUA DE ENVOLVIMENTO SE PREDEU NO CICLO,REGUA DE ENVOLVIMENTO SE PREDEU NO CICLO,FALHA DE ENVOLVIMENTO,FALHA DE ENVOLVIMENTO,TRAIN
3538,"CHECK MATE CARTÃO CORROMPIDO, PERDEU CONFIGURAÇÃO",CHECK MATE CARTAO CORROMPIDO PERDEU CONFIGURACAO,FALHA DE INSPEÇÃO,FALHA DE INSPECAO,TRAIN
3539,LONA CORRENDO,LONA CORRENDO,ESCAPE DE ESTEIRA,ESCAPE DE ESTEIRA,TRAIN
3540,"FALHA DE CODIFICAÇÃO, REALIZADO PROCESSO DE ESVAZIAMENTO DA LINHA",FALHA DE CODIFICACAO REALIZADO PROCESSO DE ESVAZIAMENTO DA LINHA,FALHA DE CODIFICAÇÃO,FALHA DE CODIFICACAO,TRAIN
3541,ESTEIRA DA CURVA DA PALETIZADORA ESCAPANDO E GERANDO EMPACTO NA PRODUÇÃO,ESTEIRA DA CURVA DA PALETIZADORA ESCAPANDO E GERANDO EMPACTO NA PRODUCAO,ESCAPE DE ESTEIRA,ESCAPE DE ESTEIRA,TEST
3542,FALHA NO MOMENTO DE PUXAR BEBIDA,FALHA NO MOMENTO DE PUXAR BEBIDA,FALHA NO ENVIO DE BEBIDA,FALHA NO ENVIO DE BEBIDA,TEST
3543,AJUSTE NO TORQUE ESTATICO DO CAPSULADOR DE 11 FOI PARA 13 ORDEM 30008784877,AJUSTE NO TORQUE ESTATICO DO CAPSULADOR DE 11 FOI PARA 13 ORDEM 30008784877,FALHA DE TAMPAMENTO,FALHA DE TAMPAMENTO,TEST
3544,FIXAÇÃO DE SENSOR DA GRELHA / 13319949,FIXACAO DE SENSOR DA GRELHA 13319949,FALHA DE SENSOR,FALHA DE SENSOR,TRAIN
3545,TRANSPORTE TRECHO ENCA SAIU DO LUGAR E APÓS REARME DO MOTOR,TRANSPORTE TRECHO ENCA SAIU DO LUGAR E APOS REARME DO MOTOR,FALHA DE MOTOR,FALHA DE MOTOR,TRAIN
3546,"FALHANA PEGA DE GARRAFAS DEVIDO TULIPA FURADA, REALIZADA A TROCA",FALHANA PEGA DE GARRAFAS DEVIDO TULIPA FURADA REALIZADA A TROCA,FALHA DE TULIPA,FALHA DE TULIPA,TRAIN
3547,"QUEBRA DO BICO DO TUBO DE AR, TROCA DA PEÇA DE SUSTENTAÇÃO DO TUBO DE AR",QUEBRA DO BICO DO TUBO DE AR TROCA DA PECA DE SUSTENTACAO DO TUBO DE AR,QUEBRA DE COMPONENTE,QUEBRA DE COMPONENTE,TRAIN
3548,"ENCHEDORA COM VELOCIDADE ABAIXO DO NOMINAL,DEVIDO A CRASCH NA RECRAVADORA",ENCHEDORA COM VELOCIDADE ABAIXO DO NOMINAL DEVIDO A CRASCH NA RECRAVADORA,FALHA DE RECRAVAÇÃO,FALHA DE RECRAVACAO,TRAIN
3549,SENSOR FORA DE FOCO,SENSOR FORA DE FOCO,FALHA DE SENSOR,FALHA DE SENSOR,TEST
3550,VELOCIDADE ABAIXO DA NOMINAL DEVIDO COPALSO DAS LATAS,VELOCIDADE ABAIXO DA NOMINAL DEVIDO COPALSO DAS LATAS,COLAPSO DE LATAS,COLAPSO DE LATAS,TRAIN
3551,AJUSTE NA HEUFT,AJUSTE NA HEUFT,FALHA DE INSPEÇÃO,FALHA DE INSPECAO,TEST
3552,LATAS COLAPSANDO DURANTE PARTIDA E PRODUÇÃO - ATUAÇÃO TIME FERRUM,LATAS COLAPSANDO DURANTE PARTIDA E PRODUCAO ATUACAO TIME FERRUM,COLAPSO DE LATAS,COLAPSO DE LATAS,TRAIN
3553,"FALHA DE CORREIAS DO TRANSPORTE DE TAMPAS, FORA DE POSIÇÃO",FALHA DE CORREIAS DO TRANSPORTE DE TAMPAS FORA DE POSICAO,FALHA DE CORREIA,FALHA DE CORREIA,TRAIN
3554,QUEDA DE GARRAFA INDO NO SENSOR DE NIVEL DO RESFRIAMENTO DE FUNDO DA GARRAFA,QUEDA DE GARRAFA INDO NO SENSOR DE NIVEL DO RESFRIAMENTO DE FUNDO DA GARRAFA,FALHA DE SENSOR,FALHA DE SENSOR,TRAIN
3555,TROCA DA VÁLVULA 15 DEVIDO FALHA NO ENCHIMENTO,TROCA DA VALVULA 15 DEVIDO FALHA NO ENCHIMENTO,FALHA DE VÁLVULA DE ENCHIMENTO,FALHA DE VALVULA DE ENCHIMENTO,TRAIN
3556,EXCESSO DE REJEITO POR TAMPA TORTA,EXCESSO DE REJEITO POR TAMPA TORTA,FALHA DE REJEIÇÃO,FALHA DE REJEICAO,TEST
3557,"FALHA NO NO BREAK, FALHA NO MOTOR PRINCIPAL",FALHA NO NO BREAK FALHA NO MOTOR PRINCIPAL,FALHA DE NOBREAK,FALHA DE NOBREAK,TEST
3558,AJUSTE SETUP DO INSPETOR DE NIVEL,AJUSTE SETUP DO INSPETOR DE NIVEL,FALHA DE INSPEÇÃO,FALHA DE INSPECAO,TRAIN
3559,TAMPA METALICA AMASSANDO DENTRO DO ARROLHADOR E CAUSANDO PARADA,TAMPA METALICA AMASSANDO DENTRO DO ARROLHADOR E CAUSANDO PARADA,AMASSAMENTO DE LATAS,AMASSAMENTO DE LATAS,TRAIN
3560,QUEBRA DO PARAFUSO DE FIXAÇÃO DA MOLA DA RESISTÊNCIA DO CORTE DO FILME – ORDEM 30008787475,QUEBRA DO PARAFUSO DE FIXACAO DA MOLA DA RESISTENCIA DO CORTE DO FILME ORDEM 30008787475,FALHA DE CORTE DE FILME,FALHA DE CORTE DE FILME,TEST
3561,CENTRADOR DIREITO COM A CHAPINHA DE ALCANCE DO SENSOR QUEBRADA (ORDEM 30008787752),CENTRADOR DIREITO COM A CHAPINHA DE ALCANCE DO SENSOR QUEBRADA ORDEM 30008787752,FALHA DE SENSOR,FALHA DE SENSOR,TRAIN
3562,REJEITO EXCESSIVO DE GARRAFAS BOAS,REJEITO EXCESSIVO DE GARRAFAS BOAS,FALHA DE REJEIÇÃO,FALHA DE REJEICAO,TEST
3563,"TROCA DA PINÇA NUME 11, ESTRELA DE TRANSFERENCIA DA REFRIGERAÇÃO DE FUNDO",TROCA DA PINCA NUME 11 ESTRELA DE TRANSFERENCIA DA REFRIGERACAO DE FUNDO,FALHA DE PINÇA,FALHA DE PINCA,TRAIN
3564,LATAS COLAPSANDO DURANTE PARTIDA E PRODUÇÃO EM VELOCIDADE NOMINAL - ATUAÇÃO TIME FERRUM,LATAS COLAPSANDO DURANTE PARTIDA E PRODUCAO EM VELOCIDADE NOMINAL ATUACAO TIME FERRUM,COLAPSO DE LATAS,COLAPSO DE LATAS,TRAIN
3565,FALHA NO SENSOR DE RECONHECIMENTO DE PALETE,FALHA NO SENSOR DE RECONHECIMENTO DE PALETE,FALHA DE SENSOR,FALHA DE SENSOR,TRAIN
3566,"SUPORTE DE FIXAÇÃO DO SENSOR DA BOBINA DE FILME,FORA DE POSIÇÃO E GERANDO FALHA NA SOLDA DO MESMO - ORDEM - 30008786921",SUPORTE DE FIXACAO DO SENSOR DA BOBINA DE FILME FORA DE POSICAO E GERANDO FALHA NA SOLDA DO MESMO ORDEM 30008786921,FALHA DE SENSOR,FALHA DE SENSOR,TRAIN
3567,FALHA NO SENSOR DO PISTÃO DE ELEVAÇÃO DO PACOTE DE TAMPA - NOTA 30008786903,FALHA NO SENSOR DO PISTAO DE ELEVACAO DO PACOTE DE TAMPA NOTA 30008786903,FALHA DE SENSOR,FALHA DE SENSOR,TRAIN
3568,"ENCHEDORA COM VELOCIDADE ABAIXO DO NOMINAL,DEVIDO A CRASCH NA RECRAVADORA",ENCHEDORA COM VELOCIDADE ABAIXO DO NOMINAL DEVIDO A CRASCH NA RECRAVADORA,FALHA DE RECRAVAÇÃO,FALHA DE RECRAVACAO,TRAIN
3569,ENROSCO DE LATA NA GUIA DO TWISTER,ENROSCO DE LATA NA GUIA DO TWISTER,ENROSCO DE LATAS,ENROSCO DE LATAS,TRAIN
3570,"PACOTES ABERTOS NAS PARTIDAS PÓS PARADA DO EQUIPAMENTO, LEVANDO O MESMO E ESTOURANDO LATAS NO DEVICER, AUMENTO DE PRESSÃO DA BAILARINA",PACOTES ABERTOS NAS PARTIDAS POS PARADA DO EQUIPAMENTO LEVANDO O MESMO E ESTOURANDO LATAS NO DEVICER AUMENTO DE PRESSAO DA BAILARINA,FALHA DE BAILARINA,FALHA DE BAILARINA,TRAIN
3571,"ENROSCO DO GUIA NA TRANSFERENCIA DE TAMPAS, AMARRADO COM FITA, SOLDA QUEBRADA",ENROSCO DO GUIA NA TRANSFERENCIA DE TAMPAS AMARRADO COM FITA SOLDA QUEBRADA,ENROSCO DE TAMPAS,ENROSCO DE TAMPAS,TRAIN
3572,ENROSCO DE LATA NA GUIA DO TWISTER,ENROSCO DE LATA NA GUIA DO TWISTER,ENROSCO DE LATAS,ENROSCO DE LATAS,TRAIN
3573,FALHA NO INVERSOR Nº 231,FALHA NO INVERSOR N 231,FALHA DE INVERSOR,FALHA DE INVERSOR,TEST
3574,LATAS COLAPSANDO DURANTE PARTIDA E PRODUÇÃO - ATUAÇÃO TIME FERRUM,LATAS COLAPSANDO DURANTE PARTIDA E PRODUCAO ATUACAO TIME FERRUM,COLAPSO DE LATAS,COLAPSO DE LATAS,TRAIN
3575,ENROSO DE TAMPAS,ENROSO DE TAMPAS,ENROSCO DE TAMPAS,ENROSCO DE TAMPAS,TRAIN
3576,ENROSCO DE TAMPA NA CANALETA,ENROSCO DE TAMPA NA CANALETA,ENROSCO DE TAMPAS,ENROSCO DE TAMPAS,TEST
3577,CHAPA DO SUPORTE DO ENCONDER SOLTOU,CHAPA DO SUPORTE DO ENCONDER SOLTOU,FALHA DE ENCODER,FALHA DE ENCODER,TRAIN
3578,ENCHEDORA DESARMOU,ENCHEDORA DESARMOU,DESARME DE EQUIPAMENTO,DESARME DE EQUIPAMENTO,TRAIN
3579,GARRAFA COM TAMPA TORTA NA EMPACOTADORA PARANDO A MAQUINA,GARRAFA COM TAMPA TORTA NA EMPACOTADORA PARANDO A MAQUINA,FALHA DE TAMPAMENTO,FALHA DE TAMPAMENTO,TRAIN
3580,QUEDA DE TEMPERATURA PACOTE SAINDO MOLE VIRANDO NA MESA DA PALETIZADORA,QUEDA DE TEMPERATURA PACOTE SAINDO MOLE VIRANDO NA MESA DA PALETIZADORA,FALHA DE CONTROLE DE TEMPERATURA,FALHA DE CONTROLE DE TEMPERATURA,TRAIN
3581,GARRAFA COM TAMPA TORTA NA EMPACOTADORA PARANDO A MAQUINA ORDEM 30008788169,GARRAFA COM TAMPA TORTA NA EMPACOTADORA PARANDO A MAQUINA ORDEM 30008788169,FALHA DE TAMPAMENTO,FALHA DE TAMPAMENTO,TEST
3582,FALHA NO EMPURRADOR,FALHA NO EMPURRADOR,FALHA DE EMPURRADOR,FALHA DE EMPURRADOR,TRAIN
3583,FALHA DE BARREIRA - 30008787835,FALHA DE BARREIRA 30008787835,FALHA DE BARREIRA,FALHA DE BARREIRA,TRAIN
3584,FALHA NO CLP 30008787875,FALHA NO CLP 30008787875,FALHA DE PLC,FALHA DE PLC,TRAIN
3585,FALHA DE PLC,FALHA DE PLC,FALHA DE PLC,FALHA DE PLC,TRAIN
3586,"HASTE DO SUPORTE DO SENSOR DE LEITURA DE PACOTES COM VIBRAÇÃO, GERANDO FALHA NA LEITURA.",HASTE DO SUPORTE DO SENSOR DE LEITURA DE PACOTES COM VIBRACAO GERANDO FALHA NA LEITURA,FALHA DE SENSOR,FALHA DE SENSOR,TRAIN
3587,MAGAZINE DE CHAPATEX DESALINHADO CAUSANDO QUEDA DE PACOTES DURANTE A FORMAÇÃO DAS CAMADAS.,MAGAZINE DE CHAPATEX DESALINHADO CAUSANDO QUEDA DE PACOTES DURANTE A FORMACAO DAS CAMADAS,FALHA DE FORMAÇÃO DE CAMADA,FALHA DE FORMACAO DE CAMADA,TRAIN
3588,EXESSO DE REJEITO DE LATAS BOAS E NÃO ESTAVA REJEITANDO LATA TESTE NIVEL ALTO,EXESSO DE REJEITO DE LATAS BOAS E NAO ESTAVA REJEITANDO LATA TESTE NIVEL ALTO,FALHA DE ENCHIMENTO,FALHA DE ENCHIMENTO,TRAIN
3589,INSPETOR NÃO ESTAVA REJEITANDO LATAS TESTE,INSPETOR NAO ESTAVA REJEITANDO LATAS TESTE,FALHA DE INSPEÇÃO,FALHA DE INSPECAO,TRAIN
3590,"EXCESSO DE FALSO REJEITO, CAINDO LATAS PARA O TRANSPORTE DE ENTRADA",EXCESSO DE FALSO REJEITO CAINDO LATAS PARA O TRANSPORTE DE ENTRADA,FALHA DE REJEIÇÃO,FALHA DE REJEICAO,TRAIN
3591,ANOMALIA NO FTC - ENTRADA INFERIOR.,ANOMALIA NO FTC ENTRADA INFERIOR,FALHA DE INSPEÇÃO,FALHA DE INSPECAO,TRAIN
3592,AJUSTE SENSIBILIDADE NO SENSOR REJEIÇÃO DE ENTRADA.,AJUSTE SENSIBILIDADE NO SENSOR REJEICAO DE ENTRADA,FALHA DE SENSOR,FALHA DE SENSOR,TRAIN
3593,ANOMALIA NO FTC - ENTRADA INFERIOR.,ANOMALIA NO FTC ENTRADA INFERIOR,FALHA DE INSPEÇÃO,FALHA DE INSPECAO,TRAIN
3594,FALHA DE ELAU ORDEM: 30008788154,FALHA DE ELAU ORDEM 30008788154,FALHA DE ELAU,FALHA DE ELAU,TRAIN
3595,LAVADORA PARANDO POR NIVEL BAIXO NO TANQUE DOS PRE ESGUICHOS,LAVADORA PARANDO POR NIVEL BAIXO NO TANQUE DOS PRE ESGUICHOS,FALHA DE ENCHIMENTO,FALHA DE ENCHIMENTO,TRAIN
3596,DESCAPSULADOR EM FALHA FAZENDO COM QUE PASSE GARRAFAS COM TAMPAS PARA A PRODUÇÃO,DESCAPSULADOR EM FALHA FAZENDO COM QUE PASSE GARRAFAS COM TAMPAS PARA A PRODUCAO,FALHA DE DESCAPSULAMENTO,FALHA DE DESCAPSULAMENTO,TRAIN
3597,"FALHA NO DRIVE DA ENCHEDORA, FAZENDO COM QUE ELA SAIA DE SINCRONISMO E FALHA NO ELAU DA ENCHEDORA",FALHA NO DRIVE DA ENCHEDORA FAZENDO COM QUE ELA SAIA DE SINCRONISMO E FALHA NO ELAU DA ENCHEDORA,FALHA DE ELAU,FALHA DE ELAU,TRAIN
3598,ESTEIRA DO TRENSPORTE DE CAIXAS DA CURVA DE ENTRADA DA PALETIZADORA SAINDO FORA DE POSIÇÃO,ESTEIRA DO TRENSPORTE DE CAIXAS DA CURVA DE ENTRADA DA PALETIZADORA SAINDO FORA DE POSICAO,ESCAPE DE ESTEIRA,ESCAPE DE ESTEIRA,TRAIN
3599,ESTEIRA DO TRENSPORTE DE CAIXAS DA CURVA DE ENTRADA DA PALETIZADORA,ESTEIRA DO TRENSPORTE DE CAIXAS DA CURVA DE ENTRADA DA PALETIZADORA,FALHA DE ESTEIRA,FALHA DE ESTEIRA,TRAIN
3600,"MAGAZINE DE CARTÃO E PALLET TRAVADOS, FOI PRECISO FORÇAR EM MANUAL E REFAZER O CICLO AUTOMATICO",MAGAZINE DE CARTAO E PALLET TRAVADOS FOI PRECISO FORCAR EM MANUAL E REFAZER O CICLO AUTOMATICO,FALHA DE MAGAZINE,FALHA DE MAGAZINE,TEST
3601,LATAS COLAPSANDO DURANTE PARTIDA E PRODUÇÃO EM VELOCIDADE NOMINAL,LATAS COLAPSANDO DURANTE PARTIDA E PRODUCAO EM VELOCIDADE NOMINAL,COLAPSO DE LATAS,COLAPSO DE LATAS,TEST
3602,"FALHA DE RECRAVAÇÃO, ALTURA FORA DE ESPECIFICAÇÃO",FALHA DE RECRAVACAO ALTURA FORA DE ESPECIFICACAO,FALHA DE RECRAVAÇÃO,FALHA DE RECRAVACAO,TRAIN
3603,"EXCESSO DE FALSO REJEITO, REJEITANDO LATAS NIVEL NO ALVO",EXCESSO DE FALSO REJEITO REJEITANDO LATAS NIVEL NO ALVO,FALHA DE REJEIÇÃO,FALHA DE REJEICAO,TRAIN
3604,LATAS COLAPSANDO DURANTE PARTIDA E PRODUÇÃO EM VELOCIDADE NOMINAL,LATAS COLAPSANDO DURANTE PARTIDA E PRODUCAO EM VELOCIDADE NOMINAL,COLAPSO DE LATAS,COLAPSO DE LATAS,TEST
3605,QUEDA DE LATAS NO ALINHADOR ENCAVALANDO NA FRENTE DO SENSOR DE SEGURANÇA,QUEDA DE LATAS NO ALINHADOR ENCAVALANDO NA FRENTE DO SENSOR DE SEGURANCA,FALHA DE SENSOR,FALHA DE SENSOR,TEST
3606,FALHA NO PEGADOR DE CHAPATEX,FALHA NO PEGADOR DE CHAPATEX,FALHA DE PEGADOR,FALHA DE PEGADOR,TRAIN
3607,"SETUP RECRAVADORA, TIME FERRUM JUNTO COM MANUTENÇÃO",SETUP RECRAVADORA TIME FERRUM JUNTO COM MANUTENCAO,FALHA DE RECRAVAÇÃO,FALHA DE RECRAVACAO,TRAIN
3608,"EXCESSO DE LATAS BOAS, AJUSTE NA PRESCCO",EXCESSO DE LATAS BOAS AJUSTE NA PRESCCO,SEM MODO DE FALHA IDENTIFICADO,SEM MODO DE FALHA IDENTIFICADO,TRAIN
3609,"FALTA DE CHAPA NA DESCIDA DO TWISTER, ENROSCANDO LATAS",FALTA DE CHAPA NA DESCIDA DO TWISTER ENROSCANDO LATAS,ENROSCO DE LATAS,ENROSCO DE LATAS,TRAIN
3610,SETUP DA RECRAVADORA TIME FERRUM JUNTO COM MANUTENÇÃO,SETUP DA RECRAVADORA TIME FERRUM JUNTO COM MANUTENCAO,FALHA DE RECRAVAÇÃO,FALHA DE RECRAVACAO,TEST
3611,TROCA DAS VENTOSAS DO CABECOTE 310 ML,TROCA DAS VENTOSAS DO CABECOTE 310 ML,FALHA DE VÁCUO,FALHA DE VACUO,TRAIN
3612,AJUSTE NA RECRAVAÇÃO ( TECNICOS FERRUM),AJUSTE NA RECRAVACAO TECNICOS FERRUM,FALHA DE RECRAVAÇÃO,FALHA DE RECRAVACAO,TRAIN
3613,VIRADOR DE CAIXAS PARADO DEVIDO A QUEDA DO ESPELHO DO SENSOR,VIRADOR DE CAIXAS PARADO DEVIDO A QUEDA DO ESPELHO DO SENSOR,FALHA DE SENSOR,FALHA DE SENSOR,TEST
3614,ESTEIRA DA CURVA DA PALETIZADORA ESCAPANDO,ESTEIRA DA CURVA DA PALETIZADORA ESCAPANDO,ESCAPE DE ESTEIRA,ESCAPE DE ESTEIRA,TRAIN
3615,FALHA NA FORMAÇÃO DE CAMADAS DA PALETIZADORA DEVIDO AOS ROLETES DANIFICADOS,FALHA NA FORMACAO DE CAMADAS DA PALETIZADORA DEVIDO AOS ROLETES DANIFICADOS,FALHA DE ROLETES,FALHA DE ROLETES,TRAIN
3616,CHAPA DE TRANSFERENCIA DE GARRAFAS AMASSADA,CHAPA DE TRANSFERENCIA DE GARRAFAS AMASSADA,FALHA DE GUIA,FALHA DE GUIA,TRAIN
3617,ESTEIRA DO TRANSPORTE DE ENTRADA DA PALETIZADORA SAIU FORA DE POSIÇÃO,ESTEIRA DO TRANSPORTE DE ENTRADA DA PALETIZADORA SAIU FORA DE POSICAO,ESCAPE DE ESTEIRA,ESCAPE DE ESTEIRA,TRAIN
3618,FALHA NO SENSOR DE VALVULA DE ENCHIMENTO,FALHA NO SENSOR DE VALVULA DE ENCHIMENTO,FALHA DE SENSOR,FALHA DE SENSOR,TRAIN
3619,FALHA NO SENSOR DE ABERTURA DAS VALVULA OCASIONADO ABERTURA DAS VALVULAS E PERCA DA PRESSÃO DA ENCHEDORA,FALHA NO SENSOR DE ABERTURA DAS VALVULA OCASIONADO ABERTURA DAS VALVULAS E PERCA DA PRESSAO DA ENCHEDORA,FALHA DE SENSOR,FALHA DE SENSOR,TRAIN
3620,"AJUSTE NA RECRAVADORA, EQUIPE FERRUM",AJUSTE NA RECRAVADORA EQUIPE FERRUM,FALHA DE RECRAVAÇÃO,FALHA DE RECRAVACAO,TRAIN
3621,AJUSTES DOS TECNICOS DA FERRUM,AJUSTES DOS TECNICOS DA FERRUM,DESALINHAMENTO MECÂNICO,DESALINHAMENTO MECANICO,TEST
3622,FALHA NA TRANSFERÊNCIA DE GARRA VAZIA ENTRE AS PINÇAS NO SITEMA DE REFREAMENTO DE FUNDO.,FALHA NA TRANSFERENCIA DE GARRA VAZIA ENTRE AS PINCAS NO SITEMA DE REFREAMENTO DE FUNDO,FALHA DE PINÇA,FALHA DE PINCA,TRAIN
3623,FALHA DE CLP,FALHA DE CLP,FALHA DE PLC,FALHA DE PLC,TRAIN
3624,ESTEIRA QUEBRADA 30008789050,ESTEIRA QUEBRADA 30008789050,QUEBRA DE ESTEIRA,QUEBRA DE ESTEIRA,TEST
3625,"FALHA DE ENCOSTO DE AGRUPAMENTO ,NÃO NA POSIÇÃO FINAL",FALHA DE ENCOSTO DE AGRUPAMENTO NAO NA POSICAO FINAL,FALHA DE ENCOSTO DE AGRUPAMENTO,FALHA DE ENCOSTO DE AGRUPAMENTO,TRAIN
3626,FALHA NO SENSOR DO ENCOSTO DE AGRUPAMENTO,FALHA NO SENSOR DO ENCOSTO DE AGRUPAMENTO,FALHA DE SENSOR,FALHA DE SENSOR,TRAIN
3627,FALHA NO INSERIMENTO DE GARRAFAS FALSAS (FEITO MANUALMENTE ),FALHA NO INSERIMENTO DE GARRAFAS FALSAS FEITO MANUALMENTE,FALHA DE INSPEÇÃO,FALHA DE INSPECAO,TRAIN
3628,GÁS BAIXO NA PARTIDA,GAS BAIXO NA PARTIDA,FALHA DE CARBONATAÇÃO,FALHA DE CARBONATACAO,TRAIN
3629,TRANSPORTE ENCAVALANDO ESTEIRA,TRANSPORTE ENCAVALANDO ESTEIRA,TRAVAMENTO DE ESTEIRA,TRAVAMENTO DE ESTEIRA,TRAIN
3630,ENCHEDORA GERANDO LATAS VAZIAS,ENCHEDORA GERANDO LATAS VAZIAS,FALHA DE ENCHIMENTO,FALHA DE ENCHIMENTO,TRAIN
3631,FALHA NO INVERSOR 229,FALHA NO INVERSOR 229,FALHA DE INVERSOR,FALHA DE INVERSOR,TRAIN
3632,VENTOSA QUEBRADA,VENTOSA QUEBRADA,FALHA DE VENTOSA,FALHA DE VENTOSA,TRAIN
3633,ENCHEDORA SAINDO LATAS VAZIAS CAUSANDO ENROSCO NA RECRAVADORA,ENCHEDORA SAINDO LATAS VAZIAS CAUSANDO ENROSCO NA RECRAVADORA,FALHA DE RECRAVAÇÃO,FALHA DE RECRAVACAO,TEST
3634,"CHAPA SUPORTE ENCODER SOLTOU , AJUSTE.",CHAPA SUPORTE ENCODER SOLTOU AJUSTE,FALHA DE ENCODER,FALHA DE ENCODER,TRAIN
3635,ESCAPOU CORREIA TRANSPORTADORA CURVA ENTRADA DA PALETIZADORA.,ESCAPOU CORREIA TRANSPORTADORA CURVA ENTRADA DA PALETIZADORA,ESCAPE DE CORREIA,ESCAPE DE CORREIA,TRAIN
3636,ESCAPOU ESTEIRA TRANSPORTADORA DE CAIXA NA ENTRADA DA PALETIZADORA.,ESCAPOU ESTEIRA TRANSPORTADORA DE CAIXA NA ENTRADA DA PALETIZADORA,ESCAPE DE ESTEIRA,ESCAPE DE ESTEIRA,TRAIN
3637,"FALHA DO REJEITO, NOTA 30008789036",FALHA DO REJEITO NOTA 30008789036,FALHA DE REJEIÇÃO,FALHA DE REJEICAO,TRAIN
3638,"EXCESSO DE FALSO REJEITO, CAINDO LATAS PARA O TRANSPORTE DE ENTRADA",EXCESSO DE FALSO REJEITO CAINDO LATAS PARA O TRANSPORTE DE ENTRADA,FALHA DE REJEIÇÃO,FALHA DE REJEICAO,TRAIN
3639,QUEDA DE LATA NA MESA DE ENVOLVIMENTO - ORDEM - 30008789041,QUEDA DE LATA NA MESA DE ENVOLVIMENTO ORDEM 30008789041,QUEDA DE LATAS,QUEDA DE LATAS,TRAIN
3640,"EXCESSO DE FALSOS REJEITO, ORDEM : 30008789079",EXCESSO DE FALSOS REJEITO ORDEM 30008789079,FALHA DE REJEIÇÃO,FALHA DE REJEICAO,TRAIN
3641,TRANSPORTE GERANDO CRASH DE LATAS E DERRUBANDO PARA A ENTRADA DA ENCHEDORA,TRANSPORTE GERANDO CRASH DE LATAS E DERRUBANDO PARA A ENTRADA DA ENCHEDORA,CRASH DE LATAS,CRASH DE LATAS,TEST
3642,VALVULA Nº15 COM VARIAÇÃO DE ENCHIMENTO ( NIVEL BAIXO ) EM EXCESSO,VALVULA N 15 COM VARIACAO DE ENCHIMENTO NIVEL BAIXO EM EXCESSO,FALHA DE VÁLVULA DE ENCHIMENTO,FALHA DE VALVULA DE ENCHIMENTO,TRAIN
3643,"MAQUINA EM PROCESSO AUTOMATICO DANDO GAS BAIXO POR 4 VEZES SEGUIDAS NA PARTIDA, NECESSARIO AUMENTAR O FATOR DE CARBONATAÇÃO PARA ADEQUAR PARTIDA",MAQUINA EM PROCESSO AUTOMATICO DANDO GAS BAIXO POR 4 VEZES SEGUIDAS NA PARTIDA NECESSARIO AUMENTAR O FATOR DE CARBONATACAO PARA ADEQUAR PARTIDA,FALHA DE CARBONATAÇÃO,FALHA DE CARBONATACAO,TEST
3644,FALHA DE INVERSOR 480,FALHA DE INVERSOR 480,FALHA DE INVERSOR,FALHA DE INVERSOR,TRAIN
3645,MÁQUINA DESLIGANDO SOZINHA OCASIONADO FALTA DE LATAS NO TRANSPORTE,MAQUINA DESLIGANDO SOZINHA OCASIONADO FALTA DE LATAS NO TRANSPORTE,FALHA DE ALIMENTAÇÃO DE LATAS,FALHA DE ALIMENTACAO DE LATAS,TRAIN
3646,FALHA NO REJEITO DE LATAS DEITADAS OCASIONANDO ENROSCO DE LATAS NO ALINHADOR (TROCA DO RELÉ),FALHA NO REJEITO DE LATAS DEITADAS OCASIONANDO ENROSCO DE LATAS NO ALINHADOR TROCA DO RELE,FALHA DE REJEIÇÃO,FALHA DE REJEICAO,TEST
3647,AJUSTES NA ALTURA E PARAMETROS,AJUSTES NA ALTURA E PARAMETROS,DESALINHAMENTO MECÂNICO,DESALINHAMENTO MECANICO,TRAIN
3648,FALHA DE BARREIRA NA SAIDA DE PALETE DE CARTÃO,FALHA DE BARREIRA NA SAIDA DE PALETE DE CARTAO,FALHA DE BARREIRA,FALHA DE BARREIRA,TRAIN
3649,FALHA NO SENSOR DA PORTA DA ENCHEDORA ACUSANDO A PORTA DE ESTAR ABERTA E PARANDO O EQUIPAMENTO,FALHA NO SENSOR DA PORTA DA ENCHEDORA ACUSANDO A PORTA DE ESTAR ABERTA E PARANDO O EQUIPAMENTO,FALHA DE SENSOR,FALHA DE SENSOR,TRAIN
3650,CALIBRAÇÃO ENOS A100,CALIBRACAO ENOS A100,SEM MODO DE FALHA IDENTIFICADO,SEM MODO DE FALHA IDENTIFICADO,TRAIN
3651,DESCAPSULADOR EM FALHA FAZENDO COM QUE PASSE GARRAFAS COM TAMPAS,DESCAPSULADOR EM FALHA FAZENDO COM QUE PASSE GARRAFAS COM TAMPAS,FALHA DE DESCAPSULAMENTO,FALHA DE DESCAPSULAMENTO,TRAIN
3652,ESTEIRA DE CAIXAS DA CURVA DA PALETIZADORA ESCAPANDO,ESTEIRA DE CAIXAS DA CURVA DA PALETIZADORA ESCAPANDO,ESCAPE DE ESTEIRA,ESCAPE DE ESTEIRA,TRAIN
3653,DESCAPSULADOR NÃO RETIRANDO TODAS AS TAMPAS CAUSANDO PARADA NO EQUIPAMENTO ENOS,DESCAPSULADOR NAO RETIRANDO TODAS AS TAMPAS CAUSANDO PARADA NO EQUIPAMENTO ENOS,FALHA DE DESCAPSULAMENTO,FALHA DE DESCAPSULAMENTO,TRAIN
3654,ENOS A100 PARADA PARA CALIBRAÇÃO,ENOS A100 PARADA PARA CALIBRACAO,SEM MODO DE FALHA IDENTIFICADO,SEM MODO DE FALHA IDENTIFICADO,TRAIN
3655,ENOS A100 FALHA NA AUTO CALIBRAÇÃO (CRITICO FLUXO CH2 LENTO/ PRECAUÇÃO CH2 TRF BAIXO),ENOS A100 FALHA NA AUTO CALIBRACAO CRITICO FLUXO CH2 LENTO PRECAUCAO CH2 TRF BAIXO,FALHA DE CONTROLE DE PROCESSO,FALHA DE CONTROLE DE PROCESSO,TRAIN
3656,TROCA DE PINÇA DE TRANSFERENCIA,TROCA DE PINCA DE TRANSFERENCIA,FALHA DE PINÇA,FALHA DE PINCA,TRAIN
3657,TROCA DE 5 PINÇAS COM DESGASTE DA ESTRELA DE TRANSFERENCIA DA REFRIGERAÇÃO DE FUNDO,TROCA DE 5 PINCAS COM DESGASTE DA ESTRELA DE TRANSFERENCIA DA REFRIGERACAO DE FUNDO,FALHA DE PINÇA,FALHA DE PINCA,TRAIN
3658,"QUEDA DE GARRAFAS NA ESTRELA DE TRANSFERENCIA DA REFRIGERAÇÃO DE FUNDO, OCASIONANDO FALHA NA ENCHEDORA E PARADA NO EQUIPAMENTO",QUEDA DE GARRAFAS NA ESTRELA DE TRANSFERENCIA DA REFRIGERACAO DE FUNDO OCASIONANDO FALHA NA ENCHEDORA E PARADA NO EQUIPAMENTO,QUEDA DE GARRAFAS,QUEDA DE GARRAFAS,TEST
3659,PISTÃO DO COMPACTADOR DE CAMADA FRONTAL QUEBRADO,PISTAO DO COMPACTADOR DE CAMADA FRONTAL QUEBRADO,QUEBRA DE ATUADOR,QUEBRA DE ATUADOR,TEST
3660,ATUAÇÃO DOS TÉCNICOS DA FERRUM PARA FAZER AJUSTE,ATUACAO DOS TECNICOS DA FERRUM PARA FAZER AJUSTE,SEM MODO DE FALHA IDENTIFICADO,SEM MODO DE FALHA IDENTIFICADO,TEST
3661,QUEDA DE ESTEIRA NO TRECHO DA PALETIZADORA,QUEDA DE ESTEIRA NO TRECHO DA PALETIZADORA,FALHA DE ESTEIRA,FALHA DE ESTEIRA,TRAIN
3662,"FALHA EMPURRADOR DE ROTULO, TRAVOU A BANDEIJA",FALHA EMPURRADOR DE ROTULO TRAVOU A BANDEIJA,FALHA DE ROTULAGEM,FALHA DE ROTULAGEM,TEST
3663,QUEDA DE ESTEIRA NA CURVA DA PALETIZADORA,QUEDA DE ESTEIRA NA CURVA DA PALETIZADORA,FALHA DE ESTEIRA,FALHA DE ESTEIRA,TRAIN
3664,ATUAÇÃO DOS TÉCNICOS DA FERRUM PARA FAZER AJUSTE ORDEM:30008790221,ATUACAO DOS TECNICOS DA FERRUM PARA FAZER AJUSTE ORDEM 30008790221,SEM MODO DE FALHA IDENTIFICADO,SEM MODO DE FALHA IDENTIFICADO,TEST
3665,SAINDO LATAS MARCADAS VELOCIDADE DA ENCHEDORA REDUZIDA,SAINDO LATAS MARCADAS VELOCIDADE DA ENCHEDORA REDUZIDA,AMASSAMENTO DE LATAS,AMASSAMENTO DE LATAS,TRAIN
3666,QUEIMA DO FUSÌVEL DA BARREIRA,QUEIMA DO FUSIVEL DA BARREIRA,ATUAÇÃO/QUEIMA DE FUSÍVEL,ATUACAO QUEIMA DE FUSIVEL,TEST
3667,SAINDO LATAS MARCADAS VELOCIDADE DA ENCHEDORA REDUZIDA,SAINDO LATAS MARCADAS VELOCIDADE DA ENCHEDORA REDUZIDA,AMASSAMENTO DE LATAS,AMASSAMENTO DE LATAS,TRAIN
3668,FALHA DE ELAU OCASIONADO A PERDA DE SINCRONISMO,FALHA DE ELAU OCASIONADO A PERDA DE SINCRONISMO,FALHA DE ELAU,FALHA DE ELAU,TRAIN
3670,INSPETOR COM FALHA MODULO ETHERCAT,INSPETOR COM FALHA MODULO ETHERCAT,FALHA DE COMUNICAÇÃO,FALHA DE COMUNICACAO,TRAIN
3671,TROCA DA FACA DA VARIOPAC30008791202,TROCA DA FACA DA VARIOPAC30008791202,FALHA DE CORTE DE FILME,FALHA DE CORTE DE FILME,TRAIN
3672,FALHA NO MAGAZINE DE PALETE,FALHA NO MAGAZINE DE PALETE,FALHA DE MAGAZINE,FALHA DE MAGAZINE,TEST
3673,FALHA NO VIRADOR NDE PACOTES,FALHA NO VIRADOR NDE PACOTES,FALHA NO VIRADOR DE PACOTES,FALHA NO VIRADOR DE PACOTES,TRAIN
3674,FALHA NO VIRADOR DE PACOTES,FALHA NO VIRADOR DE PACOTES,FALHA NO VIRADOR DE PACOTES,FALHA NO VIRADOR DE PACOTES,TEST
3675,QUEDA DE LATA NA CHAPA DE PASSAGEM DO WORMER.,QUEDA DE LATA NA CHAPA DE PASSAGEM DO WORMER,QUEDA DE LATAS,QUEDA DE LATAS,TRAIN
3676,FALHA DE ENCHIMENTO,FALHA DE ENCHIMENTO,FALHA DE ENCHIMENTO,FALHA DE ENCHIMENTO,TRAIN
3677,ENROSCO DE PACOTES NO CANAL A,ENROSCO DE PACOTES NO CANAL A,ENROSCO DE PACOTES,ENROSCO DE PACOTES,TRAIN
3678,FALHA REFERENCIA DO CICLO DO ELEVADOR DE PALELETE DA DESPAL 30008790532,FALHA REFERENCIA DO CICLO DO ELEVADOR DE PALELETE DA DESPAL 30008790532,FALHA DE ELEVADOR,FALHA DE ELEVADOR,TRAIN
3679,VELOCIDADE REDUZIDA DEVIDO AMASSAMENTO DE LATAS,VELOCIDADE REDUZIDA DEVIDO AMASSAMENTO DE LATAS,AMASSAMENTO DE LATAS,AMASSAMENTO DE LATAS,TRAIN
3680,VELOCIDADE REDUZIDA,VELOCIDADE REDUZIDA,VELOCIDADE REDUZIDA SEM CAUSA IDENTIFICADA,VELOCIDADE REDUZIDA SEM CAUSA IDENTIFICADA,TEST
3681,"MESA DE ARRASTE CAM DEGRAL, NO PENTE DE TRANSFERÊNCIA,OCORRENDO QUEDA DE LATA.",MESA DE ARRASTE CAM DEGRAL NO PENTE DE TRANSFERENCIA OCORRENDO QUEDA DE LATA,QUEDA DE LATAS,QUEDA DE LATAS,TEST
3682,FALHA NO SENSOR DO ACOPLAMENTO 30008791277,FALHA NO SENSOR DO ACOPLAMENTO 30008791277,FALHA DE SENSOR,FALHA DE SENSOR,TRAIN
3683,FALHA NO SENSOR ENTRADA DE PACOTE ORDEM (30008791250),FALHA NO SENSOR ENTRADA DE PACOTE ORDEM 30008791250,FALHA DE SENSOR,FALHA DE SENSOR,TRAIN
3684,AJUSTE NA CODIFICAÇÃO,AJUSTE NA CODIFICACAO,FALHA DE CODIFICAÇÃO,FALHA DE CODIFICACAO,TEST
3685,ALTURA DA PINCAS DESAJUSTADA,ALTURA DA PINCAS DESAJUSTADA,FALHA DE PINÇA,FALHA DE PINCA,TEST
3686,CORRENTE FLOCHA.,CORRENTE FLOCHA,FALHA DE CORRENTE,FALHA DE CORRENTE,TRAIN
3687,"DESARME DO TRANSPORTE DE CAIXAS DA DESPAL ,CAUSANDO PARADA NA MAQUINA",DESARME DO TRANSPORTE DE CAIXAS DA DESPAL CAUSANDO PARADA NA MAQUINA,DESARME DE TRANSPORTE,DESARME DE TRANSPORTE,TEST
3688,ENROSCO DE TAMPAS CAUSANDO PARADAS NA MAQUINA,ENROSCO DE TAMPAS CAUSANDO PARADAS NA MAQUINA,ENROSCO DE TAMPAS,ENROSCO DE TAMPAS,TRAIN
3689,ENROSCO DE TAMPAS CAUSANDO PARADAS NO EQUIPAMENTO,ENROSCO DE TAMPAS CAUSANDO PARADAS NO EQUIPAMENTO,ENROSCO DE TAMPAS,ENROSCO DE TAMPAS,TRAIN
3690,ENTRANDO ROLHAS INVERTIDAS CAUSANDO PARADAS NA MAQUINA MANUTENCAO ATUOU E ACERTOU ESSE DETALHE,ENTRANDO ROLHAS INVERTIDAS CAUSANDO PARADAS NA MAQUINA MANUTENCAO ATUOU E ACERTOU ESSE DETALHE,TAMPA INVERTIDA,TAMPA INVERTIDA,TRAIN
3691,EROSCO DE PACOTE NO CANAL (A),EROSCO DE PACOTE NO CANAL A,TAMPA INVERTIDA,TAMPA INVERTIDA,TEST
3692,FALHA NA ENTRADA DE PALETE PARA PALETIZADORA ORDEM 30008791652,FALHA NA ENTRADA DE PALETE PARA PALETIZADORA ORDEM 30008791652,FALHA DE FORMAÇÃO DE CAMADA,FALHA DE FORMACAO DE CAMADA,TRAIN
3693,FALHA NO EMPURRADOR.ORDEM- 30008792214.,FALHA NO EMPURRADOR ORDEM 30008792214,FALHA DE EMPURRADOR,FALHA DE EMPURRADOR,TRAIN
3694,FALHA NO MAGAZINE DE PALLETS,FALHA NO MAGAZINE DE PALLETS,FALHA DE MAGAZINE,FALHA DE MAGAZINE,TRAIN
3695,FALHA NO REJEITO PROVOCO QUEDA DE GARRAFAS ABERTA NA EMPACOTADORA,FALHA NO REJEITO PROVOCO QUEDA DE GARRAFAS ABERTA NA EMPACOTADORA,FALHA DE REJEIÇÃO,FALHA DE REJEICAO,TRAIN
3696,FALHA NO SENSOR DA TRANSFERENCIA DO PACOTE (30008791330),FALHA NO SENSOR DA TRANSFERENCIA DO PACOTE 30008791330,FALHA DE SENSOR,FALHA DE SENSOR,TRAIN
3697,FALHA NO SENSOR DO EMPURRADOR/FALHA NO VIRADOR DE PACOTES.,FALHA NO SENSOR DO EMPURRADOR FALHA NO VIRADOR DE PACOTES,FALHA DE SENSOR,FALHA DE SENSOR,TRAIN
3698,FALTA DE AR,FALTA DE AR,FALHA DE SUPRIMENTO DE AR COMPRIMIDO,FALHA DE SUPRIMENTO DE AR COMPRIMIDO,TRAIN
3699,FEITO UM PALEATIVO PARA IMPEDIR QUE AS GARRAFAS QUE ESTÃO CAINDO NA REFRIGERAÇÃO NÃO TAMPE O SENSOR,FEITO UM PALEATIVO PARA IMPEDIR QUE AS GARRAFAS QUE ESTAO CAINDO NA REFRIGERACAO NAO TAMPE O SENSOR,FALHA DE SENSOR,FALHA DE SENSOR,TEST
3700,JETFLOU ENTUPIDO VIBRADOR NAO PARA COM A ENCHEDORA PARADA 30008792218,JETFLOU ENTUPIDO VIBRADOR NAO PARA COM A ENCHEDORA PARADA 30008792218,FALHA DE VIBRADOR,FALHA DE VIBRADOR,TRAIN
3701,LATA TOMBANDO NO TRANSPOTE,LATA TOMBANDO NO TRANSPOTE,TOMBAMENTO DE RECIPIENTES,TOMBAMENTO DE RECIPIENTES,TRAIN
3702,MAGAZINE DE PALLET COM CORRENTE DE ELEVAÇÃO DESAJUSTADA,MAGAZINE DE PALLET COM CORRENTE DE ELEVACAO DESAJUSTADA,FALHA DE MAGAZINE,FALHA DE MAGAZINE,TRAIN
3703,PARADA NO CHUTADOR DO INSPETOR DE NIVEL 30008792217,PARADA NO CHUTADOR DO INSPETOR DE NIVEL 30008792217,FALHA DE REJEIÇÃO,FALHA DE REJEICAO,TRAIN
3704,PARAFUSO SOLTO NAS CHAPA SEPARADORA DE GARRAFAS DE PASSAGEM DE GARRAFAS MAQUINA FORA DE SINCRONISMO 30008792224,PARAFUSO SOLTO NAS CHAPA SEPARADORA DE GARRAFAS DE PASSAGEM DE GARRAFAS MAQUINA FORA DE SINCRONISMO 30008792224,FALHA DE FIXAÇÃO,FALHA DE FIXACAO,TRAIN
3705,"QUEBRA DE TULIPA E TUBO DE AR , TROCA FOI REALIZADA PELO OPERADOR",QUEBRA DE TULIPA E TUBO DE AR TROCA FOI REALIZADA PELO OPERADOR,QUEBRA DE COMPONENTE,QUEBRA DE COMPONENTE,TRAIN
3706,QUEBROU A ESTEIRA DO TRANSPORTE DE PACOTE SAIDA DO FORNO ORDEM 30008791632,QUEBROU A ESTEIRA DO TRANSPORTE DE PACOTE SAIDA DO FORNO ORDEM 30008791632,QUEBRA DE ESTEIRA,QUEBRA DE ESTEIRA,TRAIN
3707,QUEDA DE LATA NA MESA DE ARRASTE PENTE DE TRANSFERERICIA DESNIVELADO (ORDEM30008791287,QUEDA DE LATA NA MESA DE ARRASTE PENTE DE TRANSFERERICIA DESNIVELADO ORDEM30008791287,QUEDA DE LATAS,QUEDA DE LATAS,TRAIN
3708,"QUEDAS DE GARRAFAS NA REFRIGERAÇÃO DE FUNDO, OCASIONANDO FALHA E PARADA PARA LIMPEZA, POSSIVEL PINÇA DANIFICADA NUMERO 12 DA ESTRELA DE TRANSFERENCIA",QUEDAS DE GARRAFAS NA REFRIGERACAO DE FUNDO OCASIONANDO FALHA E PARADA PARA LIMPEZA POSSIVEL PINCA DANIFICADA NUMERO 12 DA ESTRELA DE TRANSFERENCIA,FALHA DE PINÇA,FALHA DE PINCA,TEST
3709,"SEGUIMENTO ERRANDO A GARRAFA DURANTE A REJEIÇÃO, OCASIONANDO FALHA NO EQUIPAMENTO NOTA: 30008791655",SEGUIMENTO ERRANDO A GARRAFA DURANTE A REJEICAO OCASIONANDO FALHA NO EQUIPAMENTO NOTA 30008791655,FALHA DE SEGMENTOS,FALHA DE SEGMENTOS,TEST
3710,"TROCA DA PINÇA N:12 QUEDA DE GARRAFAS E FALHA DE TRANSFERENCIA ,CAUSANDO FALHA NA MAQUINA 30008791294",TROCA DA PINCA N 12 QUEDA DE GARRAFAS E FALHA DE TRANSFERENCIA CAUSANDO FALHA NA MAQUINA 30008791294,FALHA DE PINÇA,FALHA DE PINCA,TRAIN
3711,"CRASH DE GARRAFAS NA ESTRELA DE ENTRADA, OCASIONANDO PERDA DO SINCRONISMO E QUEBRA DO SENSOR",CRASH DE GARRAFAS NA ESTRELA DE ENTRADA OCASIONANDO PERDA DO SINCRONISMO E QUEBRA DO SENSOR,CRASH DE GARRAFAS,CRASH DE GARRAFAS,TRAIN
3712,EMPACOTADORA FORA DE SINCRONISMO,EMPACOTADORA FORA DE SINCRONISMO,FALHA DE SINCRONISMO,FALHA DE SINCRONISMO,TRAIN
3713,ENROSCO DE TAMPAS,ENROSCO DE TAMPAS,ENROSCO DE TAMPAS,ENROSCO DE TAMPAS,TEST
3714,ESCAPOU CORREIA TRANSPORTADORA DE CAIXA NA CURVA SAIDA DA DESENCAIXOTADORA.,ESCAPOU CORREIA TRANSPORTADORA DE CAIXA NA CURVA SAIDA DA DESENCAIXOTADORA,ESCAPE DE CORREIA,ESCAPE DE CORREIA,TEST
3715,ESCAPOU ESTEIRA TRANSPORTADORA DE CAIXA NA CURVA DA SAIDA DA PALETIZADORA,ESCAPOU ESTEIRA TRANSPORTADORA DE CAIXA NA CURVA DA SAIDA DA PALETIZADORA,ESCAPE DE ESTEIRA,ESCAPE DE ESTEIRA,TEST
3716,ESCAPOU ESTEIRA TRANSPORTADORA DE CAIXA NA CURVA DA SAIDA DA PALETIZADORA.,ESCAPOU ESTEIRA TRANSPORTADORA DE CAIXA NA CURVA DA SAIDA DA PALETIZADORA,ESCAPE DE ESTEIRA,ESCAPE DE ESTEIRA,TEST
3717,ESCAPOU ESTEIRA TRANSPORTADORA DE CAIXA NA CURVA DA SAIDA DA PALETIZADORA.NOTA 12190122947,ESCAPOU ESTEIRA TRANSPORTADORA DE CAIXA NA CURVA DA SAIDA DA PALETIZADORA NOTA 12190122947,ESCAPE DE ESTEIRA,ESCAPE DE ESTEIRA,TEST
3718,ESTEIRA SE SOLTOU CAUSANDO PARADA DA LINHA,ESTEIRA SE SOLTOU CAUSANDO PARADA DA LINHA,ESCAPE DE ESTEIRA,ESCAPE DE ESTEIRA,TRAIN
3719,FALHA DE SINCRONISMO EMPACOTADORA,FALHA DE SINCRONISMO EMPACOTADORA,FALHA DE SINCRONISMO,FALHA DE SINCRONISMO,TRAIN
3720,FALHA DE VAZAMENTO DE AR NA PALETIZADORA NOTA (3000873054),FALHA DE VAZAMENTO DE AR NA PALETIZADORA NOTA 3000873054,FALHA DE SINCRONISMO,FALHA DE SINCRONISMO,TRAIN
3721,FALHA ELETRICA NO COLOCADOR DE CHAPATEX,FALHA ELETRICA NO COLOCADOR DE CHAPATEX,FALHA DO COLOCADOR DE CHAPATEX,FALHA DO COLOCADOR DE CHAPATEX,TRAIN
3722,FALHA NO IHM TRANSPORTE PULMÃO DA LAVADORA E FALHA NO MOTOR152 SAIDA DA DESENCAIXOTADORA.,FALHA NO IHM TRANSPORTE PULMAO DA LAVADORA E FALHA NO MOTOR152 SAIDA DA DESENCAIXOTADORA,FALHA DE IHM,FALHA DE IHM,TRAIN
3723,FALHA NO INVERSOR MOTOR 201 SAIDA DA LAVADORA.,FALHA NO INVERSOR MOTOR 201 SAIDA DA LAVADORA,FALHA DE INVERSOR,FALHA DE INVERSOR,TEST
3724,FALHA NO SENSOR DE SEGUURANÇA DO CABECOTE CAUSANDO PARADA NA MÁQ. CX ENROSCOU NA SAIDA QDO DEPOSITADA AS GRF NA VOLTA DA MAQ COM OUTRAS.,FALHA NO SENSOR DE SEGUURANCA DO CABECOTE CAUSANDO PARADA NA MAQ CX ENROSCOU NA SAIDA QDO DEPOSITADA AS GRF NA VOLTA DA MAQ COM OUTRAS,FALHA DE SENSOR,FALHA DE SENSOR,TEST
3725,QUEBRA DA ESTEIRA / ENTRADA DA PALETIZADORA,QUEBRA DA ESTEIRA ENTRADA DA PALETIZADORA,QUEBRA DE ESTEIRA,QUEBRA DE ESTEIRA,TRAIN
3726,SENSOR DE CABEÇOTE SOLTO OCASIONADO FALHA,SENSOR DE CABECOTE SOLTO OCASIONADO FALHA,FALHA DE SENSOR,FALHA DE SENSOR,TRAIN
3727,SENSOR MOLHADO OCASIONANDO FALSO REJEITO DEVIDO A ESTOURO DE MANGUEIRA DE ÁGUA,SENSOR MOLHADO OCASIONANDO FALSO REJEITO DEVIDO A ESTOURO DE MANGUEIRA DE AGUA,FALHA DE SENSOR,FALHA DE SENSOR,TEST
3728,TRAVAMENTO DO ROLO DE COLA DO AGREGADO 2 (ORDEM:30008792750),TRAVAMENTO DO ROLO DE COLA DO AGREGADO 2 ORDEM 30008792750,FALHA DE SENSOR,FALHA DE SENSOR,TEST
3729,TRAVANDO PISTÃO LIBERAÇÃO DE TAMPA E REGULAGEM.,TRAVANDO PISTAO LIBERACAO DE TAMPA E REGULAGEM,TRAVAMENTO DE ATUADOR,TRAVAMENTO DE ATUADOR,TRAIN
3730,TROCA DE CABEÇOTE DE CODIFICAÇÃO NOTA30008792289,TROCA DE CABECOTE DE CODIFICACAO NOTA30008792289,FALHA DE CODIFICAÇÃO,FALHA DE CODIFICACAO,TRAIN
3731,TROCA DE ROLAMENTO DO ROLO DE COLA DO AGREGADO 2,TROCA DE ROLAMENTO DO ROLO DE COLA DO AGREGADO 2,FALHA DE ROLAMENTO,FALHA DE ROLAMENTO,TRAIN
3732,TULIPA DA VALVULA N°10 SE SOLTOU,TULIPA DA VALVULA N 10 SE SOLTOU,FALHA DE TULIPA,FALHA DE TULIPA,TEST
3733,ESCAPOU ESTEIRA TRANSPORTADORA DE CAIXA NA CURVA DA SAIDA DA PALETIZADORA.NOTA,ESCAPOU ESTEIRA TRANSPORTADORA DE CAIXA NA CURVA DA SAIDA DA PALETIZADORA NOTA,ESCAPE DE ESTEIRA,ESCAPE DE ESTEIRA,TRAIN
3734,FALHA DURANTE A SOLDA AUTOMATICA,FALHA DURANTE A SOLDA AUTOMATICA,FALHA DE SOLDA DE FILME,FALHA DE SOLDA DE FILME,TRAIN
3735,FALHA FORMAÇÃO DE CAMADA,FALHA FORMACAO DE CAMADA,FALHA DE FORMAÇÃO DE CAMADA,FALHA DE FORMACAO DE CAMADA,TRAIN
3736,FALHA NA FORMAÇÃO DE CAMADAS - CAIXA A MENOS.,FALHA NA FORMACAO DE CAMADAS CAIXA A MENOS,FALHA DE FORMAÇÃO DE CAMADA,FALHA DE FORMACAO DE CAMADA,TEST
3737,FALHA NA TROCA DO FILME PINO DO CILINDRO ATUADOR QUE ACI0NA A SOLDA ESTVA SEM ( DEVIDO AO ANEL DE TRAVA SOLTO ),FALHA NA TROCA DO FILME PINO DO CILINDRO ATUADOR QUE ACI0NA A SOLDA ESTVA SEM DEVIDO AO ANEL DE TRAVA SOLTO,TRAVAMENTO DE ATUADOR,TRAVAMENTO DE ATUADOR,TRAIN
3738,FALHA NO SERVO MOTOR OCASIONANDO DESARME DA REGUA DE ENVOLVIMENTO,FALHA NO SERVO MOTOR OCASIONANDO DESARME DA REGUA DE ENVOLVIMENTO,FALHA DE SERVO MOTOR,FALHA DE SERVO MOTOR,TRAIN
3739,GUIA DO TRANSPORTE GERANDO ENROSCO E PACOTES VIRADOS NO TRANSPORTE.,GUIA DO TRANSPORTE GERANDO ENROSCO E PACOTES VIRADOS NO TRANSPORTE,ENROSCO DE PACOTES,ENROSCO DE PACOTES,TRAIN
3740,VELOCIDADE REDUZIDA,VELOCIDADE REDUZIDA,VELOCIDADE REDUZIDA SEM CAUSA IDENTIFICADA,VELOCIDADE REDUZIDA SEM CAUSA IDENTIFICADA,TEST
3741,FALHA NO DRIVE DA BANDEIROLA DE SAIDA DA LAVADORA,FALHA NO DRIVE DA BANDEIROLA DE SAIDA DA LAVADORA,FALHA DE INVERSOR,FALHA DE INVERSOR,TEST
3742,FALHA NA VÁLVULA DE ENCHIMENTO 55.REALIZADA A TROCA DA VÁLVULA 55 PELA VÁLVULA 53.,FALHA NA VALVULA DE ENCHIMENTO 55 REALIZADA A TROCA DA VALVULA 55 PELA VALVULA 53,FALHA DE VÁLVULA DE ENCHIMENTO,FALHA DE VALVULA DE ENCHIMENTO,TRAIN
3743,VÁLVULA 55 COM O PARAFUSO DO BLOCO DO SNIF SOLTO OVCASIONANDO FALAHA NA MODULAÇÃO DA PRESSÃO.,VALVULA 55 COM O PARAFUSO DO BLOCO DO SNIF SOLTO OVCASIONANDO FALAHA NA MODULACAO DA PRESSAO,FALHA DE VÁLVULA MODULADORA,FALHA DE VALVULA MODULADORA,TRAIN
3744,QUEBRA DA HASTE DA ARTICULAÇÃO DA VÁLVULA 12,QUEBRA DA HASTE DA ARTICULACAO DA VALVULA 12,FALHA DE VÁLVULA,FALHA DE VALVULA,TRAIN
3745,SUBSTITUIÇÃO DA ARTICULAÇÃO DA VALVULA 12 ORDEM 30008795137,SUBSTITUICAO DA ARTICULACAO DA VALVULA 12 ORDEM 30008795137,FALHA DE VÁLVULA,FALHA DE VALVULA,TRAIN
3746,QUEDA NA TEMPERATURA DO FORNO,QUEDA NA TEMPERATURA DO FORNO,FALHA DE CONTROLE DE TEMPERATURA,FALHA DE CONTROLE DE TEMPERATURA,TEST
3747,CONFLITO DE RAMAL DEVIDO VELOCIDADE REDUZIDA E PARADAS NA RECRAVADORA,CONFLITO DE RAMAL DEVIDO VELOCIDADE REDUZIDA E PARADAS NA RECRAVADORA,FALHA DE RECRAVAÇÃO,FALHA DE RECRAVACAO,TRAIN
3748,CHAPA DO STOPER DE CAIXAS APOS O VIRADOR TRAVOU,CHAPA DO STOPER DE CAIXAS APOS O VIRADOR TRAVOU,TRAVAMENTO DE TRANSPORTE,TRAVAMENTO DE TRANSPORTE,TRAIN
3749,"PINÇA DE NUMERO 04 COM AVARIA, CAUSANDO O NAO DESTAMPAMENTO DAS GARRAFAS",PINCA DE NUMERO 04 COM AVARIA CAUSANDO O NAO DESTAMPAMENTO DAS GARRAFAS,FALHA DE PINÇA,FALHA DE PINCA,TEST
3750,PINÇA DE NUMERO 04 COM AVARIA,PINCA DE NUMERO 04 COM AVARIA,FALHA DE PINÇA,FALHA DE PINCA,TEST
3751,"AMASSANDO LATAS, PARADA PARA ATUAÇÃO MECANICA",AMASSANDO LATAS PARADA PARA ATUACAO MECANICA,AMASSAMENTO DE LATAS,AMASSAMENTO DE LATAS,TEST
3752,VELOCIDADE REDUZIDA DA ENCHEDORA REDUZIDA DEVIDO ESTAR AMASSANDO LATAS NA SAIDA DA RECRAVADORA,VELOCIDADE REDUZIDA DA ENCHEDORA REDUZIDA DEVIDO ESTAR AMASSANDO LATAS NA SAIDA DA RECRAVADORA,FALHA DE RECRAVAÇÃO,FALHA DE RECRAVACAO,TRAIN
3753,VELOCIDADE REDUZIDA,VELOCIDADE REDUZIDA,VELOCIDADE REDUZIDA SEM CAUSA IDENTIFICADA,VELOCIDADE REDUZIDA SEM CAUSA IDENTIFICADA,TEST
3754,"AMASSANDO LATAS, PARADA PARA ATUAÇÃO MECANICA ORDEM:30008794734",AMASSANDO LATAS PARADA PARA ATUACAO MECANICA ORDEM 30008794734,AMASSAMENTO DE LATAS,AMASSAMENTO DE LATAS,TRAIN
3755,ORTADORA DE CAIXAS ESCAPANDO.,ORTADORA DE CAIXAS ESCAPANDO,AMASSAMENTO DE LATAS,AMASSAMENTO DE LATAS,TEST
3756,FALHA DE ENCHIMENTO VALVULA 73 TROCOU BLOCO COMPLETO DA BORBOLETA DE ABERTURA DA VALVULA.,FALHA DE ENCHIMENTO VALVULA 73 TROCOU BLOCO COMPLETO DA BORBOLETA DE ABERTURA DA VALVULA,FALHA DE VÁLVULA DE ENCHIMENTO,FALHA DE VALVULA DE ENCHIMENTO,TEST
3757,ESTEIRA DE CAIXAS SAIDA DESENCAIXOTADORA ESCAPANDO,ESTEIRA DE CAIXAS SAIDA DESENCAIXOTADORA ESCAPANDO,ESCAPE DE ESTEIRA,ESCAPE DE ESTEIRA,TEST
3758,SUBSTITUIÇÃO VÁVULA 73 POR REVISADA COMPLETA,SUBSTITUICAO VAVULA 73 POR REVISADA COMPLETA,FALHA DE VÁLVULA,FALHA DE VALVULA,TRAIN
3759,ESTEIRA DESNIVELADA (30008795344),ESTEIRA DESNIVELADA 30008795344,DESNIVELAMENTO DE ESTEIRA,DESNIVELAMENTO DE ESTEIRA,TEST
3760,VELOCIDADE REDUZIDA DA ENCHEDORA REDUZIDA DEVIDO ESTAR AMASSANDO LATAS NA SAIDA DA RECRAVADORA,VELOCIDADE REDUZIDA DA ENCHEDORA REDUZIDA DEVIDO ESTAR AMASSANDO LATAS NA SAIDA DA RECRAVADORA,FALHA DE RECRAVAÇÃO,FALHA DE RECRAVACAO,TRAIN
3761,LONA PATINANDO / DESARMANDO A REGUA DE ENVOLVIMENTO ORDEM Nº 30008795264,LONA PATINANDO DESARMANDO A REGUA DE ENVOLVIMENTO ORDEM N 30008795264,PATINAGEM DE ESTEIRA,PATINAGEM DE ESTEIRA,TEST
3762,VELOCIDADE REDUZIDA DA ENCHEDORA REDUZIDA DEVIDO ESTAR AMASSANDO LATAS NA SAIDA DA RECRAVADORA,VELOCIDADE REDUZIDA DA ENCHEDORA REDUZIDA DEVIDO ESTAR AMASSANDO LATAS NA SAIDA DA RECRAVADORA,FALHA DE RECRAVAÇÃO,FALHA DE RECRAVACAO,TRAIN
3763,QUEDA DO PEGADOR DE CARTÃO,QUEDA DO PEGADOR DE CARTAO,FALHA DE PEGADOR,FALHA DE PEGADOR,TRAIN
3764,CORREIA DO PREGADOR DE CARTÃO TORCEU,CORREIA DO PREGADOR DE CARTAO TORCEU,ESCAPE DE CORREIA,ESCAPE DE CORREIA,TRAIN
3765,ESTEIRA DA LONA DE ENVOLVIMENTO COM DEGRAU,ESTEIRA DA LONA DE ENVOLVIMENTO COM DEGRAU,DESNIVELAMENTO DE ESTEIRA,DESNIVELAMENTO DE ESTEIRA,TRAIN
3766,PINSA NÚMERO 5 TRAVADA,PINSA NUMERO 5 TRAVADA,TRAVAMENTO DE PINÇA,TRAVAMENTO DE PINCA,TRAIN
3767,ESTEIRA DO TRANSPORTE DE CAIXAS SAIDA DA DESENCAIXOTADORA SAIU FORA DE POSIÇÃO,ESTEIRA DO TRANSPORTE DE CAIXAS SAIDA DA DESENCAIXOTADORA SAIU FORA DE POSICAO,ESCAPE DE ESTEIRA,ESCAPE DE ESTEIRA,TRAIN
3768,FALHA NA BOMBA DE ENVIO DE CARBONATO PARA ESTAÇÃO,FALHA NA BOMBA DE ENVIO DE CARBONATO PARA ESTACAO,FALHA DE CARBONATAÇÃO,FALHA DE CARBONATACAO,TEST
3769,PERFIL DO TRANSPORTE DE SAIDA DA LAVADORA SAIU FORA DE POSIÇÃO,PERFIL DO TRANSPORTE DE SAIDA DA LAVADORA SAIU FORA DE POSICAO,DESALINHAMENTO DE GUIA,DESALINHAMENTO DE GUIA,TRAIN
3770,AJUSTE NOS PARAMETROS,AJUSTE NOS PARAMETROS,SEM MODO DE FALHA IDENTIFICADO,SEM MODO DE FALHA IDENTIFICADO,TRAIN
3771,CORREIA COM FOLGA OCASIONADO QUEDA DE E TRAVAMENTO DE GARRAFAS NO SPOTER,CORREIA COM FOLGA OCASIONADO QUEDA DE E TRAVAMENTO DE GARRAFAS NO SPOTER,FALHA DE CORREIA,FALHA DE CORREIA,TRAIN
3772,FALHA NO TRASPORTE DE PALLETES PARA O ROBO,FALHA NO TRASPORTE DE PALLETES PARA O ROBO,FALHA DE ROBÔ,FALHA DE ROBO,TRAIN
3773,TRAVAMENTO DO TRANSPORTE DA SAIDA DA ENCAIXOTADORA,TRAVAMENTO DO TRANSPORTE DA SAIDA DA ENCAIXOTADORA,TRAVAMENTO DE TRANSPORTE,TRAVAMENTO DE TRANSPORTE,TRAIN
3774,TAB DANIFICADO GERANDO ENROSCO.,TAB DANIFICADO GERANDO ENROSCO,TAB DANIFICADO,TAB DANIFICADO,TRAIN
3775,"QUEDA DE GARRAFAS NA ESTRELA DE TRANSFERENCIA DA REFRIGERAÇÃO DE FUNDO, OCASIONANDO FALHA DE MONITORAMENTO",QUEDA DE GARRAFAS NA ESTRELA DE TRANSFERENCIA DA REFRIGERACAO DE FUNDO OCASIONANDO FALHA DE MONITORAMENTO,QUEDA DE GARRAFAS,QUEDA DE GARRAFAS,TRAIN
3776,"FALHA DO SINAL DO PROFINET, FALTA DE COMUNICAÇÃO DO PLC DE ENTRADA.",FALHA DO SINAL DO PROFINET FALTA DE COMUNICACAO DO PLC DE ENTRADA,FALHA DE COMUNICAÇÃO,FALHA DE COMUNICACAO,TRAIN
3777,CABO DO CONECTOR DO ENCODER QUEBRADO 30008795522,CABO DO CONECTOR DO ENCODER QUEBRADO 30008795522,FALHA DE ENCODER,FALHA DE ENCODER,TRAIN
3778,ESTEIRA DO LAVADOR DE FUNDO CAIXAS ESTAVA COM VÁRIOS ELOS TORTOS OCASIONANDO TRAVAMENTO E FALHA DE SOBRECORRENTE NO INVERSOR.NOTA 30008795524,ESTEIRA DO LAVADOR DE FUNDO CAIXAS ESTAVA COM VARIOS ELOS TORTOS OCASIONANDO TRAVAMENTO E FALHA DE SOBRECORRENTE NO INVERSOR NOTA 30008795524,FALHA DE INVERSOR,FALHA DE INVERSOR,TRAIN
3779,ESTEIRA ESCAPANDO,ESTEIRA ESCAPANDO,ESCAPE DE ESTEIRA,ESCAPE DE ESTEIRA,TRAIN
3780,VELOCIDADE REDUZIDA DA ENCHEDORA REDUZIDA DEVIDO ESTAR AMASSANDO LATAS NA SAIDA DA RECRAVADORA,VELOCIDADE REDUZIDA DA ENCHEDORA REDUZIDA DEVIDO ESTAR AMASSANDO LATAS NA SAIDA DA RECRAVADORA,FALHA DE RECRAVAÇÃO,FALHA DE RECRAVACAO,TRAIN
3781,VELOCIDADE REDUZIDA,VELOCIDADE REDUZIDA,VELOCIDADE REDUZIDA SEM CAUSA IDENTIFICADA,VELOCIDADE REDUZIDA SEM CAUSA IDENTIFICADA,TEST
3782,FALHA NA DATADORA,FALHA NA DATADORA,FALHA DE CODIFICAÇÃO,FALHA DE CODIFICACAO,TRAIN
3783,ENROSCO DE TAMPAS,ENROSCO DE TAMPAS,ENROSCO DE TAMPAS,ENROSCO DE TAMPAS,TEST
3784,"DESARME DOS DISJUNTORES TAG 9Q0 E8Q1, ORDEM : 30008797007",DESARME DOS DISJUNTORES TAG 9Q0 E8Q1 ORDEM 30008797007,DESARME DE DISJUNTOR,DESARME DE DISJUNTOR,TRAIN
3785,FALHA NA VALVULA DE PRÉ CARBONATAÇÃO,FALHA NA VALVULA DE PRE CARBONATACAO,FALHA DE VÁLVULA,FALHA DE VALVULA,TRAIN
3786,FALHA NO INSERIMENTO DE LATAS FALSAS PARUFUSOS DE FIXAÇÃO SOLTOS E UM ESTAVA TORTO,FALHA NO INSERIMENTO DE LATAS FALSAS PARUFUSOS DE FIXACAO SOLTOS E UM ESTAVA TORTO,FALHA DE INSPEÇÃO,FALHA DE INSPECAO,TRAIN
3787,"COLISÃO DO GUIA SUPERIOR DA PASSADEIRA DE TAMPAS COM O PISTÃO DO EMPURRADOR, ORDEM : 30008797004",COLISAO DO GUIA SUPERIOR DA PASSADEIRA DE TAMPAS COM O PISTAO DO EMPURRADOR ORDEM 30008797004,FALHA DE GUIA,FALHA DE GUIA,TRAIN
3788,FALHA NA VALVULA,FALHA NA VALVULA,FALHA DE VÁLVULA,FALHA DE VALVULA,TEST
3789,TROCA DO REPARO DA VALVULA DE RETENÇÃO DE AGUA ORDEM: 30008797361,TROCA DO REPARO DA VALVULA DE RETENCAO DE AGUA ORDEM 30008797361,FALHA DE VEDAÇÃO DA VÁLVULA,FALHA DE VEDACAO DA VALVULA,TRAIN
3790,TAPETE DE SAIDA APOS A HELFT ENTRANDO EM FALHAS SEGUIDAMENTE PARANDO A ENCHEDORA,TAPETE DE SAIDA APOS A HELFT ENTRANDO EM FALHAS SEGUIDAMENTE PARANDO A ENCHEDORA,FALHA DE ESTEIRA,FALHA DE ESTEIRA,TEST
3791,TAPETE DE SAIDA POS HELFT PARANDO A ENCHEDORA CONSTANTEMENTE,TAPETE DE SAIDA POS HELFT PARANDO A ENCHEDORA CONSTANTEMENTE,FALHA DE ESTEIRA,FALHA DE ESTEIRA,TRAIN
3792,"VELOCIDADE REDUZIDA, MARCANDO/AMASSANDO LATAS",VELOCIDADE REDUZIDA MARCANDO AMASSANDO LATAS,AMASSAMENTO DE LATAS,AMASSAMENTO DE LATAS,TRAIN
3793,TAB DANIFICADO GERANDO ENROSCO.,TAB DANIFICADO GERANDO ENROSCO,TAB DANIFICADO,TAB DANIFICADO,TRAIN
3794,"CRASH NA SAIDA DO ASEBI , CAUSANDO PARADAS NA MAQUINA",CRASH NA SAIDA DO ASEBI CAUSANDO PARADAS NA MAQUINA,FALHA DE INSPEÇÃO,FALHA DE INSPECAO,TRAIN
3795,"AJUSTE DO EXPULSADOR, ASSIM QUE DETECTADO GARRAFA COM NÍVEL BAIXO, ELE ABAIXAVA EXPULSAVA GARRAFA PORÉM BATIA NA GARRAFA DA FRENTE E CAUSAVA CRASH",AJUSTE DO EXPULSADOR ASSIM QUE DETECTADO GARRAFA COM NIVEL BAIXO ELE ABAIXAVA EXPULSAVA GARRAFA POREM BATIA NA GARRAFA DA FRENTE E CAUSAVA CRASH,FALHA DE ENCHIMENTO,FALHA DE ENCHIMENTO,TRAIN
3796,SENSOR INSTALADO NO TRP DE SAIDA DA DESENCA EM FALHA NÃO IDENTIFICANDO PRESENCA DE GARRAFA ENTRANDO CAIXAS COM GARRAFAS NA ENCA,SENSOR INSTALADO NO TRP DE SAIDA DA DESENCA EM FALHA NAO IDENTIFICANDO PRESENCA DE GARRAFA ENTRANDO CAIXAS COM GARRAFAS NA ENCA,FALHA DE SENSOR,FALHA DE SENSOR,TRAIN
3797,SENSOR EMBAÇADO POR CAUSA DA UMIDADE NA SALA DE ENVASE DEVIDO QUEBRA DA CORREIA DA PRESSÃO POSITIVA,SENSOR EMBACADO POR CAUSA DA UMIDADE NA SALA DE ENVASE DEVIDO QUEBRA DA CORREIA DA PRESSAO POSITIVA,FALHA DE SENSOR,FALHA DE SENSOR,TEST
3798,SENSOR INSTALADO NO TRP DE SÁIDA DA DESENCA NÃO ESTÁ PARANDO QUANDO HÁ PRESENCA DE GARRAFA FAZENDO COM QUE FIQUE GARRAFA NA CAIXA ENTRANDO NA ENCA.,SENSOR INSTALADO NO TRP DE SAIDA DA DESENCA NAO ESTA PARANDO QUANDO HA PRESENCA DE GARRAFA FAZENDO COM QUE FIQUE GARRAFA NA CAIXA ENTRANDO NA ENCA,FALHA DE SENSOR,FALHA DE SENSOR,TEST
3799,ENROSCO DE TAMPAS NA ENTRADA DO ARROLHADOR CAUSANDO PARADAS NA MAQUINA,ENROSCO DE TAMPAS NA ENTRADA DO ARROLHADOR CAUSANDO PARADAS NA MAQUINA,ENROSCO DE TAMPAS,ENROSCO DE TAMPAS,TRAIN
3800,FALHA NO SENSOR DO CABECOTE ORDEM 30008797399,FALHA NO SENSOR DO CABECOTE ORDEM 30008797399,FALHA DE SENSOR,FALHA DE SENSOR,TRAIN
3801,SENSOR EMBAÇADO DEVIDO SALA DE ENVASE UMIDA POR CAUSA DA QUEBRA DA CORREIA DA PRESSÃO POSITIVA,SENSOR EMBACADO DEVIDO SALA DE ENVASE UMIDA POR CAUSA DA QUEBRA DA CORREIA DA PRESSAO POSITIVA,FALHA DE SENSOR,FALHA DE SENSOR,TEST
3802,"ENROSCO DE TAMPAS NA ENTRADA DO ARROLHADOR , CAUSANDO PARADAS NA MAQUINA",ENROSCO DE TAMPAS NA ENTRADA DO ARROLHADOR CAUSANDO PARADAS NA MAQUINA,ENROSCO DE TAMPAS,ENROSCO DE TAMPAS,TRAIN
3803,SENSOR INSTALADO NO TRP DE SAIDA DA DESENCA EM FALHA NÃO DETECTANDO PRESENCA DE GARRAFAS E INDO CAIXAS COM GARRAFA PARA ENCA,SENSOR INSTALADO NO TRP DE SAIDA DA DESENCA EM FALHA NAO DETECTANDO PRESENCA DE GARRAFAS E INDO CAIXAS COM GARRAFA PARA ENCA,FALHA DE SENSOR,FALHA DE SENSOR,TRAIN
3804,ENROSCO DE TAMPAS NA CANALETA,ENROSCO DE TAMPAS NA CANALETA,ENROSCO DE TAMPAS,ENROSCO DE TAMPAS,TRAIN
3805,TRASPORTE DE PACOTES QUEBRADO 30008798753,TRASPORTE DE PACOTES QUEBRADO 30008798753,QUEBRA DE TRANSPORTE,QUEBRA DE TRANSPORTE,TRAIN
3806,ESTEIRA DE ENVOLVIMENTO COM FALHA ELETRICA (30008798793),ESTEIRA DE ENVOLVIMENTO COM FALHA ELETRICA 30008798793,FALHA DE ESTEIRA,FALHA DE ESTEIRA,TRAIN
3807,ENROSCO DE TAMPA NA CALHA DESCIDA,ENROSCO DE TAMPA NA CALHA DESCIDA,ENROSCO DE TAMPAS,ENROSCO DE TAMPAS,TRAIN
3808,ENROSCO DE TAMPAS CAUSANDO PARADAS NA MAQUINA,ENROSCO DE TAMPAS CAUSANDO PARADAS NA MAQUINA,ENROSCO DE TAMPAS,ENROSCO DE TAMPAS,TRAIN
3809,ENROSCO DE TAMPAS NA ENTRADA DO ARROLHADOR CAUSANDO PARADAS NA MAQUINA,ENROSCO DE TAMPAS NA ENTRADA DO ARROLHADOR CAUSANDO PARADAS NA MAQUINA,ENROSCO DE TAMPAS,ENROSCO DE TAMPAS,TRAIN
3810,TROCA DA TULIPA E TUBO DE AR,TROCA DA TULIPA E TUBO DE AR,FALHA DE TULIPA,FALHA DE TULIPA,TRAIN
3811,"QUEBRA DA CORREIA DE ACIONAMENTO DO ROLO DE CORTE, ORDEM : 30008797949",QUEBRA DA CORREIA DE ACIONAMENTO DO ROLO DE CORTE ORDEM 30008797949,QUEBRA DE CORREIA,QUEBRA DE CORREIA,TRAIN
3812,"VELOCIDADE REDUZIDA, MARCANDO/AMASSANDO LATAS",VELOCIDADE REDUZIDA MARCANDO AMASSANDO LATAS,AMASSAMENTO DE LATAS,AMASSAMENTO DE LATAS,TRAIN
3813,"VELOCIDADE REDUZIDA, COLAPSANDO LATAS",VELOCIDADE REDUZIDA COLAPSANDO LATAS,COLAPSO DE LATAS,COLAPSO DE LATAS,TRAIN
3814,"VELOCIDADE REDUZIDA, COLAPSO DE LATAS",VELOCIDADE REDUZIDA COLAPSO DE LATAS,COLAPSO DE LATAS,COLAPSO DE LATAS,TRAIN
3815,VELOCIDADE REDUZIDA LATAS COLAPSANDO NA RECRAVADORA,VELOCIDADE REDUZIDA LATAS COLAPSANDO NA RECRAVADORA,FALHA DE RECRAVAÇÃO,FALHA DE RECRAVACAO,TRAIN
3816,FALHA DE ENCHIMENTO VÁLVULA 77,FALHA DE ENCHIMENTO VALVULA 77,FALHA DE VÁLVULA DE ENCHIMENTO,FALHA DE VALVULA DE ENCHIMENTO,TRAIN
3817,FALHA DE ENCHIMENTO VÁLVULAS 77 E 97,FALHA DE ENCHIMENTO VALVULAS 77 E 97,FALHA DE VÁLVULA DE ENCHIMENTO,FALHA DE VALVULA DE ENCHIMENTO,TRAIN
3818,FALHA DE ENCHIMENTO NAS VÁLVULAS 77 E 97,FALHA DE ENCHIMENTO NAS VALVULAS 77 E 97,FALHA DE VÁLVULA DE ENCHIMENTO,FALHA DE VALVULA DE ENCHIMENTO,TRAIN
3819,"ESTEIRA COM FOLGA, ATRASANDO A GARRAFA, GERANDO QUEDA NA REGUA DE ARRASTE.",ESTEIRA COM FOLGA ATRASANDO A GARRAFA GERANDO QUEDA NA REGUA DE ARRASTE,FALHA DE ESTEIRA,FALHA DE ESTEIRA,TRAIN
3820,TROCA DA ELETROVALVULA 110 E 111,TROCA DA ELETROVALVULA 110 E 111,FALHA DE VÁLVULA,FALHA DE VALVULA,TRAIN
3821,VALVULA 110 NÃO ESTÁ ENCHENDO,VALVULA 110 NAO ESTA ENCHENDO,FALHA DE VÁLVULA,FALHA DE VALVULA,TRAIN
3822,"VELOCIDADE REDUZIDA, COLAPSO DE LATAS",VELOCIDADE REDUZIDA COLAPSO DE LATAS,COLAPSO DE LATAS,COLAPSO DE LATAS,TRAIN
3823,"FALHAS CONSECUTIVAS DE CO2 E XAROPE, TENDO QUE FAZER RESET DE IHM DO MIXER",FALHAS CONSECUTIVAS DE CO2 E XAROPE TENDO QUE FAZER RESET DE IHM DO MIXER,FALHA DE IHM,FALHA DE IHM,TRAIN
3824,FALHA NA DESFORMAÇÃO DE CAMADAS / ENROSCO DE CARTÃO NO TRANSPORTE DE LATAS,FALHA NA DESFORMACAO DE CAMADAS ENROSCO DE CARTAO NO TRANSPORTE DE LATAS,ENROSCO DE LATAS,ENROSCO DE LATAS,TRAIN
3825,TROCA DAS ELETROVALVULAS 110 E 111 ORDEM: 30008799222,TROCA DAS ELETROVALVULAS 110 E 111 ORDEM 30008799222,FALHA DE VÁLVULA,FALHA DE VALVULA,TRAIN
3826,FALHAS CONSECUTIVAS DA VALVULA MODULARORA DE XAROPE DO MIXER,FALHAS CONSECUTIVAS DA VALVULA MODULARORA DE XAROPE DO MIXER,FALHA DE VÁLVULA MODULADORA,FALHA DE VALVULA MODULADORA,TRAIN
3827,ORDEM 30008799219/ QUEBRA DO EIXO DE ENVOLVIMENTO,ORDEM 30008799219 QUEBRA DO EIXO DE ENVOLVIMENTO,QUEBRA DE EIXO,QUEBRA DE EIXO,TEST
3828,FALHA NA CAMERA DE EMBOCADURA ORDEM 30008805907,FALHA NA CAMERA DE EMBOCADURA ORDEM 30008805907,FALHA DE CÂMERA,FALHA DE CAMERA,TEST
3829,FALHA NA VÁLVULA DE XAROPE - ORDEM - 30008799753,FALHA NA VALVULA DE XAROPE ORDEM 30008799753,FALHA DE VÁLVULA DE XAROPE,FALHA DE VALVULA DE XAROPE,TEST
3830,FALHA NO SENSOR DE SEGURANÇA TRAVA DE PORTA ENCAIXOTADORA,FALHA NO SENSOR DE SEGURANCA TRAVA DE PORTA ENCAIXOTADORA,FALHA DE SENSOR,FALHA DE SENSOR,TRAIN
3831,FALHA NO FLUXIMETRO DE XAROPE,FALHA NO FLUXIMETRO DE XAROPE,FALHA DE FLUXÍMETRO,FALHA DE FLUXIMETRO,TRAIN
3832,"FALHA NO INSERIMENTO DE GARRAFAS FALSAS, CAUSANDO VAZAMENTO, REAPERTO DOS PARAFUSOS LATERAIS DA GARRAFA FALSA Nº31 / Nº36",FALHA NO INSERIMENTO DE GARRAFAS FALSAS CAUSANDO VAZAMENTO REAPERTO DOS PARAFUSOS LATERAIS DA GARRAFA FALSA N 31 N 36,FALHA DE INSPEÇÃO,FALHA DE INSPECAO,TRAIN
3833,MANIVELA DAS ESCOVAS DO TRANSPORTE DA PRESSCO FECHANDO COM A VIBRAÇÃO E SEGURANDO LATA,MANIVELA DAS ESCOVAS DO TRANSPORTE DA PRESSCO FECHANDO COM A VIBRACAO E SEGURANDO LATA,FALHA DE INSPEÇÃO,FALHA DE INSPECAO,TRAIN
3834,ESTEIRA DO FORNO PAROU,ESTEIRA DO FORNO PAROU,FALHA DE ESTEIRA,FALHA DE ESTEIRA,TRAIN
3835,LATAS TOMBADA PASSANDO PELO EXPULSADOR E GERANDO CRASH NA ENTRADA DO SOPRADOR,LATAS TOMBADA PASSANDO PELO EXPULSADOR E GERANDO CRASH NA ENTRADA DO SOPRADOR,FALHA DE REJEIÇÃO,FALHA DE REJEICAO,TRAIN
3836,"TRASPORTE COM VELOCIDADE SENDO AJUSTADO, GERANDO ALTO EXCESSO DE REJEITO E MANDANDO LATAS TOMBADAS PARA ENCHEDORA",TRASPORTE COM VELOCIDADE SENDO AJUSTADO GERANDO ALTO EXCESSO DE REJEITO E MANDANDO LATAS TOMBADAS PARA ENCHEDORA,FALHA DE VELOCIDADE DO TRANSPORTE,FALHA DE VELOCIDADE DO TRANSPORTE,TRAIN
3837,ENROSCOS DE TAMPAS NA ENTRADA DO ARROLHADORA CAUSANDO PARADAS NO EQUIPAMENTO,ENROSCOS DE TAMPAS NA ENTRADA DO ARROLHADORA CAUSANDO PARADAS NO EQUIPAMENTO,ENROSCO DE TAMPAS,ENROSCO DE TAMPAS,TRAIN
3838,MANGUEIRA DE AR ESCAPOU DA CONEXÃO OCASIONADO SULTURA DAS GARRAFAS,MANGUEIRA DE AR ESCAPOU DA CONEXAO OCASIONADO SULTURA DAS GARRAFAS,FALHA DE CONEXÃO DE MANGUEIRA,FALHA DE CONEXAO DE MANGUEIRA,TRAIN
3839,ENROSCO DA PERSIANA,ENROSCO DA PERSIANA,FALHA DE PERSIANA,FALHA DE PERSIANA,TRAIN
3840,FALHA RESET DA PORTA DE SEGURANÇA / 30008805927,FALHA RESET DA PORTA DE SEGURANCA 30008805927,FALHA DE PORTA DE SEGURANÇA,FALHA DE PORTA DE SEGURANCA,TRAIN
3841,FALHA NO SENSOR DA GAIOLA,FALHA NO SENSOR DA GAIOLA,FALHA DE SENSOR,FALHA DE SENSOR,TRAIN
3842,FALHA NO INSERIMENTO DE LATAS FALSAS FEITO MANUALMENTE,FALHA NO INSERIMENTO DE LATAS FALSAS FEITO MANUALMENTE,FALHA DE INSPEÇÃO,FALHA DE INSPECAO,TEST
3843,TROCA DA FACA DO CORTE LONGITUDINAL DO FILME,TROCA DA FACA DO CORTE LONGITUDINAL DO FILME,FALHA DE CORTE DE FILME,FALHA DE CORTE DE FILME,TRAIN
3844,"PALLET PASSANDO DIRETO E PERDENDO REFERENCIA, ORDEM (30008805966)",PALLET PASSANDO DIRETO E PERDENDO REFERENCIA ORDEM 30008805966,FALHA DE SINCRONISMO,FALHA DE SINCRONISMO,TRAIN
3845,FALHA NO CORTE DO FILME GERANDO PACOTES ABERTOS E MAL FORMADOS,FALHA NO CORTE DO FILME GERANDO PACOTES ABERTOS E MAL FORMADOS,FALHA DE CORTE DE FILME,FALHA DE CORTE DE FILME,TRAIN
3846,"EXCESSO DE NIVEL BAIXO EM VELOCIDADE NOMINAL, ORDEM : 30008805970",EXCESSO DE NIVEL BAIXO EM VELOCIDADE NOMINAL ORDEM 30008805970,FALHA DE ENCHIMENTO,FALHA DE ENCHIMENTO,TRAIN
3847,VENTOSAS DO CABEÇOTE AMASSANDO LATAS DURANTE RETIRADA DE CARTÃO NOTA:30008805989,VENTOSAS DO CABECOTE AMASSANDO LATAS DURANTE RETIRADA DE CARTAO NOTA 30008805989,FALHA NO MANUSEIO DE CARTÃO,FALHA NO MANUSEIO DE CARTAO,TEST
3848,FALHA DE ENVOLVIMENTO E PACOTES TORTOS,FALHA DE ENVOLVIMENTO E PACOTES TORTOS,FALHA DE ENVOLVIMENTO,FALHA DE ENVOLVIMENTO,TRAIN
3849,FALHA NA VALVULA MODULANTE DE XAROPE,FALHA NA VALVULA MODULANTE DE XAROPE,FALHA DE VÁLVULA MODULADORA,FALHA DE VALVULA MODULADORA,TRAIN
3850,TRANSPORTE POS WARMER DERRUBANDO LATAS EM EXCESSO PARA O ALINHADOR GERANDO FALHAS,TRANSPORTE POS WARMER DERRUBANDO LATAS EM EXCESSO PARA O ALINHADOR GERANDO FALHAS,QUEDA DE LATAS,QUEDA DE LATAS,TRAIN
3851,"FALHA DE CORTE DA FACA LONGITUDINAL, GERANDO TRAVAMENTO DOS ROLETES DE COMPENSAÇÃO",FALHA DE CORTE DA FACA LONGITUDINAL GERANDO TRAVAMENTO DOS ROLETES DE COMPENSACAO,TRAVAMENTO DE ROLETES,TRAVAMENTO DE ROLETES,TEST
3852,INSERIMENTO DA LATAS FALSA EM MANUAL,INSERIMENTO DA LATAS FALSA EM MANUAL,FALHA DE INSPEÇÃO,FALHA DE INSPECAO,TRAIN
3853,FALHA DE ENVOLVIMENTO E PACOTES TORTOS,FALHA DE ENVOLVIMENTO E PACOTES TORTOS,FALHA DE ENVOLVIMENTO,FALHA DE ENVOLVIMENTO,TRAIN
3854,ESTOURO DE FILME NA SOLDA AUTOMATICA,ESTOURO DE FILME NA SOLDA AUTOMATICA,FALHA DE SOLDA DE FILME,FALHA DE SOLDA DE FILME,TRAIN
3855,"GUIA DO CANAL C NÃO SOLTA E NEM DA APERTO, GERANDO FALHA NA FORMAÇÃO DE PACOTES",GUIA DO CANAL C NAO SOLTA E NEM DA APERTO GERANDO FALHA NA FORMACAO DE PACOTES,FALHA DE GUIA,FALHA DE GUIA,TEST
3856,FALHA VÁLVULA DE ENCHIMENTO NÃO LIBERANDO ÁGUA,FALHA VALVULA DE ENCHIMENTO NAO LIBERANDO AGUA,FALHA DE VÁLVULA DE ENCHIMENTO,FALHA DE VALVULA DE ENCHIMENTO,TEST
3857,FALHA NO TRANSDUTOR DE PRESSÃO 30008807193,FALHA NO TRANSDUTOR DE PRESSAO 30008807193,FALHA DE TRANSDUTOR,FALHA DE TRANSDUTOR,TEST
3858,FALHA DE ENCHIMENTO DE VALVULAS ALEATÓRIAS VELOCIDADE REDUZIDA,FALHA DE ENCHIMENTO DE VALVULAS ALEATORIAS VELOCIDADE REDUZIDA,FALHA DE VÁLVULA DE ENCHIMENTO,FALHA DE VALVULA DE ENCHIMENTO,TEST
3859,TRANSPORTE PAROU POR SOBRECARGA,TRANSPORTE PAROU POR SOBRECARGA,SOBRECORRENTE,SOBRECORRENTE,TRAIN
3860,GARFO DO PEGADOR DE PALLET NÃO SE MOVIMENTAVA 30008806296,GARFO DO PEGADOR DE PALLET NAO SE MOVIMENTAVA 30008806296,FALHA DE PEGADOR,FALHA DE PEGADOR,TEST
3861,"QUEDA DE LATA NO TRANSPORTE ,CAUSANDO ENROSCO NA GUIA DO ALINHADOR,ANTES DA FILTEC,ORDEM (30008806298).",QUEDA DE LATA NO TRANSPORTE CAUSANDO ENROSCO NA GUIA DO ALINHADOR ANTES DA FILTEC ORDEM 30008806298,FALHA DE INSPEÇÃO,FALHA DE INSPECAO,TRAIN
3862,FALHA DE ENCHIMENTO ( FMC ) EXCESSO DE NIVEL BAIXO E VAZIA,FALHA DE ENCHIMENTO FMC EXCESSO DE NIVEL BAIXO E VAZIA,FALHA DE ENCHIMENTO,FALHA DE ENCHIMENTO,TEST
3863,FALHA NA VALVULA MODULANTE DE AGUA,FALHA NA VALVULA MODULANTE DE AGUA,FALHA DE VÁLVULA MODULADORA,FALHA DE VALVULA MODULADORA,TRAIN
3864,FALHA NO INVERSOR,FALHA NO INVERSOR,FALHA DE INVERSOR,FALHA DE INVERSOR,TEST
3865,FALHA NA CODIFICAÇÃO,FALHA NA CODIFICACAO,FALHA DE CODIFICAÇÃO,FALHA DE CODIFICACAO,TRAIN
3866,FALHA NA CODIFICAÇÃO DEVIDO GARRAFA VAZIA,FALHA NA CODIFICACAO DEVIDO GARRAFA VAZIA,FALHA DE CODIFICAÇÃO,FALHA DE CODIFICACAO,TRAIN
3867,FALHA DE ENCHIMENTO DE VALVULAS ALEATÓRIAS VELOCIDADE REDUZIDA,FALHA DE ENCHIMENTO DE VALVULAS ALEATORIAS VELOCIDADE REDUZIDA,FALHA DE VÁLVULA DE ENCHIMENTO,FALHA DE VALVULA DE ENCHIMENTO,TEST
3868,"VELOCIDADE BAIXA, MARCANDO LATAS",VELOCIDADE BAIXA MARCANDO LATAS,AMASSAMENTO DE LATAS,AMASSAMENTO DE LATAS,TRAIN
3869,FALHA NO SENSOR DA GRELHA,FALHA NO SENSOR DA GRELHA,FALHA DE SENSOR,FALHA DE SENSOR,TRAIN
3870,ESTOURO NA SOLDA NA TROCA DE BOBINA EM AUTOMATICO,ESTOURO NA SOLDA NA TROCA DE BOBINA EM AUTOMATICO,FALHA DE SOLDA DE FILME,FALHA DE SOLDA DE FILME,TEST
3871,PINOS DE SEPARAÇÃO ESTAVAM DESAJUSTADOS PÓS PCM (ORDEM:30008810187),PINOS DE SEPARACAO ESTAVAM DESAJUSTADOS POS PCM ORDEM 30008810187,DESALINHAMENTO MECÂNICO,DESALINHAMENTO MECANICO,TRAIN
3872,ENROSCO DE TAMPAS NA ENTRADA DO ARROLHADOR,ENROSCO DE TAMPAS NA ENTRADA DO ARROLHADOR,ENROSCO DE TAMPAS,ENROSCO DE TAMPAS,TEST
3873,TROCA DO SELO DA BOMBA ORDEM 30008810957,TROCA DO SELO DA BOMBA ORDEM 30008810957,FALHA DE BOMBA,FALHA DE BOMBA,TRAIN
3874,PINÇA 12 NAO ESTAVA TIRANDO TAMPA 30008811023,PINCA 12 NAO ESTAVA TIRANDO TAMPA 30008811023,FALHA DE PINÇA,FALHA DE PINCA,TRAIN
3875,ESTEIRA DA CURVA DA PALETIZADORA ESCAPOU,ESTEIRA DA CURVA DA PALETIZADORA ESCAPOU,ESCAPE DE ESTEIRA,ESCAPE DE ESTEIRA,TRAIN
3876,TRAVAMENTO DE GARRAFAS NA SAIDA DA LAVADORA,TRAVAMENTO DE GARRAFAS NA SAIDA DA LAVADORA,ENROSCO DE GARRAFAS,ENROSCO DE GARRAFAS,TEST
3877,GÁS REDOX BAIXO OCASIONADO FALHA NA PASSAGEM DE GARRAFAS TESTE ORDEM 30008811338,GAS REDOX BAIXO OCASIONADO FALHA NA PASSAGEM DE GARRAFAS TESTE ORDEM 30008811338,FALHA DE CONTROLE DE PROCESSO,FALHA DE CONTROLE DE PROCESSO,TRAIN
3878,"PORTA DE SEGURANÇA BLOQUEADA, DIFICULTANDO O RESET E RETIRADA DE PACOTES EM POSIÇÃO ERRADA",PORTA DE SEGURANCA BLOQUEADA DIFICULTANDO O RESET E RETIRADA DE PACOTES EM POSICAO ERRADA,FALHA DE PORTA DE SEGURANÇA,FALHA DE PORTA DE SEGURANCA,TRAIN
3879,FALHA NA VALVULA MODULANTE DE AGUA,FALHA NA VALVULA MODULANTE DE AGUA,FALHA DE VÁLVULA MODULADORA,FALHA DE VALVULA MODULADORA,TRAIN
3880,TRAVAMENTO DE GARRAFAS NA SAIDA DA LAVADORA 30008812696,TRAVAMENTO DE GARRAFAS NA SAIDA DA LAVADORA 30008812696,ENROSCO DE GARRAFAS,ENROSCO DE GARRAFAS,TEST
3881,ENCHEDORA RODANDO ABAIXO DA NOMIMAL POR FALTA DE TAMPAS,ENCHEDORA RODANDO ABAIXO DA NOMIMAL POR FALTA DE TAMPAS,FALHA DE ALIMENTAÇÃO DE TAMPAS,FALHA DE ALIMENTACAO DE TAMPAS,TRAIN
3882,ENCHEDORA RODANDO ABAIXO DA NOMINAL PRO FALTA DE TAMPAS,ENCHEDORA RODANDO ABAIXO DA NOMINAL PRO FALTA DE TAMPAS,FALHA DE ALIMENTAÇÃO DE TAMPAS,FALHA DE ALIMENTACAO DE TAMPAS,TRAIN
3883,ENCHEDORA RODANDO ABAIXO DA NOMINAL DEVIDO FALTA E TAMPAS,ENCHEDORA RODANDO ABAIXO DA NOMINAL DEVIDO FALTA E TAMPAS,FALHA DE ALIMENTAÇÃO DE TAMPAS,FALHA DE ALIMENTACAO DE TAMPAS,TEST
3884,FALHA NA VÁLVULA MODULANTE DE ÁGUA - ORDEM - 30008811446,FALHA NA VALVULA MODULANTE DE AGUA ORDEM 30008811446,FALHA DE VÁLVULA MODULADORA,FALHA DE VALVULA MODULADORA,TEST
3885,PARAFUSO DO ROLETE DO TRANSPORTE DE PALLET ACABADO SOLTO,PARAFUSO DO ROLETE DO TRANSPORTE DE PALLET ACABADO SOLTO,FALHA DE ROLETES,FALHA DE ROLETES,TRAIN
3886,PARAFUSO DO ROLETE DO TRANSPORTE DE PALLET ACABADO SOLTO,PARAFUSO DO ROLETE DO TRANSPORTE DE PALLET ACABADO SOLTO,FALHA DE ROLETES,FALHA DE ROLETES,TRAIN
3887,"REGULAGEM DO SENSOR DE IDENTIFICAÇÃO DE LATAS DA ESTRELA DE ENTRADA DE ENCHIMENTO, GERANDO FALHA NA LEITURA DAS LATAS",REGULAGEM DO SENSOR DE IDENTIFICACAO DE LATAS DA ESTRELA DE ENTRADA DE ENCHIMENTO GERANDO FALHA NA LEITURA DAS LATAS,FALHA DE SENSOR,FALHA DE SENSOR,TRAIN
3888,MANDRIL DO PORTA BOBINA SEM TRAÇÃO DEIXANDO FILME SOLTO E EMBOLANDO,MANDRIL DO PORTA BOBINA SEM TRACAO DEIXANDO FILME SOLTO E EMBOLANDO,FALHA DE MANDRIL,FALHA DE MANDRIL,TRAIN
3889,ESTEIRA DE TRANSPORTE DE GARRAFA NA EMPACOTADORA TRAVANDO,ESTEIRA DE TRANSPORTE DE GARRAFA NA EMPACOTADORA TRAVANDO,TRAVAMENTO DE ESTEIRA,TRAVAMENTO DE ESTEIRA,TRAIN
3890,"FALHA NA SAIDA DE PALLET DE CARTÃO, ACIONANDO A BARREIRA DE SEGURANÇA E NÃO LIBERANDO O RESET",FALHA NA SAIDA DE PALLET DE CARTAO ACIONANDO A BARREIRA DE SEGURANCA E NAO LIBERANDO O RESET,FALHA DE BARREIRA,FALHA DE BARREIRA,TRAIN
3891,FALHA NA SOLDAGEM DO MANDRIL 2 PARA O 1 GERANDO O ESTOURO DO FILME,FALHA NA SOLDAGEM DO MANDRIL 2 PARA O 1 GERANDO O ESTOURO DO FILME,FALHA DE SOLDA DE FILME,FALHA DE SOLDA DE FILME,TRAIN
3892,POSICIONAMENTO DA CORREIA DA ESTAÇÃO.,POSICIONAMENTO DA CORREIA DA ESTACAO,FALHA DE CORREIA,FALHA DE CORREIA,TRAIN
3893,VALVULA TRAVOU OCASIONANDO QUEDA DE GARRAFAS,VALVULA TRAVOU OCASIONANDO QUEDA DE GARRAFAS,TRAVAMENTO DE VÁLVULA,TRAVAMENTO DE VALVULA,TRAIN
3894,ESTEIRA DA CURVA DE SAÍDA DA DESENCA QUEBROU,ESTEIRA DA CURVA DE SAIDA DA DESENCA QUEBROU,QUEBRA DE ESTEIRA,QUEBRA DE ESTEIRA,TRAIN
3895,FALHA SENSOR PUSHER,FALHA SENSOR PUSHER,FALHA DE SENSOR,FALHA DE SENSOR,TRAIN
3896,FALHA REJEITOR PUSHER,FALHA REJEITOR PUSHER,FALHA DE REJEIÇÃO,FALHA DE REJEICAO,TRAIN
3897,"FALSO REJEITO, CONGESTIONAMENTO DE GARRAFAS PARA QUEBRA",FALSO REJEITO CONGESTIONAMENTO DE GARRAFAS PARA QUEBRA,FALHA DE REJEIÇÃO,FALHA DE REJEICAO,TRAIN
3898,SAIU PARAFUSO,SAIU PARAFUSO,FALHA DE FIXAÇÃO,FALHA DE FIXACAO,TRAIN
3899,ESTEIRA ESCAPANDO,ESTEIRA ESCAPANDO,ESCAPE DE ESTEIRA,ESCAPE DE ESTEIRA,TRAIN
3900,"PORTA DE SEGURANÇA BLOQUEADA(SENSOR QUEBRADO), DIFICULTANDO O RESET DA FALHA",PORTA DE SEGURANCA BLOQUEADA SENSOR QUEBRADO DIFICULTANDO O RESET DA FALHA,FALHA DE SENSOR,FALHA DE SENSOR,TRAIN
3901,FALHA NO CORTE TRANSVERSAL DO FILME OCASIONANDO PACOTES ABERTOS E FALHA DE ENVOLVIMENTO,FALHA NO CORTE TRANSVERSAL DO FILME OCASIONANDO PACOTES ABERTOS E FALHA DE ENVOLVIMENTO,FALHA DE CORTE DE FILME,FALHA DE CORTE DE FILME,TRAIN
3902,FALHA NO IHM DO DOSADOR DE NITROGÊNIO – NOTA 3008813088,FALHA NO IHM DO DOSADOR DE NITROGENIO NOTA 3008813088,FALHA DE IHM,FALHA DE IHM,TRAIN
3903,TROCA DE BOBINA FALHA NA SOLDAGEM DE FILME,TROCA DE BOBINA FALHA NA SOLDAGEM DE FILME,FALHA DE SOLDA DE FILME,FALHA DE SOLDA DE FILME,TRAIN
3904,TRAVOU A ESTEIRA DENTRO DA EMPACOTADORA,TRAVOU A ESTEIRA DENTRO DA EMPACOTADORA,TRAVAMENTO DE ESTEIRA,TRAVAMENTO DE ESTEIRA,TRAIN
3905,FALHA DURANTE A TROCA DE BOBINA,FALHA DURANTE A TROCA DE BOBINA,FALHA NA TROCA DE BOBINA,FALHA NA TROCA DE BOBINA,TEST
3906,ATRITO ENTRE O SUPORTE DO PISTAO DE LATAS FALSAS COM A ENCHEDORA,ATRITO ENTRE O SUPORTE DO PISTAO DE LATAS FALSAS COM A ENCHEDORA,INTERFERÊNCIA MECÂNICA,INTERFERENCIA MECANICA,TRAIN
3907,"QUEDA DE GARRAFAS NO RESFRIAMENTO DE FUNDO, OCASIONANDO FALHA DE MONITORAÇÃO",QUEDA DE GARRAFAS NO RESFRIAMENTO DE FUNDO OCASIONANDO FALHA DE MONITORACAO,QUEDA DE GARRAFAS,QUEDA DE GARRAFAS,TRAIN
3908,"ENROSCO DE TAMPAS A MAQUINA CONTINUA RODANDO E O SENSOR NAO ACUSA FALHA , E SAI VARIAS GARRAFAS SEM TAMPA SE NAO PARAR MANUALMENTE",ENROSCO DE TAMPAS A MAQUINA CONTINUA RODANDO E O SENSOR NAO ACUSA FALHA E SAI VARIAS GARRAFAS SEM TAMPA SE NAO PARAR MANUALMENTE,FALHA DE SENSOR,FALHA DE SENSOR,TRAIN
3909,ENCHEDORA RODANDO ABAIXO DA NOMINAL DEVIDO GARRAFAS SAINDO SEM TAMPAS,ENCHEDORA RODANDO ABAIXO DA NOMINAL DEVIDO GARRAFAS SAINDO SEM TAMPAS,FALHA DE ALIMENTAÇÃO DE TAMPAS,FALHA DE ALIMENTACAO DE TAMPAS,TRAIN
3910,"ENROSCO DE TAMPAS , A MAQUINA CONTINUA RODANDO SEM ACUSAR FALHA NO SENSOR DAS GARRAFAS QUE SAEM SEM TAMPAS TENDO QUE SER PARADO MANUALMENTE",ENROSCO DE TAMPAS A MAQUINA CONTINUA RODANDO SEM ACUSAR FALHA NO SENSOR DAS GARRAFAS QUE SAEM SEM TAMPAS TENDO QUE SER PARADO MANUALMENTE,FALHA DE SENSOR,FALHA DE SENSOR,TRAIN
3911,"A ESTEIRA QUE TRANSPORTA GRFAS DO ASEBI PARA A ENCHEDORA ESCAPOU CAUSANDO PARADA NA LINHA , MANUTENCAO ATUOU",A ESTEIRA QUE TRANSPORTA GRFAS DO ASEBI PARA A ENCHEDORA ESCAPOU CAUSANDO PARADA NA LINHA MANUTENCAO ATUOU,ESCAPE DE ESTEIRA,ESCAPE DE ESTEIRA,TEST
3912,"ENROSCO DE TAMPAS , MAQUINA CONTINUA RODANDO SEM ACUSAR A FALHA , TENDO QUE SER PARADA MANUALMENTE",ENROSCO DE TAMPAS MAQUINA CONTINUA RODANDO SEM ACUSAR A FALHA TENDO QUE SER PARADA MANUALMENTE,ENROSCO DE TAMPAS,ENROSCO DE TAMPAS,TEST
3913,FALHA DE ENCHIMENTO(NIVEL BAIXO),FALHA DE ENCHIMENTO NIVEL BAIXO,FALHA DE ENCHIMENTO,FALHA DE ENCHIMENTO,TRAIN
3914,GUIA DA CURVA PRECISOU CORTAR UM PEDAÇO,GUIA DA CURVA PRECISOU CORTAR UM PEDACO,FALHA DE GUIA,FALHA DE GUIA,TRAIN
3915,INSPETOR DESCARTANTANDO LATAS BOAS,INSPETOR DESCARTANTANDO LATAS BOAS,FALHA DE INSPEÇÃO,FALHA DE INSPECAO,TRAIN
3916,"GUIAS FURANDO LATAS, MOLHANDO A MESA DE FORMAÇÃO DE CAMADA",GUIAS FURANDO LATAS MOLHANDO A MESA DE FORMACAO DE CAMADA,FALHA DE FORMAÇÃO DE CAMADA,FALHA DE FORMACAO DE CAMADA,TRAIN
3917,FALHA NO CORTE TRANSVERSAL DO FILME OCASIONANDO PACOTES ABERTOS E FALHA DE ENVOLVIMENTO (30008813051),FALHA NO CORTE TRANSVERSAL DO FILME OCASIONANDO PACOTES ABERTOS E FALHA DE ENVOLVIMENTO 30008813051,FALHA DE CORTE DE FILME,FALHA DE CORTE DE FILME,TRAIN
3918,ESTEIRA SAI FORA DO GUIA,ESTEIRA SAI FORA DO GUIA,ESCAPE DE ESTEIRA,ESCAPE DE ESTEIRA,TEST
3919,SENSOR FORA DE POSIÇÃO,SENSOR FORA DE POSICAO,FALHA DE SENSOR,FALHA DE SENSOR,TRAIN
3920,ESTEIRA DA CURVA ESCAPANDO,ESTEIRA DA CURVA ESCAPANDO,ESCAPE DE ESTEIRA,ESCAPE DE ESTEIRA,TRAIN
3921,TRAVAMENTO DA VÁLVULA DO DE ÁGUA DO TANQUE 3,TRAVAMENTO DA VALVULA DO DE AGUA DO TANQUE 3,TRAVAMENTO DE VÁLVULA,TRAVAMENTO DE VALVULA,TRAIN
3922,ESTEIRA DA CURVA DA PALETIZADORA ESCAPANDO,ESTEIRA DA CURVA DA PALETIZADORA ESCAPANDO,ESCAPE DE ESTEIRA,ESCAPE DE ESTEIRA,TRAIN
3923,ESTEIRA DA CURVA DE ENTRADA DA PALETIZADORA ESCAPANDO,ESTEIRA DA CURVA DE ENTRADA DA PALETIZADORA ESCAPANDO,ESCAPE DE ESTEIRA,ESCAPE DE ESTEIRA,TRAIN
3924,VÁLVULA DE ÁGUA DO TANQUE 2 TRAVADA OCASIONANDO NÍVEL BAIXO DE ÁGUA NO TANQUE,VALVULA DE AGUA DO TANQUE 2 TRAVADA OCASIONANDO NIVEL BAIXO DE AGUA NO TANQUE,TRAVAMENTO DE VÁLVULA,TRAVAMENTO DE VALVULA,TRAIN
3925,ESTEIRA DO TRANSPORTE DA CURVA DA PALETIZADORA SAIU FORA DE POSIÇÃO,ESTEIRA DO TRANSPORTE DA CURVA DA PALETIZADORA SAIU FORA DE POSICAO,ESCAPE DE ESTEIRA,ESCAPE DE ESTEIRA,TRAIN
3926,TRAVAMENTO DE GARRAFAS NA SAIDA DA LAVADORA,TRAVAMENTO DE GARRAFAS NA SAIDA DA LAVADORA,ENROSCO DE GARRAFAS,ENROSCO DE GARRAFAS,TEST
3927,QUEBRA DA RESISTENCIA DO CORTE DO FILME,QUEBRA DA RESISTENCIA DO CORTE DO FILME,FALHA DE CORTE DE FILME,FALHA DE CORTE DE FILME,TRAIN
3928,"ENROSCO DE GARRAFAS NA ESTRELA DE ENTRADA DE ENCHIMENTO, SENSOR DE ENCHIMENTO DE GARRAFAS QUEBRADO",ENROSCO DE GARRAFAS NA ESTRELA DE ENTRADA DE ENCHIMENTO SENSOR DE ENCHIMENTO DE GARRAFAS QUEBRADO,FALHA DE SENSOR,FALHA DE SENSOR,TRAIN
3929,ENROSCO DE LATAS ( SAINDO LATAS VAZIAS ),ENROSCO DE LATAS SAINDO LATAS VAZIAS,FALHA DE ENCHIMENTO,FALHA DE ENCHIMENTO,TRAIN
3930,TROCA DE 4 ELOS DANIFICADOS DO TRANSPORTE DE ENTRADA DA ENCHEDORA,TROCA DE 4 ELOS DANIFICADOS DO TRANSPORTE DE ENTRADA DA ENCHEDORA,FALHA DE TRANSPORTE,FALHA DE TRANSPORTE,TRAIN
3931,FALHA NO ENVIO DE BEBIDA DO TANQUE DESAIRADOR PARA O TANQUE CARBONATADOR,FALHA NO ENVIO DE BEBIDA DO TANQUE DESAIRADOR PARA O TANQUE CARBONATADOR,FALHA DE CARBONATAÇÃO,FALHA DE CARBONATACAO,TRAIN
3932,FALHA DE ENCHIMENTO NA VALVULA Nº15,FALHA DE ENCHIMENTO NA VALVULA N 15,FALHA DE VÁLVULA DE ENCHIMENTO,FALHA DE VALVULA DE ENCHIMENTO,TRAIN
3933,SENSOR DA GRELHA PAROU DE FUNCIONAR,SENSOR DA GRELHA PAROU DE FUNCIONAR,FALHA DE SENSOR,FALHA DE SENSOR,TRAIN
3934,QUEBROU O PARAFUSO DO PISTÃO DA ARTICULAÇÃO NUMERO 83,QUEBROU O PARAFUSO DO PISTAO DA ARTICULACAO NUMERO 83,QUEBRA DE ATUADOR,QUEBRA DE ATUADOR,TRAIN
3935,FACA TRANSVERSAL NAO CORTANDO O FILME,FACA TRANSVERSAL NAO CORTANDO O FILME,FALHA DE CORTE DE FILME,FALHA DE CORTE DE FILME,TRAIN
3936,EXESSO DE REJEITOS DE LATAS BOAS (30008821889),EXESSO DE REJEITOS DE LATAS BOAS 30008821889,FALHA DE REJEIÇÃO,FALHA DE REJEICAO,TEST
3937,FIXAÇÃO DO SENSOR DE LEITURA DE LATAS (30008821878),FIXACAO DO SENSOR DE LEITURA DE LATAS 30008821878,FALHA DE SENSOR,FALHA DE SENSOR,TRAIN
3938,FALHA NO ENCHIMENTO DAS GARRAFAS VARIAÇÃO DE NIVEL,FALHA NO ENCHIMENTO DAS GARRAFAS VARIACAO DE NIVEL,FALHA DE ENCHIMENTO,FALHA DE ENCHIMENTO,TRAIN
3939,FALHA NA INSPEÇÃO ORDEM :30008820750,FALHA NA INSPECAO ORDEM 30008820750,FALHA DE INSPEÇÃO,FALHA DE INSPECAO,TRAIN
3940,"FALHA NO CORTE DO FILME, GERANDO FALHA NO ENVOLVIMENTO DE PACOTES",FALHA NO CORTE DO FILME GERANDO FALHA NO ENVOLVIMENTO DE PACOTES,FALHA DE CORTE DE FILME,FALHA DE CORTE DE FILME,TRAIN
3941,ENROSCO DE LATAS NO GUIA DE ENTRADA DO TWISTER DO RINSER,ENROSCO DE LATAS NO GUIA DE ENTRADA DO TWISTER DO RINSER,ENROSCO DE LATAS,ENROSCO DE LATAS,TRAIN
3942,ESTEIRA ESCAPOU CAUSANDO PARADA NA LINHA,ESTEIRA ESCAPOU CAUSANDO PARADA NA LINHA,ESCAPE DE ESTEIRA,ESCAPE DE ESTEIRA,TRAIN
3943,EQUIPAMENTO SE PERDEU NA MONTAGEM DE PALETES,EQUIPAMENTO SE PERDEU NA MONTAGEM DE PALETES,PERDA DE REFERÊNCIA,PERDA DE REFERENCIA,TRAIN
3944,"QUEDA DE GARRAFAS NO TAPTONE, OCASIONANDO FALHA NO CHECKMAT",QUEDA DE GARRAFAS NO TAPTONE OCASIONANDO FALHA NO CHECKMAT,FALHA DE INSPEÇÃO,FALHA DE INSPECAO,TRAIN
3945,CORREÇÃO CHUTADOR AJUSTE DAS GUIAS E SENSOR NA ENTRADA LINATRONIC,CORRECAO CHUTADOR AJUSTE DAS GUIAS E SENSOR NA ENTRADA LINATRONIC,FALHA DE SENSOR,FALHA DE SENSOR,TRAIN
3946,CRASH DE GARRAFAS POR EXCESSO DE REJEITO,CRASH DE GARRAFAS POR EXCESSO DE REJEITO,CRASH DE GARRAFAS,CRASH DE GARRAFAS,TRAIN
3947,ESCAPOU ESTEIRA NA CURVA NA SAIDA DA DESENCAIXOTADORA (2X),ESCAPOU ESTEIRA NA CURVA NA SAIDA DA DESENCAIXOTADORA 2X,ESCAPE DE ESTEIRA,ESCAPE DE ESTEIRA,TRAIN
3949,"SENSOR DE LATA CAIDA NÃO ATUOU, PASSOU LATA CAIDA GERANDO CRASH NA ENCHEDORA",SENSOR DE LATA CAIDA NAO ATUOU PASSOU LATA CAIDA GERANDO CRASH NA ENCHEDORA,FALHA DE SENSOR,FALHA DE SENSOR,TRAIN
3950,"FALHA NO CORTE, SAINDO FILME MASTIGADO",FALHA NO CORTE SAINDO FILME MASTIGADO,FALHA DE CORTE DE FILME,FALHA DE CORTE DE FILME,TRAIN
3951,TRAVAMENTO DO SEGMENTO 3000882292,TRAVAMENTO DO SEGMENTO 3000882292,TRAVAMENTO DE SEGMENTOS,TRAVAMENTO DE SEGMENTOS,TRAIN
3952,"FALHA NO REJEITO,MAQUINA NÃO ESTA REJEITANDO GARRAFAS AMASSADAS,OCASIONANDO TRAVAMENTO NA LAVADORA",FALHA NO REJEITO MAQUINA NAO ESTA REJEITANDO GARRAFAS AMASSADAS OCASIONANDO TRAVAMENTO NA LAVADORA,FALHA DE REJEIÇÃO,FALHA DE REJEICAO,TRAIN
3953,TROCA DA MANGUEIRA DE AGUA 30008822660,TROCA DA MANGUEIRA DE AGUA 30008822660,FALHA DE MANGUEIRA DE ÁGUA,FALHA DE MANGUEIRA DE AGUA,TRAIN
3954,TUBULAÇÃO DE RETORNO DE TAMPAS ENTUPIDO,TUBULACAO DE RETORNO DE TAMPAS ENTUPIDO,ENROSCO DE TAMPAS,ENROSCO DE TAMPAS,TRAIN
3955,PISTÃO MARTINET 49 TRAVADO,PISTAO MARTINET 49 TRAVADO,TRAVAMENTO DE ATUADOR,TRAVAMENTO DE ATUADOR,TRAIN
3956,TRAVAMENTO DE GARRAFAS NA SAÍDA DA LAVADORA,TRAVAMENTO DE GARRAFAS NA SAIDA DA LAVADORA,ENROSCO DE GARRAFAS,ENROSCO DE GARRAFAS,TEST
3957,MARTINETE DA VALVULA 49 TRAVADO,MARTINETE DA VALVULA 49 TRAVADO,TRAVAMENTO DE VÁLVULA,TRAVAMENTO DE VALVULA,TRAIN
3958,TRAVAMENTO DE GARRAFAS NA SAIDA DA LAVADORA,TRAVAMENTO DE GARRAFAS NA SAIDA DA LAVADORA,ENROSCO DE GARRAFAS,ENROSCO DE GARRAFAS,TEST
3959,ALARME SOBRECORRENTE MOTOR 17 NOTA 30008822938,ALARME SOBRECORRENTE MOTOR 17 NOTA 30008822938,SOBRECORRENTE,SOBRECORRENTE,TRAIN
3960,"FALHA DE ENCHIMENTO NA VALVULA Nº15, JUMP FISICO COM A Nº13",FALHA DE ENCHIMENTO NA VALVULA N 15 JUMP FISICO COM A N 13,FALHA DE VÁLVULA DE ENCHIMENTO,FALHA DE VALVULA DE ENCHIMENTO,TRAIN
3961,ESCAPOU A ESTEIRA NA CURVA DA DESENCAIXOTADORA,ESCAPOU A ESTEIRA NA CURVA DA DESENCAIXOTADORA,ESCAPE DE ESTEIRA,ESCAPE DE ESTEIRA,TRAIN
3962,REGULAGEM E LIMPEZA DO SENSOR DE SEGURANÇA DO CABEÇOTE,REGULAGEM E LIMPEZA DO SENSOR DE SEGURANCA DO CABECOTE,FALHA DE SENSOR,FALHA DE SENSOR,TRAIN
3963,"FALHA TROCA DE BANDEJA , OCASIONANDO ENROSCO DE ROTULOS DO AGREGADO 1",FALHA TROCA DE BANDEJA OCASIONANDO ENROSCO DE ROTULOS DO AGREGADO 1,FALHA NA TROCA DE BANDEJA,FALHA NA TROCA DE BANDEJA,TEST
3964,TRAVAMENTO DE GARRAFAS NA SAIDA DA LAVADORA,TRAVAMENTO DE GARRAFAS NA SAIDA DA LAVADORA,ENROSCO DE GARRAFAS,ENROSCO DE GARRAFAS,TEST
3965,FALHA NO MAGAZINE DE PALETE,FALHA NO MAGAZINE DE PALETE,FALHA DE MAGAZINE,FALHA DE MAGAZINE,TEST
3966,"ROLETES DANIFICADOS,PALETES PARANDO FORA DE POSIÇÃO",ROLETES DANIFICADOS PALETES PARANDO FORA DE POSICAO,FALHA DE ROLETES,FALHA DE ROLETES,TRAIN
3967,TRAVAMENTO DE GARRAFAS NA SAIDA,TRAVAMENTO DE GARRAFAS NA SAIDA,ENROSCO DE GARRAFAS,ENROSCO DE GARRAFAS,TRAIN
3968,FALHA NO REDUTOR DO CORRENTÃO 30008824736,FALHA NO REDUTOR DO CORRENTAO 30008824736,FALHA DE REDUTOR,FALHA DE REDUTOR,TRAIN
3969,TROCA DO SELO DA BOMBA TQ2 DE SODA,TROCA DO SELO DA BOMBA TQ2 DE SODA,FALHA DE BOMBA,FALHA DE BOMBA,TRAIN
3970,"TUBULAÇÃO DE TAMPA ENTUPIDA, FEITO A DESMONTAGEM DA TUBULAÇÃO 30008826287",TUBULACAO DE TAMPA ENTUPIDA FEITO A DESMONTAGEM DA TUBULACAO 30008826287,ENROSCO DE TAMPAS,ENROSCO DE TAMPAS,TRAIN
3971,PACOTES MAL FORMADOS E ABERTOS GERANDO ENROSCO NA PALETIZADORA,PACOTES MAL FORMADOS E ABERTOS GERANDO ENROSCO NA PALETIZADORA,ENROSCO DE PACOTES,ENROSCO DE PACOTES,TRAIN
3972,FALHA NO SISTEMA DE ENVOLVIMENTO 30008826293,FALHA NO SISTEMA DE ENVOLVIMENTO 30008826293,FALHA DE ENVOLVIMENTO,FALHA DE ENVOLVIMENTO,TRAIN
3973,FALHA NO SENSOR DE TAMPA ORDEM 30008824739,FALHA NO SENSOR DE TAMPA ORDEM 30008824739,FALHA DE SENSOR,FALHA DE SENSOR,TRAIN
3974,"SENSOR DE RECONHECIMENTO DE MARCAÇÃO DO FILME, FORA DE POSIÇÃO (ORDEM 30008826263)",SENSOR DE RECONHECIMENTO DE MARCACAO DO FILME FORA DE POSICAO ORDEM 30008826263,FALHA DE SENSOR,FALHA DE SENSOR,TRAIN
3975,FALHA NO SENSOR DO TRANSPORTE DE ELEVAÇÃO ORDEM 30008826467,FALHA NO SENSOR DO TRANSPORTE DE ELEVACAO ORDEM 30008826467,FALHA DE SENSOR,FALHA DE SENSOR,TRAIN
3976,FALHA MOTOR TAG-215 NO TRANSPORTE NA SAIDA LINATRONIC,FALHA MOTOR TAG 215 NO TRANSPORTE NA SAIDA LINATRONIC,FALHA DE MOTOR,FALHA DE MOTOR,TRAIN
3977,ESTEIRA DA CURVA DE ENTRADA DA ENCAIXOTADORA ESCAPOU,ESTEIRA DA CURVA DE ENTRADA DA ENCAIXOTADORA ESCAPOU,ESCAPE DE ESTEIRA,ESCAPE DE ESTEIRA,TEST
3978,AJUSTE E POSICIONAMENTO DOS GUIAS E DA CHAPA DE ENTRADA DE GARRAFA 30008826463,AJUSTE E POSICIONAMENTO DOS GUIAS E DA CHAPA DE ENTRADA DE GARRAFA 30008826463,SEM MODO DE FALHA IDENTIFICADO,SEM MODO DE FALHA IDENTIFICADO,TEST
3979,ENROSCO DE GARRAFA NA SAÍDA DA LAVADORA,ENROSCO DE GARRAFA NA SAIDA DA LAVADORA,ENROSCO DE GARRAFAS,ENROSCO DE GARRAFAS,TRAIN
3980,TRAVAMENTO DE GARRAFAS NA SAIDA DA LAVADORA,TRAVAMENTO DE GARRAFAS NA SAIDA DA LAVADORA,ENROSCO DE GARRAFAS,ENROSCO DE GARRAFAS,TEST
3981,"ENROSCO DE LATA NO TWISTER,PÓS HEUFT",ENROSCO DE LATA NO TWISTER POS HEUFT,FALHA DE INSPEÇÃO,FALHA DE INSPECAO,TRAIN
3982,EXCESSO DE REJEIÇÃO,EXCESSO DE REJEICAO,FALHA DE REJEIÇÃO,FALHA DE REJEICAO,TEST
3983,FALHA DE SEGURANÇA DA HEUFT,FALHA DE SEGURANCA DA HEUFT,FALHA DE INSPEÇÃO,FALHA DE INSPECAO,TRAIN
3984,"APÓS RETIRADA AUTOMATICA DE PILHA DE PALETE VAZI, MAQUINA SE PERDEU, ASSIM NAO FAZENDO PROCESSO AUTOMATICO DE SUBIDA E DESCIDA",APOS RETIRADA AUTOMATICA DE PILHA DE PALETE VAZI MAQUINA SE PERDEU ASSIM NAO FAZENDO PROCESSO AUTOMATICO DE SUBIDA E DESCIDA,PERDA DE REFERÊNCIA,PERDA DE REFERENCIA,TRAIN
3985,ROBO DE CARTÃO SE PERDEU APÓS FALHA AUTOMATICA DO ROBO DE PALETE VAZIO,ROBO DE CARTAO SE PERDEU APOS FALHA AUTOMATICA DO ROBO DE PALETE VAZIO,FALHA DE ROBÔ,FALHA DE ROBO,TEST
3986,"VARIAÇÃO NA ENTREGA DO FILME DO FILME, TIRANDO FORA DO PARAMETRO OS DADOS PARA CONSEGUIR RODAR",VARIACAO NA ENTREGA DO FILME DO FILME TIRANDO FORA DO PARAMETRO OS DADOS PARA CONSEGUIR RODAR,FALHA DE ENVOLVIMENTO,FALHA DE ENVOLVIMENTO,TRAIN
3987,"ENROSCO DE TAMPA NA DESCIDA DA CASCATA,GERANDO CRASCH NA RECRAVADORA",ENROSCO DE TAMPA NA DESCIDA DA CASCATA GERANDO CRASCH NA RECRAVADORA,ENROSCO DE TAMPAS,ENROSCO DE TAMPAS,TRAIN
3988,"DESALINHAMENTO DO GUIA DA CORRENTE DE ARRASTE,MARCANDO A LATA",DESALINHAMENTO DO GUIA DA CORRENTE DE ARRASTE MARCANDO A LATA,DESALINHAMENTO DE GUIA,DESALINHAMENTO DE GUIA,TRAIN
3989,GUIA DE ENTRADA DE ENTREGA DE LATAS DESALINHADA,GUIA DE ENTRADA DE ENTREGA DE LATAS DESALINHADA,DESALINHAMENTO DE GUIA,DESALINHAMENTO DE GUIA,TEST
3990,"CHAPA DE PASSAGEM DE GARRAFAS DANIFICADA,DERUBANDO GARRAFAS",CHAPA DE PASSAGEM DE GARRAFAS DANIFICADA DERUBANDO GARRAFAS,FALHA DE GUIA,FALHA DE GUIA,TRAIN
3991,"CONGESTIONAMENTO DE CAIXAS,PERDA DE CONTAGEM",CONGESTIONAMENTO DE CAIXAS PERDA DE CONTAGEM,ENROSCO DE CAIXAS,ENROSCO DE CAIXAS,TRAIN
3992,"FALHA NA GARRAFA TESTE,FALHA NO SENSOR DE LEITUTA DO TRANSPOUDER",FALHA NA GARRAFA TESTE FALHA NO SENSOR DE LEITUTA DO TRANSPOUDER,FALHA DE SENSOR,FALHA DE SENSOR,TRAIN
3993,"CONGESTIONAMENTO DE CAIXAS,ERRO NA FORMAÇÃO DAS CAMADAS",CONGESTIONAMENTO DE CAIXAS ERRO NA FORMACAO DAS CAMADAS,ENROSCO DE CAIXAS,ENROSCO DE CAIXAS,TRAIN
3994,TRAVAMENTO E QUEDA DE GARRAFAS NA SAIDA,TRAVAMENTO E QUEDA DE GARRAFAS NA SAIDA,QUEDA DE GARRAFAS,QUEDA DE GARRAFAS,TRAIN
3995,FALHA DE ENCHIMENTO NA VALVULA 18,FALHA DE ENCHIMENTO NA VALVULA 18,FALHA DE VÁLVULA DE ENCHIMENTO,FALHA DE VALVULA DE ENCHIMENTO,TRAIN
3996,TRAVAMENTO DE GARRAFAS NA SAIDA,TRAVAMENTO DE GARRAFAS NA SAIDA,ENROSCO DE GARRAFAS,ENROSCO DE GARRAFAS,TRAIN
3997,FALHA DE ENCHIMENTO VALVULA 18,FALHA DE ENCHIMENTO VALVULA 18,FALHA DE VÁLVULA DE ENCHIMENTO,FALHA DE VALVULA DE ENCHIMENTO,TEST
3998,FALAH NO INVERSOR DO MOTOR 329,FALAH NO INVERSOR DO MOTOR 329,FALHA DE INVERSOR,FALHA DE INVERSOR,TRAIN
3999,MUITAS GARRAFAS VINDO COM ROTULOS OSASIONADO CRASH NA SAIDADA LAVADORA E LINATRONIC,MUITAS GARRAFAS VINDO COM ROTULOS OSASIONADO CRASH NA SAIDADA LAVADORA E LINATRONIC,Excesso de garrafa com rotulo,EXCESSO DE GARRAFA COM ROTULO,TRAIN
4000,FALHA MOTOR TAG-329 NO TRECHO DA PALETIZADORA,FALHA MOTOR TAG 329 NO TRECHO DA PALETIZADORA,FALHA DE MOTOR,FALHA DE MOTOR,TRAIN
4001,MUITAS GARRAFAS VINDO COM ROTULOS OCASIONADO CRASH NA SAIDADA LAVADORA E LINATRONIC,MUITAS GARRAFAS VINDO COM ROTULOS OCASIONADO CRASH NA SAIDADA LAVADORA E LINATRONIC,Excesso de garrafa com rotulo,EXCESSO DE GARRAFA COM ROTULO,TEST
4002,FALHA NA CODIFICAÇÃO ORDEM 30008827622,FALHA NA CODIFICACAO ORDEM 30008827622,FALHA DE CODIFICAÇÃO,FALHA DE CODIFICACAO,TRAIN
4003,FALHA NA CODIFICAÇÃO,FALHA NA CODIFICACAO,FALHA DE CODIFICAÇÃO,FALHA DE CODIFICACAO,TRAIN
4004,FALHA NO SENSOR DE LIBERACAO DE GARRAFAS DA ENCHEDORA,FALHA NO SENSOR DE LIBERACAO DE GARRAFAS DA ENCHEDORA,FALHA DE SENSOR,FALHA DE SENSOR,TRAIN
4005,TROCA DA ENGRENAGEM DA ESTEIRA DE GRFS VAZIAS PARA ENCHEDORA,TROCA DA ENGRENAGEM DA ESTEIRA DE GRFS VAZIAS PARA ENCHEDORA,FALHA DE ENGRENAGEM,FALHA DE ENGRENAGEM,TEST
4006,"CORRENTE COM DESGASTE, NECESSARIO AJUSTE PARA COMPENSAR FALHA ( ORDEM - 30008827895 )",CORRENTE COM DESGASTE NECESSARIO AJUSTE PARA COMPENSAR FALHA ORDEM 30008827895,FALHA DE CORRENTE,FALHA DE CORRENTE,TEST
4007,"DESENCAIXOTADORA FALHA ELETRICA , CAUSANDO ATRASO NO ABASTECIMENTO DA LAVADORA",DESENCAIXOTADORA FALHA ELETRICA CAUSANDO ATRASO NO ABASTECIMENTO DA LAVADORA,FALHA ELÉTRICA SEM COMPONENTE IDENTIFICADO,FALHA ELETRICA SEM COMPONENTE IDENTIFICADO,TRAIN
4008,FALHA NA CODIFICAÇÃO DAS GARRAFAS,FALHA NA CODIFICACAO DAS GARRAFAS,FALHA DE CODIFICAÇÃO,FALHA DE CODIFICACAO,TEST
4009,DESARMOU MOTOR TAG- 201 NO TRANSPORTE NA SAID DA LAVADORA,DESARMOU MOTOR TAG 201 NO TRANSPORTE NA SAID DA LAVADORA,DESARME DE MOTOR,DESARME DE MOTOR,TEST
4010,DESARMOU MOTOR TAG-329 NA CURVA DO TRANSPORTE PALETIZADORA,DESARMOU MOTOR TAG 329 NA CURVA DO TRANSPORTE PALETIZADORA,DESARME DE MOTOR,DESARME DE MOTOR,TRAIN
4011,MUITAS GARRAFAS VINDO COM ROTULOS OCASIONADO CRASH NA SAIDADA LAVADORA E LINATRONIC,MUITAS GARRAFAS VINDO COM ROTULOS OCASIONADO CRASH NA SAIDADA LAVADORA E LINATRONIC,Excesso de garrafa com rotulo,EXCESSO DE GARRAFA COM ROTULO,TEST
4012,"MUITAS GARRAFAS COM ROTULOS, OCASIONANDO CRASH NA SAIDA LAVADORA E LINATRONIC",MUITAS GARRAFAS COM ROTULOS OCASIONANDO CRASH NA SAIDA LAVADORA E LINATRONIC,Excesso de garrafa com rotulo,EXCESSO DE GARRAFA COM ROTULO,TRAIN
4013,FALHA VIDEOJET NA CODIFICAÇÃO,FALHA VIDEOJET NA CODIFICACAO,FALHA DE CODIFICAÇÃO,FALHA DE CODIFICACAO,TEST
4014,FALHA TROCA DE BANDEJA DO AGREGADO 2,FALHA TROCA DE BANDEJA DO AGREGADO 2,FALHA NA TROCA DE BANDEJA,FALHA NA TROCA DE BANDEJA,TRAIN
4015,ENROSCO DE TAMPAS NA ENTRADA DO LACRADOR DE TAMPAS CAUSANDO PARADA NA MAQUINA,ENROSCO DE TAMPAS NA ENTRADA DO LACRADOR DE TAMPAS CAUSANDO PARADA NA MAQUINA,ENROSCO DE TAMPAS,ENROSCO DE TAMPAS,TEST
4016,"AR PREVIO REPICANDO SOBRE AS BORBOLETAS , VALVULA 33 ALGUMAS VEZES NAO ACIONADA , CAUSANDO FALHA DE ENCHIMENTO",AR PREVIO REPICANDO SOBRE AS BORBOLETAS VALVULA 33 ALGUMAS VEZES NAO ACIONADA CAUSANDO FALHA DE ENCHIMENTO,FALHA DE VÁLVULA DE ENCHIMENTO,FALHA DE VALVULA DE ENCHIMENTO,TRAIN
4017,"NÃO TINHA MAIS DESSA ESTEIRA, RETIRANDO 3 ELOS DA OUTRA ESTEIRA QUE ESTAVA COM SOBRA, E COLOCANDO NA ESTEIRA QUEBRADA ORDEM (30008829425)",NAO TINHA MAIS DESSA ESTEIRA RETIRANDO 3 ELOS DA OUTRA ESTEIRA QUE ESTAVA COM SOBRA E COLOCANDO NA ESTEIRA QUEBRADA ORDEM 30008829425,QUEBRA DE ESTEIRA,QUEBRA DE ESTEIRA,TRAIN
4018,TÉRMICO DESARMADO,TERMICO DESARMADO,DESARME TÉRMICO,DESARME TERMICO,TRAIN
4019,QUEDA DO PINO DE SEPARAÇÃO,QUEDA DO PINO DE SEPARACAO,FALHA DE PINO,FALHA DE PINO,TRAIN
4020,TROCA DE PARAFUSO QUEBRADO DOS ROLETES DA BAILARINA (30008829443),TROCA DE PARAFUSO QUEBRADO DOS ROLETES DA BAILARINA 30008829443,FALHA DE ROLETES,FALHA DE ROLETES,TRAIN
4021,"VELOCIDADE REDUZIDA, TRIPIDAÇÃO DE LATAS NA SAIDA DA ENCHEDORA, ENTREGA PARA A CORRENTE DE ARRASTE, PERDENDO CONTEUDO LIQUIDO",VELOCIDADE REDUZIDA TRIPIDACAO DE LATAS NA SAIDA DA ENCHEDORA ENTREGA PARA A CORRENTE DE ARRASTE PERDENDO CONTEUDO LIQUIDO,TREPIDAÇÃO DE LATAS,TREPIDACAO DE LATAS,TRAIN
4022,"QUEBRA DO PARAFUSO DA BAILARINA, FALHA DE ENVOLVIMENTO",QUEBRA DO PARAFUSO DA BAILARINA FALHA DE ENVOLVIMENTO,QUEBRA DE PARAFUSO,QUEBRA DE PARAFUSO,TRAIN
4023,"MAGAZINE DE PALLET VAZIO DESALINHADA, GERANDO FALHA NA RETIRADA (30008827972).",MAGAZINE DE PALLET VAZIO DESALINHADA GERANDO FALHA NA RETIRADA 30008827972,FALHA DE MAGAZINE,FALHA DE MAGAZINE,TEST
4024,"FALHA NO LEITOR DO RX, TRANSPORTE PAROU ANTES DA FILTEC ORDEM: 30008828581",FALHA NO LEITOR DO RX TRANSPORTE PAROU ANTES DA FILTEC ORDEM 30008828581,FALHA DE INSPEÇÃO,FALHA DE INSPECAO,TEST
4025,FALHA NA SAIDA DO PALETE NO ELEVADOR DE FORMAÇÃO DE CAMADAS,FALHA NA SAIDA DO PALETE NO ELEVADOR DE FORMACAO DE CAMADAS,FALHA DE FORMAÇÃO DE CAMADA,FALHA DE FORMACAO DE CAMADA,TRAIN
4026,QUEBROU A CORREIA NO CAPSULADOR,QUEBROU A CORREIA NO CAPSULADOR,QUEBRA DE CORREIA,QUEBRA DE CORREIA,TRAIN
4027,"FALHA FORMAÇÃO DE CAMADAS, OCASIONANDO COLISÃO DE CAIXAS",FALHA FORMACAO DE CAMADAS OCASIONANDO COLISAO DE CAIXAS,FALHA DE FORMAÇÃO DE CAMADA,FALHA DE FORMACAO DE CAMADA,TRAIN
4028,FALHA TUNEL SECAGEM DE ROTULOS NA ENTRADA DA ROTULADORA,FALHA TUNEL SECAGEM DE ROTULOS NA ENTRADA DA ROTULADORA,FALHA DE SECAGEM DE RÓTULO,FALHA DE SECAGEM DE ROTULO,TRAIN
4029,"FALHA PRESSÃO DO EMPURRADOR DE ROTULOS, OCASIONANDO ENROSCO DE ROTULOS DO AGREGADO 2",FALHA PRESSAO DO EMPURRADOR DE ROTULOS OCASIONANDO ENROSCO DE ROTULOS DO AGREGADO 2,ENROSCO DE RÓTULOS,ENROSCO DE ROTULOS,TRAIN
4030,QUEBROU PARAFUSO DE ROLETE NA FORMAÇÃO DE CAMADAS PALETIZADORA 30008829642,QUEBROU PARAFUSO DE ROLETE NA FORMACAO DE CAMADAS PALETIZADORA 30008829642,FALHA DE ROLETES,FALHA DE ROLETES,TEST
4031,"FALHA NA FORMAÇÃO DE CAMADA, PROCEDIMEMTO EM MANUAL",FALHA NA FORMACAO DE CAMADA PROCEDIMEMTO EM MANUAL,FALHA DE FORMAÇÃO DE CAMADA,FALHA DE FORMACAO DE CAMADA,TRAIN
4032,CONGESTIONAMENTO DE CAIXAS NA MESA,CONGESTIONAMENTO DE CAIXAS NA MESA,ENROSCO DE CAIXAS,ENROSCO DE CAIXAS,TRAIN
4033,FALHA TUNEL SECAGEM DE ROTULOS NA ENTRADA DA ROTULADORA,FALHA TUNEL SECAGEM DE ROTULOS NA ENTRADA DA ROTULADORA,FALHA DE SECAGEM DE RÓTULO,FALHA DE SECAGEM DE ROTULO,TRAIN
4034,TRAVAMENTO E QUEDA DE GARRAFAS NA SAIDA,TRAVAMENTO E QUEDA DE GARRAFAS NA SAIDA,QUEDA DE GARRAFAS,QUEDA DE GARRAFAS,TRAIN
4035,"CONGESTIONAMENTO DE CAIXA NA MESA,PERDA DE CONTAGEM",CONGESTIONAMENTO DE CAIXA NA MESA PERDA DE CONTAGEM,ENROSCO DE CAIXAS,ENROSCO DE CAIXAS,TRAIN
4036,TRASPORTE DE CAIXAS ENTRE DESPAL E ENCA QUEBRADO 30008831631,TRASPORTE DE CAIXAS ENTRE DESPAL E ENCA QUEBRADO 30008831631,QUEBRA DE TRANSPORTE,QUEBRA DE TRANSPORTE,TEST
4037,SENSOR COM TEMPO DE RESPOSTA BAIXA,SENSOR COM TEMPO DE RESPOSTA BAIXA,FALHA DE SENSOR,FALHA DE SENSOR,TRAIN
4038,QUEBROU PARAFUSO DO PISTÃO DA DESPALETIZADORA,QUEBROU PARAFUSO DO PISTAO DA DESPALETIZADORA,QUEBRA DE ATUADOR,QUEBRA DE ATUADOR,TRAIN
4039,"ROMPIMENTO DO FILME DURANTE A TROCA DE BOBINA, EQUIPAMENTO NÃO ESTÁ SELANDO CORRETAMENTE",ROMPIMENTO DO FILME DURANTE A TROCA DE BOBINA EQUIPAMENTO NAO ESTA SELANDO CORRETAMENTE,ROMPIMENTO DE FILME,ROMPIMENTO DE FILME,TRAIN
4040,"ROMPIMENTO DE FILME DURANTE A TROCA DE BOBINA, SOLDAGEM DO FILME GRUDANDO NO TEFLON",ROMPIMENTO DE FILME DURANTE A TROCA DE BOBINA SOLDAGEM DO FILME GRUDANDO NO TEFLON,FALHA DE SOLDA DE FILME,FALHA DE SOLDA DE FILME,TRAIN
4041,"EXCESSO DE QUEDA DE GARRAFAS NA MESA DE ENVOLVIMENTO, REALIZADO AJUSTE NOS GUIAS, ALTURA DA TRANSFERENCIA E PAREMETROS DA GUIA DE ARRASTE 30008830783",EXCESSO DE QUEDA DE GARRAFAS NA MESA DE ENVOLVIMENTO REALIZADO AJUSTE NOS GUIAS ALTURA DA TRANSFERENCIA E PAREMETROS DA GUIA DE ARRASTE 30008830783,QUEDA DE GARRAFAS,QUEDA DE GARRAFAS,TRAIN
4042,FILME ESTOURANDO NA SOLDA AUTOMATICA,FILME ESTOURANDO NA SOLDA AUTOMATICA,FALHA DE SOLDA DE FILME,FALHA DE SOLDA DE FILME,TRAIN
4043,"CONJUNTO DE ESTRELAS DA REFRIGEIRAÇÃO DE FUNDO ESTÁ PERDENDO O SINCRONISMO DURANTE A PRODUÇÃO, OCASIONANDO QUEDA DE GARRAFAS E FALHA DE MONITORAMENTO",CONJUNTO DE ESTRELAS DA REFRIGEIRACAO DE FUNDO ESTA PERDENDO O SINCRONISMO DURANTE A PRODUCAO OCASIONANDO QUEDA DE GARRAFAS E FALHA DE MONITORAMENTO,QUEDA DE GARRAFAS,QUEDA DE GARRAFAS,TRAIN
4044,"CONJUNTO DE ESTRELA DA REFRIGEIRAÇÃO FUNDO ESTÁ PERDENDO SINCRONISMO DURANTE A PRODUÇÃO, OCASIONANDO QUEDA DE GARRAFAS E FALHA DE MONITORAMENTO",CONJUNTO DE ESTRELA DA REFRIGEIRACAO FUNDO ESTA PERDENDO SINCRONISMO DURANTE A PRODUCAO OCASIONANDO QUEDA DE GARRAFAS E FALHA DE MONITORAMENTO,QUEDA DE GARRAFAS,QUEDA DE GARRAFAS,TRAIN
4045,QUEDA DE GARRAFAS NO PINO DE SEPARAÇÃO,QUEDA DE GARRAFAS NO PINO DE SEPARACAO,QUEDA DE GARRAFAS,QUEDA DE GARRAFAS,TRAIN
4046,QUEBRA DA ESTEIRA / ORDEM 30008830734,QUEBRA DA ESTEIRA ORDEM 30008830734,QUEBRA DE ESTEIRA,QUEBRA DE ESTEIRA,TRAIN
4047,TRAVAMENTO DO ROLETE DE TRAÇÃO DO TRANSPORTE DE PALETES PRONTOS,TRAVAMENTO DO ROLETE DE TRACAO DO TRANSPORTE DE PALETES PRONTOS,TRAVAMENTO DE TRANSPORTE,TRAVAMENTO DE TRANSPORTE,TRAIN
4048,FALHA NA SAIDA DE PALETES VAZIOS DO MAGAZINE,FALHA NA SAIDA DE PALETES VAZIOS DO MAGAZINE,FALHA DE MAGAZINE,FALHA DE MAGAZINE,TRAIN
4049,TRANSPORTE DO WARMER DERRUBANDO LATAS EM EXCESSO PARA O PULMAO/FILTEC,TRANSPORTE DO WARMER DERRUBANDO LATAS EM EXCESSO PARA O PULMAO FILTEC,FALHA DE INSPEÇÃO,FALHA DE INSPECAO,TRAIN
4050,ALINHAMENTO DAS CAMADAS DO PALETE CHEIO,ALINHAMENTO DAS CAMADAS DO PALETE CHEIO,FALHA DE FORMAÇÃO DE CAMADA,FALHA DE FORMACAO DE CAMADA,TEST
4051,"VELOCIDADE REDUZIDA, TREPIDAÇÃO DE LATAS NA SAIDA DA ENCHEDORA, ENTREGA PARA A CORRENTE DE ARRASTE, PERDENDO CONTEUDO LIQUIDO",VELOCIDADE REDUZIDA TREPIDACAO DE LATAS NA SAIDA DA ENCHEDORA ENTREGA PARA A CORRENTE DE ARRASTE PERDENDO CONTEUDO LIQUIDO,TREPIDAÇÃO DE LATAS,TREPIDACAO DE LATAS,TEST
4052,AJUSTE DE PARAMETROS,AJUSTE DE PARAMETROS,SEM MODO DE FALHA IDENTIFICADO,SEM MODO DE FALHA IDENTIFICADO,TRAIN
4053,"APÓS REALIZAR ALGUMA INTERVENÇÃO NA MAQUINA, O EQUIPAMENTO PERDE O CICLO E NÃO APRESENTA FALHAS. ORDEM- 30008829623",APOS REALIZAR ALGUMA INTERVENCAO NA MAQUINA O EQUIPAMENTO PERDE O CICLO E NAO APRESENTA FALHAS ORDEM 30008829623,FALHA DE AUTOMAÇÃO,FALHA DE AUTOMACAO,TRAIN
4054,"ENCHEDORA NÃO RECINHECENDO O PULSO DA RECEITA DE 200ML, PULSO FICOU EM 2000ML",ENCHEDORA NAO RECINHECENDO O PULSO DA RECEITA DE 200ML PULSO FICOU EM 2000ML,FALHA DE LEITURA,FALHA DE LEITURA,TRAIN
4055,QUEBRA DE HASTE DO CILINDRO PNEUMATICO DO BRAÇO 30008831666,QUEBRA DE HASTE DO CILINDRO PNEUMATICO DO BRACO 30008831666,QUEBRA DE ATUADOR,QUEBRA DE ATUADOR,TRAIN
4056,FALHA DE CONGESTIONAMENTO NA ENTRADA DE CAIXAS DA PALETIZADORA 30008831737,FALHA DE CONGESTIONAMENTO NA ENTRADA DE CAIXAS DA PALETIZADORA 30008831737,ENROSCO DE CAIXAS,ENROSCO DE CAIXAS,TRAIN
4057,"FALHA NA AUTOMAÇÃO DO TRANSPORTE,CAUSANDO FALÇO REJEITO NO INSPETOR DE CAIXA CHEIA",FALHA NA AUTOMACAO DO TRANSPORTE CAUSANDO FALCO REJEITO NO INSPETOR DE CAIXA CHEIA,FALHA DE REJEIÇÃO,FALHA DE REJEICAO,TRAIN
4058,TRAVAMENTO DE GARRAFAS NA SAIDA,TRAVAMENTO DE GARRAFAS NA SAIDA,ENROSCO DE GARRAFAS,ENROSCO DE GARRAFAS,TRAIN
4059,ESTEIRA ENCAVALOU,ESTEIRA ENCAVALOU,TRAVAMENTO DE ESTEIRA,TRAVAMENTO DE ESTEIRA,TRAIN
4060,"VELOCIDADE REDUZIDA, TREPIDAÇÃO DE LATAS NA SAIDA DA ENCHEDORA, ENTREGA PARA A CORRENTE DE ARRASTE, PERDENDO CONTEUDO LIQUIDO",VELOCIDADE REDUZIDA TREPIDACAO DE LATAS NA SAIDA DA ENCHEDORA ENTREGA PARA A CORRENTE DE ARRASTE PERDENDO CONTEUDO LIQUIDO,TREPIDAÇÃO DE LATAS,TREPIDACAO DE LATAS,TEST
4061,FALHA DE BARREIRA NA SAIDA DE PALETES,FALHA DE BARREIRA NA SAIDA DE PALETES,FALHA DE BARREIRA,FALHA DE BARREIRA,TRAIN
4062,ENROSCO DA FOLHA SEPARADORA DE CAMADAS,ENROSCO DA FOLHA SEPARADORA DE CAMADAS,TRAVAMENTO DE TRANSPORTE,TRAVAMENTO DE TRANSPORTE,TRAIN
4063,"FALHA DE ""SEG DE PRESSÃO DE H2O NO RESFRIAMENTO NO PINO DE ENXAGUE¨",FALHA DE SEG DE PRESSAO DE H2O NO RESFRIAMENTO NO PINO DE ENXAGUE,FALHA DE PRESSÃO DE ÁGUA,FALHA DE PRESSAO DE AGUA,TRAIN
4064,TROCA DA VÁLVULA DO DRENO QUE ESTAVA DANDO PASSAGEM (46 E 24) – TECSUL – NOTA 30008833970,TROCA DA VALVULA DO DRENO QUE ESTAVA DANDO PASSAGEM 46 E 24 TECSUL NOTA 30008833970,VAZAMENTO EM VÁLVULA,VAZAMENTO EM VALVULA,TEST
4065,TROCA DO SENSOR DE CONFIRMA DE GARRAFAS PARA PEGADA DO ROBO 30008832960,TROCA DO SENSOR DE CONFIRMA DE GARRAFAS PARA PEGADA DO ROBO 30008832960,FALHA DE SENSOR,FALHA DE SENSOR,TRAIN
4066,CORREÇÃO SENSOR PERFIL DE CAMADA SOB A MESA 30008832977,CORRECAO SENSOR PERFIL DE CAMADA SOB A MESA 30008832977,FALHA DE SENSOR,FALHA DE SENSOR,TRAIN
4067,FALHA FORMAÇÃO DE CAMADA,FALHA FORMACAO DE CAMADA,FALHA DE FORMAÇÃO DE CAMADA,FALHA DE FORMACAO DE CAMADA,TRAIN
4068,FALHA SENSOR DE CORREIA DO DESCAPSULADOR,FALHA SENSOR DE CORREIA DO DESCAPSULADOR,FALHA DE SENSOR,FALHA DE SENSOR,TRAIN
4069,CORREÇÃO SENSOR PERFIL DE CAMADA SOB A MESA,CORRECAO SENSOR PERFIL DE CAMADA SOB A MESA,FALHA DE SENSOR,FALHA DE SENSOR,TRAIN
4070,TRAVAMENTO DE GARRAFAS NA SAIDA DA LAVADORA,TRAVAMENTO DE GARRAFAS NA SAIDA DA LAVADORA,ENROSCO DE GARRAFAS,ENROSCO DE GARRAFAS,TEST
4071,"FALHA NA AUTOMAÇÃO DO TRANSPORTE ,CAUSANDO FALÇO REJEITO NO INPETOR DE CAIXA CHEIA",FALHA NA AUTOMACAO DO TRANSPORTE CAUSANDO FALCO REJEITO NO INPETOR DE CAIXA CHEIA,FALHA DE AUTOMAÇÃO,FALHA DE AUTOMACAO,TEST
4072,TRAVAMENTO DO STOPER DA MESA DE CAIXAS DA PALETIZADORA,TRAVAMENTO DO STOPER DA MESA DE CAIXAS DA PALETIZADORA,TRAVAMENTO DE TRANSPORTE,TRAVAMENTO DE TRANSPORTE,TRAIN
4073,FALHA NA PORTA DE SEGURANÇA DURANTE TROCA DO PALETE DE CARTÃO (30008834252),FALHA NA PORTA DE SEGURANCA DURANTE TROCA DO PALETE DE CARTAO 30008834252,FALHA NA TROCA DE PALETE DE CARTÃO,FALHA NA TROCA DE PALETE DE CARTAO,TRAIN
4074,FALHA NA BARREIRA DE SEGURANÇA NA SAIDA DO PALLET DE CARTÃO,FALHA NA BARREIRA DE SEGURANCA NA SAIDA DO PALLET DE CARTAO,FALHA DE BARREIRA,FALHA DE BARREIRA,TEST
4075,"PORTA BLOQUEADA, HOUVE ESTOURO DE TUBETE NO SISTEMA DE CORTE, COM A PORTA BLOQUEADA DIFICULTA O ACESSO PARA O RESET DA MAQUINA, NOTA : 13337795",PORTA BLOQUEADA HOUVE ESTOURO DE TUBETE NO SISTEMA DE CORTE COM A PORTA BLOQUEADA DIFICULTA O ACESSO PARA O RESET DA MAQUINA NOTA 13337795,FALHA DE PORTA DE SEGURANÇA,FALHA DE PORTA DE SEGURANCA,TRAIN
4076,"ROLETE DO TRANSPORTE SE SOLTOU, IMPEDINDO A SAIDA DOS PALETES ACABADOS, ORDEM : 30008832946",ROLETE DO TRANSPORTE SE SOLTOU IMPEDINDO A SAIDA DOS PALETES ACABADOS ORDEM 30008832946,FALHA DE ROLETES,FALHA DE ROLETES,TEST
4077,1FALHA NO MOTOR PRINCIPAL CAUSANDO PARADA NA MAQUINA . ORDEM ;30008833972 NOTA 13357641,1FALHA NO MOTOR PRINCIPAL CAUSANDO PARADA NA MAQUINA ORDEM 30008833972 NOTA 13357641,FALHA DE MOTOR,FALHA DE MOTOR,TRAIN
4078,"MAQUINA ACUSOU ERRO, PEDINDO PARA SER MASTERIZADA CAUSANDO PARADA NA LINHA",MAQUINA ACUSOU ERRO PEDINDO PARA SER MASTERIZADA CAUSANDO PARADA NA LINHA,PERDA DE REFERÊNCIA,PERDA DE REFERENCIA,TRAIN
4079,"INSPEÇÃO (AVALAIÇÃO) NOS BOCAIS 4,5,10,11 E 18 ORDEM 30008833891 - PRGRAMADA ATUAÇÃO PARA O PCM",INSPECAO AVALAICAO NOS BOCAIS 4 5 10 11 E 18 ORDEM 30008833891 PRGRAMADA ATUACAO PARA O PCM,FALHA DE INSPEÇÃO,FALHA DE INSPECAO,TRAIN
4080,TROCA DA VÁLVULA DO DRENO QUE ESTAVA DANDO PASSAGEM (46 E 24) - TECSUL,TROCA DA VALVULA DO DRENO QUE ESTAVA DANDO PASSAGEM 46 E 24 TECSUL,VAZAMENTO EM VÁLVULA,VAZAMENTO EM VALVULA,TEST
4081,TRAVAMENTO DE GARRAFAS NA SIADA DA LAVADORA,TRAVAMENTO DE GARRAFAS NA SIADA DA LAVADORA,ENROSCO DE GARRAFAS,ENROSCO DE GARRAFAS,TRAIN
4082,"FALHA SENSOR NO DESCAPSULADOR, SAINDO GARRAFAS COM TAMPAS NA SAIDA DO DESCAPSULADOR",FALHA SENSOR NO DESCAPSULADOR SAINDO GARRAFAS COM TAMPAS NA SAIDA DO DESCAPSULADOR,FALHA DE SENSOR,FALHA DE SENSOR,TRAIN
4083,"EXCESSO DE REJEITO DE GARRAFAS COM ROTULOS, OCASIONANDO CRASH NOS TRANSPORTES",EXCESSO DE REJEITO DE GARRAFAS COM ROTULOS OCASIONANDO CRASH NOS TRANSPORTES,Excesso de garrafa com rotulo,EXCESSO DE GARRAFA COM ROTULO,TRAIN
4084,FALHA DE COMUNICAÇÃO DE REDE,FALHA DE COMUNICACAO DE REDE,FALHA DE COMUNICAÇÃO,FALHA DE COMUNICACAO,TRAIN
4085,"FALHA NA AUTOMAÇÃO DO TRANSPORTE,CAUSANDO FALSO REJEITO NO INPETOR DE CAIXAS CHEIA",FALHA NA AUTOMACAO DO TRANSPORTE CAUSANDO FALSO REJEITO NO INPETOR DE CAIXAS CHEIA,FALHA DE REJEIÇÃO,FALHA DE REJEICAO,TRAIN
4086,TRAVAMENTO DO STOPER DE CAIXAS DA MESA DA PALETIZADORA,TRAVAMENTO DO STOPER DE CAIXAS DA MESA DA PALETIZADORA,TRAVAMENTO DE STOPPER,TRAVAMENTO DE STOPPER,TEST
4087,TRAVAMENTO DE GARRAFAS NA SAIDA,TRAVAMENTO DE GARRAFAS NA SAIDA,ENROSCO DE GARRAFAS,ENROSCO DE GARRAFAS,TRAIN
4088,ENROSCO DE TAMPAS NA ENTRADA DO ARROLHADOR CAUSANDO PARADAS NA MAQUINA,ENROSCO DE TAMPAS NA ENTRADA DO ARROLHADOR CAUSANDO PARADAS NA MAQUINA,ENROSCO DE TAMPAS,ENROSCO DE TAMPAS,TRAIN
4089,ENROSCO DE TAMPAS NA ENTRADA DO ARROLHADOR CAUSANDO PARADAS NA MAQUINA,ENROSCO DE TAMPAS NA ENTRADA DO ARROLHADOR CAUSANDO PARADAS NA MAQUINA,ENROSCO DE TAMPAS,ENROSCO DE TAMPAS,TRAIN
4090,FALHA NO INSERIMENTO DE LATAS FALSAS,FALHA NO INSERIMENTO DE LATAS FALSAS,FALHA DE INSPEÇÃO,FALHA DE INSPECAO,TRAIN
4091,FALHA NO CORTE DO FILME GERANDO PACOTES ABERTOS E MAL FORMADOS,FALHA NO CORTE DO FILME GERANDO PACOTES ABERTOS E MAL FORMADOS,FALHA DE CORTE DE FILME,FALHA DE CORTE DE FILME,TRAIN
4092,ENCHEDORA SAINDO MUITAS LATAS VAZIAS ORDEM: 30008834521,ENCHEDORA SAINDO MUITAS LATAS VAZIAS ORDEM 30008834521,FALHA DE ENCHIMENTO,FALHA DE ENCHIMENTO,TRAIN
4093,PACOTES MAL FORMADOS OCASIONANDO PARADA NA PALETIZADORA,PACOTES MAL FORMADOS OCASIONANDO PARADA NA PALETIZADORA,FALHA DE FORMAÇÃO DE PACOTE,FALHA DE FORMACAO DE PACOTE,TRAIN
4094,FALHA NO ENVOLVIMENTO SAINDO PACOTES ABERTOS,FALHA NO ENVOLVIMENTO SAINDO PACOTES ABERTOS,FALHA DE ENVOLVIMENTO,FALHA DE ENVOLVIMENTO,TRAIN
4095,"CHAPA DE PASSAGEM DO TRANSPORTE DE ENTRADA DO WARMER, DERRUBANDO LATAS (30008834709)",CHAPA DE PASSAGEM DO TRANSPORTE DE ENTRADA DO WARMER DERRUBANDO LATAS 30008834709,QUEDA DE LATAS,QUEDA DE LATAS,TRAIN
4096,"FALHA NO CORTE DO FILME, GERANDO PACOTES ABERTOS (3000884707)",FALHA NO CORTE DO FILME GERANDO PACOTES ABERTOS 3000884707,FALHA DE CORTE DE FILME,FALHA DE CORTE DE FILME,TRAIN
4097,"FACA VERTICAL SEM CORTE, GERANDO A FALHA NO ENVOLVIMENTO SAINDO PACOTES ABERTOS",FACA VERTICAL SEM CORTE GERANDO A FALHA NO ENVOLVIMENTO SAINDO PACOTES ABERTOS,FALHA DE CORTE DE FILME,FALHA DE CORTE DE FILME,TRAIN
4098,FALHA NA RESERVA DE PALETE DAS DESPALETIZADORA (30008834708),FALHA NA RESERVA DE PALETE DAS DESPALETIZADORA 30008834708,FALHA DE MAGAZINE,FALHA DE MAGAZINE,TRAIN
4099,"VAZAMENTO DE CO2 NA VALVULA PRINCIPAL DE ENTRADA.( 15 MIN). - FALHA NO PRESSOSTATO, FALTA DE AR NAS VALVULAS ELETRONICAS.",VAZAMENTO DE CO2 NA VALVULA PRINCIPAL DE ENTRADA 15 MIN FALHA NO PRESSOSTATO FALTA DE AR NAS VALVULAS ELETRONICAS,FALHA DE PRESSOSTATO,FALHA DE PRESSOSTATO,TRAIN
4100,"FALHA NO PRESSOSTATO, FALTA DE AR NAS VALVULAS ELETRONICAS .",FALHA NO PRESSOSTATO FALTA DE AR NAS VALVULAS ELETRONICAS,FALHA DE PRESSOSTATO,FALHA DE PRESSOSTATO,TRAIN
4101,QUEDA DE GARRAFA NA REGUA DE ARRASTE,QUEDA DE GARRAFA NA REGUA DE ARRASTE,QUEDA DE GARRAFAS,QUEDA DE GARRAFAS,TRAIN
4102,FALHA NA RESERVA DE PALLET DA DESPALETIZADORA (30008834708),FALHA NA RESERVA DE PALLET DA DESPALETIZADORA 30008834708,FALHA DE MAGAZINE,FALHA DE MAGAZINE,TRAIN
4103,"FALHA NO CORTE DO FILME, GERANDO PACOTES ABERTOS (3000884707)",FALHA NO CORTE DO FILME GERANDO PACOTES ABERTOS 3000884707,FALHA DE CORTE DE FILME,FALHA DE CORTE DE FILME,TRAIN
4104,CONECTOR DE ALIMENTAÇÃO DA BARRA DE RESISTENCIA ESCAPOU - ORDEM: 30008837026,CONECTOR DE ALIMENTACAO DA BARRA DE RESISTENCIA ESCAPOU ORDEM 30008837026,FALHA DE CONEXÃO ELÉTRICA,FALHA DE CONEXAO ELETRICA,TRAIN
4105,TRAVAMENTO DA PINÇA NUMERO 12,TRAVAMENTO DA PINCA NUMERO 12,TRAVAMENTO DE PINÇA,TRAVAMENTO DE PINCA,TEST
4106,TRAVAMENTO DO STOPER DE CAIXA DA MESA DA PALETIZADORA,TRAVAMENTO DO STOPER DE CAIXA DA MESA DA PALETIZADORA,TRAVAMENTO DE STOPPER,TRAVAMENTO DE STOPPER,TRAIN
4107,FALHA NA AUTOMAÇÃO.CAUSANDO FALSO REJEITO NO INSPETOR DE CAIXA CHEIA,FALHA NA AUTOMACAO CAUSANDO FALSO REJEITO NO INSPETOR DE CAIXA CHEIA,FALHA DE REJEIÇÃO,FALHA DE REJEICAO,TRAIN
4108,FALHA NA LEITURA DA GARRAFA TESTE N 12,FALHA NA LEITURA DA GARRAFA TESTE N 12,FALHA DE INSPEÇÃO,FALHA DE INSPECAO,TRAIN
4109,FALHA NO SENSOR DE GARRAFAS TOMBADA DO SPOTTER,FALHA NO SENSOR DE GARRAFAS TOMBADA DO SPOTTER,FALHA DE SENSOR,FALHA DE SENSOR,TRAIN
4110,FALHA DE SENSOR DE GARRAFAS TOMBADA NA ENTRADA DO SPOTTER,FALHA DE SENSOR DE GARRAFAS TOMBADA NA ENTRADA DO SPOTTER,FALHA DE SENSOR,FALHA DE SENSOR,TRAIN
4111,FALHA DE ENCHIMENTO NAS VALVULAS Nº40 E Nº 52 ( VALVULAS JAMPEADAS ELETRONICAMENTE),FALHA DE ENCHIMENTO NAS VALVULAS N 40 E N 52 VALVULAS JAMPEADAS ELETRONICAMENTE,FALHA DE VÁLVULA DE ENCHIMENTO,FALHA DE VALVULA DE ENCHIMENTO,TRAIN
4112,FALHA DE ENCODER NA DESPALETIZADORA,FALHA DE ENCODER NA DESPALETIZADORA,FALHA DE ENCODER,FALHA DE ENCODER,TRAIN
4113,"FALHA DE ENVOLVIMENTO, SAINDO PACOTES ABERTOS",FALHA DE ENVOLVIMENTO SAINDO PACOTES ABERTOS,FALHA DE ENVOLVIMENTO,FALHA DE ENVOLVIMENTO,TRAIN
4114,FALHA DE COMUNICAÇAO SAIDA DE PALETES 30008834991,FALHA DE COMUNICACAO SAIDA DE PALETES 30008834991,FALHA DE COMUNICAÇÃO,FALHA DE COMUNICACAO,TEST
4115,"ERRO NA SOLTA DO FILME,SOLDA COM AVARIAS",ERRO NA SOLTA DO FILME SOLDA COM AVARIAS,FALHA DE SOLDA DE FILME,FALHA DE SOLDA DE FILME,TEST
4116,"QUEBRA DE TULIPA E TUBO DE AR , REALIZADA A TROCA PELO OPERADOR",QUEBRA DE TULIPA E TUBO DE AR REALIZADA A TROCA PELO OPERADOR,QUEBRA DE COMPONENTE,QUEBRA DE COMPONENTE,TEST
4117,FALHA NO CORTE DO FILME ORDEM 30008835598,FALHA NO CORTE DO FILME ORDEM 30008835598,FALHA DE CORTE DE FILME,FALHA DE CORTE DE FILME,TRAIN
4118,FALHA TROCA DE BANDEJA DO AGREGADO 2,FALHA TROCA DE BANDEJA DO AGREGADO 2,FALHA NA TROCA DE BANDEJA,FALHA NA TROCA DE BANDEJA,TRAIN
4119,TRAVAMENTO DE GARRAFAS NA SAIDA DA LAVADORA,TRAVAMENTO DE GARRAFAS NA SAIDA DA LAVADORA,ENROSCO DE GARRAFAS,ENROSCO DE GARRAFAS,TEST
4120,QUEBRA DO EXPULSADOR LINEAR ( NOTA: 30008838031 ),QUEBRA DO EXPULSADOR LINEAR NOTA 30008838031,FALHA DE REJEIÇÃO,FALHA DE REJEICAO,TRAIN
4121,"PINÇAS ENTREGANDO GARRAFAS TORTA PRA ENCHEDORA, OCASIONANDO CRESH DE GARRAFAS NA SAIDA DA ENCHEDORA",PINCAS ENTREGANDO GARRAFAS TORTA PRA ENCHEDORA OCASIONANDO CRESH DE GARRAFAS NA SAIDA DA ENCHEDORA,CRASH DE GARRAFAS,CRASH DE GARRAFAS,TRAIN
4122,"EXESSO DE FALSO REJEITO NO SISTEMA LINEAR ,CAUSDANDO FALHA NO REJEITO",EXESSO DE FALSO REJEITO NO SISTEMA LINEAR CAUSDANDO FALHA NO REJEITO,FALHA DE REJEIÇÃO,FALHA DE REJEICAO,TRAIN
4123,ENROSCO DE TAMPAS NA ENTRADA DO ARROLHADOR CAUSANDO PARADAS NA MAQUINA,ENROSCO DE TAMPAS NA ENTRADA DO ARROLHADOR CAUSANDO PARADAS NA MAQUINA,ENROSCO DE TAMPAS,ENROSCO DE TAMPAS,TRAIN
4124,ENROSCO DE TAMPAS NA ENTRADA DO ARROLHADOR CAUSANDO PARADAS NA LINHA,ENROSCO DE TAMPAS NA ENTRADA DO ARROLHADOR CAUSANDO PARADAS NA LINHA,ENROSCO DE TAMPAS,ENROSCO DE TAMPAS,TRAIN
4125,FALHA NO SERVO DA MESA DO INTRODUTOR CAUSANDO PARADAS NA MAQUINA,FALHA NO SERVO DA MESA DO INTRODUTOR CAUSANDO PARADAS NA MAQUINA,FALHA DE SERVO MOTOR,FALHA DE SERVO MOTOR,TRAIN
4126,TESOURA PREDENDORA DE FILME EM FALHA,TESOURA PREDENDORA DE FILME EM FALHA,FALHA DE TESOURA DE FILME,FALHA DE TESOURA DE FILME,TRAIN
4127,EQUIPAMENTO DESLIGOU SEM GERAR ALARME,EQUIPAMENTO DESLIGOU SEM GERAR ALARME,DESLIGAMENTO INDEVIDO DO EQUIPAMENTO,DESLIGAMENTO INDEVIDO DO EQUIPAMENTO,TRAIN
4128,FALHA NA BARREIRA DE SEGURANÇA NA SAIDA DA MAGAZINE DE CARTÃO,FALHA NA BARREIRA DE SEGURANCA NA SAIDA DA MAGAZINE DE CARTAO,FALHA DE MAGAZINE,FALHA DE MAGAZINE,TRAIN
4129,"FALHA NO RESET DA BARREIRA DE SEGURANÇA DE SAIDA, NÃO RESETAVA",FALHA NO RESET DA BARREIRA DE SEGURANCA DE SAIDA NAO RESETAVA,FALHA DE BARREIRA,FALHA DE BARREIRA,TRAIN
4130,SOLTANDO CARTÃO NO FINAL DO PALLET,SOLTANDO CARTAO NO FINAL DO PALLET,FALHA NO MANUSEIO DE CARTÃO,FALHA NO MANUSEIO DE CARTAO,TEST
4131,"FALHA NA CODIFICADORA, SUJIDADE/EXCESSO DE TINTA",FALHA NA CODIFICADORA SUJIDADE EXCESSO DE TINTA,FALHA DE CODIFICAÇÃO,FALHA DE CODIFICACAO,TRAIN
4132,ESCAPOU A ESTEIRA NA SAIDA DO TRANSPORTE DESENCAIXOTADORA,ESCAPOU A ESTEIRA NA SAIDA DO TRANSPORTE DESENCAIXOTADORA,ESCAPE DE ESTEIRA,ESCAPE DE ESTEIRA,TRAIN
4133,"CODIFICAÇÃO ILEGIVEL, MANGUEIRA DE AR FURADA.30008838215",CODIFICACAO ILEGIVEL MANGUEIRA DE AR FURADA 30008838215,ROMPIMENTO DE MANGUEIRA DE AR,ROMPIMENTO DE MANGUEIRA DE AR,TRAIN
4134,"FALHA NA CODIFICAÇÃO, PARANDO A ENCHEDORA",FALHA NA CODIFICACAO PARANDO A ENCHEDORA,FALHA DE CODIFICAÇÃO,FALHA DE CODIFICACAO,TRAIN
4135,TRANSPORTE DA SAÍDA DA DESENCA PARANDO DEVIDO AO SENSOR DANIFICADO( SENSOR :805B2,TRANSPORTE DA SAIDA DA DESENCA PARANDO DEVIDO AO SENSOR DANIFICADO SENSOR 805B2,FALHA DE SENSOR,FALHA DE SENSOR,TRAIN
4136,PINÇA DA VÁLVULA N°118 DANIFICADA 30008838101,PINCA DA VALVULA N 118 DANIFICADA 30008838101,FALHA DE PINÇA,FALHA DE PINCA,TRAIN
4137,"PORTA DE ACESSO AO MAGAZINE DE CARTÕES ESTÁ COM A PARTE SUPERIOR DESALINHADA , ORDEM : 30008838145",PORTA DE ACESSO AO MAGAZINE DE CARTOES ESTA COM A PARTE SUPERIOR DESALINHADA ORDEM 30008838145,FALHA DE MAGAZINE,FALHA DE MAGAZINE,TRAIN
4138,"MASTIGANDO O FILME NO CORTE, GERANDO FALHA NO ENVOLVIMENTO",MASTIGANDO O FILME NO CORTE GERANDO FALHA NO ENVOLVIMENTO,FALHA DE CORTE DE FILME,FALHA DE CORTE DE FILME,TRAIN
4139,VALVULA DE ENTRADA DE PRODUTO TRAVADA ATRASO NO CIP,VALVULA DE ENTRADA DE PRODUTO TRAVADA ATRASO NO CIP,TRAVAMENTO DE VÁLVULA,TRAVAMENTO DE VALVULA,TEST
4140,VALVULA DE ENTRADA DE PRODUTO ATRASO NO CIP,VALVULA DE ENTRADA DE PRODUTO ATRASO NO CIP,FALHA DE VÁLVULA,FALHA DE VALVULA,TRAIN
4141,PINÇA DE ENVOLVIMENTO ESCAPANDO O FILME,PINCA DE ENVOLVIMENTO ESCAPANDO O FILME,FALHA DE PINÇA,FALHA DE PINCA,TRAIN
4142,FALHA NO SENSOR DA PORTA DE SEGURANÇA (30008839213),FALHA NO SENSOR DA PORTA DE SEGURANCA 30008839213,FALHA DE SENSOR,FALHA DE SENSOR,TRAIN
4143,"MEXEDOR DO TRANSPORTE DE GARRAFAS NA ENTRADA DA LAVADORA TORTO , MANUTENCAO ATUOU",MEXEDOR DO TRANSPORTE DE GARRAFAS NA ENTRADA DA LAVADORA TORTO MANUTENCAO ATUOU,DEFORMAÇÃO DE MEXEDOR,DEFORMACAO DE MEXEDOR,TRAIN
4144,QUEBRA CORREIA PRINCIPAL ESTRELA ENCHEDORA,QUEBRA CORREIA PRINCIPAL ESTRELA ENCHEDORA,QUEBRA DE CORREIA,QUEBRA DE CORREIA,TEST
4145,"TEMPERATURA EXESSIVA , TEMPERATURA CHEGOU 29 GRAU, POSSIVEL CAUSA( VALVULA MODULADORA DO TROCADOR DE CALOR)",TEMPERATURA EXESSIVA TEMPERATURA CHEGOU 29 GRAU POSSIVEL CAUSA VALVULA MODULADORA DO TROCADOR DE CALOR,FALHA DE VÁLVULA MODULADORA,FALHA DE VALVULA MODULADORA,TRAIN
4146,"MTEMPERATURA EXESSIVA , TEMPERATURA CHEGOU 29 GRAUS, POSSIVEL CAUSA( VALVULA MODULADORA DO TROCADOR DE CALOR)",MTEMPERATURA EXESSIVA TEMPERATURA CHEGOU 29 GRAUS POSSIVEL CAUSA VALVULA MODULADORA DO TROCADOR DE CALOR,FALHA DE VÁLVULA MODULADORA,FALHA DE VALVULA MODULADORA,TEST
4147,AJUSTE NO SETUP ELETRICO NA REGUA ULTRASSONICA - ORDEM: 3008840540,AJUSTE NO SETUP ELETRICO NA REGUA ULTRASSONICA ORDEM 3008840540,SEM MODO DE FALHA IDENTIFICADO,SEM MODO DE FALHA IDENTIFICADO,TRAIN
4148,"FALHA TROCA DE BANDEJA DO AGREGADO 2, OCASIONANDO ENROSCO DE ROTULOS 30008839665",FALHA TROCA DE BANDEJA DO AGREGADO 2 OCASIONANDO ENROSCO DE ROTULOS 30008839665,FALHA NA TROCA DE BANDEJA,FALHA NA TROCA DE BANDEJA,TRAIN
4149,"MUITAS GARRAFAS COM ROTULOS, OCASIONANDO CRASH DE GARRAFAS LINATRONIC",MUITAS GARRAFAS COM ROTULOS OCASIONANDO CRASH DE GARRAFAS LINATRONIC,Excesso de garrafa com rotulo,EXCESSO DE GARRAFA COM ROTULO,TRAIN
4150,ELEVADOR DE ENVOLVIMENTO TRAVANDO NA DESCIDA,ELEVADOR DE ENVOLVIMENTO TRAVANDO NA DESCIDA,TRAVAMENTO DE ELEVADOR,TRAVAMENTO DE ELEVADOR,TEST
4151,JUMP DA VALVULA N°35 (30008840552),JUMP DA VALVULA N 35 30008840552,FALHA DE VÁLVULA DE ENCHIMENTO,FALHA DE VALVULA DE ENCHIMENTO,TRAIN
4152,"PASSAGEM DE BEBIDA PARA O DRENO, ORDEM : 30008839232",PASSAGEM DE BEBIDA PARA O DRENO ORDEM 30008839232,VAZAMENTO DE PRODUTO,VAZAMENTO DE PRODUTO,TRAIN
4153,"FILME MASTIGADO NO CORTE, GERANDO FALHA DE ENVOLVIMENTO",FILME MASTIGADO NO CORTE GERANDO FALHA DE ENVOLVIMENTO,FALHA DE CORTE DE FILME,FALHA DE CORTE DE FILME,TRAIN
4154,PATINS SAINDO DE POSIÇÃO NA ENTREGA DE PACOTES PARA OS CANAIS DE FORMAÇÃO DE CAMADA,PATINS SAINDO DE POSICAO NA ENTREGA DE PACOTES PARA OS CANAIS DE FORMACAO DE CAMADA,PATINS FORA DE POSIÇÃO,PATINS FORA DE POSICAO,TRAIN
4155,"FALHA NA FILTEC, ORDEM : 30008839659",FALHA NA FILTEC ORDEM 30008839659,FALHA DE INSPEÇÃO,FALHA DE INSPECAO,TRAIN
4156,"FALHA NA AUTOMAÇÃO,CAUSANDO FALSO REJEITO NO INSPETOR DE CAIXA CHEIA",FALHA NA AUTOMACAO CAUSANDO FALSO REJEITO NO INSPETOR DE CAIXA CHEIA,FALHA DE REJEIÇÃO,FALHA DE REJEICAO,TRAIN
4157,FALHA DE BARREIRA NA SAIDA DOS PALETES (30008839217),FALHA DE BARREIRA NA SAIDA DOS PALETES 30008839217,FALHA DE BARREIRA,FALHA DE BARREIRA,TRAIN
4158,FALHA DE ENVOLVIMENTO GERANDO PACOTES ABERTOS E MAL FORMADOS,FALHA DE ENVOLVIMENTO GERANDO PACOTES ABERTOS E MAL FORMADOS,FALHA DE ENVOLVIMENTO,FALHA DE ENVOLVIMENTO,TRAIN
4159,GARFOS DO MAGAZINE DE PALETES ESTAVAM DESALINHADOS PODENDO OCORRER QUEDA DE PALETES... NOTA (30008840545),GARFOS DO MAGAZINE DE PALETES ESTAVAM DESALINHADOS PODENDO OCORRER QUEDA DE PALETES NOTA 30008840545,FALHA DE MAGAZINE,FALHA DE MAGAZINE,TRAIN
4160,TRVAMENTO NA SAIDA DA LAVADORA,TRVAMENTO NA SAIDA DA LAVADORA,TRAVAMENTO DE GARRAFAS NA SAÍDA DA LAVADORA,TRAVAMENTO DE GARRAFAS NA SAIDA DA LAVADORA,TEST
4161,TRAVAMENTO NA SAIDA DA LAVADORA,TRAVAMENTO NA SAIDA DA LAVADORA,TRAVAMENTO DE GARRAFAS NA SAÍDA DA LAVADORA,TRAVAMENTO DE GARRAFAS NA SAIDA DA LAVADORA,TRAIN
4162,QUEBRA DO SUPORTE DA REGUA DE ARRASTE / TRANS. DE PACOTE RAMPA ESTEIRA QUEBRADA TROCA DO ELO ORDEM 30008841601,QUEBRA DO SUPORTE DA REGUA DE ARRASTE TRANS DE PACOTE RAMPA ESTEIRA QUEBRADA TROCA DO ELO ORDEM 30008841601,QUEBRA DE ESTEIRA,QUEBRA DE ESTEIRA,TEST
4163,FALHA NO SENSOR DO EMPURRADOR FORA DE FOCO,FALHA NO SENSOR DO EMPURRADOR FORA DE FOCO,FALHA DE SENSOR,FALHA DE SENSOR,TRAIN
4164,FALHA NO ELEVADOR DE PALETE,FALHA NO ELEVADOR DE PALETE,FALHA DE ELEVADOR,FALHA DE ELEVADOR,TEST
4165,FALHA NA BOMBA DE PRODUTO NA ENTRADA DO CARBO NUMERO DA FALHA IHM KB1 G102,FALHA NA BOMBA DE PRODUTO NA ENTRADA DO CARBO NUMERO DA FALHA IHM KB1 G102,FALHA DE IHM,FALHA DE IHM,TRAIN
4166,"FALHA NA SOLDA DO FILME,REFAZER SOLDA MANUAL COM FITA",FALHA NA SOLDA DO FILME REFAZER SOLDA MANUAL COM FITA,FALHA DE SOLDA DE FILME,FALHA DE SOLDA DE FILME,TRAIN
4167,"FALHA NA SOLDAGEM DE FILME ,FAZER SOLDA MANUAL COM FITA",FALHA NA SOLDAGEM DE FILME FAZER SOLDA MANUAL COM FITA,FALHA DE SOLDA DE FILME,FALHA DE SOLDA DE FILME,TRAIN
4168,"FALHA NA SOLDA DA BOBINA ,SOLDA FEITA MANUAL COM FITA",FALHA NA SOLDA DA BOBINA SOLDA FEITA MANUAL COM FITA,FALHA DE SOLDA DE FILME,FALHA DE SOLDA DE FILME,TEST
4169,QUEDA DE GARRAFAS NO RESFRIAMENTO DE FUNDO,QUEDA DE GARRAFAS NO RESFRIAMENTO DE FUNDO,QUEDA DE GARRAFAS,QUEDA DE GARRAFAS,TRAIN
4170,"QUEDA DE GARRAFA ,NO SISTEMA DE REFRIGERACAO DE FUNDO",QUEDA DE GARRAFA NO SISTEMA DE REFRIGERACAO DE FUNDO,QUEDA DE GARRAFAS,QUEDA DE GARRAFAS,TRAIN
4171,ALARME DO ROBÔ,ALARME DO ROBO,FALHA DE ROBÔ,FALHA DE ROBO,TRAIN
4172,AJUSTE NA VALVULA DE PROCESSO ( ANALISTA ),AJUSTE NA VALVULA DE PROCESSO ANALISTA,FALHA DE VÁLVULA,FALHA DE VALVULA,TRAIN
4173,RESISTENCIA DE CORTE DO FILME DANDO FALHA NA ENVOLVEDORA - ORDEM: 30008849212,RESISTENCIA DE CORTE DO FILME DANDO FALHA NA ENVOLVEDORA ORDEM 30008849212,FALHA DE CORTE DE FILME,FALHA DE CORTE DE FILME,TRAIN
4174,QUEBRA DA ESTEIRA DA SAIDA DA EMPACOTADORA - ORDEM: 30008849242,QUEBRA DA ESTEIRA DA SAIDA DA EMPACOTADORA ORDEM 30008849242,QUEBRA DE ESTEIRA,QUEBRA DE ESTEIRA,TRAIN
4175,SAIU FORA NAYLON DO TRANSPORTE. CAINDO GARRAFAS SAIDA DO DATADOR.,SAIU FORA NAYLON DO TRANSPORTE CAINDO GARRAFAS SAIDA DO DATADOR,FALHA DE CODIFICAÇÃO,FALHA DE CODIFICACAO,TRAIN
4176,FALHA DE BARREIRA NA SAIDA DO PALETE DE CARTÃO,FALHA DE BARREIRA NA SAIDA DO PALETE DE CARTAO,FALHA DE BARREIRA,FALHA DE BARREIRA,TEST
4177,FALHA NO SENSOR DE ACUMULO DE PACOTES,FALHA NO SENSOR DE ACUMULO DE PACOTES,FALHA DE SENSOR,FALHA DE SENSOR,TRAIN
4178,TROCA DA FACA DO CORTE TRANSVERSAL DO FILME,TROCA DA FACA DO CORTE TRANSVERSAL DO FILME,FALHA DE CORTE DE FILME,FALHA DE CORTE DE FILME,TRAIN
4179,MUITAS GARRAFAS COM ROTULOS OCASIONANDO QUEDA E ENROSCO NO ALINHADOR LINATRONIC,MUITAS GARRAFAS COM ROTULOS OCASIONANDO QUEDA E ENROSCO NO ALINHADOR LINATRONIC,Excesso de garrafa com rotulo,EXCESSO DE GARRAFA COM ROTULO,TRAIN
4180,"NAS RETOMADAS, EXCESSO DE NIVEL BAIXO/ALTO E LATS VAZIAS, RODANDO ABAIXO DO NOMINAL",NAS RETOMADAS EXCESSO DE NIVEL BAIXO ALTO E LATS VAZIAS RODANDO ABAIXO DO NOMINAL,FALHA DE ENCHIMENTO,FALHA DE ENCHIMENTO,TRAIN
4181,PINO DA ESTEIRA ESCAPOU,PINO DA ESTEIRA ESCAPOU,ESCAPE DE ESTEIRA,ESCAPE DE ESTEIRA,TRAIN
4182,"SUPORTE DO SENSOR DO CENTRADOR SOLTO, ORDEM : 30008840643",SUPORTE DO SENSOR DO CENTRADOR SOLTO ORDEM 30008840643,FALHA DE SENSOR,FALHA DE SENSOR,TRAIN
4183,FALHA NO MOTOR M 113.1,FALHA NO MOTOR M 113 1,FALHA DE MOTOR,FALHA DE MOTOR,TRAIN
4184,ENROSCO DE TAMPAS NA ENTRADA DO ARROLHADOR CAUSANDO PARADAS NA MAQUINA,ENROSCO DE TAMPAS NA ENTRADA DO ARROLHADOR CAUSANDO PARADAS NA MAQUINA,ENROSCO DE TAMPAS,ENROSCO DE TAMPAS,TRAIN
4185,TROCA DO BORNE DA PINÇA NUMERO 12 DO RINSER 30008840594,TROCA DO BORNE DA PINCA NUMERO 12 DO RINSER 30008840594,FALHA DE PINÇA,FALHA DE PINCA,TRAIN
4186,"QUEDA DE GARRAFAS, FEITO AJUSTE NO SETUP",QUEDA DE GARRAFAS FEITO AJUSTE NO SETUP,QUEDA DE GARRAFAS,QUEDA DE GARRAFAS,TRAIN
4187,"LIMPEZA DA DATADORA , ESTAVA SUJA , INDICIO DE BORRAGEM NAS DATAS , POR ISSO A LIMPEZA . ORDEM :30008849476 . ; NOTA ;13364582",LIMPEZA DA DATADORA ESTAVA SUJA INDICIO DE BORRAGEM NAS DATAS POR ISSO A LIMPEZA ORDEM 30008849476 NOTA 13364582,FALHA DE CODIFICAÇÃO,FALHA DE CODIFICACAO,TRAIN
4188,QUEBRA DA ESTEIRA ORDEM Nº 30008849452,QUEBRA DA ESTEIRA ORDEM N 30008849452,QUEBRA DE ESTEIRA,QUEBRA DE ESTEIRA,TRAIN
4189,BARREIRA DE SEGURANÇA DESARMADA,BARREIRA DE SEGURANCA DESARMADA,FALHA DE BARREIRA,FALHA DE BARREIRA,TRAIN
4190,ESTEIRA DO TRANSPORTE DE ENTRADA DA EMPACOTADORA SAIU DOS GUIAS E ENCAVALOU (ORDEM - 30008849558),ESTEIRA DO TRANSPORTE DE ENTRADA DA EMPACOTADORA SAIU DOS GUIAS E ENCAVALOU ORDEM 30008849558,ESCAPE DE ESTEIRA,ESCAPE DE ESTEIRA,TRAIN
4191,FALHA DE BARREIRA NA SAIDA DE PALETE DE CARTÃO,FALHA DE BARREIRA NA SAIDA DE PALETE DE CARTAO,FALHA DE BARREIRA,FALHA DE BARREIRA,TRAIN
4192,"TRANSPORTE POS WARMER DERRUBANDO LATAS, GERANDO ACUMULO E FALHA NO ALINHADOR",TRANSPORTE POS WARMER DERRUBANDO LATAS GERANDO ACUMULO E FALHA NO ALINHADOR,FALHA DE ACÚMULO NO TRANSPORTE,FALHA DE ACUMULO NO TRANSPORTE,TRAIN
4193,"FALHA CONEXÃO PNEUMATICA MANGUEIRA DE AR, FOI REALIZADO A TROCA DE CONEXÃO PNEUMATICA 30008849265",FALHA CONEXAO PNEUMATICA MANGUEIRA DE AR FOI REALIZADO A TROCA DE CONEXAO PNEUMATICA 30008849265,FALHA DE CONEXÃO DE MANGUEIRA,FALHA DE CONEXAO DE MANGUEIRA,TRAIN
4194,FALHA TROCA DE BANDEJA DO AGREGADO 2,FALHA TROCA DE BANDEJA DO AGREGADO 2,FALHA NA TROCA DE BANDEJA,FALHA NA TROCA DE BANDEJA,TRAIN
4195,FALHA DE COMUNICAÇAO NO ENVIO DE BEBIDA MIXER COM ENCHEDORA ORDEM 30008849399,FALHA DE COMUNICACAO NO ENVIO DE BEBIDA MIXER COM ENCHEDORA ORDEM 30008849399,FALHA DE COMUNICAÇÃO,FALHA DE COMUNICACAO,TRAIN
4196,"VELOCIDADE REDUZIDAENCHEDORA REJEITANDO MUITAS LATAS DEVIDO A VALVULAS JAMPEADAS, PARTIDAS APOS PARADA PERDENDO MUITAS LATAS",VELOCIDADE REDUZIDAENCHEDORA REJEITANDO MUITAS LATAS DEVIDO A VALVULAS JAMPEADAS PARTIDAS APOS PARADA PERDENDO MUITAS LATAS,FALHA DE VÁLVULA DE ENCHIMENTO,FALHA DE VALVULA DE ENCHIMENTO,TRAIN
4197,"ENCHEDORA REJEITANDO MUITAS LATAS DEVIDO A VALVULAS JAMPEADAS, PARTIDAS APOS PARADA PERDENDO MUITAS LATAS",ENCHEDORA REJEITANDO MUITAS LATAS DEVIDO A VALVULAS JAMPEADAS PARTIDAS APOS PARADA PERDENDO MUITAS LATAS,FALHA DE VÁLVULA DE ENCHIMENTO,FALHA DE VALVULA DE ENCHIMENTO,TRAIN
4198,FALHA DE ENCHIMENTO EM VALVULAS JAMPEADAS OCASIONANDO EXESSO DE REJEITOS,FALHA DE ENCHIMENTO EM VALVULAS JAMPEADAS OCASIONANDO EXESSO DE REJEITOS,FALHA DE VÁLVULA DE ENCHIMENTO,FALHA DE VALVULA DE ENCHIMENTO,TRAIN
4199,AJUSTES DE PARAMETROS PARA RETIRAR LATA TESTE NIVEL ALTO,AJUSTES DE PARAMETROS PARA RETIRAR LATA TESTE NIVEL ALTO,FALHA DE ENCHIMENTO,FALHA DE ENCHIMENTO,TRAIN
4200,AJUSTES DE PARAMETROS,AJUSTES DE PARAMETROS,FALHA DE PARAMETRIZAÇÃO,FALHA DE PARAMETRIZACAO,TRAIN
4201,FALHA NO RESET DE BARREIRA,FALHA NO RESET DE BARREIRA,FALHA DE BARREIRA,FALHA DE BARREIRA,TEST
4202,TRANSPORTE DESARMADO,TRANSPORTE DESARMADO,DESARME DE TRANSPORTE,DESARME DE TRANSPORTE,TRAIN
4203,ENROSCO NA SAIDA DA LAVADORA,ENROSCO NA SAIDA DA LAVADORA,ENROSCO DE GARRAFAS,ENROSCO DE GARRAFAS,TRAIN
4204,FALHA DE BARREIRA NA SAIDA DE PALETES DE CARTÃO,FALHA DE BARREIRA NA SAIDA DE PALETES DE CARTAO,FALHA DE BARREIRA,FALHA DE BARREIRA,TRAIN
4205,FALHA DE ENCHIMENTO DE VALVULAS JAMPEADAS OCASIONANDO EXESSO DE REJEITOS EM PARADAS E RETOMADAS DA ENCHEDORA,FALHA DE ENCHIMENTO DE VALVULAS JAMPEADAS OCASIONANDO EXESSO DE REJEITOS EM PARADAS E RETOMADAS DA ENCHEDORA,FALHA DE VÁLVULA DE ENCHIMENTO,FALHA DE VALVULA DE ENCHIMENTO,TRAIN
4206,FALHA DE ACUMULO ESTEIRA EMBORRACHADA ENTRADA DEVIDER,FALHA DE ACUMULO ESTEIRA EMBORRACHADA ENTRADA DEVIDER,FALHA DE ESTEIRA,FALHA DE ESTEIRA,TRAIN
4207,FALHA SENSOR DE GARRAFA DEITADA ENTRADA SPOTTER,FALHA SENSOR DE GARRAFA DEITADA ENTRADA SPOTTER,FALHA DE SENSOR,FALHA DE SENSOR,TEST
4208,"ENROSCOS DE TAMPAS NA ENTRADA DO ARROLHADOR , CAUSANDO PARADAS NA MAQUINA",ENROSCOS DE TAMPAS NA ENTRADA DO ARROLHADOR CAUSANDO PARADAS NA MAQUINA,ENROSCO DE TAMPAS,ENROSCO DE TAMPAS,TRAIN
4209,"ENROSCO DE TAMPAS NA ENTRADA DO ARROLHADOR , PARANDO A MAQUINA EM ALGUNS MOMENTOS",ENROSCO DE TAMPAS NA ENTRADA DO ARROLHADOR PARANDO A MAQUINA EM ALGUNS MOMENTOS,ENROSCO DE TAMPAS,ENROSCO DE TAMPAS,TRAIN
4210,CAPSULADOR A 1 FALHA POR TEMPO ORDEM 30008850491,CAPSULADOR A 1 FALHA POR TEMPO ORDEM 30008850491,FALHA DE TAMPAMENTO,FALHA DE TAMPAMENTO,TEST
4211,"FALHA NA INSPEÇÃO DE NIVEL, EQUIPAMENTO NÃO ESTAVA CONSEGUINDO FAZER A LEITURA DAS GARRAFAS",FALHA NA INSPECAO DE NIVEL EQUIPAMENTO NAO ESTAVA CONSEGUINDO FAZER A LEITURA DAS GARRAFAS,FALHA DE INSPEÇÃO,FALHA DE INSPECAO,TRAIN
4212,"FALHA DE INSPEÇÃO DE NIVEL, INSPETOR NÃO ESTAVA FAZENDO A LEITURA DAS GARRADAS",FALHA DE INSPECAO DE NIVEL INSPETOR NAO ESTAVA FAZENDO A LEITURA DAS GARRADAS,FALHA DE INSPEÇÃO,FALHA DE INSPECAO,TRAIN
4213,FALHA NA VALVULA REGULADORA DO TROCADOR DE CALOR,FALHA NA VALVULA REGULADORA DO TROCADOR DE CALOR,FALHA DE VÁLVULA,FALHA DE VALVULA,TEST
4214,"FALHA DE COMUNICAÇAO IHM ENCHEDORA,FAZER RESET DO IHM E RESET PCL 30008850047",FALHA DE COMUNICACAO IHM ENCHEDORA FAZER RESET DO IHM E RESET PCL 30008850047,FALHA DE COMUNICAÇÃO,FALHA DE COMUNICACAO,TEST
4215,"FALHA DE COMUNICAÇAO IHM ENCHEDORA,FAZER RESET DO IHM E RESET PCL 30008850052",FALHA DE COMUNICACAO IHM ENCHEDORA FAZER RESET DO IHM E RESET PCL 30008850052,FALHA DE COMUNICAÇÃO,FALHA DE COMUNICACAO,TRAIN
4216,ACOMPANHAMENTO REJEITO POR INSPEÇÃO DE RÓTULO PARANDO ROTULADORA,ACOMPANHAMENTO REJEITO POR INSPECAO DE ROTULO PARANDO ROTULADORA,FALHA DE ROTULAGEM,FALHA DE ROTULAGEM,TRAIN
4217,"ESTOURO DE FILME NA SOLTA ,NECESSAREIO FAZER SILTA MANUAL COM FITA",ESTOURO DE FILME NA SOLTA NECESSAREIO FAZER SILTA MANUAL COM FITA,ROMPIMENTO DE FILME,ROMPIMENTO DE FILME,TRAIN
4218,CHAPA DO SENSOR DA GRELHA DANIFICADA.,CHAPA DO SENSOR DA GRELHA DANIFICADA,FALHA DE SENSOR,FALHA DE SENSOR,TRAIN
4219,PRESSCO DESLIGADA,PRESSCO DESLIGADA,FALHA DE INSPEÇÃO,FALHA DE INSPECAO,TRAIN
4220,VARIAÇÃO NOS NIVEIS DE ENCHIMENTO,VARIACAO NOS NIVEIS DE ENCHIMENTO,FALHA DE ENCHIMENTO,FALHA DE ENCHIMENTO,TRAIN
4221,"ENROSCO DE LATA NO TWISTER,PÓS ENCHEDORA",ENROSCO DE LATA NO TWISTER POS ENCHEDORA,ENROSCO DE LATAS,ENROSCO DE LATAS,TRAIN
4222,TROCA DA VALVULA DE ENCHIMENTO DE NUMERO 64,TROCA DA VALVULA DE ENCHIMENTO DE NUMERO 64,FALHA DE VÁLVULA DE ENCHIMENTO,FALHA DE VALVULA DE ENCHIMENTO,TEST
4223,"FALHA DE ENCHIMENTO NAS VALVULAS Nº35, 50 E 40 ( VALVULAS JMAPEADAS FISICA E ELETRONICAMENTE ) ORDEM : 30008852323",FALHA DE ENCHIMENTO NAS VALVULAS N 35 50 E 40 VALVULAS JMAPEADAS FISICA E ELETRONICAMENTE ORDEM 30008852323,FALHA DE VÁLVULA DE ENCHIMENTO,FALHA DE VALVULA DE ENCHIMENTO,TRAIN
4224,FALHA NA BARREIRA DE CARTÃO,FALHA NA BARREIRA DE CARTAO,FALHA DE BARREIRA,FALHA DE BARREIRA,TRAIN
4225,ENROSCO DE LATAS NO TWISTER,ENROSCO DE LATAS NO TWISTER,ENROSCO DE LATAS,ENROSCO DE LATAS,TRAIN
4226,"PARÂMETROS INCORRETOS, AJUSTE NOS DE QUALIDADE PARA REJEITAR LATAS NIVEL BAIXO",PARAMETROS INCORRETOS AJUSTE NOS DE QUALIDADE PARA REJEITAR LATAS NIVEL BAIXO,FALHA DE ENCHIMENTO,FALHA DE ENCHIMENTO,TRAIN
4227,FALHA ELETRICA NOTRASPORTE DE SAIDA DA LAVADORA,FALHA ELETRICA NOTRASPORTE DE SAIDA DA LAVADORA,FALHA ELÉTRICA DO TRANSPORTE,FALHA ELETRICA DO TRANSPORTE,TRAIN
4228,SOLDA DO FILME EM FALHA NECESSARIO SOLDA MANUAL COM FITA,SOLDA DO FILME EM FALHA NECESSARIO SOLDA MANUAL COM FITA,FALHA DE SOLDA DE FILME,FALHA DE SOLDA DE FILME,TEST
4229,"FALHA NO CORTE DO FILME, TENSIONAMENTO DO ROLO DE CORTE 30008851238",FALHA NO CORTE DO FILME TENSIONAMENTO DO ROLO DE CORTE 30008851238,FALHA DE CORTE DE FILME,FALHA DE CORTE DE FILME,TRAIN
4230,"FALHA NA SOLDA DO FILME, FAZENDO SILDA MANUAL COM FITA",FALHA NA SOLDA DO FILME FAZENDO SILDA MANUAL COM FITA,FALHA DE SOLDA DE FILME,FALHA DE SOLDA DE FILME,TRAIN
4231,FALHA DE ACUMULO ESTEIRA EMBORRACHADA ENTRADA DEVIDER E DESARME DO MOTOR POR SEGURANÇA 30008851228,FALHA DE ACUMULO ESTEIRA EMBORRACHADA ENTRADA DEVIDER E DESARME DO MOTOR POR SEGURANCA 30008851228,DESARME DE MOTOR,DESARME DE MOTOR,TRAIN
4232,DESARMOU INVERSOR MOTOR M 201 30008852378,DESARMOU INVERSOR MOTOR M 201 30008852378,FALHA DE INVERSOR,FALHA DE INVERSOR,TRAIN
4233,"ENTRANDO RÓTULO NA SALA DE ENVASE, CAINDO GARRAFA NO ALINHADOR E DANDO FALHA NO LINATRONIC.",ENTRANDO ROTULO NA SALA DE ENVASE CAINDO GARRAFA NO ALINHADOR E DANDO FALHA NO LINATRONIC,FALHA DE ROTULAGEM,FALHA DE ROTULAGEM,TRAIN
4234,MANCAL DO MOTOR 332 COM DEFEITO,MANCAL DO MOTOR 332 COM DEFEITO,FALHA DE ROLAMENTO,FALHA DE ROLAMENTO,TRAIN
4235,"GARRAFAS SAINDO VAZIAS, SENSOR DE ENCHIMENTO FORA - ORDEM: 30008853562",GARRAFAS SAINDO VAZIAS SENSOR DE ENCHIMENTO FORA ORDEM 30008853562,FALHA DE SENSOR,FALHA DE SENSOR,TRAIN
4236,FALHA NO SENSOR DA PORTA NOTA 30008853570,FALHA NO SENSOR DA PORTA NOTA 30008853570,FALHA DE SENSOR,FALHA DE SENSOR,TEST
4237,"AJUSTE POS SETUP DA REGUA ULTRASSONICA, GARRAFAS TOMBANDO E PRENDENDO NA REGUA",AJUSTE POS SETUP DA REGUA ULTRASSONICA GARRAFAS TOMBANDO E PRENDENDO NA REGUA,SEM MODO DE FALHA IDENTIFICADO,SEM MODO DE FALHA IDENTIFICADO,TRAIN
4238,PRESCO EM FALHA,PRESCO EM FALHA,FALHA DE INSPEÇÃO,FALHA DE INSPECAO,TEST
4239,"PASSANDO LATAS COM DEFEITOS PARA A ENCHEDORA, GERANDO ESTOURO E CRASH NA SAIDA/ENTRADA DA RECRAVADORA",PASSANDO LATAS COM DEFEITOS PARA A ENCHEDORA GERANDO ESTOURO E CRASH NA SAIDA ENTRADA DA RECRAVADORA,FALHA DE RECRAVAÇÃO,FALHA DE RECRAVACAO,TEST
4240,"FALHA DE ENCHIMENTO, EXCESSO DE NIVEL BAIXO/ALTO",FALHA DE ENCHIMENTO EXCESSO DE NIVEL BAIXO ALTO,FALHA DE ENCHIMENTO,FALHA DE ENCHIMENTO,TRAIN
4241,FALTA DE TAMPAS MESMO RODANDO A 31K,FALTA DE TAMPAS MESMO RODANDO A 31K,FALHA DE ALIMENTAÇÃO DE TAMPAS,FALHA DE ALIMENTACAO DE TAMPAS,TRAIN
4242,SOPRADOR DE AR DO REJEITO ESTA SOLTO E FORA DE POSIÇÃO,SOPRADOR DE AR DO REJEITO ESTA SOLTO E FORA DE POSICAO,FALHA DE REJEIÇÃO,FALHA DE REJEICAO,TEST
4243,EXCESSO DE GARRAFAS COM ROTULOS PROVOCANDO QUEDA DE GARRAFAS,EXCESSO DE GARRAFAS COM ROTULOS PROVOCANDO QUEDA DE GARRAFAS,Excesso de garrafa com rotulo,EXCESSO DE GARRAFA COM ROTULO,TEST
4244,"VARIAÇÃO DE NIVEL ,NIVEL BAIXO.",VARIACAO DE NIVEL NIVEL BAIXO,FALHA DE ENCHIMENTO,FALHA DE ENCHIMENTO,TRAIN
4245,PERDA DE IMPRESSÃO LIMPEZA SENSOR,PERDA DE IMPRESSAO LIMPEZA SENSOR,FALHA DE SENSOR,FALHA DE SENSOR,TRAIN
4246,"FALHA NO DESPARO,LIMPEZA.NOTA 30008852405",FALHA NO DESPARO LIMPEZA NOTA 30008852405,FALHA DE CODIFICAÇÃO,FALHA DE CODIFICACAO,TRAIN
4247,"FUSIVEL NA PLACADA DISTRIBUIÇÃO DISPAROU,TROCA DO FUSIVEL",FUSIVEL NA PLACADA DISTRIBUICAO DISPAROU TROCA DO FUSIVEL,ATUAÇÃO/QUEIMA DE FUSÍVEL,ATUACAO QUEIMA DE FUSIVEL,TRAIN
4248,"FALHA DE RECRAVAÇÃO NAS ESTAÇÕES 2,5 E 6",FALHA DE RECRAVACAO NAS ESTACOES 2 5 E 6,FALHA DE RECRAVAÇÃO,FALHA DE RECRAVACAO,TRAIN
4249,FALHA DE RECRAVAÇÃO,FALHA DE RECRAVACAO,FALHA DE RECRAVAÇÃO,FALHA DE RECRAVACAO,TRAIN
4250,"ENROSCO DE TAMPAS NO ARROLHADOR , TAMPAS AMASSADAS CAUSANDO PARADA NA MAQUINA , MANUTENCAO ATUOU RETIRANDO AS .",ENROSCO DE TAMPAS NO ARROLHADOR TAMPAS AMASSADAS CAUSANDO PARADA NA MAQUINA MANUTENCAO ATUOU RETIRANDO AS,ENROSCO DE TAMPAS,ENROSCO DE TAMPAS,TRAIN
4251,"FALHA DE SINCRONISMO NA MAQUINA , CAUSANDO PARADA DO EQUIPAMENTO E ATUACAO DA MANUTENCAO ELETRICA . ORDEM ;30008854145 NOTA ;13368907",FALHA DE SINCRONISMO NA MAQUINA CAUSANDO PARADA DO EQUIPAMENTO E ATUACAO DA MANUTENCAO ELETRICA ORDEM 30008854145 NOTA 13368907,FALHA DE SINCRONISMO,FALHA DE SINCRONISMO,TRAIN
4252,"ENROSCO DE TAMPAS NO ARROLHADOR , TAMPA AMASSADA , CAUSANDO PARADA NO EQUIPAMENTO",ENROSCO DE TAMPAS NO ARROLHADOR TAMPA AMASSADA CAUSANDO PARADA NO EQUIPAMENTO,ENROSCO DE TAMPAS,ENROSCO DE TAMPAS,TRAIN
4253,"DEPOIS DA TROCA DA MESA, FOI REALIZADO O AJUSTE NOS GUIAS E NOS SENSORES - NOTA: 13369159",DEPOIS DA TROCA DA MESA FOI REALIZADO O AJUSTE NOS GUIAS E NOS SENSORES NOTA 13369159,SEM MODO DE FALHA IDENTIFICADO,SEM MODO DE FALHA IDENTIFICADO,TRAIN
4254,ALTURA DA PEGA DE CAMADA ERRADA,ALTURA DA PEGA DE CAMADA ERRADA,FALHA NA PEGADA DE CAMADA,FALHA NA PEGADA DE CAMADA,TEST
4255,"FALSA RECRAVAÇÃO, LATAS VAZANDO",FALSA RECRAVACAO LATAS VAZANDO,FALHA DE RECRAVAÇÃO,FALHA DE RECRAVACAO,TRAIN
4256,"FALHA DE COLISÃO, NECESSÁRIO REALIZAR SINCRONISMO",FALHA DE COLISAO NECESSARIO REALIZAR SINCRONISMO,FALHA DE SINCRONISMO,FALHA DE SINCRONISMO,TRAIN
4257,"FALHA DE REDOX BAIXO, ORDEM(30008853706).",FALHA DE REDOX BAIXO ORDEM 30008853706,FALHA DE CONTROLE DE PROCESSO,FALHA DE CONTROLE DE PROCESSO,TRAIN
4258,"EXCESSO DE GARRAFA COM RÓTULO NA SALA DE ENVASE, CAINDO GARRAFA NO ALINHADOR E LINATRONIC.",EXCESSO DE GARRAFA COM ROTULO NA SALA DE ENVASE CAINDO GARRAFA NO ALINHADOR E LINATRONIC,FALHA DE ROTULAGEM,FALHA DE ROTULAGEM,TRAIN
4259,EXCESSO DE RÓTULO NA SAÍDA ENROSCO DE GARRAFAS,EXCESSO DE ROTULO NA SAIDA ENROSCO DE GARRAFAS,ENROSCO DE RÓTULOS,ENROSCO DE ROTULOS,TRAIN
4260,"EXCESSO DE GARRAFA COM RÓTULO NA SALA DE ENVASE, CAINDO GARRAFA NO ALINHADOR E LINATRONIC PARANDO LINATRONIC",EXCESSO DE GARRAFA COM ROTULO NA SALA DE ENVASE CAINDO GARRAFA NO ALINHADOR E LINATRONIC PARANDO LINATRONIC,FALHA DE ROTULAGEM,FALHA DE ROTULAGEM,TRAIN
4261,"ROLETES PATINANDO DURANTE O PERCURSO DO PALETE, FEITO AJUSTE NA CORRENTE.ORDEM- 30008853650.",ROLETES PATINANDO DURANTE O PERCURSO DO PALETE FEITO AJUSTE NA CORRENTE ORDEM 30008853650,FALHA DE PATINS,FALHA DE PATINS,TRAIN
4262,QUEDA DE GARRAFAS NO TRANSPORTE,QUEDA DE GARRAFAS NO TRANSPORTE,QUEDA DE GARRAFAS,QUEDA DE GARRAFAS,TRAIN
4263,FALHA NO SENSOR DE TAMPA,FALHA NO SENSOR DE TAMPA,FALHA DE SENSOR,FALHA DE SENSOR,TEST
4264,"EXCESSO DE GARRAFA COM RÓTULO NA SALA DE ENVASE, CAINDO GARRAFA NO ALINHADOR E LINATRONIC PARANDO LINATRONIC",EXCESSO DE GARRAFA COM ROTULO NA SALA DE ENVASE CAINDO GARRAFA NO ALINHADOR E LINATRONIC PARANDO LINATRONIC,FALHA DE ROTULAGEM,FALHA DE ROTULAGEM,TRAIN
4265,ENROSCO DE GARRAFA NA SAIDA POR EXCESSO DE RÓTULOS,ENROSCO DE GARRAFA NA SAIDA POR EXCESSO DE ROTULOS,ENROSCO DE RÓTULOS,ENROSCO DE ROTULOS,TRAIN
4266,TRAVAMENTO DO STOPER DE CAIXA DA MESA DA PALETIZADORA,TRAVAMENTO DO STOPER DE CAIXA DA MESA DA PALETIZADORA,TRAVAMENTO DE STOPPER,TRAVAMENTO DE STOPPER,TRAIN
4267,TRAVAMENTO DE GARRAFA NA SAIDA DA LAVADORA,TRAVAMENTO DE GARRAFA NA SAIDA DA LAVADORA,TRAVAMENTO DE GARRAFAS NA SAÍDA DA LAVADORA,TRAVAMENTO DE GARRAFAS NA SAIDA DA LAVADORA,TRAIN
4268,ROLETE TORTO E SOLTO GERANDO FALHA NA FORMAÇÃO DE CAMADA :30008855824,ROLETE TORTO E SOLTO GERANDO FALHA NA FORMACAO DE CAMADA 30008855824,FALHA DE ROLETES,FALHA DE ROLETES,TRAIN
4269,TRAVAMENTO DO STOPER DE CAIXA DA MESA DA PALETIZADORA,TRAVAMENTO DO STOPER DE CAIXA DA MESA DA PALETIZADORA,TRAVAMENTO DE STOPPER,TRAVAMENTO DE STOPPER,TRAIN
4270,ENROSCO DE TAMPA,ENROSCO DE TAMPA,ENROSCO DE TAMPAS,ENROSCO DE TAMPAS,TRAIN
4271,QUEDA DE GARRAFA NA REGUA ULTRASSONICA,QUEDA DE GARRAFA NA REGUA ULTRASSONICA,QUEDA DE GARRAFAS,QUEDA DE GARRAFAS,TEST
4272,DESARMOU O INVERSOU ALTA TEMPERTURA,DESARMOU O INVERSOU ALTA TEMPERTURA,FALHA DE INVERSOR,FALHA DE INVERSOR,TRAIN
4273,ENROSCO DE GARRAFA,ENROSCO DE GARRAFA,ENRROSCO DE GARRAFA,ENRROSCO DE GARRAFA,TRAIN
4274,"FALHA DE SINCRONISMO , CAUSANDO PARADAS NO EQUIPAMENTO ORDEM ;",FALHA DE SINCRONISMO CAUSANDO PARADAS NO EQUIPAMENTO ORDEM,FALHA DE SINCRONISMO,FALHA DE SINCRONISMO,TRAIN
4275,FALHA DE SINCRONISMO CAUSANDO PARADA NA MAQUINA . ORDEM ;30008856942 NOTA ;13371487,FALHA DE SINCRONISMO CAUSANDO PARADA NA MAQUINA ORDEM 30008856942 NOTA 13371487,FALHA DE SINCRONISMO,FALHA DE SINCRONISMO,TRAIN
4276,TRAVAMENTO DO ELEVADOR (NOTA:30008856925),TRAVAMENTO DO ELEVADOR NOTA 30008856925,TRAVAMENTO ELEVADOR,TRAVAMENTO ELEVADOR,TRAIN
4277,TRASPORTE DE PACOTES QUEBRADO 30008857467,TRASPORTE DE PACOTES QUEBRADO 30008857467,QUEBRA DE TRECHO DO TRANSPORTE,QUEBRA DE TRECHO DO TRANSPORTE,TRAIN
4278,FALHA NO INVERSOR TRASPORTE DESLIGADO,FALHA NO INVERSOR TRASPORTE DESLIGADO,FALHA INVERSOR,FALHA INVERSOR,TRAIN
4279,FALHA NO SENSOR DA PORTA DE SEGURANÇA 30008857448,FALHA NO SENSOR DA PORTA DE SEGURANCA 30008857448,FALHA SENSOR DA PORTA,FALHA SENSOR DA PORTA,TRAIN
4280,FALHA NO SISTEMA DE INSPEÇAO DE NIVEL ORDEM 30008856408,FALHA NO SISTEMA DE INSPECAO DE NIVEL ORDEM 30008856408,ERRO DE COMUNICAÇÃO,ERRO DE COMUNICACAO,TRAIN
4281,"FALHA NA TROCA AUTOMATICA DE BOBINA, SENDO NECESSÁRIO FAZER MANUALMENTE",FALHA NA TROCA AUTOMATICA DE BOBINA SENDO NECESSARIO FAZER MANUALMENTE,FALHA NA TROCA AUTOMATICA,FALHA NA TROCA AUTOMATICA,TRAIN
4282,FALHA NO TROCADOR DE CALOR 30008856440,FALHA NO TROCADOR DE CALOR 30008856440,FALHA TROCADOR DE CALOR,FALHA TROCADOR DE CALOR,TRAIN
4283,FALHA NO SENSOR DO EXPULSADOR LINEAR ( ORDEM : 30008857358 ),FALHA NO SENSOR DO EXPULSADOR LINEAR ORDEM 30008857358,FALHA NO SENSOR EXPULSADOR,FALHA NO SENSOR EXPULSADOR,TRAIN
4284,"MÁ FORMAÇÃO DE CAMADAS, ROBO PEGANDO CAIXAS A MENOS",MA FORMACAO DE CAMADAS ROBO PEGANDO CAIXAS A MENOS,ROBO COM FALHA,ROBO COM FALHA,TRAIN
4285,QUEIMA DA PLACA DEVICENET 30008857644,QUEIMA DA PLACA DEVICENET 30008857644,QUEIMA DA PLACA DEVICENET,QUEIMA DA PLACA DEVICENET,TRAIN
4286,PALETIZADORA DESARMANDO NA FORMAÇÃO DE CAMADA,PALETIZADORA DESARMANDO NA FORMACAO DE CAMADA,DESARME PALETIZADORA,DESARME PALETIZADORA,TRAIN
4287,PEÇA DANIFICADA DO EIXO DO ROLAMENTO CAUSANDO FALTA DE TAMPAS,PECA DANIFICADA DO EIXO DO ROLAMENTO CAUSANDO FALTA DE TAMPAS,QUEBRA NO EIXO DA TAMPA DO ARROLHADOR,QUEBRA NO EIXO DA TAMPA DO ARROLHADOR,TRAIN
4288,"AJUSTE DE RÉGUA, LIMPEZA DOS BICOS E AJUSTE DOS SNIFS DA VÁLVULA 4",AJUSTE DE REGUA LIMPEZA DOS BICOS E AJUSTE DOS SNIFS DA VALVULA 4,FALHA NOS SNIFS,FALHA NOS SNIFS,TRAIN
4289,FALTA DE PEÇA DO EIXO DO ROOALMENTO CAUSANDO FALTA DE TAMPAS,FALTA DE PECA DO EIXO DO ROOALMENTO CAUSANDO FALTA DE TAMPAS,QUEBRA NO EIXO DA TAMPA DO ARROLHADOR,QUEBRA NO EIXO DA TAMPA DO ARROLHADOR,TEST
4290,"AJUSTE DO SENSOR DA ENTRADA DE CAIXAS DA ENCAIXOTADORA , ENTRANDO CAIXA E MENOS E CAUSANDO PARADAS NA MAQUNA",AJUSTE DO SENSOR DA ENTRADA DE CAIXAS DA ENCAIXOTADORA ENTRANDO CAIXA E MENOS E CAUSANDO PARADAS NA MAQUNA,FALHA DE SENSOR,FALHA DE SENSOR,TRAIN
4291,"AJUSTE DO SENSOR DA ENTRADA DE CAIXAS NA ENCAIXOTADORA , ENTRANDO CAIXA A MENOS E CAUSANDO PARADAS NA MAQUINA",AJUSTE DO SENSOR DA ENTRADA DE CAIXAS NA ENCAIXOTADORA ENTRANDO CAIXA A MENOS E CAUSANDO PARADAS NA MAQUINA,FALHA DE SENSOR,FALHA DE SENSOR,TRAIN
4292,QUEBRA DA ESTEIRA DE CAIXAS DA ENTRADA DA DESENCA OCASIONANDO PARADA NA LINHA,QUEBRA DA ESTEIRA DE CAIXAS DA ENTRADA DA DESENCA OCASIONANDO PARADA NA LINHA,QUEBRA DA ESTEIRA,QUEBRA DA ESTEIRA,TRAIN
4293,PALLET PARADO NA MESA GIRATORIA DE PALLETS,PALLET PARADO NA MESA GIRATORIA DE PALLETS,PALLET PARADO NA MESA,PALLET PARADO NA MESA,TRAIN
4294,FALHA DE SINCRONISMO,FALHA DE SINCRONISMO,FALHA DE SINCRONISMO,FALHA DE SINCRONISMO,TRAIN
4295,"FALHA NO CIP RAMAL B, DRENO ATIVANDO NO MEIO DO CIP",FALHA NO CIP RAMAL B DRENO ATIVANDO NO MEIO DO CIP,FALHA NO CIP RAMAL B,FALHA NO CIP RAMAL B,TRAIN
4296,FALHA NO FEEADBACK DA VALVULA DA ENCHEDORA,FALHA NO FEEADBACK DA VALVULA DA ENCHEDORA,FALHA NA VALVULA,FALHA NA VALVULA,TRAIN
4297,"ENCHEDORA FORA SICRONISMO, FOI NECESSARIO RODAR VELOCIDADE ABAIXO NOMINAL",ENCHEDORA FORA SICRONISMO FOI NECESSARIO RODAR VELOCIDADE ABAIXO NOMINAL,FALHA DE SINCRONISMO,FALHA DE SINCRONISMO,TEST
4298,FALHA SECADORA DE GARRAFAS,FALHA SECADORA DE GARRAFAS,FALHA DO SECADOR DE GARRAFAS,FALHA DO SECADOR DE GARRAFAS,TRAIN
4299,FALHA NA LEITURA DA GARRAFA TESTE,FALHA NA LEITURA DA GARRAFA TESTE,FALHA DE LEITURA DA GARRAFA TESTE,FALHA DE LEITURA DA GARRAFA TESTE,TRAIN
4300,FALHA DE INSPEÇÃO,FALHA DE INSPECAO,FALHA DE INSPEÇÃO,FALHA DE INSPECAO,TRAIN
4301,"ARROLHADOR DANDO FALTAS DE TAMPAS NA VELOCIDADE DE 30.000 E ENROSCANDO TAMPAS NA ENTRADA DO ARROLHADOR , MANUTENCAO ATUOU ..",ARROLHADOR DANDO FALTAS DE TAMPAS NA VELOCIDADE DE 30 000 E ENROSCANDO TAMPAS NA ENTRADA DO ARROLHADOR MANUTENCAO ATUOU,ENROSCO DE TAMPAS,ENROSCO DE TAMPAS,TRAIN
4302,"FALHA DE SINCRONISMO , CAUSANDO PARADA NO EQUIPAMENTO",FALHA DE SINCRONISMO CAUSANDO PARADA NO EQUIPAMENTO,FALHA DE SINCRONISMO,FALHA DE SINCRONISMO,TEST
4303,"FALHA DE INSPECAO , ENVIANDO MTAS GARRAFAS PARA O RETORNO DE QUEBRAS , OCASIONANDO PARADAS NO EQUIPAMENTO",FALHA DE INSPECAO ENVIANDO MTAS GARRAFAS PARA O RETORNO DE QUEBRAS OCASIONANDO PARADAS NO EQUIPAMENTO,FALHA DE INSPEÇÃO,FALHA DE INSPECAO,TRAIN
4304,QUEDA DE GARRAFAS NO TRANSPORTE DA SALA DE ENVASE,QUEDA DE GARRAFAS NO TRANSPORTE DA SALA DE ENVASE,QUEDA DE GARRAFAS,QUEDA DE GARRAFAS,TEST
4305,FALHA NA DESCARGA DO PALLET PARA A PALETIZAÇÃO,FALHA NA DESCARGA DO PALLET PARA A PALETIZACAO,FALHA NA DESCARGA DE PALETE,FALHA NA DESCARGA DE PALETE,TRAIN
4306,FALHA NO INVERSOR DO TRANSPORTE,FALHA NO INVERSOR DO TRANSPORTE,FALHA DE INVERSOR,FALHA DE INVERSOR,TRAIN
4307,FALHA DE ENCHIMENTO EM VALVULAS JAMPEADAS OCASIONANDO EXCESSO DE REJEITOS,FALHA DE ENCHIMENTO EM VALVULAS JAMPEADAS OCASIONANDO EXCESSO DE REJEITOS,FALHA DE ENCHIMENTO,FALHA DE ENCHIMENTO,TRAIN
4308,DESARMOU A BOMBA DO ENVIO DO CARBONATO,DESARMOU A BOMBA DO ENVIO DO CARBONATO,DESARME DE BOMBA,DESARME DE BOMBA,TRAIN
4309,"FALHA DE ENCHIMENTO EM VALVULAS ALEATORIASNA PARTIDA, ASSIM DEMORANDO PARA ESTABILIZAR O CONTEUDO NA ENCHEDORA",FALHA DE ENCHIMENTO EM VALVULAS ALEATORIASNA PARTIDA ASSIM DEMORANDO PARA ESTABILIZAR O CONTEUDO NA ENCHEDORA,FALHA DE ENCHIMENTO,FALHA DE ENCHIMENTO,TRAIN
4310,CORREÇÃO TRANSPORTE PARA CODIFICADORA 30008860012,CORRECAO TRANSPORTE PARA CODIFICADORA 30008860012,SEM MODO DE FALHA IDENTIFICADO,SEM MODO DE FALHA IDENTIFICADO,TEST
4311,"ERRO DE COMUNICAÇÃO ""FALHA BUS 1"" - RESET EQTO 30008859999",ERRO DE COMUNICACAO FALHA BUS 1 RESET EQTO 30008859999,FALHA DE COMUNICAÇÃO,FALHA DE COMUNICACAO,TRAIN
4312,"VELOCIDADE REDUZIDA,FALHA DE ENCHIMENTO EM VALVULAS ALEATORIAS, EXCESSO DE NIVEL BAIXO",VELOCIDADE REDUZIDA FALHA DE ENCHIMENTO EM VALVULAS ALEATORIAS EXCESSO DE NIVEL BAIXO,FALHA DE ENCHIMENTO,FALHA DE ENCHIMENTO,TRAIN
4313,"PILHA DE PALLET VAZIOS MONTOU TORTA, NA SAIDA A MAGAZINE TROMBOU NA BARREIRA DERRUBANDO OS PALLETS DA MAGAZINE",PILHA DE PALLET VAZIOS MONTOU TORTA NA SAIDA A MAGAZINE TROMBOU NA BARREIRA DERRUBANDO OS PALLETS DA MAGAZINE,DESALINHAMENTO DE PILHA DE PALETES,DESALINHAMENTO DE PILHA DE PALETES,TRAIN
4314,FALHA DE ENCHIMENTO EM VALVULAS ALEATORIASNA,FALHA DE ENCHIMENTO EM VALVULAS ALEATORIASNA,FALHA DE ENCHIMENTO,FALHA DE ENCHIMENTO,TRAIN
4315,FALHA DE ENCHIMENTO EM VÁLVULAS ALEATÓRIAS ORDEM: 30008861147,FALHA DE ENCHIMENTO EM VALVULAS ALEATORIAS ORDEM 30008861147,FALHA DE ENCHIMENTO,FALHA DE ENCHIMENTO,TRAIN
4316,"ROBO SOLTOU CARTÃO NO MEIO DO TRAJETO, CAIU NA FRENTE DA BARREIRA, MAQUINA SE PERDEU NOS CICLOS AUTOMATICOS",ROBO SOLTOU CARTAO NO MEIO DO TRAJETO CAIU NA FRENTE DA BARREIRA MAQUINA SE PERDEU NOS CICLOS AUTOMATICOS,FALHA DO COLOCADOR DE CARTÃO,FALHA DO COLOCADOR DE CARTAO,TRAIN
4317,"MAL CONTATO DO SENSOR DA PORTA, GERANDO FALHA NO TRANSPORTE ORDEM:30008861150",MAL CONTATO DO SENSOR DA PORTA GERANDO FALHA NO TRANSPORTE ORDEM 30008861150,FALHA DE SENSOR,FALHA DE SENSOR,TRAIN
4318,EXCESSO DE REJEITOS DE LATAS NIVEL BO CAUSANDO ENROSCO,EXCESSO DE REJEITOS DE LATAS NIVEL BO CAUSANDO ENROSCO,FALHA DE ENCHIMENTO,FALHA DE ENCHIMENTO,TRAIN
4319,FALHA SENSOR DA MESA DE CARGA,FALHA SENSOR DA MESA DE CARGA,FALHA DE SENSOR,FALHA DE SENSOR,TEST
4320,FALHA NA PASSAGEM DE CORRENTE PARA A EMBREAGEM DA EMPACOTADORA (AGUARDANDO NOTA),FALHA NA PASSAGEM DE CORRENTE PARA A EMBREAGEM DA EMPACOTADORA AGUARDANDO NOTA,FALHA DE ALIMENTAÇÃO ELÉTRICA DA EMBREAGEM,FALHA DE ALIMENTACAO ELETRICA DA EMBREAGEM,TRAIN
4321,FALTA DE PARAMETRIZAÇÃO DO INVERSOR (AGUARDANDO NOTA),FALTA DE PARAMETRIZACAO DO INVERSOR AGUARDANDO NOTA,FALHA DE PARAMETRIZAÇÃO,FALHA DE PARAMETRIZACAO,TRAIN
4322,SENSOR APRESENTANDO FALHA E REPICANDO (AGUARDANDO NOTA),SENSOR APRESENTANDO FALHA E REPICANDO AGUARDANDO NOTA,FALHA DE SENSOR,FALHA DE SENSOR,TRAIN
4323,"VELOCIDADE REDUZIDA, EXCESSO DE FALHA DE ENCHIMENTO EM VALVULAS ALEATORIAS, RETOMADAS O INDICE DE PERDA AUMENTA SIGNIFICAMENTE POR NIVEL BAIXO E ALTO",VELOCIDADE REDUZIDA EXCESSO DE FALHA DE ENCHIMENTO EM VALVULAS ALEATORIAS RETOMADAS O INDICE DE PERDA AUMENTA SIGNIFICAMENTE POR NIVEL BAIXO E ALTO,FALHA DE ENCHIMENTO,FALHA DE ENCHIMENTO,TEST
4324,SENSOR DO CENTRADOR DA MAGAZINE DE CARTÃO ESTAVA ATUADO DIRETO,SENSOR DO CENTRADOR DA MAGAZINE DE CARTAO ESTAVA ATUADO DIRETO,FALHA DE SENSOR,FALHA DE SENSOR,TRAIN
4325,FALHA NA GARRAFA TESTE NUMERO 13 ( 30008862120 NOTA 13375889 ),FALHA NA GARRAFA TESTE NUMERO 13 30008862120 NOTA 13375889,FALHA DE LEITURA DA GARRAFA TESTE,FALHA DE LEITURA DA GARRAFA TESTE,TEST
4326,EXCESSO DE FALSO REJEITO SAIDA GERANDO CRASH 30008862493,EXCESSO DE FALSO REJEITO SAIDA GERANDO CRASH 30008862493,FALSO REJEITO,FALSO REJEITO,TRAIN
4327,"FALHA EXTRAÇÃO DE RÓTULOS, EXCESSO GERANDO PARADA LINATRONIC",FALHA EXTRACAO DE ROTULOS EXCESSO GERANDO PARADA LINATRONIC,FALHA DE EXTRAÇÃO DE RÓTULOS,FALHA DE EXTRACAO DE ROTULOS,TRAIN
4328,ESTOURO DE FILME NA SOLDA,ESTOURO DE FILME NA SOLDA,ROMPIMENTO DE FILME,ROMPIMENTO DE FILME,TRAIN
4329,PEÇA DO AR PRÉVIO QUE ESTAVA SOLTA.,PECA DO AR PREVIO QUE ESTAVA SOLTA,FALHA DE FIXAÇÃO,FALHA DE FIXACAO,TEST
4330,"FALHA DE PPC SERVO 8, SISTEMA DE ROLOS EMBORRACHADOS DE SUBIDA DE FILME - 30008862485",FALHA DE PPC SERVO 8 SISTEMA DE ROLOS EMBORRACHADOS DE SUBIDA DE FILME 30008862485,FALHA DE SERVO MOTOR,FALHA DE SERVO MOTOR,TRAIN
4331,"PARAFUSO DE FIXAÇÃO DA MESA DE CARGA SAINDO APERTO, FOI PRECISO SUBSTITUIR, ORDEM : 30008862422",PARAFUSO DE FIXACAO DA MESA DE CARGA SAINDO APERTO FOI PRECISO SUBSTITUIR ORDEM 30008862422,AFROUXAMENTO DE PARAFUSO DE FIXAÇÃO,AFROUXAMENTO DE PARAFUSO DE FIXACAO,TRAIN
4332,"VELOCIDADE REDUZIDA, EXCESSO DE FALHA DE ENCHIMENTO EM VALVULAS ALEATORIAS, RETOMADAS O INDICE DE PERDA AUMENTA SIGNIFICAMENTE POR NIVEL BAIXO E ALTO",VELOCIDADE REDUZIDA EXCESSO DE FALHA DE ENCHIMENTO EM VALVULAS ALEATORIAS RETOMADAS O INDICE DE PERDA AUMENTA SIGNIFICAMENTE POR NIVEL BAIXO E ALTO,FALHA DE ENCHIMENTO,FALHA DE ENCHIMENTO,TEST
4333,FALHA DE ENCHIMENTO POR VALVULAS JAMPEADAS,FALHA DE ENCHIMENTO POR VALVULAS JAMPEADAS,FALHA DE ENCHIMENTO,FALHA DE ENCHIMENTO,TRAIN
4334,FALHA NO CORTE DA EMBALAGEM DO TUBETE OCASIONANDO ENROSCO DE TAMPAS NA RECRAVADORA,FALHA NO CORTE DA EMBALAGEM DO TUBETE OCASIONANDO ENROSCO DE TAMPAS NA RECRAVADORA,FALHA DE CORTE DA EMBALAGEM DO TUBETE,FALHA DE CORTE DA EMBALAGEM DO TUBETE,TRAIN
4335,FALHA NO INVERSOR 51,FALHA NO INVERSOR 51,FALHA DE INVERSOR,FALHA DE INVERSOR,TRAIN
4336,FALHA DE ENCHIMENTO DE VALVULAS JAMPEADAS VELOCIDADE REDUZIDA,FALHA DE ENCHIMENTO DE VALVULAS JAMPEADAS VELOCIDADE REDUZIDA,FALHA DE ENCHIMENTO,FALHA DE ENCHIMENTO,TRAIN
4337,FALHA DE ENCHIMENTO EM VALVULAS JAMPEADAS VELOCIDADE REDUZIDA,FALHA DE ENCHIMENTO EM VALVULAS JAMPEADAS VELOCIDADE REDUZIDA,FALHA DE ENCHIMENTO,FALHA DE ENCHIMENTO,TEST
4338,"ESTEIRA CURVA APÓS LAVADORA FUNDO DE CAIXA, ESCAPANDO E DESARMANDO MOTOR 328 2X 30008862491",ESTEIRA CURVA APOS LAVADORA FUNDO DE CAIXA ESCAPANDO E DESARMANDO MOTOR 328 2X 30008862491,ESCAPE DE ESTEIRA,ESCAPE DE ESTEIRA,TRAIN
4339,"ESTEIRA CURVA APÓS LAVADORA FUNDO DE CAIXA, ESCAPANDO E DESARMANDO MOTOR 328",ESTEIRA CURVA APOS LAVADORA FUNDO DE CAIXA ESCAPANDO E DESARMANDO MOTOR 328,ESCAPE DE ESTEIRA,ESCAPE DE ESTEIRA,TRAIN
4340,QUEDA DO PARAFUSO DA CORRENTE DE ELEVAÇÃO DO GARFO DO MAGAZINE DE PALETE,QUEDA DO PARAFUSO DA CORRENTE DE ELEVACAO DO GARFO DO MAGAZINE DE PALETE,FALHA DE FIXAÇÃO DA CORRENTE DE ELEVAÇÃO,FALHA DE FIXACAO DA CORRENTE DE ELEVACAO,TRAIN
4341,QUEBRA DO ANEL ORING DO BOCAL DO CAPSULADOR,QUEBRA DO ANEL ORING DO BOCAL DO CAPSULADOR,QUEBRA DE ANEL O-RING,QUEBRA DE ANEL O RING,TRAIN
4342,FALHA NA PEGA DAS GARRAFAS,FALHA NA PEGA DAS GARRAFAS,FALHA NA PEGA DE GARRAFAS,FALHA NA PEGA DE GARRAFAS,TRAIN
4343,LATAS ABRINDO ESPAÇO NO TRANSPORTE DE ENTRADA DA ENCHEDORA FOI ALTERADO VELOCIDADE NOS INVERSORES,LATAS ABRINDO ESPACO NO TRANSPORTE DE ENTRADA DA ENCHEDORA FOI ALTERADO VELOCIDADE NOS INVERSORES,FALHA DE TRANSPORTE,FALHA DE TRANSPORTE,TRAIN
4345,"FALHA TIME-OUT DE ELEVAÇÃO, ENCHEDORA NAO CONSEGUIA ENTRAR EM MODO CIP POR FALTA DE SINAL DO SENSOR DO CAME",FALHA TIME OUT DE ELEVACAO ENCHEDORA NAO CONSEGUIA ENTRAR EM MODO CIP POR FALTA DE SINAL DO SENSOR DO CAME,FALHA DE SENSOR,FALHA DE SENSOR,TRAIN
4346,"FALHA DE ENCHIMENTO EM VALVULAS ALEATORIAS, FOI PRECISO USAR OUTRA RECEITA COM PARAMETROS PADRÃO ALTERADOS",FALHA DE ENCHIMENTO EM VALVULAS ALEATORIAS FOI PRECISO USAR OUTRA RECEITA COM PARAMETROS PADRAO ALTERADOS,FALHA DE ENCHIMENTO,FALHA DE ENCHIMENTO,TEST
4347,"ATRASO POR FALHA EM SENSORES DE GARRAFA FALSA NO CIP, ENXÁGUE PARA COLETA MICROBIOLÓGICA E ESPAÇO NA LAVADORA PARA CARREGAMENTO",ATRASO POR FALHA EM SENSORES DE GARRAFA FALSA NO CIP ENXAGUE PARA COLETA MICROBIOLOGICA E ESPACO NA LAVADORA PARA CARREGAMENTO,FALHA DE SENSOR,FALHA DE SENSOR,TRAIN
4348,CRASH POR EXCESSO DE FALSO REJEITO,CRASH POR EXCESSO DE FALSO REJEITO,FALSO REJEITO,FALSO REJEITO,TRAIN
4349,"EXCESSO DE NÍVEL BAIXO ALEATÓRIOS VÁLVULAS 02, 39, 54 E 101 - 14.5K ENCHEDORA",EXCESSO DE NIVEL BAIXO ALEATORIOS VALVULAS 02 39 54 E 101 14 5K ENCHEDORA,FALHA DE ENCHIMENTO,FALHA DE ENCHIMENTO,TRAIN
4350,"FALHA EM MOTORES 201, 202(SAÍDA LAVADORA)",FALHA EM MOTORES 201 202 SAIDA LAVADORA,FALHA DE MOTOR,FALHA DE MOTOR,TEST
4351,FALHA MOTOR 216 SAÍDA LINATRONIC PULMÃO ENCHEDORA,FALHA MOTOR 216 SAIDA LINATRONIC PULMAO ENCHEDORA,FALHA DE MOTOR,FALHA DE MOTOR,TRAIN
4352,"FALHA DE ENCHIMENTO ALEATORIO VÁLVULAS 02, 39, 54 E 101",FALHA DE ENCHIMENTO ALEATORIO VALVULAS 02 39 54 E 101,FALHA DE ENCHIMENTO,FALHA DE ENCHIMENTO,TRAIN
4353,FALHA MOTORES 218 E 219 SAÍDA PULMÃO DE GARRAFAS ANTES DO ALINHADOR PARA ENCHEDORA,FALHA MOTORES 218 E 219 SAIDA PULMAO DE GARRAFAS ANTES DO ALINHADOR PARA ENCHEDORA,FALHA DE MOTOR,FALHA DE MOTOR,TRAIN
4354,FALHA SENSOR ENTRADA DE GARRAFAS NA ROTULADORA ENTRE SECADORA E ROTULADORA,FALHA SENSOR ENTRADA DE GARRAFAS NA ROTULADORA ENTRE SECADORA E ROTULADORA,FALHA DE SENSOR,FALHA DE SENSOR,TEST
4355,ATRASO NO CIP SENSROR COM DEFEITO,ATRASO NO CIP SENSROR COM DEFEITO,FALHA DE SENSOR,FALHA DE SENSOR,TRAIN
4356,FALHA NO SECADOR DE GARRAFAS,FALHA NO SECADOR DE GARRAFAS,FALHA DO SECADOR DE GARRAFAS,FALHA DO SECADOR DE GARRAFAS,TEST
4358,EXCESSO DE REJEITO NA SAIDA DO DESCAPSULADOR,EXCESSO DE REJEITO NA SAIDA DO DESCAPSULADOR,FALHA DE REJEIÇÃO,FALHA DE REJEICAO,TEST
4359,ESTOURO DE FILME APOS SOLDA NA TROCA DE BOBINA,ESTOURO DE FILME APOS SOLDA NA TROCA DE BOBINA,ROMPIMENTO DE FILME,ROMPIMENTO DE FILME,TRAIN
4360,AJUSTE NO INSPETOR CHEKMATE,AJUSTE NO INSPETOR CHEKMATE,SEM MODO DE FALHA IDENTIFICADO,SEM MODO DE FALHA IDENTIFICADO,TRAIN
4361,QUEBROU O TERMINAL DA RESISTÊNCIA DE CORTE DO FILME DA ENVOLVOVEDORA,QUEBROU O TERMINAL DA RESISTENCIA DE CORTE DO FILME DA ENVOLVOVEDORA,QUEBRA DE TERMINAL ELÉTRICO,QUEBRA DE TERMINAL ELETRICO,TRAIN
4362,SENSOR / CONTADOR DE ENTRADA DE PACOTES,SENSOR CONTADOR DE ENTRADA DE PACOTES,SEM MODO DE FALHA IDENTIFICADO,SEM MODO DE FALHA IDENTIFICADO,TEST
4363,DESARME DO INVERSOR DO VIRADOR DE PALETE,DESARME DO INVERSOR DO VIRADOR DE PALETE,FALHA DE INVERSOR,FALHA DE INVERSOR,TRAIN
4364,MESA GIRATORIA EM FALHA,MESA GIRATORIA EM FALHA,FALHA DA MESA GIRATÓRIA,FALHA DA MESA GIRATORIA,TRAIN
4365,"FALTA DE AR COMPRIMIDO NO CABECOTE DA MAQUINA , NAO ESTAVA PEGANDO AS GARRAFAS , MANUTENCAO ELETRICA ATUOU",FALTA DE AR COMPRIMIDO NO CABECOTE DA MAQUINA NAO ESTAVA PEGANDO AS GARRAFAS MANUTENCAO ELETRICA ATUOU,FALHA NO SISTEMA DE AR COMPRIMIDO,FALHA NO SISTEMA DE AR COMPRIMIDO,TRAIN
4366,REGULAGEM DA VALVULA DO AR PREVIO,REGULAGEM DA VALVULA DO AR PREVIO,SEM MODO DE FALHA IDENTIFICADO,SEM MODO DE FALHA IDENTIFICADO,TRAIN
4367,TROCA DA BORBOLETA NUMERO 55,TROCA DA BORBOLETA NUMERO 55,SEM MODO DE FALHA IDENTIFICADO,SEM MODO DE FALHA IDENTIFICADO,TRAIN
4368,QUEBRA DA ESTEIRA DO TRANSPORTE DE SAIDA DO TUNEL DE RETRAÇÃO,QUEBRA DA ESTEIRA DO TRANSPORTE DE SAIDA DO TUNEL DE RETRACAO,QUEBRA DE ESTEIRA,QUEBRA DE ESTEIRA,TRAIN
4369,"EXECESSO DE REJITO POR NITROGENIO BAIXO ,NECESARIO FAZER ALTERAÇAO NA RECIETA DE DOZAGEM",EXECESSO DE REJITO POR NITROGENIO BAIXO NECESARIO FAZER ALTERACAO NA RECIETA DE DOZAGEM,FALHA DE DOSAGEM DE NITROGÊNIO,FALHA DE DOSAGEM DE NITROGENIO,TRAIN
4370,PATINS VIRANDO PACOTES PARA A FORMAÇÃO DE CAMADA,PATINS VIRANDO PACOTES PARA A FORMACAO DE CAMADA,FALHA NA FORMAÇÃO DE CAMADA,FALHA NA FORMACAO DE CAMADA,TRAIN
4371,SAINDO PACOTES COM A JANELA ABERTA ALEATORIAMENTE,SAINDO PACOTES COM A JANELA ABERTA ALEATORIAMENTE,FALHA DE ENVOLVIMENTO,FALHA DE ENVOLVIMENTO,TEST
4372,TRANSPORTE DO ALINHADOR DA PRESSCO EM FALHA,TRANSPORTE DO ALINHADOR DA PRESSCO EM FALHA,FALHA DE TRANSPORTE,FALHA DE TRANSPORTE,TRAIN
4373,"FALHA DE VACUO, FALTA DE VENTOSAS",FALHA DE VACUO FALTA DE VENTOSAS,FALHA DE VÁCUO,FALHA DE VACUO,TRAIN
4374,"TRANSPORTE POS WARMER DERRUBANDO LATAS EM EXCESSO, GERANDO ESTOURO E ACUMULODE LATAS NO ALINHADOR",TRANSPORTE POS WARMER DERRUBANDO LATAS EM EXCESSO GERANDO ESTOURO E ACUMULODE LATAS NO ALINHADOR,QUEDA DE LATAS,QUEDA DE LATAS,TRAIN
4375,"EXCESSO DE FALHA DE ENCHIMENTO, GERANDO FALHA POR ACUMULO NO REJEITO",EXCESSO DE FALHA DE ENCHIMENTO GERANDO FALHA POR ACUMULO NO REJEITO,FALHA DE ENCHIMENTO,FALHA DE ENCHIMENTO,TRAIN
4376,FALHA TRANSPORTE ÁREA EXTERNA EM FRENTE A LAVADORA PARADOS,FALHA TRANSPORTE AREA EXTERNA EM FRENTE A LAVADORA PARADOS,PARADA DE TRANSPORTE,PARADA DE TRANSPORTE,TRAIN
4377,FALHA MOTOR 209 E 210 PARA ALINHADO LINATRONIC,FALHA MOTOR 209 E 210 PARA ALINHADO LINATRONIC,FALHA DE MOTOR,FALHA DE MOTOR,TEST
4378,"FALHA NO SENSOR DE GARRAFAS FALSAS , IMPOSSIBILITANDO PUXAR CIP",FALHA NO SENSOR DE GARRAFAS FALSAS IMPOSSIBILITANDO PUXAR CIP,FALHA DE SENSOR,FALHA DE SENSOR,TEST
4379,FALHA NA ENCHEDORA ANTES DO CIP,FALHA NA ENCHEDORA ANTES DO CIP,SEM MODO DE FALHA IDENTIFICADO,SEM MODO DE FALHA IDENTIFICADO,TRAIN
4380,FALHA NO CORTE DO FILME,FALHA NO CORTE DO FILME,FALHA DE CORTE DE FILME,FALHA DE CORTE DE FILME,TRAIN
4381,ESTEIRA PATINANDO ORDEM 30008863292,ESTEIRA PATINANDO ORDEM 30008863292,PATINAMENTO DE ESTEIRA,PATINAMENTO DE ESTEIRA,TRAIN
4382,ROLETE PATINANDO NA VIA DE ENTRADA DE PACOTE VI A2,ROLETE PATINANDO NA VIA DE ENTRADA DE PACOTE VI A2,PATINAMENTO DE ROLETE,PATINAMENTO DE ROLETE,TRAIN
4383,FALHA NO CORTE DO FILME ORDEM 30008863270,FALHA NO CORTE DO FILME ORDEM 30008863270,FALHA DE CORTE DE FILME,FALHA DE CORTE DE FILME,TEST
4384,"COLISÃO DO ROBO COM PALETE MONTADO , APÓS ISSO FALHAS NO PEGADOR DE CARTÃO",COLISAO DO ROBO COM PALETE MONTADO APOS ISSO FALHAS NO PEGADOR DE CARTAO,COLISÃO DO ROBÔ COM PALETE,COLISAO DO ROBO COM PALETE,TRAIN
4385,"COLISÃO DO ROBO COM PALETE MONTADO , FALHA NA GARRA DO ROBO AO DEPOSITAR PALETE NO TRANSPORTE",COLISAO DO ROBO COM PALETE MONTADO FALHA NA GARRA DO ROBO AO DEPOSITAR PALETE NO TRANSPORTE,FALHA NA GARRA DO ROBÔ,FALHA NA GARRA DO ROBO,TRAIN
4386,QUEDA DE GARRAFAS NO ALINHADOR DO DESCAPSULADOR E ENROSCO,QUEDA DE GARRAFAS NO ALINHADOR DO DESCAPSULADOR E ENROSCO,QUEDA DE GARRAFAS,QUEDA DE GARRAFAS,TRAIN
4387,FALHA NO INVERSOR,FALHA NO INVERSOR,FALHA DE INVERSOR,FALHA DE INVERSOR,TEST
4388,FALHA NO PLC TRASPORTE DESLIGADO ORDEM 30008866973,FALHA NO PLC TRASPORTE DESLIGADO ORDEM 30008866973,FALHA DE PLC,FALHA DE PLC,TRAIN
4389,"QUEBROU A CORREIA NO DESCAPSULADOR, FOI NECESSARIO FAZER A TROCA 30008864806",QUEBROU A CORREIA NO DESCAPSULADOR FOI NECESSARIO FAZER A TROCA 30008864806,QUEBRA DE CORREIA,QUEBRA DE CORREIA,TRAIN
4390,PARAFUSO ESPANOU NO TRANSPORTE 30008867087,PARAFUSO ESPANOU NO TRANSPORTE 30008867087,ESPANAMENTO DE PARAFUSO,ESPANAMENTO DE PARAFUSO,TRAIN
4391,FALHA DE ENCHIMENTO VALVULA N°51 E 81SAINDO LATAS VAZIAS,FALHA DE ENCHIMENTO VALVULA N 51 E 81SAINDO LATAS VAZIAS,FALHA DE VÁLVULA DE ENCHIMENTO,FALHA DE VALVULA DE ENCHIMENTO,TEST
4392,ACIONANDO ALARME DE REJEITO OBSTRUIDO ALEATORIAMENTE,ACIONANDO ALARME DE REJEITO OBSTRUIDO ALEATORIAMENTE,FALSO ALARME DE REJEITO OBSTRUÍDO,FALSO ALARME DE REJEITO OBSTRUIDO,TRAIN
4393,EQUIPAMENTO COM FALSO REJEITO DURANTE TESTE DE LATAS,EQUIPAMENTO COM FALSO REJEITO DURANTE TESTE DE LATAS,FALSO REJEITO,FALSO REJEITO,TRAIN
4394,FALHA DE ENCHIMENTO DE VALVULAS ALEATÓRIAS,FALHA DE ENCHIMENTO DE VALVULAS ALEATORIAS,FALHA DE ENCHIMENTO,FALHA DE ENCHIMENTO,TRAIN
4395,PALETE FORA DE POSIÇÃO,PALETE FORA DE POSICAO,DESALINHAMENTO DE PALETE,DESALINHAMENTO DE PALETE,TRAIN
4396,"QUEDA DE GARRAFAS NO RESFRIAMENTO DE FUNDO, OCASIONANDO FALHA DE MONITORAÇÃO E SUJEIRA NO FILTRO (NOTA : 30008867036 )",QUEDA DE GARRAFAS NO RESFRIAMENTO DE FUNDO OCASIONANDO FALHA DE MONITORACAO E SUJEIRA NO FILTRO NOTA 30008867036,QUEDA DE GARRAFAS,QUEDA DE GARRAFAS,TRAIN
4397,PISTAO DA CAPA CIP QUEBRADO,PISTAO DA CAPA CIP QUEBRADO,QUEBRA DE PISTÃO,QUEBRA DE PISTAO,TRAIN
4398,FILME ROMPEU NA SOLDAGEM DURANTE A TROCA DA BOBINA,FILME ROMPEU NA SOLDAGEM DURANTE A TROCA DA BOBINA,ROMPIMENTO DE FILME,ROMPIMENTO DE FILME,TRAIN
4399,REGULAGEM DA REGUA DE COMPREESSÃO ORDEM: 30008863696,REGULAGEM DA REGUA DE COMPREESSAO ORDEM 30008863696,SEM MODO DE FALHA IDENTIFICADO,SEM MODO DE FALHA IDENTIFICADO,TRAIN
4400,QUEBRA DA ESTEIRA DO TRANSPORTE DE PACOTES ORDEM 30008863699,QUEBRA DA ESTEIRA DO TRANSPORTE DE PACOTES ORDEM 30008863699,QUEBRA DE ESTEIRA,QUEBRA DE ESTEIRA,TRAIN
4401,QUEBRA DA ESTEIRA ORDEM 30008863704,QUEBRA DA ESTEIRA ORDEM 30008863704,QUEBRA DE ESTEIRA,QUEBRA DE ESTEIRA,TRAIN
4402,"ACUMULO DE PACOTES NOS ROLETES DE ENTRADA , OCASIONANDO ACUMULO E PROCEDIMENTO EM MANUAL",ACUMULO DE PACOTES NOS ROLETES DE ENTRADA OCASIONANDO ACUMULO E PROCEDIMENTO EM MANUAL,TRAVAMENTO DE TRANSPORTE,TRAVAMENTO DE TRANSPORTE,TRAIN
4403,SEM PARAFUSO NO SUPORTE DA TULIPA NUMERO 44E60,SEM PARAFUSO NO SUPORTE DA TULIPA NUMERO 44E60,AUSÊNCIA DE PARAFUSO DE FIXAÇÃO,AUSENCIA DE PARAFUSO DE FIXACAO,TRAIN
4404,"VELOCIDADE ABAIXO DEVIDO BEBIDA ESPUMANDO ,OCASIONANDO NÍVEL BAIXO(A INVESTIGAR,VELOCIDADE:14.500 GRFS HORA )",VELOCIDADE ABAIXO DEVIDO BEBIDA ESPUMANDO OCASIONANDO NIVEL BAIXO A INVESTIGAR VELOCIDADE 14 500 GRFS HORA,ESPUMAMENTO DA BEBIDA,ESPUMAMENTO DA BEBIDA,TRAIN
4405,PERDA DE REFERÊNCIA NO CORTE DE FILME,PERDA DE REFERENCIA NO CORTE DE FILME,PERDA DE REFERÊNCIA / HOME,PERDA DE REFERENCIA HOME,TRAIN
4406,SENSOR DE PARADA DE PALLET (SPOKER)FORA DE FOCO,SENSOR DE PARADA DE PALLET SPOKER FORA DE FOCO,FALHA DE SENSOR,FALHA DE SENSOR,TEST
4407,MAQUINA SE PERDEU APÓS TROCA DE FILME,MAQUINA SE PERDEU APOS TROCA DE FILME,PERDA DE REFERÊNCIA / HOME,PERDA DE REFERENCIA HOME,TEST
4408,VALVULA DO AR PREVIO,VALVULA DO AR PREVIO,SEM MODO DE FALHA IDENTIFICADO,SEM MODO DE FALHA IDENTIFICADO,TRAIN
4409,"CENTRADOR DIREITO FURANDO GARRAFAS, FEITO AJUSTE DE POSIÇÃO DE 40MM PARA 30MM. ORDEM-30008863503.",CENTRADOR DIREITO FURANDO GARRAFAS FEITO AJUSTE DE POSICAO DE 40MM PARA 30MM ORDEM 30008863503,DESALINHAMENTO DO CENTRADOR,DESALINHAMENTO DO CENTRADOR,TRAIN
4410,BASE SENSOR DE QUEDA DE GARRAFAS ALINHADOR PARA DESCAPSULADOR SOLTO,BASE SENSOR DE QUEDA DE GARRAFAS ALINHADOR PARA DESCAPSULADOR SOLTO,FALHA DE FIXAÇÃO DA BASE DO SENSOR,FALHA DE FIXACAO DA BASE DO SENSOR,TRAIN
4411,INSPETOR DE LÍQUIDO SAÍDA DESCAPSULADOR TIRANDO GARRAFAS BOAS,INSPETOR DE LIQUIDO SAIDA DESCAPSULADOR TIRANDO GARRAFAS BOAS,FALSO REJEITO,FALSO REJEITO,TRAIN
4412,CABEÇOTE DA ENCAIXOTADORA TORTO,CABECOTE DA ENCAIXOTADORA TORTO,DEFORMAÇÃO DO CABEÇOTE,DEFORMACAO DO CABECOTE,TRAIN
4414,TRAVAMENTO GARRAFA NA BANDEIROLA SAIDA DA LAVADORA,TRAVAMENTO GARRAFA NA BANDEIROLA SAIDA DA LAVADORA,ENROSCO DE GARRAFAS,ENROSCO DE GARRAFAS,TEST
4415,SENSOR DO CABEÇOTE FORMAÇÃO DE CAMADA REALINHADO,SENSOR DO CABECOTE FORMACAO DE CAMADA REALINHADO,FALHA DE SENSOR,FALHA DE SENSOR,TRAIN
4416,FALTA DO PARAFUSO DO SUPORTE DA TULIPA NUMERO 67,FALTA DO PARAFUSO DO SUPORTE DA TULIPA NUMERO 67,AUSÊNCIA DE PARAFUSO DE FIXAÇÃO,AUSENCIA DE PARAFUSO DE FIXACAO,TEST
4417,PEGADOR DE CHAPATEX SE PERDEU,PEGADOR DE CHAPATEX SE PERDEU,PERDA DE REFERÊNCIA DO PEGADOR DE CHAPATEX,PERDA DE REFERENCIA DO PEGADOR DE CHAPATEX,TRAIN
4418,"FREIO DE ENTRADA DE PACOTES NAO ESTÁ ATUANDO,GERANDO PARADAS",FREIO DE ENTRADA DE PACOTES NAO ESTA ATUANDO GERANDO PARADAS,FALHA DE FREIO,FALHA DE FREIO,TRAIN
4420,PALETE FORA DA POSIÇÃO/ROLETES TRAVANDO,PALETE FORA DA POSICAO ROLETES TRAVANDO,TRAVAMENTO DE ROLETES,TRAVAMENTO DE ROLETES,TRAIN
4421,FALHA NA DATADORA MARKEM IMAJE / FALHA DE CODIFICAÇÃO,FALHA NA DATADORA MARKEM IMAJE FALHA DE CODIFICACAO,FALHA DE CODIFICAÇÃO,FALHA DE CODIFICACAO,TRAIN
4422,"MOTOR PRINCIPAL EM FALHA, REALIZADA A TROCA DO DRIVE.",MOTOR PRINCIPAL EM FALHA REALIZADA A TROCA DO DRIVE,FALHA DE DRIVE,FALHA DE DRIVE,TRAIN
4423,MOTOR PRINCIPAL EM FALHA. REALIZADA A TROCA DO DRIVE,MOTOR PRINCIPAL EM FALHA REALIZADA A TROCA DO DRIVE,FALHA DE DRIVE,FALHA DE DRIVE,TRAIN
4424,"EQUIPAMENTO FORA DO PONTO DE ENTRADA , OCASIONANDO PARADAS NA MAQUINA",EQUIPAMENTO FORA DO PONTO DE ENTRADA OCASIONANDO PARADAS NA MAQUINA,FALHA DE SINCRONISMO,FALHA DE SINCRONISMO,TRAIN
4425,EXCESSO DE REJEITO E TRASPRTE DE ENTRADA PARADO POR FALHA ELETRICA ORDEM30008869936,EXCESSO DE REJEITO E TRASPRTE DE ENTRADA PARADO POR FALHA ELETRICA ORDEM30008869936,FALHA ELÉTRICA DO TRANSPORTE DE ENTRADA,FALHA ELETRICA DO TRANSPORTE DE ENTRADA,TRAIN
4426,ESTEIRA TRAVADA,ESTEIRA TRAVADA,TRAVAMENTO DE ESTEIRA,TRAVAMENTO DE ESTEIRA,TRAIN
4427,SENSOR DO CABEÇOTE FORMAÇÃO DE CAMADA REALINHADO NOTA 30008868732,SENSOR DO CABECOTE FORMACAO DE CAMADA REALINHADO NOTA 30008868732,FALHA DE SENSOR,FALHA DE SENSOR,TRAIN
4428,FALHA NO MOTOR 001,FALHA NO MOTOR 001,FALHA DE MOTOR,FALHA DE MOTOR,TRAIN
4429,SOLTOU PISTÃO DE TRAVAMENTO DE CAIXAS NA ENTRADA DA DESENCAIXOTADORA.NOTA 30008868905,SOLTOU PISTAO DE TRAVAMENTO DE CAIXAS NA ENTRADA DA DESENCAIXOTADORA NOTA 30008868905,DESPRENDIMENTO DO PISTÃO DE TRAVAMENTO,DESPRENDIMENTO DO PISTAO DE TRAVAMENTO,TRAIN
4430,"RECEITA DO PRODUTO, NÃO ESTAVA CARREGANDO, FOI AJUSTADO EM OUTRA RECEITA.",RECEITA DO PRODUTO NAO ESTAVA CARREGANDO FOI AJUSTADO EM OUTRA RECEITA,FALHA NO CARREGAMENTO DE RECEITA,FALHA NO CARREGAMENTO DE RECEITA,TRAIN
4431,FALLA NA SOLDA NA TROCA DA BOBINA,FALLA NA SOLDA NA TROCA DA BOBINA,FALHA DE SOLDA DE FILME,FALHA DE SOLDA DE FILME,TEST
4432,SENSOR FORA DO LUGAR,SENSOR FORA DO LUGAR,FALHA DE SENSOR,FALHA DE SENSOR,TRAIN
4433,"FALHA NA RECRAVAÇÃO,ENCHEDORA RODANDO COM VELOCIDADE REDUZIDA",FALHA NA RECRAVACAO ENCHEDORA RODANDO COM VELOCIDADE REDUZIDA,FALHA DE RECRAVAÇÃO,FALHA DE RECRAVACAO,TRAIN
4434,FALHA NA INSPEÇÃO DE LATAS,FALHA NA INSPECAO DE LATAS,FALHA DE INSPEÇÃO,FALHA DE INSPECAO,TRAIN
4435,"TRAVA DE SEGURANÇA DO PORTÃO DA PALETIZADORA,ACIONADA",TRAVA DE SEGURANCA DO PORTAO DA PALETIZADORA ACIONADA,FALHA DE SEGURANÇA,FALHA DE SEGURANCA,TRAIN
4436,FALHA NA ABERTURA DA GARRA NA ENTREGA DO PALLET,FALHA NA ABERTURA DA GARRA NA ENTREGA DO PALLET,FALHA NA ABERTURA DA GARRA,FALHA NA ABERTURA DA GARRA,TRAIN
4437,"FALSA RECRAVAÇÃO, ATUAÇÃO NO MANDRIL 5",FALSA RECRAVACAO ATUACAO NO MANDRIL 5,FALSA RECRAVAÇÃO,FALSA RECRAVACAO,TRAIN
4438,"FALHA DE ENCHIMENTO VALVULA N°51,52 E 81 - TROCA DO MEDIDOR DE VAZAO",FALHA DE ENCHIMENTO VALVULA N 51 52 E 81 TROCA DO MEDIDOR DE VAZAO,FALHA DE MEDIDOR DE VAZÃO,FALHA DE MEDIDOR DE VAZAO,TRAIN
4439,"FALHA DE ENCHIMENTO VALVULA N°51,52 E 81",FALHA DE ENCHIMENTO VALVULA N 51 52 E 81,FALHA DE VÁLVULA DE ENCHIMENTO,FALHA DE VALVULA DE ENCHIMENTO,TRAIN
4440,VELOCIDADE REDUZIDA DEVIDO A FALHA DE ENCHIMENTO VVALVULAS JAMPEADAS 52 E 81,VELOCIDADE REDUZIDA DEVIDO A FALHA DE ENCHIMENTO VVALVULAS JAMPEADAS 52 E 81,FALHA DE VÁLVULA DE ENCHIMENTO,FALHA DE VALVULA DE ENCHIMENTO,TEST
4441,TRANSPORTE DE SAIDA DA EMPACOTADORA EM FALHA,TRANSPORTE DE SAIDA DA EMPACOTADORA EM FALHA,FALHA DE TRANSPORTE,FALHA DE TRANSPORTE,TRAIN
4442,PATINS ENTREGANDO PACOTE ERRADO NO CANAL A,PATINS ENTREGANDO PACOTE ERRADO NO CANAL A,FALHA DE DIRECIONAMENTO DE PACOTES,FALHA DE DIRECIONAMENTO DE PACOTES,TRAIN
4444,FALHA NA LIBERAÇÃO DE TAMPAS,FALHA NA LIBERACAO DE TAMPAS,FALHA DE ALIMENTAÇÃO DE TAMPAS,FALHA DE ALIMENTACAO DE TAMPAS,TRAIN
4446,QUEBRA DO EIXO DA BANDEIROLA DA LAVADORA SENDO NECESSÁRIO SOLDAR,QUEBRA DO EIXO DA BANDEIROLA DA LAVADORA SENDO NECESSARIO SOLDAR,QUEBRA DE EIXO,QUEBRA DE EIXO,TEST
4447,"EIXO DA BANDEIROLA , TORTO , OCASIONANDO ENROSCOS NA SAIDA DA LAVADORA",EIXO DA BANDEIROLA TORTO OCASIONANDO ENROSCOS NA SAIDA DA LAVADORA,DEFORMAÇÃO DE EIXO,DEFORMACAO DE EIXO,TRAIN
4448,VALVULA 11 E 79 NÃO ESTAVAM ENCHENDO E SENSOR DE ENTRADA FORA DE POSIÇÃO 30008869982,VALVULA 11 E 79 NAO ESTAVAM ENCHENDO E SENSOR DE ENTRADA FORA DE POSICAO 30008869982,FALHA DE VÁLVULA DE ENCHIMENTO,FALHA DE VALVULA DE ENCHIMENTO,TEST
4449,GANCHOS DO ROBO NÃO ABREM QUANDO DEPOSITA PALETE NOVO NO TRANSPORTE,GANCHOS DO ROBO NAO ABREM QUANDO DEPOSITA PALETE NOVO NO TRANSPORTE,FALHA NA ABERTURA DOS GANCHOS DO ROBÔ,FALHA NA ABERTURA DOS GANCHOS DO ROBO,TRAIN
4451,FALHA NA RECRAVAÇÃO ENCHEDORA RODANDO COM VELOCIDADE REDUZIDA DEVIDO A FALHA NO INSPETOR E PASSAGEM DE LATA AMASSADA,FALHA NA RECRAVACAO ENCHEDORA RODANDO COM VELOCIDADE REDUZIDA DEVIDO A FALHA NO INSPETOR E PASSAGEM DE LATA AMASSADA,FALHA DE INSPEÇÃO,FALHA DE INSPECAO,TRAIN
4452,"FALHA ELETRICA,TRANSPORTE DESARMANDO",FALHA ELETRICA TRANSPORTE DESARMANDO,DESARME TRANSPORTE,DESARME TRANSPORTE,TRAIN
4453,FALHA NA APLICAÇÃO DO ROTULO NAS GARRAFAS,FALHA NA APLICACAO DO ROTULO NAS GARRAFAS,FALHA DE ROTULAGEM,FALHA DE ROTULAGEM,TEST
4454,CRASH DE GARRAFAS E EXCESSO DE FALSO REJEITO,CRASH DE GARRAFAS E EXCESSO DE FALSO REJEITO,CRASH DE GARRAFAS,CRASH DE GARRAFAS,TRAIN
4455,FALHA NA APLICAÇÃO DOS ROTULOS NA GARRAFAS,FALHA NA APLICACAO DOS ROTULOS NA GARRAFAS,FALHA DE ROTULAGEM,FALHA DE ROTULAGEM,TRAIN
4456,AJUSTE NO CILINDRO DA PINÇA,AJUSTE NO CILINDRO DA PINCA,FALHA DA PINÇA,FALHA DA PINCA,TRAIN
4457,CRASH DE GARRAFAS E EXCESSO DE FALSO REJEITO ( CORREIA INVERTIDA),CRASH DE GARRAFAS E EXCESSO DE FALSO REJEITO CORREIA INVERTIDA,MONTAGEM INCORRETA DE CORREIA,MONTAGEM INCORRETA DE CORREIA,TRAIN
4458,TANGENCIAMENTO FORA,TANGENCIAMENTO FORA,FALHA DE TANGENCIAMENTO,FALHA DE TANGENCIAMENTO,TRAIN
4459,FALHA NO TROCADOR DE CALOR,FALHA NO TROCADOR DE CALOR,FALHA NO TROCADOR DE CALOR,FALHA NO TROCADOR DE CALOR,TEST
4460,TRAVANDO GARRAFA SAIDA NA BANDEIROLA.,TRAVANDO GARRAFA SAIDA NA BANDEIROLA,ENROSCO DE GARRAFAS,ENROSCO DE GARRAFAS,TRAIN
4461,TRAVAMENTO DE GARRAFAS NA BANDEIROLA,TRAVAMENTO DE GARRAFAS NA BANDEIROLA,ENROSCO DE GARRAFAS,ENROSCO DE GARRAFAS,TRAIN
4462,"BUCHA DE ELEVÇÃO DO PISTÃO DANIFICADA ,VÁLVULA 55(GARRAFAS ENTRANDO TORTA E SAINDO VAZIA",BUCHA DE ELEVCAO DO PISTAO DANIFICADA VALVULA 55 GARRAFAS ENTRANDO TORTA E SAINDO VAZIA,DANIFICAÇÃO DA BUCHA DE ELEVAÇÃO DO PISTÃO,DANIFICACAO DA BUCHA DE ELEVACAO DO PISTAO,TRAIN
4463,QUEBRA DA ESTEIRA,QUEBRA DA ESTEIRA,QUEBRA DE ESTEIRA,QUEBRA DE ESTEIRA,TRAIN
4464,QUEBRA DA ESTEIRA DE TRANSPORTE,QUEBRA DA ESTEIRA DE TRANSPORTE,QUEBRA DE ESTEIRA,QUEBRA DE ESTEIRA,TRAIN
4465,CORREIA DOSADORA DE PACOTES COM FREIO DANIFICADO,CORREIA DOSADORA DE PACOTES COM FREIO DANIFICADO,FALHA DE FREIO,FALHA DE FREIO,TEST
4467,CORREIA DOSADORA DE PACOTES COM FREIO DANIFICADOS PACOTES NÃO ESTÃO PARANDO,CORREIA DOSADORA DE PACOTES COM FREIO DANIFICADOS PACOTES NAO ESTAO PARANDO,FALHA DE FREIO,FALHA DE FREIO,TRAIN
4468,CORREIA DOSADORA DE PACOTES COM FREIO DANIFICADOS PACOTES NÃO ESTÃO PARANDO,CORREIA DOSADORA DE PACOTES COM FREIO DANIFICADOS PACOTES NAO ESTAO PARANDO,FALHA DE FREIO,FALHA DE FREIO,TRAIN
4469,SENSOR DE LEITURA DO PALETE/SPOKER FORA DE FOCO,SENSOR DE LEITURA DO PALETE SPOKER FORA DE FOCO,FALHA DE SENSOR,FALHA DE SENSOR,TEST
4470,DESARME DE INVERSOR,DESARME DE INVERSOR,FALHA DE INVERSOR,FALHA DE INVERSOR,TRAIN
4471,TRANSPORTE POS WARMER DERRUBANDO LATAS EM EXCESO PARA O ALINHADOR GERANDO ACUMULO,TRANSPORTE POS WARMER DERRUBANDO LATAS EM EXCESO PARA O ALINHADOR GERANDO ACUMULO,QUEDA DE LATAS,QUEDA DE LATAS,TRAIN
4472,FALHA NA RETIRADA DE LATA FALSAS,FALHA NA RETIRADA DE LATA FALSAS,FALHA DE REJEIÇÃO,FALHA DE REJEICAO,TRAIN
4473,HEUFTH RETIRANDO LATAS NO ALVO NA PARTIDA,HEUFTH RETIRANDO LATAS NO ALVO NA PARTIDA,FALSO REJEITO,FALSO REJEITO,TEST
4474,TROCA DOS COMPONENTES ELETRONICOS VALVULAS Nº 52 E 40,TROCA DOS COMPONENTES ELETRONICOS VALVULAS N 52 E 40,FALHA VALVULA DE ENCHIMENTO,FALHA VALVULA DE ENCHIMENTO,TRAIN
4475,FALHA DE ENCHIMENTO NA VALVULA Nº52,FALHA DE ENCHIMENTO NA VALVULA N 52,FALHA DE VÁLVULA DE ENCHIMENTO,FALHA DE VALVULA DE ENCHIMENTO,TRAIN
4476,FALHA DE ENCHIMENTO,FALHA DE ENCHIMENTO,FALHA DE ENCHIMENTO,FALHA DE ENCHIMENTO,TRAIN
4477,"FALHA NO TROCADOR DE CALOR, OCASIONANDO FALTA DE BEBIDA NA ENCHEDORA",FALHA NO TROCADOR DE CALOR OCASIONANDO FALTA DE BEBIDA NA ENCHEDORA,FALHA NO TROCADOR DE CALOR,FALHA NO TROCADOR DE CALOR,TRAIN
4478,FALHA NO TROCADOR DE CALOR,FALHA NO TROCADOR DE CALOR,FALHA NO TROCADOR DE CALOR,FALHA NO TROCADOR DE CALOR,TEST
4479,"ENCHIMENTO DE 100% DO CARBONATADOR, GERANDOGAS BAIXO E LATAS VAZIASORDEM: 30008872877",ENCHIMENTO DE 100 DO CARBONATADOR GERANDOGAS BAIXO E LATAS VAZIASORDEM 30008872877,FALHA DE CONTROLE DE NÍVEL DO CARBONATADOR,FALHA DE CONTROLE DE NIVEL DO CARBONATADOR,TRAIN
