classification_original,classification_norm,frequency,dataset_share_percent,unique_observations,canonical_name_suggested,relation_type,parent_candidates,macro_area_suggested,system_suggested,component_suggested,failure_mechanism_suggested,example_1_2_3,canonical_name_validated,macro_area_validated,system_validated,component_validated,failure_mechanism_validated,validation_status,validation_notes
FALHA DE SENSOR,FALHA DE SENSOR,397,8.8616,346,FALHA DE SENSOR,CANONICAL_CANDIDATE,,AUTOMAÇÃO / INSTRUMENTAÇÃO,A VALIDAR,SENSOR,FALHA,"TRAVANDO AS VÁLVULA 41E 42 ,PROBLEMA DO SENSOR DO AR PREVIO. | ATUADOR DO SENSOR TRAVADO ORDEM: 30008223804 | FALHA NO SENSOR DA ASTE DE PEGADA DE CAMADAS ( 30008224330 )",,,,,,PENDENTE,
FALHA DE VÁLVULA DE ENCHIMENTO,FALHA DE VALVULA DE ENCHIMENTO,173,3.8616,138,FALHA DE VÁLVULA DE ENCHIMENTO,CANONICAL_CANDIDATE,FALHA DE ENCHIMENTO | FALHA DE VÁLVULA | FALHA NA VALVULA,PROCESSO / PRODUÇÃO,ENCHIMENTO,VÁLVULA DE ENCHIMENTO,FALHA,"FALHA NA VALVULA Nº27, SAINDO LATAS QUASE VAZIAS, FOI JAMPEADA ELETRONICAMENTE | VALVULA JAMPEADA FISICAMENTE N°36 COM 39, PULSO DA VALVULA 39 EM 365 | FALHA DE ENCHIMENTO, EXCESSO DE NIVEL BAIXO, VALVULA Nº39 QUE ESTÁ COM JAMPER COM A Nº36",,,,,,PENDENTE,
FALHA DE ENCHIMENTO,FALHA DE ENCHIMENTO,149,3.3259,107,FALHA DE ENCHIMENTO,CANONICAL_CANDIDATE,,PROCESSO / PRODUÇÃO,ENCHIMENTO,A VALIDAR,FALHA,"FALHA NO ENCHIMENTO, GARRAFA SAINDO VAZIA | FALHA DE ENCHIMENTO, EXCESSO DE NIVEL BAIXO | FALHA NO ENCHIMENTO ,DEVIDO AO ACERTO DA REGUA DA CABEÇA DA ENCHEDORA. 30008254083",,,,,,PENDENTE,
ESCAPE DE ESTEIRA,ESCAPE DE ESTEIRA,108,2.4107,80,ESCAPE DE ESTEIRA,CANONICAL_CANDIDATE,,MECÂNICA,TRANSPORTE,ESTEIRA,ESCAPE,ESTEIRA DA CURVA DE ENTRADA DA PALETIZADORA ESCAPANDO | NYLON DA ESTEIRA DO TRANSPORTE DE SAIDA DA LAVADORA SAIU FORA DE POSIÇÃO OCASIONADO QUEDA DE GARRAFAS NA SAIDA | ESCAPOU A ESTEIRA NA CURVA DA PALETIZADORA,,,,,,PENDENTE,
SEM MODO DE FALHA IDENTIFICADO,SEM MODO DE FALHA IDENTIFICADO,101,2.2545,94,SEM MODO DE FALHA IDENTIFICADO,CANONICAL_CANDIDATE,,A VALIDAR,A VALIDAR,A VALIDAR,SEM MODO IDENTIFICADO,"DUAS LATAS TESTE NAO SENDO REJEITADAS, FEITO AJUSTE PELA MANUTENÇÃO | AR PREVIO ACIONANDO 41 E 42 E ENCHENDO A CABEÇA SEMPRE QUE TEM ALGUMA PARADA DE LINHA, AJUSTE NIVEL DO RECIPIENTE 30008163048 | VALIDAÇÃO NA ESTRELA DE TRANSFERENCIA DE GARRAFA",,,,,,PENDENTE,
FALHA DE INVERSOR,FALHA DE INVERSOR,100,2.2321,82,FALHA DE INVERSOR,CANONICAL_CANDIDATE,,ELÉTRICA / ACIONAMENTO,ACIONAMENTO,INVERSOR,FALHA,FALHA NO INVERSOR 202 | FALHA NO INVERSOR 340 | FALHA NO INVERSOR DO MOTOR 311 ( ORDEM 30008235903 ),,,,,,PENDENTE,
FALHA DE INSPEÇÃO,FALHA DE INSPECAO,98,2.1875,77,FALHA DE INSPEÇÃO,CANONICAL_CANDIDATE,,AUTOMAÇÃO / INSTRUMENTAÇÃO,INSPEÇÃO,A VALIDAR,FALHA,FALHA NA LEITURA DO DENSIMETRO | CRASH NA SAIDA DO ASEBI | RECUPERAÇÃO DE ENVASE DEVIDO PARADA DO ENOS FALHA CRITICA RUIDO AUTO CANAL 1 ( 30008257602 ),,,,,,PENDENTE,
FALHA DE REJEIÇÃO,FALHA DE REJEICAO,93,2.0759,76,FALHA DE REJEIÇÃO,CANONICAL_CANDIDATE,,AUTOMAÇÃO / INSTRUMENTAÇÃO,INSPEÇÃO,A VALIDAR,FALHA,FALHA NO REJEITOR PUSHER ORDEM: 30008219061 | EXCESSO DE REJEITO OCASIONANDO QUEDA DE GARRAFAS | EXCESSO DE FALÇO REJEITO( EXPULSANDO GARRAFAS NOVAS),,,,,,PENDENTE,
QUEDA DE GARRAFAS,QUEDA DE GARRAFAS,88,1.9643,74,QUEDA DE GARRAFAS,CANONICAL_CANDIDATE,,A VALIDAR,A VALIDAR,GARRAFA,QUEDA,QUEDA DE GFS / SAIDA DOS PINO DE SEPARAÇÃO | QUEDA DE GFS NA SAIDA DOS PINO DE SEPARAÇÃO | QUEDA DE GFS NA MESA DE ENVOLVIMENTO,,,,,,PENDENTE,
QUEBRA DE ESTEIRA,QUEBRA DE ESTEIRA,84,1.875,64,QUEBRA DE ESTEIRA,CANONICAL_CANDIDATE,,MECÂNICA,TRANSPORTE,ESTEIRA,QUEBRA,"QUEBROU ESTEIRA NA ENTRADA DA LAVADORA DE CAIXAS, GERANDO ENROSCO DE CAIXAS ORDEM: 30008223803 | QUEBRA DA ESTEIRA | QUEBRA DA ESTEIRA DA CURVA ENTRADA PALETIZADORA ORDEM Nº 30008241836 NOTA 13129837",,,,,,PENDENTE,
FALHA DE MAGAZINE,FALHA DE MAGAZINE,76,1.6964,39,FALHA DE MAGAZINE,CANONICAL_CANDIDATE,,A VALIDAR,A VALIDAR,MAGAZINE,FALHA,"BARREIRA DE SEGURANÇA ACIONANDO COM A MAGAZINE DE PALLET VAZIO ENTRANDO | TROCANDO DE MAGAZINE DE CARTÃO TODO PALLET QUE SAI | PEDINDO TROCA DA MAGAZINE DE CARTÃO ASSIM QUE O PALLET SAI DO ELEVADOR, GERANDO PERDA DE REFERENCIA NAS DUAS MAGAZINE, ORDEM : 30008241789",,,,,,PENDENTE,
FALHA DE MOTOR,FALHA DE MOTOR,70,1.5625,63,FALHA DE MOTOR,CANONICAL_CANDIDATE,,ELÉTRICA / ACIONAMENTO,ACIONAMENTO,MOTOR,FALHA,"FALHA NO MOTOR DO TRANSPORTE DE PALETES | TROCA DO MOTOR DO TRANSPORTE DE PALLET | FALHA NO MOTOR DO TRANSPORTE DA PONTE DE VÁCUO ,A14 (ATERREMENTO) MOTOR TAG 202 - NOTA - (30008223823 )",,,,,,PENDENTE,
FALHA DE COMUNICAÇÃO,FALHA DE COMUNICACAO,69,1.5402,44,FALHA DE COMUNICAÇÃO,CANONICAL_CANDIDATE,,AUTOMAÇÃO / INSTRUMENTAÇÃO,AUTOMAÇÃO,A VALIDAR,FALHA,FALHA DE COMUNICAÇÃO DE REDE (30008221834) | FALHA DE COMUNICAÇÃO INVERSORES DA PORTAS DE SEGURANÇA (30008240250) | IHM COM FALHA DE COMUNICAÇÃO 30008241782,,,,,,PENDENTE,
FALHA DE ENVOLVIMENTO,FALHA DE ENVOLVIMENTO,67,1.4955,46,FALHA DE ENVOLVIMENTO,CANONICAL_CANDIDATE,,A VALIDAR,A VALIDAR,A VALIDAR,FALHA,FALHA NO EIXO DE ENVOLVIMENTO DO FILME | FALTANDO UMA FAIXA NA RAMPA DE SUBIDA DO FILME PARA ENVOLVIMENTO | PACOTE ABERTO POR CONTA DA CINTA DE ENVOLVIMENTO,,,,,,PENDENTE,
FALHA DE CODIFICAÇÃO,FALHA DE CODIFICACAO,66,1.4732,54,FALHA DE CODIFICAÇÃO,CANONICAL_CANDIDATE,,A VALIDAR,CODIFICAÇÃO,A VALIDAR,FALHA,FALHA NA IMPRESSÃO | FALHA TAMPA DA CABEÇA DE IMPRESSÃO ABERTA ORDEM: 30008229017 | FALHA NA CODIFICAÇAO,,,,,,PENDENTE,
ENROSCO DE TAMPAS,ENROSCO DE TAMPAS,62,1.3839,52,ENROSCO DE TAMPAS,CANONICAL_CANDIDATE,,EMBALAGEM / MOVIMENTAÇÃO,TAMPAMENTO,TAMPA,ENROSCO,"ENROSCO DE TAMPA NA CHAPA DE PASSAGEM PARA O TRANSPORTE DE ALIMENTAÇÃO | COLISÃO DO DEPOSITO DE TAMPAS COM O EMPURRADOR | COLISÃO DO DEPOSITO DE TAMPAS COM O EMPURRADOR, ORDEM : 30008256186",,,,,,PENDENTE,
FALHA DE PINÇA,FALHA DE PINCA,58,1.2946,44,FALHA DE PINÇA,CANONICAL_CANDIDATE,,A VALIDAR,ROBÓTICA / MANIPULAÇÃO,PINÇA,FALHA,"FALHA NAS PINÇA MOTORIZADAS DA PALETIZADORA DURANTE FORMAÇÃO DE CAMADAS | LIMPEZA AUTOMATICA DAS PINÇAS | PINÇA DAS ESTRELAS DE PASSAGEM DANIFICADAS, DEIXANDO CAIR GARRAFA E GERANDO PARADA.",,,,,,PENDENTE,
FALHA DE SINCRONISMO,FALHA DE SINCRONISMO,58,1.2946,48,FALHA DE SINCRONISMO,CANONICAL_CANDIDATE,,A VALIDAR,A VALIDAR,A VALIDAR,FALHA,"ENCHEDORA FORA DE SINCRONISMO.ORDEM- 30008265280. | RINSER FORA DE SINCRONISMO. ORDEM- 30008272278 | TRAVAMENTO NA ENTRADA ENTRE O CARACOL E A ESTRELA DE ENTRADA ,TIRANDO FORA DE SINCRONISMO ,GUIAS DE ENTRADA SOLTO .ORDEM.30008274680",,,,,,PENDENTE,
FALHA DE CORTE DE FILME,FALHA DE CORTE DE FILME,57,1.2723,47,FALHA DE CORTE DE FILME,CANONICAL_CANDIDATE,,EMBALAGEM / MOVIMENTAÇÃO,EMPACOTAMENTO,FILME,FALHA,"FALHA NA PINÇA DO CORTE DO FILME STRECH | FALHA NO CORTE DO FILME | FIO DO CORTE DE FILME DA ENVOLVEDORA ARREMENTOU, CORTE DO FILME FEITO MANUALMENTE - ORDEM: 30008270452",,,,,,PENDENTE,
FALHA DE VÁLVULA,FALHA DE VALVULA,54,1.2054,49,FALHA DE VÁLVULA,CANONICAL_CANDIDATE,,A VALIDAR,A VALIDAR,VÁLVULA,FALHA,GFS AMASSADAS / QUEDA NA SAIDA DA ENCHEDORA / VALVULAS Nº 09 E 25 | TROCA DA VALVULA NUMERO 39 (30008265435 | QUEBRA DA VÁLVULA DE PRESSÃO DO SEGURADOR DE CAIXAS. (30008275548),,,,,,PENDENTE,
ENROSCO DE PACOTES,ENROSCO DE PACOTES,50,1.1161,33,ENROSCO DE PACOTES,CANONICAL_CANDIDATE,,EMBALAGEM / MOVIMENTAÇÃO,EMPACOTAMENTO,PACOTE,ENROSCO,"ENROSCO DE PACOTES NO DESAISER ( ENTRADA DE PACOTES) | ENROSCO DE PACOTES NO DEVAICER,( CANAL C ) | ENROSCO DE PACOTES NOS GUIA DOS CANAIS DE ENTRADA,DA AREA DE FORMAÇÃO DE CAMADA",,,,,,PENDENTE,
FALHA DE RECRAVAÇÃO,FALHA DE RECRAVACAO,46,1.0268,35,FALHA DE RECRAVAÇÃO,CANONICAL_CANDIDATE,,A VALIDAR,A VALIDAR,A VALIDAR,FALHA,MAGAZINE DE TAMPAS/ PASSOU PAPAEL PARA A CASCATA DE ALIMENTAÇÃO DA RECRAVADORA (FACA RUIM) | PRESSAO DAS MOLAS DURANTE RECRAVAÇÃO (30008351871) | INVESTIGAÇÃO NA RECRAVADORA (AMASSANDO LATAS) 30008360255,,,,,,PENDENTE,
FALHA DE ROLETES,FALHA DE ROLETES,46,1.0268,40,FALHA DE ROLETES,CANONICAL_CANDIDATE,,A VALIDAR,A VALIDAR,A VALIDAR,FALHA,CRASH DOS ROLETES DO DEVISER | ROLETES APÓS MESA GIRATÓRIA DESARMANDO | ROLETES APÓS MESA GIRATÓRIA DESARMANDO 30008227055,,,,,,PENDENTE,
TRAVAMENTO DE SEGMENTOS,TRAVAMENTO DE SEGMENTOS,46,1.0268,33,TRAVAMENTO DE SEGMENTOS,CANONICAL_CANDIDATE,,A VALIDAR,A VALIDAR,A VALIDAR,TRAVAMENTO,TRAVAMENTO NO SEGMENTO DE GARRAFAS NO REJEITOR EBS | TRAVAMENTO DO SEGMENTOS DE GARRAFA NO REJEITOR EBS | TRAVAMENTO DO SEGMENTO DE GARRAFAS NO REJEITOR EBS,,,,,,PENDENTE,
ENROSCO DE GARRAFAS,ENROSCO DE GARRAFAS,45,1.0045,33,ENROSCO DE GARRAFAS,CANONICAL_CANDIDATE,,A VALIDAR,A VALIDAR,GARRAFA,ENROSCO,"VELOCIDADE REDUZIDA , RODANDO A 33K, DEVIDO CRASH NA ENCHEDORA | CRASH NA SAIDA DA ENCHEDORA , ASSIM QUE LIGASSE A MAQUINA ELE JA DAVA O CRASH | VELOCIDADE ABAIXO DA NOMINAL DEVIDO CRASH NA ENCHEDORA",,,,,,PENDENTE,
FALHA DE FORMAÇÃO DE CAMADA,FALHA DE FORMACAO DE CAMADA,44,0.9821,37,FALHA DE FORMAÇÃO DE CAMADA,CANONICAL_CANDIDATE,,A VALIDAR,A VALIDAR,A VALIDAR,FALHA,"FALHA NA FORMAÇÃO DE CAMADA | FALHA NA FORMAÇÃO DER CAMADA ORDEM30008235832 | MANGUEIRA DO CENTRADOR DE PACOTES DANIFICADA, OCASIONANDO EM MÁ FORMAÇÃO DE CAMADAS",,,,,,PENDENTE,
FALHA DE SOLDA DE FILME,FALHA DE SOLDA DE FILME,43,0.9598,38,FALHA DE SOLDA DE FILME,CANONICAL_CANDIDATE,,EMBALAGEM / MOVIMENTAÇÃO,EMPACOTAMENTO,FILME,FALHA,"TEFLON DESCOLANDO, FEITO A SOLDA AUTOMATICA E O FILME ROMPEU NA SOLDA | CABO DE ALIMENTAÇÃO DA RESISTENCIA SOLTO, OCASIONANDO FALHA NA SOLDAGEM DE FILME A EMPACOTADORA | EMPACOTADORA AO FAZER A TROCA DA BOBINA NÃO SOLDA O FILME - ORDEM 30008300134",,,,,,PENDENTE,
FALHA DE BARREIRA,FALHA DE BARREIRA,41,0.9152,33,FALHA DE BARREIRA,CANONICAL_CANDIDATE,,A VALIDAR,A VALIDAR,A VALIDAR,FALHA,FALHA DE BARREIRA NO TRANSPORTE DE PALETES | FALHA DE BARREIRA NA SAIDA DE PALETES VAZIOS ( ORDEM - 30008260816 ) | FALHA DE BARREIRA SAIDA DE PALETES,,,,,,PENDENTE,
FALHA DE ESTEIRA,FALHA DE ESTEIRA,36,0.8036,33,FALHA DE ESTEIRA,CANONICAL_CANDIDATE,,MECÂNICA,TRANSPORTE,ESTEIRA,FALHA,TROCA DA ESTEIRA DE REJEITO (ESTEIRA NOVA NÃO PERMITIA SICRONISMO) | TROCA DA ESTEIRA DE REJEITO (ESTEIRA NOVA NÃO PERMITIA SICROMISMO) | ESTEIRA DERRUBANDO LATAS E PASSANDO SEM CODIFICAÇÃO 30008262675,,,,,,PENDENTE,
QUEDA DE LATAS,QUEDA DE LATAS,34,0.7589,29,QUEDA DE LATAS,CANONICAL_CANDIDATE,,A VALIDAR,A VALIDAR,LATA,QUEDA,"CHAPA DE PASSAGEM COM DESGASTE DERRUBANDO LATAS | QUEDA DE LATAS NA TRANSFERENCIA PARA A MESA DE ARRASTE | QUEDA DE LATAS NA TRANSFERENCIA, ORDEM : 30008244580",,,,,,PENDENTE,
FALHA DE ELEVADOR,FALHA DE ELEVADOR,32,0.7143,23,FALHA DE ELEVADOR,CANONICAL_CANDIDATE,,MECÂNICA,TRANSPORTE,ELEVADOR,FALHA,FALHA NO ELEVADOR DE CHAPATEX | FALHA NA SUBIDA DO ELEVADOR DE CHAPATEX | FALHA NA SUBIDA DO ELEVADOR DE CHAPATEX 30008241795,,,,,,PENDENTE,
DESARME DE MOTOR,DESARME DE MOTOR,29,0.6473,25,DESARME DE MOTOR,CANONICAL_CANDIDATE,,ELÉTRICA / ACIONAMENTO,ACIONAMENTO,MOTOR,DESARME,TRANSPORTE DE CAIXAS NA ENTRADA DA PALETIZADORA DESARMOU MOTOR 331 ORDEM: 30008229014 | MOTOR 311 DESARMOU (30008235552 ) | DESARME DO MOTOR TRANSPORTE DE CAIXAS NA LAVADORA DE CAIXAS,,,,,,PENDENTE,
FALHA DE ROBÔ,FALHA DE ROBO,29,0.6473,22,FALHA DE ROBÔ,CANONICAL_CANDIDATE,,A VALIDAR,ROBÓTICA / MANIPULAÇÃO,ROBÔ,FALHA,"ROBO COM TREPIDAÇÃO/ QUEDA DE PACOTE SOBRE A MESA DE CARGA NOTA ( 30008356563) | ROBO COM TREPIDAÇÃO/ QUEDA DE PACOTE SOBRE A MESA DE CARGA | VELOCIDADE REDUZIDA POR TREPIDAÇÃO DO ROBO, ORDEM : 30008369448",,,,,,PENDENTE,
FALHA DE SERVO MOTOR,FALHA DE SERVO MOTOR,29,0.6473,24,FALHA DE SERVO MOTOR,CANONICAL_CANDIDATE,FALHA DE MOTOR,ELÉTRICA / ACIONAMENTO,ACIONAMENTO,SERVO MOTOR,FALHA,FALHA ELÉTRICA DEVIDO CABO DE ALIMENTAÇÃO DO SERVO MOTOR DA GAIOLA ROMPIDO | MOTOR COM FALHA NO SERVO DO ALIMENTADOR 1 | MOTOR DE TRANSPORTE EMBORRACHADO COM FALHA NO SERVO DO ALIMENTADOR 1,,,,,,PENDENTE,
ROMPIMENTO DE FILME,ROMPIMENTO DE FILME,29,0.6473,22,ROMPIMENTO DE FILME,CANONICAL_CANDIDATE,,EMBALAGEM / MOVIMENTAÇÃO,EMPACOTAMENTO,FILME,ROMPIMENTO,"FILME ROMPENDO DURANTE ENVOLVIMENTO/ NECESSÁRIO COLOCAR CALÇO NA BOBINA, APÓS ESTA AÇÃO NÃO HOUVE MAIS ROMPIMENTO. ( NOTA - 13123569 ) | FALHA NA SINCRONIZAÇÃO DO FILME E ESTOURO DO FILME NO MEIO DA PRODUÇÃO | FALHA DE SINCRONISMO E ESTOURANDO O FILME",,,,,,PENDENTE,
ENROSCO DE LATAS,ENROSCO DE LATAS,28,0.625,22,ENROSCO DE LATAS,CANONICAL_CANDIDATE,,A VALIDAR,A VALIDAR,LATA,ENROSCO,"ENROSCO DE PACOTES E ESTOURO DE LATAS NO CANL C DO DEVAISER | ENROSCO DE PACOTE NO DOSADOR DO TRANSPORTE DE ENTRADA,CAUSANDO ESTOURO DE LATA E ERRO NA FORMAÇÃO DA CAMADA ORDEM -(30008251454 ) | RETIRADA DA ESTRELA DE SAIDA,DEVIDO A ENROSCO DE LATA 30008272324",,,,,,PENDENTE,
FALHA DE FIXAÇÃO,FALHA DE FIXACAO,28,0.625,28,FALHA DE FIXAÇÃO,CANONICAL_CANDIDATE,,A VALIDAR,A VALIDAR,A VALIDAR,FALHA,"PARAFUSO DA TAMPA DA CANALETADE DESCIDA SOLTO, OCASIONANDO ENTRADA DE 2 TAMPAS NO CANAL . OBS ORDEM ;30008229769 | QUEDA DO PARAFUSO DO STOPER DE CAIXAS 30008229600 | PARAFUSO DO SUPORTE DO CONTRA PINO SOLTOU 30008235634",,,,,,PENDENTE,
FALHA DE PEGADOR,FALHA DE PEGADOR,27,0.6027,25,FALHA DE PEGADOR,CANONICAL_CANDIDATE,,A VALIDAR,ROBÓTICA / MANIPULAÇÃO,PEGADOR,FALHA,"PEGADOR DE CHAPATEX TRAVADO DEPOIS DE TER FEITO A TROCA DO MAGAZINE DE CHATEX, FEITO O RESET NO DRIVE | FALHA NA PEGA DE GARRAFAS , | GFS COM FINISH DANIFICADO ( PEGADOR)",,,,,,PENDENTE,
FALHA NO MANUSEIO DE CARTÃO,FALHA NO MANUSEIO DE CARTAO,27,0.6027,18,FALHA NO MANUSEIO DE CARTÃO,CANONICAL_CANDIDATE,,A VALIDAR,A VALIDAR,A VALIDAR,FALHA,FALHA NA RETIRADA DO CARTAO DE CAMADAS | GERANDO FALHA NO REMOVEDOR DE CARTÃO 30008334982 | REMOVEDOR DE CARTÃO BLOQUEDO.,,,,,,PENDENTE,
QUEBRA DE COMPONENTE,QUEBRA DE COMPONENTE,25,0.558,22,QUEBRA DE COMPONENTE,CANONICAL_CANDIDATE,,A VALIDAR,A VALIDAR,A VALIDAR,QUEBRA,"REALIZADA A TROCA DA PEÇA “BINÓCULO” DA ENCHEDORA DEVIDO À QUEBRA - ORDEM 30008310668 | ROMPEU O REPARO DE ENTRADA DE AGUA PARA TANQUES DE SODA ORDEM: 30008322194 | MALHA DANIFICADA, OCASIONANDO A QUEBRA LACRE DE TAMPA, FOI REALIZADO A TROCA DE MALHA ORDEM: 30008337101",,,,,,PENDENTE,
FALHA DE VENTOSA,FALHA DE VENTOSA,24,0.5357,19,FALHA DE VENTOSA,CANONICAL_CANDIDATE,,A VALIDAR,ROBÓTICA / MANIPULAÇÃO,VENTOSA,FALHA,TROCA DE VENTOSA | ROSCA DA VENTOSA ESPANADA CAUSANDO FALHA DE VACUO (30008290089) | VENTOSA SEGURANDO PACOTES ORDEM 30008324386,,,,,,PENDENTE,
DESARME DE TRANSPORTE,DESARME DE TRANSPORTE,23,0.5134,17,DESARME DE TRANSPORTE,CANONICAL_CANDIDATE,,A VALIDAR,TRANSPORTE,A VALIDAR,DESARME,"DESARME DO TRANSPORTE DA MESA DE VACUO, ORDEM : 30008219055 | DESARME DO TRANSPORTE CENTRAL DE PALLET | FALHA TRANSPORTE NA SAIDSA DA DESENCAIXATADORA DESARMOU 30008283967",,,,,,PENDENTE,
FALHA DE ALIMENTAÇÃO DE TAMPAS,FALHA DE ALIMENTACAO DE TAMPAS,22,0.4911,21,FALHA DE ALIMENTAÇÃO DE TAMPAS,CANONICAL_CANDIDATE,FALHA DE ALIMENTAÇÃO,EMBALAGEM / MOVIMENTAÇÃO,TAMPAMENTO,TAMPA,FALHA,"FALTA DE TAMPA NA TOLVA / VIBRADOR EM FALHA | FALTA DE TAMPA NA TOLVA/ VIBRADOR EM FALHA | SAINDO GARRAFAS SEM TAMPAS, QUEDA NA MESA DE ARRASTE DA EMPACOTADORA",,,,,,PENDENTE,
FALHA DE DESCAPSULAMENTO,FALHA DE DESCAPSULAMENTO,22,0.4911,21,FALHA DE DESCAPSULAMENTO,CANONICAL_CANDIDATE,,A VALIDAR,A VALIDAR,A VALIDAR,FALHA,FALHA NA CHAVE DE SEGURANÇA DO DESCAPSULADOR | HASTE QUE TIRA TAMPAS SAPATA DO DESCAPSULADOR FORA DO LUGAR | FALHA NA DESCAPSULAGEM DAS GARRAFAS( REPOSIÇÃO DA PASTILHA NA PINÇA,,,,,,PENDENTE,
FALHA DE BOMBA,FALHA DE BOMBA,21,0.4688,19,FALHA DE BOMBA,CANONICAL_CANDIDATE,,A VALIDAR,A VALIDAR,BOMBA,FALHA,FALHA NA BOMBA DE AQUECIMENTO 01 | FALHA NA BOMBA DE RECICURLAÇÃO DO TANQUE N°1 DO WARMER | MANUTENÇÃO NA BOMBA DO TANQUE N°1 DO WARMER,,,,,,PENDENTE,
QUEBRA DE CORREIA,QUEBRA DE CORREIA,21,0.4688,20,QUEBRA DE CORREIA,CANONICAL_CANDIDATE,,MECÂNICA,A VALIDAR,CORREIA,QUEBRA,QUEBRA DE CORREIA DO CARACOL DE ENTRADA DE GARRAFAS | QUEBRA DA CORREIA DO CARACOL DE ENTRADA DE GARRAFAS. | QUEBRA DA CORREIA 30008319806,,,,,,PENDENTE,
FALHA DE CONTROLE DE PROCESSO,FALHA DE CONTROLE DE PROCESSO,20,0.4464,18,FALHA DE CONTROLE DE PROCESSO,CANONICAL_CANDIDATE,,A VALIDAR,A VALIDAR,A VALIDAR,FALHA,"FALHA PRECAUÇÃO DE TRF REDOX BAIXO ORDEM: 30008272280 | CRITICO CANAL 1 | FALHA AUTOCALIBRAÇÃO, DEVIDO O CANAL 2 (OZONIO) ESTAVA BAIXO",,,,,,PENDENTE,
FALHA DE CONTROLE DE TEMPERATURA,FALHA DE CONTROLE DE TEMPERATURA,20,0.4464,17,FALHA DE CONTROLE DE TEMPERATURA,CANONICAL_CANDIDATE,,A VALIDAR,A VALIDAR,A VALIDAR,FALHA,"PACOTE ABERTO TEMPERATURA DO FORNO AUXILANDO | FALHA NA TEMPERATURA | TEMPERATURA ELEVADA, ENCHEDORA NÃO ATINGE O NOMINAL DA LINHA / 30008370911",,,,,,PENDENTE,
FALHA DE ROTULAGEM,FALHA DE ROTULAGEM,20,0.4464,18,FALHA DE ROTULAGEM,CANONICAL_CANDIDATE,,EMBALAGEM / MOVIMENTAÇÃO,ROTULAGEM,RÓTULO,FALHA,AJUSTE NO SINCRONISMO DA ESTRELA DE TRANSFERENCIA ROTULADORA/ENCHEDORA NOTA N°30008248232 | FALHA NA TROCA DE ROTULOS PARA ESPONJA TROCA DE HASTE 30008367061 | FALHA AUTOMAÇÃO NO TRANSPORTE NA ENTRADA DA ROTULADORA,,,,,,PENDENTE,
FALHA NA TROCA DE PALETE DE CARTÃO,FALHA NA TROCA DE PALETE DE CARTAO,20,0.4464,14,FALHA NA TROCA DE PALETE DE CARTÃO,CANONICAL_CANDIDATE,,EMBALAGEM / MOVIMENTAÇÃO,PALETIZAÇÃO,PALETE,FALHA,ALHA NA TROCA DE PALETES DE CARTÃO CHEIO (30008241935) | FALHA NA TROCA AUTOMATICA DO PALETE DE CARTÃO (3000826371) | FALHA NA TROCA DO PALLET DE CARTÃO EM MODO AUTOMATICO,,,,,,PENDENTE,
TRAVAMENTO DE ESTEIRA,TRAVAMENTO DE ESTEIRA,20,0.4464,19,TRAVAMENTO DE ESTEIRA,CANONICAL_CANDIDATE,,MECÂNICA,TRANSPORTE,ESTEIRA,TRAVAMENTO,"NYLON DANIFICADO, OCASIONANDO TRAVAMENTO NA ESTEIRA NO TRANSPORTE DE CAIXAS NA EN TRADA PALETIZADORA 30008231459 | ELO DA ESTEIRA TORTO,CAUSANDO TRAVAMENTO 30008241854 | TRAVAMENTO DE TRANSPORTE ESTEIRA ANTIGO VISOR",,,,,,PENDENTE,
FALHA DE GUIA,FALHA DE GUIA,19,0.4241,18,FALHA DE GUIA,CANONICAL_CANDIDATE,,A VALIDAR,A VALIDAR,A VALIDAR,FALHA,"FURANDO GARRAFAS NO GUIA DE PASSAGEM DE GARRAFAS , NOTA 30008239238 | TROCA DOS MANIPULOS DAS GUIAS LATERAIS (ORDEM 30008246884) | SOLDA GUIA / GRELHA GARRAFAS",,,,,,PENDENTE,
FALHA NA PEGADA DE CAMADA,FALHA NA PEGADA DE CAMADA,19,0.4241,12,FALHA NA PEGADA DE CAMADA,CANONICAL_CANDIDATE,,A VALIDAR,A VALIDAR,A VALIDAR,FALHA,"PALETIZADORA PEGANDO CAIXA A MENOS | FALHA NA PEGA DE CAMADA | FALHA NA PEGA DE CAMADA, DEIXA PACOTE PRA CIMA NA CAMADA, GERANDO QUEDA DE PACOTES NO PALLET",,,,,,PENDENTE,
PATINAGEM DE ESTEIRA,PATINAGEM DE ESTEIRA,19,0.4241,16,PATINAGEM DE ESTEIRA,CANONICAL_CANDIDATE,,MECÂNICA,TRANSPORTE,ESTEIRA,PATINAGEM,"QUEDA DE GARRAFA NA REGUA DE ARRASTE ESTEIRA PATINANDO | MANGUEIRA DE AGUA LIGADA PARA EVITAR ENROSCO DO PATINS DO DEVEICER,MOLHANDO A LONA DOSADOR DO TRANSPORTE DE ENTRADA | ESTEIRA DA REGUA DE ARRASTE PATINANDO CAUSANDO QUEDA DE GARRAFA",,,,,,PENDENTE,
TRAVAMENTO DE TRANSPORTE,TRAVAMENTO DE TRANSPORTE,19,0.4241,18,TRAVAMENTO DE TRANSPORTE,CANONICAL_CANDIDATE,,A VALIDAR,TRANSPORTE,A VALIDAR,TRAVAMENTO,"TRAVAMENTO DO TRANSPORTE CURVA DE ENTRADA DE CAIXAS PARA PALETIZADORA ORDEM: 300082226647 | TRANSPORTE NA SAIDA DA ENVOLVEDORA TRAVANDO - ORDEM: 13123991 | TRANSPORTE FALHANDO DURANTE O PERCURSO, OCASIONANDO O TRAVAMENTO DOS PALETES.",,,,,,PENDENTE,
VAZAMENTO EM VÁLVULA,VAZAMENTO EM VALVULA,19,0.4241,18,VAZAMENTO EM VÁLVULA,CANONICAL_CANDIDATE,,A VALIDAR,A VALIDAR,VÁLVULA,VAZAMENTO,VAZAMENTO DE AR NO BLOCO DA VALVULA 75 E 113 - ORDEM: 30008224807 | VAZMENTO DE BEBIDA NA VALVULA VEP 04 (TROCA DO RETENTOR ) | VAZAMENTO NO BLOCO DE ELEVAÇÃO DA VALVULA 53. ORDEM- 30008272102,,,,,,PENDENTE,
ESPUMAMENTO DE BEBIDA,ESPUMAMENTO DE BEBIDA,18,0.4018,16,ESPUMAMENTO DE BEBIDA,CANONICAL_CANDIDATE,,PROCESSO / PRODUÇÃO,A VALIDAR,A VALIDAR,A VALIDAR,"BEBIDA ESPUMANDO, FEITO ALTERAÇÕES NOS PARAMETROS DE ENCHIMENTO E NA PRESSÃO DO TANQUE CARBO. ORDEM- 30008272308 | BEBIDA ESPUMANDO, OCASIONANDO EM EXCESSO DE NIVEL BAIXO DURANTE O ENCHIMENTO 30008272708 | BEBIDA ESPUMANDO (ORDEM: 30008294289)",,,,,,PENDENTE,
FALHA DE IHM,FALHA DE IHM,18,0.4018,18,FALHA DE IHM,CANONICAL_CANDIDATE,,AUTOMAÇÃO / INSTRUMENTAÇÃO,AUTOMAÇÃO,IHM,FALHA,"BOTÃO DE RESET DO IHM DE MAGAZINE DE PALETES ESTAVA COM O CABO SOLTO, IMPOSSIBILITANDO REALIZAR O RESET DA MAQUINA. | PAINÉL IHM DESARMADO | FIO SOLTO DENTRO DO IHM DA PALETIZADORA, PAINEL DESLIGADO E MAQUINA PARADA",,,,,,PENDENTE,
FALHA DE TAMPAMENTO,FALHA DE TAMPAMENTO,18,0.4018,18,FALHA DE TAMPAMENTO,CANONICAL_CANDIDATE,,EMBALAGEM / MOVIMENTAÇÃO,TAMPAMENTO,TAMPA,FALHA,TROCA DO ANEL E DAS ESFERA DO BOCAL Nº08 ORDEM 30008296097 | TROCA DO BOCAL 9 30008316202 | FALHA TAMPA NA ESTRELA DO CAPSULADOR,,,,,,PENDENTE,
FALHA DE VÁLVULA MODULADORA,FALHA DE VALVULA MODULADORA,18,0.4018,17,FALHA DE VÁLVULA MODULADORA,CANONICAL_CANDIDATE,FALHA DE VÁLVULA | FALHA NA VALVULA,A VALIDAR,A VALIDAR,VÁLVULA MODULADORA,FALHA,"FALHA NA VALVULA MODULADORA DE CO2 NOTA ( 3008219166) | FALHA NA VALVULA MODULADORA DE CO2, ORDEM:( 30008221782). | FALHA NA VALVULA MODULARADORA DE CO2 ( ORDEM - 30008260814)",,,,,,PENDENTE,
TRAVAMENTO DE VÁLVULA,TRAVAMENTO DE VALVULA,18,0.4018,16,TRAVAMENTO DE VÁLVULA,CANONICAL_CANDIDATE,,A VALIDAR,A VALIDAR,VÁLVULA,TRAVAMENTO,"VALVULA DE AGUA TRAVOU ABERTA, OCORRENDO TRANSBORDO DO TANQUE | SNIFER DA VÁLVULA 57 TRAVADO FOI RETIRADA PARA REPARO | VÁLVULA TRAVANDO ,OCASIONANDO QUEDAS DE GARRAFAS.ORDEM..3000836977",,,,,,PENDENTE,
FALHA DE TRANSPORTE,FALHA DE TRANSPORTE,17,0.3795,14,FALHA DE TRANSPORTE,CANONICAL_CANDIDATE,,A VALIDAR,TRANSPORTE,A VALIDAR,FALHA,FALHA TRANSPORTE NO ALINHADOR DO LINATRONIC ORDEM 30008233631 | TRANSPORTE EM FALHA | TRANSPOTE EM FALHA,,,,,,PENDENTE,
ENROSCO DE RÓTULOS,ENROSCO DE ROTULOS,16,0.3571,12,ENROSCO DE RÓTULOS,CANONICAL_CANDIDATE,,EMBALAGEM / MOVIMENTAÇÃO,ROTULAGEM,RÓTULO,ENROSCO,"ENROSCO DE ROTULO ( CASTELO DANIFICADO ) | ENROSCO DE ROTULO | ENROSCO DE ROTULOS DO AGREGADO 1, AS ESPONJAS ANTIGAS NÃO ESTAVA ABSORVENDO A AGUA, FOI NECESSARIO AUMENTAR UM VOLUME DA AGUA",,,,,,PENDENTE,
FALHA DE AUTOMAÇÃO,FALHA DE AUTOMACAO,16,0.3571,15,FALHA DE AUTOMAÇÃO,CANONICAL_CANDIDATE,,A VALIDAR,A VALIDAR,A VALIDAR,FALHA,"FALHA NO CICLO DE FUNCIONAMENTO DO EMPURRADOR - OREDEM: 30008240159 | CONFLITO NA AUTOMAÇÃO NOTA 30008257507 | DESPAL NAO QUERIA EXECUTAR O CICLO AUTOMATICO DELA, ORDEM : 30008355676",,,,,,PENDENTE,
QUEBRA DE EIXO,QUEBRA DE EIXO,16,0.3571,14,QUEBRA DE EIXO,CANONICAL_CANDIDATE,,MECÂNICA,A VALIDAR,EIXO,QUEBRA,QUEBRA DO EIXO DA ENVOLVEDORA OREDEM: 30008406992 | O EIXO DA ESTEIRA DE ALIMENTACAO DA ENTRADA DA PALETIZADORA ESTAVA QUEBRADO | QUEBRA DO EIXO DO BRAÇO DA PRANCHA11324990,,,,,,PENDENTE,
AMASSAMENTO DE LATAS,AMASSAMENTO DE LATAS,15,0.3348,12,AMASSAMENTO DE LATAS,CANONICAL_CANDIDATE,,A VALIDAR,A VALIDAR,LATA,A VALIDAR,LATAS SAINDO AMASSADA ORDEM:30008356253 | AMASSANDO LATA NO TWISTER DE ENTRADA DO RINSER | AMASSANDO LATAS NOTA 30008643816,,,,,,PENDENTE,
FALHA DE PORTA DE SEGURANÇA,FALHA DE PORTA DE SEGURANCA,15,0.3348,14,FALHA DE PORTA DE SEGURANÇA,CANONICAL_CANDIDATE,FALHA DE SEGURANÇA,SEGURANÇA,SEGURANÇA,PORTA DE SEGURANÇA,FALHA,"COM A VIBRAÇÃO DA MAQUINA AS PORTAS LATERAIS ESTÃO ABRINDO (2X) | FALHA DE PORTA ABERTA NA PORTA LATERAL, APÓS A MESA GIRATORIA | QUEBRA DA LINGUETA DA PORTA DE SEGURANÇA - ORDEM 30008316233",,,,,,PENDENTE,
FALHA DE ACÚMULO NO TRANSPORTE,FALHA DE ACUMULO NO TRANSPORTE,14,0.3125,11,FALHA DE ACÚMULO NO TRANSPORTE,CANONICAL_CANDIDATE,FALHA DE TRANSPORTE,A VALIDAR,TRANSPORTE,A VALIDAR,FALHA,"TRANSPORTE DERRUBANDO GERANDO ACUMULO E FALHA NO ALINHADOR DA FILTEC | SENSORES DE ACUMULO DO TRANSPORTE FORA DE SINCRONISMO COM ENCHEDORA NÃO PARANDO NO MOMENTO CORRETO 30008299301 | QUEDA DE LATAS NO TRANSPORTE, GERANDO ACUMULO DE LATAS NO ALINHADOR DA FILTEC",,,,,,PENDENTE,
FALHA DE CORREIA,FALHA DE CORREIA,14,0.3125,13,FALHA DE CORREIA,CANONICAL_CANDIDATE,,MECÂNICA,A VALIDAR,CORREIA,FALHA,"FALHA NA CORREIA DE ENVOLVIMENTO DOS PACOTES ( ORDEM - 30008258313 ) | TROCA DA CORREIA SNCRONIZADA DA ENCHEDORA.ORDEM30008301673 | CORREIA DA MESA DE VÁCUO DANIFICADA, ENROSCO DE FILME",,,,,,PENDENTE,
FALHA DE VELOCIDADE DO TRANSPORTE,FALHA DE VELOCIDADE DO TRANSPORTE,14,0.3125,13,FALHA DE VELOCIDADE DO TRANSPORTE,CANONICAL_CANDIDATE,FALHA DE TRANSPORTE,A VALIDAR,TRANSPORTE,A VALIDAR,FALHA,"VELOCIDADE DO TRANSPORTE BAIXA,GERANDO FALTA DE GARRAFAS NA ALIMENTAÇÃO DA EMPACOTADORA REALIZADO ALTERAÇÃO NOS PARÂMETROS DA RECEITA | CORREÇÃO VELOCIDADE DOS MOTORES DO TRANSPORTE DE LATA VAZIA 30008283964 | FALHA TRANSPORTE NO DESCAPSULADOR, FOI REDUZIDA A VELOCIDADE, OCASIONANDO QUEDA DE GARRAFAS",,,,,,PENDENTE,
PERDA DE REFERÊNCIA,PERDA DE REFERENCIA,14,0.3125,12,PERDA DE REFERÊNCIA,CANONICAL_CANDIDATE,,A VALIDAR,A VALIDAR,A VALIDAR,PERDA,"PERDA NA CONTAGEM, MASTERIZAÇÃO DO EQUIPAMENTO E RESET | CONECTOR DE ALIMENTAÇÃO EM FALHA, MAL CONTATO 30008310508 / MASTERIZAÇÃO DO EQUIPAMENTO E LIBERADO | FALHA NA MASTERIZAÇÃO ,ELÉTRICA.",,,,,,PENDENTE,
TRAVAMENTO DE ATUADOR,TRAVAMENTO DE ATUADOR,14,0.3125,13,TRAVAMENTO DE ATUADOR,CANONICAL_CANDIDATE,,A VALIDAR,A VALIDAR,A VALIDAR,TRAVAMENTO,"TRAVAMENTO DE PISTÃO, GERANDO O ENROSCO DE TAMPA | ATUADOR PNEUMÁTICO TARVADO | TRAVAMENTO PISTÃO DO CAPSULADOR, OCASIONANDO ENROSCO DE TAMPA ORDEM: 30007977072",,,,,,PENDENTE,
FALHA DE CONTAGEM,FALHA DE CONTAGEM,13,0.2902,12,FALHA DE CONTAGEM,CANONICAL_CANDIDATE,,A VALIDAR,A VALIDAR,A VALIDAR,FALHA,PERDA NA CONTAGEM .OBS.É FEITO O RESETE ATE O MANIPULADOR VOLTAR AO NORMAL. | PALETIZADORA PERDEU A CONTAGEM | FALHA DE SINCRONISMO CONTAGEM DE PENTES COM FALTA DE DOIS PENTES.ORDEM.30008369447.,,,,,,PENDENTE,
FALHA DE MANDRIL,FALHA DE MANDRIL,13,0.2902,12,FALHA DE MANDRIL,CANONICAL_CANDIDATE,,A VALIDAR,A VALIDAR,A VALIDAR,FALHA,MANDRIL PARANDO FORA DE POSIÇÃO | FALHA NO MANDRIL 1 ORDEM 30008404404 | MANDRIL TRAVANDO FOI AJUSTADO O BAR DO AR,,,,,,PENDENTE,
FALHA DE PATINS,FALHA DE PATINS,13,0.2902,11,FALHA DE PATINS,CANONICAL_CANDIDATE,,A VALIDAR,A VALIDAR,A VALIDAR,FALHA,"CHAPA DE PASSAGEM ALTA PARA EVITAR COLISÃO DO PATINS, GERANDO PACOTES TOMBADOS/ENTREGANDO ERRADO PARA A FORMAÇÃO DE CAMADA | CHAPA DE PASSAGEM ALTA PARA EVITAR COLISÃO DO PATINS, GERANDO PACOTES TOMBADOS/ENTREGANDO ERRADO PARA A FORMAÇÃO DE CAMADA NOTA 30008227151 | CHAPA DE PASSAGEM ALTA PARA EVITAR COLISÃO DO PATINS, GERANDO PACOTES TOMBADOS/ENTREGANDO ERRADO PARA A FORMAÇÃO DE CAMADA, 30008107201",,,,,,PENDENTE,
FALHA DE ROLAMENTO,FALHA DE ROLAMENTO,13,0.2902,12,FALHA DE ROLAMENTO,CANONICAL_CANDIDATE,,MECÂNICA,A VALIDAR,ROLAMENTO,FALHA,TRANSPORTE DO VIRADOR DE PACOTES COM O ROLAMENTO DANIFICADO GERANDO FALHA NO EQUIPAMENTO. | ROLAMENTO DO CILINDRO DO ROLO DE COLA ESTA TRAVANDO( CAUSANDO ENROSCO DE ROTULO E GARRAFAS SAINDO SEM ROTULO) | TROCA DO ROLAMENTO DO ROLO DO CILINDRO DE COLA,,,,,,PENDENTE,
FALHA DE TRAÇÃO/GUIAMENTO DE FILME,FALHA DE TRACAO GUIAMENTO DE FILME,13,0.2902,7,FALHA DE TRAÇÃO/GUIAMENTO DE FILME,CANONICAL_CANDIDATE,,EMBALAGEM / MOVIMENTAÇÃO,EMPACOTAMENTO,FILME,FALHA,FILME DOBRANDO DEVIDO A FALTA DA RÉGUA DE ESTATICA NOTA Nº13059270 | EMBOLOU FILME NA RAMPA DA MESA DE VACÚO | FILME DOBRANDO NA RAMPA DE ACELERAÇÃO ORDEM 30008359986,,,,,,PENDENTE,
QUEBRA DE PARAFUSO,QUEBRA DE PARAFUSO,13,0.2902,12,QUEBRA DE PARAFUSO,CANONICAL_CANDIDATE,,A VALIDAR,A VALIDAR,A VALIDAR,QUEBRA,"QUEBRA PARAFUSO DO FREIO NA ENCAIXATADORA ORDEM: 13126307 | QUEBRA DO PARAFUSO DO PRENSADOR DE CAMADA, IMPEDINDO A PRANCHA DE CONCLUIR O CICLO - ORDEM 30008316236 | QUEBRA DO PARAFUSO DO PRENSADOR DE CAMADA, IMPEDINDO A PRANCHA DE CONCLUIR O CICLO - ORDEM 300083162",,,,,,PENDENTE,
TRAVAMENTO DE ROBÔ,TRAVAMENTO DE ROBO,13,0.2902,7,TRAVAMENTO DE ROBÔ,CANONICAL_CANDIDATE,,A VALIDAR,ROBÓTICA / MANIPULAÇÃO,ROBÔ,TRAVAMENTO,"ROBO TRAVANDO E DERUBANDO CAMADA DE PACOTES | ROBO COM TREPIDAÇÃO/TRAVANDO, MODIFICADO VENSOSAS AFIM DE SEGURAR MELHOR PACOTES DURANTE A TRIPIDAÇAO | ROBO COM TREPIDAÇÃO/TRAVANDO CAPACIDADE DE PRODUÇÃO REDUZIDA DO ROBO.DEVIDO A QUEDA DE PACOTES",,,,,,PENDENTE,
DEFORMAÇÃO/DESALINHAMENTO DE GUIA,DEFORMACAO DESALINHAMENTO DE GUIA,12,0.2679,11,DEFORMAÇÃO/DESALINHAMENTO DE GUIA,CANONICAL_CANDIDATE,DESALINHAMENTO DE GUIA,A VALIDAR,A VALIDAR,A VALIDAR,DESALINHAMENTO,"TWISTER COM GUIA TORTO CAUSANDO ENROSCO DE LATAS EM PARTIDAS DA ENCHEDORA | GUIA DE SAIDA DO FORNO DA EMPACOTADORA COM CALÇO PARA CORRIGIR A DEFORMAÇÃO DO GUIA/MA FORMAÇÃO NO PACOTE | GUIA SUPERIOR E ESTRELA DO CAPSULADOR DESAJUSTADA, OCASIONANDO AS TAMPAS AMASSADAS ORDEM: 30008374149",,,,,,PENDENTE,
FALHA DE PLC,FALHA DE PLC,12,0.2679,10,FALHA DE PLC,CANONICAL_CANDIDATE,,AUTOMAÇÃO / INSTRUMENTAÇÃO,AUTOMAÇÃO,PLC,FALHA,FALHA NO PAINEL CLP / DIFICULDADE DE COLOCAR A ENCHEDORA EM MODO DE CIP NOTA: (30008362274) | FALHA NA LIGAÇÃO ENTRE PLC | FALHA DE CLP NO SITEMA DE SEGURANÇA DA SCHMERSAL,,,,,,PENDENTE,
TRAVAMENTO DE ROLETES,TRAVAMENTO DE ROLETES,12,0.2679,11,TRAVAMENTO DE ROLETES,CANONICAL_CANDIDATE,,A VALIDAR,A VALIDAR,A VALIDAR,TRAVAMENTO,"ENCAVALAMENTO DOS ROLETES DO DEVEICER | ENCAVALAMENNTO DOS ROLETES DO DEVEICER | ENCAVALAMENTO DOS ROLETES DO DEVEICER, ( PACOTES DE PONTA CABEÇA ) ( ORDEM - 30008221837 )",,,,,,PENDENTE,
CURTO-CIRCUITO,CURTO CIRCUITO,11,0.2455,6,CURTO-CIRCUITO,CANONICAL_CANDIDATE,,A VALIDAR,A VALIDAR,A VALIDAR,A VALIDAR,CURTO NO FIO DA CAIXA DA SAIDA DE PACOTES PARANDO AS DUAS ESTEIRA 30008291570 | CURTO NO FIO DA CAIXA DA SAIDA DE PACOTES PARANDO AS DUAS ESTEIRA | FALHA ELÉTRICA - CURTO NA REDE,,,,,,PENDENTE,
DESALINHAMENTO MECÂNICO,DESALINHAMENTO MECANICO,11,0.2455,11,DESALINHAMENTO MECÂNICO,CANONICAL_CANDIDATE,,A VALIDAR,A VALIDAR,A VALIDAR,DESALINHAMENTO,TRANSPORTE DE CAIXAS DA CUVA DA PALETIZADORA SAIU FORA DE POSIÇÃO | SOLTANDO CAMADAS FORA DE POSIÇÃO / 30008349255 | TRANSPORTE DE SAIDA DA ENCAIXOTADORA SAIU FORA DE POSIÇÃO,,,,,,PENDENTE,
Excesso de garrafa com rotulo,EXCESSO DE GARRAFA COM ROTULO,11,0.2455,10,Excesso de garrafa com rotulo,CANONICAL_CANDIDATE,,EMBALAGEM / MOVIMENTAÇÃO,ROTULAGEM,RÓTULO,A VALIDAR,FALHA NO MOTOR DO EXTRATOR DE ROTULO 30008441706 | FALHA ELÉTRICA NA EXTRASSAO DE ROTULO CAUSANDO PARADA NO EQUIPAMENTO | FALHA NA EXTRASSAO DE ROTULO DA LAVADORA CAUSANDO PARADAS NO EQUIPAMENTO,,,,,,PENDENTE,
FALHA DE CARTÃO MESTRE,FALHA DE CARTAO MESTRE,11,0.2455,2,FALHA DE CARTÃO MESTRE,CANONICAL_CANDIDATE,,A VALIDAR,A VALIDAR,A VALIDAR,FALHA,FALHA CARTÃO MESTRE | FALHA NO CARTÃO MASTER,,,,,,PENDENTE,
FALHA DE ELO DE ESTEIRA,FALHA DE ELO DE ESTEIRA,11,0.2455,10,FALHA DE ELO DE ESTEIRA,CANONICAL_CANDIDATE,FALHA DE ESTEIRA,MECÂNICA,TRANSPORTE,ESTEIRA,FALHA,"AJUSTE EM ELO DA ESTEIRA QUE ESTAVA SE SOLTANDO / 13122841 | ALTERADO PARAMETRO DE VELOCIDADE DE ESTEIRA DEVIDO PACOTES SAINDO ABERTO | TRANSPORTE DE CAIXAS ELO DANIFICADO, FOI REALIZADO A TROCA ORDEM: 30008465403",,,,,,PENDENTE,
FALHA NA TROCA DE BANDEJA,FALHA NA TROCA DE BANDEJA,11,0.2455,8,FALHA NA TROCA DE BANDEJA,CANONICAL_CANDIDATE,,A VALIDAR,A VALIDAR,A VALIDAR,FALHA,FALHA TROCA DE BANDEJA DO AGREGADO 1 ORDEM: 30008604995 | FALHA TROCA DE BANDEJA DO AGREGADO 2 | FALHA TROCA DE BANDEJA AGREGADO 1 PASSOU DIRETO,,,,,,PENDENTE,
FALHA NA TROCA DE BOBINA,FALHA NA TROCA DE BOBINA,11,0.2455,8,FALHA NA TROCA DE BOBINA,CANONICAL_CANDIDATE,,A VALIDAR,A VALIDAR,A VALIDAR,FALHA,FALHA NA PORTA DO SISTEMA NOVO DE SEGURANÇA DE TROCA DE BOBINA | FALHA NO SISTEMA PORTA DE SEGURANÇA DA TROCA DE BOBINA | FALHA PORTA SEGURAÇA TROCA DA BOBINA .,,,,,,PENDENTE,
FALHA NO CORTE DE TUBETES,FALHA NO CORTE DE TUBETES,11,0.2455,9,FALHA NO CORTE DE TUBETES,CANONICAL_CANDIDATE,,A VALIDAR,A VALIDAR,A VALIDAR,FALHA,"FALHA NO SISTEMA DE CORTE | FALHA NO SISTEMA DE CORTE, SEGURANDO TUBETE SEM CORTAR | FALHA NO CORTE DE TUBETES, NECESSARIO RESET GERAL DA CSW",,,,,,PENDENTE,
CRASH DE GARRAFAS,CRASH DE GARRAFAS,10,0.2232,10,CRASH DE GARRAFAS,CANONICAL_CANDIDATE,,A VALIDAR,A VALIDAR,GARRAFA,A VALIDAR,"PAREDE LATERAL 3 EXPUILSANDO MUITAS GARRAFAS, CAUSANDO CRASH DE GARRAFAS NA SAIDA DO ASEBI | PINÇA DANIFICADA QUEBRANDO FINISH DAS GARRAFAS, OCASIONANDO ALTO REJEITO E CRESH DE GARRAFAS NA SAIDA DO TAPTONE | CRASH E EXCESSO DE REJEITO NO ENOS A100 / CRASH DE GARRAFAS NA SAIDA DO LINATRONIC",,,,,,PENDENTE,
ENROSCO DE CAIXAS,ENROSCO DE CAIXAS,10,0.2232,10,ENROSCO DE CAIXAS,CANONICAL_CANDIDATE,,A VALIDAR,A VALIDAR,CAIXA,ENROSCO,"PARAFUSO DO ALINHADOR DE CAIXA ,CAIU ,ENROSCANDO CAIXAS. | PARAFUSO DA GUIA TRASEIRA DA DESENCAIXATADORA SOLTO, OCASIONANDO ENROSCO DE CAIXAS NA GRELHA | TRAVAMENTO DE CAIXAS NO LAVADOR DE CAIXAS",,,,,,PENDENTE,
FALHA DE CARBONATAÇÃO,FALHA DE CARBONATACAO,10,0.2232,10,FALHA DE CARBONATAÇÃO,CANONICAL_CANDIDATE,,PROCESSO / PRODUÇÃO,A VALIDAR,A VALIDAR,FALHA,"FALHA BEBIDA CARBONATADOR NO MIXER | FALHA BEBIDA CARBONATADOR DO MIXER | NA PARTIDA EM MODO AUTOMATICO, ESTÁ DANDO GAS FORA DE PADRÃO NA BEBIDA",,,,,,PENDENTE,
FALHA DE ENCODER,FALHA DE ENCODER,10,0.2232,10,FALHA DE ENCODER,CANONICAL_CANDIDATE,,AUTOMAÇÃO / INSTRUMENTAÇÃO,A VALIDAR,ENCODER,FALHA,FALHA DE ENCODER DO EMPURADOR DE LATAS DA DESPALETIZADORA( 30008267932) | FALHA DE ENCODER ELEVADOR DE PALETES | FALHA NO ENCODER.,,,,,,PENDENTE,
FALHA DE FORMAÇÃO DE PACOTE,FALHA DE FORMACAO DE PACOTE,10,0.2232,5,FALHA DE FORMAÇÃO DE PACOTE,CANONICAL_CANDIDATE,,EMBALAGEM / MOVIMENTAÇÃO,EMPACOTAMENTO,PACOTE,FALHA,"SAINDO PACOTES MAL FORMADOS, NOTA : 13078451 | SAINDO PACOTES MAL FORMADOS, NOTA : 13078451, BOBINA ESTA SE DESLOCANDO NO MANDRIL, GERANDO VARIAÇÃO NO ENVOLVIMENTO DO FILME/JANELA ABERTA | LONA DESLOCADA, GERANDO PACOTES MAL FORMADOS",,,,,,PENDENTE,
FALHA DE REDUTOR,FALHA DE REDUTOR,10,0.2232,7,FALHA DE REDUTOR,CANONICAL_CANDIDATE,,MECÂNICA,ACIONAMENTO,REDUTOR,FALHA,"CABEÇA DA ENCHEDORA SE MOVIMENTANDO ,MOTO REDUTOR DE FREIO COM PROBLEMA. | PROBLEMA NO MOTO REDUTOR DE FREIO,CAUSANDO MOVIMENTAÇÃO DA CABEÇA DA ENCHEDORA. | PROBLEMA NO MOTO REDUTOR DE FREIO ,REDUZIMOS A VELOCIDADE DA ENCHEDORA.",,,,,,PENDENTE,
FALHA ELÉTRICA SEM COMPONENTE IDENTIFICADO,FALHA ELETRICA SEM COMPONENTE IDENTIFICADO,10,0.2232,8,FALHA ELÉTRICA SEM COMPONENTE IDENTIFICADO,CANONICAL_CANDIDATE,FALHA ELÉTRICA,ELÉTRICA / ACIONAMENTO,A VALIDAR,A VALIDAR,FALHA,"TROCA DE BORNE M 43 ENTREGANDO TORTA NA ESTRELA , ENTRANDO TORTA NA ENCHEDORA | RELÊ DE ACIONAMENTO DO CONTATOR TRAVADO 30008244588 | DESARME DOEQUIPAMENTO, SEM FALHA OU ALARME.",,,,,,PENDENTE,
QUEBRA DE TRANSPORTE,QUEBRA DE TRANSPORTE,10,0.2232,10,QUEBRA DE TRANSPORTE,CANONICAL_CANDIDATE,,A VALIDAR,TRANSPORTE,A VALIDAR,QUEBRA,"ELO DO TRANSPORTE DA EMPACOTADORA QUEBROU | SUPORTE SUPERIOR DO TRANSPORTE DE GFS CHEIA QUEBRADA ,REALIZADO A SOLDA OORDEM 30008315724 | PARAFUSO DO GUIA DO TRANSPORTE DE ENTRADA DA EMPACOTADORA QUEBRADO - ORDEM - 30008653899",,,,,,PENDENTE,
TRAVAMENTO DE ENGRENAGEM,TRAVAMENTO DE ENGRENAGEM,10,0.2232,5,TRAVAMENTO DE ENGRENAGEM,CANONICAL_CANDIDATE,,MECÂNICA,A VALIDAR,ENGRENAGEM,TRAVAMENTO,"QUEDA DE PROTEÇÃO DO SISTEMA DE ROTAÇÃO, PORTA ENTROU NO MEIO DA ENGRENAGEM TRAVANDO O EQUIPAMENTO | TRAVAMENTO DA ESTEIRA NOS GUIAS,ENGRENAGEM DANIFICADA,TROCA DO PERFIL DO NYLON 30008438888 | TRAVAMENTO DA ESTEIRA NOS GUIAS,ENGRENAGEM DANIFICADA,TROCA DO PERFIL DO NYLON",,,,,,PENDENTE,
COLAPSO DE LATAS,COLAPSO DE LATAS,9,0.2009,6,COLAPSO DE LATAS,CANONICAL_CANDIDATE,,A VALIDAR,A VALIDAR,LATA,A VALIDAR,VELOCIDADE ABAIXO DA NOMINAL DEVIDO COPALSO DAS LATAS | LATAS COLAPSANDO DURANTE PARTIDA E PRODUÇÃO - ATUAÇÃO TIME FERRUM | LATAS COLAPSANDO DURANTE PARTIDA E PRODUÇÃO EM VELOCIDADE NOMINAL - ATUAÇÃO TIME FERRUM,,,,,,PENDENTE,
DESALINHAMENTO DE GUIA,DESALINHAMENTO DE GUIA,9,0.2009,9,DESALINHAMENTO DE GUIA,CANONICAL_CANDIDATE,,A VALIDAR,A VALIDAR,A VALIDAR,DESALINHAMENTO,ENTORTOU A CHAPA DO GUIA DE TRANSFERENCIA DE GARRAFAS ( 30008219114 ) | GUIA DO PESCOÇO DA GARRAFAS FORA DE POSIÇÃO 30008241870 | COLISÃO DA GARRAFA NO CABEÇOTE COM O CENTRALIZADOR PROVOCOU O ENTORTAMENTO DA CHAPA DO CABEÇOTE.,,,,,,PENDENTE,
FALHA DE COMPACTAÇÃO DE CAMADA,FALHA DE COMPACTACAO DE CAMADA,9,0.2009,9,FALHA DE COMPACTAÇÃO DE CAMADA,CANONICAL_CANDIDATE,,A VALIDAR,A VALIDAR,A VALIDAR,FALHA,"COMPACTADOR DE CARTÃO PARANDO FORA DE POSIÇÃO, VOLTANDO PARA POSIÇÃO MANUALMENTE | GUIAS DO COMPACTADOR SEM PARAFUSO | EQUIPAMENTO COMPACTADOR DE CATAO COM TREPIDAÇÃO NO MOVIMENTO DE SUBIDA",,,,,,PENDENTE,
FALHA DE ENGRENAGEM,FALHA DE ENGRENAGEM,9,0.2009,8,FALHA DE ENGRENAGEM,CANONICAL_CANDIDATE,,MECÂNICA,A VALIDAR,ENGRENAGEM,FALHA,"ENGRENAGEM DANIFICADA, QUEDA DE ESTEIRA | TROCA DA ENGRENAGEM DA ESTEIRA | FIXAÇÃO DA EMGRENAGEM SOLTA 30008609203",,,,,,PENDENTE,
FALHA DE FONTE DE ALIMENTAÇÃO,FALHA DE FONTE DE ALIMENTACAO,9,0.2009,2,FALHA DE FONTE DE ALIMENTAÇÃO,CANONICAL_CANDIDATE,FALHA DE ALIMENTAÇÃO,A VALIDAR,A VALIDAR,A VALIDAR,FALHA,FALHA EM FONTE DE ALTA TENSÃO | FONTE DE ALIMENTAÇÃO 24VCC DANIFICADA APENAS 18VCC NA SAIDA DA FONTE NOTA30008576775,,,,,,PENDENTE,
FALHA DE MOLA,FALHA DE MOLA,9,0.2009,8,FALHA DE MOLA,CANONICAL_CANDIDATE,,A VALIDAR,A VALIDAR,A VALIDAR,FALHA,"BOCAL NUMERO 12 SOLTANDO A TAMPA, FOI IDENTIFICADO QUE A MOLA ESTA DANIFICADA. ORDEM- 30008219041 | QUEBROU A MOLA DO BOCAL NUMERO 1 , NOTA 30008239262 | QUEBRA DA MOLA DO PINO EXPULSOR DE TAMPA, CABEÇOTE QUATORZE ( ORDEM 30008240208 )",,,,,,PENDENTE,
FALHA DE RÉGUA DE ENVOLVIMENTO,FALHA DE REGUA DE ENVOLVIMENTO,9,0.2009,7,FALHA DE RÉGUA DE ENVOLVIMENTO,CANONICAL_CANDIDATE,FALHA DE ENVOLVIMENTO,A VALIDAR,A VALIDAR,A VALIDAR,FALHA,FALHA NO SISTEMA DE ENVOLVIMENTO QUEDA DA REGUA DE ENVOLVIMENTO - ORDEM - 30008489606 | FALHA NA RÉGUA DE ENVOLVIMENTO NOTA : 30008539935 | EMPACOTADORA QUEDA DA REGUA DE ENVOLVIMENTO 2,,,,,,PENDENTE,
FALHA DE SUPRIMENTO DE AR COMPRIMIDO,FALHA DE SUPRIMENTO DE AR COMPRIMIDO,9,0.2009,7,FALHA DE SUPRIMENTO DE AR COMPRIMIDO,CANONICAL_CANDIDATE,,PNEUMÁTICA,A VALIDAR,A VALIDAR,FALHA,FALHA NO SISTEMA DE AR COMPRIMIDO DA MAQUINA 30008301493 | PALETIZADORA DESARMANDO POR FALTA DE AR | PALETIZADORA DESARMANDO POR FALTA DE AR 30008337275,,,,,,PENDENTE,
FALHA DE VIBRADOR,FALHA DE VIBRADOR,9,0.2009,7,FALHA DE VIBRADOR,CANONICAL_CANDIDATE,,A VALIDAR,A VALIDAR,A VALIDAR,FALHA,NECESSÁRIA ADEQUAÇÃO NO VIBRADOR DE TAMPAS DO LACRADOR. | FALHA NO ENVIO DE TAMPAS DO JET FLOW ( VIBRADOR) PARA A TOLVA | FALHA NO VIBRADOR,,,,,,PENDENTE,
FALHA NA REFRIGERAÇÃO DE FUNDO,FALHA NA REFRIGERACAO DE FUNDO,9,0.2009,6,FALHA NA REFRIGERAÇÃO DE FUNDO,CANONICAL_CANDIDATE,,A VALIDAR,A VALIDAR,A VALIDAR,FALHA,FALHA NO SISTEMA DE REFRIGERACAO DE FUNDO DA GARRAFA | FALHA NA REFRIGERACAO DE FUNDO DA GARRAFA | FALHA NO SISTEMA REFRIGERACAO DE FUNDO DA GARRAFA,,,,,,PENDENTE,
PATINS FORA DE POSIÇÃO,PATINS FORA DE POSICAO,9,0.2009,5,PATINS FORA DE POSIÇÃO,CANONICAL_CANDIDATE,,A VALIDAR,A VALIDAR,A VALIDAR,A VALIDAR,"PATIM FORA DA GUIA OCASIONANDO FALHA NO DIRECIONAMENTO DOS PACOTES. (13085183) | PATINS SAINDO DO TRILHO, ENTREGANDO PACOTE FORA DE POSIÇÃO PARA A FORMAÇÃO DE CAMADA | PATINS SAINDO DO TRILHO, ENTREGANDO PACOTE FORA DE POSIÇÃO",,,,,,PENDENTE,
TRAVAMENTO DE PALETE,TRAVAMENTO DE PALETE,9,0.2009,9,TRAVAMENTO DE PALETE,CANONICAL_CANDIDATE,,EMBALAGEM / MOVIMENTAÇÃO,PALETIZAÇÃO,PALETE,TRAVAMENTO,"PALLET PARADO NO TRANSPORTE ANTES DA MESA GIRATÓRIA | PALLET PARANDO FORA DE POSIÇÃO, PRECISANDO FAZER O MANUAL | PALLET CHEIO NAO QUERIA SAIR DE POSIÇÃO",,,,,,PENDENTE,
FALHA DE ALIMENTAÇÃO DE GARRAFAS,FALHA DE ALIMENTACAO DE GARRAFAS,8,0.1786,5,FALHA DE ALIMENTAÇÃO DE GARRAFAS,CANONICAL_CANDIDATE,FALHA DE ALIMENTAÇÃO,A VALIDAR,A VALIDAR,GARRAFA,FALHA,"FALHA ,FALTANDO GARRAFAS PARA A ENTRADA DA ENCHEDORA. | PROBLEMA NO SENSORES ,FALTANDO GARRAFAS PARA A ENTRADA DA ENCHEDORA. | FALTA DE GARRAFAS VINDO DA LAVADOURA OCASIONADO PELO ESPAÇO DOS DOIS PENTES.",,,,,,PENDENTE,
FALHA DE ALIMENTAÇÃO DE PACOTES,FALHA DE ALIMENTACAO DE PACOTES,8,0.1786,7,FALHA DE ALIMENTAÇÃO DE PACOTES,CANONICAL_CANDIDATE,FALHA DE ALIMENTAÇÃO,EMBALAGEM / MOVIMENTAÇÃO,EMPACOTAMENTO,PACOTE,FALHA,FALHA NA ENTRADA DE PACOTES VIA 2. ORDEM- 30008349228 | FALHA NA ENTRADA DE PACOTES VIA 1 E 2 | FALHA NAS VIAS DE ENTRADA DE PACOTE E FALHA NO SENSOR DA GAIOLA,,,,,,PENDENTE,
FALHA DE BAILARINA,FALHA DE BAILARINA,8,0.1786,6,FALHA DE BAILARINA,CANONICAL_CANDIDATE,,A VALIDAR,A VALIDAR,A VALIDAR,FALHA,FALHA DE SINAL DE ENTRADA ANÁLOGA ADMISSÍVEL ( BAILARINA SOBE E NÃO DESCE) | FALHA NA MODULAÇÃO DO FREIO DA BAILARINA 30008425208 | FALHA NA MODULAÇÃO DO FREIO DA BAILARINA,,,,,,PENDENTE,
FALHA DE CONEXÃO DE MANGUEIRA,FALHA DE CONEXAO DE MANGUEIRA,8,0.1786,8,FALHA DE CONEXÃO DE MANGUEIRA,CANONICAL_CANDIDATE,FALHA DE MANGUEIRA,A VALIDAR,A VALIDAR,MANGUEIRA,FALHA,MANGUEIRA DE CONTRA PRESSÃO ESCAPOU | MANGUEIRA E CONEXÃO DANIFICADA NA ESTAÇÃO DE EXPANSÃO DE PELÍCULA - 30008414432 | MANGUEIRA DE AR DO CABEÇOTE ESCAPOU,,,,,,PENDENTE,
FALHA DE VÁCUO,FALHA DE VACUO,8,0.1786,8,FALHA DE VÁCUO,CANONICAL_CANDIDATE,,A VALIDAR,A VALIDAR,A VALIDAR,FALHA,FALHA DE FALTA DE VACUO NA ESTEIRA DA PRESSCO NOTA (30008302284) | FALHA DE VACUO (30008401189) | FALHA DE VACUO,,,,,,PENDENTE,
QUEBRA DE ATUADOR,QUEBRA DE ATUADOR,8,0.1786,8,QUEBRA DE ATUADOR,CANONICAL_CANDIDATE,,A VALIDAR,A VALIDAR,A VALIDAR,QUEBRA,PISTÃO DO APALPADOR QUEBRADO - 30008625922 | HASTE DO CILINDRO DO BRAÇO SEPARADOR DE CAIXAS ESCAPOU DA ROSCA DE FIXAÇÃO ORDEM: 30008629094 | PISTÃO EMPURRADOR DE TAMPA QUEBRADO NA SOLDA NOTA:30008758623,,,,,,PENDENTE,
VELOCIDADE REDUZIDA SEM CAUSA IDENTIFICADA,VELOCIDADE REDUZIDA SEM CAUSA IDENTIFICADA,8,0.1786,3,VELOCIDADE REDUZIDA SEM CAUSA IDENTIFICADA,CANONICAL_CANDIDATE,,A VALIDAR,A VALIDAR,A VALIDAR,A VALIDAR,"VELOCIDADE REDUZIDA | VELOCIDADE BAIXA | RODANDO VELOCIDADE BAIXA, DEVIDO CARACOL SUPERIOR NA ENTRADA ESTRELA DO CAPSULADOR DANIFICADO",,,,,,PENDENTE,
DESALINHAMENTO DE AGREGADO,DESALINHAMENTO DE AGREGADO,7,0.1562,6,DESALINHAMENTO DE AGREGADO,CANONICAL_CANDIDATE,,A VALIDAR,A VALIDAR,A VALIDAR,DESALINHAMENTO,"TANGÊNCIAMAENTO AGREGADO 2 (30008240226) | TANGENCIAMENTO E AJUSTE NO CASTELO | ENROSCO DE ROTULO, ( FOI FEITO TANGENCIAMENTO)",,,,,,PENDENTE,
FALHA DE ABA CÔNICA,FALHA DE ABA CONICA,7,0.1562,4,FALHA DE ABA CÔNICA,CANONICAL_CANDIDATE,,A VALIDAR,A VALIDAR,A VALIDAR,FALHA,ABA CÔNICA DANIFICADA | ABA CONICA DANIFICADA | NIVEL BAIXO / TROCA DE ABA CONICA,,,,,,PENDENTE,
FALHA DE DOSAGEM,FALHA DE DOSAGEM,7,0.1562,7,FALHA DE DOSAGEM,CANONICAL_CANDIDATE,,PROCESSO / PRODUÇÃO,A VALIDAR,A VALIDAR,FALHA,"DOSAGEM DE NITROGENIO | BEBIDA COM CO2 ALTERADO, NECESSARIO REALIZAR O DESCARTE DA BEBIDA E DOSAGEM NOVAMENTE T2 PARA T3 | FALHA NA DOSAGEM DE NITROGENIO (30008529433)",,,,,,PENDENTE,
FALHA DE ELAU,FALHA DE ELAU,7,0.1562,6,FALHA DE ELAU,CANONICAL_CANDIDATE,,A VALIDAR,A VALIDAR,A VALIDAR,FALHA,FALHA DE ELAU E EQUIPAMENTO FORA DE SICRONISMO ORDEM: 30008362079 | MAX4 ELAU FALHA ( MC4 ERRO NA ENCHEDORA ) | MAX4 ELAU FALHA ( MC4 ERRO NA ENCHEDORA ) - ORDEM 30008540865,,,,,,PENDENTE,
FALHA DE FREIO,FALHA DE FREIO,7,0.1562,6,FALHA DE FREIO,CANONICAL_CANDIDATE,,A VALIDAR,A VALIDAR,A VALIDAR,FALHA,PARAFUSO DO FREIO DE CAIXAS ESCAPOU ( ORDEM 30008231453 ) | FREIO DA BORBOLETE (NOTA 30008398373 ) | FREIO NÃO ACIONADO,,,,,,PENDENTE,
FALHA DE VEDAÇÃO DA VÁLVULA,FALHA DE VEDACAO DA VALVULA,7,0.1562,6,FALHA DE VEDAÇÃO DA VÁLVULA,CANONICAL_CANDIDATE,FALHA DE VÁLVULA | FALHA DE VEDAÇÃO | FALHA NA VALVULA,A VALIDAR,A VALIDAR,VÁLVULA,FALHA,"DESGASTES, SUJIDADES GERADAS POR REPAROS DE VALVULAS | TROCA DO REPARO DAS VÁLVULAS 93,12 E 49 ORDEM 30008455987 | TROCA DO REPARO DO BLOCO DA VAL 18",,,,,,PENDENTE,
TAMPA INVERTIDA,TAMPA INVERTIDA,7,0.1562,7,TAMPA INVERTIDA,CANONICAL_CANDIDATE,,EMBALAGEM / MOVIMENTAÇÃO,TAMPAMENTO,TAMPA,A VALIDAR,"TAMPA VIRADA NO BUFFER | TAMPA VIRADA NA SAIDA DA CANALETA | TAMPA VIRADA ABRINDO SISTEMA DE SEGURANÇA E/OU PASSANDO PELO INSPETOR, FINCANDO PRESA NA CANALETA DE DECIDA",,,,,,PENDENTE,
VAZAMENTO EM COLETOR,VAZAMENTO EM COLETOR,7,0.1562,5,VAZAMENTO EM COLETOR,CANONICAL_CANDIDATE,,A VALIDAR,A VALIDAR,A VALIDAR,VAZAMENTO,"VAZAMENTO DO COLETOR,GERANDO PERDA DE PRESSÃO E PARADA | FALHA DE PRESSURIZAÇÃO (COLETOR VAZANDO) | FALHA DE PRESSURIZAÇÃO (VAZAMENTO DO COLETOR )",,,,,,PENDENTE,
VIBRAÇÃO DE ROBÔ,VIBRACAO DE ROBO,7,0.1562,4,VIBRAÇÃO DE ROBÔ,CANONICAL_CANDIDATE,,A VALIDAR,ROBÓTICA / MANIPULAÇÃO,ROBÔ,A VALIDAR,"ROBO COM CAPACIDADE REDUZIDA POR VIBRAÇÃO DO MESMO, | ROBO COM CAPACIDADE REDUZIDA POR VIBRAÇÃO DO MESMO,ROBO SOLTANDO PACOTE NA LATERAL DO CABEÇOTE. | ROBO COM VELOCIDADE REDUZIDA POR VIBRAÇÃO NO MESMO.ORDEM/30008656563",,,,,,PENDENTE,
DESARME TÉRMICO,DESARME TERMICO,6,0.1339,4,DESARME TÉRMICO,CANONICAL_CANDIDATE,,A VALIDAR,A VALIDAR,A VALIDAR,DESARME,DESARME / TERMICO ACIONADO | FALHA DE TERMICO DESARME DO MOTOR MAGAZINE DE PALETE ORDEM 30008563309 | DESARME TÉRMICO NA DESPALETIZADORA ORDEM: 30008620804,,,,,,PENDENTE,
DESLIGAMENTO INDEVIDO DO EQUIPAMENTO,DESLIGAMENTO INDEVIDO DO EQUIPAMENTO,6,0.1339,5,DESLIGAMENTO INDEVIDO DO EQUIPAMENTO,CANONICAL_CANDIDATE,,A VALIDAR,A VALIDAR,A VALIDAR,A VALIDAR,EQUIPAMENTO DESLIGOU SEM GERAR ALARME (30008267903) | EQUIPAMENTO SE DESLIGANDO SEM APRESENTAR FALHA OU ALARME SONORO | EQUIPAMENTO DELIGANDO SEM APRESENTAR FALHA OU ALERTA SONORO,,,,,,PENDENTE,
ESCAPE DE CORREIA,ESCAPE DE CORREIA,6,0.1339,6,ESCAPE DE CORREIA,CANONICAL_CANDIDATE,,MECÂNICA,A VALIDAR,CORREIA,ESCAPE,CORREIA FORA DE POSIÇÃO | ESCAPANDO CORREIA TRANSPORTADORA TRANSPORTE SAIDA DA ENCAIXOTADORA. | ESCAPOU A CORREIA,,,,,,PENDENTE,
FALHA DE MÓDULO,FALHA DE MODULO,6,0.1339,3,FALHA DE MÓDULO,CANONICAL_CANDIDATE,,A VALIDAR,A VALIDAR,A VALIDAR,FALHA,"FALHA NO MÓDULO DA SIEMENS,QUEDA DO SISTEMA, FALHA DO CONDICIONADOR | FALHA NO MÓDULO DA SIEMENS,QUEDA DO SISTEMA, FALHA DO CONDICIONADOR (30008344310) | FALHA NO MOPDULO, CAUSANDO PERDA DO CICLO AUTOMATICO NOTA 30008347294",,,,,,PENDENTE,
FALHA DE PENTE DE TRANSFERÊNCIA,FALHA DE PENTE DE TRANSFERENCIA,6,0.1339,6,FALHA DE PENTE DE TRANSFERÊNCIA,CANONICAL_CANDIDATE,,A VALIDAR,A VALIDAR,A VALIDAR,FALHA,TROCA DE PENTE DE TRANSFERENCIA / QUEDA DE GFS / ORDEM Nº30008219076 | QUEBRA DO PENTE DE PASSAGEM NOTA 30008321693 | QUEBRA DO PENTE DE TRANSFERÊNCIA DA ESTEIRA,,,,,,PENDENTE,
FALHA DE PRESSÃO DOS JATOS,FALHA DE PRESSAO DOS JATOS,6,0.1339,6,FALHA DE PRESSÃO DOS JATOS,CANONICAL_CANDIDATE,FALHA DE PRESSÃO,A VALIDAR,A VALIDAR,A VALIDAR,FALHA,PRESSAO BAIXA DOS JATOS FINAIS | PRESSAO DOS JATOS FINAIS BAIXO | PRESSÃO BAIXA JATO FINAIS.,,,,,,PENDENTE,
FALHA DE TWISTER,FALHA DE TWISTER,6,0.1339,4,FALHA DE TWISTER,CANONICAL_CANDIDATE,,A VALIDAR,A VALIDAR,A VALIDAR,FALHA,TWISTER DE SAIDA DA FILTEC SEGURANDO LATA/DERRUBANDO | TWISTER DE SAIDA DA ENCHEDORA DERRUBANDO/SEGURANDO LATAS NA PARTIDA | TWISTER DE SAIDA DA FILTEC DERRUBANDO LATAS PARA A ENTRADA DA EMPACOTADORA,,,,,,PENDENTE,
FALHA NA TROCA DE PALETE DE FOLHA SEPARADORA,FALHA NA TROCA DE PALETE DE FOLHA SEPARADORA,6,0.1339,4,FALHA NA TROCA DE PALETE DE FOLHA SEPARADORA,CANONICAL_CANDIDATE,,EMBALAGEM / MOVIMENTAÇÃO,PALETIZAÇÃO,PALETE,FALHA,"TROCA DO PALLET DE FOLHA SEPARADORA,GERANDO FALHA EM TDS AS PORTAS DA PALETIZADORA | FALHA NA TROCA DO PALLET DE FOLHA SEPARADORA EM MODO AUTOMATICO | TROCA DO PALLET DE FOLHA SEPARADORA EM MODO MANUAL - ORDEM -30008441358",,,,,,PENDENTE,
QUEBRA DE CORRENTE,QUEBRA DE CORRENTE,6,0.1339,5,QUEBRA DE CORRENTE,CANONICAL_CANDIDATE,,MECÂNICA,A VALIDAR,CORRENTE,QUEBRA,QUEBRA DO ELO DA CORRENTE DO MAGAZINE DE PALETE . | TROCA DA EMENDA DA CORRENTE DANIFICADA 30008425473 | QUEBROU A CORRENTE DO ROLETE DE SAIDA DE PALETES ORDEM: 30008434816,,,,,,PENDENTE,
ROMPIMENTO DE MANGUEIRA DE AR,ROMPIMENTO DE MANGUEIRA DE AR,6,0.1339,5,ROMPIMENTO DE MANGUEIRA DE AR,CANONICAL_CANDIDATE,ROMPIMENTO DE MANGUEIRA,A VALIDAR,A VALIDAR,MANGUEIRA,ROMPIMENTO,ROMPIMENTO DA MANGUEIRA DE AR NA MESA DE ENVOLVIMENTO | MANGUEIRA DE AR DA GAIOLA RASGADA. | ALIMENTADOR DE TAMPA MANGUEIRA RESSECADA QUE ALIMENTA O CILINDRO DE ABERTURA DA TAMPA DO TAMBADOR DE TAMPA SERÁ NECESSÁRIO A TROCA.13175078,,,,,,PENDENTE,
ROMPIMENTO DE TUBEIRA DO FORNO,ROMPIMENTO DE TUBEIRA DO FORNO,6,0.1339,3,ROMPIMENTO DE TUBEIRA DO FORNO,CANONICAL_CANDIDATE,,A VALIDAR,A VALIDAR,A VALIDAR,ROMPIMENTO,"ENROSCO DE PACOTE NO GUIA DO TRANSPOTE POR PACOTE ABERTO VINDO DO FORNO TUBEIRA RASGADA. | PACOTE MAL FORMADO ABERTO VINDO DO FORNO TUBEIRA RASGADA,DANO ERRO DE FORMAÇÃODE CAMADA NA PALETIZADORA | PACOTE MAL FORMADO ABERTO VINDO DO FORNO TUBEIRA RASGADA,DANO ERRO DE FORMAÇÃODE CAMADA NA PALETIZADORA,",,,,,,PENDENTE,
DANIFICAÇÃO DE GARRAFAS,DANIFICACAO DE GARRAFAS,5,0.1116,5,DANIFICAÇÃO DE GARRAFAS,CANONICAL_CANDIDATE,,A VALIDAR,A VALIDAR,GARRAFA,A VALIDAR,QUEBRANDO O BOCAL DA GARRAFA 30008221836 | QUEBRANDO O BOCAL DA GARRAFA | DANIFICANDO O FINISH DA GARRAFA ( ORDEM - 30008291611),,,,,,PENDENTE,
FALHA DE CONEXÃO PNEUMÁTICA,FALHA DE CONEXAO PNEUMATICA,5,0.1116,5,FALHA DE CONEXÃO PNEUMÁTICA,CANONICAL_CANDIDATE,,PNEUMÁTICA,A VALIDAR,A VALIDAR,FALHA,"TROCA DA CONECÇÃO DA MANGUEIRA DE AR / SOPRADORA DE TAMPAS ORDEM Nº 30008374651 | TROCA DE CONEXÃO PNEUMATICA ORDEM 30008517219 | CONECTOR DE AR TANQUE 2, DANIFICADO",,,,,,PENDENTE,
FALHA DE MISTURA,FALHA DE MISTURA,5,0.1116,3,FALHA DE MISTURA,CANONICAL_CANDIDATE,,A VALIDAR,A VALIDAR,A VALIDAR,FALHA,"FALHA NO MIXER | FALHAVÃLVULA DE TUBULAÇÃO NA ENTRADA DE BEBIDA NO MIXER, OCASIONANDO VAZAMENTO DE BEBIDAS ORDEM: 30008450138 | ATRASO NO CIP DURANTE 5 ETAPAS CCKSZ - FALHA NO MIXER",,,,,,PENDENTE,
FALHA DE PARAMETRIZAÇÃO,FALHA DE PARAMETRIZACAO,5,0.1116,5,FALHA DE PARAMETRIZAÇÃO,CANONICAL_CANDIDATE,,A VALIDAR,A VALIDAR,A VALIDAR,FALHA,FALHA NA PROGRAMAÇÃO PHM - ORDEM: 30008463550 | AJUSTES DE PARAMETROS (30008688147) | OFF ZERADO,,,,,,PENDENTE,
FALHA DE PRESSOSTATO,FALHA DE PRESSOSTATO,5,0.1116,5,FALHA DE PRESSOSTATO,CANONICAL_CANDIDATE,,A VALIDAR,A VALIDAR,A VALIDAR,FALHA,"FALHA NO PRESTOTATOR DO PRENSSADOR DA ENVOLVEDORA | FALHA DE BAIXA PRESSÃO DE AR, REAPERTO DO CONECTOR DO PRESSOSTATO, ORDEM : 30008465465 | FALHA NO PRESSOSTATO",,,,,,PENDENTE,
FALHA DE PRESSURIZAÇÃO,FALHA DE PRESSURIZACAO,5,0.1116,1,FALHA DE PRESSURIZAÇÃO,CANONICAL_CANDIDATE,,A VALIDAR,A VALIDAR,A VALIDAR,FALHA,IDENTIFICADA AUTOLIBERAÇÃO DE PRESSÃO NO EQUIPAMENTO - ORDEM 30008310669,,,,,,PENDENTE,
FALHA DE TRANSPORTE DE PACOTES,FALHA DE TRANSPORTE DE PACOTES,5,0.1116,5,FALHA DE TRANSPORTE DE PACOTES,CANONICAL_CANDIDATE,FALHA DE TRANSPORTE,EMBALAGEM / MOVIMENTAÇÃO,TRANSPORTE,PACOTE,FALHA,FALHA NO TRANSPORTE DE PACOTES (300082297597) | FALHA NO TRANSPORTE DE PACOTES (30008521728) | FALHA NO TRANSPORTE DE PACOTES,,,,,,PENDENTE,
FALHA DE TULIPA,FALHA DE TULIPA,5,0.1116,5,FALHA DE TULIPA,CANONICAL_CANDIDATE,,A VALIDAR,A VALIDAR,A VALIDAR,FALHA,"TROCA DA TULIPA N* 30 FOI TROCADA . ORDEM 30008500560 | TROCA DE TULIPA RASGADA | FALHANA PEGA DE GARRAFAS DEVIDO TULIPA FURADA, REALIZADA A TROCA",,,,,,PENDENTE,
FALHA NA MESA DE CARGA,FALHA NA MESA DE CARGA,5,0.1116,5,FALHA NA MESA DE CARGA,CANONICAL_CANDIDATE,,A VALIDAR,A VALIDAR,A VALIDAR,FALHA,CORREÇÃO DE PONTO NA MESA DE CARGA ENTRADA DA LAVADORA ORDEM: 30008233633 | FALHA NA MESA DE CARGA LAVADORA (30008249810) | FALHA DE VACUO PACOTES FICANDO PARA TRAS NA MESA DE CARGA (30008430335),,,,,,PENDENTE,
FALHA NO DOSADOR DE NITROGENIO,FALHA NO DOSADOR DE NITROGENIO,5,0.1116,1,FALHA NO DOSADOR DE NITROGENIO,CANONICAL_CANDIDATE,,A VALIDAR,A VALIDAR,A VALIDAR,FALHA,FALHA NO DOSADOR DE NITROGENIO | FALHA NO DOSADOR DE NITROGENIO.,,,,,,PENDENTE,
FALSO REJEITO,FALSO REJEITO,5,0.1116,5,FALSO REJEITO,CANONICAL_CANDIDATE,,A VALIDAR,A VALIDAR,A VALIDAR,A VALIDAR,EXCESSO DE FALSO REJEITO SAIDA GERANDO CRASH 30008862493 | CRASH POR EXCESSO DE FALSO REJEITO | EQUIPAMENTO COM FALSO REJEITO DURANTE TESTE DE LATAS,,,,,,PENDENTE,
QUEDA DE PACOTES,QUEDA DE PACOTES,5,0.1116,4,QUEDA DE PACOTES,CANONICAL_CANDIDATE,,EMBALAGEM / MOVIMENTAÇÃO,EMPACOTAMENTO,PACOTE,QUEDA,"QUEDA DE PACOTES | PACOTE FICANDO FORA DE POSIÇÃO/TOMBADO NA FORMAÇÃO NOTA 13085183 | PALETIZAÇÃO FICANDO COM LATERAL ABERTA, CAINDO PACOTE DO PALLET ACABADO",,,,,,PENDENTE,
QUEIMA DE FILAMENTO,QUEIMA DE FILAMENTO,5,0.1116,5,QUEIMA DE FILAMENTO,CANONICAL_CANDIDATE,,A VALIDAR,A VALIDAR,A VALIDAR,QUEIMA,QUEIMOU O FILAMENTO 30008241847 | QUEIMOU O FILAMENTO( TROCA DO FILAMENTO ) | QUEIMA DO FILAMENTO,,,,,,PENDENTE,
SOBRECORRENTE,SOBRECORRENTE,5,0.1116,5,SOBRECORRENTE,CANONICAL_CANDIDATE,,MECÂNICA,A VALIDAR,CORRENTE,A VALIDAR,FALHA MOTOR 311 TRANSPORTE DE CAIXAS VAZIAS DESARMANDO POR SOBRECORRENTE | FALHA MOTOR 311 TRANSPORTE DE CAIXAS VAZIAS DESARMANDO POR SOBRECORRENTE ORDEM: 30008239229 | SOBRE CORRENTE NO TRANSPORTE DE PALETE - OREDEM: 30008258302,,,,,,PENDENTE,
TRAVAMENTO DO SISTEMA DE COMPACTAÇÃO,TRAVAMENTO DO SISTEMA DE COMPACTACAO,5,0.1116,5,TRAVAMENTO DO SISTEMA DE COMPACTAÇÃO,CANONICAL_CANDIDATE,,A VALIDAR,A VALIDAR,A VALIDAR,TRAVAMENTO,COMPACTADOR DE CAMADAS TRAVADO | CENTRAL DO FECHA CAMADA TRAVOU NOTA - 30008257113 | TRAVAMENTO DO BRAÇO DA PRANCHA,,,,,,PENDENTE,
CRASH DE LATAS,CRASH DE LATAS,4,0.0893,4,CRASH DE LATAS,CANONICAL_CANDIDATE,,A VALIDAR,A VALIDAR,LATA,A VALIDAR,"CRASH DE LATAS NA ESTERLA, FOI PRECISO RETIRAR A ESTRELA DE SAIDA (30008299308) | CRASH DE LATAS NA ESTRELA DE ENTRADA PARA O SISTEMA DE ENCHIMENTO | TRANSPORTE GERANDO CRASH DE LATAS NA RETOMADAS",,,,,,PENDENTE,
DESALINHAMENTO DE EIXO,DESALINHAMENTO DE EIXO,4,0.0893,4,DESALINHAMENTO DE EIXO,CANONICAL_CANDIDATE,,MECÂNICA,A VALIDAR,EIXO,DESALINHAMENTO,FIME ESTOURANDO DEVIDO O EIXO TORTO | EIXO TORTO | EIXO TORTO DA BOBINA FOI PARADO PARA FAZER A TROCA,,,,,,PENDENTE,
DESARME DE EQUIPAMENTO,DESARME DE EQUIPAMENTO,4,0.0893,4,DESARME DE EQUIPAMENTO,CANONICAL_CANDIDATE,,A VALIDAR,A VALIDAR,A VALIDAR,DESARME,DESARMANDO SISTEMA ELETRICO DA MAQUINA | DESARME NA PALETIZADORA | DESARME DO SOPRADOR,,,,,,PENDENTE,
DESNIVELAMENTO DE ESTEIRA,DESNIVELAMENTO DE ESTEIRA,4,0.0893,3,DESNIVELAMENTO DE ESTEIRA,CANONICAL_CANDIDATE,,MECÂNICA,TRANSPORTE,ESTEIRA,A VALIDAR,ESTEIRA COM DEGRAU | ESTEIRA DESNIVELADA (30008795344) | ESTEIRA DA LONA DE ENVOLVIMENTO COM DEGRAU,,,,,,PENDENTE,
FALHA DE ANALISADOR,FALHA DE ANALISADOR,4,0.0893,1,FALHA DE ANALISADOR,CANONICAL_CANDIDATE,,A VALIDAR,A VALIDAR,A VALIDAR,FALHA,FALHA NO ANALISADOR COBRIX,,,,,,PENDENTE,
FALHA DE ATUADOR DA VÁLVULA,FALHA DE ATUADOR DA VALVULA,4,0.0893,4,FALHA DE ATUADOR DA VÁLVULA,CANONICAL_CANDIDATE,FALHA DE VÁLVULA | FALHA DE ATUADOR | FALHA NA VALVULA,A VALIDAR,A VALIDAR,VÁLVULA,FALHA,"PISTÃO DE ABERTURA DAS BORBOLETAS SOLTO 30008265260 | TROCA DO PISTÃO DE ABERTURA DA VÁLVULA, PERMITINDO PASSAGEM NA CÂMARA | EFETUADA A TROCA DO PISTÃO DE ABERTURA DA VÁLVULA, PERMITINDO PASSAGEM NA CÂMARA: FOI RETIRADO O PISTÃO DA REF-PET E INSTALADO O DA LITRO",,,,,,PENDENTE,
FALHA DE CÂMERA,FALHA DE CAMERA,4,0.0893,4,FALHA DE CÂMERA,CANONICAL_CANDIDATE,,A VALIDAR,A VALIDAR,A VALIDAR,FALHA,"FALHA NA CAMARA DE LEITURA DE GARRAFAS ( ORDEM 30008219108 ) | FALHA CHECKMATE NA SAIDA DA ROTULADORA, FOI REALIZADO O AJUSTE DA POSIÇÃO DE DISPARO DA CAMERA | EXCESSO DE ÁGUA NA LENTE DA EMBOCADURA ,LIMPEZA DAS LENTES.",,,,,,PENDENTE,
FALHA DE EMPURRADOR,FALHA DE EMPURRADOR,4,0.0893,4,FALHA DE EMPURRADOR,CANONICAL_CANDIDATE,,A VALIDAR,A VALIDAR,A VALIDAR,FALHA,EMPURRADOR DE CAMADAS NÃO REALIZA CICLO AUTOMATICO E NÃO RESPONDE AS FUNÇÕES MANUAIS. ORDEM- 30008219052 | FALHA NO EMPURRADOR DE CAMADAS NA GAIOLA | FALHA NO EMPURRADOR,,,,,,PENDENTE,
FALHA DE FILTRO,FALHA DE FILTRO,4,0.0893,3,FALHA DE FILTRO,CANONICAL_CANDIDATE,,A VALIDAR,A VALIDAR,A VALIDAR,FALHA,"TROCA DO REPARO DO FILTRO (REALIZADO SANITIZAÇÃO A FRIO) | SUJEIRA NO FILTRO | FILTRO DANIFICADO, REALIZADO A TROCA DO MESMO",,,,,,PENDENTE,
FALHA DE FLUXÍMETRO,FALHA DE FLUXIMETRO,4,0.0893,3,FALHA DE FLUXÍMETRO,CANONICAL_CANDIDATE,,A VALIDAR,A VALIDAR,A VALIDAR,FALHA,FALHA NO FLUXIMENTRO DE CO2 | FALHA NO FLUXIMETRO DE CO2 | FALHA NO FLUXIMETRO DE XAROPE,,,,,,PENDENTE,
FALHA DE LEITURA,FALHA DE LEITURA,4,0.0893,3,FALHA DE LEITURA,CANONICAL_CANDIDATE,,AUTOMAÇÃO / INSTRUMENTAÇÃO,A VALIDAR,A VALIDAR,FALHA,"FALSA REJEIÇÃO DE GARRAFAS, CAMERA 4 | PERDA DE CONTAGEM | ENCHEDORA NÃO RECINHECENDO O PULSO DA RECEITA DE 200ML, PULSO FICOU EM 2000ML",,,,,,PENDENTE,
FALHA DE MANGUEIRA PNEUMÁTICA,FALHA DE MANGUEIRA PNEUMATICA,4,0.0893,4,FALHA DE MANGUEIRA PNEUMÁTICA,CANONICAL_CANDIDATE,FALHA DE MANGUEIRA,PNEUMÁTICA,A VALIDAR,MANGUEIRA,FALHA,FALHA MANGUEIRA DO CILINDRO CABEÇOTE | PALETIZADORA TROCA DE MANGUEIRA DE AR DA GAIOLA | TROCA DE MANGUEIRA DE AR,,,,,,PENDENTE,
FALHA DE PINO,FALHA DE PINO,4,0.0893,4,FALHA DE PINO,CANONICAL_CANDIDATE,,A VALIDAR,A VALIDAR,A VALIDAR,FALHA,PINO DE SEPARAÇÃO ESTÁ COM JOGO | PINO GUIA DO COMPACTADOR DE CAMADAS ESTAVAM SOLTOS (30008559630) | PINO DE SEPARAÇÃO SOLTO TOMBANDO GARRAFAS 30008703883,,,,,,PENDENTE,
FALHA DE RÉGUA DE ARRASTE,FALHA DE REGUA DE ARRASTE,4,0.0893,4,FALHA DE RÉGUA DE ARRASTE,CANONICAL_CANDIDATE,,A VALIDAR,A VALIDAR,A VALIDAR,FALHA,REGUA DE ARRASTE DANIFICADO O EMCAICHE | QUEDA DA REGUA DE ARRASTE | QUEDA DA REGUA DE ARRASTE PRESA COM FITA,,,,,,PENDENTE,
FALHA DE TRANSPORTE DE LATAS,FALHA DE TRANSPORTE DE LATAS,4,0.0893,3,FALHA DE TRANSPORTE DE LATAS,CANONICAL_CANDIDATE,FALHA DE TRANSPORTE,A VALIDAR,TRANSPORTE,LATA,FALHA,FALHA NO TRANSPORTE DE LATAS | FALHA NO MÓDULO DO TRANSPORTE DE LATAS CHEIA | FALHA NO TRANSPORTE DE SAIDA DE LATAS,,,,,,PENDENTE,
FALHA ELETRÔNICA DA VÁLVULA,FALHA ELETRONICA DA VALVULA,4,0.0893,3,FALHA ELETRÔNICA DA VÁLVULA,CANONICAL_CANDIDATE,FALHA DE VÁLVULA | FALHA NA VALVULA,A VALIDAR,A VALIDAR,VÁLVULA,FALHA,TROCA DA ELETRONICA DA VALVULA 91 30008305817 | TROCA DA PARTE ELETRÔNICA DA VÁLVULA N°9 | TROCA DA PRTE ELETRONICA DA VALVULA NUMURO 9 (30008374835),,,,,,PENDENTE,
FALHA NO ENVIO DE BEBIDA,FALHA NO ENVIO DE BEBIDA,4,0.0893,4,FALHA NO ENVIO DE BEBIDA,CANONICAL_CANDIDATE,,PROCESSO / PRODUÇÃO,A VALIDAR,A VALIDAR,FALHA,FALHA EM PUXAR BEBIDA | ENCHEDORA VELOCIDADE REDUZIDA DEVIDO FALTA DE BEBIDA | ENCHEDORA SAINDO DO PASSO 10 DE PRODUÇAO E VOLTANDO PARA O PASSO 8 FAL MINIMA DE BEBIDA NA ENCHEDORA CAUSANDO FALHA,,,,,,PENDENTE,
FALHA NO SISTEMA DE CORTE,FALHA NO SISTEMA DE CORTE,4,0.0893,3,FALHA NO SISTEMA DE CORTE,CANONICAL_CANDIDATE,,A VALIDAR,A VALIDAR,A VALIDAR,FALHA,"CSW EM FALHA, ORDEM : 30008450147 | FALHA DE SINCRONISMO NA CSW | FALHA NO RECUO DO PISTAÕ DO TRANSPORTE DE TAMPA DA CSW",,,,,,PENDENTE,
FALHA NO VIRADOR DE PACOTES,FALHA NO VIRADOR DE PACOTES,4,0.0893,3,FALHA NO VIRADOR DE PACOTES,CANONICAL_CANDIDATE,,EMBALAGEM / MOVIMENTAÇÃO,EMPACOTAMENTO,PACOTE,FALHA,FALHA NO VIRADOR DE PACOTES | TOMBADOR DE PACOTES NAO ATUANDO | FALHA NO VIRADOR NDE PACOTES,,,,,,PENDENTE,
TOMBAMENTO DE RECIPIENTES,TOMBAMENTO DE RECIPIENTES,4,0.0893,3,TOMBAMENTO DE RECIPIENTES,CANONICAL_CANDIDATE,,A VALIDAR,A VALIDAR,A VALIDAR,A VALIDAR,ESTRELA DE SAIDA DA ENCHEDORA CAUSANDO TOMBAMENTO NAS GARRAFAS | ESTRELA DE SAIDA DA ENCHEDORA CAUSANDO TOMBAMENTO DAS GARRAFAS | LATA TOMBANDO NO TRANSPOTE,,,,,,PENDENTE,
TRAVAMENTO DE PERSIANA,TRAVAMENTO DE PERSIANA,4,0.0893,3,TRAVAMENTO DE PERSIANA,CANONICAL_CANDIDATE,,A VALIDAR,A VALIDAR,A VALIDAR,TRAVAMENTO,TRAVAMENTO DA PERSIANA | PERSIANA DA GAIOLA TRAVADA. | PERSIANA TRAVADA - ORDEM: 30008498639,,,,,,PENDENTE,
TRAVAMENTO DE STOPPER,TRAVAMENTO DE STOPPER,4,0.0893,2,TRAVAMENTO DE STOPPER,CANONICAL_CANDIDATE,,A VALIDAR,A VALIDAR,A VALIDAR,TRAVAMENTO,TRAVAMENTO DO STOPER DE CAIXAS DA MESA DA PALETIZADORA | TRAVAMENTO DO STOPER DE CAIXA DA MESA DA PALETIZADORA,,,,,,PENDENTE,
TREPIDAÇÃO DE LATAS,TREPIDACAO DE LATAS,4,0.0893,3,TREPIDAÇÃO DE LATAS,CANONICAL_CANDIDATE,,A VALIDAR,A VALIDAR,LATA,A VALIDAR,"EQUIPAMENTO COM TREPIDAÇÃO NO MOVIMENTO DE SUBIDA | VELOCIDADE REDUZIDA, TRIPIDAÇÃO DE LATAS NA SAIDA DA ENCHEDORA, ENTREGA PARA A CORRENTE DE ARRASTE, PERDENDO CONTEUDO LIQUIDO | VELOCIDADE REDUZIDA, TREPIDAÇÃO DE LATAS NA SAIDA DA ENCHEDORA, ENTREGA PARA A CORRENTE DE ARRASTE, PERDENDO CONTEUDO LIQUIDO",,,,,,PENDENTE,
DEFORMAÇÃO DE SUPORTE,DEFORMACAO DE SUPORTE,3,0.067,3,DEFORMAÇÃO DE SUPORTE,CANONICAL_CANDIDATE,,A VALIDAR,A VALIDAR,A VALIDAR,DEFORMAÇÃO,BASE DO ROLO DE CARPETE TORTA | BASE DO ROLO DE CARPETE ENTORTOU | BASE DO ROLO DE CARPETE ENTORTOU / ARREBENTANDO FILME,,,,,,PENDENTE,
DESARME DE DISJUNTOR,DESARME DE DISJUNTOR,3,0.067,3,DESARME DE DISJUNTOR,CANONICAL_CANDIDATE,,A VALIDAR,A VALIDAR,A VALIDAR,DESARME,"(30008489553) FORNO EM ALARME, DESARMOU O DIJUNTOR | FALHA NO DISJUNTOR TERMOMAGNÉTICO 30008767500 | DESARME DOS DISJUNTORES TAG 9Q0 E8Q1, ORDEM : 30008797007",,,,,,PENDENTE,
DESARME DE ESTEIRA,DESARME DE ESTEIRA,3,0.067,3,DESARME DE ESTEIRA,CANONICAL_CANDIDATE,,MECÂNICA,TRANSPORTE,ESTEIRA,DESARME,DESARME DA ESTEIRA DE SAIDA DA ENCAIXOTADORA. | ESTEIRA DA MESA QUE PEGA GARRAFAS DESARMOU.ORDEM.. | ESTEIRA DA MESA QUE PEGA GARRAFAS DESARMOU.ORDEM..30008445667,,,,,,PENDENTE,
DESARME DE MESA,DESARME DE MESA,3,0.067,2,DESARME DE MESA,CANONICAL_CANDIDATE,,A VALIDAR,A VALIDAR,A VALIDAR,DESARME,DESARME DA MESA CENTRAL | DESARME NA MESA CENTRAL INVERTER - NOTA 30008260356,,,,,,PENDENTE,
FALHA DE BOTÃO DE RESET,FALHA DE BOTAO DE RESET,3,0.067,3,FALHA DE BOTÃO DE RESET,CANONICAL_CANDIDATE,,A VALIDAR,A VALIDAR,BOTÃO,FALHA,FALHA NO BOTÂO DE RESET DO LINATRONIC | FALHA NO BOTÃO DO RESET DO LINATRONIC 11309325 | FALHA NO BOTÃO DE RESET 30008520288,,,,,,PENDENTE,
FALHA DE CABEÇOTE,FALHA DE CABECOTE,3,0.067,2,FALHA DE CABEÇOTE,CANONICAL_CANDIDATE,,A VALIDAR,A VALIDAR,CABEÇOTE,FALHA,FALHA DE CABECOTE | FALHA DE CABEÇOTE | FALHA NO CABEÇOTE,,,,,,PENDENTE,
FALHA DE CALIBRAÇÃO,FALHA DE CALIBRACAO,3,0.067,3,FALHA DE CALIBRAÇÃO,CANONICAL_CANDIDATE,,A VALIDAR,A VALIDAR,A VALIDAR,FALHA,FALHA NA CALIBRAÇÃO | FALHA NA ALTO CALIBRAÇÃO GAZ RODOX BAIXO- ORDEM 30008626762 | FALHA NA ALTO CALIBRAÇÃO GAZ RODOX BAIXO,,,,,,PENDENTE,
FALHA DE CORRENTE,FALHA DE CORRENTE,3,0.067,3,FALHA DE CORRENTE,CANONICAL_CANDIDATE,,MECÂNICA,A VALIDAR,CORRENTE,FALHA,"CORRENTE DE ARRASTE COM FOLGA CAUSANDO QUEDA DE GARRAFA | CORRENTE FLOCHA. | CORRENTE COM DESGASTE, NECESSARIO AJUSTE PARA COMPENSAR FALHA ( ORDEM - 30008827895 )",,,,,,PENDENTE,
FALHA DE DRIVE,FALHA DE DRIVE,3,0.067,2,FALHA DE DRIVE,CANONICAL_CANDIDATE,,A VALIDAR,A VALIDAR,A VALIDAR,FALHA,"CONV. DE FREQ. DO EMPURRADOR FALHA NO DRIVE | MOTOR PRINCIPAL EM FALHA, REALIZADA A TROCA DO DRIVE. | MOTOR PRINCIPAL EM FALHA. REALIZADA A TROCA DO DRIVE",,,,,,PENDENTE,
FALHA DE FACA,FALHA DE FACA,3,0.067,3,FALHA DE FACA,CANONICAL_CANDIDATE,,A VALIDAR,A VALIDAR,A VALIDAR,FALHA,TROCA DA FACA | TROCA DA FACA DE CORTE | SUBSTITUIÇÃO DA FACA (3000852257),,,,,,PENDENTE,
FALHA DE MANGUEIRA,FALHA DE MANGUEIRA,3,0.067,3,FALHA DE MANGUEIRA,CANONICAL_CANDIDATE,,A VALIDAR,A VALIDAR,MANGUEIRA,FALHA,TROCA DA MANGUEIRA DO SISTEMA PNEUMATICO DO ATUADOR CANAL C DO DEVAISER (30008240197) | TROCA DE MANGUEIRA | ATRASO FALHA DURANTE CIP MANGUEIRA ENTRADA DO POLIDOR DESCONECTADA,,,,,,PENDENTE,
FALHA DE MEDIDOR,FALHA DE MEDIDOR,3,0.067,3,FALHA DE MEDIDOR,CANONICAL_CANDIDATE,,A VALIDAR,A VALIDAR,A VALIDAR,FALHA,FALHA NO MEDIDOR (30008404383) | FALHA NO MEDIDOR DE PRESSÃO DO JATOS FINAIS | FALHA NO MEDIDOR DE PRESSÃO DOS JATOS FINAIS,,,,,,PENDENTE,
FALHA DE NOBREAK,FALHA DE NOBREAK,3,0.067,3,FALHA DE NOBREAK,CANONICAL_CANDIDATE,,A VALIDAR,A VALIDAR,A VALIDAR,FALHA,"FALHA NOBREAK, FALTOU ENERGIA EQTO | FALHA NOBREAK ( ABASTECENDO A LAVADORA) | FALHA NO NO BREAK, FALHA NO MOTOR PRINCIPAL",,,,,,PENDENTE,
FALHA DE PLACA ELETRÔNICA,FALHA DE PLACA ELETRONICA,3,0.067,3,FALHA DE PLACA ELETRÔNICA,CANONICAL_CANDIDATE,,A VALIDAR,A VALIDAR,A VALIDAR,FALHA,FALHA ELETRICA 30008418565 | QUEIMA DE PLACA | FALHA ELETRICA - QUEIMA PLACA,,,,,,PENDENTE,
FALHA DE TRANSPORTE DE CAIXAS,FALHA DE TRANSPORTE DE CAIXAS,3,0.067,2,FALHA DE TRANSPORTE DE CAIXAS,CANONICAL_CANDIDATE,FALHA DE TRANSPORTE,A VALIDAR,TRANSPORTE,CAIXA,FALHA,TRANSPORTE DA CURVA SAIU - TRECHO APÓS LAVADOR DE FUNDO DE CAIXAS | TRP CX ENTRADA ESCAPANDO,,,,,,PENDENTE,
FALHA DE VEDAÇÃO,FALHA DE VEDACAO,3,0.067,3,FALHA DE VEDAÇÃO,CANONICAL_CANDIDATE,,A VALIDAR,A VALIDAR,A VALIDAR,FALHA,TROCA DA VEDAÇÃO TUBULAÇÃO ETA | TROCA DA VEDAÇÃO DO CARBO | TROCA DE VEDAÇÃO DA TUBULAÇÃO DE BEBIDA.,,,,,,PENDENTE,
FALHA DE VÁLVULA DE NITROGÊNIO,FALHA DE VALVULA DE NITROGENIO,3,0.067,3,FALHA DE VÁLVULA DE NITROGÊNIO,CANONICAL_CANDIDATE,FALHA DE VÁLVULA | FALHA NA VALVULA,A VALIDAR,A VALIDAR,VÁLVULA,FALHA,"INTERVENCAO DO TECNICO DA MC PACK , PARA AVALIACAO DA VALVULA DE NITROGENIO | INSTALACAO DA VALVULA DE DOSADOR DE NITROGENIO | FALHA NA VALVULA DE CONTRA PRESSÃO DO NITROGENIO (30008683749)",,,,,,PENDENTE,
FALHA DO COLOCADOR DE CHAPATEX,FALHA DO COLOCADOR DE CHAPATEX,3,0.067,3,FALHA DO COLOCADOR DE CHAPATEX,CANONICAL_CANDIDATE,,A VALIDAR,A VALIDAR,A VALIDAR,FALHA,COLOCADOR DE CHAPATEX PAROU DE ATUAR | FALHA NA COLOCAÇÃO DO CHAPATEX | FALHA ELETRICA NO COLOCADOR DE CHAPATEX,,,,,,PENDENTE,
FALHA ELÉTRICA DO TRANSPORTE,FALHA ELETRICA DO TRANSPORTE,3,0.067,3,FALHA ELÉTRICA DO TRANSPORTE,CANONICAL_CANDIDATE,FALHA DE TRANSPORTE | FALHA ELÉTRICA,ELÉTRICA / ACIONAMENTO,TRANSPORTE,A VALIDAR,FALHA,FALHA ELETRICA NO TRASPORTE DE SAIDA DE ENCAIXOTADORA | FALHA ELETRICA NO TRASPORTE DE CAIXAS NA ENTRADA DA ENCAIXOTADORA 30008439289 | FALHA ELETRICA NOTRASPORTE DE SAIDA DA LAVADORA,,,,,,PENDENTE,
FALHA NA INSERÇÃO DE LATAS FALSAS,FALHA NA INSERCAO DE LATAS FALSAS,3,0.067,3,FALHA NA INSERÇÃO DE LATAS FALSAS,CANONICAL_CANDIDATE,FALHA NA INSERÇÃO DE LATAS,A VALIDAR,A VALIDAR,LATA,FALHA,"FALHA NO INSERIMENTO DA LATA FALSA , FEITO PROCEDIMENTO MANULMENTE | SISTEMA DE INSERÇÃO DE LATAS FALSAS NAO ESTÁ ATUANDO CORRETAMENTE, PRECISANDO INSERIR MANUALMENTE, NOTA : 13304467 | INSERÇÃO DE LATAS FALSAS DE FORMA MANUAL",,,,,,PENDENTE,
FALHA NA PEGA DE PALLET VAZIO,FALHA NA PEGA DE PALLET VAZIO,3,0.067,1,FALHA NA PEGA DE PALLET VAZIO,CANONICAL_CANDIDATE,,A VALIDAR,A VALIDAR,A VALIDAR,FALHA,FALHA NA PEGA DE PALLET VAZIO,,,,,,PENDENTE,
FALHA NO TROCADOR DE CALOR,FALHA NO TROCADOR DE CALOR,3,0.067,2,FALHA NO TROCADOR DE CALOR,CANONICAL_CANDIDATE,,A VALIDAR,A VALIDAR,TROCADOR DE CALOR,FALHA,"FALHA NO TROCADOR DE CALOR | FALHA NO TROCADOR DE CALOR, OCASIONANDO FALTA DE BEBIDA NA ENCHEDORA",,,,,,PENDENTE,
PACOTE FORA DE POSIÇÃO,PACOTE FORA DE POSICAO,3,0.067,3,PACOTE FORA DE POSIÇÃO,CANONICAL_CANDIDATE,,EMBALAGEM / MOVIMENTAÇÃO,EMPACOTAMENTO,PACOTE,A VALIDAR,PACOTE VIRADO NA MESA DE FORMAÇÃO | PACOTE ENTROU VIRADO NA MESA DE COMPACTAÇÃO CAUSANDO ESTOURO DE LATAS | PACOTE VIRADO NA MESA DE COMAPCTAÇÃO,,,,,,PENDENTE,
QUEBRA DE BRAÇO,QUEBRA DE BRACO,3,0.067,2,QUEBRA DE BRAÇO,CANONICAL_CANDIDATE,,A VALIDAR,A VALIDAR,A VALIDAR,QUEBRA,QUEBROU BRAÇO DO EMPURADOR DE TAMPAS CSW | QUEBRA DO BRAÇO DE TORÇÃO DO MOTOREDUTOR TAG 223M1,,,,,,PENDENTE,
ROMPIMENTO DE MANGUEIRA,ROMPIMENTO DE MANGUEIRA,3,0.067,3,ROMPIMENTO DE MANGUEIRA,CANONICAL_CANDIDATE,,A VALIDAR,A VALIDAR,MANGUEIRA,ROMPIMENTO,"ROMPIMENTO DA MANGUEIRA PNEUMATICA, OCASIONANDO TRAVAMENTO DO COMPACTADOR DE CAMADAS. ORDEM- 30008170585 | MANGUEIRA RASGADA | MANGUEIRA DE VACUO DO CABEÇOTE FURADA NOTA:30008724068",,,,,,PENDENTE,
ROMPIMENTO DE MANGUEIRA DE ÁGUA,ROMPIMENTO DE MANGUEIRA DE AGUA,3,0.067,3,ROMPIMENTO DE MANGUEIRA DE ÁGUA,CANONICAL_CANDIDATE,ROMPIMENTO DE MANGUEIRA,A VALIDAR,A VALIDAR,MANGUEIRA,ROMPIMENTO,"ROMPIMENTO DA MANGUEIRA DE AGUA DA ROTULADORA | VAZAMENTO DE AGUA NA MANGUEIRA DA ROTULADORA, ROMPIIMENTO DA CONEXÃO PNEUMATICA ORDEM: 3000848802 | ROMPIMENTO DA MANGUEIRA DE AGUA",,,,,,PENDENTE,
TRAVAMENTO DE GARRAFAS NA SAÍDA DA LAVADORA,TRAVAMENTO DE GARRAFAS NA SAIDA DA LAVADORA,3,0.067,3,TRAVAMENTO DE GARRAFAS NA SAÍDA DA LAVADORA,CANONICAL_CANDIDATE,,A VALIDAR,A VALIDAR,GARRAFA,TRAVAMENTO,TRVAMENTO NA SAIDA DA LAVADORA | TRAVAMENTO NA SAIDA DA LAVADORA | TRAVAMENTO DE GARRAFA NA SAIDA DA LAVADORA,,,,,,PENDENTE,
TRAVAMENTO DE ROLO DE COLA,TRAVAMENTO DE ROLO DE COLA,3,0.067,1,TRAVAMENTO DE ROLO DE COLA,CANONICAL_CANDIDATE,,A VALIDAR,A VALIDAR,A VALIDAR,TRAVAMENTO,ROLO DE TRANSFERÊNCIA DE COLA DO AGREGADO 2 TRAVANDO,,,,,,PENDENTE,
VAZAMENTO,VAZAMENTO,3,0.067,3,VAZAMENTO,CANONICAL_CANDIDATE,,A VALIDAR,A VALIDAR,A VALIDAR,VAZAMENTO,"TUBULAÇÃO DE XAROPE COM VAZAMENTO | VAZAMENTO DE SODA NO TANQUE 2 30008310740 | VAZAMENTO DE AGUA NO FILTRO POLIDOR,GERANDO FALHA NOS JATOS FINAIS.",,,,,,PENDENTE,
ALTERAÇÃO DA VELOCIDADE DO DEVICER,ALTERACAO DA VELOCIDADE DO DEVICER,2,0.0446,1,ALTERAÇÃO DA VELOCIDADE DO DEVICER,CANONICAL_CANDIDATE,,A VALIDAR,A VALIDAR,A VALIDAR,A VALIDAR,ALTERAÇÃO DA VELOCIDADE DO DEVICER,,,,,,PENDENTE,
ATUAÇÃO/QUEIMA DE FUSÍVEL,ATUACAO QUEIMA DE FUSIVEL,2,0.0446,2,ATUAÇÃO/QUEIMA DE FUSÍVEL,CANONICAL_CANDIDATE,,ELÉTRICA / ACIONAMENTO,A VALIDAR,A VALIDAR,QUEIMA,"QUEIMA DO FUSÌVEL DA BARREIRA | FUSIVEL NA PLACADA DISTRIBUIÇÃO DISPAROU,TROCA DO FUSIVEL",,,,,,PENDENTE,
AUSÊNCIA DE PARAFUSO DE FIXAÇÃO,AUSENCIA DE PARAFUSO DE FIXACAO,2,0.0446,2,AUSÊNCIA DE PARAFUSO DE FIXAÇÃO,CANONICAL_CANDIDATE,,A VALIDAR,A VALIDAR,A VALIDAR,AUSÊNCIA,SEM PARAFUSO NO SUPORTE DA TULIPA NUMERO 44E60 | FALTA DO PARAFUSO DO SUPORTE DA TULIPA NUMERO 67,,,,,,PENDENTE,
COLISÃO DO BRAÇO DE ESTIRAMENTO,COLISAO DO BRACO DE ESTIRAMENTO,2,0.0446,2,COLISÃO DO BRAÇO DE ESTIRAMENTO,CANONICAL_CANDIDATE,,A VALIDAR,A VALIDAR,A VALIDAR,A VALIDAR,BRAÇO DO ESTIRAMENTO COLEDINDO COM O ROLO DE CARPETE 30008404449 | BRAÇO DO ESTIRAMENTO COLEDINDO COM O ROLO DE CARPETE 30008406795,,,,,,PENDENTE,
DEGRADAÇÃO DE MANGUEIRA,DEGRADACAO DE MANGUEIRA,2,0.0446,1,DEGRADAÇÃO DE MANGUEIRA,CANONICAL_CANDIDATE,,A VALIDAR,A VALIDAR,MANGUEIRA,A VALIDAR,MANGUEIRAS RESSECADAS NO FORNO,,,,,,PENDENTE,
DESALINHAMENTO DO BRAÇO DE CENTRAGEM,DESALINHAMENTO DO BRACO DE CENTRAGEM,2,0.0446,1,DESALINHAMENTO DO BRAÇO DE CENTRAGEM,CANONICAL_CANDIDATE,,A VALIDAR,A VALIDAR,A VALIDAR,DESALINHAMENTO,AJUSTEDA POSICAO DO BRAÇO EMPURRADOR CENTRAGEM DE CAMADAS 30008360239,,,,,,PENDENTE,
DESARME DE PAINEL,DESARME DE PAINEL,2,0.0446,2,DESARME DE PAINEL,CANONICAL_CANDIDATE,,A VALIDAR,A VALIDAR,A VALIDAR,DESARME,"ENCAIXOTADORA DESARMOU NO PAINEL , TEVE QUE SER ACIONADO A ELETRICA | PALETIZADORA COM PAINEL DESARMADO ORDEM 30008626800",,,,,,PENDENTE,
DESARME DE PAINEL DE COMANDO,DESARME DE PAINEL DE COMANDO,2,0.0446,1,DESARME DE PAINEL DE COMANDO,CANONICAL_CANDIDATE,DESARME DE PAINEL,A VALIDAR,A VALIDAR,A VALIDAR,DESARME,DESARME DO PAINEL DE COMANDOS ELETRICOS,,,,,,PENDENTE,
ENTUPIMENTO,ENTUPIMENTO,2,0.0446,2,ENTUPIMENTO,CANONICAL_CANDIDATE,,A VALIDAR,A VALIDAR,A VALIDAR,ENTUPIMENTO,ENTUPIMENTO DA TUBULAÇÃO | BICO DO GÁS 1 OBSTRUIDO,,,,,,PENDENTE,
ESTABILIDADE DE EQUIPAMENTO,ESTABILIDADE DE EQUIPAMENTO,2,0.0446,1,ESTABILIDADE DE EQUIPAMENTO,CANONICAL_CANDIDATE,,A VALIDAR,A VALIDAR,A VALIDAR,A VALIDAR,ESTABILIDADE DE EQUIPAMENTO,,,,,,PENDENTE,
ETICADOR DE CORRENTE ESCAPOU,ETICADOR DE CORRENTE ESCAPOU,2,0.0446,2,ETICADOR DE CORRENTE ESCAPOU,CANONICAL_CANDIDATE,,MECÂNICA,A VALIDAR,CORRENTE,A VALIDAR,"ESCAPOU O ESTICADOR DE CORRENTE, GERANDO ACUMULO DE GARRAFAS NA SAIDA DA PALETIZADORA | ESCAPOU O ESTICADOR DE CORRENTE, GERANDO ACUMULO DE GARRAFAS NA SAIDA DA PALETIZADORA ORDEM: 30008403373",,,,,,PENDENTE,
FALHA DE ACOPLAMENTO,FALHA DE ACOPLAMENTO,2,0.0446,2,FALHA DE ACOPLAMENTO,CANONICAL_CANDIDATE,,A VALIDAR,A VALIDAR,A VALIDAR,FALHA,FREIO DE ELEVAÇÃO E ACOPLAMENTO DANIFICADO | ACOPLAMENTO DO TRANSPORTE DO ALIMENTADOR 1 DANIFICADO,,,,,,PENDENTE,
FALHA DE ALIMENTAÇÃO,FALHA DE ALIMENTACAO,2,0.0446,2,FALHA DE ALIMENTAÇÃO,CANONICAL_CANDIDATE,,A VALIDAR,A VALIDAR,A VALIDAR,FALHA,"FALHA NO ENVIO | FALHA NO ABASTECIMENTO, ORDEM : 30008755909",,,,,,PENDENTE,
FALHA DE ATUADOR,FALHA DE ATUADOR,2,0.0446,2,FALHA DE ATUADOR,CANONICAL_CANDIDATE,,A VALIDAR,A VALIDAR,A VALIDAR,FALHA,FALHA PISTÃO LIBERAÇÃO DE TAMPAS | TROCA DA ROLDANA DO PISTÃO Nº 01,,,,,,PENDENTE,
FALHA DE ATUADOR DO DEVAISER,FALHA DE ATUADOR DO DEVAISER,2,0.0446,2,FALHA DE ATUADOR DO DEVAISER,CANONICAL_CANDIDATE,FALHA DE ATUADOR,A VALIDAR,A VALIDAR,A VALIDAR,FALHA,ENROSCANDO CAIXAS NA ENTRADA REPARO NO PISTÃO CENTRAL DO DEVAISER | ENROSCANDO CAIXAS NA ENTRADA AJUSTE NO PISTÃO CENTRALDO DEVAISER,,,,,,PENDENTE,
FALHA DE CAME,FALHA DE CAME,2,0.0446,2,FALHA DE CAME,CANONICAL_CANDIDATE,,A VALIDAR,A VALIDAR,A VALIDAR,FALHA,TROCA DA PONTA DO CAME ORDEM 30008591391 | TRAVAMENTO DO CAME,,,,,,PENDENTE,
FALHA DE COLISÃO DA GAIOLA,FALHA DE COLISAO DA GAIOLA,2,0.0446,1,FALHA DE COLISÃO DA GAIOLA,CANONICAL_CANDIDATE,,A VALIDAR,A VALIDAR,A VALIDAR,FALHA,FALHA DE COLISAO DA GAIOLA | FALHA DE COLISÃO DA GAIOLA,,,,,,PENDENTE,
FALHA DE CONTAGEM DE PRODUTO,FALHA DE CONTAGEM DE PRODUTO,2,0.0446,1,FALHA DE CONTAGEM DE PRODUTO,CANONICAL_CANDIDATE,FALHA DE CONTAGEM,A VALIDAR,A VALIDAR,A VALIDAR,FALHA,PASSANDO LATA A MAIS NO SISTEMA DE FORMAÇÃO DE PACOTE,,,,,,PENDENTE,
FALHA DE DIMENSIONAMENTO DE CAMADA,FALHA DE DIMENSIONAMENTO DE CAMADA,2,0.0446,2,FALHA DE DIMENSIONAMENTO DE CAMADA,CANONICAL_CANDIDATE,,A VALIDAR,A VALIDAR,A VALIDAR,FALHA,FALHA DIMENSIONAMENTO DE CAMADAS DE EMPURRO. ORDEM- 30008394392 | FALHA DIMENSIONAMENTO DE CAMADAS. ORDEM- 30008478955,,,,,,PENDENTE,
FALHA DE FORMAÇÃO DE CAIXA,FALHA DE FORMACAO DE CAIXA,2,0.0446,2,FALHA DE FORMAÇÃO DE CAIXA,CANONICAL_CANDIDATE,,A VALIDAR,A VALIDAR,CAIXA,FALHA,FALHA DE FORMAÇÃO COM CAIXA A MENOS | FALHA CAIXA A MENOS E QUEDA DE CAIXAS CAMADA SUPERIOR,,,,,,PENDENTE,
FALHA DE JATOS DE ENXÁGUE,FALHA DE JATOS DE ENXAGUE,2,0.0446,2,FALHA DE JATOS DE ENXÁGUE,CANONICAL_CANDIDATE,,A VALIDAR,A VALIDAR,A VALIDAR,FALHA,JATOS FINAIS BAIXOS . ORDEM ;30008465755 | FALHA NO JATO FINAIS.,,,,,,PENDENTE,
FALHA DE LEITURA DA GARRAFA TESTE,FALHA DE LEITURA DA GARRAFA TESTE,2,0.0446,2,FALHA DE LEITURA DA GARRAFA TESTE,CANONICAL_CANDIDATE,FALHA DE LEITURA,AUTOMAÇÃO / INSTRUMENTAÇÃO,A VALIDAR,GARRAFA,FALHA,FALHA NA LEITURA DA GARRAFA TESTE | FALHA NA GARRAFA TESTE NUMERO 13 ( 30008862120 NOTA 13375889 ),,,,,,PENDENTE,
FALHA DE LUBRIFICAÇÃO,FALHA DE LUBRIFICACAO,2,0.0446,2,FALHA DE LUBRIFICAÇÃO,CANONICAL_CANDIDATE,,A VALIDAR,A VALIDAR,A VALIDAR,FALHA,CAINDO GRAXA NO CAPSULADOR | TRAVAMENTO POR FALTA DE GRAXA,,,,,,PENDENTE,
FALHA DE MIXER,FALHA DE MIXER,2,0.0446,2,FALHA DE MIXER,CANONICAL_CANDIDATE,,A VALIDAR,A VALIDAR,A VALIDAR,FALHA,FALHA NO PARAMIX | FALHA NO MIXER ORDEM 30008716794,,,,,,PENDENTE,
FALHA DE PINO DE SEPARAÇÃO,FALHA DE PINO DE SEPARACAO,2,0.0446,2,FALHA DE PINO DE SEPARAÇÃO,CANONICAL_CANDIDATE,FALHA DE PINO,A VALIDAR,A VALIDAR,A VALIDAR,FALHA,PINO DE SEPARACAO FORA DA POSICAO | QUEDA DE GFS NOS PINO DE SEPARAÇÃO/ FORA DE SINCRONISMO,,,,,,PENDENTE,
FALHA DE POSICIONAMENTO DE PALETE,FALHA DE POSICIONAMENTO DE PALETE,2,0.0446,1,FALHA DE POSICIONAMENTO DE PALETE,CANONICAL_CANDIDATE,,EMBALAGEM / MOVIMENTAÇÃO,PALETIZAÇÃO,PALETE,FALHA,"COLUNA DE PALLET EM MOVIMENTO DE ENTRADA,GERANDO FALHA EM TODAS AS PORTAS DA PALETIZADORA",,,,,,PENDENTE,
FALHA DE POSICIONAMENTO DO CABEÇOTE,FALHA DE POSICIONAMENTO DO CABECOTE,2,0.0446,2,FALHA DE POSICIONAMENTO DO CABEÇOTE,CANONICAL_CANDIDATE,FALHA DE CABEÇOTE,A VALIDAR,A VALIDAR,CABEÇOTE,FALHA,A CABECA DA MAQUINA SUBIU CAUSANDO A NIVEIS BAIXOS . ORDEM 300008235403 | ALTERAÇÃO DA ALTURA DO CABEÇOTE,,,,,,PENDENTE,
FALHA DE PRESSURIZAÇÃO DA ENCHEDORA,FALHA DE PRESSURIZACAO DA ENCHEDORA,2,0.0446,2,FALHA DE PRESSURIZAÇÃO DA ENCHEDORA,CANONICAL_CANDIDATE,FALHA DE PRESSURIZAÇÃO,PROCESSO / PRODUÇÃO,ENCHIMENTO,A VALIDAR,FALHA,FALHA PRESSÃO NO CABEÇOTE DA ENCHEDORA ORDEM 30008291471 | PERDA DE PRESSÃO DA CABEÇA DA ENCHEDORA,,,,,,PENDENTE,
FALHA DE PRESSÃO,FALHA DE PRESSAO,2,0.0446,2,FALHA DE PRESSÃO,CANONICAL_CANDIDATE,,A VALIDAR,A VALIDAR,A VALIDAR,FALHA,"FALHA DE PRESSURIZAÇÃO GERANDO FALHA NO NIVEL DE BEBIDA DE TANQUE, PARANDO ENC | NAS RETOMADAS ENCHEDORA ESTÁ PERDENDO PRESSÃO E GERANDO FALHA DE (FMC)",,,,,,PENDENTE,
FALHA DE RELÉ DE SEGURANÇA,FALHA DE RELE DE SEGURANCA,2,0.0446,2,FALHA DE RELÉ DE SEGURANÇA,CANONICAL_CANDIDATE,FALHA DE SEGURANÇA,SEGURANÇA,SEGURANÇA,RELÉ DE SEGURANÇA,FALHA,FALHA NO RELE DE SEGURANÇA DE PARAGEM DE EMERGIA | FALHA NO RELE DE SEGURANÇA,,,,,,PENDENTE,
FALHA DE SECAGEM DE RÓTULO,FALHA DE SECAGEM DE ROTULO,2,0.0446,1,FALHA DE SECAGEM DE RÓTULO,CANONICAL_CANDIDATE,,EMBALAGEM / MOVIMENTAÇÃO,ROTULAGEM,RÓTULO,FALHA,FALHA TUNEL SECAGEM DE ROTULOS NA ENTRADA DA ROTULADORA,,,,,,PENDENTE,
FALHA DE SEGMENTOS,FALHA DE SEGMENTOS,2,0.0446,2,FALHA DE SEGMENTOS,CANONICAL_CANDIDATE,,A VALIDAR,A VALIDAR,A VALIDAR,FALHA,"PERDA DE SONCRONISMO NA MESA DE SEGMENTO | SEGUIMENTO ERRANDO A GARRAFA DURANTE A REJEIÇÃO, OCASIONANDO FALHA NO EQUIPAMENTO NOTA: 30008791655",,,,,,PENDENTE,
FALHA DE SEQUENCIAMENTO DA PALETIZADORA,FALHA DE SEQUENCIAMENTO DA PALETIZADORA,2,0.0446,1,FALHA DE SEQUENCIAMENTO DA PALETIZADORA,CANONICAL_CANDIDATE,,A VALIDAR,PALETIZAÇÃO,A VALIDAR,FALHA,"PALETIZADORA INICIOU A MONTAGEM DAS CAMADAS SEM O PALETE MONTADO ANTERIOR TER SAIDO, GERANDO COLISÃO ENTRE GAIOLA E PALETE.",,,,,,PENDENTE,
FALHA DE TRANSDUTOR,FALHA DE TRANSDUTOR,2,0.0446,2,FALHA DE TRANSDUTOR,CANONICAL_CANDIDATE,,A VALIDAR,A VALIDAR,A VALIDAR,FALHA,FALHA NO TRANSDUTOR DIFERENCIAL DE PRESSÃO ORDEM 30008740141 | FALHA NO TRANSDUTOR DE PRESSÃO 30008807193,,,,,,PENDENTE,
FALHA DE TRANSPORTE DE GARRAFAS,FALHA DE TRANSPORTE DE GARRAFAS,2,0.0446,2,FALHA DE TRANSPORTE DE GARRAFAS,CANONICAL_CANDIDATE,FALHA DE TRANSPORTE,A VALIDAR,TRANSPORTE,GARRAFA,FALHA,FALHA TRANSPORTE GARRAFAS NA SAIDA DA DESENCAIXATADORA ORDEM: 30008241763 | ALINHAMENTO DA MESA COM DEGRAU TOMBANDO GARRAFAS,,,,,,PENDENTE,
FALHA DE TRANSPORTE DE PALETES,FALHA DE TRANSPORTE DE PALETES,2,0.0446,2,FALHA DE TRANSPORTE DE PALETES,CANONICAL_CANDIDATE,FALHA DE TRANSPORTE,EMBALAGEM / MOVIMENTAÇÃO,TRANSPORTE,PALETE,FALHA,FALHA NO TRANSPORTE DE PALETES 8241859 | FALHA NO TRANSPORTE DE PALETE (300086919514),,,,,,PENDENTE,
FALHA DE VÁLVULA DE XAROPE,FALHA DE VALVULA DE XAROPE,2,0.0446,2,FALHA DE VÁLVULA DE XAROPE,CANONICAL_CANDIDATE,FALHA DE VÁLVULA | FALHA NA VALVULA,PROCESSO / PRODUÇÃO,A VALIDAR,VÁLVULA,FALHA,ATUAÇÃO NA VALVULA DE XAROPE | FALHA NA VÁLVULA DE XAROPE - ORDEM - 30008799753,,,,,,PENDENTE,
FALHA DE VÁLVULA DE ÁGUA,FALHA DE VALVULA DE AGUA,2,0.0446,1,FALHA DE VÁLVULA DE ÁGUA,CANONICAL_CANDIDATE,FALHA DE VÁLVULA | FALHA NA VALVULA,A VALIDAR,A VALIDAR,VÁLVULA,FALHA,FALHA NA VALVULA DE AGUA DO TANQUE 1 ( 30008362135 ) VÁLVULA EM MANUAL,,,,,,PENDENTE,
FALHA DO COLOCADOR DE CARTÃO,FALHA DO COLOCADOR DE CARTAO,2,0.0446,2,FALHA DO COLOCADOR DE CARTÃO,CANONICAL_CANDIDATE,,A VALIDAR,A VALIDAR,A VALIDAR,FALHA,"FALHA NO COLOCADOR DE CARTÃO, ORDEM : 30008724728 | ROBO SOLTOU CARTÃO NO MEIO DO TRAJETO, CAIU NA FRENTE DA BARREIRA, MAQUINA SE PERDEU NOS CICLOS AUTOMATICOS",,,,,,PENDENTE,
FALHA DO SECADOR DE GARRAFAS,FALHA DO SECADOR DE GARRAFAS,2,0.0446,2,FALHA DO SECADOR DE GARRAFAS,CANONICAL_CANDIDATE,,A VALIDAR,A VALIDAR,GARRAFA,FALHA,FALHA SECADORA DE GARRAFAS | FALHA NO SECADOR DE GARRAFAS,,,,,,PENDENTE,
FALHA EM ENVIAR TAMPAS PARA ENCHEDORA,FALHA EM ENVIAR TAMPAS PARA ENCHEDORA,2,0.0446,1,FALHA EM ENVIAR TAMPAS PARA ENCHEDORA,CANONICAL_CANDIDATE,,EMBALAGEM / MOVIMENTAÇÃO,ENCHIMENTO,TAMPA,FALHA,FALHA EM ENVIAR TAMPAS PARA ENCHEDORA,,,,,,PENDENTE,
FALHA NA DESCIDA DE TAMPAS,FALHA NA DESCIDA DE TAMPAS,2,0.0446,2,FALHA NA DESCIDA DE TAMPAS,CANONICAL_CANDIDATE,,EMBALAGEM / MOVIMENTAÇÃO,TAMPAMENTO,TAMPA,FALHA,"FALHA NA DESCIDA DE TAMPAS, BAIXA PRESSÃO DO AR | FALHA DESCIDA TAMPA - BAIXA PRESSÃO DO AR",,,,,,PENDENTE,
FALHA NA SAÍDA DE PALETES,FALHA NA SAIDA DE PALETES,2,0.0446,2,FALHA NA SAÍDA DE PALETES,CANONICAL_CANDIDATE,,EMBALAGEM / MOVIMENTAÇÃO,PALETIZAÇÃO,PALETE,FALHA,FALHA NA SAIDA DE PALETES VAZIOS (30008308978) | ERRO DE SAÍDA DE PALLET,,,,,,PENDENTE,
FALHA NO AVANÇO DE PALETES PARA PALETIZAR,FALHA NO AVANCO DE PALETES PARA PALETIZAR,2,0.0446,2,FALHA NO AVANÇO DE PALETES PARA PALETIZAR,CANONICAL_CANDIDATE,,EMBALAGEM / MOVIMENTAÇÃO,PALETIZAÇÃO,PALETE,FALHA,FALHA DE AVANÇO DE PALETES DESPAL PARA PAL | FALHA AVANÇO DE PALATE DESPAL PARA PAL,,,,,,PENDENTE,
FALHA NO BOTÃO RESET,FALHA NO BOTAO RESET,2,0.0446,1,FALHA DE BOTÃO DE RESET,ALIAS_CANDIDATE,,A VALIDAR,A VALIDAR,BOTÃO,FALHA,BOTÃO RESET EM FALHA. KHS ATUOU. | BOTÃO RESET EM FALHA. KHS ATUOU,,,,,,PENDENTE,
FALHA NO DEPOSITO DE PALLET,FALHA NO DEPOSITO DE PALLET,2,0.0446,1,FALHA NO DEPOSITO DE PALLET,CANONICAL_CANDIDATE,,A VALIDAR,A VALIDAR,A VALIDAR,FALHA,FALHA NO DEPOSITO DE PALLET VAZIO,,,,,,PENDENTE,
FALHA NO FLUXO DE PALETES,FALHA NO FLUXO DE PALETES,2,0.0446,1,FALHA NO FLUXO DE PALETES,CANONICAL_CANDIDATE,,EMBALAGEM / MOVIMENTAÇÃO,PALETIZAÇÃO,PALETE,FALHA,RETIRADA DO PALETE MANUALMENTE GERANDO ESPÇOS NO TRANSPORTE DE LATAS,,,,,,PENDENTE,
FALHA NO SISTEMA DE INSERÇÃO DE FALSA GARRAFA,FALHA NO SISTEMA DE INSERCAO DE FALSA GARRAFA,2,0.0446,2,FALHA NO SISTEMA DE INSERÇÃO DE FALSA GARRAFA,CANONICAL_CANDIDATE,,A VALIDAR,A VALIDAR,GARRAFA,FALHA,FALHA NO SISTEMA DE INSERIMENTO DE FALSA GARRAFA | FALHA NO SISTEMA DE INSERÇÃO DE FALSA GARRAFA,,,,,,PENDENTE,
FALHA NO VIRADOR DE CAIXAS,FALHA NO VIRADOR DE CAIXAS,2,0.0446,2,FALHA NO VIRADOR DE CAIXAS,CANONICAL_CANDIDATE,,A VALIDAR,A VALIDAR,CAIXA,FALHA,FALHA BLOQUEIO NO VIRADOR DE CAIXAS ORDEM:30008618633 | VIRADOR DE CAIXA COM FALHA,,,,,,PENDENTE,
GARRAFAS TORTAS NA SAÍDA DO RINSER,GARRAFAS TORTAS NA SAIDA DO RINSER,2,0.0446,2,GARRAFAS TORTAS NA SAÍDA DO RINSER,CANONICAL_CANDIDATE,,A VALIDAR,A VALIDAR,GARRAFA,A VALIDAR,GFS TORTAS NA SAIDA DO RINSER NOTA 30008119534 | GFS TORTAS NA SAIDA DO RINSER,,,,,,PENDENTE,
PENTES SOLTOS,PENTES SOLTOS,2,0.0446,1,PENTES SOLTOS,CANONICAL_CANDIDATE,,A VALIDAR,A VALIDAR,A VALIDAR,A VALIDAR,PENTE SEM PORCA DE FIXAÇÃO SE SOLTOU TRAVANDO EQUIPAMENTO / 30008359530,,,,,,PENDENTE,
PERDA DE REFERÊNCIA / HOME,PERDA DE REFERENCIA HOME,2,0.0446,2,PERDA DE REFERÊNCIA / HOME,CANONICAL_CANDIDATE,PERDA DE REFERÊNCIA,A VALIDAR,A VALIDAR,A VALIDAR,PERDA,PERDA DE REFERÊNCIA NO CORTE DE FILME | MAQUINA SE PERDEU APÓS TROCA DE FILME,,,,,,PENDENTE,
PINO DE SEPARAÇÃO TRAVADO,PINO DE SEPARACAO TRAVADO,2,0.0446,2,PINO DE SEPARAÇÃO TRAVADO,CANONICAL_CANDIDATE,,A VALIDAR,A VALIDAR,A VALIDAR,TRAVAMENTO,PINO DE SEPARAÇÃO TRAVADO - 30008420573 | GARRAFA SEM TAMPA TRAVOU NO PINO DE SEPARAÇÃO,,,,,,PENDENTE,
PROBLEMA NA TAMPA DA LATA,PROBLEMA NA TAMPA DA LATA,2,0.0446,1,PROBLEMA NA TAMPA DA LATA,CANONICAL_CANDIDATE,,EMBALAGEM / MOVIMENTAÇÃO,TAMPAMENTO,TAMPA,A VALIDAR,REALIZANDO VERIFICAÇÃO DEVIDO PROBLEMA APRESENTADO NA TAMPA DA LATA,,,,,,PENDENTE,
QUEBRA DE ENGRENAGEM,QUEBRA DE ENGRENAGEM,2,0.0446,2,QUEBRA DE ENGRENAGEM,CANONICAL_CANDIDATE,,MECÂNICA,A VALIDAR,ENGRENAGEM,QUEBRA,QUEBRA DA ENGRENAGEM DO TRANSPORTE DA HEUFT | QUEBRA DA ENGRENAGEM PLANETÁRIA ORDEM (30008775073),,,,,,PENDENTE,
QUEBRA DE RÉGUA,QUEBRA DE REGUA,2,0.0446,2,QUEBRA DE RÉGUA,CANONICAL_CANDIDATE,,A VALIDAR,A VALIDAR,A VALIDAR,QUEBRA,QUEBRA DA REGUA(30008320897) | QUEBRA DA RÉGUA DE ENVOLVIMENTO,,,,,,PENDENTE,
QUEBRA NO EIXO DA TAMPA DO ARROLHADOR,QUEBRA NO EIXO DA TAMPA DO ARROLHADOR,2,0.0446,2,QUEBRA NO EIXO DA TAMPA DO ARROLHADOR,CANONICAL_CANDIDATE,QUEBRA DE EIXO,EMBALAGEM / MOVIMENTAÇÃO,TAMPAMENTO,EIXO,QUEBRA,PEÇA DANIFICADA DO EIXO DO ROLAMENTO CAUSANDO FALTA DE TAMPAS | FALTA DE PEÇA DO EIXO DO ROOALMENTO CAUSANDO FALTA DE TAMPAS,,,,,,PENDENTE,
ROMPIMENTO DE ESTEIRA/LONA,ROMPIMENTO DE ESTEIRA LONA,2,0.0446,2,ROMPIMENTO DE ESTEIRA/LONA,CANONICAL_CANDIDATE,,MECÂNICA,TRANSPORTE,ESTEIRA,ROMPIMENTO,"LONA DE SAIDA DO FORNO RASGANDO, FEITO AJUSTE | LONA DA ENTRADA DA PALETIZADORA RASGADA",,,,,,PENDENTE,
SAÍDA DE GARRAFAS COM TAMPA TORTA,SAIDA DE GARRAFAS COM TAMPA TORTA,2,0.0446,1,SAÍDA DE GARRAFAS COM TAMPA TORTA,CANONICAL_CANDIDATE,,EMBALAGEM / MOVIMENTAÇÃO,TAMPAMENTO,TAMPA,A VALIDAR,SAINDO GFS COM TAMPA TORTA,,,,,,PENDENTE,
TAB DANIFICADO,TAB DANIFICADO,2,0.0446,1,TAB DANIFICADO,CANONICAL_CANDIDATE,,A VALIDAR,A VALIDAR,A VALIDAR,A VALIDAR,TAB DANIFICADO GERANDO ENROSCO.,,,,,,PENDENTE,
TRAVAMENTO DE BOIA,TRAVAMENTO DE BOIA,2,0.0446,2,TRAVAMENTO DE BOIA,CANONICAL_CANDIDATE,,A VALIDAR,A VALIDAR,A VALIDAR,TRAVAMENTO,"BOIA DA ENCHEDORA TRAVADA , CAUSANDO NIVEIS BAIXOS NAS GARRAFAS , FOI FEITO A LIMPEZA E VOLTOU AO NORMAL | BOIA DA CUBA DE AGUA TRAVANDO",,,,,,PENDENTE,
TRAVAMENTO DE CILINDRO ROTATIVO,TRAVAMENTO DE CILINDRO ROTATIVO,2,0.0446,2,TRAVAMENTO DE CILINDRO ROTATIVO,CANONICAL_CANDIDATE,,PNEUMÁTICA,A VALIDAR,CILINDRO,TRAVAMENTO,CILINDROROTATIVO DO AGREGADO 2 TRAVADO | CILINDROROTATIVO DO AGREGADO 2 TRAVADO ( ESVAZIANDO A LAVADORA ) - ORDEM 30008465711,,,,,,PENDENTE,
TRAVAMENTO DE ELEVADOR,TRAVAMENTO DE ELEVADOR,2,0.0446,2,TRAVAMENTO DE ELEVADOR,CANONICAL_CANDIDATE,,MECÂNICA,TRANSPORTE,ELEVADOR,TRAVAMENTO,ELEVADOR DE TUBETE TRAVADO | ELEVADOR DE ENVOLVIMENTO TRAVANDO NA DESCIDA,,,,,,PENDENTE,
TRAVAMENTO DE PINÇA,TRAVAMENTO DE PINCA,2,0.0446,2,TRAVAMENTO DE PINÇA,CANONICAL_CANDIDATE,,A VALIDAR,ROBÓTICA / MANIPULAÇÃO,PINÇA,TRAVAMENTO,PINSA NÚMERO 5 TRAVADA | TRAVAMENTO DA PINÇA NUMERO 12,,,,,,PENDENTE,
TRAVAMENTO DO CAPSULADOR,TRAVAMENTO DO CAPSULADOR,2,0.0446,2,TRAVAMENTO DO CAPSULADOR,CANONICAL_CANDIDATE,,A VALIDAR,A VALIDAR,A VALIDAR,TRAVAMENTO,CAPSULADOR NUMERO 5 TRAVO | CAPSULADOR COM PINO DA TRAVA SOLTO,,,,,,PENDENTE,
TRAVAMENTO NA ALIMENTAÇÃO DE TAMPAS,TRAVAMENTO NA ALIMENTACAO DE TAMPAS,2,0.0446,1,TRAVAMENTO NA ALIMENTAÇÃO DE TAMPAS,CANONICAL_CANDIDATE,,EMBALAGEM / MOVIMENTAÇÃO,TAMPAMENTO,TAMPA,TRAVAMENTO,FALHA NO ALIMENTADOR DE TAMPA TRAVADAS EM ALIMENTAÇÃODE TAMPA.,,,,,,PENDENTE,
VAZAMENTO NO COLETOR COM GÁS BAIXO,VAZAMENTO NO COLETOR COM GAS BAIXO,2,0.0446,1,VAZAMENTO NO COLETOR COM GÁS BAIXO,CANONICAL_CANDIDATE,VAZAMENTO EM COLETOR,A VALIDAR,A VALIDAR,A VALIDAR,VAZAMENTO,VAZAMENTO DO COLETOR GERANDO GÁS BAIXO NA PARTIDA,,,,,,PENDENTE,
VAZAMENTO PNEUMÁTICO,VAZAMENTO PNEUMATICO,2,0.0446,2,VAZAMENTO PNEUMÁTICO,CANONICAL_CANDIDATE,,PNEUMÁTICA,A VALIDAR,A VALIDAR,VAZAMENTO,VAZAMENTO DE AR NO PISTÃO ORDEM 30008462801 | VAZAMENTO NA MANGUEIRA DO CABEÇOTE,,,,,,PENDENTE,
ACÚMULO TAMPAS BUFFER FALHA,ACUMULO TAMPAS BUFFER FALHA,1,0.0223,1,ACÚMULO TAMPAS BUFFER FALHA,CANONICAL_CANDIDATE,,EMBALAGEM / MOVIMENTAÇÃO,TAMPAMENTO,TAMPA,FALHA,FALHA NO ACÚMULO DE TAMPAS DO BUFFER,,,,,,PENDENTE,
AFROUXAMENTO DE PARAFUSO DE FIXAÇÃO,AFROUXAMENTO DE PARAFUSO DE FIXACAO,1,0.0223,1,AFROUXAMENTO DE PARAFUSO DE FIXAÇÃO,CANONICAL_CANDIDATE,,A VALIDAR,A VALIDAR,A VALIDAR,A VALIDAR,"PARAFUSO DE FIXAÇÃO DA MESA DE CARGA SAINDO APERTO, FOI PRECISO SUBSTITUIR, ORDEM : 30008862422",,,,,,PENDENTE,
ALIMENTAÇÃO TAMPAS FALHA,ALIMENTACAO TAMPAS FALHA,1,0.0223,1,ALIMENTAÇÃO TAMPAS FALHA,CANONICAL_CANDIDATE,FALHA DE ALIMENTAÇÃO,EMBALAGEM / MOVIMENTAÇÃO,TAMPAMENTO,TAMPA,FALHA,"FALHA NA ALIMENTAÇÃO DE TAMPAS, PERDENDO O CICLO AUTOMATICO, ABRINDO ESPAÇO NA CASCATA",,,,,,PENDENTE,
ATUAÇÃO DO CIRCUITO DE EMERGÊNCIA,ATUACAO DO CIRCUITO DE EMERGENCIA,1,0.0223,1,ATUAÇÃO DO CIRCUITO DE EMERGÊNCIA,CANONICAL_CANDIDATE,,A VALIDAR,A VALIDAR,A VALIDAR,A VALIDAR,CIRCUITO DE EMERGENCIA ACIONADO,,,,,,PENDENTE,
BAIXA VELOCIDADE DE ESTEIRA,BAIXA VELOCIDADE DE ESTEIRA,1,0.0223,1,BAIXA VELOCIDADE DE ESTEIRA,CANONICAL_CANDIDATE,,MECÂNICA,TRANSPORTE,ESTEIRA,A VALIDAR,ESTEIRA DE SAIDA DO FORNO EM BAIXA ROTAÇÃO,,,,,,PENDENTE,
COLISÃO DO EMPURRADOR,COLISAO DO EMPURRADOR,1,0.0223,1,COLISÃO DO EMPURRADOR,CANONICAL_CANDIDATE,,A VALIDAR,A VALIDAR,A VALIDAR,A VALIDAR,COLISÃO DO PISTÃO DO EMPURRADOR COM A GUIA - ORDEM -30008516195,,,,,,PENDENTE,
COLISÃO DO ROBÔ COM PALETE,COLISAO DO ROBO COM PALETE,1,0.0223,1,COLISÃO DO ROBÔ COM PALETE,CANONICAL_CANDIDATE,,EMBALAGEM / MOVIMENTAÇÃO,PALETIZAÇÃO,ROBÔ,A VALIDAR,"COLISÃO DO ROBO COM PALETE MONTADO , APÓS ISSO FALHAS NO PEGADOR DE CARTÃO",,,,,,PENDENTE,
DANIFICAÇÃO DA BUCHA DE ELEVAÇÃO DO PISTÃO,DANIFICACAO DA BUCHA DE ELEVACAO DO PISTAO,1,0.0223,1,DANIFICAÇÃO DA BUCHA DE ELEVAÇÃO DO PISTÃO,CANONICAL_CANDIDATE,,A VALIDAR,A VALIDAR,A VALIDAR,A VALIDAR,"BUCHA DE ELEVÇÃO DO PISTÃO DANIFICADA ,VÁLVULA 55(GARRAFAS ENTRANDO TORTA E SAINDO VAZIA",,,,,,PENDENTE,
DEFORMAÇÃO DE CABEÇOTE,DEFORMACAO DE CABECOTE,1,0.0223,1,DEFORMAÇÃO DE CABEÇOTE,CANONICAL_CANDIDATE,,A VALIDAR,A VALIDAR,CABEÇOTE,DEFORMAÇÃO,CABECOTE EMPENADO CAUSANDO FALHA NA PEGA DE GARRAFAS,,,,,,PENDENTE,
DEFORMAÇÃO DE EIXO,DEFORMACAO DE EIXO,1,0.0223,1,DEFORMAÇÃO DE EIXO,CANONICAL_CANDIDATE,,MECÂNICA,A VALIDAR,EIXO,DEFORMAÇÃO,"EIXO DA BANDEIROLA , TORTO , OCASIONANDO ENROSCOS NA SAIDA DA LAVADORA",,,,,,PENDENTE,
DEFORMAÇÃO DE FACA,DEFORMACAO DE FACA,1,0.0223,1,DEFORMAÇÃO DE FACA,CANONICAL_CANDIDATE,,A VALIDAR,A VALIDAR,A VALIDAR,DEFORMAÇÃO,TROCA DA FACA DA RAMPA DE ACELERAÇÃO - ORDEM 30008412774,,,,,,PENDENTE,
DEFORMAÇÃO DE HASTE,DEFORMACAO DE HASTE,1,0.0223,1,DEFORMAÇÃO DE HASTE,CANONICAL_CANDIDATE,,A VALIDAR,A VALIDAR,A VALIDAR,DEFORMAÇÃO,HASTE POSICIONADORA DE TAMPAS ESTAVA TORTA OCASIONANDO FALHA NO EQUIPAMENTO (30008421830),,,,,,PENDENTE,
DEFORMAÇÃO DE MEXEDOR,DEFORMACAO DE MEXEDOR,1,0.0223,1,DEFORMAÇÃO DE MEXEDOR,CANONICAL_CANDIDATE,,A VALIDAR,A VALIDAR,A VALIDAR,DEFORMAÇÃO,"MEXEDOR DO TRANSPORTE DE GARRAFAS NA ENTRADA DA LAVADORA TORTO , MANUTENCAO ATUOU",,,,,,PENDENTE,
DEFORMAÇÃO DO CABEÇOTE,DEFORMACAO DO CABECOTE,1,0.0223,1,DEFORMAÇÃO DE CABEÇOTE,ALIAS_CANDIDATE,,A VALIDAR,A VALIDAR,CABEÇOTE,DEFORMAÇÃO,CABEÇOTE DA ENCAIXOTADORA TORTO,,,,,,PENDENTE,
DESAJUSTE DE GUIA,DESAJUSTE DE GUIA,1,0.0223,1,DESAJUSTE DE GUIA,CANONICAL_CANDIDATE,,A VALIDAR,A VALIDAR,A VALIDAR,A VALIDAR,"GUIA DA ESTEIRA DE GARRAFAS DA EMPACOTADORA APERTADO, PRENDENDO GARRAFA E CAINDO NA BARRA DE ARRASTE - ORDEM: 30008738239",,,,,,PENDENTE,
DESAJUSTE DE RÉGUA,DESAJUSTE DE REGUA,1,0.0223,1,DESAJUSTE DE RÉGUA,CANONICAL_CANDIDATE,,A VALIDAR,A VALIDAR,A VALIDAR,A VALIDAR,A RÉGUA ESTAVA APERTADO A GARRAFA DIFICULTANDO A ENTRADA PARA PEGAR CORRETAMENTA.ORDEM..30008591538,,,,,,PENDENTE,
DESALINHAMENTO DE CENTRADOR,DESALINHAMENTO DE CENTRADOR,1,0.0223,1,DESALINHAMENTO DE CENTRADOR,CANONICAL_CANDIDATE,,A VALIDAR,A VALIDAR,CENTRADOR,DESALINHAMENTO,CENTRADOR DE CAIXAS FORA DA POSIÇÃO ORDEM: 30008315318,,,,,,PENDENTE,
DESALINHAMENTO DE CHAPA,DESALINHAMENTO DE CHAPA,1,0.0223,1,DESALINHAMENTO DE CHAPA,CANONICAL_CANDIDATE,,A VALIDAR,A VALIDAR,A VALIDAR,DESALINHAMENTO,ALINHAMENTO DA CHAPA DO TRANSPORTE DE SAIDA DE GARRAFAS DO CAPSULADOR.,,,,,,PENDENTE,
DESALINHAMENTO DE MÁSCARA,DESALINHAMENTO DE MASCARA,1,0.0223,1,DESALINHAMENTO DE MÁSCARA,CANONICAL_CANDIDATE,,A VALIDAR,A VALIDAR,A VALIDAR,DESALINHAMENTO,AJUSTES NA POSIÇÃO DA MASCRA,,,,,,PENDENTE,
DESALINHAMENTO DE PALETE,DESALINHAMENTO DE PALETE,1,0.0223,1,DESALINHAMENTO DE PALETE,CANONICAL_CANDIDATE,,EMBALAGEM / MOVIMENTAÇÃO,PALETIZAÇÃO,PALETE,DESALINHAMENTO,PALETE FORA DE POSIÇÃO,,,,,,PENDENTE,
DESALINHAMENTO DE PILHA DE PALETES,DESALINHAMENTO DE PILHA DE PALETES,1,0.0223,1,DESALINHAMENTO DE PILHA DE PALETES,CANONICAL_CANDIDATE,,EMBALAGEM / MOVIMENTAÇÃO,PALETIZAÇÃO,PALETE,DESALINHAMENTO,"PILHA DE PALLET VAZIOS MONTOU TORTA, NA SAIDA A MAGAZINE TROMBOU NA BARREIRA DERRUBANDO OS PALLETS DA MAGAZINE",,,,,,PENDENTE,
DESALINHAMENTO DO CENTRADOR,DESALINHAMENTO DO CENTRADOR,1,0.0223,1,DESALINHAMENTO DE CENTRADOR,ALIAS_CANDIDATE,,A VALIDAR,A VALIDAR,CENTRADOR,DESALINHAMENTO,"CENTRADOR DIREITO FURANDO GARRAFAS, FEITO AJUSTE DE POSIÇÃO DE 40MM PARA 30MM. ORDEM-30008863503.",,,,,,PENDENTE,
DESARME DE BOMBA,DESARME DE BOMBA,1,0.0223,1,DESARME DE BOMBA,CANONICAL_CANDIDATE,,A VALIDAR,A VALIDAR,BOMBA,DESARME,DESARMOU A BOMBA DO ENVIO DO CARBONATO,,,,,,PENDENTE,
DESARME PALETIZADORA,DESARME PALETIZADORA,1,0.0223,1,DESARME PALETIZADORA,CANONICAL_CANDIDATE,,A VALIDAR,PALETIZAÇÃO,A VALIDAR,DESARME,PALETIZADORA DESARMANDO NA FORMAÇÃO DE CAMADA,,,,,,PENDENTE,
DESARME TRANSPORTE,DESARME TRANSPORTE,1,0.0223,1,DESARME DE TRANSPORTE,ALIAS_CANDIDATE,,A VALIDAR,TRANSPORTE,A VALIDAR,DESARME,"FALHA ELETRICA,TRANSPORTE DESARMANDO",,,,,,PENDENTE,
DESGASTE DE PINO DE SEPARAÇÃO,DESGASTE DE PINO DE SEPARACAO,1,0.0223,1,DESGASTE DE PINO DE SEPARAÇÃO,CANONICAL_CANDIDATE,,A VALIDAR,A VALIDAR,A VALIDAR,DESGASTE,FALHA PINO SEPARACAO GARRAFA PULANDO PINO (30008425466),,,,,,PENDENTE,
DESPRENDIMENTO DO PISTÃO DE TRAVAMENTO,DESPRENDIMENTO DO PISTAO DE TRAVAMENTO,1,0.0223,1,DESPRENDIMENTO DO PISTÃO DE TRAVAMENTO,CANONICAL_CANDIDATE,,A VALIDAR,A VALIDAR,A VALIDAR,TRAVAMENTO,SOLTOU PISTÃO DE TRAVAMENTO DE CAIXAS NA ENTRADA DA DESENCAIXOTADORA.NOTA 30008868905,,,,,,PENDENTE,
EIXO DO BRAÇO TENCIONADOR DO FILME DA ENVOLVEDORA SOLTO,EIXO DO BRACO TENCIONADOR DO FILME DA ENVOLVEDORA SOLTO,1,0.0223,1,EIXO DO BRAÇO TENCIONADOR DO FILME DA ENVOLVEDORA SOLTO,CANONICAL_CANDIDATE,,EMBALAGEM / MOVIMENTAÇÃO,EMPACOTAMENTO,EIXO,A VALIDAR,HASTE DO TENSIONADOR SOLTA - ORDEM 30008418424,,,,,,PENDENTE,
ENROSCO DE CARTÃO/QUADRO,ENROSCO DE CARTAO QUADRO,1,0.0223,1,ENROSCO DE CARTÃO/QUADRO,CANONICAL_CANDIDATE,,A VALIDAR,A VALIDAR,A VALIDAR,ENROSCO,ENROSCO DO QUADRO SUPERIOR,,,,,,PENDENTE,
ENRROSCO DE GARRAFA,ENRROSCO DE GARRAFA,1,0.0223,1,ENRROSCO DE GARRAFA,CANONICAL_CANDIDATE,,A VALIDAR,A VALIDAR,GARRAFA,A VALIDAR,ENROSCO DE GARRAFA,,,,,,PENDENTE,
ENTUPIMENTO DE TUBULAÇÃO,ENTUPIMENTO DE TUBULACAO,1,0.0223,1,ENTUPIMENTO DE TUBULAÇÃO,CANONICAL_CANDIDATE,,A VALIDAR,A VALIDAR,A VALIDAR,ENTUPIMENTO,"ENTUPIMENTO DA TUBULAÇÃO, DO JETFLOW, NAO ENVIANDO TAMPAS PARA TOLVA",,,,,,PENDENTE,
ENTUPIMENTO NO TRANSPORTE DE TAMPAS,ENTUPIMENTO NO TRANSPORTE DE TAMPAS,1,0.0223,1,ENTUPIMENTO NO TRANSPORTE DE TAMPAS,CANONICAL_CANDIDATE,,EMBALAGEM / MOVIMENTAÇÃO,TRANSPORTE,TAMPA,ENTUPIMENTO,ENTUPIMENTO NO RETORNO DE TAMPAS ORDEM: 30008653914,,,,,,PENDENTE,
ERRO DE COMUNICAÇÃO,ERRO DE COMUNICACAO,1,0.0223,1,ERRO DE COMUNICAÇÃO,CANONICAL_CANDIDATE,,AUTOMAÇÃO / INSTRUMENTAÇÃO,AUTOMAÇÃO,A VALIDAR,ERRO,FALHA NO SISTEMA DE INSPEÇAO DE NIVEL ORDEM 30008856408,,,,,,PENDENTE,
ESPANAMENTO DE PARAFUSO,ESPANAMENTO DE PARAFUSO,1,0.0223,1,ESPANAMENTO DE PARAFUSO,CANONICAL_CANDIDATE,,A VALIDAR,A VALIDAR,A VALIDAR,A VALIDAR,PARAFUSO ESPANOU NO TRANSPORTE 30008867087,,,,,,PENDENTE,
ESPUMAMENTO DA BEBIDA,ESPUMAMENTO DA BEBIDA,1,0.0223,1,ESPUMAMENTO DE BEBIDA,ALIAS_CANDIDATE,,PROCESSO / PRODUÇÃO,A VALIDAR,A VALIDAR,A VALIDAR,"VELOCIDADE ABAIXO DEVIDO BEBIDA ESPUMANDO ,OCASIONANDO NÍVEL BAIXO(A INVESTIGAR,VELOCIDADE:14.500 GRFS HORA )",,,,,,PENDENTE,
FALHA DA MESA GIRATÓRIA,FALHA DA MESA GIRATORIA,1,0.0223,1,FALHA DA MESA GIRATÓRIA,CANONICAL_CANDIDATE,,A VALIDAR,A VALIDAR,A VALIDAR,FALHA,MESA GIRATORIA EM FALHA,,,,,,PENDENTE,
FALHA DA PINÇA,FALHA DA PINCA,1,0.0223,1,FALHA DE PINÇA,ALIAS_CANDIDATE,,A VALIDAR,ROBÓTICA / MANIPULAÇÃO,PINÇA,FALHA,AJUSTE NO CILINDRO DA PINÇA,,,,,,PENDENTE,
FALHA DE ACIONAMENTO DO EMPURRADOR,FALHA DE ACIONAMENTO DO EMPURRADOR,1,0.0223,1,FALHA DE ACIONAMENTO DO EMPURRADOR,CANONICAL_CANDIDATE,FALHA DE EMPURRADOR,A VALIDAR,A VALIDAR,A VALIDAR,FALHA,FALHA NO ACIONAMENTO DO EMPURRADOR,,,,,,PENDENTE,
FALHA DE ALIMENTAÇÃO DE LATAS,FALHA DE ALIMENTACAO DE LATAS,1,0.0223,1,FALHA DE ALIMENTAÇÃO DE LATAS,CANONICAL_CANDIDATE,FALHA DE ALIMENTAÇÃO,A VALIDAR,A VALIDAR,LATA,FALHA,MÁQUINA DESLIGANDO SOZINHA OCASIONADO FALTA DE LATAS NO TRANSPORTE,,,,,,PENDENTE,
FALHA DE ALIMENTAÇÃO DE PALETES,FALHA DE ALIMENTACAO DE PALETES,1,0.0223,1,FALHA DE ALIMENTAÇÃO DE PALETES,CANONICAL_CANDIDATE,FALHA DE ALIMENTAÇÃO,EMBALAGEM / MOVIMENTAÇÃO,PALETIZAÇÃO,PALETE,FALHA,FALHA AO PUXAR PALETES,,,,,,PENDENTE,
FALHA DE ALIMENTAÇÃO ELÉTRICA,FALHA DE ALIMENTACAO ELETRICA,1,0.0223,1,FALHA DE ALIMENTAÇÃO ELÉTRICA,CANONICAL_CANDIDATE,FALHA DE ALIMENTAÇÃO | FALHA ELÉTRICA,ELÉTRICA / ACIONAMENTO,A VALIDAR,A VALIDAR,FALHA,FALTA DE ALIMENTAÇÃO DE ENERGIA,,,,,,PENDENTE,
FALHA DE ALIMENTAÇÃO ELÉTRICA DA EMBREAGEM,FALHA DE ALIMENTACAO ELETRICA DA EMBREAGEM,1,0.0223,1,FALHA DE ALIMENTAÇÃO ELÉTRICA DA EMBREAGEM,CANONICAL_CANDIDATE,FALHA DE ALIMENTAÇÃO ELÉTRICA | FALHA DE ALIMENTAÇÃO | FALHA ELÉTRICA,ELÉTRICA / ACIONAMENTO,A VALIDAR,A VALIDAR,FALHA,FALHA NA PASSAGEM DE CORRENTE PARA A EMBREAGEM DA EMPACOTADORA (AGUARDANDO NOTA),,,,,,PENDENTE,
FALHA DE AMOSTRAGEM,FALHA DE AMOSTRAGEM,1,0.0223,1,FALHA DE AMOSTRAGEM,CANONICAL_CANDIDATE,,A VALIDAR,A VALIDAR,A VALIDAR,FALHA,FALHA DE LINHA AMOSTRA BAIXA ORDEM: 30008427066,,,,,,PENDENTE,
FALHA DE APLICAÇÃO DE COLA,FALHA DE APLICACAO DE COLA,1,0.0223,1,FALHA DE APLICAÇÃO DE COLA,CANONICAL_CANDIDATE,,A VALIDAR,A VALIDAR,A VALIDAR,FALHA,FALHA APLICAÇÃO COLA AGREGADO 2 - ENROSCO,,,,,,PENDENTE,
FALHA DE BANDEIROLA,FALHA DE BANDEIROLA,1,0.0223,1,FALHA DE BANDEIROLA,CANONICAL_CANDIDATE,,A VALIDAR,A VALIDAR,A VALIDAR,FALHA,FALHA NA BANDEROLA,,,,,,PENDENTE,
FALHA DE BATEDOR DE CAIXAS,FALHA DE BATEDOR DE CAIXAS,1,0.0223,1,FALHA DE BATEDOR DE CAIXAS,CANONICAL_CANDIDATE,,A VALIDAR,A VALIDAR,CAIXA,FALHA,"FALHA BATEDOR DE CAIXAS, OCASIONANDO A FALHA PASSAGEM DE CAIXAS NA ENTRADA DA PALETIZADORA",,,,,,PENDENTE,
FALHA DE BATETORES PNEUMÁTICOS,FALHA DE BATETORES PNEUMATICOS,1,0.0223,1,FALHA DE BATETORES PNEUMÁTICOS,CANONICAL_CANDIDATE,,PNEUMÁTICA,A VALIDAR,A VALIDAR,FALHA,FALHA AR DOS BATETORES DA ENCAIXATADORA,,,,,,PENDENTE,
FALHA DE BOCAL,FALHA DE BOCAL,1,0.0223,1,FALHA DE BOCAL,CANONICAL_CANDIDATE,,A VALIDAR,A VALIDAR,A VALIDAR,FALHA,"FALHA NA CAPSULAGEM DAS GARRAFAS,GUIAS DO BOCAL DA GARRAFA FORA DE POSIÇÃO 30008398121",,,,,,PENDENTE,
FALHA DE BOTOEIRA DE EMERGÊNCIA,FALHA DE BOTOEIRA DE EMERGENCIA,1,0.0223,1,FALHA DE BOTOEIRA DE EMERGÊNCIA,CANONICAL_CANDIDATE,,A VALIDAR,A VALIDAR,A VALIDAR,FALHA,FALHA DE BOTOEIRA DE EMERGENCIA CABO SOLTO ORDM: 30008543984,,,,,,PENDENTE,
FALHA DE BRAÇO DE TUBETES,FALHA DE BRACO DE TUBETES,1,0.0223,1,FALHA DE BRAÇO DE TUBETES,CANONICAL_CANDIDATE,,A VALIDAR,A VALIDAR,A VALIDAR,FALHA,FALHA NO BRAÇO DE BUSCAR TUBETES / E DESEMBALAR TUBETES (30008514151),,,,,,PENDENTE,
FALHA DE CABO DE SEGURANÇA,FALHA DE CABO DE SEGURANCA,1,0.0223,1,FALHA DE CABO DE SEGURANÇA,CANONICAL_CANDIDATE,FALHA DE SEGURANÇA,SEGURANÇA,SEGURANÇA,CABO,FALHA,FALHA CABO DE SEGURANÇA NA ENTRADA DA LAVADORA,,,,,,PENDENTE,
FALHA DE CENTRADOR,FALHA DE CENTRADOR,1,0.0223,1,FALHA DE CENTRADOR,CANONICAL_CANDIDATE,,A VALIDAR,A VALIDAR,CENTRADOR,FALHA,DESLIGAMENTO DO CENTRADOR DE CAMADAS 30008760997,,,,,,PENDENTE,
FALHA DE CHAVE DE EMERGÊNCIA,FALHA DE CHAVE DE EMERGENCIA,1,0.0223,1,FALHA DE CHAVE DE EMERGÊNCIA,CANONICAL_CANDIDATE,,A VALIDAR,A VALIDAR,A VALIDAR,FALHA,FALHA NO CHAVE DE MEMERGENCIA,,,,,,PENDENTE,
FALHA DE CIP,FALHA DE CIP,1,0.0223,1,FALHA DE CIP,CANONICAL_CANDIDATE,,A VALIDAR,A VALIDAR,A VALIDAR,FALHA,"FALHA NO CIP, ENCHEDORA NAO CONTABILIZAVA O TEMPO DE CADA PASSO",,,,,,PENDENTE,
FALHA DE COLETOR,FALHA DE COLETOR,1,0.0223,1,FALHA DE COLETOR,CANONICAL_CANDIDATE,,A VALIDAR,A VALIDAR,A VALIDAR,FALHA,COLETOR EM FALHA,,,,,,PENDENTE,
FALHA DE COMANDO DA ÁRVORE DE ESPUMA,FALHA DE COMANDO DA ARVORE DE ESPUMA,1,0.0223,1,FALHA DE COMANDO DA ÁRVORE DE ESPUMA,CANONICAL_CANDIDATE,,A VALIDAR,A VALIDAR,A VALIDAR,FALHA,FALHA NO COMANDO DA ARVORE DE ESPUMA,,,,,,PENDENTE,
FALHA DE CONEXÃO ELÉTRICA,FALHA DE CONEXAO ELETRICA,1,0.0223,1,FALHA DE CONEXÃO ELÉTRICA,CANONICAL_CANDIDATE,FALHA ELÉTRICA,ELÉTRICA / ACIONAMENTO,A VALIDAR,A VALIDAR,FALHA,CONECTOR DE ALIMENTAÇÃO DA BARRA DE RESISTENCIA ESCAPOU - ORDEM: 30008837026,,,,,,PENDENTE,
FALHA DE CONTROLE DE BRIX,FALHA DE CONTROLE DE BRIX,1,0.0223,1,FALHA DE CONTROLE DE BRIX,CANONICAL_CANDIDATE,,A VALIDAR,A VALIDAR,A VALIDAR,FALHA,BRIX DA BEBIDA FORA DE PADRÃO ( ORDEM - 30008701508),,,,,,PENDENTE,
FALHA DE CONTROLE DE NÍVEL DO CARBONATADOR,FALHA DE CONTROLE DE NIVEL DO CARBONATADOR,1,0.0223,1,FALHA DE CONTROLE DE NÍVEL DO CARBONATADOR,CANONICAL_CANDIDATE,,PROCESSO / PRODUÇÃO,A VALIDAR,A VALIDAR,FALHA,"ENCHIMENTO DE 100% DO CARBONATADOR, GERANDOGAS BAIXO E LATAS VAZIASORDEM: 30008872877",,,,,,PENDENTE,
FALHA DE CORTE DA EMBALAGEM DO TUBETE,FALHA DE CORTE DA EMBALAGEM DO TUBETE,1,0.0223,1,FALHA DE CORTE DA EMBALAGEM DO TUBETE,CANONICAL_CANDIDATE,,A VALIDAR,A VALIDAR,A VALIDAR,FALHA,FALHA NO CORTE DA EMBALAGEM DO TUBETE OCASIONANDO ENROSCO DE TAMPAS NA RECRAVADORA,,,,,,PENDENTE,
FALHA DE DIRECIONAMENTO DE PACOTES,FALHA DE DIRECIONAMENTO DE PACOTES,1,0.0223,1,FALHA DE DIRECIONAMENTO DE PACOTES,CANONICAL_CANDIDATE,,EMBALAGEM / MOVIMENTAÇÃO,EMPACOTAMENTO,PACOTE,FALHA,PATINS ENTREGANDO PACOTE ERRADO NO CANAL A,,,,,,PENDENTE,
FALHA DE DOSAGEM DE NITROGÊNIO,FALHA DE DOSAGEM DE NITROGENIO,1,0.0223,1,FALHA DE DOSAGEM DE NITROGÊNIO,CANONICAL_CANDIDATE,FALHA DE DOSAGEM,PROCESSO / PRODUÇÃO,A VALIDAR,A VALIDAR,FALHA,"EXECESSO DE REJITO POR NITROGENIO BAIXO ,NECESARIO FAZER ALTERAÇAO NA RECIETA DE DOZAGEM",,,,,,PENDENTE,
FALHA DE ELEMENTO DE TRANSMISSÃO,FALHA DE ELEMENTO DE TRANSMISSAO,1,0.0223,1,FALHA DE ELEMENTO DE TRANSMISSÃO,CANONICAL_CANDIDATE,,A VALIDAR,A VALIDAR,A VALIDAR,FALHA,"ESCAPOU CORRENTE DE TRAÇÃO DO TRANSPORTE,ORDEM 30008566282",,,,,,PENDENTE,
FALHA DE ENCOSTO DE AGRUPAMENTO,FALHA DE ENCOSTO DE AGRUPAMENTO,1,0.0223,1,FALHA DE ENCOSTO DE AGRUPAMENTO,CANONICAL_CANDIDATE,,A VALIDAR,A VALIDAR,A VALIDAR,FALHA,"FALHA DE ENCOSTO DE AGRUPAMENTO ,NÃO NA POSIÇÃO FINAL",,,,,,PENDENTE,
FALHA DE EXTRAÇÃO DE RÓTULOS,FALHA DE EXTRACAO DE ROTULOS,1,0.0223,1,FALHA DE EXTRAÇÃO DE RÓTULOS,CANONICAL_CANDIDATE,,EMBALAGEM / MOVIMENTAÇÃO,ROTULAGEM,RÓTULO,FALHA,"FALHA EXTRAÇÃO DE RÓTULOS, EXCESSO GERANDO PARADA LINATRONIC",,,,,,PENDENTE,
FALHA DE FEEDBACK,FALHA DE FEEDBACK,1,0.0223,1,FALHA DE FEEDBACK,CANONICAL_CANDIDATE,,A VALIDAR,A VALIDAR,A VALIDAR,FALHA,FALHA NO FEEDBACK DA TUBULAÇÃO DE DRENO E ALIVIO DE PRESSÃO DA ENCHEDORA,,,,,,PENDENTE,
FALHA DE FIXAÇÃO DA BASE DO SENSOR,FALHA DE FIXACAO DA BASE DO SENSOR,1,0.0223,1,FALHA DE FIXAÇÃO DA BASE DO SENSOR,CANONICAL_CANDIDATE,FALHA DE SENSOR | FALHA DE FIXAÇÃO,AUTOMAÇÃO / INSTRUMENTAÇÃO,A VALIDAR,SENSOR,FALHA,BASE SENSOR DE QUEDA DE GARRAFAS ALINHADOR PARA DESCAPSULADOR SOLTO,,,,,,PENDENTE,
FALHA DE FIXAÇÃO DA CORRENTE DE ELEVAÇÃO,FALHA DE FIXACAO DA CORRENTE DE ELEVACAO,1,0.0223,1,FALHA DE FIXAÇÃO DA CORRENTE DE ELEVAÇÃO,CANONICAL_CANDIDATE,FALHA DE FIXAÇÃO | FALHA DE CORRENTE,MECÂNICA,A VALIDAR,CORRENTE,FALHA,QUEDA DO PARAFUSO DA CORRENTE DE ELEVAÇÃO DO GARFO DO MAGAZINE DE PALETE,,,,,,PENDENTE,
FALHA DE FIXAÇÃO DA TULIPA,FALHA DE FIXACAO DA TULIPA,1,0.0223,1,FALHA DE FIXAÇÃO DA TULIPA,CANONICAL_CANDIDATE,FALHA DE FIXAÇÃO | FALHA DE TULIPA,A VALIDAR,A VALIDAR,A VALIDAR,FALHA,SUPORTE DA TULIPA DA VÁLVULA NUMERO 5 SOLTOU / NOTA : 30008313189,,,,,,PENDENTE,
FALHA DE FIXAÇÃO DA VÁLVULA,FALHA DE FIXACAO DA VALVULA,1,0.0223,1,FALHA DE FIXAÇÃO DA VÁLVULA,CANONICAL_CANDIDATE,FALHA DE VÁLVULA | FALHA DE FIXAÇÃO | FALHA NA VALVULA,A VALIDAR,A VALIDAR,VÁLVULA,FALHA,VÁLVULA 27 COM PARAFUSO SOLTO APÓS REVISÃO EM PCM OCASIONANDO FALHA NA INSERÇÃO DE CAPA CIP,,,,,,PENDENTE,
FALHA DE FIXAÇÃO DE PROTEÇÃO,FALHA DE FIXACAO DE PROTECAO,1,0.0223,1,FALHA DE FIXAÇÃO DE PROTEÇÃO,CANONICAL_CANDIDATE,FALHA DE FIXAÇÃO,A VALIDAR,A VALIDAR,A VALIDAR,FALHA,QUEDA DA GRADE DE PROTEÇÃO,,,,,,PENDENTE,
FALHA DE GERADOR DE IMPULSOS,FALHA DE GERADOR DE IMPULSOS,1,0.0223,1,FALHA DE GERADOR DE IMPULSOS,CANONICAL_CANDIDATE,,A VALIDAR,A VALIDAR,A VALIDAR,FALHA,FALHA NO GERADOR DE IMPULSOS TRIGGER N: 07,,,,,,PENDENTE,
FALHA DE MANGUEIRA DE ALTA PRESSÃO,FALHA DE MANGUEIRA DE ALTA PRESSAO,1,0.0223,1,FALHA DE MANGUEIRA DE ALTA PRESSÃO,CANONICAL_CANDIDATE,FALHA DE MANGUEIRA | FALHA DE PRESSÃO,A VALIDAR,A VALIDAR,MANGUEIRA,FALHA,MANGUEIRA DE ALTA PRESSÃO DANIFICADA / 13171960,,,,,,PENDENTE,
FALHA DE MANGUEIRA DE ÁGUA,FALHA DE MANGUEIRA DE AGUA,1,0.0223,1,FALHA DE MANGUEIRA DE ÁGUA,CANONICAL_CANDIDATE,FALHA DE MANGUEIRA,A VALIDAR,A VALIDAR,MANGUEIRA,FALHA,TROCA DA MANGUEIRA DE AGUA 30008822660,,,,,,PENDENTE,
FALHA DE MEDIDOR DE VAZÃO,FALHA DE MEDIDOR DE VAZAO,1,0.0223,1,FALHA DE MEDIDOR DE VAZÃO,CANONICAL_CANDIDATE,FALHA DE MEDIDOR,A VALIDAR,A VALIDAR,A VALIDAR,FALHA,"FALHA DE ENCHIMENTO VALVULA N°51,52 E 81 - TROCA DO MEDIDOR DE VAZAO",,,,,,PENDENTE,
FALHA DE NÍVEL DE ÁGUA,FALHA DE NIVEL DE AGUA,1,0.0223,1,FALHA DE NÍVEL DE ÁGUA,CANONICAL_CANDIDATE,,A VALIDAR,A VALIDAR,A VALIDAR,FALHA,NIVE DE AGUA DA CUBA ABAIXANDO,,,,,,PENDENTE,
FALHA DE PARAMETRIZAÇÃO DE RECEITA,FALHA DE PARAMETRIZACAO DE RECEITA,1,0.0223,1,FALHA DE PARAMETRIZAÇÃO DE RECEITA,CANONICAL_CANDIDATE,FALHA DE PARAMETRIZAÇÃO,A VALIDAR,A VALIDAR,A VALIDAR,FALHA,FALHA NO CALCULO DE CURVA DA RECEITA DE 200ML (ORDEM: 30008776224),,,,,,PENDENTE,
FALHA DE PARAMETRIZAÇÃO DO REJEITO,FALHA DE PARAMETRIZACAO DO REJEITO,1,0.0223,1,FALHA DE PARAMETRIZAÇÃO DO REJEITO,CANONICAL_CANDIDATE,FALHA DE PARAMETRIZAÇÃO,A VALIDAR,A VALIDAR,A VALIDAR,FALHA,AJUSTES NOS PARAMETROS DO REJEITO ( ORDEM - 30008270511 ),,,,,,PENDENTE,
FALHA DE PERSIANA,FALHA DE PERSIANA,1,0.0223,1,FALHA DE PERSIANA,CANONICAL_CANDIDATE,,A VALIDAR,A VALIDAR,A VALIDAR,FALHA,ENROSCO DA PERSIANA,,,,,,PENDENTE,
FALHA DE PINOS DE TRANSFERÊNCIA,FALHA DE PINOS DE TRANSFERENCIA,1,0.0223,1,FALHA DE PINOS DE TRANSFERÊNCIA,CANONICAL_CANDIDATE,,A VALIDAR,A VALIDAR,A VALIDAR,FALHA,PINOS PEGANDO NAS GARRAFAS,,,,,,PENDENTE,
FALHA DE POSICIONAMENTO DE PACOTES,FALHA DE POSICIONAMENTO DE PACOTES,1,0.0223,1,FALHA DE POSICIONAMENTO DE PACOTES,CANONICAL_CANDIDATE,,EMBALAGEM / MOVIMENTAÇÃO,EMPACOTAMENTO,PACOTE,FALHA,DESLOCAMENTO INCORRETO DE PACOTES,,,,,,PENDENTE,
FALHA DE PRANCHA,FALHA DE PRANCHA,1,0.0223,1,FALHA DE PRANCHA,CANONICAL_CANDIDATE,,A VALIDAR,A VALIDAR,A VALIDAR,FALHA,PRANHA DERRUBANDO PACOTES,,,,,,PENDENTE,
FALHA DE PRESSÃO DE ÁGUA,FALHA DE PRESSAO DE AGUA,1,0.0223,1,FALHA DE PRESSÃO DE ÁGUA,CANONICAL_CANDIDATE,FALHA DE PRESSÃO,A VALIDAR,A VALIDAR,A VALIDAR,FALHA,"FALHA DE ""SEG DE PRESSÃO DE H2O NO RESFRIAMENTO NO PINO DE ENXAGUE¨",,,,,,PENDENTE,
FALHA DE PROPORCIONAMENTO,FALHA DE PROPORCIONAMENTO,1,0.0223,1,FALHA DE PROPORCIONAMENTO,CANONICAL_CANDIDATE,,A VALIDAR,A VALIDAR,A VALIDAR,FALHA,FALHA NA PROPORCAO DE XAROPE/AGUA,,,,,,PENDENTE,
FALHA DE PRÉ-ENXÁGUE,FALHA DE PRE ENXAGUE,1,0.0223,1,FALHA DE PRÉ-ENXÁGUE,CANONICAL_CANDIDATE,,A VALIDAR,A VALIDAR,A VALIDAR,FALHA,FALHA NO PRE ESGUICHO,,,,,,PENDENTE,
FALHA DE RESFRIAMENTO,FALHA DE RESFRIAMENTO,1,0.0223,1,FALHA DE RESFRIAMENTO,CANONICAL_CANDIDATE,,A VALIDAR,A VALIDAR,A VALIDAR,FALHA,FALHA DE RESFRIAMENTO NO PINO DE ENXAGUE ENCHEDORA,,,,,,PENDENTE,
FALHA DE RETORNO DO BRAÇO DE SOLDA,FALHA DE RETORNO DO BRACO DE SOLDA,1,0.0223,1,FALHA DE RETORNO DO BRAÇO DE SOLDA,CANONICAL_CANDIDATE,,A VALIDAR,A VALIDAR,A VALIDAR,FALHA,BRAÇO DA SOLDA NÃO ESTAVA VOLTANDO,,,,,,PENDENTE,
FALHA DE ROLO DE ESTIRAMENTO,FALHA DE ROLO DE ESTIRAMENTO,1,0.0223,1,FALHA DE ROLO DE ESTIRAMENTO,CANONICAL_CANDIDATE,,A VALIDAR,A VALIDAR,A VALIDAR,FALHA,"ROLO DO CARPETE TORTO NOTA , 30008400277",,,,,,PENDENTE,
FALHA DE ROLO SEPARADOR,FALHA DE ROLO SEPARADOR,1,0.0223,1,FALHA DE ROLO SEPARADOR,CANONICAL_CANDIDATE,,A VALIDAR,A VALIDAR,A VALIDAR,FALHA,ROLO SEPARADOR DE GARRAFAS DERRUBANDO COM E SEM APOIO,,,,,,PENDENTE,
FALHA DE ROTAÇÃO,FALHA DE ROTACAO,1,0.0223,1,FALHA DE ROTAÇÃO,CANONICAL_CANDIDATE,,A VALIDAR,A VALIDAR,A VALIDAR,FALHA,"PALETIZADORA EM FALHA DE ROTAÇÃO , NOTA 30008598948",,,,,,PENDENTE,
FALHA DE SEGURANÇA,FALHA DE SEGURANCA,1,0.0223,1,FALHA DE SEGURANÇA,CANONICAL_CANDIDATE,,SEGURANÇA,SEGURANÇA,A VALIDAR,FALHA,"TRAVA DE SEGURANÇA DO PORTÃO DA PALETIZADORA,ACIONADA",,,,,,PENDENTE,
FALHA DE SEGURANÇA DO CABEÇOTE,FALHA DE SEGURANCA DO CABECOTE,1,0.0223,1,FALHA DE SEGURANÇA DO CABEÇOTE,CANONICAL_CANDIDATE,FALHA DE CABEÇOTE | FALHA DE SEGURANÇA,SEGURANÇA,SEGURANÇA,CABEÇOTE,FALHA,FALHA DE SEGURANÇA DO CABELOTE DA DESPALETIZADORA ORDEM: 30008539481,,,,,,PENDENTE,
FALHA DE SOLENOIDE,FALHA DE SOLENOIDE,1,0.0223,1,FALHA DE SOLENOIDE,CANONICAL_CANDIDATE,,A VALIDAR,A VALIDAR,A VALIDAR,FALHA,SOLENOIDE DO ENVIAO DE AGUA PARA O CAPSULADOR E DE FINISH - ORDEM: 30008660813,,,,,,PENDENTE,
FALHA DE SOPRADOR,FALHA DE SOPRADOR,1,0.0223,1,FALHA DE SOPRADOR,CANONICAL_CANDIDATE,,A VALIDAR,SOPRO,A VALIDAR,FALHA,ACERTO DO AR DO SOPRADOR DE AR DAS ROLHAS.,,,,,,PENDENTE,
FALHA DE SUPORTE DE TAMPAS,FALHA DE SUPORTE DE TAMPAS,1,0.0223,1,FALHA DE SUPORTE DE TAMPAS,CANONICAL_CANDIDATE,,EMBALAGEM / MOVIMENTAÇÃO,TAMPAMENTO,TAMPA,FALHA,TROCA DO SUPORTE DE ROLHAS DO ARROLHADOR.OBS.2 UNIDADES.,,,,,,PENDENTE,
FALHA DE TANGENCIAMENTO,FALHA DE TANGENCIAMENTO,1,0.0223,1,FALHA DE TANGENCIAMENTO,CANONICAL_CANDIDATE,,A VALIDAR,A VALIDAR,A VALIDAR,FALHA,TANGENCIAMENTO FORA,,,,,,PENDENTE,
FALHA DE TENSIONAMENTO DE ESTEIRA,FALHA DE TENSIONAMENTO DE ESTEIRA,1,0.0223,1,FALHA DE TENSIONAMENTO DE ESTEIRA,CANONICAL_CANDIDATE,FALHA DE ESTEIRA,MECÂNICA,TRANSPORTE,ESTEIRA,FALHA,TENSIONAMENTO DA ESTEIRA DE ALIMENTAÇÃO DO DEVICER,,,,,,PENDENTE,
FALHA DE TERMOSTATO,FALHA DE TERMOSTATO,1,0.0223,1,FALHA DE TERMOSTATO,CANONICAL_CANDIDATE,,A VALIDAR,A VALIDAR,A VALIDAR,FALHA,ENROSCO DE ROTULO NO AGREGADO 2 ( FALHA NO TERMOSTATO DO AGREGADO 2 ),,,,,,PENDENTE,
FALHA DE TESOURA DE FILME,FALHA DE TESOURA DE FILME,1,0.0223,1,FALHA DE TESOURA DE FILME,CANONICAL_CANDIDATE,,EMBALAGEM / MOVIMENTAÇÃO,EMPACOTAMENTO,FILME,FALHA,TESOURA PREDENDORA DE FILME EM FALHA,,,,,,PENDENTE,
FALHA DO TENSOR DE RÓTULOS,FALHA DO TENSOR DE ROTULOS,1,0.0223,1,FALHA DO TENSOR DE RÓTULOS,CANONICAL_CANDIDATE,,EMBALAGEM / MOVIMENTAÇÃO,ROTULAGEM,RÓTULO,FALHA,FALHA NYLON DO TENSOR DE ROTULOS DO AGREGADO 2 ORDEM: 30008219040,,,,,,PENDENTE,
FALHA ELÉTRICA,FALHA ELETRICA,1,0.0223,1,FALHA ELÉTRICA,CANONICAL_CANDIDATE,,ELÉTRICA / ACIONAMENTO,A VALIDAR,A VALIDAR,FALHA,FALHA ELETRICA,,,,,,PENDENTE,
FALHA ELÉTRICA DO TRANSPORTE DE ENTRADA,FALHA ELETRICA DO TRANSPORTE DE ENTRADA,1,0.0223,1,FALHA ELÉTRICA DO TRANSPORTE DE ENTRADA,CANONICAL_CANDIDATE,FALHA ELÉTRICA DO TRANSPORTE | FALHA DE TRANSPORTE | FALHA ELÉTRICA,ELÉTRICA / ACIONAMENTO,TRANSPORTE,A VALIDAR,FALHA,EXCESSO DE REJEITO E TRASPRTE DE ENTRADA PARADO POR FALHA ELETRICA ORDEM30008869936,,,,,,PENDENTE,
FALHA ESTRUTURAL,FALHA ESTRUTURAL,1,0.0223,1,FALHA ESTRUTURAL,CANONICAL_CANDIDATE,,A VALIDAR,A VALIDAR,A VALIDAR,FALHA,Estrutura falta/danificada,,,,,,PENDENTE,
FALHA INVERSOR,FALHA INVERSOR,1,0.0223,1,FALHA DE INVERSOR,ALIAS_CANDIDATE,,ELÉTRICA / ACIONAMENTO,ACIONAMENTO,INVERSOR,FALHA,FALHA NO INVERSOR TRASPORTE DESLIGADO,,,,,,PENDENTE,
FALHA NA ABERTURA DA GARRA,FALHA NA ABERTURA DA GARRA,1,0.0223,1,FALHA NA ABERTURA DA GARRA,CANONICAL_CANDIDATE,,A VALIDAR,A VALIDAR,A VALIDAR,FALHA,FALHA NA ABERTURA DA GARRA NA ENTREGA DO PALLET,,,,,,PENDENTE,
FALHA NA ABERTURA DOS GANCHOS DO ROBÔ,FALHA NA ABERTURA DOS GANCHOS DO ROBO,1,0.0223,1,FALHA NA ABERTURA DOS GANCHOS DO ROBÔ,CANONICAL_CANDIDATE,FALHA DE ROBÔ,A VALIDAR,ROBÓTICA / MANIPULAÇÃO,ROBÔ,FALHA,GANCHOS DO ROBO NÃO ABREM QUANDO DEPOSITA PALETE NOVO NO TRANSPORTE,,,,,,PENDENTE,
FALHA NA DESCARGA DE PALETE,FALHA NA DESCARGA DE PALETE,1,0.0223,1,FALHA NA DESCARGA DE PALETE,CANONICAL_CANDIDATE,,EMBALAGEM / MOVIMENTAÇÃO,PALETIZAÇÃO,PALETE,FALHA,FALHA NA DESCARGA DO PALLET PARA A PALETIZAÇÃO,,,,,,PENDENTE,
FALHA NA FORMAÇÃO DE CAMADA,FALHA NA FORMACAO DE CAMADA,1,0.0223,1,FALHA DE FORMAÇÃO DE CAMADA,ALIAS_CANDIDATE,,A VALIDAR,A VALIDAR,A VALIDAR,FALHA,PATINS VIRANDO PACOTES PARA A FORMAÇÃO DE CAMADA,,,,,,PENDENTE,
FALHA NA GARRA DO ROBÔ,FALHA NA GARRA DO ROBO,1,0.0223,1,FALHA NA GARRA DO ROBÔ,CANONICAL_CANDIDATE,FALHA DE ROBÔ,A VALIDAR,ROBÓTICA / MANIPULAÇÃO,ROBÔ,FALHA,"COLISÃO DO ROBO COM PALETE MONTADO , FALHA NA GARRA DO ROBO AO DEPOSITAR PALETE NO TRANSPORTE",,,,,,PENDENTE,
FALHA NA INSERÇÃO DE GARRAFAS FALSAS,FALHA NA INSERCAO DE GARRAFAS FALSAS,1,0.0223,1,FALHA NA INSERÇÃO DE GARRAFAS FALSAS,CANONICAL_CANDIDATE,,A VALIDAR,A VALIDAR,GARRAFA,FALHA,FALHA NO SISTEMA DE INSERIMENTO DE GARRAFAS FALSAS ANTES DO INICIO DO CIP,,,,,,PENDENTE,
FALHA NA INSERÇÃO DE LATAS,FALHA NA INSERCAO DE LATAS,1,0.0223,1,FALHA NA INSERÇÃO DE LATAS,CANONICAL_CANDIDATE,,A VALIDAR,A VALIDAR,LATA,FALHA,LATAS FALSAS DANDO FALHA NO INSERIMENTO E NO DESINSERIMENTO ANTES E POS CIP,,,,,,PENDENTE,
FALHA NA MESA DE FORMAÇÃO DE PACOTES,FALHA NA MESA DE FORMACAO DE PACOTES,1,0.0223,1,FALHA NA MESA DE FORMAÇÃO DE PACOTES,CANONICAL_CANDIDATE,,EMBALAGEM / MOVIMENTAÇÃO,EMPACOTAMENTO,PACOTE,FALHA,"FALHA NA MESA DE FORMAÇÃO DE PACOTES / ATUAÇÃO MECANICA , COLOCOU ( CALÇO / RUELA) NO EQUIPAMENTO",,,,,,PENDENTE,
FALHA NA PEGA DE GARRAFAS,FALHA NA PEGA DE GARRAFAS,1,0.0223,1,FALHA NA PEGA DE GARRAFAS,CANONICAL_CANDIDATE,,A VALIDAR,A VALIDAR,GARRAFA,FALHA,FALHA NA PEGA DAS GARRAFAS,,,,,,PENDENTE,
FALHA NA TROCA AUTOMATICA,FALHA NA TROCA AUTOMATICA,1,0.0223,1,FALHA NA TROCA AUTOMATICA,CANONICAL_CANDIDATE,,A VALIDAR,A VALIDAR,A VALIDAR,FALHA,"FALHA NA TROCA AUTOMATICA DE BOBINA, SENDO NECESSÁRIO FAZER MANUALMENTE",,,,,,PENDENTE,
FALHA NA VALVULA,FALHA NA VALVULA,1,0.0223,1,FALHA DE VÁLVULA,ALIAS_CANDIDATE,,A VALIDAR,A VALIDAR,VÁLVULA,FALHA,FALHA NO FEEADBACK DA VALVULA DA ENCHEDORA,,,,,,PENDENTE,
FALHA NO CARREGAMENTO DE RECEITA,FALHA NO CARREGAMENTO DE RECEITA,1,0.0223,1,FALHA NO CARREGAMENTO DE RECEITA,CANONICAL_CANDIDATE,,A VALIDAR,A VALIDAR,A VALIDAR,FALHA,"RECEITA DO PRODUTO, NÃO ESTAVA CARREGANDO, FOI AJUSTADO EM OUTRA RECEITA.",,,,,,PENDENTE,
FALHA NO CIP RAMAL B,FALHA NO CIP RAMAL B,1,0.0223,1,FALHA NO CIP RAMAL B,CANONICAL_CANDIDATE,FALHA DE CIP,A VALIDAR,A VALIDAR,A VALIDAR,FALHA,"FALHA NO CIP RAMAL B, DRENO ATIVANDO NO MEIO DO CIP",,,,,,PENDENTE,
FALHA NO DISPOSITIVO DE RETIRADA DE GARRAFAS,FALHA NO DISPOSITIVO DE RETIRADA DE GARRAFAS,1,0.0223,1,FALHA NO DISPOSITIVO DE RETIRADA DE GARRAFAS,CANONICAL_CANDIDATE,,A VALIDAR,A VALIDAR,GARRAFA,FALHA,DISPOSITIVO DE RETIRADA DE GARRAFA VAZIA TRAVANDO ESTRELA DE SAIDA 30008539502,,,,,,PENDENTE,
FALHA NO SENSOR EXPULSADOR,FALHA NO SENSOR EXPULSADOR,1,0.0223,1,FALHA NO SENSOR EXPULSADOR,CANONICAL_CANDIDATE,FALHA DE SENSOR,AUTOMAÇÃO / INSTRUMENTAÇÃO,A VALIDAR,SENSOR,FALHA,FALHA NO SENSOR DO EXPULSADOR LINEAR ( ORDEM : 30008857358 ),,,,,,PENDENTE,
FALHA NO SISTEMA DE AR COMPRIMIDO,FALHA NO SISTEMA DE AR COMPRIMIDO,1,0.0223,1,FALHA NO SISTEMA DE AR COMPRIMIDO,CANONICAL_CANDIDATE,,PNEUMÁTICA,A VALIDAR,A VALIDAR,FALHA,"FALTA DE AR COMPRIMIDO NO CABECOTE DA MAQUINA , NAO ESTAVA PEGANDO AS GARRAFAS , MANUTENCAO ELETRICA ATUOU",,,,,,PENDENTE,
FALHA NO SUPRIMENTO DE ÁGUA,FALHA NO SUPRIMENTO DE AGUA,1,0.0223,1,FALHA NO SUPRIMENTO DE ÁGUA,CANONICAL_CANDIDATE,,A VALIDAR,A VALIDAR,A VALIDAR,FALHA,FALTA DE AGUA NA REGUA ULTRASSONICA,,,,,,PENDENTE,
FALHA NOS SNIFS,FALHA NOS SNIFS,1,0.0223,1,FALHA NOS SNIFS,CANONICAL_CANDIDATE,,A VALIDAR,A VALIDAR,A VALIDAR,FALHA,"AJUSTE DE RÉGUA, LIMPEZA DOS BICOS E AJUSTE DOS SNIFS DA VÁLVULA 4",,,,,,PENDENTE,
FALHA SENSOR DA PORTA,FALHA SENSOR DA PORTA,1,0.0223,1,FALHA SENSOR DA PORTA,CANONICAL_CANDIDATE,FALHA DE SENSOR,AUTOMAÇÃO / INSTRUMENTAÇÃO,A VALIDAR,SENSOR,FALHA,FALHA NO SENSOR DA PORTA DE SEGURANÇA 30008857448,,,,,,PENDENTE,
FALHA TROCADOR DE CALOR,FALHA TROCADOR DE CALOR,1,0.0223,1,FALHA NO TROCADOR DE CALOR,ALIAS_CANDIDATE,,A VALIDAR,A VALIDAR,TROCADOR DE CALOR,FALHA,FALHA NO TROCADOR DE CALOR 30008856440,,,,,,PENDENTE,
FALHA VALVULA DE ENCHIMENTO,FALHA VALVULA DE ENCHIMENTO,1,0.0223,1,FALHA DE VÁLVULA DE ENCHIMENTO,ALIAS_CANDIDATE,FALHA DE ENCHIMENTO | FALHA DE VÁLVULA | FALHA NA VALVULA,PROCESSO / PRODUÇÃO,ENCHIMENTO,VÁLVULA DE ENCHIMENTO,FALHA,TROCA DOS COMPONENTES ELETRONICOS VALVULAS Nº 52 E 40,,,,,,PENDENTE,
FALSA RECRAVAÇÃO,FALSA RECRAVACAO,1,0.0223,1,FALSA RECRAVAÇÃO,CANONICAL_CANDIDATE,,A VALIDAR,A VALIDAR,A VALIDAR,A VALIDAR,"FALSA RECRAVAÇÃO, ATUAÇÃO NO MANDRIL 5",,,,,,PENDENTE,
FALSO ALARME DE REJEITO OBSTRUÍDO,FALSO ALARME DE REJEITO OBSTRUIDO,1,0.0223,1,FALSO ALARME DE REJEITO OBSTRUÍDO,CANONICAL_CANDIDATE,FALSO REJEITO,A VALIDAR,A VALIDAR,A VALIDAR,A VALIDAR,ACIONANDO ALARME DE REJEITO OBSTRUIDO ALEATORIAMENTE,,,,,,PENDENTE,
GARRAFAS FORA DE POSIÇÃO,GARRAFAS FORA DE POSICAO,1,0.0223,1,GARRAFAS FORA DE POSIÇÃO,CANONICAL_CANDIDATE,,A VALIDAR,A VALIDAR,GARRAFA,A VALIDAR,GARRAFAS ENTRANDO TORTAS NAS ARTICULAÇÕES 30008310557,,,,,,PENDENTE,
INTERFERÊNCIA MECÂNICA,INTERFERENCIA MECANICA,1,0.0223,1,INTERFERÊNCIA MECÂNICA,CANONICAL_CANDIDATE,,A VALIDAR,A VALIDAR,A VALIDAR,A VALIDAR,ATRITO ENTRE O SUPORTE DO PISTAO DE LATAS FALSAS COM A ENCHEDORA,,,,,,PENDENTE,
JUMPER DA VALVULA,JUMPER DA VALVULA,1,0.0223,1,JUMPER DA VALVULA,CANONICAL_CANDIDATE,,A VALIDAR,A VALIDAR,VÁLVULA,A VALIDAR,JUMP DA VALVULA N°52,,,,,,PENDENTE,
MONTAGEM INCORRETA DE CORREIA,MONTAGEM INCORRETA DE CORREIA,1,0.0223,1,MONTAGEM INCORRETA DE CORREIA,CANONICAL_CANDIDATE,,MECÂNICA,A VALIDAR,CORREIA,A VALIDAR,CRASH DE GARRAFAS E EXCESSO DE FALSO REJEITO ( CORREIA INVERTIDA),,,,,,PENDENTE,
OBSTRUÇÃO DE MANGUEIRA DE AR,OBSTRUCAO DE MANGUEIRA DE AR,1,0.0223,1,OBSTRUÇÃO DE MANGUEIRA DE AR,CANONICAL_CANDIDATE,,A VALIDAR,A VALIDAR,MANGUEIRA,A VALIDAR,"MANGUEIRA DOBRADA,OBSTRUINDO A PASSAGEM DE AR",,,,,,PENDENTE,
PALLET PARADO NA MESA,PALLET PARADO NA MESA,1,0.0223,1,PALLET PARADO NA MESA,CANONICAL_CANDIDATE,,A VALIDAR,A VALIDAR,A VALIDAR,A VALIDAR,PALLET PARADO NA MESA GIRATORIA DE PALLETS,,,,,,PENDENTE,
PARADA DE TRANSPORTE,PARADA DE TRANSPORTE,1,0.0223,1,PARADA DE TRANSPORTE,CANONICAL_CANDIDATE,,A VALIDAR,TRANSPORTE,A VALIDAR,A VALIDAR,FALHA TRANSPORTE ÁREA EXTERNA EM FRENTE A LAVADORA PARADOS,,,,,,PENDENTE,
PATINAMENTO DE ESTEIRA,PATINAMENTO DE ESTEIRA,1,0.0223,1,PATINAMENTO DE ESTEIRA,CANONICAL_CANDIDATE,,MECÂNICA,TRANSPORTE,ESTEIRA,PATINAGEM,ESTEIRA PATINANDO ORDEM 30008863292,,,,,,PENDENTE,
PATINAMENTO DE ROLETE,PATINAMENTO DE ROLETE,1,0.0223,1,PATINAMENTO DE ROLETE,CANONICAL_CANDIDATE,,A VALIDAR,A VALIDAR,A VALIDAR,PATINAGEM,ROLETE PATINANDO NA VIA DE ENTRADA DE PACOTE VI A2,,,,,,PENDENTE,
PERDA DE REFERÊNCIA DO CENTRADOR,PERDA DE REFERENCIA DO CENTRADOR,1,0.0223,1,PERDA DE REFERÊNCIA DO CENTRADOR,CANONICAL_CANDIDATE,PERDA DE REFERÊNCIA,A VALIDAR,A VALIDAR,CENTRADOR,PERDA,"CENTRADOR DE FOLHA SEPARADORA ,PERDENDO A REFERENCIA",,,,,,PENDENTE,
PERDA DE REFERÊNCIA DO PEGADOR DE CHAPATEX,PERDA DE REFERENCIA DO PEGADOR DE CHAPATEX,1,0.0223,1,PERDA DE REFERÊNCIA DO PEGADOR DE CHAPATEX,CANONICAL_CANDIDATE,PERDA DE REFERÊNCIA,A VALIDAR,ROBÓTICA / MANIPULAÇÃO,PEGADOR,PERDA,PEGADOR DE CHAPATEX SE PERDEU,,,,,,PENDENTE,
PERDA DE REFERÊNCIA DO ROBÔ,PERDA DE REFERENCIA DO ROBO,1,0.0223,1,PERDA DE REFERÊNCIA DO ROBÔ,CANONICAL_CANDIDATE,PERDA DE REFERÊNCIA,A VALIDAR,ROBÓTICA / MANIPULAÇÃO,ROBÔ,PERDA,ROBO PERDEU REFERENCIA NA ENTRADA DE UMA PILHA DE PALETES,,,,,,PENDENTE,
QUEBRA DA ESTEIRA,QUEBRA DA ESTEIRA,1,0.0223,1,QUEBRA DE ESTEIRA,ALIAS_CANDIDATE,,MECÂNICA,TRANSPORTE,ESTEIRA,QUEBRA,QUEBRA DA ESTEIRA DE CAIXAS DA ENTRADA DA DESENCA OCASIONANDO PARADA NA LINHA,,,,,,PENDENTE,
QUEBRA DE ANEL O-RING,QUEBRA DE ANEL O RING,1,0.0223,1,QUEBRA DE ANEL O-RING,CANONICAL_CANDIDATE,,A VALIDAR,A VALIDAR,A VALIDAR,QUEBRA,QUEBRA DO ANEL ORING DO BOCAL DO CAPSULADOR,,,,,,PENDENTE,
QUEBRA DE ELO DE ESTEIRA,QUEBRA DE ELO DE ESTEIRA,1,0.0223,1,QUEBRA DE ELO DE ESTEIRA,CANONICAL_CANDIDATE,QUEBRA DE ESTEIRA | QUEBRA DA ESTEIRA,MECÂNICA,TRANSPORTE,ESTEIRA,QUEBRA,COMPIMENTO DO ELO DA ESTEIRA,,,,,,PENDENTE,
QUEBRA DE PINO,QUEBRA DE PINO,1,0.0223,1,QUEBRA DE PINO,CANONICAL_CANDIDATE,,A VALIDAR,A VALIDAR,A VALIDAR,QUEBRA,QUEBRA DO PINO DA GUIA DE ENTRADA,,,,,,PENDENTE,
QUEBRA DE PISTÃO,QUEBRA DE PISTAO,1,0.0223,1,QUEBRA DE PISTÃO,CANONICAL_CANDIDATE,,A VALIDAR,A VALIDAR,A VALIDAR,QUEBRA,PISTAO DA CAPA CIP QUEBRADO,,,,,,PENDENTE,
QUEBRA DE SEGMENTO,QUEBRA DE SEGMENTO,1,0.0223,1,QUEBRA DE SEGMENTO,CANONICAL_CANDIDATE,,A VALIDAR,A VALIDAR,A VALIDAR,QUEBRA,QUEBRA DO SEGUIMENTO LINEAR ( ORDEM - 30008258314 ),,,,,,PENDENTE,
QUEBRA DE SUPORTE,QUEBRA DE SUPORTE,1,0.0223,1,QUEBRA DE SUPORTE,CANONICAL_CANDIDATE,,A VALIDAR,A VALIDAR,A VALIDAR,QUEBRA,SUPORTE DA FACA DE CORTE QUEBRADO 30008618696,,,,,,PENDENTE,
QUEBRA DE TERMINAL ELÉTRICO,QUEBRA DE TERMINAL ELETRICO,1,0.0223,1,QUEBRA DE TERMINAL ELÉTRICO,CANONICAL_CANDIDATE,,ELÉTRICA / ACIONAMENTO,A VALIDAR,A VALIDAR,QUEBRA,QUEBROU O TERMINAL DA RESISTÊNCIA DE CORTE DO FILME DA ENVOLVOVEDORA,,,,,,PENDENTE,
QUEBRA DE TRECHO DO TRANSPORTE,QUEBRA DE TRECHO DO TRANSPORTE,1,0.0223,1,QUEBRA DE TRECHO DO TRANSPORTE,CANONICAL_CANDIDATE,QUEBRA DE TRANSPORTE,A VALIDAR,TRANSPORTE,A VALIDAR,QUEBRA,TRASPORTE DE PACOTES QUEBRADO 30008857467,,,,,,PENDENTE,
QUEDA DE CAIXAS,QUEDA DE CAIXAS,1,0.0223,1,QUEDA DE CAIXAS,CANONICAL_CANDIDATE,,A VALIDAR,A VALIDAR,CAIXA,QUEDA,"ESPELHO,POIS O PALETE QUE MONTOU ELE ANDOU UM POUCO E PAROU QUANDO ELE TROUXE A OUTRA CAMADA COLIDIU ,PROVOCANDO QUEDA DE CAIXAS.",,,,,,PENDENTE,
QUEIMA DA PLACA DEVICENET,QUEIMA DA PLACA DEVICENET,1,0.0223,1,QUEIMA DA PLACA DEVICENET,CANONICAL_CANDIDATE,,A VALIDAR,A VALIDAR,A VALIDAR,QUEIMA,QUEIMA DA PLACA DEVICENET 30008857644,,,,,,PENDENTE,
ROBO COM FALHA,ROBO COM FALHA,1,0.0223,1,ROBO COM FALHA,CANONICAL_CANDIDATE,FALHA DE ROBÔ,A VALIDAR,ROBÓTICA / MANIPULAÇÃO,ROBÔ,FALHA,"MÁ FORMAÇÃO DE CAMADAS, ROBO PEGANDO CAIXAS A MENOS",,,,,,PENDENTE,
ROMPIMENTO DE TUBETE,ROMPIMENTO DE TUBETE,1,0.0223,1,ROMPIMENTO DE TUBETE,CANONICAL_CANDIDATE,,A VALIDAR,A VALIDAR,A VALIDAR,ROMPIMENTO,ESTOURO DO TUBETE E FALHA NO SINCRONISMO DE CORTE,,,,,,PENDENTE,
SOBREAQUECIMENTO DE PROCESSADOR,SOBREAQUECIMENTO DE PROCESSADOR,1,0.0223,1,SOBREAQUECIMENTO DE PROCESSADOR,CANONICAL_CANDIDATE,,A VALIDAR,A VALIDAR,A VALIDAR,A VALIDAR,AQUECIMENTO DO PROCESSADOR DO MIXER,,,,,,PENDENTE,
TRANSBORDAMENTO DE TANQUE,TRANSBORDAMENTO DE TANQUE,1,0.0223,1,TRANSBORDAMENTO DE TANQUE,CANONICAL_CANDIDATE,,A VALIDAR,A VALIDAR,A VALIDAR,A VALIDAR,TRANSBORDO DO DESAERADOR,,,,,,PENDENTE,
TRAVAMENTO DE BOCAL,TRAVAMENTO DE BOCAL,1,0.0223,1,TRAVAMENTO DE BOCAL,CANONICAL_CANDIDATE,,A VALIDAR,A VALIDAR,A VALIDAR,TRAVAMENTO,BOCAL TRAVADO ( 30008219084 ),,,,,,PENDENTE,
TRAVAMENTO DE CENTRADOR,TRAVAMENTO DE CENTRADOR,1,0.0223,1,TRAVAMENTO DE CENTRADOR,CANONICAL_CANDIDATE,,A VALIDAR,A VALIDAR,CENTRADOR,TRAVAMENTO,TRAVAMENTO DO CENTRADOR DE FOLHA SEPARADORA NA TROCA DO MESMO,,,,,,PENDENTE,
TRAVAMENTO DE CHAVE SECCIONADORA,TRAVAMENTO DE CHAVE SECCIONADORA,1,0.0223,1,TRAVAMENTO DE CHAVE SECCIONADORA,CANONICAL_CANDIDATE,,A VALIDAR,A VALIDAR,A VALIDAR,TRAVAMENTO,TRAVA NA CHAVE SECCIONADORA,,,,,,PENDENTE,
TRAVAMENTO DE CORRENTE,TRAVAMENTO DE CORRENTE,1,0.0223,1,TRAVAMENTO DE CORRENTE,CANONICAL_CANDIDATE,,MECÂNICA,A VALIDAR,CORRENTE,TRAVAMENTO,TRAVAMENTO DA CORRENTE DE ENVOLVIMENTO. ORDEM- 30008478959,,,,,,PENDENTE,
TRAVAMENTO DE PATINS,TRAVAMENTO DE PATINS,1,0.0223,1,TRAVAMENTO DE PATINS,CANONICAL_CANDIDATE,,A VALIDAR,A VALIDAR,A VALIDAR,TRAVAMENTO,TRAVAMENTO DO DEVISER( PATINS) 30008241862,,,,,,PENDENTE,
TRAVAMENTO DE PINO DE SEPARAÇÃO,TRAVAMENTO DE PINO DE SEPARACAO,1,0.0223,1,TRAVAMENTO DE PINO DE SEPARAÇÃO,CANONICAL_CANDIDATE,,A VALIDAR,A VALIDAR,A VALIDAR,TRAVAMENTO,"TRAVAMENTO DO PINO DE SEPARAÇÃO , NOTA 30008370910",,,,,,PENDENTE,
TRAVAMENTO DE SNIFFER,TRAVAMENTO DE SNIFFER,1,0.0223,1,TRAVAMENTO DE SNIFFER,CANONICAL_CANDIDATE,,A VALIDAR,A VALIDAR,A VALIDAR,TRAVAMENTO,SNIFFER TRAVADO,,,,,,PENDENTE,
TRAVAMENTO ELEVADOR,TRAVAMENTO ELEVADOR,1,0.0223,1,TRAVAMENTO DE ELEVADOR,ALIAS_CANDIDATE,,MECÂNICA,TRANSPORTE,ELEVADOR,TRAVAMENTO,TRAVAMENTO DO ELEVADOR (NOTA:30008856925),,,,,,PENDENTE,
TREPIDAÇÃO DE ESTEIRA,TREPIDACAO DE ESTEIRA,1,0.0223,1,TREPIDAÇÃO DE ESTEIRA,CANONICAL_CANDIDATE,,MECÂNICA,TRANSPORTE,ESTEIRA,A VALIDAR,"FALHA TRANSPORTE NA SAIDA DA ENCAIXATADORA, ESTEIRA TREPIDANDO",,,,,,PENDENTE,
TROCA DE VENTOSA,TROCA DE VENTOSA,1,0.0223,1,TROCA DE VENTOSA,CANONICAL_CANDIDATE,,A VALIDAR,ROBÓTICA / MANIPULAÇÃO,VENTOSA,A VALIDAR,TROCA DE VENTOSAS,,,,,,PENDENTE,
VAZAMENTO DE PRODUTO,VAZAMENTO DE PRODUTO,1,0.0223,1,VAZAMENTO DE PRODUTO,CANONICAL_CANDIDATE,,A VALIDAR,A VALIDAR,A VALIDAR,VAZAMENTO,"PASSAGEM DE BEBIDA PARA O DRENO, ORDEM : 30008839232",,,,,,PENDENTE,
VAZAMENTO EM CONEXÃO,VAZAMENTO EM CONEXAO,1,0.0223,1,VAZAMENTO EM CONEXÃO,CANONICAL_CANDIDATE,,A VALIDAR,A VALIDAR,A VALIDAR,VAZAMENTO,CONEXÃO SMS DO DESAERADOR COM VAZAMENTO DURANTE O CIP,,,,,,PENDENTE,
VAZAMENTO EM TUBULAÇÃO,VAZAMENTO EM TUBULACAO,1,0.0223,1,VAZAMENTO EM TUBULAÇÃO,CANONICAL_CANDIDATE,,A VALIDAR,A VALIDAR,A VALIDAR,VAZAMENTO,REAPERTO DA TUBULAÇÃO COM VAZAMENTO DE BEBIDA,,,,,,PENDENTE,
