row_id,observation,observation_norm,classification,classification_norm,match_status,event_count_for_observation,context_variant_count,event_id_reference,unit_id,event_date,shift,source_line_name,source_stop_type,source_material_code,source_material_description,source_equipment_name,source_stop_subkey,source_stop_key_1,downtime_minutes,context_text
3,FALHA NA IMPRESSÃO,FALHA NA IMPRESSAO,FALHA DE CODIFICAÇÃO,FALHA DE CODIFICACAO,EXACT_SAFE,1,1,1.0,1.0,2026-01-02,2,LINHA001,P.EQ.LINHA,55609,"CC LS 1L (12) N.V 4,99 ROL412 L01",DATADORA MARKEM IMAJE 9450S,,,10.0,OBSERVACAO: FALHA NA IMPRESSÃO | EQUIPAMENTO: DATADORA MARKEM IMAJE 9450S | CHAVE_1:  | SUBCHAVE:  | TIPO_PARADA: P.EQ.LINHA | LINHA: LINHA001
4,"TRAVANDO AS VÁLVULA 41E 42 ,PROBLEMA DO SENSOR DO AR PREVIO.",TRAVANDO AS VALVULA 41E 42 PROBLEMA DO SENSOR DO AR PREVIO,FALHA DE SENSOR,FALHA DE SENSOR,EXACT_SAFE,1,1,2.0,1.0,2026-01-03,2,LINHA001,P.EQ.LINHA,55609,"CC LS 1L (12) N.V 4,99 ROL412 L01",ENCHEDORA VVF 63/12 H K LI01,,Sistema pneumático,6.67,"OBSERVACAO: TRAVANDO AS VÁLVULA 41E 42 ,PROBLEMA DO SENSOR DO AR PREVIO. | EQUIPAMENTO: ENCHEDORA VVF 63/12 H K LI01 | CHAVE_1: Sistema pneumático | SUBCHAVE:  | TIPO_PARADA: P.EQ.LINHA | LINHA: LINHA001"
5,QUEDA DE GFS / SAIDA DOS PINO DE SEPARAÇÃO,QUEDA DE GFS SAIDA DOS PINO DE SEPARACAO,QUEDA DE GARRAFAS,QUEDA DE GARRAFAS,EXACT_SAFE,1,1,3.0,1.0,2026-01-03,2,LINHA002,P.EQ.LINHA,56314,"SCH CITRUS PET 1,5L FL (6) NV 33G T2G L2",EMPACOTADORA 198/40 KIS LI02,Cadeia de arrastro de garrafas,Sistema Motriz,4.4,OBSERVACAO: QUEDA DE GFS / SAIDA DOS PINO DE SEPARAÇÃO | EQUIPAMENTO: EMPACOTADORA 198/40 KIS LI02 | CHAVE_1: Sistema Motriz | SUBCHAVE: Cadeia de arrastro de garrafas | TIPO_PARADA: P.EQ.LINHA | LINHA: LINHA002
6,QUEDA DE GFS NA SAIDA DOS PINO DE SEPARAÇÃO,QUEDA DE GFS NA SAIDA DOS PINO DE SEPARACAO,QUEDA DE GARRAFAS,QUEDA DE GARRAFAS,EXACT_SAFE,1,1,4.0,1.0,2026-01-03,2,LINHA002,P.EQ.LINHA,56314,"SCH CITRUS PET 1,5L FL (6) NV 33G T2G L2",EMPACOTADORA 198/40 KIS LI02,,Sistema de Instrumentos e cont,4.0,OBSERVACAO: QUEDA DE GFS NA SAIDA DOS PINO DE SEPARAÇÃO | EQUIPAMENTO: EMPACOTADORA 198/40 KIS LI02 | CHAVE_1: Sistema de Instrumentos e cont | SUBCHAVE:  | TIPO_PARADA: P.EQ.LINHA | LINHA: LINHA002
7,TROCA DE PENTE DE TRANSFERENCIA / QUEDA DE GFS / ORDEM Nº30008219076,TROCA DE PENTE DE TRANSFERENCIA QUEDA DE GFS ORDEM N 30008219076,FALHA DE PENTE DE TRANSFERÊNCIA,FALHA DE PENTE DE TRANSFERENCIA,EXACT_SAFE,2,1,5.0,1.0,2026-01-03,2,LINHA002,P.EQ.LINHA,56314,"SCH CITRUS PET 1,5L FL (6) NV 33G T2G L2",EMPACOTADORA 198/40 KIS LI02,,Sistema de Instrumentos e cont,22.6,OBSERVACAO: TROCA DE PENTE DE TRANSFERENCIA / QUEDA DE GFS / ORDEM Nº30008219076 | EQUIPAMENTO: EMPACOTADORA 198/40 KIS LI02 | CHAVE_1: Sistema de Instrumentos e cont | SUBCHAVE:  | TIPO_PARADA: P.EQ.LINHA | LINHA: LINHA002
8,QUEDA DE GFS NA MESA DE ENVOLVIMENTO,QUEDA DE GFS NA MESA DE ENVOLVIMENTO,QUEDA DE GARRAFAS,QUEDA DE GARRAFAS,EXACT_SAFE,3,1,7.0,1.0,2026-01-03,2,LINHA002,P.EQ.LINHA,56314,"SCH CITRUS PET 1,5L FL (6) NV 33G T2G L2",EMPACOTADORA 198/40 KIS LI02,,Sistema de Instrumentos e cont,7.2,OBSERVACAO: QUEDA DE GFS NA MESA DE ENVOLVIMENTO | EQUIPAMENTO: EMPACOTADORA 198/40 KIS LI02 | CHAVE_1: Sistema de Instrumentos e cont | SUBCHAVE:  | TIPO_PARADA: P.EQ.LINHA | LINHA: LINHA002
9,AJUSTE NO PENTE OCASIONANDO QUEDA DE GARRAFA,AJUSTE NO PENTE OCASIONANDO QUEDA DE GARRAFA,QUEDA DE GARRAFAS,QUEDA DE GARRAFAS,EXACT_SAFE,1,1,9.0,1.0,2026-01-03,2,LINHA002,P.EQ.LINHA,56314,"SCH CITRUS PET 1,5L FL (6) NV 33G T2G L2",EMPACOTADORA 198/40 KIS LI02,,Sistema de Instrumentos e cont,14.2,OBSERVACAO: AJUSTE NO PENTE OCASIONANDO QUEDA DE GARRAFA | EQUIPAMENTO: EMPACOTADORA 198/40 KIS LI02 | CHAVE_1: Sistema de Instrumentos e cont | SUBCHAVE:  | TIPO_PARADA: P.EQ.LINHA | LINHA: LINHA002
10,FALHA NA VALVULA MODULADORA DE CO2 NOTA ( 3008219166),FALHA NA VALVULA MODULADORA DE CO2 NOTA 3008219166,FALHA DE VÁLVULA MODULADORA,FALHA DE VALVULA MODULADORA,EXACT_SAFE,2,1,10.0,1.0,2026-01-03,3,LINHA004,P.EQ.LINHA,56312,SCH CITRUS LT 350ML FI (6) L346 F953 L04,PROPORCIONADOR STARBLEND SID L,Válvula mod de CO2 falha,Circuito de carbonatação,2.0,OBSERVACAO: FALHA NA VALVULA MODULADORA DE CO2 NOTA ( 3008219166) | EQUIPAMENTO: PROPORCIONADOR STARBLEND SID L | CHAVE_1: Circuito de carbonatação | SUBCHAVE: Válvula mod de CO2 falha | TIPO_PARADA: P.EQ.LINHA | LINHA: LINHA004
11,FALHA NYLON DO TENSOR DE ROTULOS DO AGREGADO 2 ORDEM: 30008219040,FALHA NYLON DO TENSOR DE ROTULOS DO AGREGADO 2 ORDEM 30008219040,FALHA DO TENSOR DE RÓTULOS,FALHA DO TENSOR DE ROTULOS,EXACT_SAFE,1,1,12.0,1.0,2026-01-03,1,LINHA005,P.EQ.LINHA,55568,"CC PET RET 2L (9) 7,49 L05",ROTULADORA MODULAR KRONES LI05,,Sistema de Instrumentos e cont,12.36,OBSERVACAO: FALHA NYLON DO TENSOR DE ROTULOS DO AGREGADO 2 ORDEM: 30008219040 | EQUIPAMENTO: ROTULADORA MODULAR KRONES LI05 | CHAVE_1: Sistema de Instrumentos e cont | SUBCHAVE:  | TIPO_PARADA: P.EQ.LINHA | LINHA: LINHA005
12,TRAVAMENTO NO SEGMENTO DE GARRAFAS NO REJEITOR EBS,TRAVAMENTO NO SEGMENTO DE GARRAFAS NO REJEITOR EBS,TRAVAMENTO DE SEGMENTOS,TRAVAMENTO DE SEGMENTOS,EXACT_SAFE,1,1,13.0,1.0,2026-01-03,1,LINHA005,P.EQ.LINHA,55568,"CC PET RET 2L (9) 7,49 L05",INSPETOR EBS,,Estrutura,4.53,OBSERVACAO: TRAVAMENTO NO SEGMENTO DE GARRAFAS NO REJEITOR EBS | EQUIPAMENTO: INSPETOR EBS | CHAVE_1: Estrutura | SUBCHAVE:  | TIPO_PARADA: P.EQ.LINHA | LINHA: LINHA005
13,TRAVAMENTO DO SEGMENTOS DE GARRAFA NO REJEITOR EBS,TRAVAMENTO DO SEGMENTOS DE GARRAFA NO REJEITOR EBS,TRAVAMENTO DE SEGMENTOS,TRAVAMENTO DE SEGMENTOS,EXACT_SAFE,3,1,14.0,1.0,2026-01-03,1,LINHA005,P.EQ.LINHA,55568,"CC PET RET 2L (9) 7,49 L05",INSPETOR EBS,,Estrutura,4.0,OBSERVACAO: TRAVAMENTO DO SEGMENTOS DE GARRAFA NO REJEITOR EBS | EQUIPAMENTO: INSPETOR EBS | CHAVE_1: Estrutura | SUBCHAVE:  | TIPO_PARADA: P.EQ.LINHA | LINHA: LINHA005
14,FALHA NO REJEITOR PUSHER ORDEM: 30008219061,FALHA NO REJEITOR PUSHER ORDEM 30008219061,FALHA DE REJEIÇÃO,FALHA DE REJEICAO,EXACT_SAFE,1,1,15.0,1.0,2026-01-03,2,LINHA005,P.EQ.LINHA,55568,"CC PET RET 2L (9) 7,49 L05",ENOS MASS SPEC,,Estrutura,10.0,OBSERVACAO: FALHA NO REJEITOR PUSHER ORDEM: 30008219061 | EQUIPAMENTO: ENOS MASS SPEC | CHAVE_1: Estrutura | SUBCHAVE:  | TIPO_PARADA: P.EQ.LINHA | LINHA: LINHA005
15,TRAVAMENTO DO SEGMENTO DE GARRAFAS NO REJEITOR EBS,TRAVAMENTO DO SEGMENTO DE GARRAFAS NO REJEITOR EBS,TRAVAMENTO DE SEGMENTOS,TRAVAMENTO DE SEGMENTOS,EXACT_SAFE,2,1,16.0,1.0,2026-01-03,2,LINHA005,P.EQ.LINHA,55568,"CC PET RET 2L (9) 7,49 L05",INSPETOR EBS,,Estrutura,5.24,OBSERVACAO: TRAVAMENTO DO SEGMENTO DE GARRAFAS NO REJEITOR EBS | EQUIPAMENTO: INSPETOR EBS | CHAVE_1: Estrutura | SUBCHAVE:  | TIPO_PARADA: P.EQ.LINHA | LINHA: LINHA005
16,BOCAL TRAVADO ( 30008219084 ),BOCAL TRAVADO 30008219084,TRAVAMENTO DE BOCAL,TRAVAMENTO DE BOCAL,EXACT_SAFE,1,1,17.0,1.0,2026-01-03,2,LINHA005,P.EQ.LINHA,55568,"CC PET RET 2L (9) 7,49 L05",CAPSULADORA EURO PK15 ACY LI05,,Sistema de Tampamento,12.36,OBSERVACAO: BOCAL TRAVADO ( 30008219084 ) | EQUIPAMENTO: CAPSULADORA EURO PK15 ACY LI05 | CHAVE_1: Sistema de Tampamento | SUBCHAVE:  | TIPO_PARADA: P.EQ.LINHA | LINHA: LINHA005
17,FALHA NA CAMARA DE LEITURA DE GARRAFAS ( ORDEM 30008219108 ),FALHA NA CAMARA DE LEITURA DE GARRAFAS ORDEM 30008219108,FALHA DE CÂMERA,FALHA DE CAMERA,EXACT_SAFE,1,1,18.0,1.0,2026-01-03,2,LINHA005,P.EQ.LINHA,55568,"CC PET RET 2L (9) 7,49 L05",INSPETOR EBS,,Estrutura,60.0,OBSERVACAO: FALHA NA CAMARA DE LEITURA DE GARRAFAS ( ORDEM 30008219108 ) | EQUIPAMENTO: INSPETOR EBS | CHAVE_1: Estrutura | SUBCHAVE:  | TIPO_PARADA: P.EQ.LINHA | LINHA: LINHA005
19,ENTORTOU A CHAPA DO GUIA DE TRANSFERENCIA DE GARRAFAS ( 30008219114 ),ENTORTOU A CHAPA DO GUIA DE TRANSFERENCIA DE GARRAFAS 30008219114,DESALINHAMENTO DE GUIA,DESALINHAMENTO DE GUIA,EXACT_SAFE,1,1,20.0,1.0,2026-01-03,2,LINHA005,P.EQ.LINHA,55568,"CC PET RET 2L (9) 7,49 L05",ENCHEDORA EUROSTAR SID LI05,Qualidade de peças,Estrutura,10.0,OBSERVACAO: ENTORTOU A CHAPA DO GUIA DE TRANSFERENCIA DE GARRAFAS ( 30008219114 ) | EQUIPAMENTO: ENCHEDORA EUROSTAR SID LI05 | CHAVE_1: Estrutura | SUBCHAVE: Qualidade de peças | TIPO_PARADA: P.EQ.LINHA | LINHA: LINHA005
20,NYLON DA ESTEIRA DO TRANSPORTE DE SAIDA DA LAVADORA SAIU FORA DE POSIÇÃO OCASIONADO QUEDA DE GARRAFAS NA SAIDA,NYLON DA ESTEIRA DO TRANSPORTE DE SAIDA DA LAVADORA SAIU FORA DE POSICAO OCASIONADO QUEDA DE GARRAFAS NA SAIDA,ESCAPE DE ESTEIRA,ESCAPE DE ESTEIRA,EXACT_SAFE,1,1,21.0,1.0,2026-01-03,2,LINHA005,P.EQ.LINHA,55568,"CC PET RET 2L (9) 7,49 L05",LAVADORA GARRAFA 22/470 ZIE,,SISTEMA DESCARGA GARRAFA 22/47,5.18,OBSERVACAO: NYLON DA ESTEIRA DO TRANSPORTE DE SAIDA DA LAVADORA SAIU FORA DE POSIÇÃO OCASIONADO QUEDA DE GARRAFAS NA SAIDA | EQUIPAMENTO: LAVADORA GARRAFA 22/470 ZIE | CHAVE_1: SISTEMA DESCARGA GARRAFA 22/47 | SUBCHAVE:  | TIPO_PARADA: P.EQ.LINHA | LINHA: LINHA005
26,EMPURRADOR DE CAMADAS NÃO REALIZA CICLO AUTOMATICO E NÃO RESPONDE AS FUNÇÕES MANUAIS. ORDEM- 30008219052,EMPURRADOR DE CAMADAS NAO REALIZA CICLO AUTOMATICO E NAO RESPONDE AS FUNCOES MANUAIS ORDEM 30008219052,FALHA DE EMPURRADOR,FALHA DE EMPURRADOR,EXACT_SAFE,2,1,22.0,1.0,2026-01-03,1,LINHA003,P.EQ.LINHA,55993,CC PET 1L FL (6) N.V 29G F710 L03,PALETIZADORA ROBOT KRO LI03,,Sistema elétrico,3.0,OBSERVACAO: EMPURRADOR DE CAMADAS NÃO REALIZA CICLO AUTOMATICO E NÃO RESPONDE AS FUNÇÕES MANUAIS. ORDEM- 30008219052 | EQUIPAMENTO: PALETIZADORA ROBOT KRO LI03 | CHAVE_1: Sistema elétrico | SUBCHAVE:  | TIPO_PARADA: P.EQ.LINHA | LINHA: LINHA003
27,"BOCAL NUMERO 12 SOLTANDO A TAMPA, FOI IDENTIFICADO QUE A MOLA ESTA DANIFICADA. ORDEM- 30008219041",BOCAL NUMERO 12 SOLTANDO A TAMPA FOI IDENTIFICADO QUE A MOLA ESTA DANIFICADA ORDEM 30008219041,FALHA DE MOLA,FALHA DE MOLA,EXACT_SAFE,1,1,24.0,1.0,2026-01-03,1,LINHA003,P.EQ.LINHA,55993,CC PET 1L FL (6) N.V 29G F710 L03,CAPSULADORA EURO PK18 ACY LI03,,Sistema de instrumentos e cont,50.0,"OBSERVACAO: BOCAL NUMERO 12 SOLTANDO A TAMPA, FOI IDENTIFICADO QUE A MOLA ESTA DANIFICADA. ORDEM- 30008219041 | EQUIPAMENTO: CAPSULADORA EURO PK18 ACY LI03 | CHAVE_1: Sistema de instrumentos e cont | SUBCHAVE:  | TIPO_PARADA: P.EQ.LINHA | LINHA: LINHA003"
28,TRAVAMENTO DA PERSIANA,TRAVAMENTO DA PERSIANA,TRAVAMENTO DE PERSIANA,TRAVAMENTO DE PERSIANA,EXACT_SAFE,1,1,25.0,1.0,2026-01-03,2,LINHA003,P.EQ.LINHA,55993,CC PET 1L FL (6) N.V 29G F710 L03,PALETIZADORA ROBOT KRO LI03,Qualidade de peças,Estrutura,2.0,OBSERVACAO: TRAVAMENTO DA PERSIANA | EQUIPAMENTO: PALETIZADORA ROBOT KRO LI03 | CHAVE_1: Estrutura | SUBCHAVE: Qualidade de peças | TIPO_PARADA: P.EQ.LINHA | LINHA: LINHA003
29,FALHA NO MOTOR DO TRANSPORTE DE PALETES,FALHA NO MOTOR DO TRANSPORTE DE PALETES,FALHA DE MOTOR,FALHA DE MOTOR,EXACT_SAFE,1,1,26.0,1.0,2026-01-03,2,LINHA003,P.EQ.LINHA,55993,CC PET 1L FL (6) N.V 29G F710 L03,PALETIZADORA ROBOT KRO LI03,,Sistema elétrico,42.5,OBSERVACAO: FALHA NO MOTOR DO TRANSPORTE DE PALETES | EQUIPAMENTO: PALETIZADORA ROBOT KRO LI03 | CHAVE_1: Sistema elétrico | SUBCHAVE:  | TIPO_PARADA: P.EQ.LINHA | LINHA: LINHA003
30,TROCA DO MOTOR DO TRANSPORTE DE PALLET,TROCA DO MOTOR DO TRANSPORTE DE PALLET,FALHA DE MOTOR,FALHA DE MOTOR,EXACT_SAFE,1,1,27.0,1.0,2026-01-03,2,LINHA003,P.EQ.LINHA,55993,CC PET 1L FL (6) N.V 29G F710 L03,TRANSP PALETES ENVOLV FINAL,Motoredutor danificado,Sistema Motriz,1.5,OBSERVACAO: TROCA DO MOTOR DO TRANSPORTE DE PALLET | EQUIPAMENTO: TRANSP PALETES ENVOLV FINAL | CHAVE_1: Sistema Motriz | SUBCHAVE: Motoredutor danificado | TIPO_PARADA: P.EQ.LINHA | LINHA: LINHA003
39,TRAVAMENTO DO SEGMENTO DE GARRAFAS NO REJEITOR EBS,TRAVAMENTO DO SEGMENTO DE GARRAFAS NO REJEITOR EBS,TRAVAMENTO DE SEGMENTOS,TRAVAMENTO DE SEGMENTOS,EXACT_SAFE,2,1,16.0,1.0,2026-01-03,2,LINHA005,P.EQ.LINHA,55568,"CC PET RET 2L (9) 7,49 L05",INSPETOR EBS,,Estrutura,5.24,OBSERVACAO: TRAVAMENTO DO SEGMENTO DE GARRAFAS NO REJEITOR EBS | EQUIPAMENTO: INSPETOR EBS | CHAVE_1: Estrutura | SUBCHAVE:  | TIPO_PARADA: P.EQ.LINHA | LINHA: LINHA005
40,"QUEBROU ESTEIRA NA ENTRADA DA LAVADORA DE CAIXAS, GERANDO ENROSCO DE CAIXAS ORDEM: 30008223803",QUEBROU ESTEIRA NA ENTRADA DA LAVADORA DE CAIXAS GERANDO ENROSCO DE CAIXAS ORDEM 30008223803,QUEBRA DE ESTEIRA,QUEBRA DE ESTEIRA,EXACT_SAFE,1,1,29.0,1.0,2026-01-05,1,LINHA005,P.EQ.LINHA,55568,"CC PET RET 2L (9) 7,49 L05",LAVADORA CXS EXC 800 ZIE LI05,,Sistema de Instrumentos e cont,9.18,"OBSERVACAO: QUEBROU ESTEIRA NA ENTRADA DA LAVADORA DE CAIXAS, GERANDO ENROSCO DE CAIXAS ORDEM: 30008223803 | EQUIPAMENTO: LAVADORA CXS EXC 800 ZIE LI05 | CHAVE_1: Sistema de Instrumentos e cont | SUBCHAVE:  | TIPO_PARADA: P.EQ.LINHA | LINHA: LINHA005"
41,ATUADOR DO SENSOR TRAVADO ORDEM: 30008223804,ATUADOR DO SENSOR TRAVADO ORDEM 30008223804,FALHA DE SENSOR,FALHA DE SENSOR,EXACT_SAFE,1,1,30.0,1.0,2026-01-05,2,LINHA005,P.EQ.LINHA,55568,"CC PET RET 2L (9) 7,49 L05",DESCAPSULADOR 16 HEADS ACY LI0,,Sistema de instrumentos e cont,9.18,OBSERVACAO: ATUADOR DO SENSOR TRAVADO ORDEM: 30008223804 | EQUIPAMENTO: DESCAPSULADOR 16 HEADS ACY LI0 | CHAVE_1: Sistema de instrumentos e cont | SUBCHAVE:  | TIPO_PARADA: P.EQ.LINHA | LINHA: LINHA005
42,FALHA NO SENSOR DA ASTE DE PEGADA DE CAMADAS ( 30008224330 ),FALHA NO SENSOR DA ASTE DE PEGADA DE CAMADAS 30008224330,FALHA DE SENSOR,FALHA DE SENSOR,EXACT_SAFE,1,1,31.0,1.0,2026-01-05,2,LINHA005,P.EQ.LINHA,55568,"CC PET RET 2L (9) 7,49 L05",DESPALETIZADOR SID LI05,,Sistema elétrico,9.18,OBSERVACAO: FALHA NO SENSOR DA ASTE DE PEGADA DE CAMADAS ( 30008224330 ) | EQUIPAMENTO: DESPALETIZADOR SID LI05 | CHAVE_1: Sistema elétrico | SUBCHAVE:  | TIPO_PARADA: P.EQ.LINHA | LINHA: LINHA005
43,FALHA NO SENSOR DE SAIDA DE PALETES ( 30008224349 ),FALHA NO SENSOR DE SAIDA DE PALETES 30008224349,FALHA DE SENSOR,FALHA DE SENSOR,EXACT_SAFE,2,1,32.0,1.0,2026-01-05,2,LINHA005,P.EQ.LINHA,55568,"CC PET RET 2L (9) 7,49 L05",PALETIZADORA ROBOKOMBI SID LI0,,Sistema elétrico,9.18,OBSERVACAO: FALHA NO SENSOR DE SAIDA DE PALETES ( 30008224349 ) | EQUIPAMENTO: PALETIZADORA ROBOKOMBI SID LI0 | CHAVE_1: Sistema elétrico | SUBCHAVE:  | TIPO_PARADA: P.EQ.LINHA | LINHA: LINHA005
53,VAZAMENTO DE AR NO BLOCO DA VALVULA 75 E 113 - ORDEM: 30008224807,VAZAMENTO DE AR NO BLOCO DA VALVULA 75 E 113 ORDEM 30008224807,VAZAMENTO EM VÁLVULA,VAZAMENTO EM VALVULA,EXACT_SAFE,2,1,34.0,1.0,2026-01-05,2,LINHA003,P.EQ.LINHA,56568,SPRITE PET 200ML FI (12) 14G F439 L03,ENCHEDORA EUROTRONICA FM LI03,,Sistema de instrumentos e cont,32.22,OBSERVACAO: VAZAMENTO DE AR NO BLOCO DA VALVULA 75 E 113 - ORDEM: 30008224807 | EQUIPAMENTO: ENCHEDORA EUROTRONICA FM LI03 | CHAVE_1: Sistema de instrumentos e cont | SUBCHAVE:  | TIPO_PARADA: P.EQ.LINHA | LINHA: LINHA003
54,AJUSTE EM ELO DA ESTEIRA QUE ESTAVA SE SOLTANDO / 13122841,AJUSTE EM ELO DA ESTEIRA QUE ESTAVA SE SOLTANDO 13122841,FALHA DE ELO DE ESTEIRA,FALHA DE ELO DE ESTEIRA,EXACT_SAFE,1,1,36.0,1.0,2026-01-06,1,LINHA001,P.EQ.LINHA,55609,"CC LS 1L (12) N.V 4,99 ROL412 L01",TRANSP GRFS VZ DESENCA SEP TRE,,Sistema de instrumentos e cont,1.33,OBSERVACAO: AJUSTE EM ELO DA ESTEIRA QUE ESTAVA SE SOLTANDO / 13122841 | EQUIPAMENTO: TRANSP GRFS VZ DESENCA SEP TRE | CHAVE_1: Sistema de instrumentos e cont | SUBCHAVE:  | TIPO_PARADA: P.EQ.LINHA | LINHA: LINHA001
55,ROLETES APÓS MESA GIRATÓRIA DESARMANDO,ROLETES APOS MESA GIRATORIA DESARMANDO,FALHA DE ROLETES,FALHA DE ROLETES,EXACT_SAFE,1,1,37.0,1.0,2026-01-06,2,LINHA002,P.EQ.LINHA,55732,SPRITE SA PET 2L FL (6) N.V 38G T2G L02,TRANSP PALETES MESA GIRATORIA,,Sistema Elétrico,6.0,OBSERVACAO: ROLETES APÓS MESA GIRATÓRIA DESARMANDO | EQUIPAMENTO: TRANSP PALETES MESA GIRATORIA | CHAVE_1: Sistema Elétrico | SUBCHAVE:  | TIPO_PARADA: P.EQ.LINHA | LINHA: LINHA002
57,TRAVAMENTO DO TRANSPORTE CURVA DE ENTRADA DE CAIXAS PARA PALETIZADORA ORDEM: 300082226647,TRAVAMENTO DO TRANSPORTE CURVA DE ENTRADA DE CAIXAS PARA PALETIZADORA ORDEM 300082226647,TRAVAMENTO DE TRANSPORTE,TRAVAMENTO DE TRANSPORTE,EXACT_SAFE,1,1,41.0,1.0,2026-01-06,1,LINHA005,P.EQ.LINHA,55568,"CC PET RET 2L (9) 7,49 L05",TRANSP CXS CH DESPAL DESENCA,,Sistema de instrumentos e cont,9.18,OBSERVACAO: TRAVAMENTO DO TRANSPORTE CURVA DE ENTRADA DE CAIXAS PARA PALETIZADORA ORDEM: 300082226647 | EQUIPAMENTO: TRANSP CXS CH DESPAL DESENCA | CHAVE_1: Sistema de instrumentos e cont | SUBCHAVE:  | TIPO_PARADA: P.EQ.LINHA | LINHA: LINHA005
59,FALHA NO SENSOR DE ALTURA DO CABEÇOTE (30008227494),FALHA NO SENSOR DE ALTURA DO CABECOTE 30008227494,FALHA DE SENSOR,FALHA DE SENSOR,EXACT_SAFE,2,1,43.0,1.0,2026-01-06,3,LINHA005,P.EQ.LINHA,55568,"CC PET RET 2L (9) 7,49 L05",DESPALETIZADOR SID LI05,,Sistema elétrico,12.36,OBSERVACAO: FALHA NO SENSOR DE ALTURA DO CABEÇOTE (30008227494) | EQUIPAMENTO: DESPALETIZADOR SID LI05 | CHAVE_1: Sistema elétrico | SUBCHAVE:  | TIPO_PARADA: P.EQ.LINHA | LINHA: LINHA005
70,"PAREDE LATERAL 3 EXPUILSANDO MUITAS GARRAFAS, CAUSANDO CRASH DE GARRAFAS NA SAIDA DO ASEBI",PAREDE LATERAL 3 EXPUILSANDO MUITAS GARRAFAS CAUSANDO CRASH DE GARRAFAS NA SAIDA DO ASEBI,CRASH DE GARRAFAS,CRASH DE GARRAFAS,EXACT_SAFE,1,1,45.0,1.0,2026-01-07,1,LINHA001,P.EQ.LINHA,55957,CC KS ULTRA 290ML (24) N.V ROL372 L01,INSPETOR DE GARRAFAS VAZIAS HE,,,10.4,"OBSERVACAO: PAREDE LATERAL 3 EXPUILSANDO MUITAS GARRAFAS, CAUSANDO CRASH DE GARRAFAS NA SAIDA DO ASEBI | EQUIPAMENTO: INSPETOR DE GARRAFAS VAZIAS HE | CHAVE_1:  | SUBCHAVE:  | TIPO_PARADA: P.EQ.LINHA | LINHA: LINHA001"
71,"FALHA NA PEGA DE GARRAFAS ,",FALHA NA PEGA DE GARRAFAS,FALHA DE PEGADOR,FALHA DE PEGADOR,EXACT_SAFE,1,1,46.0,1.0,2026-01-07,2,LINHA001,P.EQ.LINHA,55957,CC KS ULTRA 290ML (24) N.V ROL372 L01,ENCAIXOTADORA VAN H K LI01,,Sistema de instrumentos e cont,4.07,"OBSERVACAO: FALHA NA PEGA DE GARRAFAS , | EQUIPAMENTO: ENCAIXOTADORA VAN H K LI01 | CHAVE_1: Sistema de instrumentos e cont | SUBCHAVE:  | TIPO_PARADA: P.EQ.LINHA | LINHA: LINHA001"
72,"VELOCIDADE REDUZIDA , RODANDO A 33K, DEVIDO CRASH NA ENCHEDORA",VELOCIDADE REDUZIDA RODANDO A 33K DEVIDO CRASH NA ENCHEDORA,ENROSCO DE GARRAFAS,ENROSCO DE GARRAFAS,EXACT_SAFE,1,1,47.0,1.0,2026-01-07,2,LINHA001,P.EQ.LINHA,55957,CC KS ULTRA 290ML (24) N.V ROL372 L01,ENCHEDORA VVF 63/12 H K LI01,,Sistema de instrumentos e cont,4.5,"OBSERVACAO: VELOCIDADE REDUZIDA , RODANDO A 33K, DEVIDO CRASH NA ENCHEDORA | EQUIPAMENTO: ENCHEDORA VVF 63/12 H K LI01 | CHAVE_1: Sistema de instrumentos e cont | SUBCHAVE:  | TIPO_PARADA: P.EQ.LINHA | LINHA: LINHA001"
73,CRASH NA SAIDA DO ASEBI,CRASH NA SAIDA DO ASEBI,FALHA DE INSPEÇÃO,FALHA DE INSPECAO,EXACT_SAFE,1,1,48.0,1.0,2026-01-07,2,LINHA001,P.EQ.LINHA,55957,CC KS ULTRA 290ML (24) N.V ROL372 L01,INSPETOR DE GARRAFAS VAZIAS HE,,,8.0,OBSERVACAO: CRASH NA SAIDA DO ASEBI | EQUIPAMENTO: INSPETOR DE GARRAFAS VAZIAS HE | CHAVE_1:  | SUBCHAVE:  | TIPO_PARADA: P.EQ.LINHA | LINHA: LINHA001
74,"PARAFUSO DA TAMPA DA CANALETADE DESCIDA SOLTO, OCASIONANDO ENTRADA DE 2 TAMPAS NO CANAL . OBS ORDEM ;30008229769",PARAFUSO DA TAMPA DA CANALETADE DESCIDA SOLTO OCASIONANDO ENTRADA DE 2 TAMPAS NO CANAL OBS ORDEM 30008229769,FALHA DE FIXAÇÃO,FALHA DE FIXACAO,EXACT_SAFE,1,1,49.0,1.0,2026-01-07,2,LINHA001,P.EQ.LINHA,55957,CC KS ULTRA 290ML (24) N.V ROL372 L01,ENCHEDORA VVF 63/12 H K LI01,,Estrutura,8.0,"OBSERVACAO: PARAFUSO DA TAMPA DA CANALETADE DESCIDA SOLTO, OCASIONANDO ENTRADA DE 2 TAMPAS NO CANAL . OBS ORDEM ;30008229769 | EQUIPAMENTO: ENCHEDORA VVF 63/12 H K LI01 | CHAVE_1: Estrutura | SUBCHAVE:  | TIPO_PARADA: P.EQ.LINHA | LINHA: LINHA001"
76,MESA APÓS GIRATÓRIA NÃO ACIONOU O ROLETE,MESA APOS GIRATORIA NAO ACIONOU O ROLETE,FALHA DE ROLETES,FALHA DE ROLETES,EXACT_SAFE,1,1,51.0,1.0,2026-01-07,2,LINHA002,P.EQ.LINHA,56271,SPRITE PET 2L FL (6) N.V 38G F840 L02,TRANSP PALETES MESA GIRATORIA,,Sistema Elétrico,4.0,OBSERVACAO: MESA APÓS GIRATÓRIA NÃO ACIONOU O ROLETE | EQUIPAMENTO: TRANSP PALETES MESA GIRATORIA | CHAVE_1: Sistema Elétrico | SUBCHAVE:  | TIPO_PARADA: P.EQ.LINHA | LINHA: LINHA002
77,PARAFUSO DO FREIO DE CAIXAS ESCAPOU ( ORDEM 30008231453 ),PARAFUSO DO FREIO DE CAIXAS ESCAPOU ORDEM 30008231453,FALHA DE FREIO,FALHA DE FREIO,EXACT_SAFE,1,1,52.0,1.0,2026-01-07,3,LINHA005,P.EQ.LINHA,56326,"CCZR PET RET 2L (9) 7,49 ROT970 L05",ENCAIXOTADORA SID LI05,,Sistema de instrumentos e cont,9.18,OBSERVACAO: PARAFUSO DO FREIO DE CAIXAS ESCAPOU ( ORDEM 30008231453 ) | EQUIPAMENTO: ENCAIXOTADORA SID LI05 | CHAVE_1: Sistema de instrumentos e cont | SUBCHAVE:  | TIPO_PARADA: P.EQ.LINHA | LINHA: LINHA005
78,FALHA TAMPA DA CABEÇA DE IMPRESSÃO ABERTA ORDEM: 30008229017,FALHA TAMPA DA CABECA DE IMPRESSAO ABERTA ORDEM 30008229017,FALHA DE CODIFICAÇÃO,FALHA DE CODIFICACAO,EXACT_SAFE,1,1,53.0,1.0,2026-01-07,1,LINHA005,P.EQ.LINHA,55568,"CC PET RET 2L (9) 7,49 L05",DATADORA MARKEM IMAJE 9450,,,7.0,OBSERVACAO: FALHA TAMPA DA CABEÇA DE IMPRESSÃO ABERTA ORDEM: 30008229017 | EQUIPAMENTO: DATADORA MARKEM IMAJE 9450 | CHAVE_1:  | SUBCHAVE:  | TIPO_PARADA: P.EQ.LINHA | LINHA: LINHA005
79,ESCAPOU A ESTEIRA NA CURVA DA PALETIZADORA,ESCAPOU A ESTEIRA NA CURVA DA PALETIZADORA,ESCAPE DE ESTEIRA,ESCAPE DE ESTEIRA,EXACT_SAFE,1,1,54.0,1.0,2026-01-07,1,LINHA005,P.EQ.LINHA,55568,"CC PET RET 2L (9) 7,49 L05",TRANSP CXS GRFS CH PAL,,Sistema de instrumentos e cont,4.0,OBSERVACAO: ESCAPOU A ESTEIRA NA CURVA DA PALETIZADORA | EQUIPAMENTO: TRANSP CXS GRFS CH PAL | CHAVE_1: Sistema de instrumentos e cont | SUBCHAVE:  | TIPO_PARADA: P.EQ.LINHA | LINHA: LINHA005
80,TRANSPORTE DE CAIXAS NA ENTRADA DA PALETIZADORA DESARMOU MOTOR 331 ORDEM: 30008229014,TRANSPORTE DE CAIXAS NA ENTRADA DA PALETIZADORA DESARMOU MOTOR 331 ORDEM 30008229014,DESARME DE MOTOR,DESARME DE MOTOR,EXACT_SAFE,1,1,55.0,1.0,2026-01-07,1,LINHA005,P.EQ.LINHA,55568,"CC PET RET 2L (9) 7,49 L05",TRANSP CXS GRFS CH PAL,,Sistema Elétrico,8.36,OBSERVACAO: TRANSPORTE DE CAIXAS NA ENTRADA DA PALETIZADORA DESARMOU MOTOR 331 ORDEM: 30008229014 | EQUIPAMENTO: TRANSP CXS GRFS CH PAL | CHAVE_1: Sistema Elétrico | SUBCHAVE:  | TIPO_PARADA: P.EQ.LINHA | LINHA: LINHA005
81,"NYLON DANIFICADO, OCASIONANDO TRAVAMENTO NA ESTEIRA NO TRANSPORTE DE CAIXAS NA EN TRADA PALETIZADORA 30008231459",NYLON DANIFICADO OCASIONANDO TRAVAMENTO NA ESTEIRA NO TRANSPORTE DE CAIXAS NA EN TRADA PALETIZADORA 30008231459,TRAVAMENTO DE ESTEIRA,TRAVAMENTO DE ESTEIRA,EXACT_SAFE,1,1,56.0,1.0,2026-01-07,2,LINHA005,P.EQ.LINHA,55568,"CC PET RET 2L (9) 7,49 L05",TRANSP CXS GRFS CH PAL,,Sistema de instrumentos e cont,10.0,"OBSERVACAO: NYLON DANIFICADO, OCASIONANDO TRAVAMENTO NA ESTEIRA NO TRANSPORTE DE CAIXAS NA EN TRADA PALETIZADORA 30008231459 | EQUIPAMENTO: TRANSP CXS GRFS CH PAL | CHAVE_1: Sistema de instrumentos e cont | SUBCHAVE:  | TIPO_PARADA: P.EQ.LINHA | LINHA: LINHA005"
82,QUEDA DO PARAFUSO DO STOPER DE CAIXAS 30008229600,QUEDA DO PARAFUSO DO STOPER DE CAIXAS 30008229600,FALHA DE FIXAÇÃO,FALHA DE FIXACAO,EXACT_SAFE,1,1,57.0,1.0,2026-01-07,2,LINHA005,P.EQ.LINHA,55568,"CC PET RET 2L (9) 7,49 L05",ENCAIXOTADORA SID LI05,,Estrutura,8.0,OBSERVACAO: QUEDA DO PARAFUSO DO STOPER DE CAIXAS 30008229600 | EQUIPAMENTO: ENCAIXOTADORA SID LI05 | CHAVE_1: Estrutura | SUBCHAVE:  | TIPO_PARADA: P.EQ.LINHA | LINHA: LINHA005
83,FALHA NA CODIFICAÇAO,FALHA NA CODIFICACAO,FALHA DE CODIFICAÇÃO,FALHA DE CODIFICACAO,EXACT_SAFE,1,1,520.0,1.0,2026-03-06,1,LINHA001,P.EQ.LINHA,55609,"CC LS 1L (12) N.V 4,99 ROL412 L01",DATADORA MARKEM IMAJE 9450S,,,6.0,OBSERVACAO: FALHA NA CODIFICAÇAO | EQUIPAMENTO: DATADORA MARKEM IMAJE 9450S | CHAVE_1:  | SUBCHAVE:  | TIPO_PARADA: P.EQ.LINHA | LINHA: LINHA001
93,A CABECA DA MAQUINA SUBIU CAUSANDO A NIVEIS BAIXOS . ORDEM 300008235403,A CABECA DA MAQUINA SUBIU CAUSANDO A NIVEIS BAIXOS ORDEM 300008235403,FALHA DE POSICIONAMENTO DO CABEÇOTE,FALHA DE POSICIONAMENTO DO CABECOTE,EXACT_SAFE,1,1,58.0,1.0,2026-01-08,2,LINHA001,P.EQ.LINHA,55957,CC KS ULTRA 290ML (24) N.V ROL372 L01,ENCHEDORA VVF 63/12 H K LI01,,Estrutura,36.29,OBSERVACAO: A CABECA DA MAQUINA SUBIU CAUSANDO A NIVEIS BAIXOS . ORDEM 300008235403 | EQUIPAMENTO: ENCHEDORA VVF 63/12 H K LI01 | CHAVE_1: Estrutura | SUBCHAVE:  | TIPO_PARADA: P.EQ.LINHA | LINHA: LINHA001
94,"CRASH NA SAIDA DA ENCHEDORA , ASSIM QUE LIGASSE A MAQUINA ELE JA DAVA O CRASH",CRASH NA SAIDA DA ENCHEDORA ASSIM QUE LIGASSE A MAQUINA ELE JA DAVA O CRASH,ENROSCO DE GARRAFAS,ENROSCO DE GARRAFAS,EXACT_SAFE,1,1,59.0,1.0,2026-01-08,2,LINHA001,P.EQ.LINHA,55957,CC KS ULTRA 290ML (24) N.V ROL372 L01,ENCHEDORA VVF 63/12 H K LI01,,Sistema de enchimento,36.29,"OBSERVACAO: CRASH NA SAIDA DA ENCHEDORA , ASSIM QUE LIGASSE A MAQUINA ELE JA DAVA O CRASH | EQUIPAMENTO: ENCHEDORA VVF 63/12 H K LI01 | CHAVE_1: Sistema de enchimento | SUBCHAVE:  | TIPO_PARADA: P.EQ.LINHA | LINHA: LINHA001"
95,VELOCIDADE ABAIXO DA NOMINAL DEVIDO CRASH NA ENCHEDORA,VELOCIDADE ABAIXO DA NOMINAL DEVIDO CRASH NA ENCHEDORA,ENROSCO DE GARRAFAS,ENROSCO DE GARRAFAS,EXACT_SAFE,1,1,60.0,1.0,2026-01-08,2,LINHA001,P.EQ.LINHA,55957,CC KS ULTRA 290ML (24) N.V ROL372 L01,ENCHEDORA VVF 63/12 H K LI01,,Sistema de instrumentos e cont,30.0,OBSERVACAO: VELOCIDADE ABAIXO DA NOMINAL DEVIDO CRASH NA ENCHEDORA | EQUIPAMENTO: ENCHEDORA VVF 63/12 H K LI01 | CHAVE_1: Sistema de instrumentos e cont | SUBCHAVE:  | TIPO_PARADA: P.EQ.LINHA | LINHA: LINHA001
96,VELOCIDADE ABAIXO DA NOMINAL E CRASH NA ENCHEDORA,VELOCIDADE ABAIXO DA NOMINAL E CRASH NA ENCHEDORA,ENROSCO DE GARRAFAS,ENROSCO DE GARRAFAS,EXACT_SAFE,1,1,61.0,1.0,2026-01-08,2,LINHA001,P.EQ.LINHA,55957,CC KS ULTRA 290ML (24) N.V ROL372 L01,ENCHEDORA VVF 63/12 H K LI01,,Sistema de instrumentos e cont,27.25,OBSERVACAO: VELOCIDADE ABAIXO DA NOMINAL E CRASH NA ENCHEDORA | EQUIPAMENTO: ENCHEDORA VVF 63/12 H K LI01 | CHAVE_1: Sistema de instrumentos e cont | SUBCHAVE:  | TIPO_PARADA: P.EQ.LINHA | LINHA: LINHA001
97,ESTEIRA NA CURVA DO TRANSPORTE DE CAIXAS NA PALETIZADORA ESCAPOU,ESTEIRA NA CURVA DO TRANSPORTE DE CAIXAS NA PALETIZADORA ESCAPOU,ESCAPE DE ESTEIRA,ESCAPE DE ESTEIRA,EXACT_SAFE,2,1,62.0,1.0,2026-01-08,1,LINHA005,P.EQ.LINHA,56326,"CCZR PET RET 2L (9) 7,49 ROT970 L05",TRANSP CXS GRFS CH PAL,,Sistema de instrumentos e cont,3.0,OBSERVACAO: ESTEIRA NA CURVA DO TRANSPORTE DE CAIXAS NA PALETIZADORA ESCAPOU | EQUIPAMENTO: TRANSP CXS GRFS CH PAL | CHAVE_1: Sistema de instrumentos e cont | SUBCHAVE:  | TIPO_PARADA: P.EQ.LINHA | LINHA: LINHA005
98,FALHA TRANSPORTE NO ALINHADOR DO LINATRONIC ORDEM 30008233631,FALHA TRANSPORTE NO ALINHADOR DO LINATRONIC ORDEM 30008233631,FALHA DE TRANSPORTE,FALHA DE TRANSPORTE,EXACT_SAFE,1,1,63.0,1.0,2026-01-08,1,LINHA005,P.EQ.LINHA,56326,"CCZR PET RET 2L (9) 7,49 ROT970 L05",TRANSP GRFS VZ LAV GRFS LINATR,,Sistema Elétrico,5.0,OBSERVACAO: FALHA TRANSPORTE NO ALINHADOR DO LINATRONIC ORDEM 30008233631 | EQUIPAMENTO: TRANSP GRFS VZ LAV GRFS LINATR | CHAVE_1: Sistema Elétrico | SUBCHAVE:  | TIPO_PARADA: P.EQ.LINHA | LINHA: LINHA005
99,CORREÇÃO DE PONTO NA MESA DE CARGA ENTRADA DA LAVADORA ORDEM: 30008233633,CORRECAO DE PONTO NA MESA DE CARGA ENTRADA DA LAVADORA ORDEM 30008233633,FALHA NA MESA DE CARGA,FALHA NA MESA DE CARGA,EXACT_SAFE,1,1,64.0,1.0,2026-01-08,1,LINHA005,P.EQ.LINHA,56326,"CCZR PET RET 2L (9) 7,49 ROT970 L05",LAVADORA GARRAFA 22/470 ZIE,,SISTEMA LAVAGEM GARRAFA 22/470,12.36,OBSERVACAO: CORREÇÃO DE PONTO NA MESA DE CARGA ENTRADA DA LAVADORA ORDEM: 30008233633 | EQUIPAMENTO: LAVADORA GARRAFA 22/470 ZIE | CHAVE_1: SISTEMA LAVAGEM GARRAFA 22/470 | SUBCHAVE:  | TIPO_PARADA: P.EQ.LINHA | LINHA: LINHA005
100,MOTOR 311 DESARMOU (30008235552 ),MOTOR 311 DESARMOU 30008235552,DESARME DE MOTOR,DESARME DE MOTOR,EXACT_SAFE,1,1,65.0,1.0,2026-01-08,2,LINHA005,P.EQ.LINHA,56326,"CCZR PET RET 2L (9) 7,49 ROT970 L05",TRANSP CXS VZ DESENCA LAV CXS,,Sistema Elétrico,6.0,OBSERVACAO: MOTOR 311 DESARMOU (30008235552 ) | EQUIPAMENTO: TRANSP CXS VZ DESENCA LAV CXS | CHAVE_1: Sistema Elétrico | SUBCHAVE:  | TIPO_PARADA: P.EQ.LINHA | LINHA: LINHA005
101,FALHA NO INVERSOR DO MOTOR 311 ( ORDEM 30008235903 ),FALHA NO INVERSOR DO MOTOR 311 ORDEM 30008235903,FALHA DE INVERSOR,FALHA DE INVERSOR,EXACT_SAFE,1,1,66.0,1.0,2026-01-08,3,LINHA005,P.EQ.LINHA,56326,"CCZR PET RET 2L (9) 7,49 ROT970 L05",TRANSP CXS VZ DESENCA LAV CXS,,Sistema Elétrico,6.0,OBSERVACAO: FALHA NO INVERSOR DO MOTOR 311 ( ORDEM 30008235903 ) | EQUIPAMENTO: TRANSP CXS VZ DESENCA LAV CXS | CHAVE_1: Sistema Elétrico | SUBCHAVE:  | TIPO_PARADA: P.EQ.LINHA | LINHA: LINHA005
102,FALHA MOTOR 311 TRANSPORTE DE CAIXAS VAZIAS DESARMANDO POR SOBRECORRENTE,FALHA MOTOR 311 TRANSPORTE DE CAIXAS VAZIAS DESARMANDO POR SOBRECORRENTE,SOBRECORRENTE,SOBRECORRENTE,EXACT_SAFE,1,1,67.0,1.0,2026-01-08,3,LINHA005,P.EQ.LINHA,56326,"CCZR PET RET 2L (9) 7,49 ROT970 L05",LAVADORA CXS EXC 800 ZIE LI05,,Sistema de Instrumentos e cont,6.53,OBSERVACAO: FALHA MOTOR 311 TRANSPORTE DE CAIXAS VAZIAS DESARMANDO POR SOBRECORRENTE | EQUIPAMENTO: LAVADORA CXS EXC 800 ZIE LI05 | CHAVE_1: Sistema de Instrumentos e cont | SUBCHAVE:  | TIPO_PARADA: P.EQ.LINHA | LINHA: LINHA005
103,PARAFUSO DO SUPORTE DO CONTRA PINO SOLTOU 30008235634,PARAFUSO DO SUPORTE DO CONTRA PINO SOLTOU 30008235634,FALHA DE FIXAÇÃO,FALHA DE FIXACAO,EXACT_SAFE,1,1,68.0,1.0,2026-01-08,2,LINHA006,P.EQ.LINHA,118621,ICE TEA PES PET 450ML FL (6) NV TP2G L06,EMPACOTADORA OCME L06,,Estrutura,11.62,OBSERVACAO: PARAFUSO DO SUPORTE DO CONTRA PINO SOLTOU 30008235634 | EQUIPAMENTO: EMPACOTADORA OCME L06 | CHAVE_1: Estrutura | SUBCHAVE:  | TIPO_PARADA: P.EQ.LINHA | LINHA: LINHA006
108,"FALHA DE ENCHIMENTO, EXCESSO DE NIVEL BAIXO",FALHA DE ENCHIMENTO EXCESSO DE NIVEL BAIXO,FALHA DE ENCHIMENTO,FALHA DE ENCHIMENTO,EXACT_SAFE,1,1,703.0,1.0,2026-03-22,3,LINHA004,P.EQ.LINHA,56312,SCH CITRUS LT 350ML FI (6) L718 F953 L04,ENCHEDORA STARCANS FM E 91 LI0,,Sistema de enchimento,14.0,"OBSERVACAO: FALHA DE ENCHIMENTO, EXCESSO DE NIVEL BAIXO | EQUIPAMENTO: ENCHEDORA STARCANS FM E 91 LI0 | CHAVE_1: Sistema de enchimento | SUBCHAVE:  | TIPO_PARADA: P.EQ.LINHA | LINHA: LINHA004"
111,FALHA NA FORMAÇÃO DER CAMADA ORDEM30008235832,FALHA NA FORMACAO DER CAMADA ORDEM30008235832,FALHA DE FORMAÇÃO DE CAMADA,FALHA DE FORMACAO DE CAMADA,EXACT_SAFE,1,1,71.0,1.0,2026-01-08,2,LINHA006,P.EQ.LINHA,118621,ICE TEA PES PET 450ML FL (6) NV TP2G L06,PALETIZADORA OCME L06,,Sistema elétrico,14.3,OBSERVACAO: FALHA NA FORMAÇÃO DER CAMADA ORDEM30008235832 | EQUIPAMENTO: PALETIZADORA OCME L06 | CHAVE_1: Sistema elétrico | SUBCHAVE:  | TIPO_PARADA: P.EQ.LINHA | LINHA: LINHA006
113,"SENSOR DE PRESENÇA DE PALETES FOI MONTADO FORA DA POSIÇÃO NO PCM, OCASIONANDO FALHA NA BARREIRA DE SAIDA DA ENVOLVEDORA.",SENSOR DE PRESENCA DE PALETES FOI MONTADO FORA DA POSICAO NO PCM OCASIONANDO FALHA NA BARREIRA DE SAIDA DA ENVOLVEDORA,FALHA DE SENSOR,FALHA DE SENSOR,EXACT_SAFE,1,1,72.0,1.0,2026-01-08,1,LINHA003,P.EQ.LINHA,55935,CC PET 600ML FL (6) NV 17G LOLA T2G L03,TRPTE PLTS MONTADOS KRO LI03,,Sistema Elétrico,25.0,"OBSERVACAO: SENSOR DE PRESENÇA DE PALETES FOI MONTADO FORA DA POSIÇÃO NO PCM, OCASIONANDO FALHA NA BARREIRA DE SAIDA DA ENVOLVEDORA. | EQUIPAMENTO: TRPTE PLTS MONTADOS KRO LI03 | CHAVE_1: Sistema Elétrico | SUBCHAVE:  | TIPO_PARADA: P.EQ.LINHA | LINHA: LINHA003"
114,SENSOR DA CENTRAGEM ESQUERDA DA MESA DE FORMAÇÃO DE CAMADA SAINDO FORA DE POSIÇÃO.,SENSOR DA CENTRAGEM ESQUERDA DA MESA DE FORMACAO DE CAMADA SAINDO FORA DE POSICAO,FALHA DE SENSOR,FALHA DE SENSOR,EXACT_SAFE,1,1,73.0,1.0,2026-01-08,2,LINHA003,P.EQ.LINHA,55935,CC PET 600ML FL (6) NV 17G LOLA T2G L03,PALETIZADORA ROBOT KRO LI03,,Sistema elétrico,10.5,OBSERVACAO: SENSOR DA CENTRAGEM ESQUERDA DA MESA DE FORMAÇÃO DE CAMADA SAINDO FORA DE POSIÇÃO. | EQUIPAMENTO: PALETIZADORA ROBOT KRO LI03 | CHAVE_1: Sistema elétrico | SUBCHAVE:  | TIPO_PARADA: P.EQ.LINHA | LINHA: LINHA003
115,"FURANDO GARRAFAS NO GUIA DE PASSAGEM DE GARRAFAS , NOTA 30008239238",FURANDO GARRAFAS NO GUIA DE PASSAGEM DE GARRAFAS NOTA 30008239238,FALHA DE GUIA,FALHA DE GUIA,EXACT_SAFE,1,1,75.0,1.0,2026-01-09,1,LINHA002,P.EQ.LINHA,55569,CCZR PET 2L FL (6) NV 38G F840 L02,TRANSP GRFS ENCH MESA ACÚMULO,,Sistema de instrumentos e cont,10.0,"OBSERVACAO: FURANDO GARRAFAS NO GUIA DE PASSAGEM DE GARRAFAS , NOTA 30008239238 | EQUIPAMENTO: TRANSP GRFS ENCH MESA ACÚMULO | CHAVE_1: Sistema de instrumentos e cont | SUBCHAVE:  | TIPO_PARADA: P.EQ.LINHA | LINHA: LINHA002"
116,"QUEDA DE GARRAFAS NOS GUIAS DE PASSAGEM , APÓS OS PINOS DE SEPARAÇÃO",QUEDA DE GARRAFAS NOS GUIAS DE PASSAGEM APOS OS PINOS DE SEPARACAO,QUEDA DE GARRAFAS,QUEDA DE GARRAFAS,EXACT_SAFE,2,1,74.0,1.0,2026-01-09,1,LINHA002,P.EQ.LINHA,55569,CCZR PET 2L FL (6) NV 38G F840 L02,EMPACOTADORA 198/40 KIS LI02,,Sistema de Instrumentos e cont,2.0,"OBSERVACAO: QUEDA DE GARRAFAS NOS GUIAS DE PASSAGEM , APÓS OS PINOS DE SEPARAÇÃO | EQUIPAMENTO: EMPACOTADORA 198/40 KIS LI02 | CHAVE_1: Sistema de Instrumentos e cont | SUBCHAVE:  | TIPO_PARADA: P.EQ.LINHA | LINHA: LINHA002"
117,"QUEBROU A MOLA DO BOCAL NUMERO 1 , NOTA 30008239262",QUEBROU A MOLA DO BOCAL NUMERO 1 NOTA 30008239262,FALHA DE MOLA,FALHA DE MOLA,EXACT_SAFE,1,1,77.0,1.0,2026-01-09,2,LINHA002,P.EQ.LINHA,55569,CCZR PET 2L FL (6) NV 38G F840 L02,CAPSULADOR KHS LI02,,Sistema de Tampamento,30.0,"OBSERVACAO: QUEBROU A MOLA DO BOCAL NUMERO 1 , NOTA 30008239262 | EQUIPAMENTO: CAPSULADOR KHS LI02 | CHAVE_1: Sistema de Tampamento | SUBCHAVE:  | TIPO_PARADA: P.EQ.LINHA | LINHA: LINHA002"
118,GFS AMASSADAS / QUEDA NA SAIDA DA ENCHEDORA / VALVULAS Nº 09 E 25,GFS AMASSADAS QUEDA NA SAIDA DA ENCHEDORA VALVULAS N 09 E 25,FALHA DE VÁLVULA,FALHA DE VALVULA,EXACT_SAFE,1,1,78.0,1.0,2026-01-09,2,LINHA002,P.EQ.LINHA,55569,CCZR PET 2L FL (6) NV 38G F840 L02,ENCHEDORA KHS LI02,,Sistema pneumático,4.0,OBSERVACAO: GFS AMASSADAS / QUEDA NA SAIDA DA ENCHEDORA / VALVULAS Nº 09 E 25 | EQUIPAMENTO: ENCHEDORA KHS LI02 | CHAVE_1: Sistema pneumático | SUBCHAVE:  | TIPO_PARADA: P.EQ.LINHA | LINHA: LINHA002
119,GFS COM FINISH DANIFICADO ( PEGADOR),GFS COM FINISH DANIFICADO PEGADOR,FALHA DE PEGADOR,FALHA DE PEGADOR,EXACT_SAFE,1,1,79.0,1.0,2026-01-09,2,LINHA002,P.EQ.LINHA,55569,CCZR PET 2L FL (6) NV 38G F840 L02,ENCHEDORA KHS LI02,,Sistema de instrumentos e cont,50.0,OBSERVACAO: GFS COM FINISH DANIFICADO ( PEGADOR) | EQUIPAMENTO: ENCHEDORA KHS LI02 | CHAVE_1: Sistema de instrumentos e cont | SUBCHAVE:  | TIPO_PARADA: P.EQ.LINHA | LINHA: LINHA002
120,GFS COM FINISH DANIFICADO ( PEGADOR) ATUAÇÃO NO GUIA DE ENTRADA DE GFS PARA ENCHEDORA,GFS COM FINISH DANIFICADO PEGADOR ATUACAO NO GUIA DE ENTRADA DE GFS PARA ENCHEDORA,FALHA DE PEGADOR,FALHA DE PEGADOR,EXACT_SAFE,1,1,80.0,1.0,2026-01-09,2,LINHA002,P.EQ.LINHA,55569,CCZR PET 2L FL (6) NV 38G F840 L02,ENCHEDORA KHS LI02,,Sistema de instrumentos e cont,30.0,OBSERVACAO: GFS COM FINISH DANIFICADO ( PEGADOR) ATUAÇÃO NO GUIA DE ENTRADA DE GFS PARA ENCHEDORA | EQUIPAMENTO: ENCHEDORA KHS LI02 | CHAVE_1: Sistema de instrumentos e cont | SUBCHAVE:  | TIPO_PARADA: P.EQ.LINHA | LINHA: LINHA002
121,FALHA MOTOR 311 TRANSPORTE DE CAIXAS VAZIAS DESARMANDO POR SOBRECORRENTE ORDEM: 30008239229,FALHA MOTOR 311 TRANSPORTE DE CAIXAS VAZIAS DESARMANDO POR SOBRECORRENTE ORDEM 30008239229,SOBRECORRENTE,SOBRECORRENTE,EXACT_SAFE,1,1,81.0,1.0,2026-01-09,1,LINHA005,P.EQ.LINHA,56326,"CCZR PET RET 2L (9) 7,49 ROT970 L05",TRANSP CXS VZ DESENCA LAV CXS,,Sistema Elétrico,5.53,OBSERVACAO: FALHA MOTOR 311 TRANSPORTE DE CAIXAS VAZIAS DESARMANDO POR SOBRECORRENTE ORDEM: 30008239229 | EQUIPAMENTO: TRANSP CXS VZ DESENCA LAV CXS | CHAVE_1: Sistema Elétrico | SUBCHAVE:  | TIPO_PARADA: P.EQ.LINHA | LINHA: LINHA005
122,ESTEIRA NA CURVA DO TRANSPORTE DE CAIXAS NA PALETIZADORA ESCAPOU,ESTEIRA NA CURVA DO TRANSPORTE DE CAIXAS NA PALETIZADORA ESCAPOU,ESCAPE DE ESTEIRA,ESCAPE DE ESTEIRA,EXACT_SAFE,2,1,62.0,1.0,2026-01-08,1,LINHA005,P.EQ.LINHA,56326,"CCZR PET RET 2L (9) 7,49 ROT970 L05",TRANSP CXS GRFS CH PAL,,Sistema de instrumentos e cont,3.0,OBSERVACAO: ESTEIRA NA CURVA DO TRANSPORTE DE CAIXAS NA PALETIZADORA ESCAPOU | EQUIPAMENTO: TRANSP CXS GRFS CH PAL | CHAVE_1: Sistema de instrumentos e cont | SUBCHAVE:  | TIPO_PARADA: P.EQ.LINHA | LINHA: LINHA005
123,ESCAPOU A CORRENTE DO ROLETE NA SAIDA DE PALETES ORDEM: 30008239251,ESCAPOU A CORRENTE DO ROLETE NA SAIDA DE PALETES ORDEM 30008239251,FALHA DE ROLETES,FALHA DE ROLETES,EXACT_SAFE,1,1,83.0,1.0,2026-01-09,1,LINHA005,P.EQ.LINHA,56326,"CCZR PET RET 2L (9) 7,49 ROT970 L05",PALETIZADORA ROBOKOMBI SID LI0,,Sistema de instrumentos e cont,21.88,OBSERVACAO: ESCAPOU A CORRENTE DO ROLETE NA SAIDA DE PALETES ORDEM: 30008239251 | EQUIPAMENTO: PALETIZADORA ROBOKOMBI SID LI0 | CHAVE_1: Sistema de instrumentos e cont | SUBCHAVE:  | TIPO_PARADA: P.EQ.LINHA | LINHA: LINHA005
124,ENROSCO DE ROTULO ( CASTELO DANIFICADO ),ENROSCO DE ROTULO CASTELO DANIFICADO,ENROSCO DE RÓTULOS,ENROSCO DE ROTULOS,EXACT_SAFE,3,1,84.0,1.0,2026-01-09,2,LINHA005,P.EQ.LINHA,56326,"CCZR PET RET 2L (9) 7,49 ROT970 L05",ROTULADORA MODULAR KRONES LI05,,Sistema de Instrumentos e cont,50.47,OBSERVACAO: ENROSCO DE ROTULO ( CASTELO DANIFICADO ) | EQUIPAMENTO: ROTULADORA MODULAR KRONES LI05 | CHAVE_1: Sistema de Instrumentos e cont | SUBCHAVE:  | TIPO_PARADA: P.EQ.LINHA | LINHA: LINHA005
134,FALHA NO INVERSOR DO MOTOR 311 ( ORDEM 30008235903 ),FALHA NO INVERSOR DO MOTOR 311 ORDEM 30008235903,FALHA DE INVERSOR,FALHA DE INVERSOR,EXACT_SAFE,1,1,66.0,1.0,2026-01-08,3,LINHA005,P.EQ.LINHA,56326,"CCZR PET RET 2L (9) 7,49 ROT970 L05",TRANSP CXS VZ DESENCA LAV CXS,,Sistema Elétrico,6.0,OBSERVACAO: FALHA NO INVERSOR DO MOTOR 311 ( ORDEM 30008235903 ) | EQUIPAMENTO: TRANSP CXS VZ DESENCA LAV CXS | CHAVE_1: Sistema Elétrico | SUBCHAVE:  | TIPO_PARADA: P.EQ.LINHA | LINHA: LINHA005
141,"ROMPIMENTO DA MANGUEIRA PNEUMATICA, OCASIONANDO TRAVAMENTO DO COMPACTADOR DE CAMADAS. ORDEM- 30008170585",ROMPIMENTO DA MANGUEIRA PNEUMATICA OCASIONANDO TRAVAMENTO DO COMPACTADOR DE CAMADAS ORDEM 30008170585,ROMPIMENTO DE MANGUEIRA,ROMPIMENTO DE MANGUEIRA,EXACT_SAFE,1,1,88.0,1.0,2026-01-09,1,LINHA003,P.EQ.LINHA,55935,CC PET 600ML FL (6) NV 17G LOLA T2G L03,PALETIZADORA ROBOT KRO LI03,,Sistema de instrumentos e cont,10.0,"OBSERVACAO: ROMPIMENTO DA MANGUEIRA PNEUMATICA, OCASIONANDO TRAVAMENTO DO COMPACTADOR DE CAMADAS. ORDEM- 30008170585 | EQUIPAMENTO: PALETIZADORA ROBOT KRO LI03 | CHAVE_1: Sistema de instrumentos e cont | SUBCHAVE:  | TIPO_PARADA: P.EQ.LINHA | LINHA: LINHA003"
142,"BOTÃO DE RESET DO IHM DE MAGAZINE DE PALETES ESTAVA COM O CABO SOLTO, IMPOSSIBILITANDO REALIZAR O RESET DA MAQUINA.",BOTAO DE RESET DO IHM DE MAGAZINE DE PALETES ESTAVA COM O CABO SOLTO IMPOSSIBILITANDO REALIZAR O RESET DA MAQUINA,FALHA DE IHM,FALHA DE IHM,EXACT_SAFE,1,1,89.0,1.0,2026-01-09,1,LINHA003,P.EQ.LINHA,55935,CC PET 600ML FL (6) NV 17G LOLA T2G L03,PALETIZADORA ROBOT KRO LI03,,Sistema elétrico,20.0,"OBSERVACAO: BOTÃO DE RESET DO IHM DE MAGAZINE DE PALETES ESTAVA COM O CABO SOLTO, IMPOSSIBILITANDO REALIZAR O RESET DA MAQUINA. | EQUIPAMENTO: PALETIZADORA ROBOT KRO LI03 | CHAVE_1: Sistema elétrico | SUBCHAVE:  | TIPO_PARADA: P.EQ.LINHA | LINHA: LINHA003"
143,MANGUEIRA DE CONTRA PRESSÃO ESCAPOU,MANGUEIRA DE CONTRA PRESSAO ESCAPOU,FALHA DE CONEXÃO DE MANGUEIRA,FALHA DE CONEXAO DE MANGUEIRA,EXACT_SAFE,1,1,90.0,1.0,2026-01-10,2,LINHA001,P.EQ.LINHA,55609,"CC LS 1L (12) N.V 4,99 ROL412 L01",ENCHEDORA VVF 63/12 H K LI01,,Sistema de enchimento,10.0,OBSERVACAO: MANGUEIRA DE CONTRA PRESSÃO ESCAPOU | EQUIPAMENTO: ENCHEDORA VVF 63/12 H K LI01 | CHAVE_1: Sistema de enchimento | SUBCHAVE:  | TIPO_PARADA: P.EQ.LINHA | LINHA: LINHA001
144,IHM COM FALHA DE COMUNICAÇÃO 30008241782,IHM COM FALHA DE COMUNICACAO 30008241782,FALHA DE COMUNICAÇÃO,FALHA DE COMUNICACAO,EXACT_SAFE,1,1,91.0,1.0,2026-01-10,1,LINHA002,P.EQ.LINHA,55569,CCZR PET 2L FL (6) NV 38G F840 L02,PALETIZADORA KOMBI SID LI02,,Sistema elétrico,8.0,OBSERVACAO: IHM COM FALHA DE COMUNICAÇÃO 30008241782 | EQUIPAMENTO: PALETIZADORA KOMBI SID LI02 | CHAVE_1: Sistema elétrico | SUBCHAVE:  | TIPO_PARADA: P.EQ.LINHA | LINHA: LINHA002
145,QUEBRA DA ESTEIRA DA CURVA ENTRADA PALETIZADORA ORDEM Nº 30008241836 NOTA 13129837,QUEBRA DA ESTEIRA DA CURVA ENTRADA PALETIZADORA ORDEM N 30008241836 NOTA 13129837,QUEBRA DE ESTEIRA,QUEBRA DE ESTEIRA,EXACT_SAFE,1,1,92.0,1.0,2026-01-10,2,LINHA002,P.EQ.LINHA,55569,CCZR PET 2L FL (6) NV 38G F840 L02,TRANSP PCTS EMPAC PAL TRECHO 2,Suporte transportador danifica,Estrutura,22.0,OBSERVACAO: QUEBRA DA ESTEIRA DA CURVA ENTRADA PALETIZADORA ORDEM Nº 30008241836 NOTA 13129837 | EQUIPAMENTO: TRANSP PCTS EMPAC PAL TRECHO 2 | CHAVE_1: Estrutura | SUBCHAVE: Suporte transportador danifica | TIPO_PARADA: P.EQ.LINHA | LINHA: LINHA002
146,DESARME DA MESA CENTRAL,DESARME DA MESA CENTRAL,DESARME DE MESA,DESARME DE MESA,EXACT_SAFE,2,1,93.0,1.0,2026-01-10,2,LINHA002,P.EQ.LINHA,55569,CCZR PET 2L FL (6) NV 38G F840 L02,PALETIZADORA KOMBI SID LI02,,Sistema elétrico,2.0,OBSERVACAO: DESARME DA MESA CENTRAL | EQUIPAMENTO: PALETIZADORA KOMBI SID LI02 | CHAVE_1: Sistema elétrico | SUBCHAVE:  | TIPO_PARADA: P.EQ.LINHA | LINHA: LINHA002
147,"TROCA DE BORNE M 43 ENTREGANDO TORTA NA ESTRELA , ENTRANDO TORTA NA ENCHEDORA",TROCA DE BORNE M 43 ENTREGANDO TORTA NA ESTRELA ENTRANDO TORTA NA ENCHEDORA,FALHA ELÉTRICA SEM COMPONENTE IDENTIFICADO,FALHA ELETRICA SEM COMPONENTE IDENTIFICADO,EXACT_SAFE,1,1,94.0,1.0,2026-01-10,2,LINHA002,P.EQ.LINHA,55569,CCZR PET 2L FL (6) NV 38G F840 L02,RINSER KHS LI02,,Sistema de Instrumentos e cont,6.0,"OBSERVACAO: TROCA DE BORNE M 43 ENTREGANDO TORTA NA ESTRELA , ENTRANDO TORTA NA ENCHEDORA | EQUIPAMENTO: RINSER KHS LI02 | CHAVE_1: Sistema de Instrumentos e cont | SUBCHAVE:  | TIPO_PARADA: P.EQ.LINHA | LINHA: LINHA002"
148,FALHA TRANSPORTE GARRAFAS NA SAIDA DA DESENCAIXATADORA ORDEM: 30008241763,FALHA TRANSPORTE GARRAFAS NA SAIDA DA DESENCAIXATADORA ORDEM 30008241763,FALHA DE TRANSPORTE DE GARRAFAS,FALHA DE TRANSPORTE DE GARRAFAS,EXACT_SAFE,2,1,95.0,1.0,2026-01-10,1,LINHA005,P.EQ.LINHA,55568,"CC PET RET 2L (9) 7,49 L05",TRANSP GRFS VZ DESENCA SEP TRE,,Sistema Elétrico,9.0,OBSERVACAO: FALHA TRANSPORTE GARRAFAS NA SAIDA DA DESENCAIXATADORA ORDEM: 30008241763 | EQUIPAMENTO: TRANSP GRFS VZ DESENCA SEP TRE | CHAVE_1: Sistema Elétrico | SUBCHAVE:  | TIPO_PARADA: P.EQ.LINHA | LINHA: LINHA005
150,"TRAVAMENTO DE PISTÃO, GERANDO O ENROSCO DE TAMPA",TRAVAMENTO DE PISTAO GERANDO O ENROSCO DE TAMPA,TRAVAMENTO DE ATUADOR,TRAVAMENTO DE ATUADOR,EXACT_SAFE,1,1,98.0,1.0,2026-01-10,2,LINHA005,P.EQ.LINHA,55568,"CC PET RET 2L (9) 7,49 L05",ALIM TAMPAS PLAST SID LI05,,Sistema de instrumentos e cont,3.36,"OBSERVACAO: TRAVAMENTO DE PISTÃO, GERANDO O ENROSCO DE TAMPA | EQUIPAMENTO: ALIM TAMPAS PLAST SID LI05 | CHAVE_1: Sistema de instrumentos e cont | SUBCHAVE:  | TIPO_PARADA: P.EQ.LINHA | LINHA: LINHA005"
151,"ELO DA ESTEIRA TORTO,CAUSANDO TRAVAMENTO 30008241854",ELO DA ESTEIRA TORTO CAUSANDO TRAVAMENTO 30008241854,TRAVAMENTO DE ESTEIRA,TRAVAMENTO DE ESTEIRA,EXACT_SAFE,1,1,99.0,1.0,2026-01-10,2,LINHA005,P.EQ.LINHA,55568,"CC PET RET 2L (9) 7,49 L05",TRANSP CXS GRFS CH PAL,Componentes transmissão danifi,Sistema Motriz,7.0,"OBSERVACAO: ELO DA ESTEIRA TORTO,CAUSANDO TRAVAMENTO 30008241854 | EQUIPAMENTO: TRANSP CXS GRFS CH PAL | CHAVE_1: Sistema Motriz | SUBCHAVE: Componentes transmissão danifi | TIPO_PARADA: P.EQ.LINHA | LINHA: LINHA005"
152,TRAVAMENTO DO DEVISER( PATINS) 30008241862,TRAVAMENTO DO DEVISER PATINS 30008241862,TRAVAMENTO DE PATINS,TRAVAMENTO DE PATINS,EXACT_SAFE,1,1,100.0,1.0,2026-01-10,2,LINHA005,P.EQ.LINHA,55568,"CC PET RET 2L (9) 7,49 L05",PALETIZADORA ROBOKOMBI SID LI0,Qualidade de peças,Estrutura,10.0,OBSERVACAO: TRAVAMENTO DO DEVISER( PATINS) 30008241862 | EQUIPAMENTO: PALETIZADORA ROBOKOMBI SID LI0 | CHAVE_1: Estrutura | SUBCHAVE: Qualidade de peças | TIPO_PARADA: P.EQ.LINHA | LINHA: LINHA005
153,QUEIMOU O FILAMENTO 30008241847,QUEIMOU O FILAMENTO 30008241847,QUEIMA DE FILAMENTO,QUEIMA DE FILAMENTO,EXACT_SAFE,2,1,101.0,1.0,2026-01-10,2,LINHA005,P.EQ.LINHA,55568,"CC PET RET 2L (9) 7,49 L05",ENOS MASS SPEC,,Estrutura,25.06,OBSERVACAO: QUEIMOU O FILAMENTO 30008241847 | EQUIPAMENTO: ENOS MASS SPEC | CHAVE_1: Estrutura | SUBCHAVE:  | TIPO_PARADA: P.EQ.LINHA | LINHA: LINHA005
154,QUEIMOU O FILAMENTO( TROCA DO FILAMENTO ),QUEIMOU O FILAMENTO TROCA DO FILAMENTO,QUEIMA DE FILAMENTO,QUEIMA DE FILAMENTO,EXACT_SAFE,1,1,103.0,1.0,2026-01-10,2,LINHA005,P.EQ.LINHA,55568,"CC PET RET 2L (9) 7,49 L05",ENOS MASS SPEC,,Estrutura,12.36,OBSERVACAO: QUEIMOU O FILAMENTO( TROCA DO FILAMENTO ) | EQUIPAMENTO: ENOS MASS SPEC | CHAVE_1: Estrutura | SUBCHAVE:  | TIPO_PARADA: P.EQ.LINHA | LINHA: LINHA005
155,GUIA DO PESCOÇO DA GARRAFAS FORA DE POSIÇÃO 30008241870,GUIA DO PESCOCO DA GARRAFAS FORA DE POSICAO 30008241870,DESALINHAMENTO DE GUIA,DESALINHAMENTO DE GUIA,EXACT_SAFE,1,1,104.0,1.0,2026-01-10,2,LINHA005,P.EQ.LINHA,55568,"CC PET RET 2L (9) 7,49 L05",CAPSULADORA EURO PK15 ACY LI05,,Sistema de Tampamento,12.36,OBSERVACAO: GUIA DO PESCOÇO DA GARRAFAS FORA DE POSIÇÃO 30008241870 | EQUIPAMENTO: CAPSULADORA EURO PK15 ACY LI05 | CHAVE_1: Sistema de Tampamento | SUBCHAVE:  | TIPO_PARADA: P.EQ.LINHA | LINHA: LINHA005
156,FALHA NO INVERSOR DO MOTOR 311,FALHA NO INVERSOR DO MOTOR 311,FALHA DE INVERSOR,FALHA DE INVERSOR,EXACT_SAFE,3,1,105.0,1.0,2026-01-10,2,LINHA005,P.EQ.LINHA,55568,"CC PET RET 2L (9) 7,49 L05",TRANSP CXS VZ DESENCA LAV CXS,,Sistema Elétrico,8.0,OBSERVACAO: FALHA NO INVERSOR DO MOTOR 311 | EQUIPAMENTO: TRANSP CXS VZ DESENCA LAV CXS | CHAVE_1: Sistema Elétrico | SUBCHAVE:  | TIPO_PARADA: P.EQ.LINHA | LINHA: LINHA005
166,FALHA NO TRANSPORTE DE PALETES 8241859,FALHA NO TRANSPORTE DE PALETES 8241859,FALHA DE TRANSPORTE DE PALETES,FALHA DE TRANSPORTE DE PALETES,EXACT_SAFE,1,1,108.0,1.0,2026-01-10,2,LINHA003,P.EQ.LINHA,55934,CCZR PET 600ML FL (6) N.V 17G T2G L03,TRANSP PALETES ENVOLV FINAL,,Sistema Elétrico,11.0,OBSERVACAO: FALHA NO TRANSPORTE DE PALETES 8241859 | EQUIPAMENTO: TRANSP PALETES ENVOLV FINAL | CHAVE_1: Sistema Elétrico | SUBCHAVE:  | TIPO_PARADA: P.EQ.LINHA | LINHA: LINHA003
167,SENSOR DA CENTRAGEM FORA DE POSIÇAO,SENSOR DA CENTRAGEM FORA DE POSICAO,FALHA DE SENSOR,FALHA DE SENSOR,EXACT_SAFE,2,1,109.0,1.0,2026-01-10,2,LINHA003,P.EQ.LINHA,55934,CCZR PET 600ML FL (6) N.V 17G T2G L03,PALETIZADORA ROBOT KRO LI03,,Sistema elétrico,25.0,OBSERVACAO: SENSOR DA CENTRAGEM FORA DE POSIÇAO | EQUIPAMENTO: PALETIZADORA ROBOT KRO LI03 | CHAVE_1: Sistema elétrico | SUBCHAVE:  | TIPO_PARADA: P.EQ.LINHA | LINHA: LINHA003
168,SENSOR DA CENTRAGEM FORA DE POSIÇÃO,SENSOR DA CENTRAGEM FORA DE POSICAO,FALHA DE SENSOR,FALHA DE SENSOR,EXACT_SAFE,2,1,109.0,1.0,2026-01-10,2,LINHA003,P.EQ.LINHA,55934,CCZR PET 600ML FL (6) N.V 17G T2G L03,PALETIZADORA ROBOT KRO LI03,,Sistema elétrico,25.0,OBSERVACAO: SENSOR DA CENTRAGEM FORA DE POSIÇÃO | EQUIPAMENTO: PALETIZADORA ROBOT KRO LI03 | CHAVE_1: Sistema elétrico | SUBCHAVE:  | TIPO_PARADA: P.EQ.LINHA | LINHA: LINHA003
169,RELÊ DE ACIONAMENTO DO CONTATOR TRAVADO 30008244588,RELE DE ACIONAMENTO DO CONTATOR TRAVADO 30008244588,FALHA ELÉTRICA SEM COMPONENTE IDENTIFICADO,FALHA ELETRICA SEM COMPONENTE IDENTIFICADO,EXACT_SAFE,1,1,111.0,1.0,2026-01-11,2,LINHA002,P.EQ.LINHA,55569,CCZR PET 2L FL (6) NV 38G F840 L02,ALIM TAMPAS JETFLOW ALC LI02,,Sistema Elétrico,12.0,OBSERVACAO: RELÊ DE ACIONAMENTO DO CONTATOR TRAVADO 30008244588 | EQUIPAMENTO: ALIM TAMPAS JETFLOW ALC LI02 | CHAVE_1: Sistema Elétrico | SUBCHAVE:  | TIPO_PARADA: P.EQ.LINHA | LINHA: LINHA002
170,FALHA NO INVERSOR,FALHA NO INVERSOR,FALHA DE INVERSOR,FALHA DE INVERSOR,EXACT_SAFE,1,1,1604.0,1.0,2026-09-08,2,LINHA005,P.EQ.LINHA,56326,"CCZR PET RET 2L (9) 7,99 L05",DESPALETIZADOR SID LI05,,Sistema de instrumentos e cont,7.0,OBSERVACAO: FALHA NO INVERSOR | EQUIPAMENTO: DESPALETIZADOR SID LI05 | CHAVE_1: Sistema de instrumentos e cont | SUBCHAVE:  | TIPO_PARADA: P.EQ.LINHA | LINHA: LINHA005
180,FALHA NA MESA DE CARGA LAVADORA (30008249810),FALHA NA MESA DE CARGA LAVADORA 30008249810,FALHA NA MESA DE CARGA,FALHA NA MESA DE CARGA,EXACT_SAFE,1,1,112.0,1.0,2026-01-12,3,LINHA005,P.EQ.LINHA,55568,"CC PET RET 2L (9) 7,49 L05",LAVADORA GARRAFA 22/470 ZIE,,SISTEMA ALIMENTAÇÃO GRF 22/470,8.0,OBSERVACAO: FALHA NA MESA DE CARGA LAVADORA (30008249810) | EQUIPAMENTO: LAVADORA GARRAFA 22/470 ZIE | CHAVE_1: SISTEMA ALIMENTAÇÃO GRF 22/470 | SUBCHAVE:  | TIPO_PARADA: P.EQ.LINHA | LINHA: LINHA005
186,FALHA NO CORTE DO FILME,FALHA NO CORTE DO FILME,FALHA DE CORTE DE FILME,FALHA DE CORTE DE FILME,EXACT_SAFE,1,1,1587.0,1.0,2026-09-07,2,LINHA003,P.EQ.LINHA,56424,CCMA PET 2L FL (6) N.V 38G LOLA T2G L03,EMPACOTADORA VARIOPAC KRO LI03,,Sistema de Instrumentos e cont,57.0,OBSERVACAO: FALHA NO CORTE DO FILME | EQUIPAMENTO: EMPACOTADORA VARIOPAC KRO LI03 | CHAVE_1: Sistema de Instrumentos e cont | SUBCHAVE:  | TIPO_PARADA: P.EQ.LINHA | LINHA: LINHA003
195,TRAVAMENTO DO SEGMENTOS DE GARRAFA NO REJEITOR A100,TRAVAMENTO DO SEGMENTOS DE GARRAFA NO REJEITOR A100,TRAVAMENTO DE SEGMENTOS,TRAVAMENTO DE SEGMENTOS,EXACT_SAFE,1,1,113.0,1.0,2026-01-13,1,LINHA005,P.EQ.LINHA,55568,"CC PET RET 2L (9) 7,49 L05",INSPETOR GARRAFAS ENOS A 100 L,,Sistema Elétrico,6.0,OBSERVACAO: TRAVAMENTO DO SEGMENTOS DE GARRAFA NO REJEITOR A100 | EQUIPAMENTO: INSPETOR GARRAFAS ENOS A 100 L | CHAVE_1: Sistema Elétrico | SUBCHAVE:  | TIPO_PARADA: P.EQ.LINHA | LINHA: LINHA005
196,FALHA MOTOR DE TRANSPORTE NA SAIDA DA DESENCAIXATADORA ORDEM: 30008251451,FALHA MOTOR DE TRANSPORTE NA SAIDA DA DESENCAIXATADORA ORDEM 30008251451,FALHA DE MOTOR,FALHA DE MOTOR,EXACT_SAFE,1,1,114.0,1.0,2026-01-13,1,LINHA005,P.EQ.LINHA,55568,"CC PET RET 2L (9) 7,49 L05",DESENCAIXOTADORA SID LI05,,Sistema elétrico,6.53,OBSERVACAO: FALHA MOTOR DE TRANSPORTE NA SAIDA DA DESENCAIXATADORA ORDEM: 30008251451 | EQUIPAMENTO: DESENCAIXOTADORA SID LI05 | CHAVE_1: Sistema elétrico | SUBCHAVE:  | TIPO_PARADA: P.EQ.LINHA | LINHA: LINHA005
197,FALHA MOTOR DE TRANSPORTE NA ENTRADA DA ENCHEDORA ORDEM: 30008251455,FALHA MOTOR DE TRANSPORTE NA ENTRADA DA ENCHEDORA ORDEM 30008251455,FALHA DE MOTOR,FALHA DE MOTOR,EXACT_SAFE,1,1,115.0,1.0,2026-01-13,1,LINHA005,P.EQ.LINHA,55568,"CC PET RET 2L (9) 7,49 L05",ENCHEDORA EUROSTAR SID LI05,,Sistema elétrico,7.0,OBSERVACAO: FALHA MOTOR DE TRANSPORTE NA ENTRADA DA ENCHEDORA ORDEM: 30008251455 | EQUIPAMENTO: ENCHEDORA EUROSTAR SID LI05 | CHAVE_1: Sistema elétrico | SUBCHAVE:  | TIPO_PARADA: P.EQ.LINHA | LINHA: LINHA005
198,TRAVAMENTO DE SEGMENTOS DA GARRAFA NO REJEITO A100,TRAVAMENTO DE SEGMENTOS DA GARRAFA NO REJEITO A100,TRAVAMENTO DE SEGMENTOS,TRAVAMENTO DE SEGMENTOS,EXACT_SAFE,1,1,116.0,1.0,2026-01-13,1,LINHA005,P.EQ.LINHA,55568,"CC PET RET 2L (9) 7,49 L05",INSPETOR GARRAFAS ENOS A 100 L,,Sistema Rejeitor,4.0,OBSERVACAO: TRAVAMENTO DE SEGMENTOS DA GARRAFA NO REJEITO A100 | EQUIPAMENTO: INSPETOR GARRAFAS ENOS A 100 L | CHAVE_1: Sistema Rejeitor | SUBCHAVE:  | TIPO_PARADA: P.EQ.LINHA | LINHA: LINHA005
199,ESTEIRA DO TRANSPORTE DE CAIXA DA CUVA DA PALETIZADORA SAIU FORA DE POSIÇÃO,ESTEIRA DO TRANSPORTE DE CAIXA DA CUVA DA PALETIZADORA SAIU FORA DE POSICAO,ESCAPE DE ESTEIRA,ESCAPE DE ESTEIRA,EXACT_SAFE,1,1,117.0,1.0,2026-01-13,3,LINHA005,P.EQ.LINHA,55568,"CC PET RET 2L (9) 7,49 L05",TRANSP CXS GRFS CH PAL,Cadeia de transmissão desajust,Sistema Motriz,3.0,OBSERVACAO: ESTEIRA DO TRANSPORTE DE CAIXA DA CUVA DA PALETIZADORA SAIU FORA DE POSIÇÃO | EQUIPAMENTO: TRANSP CXS GRFS CH PAL | CHAVE_1: Sistema Motriz | SUBCHAVE: Cadeia de transmissão desajust | TIPO_PARADA: P.EQ.LINHA | LINHA: LINHA005
200,FALHA TRANSPORTE OCASIONANDO QUEDA DE GARRAFAS,FALHA TRANSPORTE OCASIONANDO QUEDA DE GARRAFAS,QUEDA DE GARRAFAS,QUEDA DE GARRAFAS,EXACT_SAFE,1,1,118.0,1.0,2026-01-13,3,LINHA005,P.EQ.LINHA,55568,"CC PET RET 2L (9) 7,49 L05",TRPTE GRFS CH ROTULAD ENCAIXOT,Qualidade de peças,Estrutura,6.0,OBSERVACAO: FALHA TRANSPORTE OCASIONANDO QUEDA DE GARRAFAS | EQUIPAMENTO: TRPTE GRFS CH ROTULAD ENCAIXOT | CHAVE_1: Estrutura | SUBCHAVE: Qualidade de peças | TIPO_PARADA: P.EQ.LINHA | LINHA: LINHA005
208,TRAVAMENTO DO SEGMENTOS DE GARRAFA NO REJEITOR A100,TRAVAMENTO DO SEGMENTOS DE GARRAFA NO REJEITOR A100,TRAVAMENTO DE SEGMENTOS,TRAVAMENTO DE SEGMENTOS,EXACT_SAFE,1,1,113.0,1.0,2026-01-13,1,LINHA005,P.EQ.LINHA,55568,"CC PET RET 2L (9) 7,49 L05",INSPETOR GARRAFAS ENOS A 100 L,,Sistema Elétrico,6.0,OBSERVACAO: TRAVAMENTO DO SEGMENTOS DE GARRAFA NO REJEITOR A100 | EQUIPAMENTO: INSPETOR GARRAFAS ENOS A 100 L | CHAVE_1: Sistema Elétrico | SUBCHAVE:  | TIPO_PARADA: P.EQ.LINHA | LINHA: LINHA005
209,FALHA MOTOR DE TRANSPORTE NA SAIDA DA DESENCAIXATADORA ORDEM: 30008251451,FALHA MOTOR DE TRANSPORTE NA SAIDA DA DESENCAIXATADORA ORDEM 30008251451,FALHA DE MOTOR,FALHA DE MOTOR,EXACT_SAFE,1,1,114.0,1.0,2026-01-13,1,LINHA005,P.EQ.LINHA,55568,"CC PET RET 2L (9) 7,49 L05",DESENCAIXOTADORA SID LI05,,Sistema elétrico,6.53,OBSERVACAO: FALHA MOTOR DE TRANSPORTE NA SAIDA DA DESENCAIXATADORA ORDEM: 30008251451 | EQUIPAMENTO: DESENCAIXOTADORA SID LI05 | CHAVE_1: Sistema elétrico | SUBCHAVE:  | TIPO_PARADA: P.EQ.LINHA | LINHA: LINHA005
210,FALHA MOTOR DE TRANSPORTE NA ENTRADA DA ENCHEDORA ORDEM: 30008251455,FALHA MOTOR DE TRANSPORTE NA ENTRADA DA ENCHEDORA ORDEM 30008251455,FALHA DE MOTOR,FALHA DE MOTOR,EXACT_SAFE,1,1,115.0,1.0,2026-01-13,1,LINHA005,P.EQ.LINHA,55568,"CC PET RET 2L (9) 7,49 L05",ENCHEDORA EUROSTAR SID LI05,,Sistema elétrico,7.0,OBSERVACAO: FALHA MOTOR DE TRANSPORTE NA ENTRADA DA ENCHEDORA ORDEM: 30008251455 | EQUIPAMENTO: ENCHEDORA EUROSTAR SID LI05 | CHAVE_1: Sistema elétrico | SUBCHAVE:  | TIPO_PARADA: P.EQ.LINHA | LINHA: LINHA005
211,TRAVAMENTO DE SEGMENTOS DA GARRAFA NO REJEITO A100,TRAVAMENTO DE SEGMENTOS DA GARRAFA NO REJEITO A100,TRAVAMENTO DE SEGMENTOS,TRAVAMENTO DE SEGMENTOS,EXACT_SAFE,1,1,116.0,1.0,2026-01-13,1,LINHA005,P.EQ.LINHA,55568,"CC PET RET 2L (9) 7,49 L05",INSPETOR GARRAFAS ENOS A 100 L,,Sistema Rejeitor,4.0,OBSERVACAO: TRAVAMENTO DE SEGMENTOS DA GARRAFA NO REJEITO A100 | EQUIPAMENTO: INSPETOR GARRAFAS ENOS A 100 L | CHAVE_1: Sistema Rejeitor | SUBCHAVE:  | TIPO_PARADA: P.EQ.LINHA | LINHA: LINHA005
212,ESTEIRA DO TRANSPORTE DE CAIXA DA CUVA DA PALETIZADORA SAIU FORA DE POSIÇÃO,ESTEIRA DO TRANSPORTE DE CAIXA DA CUVA DA PALETIZADORA SAIU FORA DE POSICAO,ESCAPE DE ESTEIRA,ESCAPE DE ESTEIRA,EXACT_SAFE,1,1,117.0,1.0,2026-01-13,3,LINHA005,P.EQ.LINHA,55568,"CC PET RET 2L (9) 7,49 L05",TRANSP CXS GRFS CH PAL,Cadeia de transmissão desajust,Sistema Motriz,3.0,OBSERVACAO: ESTEIRA DO TRANSPORTE DE CAIXA DA CUVA DA PALETIZADORA SAIU FORA DE POSIÇÃO | EQUIPAMENTO: TRANSP CXS GRFS CH PAL | CHAVE_1: Sistema Motriz | SUBCHAVE: Cadeia de transmissão desajust | TIPO_PARADA: P.EQ.LINHA | LINHA: LINHA005
213,FALHA TRANSPORTE OCASIONANDO QUEDA DE GARRAFAS,FALHA TRANSPORTE OCASIONANDO QUEDA DE GARRAFAS,QUEDA DE GARRAFAS,QUEDA DE GARRAFAS,EXACT_SAFE,1,1,118.0,1.0,2026-01-13,3,LINHA005,P.EQ.LINHA,55568,"CC PET RET 2L (9) 7,49 L05",TRPTE GRFS CH ROTULAD ENCAIXOT,Qualidade de peças,Estrutura,6.0,OBSERVACAO: FALHA TRANSPORTE OCASIONANDO QUEDA DE GARRAFAS | EQUIPAMENTO: TRPTE GRFS CH ROTULAD ENCAIXOT | CHAVE_1: Estrutura | SUBCHAVE: Qualidade de peças | TIPO_PARADA: P.EQ.LINHA | LINHA: LINHA005
220,"FALHA TRANSPORTE, OCASIONANDO QUEDA DE GARRAFAS ORDEM: 30008256218",FALHA TRANSPORTE OCASIONANDO QUEDA DE GARRAFAS ORDEM 30008256218,QUEDA DE GARRAFAS,QUEDA DE GARRAFAS,EXACT_SAFE,3,1,119.0,1.0,2026-01-14,1,LINHA005,P.EQ.LINHA,55568,"CC PET RET 2L (9) 7,49 L05",TRPTE GRFS CH ROTULAD ENCAIXOT,,Sistema de instrumentos e cont,5.0,"OBSERVACAO: FALHA TRANSPORTE, OCASIONANDO QUEDA DE GARRAFAS ORDEM: 30008256218 | EQUIPAMENTO: TRPTE GRFS CH ROTULAD ENCAIXOT | CHAVE_1: Sistema de instrumentos e cont | SUBCHAVE:  | TIPO_PARADA: P.EQ.LINHA | LINHA: LINHA005"
221,TRAVAMENTO DO SEGMENTOS DE GARRAFA NO REJEITOR EBS,TRAVAMENTO DO SEGMENTOS DE GARRAFA NO REJEITOR EBS,TRAVAMENTO DE SEGMENTOS,TRAVAMENTO DE SEGMENTOS,EXACT_SAFE,3,1,14.0,1.0,2026-01-03,1,LINHA005,P.EQ.LINHA,55568,"CC PET RET 2L (9) 7,49 L05",INSPETOR EBS,,Estrutura,4.0,OBSERVACAO: TRAVAMENTO DO SEGMENTOS DE GARRAFA NO REJEITOR EBS | EQUIPAMENTO: INSPETOR EBS | CHAVE_1: Estrutura | SUBCHAVE:  | TIPO_PARADA: P.EQ.LINHA | LINHA: LINHA005
222,QUEBROU O SUPORTE DA BASE DOS ROLETES 30008257422,QUEBROU O SUPORTE DA BASE DOS ROLETES 30008257422,FALHA DE ROLETES,FALHA DE ROLETES,EXACT_SAFE,1,1,123.0,1.0,2026-01-14,2,LINHA005,P.EQ.LINHA,55568,"CC PET RET 2L (9) 7,49 L05",TRANSP PALETES PAL FINAL,Qualidade de peças,Estrutura,60.0,OBSERVACAO: QUEBROU O SUPORTE DA BASE DOS ROLETES 30008257422 | EQUIPAMENTO: TRANSP PALETES PAL FINAL | CHAVE_1: Estrutura | SUBCHAVE: Qualidade de peças | TIPO_PARADA: P.EQ.LINHA | LINHA: LINHA005
223,RECUPERAÇÃO DE ENVASE DEVIDO PARADA DO ENOS FALHA CRITICA RUIDO AUTO CANAL 1 ( 30008257602 ),RECUPERACAO DE ENVASE DEVIDO PARADA DO ENOS FALHA CRITICA RUIDO AUTO CANAL 1 30008257602,FALHA DE INSPEÇÃO,FALHA DE INSPECAO,EXACT_SAFE,1,1,126.0,1.0,2026-01-14,2,LINHA005,P.EQ.LINHA,55568,"CC PET RET 2L (9) 7,49 L05",INSPETOR GARRAFAS ENOS A 100 L,,Sistema Elétrico,12.36,OBSERVACAO: RECUPERAÇÃO DE ENVASE DEVIDO PARADA DO ENOS FALHA CRITICA RUIDO AUTO CANAL 1 ( 30008257602 ) | EQUIPAMENTO: INSPETOR GARRAFAS ENOS A 100 L | CHAVE_1: Sistema Elétrico | SUBCHAVE:  | TIPO_PARADA: P.EQ.LINHA | LINHA: LINHA005
224,FALHA NO INVERSOR DO MOTOR 311 30008235903,FALHA NO INVERSOR DO MOTOR 311 30008235903,FALHA DE INVERSOR,FALHA DE INVERSOR,EXACT_SAFE,2,1,127.0,1.0,2026-01-14,2,LINHA005,P.EQ.LINHA,55568,"CC PET RET 2L (9) 7,49 L05",TRANSP CXS VZ DESENCA LAV CXS,,Sistema Elétrico,5.0,OBSERVACAO: FALHA NO INVERSOR DO MOTOR 311 30008235903 | EQUIPAMENTO: TRANSP CXS VZ DESENCA LAV CXS | CHAVE_1: Sistema Elétrico | SUBCHAVE:  | TIPO_PARADA: P.EQ.LINHA | LINHA: LINHA005
225,MAQUINA FORA DE SINCRONISMO DERRUBANDO GARRAFAS NA REFRIGERAÇÃO DE FUNDO GERANDO FALHA,MAQUINA FORA DE SINCRONISMO DERRUBANDO GARRAFAS NA REFRIGERACAO DE FUNDO GERANDO FALHA,QUEDA DE GARRAFAS,QUEDA DE GARRAFAS,EXACT_SAFE,1,1,129.0,1.0,2026-01-14,2,LINHA006,P.EQ.LINHA,56443,CCZR PET 200ML FI (12) N.V 14G T2G L06,ENCHEDORA KRONES L06,,Sistema elétrico,6.68,OBSERVACAO: MAQUINA FORA DE SINCRONISMO DERRUBANDO GARRAFAS NA REFRIGERAÇÃO DE FUNDO GERANDO FALHA | EQUIPAMENTO: ENCHEDORA KRONES L06 | CHAVE_1: Sistema elétrico | SUBCHAVE:  | TIPO_PARADA: P.EQ.LINHA | LINHA: LINHA006
226,EXCESSO DE REJEITO OCASIONANDO QUEDA DE GARRAFAS,EXCESSO DE REJEITO OCASIONANDO QUEDA DE GARRAFAS,FALHA DE REJEIÇÃO,FALHA DE REJEICAO,EXACT_SAFE,1,1,130.0,1.0,2026-01-14,2,LINHA006,P.EQ.LINHA,56443,CCZR PET 200ML FI (12) N.V 14G T2G L06,INSPETOR CHECKMAT KRONES L06,,Sistema de rejeição,4.16,OBSERVACAO: EXCESSO DE REJEITO OCASIONANDO QUEDA DE GARRAFAS | EQUIPAMENTO: INSPETOR CHECKMAT KRONES L06 | CHAVE_1: Sistema de rejeição | SUBCHAVE:  | TIPO_PARADA: P.EQ.LINHA | LINHA: LINHA006
227,ROMPIMENTO DA MANGUEIRA DE AR NA MESA DE ENVOLVIMENTO,ROMPIMENTO DA MANGUEIRA DE AR NA MESA DE ENVOLVIMENTO,ROMPIMENTO DE MANGUEIRA DE AR,ROMPIMENTO DE MANGUEIRA DE AR,EXACT_SAFE,1,1,131.0,1.0,2026-01-14,2,LINHA006,P.EQ.LINHA,56443,CCZR PET 200ML FI (12) N.V 14G T2G L06,EMPACOTADORA OCME L06,,Sistema pneumático,8.16,OBSERVACAO: ROMPIMENTO DA MANGUEIRA DE AR NA MESA DE ENVOLVIMENTO | EQUIPAMENTO: EMPACOTADORA OCME L06 | CHAVE_1: Sistema pneumático | SUBCHAVE:  | TIPO_PARADA: P.EQ.LINHA | LINHA: LINHA006
228,FALHA NA CORREIA DE ENVOLVIMENTO DOS PACOTES ( ORDEM - 30008258313 ),FALHA NA CORREIA DE ENVOLVIMENTO DOS PACOTES ORDEM 30008258313,FALHA DE CORREIA,FALHA DE CORREIA,EXACT_SAFE,1,1,132.0,1.0,2026-01-14,2,LINHA006,P.EQ.LINHA,56443,CCZR PET 200ML FI (12) N.V 14G T2G L06,EMPACOTADORA OCME L06,,Estrutura,31.2,OBSERVACAO: FALHA NA CORREIA DE ENVOLVIMENTO DOS PACOTES ( ORDEM - 30008258313 ) | EQUIPAMENTO: EMPACOTADORA OCME L06 | CHAVE_1: Estrutura | SUBCHAVE:  | TIPO_PARADA: P.EQ.LINHA | LINHA: LINHA006
249,ESTEIRA DA CURVA DE ENTRADA DA PALETIZADORA ESTA ESCAPANDO,ESTEIRA DA CURVA DE ENTRADA DA PALETIZADORA ESTA ESCAPANDO,ESCAPE DE ESTEIRA,ESCAPE DE ESTEIRA,EXACT_SAFE,1,1,133.0,1.0,2026-01-15,2,LINHA005,P.EQ.LINHA,56327,"FT LAR PET RET 2L (9) 6,99 FENIX L05",TRANSP CXS GRFS CH PAL,Componentes transmissão danifi,Sistema Motriz,5.0,OBSERVACAO: ESTEIRA DA CURVA DE ENTRADA DA PALETIZADORA ESTA ESCAPANDO | EQUIPAMENTO: TRANSP CXS GRFS CH PAL | CHAVE_1: Sistema Motriz | SUBCHAVE: Componentes transmissão danifi | TIPO_PARADA: P.EQ.LINHA | LINHA: LINHA005
250,DESARME DO MOTOR TRANSPORTE DE CAIXAS NA LAVADORA DE CAIXAS,DESARME DO MOTOR TRANSPORTE DE CAIXAS NA LAVADORA DE CAIXAS,DESARME DE MOTOR,DESARME DE MOTOR,EXACT_SAFE,1,1,134.0,1.0,2026-01-15,1,LINHA005,P.EQ.LINHA,55568,"CC PET RET 2L (9) 7,49 L05",LAVADORA CXS EXC 800 ZIE LI05,,Sistema Elétrico,5.18,OBSERVACAO: DESARME DO MOTOR TRANSPORTE DE CAIXAS NA LAVADORA DE CAIXAS | EQUIPAMENTO: LAVADORA CXS EXC 800 ZIE LI05 | CHAVE_1: Sistema Elétrico | SUBCHAVE:  | TIPO_PARADA: P.EQ.LINHA | LINHA: LINHA005
251,ESTEIRA DO TRANSPORTE DO DESCAPSULADOR ESCAPOU,ESTEIRA DO TRANSPORTE DO DESCAPSULADOR ESCAPOU,ESCAPE DE ESTEIRA,ESCAPE DE ESTEIRA,EXACT_SAFE,1,1,135.0,1.0,2026-01-15,1,LINHA005,P.EQ.LINHA,55568,"CC PET RET 2L (9) 7,49 L05",TRANSP GRFS VZ DESENCA DESCAP,,Sistema de instrumentos e cont,5.0,OBSERVACAO: ESTEIRA DO TRANSPORTE DO DESCAPSULADOR ESCAPOU | EQUIPAMENTO: TRANSP GRFS VZ DESENCA DESCAP | CHAVE_1: Sistema de instrumentos e cont | SUBCHAVE:  | TIPO_PARADA: P.EQ.LINHA | LINHA: LINHA005
252,TROCA DO TRANSPONDER DA GARRAFA TESTE 12 NÃO ESTAVA FAZENDO LEITURA 3000826012,TROCA DO TRANSPONDER DA GARRAFA TESTE 12 NAO ESTAVA FAZENDO LEITURA 3000826012,FALHA DE INSPEÇÃO,FALHA DE INSPECAO,EXACT_SAFE,1,1,138.0,1.0,2026-01-15,3,LINHA005,P.EQ.LINHA,56326,"CCZR PET RET 2L (9) 7,49 ROT970 L05",INSP LINATRONIC M2 KRO LI05,,Sistema de Inspeção,38.0,OBSERVACAO: TROCA DO TRANSPONDER DA GARRAFA TESTE 12 NÃO ESTAVA FAZENDO LEITURA 3000826012 | EQUIPAMENTO: INSP LINATRONIC M2 KRO LI05 | CHAVE_1: Sistema de Inspeção | SUBCHAVE:  | TIPO_PARADA: P.EQ.LINHA | LINHA: LINHA005
267,DESARME MOTOR DA SAIDA DA DESENCAIXATADORA,DESARME MOTOR DA SAIDA DA DESENCAIXATADORA,DESARME DE MOTOR,DESARME DE MOTOR,EXACT_SAFE,1,1,139.0,1.0,2026-01-16,1,LINHA005,P.EQ.LINHA,56326,"CCZR PET RET 2L (9) 7,49 ROT970 L05",DESENCAIXOTADORA SID LI05,,Sistema elétrico,4.0,OBSERVACAO: DESARME MOTOR DA SAIDA DA DESENCAIXATADORA | EQUIPAMENTO: DESENCAIXOTADORA SID LI05 | CHAVE_1: Sistema elétrico | SUBCHAVE:  | TIPO_PARADA: P.EQ.LINHA | LINHA: LINHA005
268,FALHA SENSOR DA PORTA DE SEGURANÇA NA DESENCAIXATADORA,FALHA SENSOR DA PORTA DE SEGURANCA NA DESENCAIXATADORA,FALHA DE SENSOR,FALHA DE SENSOR,EXACT_SAFE,1,1,140.0,1.0,2026-01-16,1,LINHA005,P.EQ.LINHA,56326,"CCZR PET RET 2L (9) 7,49 ROT970 L05",DESENCAIXOTADORA SID LI05,,Sistema elétrico,5.36,OBSERVACAO: FALHA SENSOR DA PORTA DE SEGURANÇA NA DESENCAIXATADORA | EQUIPAMENTO: DESENCAIXOTADORA SID LI05 | CHAVE_1: Sistema elétrico | SUBCHAVE:  | TIPO_PARADA: P.EQ.LINHA | LINHA: LINHA005
269,VALIDAÇÃO NA ESTRELA DE TRANSFERENCIA DE GARRAFA,VALIDACAO NA ESTRELA DE TRANSFERENCIA DE GARRAFA,SEM MODO DE FALHA IDENTIFICADO,SEM MODO DE FALHA IDENTIFICADO,EXACT_SAFE,1,1,141.0,1.0,2026-01-16,2,LINHA006,P.EQ.LINHA,56443,CCZR PET 200ML FI (12) N.V 14G T2G L06,ENCHEDORA KRONES L06,Qualidade de peças,Estrutura,8.16,OBSERVACAO: VALIDAÇÃO NA ESTRELA DE TRANSFERENCIA DE GARRAFA | EQUIPAMENTO: ENCHEDORA KRONES L06 | CHAVE_1: Estrutura | SUBCHAVE: Qualidade de peças | TIPO_PARADA: P.EQ.LINHA | LINHA: LINHA006
270,"PINÇA DAS ESTRELAS DE PASSAGEM DANIFICADAS, DEIXANDO CAIR GARRAFA E GERANDO PARADA.",PINCA DAS ESTRELAS DE PASSAGEM DANIFICADAS DEIXANDO CAIR GARRAFA E GERANDO PARADA,FALHA DE PINÇA,FALHA DE PINCA,EXACT_SAFE,2,1,142.0,1.0,2026-01-16,2,LINHA006,P.EQ.LINHA,56443,CCZR PET 200ML FI (12) N.V 14G T2G L06,ENCHEDORA KRONES L06,Qualidade de peças,Estrutura,8.16,"OBSERVACAO: PINÇA DAS ESTRELAS DE PASSAGEM DANIFICADAS, DEIXANDO CAIR GARRAFA E GERANDO PARADA. | EQUIPAMENTO: ENCHEDORA KRONES L06 | CHAVE_1: Estrutura | SUBCHAVE: Qualidade de peças | TIPO_PARADA: P.EQ.LINHA | LINHA: LINHA006"
291,"TRANSPORTE FALHANDO DURANTE O PERCURSO, OCASIONANDO O TRAVAMENTO DOS PALETES.",TRANSPORTE FALHANDO DURANTE O PERCURSO OCASIONANDO O TRAVAMENTO DOS PALETES,TRAVAMENTO DE TRANSPORTE,TRAVAMENTO DE TRANSPORTE,EXACT_SAFE,1,1,144.0,1.0,2026-01-16,1,LINHA003,P.EQ.LINHA,56424,CCMA PET 2L FL (6) N.V 38G LOLA T2G L03,TRANSP PALETES ENVOLV FINAL,,Sistema Elétrico,10.0,"OBSERVACAO: TRANSPORTE FALHANDO DURANTE O PERCURSO, OCASIONANDO O TRAVAMENTO DOS PALETES. | EQUIPAMENTO: TRANSP PALETES ENVOLV FINAL | CHAVE_1: Sistema Elétrico | SUBCHAVE:  | TIPO_PARADA: P.EQ.LINHA | LINHA: LINHA003"
292,TRANSPORTE DO VIRADOR DE PACOTES COM O ROLAMENTO DANIFICADO GERANDO FALHA NO EQUIPAMENTO.,TRANSPORTE DO VIRADOR DE PACOTES COM O ROLAMENTO DANIFICADO GERANDO FALHA NO EQUIPAMENTO,FALHA DE ROLAMENTO,FALHA DE ROLAMENTO,EXACT_SAFE,1,1,145.0,1.0,2026-01-16,1,LINHA003,P.EQ.LINHA,56424,CCMA PET 2L FL (6) N.V 38G LOLA T2G L03,TRPTE PCTS KRO LI03,,Sistema de instrumentos e cont,12.0,OBSERVACAO: TRANSPORTE DO VIRADOR DE PACOTES COM O ROLAMENTO DANIFICADO GERANDO FALHA NO EQUIPAMENTO. | EQUIPAMENTO: TRPTE PCTS KRO LI03 | CHAVE_1: Sistema de instrumentos e cont | SUBCHAVE:  | TIPO_PARADA: P.EQ.LINHA | LINHA: LINHA003
293,TROCA DO TUBO DE ENCHIMENTO VALVULA 15,TROCA DO TUBO DE ENCHIMENTO VALVULA 15,FALHA DE VÁLVULA DE ENCHIMENTO,FALHA DE VALVULA DE ENCHIMENTO,EXACT_SAFE,1,1,146.0,1.0,2026-01-17,2,LINHA005,P.EQ.LINHA,56326,CCZR PET RET 2L (9) S/PREÇO ROT970 L05,ENCHEDORA EUROSTAR SID LI05,,Sistema de enchimento,11.65,OBSERVACAO: TROCA DO TUBO DE ENCHIMENTO VALVULA 15 | EQUIPAMENTO: ENCHEDORA EUROSTAR SID LI05 | CHAVE_1: Sistema de enchimento | SUBCHAVE:  | TIPO_PARADA: P.EQ.LINHA | LINHA: LINHA005
294,EXCESSO DE FALÇO REJEITO( EXPULSANDO GARRAFAS NOVAS),EXCESSO DE FALCO REJEITO EXPULSANDO GARRAFAS NOVAS,FALHA DE REJEIÇÃO,FALHA DE REJEICAO,EXACT_SAFE,1,1,147.0,1.0,2026-01-17,2,LINHA005,P.EQ.LINHA,56326,CCZR PET RET 2L (9) S/PREÇO ROT970 L05,ENOS MASS SPEC,,Estrutura,7.0,OBSERVACAO: EXCESSO DE FALÇO REJEITO( EXPULSANDO GARRAFAS NOVAS) | EQUIPAMENTO: ENOS MASS SPEC | CHAVE_1: Estrutura | SUBCHAVE:  | TIPO_PARADA: P.EQ.LINHA | LINHA: LINHA005
295,"FALSA REJEIÇÃO DE GARRAFAS, CAMERA 4",FALSA REJEICAO DE GARRAFAS CAMERA 4,FALHA DE LEITURA,FALHA DE LEITURA,EXACT_SAFE,1,1,148.0,1.0,2026-01-17,2,LINHA005,P.EQ.LINHA,56326,CCZR PET RET 2L (9) S/PREÇO ROT970 L05,INSPETOR GARRAFAS ENOS A 100 L,,Sistema Elétrico,18.71,"OBSERVACAO: FALSA REJEIÇÃO DE GARRAFAS, CAMERA 4 | EQUIPAMENTO: INSPETOR GARRAFAS ENOS A 100 L | CHAVE_1: Sistema Elétrico | SUBCHAVE:  | TIPO_PARADA: P.EQ.LINHA | LINHA: LINHA005"
312,PALETE TRAVADO / DESARME DE INVERSOR ORDEM 30008265350,PALETE TRAVADO DESARME DE INVERSOR ORDEM 30008265350,FALHA DE INVERSOR,FALHA DE INVERSOR,EXACT_SAFE,2,1,149.0,1.0,2026-01-17,2,LINHA002,P.EQ.LINHA,55732,SPRITE SA PET 2L FL (6) N.V 38G T2G L02,TRPTE PLTS MONTADOS KHS LI02,,Sistema Elétrico,7.0,OBSERVACAO: PALETE TRAVADO / DESARME DE INVERSOR ORDEM 30008265350 | EQUIPAMENTO: TRPTE PLTS MONTADOS KHS LI02 | CHAVE_1: Sistema Elétrico | SUBCHAVE:  | TIPO_PARADA: P.EQ.LINHA | LINHA: LINHA002
313,AJUSTE NAS VENTOSAS DO PEGDOR DE CHAPATEX,AJUSTE NAS VENTOSAS DO PEGDOR DE CHAPATEX,SEM MODO DE FALHA IDENTIFICADO,SEM MODO DE FALHA IDENTIFICADO,EXACT_SAFE,1,1,151.0,1.0,2026-01-17,2,LINHA003,P.EQ.LINHA,55993,CC PET 1L FL (6) N.V 29G F710 L03,PALETIZADORA ROBOT KRO LI03,,Sistema Pneumático,22.0,OBSERVACAO: AJUSTE NAS VENTOSAS DO PEGDOR DE CHAPATEX | EQUIPAMENTO: PALETIZADORA ROBOT KRO LI03 | CHAVE_1: Sistema Pneumático | SUBCHAVE:  | TIPO_PARADA: P.EQ.LINHA | LINHA: LINHA003
314,AJUSTE NAS VENTOSAS DO PEGADOR DE CHAPATEX 30008265341,AJUSTE NAS VENTOSAS DO PEGADOR DE CHAPATEX 30008265341,FALHA DE PEGADOR,FALHA DE PEGADOR,EXACT_SAFE,1,1,152.0,1.0,2026-01-17,2,LINHA003,P.EQ.LINHA,55993,CC PET 1L FL (6) N.V 29G F710 L03,PALETIZADORA ROBOT KRO LI03,,Sistema Pneumático,8.0,OBSERVACAO: AJUSTE NAS VENTOSAS DO PEGADOR DE CHAPATEX 30008265341 | EQUIPAMENTO: PALETIZADORA ROBOT KRO LI03 | CHAVE_1: Sistema Pneumático | SUBCHAVE:  | TIPO_PARADA: P.EQ.LINHA | LINHA: LINHA003
324,BARREIRA DE SEGURANÇA ENVOLVEDORA COM FALHA FOI FEITA AJUSTE DO SENSOR DO BYPASS 30008269951,BARREIRA DE SEGURANCA ENVOLVEDORA COM FALHA FOI FEITA AJUSTE DO SENSOR DO BYPASS 30008269951,FALHA DE SENSOR,FALHA DE SENSOR,EXACT_SAFE,1,1,153.0,1.0,2026-01-19,2,LINHA002,P.EQ.LINHA,56425,CCMA PET 3L FL (4) N.V 52G TP2G L02,TRPTE PLTS MONTADOS KHS LI02,,Sistema Elétrico,6.07,OBSERVACAO: BARREIRA DE SEGURANÇA ENVOLVEDORA COM FALHA FOI FEITA AJUSTE DO SENSOR DO BYPASS 30008269951 | EQUIPAMENTO: TRPTE PLTS MONTADOS KHS LI02 | CHAVE_1: Sistema Elétrico | SUBCHAVE:  | TIPO_PARADA: P.EQ.LINHA | LINHA: LINHA002
325,AJUSTE DE VELOCIDADE NO INVERSOR DE FREQUENCIA DO TRP,AJUSTE DE VELOCIDADE NO INVERSOR DE FREQUENCIA DO TRP,FALHA DE INVERSOR,FALHA DE INVERSOR,EXACT_SAFE,2,1,154.0,1.0,2026-01-19,2,LINHA002,P.EQ.LINHA,56425,CCMA PET 3L FL (4) N.V 52G TP2G L02,PALETIZADORA KOMBI SID LI02,,Sistema elétrico,6.07,OBSERVACAO: AJUSTE DE VELOCIDADE NO INVERSOR DE FREQUENCIA DO TRP | EQUIPAMENTO: PALETIZADORA KOMBI SID LI02 | CHAVE_1: Sistema elétrico | SUBCHAVE:  | TIPO_PARADA: P.EQ.LINHA | LINHA: LINHA002
326,BARREIRA DE SEGURANÇA ENVOLVEDORA COM FALHA FOI FEITA AJUSTE,BARREIRA DE SEGURANCA ENVOLVEDORA COM FALHA FOI FEITA AJUSTE,FALHA DE BARREIRA,FALHA DE BARREIRA,EXACT_SAFE,1,1,156.0,1.0,2026-01-19,2,LINHA002,P.EQ.LINHA,56425,CCMA PET 3L FL (4) N.V 52G TP2G L02,PALETIZADORA KOMBI SID LI02,,Sistema elétrico,2.07,OBSERVACAO: BARREIRA DE SEGURANÇA ENVOLVEDORA COM FALHA FOI FEITA AJUSTE | EQUIPAMENTO: PALETIZADORA KOMBI SID LI02 | CHAVE_1: Sistema elétrico | SUBCHAVE:  | TIPO_PARADA: P.EQ.LINHA | LINHA: LINHA002
327,"FALHA DE PORTA ABERTA NA PORTA LATERAL, APÓS A MESA GIRATORIA",FALHA DE PORTA ABERTA NA PORTA LATERAL APOS A MESA GIRATORIA,FALHA DE PORTA DE SEGURANÇA,FALHA DE PORTA DE SEGURANCA,EXACT_SAFE,1,1,157.0,1.0,2026-01-19,2,LINHA002,P.EQ.LINHA,56425,CCMA PET 3L FL (4) N.V 52G TP2G L02,PALETIZADORA KOMBI SID LI02,,Sistema elétrico,2.47,"OBSERVACAO: FALHA DE PORTA ABERTA NA PORTA LATERAL, APÓS A MESA GIRATORIA | EQUIPAMENTO: PALETIZADORA KOMBI SID LI02 | CHAVE_1: Sistema elétrico | SUBCHAVE:  | TIPO_PARADA: P.EQ.LINHA | LINHA: LINHA002"
328,FALHA NO ENCHIMENTO DA VALVULA 15,FALHA NO ENCHIMENTO DA VALVULA 15,FALHA DE VÁLVULA DE ENCHIMENTO,FALHA DE VALVULA DE ENCHIMENTO,EXACT_SAFE,1,1,158.0,1.0,2026-01-19,2,LINHA005,P.EQ.LINHA,55568,"CC PET RET 2L (9) 7,49 L05",ENCHEDORA EUROSTAR SID LI05,,Sistema de enchimento,10.0,OBSERVACAO: FALHA NO ENCHIMENTO DA VALVULA 15 | EQUIPAMENTO: ENCHEDORA EUROSTAR SID LI05 | CHAVE_1: Sistema de enchimento | SUBCHAVE:  | TIPO_PARADA: P.EQ.LINHA | LINHA: LINHA005
329,QUEDA DO PARAFUSO DO STOPER DE CAIXAS,QUEDA DO PARAFUSO DO STOPER DE CAIXAS,FALHA DE FIXAÇÃO,FALHA DE FIXACAO,EXACT_SAFE,1,1,159.0,1.0,2026-01-19,2,LINHA005,P.EQ.LINHA,55568,"CC PET RET 2L (9) 7,49 L05",ENCAIXOTADORA SID LI05,,Estrutura,7.0,OBSERVACAO: QUEDA DO PARAFUSO DO STOPER DE CAIXAS | EQUIPAMENTO: ENCAIXOTADORA SID LI05 | CHAVE_1: Estrutura | SUBCHAVE:  | TIPO_PARADA: P.EQ.LINHA | LINHA: LINHA005
330,TRAVAMENTO DE SEGIMENTO,TRAVAMENTO DE SEGIMENTO,TRAVAMENTO DE SEGMENTOS,TRAVAMENTO DE SEGMENTOS,EXACT_SAFE,1,1,160.0,1.0,2026-01-19,2,LINHA005,P.EQ.LINHA,55568,"CC PET RET 2L (9) 7,49 L05",INSPETOR GARRAFAS ENOS A 100 L,,Sistema Rejeitor,7.0,OBSERVACAO: TRAVAMENTO DE SEGIMENTO | EQUIPAMENTO: INSPETOR GARRAFAS ENOS A 100 L | CHAVE_1: Sistema Rejeitor | SUBCHAVE:  | TIPO_PARADA: P.EQ.LINHA | LINHA: LINHA005
331,FALHA NO SENSOR DE TAPETE DE SAIDA DA ENCHEDORA ( ORDEM 30008270462 ),FALHA NO SENSOR DE TAPETE DE SAIDA DA ENCHEDORA ORDEM 30008270462,FALHA DE SENSOR,FALHA DE SENSOR,EXACT_SAFE,1,1,161.0,1.0,2026-01-19,2,LINHA005,P.EQ.LINHA,55568,"CC PET RET 2L (9) 7,49 L05",ENCHEDORA EUROSTAR SID LI05,,Sistema elétrico,4.71,OBSERVACAO: FALHA NO SENSOR DE TAPETE DE SAIDA DA ENCHEDORA ( ORDEM 30008270462 ) | EQUIPAMENTO: ENCHEDORA EUROSTAR SID LI05 | CHAVE_1: Sistema elétrico | SUBCHAVE:  | TIPO_PARADA: P.EQ.LINHA | LINHA: LINHA005
332,FALHA NO REJEITOR LINEAR,FALHA NO REJEITOR LINEAR,FALHA DE REJEIÇÃO,FALHA DE REJEICAO,EXACT_SAFE,2,1,162.0,1.0,2026-01-19,3,LINHA005,P.EQ.LINHA,55568,"CC PET RET 2L (9) 7,49 L05",INSPETOR GARRAFAS ENOS A 100 L,,Sistema de Instrumentos e Cont,2.18,OBSERVACAO: FALHA NO REJEITOR LINEAR | EQUIPAMENTO: INSPETOR GARRAFAS ENOS A 100 L | CHAVE_1: Sistema de Instrumentos e Cont | SUBCHAVE:  | TIPO_PARADA: P.EQ.LINHA | LINHA: LINHA005
333,FALHA PRECAUÇÃO DE TRF REDOX BAIXO ORDEM: 30008272280,FALHA PRECAUCAO DE TRF REDOX BAIXO ORDEM 30008272280,FALHA DE CONTROLE DE PROCESSO,FALHA DE CONTROLE DE PROCESSO,EXACT_SAFE,1,1,164.0,1.0,2026-01-19,3,LINHA005,P.EQ.LINHA,55568,"CC PET RET 2L (9) 7,49 L05",INSPETOR GARRAFAS ENOS A 100 L,,Sistema Elétrico,10.88,OBSERVACAO: FALHA PRECAUÇÃO DE TRF REDOX BAIXO ORDEM: 30008272280 | EQUIPAMENTO: INSPETOR GARRAFAS ENOS A 100 L | CHAVE_1: Sistema Elétrico | SUBCHAVE:  | TIPO_PARADA: P.EQ.LINHA | LINHA: LINHA005
334,TRAVAMENTO DO SEGMENTOS DE GARRAFA NO REJEITOR ENOS A100,TRAVAMENTO DO SEGMENTOS DE GARRAFA NO REJEITOR ENOS A100,TRAVAMENTO DE SEGMENTOS,TRAVAMENTO DE SEGMENTOS,EXACT_SAFE,1,1,165.0,1.0,2026-01-19,3,LINHA005,P.EQ.LINHA,55568,"CC PET RET 2L (9) 7,49 L05",INSPETOR GARRAFAS ENOS A 100 L,,Sistema Rejeitor,5.0,OBSERVACAO: TRAVAMENTO DO SEGMENTOS DE GARRAFA NO REJEITOR ENOS A100 | EQUIPAMENTO: INSPETOR GARRAFAS ENOS A 100 L | CHAVE_1: Sistema Rejeitor | SUBCHAVE:  | TIPO_PARADA: P.EQ.LINHA | LINHA: LINHA005
342,"FALHA DE ENCHIMENTO ALEATÓRIO DAS VALVULAS DE ENCHIMENTO, COM JAMPER DAS VALVULAS..36/40..46/49,,39/37",FALHA DE ENCHIMENTO ALEATORIO DAS VALVULAS DE ENCHIMENTO COM JAMPER DAS VALVULAS 36 40 46 49 39 37,FALHA DE VÁLVULA DE ENCHIMENTO,FALHA DE VALVULA DE ENCHIMENTO,EXACT_SAFE,1,1,166.0,1.0,2026-01-20,2,LINHA004,P.EQ.LINHA,56223,CC LIGHT LT 310ML FL (6) N.V LT656 L04,ENCHEDORA STARCANS FM E 91 LI0,,Sistema de enchimento,30.0,"OBSERVACAO: FALHA DE ENCHIMENTO ALEATÓRIO DAS VALVULAS DE ENCHIMENTO, COM JAMPER DAS VALVULAS..36/40..46/49,,39/37 | EQUIPAMENTO: ENCHEDORA STARCANS FM E 91 LI0 | CHAVE_1: Sistema de enchimento | SUBCHAVE:  | TIPO_PARADA: P.EQ.LINHA | LINHA: LINHA004"
343,"FALHA DE ENCHIMENTO ALEATÓRIO DAS VALVULAS DE ENCHIMENTO, COM JAMPER DAS VALVULAS..36/40..46/49,,39/37 ( ORDEM - 30008273181)",FALHA DE ENCHIMENTO ALEATORIO DAS VALVULAS DE ENCHIMENTO COM JAMPER DAS VALVULAS 36 40 46 49 39 37 ORDEM 30008273181,FALHA DE VÁLVULA DE ENCHIMENTO,FALHA DE VALVULA DE ENCHIMENTO,EXACT_SAFE,1,1,167.0,1.0,2026-01-20,2,LINHA004,P.EQ.LINHA,56223,CC LIGHT LT 310ML FL (6) N.V LT656 L04,ENCHEDORA STARCANS FM E 91 LI0,,Sistema de enchimento,43.0,"OBSERVACAO: FALHA DE ENCHIMENTO ALEATÓRIO DAS VALVULAS DE ENCHIMENTO, COM JAMPER DAS VALVULAS..36/40..46/49,,39/37 ( ORDEM - 30008273181) | EQUIPAMENTO: ENCHEDORA STARCANS FM E 91 LI0 | CHAVE_1: Sistema de enchimento | SUBCHAVE:  | TIPO_PARADA: P.EQ.LINHA | LINHA: LINHA004"
344,GARRAFA TESTE FALHA EM SENSOR,GARRAFA TESTE FALHA EM SENSOR,FALHA DE SENSOR,FALHA DE SENSOR,EXACT_SAFE,1,1,168.0,1.0,2026-01-20,1,LINHA005,P.EQ.LINHA,55568,"CC PET RET 2L (9) 7,49 L05",INSPETOR GARRAFAS ENOS A 100 L,,Sistema Elétrico,5.0,OBSERVACAO: GARRAFA TESTE FALHA EM SENSOR | EQUIPAMENTO: INSPETOR GARRAFAS ENOS A 100 L | CHAVE_1: Sistema Elétrico | SUBCHAVE:  | TIPO_PARADA: P.EQ.LINHA | LINHA: LINHA005
345,QUEBRA PARAFUSO DO FREIO NA ENCAIXATADORA ORDEM: 13126307,QUEBRA PARAFUSO DO FREIO NA ENCAIXATADORA ORDEM 13126307,QUEBRA DE PARAFUSO,QUEBRA DE PARAFUSO,EXACT_SAFE,1,1,169.0,1.0,2026-01-20,1,LINHA005,P.EQ.LINHA,55568,"CC PET RET 2L (9) 7,49 L05",ENCAIXOTADORA SID LI05,,Estrutura,4.18,OBSERVACAO: QUEBRA PARAFUSO DO FREIO NA ENCAIXATADORA ORDEM: 13126307 | EQUIPAMENTO: ENCAIXOTADORA SID LI05 | CHAVE_1: Estrutura | SUBCHAVE:  | TIPO_PARADA: P.EQ.LINHA | LINHA: LINHA005
347,TRAVAMENTO DO SEGMENTO,TRAVAMENTO DO SEGMENTO,TRAVAMENTO DE SEGMENTOS,TRAVAMENTO DE SEGMENTOS,EXACT_SAFE,2,1,171.0,1.0,2026-01-20,2,LINHA005,P.EQ.LINHA,55568,"CC PET RET 2L (9) 7,49 L05",INSPETOR GARRAFAS ENOS A 100 L,,Sistema Rejeitor,8.0,OBSERVACAO: TRAVAMENTO DO SEGMENTO | EQUIPAMENTO: INSPETOR GARRAFAS ENOS A 100 L | CHAVE_1: Sistema Rejeitor | SUBCHAVE:  | TIPO_PARADA: P.EQ.LINHA | LINHA: LINHA005
348,TRAVAMENTO DE SEGMENTO,TRAVAMENTO DE SEGMENTO,TRAVAMENTO DE SEGMENTOS,TRAVAMENTO DE SEGMENTOS,EXACT_SAFE,1,1,172.0,1.0,2026-01-20,2,LINHA005,P.EQ.LINHA,55568,"CC PET RET 2L (9) 7,49 L05",INSPETOR GARRAFAS ENOS A 100 L,,Sistema Rejeitor,5.0,OBSERVACAO: TRAVAMENTO DE SEGMENTO | EQUIPAMENTO: INSPETOR GARRAFAS ENOS A 100 L | CHAVE_1: Sistema Rejeitor | SUBCHAVE:  | TIPO_PARADA: P.EQ.LINHA | LINHA: LINHA005
349,"VALVULA DE AGUA TRAVOU ABERTA, OCORRENDO TRANSBORDO DO TANQUE",VALVULA DE AGUA TRAVOU ABERTA OCORRENDO TRANSBORDO DO TANQUE,TRAVAMENTO DE VÁLVULA,TRAVAMENTO DE VALVULA,EXACT_SAFE,1,1,173.0,1.0,2026-01-20,2,LINHA005,P.EQ.LINHA,55568,"CC PET RET 2L (9) 7,49 L05",LAVADORA GARRAFA 22/470 ZIE,,SISTEMA ALIMENTAÇÃO GRF 22/470,25.06,"OBSERVACAO: VALVULA DE AGUA TRAVOU ABERTA, OCORRENDO TRANSBORDO DO TANQUE | EQUIPAMENTO: LAVADORA GARRAFA 22/470 ZIE | CHAVE_1: SISTEMA ALIMENTAÇÃO GRF 22/470 | SUBCHAVE:  | TIPO_PARADA: P.EQ.LINHA | LINHA: LINHA005"
350,SENSOR COM O CABO ROMPIDO ( ORDEM 30008273171 ),SENSOR COM O CABO ROMPIDO ORDEM 30008273171,FALHA DE SENSOR,FALHA DE SENSOR,EXACT_SAFE,1,1,174.0,1.0,2026-01-20,3,LINHA005,P.EQ.LINHA,55568,"CC PET RET 2L (9) 7,49 L05",INSP NIVEL SPECTRUM HEU LI05,,Sistema Elétrico,10.77,OBSERVACAO: SENSOR COM O CABO ROMPIDO ( ORDEM 30008273171 ) | EQUIPAMENTO: INSP NIVEL SPECTRUM HEU LI05 | CHAVE_1: Sistema Elétrico | SUBCHAVE:  | TIPO_PARADA: P.EQ.LINHA | LINHA: LINHA005
351,ATUADOR PNEUMÁTICO TARVADO,ATUADOR PNEUMATICO TARVADO,TRAVAMENTO DE ATUADOR,TRAVAMENTO DE ATUADOR,EXACT_SAFE,1,1,175.0,1.0,2026-01-20,3,LINHA005,P.EQ.LINHA,55568,"CC PET RET 2L (9) 7,49 L05",CAPSULADORA EURO PK15 ACY LI05,,Sistema Pneumático,2.36,OBSERVACAO: ATUADOR PNEUMÁTICO TARVADO | EQUIPAMENTO: CAPSULADORA EURO PK15 ACY LI05 | CHAVE_1: Sistema Pneumático | SUBCHAVE:  | TIPO_PARADA: P.EQ.LINHA | LINHA: LINHA005
352,"FALHA AUTOCALBRAÇÃO, RESPOSTA BAIXA OCASIONANDO FALSO REJEITO NO ENOS EBS",FALHA AUTOCALBRACAO RESPOSTA BAIXA OCASIONANDO FALSO REJEITO NO ENOS EBS,FALHA DE REJEIÇÃO,FALHA DE REJEICAO,EXACT_SAFE,1,1,176.0,1.0,2026-01-20,3,LINHA005,P.EQ.LINHA,55568,"CC PET RET 2L (9) 7,49 L05",INSPETOR EBS,,Estrutura,17.41,"OBSERVACAO: FALHA AUTOCALBRAÇÃO, RESPOSTA BAIXA OCASIONANDO FALSO REJEITO NO ENOS EBS | EQUIPAMENTO: INSPETOR EBS | CHAVE_1: Estrutura | SUBCHAVE:  | TIPO_PARADA: P.EQ.LINHA | LINHA: LINHA005"
363,"BEBIDA ESPUMANDO, OCASIONANDO EM EXCESSO DE NIVEL BAIXO DURANTE O ENCHIMENTO 30008272708",BEBIDA ESPUMANDO OCASIONANDO EM EXCESSO DE NIVEL BAIXO DURANTE O ENCHIMENTO 30008272708,ESPUMAMENTO DE BEBIDA,ESPUMAMENTO DE BEBIDA,EXACT_SAFE,2,1,177.0,1.0,2026-01-20,2,LINHA003,P.EQ.LINHA,56424,CCMA PET 2L FL (6) N.V 38G LOLA T2G L03,ENCHEDORA EUROTRONICA FM LI03,,Sistema de enchimento,20.0,"OBSERVACAO: BEBIDA ESPUMANDO, OCASIONANDO EM EXCESSO DE NIVEL BAIXO DURANTE O ENCHIMENTO 30008272708 | EQUIPAMENTO: ENCHEDORA EUROTRONICA FM LI03 | CHAVE_1: Sistema de enchimento | SUBCHAVE:  | TIPO_PARADA: P.EQ.LINHA | LINHA: LINHA003"
364,DESARME DA BOMBA DE RECIRCULAÇÃO DE AGUA DA REGUA ULTRA SONICA 300082728118,DESARME DA BOMBA DE RECIRCULACAO DE AGUA DA REGUA ULTRA SONICA 300082728118,FALHA DE BOMBA,FALHA DE BOMBA,EXACT_SAFE,1,1,179.0,1.0,2026-01-20,2,LINHA003,P.EQ.LINHA,56424,CCMA PET 2L FL (6) N.V 38G LOLA T2G L03,REGUA ULTRASSONICA HEU LI03,,Instalação elétrica,43.5,OBSERVACAO: DESARME DA BOMBA DE RECIRCULAÇÃO DE AGUA DA REGUA ULTRA SONICA 300082728118 | EQUIPAMENTO: REGUA ULTRASSONICA HEU LI03 | CHAVE_1: Instalação elétrica | SUBCHAVE:  | TIPO_PARADA: P.EQ.LINHA | LINHA: LINHA003
365,ESTEIRA DA SAIDA DO FORNO QUEBROU - ORDEM:30008273165,ESTEIRA DA SAIDA DO FORNO QUEBROU ORDEM 30008273165,QUEBRA DE ESTEIRA,QUEBRA DE ESTEIRA,EXACT_SAFE,1,1,180.0,1.0,2026-01-20,2,LINHA003,P.EQ.LINHA,56424,CCMA PET 2L FL (6) N.V 38G LOLA T2G L03,TRPTE PCTS KRO LI03,Qualidade de peças,Estrutura,22.5,OBSERVACAO: ESTEIRA DA SAIDA DO FORNO QUEBROU - ORDEM:30008273165 | EQUIPAMENTO: TRPTE PCTS KRO LI03 | CHAVE_1: Estrutura | SUBCHAVE: Qualidade de peças | TIPO_PARADA: P.EQ.LINHA | LINHA: LINHA003
366,"ENGRENAGEM DANIFICADA, QUEDA DE ESTEIRA",ENGRENAGEM DANIFICADA QUEDA DE ESTEIRA,FALHA DE ENGRENAGEM,FALHA DE ENGRENAGEM,EXACT_SAFE,1,1,181.0,1.0,2026-01-21,2,LINHA001,P.EQ.LINHA,55609,CC LS 1L (12) S/PRECO ROL372 L01,TRANSP CXS CH ENCA PAL MANUAL,Engrenagem/Polia tração danifi,Sistema Motriz,30.67,"OBSERVACAO: ENGRENAGEM DANIFICADA, QUEDA DE ESTEIRA | EQUIPAMENTO: TRANSP CXS CH ENCA PAL MANUAL | CHAVE_1: Sistema Motriz | SUBCHAVE: Engrenagem/Polia tração danifi | TIPO_PARADA: P.EQ.LINHA | LINHA: LINHA001"
367,ESPELHO DA BANDEIROLA./ORDEM.30008274639,ESPELHO DA BANDEIROLA ORDEM 30008274639,FALHA DE SENSOR,FALHA DE SENSOR,EXACT_SAFE,1,1,182.0,1.0,2026-01-21,2,LINHA001,P.EQ.LINHA,55609,CC LS 1L (12) S/PRECO ROL372 L01,ENCAIXOTADORA VAN H K LI01,,Sistema elétrico,11.0,OBSERVACAO: ESPELHO DA BANDEIROLA./ORDEM.30008274639 | EQUIPAMENTO: ENCAIXOTADORA VAN H K LI01 | CHAVE_1: Sistema elétrico | SUBCHAVE:  | TIPO_PARADA: P.EQ.LINHA | LINHA: LINHA001
368,"TRAVAMENTO NA ENTRADA ENTRE O CARACOL E A ESTRELA DE ENTRADA ,TIRANDO FORA DE SINCRONISMO ,GUIAS DE ENTRADA SOLTO .ORDEM.30008274680",TRAVAMENTO NA ENTRADA ENTRE O CARACOL E A ESTRELA DE ENTRADA TIRANDO FORA DE SINCRONISMO GUIAS DE ENTRADA SOLTO ORDEM 30008274680,FALHA DE SINCRONISMO,FALHA DE SINCRONISMO,EXACT_SAFE,1,1,183.0,1.0,2026-01-21,2,LINHA001,P.EQ.LINHA,55609,CC LS 1L (12) S/PRECO ROL372 L01,ENCHEDORA VVF 63/12 H K LI01,,Sistema de instrumentos e cont,60.0,"OBSERVACAO: TRAVAMENTO NA ENTRADA ENTRE O CARACOL E A ESTRELA DE ENTRADA ,TIRANDO FORA DE SINCRONISMO ,GUIAS DE ENTRADA SOLTO .ORDEM.30008274680 | EQUIPAMENTO: ENCHEDORA VVF 63/12 H K LI01 | CHAVE_1: Sistema de instrumentos e cont | SUBCHAVE:  | TIPO_PARADA: P.EQ.LINHA | LINHA: LINHA001"
369,"CHAPA DE PASSAGEM ALTA,CAUSANDO O ENROSCO DO PACOTE NO CANAL ( B ) DO DEVEICER",CHAPA DE PASSAGEM ALTA CAUSANDO O ENROSCO DO PACOTE NO CANAL B DO DEVEICER,ENROSCO DE PACOTES,ENROSCO DE PACOTES,EXACT_SAFE,2,1,184.0,1.0,2026-01-21,1,LINHA004,P.EQ.LINHA,56051,CC LT 310ML FI (6) N.V LT966 L04,PALETIZADORA ROBOKOMBI SID LI0,,Sistema de instrumentos e cont,6.0,"OBSERVACAO: CHAPA DE PASSAGEM ALTA,CAUSANDO O ENROSCO DO PACOTE NO CANAL ( B ) DO DEVEICER | EQUIPAMENTO: PALETIZADORA ROBOKOMBI SID LI0 | CHAVE_1: Sistema de instrumentos e cont | SUBCHAVE:  | TIPO_PARADA: P.EQ.LINHA | LINHA: LINHA004"
370,CRASH DE LATA NA SAIDA DA HEUFT POR LATA SAINDO VAZIA,CRASH DE LATA NA SAIDA DA HEUFT POR LATA SAINDO VAZIA,FALHA DE ENCHIMENTO,FALHA DE ENCHIMENTO,EXACT_SAFE,1,1,186.0,1.0,2026-01-21,3,LINHA004,P.EQ.LINHA,56051,CC LT 310ML FI (6) N.V LT966 L04,ENCHEDORA STARCANS FM E 91 LI0,,Sistema de enchimento,5.05,OBSERVACAO: CRASH DE LATA NA SAIDA DA HEUFT POR LATA SAINDO VAZIA | EQUIPAMENTO: ENCHEDORA STARCANS FM E 91 LI0 | CHAVE_1: Sistema de enchimento | SUBCHAVE:  | TIPO_PARADA: P.EQ.LINHA | LINHA: LINHA004
371,FALHA DE SINAL DE ENTRADA ANÁLOGA ADMISSÍVEL ( BAILARINA SOBE E NÃO DESCE),FALHA DE SINAL DE ENTRADA ANALOGA ADMISSIVEL BAILARINA SOBE E NAO DESCE,FALHA DE BAILARINA,FALHA DE BAILARINA,EXACT_SAFE,1,1,187.0,1.0,2026-01-21,3,LINHA004,P.EQ.LINHA,56051,CC LT 310ML FI (6) N.V LT966 L04,EMPACOTADORA SP 100V KIS LI04,,Sistema de Instrumentos e cont,4.0,OBSERVACAO: FALHA DE SINAL DE ENTRADA ANÁLOGA ADMISSÍVEL ( BAILARINA SOBE E NÃO DESCE) | EQUIPAMENTO: EMPACOTADORA SP 100V KIS LI04 | CHAVE_1: Sistema de Instrumentos e cont | SUBCHAVE:  | TIPO_PARADA: P.EQ.LINHA | LINHA: LINHA004
372,PASSANDO LATA A MAIS NO SISTEMA DE FORMAÇÃO DE PACOTE,PASSANDO LATA A MAIS NO SISTEMA DE FORMACAO DE PACOTE,FALHA DE CONTAGEM DE PRODUTO,FALHA DE CONTAGEM DE PRODUTO,EXACT_SAFE,1,1,188.0,1.0,2026-01-21,3,LINHA004,P.EQ.LINHA,56051,CC LT 310ML FI (6) N.V LT966 L04,EMPACOTADORA SP 100V KIS LI04,,Sistema de Instrumentos e cont,3.0,OBSERVACAO: PASSANDO LATA A MAIS NO SISTEMA DE FORMAÇÃO DE PACOTE | EQUIPAMENTO: EMPACOTADORA SP 100V KIS LI04 | CHAVE_1: Sistema de Instrumentos e cont | SUBCHAVE:  | TIPO_PARADA: P.EQ.LINHA | LINHA: LINHA004
373,"VELOCIDADE REDUZIDA, EXCESSO DE NIVEL BAIXO POR FALHAS DE ENCHIMENTO EM VALVULAS JAMPEADAS",VELOCIDADE REDUZIDA EXCESSO DE NIVEL BAIXO POR FALHAS DE ENCHIMENTO EM VALVULAS JAMPEADAS,FALHA DE VÁLVULA DE ENCHIMENTO,FALHA DE VALVULA DE ENCHIMENTO,EXACT_SAFE,1,1,189.0,1.0,2026-01-21,3,LINHA004,P.EQ.LINHA,56051,CC LT 310ML FI (6) N.V LT966 L04,ENCHEDORA STARCANS FM E 91 LI0,,Sistema de enchimento,3.0,"OBSERVACAO: VELOCIDADE REDUZIDA, EXCESSO DE NIVEL BAIXO POR FALHAS DE ENCHIMENTO EM VALVULAS JAMPEADAS | EQUIPAMENTO: ENCHEDORA STARCANS FM E 91 LI0 | CHAVE_1: Sistema de enchimento | SUBCHAVE:  | TIPO_PARADA: P.EQ.LINHA | LINHA: LINHA004"
374,FALHA SENSOR INSPEÇÃO TAMPA (SENSOR QUEBRADO) ORDEM: 13142752,FALHA SENSOR INSPECAO TAMPA SENSOR QUEBRADO ORDEM 13142752,FALHA DE SENSOR,FALHA DE SENSOR,EXACT_SAFE,1,1,190.0,1.0,2026-01-21,1,LINHA005,P.EQ.LINHA,55568,"CC PET RET 2L (9) 7,49 L05",INSP NIVEL SPECTRUM HEU LI05,,Sistema Elétrico,6.53,OBSERVACAO: FALHA SENSOR INSPEÇÃO TAMPA (SENSOR QUEBRADO) ORDEM: 13142752 | EQUIPAMENTO: INSP NIVEL SPECTRUM HEU LI05 | CHAVE_1: Sistema Elétrico | SUBCHAVE:  | TIPO_PARADA: P.EQ.LINHA | LINHA: LINHA005
375,"TRAVAMENTO PISTÃO DO CAPSULADOR, OCASIONANDO ENROSCO DE TAMPA ORDEM: 30007977072",TRAVAMENTO PISTAO DO CAPSULADOR OCASIONANDO ENROSCO DE TAMPA ORDEM 30007977072,TRAVAMENTO DE ATUADOR,TRAVAMENTO DE ATUADOR,EXACT_SAFE,1,1,191.0,1.0,2026-01-21,1,LINHA005,P.EQ.LINHA,55568,"CC PET RET 2L (9) 7,49 L05",CAPSULADORA EURO PK15 ACY LI05,,Sistema de Tampamento,4.88,"OBSERVACAO: TRAVAMENTO PISTÃO DO CAPSULADOR, OCASIONANDO ENROSCO DE TAMPA ORDEM: 30007977072 | EQUIPAMENTO: CAPSULADORA EURO PK15 ACY LI05 | CHAVE_1: Sistema de Tampamento | SUBCHAVE:  | TIPO_PARADA: P.EQ.LINHA | LINHA: LINHA005"
376,TRAVAMENTO SEGMENTOS DE GARRAFA NO REJEITO ENOS A100,TRAVAMENTO SEGMENTOS DE GARRAFA NO REJEITO ENOS A100,TRAVAMENTO DE SEGMENTOS,TRAVAMENTO DE SEGMENTOS,EXACT_SAFE,1,1,192.0,1.0,2026-01-21,1,LINHA005,P.EQ.LINHA,55568,"CC PET RET 2L (9) 7,49 L05",INSPETOR GARRAFAS ENOS A 100 L,,Sistema Rejeitor,4.3,OBSERVACAO: TRAVAMENTO SEGMENTOS DE GARRAFA NO REJEITO ENOS A100 | EQUIPAMENTO: INSPETOR GARRAFAS ENOS A 100 L | CHAVE_1: Sistema Rejeitor | SUBCHAVE:  | TIPO_PARADA: P.EQ.LINHA | LINHA: LINHA005
378,VARIAÇÃO DE NIVEL DA VALVULA 132,VARIACAO DE NIVEL DA VALVULA 132,FALHA DE VÁLVULA DE ENCHIMENTO,FALHA DE VALVULA DE ENCHIMENTO,EXACT_SAFE,1,1,194.0,1.0,2026-01-21,2,LINHA006,P.EQ.LINHA,56298,CC PET 200ML FI (12) NV 14G LOLA T2G L06,ENCHEDORA KRONES L06,,Sistema de enchimento,7.57,OBSERVACAO: VARIAÇÃO DE NIVEL DA VALVULA 132 | EQUIPAMENTO: ENCHEDORA KRONES L06 | CHAVE_1: Sistema de enchimento | SUBCHAVE:  | TIPO_PARADA: P.EQ.LINHA | LINHA: LINHA006
379,AJUSTE NO JATO DE AGUA NO GARGALO,AJUSTE NO JATO DE AGUA NO GARGALO,SEM MODO DE FALHA IDENTIFICADO,SEM MODO DE FALHA IDENTIFICADO,EXACT_SAFE,1,1,195.0,1.0,2026-01-21,2,LINHA006,P.EQ.LINHA,56298,CC PET 200ML FI (12) NV 14G LOLA T2G L06,ENCHEDORA KRONES L06,,Sistema de tubulações,2.5,OBSERVACAO: AJUSTE NO JATO DE AGUA NO GARGALO | EQUIPAMENTO: ENCHEDORA KRONES L06 | CHAVE_1: Sistema de tubulações | SUBCHAVE:  | TIPO_PARADA: P.EQ.LINHA | LINHA: LINHA006
380,PINÇA DA ESTRELA DE SAÍDA DANIFICADA NOTA N°30008274610,PINCA DA ESTRELA DE SAIDA DANIFICADA NOTA N 30008274610,FALHA DE PINÇA,FALHA DE PINCA,EXACT_SAFE,1,1,196.0,1.0,2026-01-21,2,LINHA006,P.EQ.LINHA,56298,CC PET 200ML FI (12) NV 14G LOLA T2G L06,ENCHEDORA KRONES L06,Qualidade de peças,Estrutura,30.96,OBSERVACAO: PINÇA DA ESTRELA DE SAÍDA DANIFICADA NOTA N°30008274610 | EQUIPAMENTO: ENCHEDORA KRONES L06 | CHAVE_1: Estrutura | SUBCHAVE: Qualidade de peças | TIPO_PARADA: P.EQ.LINHA | LINHA: LINHA006
395,DESARME DO PAINEL DE COMANDOS ELETRICOS,DESARME DO PAINEL DE COMANDOS ELETRICOS,DESARME DE PAINEL DE COMANDO,DESARME DE PAINEL DE COMANDO,EXACT_SAFE,1,1,197.0,1.0,2026-01-21,1,LINHA003,P.EQ.LINHA,56424,CCMA PET 2L FL (6) N.V 38G LOLA T2G L03,ENCHEDORA EUROTRONICA FM LI03,,Sistema elétrico,10.0,OBSERVACAO: DESARME DO PAINEL DE COMANDOS ELETRICOS | EQUIPAMENTO: ENCHEDORA EUROTRONICA FM LI03 | CHAVE_1: Sistema elétrico | SUBCHAVE:  | TIPO_PARADA: P.EQ.LINHA | LINHA: LINHA003
396,FALHA NA EMPACOTADORA / PARADA DO TRANSPORTE NO SENSOR DA CURVA DE SUBIDA PARA PALETIZADORA.,FALHA NA EMPACOTADORA PARADA DO TRANSPORTE NO SENSOR DA CURVA DE SUBIDA PARA PALETIZADORA,FALHA DE SENSOR,FALHA DE SENSOR,EXACT_SAFE,4,1,198.0,1.0,2026-01-21,3,LINHA003,P.EQ.LINHA,56424,CCMA PET 2L FL (6) N.V 38G LOLA T2G L03,TRANSP PCTS EMPAC RAMPA SUBIDA,,Sistema Elétrico,3.0,OBSERVACAO: FALHA NA EMPACOTADORA / PARADA DO TRANSPORTE NO SENSOR DA CURVA DE SUBIDA PARA PALETIZADORA. | EQUIPAMENTO: TRANSP PCTS EMPAC RAMPA SUBIDA | CHAVE_1: Sistema Elétrico | SUBCHAVE:  | TIPO_PARADA: P.EQ.LINHA | LINHA: LINHA003
397,"ENGRENAGEM DANIFICADA, QUEDA DE ESTEIRA",ENGRENAGEM DANIFICADA QUEDA DE ESTEIRA,FALHA DE ENGRENAGEM,FALHA DE ENGRENAGEM,EXACT_SAFE,1,1,181.0,1.0,2026-01-21,2,LINHA001,P.EQ.LINHA,55609,CC LS 1L (12) S/PRECO ROL372 L01,TRANSP CXS CH ENCA PAL MANUAL,Engrenagem/Polia tração danifi,Sistema Motriz,30.67,"OBSERVACAO: ENGRENAGEM DANIFICADA, QUEDA DE ESTEIRA | EQUIPAMENTO: TRANSP CXS CH ENCA PAL MANUAL | CHAVE_1: Sistema Motriz | SUBCHAVE: Engrenagem/Polia tração danifi | TIPO_PARADA: P.EQ.LINHA | LINHA: LINHA001"
398,ESPELHO DA BANDEIROLA./ORDEM.30008274639,ESPELHO DA BANDEIROLA ORDEM 30008274639,FALHA DE SENSOR,FALHA DE SENSOR,EXACT_SAFE,1,1,182.0,1.0,2026-01-21,2,LINHA001,P.EQ.LINHA,55609,CC LS 1L (12) S/PRECO ROL372 L01,ENCAIXOTADORA VAN H K LI01,,Sistema elétrico,11.0,OBSERVACAO: ESPELHO DA BANDEIROLA./ORDEM.30008274639 | EQUIPAMENTO: ENCAIXOTADORA VAN H K LI01 | CHAVE_1: Sistema elétrico | SUBCHAVE:  | TIPO_PARADA: P.EQ.LINHA | LINHA: LINHA001
399,"TRAVAMENTO NA ENTRADA ENTRE O CARACOL E A ESTRELA DE ENTRADA ,TIRANDO FORA DE SINCRONISMO ,GUIAS DE ENTRADA SOLTO .ORDEM.30008274680",TRAVAMENTO NA ENTRADA ENTRE O CARACOL E A ESTRELA DE ENTRADA TIRANDO FORA DE SINCRONISMO GUIAS DE ENTRADA SOLTO ORDEM 30008274680,FALHA DE SINCRONISMO,FALHA DE SINCRONISMO,EXACT_SAFE,1,1,183.0,1.0,2026-01-21,2,LINHA001,P.EQ.LINHA,55609,CC LS 1L (12) S/PRECO ROL372 L01,ENCHEDORA VVF 63/12 H K LI01,,Sistema de instrumentos e cont,60.0,"OBSERVACAO: TRAVAMENTO NA ENTRADA ENTRE O CARACOL E A ESTRELA DE ENTRADA ,TIRANDO FORA DE SINCRONISMO ,GUIAS DE ENTRADA SOLTO .ORDEM.30008274680 | EQUIPAMENTO: ENCHEDORA VVF 63/12 H K LI01 | CHAVE_1: Sistema de instrumentos e cont | SUBCHAVE:  | TIPO_PARADA: P.EQ.LINHA | LINHA: LINHA001"
400,"CHAPA DE PASSAGEM ALTA,CAUSANDO O ENROSCO DO PACOTE NO CANAL ( B ) DO DEVEICER",CHAPA DE PASSAGEM ALTA CAUSANDO O ENROSCO DO PACOTE NO CANAL B DO DEVEICER,ENROSCO DE PACOTES,ENROSCO DE PACOTES,EXACT_SAFE,2,1,184.0,1.0,2026-01-21,1,LINHA004,P.EQ.LINHA,56051,CC LT 310ML FI (6) N.V LT966 L04,PALETIZADORA ROBOKOMBI SID LI0,,Sistema de instrumentos e cont,6.0,"OBSERVACAO: CHAPA DE PASSAGEM ALTA,CAUSANDO O ENROSCO DO PACOTE NO CANAL ( B ) DO DEVEICER | EQUIPAMENTO: PALETIZADORA ROBOKOMBI SID LI0 | CHAVE_1: Sistema de instrumentos e cont | SUBCHAVE:  | TIPO_PARADA: P.EQ.LINHA | LINHA: LINHA004"
401,CRASH DE LATA NA SAIDA DA HEUFT POR LATA SAINDO VAZIA,CRASH DE LATA NA SAIDA DA HEUFT POR LATA SAINDO VAZIA,FALHA DE ENCHIMENTO,FALHA DE ENCHIMENTO,EXACT_SAFE,1,1,186.0,1.0,2026-01-21,3,LINHA004,P.EQ.LINHA,56051,CC LT 310ML FI (6) N.V LT966 L04,ENCHEDORA STARCANS FM E 91 LI0,,Sistema de enchimento,5.05,OBSERVACAO: CRASH DE LATA NA SAIDA DA HEUFT POR LATA SAINDO VAZIA | EQUIPAMENTO: ENCHEDORA STARCANS FM E 91 LI0 | CHAVE_1: Sistema de enchimento | SUBCHAVE:  | TIPO_PARADA: P.EQ.LINHA | LINHA: LINHA004
402,FALHA DE SINAL DE ENTRADA ANÁLOGA ADMISSÍVEL ( BAILARINA SOBE E NÃO DESCE),FALHA DE SINAL DE ENTRADA ANALOGA ADMISSIVEL BAILARINA SOBE E NAO DESCE,FALHA DE BAILARINA,FALHA DE BAILARINA,EXACT_SAFE,1,1,187.0,1.0,2026-01-21,3,LINHA004,P.EQ.LINHA,56051,CC LT 310ML FI (6) N.V LT966 L04,EMPACOTADORA SP 100V KIS LI04,,Sistema de Instrumentos e cont,4.0,OBSERVACAO: FALHA DE SINAL DE ENTRADA ANÁLOGA ADMISSÍVEL ( BAILARINA SOBE E NÃO DESCE) | EQUIPAMENTO: EMPACOTADORA SP 100V KIS LI04 | CHAVE_1: Sistema de Instrumentos e cont | SUBCHAVE:  | TIPO_PARADA: P.EQ.LINHA | LINHA: LINHA004
403,PASSANDO LATA A MAIS NO SISTEMA DE FORMAÇÃO DE PACOTE,PASSANDO LATA A MAIS NO SISTEMA DE FORMACAO DE PACOTE,FALHA DE CONTAGEM DE PRODUTO,FALHA DE CONTAGEM DE PRODUTO,EXACT_SAFE,1,1,188.0,1.0,2026-01-21,3,LINHA004,P.EQ.LINHA,56051,CC LT 310ML FI (6) N.V LT966 L04,EMPACOTADORA SP 100V KIS LI04,,Sistema de Instrumentos e cont,3.0,OBSERVACAO: PASSANDO LATA A MAIS NO SISTEMA DE FORMAÇÃO DE PACOTE | EQUIPAMENTO: EMPACOTADORA SP 100V KIS LI04 | CHAVE_1: Sistema de Instrumentos e cont | SUBCHAVE:  | TIPO_PARADA: P.EQ.LINHA | LINHA: LINHA004
404,"VELOCIDADE REDUZIDA, EXCESSO DE NIVEL BAIXO POR FALHAS DE ENCHIMENTO EM VALVULAS JAMPEADAS",VELOCIDADE REDUZIDA EXCESSO DE NIVEL BAIXO POR FALHAS DE ENCHIMENTO EM VALVULAS JAMPEADAS,FALHA DE VÁLVULA DE ENCHIMENTO,FALHA DE VALVULA DE ENCHIMENTO,EXACT_SAFE,1,1,189.0,1.0,2026-01-21,3,LINHA004,P.EQ.LINHA,56051,CC LT 310ML FI (6) N.V LT966 L04,ENCHEDORA STARCANS FM E 91 LI0,,Sistema de enchimento,3.0,"OBSERVACAO: VELOCIDADE REDUZIDA, EXCESSO DE NIVEL BAIXO POR FALHAS DE ENCHIMENTO EM VALVULAS JAMPEADAS | EQUIPAMENTO: ENCHEDORA STARCANS FM E 91 LI0 | CHAVE_1: Sistema de enchimento | SUBCHAVE:  | TIPO_PARADA: P.EQ.LINHA | LINHA: LINHA004"
405,FALHA SENSOR INSPEÇÃO TAMPA (SENSOR QUEBRADO) ORDEM: 13142752,FALHA SENSOR INSPECAO TAMPA SENSOR QUEBRADO ORDEM 13142752,FALHA DE SENSOR,FALHA DE SENSOR,EXACT_SAFE,1,1,190.0,1.0,2026-01-21,1,LINHA005,P.EQ.LINHA,55568,"CC PET RET 2L (9) 7,49 L05",INSP NIVEL SPECTRUM HEU LI05,,Sistema Elétrico,6.53,OBSERVACAO: FALHA SENSOR INSPEÇÃO TAMPA (SENSOR QUEBRADO) ORDEM: 13142752 | EQUIPAMENTO: INSP NIVEL SPECTRUM HEU LI05 | CHAVE_1: Sistema Elétrico | SUBCHAVE:  | TIPO_PARADA: P.EQ.LINHA | LINHA: LINHA005
406,"TRAVAMENTO PISTÃO DO CAPSULADOR, OCASIONANDO ENROSCO DE TAMPA ORDEM: 30007977072",TRAVAMENTO PISTAO DO CAPSULADOR OCASIONANDO ENROSCO DE TAMPA ORDEM 30007977072,TRAVAMENTO DE ATUADOR,TRAVAMENTO DE ATUADOR,EXACT_SAFE,1,1,191.0,1.0,2026-01-21,1,LINHA005,P.EQ.LINHA,55568,"CC PET RET 2L (9) 7,49 L05",CAPSULADORA EURO PK15 ACY LI05,,Sistema de Tampamento,4.88,"OBSERVACAO: TRAVAMENTO PISTÃO DO CAPSULADOR, OCASIONANDO ENROSCO DE TAMPA ORDEM: 30007977072 | EQUIPAMENTO: CAPSULADORA EURO PK15 ACY LI05 | CHAVE_1: Sistema de Tampamento | SUBCHAVE:  | TIPO_PARADA: P.EQ.LINHA | LINHA: LINHA005"
407,TRAVAMENTO SEGMENTOS DE GARRAFA NO REJEITO ENOS A100,TRAVAMENTO SEGMENTOS DE GARRAFA NO REJEITO ENOS A100,TRAVAMENTO DE SEGMENTOS,TRAVAMENTO DE SEGMENTOS,EXACT_SAFE,1,1,192.0,1.0,2026-01-21,1,LINHA005,P.EQ.LINHA,55568,"CC PET RET 2L (9) 7,49 L05",INSPETOR GARRAFAS ENOS A 100 L,,Sistema Rejeitor,4.3,OBSERVACAO: TRAVAMENTO SEGMENTOS DE GARRAFA NO REJEITO ENOS A100 | EQUIPAMENTO: INSPETOR GARRAFAS ENOS A 100 L | CHAVE_1: Sistema Rejeitor | SUBCHAVE:  | TIPO_PARADA: P.EQ.LINHA | LINHA: LINHA005
409,VARIAÇÃO DE NIVEL DA VALVULA 132,VARIACAO DE NIVEL DA VALVULA 132,FALHA DE VÁLVULA DE ENCHIMENTO,FALHA DE VALVULA DE ENCHIMENTO,EXACT_SAFE,1,1,194.0,1.0,2026-01-21,2,LINHA006,P.EQ.LINHA,56298,CC PET 200ML FI (12) NV 14G LOLA T2G L06,ENCHEDORA KRONES L06,,Sistema de enchimento,7.57,OBSERVACAO: VARIAÇÃO DE NIVEL DA VALVULA 132 | EQUIPAMENTO: ENCHEDORA KRONES L06 | CHAVE_1: Sistema de enchimento | SUBCHAVE:  | TIPO_PARADA: P.EQ.LINHA | LINHA: LINHA006
410,AJUSTE NO JATO DE AGUA NO GARGALO,AJUSTE NO JATO DE AGUA NO GARGALO,SEM MODO DE FALHA IDENTIFICADO,SEM MODO DE FALHA IDENTIFICADO,EXACT_SAFE,1,1,195.0,1.0,2026-01-21,2,LINHA006,P.EQ.LINHA,56298,CC PET 200ML FI (12) NV 14G LOLA T2G L06,ENCHEDORA KRONES L06,,Sistema de tubulações,2.5,OBSERVACAO: AJUSTE NO JATO DE AGUA NO GARGALO | EQUIPAMENTO: ENCHEDORA KRONES L06 | CHAVE_1: Sistema de tubulações | SUBCHAVE:  | TIPO_PARADA: P.EQ.LINHA | LINHA: LINHA006
411,PINÇA DA ESTRELA DE SAÍDA DANIFICADA NOTA N°30008274610,PINCA DA ESTRELA DE SAIDA DANIFICADA NOTA N 30008274610,FALHA DE PINÇA,FALHA DE PINCA,EXACT_SAFE,1,1,196.0,1.0,2026-01-21,2,LINHA006,P.EQ.LINHA,56298,CC PET 200ML FI (12) NV 14G LOLA T2G L06,ENCHEDORA KRONES L06,Qualidade de peças,Estrutura,30.96,OBSERVACAO: PINÇA DA ESTRELA DE SAÍDA DANIFICADA NOTA N°30008274610 | EQUIPAMENTO: ENCHEDORA KRONES L06 | CHAVE_1: Estrutura | SUBCHAVE: Qualidade de peças | TIPO_PARADA: P.EQ.LINHA | LINHA: LINHA006
426,DESARME DO PAINEL DE COMANDOS ELETRICOS,DESARME DO PAINEL DE COMANDOS ELETRICOS,DESARME DE PAINEL DE COMANDO,DESARME DE PAINEL DE COMANDO,EXACT_SAFE,1,1,197.0,1.0,2026-01-21,1,LINHA003,P.EQ.LINHA,56424,CCMA PET 2L FL (6) N.V 38G LOLA T2G L03,ENCHEDORA EUROTRONICA FM LI03,,Sistema elétrico,10.0,OBSERVACAO: DESARME DO PAINEL DE COMANDOS ELETRICOS | EQUIPAMENTO: ENCHEDORA EUROTRONICA FM LI03 | CHAVE_1: Sistema elétrico | SUBCHAVE:  | TIPO_PARADA: P.EQ.LINHA | LINHA: LINHA003
427,FALHA NA EMPACOTADORA / PARADA DO TRANSPORTE NO SENSOR DA CURVA DE SUBIDA PARA PALETIZADORA.,FALHA NA EMPACOTADORA PARADA DO TRANSPORTE NO SENSOR DA CURVA DE SUBIDA PARA PALETIZADORA,FALHA DE SENSOR,FALHA DE SENSOR,EXACT_SAFE,4,1,198.0,1.0,2026-01-21,3,LINHA003,P.EQ.LINHA,56424,CCMA PET 2L FL (6) N.V 38G LOLA T2G L03,TRANSP PCTS EMPAC RAMPA SUBIDA,,Sistema Elétrico,3.0,OBSERVACAO: FALHA NA EMPACOTADORA / PARADA DO TRANSPORTE NO SENSOR DA CURVA DE SUBIDA PARA PALETIZADORA. | EQUIPAMENTO: TRANSP PCTS EMPAC RAMPA SUBIDA | CHAVE_1: Sistema Elétrico | SUBCHAVE:  | TIPO_PARADA: P.EQ.LINHA | LINHA: LINHA003
428,CORREÇÃO VELOCIDADE DOS MOTORES DO TRANSPORTE DE LATA VAZIA 30008283964,CORRECAO VELOCIDADE DOS MOTORES DO TRANSPORTE DE LATA VAZIA 30008283964,FALHA DE VELOCIDADE DO TRANSPORTE,FALHA DE VELOCIDADE DO TRANSPORTE,EXACT_SAFE,1,1,210.0,1.0,2026-01-23,1,LINHA004,P.EQ.LINHA,56053,CC LT 220ML FL (12) N.V LT938 TP CDL L04,TRANSP LATAS VZ DESPAL PONTE V,,Sistema Elétrico,14.17,OBSERVACAO: CORREÇÃO VELOCIDADE DOS MOTORES DO TRANSPORTE DE LATA VAZIA 30008283964 | EQUIPAMENTO: TRANSP LATAS VZ DESPAL PONTE V | CHAVE_1: Sistema Elétrico | SUBCHAVE:  | TIPO_PARADA: P.EQ.LINHA | LINHA: LINHA004
429,AJUSTE NOS PARAMETROS DE SENSIBILIDADE DA PRESSCO,AJUSTE NOS PARAMETROS DE SENSIBILIDADE DA PRESSCO,FALHA DE INSPEÇÃO,FALHA DE INSPECAO,EXACT_SAFE,1,1,214.0,1.0,2026-01-23,1,LINHA004,P.EQ.LINHA,56053,CC LT 220ML FL (12) N.V LT938 TP CDL L04,INSPETOR LATAS VAZIAS PSO LI04,,Sistema de Instrumentos e Cont,7.0,OBSERVACAO: AJUSTE NOS PARAMETROS DE SENSIBILIDADE DA PRESSCO | EQUIPAMENTO: INSPETOR LATAS VAZIAS PSO LI04 | CHAVE_1: Sistema de Instrumentos e Cont | SUBCHAVE:  | TIPO_PARADA: P.EQ.LINHA | LINHA: LINHA004
430,TRAVAMENTO DO SEGMENTOS DE GARRAFA NO REJEITOR EBS,TRAVAMENTO DO SEGMENTOS DE GARRAFA NO REJEITOR EBS,TRAVAMENTO DE SEGMENTOS,TRAVAMENTO DE SEGMENTOS,EXACT_SAFE,3,1,14.0,1.0,2026-01-03,1,LINHA005,P.EQ.LINHA,55568,"CC PET RET 2L (9) 7,49 L05",INSPETOR EBS,,Estrutura,4.0,OBSERVACAO: TRAVAMENTO DO SEGMENTOS DE GARRAFA NO REJEITOR EBS | EQUIPAMENTO: INSPETOR EBS | CHAVE_1: Estrutura | SUBCHAVE:  | TIPO_PARADA: P.EQ.LINHA | LINHA: LINHA005
431,FALHA TRANSPORTE NA SAIDSA DA DESENCAIXATADORA DESARMOU 30008283967,FALHA TRANSPORTE NA SAIDSA DA DESENCAIXATADORA DESARMOU 30008283967,DESARME DE TRANSPORTE,DESARME DE TRANSPORTE,EXACT_SAFE,1,1,217.0,1.0,2026-01-23,1,LINHA005,P.EQ.LINHA,56326,CCZR PET RET 2L (9) S/PRECO ROT944 L05,DESENCAIXOTADORA SID LI05,,Sistema elétrico,12.65,OBSERVACAO: FALHA TRANSPORTE NA SAIDSA DA DESENCAIXATADORA DESARMOU 30008283967 | EQUIPAMENTO: DESENCAIXOTADORA SID LI05 | CHAVE_1: Sistema elétrico | SUBCHAVE:  | TIPO_PARADA: P.EQ.LINHA | LINHA: LINHA005
432,TRAVAMENTO DO SEGMENTOS DE GARRAFAS NO REJEITO EBS,TRAVAMENTO DO SEGMENTOS DE GARRAFAS NO REJEITO EBS,TRAVAMENTO DE SEGMENTOS,TRAVAMENTO DE SEGMENTOS,EXACT_SAFE,1,1,218.0,1.0,2026-01-23,1,LINHA005,P.EQ.LINHA,56326,CCZR PET RET 2L (9) S/PRECO ROT944 L05,INSPETOR EBS,,Estrutura,5.0,OBSERVACAO: TRAVAMENTO DO SEGMENTOS DE GARRAFAS NO REJEITO EBS | EQUIPAMENTO: INSPETOR EBS | CHAVE_1: Estrutura | SUBCHAVE:  | TIPO_PARADA: P.EQ.LINHA | LINHA: LINHA005
433,TRAVAMENTO DO REJEITOR EBS,TRAVAMENTO DO REJEITOR EBS,FALHA DE REJEIÇÃO,FALHA DE REJEICAO,EXACT_SAFE,1,1,219.0,1.0,2026-01-23,1,LINHA005,P.EQ.LINHA,56326,CCZR PET RET 2L (9) S/PRECO ROT944 L05,INSPETOR EBS,,Estrutura,15.0,OBSERVACAO: TRAVAMENTO DO REJEITOR EBS | EQUIPAMENTO: INSPETOR EBS | CHAVE_1: Estrutura | SUBCHAVE:  | TIPO_PARADA: P.EQ.LINHA | LINHA: LINHA005
434,"FALHA TRANSPORTE, OCASIONANDO QUEDA DE GARRAFAS NA ENTRADA DA ENCAIXATADORA",FALHA TRANSPORTE OCASIONANDO QUEDA DE GARRAFAS NA ENTRADA DA ENCAIXATADORA,QUEDA DE GARRAFAS,QUEDA DE GARRAFAS,EXACT_SAFE,1,1,220.0,1.0,2026-01-23,1,LINHA005,P.EQ.LINHA,56326,CCZR PET RET 2L (9) S/PRECO ROT944 L05,TRPTE GRFS CH ROTULAD ENCAIXOT,,Sistema de instrumentos e cont,5.94,"OBSERVACAO: FALHA TRANSPORTE, OCASIONANDO QUEDA DE GARRAFAS NA ENTRADA DA ENCAIXATADORA | EQUIPAMENTO: TRPTE GRFS CH ROTULAD ENCAIXOT | CHAVE_1: Sistema de instrumentos e cont | SUBCHAVE:  | TIPO_PARADA: P.EQ.LINHA | LINHA: LINHA005"
435,PALETIZADORA PEGANDO CAIXA A MENOS,PALETIZADORA PEGANDO CAIXA A MENOS,FALHA NA PEGADA DE CAMADA,FALHA NA PEGADA DE CAMADA,EXACT_SAFE,1,1,221.0,1.0,2026-01-23,1,LINHA005,P.EQ.LINHA,56326,CCZR PET RET 2L (9) S/PRECO ROT944 L05,PALETIZADORA ROBOKOMBI SID LI0,,Sistema de instrumentos e cont,4.0,OBSERVACAO: PALETIZADORA PEGANDO CAIXA A MENOS | EQUIPAMENTO: PALETIZADORA ROBOKOMBI SID LI0 | CHAVE_1: Sistema de instrumentos e cont | SUBCHAVE:  | TIPO_PARADA: P.EQ.LINHA | LINHA: LINHA005
436,FALHA NA CHAVE DE SEGURANÇA DO DESCAPSULADOR,FALHA NA CHAVE DE SEGURANCA DO DESCAPSULADOR,FALHA DE DESCAPSULAMENTO,FALHA DE DESCAPSULAMENTO,EXACT_SAFE,1,1,222.0,1.0,2026-01-23,3,LINHA005,P.EQ.LINHA,55568,CC PET RET 2L (9) S/PRECO L05,DESCAPSULADOR 16 HEADS ACY LI0,,Sistema de segurança,20.0,OBSERVACAO: FALHA NA CHAVE DE SEGURANÇA DO DESCAPSULADOR | EQUIPAMENTO: DESCAPSULADOR 16 HEADS ACY LI0 | CHAVE_1: Sistema de segurança | SUBCHAVE:  | TIPO_PARADA: P.EQ.LINHA | LINHA: LINHA005
443,ENROSCO DE LATA NO TWISTER DE ENTRADA,ENROSCO DE LATA NO TWISTER DE ENTRADA,ENROSCO DE LATAS,ENROSCO DE LATAS,EXACT_SAFE,5,1,209.0,1.0,2026-01-23,1,LINHA004,P.EQ.LINHA,56053,CC LT 220ML FL (12) N.V LT938 TP CDL L04,TRANSP LATAS VZ RINSER ENCH,Qualidade de peças,Estrutura,6.64,OBSERVACAO: ENROSCO DE LATA NO TWISTER DE ENTRADA | EQUIPAMENTO: TRANSP LATAS VZ RINSER ENCH | CHAVE_1: Estrutura | SUBCHAVE: Qualidade de peças | TIPO_PARADA: P.EQ.LINHA | LINHA: LINHA004
445,"PERDA NA CONTAGEM, MASTERIZAÇÃO DO EQUIPAMENTO E RESET",PERDA NA CONTAGEM MASTERIZACAO DO EQUIPAMENTO E RESET,PERDA DE REFERÊNCIA,PERDA DE REFERENCIA,EXACT_SAFE,1,1,223.0,1.0,2026-01-24,2,LINHA001,P.EQ.LINHA,55609,CC LS 1L (12) S/PRECO ROL372 L01,PALETIZADORA,,,12.0,"OBSERVACAO: PERDA NA CONTAGEM, MASTERIZAÇÃO DO EQUIPAMENTO E RESET | EQUIPAMENTO: PALETIZADORA | CHAVE_1:  | SUBCHAVE:  | TIPO_PARADA: P.EQ.LINHA | LINHA: LINHA001"
446,PERDA NA CONTAGEM .OBS.É FEITO O RESETE ATE O MANIPULADOR VOLTAR AO NORMAL.,PERDA NA CONTAGEM OBS E FEITO O RESETE ATE O MANIPULADOR VOLTAR AO NORMAL,FALHA DE CONTAGEM,FALHA DE CONTAGEM,EXACT_SAFE,1,1,224.0,1.0,2026-01-24,2,LINHA001,P.EQ.LINHA,55609,CC LS 1L (12) S/PRECO ROL372 L01,PALETIZADORA,,,6.67,OBSERVACAO: PERDA NA CONTAGEM .OBS.É FEITO O RESETE ATE O MANIPULADOR VOLTAR AO NORMAL. | EQUIPAMENTO: PALETIZADORA | CHAVE_1:  | SUBCHAVE:  | TIPO_PARADA: P.EQ.LINHA | LINHA: LINHA001
447,"CABEÇA DA ENCHEDORA SE MOVIMENTANDO ,MOTO REDUTOR DE FREIO COM PROBLEMA.",CABECA DA ENCHEDORA SE MOVIMENTANDO MOTO REDUTOR DE FREIO COM PROBLEMA,FALHA DE REDUTOR,FALHA DE REDUTOR,EXACT_SAFE,1,1,225.0,1.0,2026-01-24,2,LINHA001,P.EQ.LINHA,55609,CC LS 1L (12) S/PRECO ROL372 L01,ENCHEDORA VVF 63/12 H K LI01,,Sistema de instrumentos e cont,25.44,"OBSERVACAO: CABEÇA DA ENCHEDORA SE MOVIMENTANDO ,MOTO REDUTOR DE FREIO COM PROBLEMA. | EQUIPAMENTO: ENCHEDORA VVF 63/12 H K LI01 | CHAVE_1: Sistema de instrumentos e cont | SUBCHAVE:  | TIPO_PARADA: P.EQ.LINHA | LINHA: LINHA001"
448,FALHA PRESSÃO NO CABEÇOTE DA ENCHEDORA ORDEM 30008291471,FALHA PRESSAO NO CABECOTE DA ENCHEDORA ORDEM 30008291471,FALHA DE PRESSURIZAÇÃO DA ENCHEDORA,FALHA DE PRESSURIZACAO DA ENCHEDORA,EXACT_SAFE,1,1,226.0,1.0,2026-01-24,1,LINHA005,P.EQ.LINHA,55568,CC PET RET 2L (9) S/PRECO L05,ENCHEDORA EUROSTAR SID LI05,,Sistema de enchimento,16.88,OBSERVACAO: FALHA PRESSÃO NO CABEÇOTE DA ENCHEDORA ORDEM 30008291471 | EQUIPAMENTO: ENCHEDORA EUROSTAR SID LI05 | CHAVE_1: Sistema de enchimento | SUBCHAVE:  | TIPO_PARADA: P.EQ.LINHA | LINHA: LINHA005
449,"FALHA TRANSPORTE NO DESCAPSULADOR, FOI REDUZIDA A VELOCIDADE, OCASIONANDO QUEDA DE GARRAFAS",FALHA TRANSPORTE NO DESCAPSULADOR FOI REDUZIDA A VELOCIDADE OCASIONANDO QUEDA DE GARRAFAS,FALHA DE VELOCIDADE DO TRANSPORTE,FALHA DE VELOCIDADE DO TRANSPORTE,EXACT_SAFE,1,1,227.0,1.0,2026-01-24,1,LINHA005,P.EQ.LINHA,55568,CC PET RET 2L (9) S/PRECO L05,DESCAPSULADOR 16 HEADS ACY LI0,,Sistema de instrumentos e cont,5.0,"OBSERVACAO: FALHA TRANSPORTE NO DESCAPSULADOR, FOI REDUZIDA A VELOCIDADE, OCASIONANDO QUEDA DE GARRAFAS | EQUIPAMENTO: DESCAPSULADOR 16 HEADS ACY LI0 | CHAVE_1: Sistema de instrumentos e cont | SUBCHAVE:  | TIPO_PARADA: P.EQ.LINHA | LINHA: LINHA005"
473,FALHA NA VALVULA DE PROCESSO KB1 Q136 (ORDEM: 30008294287),FALHA NA VALVULA DE PROCESSO KB1 Q136 ORDEM 30008294287,FALHA DE VÁLVULA,FALHA DE VALVULA,EXACT_SAFE,1,1,228.0,1.0,2026-01-25,1,LINHA006,P.EQ.LINHA,56238,SPT FRESH LIM 510ML FL (6) NV 17G T2G L6,CARBONATADOR KRONES L06,,Sistema de carbonatação,30.0,OBSERVACAO: FALHA NA VALVULA DE PROCESSO KB1 Q136 (ORDEM: 30008294287) | EQUIPAMENTO: CARBONATADOR KRONES L06 | CHAVE_1: Sistema de carbonatação | SUBCHAVE:  | TIPO_PARADA: P.EQ.LINHA | LINHA: LINHA006
474,BEBIDA ESPUMANDO (ORDEM: 30008294289),BEBIDA ESPUMANDO ORDEM 30008294289,ESPUMAMENTO DE BEBIDA,ESPUMAMENTO DE BEBIDA,EXACT_SAFE,1,1,229.0,1.0,2026-01-25,1,LINHA006,P.EQ.LINHA,56238,SPT FRESH LIM 510ML FL (6) NV 17G T2G L6,ENCHEDORA KRONES L06,,Sistema elétrico,20.0,OBSERVACAO: BEBIDA ESPUMANDO (ORDEM: 30008294289) | EQUIPAMENTO: ENCHEDORA KRONES L06 | CHAVE_1: Sistema elétrico | SUBCHAVE:  | TIPO_PARADA: P.EQ.LINHA | LINHA: LINHA006
475,FALHA DE ENCHIMENTO NA VALVULA 57 - VAZAMENTO NO BLOCO,FALHA DE ENCHIMENTO NA VALVULA 57 VAZAMENTO NO BLOCO,VAZAMENTO EM VÁLVULA,VAZAMENTO EM VALVULA,EXACT_SAFE,1,1,230.0,1.0,2026-01-25,1,LINHA006,P.EQ.LINHA,56238,SPT FRESH LIM 510ML FL (6) NV 17G T2G L6,ENCHEDORA KRONES L06,,Sistema de enchimento,40.0,OBSERVACAO: FALHA DE ENCHIMENTO NA VALVULA 57 - VAZAMENTO NO BLOCO | EQUIPAMENTO: ENCHEDORA KRONES L06 | CHAVE_1: Sistema de enchimento | SUBCHAVE:  | TIPO_PARADA: P.EQ.LINHA | LINHA: LINHA006
486,FALHA NA VALVULA DE PROCESSO KB1 Q136 (ORDEM: 30008294287),FALHA NA VALVULA DE PROCESSO KB1 Q136 ORDEM 30008294287,FALHA DE VÁLVULA,FALHA DE VALVULA,EXACT_SAFE,1,1,228.0,1.0,2026-01-25,1,LINHA006,P.EQ.LINHA,56238,SPT FRESH LIM 510ML FL (6) NV 17G T2G L6,CARBONATADOR KRONES L06,,Sistema de carbonatação,30.0,OBSERVACAO: FALHA NA VALVULA DE PROCESSO KB1 Q136 (ORDEM: 30008294287) | EQUIPAMENTO: CARBONATADOR KRONES L06 | CHAVE_1: Sistema de carbonatação | SUBCHAVE:  | TIPO_PARADA: P.EQ.LINHA | LINHA: LINHA006
487,BEBIDA ESPUMANDO (ORDEM: 30008294289),BEBIDA ESPUMANDO ORDEM 30008294289,ESPUMAMENTO DE BEBIDA,ESPUMAMENTO DE BEBIDA,EXACT_SAFE,1,1,229.0,1.0,2026-01-25,1,LINHA006,P.EQ.LINHA,56238,SPT FRESH LIM 510ML FL (6) NV 17G T2G L6,ENCHEDORA KRONES L06,,Sistema elétrico,20.0,OBSERVACAO: BEBIDA ESPUMANDO (ORDEM: 30008294289) | EQUIPAMENTO: ENCHEDORA KRONES L06 | CHAVE_1: Sistema elétrico | SUBCHAVE:  | TIPO_PARADA: P.EQ.LINHA | LINHA: LINHA006
488,FALHA DE ENCHIMENTO NA VALVULA 57 - VAZAMENTO NO BLOCO,FALHA DE ENCHIMENTO NA VALVULA 57 VAZAMENTO NO BLOCO,VAZAMENTO EM VÁLVULA,VAZAMENTO EM VALVULA,EXACT_SAFE,1,1,230.0,1.0,2026-01-25,1,LINHA006,P.EQ.LINHA,56238,SPT FRESH LIM 510ML FL (6) NV 17G T2G L6,ENCHEDORA KRONES L06,,Sistema de enchimento,40.0,OBSERVACAO: FALHA DE ENCHIMENTO NA VALVULA 57 - VAZAMENTO NO BLOCO | EQUIPAMENTO: ENCHEDORA KRONES L06 | CHAVE_1: Sistema de enchimento | SUBCHAVE:  | TIPO_PARADA: P.EQ.LINHA | LINHA: LINHA006
501,ESCAPE DA TAMPA DO PRE ESGUICHO,ESCAPE DA TAMPA DO PRE ESGUICHO,FALHA DE FIXAÇÃO,FALHA DE FIXACAO,EXACT_SAFE,1,1,231.0,1.0,2026-01-26,2,LINHA001,P.EQ.LINHA,55957,CC KS ULTRA 290ML (24) N.V ROL372 L01,LAVADORA GRFS DN1240105 H K LI,,Estrutura,4.03,OBSERVACAO: ESCAPE DA TAMPA DO PRE ESGUICHO | EQUIPAMENTO: LAVADORA GRFS DN1240105 H K LI | CHAVE_1: Estrutura | SUBCHAVE:  | TIPO_PARADA: P.EQ.LINHA | LINHA: LINHA001
504,"DEVIDO AO PROBLEMA DOS CRACH ,TIVEMOS QUE REDUZIR A VELOCIDADE DA ENCHEDORA.OBS POIS TEM QUE TROCAR OS NALON.",DEVIDO AO PROBLEMA DOS CRACH TIVEMOS QUE REDUZIR A VELOCIDADE DA ENCHEDORA OBS POIS TEM QUE TROCAR OS NALON,ENROSCO DE GARRAFAS,ENROSCO DE GARRAFAS,EXACT_SAFE,1,1,234.0,1.0,2026-01-26,2,LINHA001,P.EQ.LINHA,55957,CC KS ULTRA 290ML (24) N.V ROL372 L01,ENCHEDORA VVF 63/12 H K LI01,,Sistema de instrumentos e cont,15.0,"OBSERVACAO: DEVIDO AO PROBLEMA DOS CRACH ,TIVEMOS QUE REDUZIR A VELOCIDADE DA ENCHEDORA.OBS POIS TEM QUE TROCAR OS NALON. | EQUIPAMENTO: ENCHEDORA VVF 63/12 H K LI01 | CHAVE_1: Sistema de instrumentos e cont | SUBCHAVE:  | TIPO_PARADA: P.EQ.LINHA | LINHA: LINHA001"
505,PARADA ACIONADO PELO MECÂNICO PARA TIRAR MEDIDA DO EIXO.,PARADA ACIONADO PELO MECANICO PARA TIRAR MEDIDA DO EIXO,SEM MODO DE FALHA IDENTIFICADO,SEM MODO DE FALHA IDENTIFICADO,EXACT_SAFE,1,1,235.0,1.0,2026-01-26,2,LINHA001,P.EQ.LINHA,55957,CC KS ULTRA 290ML (24) N.V ROL372 L01,ENCHEDORA VVF 63/12 H K LI01,,Sistema de instrumentos e cont,10.0,OBSERVACAO: PARADA ACIONADO PELO MECÂNICO PARA TIRAR MEDIDA DO EIXO. | EQUIPAMENTO: ENCHEDORA VVF 63/12 H K LI01 | CHAVE_1: Sistema de instrumentos e cont | SUBCHAVE:  | TIPO_PARADA: P.EQ.LINHA | LINHA: LINHA001
506,VELOCIDADE REDUZIDA DEVIDO AO CRASH.,VELOCIDADE REDUZIDA DEVIDO AO CRASH,ENROSCO DE GARRAFAS,ENROSCO DE GARRAFAS,EXACT_SAFE,1,1,236.0,1.0,2026-01-26,2,LINHA001,P.EQ.LINHA,55957,CC KS ULTRA 290ML (24) N.V ROL372 L01,ENCHEDORA VVF 63/12 H K LI01,,Sistema de enchimento,15.0,OBSERVACAO: VELOCIDADE REDUZIDA DEVIDO AO CRASH. | EQUIPAMENTO: ENCHEDORA VVF 63/12 H K LI01 | CHAVE_1: Sistema de enchimento | SUBCHAVE:  | TIPO_PARADA: P.EQ.LINHA | LINHA: LINHA001
507,"MECÂNICA ATUANDO ,TIRANDO MEDIDA DO EIXO.",MECANICA ATUANDO TIRANDO MEDIDA DO EIXO,SEM MODO DE FALHA IDENTIFICADO,SEM MODO DE FALHA IDENTIFICADO,EXACT_SAFE,1,1,237.0,1.0,2026-01-26,2,LINHA001,P.EQ.LINHA,55957,CC KS ULTRA 290ML (24) N.V ROL372 L01,ENCHEDORA VVF 63/12 H K LI01,,Sistema de enchimento,14.43,"OBSERVACAO: MECÂNICA ATUANDO ,TIRANDO MEDIDA DO EIXO. | EQUIPAMENTO: ENCHEDORA VVF 63/12 H K LI01 | CHAVE_1: Sistema de enchimento | SUBCHAVE:  | TIPO_PARADA: P.EQ.LINHA | LINHA: LINHA001"
508,"PROBLEMA NO MOTO REDUTOR DE FREIO ,REDUZIMOS A VELOCIDADE DA ENCHEDORA.",PROBLEMA NO MOTO REDUTOR DE FREIO REDUZIMOS A VELOCIDADE DA ENCHEDORA,FALHA DE REDUTOR,FALHA DE REDUTOR,EXACT_SAFE,1,1,238.0,1.0,2026-01-26,2,LINHA001,P.EQ.LINHA,55957,CC KS ULTRA 290ML (24) N.V ROL372 L01,ENCHEDORA VVF 63/12 H K LI01,,Sistema de instrumentos e cont,10.0,"OBSERVACAO: PROBLEMA NO MOTO REDUTOR DE FREIO ,REDUZIMOS A VELOCIDADE DA ENCHEDORA. | EQUIPAMENTO: ENCHEDORA VVF 63/12 H K LI01 | CHAVE_1: Sistema de instrumentos e cont | SUBCHAVE:  | TIPO_PARADA: P.EQ.LINHA | LINHA: LINHA001"
509,CRACH NA SAIDA DA CABEÇA DA ENCHEDORA PARA A ESTRELA DE SAIDA.,CRACH NA SAIDA DA CABECA DA ENCHEDORA PARA A ESTRELA DE SAIDA,ENROSCO DE GARRAFAS,ENROSCO DE GARRAFAS,EXACT_SAFE,1,1,239.0,1.0,2026-01-26,2,LINHA001,P.EQ.LINHA,55957,CC KS ULTRA 290ML (24) N.V ROL372 L01,ENCHEDORA VVF 63/12 H K LI01,,Sistema de instrumentos e cont,10.47,OBSERVACAO: CRACH NA SAIDA DA CABEÇA DA ENCHEDORA PARA A ESTRELA DE SAIDA. | EQUIPAMENTO: ENCHEDORA VVF 63/12 H K LI01 | CHAVE_1: Sistema de instrumentos e cont | SUBCHAVE:  | TIPO_PARADA: P.EQ.LINHA | LINHA: LINHA001
510,REDUÇÃO DA VELOCIDADE DA ENCHEDORA DEVIDO A VARIOS CRACH NA SAIDA DA ENCHEDORA PARA A ESTRELA.,REDUCAO DA VELOCIDADE DA ENCHEDORA DEVIDO A VARIOS CRACH NA SAIDA DA ENCHEDORA PARA A ESTRELA,ENROSCO DE GARRAFAS,ENROSCO DE GARRAFAS,EXACT_SAFE,1,1,240.0,1.0,2026-01-26,2,LINHA001,P.EQ.LINHA,55957,CC KS ULTRA 290ML (24) N.V ROL372 L01,ENCHEDORA VVF 63/12 H K LI01,,Sistema de instrumentos e cont,33.32,OBSERVACAO: REDUÇÃO DA VELOCIDADE DA ENCHEDORA DEVIDO A VARIOS CRACH NA SAIDA DA ENCHEDORA PARA A ESTRELA. | EQUIPAMENTO: ENCHEDORA VVF 63/12 H K LI01 | CHAVE_1: Sistema de instrumentos e cont | SUBCHAVE:  | TIPO_PARADA: P.EQ.LINHA | LINHA: LINHA001
511,TROCA DO ANEL E DAS ESFERA DO BOCAL Nº08 ORDEM 30008296097,TROCA DO ANEL E DAS ESFERA DO BOCAL N 08 ORDEM 30008296097,FALHA DE TAMPAMENTO,FALHA DE TAMPAMENTO,EXACT_SAFE,1,1,241.0,1.0,2026-01-26,2,LINHA002,P.EQ.LINHA,55569,CCZR PET 2L FL (6) NV 38G F840 L02,CAPSULADOR KHS LI02,,Sistema de Tampamento,10.0,OBSERVACAO: TROCA DO ANEL E DAS ESFERA DO BOCAL Nº08 ORDEM 30008296097 | EQUIPAMENTO: CAPSULADOR KHS LI02 | CHAVE_1: Sistema de Tampamento | SUBCHAVE:  | TIPO_PARADA: P.EQ.LINHA | LINHA: LINHA002
512,PALETE APÓS MESA GIRATÓRIA NÃO ESTAVA SAINDO FOI AJUSTADO SENSOR - NOTA 30008296701,PALETE APOS MESA GIRATORIA NAO ESTAVA SAINDO FOI AJUSTADO SENSOR NOTA 30008296701,FALHA DE SENSOR,FALHA DE SENSOR,EXACT_SAFE,1,1,242.0,1.0,2026-01-26,2,LINHA002,P.EQ.LINHA,55569,CCZR PET 2L FL (6) NV 38G F840 L02,PALETIZADORA KOMBI SID LI02,,Sistema elétrico,6.0,OBSERVACAO: PALETE APÓS MESA GIRATÓRIA NÃO ESTAVA SAINDO FOI AJUSTADO SENSOR - NOTA 30008296701 | EQUIPAMENTO: PALETIZADORA KOMBI SID LI02 | CHAVE_1: Sistema elétrico | SUBCHAVE:  | TIPO_PARADA: P.EQ.LINHA | LINHA: LINHA002
516,VAZAMENTO DE OLEO NO MOTO REDUTOR DA PRANCHA,VAZAMENTO DE OLEO NO MOTO REDUTOR DA PRANCHA,FALHA DE REDUTOR,FALHA DE REDUTOR,EXACT_SAFE,1,1,246.0,1.0,2026-01-26,3,LINHA002,P.EQ.LINHA,55569,CCZR PET 2L FL (6) NV 38G F840 L02,PALETIZADORA KOMBI SID LI02,,Sistema elétrico,12.0,OBSERVACAO: VAZAMENTO DE OLEO NO MOTO REDUTOR DA PRANCHA | EQUIPAMENTO: PALETIZADORA KOMBI SID LI02 | CHAVE_1: Sistema elétrico | SUBCHAVE:  | TIPO_PARADA: P.EQ.LINHA | LINHA: LINHA002
517,"PINCA DANIFICADAS GERANDO QUEDA DE GARRAFA , CAUSANDO FALHA NO SISTEMA DE REFRIGERACAO DE FUNDO",PINCA DANIFICADAS GERANDO QUEDA DE GARRAFA CAUSANDO FALHA NO SISTEMA DE REFRIGERACAO DE FUNDO,FALHA DE PINÇA,FALHA DE PINCA,EXACT_SAFE,1,1,247.0,1.0,2026-01-26,2,LINHA006,P.EQ.LINHA,56298,CC PET 200ML FI (12) NV 14G LOLA T2G L06,ENCHEDORA KRONES L06,Qualidade de peças,Estrutura,13.92,"OBSERVACAO: PINCA DANIFICADAS GERANDO QUEDA DE GARRAFA , CAUSANDO FALHA NO SISTEMA DE REFRIGERACAO DE FUNDO | EQUIPAMENTO: ENCHEDORA KRONES L06 | CHAVE_1: Estrutura | SUBCHAVE: Qualidade de peças | TIPO_PARADA: P.EQ.LINHA | LINHA: LINHA006"
518,"PINCAS DANIFICADAS NA AREA DE TRANFERENCIA , DANIFICANDO O FINISH DA GARRAFA",PINCAS DANIFICADAS NA AREA DE TRANFERENCIA DANIFICANDO O FINISH DA GARRAFA,DANIFICAÇÃO DE GARRAFAS,DANIFICACAO DE GARRAFAS,EXACT_SAFE,1,1,248.0,1.0,2026-01-26,2,LINHA006,P.EQ.LINHA,56298,CC PET 200ML FI (12) NV 14G LOLA T2G L06,ENCHEDORA KRONES L06,Qualidade de peças,Estrutura,31.2,"OBSERVACAO: PINCAS DANIFICADAS NA AREA DE TRANFERENCIA , DANIFICANDO O FINISH DA GARRAFA | EQUIPAMENTO: ENCHEDORA KRONES L06 | CHAVE_1: Estrutura | SUBCHAVE: Qualidade de peças | TIPO_PARADA: P.EQ.LINHA | LINHA: LINHA006"
519,"QUEDA DE GARRAFAS NO TANQUE DE RESFRIAMENTO DE FUNDO, OBSTRUINDO A SUCÇÃO DO FILTRO",QUEDA DE GARRAFAS NO TANQUE DE RESFRIAMENTO DE FUNDO OBSTRUINDO A SUCCAO DO FILTRO,QUEDA DE GARRAFAS,QUEDA DE GARRAFAS,EXACT_SAFE,1,1,249.0,1.0,2026-01-26,2,LINHA006,P.EQ.LINHA,56298,CC PET 200ML FI (12) NV 14G LOLA T2G L06,ENCHEDORA KRONES L06,Qualidade de peças,Estrutura,8.16,"OBSERVACAO: QUEDA DE GARRAFAS NO TANQUE DE RESFRIAMENTO DE FUNDO, OBSTRUINDO A SUCÇÃO DO FILTRO | EQUIPAMENTO: ENCHEDORA KRONES L06 | CHAVE_1: Estrutura | SUBCHAVE: Qualidade de peças | TIPO_PARADA: P.EQ.LINHA | LINHA: LINHA006"
520,FILME DOBRANDO GERANDO FALHA NO ENVOLVIMENTO DEVIDO A FALTA DA REGUA DE ESTATICA NOTA N°13059270,FILME DOBRANDO GERANDO FALHA NO ENVOLVIMENTO DEVIDO A FALTA DA REGUA DE ESTATICA NOTA N 13059270,FALHA DE ENVOLVIMENTO,FALHA DE ENVOLVIMENTO,EXACT_SAFE,4,1,250.0,1.0,2026-01-26,2,LINHA003,P.EQ.LINHA,55935,CC PET 600ML FL (6) 17G LOLA FIFA L03,EMPACOTADORA VARIOPAC KRO LI03,Falta de Peças,Estrutura,10.0,OBSERVACAO: FILME DOBRANDO GERANDO FALHA NO ENVOLVIMENTO DEVIDO A FALTA DA REGUA DE ESTATICA NOTA N°13059270 | EQUIPAMENTO: EMPACOTADORA VARIOPAC KRO LI03 | CHAVE_1: Estrutura | SUBCHAVE: Falta de Peças | TIPO_PARADA: P.EQ.LINHA | LINHA: LINHA003
524,FALHA NA CODIFICAÇÃO,FALHA NA CODIFICACAO,FALHA DE CODIFICAÇÃO,FALHA DE CODIFICACAO,EXACT_SAFE,1,1,520.0,1.0,2026-03-06,1,LINHA001,P.EQ.LINHA,55609,"CC LS 1L (12) N.V 4,99 ROL412 L01",DATADORA MARKEM IMAJE 9450S,,,6.0,OBSERVACAO: FALHA NA CODIFICAÇÃO | EQUIPAMENTO: DATADORA MARKEM IMAJE 9450S | CHAVE_1:  | SUBCHAVE:  | TIPO_PARADA: P.EQ.LINHA | LINHA: LINHA001
527,FILME DOBRANDO GERANDO FALHA NO ENVOLVIMENTO DEVIDO A FALTA DA REGUA DE ESTATICA NOTA N°13059270,FILME DOBRANDO GERANDO FALHA NO ENVOLVIMENTO DEVIDO A FALTA DA REGUA DE ESTATICA NOTA N 13059270,FALHA DE ENVOLVIMENTO,FALHA DE ENVOLVIMENTO,EXACT_SAFE,4,1,250.0,1.0,2026-01-26,2,LINHA003,P.EQ.LINHA,55935,CC PET 600ML FL (6) 17G LOLA FIFA L03,EMPACOTADORA VARIOPAC KRO LI03,Falta de Peças,Estrutura,10.0,OBSERVACAO: FILME DOBRANDO GERANDO FALHA NO ENVOLVIMENTO DEVIDO A FALTA DA REGUA DE ESTATICA NOTA N°13059270 | EQUIPAMENTO: EMPACOTADORA VARIOPAC KRO LI03 | CHAVE_1: Estrutura | SUBCHAVE: Falta de Peças | TIPO_PARADA: P.EQ.LINHA | LINHA: LINHA003
528,FILME DOBRANDO GERANDO FALHA NO ENVOLVIMENTO DEVIDO A FALTA DA REGUA DE ESTATICA NOTA N°13059270,FILME DOBRANDO GERANDO FALHA NO ENVOLVIMENTO DEVIDO A FALTA DA REGUA DE ESTATICA NOTA N 13059270,FALHA DE ENVOLVIMENTO,FALHA DE ENVOLVIMENTO,EXACT_SAFE,4,1,250.0,1.0,2026-01-26,2,LINHA003,P.EQ.LINHA,55935,CC PET 600ML FL (6) 17G LOLA FIFA L03,EMPACOTADORA VARIOPAC KRO LI03,Falta de Peças,Estrutura,10.0,OBSERVACAO: FILME DOBRANDO GERANDO FALHA NO ENVOLVIMENTO DEVIDO A FALTA DA REGUA DE ESTATICA NOTA N°13059270 | EQUIPAMENTO: EMPACOTADORA VARIOPAC KRO LI03 | CHAVE_1: Estrutura | SUBCHAVE: Falta de Peças | TIPO_PARADA: P.EQ.LINHA | LINHA: LINHA003
529,FILME DOBRANDO GERANDO FALHA NO ENVOLVIMENTO DEVIDO A FALTA DA REGUA DE ESTATICA NOTA N°13059270,FILME DOBRANDO GERANDO FALHA NO ENVOLVIMENTO DEVIDO A FALTA DA REGUA DE ESTATICA NOTA N 13059270,FALHA DE ENVOLVIMENTO,FALHA DE ENVOLVIMENTO,EXACT_SAFE,4,1,250.0,1.0,2026-01-26,2,LINHA003,P.EQ.LINHA,55935,CC PET 600ML FL (6) 17G LOLA FIFA L03,EMPACOTADORA VARIOPAC KRO LI03,Falta de Peças,Estrutura,10.0,OBSERVACAO: FILME DOBRANDO GERANDO FALHA NO ENVOLVIMENTO DEVIDO A FALTA DA REGUA DE ESTATICA NOTA N°13059270 | EQUIPAMENTO: EMPACOTADORA VARIOPAC KRO LI03 | CHAVE_1: Estrutura | SUBCHAVE: Falta de Peças | TIPO_PARADA: P.EQ.LINHA | LINHA: LINHA003
530,FILME DOBRANDO GERANDO FALHA NO ENVOLVIMENTO DEVIDO A FALTA DA REGUA DE ESTATICA NOTA N°13059270,FILME DOBRANDO GERANDO FALHA NO ENVOLVIMENTO DEVIDO A FALTA DA REGUA DE ESTATICA NOTA N 13059270,FALHA DE ENVOLVIMENTO,FALHA DE ENVOLVIMENTO,EXACT_SAFE,4,1,250.0,1.0,2026-01-26,2,LINHA003,P.EQ.LINHA,55935,CC PET 600ML FL (6) 17G LOLA FIFA L03,EMPACOTADORA VARIOPAC KRO LI03,Falta de Peças,Estrutura,10.0,OBSERVACAO: FILME DOBRANDO GERANDO FALHA NO ENVOLVIMENTO DEVIDO A FALTA DA REGUA DE ESTATICA NOTA N°13059270 | EQUIPAMENTO: EMPACOTADORA VARIOPAC KRO LI03 | CHAVE_1: Estrutura | SUBCHAVE: Falta de Peças | TIPO_PARADA: P.EQ.LINHA | LINHA: LINHA003
531,FREIO DE ELEVAÇÃO E ACOPLAMENTO DANIFICADO,FREIO DE ELEVACAO E ACOPLAMENTO DANIFICADO,FALHA DE ACOPLAMENTO,FALHA DE ACOPLAMENTO,EXACT_SAFE,1,1,254.0,1.0,2026-01-27,1,LINHA001,P.EQ.LINHA,55957,CC KS ULTRA 290ML (24) N.V ROL372 L01,ENCHEDORA VVF 63/12 H K LI01,,Sistema de instrumentos e cont,60.0,OBSERVACAO: FREIO DE ELEVAÇÃO E ACOPLAMENTO DANIFICADO | EQUIPAMENTO: ENCHEDORA VVF 63/12 H K LI01 | CHAVE_1: Sistema de instrumentos e cont | SUBCHAVE:  | TIPO_PARADA: P.EQ.LINHA | LINHA: LINHA001
532,MOTOR COM FALHA NO SERVO DO ALIMENTADOR 1,MOTOR COM FALHA NO SERVO DO ALIMENTADOR 1,FALHA DE SERVO MOTOR,FALHA DE SERVO MOTOR,EXACT_SAFE,1,1,255.0,1.0,2026-01-27,1,LINHA001,P.EQ.LINHA,55957,CC KS ULTRA 290ML (24) N.V ROL372 L01,PALETIZADORA,,,60.0,OBSERVACAO: MOTOR COM FALHA NO SERVO DO ALIMENTADOR 1 | EQUIPAMENTO: PALETIZADORA | CHAVE_1:  | SUBCHAVE:  | TIPO_PARADA: P.EQ.LINHA | LINHA: LINHA001
533,MOTOR DE TRANSPORTE EMBORRACHADO COM FALHA NO SERVO DO ALIMENTADOR 1,MOTOR DE TRANSPORTE EMBORRACHADO COM FALHA NO SERVO DO ALIMENTADOR 1,FALHA DE SERVO MOTOR,FALHA DE SERVO MOTOR,EXACT_SAFE,1,1,256.0,1.0,2026-01-27,1,LINHA001,P.EQ.LINHA,55957,CC KS ULTRA 290ML (24) N.V ROL372 L01,PALETIZADORA,,,45.18,OBSERVACAO: MOTOR DE TRANSPORTE EMBORRACHADO COM FALHA NO SERVO DO ALIMENTADOR 1 | EQUIPAMENTO: PALETIZADORA | CHAVE_1:  | SUBCHAVE:  | TIPO_PARADA: P.EQ.LINHA | LINHA: LINHA001
534,ACOPLAMENTO DO TRANSPORTE DO ALIMENTADOR 1 DANIFICADO,ACOPLAMENTO DO TRANSPORTE DO ALIMENTADOR 1 DANIFICADO,FALHA DE ACOPLAMENTO,FALHA DE ACOPLAMENTO,EXACT_SAFE,1,1,257.0,1.0,2026-01-27,1,LINHA001,P.EQ.LINHA,55957,CC KS ULTRA 290ML (24) N.V ROL372 L01,PALETIZADORA,,,15.0,OBSERVACAO: ACOPLAMENTO DO TRANSPORTE DO ALIMENTADOR 1 DANIFICADO | EQUIPAMENTO: PALETIZADORA | CHAVE_1:  | SUBCHAVE:  | TIPO_PARADA: P.EQ.LINHA | LINHA: LINHA001
535,SENSORES DE ACUMULO DO TRANSPORTE FORA DE SINCRONISMO COM ENCHEDORA NÃO PARANDO NO MOMENTO CORRETO 30008299301,SENSORES DE ACUMULO DO TRANSPORTE FORA DE SINCRONISMO COM ENCHEDORA NAO PARANDO NO MOMENTO CORRETO 30008299301,FALHA DE ACÚMULO NO TRANSPORTE,FALHA DE ACUMULO NO TRANSPORTE,EXACT_SAFE,3,1,258.0,1.0,2026-01-27,1,LINHA001,P.EQ.LINHA,55957,CC KS ULTRA 290ML (24) N.V ROL372 L01,TRANSP GRFS ENCH ENCA,,Sistema Elétrico,18.32,OBSERVACAO: SENSORES DE ACUMULO DO TRANSPORTE FORA DE SINCRONISMO COM ENCHEDORA NÃO PARANDO NO MOMENTO CORRETO 30008299301 | EQUIPAMENTO: TRANSP GRFS ENCH ENCA | CHAVE_1: Sistema Elétrico | SUBCHAVE:  | TIPO_PARADA: P.EQ.LINHA | LINHA: LINHA001
536,ROLO SEPARADOR DE GARRAFAS DERRUBANDO COM E SEM APOIO,ROLO SEPARADOR DE GARRAFAS DERRUBANDO COM E SEM APOIO,FALHA DE ROLO SEPARADOR,FALHA DE ROLO SEPARADOR,EXACT_SAFE,1,1,259.0,1.0,2026-01-27,1,LINHA001,P.EQ.LINHA,55957,CC KS ULTRA 290ML (24) N.V ROL372 L01,ENCAIXOTADORA VAN H K LI01,,Sistema motriz,20.36,OBSERVACAO: ROLO SEPARADOR DE GARRAFAS DERRUBANDO COM E SEM APOIO | EQUIPAMENTO: ENCAIXOTADORA VAN H K LI01 | CHAVE_1: Sistema motriz | SUBCHAVE:  | TIPO_PARADA: P.EQ.LINHA | LINHA: LINHA001
537,SENSORES DE ACUMULO DO TRANSPORTE FORA DE SINCRONISMO COM ENCHEDORA NÃO PARANDO NO MOMENTO CORRETO 30008299301,SENSORES DE ACUMULO DO TRANSPORTE FORA DE SINCRONISMO COM ENCHEDORA NAO PARANDO NO MOMENTO CORRETO 30008299301,FALHA DE ACÚMULO NO TRANSPORTE,FALHA DE ACUMULO NO TRANSPORTE,EXACT_SAFE,3,1,258.0,1.0,2026-01-27,1,LINHA001,P.EQ.LINHA,55957,CC KS ULTRA 290ML (24) N.V ROL372 L01,TRANSP GRFS ENCH ENCA,,Sistema Elétrico,18.32,OBSERVACAO: SENSORES DE ACUMULO DO TRANSPORTE FORA DE SINCRONISMO COM ENCHEDORA NÃO PARANDO NO MOMENTO CORRETO 30008299301 | EQUIPAMENTO: TRANSP GRFS ENCH ENCA | CHAVE_1: Sistema Elétrico | SUBCHAVE:  | TIPO_PARADA: P.EQ.LINHA | LINHA: LINHA001
538,SENSORES DE ACUMULO DO TRANSPORTE FORA DE SINCRONISMO COM ENCHEDORA NÃO PARANDO NO MOMENTO CORRETO 30008299301,SENSORES DE ACUMULO DO TRANSPORTE FORA DE SINCRONISMO COM ENCHEDORA NAO PARANDO NO MOMENTO CORRETO 30008299301,FALHA DE ACÚMULO NO TRANSPORTE,FALHA DE ACUMULO NO TRANSPORTE,EXACT_SAFE,3,1,258.0,1.0,2026-01-27,1,LINHA001,P.EQ.LINHA,55957,CC KS ULTRA 290ML (24) N.V ROL372 L01,TRANSP GRFS ENCH ENCA,,Sistema Elétrico,18.32,OBSERVACAO: SENSORES DE ACUMULO DO TRANSPORTE FORA DE SINCRONISMO COM ENCHEDORA NÃO PARANDO NO MOMENTO CORRETO 30008299301 | EQUIPAMENTO: TRANSP GRFS ENCH ENCA | CHAVE_1: Sistema Elétrico | SUBCHAVE:  | TIPO_PARADA: P.EQ.LINHA | LINHA: LINHA001
539,"ESTEIRA SAIU FORA DO GUIA ,MECÂNICA ATUANDO.",ESTEIRA SAIU FORA DO GUIA MECANICA ATUANDO,ESCAPE DE ESTEIRA,ESCAPE DE ESTEIRA,EXACT_SAFE,1,1,262.0,1.0,2026-01-27,2,LINHA001,P.EQ.LINHA,55957,CC KS ULTRA 290ML (24) N.V ROL372 L01,TRPTE RETORNO GRFS KHS LI01,,Sistema de instrumentos e cont,3.65,"OBSERVACAO: ESTEIRA SAIU FORA DO GUIA ,MECÂNICA ATUANDO. | EQUIPAMENTO: TRPTE RETORNO GRFS KHS LI01 | CHAVE_1: Sistema de instrumentos e cont | SUBCHAVE:  | TIPO_PARADA: P.EQ.LINHA | LINHA: LINHA001"
540,CRACH NA SAIDA DO ASEBI TIRANDO O SENSOR DE POSIÇÃO.ORDEM.30008299802,CRACH NA SAIDA DO ASEBI TIRANDO O SENSOR DE POSICAO ORDEM 30008299802,FALHA DE SENSOR,FALHA DE SENSOR,EXACT_SAFE,1,1,263.0,1.0,2026-01-27,2,LINHA001,P.EQ.LINHA,55957,CC KS ULTRA 290ML (24) N.V ROL372 L01,INSPETOR DE GARRAFAS VAZIAS HE,,,12.0,OBSERVACAO: CRACH NA SAIDA DO ASEBI TIRANDO O SENSOR DE POSIÇÃO.ORDEM.30008299802 | EQUIPAMENTO: INSPETOR DE GARRAFAS VAZIAS HE | CHAVE_1:  | SUBCHAVE:  | TIPO_PARADA: P.EQ.LINHA | LINHA: LINHA001
554,FILME DOBRANDO DEVIDO A FALTA DA RÉGUA DE ESTATICA NOTA Nº13059270,FILME DOBRANDO DEVIDO A FALTA DA REGUA DE ESTATICA NOTA N 13059270,FALHA DE TRAÇÃO/GUIAMENTO DE FILME,FALHA DE TRACAO GUIAMENTO DE FILME,EXACT_SAFE,1,1,264.0,1.0,2026-01-27,2,LINHA003,P.EQ.LINHA,55934,CCZR PET 600ML FL (6) 17G FIFA L03,EMPACOTADORA VARIOPAC KRO LI03,,Sistema de Instrumentos e cont,8.0,OBSERVACAO: FILME DOBRANDO DEVIDO A FALTA DA RÉGUA DE ESTATICA NOTA Nº13059270 | EQUIPAMENTO: EMPACOTADORA VARIOPAC KRO LI03 | CHAVE_1: Sistema de Instrumentos e cont | SUBCHAVE:  | TIPO_PARADA: P.EQ.LINHA | LINHA: LINHA003
555,FILME DOBRANDO DEVIDO A FALTA DA RÉGUA DE ESTATICA NOTA Nº13059270,FILME DOBRANDO DEVIDO A FALTA DA REGUA DE ESTATICA NOTA N 13059270,FALHA DE TRAÇÃO/GUIAMENTO DE FILME,FALHA DE TRACAO GUIAMENTO DE FILME,EXACT_SAFE,1,1,264.0,1.0,2026-01-27,2,LINHA003,P.EQ.LINHA,55934,CCZR PET 600ML FL (6) 17G FIFA L03,EMPACOTADORA VARIOPAC KRO LI03,,Sistema de Instrumentos e cont,8.0,OBSERVACAO: FILME DOBRANDO DEVIDO A FALTA DA RÉGUA DE ESTATICA NOTA Nº13059270 | EQUIPAMENTO: EMPACOTADORA VARIOPAC KRO LI03 | CHAVE_1: Sistema de Instrumentos e cont | SUBCHAVE:  | TIPO_PARADA: P.EQ.LINHA | LINHA: LINHA003
556,FILME DOBRANDO DEVIDO A FALTA DA RÉGUA DE ESTATICA NOTA Nº13059270,FILME DOBRANDO DEVIDO A FALTA DA REGUA DE ESTATICA NOTA N 13059270,FALHA DE TRAÇÃO/GUIAMENTO DE FILME,FALHA DE TRACAO GUIAMENTO DE FILME,EXACT_SAFE,1,1,264.0,1.0,2026-01-27,2,LINHA003,P.EQ.LINHA,55934,CCZR PET 600ML FL (6) 17G FIFA L03,EMPACOTADORA VARIOPAC KRO LI03,,Sistema de Instrumentos e cont,8.0,OBSERVACAO: FILME DOBRANDO DEVIDO A FALTA DA RÉGUA DE ESTATICA NOTA Nº13059270 | EQUIPAMENTO: EMPACOTADORA VARIOPAC KRO LI03 | CHAVE_1: Sistema de Instrumentos e cont | SUBCHAVE:  | TIPO_PARADA: P.EQ.LINHA | LINHA: LINHA003
566,FILME DOBRANDO DEVIDO A FALTA DA RÉGUA DE ESTATICA NOTA Nº13059270,FILME DOBRANDO DEVIDO A FALTA DA REGUA DE ESTATICA NOTA N 13059270,FALHA DE TRAÇÃO/GUIAMENTO DE FILME,FALHA DE TRACAO GUIAMENTO DE FILME,EXACT_SAFE,1,1,264.0,1.0,2026-01-27,2,LINHA003,P.EQ.LINHA,55934,CCZR PET 600ML FL (6) 17G FIFA L03,EMPACOTADORA VARIOPAC KRO LI03,,Sistema de Instrumentos e cont,8.0,OBSERVACAO: FILME DOBRANDO DEVIDO A FALTA DA RÉGUA DE ESTATICA NOTA Nº13059270 | EQUIPAMENTO: EMPACOTADORA VARIOPAC KRO LI03 | CHAVE_1: Sistema de Instrumentos e cont | SUBCHAVE:  | TIPO_PARADA: P.EQ.LINHA | LINHA: LINHA003
567,FALHA NO SISTEMA DE AR COMPRIMIDO DA MAQUINA 30008301493,FALHA NO SISTEMA DE AR COMPRIMIDO DA MAQUINA 30008301493,FALHA DE SUPRIMENTO DE AR COMPRIMIDO,FALHA DE SUPRIMENTO DE AR COMPRIMIDO,EXACT_SAFE,1,1,265.0,1.0,2026-01-28,1,LINHA001,P.EQ.LINHA,55609,CC LS 1L (12) S/PRECO ROL372 L01,ENCAIXOTADORA VAN H K LI01,,Sistema Pneumático,30.0,OBSERVACAO: FALHA NO SISTEMA DE AR COMPRIMIDO DA MAQUINA 30008301493 | EQUIPAMENTO: ENCAIXOTADORA VAN H K LI01 | CHAVE_1: Sistema Pneumático | SUBCHAVE:  | TIPO_PARADA: P.EQ.LINHA | LINHA: LINHA001
568,FALHA DE SINCRONISMO NO MANIPULADOR 1,FALHA DE SINCRONISMO NO MANIPULADOR 1,FALHA DE SINCRONISMO,FALHA DE SINCRONISMO,EXACT_SAFE,1,1,266.0,1.0,2026-01-28,1,LINHA001,P.EQ.LINHA,55609,CC LS 1L (12) S/PRECO ROL372 L01,DESPALETIZADORA,,,5.0,OBSERVACAO: FALHA DE SINCRONISMO NO MANIPULADOR 1 | EQUIPAMENTO: DESPALETIZADORA | CHAVE_1:  | SUBCHAVE:  | TIPO_PARADA: P.EQ.LINHA | LINHA: LINHA001
569,VELOCIDADE INCOMPÁTIVEL,VELOCIDADE INCOMPATIVEL,FALHA DE SINCRONISMO,FALHA DE SINCRONISMO,EXACT_SAFE,1,1,267.0,1.0,2026-01-28,1,LINHA001,P.EQ.LINHA,55609,CC LS 1L (12) S/PRECO ROL372 L01,DESENCAIX VAN 1351441 H K LI01,,Sistema elétrico,10.33,OBSERVACAO: VELOCIDADE INCOMPÁTIVEL | EQUIPAMENTO: DESENCAIX VAN 1351441 H K LI01 | CHAVE_1: Sistema elétrico | SUBCHAVE:  | TIPO_PARADA: P.EQ.LINHA | LINHA: LINHA001
570,SENSOR DO CABEÇOTE,SENSOR DO CABECOTE,FALHA DE SENSOR,FALHA DE SENSOR,EXACT_SAFE,1,1,268.0,1.0,2026-01-28,2,LINHA001,P.EQ.LINHA,55609,CC LS 1L (12) S/PRECO ROL372 L01,ENCAIXOTADORA VAN H K LI01,,Sistema elétrico,9.55,OBSERVACAO: SENSOR DO CABEÇOTE | EQUIPAMENTO: ENCAIXOTADORA VAN H K LI01 | CHAVE_1: Sistema elétrico | SUBCHAVE:  | TIPO_PARADA: P.EQ.LINHA | LINHA: LINHA001
571,TROCA DA CORREIA SNCRONIZADA DA ENCHEDORA.ORDEM30008301673,TROCA DA CORREIA SNCRONIZADA DA ENCHEDORA ORDEM30008301673,FALHA DE CORREIA,FALHA DE CORREIA,EXACT_SAFE,1,1,269.0,1.0,2026-01-28,2,LINHA001,P.EQ.LINHA,55609,CC LS 1L (12) S/PRECO ROL372 L01,ENCHEDORA VVF 63/12 H K LI01,,Sistema de enchimento,2.24,OBSERVACAO: TROCA DA CORREIA SNCRONIZADA DA ENCHEDORA.ORDEM30008301673 | EQUIPAMENTO: ENCHEDORA VVF 63/12 H K LI01 | CHAVE_1: Sistema de enchimento | SUBCHAVE:  | TIPO_PARADA: P.EQ.LINHA | LINHA: LINHA001
572,DESARME DO INVERSOR DA PRANCHA(FALHA DE TÉRMICO),DESARME DO INVERSOR DA PRANCHA FALHA DE TERMICO,FALHA DE INVERSOR,FALHA DE INVERSOR,EXACT_SAFE,2,1,270.0,1.0,2026-01-28,1,LINHA002,P.EQ.LINHA,56424,CCMA PET 2L FL (6) N.V 38G LOLA T2G L02,PALETIZADORA KOMBI SID LI02,,Sistema elétrico,8.0,OBSERVACAO: DESARME DO INVERSOR DA PRANCHA(FALHA DE TÉRMICO) | EQUIPAMENTO: PALETIZADORA KOMBI SID LI02 | CHAVE_1: Sistema elétrico | SUBCHAVE:  | TIPO_PARADA: P.EQ.LINHA | LINHA: LINHA002
573,"CORREIA DA MESA DE VÁCUO DANIFICADA, ENROSCO DE FILME",CORREIA DA MESA DE VACUO DANIFICADA ENROSCO DE FILME,FALHA DE CORREIA,FALHA DE CORREIA,EXACT_SAFE,1,1,271.0,1.0,2026-01-28,1,LINHA002,P.EQ.LINHA,56424,CCMA PET 2L FL (6) N.V 38G LOLA T2G L02,EMPACOTADORA 198/40 KIS LI02,,Sistema de Instrumentos e cont,18.0,"OBSERVACAO: CORREIA DA MESA DE VÁCUO DANIFICADA, ENROSCO DE FILME | EQUIPAMENTO: EMPACOTADORA 198/40 KIS LI02 | CHAVE_1: Sistema de Instrumentos e cont | SUBCHAVE:  | TIPO_PARADA: P.EQ.LINHA | LINHA: LINHA002"
574,DESARME DO INVERSOR DA PRANCHA(FALHA DE TÉRMICO),DESARME DO INVERSOR DA PRANCHA FALHA DE TERMICO,FALHA DE INVERSOR,FALHA DE INVERSOR,EXACT_SAFE,2,1,270.0,1.0,2026-01-28,1,LINHA002,P.EQ.LINHA,56424,CCMA PET 2L FL (6) N.V 38G LOLA T2G L02,PALETIZADORA KOMBI SID LI02,,Sistema elétrico,8.0,OBSERVACAO: DESARME DO INVERSOR DA PRANCHA(FALHA DE TÉRMICO) | EQUIPAMENTO: PALETIZADORA KOMBI SID LI02 | CHAVE_1: Sistema elétrico | SUBCHAVE:  | TIPO_PARADA: P.EQ.LINHA | LINHA: LINHA002
575,PALLET PARADO NO TRANSPORTE ANTES DA MESA GIRATÓRIA,PALLET PARADO NO TRANSPORTE ANTES DA MESA GIRATORIA,TRAVAMENTO DE PALETE,TRAVAMENTO DE PALETE,EXACT_SAFE,1,1,273.0,1.0,2026-01-28,1,LINHA002,P.EQ.LINHA,56424,CCMA PET 2L FL (6) N.V 38G LOLA T2G L02,TRANSP PLTS ENVOLV MESA GIRATO,,Sistema Elétrico,28.0,OBSERVACAO: PALLET PARADO NO TRANSPORTE ANTES DA MESA GIRATÓRIA | EQUIPAMENTO: TRANSP PLTS ENVOLV MESA GIRATO | CHAVE_1: Sistema Elétrico | SUBCHAVE:  | TIPO_PARADA: P.EQ.LINHA | LINHA: LINHA002
576,ESTEIRA QUEBRADA,ESTEIRA QUEBRADA,QUEBRA DE ESTEIRA,QUEBRA DE ESTEIRA,EXACT_SAFE,2,1,274.0,1.0,2026-01-28,2,LINHA002,P.EQ.LINHA,56424,CCMA PET 2L FL (6) N.V 38G LOLA T2G L02,TRANSP PCTS EMPAC PAL TRECHO 2,Cadeia de transmissão danifica,Sistema Motriz,22.0,OBSERVACAO: ESTEIRA QUEBRADA | EQUIPAMENTO: TRANSP PCTS EMPAC PAL TRECHO 2 | CHAVE_1: Sistema Motriz | SUBCHAVE: Cadeia de transmissão danifica | TIPO_PARADA: P.EQ.LINHA | LINHA: LINHA002
577,ESTEIRA QUEBRADA,ESTEIRA QUEBRADA,QUEBRA DE ESTEIRA,QUEBRA DE ESTEIRA,EXACT_SAFE,2,1,274.0,1.0,2026-01-28,2,LINHA002,P.EQ.LINHA,56424,CCMA PET 2L FL (6) N.V 38G LOLA T2G L02,TRANSP PCTS EMPAC PAL TRECHO 2,Cadeia de transmissão danifica,Sistema Motriz,22.0,OBSERVACAO: ESTEIRA QUEBRADA | EQUIPAMENTO: TRANSP PCTS EMPAC PAL TRECHO 2 | CHAVE_1: Sistema Motriz | SUBCHAVE: Cadeia de transmissão danifica | TIPO_PARADA: P.EQ.LINHA | LINHA: LINHA002
578,DESARME DE INVERSOR,DESARME DE INVERSOR,FALHA DE INVERSOR,FALHA DE INVERSOR,EXACT_SAFE,1,1,276.0,1.0,2026-01-28,2,LINHA006,P.EQ.LINHA,56298,CC PET 200ML FI (12) NV 14G LOLA T2G L06,EMPACOTADORA OCME L06,,Sistema elétrico,10.0,OBSERVACAO: DESARME DE INVERSOR | EQUIPAMENTO: EMPACOTADORA OCME L06 | CHAVE_1: Sistema elétrico | SUBCHAVE:  | TIPO_PARADA: P.EQ.LINHA | LINHA: LINHA006
602,TRAVAMENTO DO SEGMENTOS DE GARRAFAS NO REJEITO ENOS A100,TRAVAMENTO DO SEGMENTOS DE GARRAFAS NO REJEITO ENOS A100,TRAVAMENTO DE SEGMENTOS,TRAVAMENTO DE SEGMENTOS,EXACT_SAFE,1,1,278.0,1.0,2026-01-29,1,LINHA005,P.EQ.LINHA,55568,"CC PET RET 2L (9) 7,49 L05",INSPETOR GARRAFAS ENOS A 100 L,,Sistema Rejeitor,6.88,OBSERVACAO: TRAVAMENTO DO SEGMENTOS DE GARRAFAS NO REJEITO ENOS A100 | EQUIPAMENTO: INSPETOR GARRAFAS ENOS A 100 L | CHAVE_1: Sistema Rejeitor | SUBCHAVE:  | TIPO_PARADA: P.EQ.LINHA | LINHA: LINHA005
603,SINCRONISCO DA ESTRELA DE ENTRADA INCORRETO OCASIONADO FALHA NO ENCHIMENTO E PERCA NA PREÇÃO (ORDEM 30008305609 ),SINCRONISCO DA ESTRELA DE ENTRADA INCORRETO OCASIONADO FALHA NO ENCHIMENTO E PERCA NA PRECAO ORDEM 30008305609,FALHA DE ENCHIMENTO,FALHA DE ENCHIMENTO,EXACT_SAFE,1,1,279.0,1.0,2026-01-29,3,LINHA005,P.EQ.LINHA,55568,"CC PET RET 2L (9) 7,49 L05",ENCHEDORA EUROSTAR SID LI05,,Sistema de enchimento,44.12,OBSERVACAO: SINCRONISCO DA ESTRELA DE ENTRADA INCORRETO OCASIONADO FALHA NO ENCHIMENTO E PERCA NA PREÇÃO (ORDEM 30008305609 ) | EQUIPAMENTO: ENCHEDORA EUROSTAR SID LI05 | CHAVE_1: Sistema de enchimento | SUBCHAVE:  | TIPO_PARADA: P.EQ.LINHA | LINHA: LINHA005
604,FALHA INVERSOR NO TRANSPORTE DO ALINHADOR DESCAPSULADOR,FALHA INVERSOR NO TRANSPORTE DO ALINHADOR DESCAPSULADOR,FALHA DE INVERSOR,FALHA DE INVERSOR,EXACT_SAFE,1,1,280.0,1.0,2026-01-29,3,LINHA005,P.EQ.LINHA,55568,"CC PET RET 2L (9) 7,49 L05",TRANSP GRFS VZ DESENCA DESCAP,,Sistema Elétrico,28.0,OBSERVACAO: FALHA INVERSOR NO TRANSPORTE DO ALINHADOR DESCAPSULADOR | EQUIPAMENTO: TRANSP GRFS VZ DESENCA DESCAP | CHAVE_1: Sistema Elétrico | SUBCHAVE:  | TIPO_PARADA: P.EQ.LINHA | LINHA: LINHA005
635,FALHA EM SENSOR DE ENTRADA,FALHA EM SENSOR DE ENTRADA,FALHA DE SENSOR,FALHA DE SENSOR,EXACT_SAFE,3,1,281.0,1.0,2026-01-30,1,LINHA001,P.EQ.LINHA,55609,CC LS 1L (12) S/PRECO ROL372 L01,INSPETOR DE GARRAFAS VAZIAS HE,,,60.0,OBSERVACAO: FALHA EM SENSOR DE ENTRADA | EQUIPAMENTO: INSPETOR DE GARRAFAS VAZIAS HE | CHAVE_1:  | SUBCHAVE:  | TIPO_PARADA: P.EQ.LINHA | LINHA: LINHA001
636,FALHA EM SENSOR DE ENTRADA,FALHA EM SENSOR DE ENTRADA,FALHA DE SENSOR,FALHA DE SENSOR,EXACT_SAFE,3,1,281.0,1.0,2026-01-30,1,LINHA001,P.EQ.LINHA,55609,CC LS 1L (12) S/PRECO ROL372 L01,INSPETOR DE GARRAFAS VAZIAS HE,,,60.0,OBSERVACAO: FALHA EM SENSOR DE ENTRADA | EQUIPAMENTO: INSPETOR DE GARRAFAS VAZIAS HE | CHAVE_1:  | SUBCHAVE:  | TIPO_PARADA: P.EQ.LINHA | LINHA: LINHA001
637,FALHA EM SENSOR DE ENTRADA,FALHA EM SENSOR DE ENTRADA,FALHA DE SENSOR,FALHA DE SENSOR,EXACT_SAFE,3,1,281.0,1.0,2026-01-30,1,LINHA001,P.EQ.LINHA,55609,CC LS 1L (12) S/PRECO ROL372 L01,INSPETOR DE GARRAFAS VAZIAS HE,,,60.0,OBSERVACAO: FALHA EM SENSOR DE ENTRADA | EQUIPAMENTO: INSPETOR DE GARRAFAS VAZIAS HE | CHAVE_1:  | SUBCHAVE:  | TIPO_PARADA: P.EQ.LINHA | LINHA: LINHA001
639,EMBOLOU FILME NA RAMPA DA MESA DE VACÚO,EMBOLOU FILME NA RAMPA DA MESA DE VACUO,FALHA DE TRAÇÃO/GUIAMENTO DE FILME,FALHA DE TRACAO GUIAMENTO DE FILME,EXACT_SAFE,1,1,285.0,1.0,2026-01-30,2,LINHA002,P.EQ.LINHA,56271,SPRITE PET 2L FL (6) N.V 38G F840 L02,EMPACOTADORA 198/40 KIS LI02,,Sistema de Instrumentos e cont,10.0,OBSERVACAO: EMBOLOU FILME NA RAMPA DA MESA DE VACÚO | EQUIPAMENTO: EMPACOTADORA 198/40 KIS LI02 | CHAVE_1: Sistema de Instrumentos e cont | SUBCHAVE:  | TIPO_PARADA: P.EQ.LINHA | LINHA: LINHA002
640,AO ENVOLVER RÉGUA PERDEU SINCRONIZO,AO ENVOLVER REGUA PERDEU SINCRONIZO,FALHA DE SINCRONISMO,FALHA DE SINCRONISMO,EXACT_SAFE,1,1,286.0,1.0,2026-01-30,2,LINHA002,P.EQ.LINHA,56271,SPRITE PET 2L FL (6) N.V 38G F840 L02,EMPACOTADORA 198/40 KIS LI02,,Sistema de vácuo,8.0,OBSERVACAO: AO ENVOLVER RÉGUA PERDEU SINCRONIZO | EQUIPAMENTO: EMPACOTADORA 198/40 KIS LI02 | CHAVE_1: Sistema de vácuo | SUBCHAVE:  | TIPO_PARADA: P.EQ.LINHA | LINHA: LINHA002
641,ESTEIRA COM DEGRAU,ESTEIRA COM DEGRAU,DESNIVELAMENTO DE ESTEIRA,DESNIVELAMENTO DE ESTEIRA,EXACT_SAFE,1,1,287.0,1.0,2026-01-30,2,LINHA002,P.EQ.LINHA,56271,SPRITE PET 2L FL (6) N.V 38G F840 L02,TRANSP PCTS EMPAC PAL TRECHO 1,Engrenagem/Polia tração danifi,Sistema Motriz,16.0,OBSERVACAO: ESTEIRA COM DEGRAU | EQUIPAMENTO: TRANSP PCTS EMPAC PAL TRECHO 1 | CHAVE_1: Sistema Motriz | SUBCHAVE: Engrenagem/Polia tração danifi | TIPO_PARADA: P.EQ.LINHA | LINHA: LINHA002
642,FALHA ELÉTRICA - CURTO NA REDE,FALHA ELETRICA CURTO NA REDE,CURTO-CIRCUITO,CURTO CIRCUITO,EXACT_SAFE,5,1,288.0,1.0,2026-01-30,1,LINHA005,P.EQ.LINHA,55568,"CC PET RET 2L (9) 7,49 L05",ROTULADORA MODULAR KRONES LI05,,Sistema Elétrico,15.0,OBSERVACAO: FALHA ELÉTRICA - CURTO NA REDE | EQUIPAMENTO: ROTULADORA MODULAR KRONES LI05 | CHAVE_1: Sistema Elétrico | SUBCHAVE:  | TIPO_PARADA: P.EQ.LINHA | LINHA: LINHA005
643,FALHA NA MODULAÇÃO DE VELOCIDADE GERANDO QUEDA DE GARRAFAS,FALHA NA MODULACAO DE VELOCIDADE GERANDO QUEDA DE GARRAFAS,QUEDA DE GARRAFAS,QUEDA DE GARRAFAS,EXACT_SAFE,1,1,289.0,1.0,2026-01-30,1,LINHA005,P.EQ.LINHA,55568,"CC PET RET 2L (9) 7,49 L05",TRANSP GRFS VZ DESENCA DESCAP,,Sistema Elétrico,11.65,OBSERVACAO: FALHA NA MODULAÇÃO DE VELOCIDADE GERANDO QUEDA DE GARRAFAS | EQUIPAMENTO: TRANSP GRFS VZ DESENCA DESCAP | CHAVE_1: Sistema Elétrico | SUBCHAVE:  | TIPO_PARADA: P.EQ.LINHA | LINHA: LINHA005
644,FALHA ELETRICA - CURTO NA REDE,FALHA ELETRICA CURTO NA REDE,CURTO-CIRCUITO,CURTO CIRCUITO,EXACT_SAFE,5,1,288.0,1.0,2026-01-30,1,LINHA005,P.EQ.LINHA,55568,"CC PET RET 2L (9) 7,49 L05",ROTULADORA MODULAR KRONES LI05,,Sistema Elétrico,15.0,OBSERVACAO: FALHA ELETRICA - CURTO NA REDE | EQUIPAMENTO: ROTULADORA MODULAR KRONES LI05 | CHAVE_1: Sistema Elétrico | SUBCHAVE:  | TIPO_PARADA: P.EQ.LINHA | LINHA: LINHA005
645,FALHA ELETRICA - CURTO NA REDE,FALHA ELETRICA CURTO NA REDE,CURTO-CIRCUITO,CURTO CIRCUITO,EXACT_SAFE,5,1,288.0,1.0,2026-01-30,1,LINHA005,P.EQ.LINHA,55568,"CC PET RET 2L (9) 7,49 L05",ROTULADORA MODULAR KRONES LI05,,Sistema Elétrico,15.0,OBSERVACAO: FALHA ELETRICA - CURTO NA REDE | EQUIPAMENTO: ROTULADORA MODULAR KRONES LI05 | CHAVE_1: Sistema Elétrico | SUBCHAVE:  | TIPO_PARADA: P.EQ.LINHA | LINHA: LINHA005
646,FALHA ELETRICA - CURTO NA REDE,FALHA ELETRICA CURTO NA REDE,CURTO-CIRCUITO,CURTO CIRCUITO,EXACT_SAFE,5,1,288.0,1.0,2026-01-30,1,LINHA005,P.EQ.LINHA,55568,"CC PET RET 2L (9) 7,49 L05",ROTULADORA MODULAR KRONES LI05,,Sistema Elétrico,15.0,OBSERVACAO: FALHA ELETRICA - CURTO NA REDE | EQUIPAMENTO: ROTULADORA MODULAR KRONES LI05 | CHAVE_1: Sistema Elétrico | SUBCHAVE:  | TIPO_PARADA: P.EQ.LINHA | LINHA: LINHA005
647,FALHA ELETRICA - CURTO NA REDE,FALHA ELETRICA CURTO NA REDE,CURTO-CIRCUITO,CURTO CIRCUITO,EXACT_SAFE,5,1,288.0,1.0,2026-01-30,1,LINHA005,P.EQ.LINHA,55568,"CC PET RET 2L (9) 7,49 L05",ROTULADORA MODULAR KRONES LI05,,Sistema Elétrico,15.0,OBSERVACAO: FALHA ELETRICA - CURTO NA REDE | EQUIPAMENTO: ROTULADORA MODULAR KRONES LI05 | CHAVE_1: Sistema Elétrico | SUBCHAVE:  | TIPO_PARADA: P.EQ.LINHA | LINHA: LINHA005
648,FALHA EM FONTE DE ALTA TENSÃO,FALHA EM FONTE DE ALTA TENSAO,FALHA DE FONTE DE ALIMENTAÇÃO,FALHA DE FONTE DE ALIMENTACAO,EXACT_SAFE,7,1,294.0,1.0,2026-01-30,2,LINHA005,P.EQ.LINHA,55568,"CC PET RET 2L (9) 7,49 L05",ROTULADORA MODULAR KRONES LI05,,Sistema Elétrico,60.0,OBSERVACAO: FALHA EM FONTE DE ALTA TENSÃO | EQUIPAMENTO: ROTULADORA MODULAR KRONES LI05 | CHAVE_1: Sistema Elétrico | SUBCHAVE:  | TIPO_PARADA: P.EQ.LINHA | LINHA: LINHA005
649,FALHA EM FONTE DE ALTA TENSÃO,FALHA EM FONTE DE ALTA TENSAO,FALHA DE FONTE DE ALIMENTAÇÃO,FALHA DE FONTE DE ALIMENTACAO,EXACT_SAFE,7,1,294.0,1.0,2026-01-30,2,LINHA005,P.EQ.LINHA,55568,"CC PET RET 2L (9) 7,49 L05",ROTULADORA MODULAR KRONES LI05,,Sistema Elétrico,60.0,OBSERVACAO: FALHA EM FONTE DE ALTA TENSÃO | EQUIPAMENTO: ROTULADORA MODULAR KRONES LI05 | CHAVE_1: Sistema Elétrico | SUBCHAVE:  | TIPO_PARADA: P.EQ.LINHA | LINHA: LINHA005
650,FALHA EM FONTE DE ALTA TENSÃO,FALHA EM FONTE DE ALTA TENSAO,FALHA DE FONTE DE ALIMENTAÇÃO,FALHA DE FONTE DE ALIMENTACAO,EXACT_SAFE,7,1,294.0,1.0,2026-01-30,2,LINHA005,P.EQ.LINHA,55568,"CC PET RET 2L (9) 7,49 L05",ROTULADORA MODULAR KRONES LI05,,Sistema Elétrico,60.0,OBSERVACAO: FALHA EM FONTE DE ALTA TENSÃO | EQUIPAMENTO: ROTULADORA MODULAR KRONES LI05 | CHAVE_1: Sistema Elétrico | SUBCHAVE:  | TIPO_PARADA: P.EQ.LINHA | LINHA: LINHA005
651,FALHA EM FONTE DE ALTA TENSÃO,FALHA EM FONTE DE ALTA TENSAO,FALHA DE FONTE DE ALIMENTAÇÃO,FALHA DE FONTE DE ALIMENTACAO,EXACT_SAFE,7,1,294.0,1.0,2026-01-30,2,LINHA005,P.EQ.LINHA,55568,"CC PET RET 2L (9) 7,49 L05",ROTULADORA MODULAR KRONES LI05,,Sistema Elétrico,60.0,OBSERVACAO: FALHA EM FONTE DE ALTA TENSÃO | EQUIPAMENTO: ROTULADORA MODULAR KRONES LI05 | CHAVE_1: Sistema Elétrico | SUBCHAVE:  | TIPO_PARADA: P.EQ.LINHA | LINHA: LINHA005
652,FALHA EM FONTE DE ALTA TENSÃO,FALHA EM FONTE DE ALTA TENSAO,FALHA DE FONTE DE ALIMENTAÇÃO,FALHA DE FONTE DE ALIMENTACAO,EXACT_SAFE,7,1,294.0,1.0,2026-01-30,2,LINHA005,P.EQ.LINHA,55568,"CC PET RET 2L (9) 7,49 L05",ROTULADORA MODULAR KRONES LI05,,Sistema Elétrico,60.0,OBSERVACAO: FALHA EM FONTE DE ALTA TENSÃO | EQUIPAMENTO: ROTULADORA MODULAR KRONES LI05 | CHAVE_1: Sistema Elétrico | SUBCHAVE:  | TIPO_PARADA: P.EQ.LINHA | LINHA: LINHA005
653,FALHA EM FONTE DE ALTA TENSÃO,FALHA EM FONTE DE ALTA TENSAO,FALHA DE FONTE DE ALIMENTAÇÃO,FALHA DE FONTE DE ALIMENTACAO,EXACT_SAFE,7,1,294.0,1.0,2026-01-30,2,LINHA005,P.EQ.LINHA,55568,"CC PET RET 2L (9) 7,49 L05",ROTULADORA MODULAR KRONES LI05,,Sistema Elétrico,60.0,OBSERVACAO: FALHA EM FONTE DE ALTA TENSÃO | EQUIPAMENTO: ROTULADORA MODULAR KRONES LI05 | CHAVE_1: Sistema Elétrico | SUBCHAVE:  | TIPO_PARADA: P.EQ.LINHA | LINHA: LINHA005
654,FALHA EM FONTE DE ALTA TENSÃO,FALHA EM FONTE DE ALTA TENSAO,FALHA DE FONTE DE ALIMENTAÇÃO,FALHA DE FONTE DE ALIMENTACAO,EXACT_SAFE,7,1,294.0,1.0,2026-01-30,2,LINHA005,P.EQ.LINHA,55568,"CC PET RET 2L (9) 7,49 L05",ROTULADORA MODULAR KRONES LI05,,Sistema Elétrico,60.0,OBSERVACAO: FALHA EM FONTE DE ALTA TENSÃO | EQUIPAMENTO: ROTULADORA MODULAR KRONES LI05 | CHAVE_1: Sistema Elétrico | SUBCHAVE:  | TIPO_PARADA: P.EQ.LINHA | LINHA: LINHA005
655,REALIZADA A TROCA DA PEÇA “BINÓCULO” DA ENCHEDORA DEVIDO À QUEBRA - ORDEM 30008310668,REALIZADA A TROCA DA PECA BINOCULO DA ENCHEDORA DEVIDO A QUEBRA ORDEM 30008310668,QUEBRA DE COMPONENTE,QUEBRA DE COMPONENTE,EXACT_SAFE,2,1,301.0,1.0,2026-01-30,2,LINHA005,P.EQ.LINHA,55568,"CC PET RET 2L (9) 7,49 L05",ENCHEDORA EUROSTAR SID LI05,Qualidade de peças,Estrutura,5.0,OBSERVACAO: REALIZADA A TROCA DA PEÇA “BINÓCULO” DA ENCHEDORA DEVIDO À QUEBRA - ORDEM 30008310668 | EQUIPAMENTO: ENCHEDORA EUROSTAR SID LI05 | CHAVE_1: Estrutura | SUBCHAVE: Qualidade de peças | TIPO_PARADA: P.EQ.LINHA | LINHA: LINHA005
656,REALIZADA A TROCA DA PEÇA “BINÓCULO” DA ENCHEDORA DEVIDO À QUEBRA - ORDEM 30008310668,REALIZADA A TROCA DA PECA BINOCULO DA ENCHEDORA DEVIDO A QUEBRA ORDEM 30008310668,QUEBRA DE COMPONENTE,QUEBRA DE COMPONENTE,EXACT_SAFE,2,1,301.0,1.0,2026-01-30,2,LINHA005,P.EQ.LINHA,55568,"CC PET RET 2L (9) 7,49 L05",ENCHEDORA EUROSTAR SID LI05,Qualidade de peças,Estrutura,5.0,OBSERVACAO: REALIZADA A TROCA DA PEÇA “BINÓCULO” DA ENCHEDORA DEVIDO À QUEBRA - ORDEM 30008310668 | EQUIPAMENTO: ENCHEDORA EUROSTAR SID LI05 | CHAVE_1: Estrutura | SUBCHAVE: Qualidade de peças | TIPO_PARADA: P.EQ.LINHA | LINHA: LINHA005
657,IDENTIFICADA AUTOLIBERAÇÃO DE PRESSÃO NO EQUIPAMENTO - ORDEM 30008310669,IDENTIFICADA AUTOLIBERACAO DE PRESSAO NO EQUIPAMENTO ORDEM 30008310669,FALHA DE PRESSURIZAÇÃO,FALHA DE PRESSURIZACAO,EXACT_SAFE,1,1,303.0,1.0,2026-01-30,2,LINHA005,P.EQ.LINHA,55568,"CC PET RET 2L (9) 7,49 L05",ENCHEDORA EUROSTAR SID LI05,Qualidade de peças,Estrutura,34.59,OBSERVACAO: IDENTIFICADA AUTOLIBERAÇÃO DE PRESSÃO NO EQUIPAMENTO - ORDEM 30008310669 | EQUIPAMENTO: ENCHEDORA EUROSTAR SID LI05 | CHAVE_1: Estrutura | SUBCHAVE: Qualidade de peças | TIPO_PARADA: P.EQ.LINHA | LINHA: LINHA005
661,ESTEIRA COM DEGRAU,ESTEIRA COM DEGRAU,DESNIVELAMENTO DE ESTEIRA,DESNIVELAMENTO DE ESTEIRA,EXACT_SAFE,1,1,287.0,1.0,2026-01-30,2,LINHA002,P.EQ.LINHA,56271,SPRITE PET 2L FL (6) N.V 38G F840 L02,TRANSP PCTS EMPAC PAL TRECHO 1,Engrenagem/Polia tração danifi,Sistema Motriz,16.0,OBSERVACAO: ESTEIRA COM DEGRAU | EQUIPAMENTO: TRANSP PCTS EMPAC PAL TRECHO 1 | CHAVE_1: Sistema Motriz | SUBCHAVE: Engrenagem/Polia tração danifi | TIPO_PARADA: P.EQ.LINHA | LINHA: LINHA002
667,IDENTIFICADA AUTOLIBERAÇÃO DE PRESSÃO NO EQUIPAMENTO - ORDEM 30008310669,IDENTIFICADA AUTOLIBERACAO DE PRESSAO NO EQUIPAMENTO ORDEM 30008310669,FALHA DE PRESSURIZAÇÃO,FALHA DE PRESSURIZACAO,EXACT_SAFE,1,1,303.0,1.0,2026-01-30,2,LINHA005,P.EQ.LINHA,55568,"CC PET RET 2L (9) 7,49 L05",ENCHEDORA EUROSTAR SID LI05,Qualidade de peças,Estrutura,34.59,OBSERVACAO: IDENTIFICADA AUTOLIBERAÇÃO DE PRESSÃO NO EQUIPAMENTO - ORDEM 30008310669 | EQUIPAMENTO: ENCHEDORA EUROSTAR SID LI05 | CHAVE_1: Estrutura | SUBCHAVE: Qualidade de peças | TIPO_PARADA: P.EQ.LINHA | LINHA: LINHA005
668,IDENTIFICADA AUTOLIBERAÇÃO DE PRESSÃO NO EQUIPAMENTO - ORDEM 30008310669,IDENTIFICADA AUTOLIBERACAO DE PRESSAO NO EQUIPAMENTO ORDEM 30008310669,FALHA DE PRESSURIZAÇÃO,FALHA DE PRESSURIZACAO,EXACT_SAFE,1,1,303.0,1.0,2026-01-30,2,LINHA005,P.EQ.LINHA,55568,"CC PET RET 2L (9) 7,49 L05",ENCHEDORA EUROSTAR SID LI05,Qualidade de peças,Estrutura,34.59,OBSERVACAO: IDENTIFICADA AUTOLIBERAÇÃO DE PRESSÃO NO EQUIPAMENTO - ORDEM 30008310669 | EQUIPAMENTO: ENCHEDORA EUROSTAR SID LI05 | CHAVE_1: Estrutura | SUBCHAVE: Qualidade de peças | TIPO_PARADA: P.EQ.LINHA | LINHA: LINHA005
669,IDENTIFICADA AUTOLIBERAÇÃO DE PRESSÃO NO EQUIPAMENTO - ORDEM 30008310669,IDENTIFICADA AUTOLIBERACAO DE PRESSAO NO EQUIPAMENTO ORDEM 30008310669,FALHA DE PRESSURIZAÇÃO,FALHA DE PRESSURIZACAO,EXACT_SAFE,1,1,303.0,1.0,2026-01-30,2,LINHA005,P.EQ.LINHA,55568,"CC PET RET 2L (9) 7,49 L05",ENCHEDORA EUROSTAR SID LI05,Qualidade de peças,Estrutura,34.59,OBSERVACAO: IDENTIFICADA AUTOLIBERAÇÃO DE PRESSÃO NO EQUIPAMENTO - ORDEM 30008310669 | EQUIPAMENTO: ENCHEDORA EUROSTAR SID LI05 | CHAVE_1: Estrutura | SUBCHAVE: Qualidade de peças | TIPO_PARADA: P.EQ.LINHA | LINHA: LINHA005
670,IDENTIFICADA AUTOLIBERAÇÃO DE PRESSÃO NO EQUIPAMENTO - ORDEM 30008310669,IDENTIFICADA AUTOLIBERACAO DE PRESSAO NO EQUIPAMENTO ORDEM 30008310669,FALHA DE PRESSURIZAÇÃO,FALHA DE PRESSURIZACAO,EXACT_SAFE,1,1,303.0,1.0,2026-01-30,2,LINHA005,P.EQ.LINHA,55568,"CC PET RET 2L (9) 7,49 L05",ENCHEDORA EUROSTAR SID LI05,Qualidade de peças,Estrutura,34.59,OBSERVACAO: IDENTIFICADA AUTOLIBERAÇÃO DE PRESSÃO NO EQUIPAMENTO - ORDEM 30008310669 | EQUIPAMENTO: ENCHEDORA EUROSTAR SID LI05 | CHAVE_1: Estrutura | SUBCHAVE: Qualidade de peças | TIPO_PARADA: P.EQ.LINHA | LINHA: LINHA005
672,FALHA ELETRICA - CURTO NA REDE,FALHA ELETRICA CURTO NA REDE,CURTO-CIRCUITO,CURTO CIRCUITO,EXACT_SAFE,5,1,288.0,1.0,2026-01-30,1,LINHA005,P.EQ.LINHA,55568,"CC PET RET 2L (9) 7,49 L05",ROTULADORA MODULAR KRONES LI05,,Sistema Elétrico,15.0,OBSERVACAO: FALHA ELETRICA - CURTO NA REDE | EQUIPAMENTO: ROTULADORA MODULAR KRONES LI05 | CHAVE_1: Sistema Elétrico | SUBCHAVE:  | TIPO_PARADA: P.EQ.LINHA | LINHA: LINHA005
673,FALHA EM FONTE DE ALTA TENSÃO,FALHA EM FONTE DE ALTA TENSAO,FALHA DE FONTE DE ALIMENTAÇÃO,FALHA DE FONTE DE ALIMENTACAO,EXACT_SAFE,7,1,294.0,1.0,2026-01-30,2,LINHA005,P.EQ.LINHA,55568,"CC PET RET 2L (9) 7,49 L05",ROTULADORA MODULAR KRONES LI05,,Sistema Elétrico,60.0,OBSERVACAO: FALHA EM FONTE DE ALTA TENSÃO | EQUIPAMENTO: ROTULADORA MODULAR KRONES LI05 | CHAVE_1: Sistema Elétrico | SUBCHAVE:  | TIPO_PARADA: P.EQ.LINHA | LINHA: LINHA005
679,"CONECTOR DE ALIMENTAÇÃO EM FALHA, MAL CONTATO 30008310508 / MASTERIZAÇÃO DO EQUIPAMENTO E LIBERADO",CONECTOR DE ALIMENTACAO EM FALHA MAL CONTATO 30008310508 MASTERIZACAO DO EQUIPAMENTO E LIBERADO,PERDA DE REFERÊNCIA,PERDA DE REFERENCIA,EXACT_SAFE,1,1,304.0,1.0,2026-01-31,1,LINHA001,P.EQ.LINHA,55609,CC LS 1L (12) S/PRECO ROL372 L01,PALETIZADORA,,,12.0,"OBSERVACAO: CONECTOR DE ALIMENTAÇÃO EM FALHA, MAL CONTATO 30008310508 / MASTERIZAÇÃO DO EQUIPAMENTO E LIBERADO | EQUIPAMENTO: PALETIZADORA | CHAVE_1:  | SUBCHAVE:  | TIPO_PARADA: P.EQ.LINHA | LINHA: LINHA001"
680,SENSOR FAZENDO A LEITURA ERRADA E SOLTANDO AS CAIXAS .ORDEM.30008310508,SENSOR FAZENDO A LEITURA ERRADA E SOLTANDO AS CAIXAS ORDEM 30008310508,FALHA DE SENSOR,FALHA DE SENSOR,EXACT_SAFE,1,1,305.0,1.0,2026-01-31,2,LINHA001,P.EQ.LINHA,55609,CC LS 1L (12) S/PRECO ROL372 L01,PALETIZADORA,,,7.33,OBSERVACAO: SENSOR FAZENDO A LEITURA ERRADA E SOLTANDO AS CAIXAS .ORDEM.30008310508 | EQUIPAMENTO: PALETIZADORA | CHAVE_1:  | SUBCHAVE:  | TIPO_PARADA: P.EQ.LINHA | LINHA: LINHA001
681,"DATADORA PARANDO ,ELÉTRICA ATUANDO.ORDEM.30008310582",DATADORA PARANDO ELETRICA ATUANDO ORDEM 30008310582,FALHA DE CODIFICAÇÃO,FALHA DE CODIFICACAO,EXACT_SAFE,1,1,306.0,1.0,2026-01-31,2,LINHA001,P.EQ.LINHA,55609,CC LS 1L (12) S/PRECO ROL372 L01,DATADORA MARKEM IMAJE 9450S,,,4.0,"OBSERVACAO: DATADORA PARANDO ,ELÉTRICA ATUANDO.ORDEM.30008310582 | EQUIPAMENTO: DATADORA MARKEM IMAJE 9450S | CHAVE_1:  | SUBCHAVE:  | TIPO_PARADA: P.EQ.LINHA | LINHA: LINHA001"
682,CABO CONECTOR QUEBRADO.OBS.O SENSOR NÃO LÊ .ORDEM.30008310596,CABO CONECTOR QUEBRADO OBS O SENSOR NAO LE ORDEM 30008310596,FALHA DE SENSOR,FALHA DE SENSOR,EXACT_SAFE,1,1,307.0,1.0,2026-01-31,2,LINHA001,P.EQ.LINHA,55609,CC LS 1L (12) S/PRECO ROL372 L01,PALETIZADORA,,,17.33,OBSERVACAO: CABO CONECTOR QUEBRADO.OBS.O SENSOR NÃO LÊ .ORDEM.30008310596 | EQUIPAMENTO: PALETIZADORA | CHAVE_1:  | SUBCHAVE:  | TIPO_PARADA: P.EQ.LINHA | LINHA: LINHA001
683,ECESSO DE REJEITO DA FILTEC - NOTA 30008310630,ECESSO DE REJEITO DA FILTEC NOTA 30008310630,FALHA DE REJEIÇÃO,FALHA DE REJEICAO,EXACT_SAFE,2,1,308.0,1.0,2026-01-31,2,LINHA002,P.EQ.LINHA,55732,SPRITE SA PET 2L FL (6) N.V 38G T2G L02,ENCHEDORA KHS LI02,,Sistema elétrico,34.0,OBSERVACAO: ECESSO DE REJEITO DA FILTEC - NOTA 30008310630 | EQUIPAMENTO: ENCHEDORA KHS LI02 | CHAVE_1: Sistema elétrico | SUBCHAVE:  | TIPO_PARADA: P.EQ.LINHA | LINHA: LINHA002
684,ECESSO DE REJEITO DA FILTEC - NOTA 30008310630,ECESSO DE REJEITO DA FILTEC NOTA 30008310630,FALHA DE REJEIÇÃO,FALHA DE REJEICAO,EXACT_SAFE,2,1,308.0,1.0,2026-01-31,2,LINHA002,P.EQ.LINHA,55732,SPRITE SA PET 2L FL (6) N.V 38G T2G L02,ENCHEDORA KHS LI02,,Sistema elétrico,34.0,OBSERVACAO: ECESSO DE REJEITO DA FILTEC - NOTA 30008310630 | EQUIPAMENTO: ENCHEDORA KHS LI02 | CHAVE_1: Sistema elétrico | SUBCHAVE:  | TIPO_PARADA: P.EQ.LINHA | LINHA: LINHA002
685,EXCESSO DE FALSO REJEITO,EXCESSO DE FALSO REJEITO,FALHA DE REJEIÇÃO,FALHA DE REJEICAO,EXACT_SAFE,1,1,310.0,1.0,2026-01-31,1,LINHA006,P.EQ.LINHA,56443,CCZR PET 200ML FI (12) N.V 14G T2G L06,INSPETOR CHECKMAT KRONES L06,,Sistema de rejeição,7.57,OBSERVACAO: EXCESSO DE FALSO REJEITO | EQUIPAMENTO: INSPETOR CHECKMAT KRONES L06 | CHAVE_1: Sistema de rejeição | SUBCHAVE:  | TIPO_PARADA: P.EQ.LINHA | LINHA: LINHA006
708,FALHA DE INVERSOR N°305,FALHA DE INVERSOR N 305,FALHA DE INVERSOR,FALHA DE INVERSOR,EXACT_SAFE,1,1,311.0,1.0,2026-02-01,3,LINHA004,P.EQ.LINHA,55404,CC LT 350ML FL (12) FIFA L04,TRANSP PCTS EMPAC PAL,,Sistema de instrumentos e cont,2.98,OBSERVACAO: FALHA DE INVERSOR N°305 | EQUIPAMENTO: TRANSP PCTS EMPAC PAL | CHAVE_1: Sistema de instrumentos e cont | SUBCHAVE:  | TIPO_PARADA: P.EQ.LINHA | LINHA: LINHA004
709,ESTOURO DA SOLDA DO FILME NA TROCA DE BOBINA MANDRIL N°2 PARA MANDRIL N°1,ESTOURO DA SOLDA DO FILME NA TROCA DE BOBINA MANDRIL N 2 PARA MANDRIL N 1,FALHA DE SOLDA DE FILME,FALHA DE SOLDA DE FILME,EXACT_SAFE,2,1,312.0,1.0,2026-02-01,3,LINHA004,P.EQ.LINHA,55404,CC LT 350ML FL (12) FIFA L04,EMPACOTADORA SP 100V KIS LI04,,Sistema de Instrumentos e cont,6.14,OBSERVACAO: ESTOURO DA SOLDA DO FILME NA TROCA DE BOBINA MANDRIL N°2 PARA MANDRIL N°1 | EQUIPAMENTO: EMPACOTADORA SP 100V KIS LI04 | CHAVE_1: Sistema de Instrumentos e cont | SUBCHAVE:  | TIPO_PARADA: P.EQ.LINHA | LINHA: LINHA004
710,ESTOURO DA SOLDA DO FILME NA TROCA DE BOBINA MANDRIL N°2 PARA MANDRIL N°1,ESTOURO DA SOLDA DO FILME NA TROCA DE BOBINA MANDRIL N 2 PARA MANDRIL N 1,FALHA DE SOLDA DE FILME,FALHA DE SOLDA DE FILME,EXACT_SAFE,2,1,312.0,1.0,2026-02-01,3,LINHA004,P.EQ.LINHA,55404,CC LT 350ML FL (12) FIFA L04,EMPACOTADORA SP 100V KIS LI04,,Sistema de Instrumentos e cont,6.14,OBSERVACAO: ESTOURO DA SOLDA DO FILME NA TROCA DE BOBINA MANDRIL N°2 PARA MANDRIL N°1 | EQUIPAMENTO: EMPACOTADORA SP 100V KIS LI04 | CHAVE_1: Sistema de Instrumentos e cont | SUBCHAVE:  | TIPO_PARADA: P.EQ.LINHA | LINHA: LINHA004
734,EXCESSO DE FALSO REJEITO,EXCESSO DE FALSO REJEITO,FALHA DE REJEIÇÃO,FALHA DE REJEICAO,EXACT_SAFE,1,1,310.0,1.0,2026-01-31,1,LINHA006,P.EQ.LINHA,56443,CCZR PET 200ML FI (12) N.V 14G T2G L06,INSPETOR CHECKMAT KRONES L06,,Sistema de rejeição,7.57,OBSERVACAO: EXCESSO DE FALSO REJEITO | EQUIPAMENTO: INSPETOR CHECKMAT KRONES L06 | CHAVE_1: Sistema de rejeição | SUBCHAVE:  | TIPO_PARADA: P.EQ.LINHA | LINHA: LINHA006
735,"QUEDA DE GARRAFAS DENTRO DA ENCA, FALTA DE GARRAFAS NAS CAIXAS RESET NO INSPETOR DE GARRAFAS",QUEDA DE GARRAFAS DENTRO DA ENCA FALTA DE GARRAFAS NAS CAIXAS RESET NO INSPETOR DE GARRAFAS,FALHA DE INSPEÇÃO,FALHA DE INSPECAO,EXACT_SAFE,2,1,314.0,1.0,2026-02-02,1,LINHA001,P.EQ.LINHA,55957,CC KS ULTRA 290ML (24) N.V ROL372 L01,TRPTE GRFS CHEIAS SID LI01,,Sistema Elétrico,7.5,"OBSERVACAO: QUEDA DE GARRAFAS DENTRO DA ENCA, FALTA DE GARRAFAS NAS CAIXAS RESET NO INSPETOR DE GARRAFAS | EQUIPAMENTO: TRPTE GRFS CHEIAS SID LI01 | CHAVE_1: Sistema Elétrico | SUBCHAVE:  | TIPO_PARADA: P.EQ.LINHA | LINHA: LINHA001"
736,"FIO SOLTO DENTRO DO IHM DA PALETIZADORA, PAINEL DESLIGADO E MAQUINA PARADA",FIO SOLTO DENTRO DO IHM DA PALETIZADORA PAINEL DESLIGADO E MAQUINA PARADA,FALHA DE IHM,FALHA DE IHM,EXACT_SAFE,1,1,315.0,1.0,2026-02-02,2,LINHA001,P.EQ.LINHA,55957,CC KS ULTRA 290ML (24) N.V ROL372 L01,PALETIZADORA,,,10.0,"OBSERVACAO: FIO SOLTO DENTRO DO IHM DA PALETIZADORA, PAINEL DESLIGADO E MAQUINA PARADA | EQUIPAMENTO: PALETIZADORA | CHAVE_1:  | SUBCHAVE:  | TIPO_PARADA: P.EQ.LINHA | LINHA: LINHA001"
737,"QUEDA DE GARRAFAS DENTRO DA ENCA, FALTA DE GARRAFAS NAS CAIXAS RESET NO INSPETOR DE GARRAFAS",QUEDA DE GARRAFAS DENTRO DA ENCA FALTA DE GARRAFAS NAS CAIXAS RESET NO INSPETOR DE GARRAFAS,FALHA DE INSPEÇÃO,FALHA DE INSPECAO,EXACT_SAFE,2,1,314.0,1.0,2026-02-02,1,LINHA001,P.EQ.LINHA,55957,CC KS ULTRA 290ML (24) N.V ROL372 L01,TRPTE GRFS CHEIAS SID LI01,,Sistema Elétrico,7.5,"OBSERVACAO: QUEDA DE GARRAFAS DENTRO DA ENCA, FALTA DE GARRAFAS NAS CAIXAS RESET NO INSPETOR DE GARRAFAS | EQUIPAMENTO: TRPTE GRFS CHEIAS SID LI01 | CHAVE_1: Sistema Elétrico | SUBCHAVE:  | TIPO_PARADA: P.EQ.LINHA | LINHA: LINHA001"
738,SENSOR DE PEGA DO CABEÇOTE ESTÁ COM MAU CONTATO AS VEZES PEGA AS VEZES NÃO.,SENSOR DE PEGA DO CABECOTE ESTA COM MAU CONTATO AS VEZES PEGA AS VEZES NAO,FALHA DE SENSOR,FALHA DE SENSOR,EXACT_SAFE,1,1,317.0,1.0,2026-02-02,2,LINHA001,P.EQ.LINHA,55957,CC KS ULTRA 290ML (24) N.V ROL372 L01,DESENCAIX VAN 1351441 H K LI01,,Sistema elétrico,10.0,OBSERVACAO: SENSOR DE PEGA DO CABEÇOTE ESTÁ COM MAU CONTATO AS VEZES PEGA AS VEZES NÃO. | EQUIPAMENTO: DESENCAIX VAN 1351441 H K LI01 | CHAVE_1: Sistema elétrico | SUBCHAVE:  | TIPO_PARADA: P.EQ.LINHA | LINHA: LINHA001
739,"FALHA ,FALTANDO GARRAFAS PARA A ENTRADA DA ENCHEDORA.",FALHA FALTANDO GARRAFAS PARA A ENTRADA DA ENCHEDORA,FALHA DE ALIMENTAÇÃO DE GARRAFAS,FALHA DE ALIMENTACAO DE GARRAFAS,EXACT_SAFE,1,1,318.0,1.0,2026-02-02,2,LINHA001,P.EQ.LINHA,55957,CC KS ULTRA 290ML (24) N.V ROL372 L01,TRANSP GRFS EBI ENCH,,Sistema Elétrico,10.36,"OBSERVACAO: FALHA ,FALTANDO GARRAFAS PARA A ENTRADA DA ENCHEDORA. | EQUIPAMENTO: TRANSP GRFS EBI ENCH | CHAVE_1: Sistema Elétrico | SUBCHAVE:  | TIPO_PARADA: P.EQ.LINHA | LINHA: LINHA001"
740,"PROBLEMA NO SENSORES ,FALTANDO GARRAFAS PARA A ENTRADA DA ENCHEDORA.",PROBLEMA NO SENSORES FALTANDO GARRAFAS PARA A ENTRADA DA ENCHEDORA,FALHA DE ALIMENTAÇÃO DE GARRAFAS,FALHA DE ALIMENTACAO DE GARRAFAS,EXACT_SAFE,1,1,319.0,1.0,2026-02-02,2,LINHA001,P.EQ.LINHA,55957,CC KS ULTRA 290ML (24) N.V ROL372 L01,TRANSP GRFS EBI ENCH,,Sistema Elétrico,5.0,"OBSERVACAO: PROBLEMA NO SENSORES ,FALTANDO GARRAFAS PARA A ENTRADA DA ENCHEDORA. | EQUIPAMENTO: TRANSP GRFS EBI ENCH | CHAVE_1: Sistema Elétrico | SUBCHAVE:  | TIPO_PARADA: P.EQ.LINHA | LINHA: LINHA001"
741,"PROBLEMA DE VAZAMENTO NA VALVULA 91, CAUSANDO NIVEL BAIXO",PROBLEMA DE VAZAMENTO NA VALVULA 91 CAUSANDO NIVEL BAIXO,VAZAMENTO EM VÁLVULA,VAZAMENTO EM VALVULA,EXACT_SAFE,1,1,320.0,1.0,2026-02-02,2,LINHA006,P.EQ.LINHA,56443,CCZR PET 200ML FI (12) N.V 14G T2G L06,ENCHEDORA KRONES L06,,Sistema de enchimento,19.68,"OBSERVACAO: PROBLEMA DE VAZAMENTO NA VALVULA 91, CAUSANDO NIVEL BAIXO | EQUIPAMENTO: ENCHEDORA KRONES L06 | CHAVE_1: Sistema de enchimento | SUBCHAVE:  | TIPO_PARADA: P.EQ.LINHA | LINHA: LINHA006"
742,FALHA NO SISTEMA DE REFRIGERACAO DE FUNDO DA GARRAFA,FALHA NO SISTEMA DE REFRIGERACAO DE FUNDO DA GARRAFA,FALHA NA REFRIGERAÇÃO DE FUNDO,FALHA NA REFRIGERACAO DE FUNDO,EXACT_SAFE,1,1,321.0,1.0,2026-02-02,2,LINHA006,P.EQ.LINHA,56443,CCZR PET 200ML FI (12) N.V 14G T2G L06,BOMBA RESFRIAMENTO DE FUNDO GA,,,13.0,OBSERVACAO: FALHA NO SISTEMA DE REFRIGERACAO DE FUNDO DA GARRAFA | EQUIPAMENTO: BOMBA RESFRIAMENTO DE FUNDO GA | CHAVE_1:  | SUBCHAVE:  | TIPO_PARADA: P.EQ.LINHA | LINHA: LINHA006
743,QUEDA DE GARRAFAS IMPEDINDO O FLUXO DE AGUA REALIZADO A LIMPEZA,QUEDA DE GARRAFAS IMPEDINDO O FLUXO DE AGUA REALIZADO A LIMPEZA,QUEDA DE GARRAFAS,QUEDA DE GARRAFAS,EXACT_SAFE,1,1,322.0,1.0,2026-02-02,2,LINHA006,P.EQ.LINHA,56443,CCZR PET 200ML FI (12) N.V 14G T2G L06,BOMBA RESFRIAMENTO DE FUNDO GA,,,5.16,OBSERVACAO: QUEDA DE GARRAFAS IMPEDINDO O FLUXO DE AGUA REALIZADO A LIMPEZA | EQUIPAMENTO: BOMBA RESFRIAMENTO DE FUNDO GA | CHAVE_1:  | SUBCHAVE:  | TIPO_PARADA: P.EQ.LINHA | LINHA: LINHA006
770,FALHA NA MODULAÇÃO DE VELOCIDADE DO TRANSPORTE / 30008318120,FALHA NA MODULACAO DE VELOCIDADE DO TRANSPORTE 30008318120,FALHA DE VELOCIDADE DO TRANSPORTE,FALHA DE VELOCIDADE DO TRANSPORTE,EXACT_SAFE,1,1,323.0,1.0,2026-02-03,1,LINHA001,P.EQ.LINHA,56016,CCZR KS ULTRA 290ML (24) N.V ROL452 L01,TRANSP GRFS EBI ENCH,,Sistema Elétrico,10.0,OBSERVACAO: FALHA NA MODULAÇÃO DE VELOCIDADE DO TRANSPORTE / 30008318120 | EQUIPAMENTO: TRANSP GRFS EBI ENCH | CHAVE_1: Sistema Elétrico | SUBCHAVE:  | TIPO_PARADA: P.EQ.LINHA | LINHA: LINHA001
771,SENSOR CONTAGEM ENTRADA DE CAIXAS FALHANDO / 30008318121,SENSOR CONTAGEM ENTRADA DE CAIXAS FALHANDO 30008318121,FALHA DE SENSOR,FALHA DE SENSOR,EXACT_SAFE,1,1,324.0,1.0,2026-02-03,1,LINHA001,P.EQ.LINHA,56016,CCZR KS ULTRA 290ML (24) N.V ROL452 L01,DESENCAIX VAN 1351441 H K LI01,,Sistema elétrico,10.0,OBSERVACAO: SENSOR CONTAGEM ENTRADA DE CAIXAS FALHANDO / 30008318121 | EQUIPAMENTO: DESENCAIX VAN 1351441 H K LI01 | CHAVE_1: Sistema elétrico | SUBCHAVE:  | TIPO_PARADA: P.EQ.LINHA | LINHA: LINHA001
772,SENSOR DANIFICADO 30008318191,SENSOR DANIFICADO 30008318191,FALHA DE SENSOR,FALHA DE SENSOR,EXACT_SAFE,3,1,325.0,1.0,2026-02-03,1,LINHA001,P.EQ.LINHA,56016,CCZR KS ULTRA 290ML (24) N.V ROL452 L01,PALETIZADORA,,,10.0,OBSERVACAO: SENSOR DANIFICADO 30008318191 | EQUIPAMENTO: PALETIZADORA | CHAVE_1:  | SUBCHAVE:  | TIPO_PARADA: P.EQ.LINHA | LINHA: LINHA001
773,SENSOR DANIFICADO 30008318191,SENSOR DANIFICADO 30008318191,FALHA DE SENSOR,FALHA DE SENSOR,EXACT_SAFE,3,1,325.0,1.0,2026-02-03,1,LINHA001,P.EQ.LINHA,56016,CCZR KS ULTRA 290ML (24) N.V ROL452 L01,PALETIZADORA,,,10.0,OBSERVACAO: SENSOR DANIFICADO 30008318191 | EQUIPAMENTO: PALETIZADORA | CHAVE_1:  | SUBCHAVE:  | TIPO_PARADA: P.EQ.LINHA | LINHA: LINHA001
774,SENSOR DANIFICADO 30008318191,SENSOR DANIFICADO 30008318191,FALHA DE SENSOR,FALHA DE SENSOR,EXACT_SAFE,3,1,325.0,1.0,2026-02-03,1,LINHA001,P.EQ.LINHA,56016,CCZR KS ULTRA 290ML (24) N.V ROL452 L01,PALETIZADORA,,,10.0,OBSERVACAO: SENSOR DANIFICADO 30008318191 | EQUIPAMENTO: PALETIZADORA | CHAVE_1:  | SUBCHAVE:  | TIPO_PARADA: P.EQ.LINHA | LINHA: LINHA001
775,FALTA DE TAMPA NA TOLVA / VIBRADOR EM FALHA,FALTA DE TAMPA NA TOLVA VIBRADOR EM FALHA,FALHA DE ALIMENTAÇÃO DE TAMPAS,FALHA DE ALIMENTACAO DE TAMPAS,EXACT_SAFE,2,1,328.0,1.0,2026-02-03,2,LINHA002,P.EQ.LINHA,55459,FT LAR PET 2L FL (6) 38G F840 FENIX L02,CAPSULADOR KHS LI02,,Sistema Elétrico,9.0,OBSERVACAO: FALTA DE TAMPA NA TOLVA / VIBRADOR EM FALHA | EQUIPAMENTO: CAPSULADOR KHS LI02 | CHAVE_1: Sistema Elétrico | SUBCHAVE:  | TIPO_PARADA: P.EQ.LINHA | LINHA: LINHA002
776,FALTA DE TAMPA NA TOLVA/ VIBRADOR EM FALHA,FALTA DE TAMPA NA TOLVA VIBRADOR EM FALHA,FALHA DE ALIMENTAÇÃO DE TAMPAS,FALHA DE ALIMENTACAO DE TAMPAS,EXACT_SAFE,2,1,328.0,1.0,2026-02-03,2,LINHA002,P.EQ.LINHA,55459,FT LAR PET 2L FL (6) 38G F840 FENIX L02,CAPSULADOR KHS LI02,,Sistema Elétrico,9.0,OBSERVACAO: FALTA DE TAMPA NA TOLVA/ VIBRADOR EM FALHA | EQUIPAMENTO: CAPSULADOR KHS LI02 | CHAVE_1: Sistema Elétrico | SUBCHAVE:  | TIPO_PARADA: P.EQ.LINHA | LINHA: LINHA002
801,"FALHA NA FORMAÇÃO DAS CAMADAS, AJUSTE EM SENSOR 30008324701",FALHA NA FORMACAO DAS CAMADAS AJUSTE EM SENSOR 30008324701,FALHA DE SENSOR,FALHA DE SENSOR,EXACT_SAFE,1,1,330.0,1.0,2026-02-04,1,LINHA001,P.EQ.LINHA,55609,CC LS 1L (12) S/PRECO ROL372 L01,PALETIZADORA,,,15.0,"OBSERVACAO: FALHA NA FORMAÇÃO DAS CAMADAS, AJUSTE EM SENSOR 30008324701 | EQUIPAMENTO: PALETIZADORA | CHAVE_1:  | SUBCHAVE:  | TIPO_PARADA: P.EQ.LINHA | LINHA: LINHA001"
802,INSPETOR DE GARRAFA COM EXCESSO DE FALSO REJEITO 30008324698,INSPETOR DE GARRAFA COM EXCESSO DE FALSO REJEITO 30008324698,FALHA DE REJEIÇÃO,FALHA DE REJEICAO,EXACT_SAFE,1,1,331.0,1.0,2026-02-04,1,LINHA001,P.EQ.LINHA,55609,CC LS 1L (12) S/PRECO ROL372 L01,INSPETOR DE GARRAFAS VAZIAS HE,,,15.0,OBSERVACAO: INSPETOR DE GARRAFA COM EXCESSO DE FALSO REJEITO 30008324698 | EQUIPAMENTO: INSPETOR DE GARRAFAS VAZIAS HE | CHAVE_1:  | SUBCHAVE:  | TIPO_PARADA: P.EQ.LINHA | LINHA: LINHA001
803,FALHA DE INSPEÇÃO DE CONTORNO 30008324695,FALHA DE INSPECAO DE CONTORNO 30008324695,FALHA DE INSPEÇÃO,FALHA DE INSPECAO,EXACT_SAFE,4,1,332.0,1.0,2026-02-04,1,LINHA001,P.EQ.LINHA,55609,CC LS 1L (12) S/PRECO ROL372 L01,INSPETOR DE GARRAFAS VAZIAS HE,,,14.66,OBSERVACAO: FALHA DE INSPEÇÃO DE CONTORNO 30008324695 | EQUIPAMENTO: INSPETOR DE GARRAFAS VAZIAS HE | CHAVE_1:  | SUBCHAVE:  | TIPO_PARADA: P.EQ.LINHA | LINHA: LINHA001
804,FALHA DE INSPEÇÃO DE CONTORNO 30008324695,FALHA DE INSPECAO DE CONTORNO 30008324695,FALHA DE INSPEÇÃO,FALHA DE INSPECAO,EXACT_SAFE,4,1,332.0,1.0,2026-02-04,1,LINHA001,P.EQ.LINHA,55609,CC LS 1L (12) S/PRECO ROL372 L01,INSPETOR DE GARRAFAS VAZIAS HE,,,14.66,OBSERVACAO: FALHA DE INSPEÇÃO DE CONTORNO 30008324695 | EQUIPAMENTO: INSPETOR DE GARRAFAS VAZIAS HE | CHAVE_1:  | SUBCHAVE:  | TIPO_PARADA: P.EQ.LINHA | LINHA: LINHA001
805,FALHA DE INSPEÇÃO DE CONTORNO 30008324695,FALHA DE INSPECAO DE CONTORNO 30008324695,FALHA DE INSPEÇÃO,FALHA DE INSPECAO,EXACT_SAFE,4,1,332.0,1.0,2026-02-04,1,LINHA001,P.EQ.LINHA,55609,CC LS 1L (12) S/PRECO ROL372 L01,INSPETOR DE GARRAFAS VAZIAS HE,,,14.66,OBSERVACAO: FALHA DE INSPEÇÃO DE CONTORNO 30008324695 | EQUIPAMENTO: INSPETOR DE GARRAFAS VAZIAS HE | CHAVE_1:  | SUBCHAVE:  | TIPO_PARADA: P.EQ.LINHA | LINHA: LINHA001
806,FALHA DE INSPEÇÃO DE CONTORNO 30008324695,FALHA DE INSPECAO DE CONTORNO 30008324695,FALHA DE INSPEÇÃO,FALHA DE INSPECAO,EXACT_SAFE,4,1,332.0,1.0,2026-02-04,1,LINHA001,P.EQ.LINHA,55609,CC LS 1L (12) S/PRECO ROL372 L01,INSPETOR DE GARRAFAS VAZIAS HE,,,14.66,OBSERVACAO: FALHA DE INSPEÇÃO DE CONTORNO 30008324695 | EQUIPAMENTO: INSPETOR DE GARRAFAS VAZIAS HE | CHAVE_1:  | SUBCHAVE:  | TIPO_PARADA: P.EQ.LINHA | LINHA: LINHA001
807,EXCESSO DE REJEITO POR FALHA DE INSPEÇÃO DE CONTORNO,EXCESSO DE REJEITO POR FALHA DE INSPECAO DE CONTORNO,FALHA DE REJEIÇÃO,FALHA DE REJEICAO,EXACT_SAFE,1,1,336.0,1.0,2026-02-04,2,LINHA001,P.EQ.LINHA,55609,CC LS 1L (12) S/PRECO ROL372 L01,INSPETOR DE GARRAFAS VAZIAS HE,,,23.0,OBSERVACAO: EXCESSO DE REJEITO POR FALHA DE INSPEÇÃO DE CONTORNO | EQUIPAMENTO: INSPETOR DE GARRAFAS VAZIAS HE | CHAVE_1:  | SUBCHAVE:  | TIPO_PARADA: P.EQ.LINHA | LINHA: LINHA001
808,FALHAS NO SENSORES DO CABEÇOTE ( ORDEM 30008324666 ),FALHAS NO SENSORES DO CABECOTE ORDEM 30008324666,FALHA DE SENSOR,FALHA DE SENSOR,EXACT_SAFE,1,1,337.0,1.0,2026-02-04,2,LINHA001,P.EQ.LINHA,55609,CC LS 1L (12) S/PRECO ROL372 L01,PALETIZADORA,,,15.0,OBSERVACAO: FALHAS NO SENSORES DO CABEÇOTE ( ORDEM 30008324666 ) | EQUIPAMENTO: PALETIZADORA | CHAVE_1:  | SUBCHAVE:  | TIPO_PARADA: P.EQ.LINHA | LINHA: LINHA001
829,QUEBRA DA ESTEIRA DO TRANS. DE PACOTE DEPOIS DA CURVA,QUEBRA DA ESTEIRA DO TRANS DE PACOTE DEPOIS DA CURVA,QUEBRA DE ESTEIRA,QUEBRA DE ESTEIRA,EXACT_SAFE,1,1,338.0,1.0,2026-02-04,2,LINHA003,P.EQ.LINHA,56568,SPRITE PET 200ML FI (12) 14G F439 L03,TRPTE PCTS KRO LI03,,Sistema de instrumentos e cont,7.08,OBSERVACAO: QUEBRA DA ESTEIRA DO TRANS. DE PACOTE DEPOIS DA CURVA | EQUIPAMENTO: TRPTE PCTS KRO LI03 | CHAVE_1: Sistema de instrumentos e cont | SUBCHAVE:  | TIPO_PARADA: P.EQ.LINHA | LINHA: LINHA003
830,FALHA NO SENSOR DE TAMPA,FALHA NO SENSOR DE TAMPA,FALHA DE SENSOR,FALHA DE SENSOR,EXACT_SAFE,2,1,339.0,1.0,2026-02-05,2,LINHA002,P.EQ.LINHA,56424,CCMA PET 2L FL (6) N.V 38G LOLA T2G L02,ENCHEDORA KHS LI02,,Sistema elétrico,4.0,OBSERVACAO: FALHA NO SENSOR DE TAMPA | EQUIPAMENTO: ENCHEDORA KHS LI02 | CHAVE_1: Sistema elétrico | SUBCHAVE:  | TIPO_PARADA: P.EQ.LINHA | LINHA: LINHA002
831,FALHA NO SENSOR DE TAMPA,FALHA NO SENSOR DE TAMPA,FALHA DE SENSOR,FALHA DE SENSOR,EXACT_SAFE,2,1,339.0,1.0,2026-02-05,2,LINHA002,P.EQ.LINHA,56424,CCMA PET 2L FL (6) N.V 38G LOLA T2G L02,ENCHEDORA KHS LI02,,Sistema elétrico,4.0,OBSERVACAO: FALHA NO SENSOR DE TAMPA | EQUIPAMENTO: ENCHEDORA KHS LI02 | CHAVE_1: Sistema elétrico | SUBCHAVE:  | TIPO_PARADA: P.EQ.LINHA | LINHA: LINHA002
846,FALHA NA SOLDA DO FILME NA TROCA DE BOBINA.,FALHA NA SOLDA DO FILME NA TROCA DE BOBINA,FALHA DE SOLDA DE FILME,FALHA DE SOLDA DE FILME,EXACT_SAFE,1,1,341.0,1.0,2026-02-05,2,LINHA003,P.EQ.LINHA,56568,SPRITE PET 200ML FI (12) 14G F439 L03,EMPACOTADORA VARIOPAC KRO LI03,,Sistema Elétrico,18.49,OBSERVACAO: FALHA NA SOLDA DO FILME NA TROCA DE BOBINA. | EQUIPAMENTO: EMPACOTADORA VARIOPAC KRO LI03 | CHAVE_1: Sistema Elétrico | SUBCHAVE:  | TIPO_PARADA: P.EQ.LINHA | LINHA: LINHA003
847,FALHA NO SERVO DE ELEVAÇÃO DA PALETIZADORA,FALHA NO SERVO DE ELEVACAO DA PALETIZADORA,FALHA DE SERVO MOTOR,FALHA DE SERVO MOTOR,EXACT_SAFE,2,1,342.0,1.0,2026-02-06,2,LINHA001,P.EQ.LINHA,55609,CC LS 1L (12) S/PRECO ROL372 L01,PALETIZADORA,,,32.0,OBSERVACAO: FALHA NO SERVO DE ELEVAÇÃO DA PALETIZADORA | EQUIPAMENTO: PALETIZADORA | CHAVE_1:  | SUBCHAVE:  | TIPO_PARADA: P.EQ.LINHA | LINHA: LINHA001
849,FALHA NO SENSOR DA MOLA DO PEGADOR DE CHAPATEX (ORDEM: 30008335242),FALHA NO SENSOR DA MOLA DO PEGADOR DE CHAPATEX ORDEM 30008335242,FALHA DE SENSOR,FALHA DE SENSOR,EXACT_SAFE,6,1,343.0,1.0,2026-02-07,1,LINHA006,P.EQ.LINHA,118621,ICE TEA PES PET 450ML FL (6) NV TP2G L06,PALETIZADORA OCME L06,,Sistema elétrico,5.14,OBSERVACAO: FALHA NO SENSOR DA MOLA DO PEGADOR DE CHAPATEX (ORDEM: 30008335242) | EQUIPAMENTO: PALETIZADORA OCME L06 | CHAVE_1: Sistema elétrico | SUBCHAVE:  | TIPO_PARADA: P.EQ.LINHA | LINHA: LINHA006
856,FALHA NO SENSOR DA MOLA DO PEGADOR DE CHAPATEX (ORDEM: 30008335242),FALHA NO SENSOR DA MOLA DO PEGADOR DE CHAPATEX ORDEM 30008335242,FALHA DE SENSOR,FALHA DE SENSOR,EXACT_SAFE,6,1,343.0,1.0,2026-02-07,1,LINHA006,P.EQ.LINHA,118621,ICE TEA PES PET 450ML FL (6) NV TP2G L06,PALETIZADORA OCME L06,,Sistema elétrico,5.14,OBSERVACAO: FALHA NO SENSOR DA MOLA DO PEGADOR DE CHAPATEX (ORDEM: 30008335242) | EQUIPAMENTO: PALETIZADORA OCME L06 | CHAVE_1: Sistema elétrico | SUBCHAVE:  | TIPO_PARADA: P.EQ.LINHA | LINHA: LINHA006
857,FALHA NO SENSOR DA MOLA DO PEGADOR DE CHAPATEX (ORDEM: 30008335242),FALHA NO SENSOR DA MOLA DO PEGADOR DE CHAPATEX ORDEM 30008335242,FALHA DE SENSOR,FALHA DE SENSOR,EXACT_SAFE,6,1,343.0,1.0,2026-02-07,1,LINHA006,P.EQ.LINHA,118621,ICE TEA PES PET 450ML FL (6) NV TP2G L06,PALETIZADORA OCME L06,,Sistema elétrico,5.14,OBSERVACAO: FALHA NO SENSOR DA MOLA DO PEGADOR DE CHAPATEX (ORDEM: 30008335242) | EQUIPAMENTO: PALETIZADORA OCME L06 | CHAVE_1: Sistema elétrico | SUBCHAVE:  | TIPO_PARADA: P.EQ.LINHA | LINHA: LINHA006
858,FALHA NO SENSOR DA MOLA DO PEGADOR DE CHAPATEX (ORDEM: 30008335242),FALHA NO SENSOR DA MOLA DO PEGADOR DE CHAPATEX ORDEM 30008335242,FALHA DE SENSOR,FALHA DE SENSOR,EXACT_SAFE,6,1,343.0,1.0,2026-02-07,1,LINHA006,P.EQ.LINHA,118621,ICE TEA PES PET 450ML FL (6) NV TP2G L06,PALETIZADORA OCME L06,,Sistema elétrico,5.14,OBSERVACAO: FALHA NO SENSOR DA MOLA DO PEGADOR DE CHAPATEX (ORDEM: 30008335242) | EQUIPAMENTO: PALETIZADORA OCME L06 | CHAVE_1: Sistema elétrico | SUBCHAVE:  | TIPO_PARADA: P.EQ.LINHA | LINHA: LINHA006
859,FALHA NO SENSOR DA MOLA DO PEGADOR DE CHAPATEX (ORDEM: 30008335242),FALHA NO SENSOR DA MOLA DO PEGADOR DE CHAPATEX ORDEM 30008335242,FALHA DE SENSOR,FALHA DE SENSOR,EXACT_SAFE,6,1,343.0,1.0,2026-02-07,1,LINHA006,P.EQ.LINHA,118621,ICE TEA PES PET 450ML FL (6) NV TP2G L06,PALETIZADORA OCME L06,,Sistema elétrico,5.14,OBSERVACAO: FALHA NO SENSOR DA MOLA DO PEGADOR DE CHAPATEX (ORDEM: 30008335242) | EQUIPAMENTO: PALETIZADORA OCME L06 | CHAVE_1: Sistema elétrico | SUBCHAVE:  | TIPO_PARADA: P.EQ.LINHA | LINHA: LINHA006
860,FALHA NO SENSOR DA MOLA DO PEGADOR DE CHAPATEX (ORDEM: 30008335242),FALHA NO SENSOR DA MOLA DO PEGADOR DE CHAPATEX ORDEM 30008335242,FALHA DE SENSOR,FALHA DE SENSOR,EXACT_SAFE,6,1,343.0,1.0,2026-02-07,1,LINHA006,P.EQ.LINHA,118621,ICE TEA PES PET 450ML FL (6) NV TP2G L06,PALETIZADORA OCME L06,,Sistema elétrico,5.14,OBSERVACAO: FALHA NO SENSOR DA MOLA DO PEGADOR DE CHAPATEX (ORDEM: 30008335242) | EQUIPAMENTO: PALETIZADORA OCME L06 | CHAVE_1: Sistema elétrico | SUBCHAVE:  | TIPO_PARADA: P.EQ.LINHA | LINHA: LINHA006
861,FALHA NO SENSOR DA MOLA DO PEGADOR DE CHAPATEX (ORDEM: 30008335242),FALHA NO SENSOR DA MOLA DO PEGADOR DE CHAPATEX ORDEM 30008335242,FALHA DE SENSOR,FALHA DE SENSOR,EXACT_SAFE,6,1,343.0,1.0,2026-02-07,1,LINHA006,P.EQ.LINHA,118621,ICE TEA PES PET 450ML FL (6) NV TP2G L06,PALETIZADORA OCME L06,,Sistema elétrico,5.14,OBSERVACAO: FALHA NO SENSOR DA MOLA DO PEGADOR DE CHAPATEX (ORDEM: 30008335242) | EQUIPAMENTO: PALETIZADORA OCME L06 | CHAVE_1: Sistema elétrico | SUBCHAVE:  | TIPO_PARADA: P.EQ.LINHA | LINHA: LINHA006
862,FALHA NO SENSOR DA MOLA DO PEGADOR DE CHAPATEX (ORDEM: 30008335242),FALHA NO SENSOR DA MOLA DO PEGADOR DE CHAPATEX ORDEM 30008335242,FALHA DE SENSOR,FALHA DE SENSOR,EXACT_SAFE,6,1,343.0,1.0,2026-02-07,1,LINHA006,P.EQ.LINHA,118621,ICE TEA PES PET 450ML FL (6) NV TP2G L06,PALETIZADORA OCME L06,,Sistema elétrico,5.14,OBSERVACAO: FALHA NO SENSOR DA MOLA DO PEGADOR DE CHAPATEX (ORDEM: 30008335242) | EQUIPAMENTO: PALETIZADORA OCME L06 | CHAVE_1: Sistema elétrico | SUBCHAVE:  | TIPO_PARADA: P.EQ.LINHA | LINHA: LINHA006
885,FALHA NO SENSOR DA MOLA DO PEGADOR DE CHAPATEX.,FALHA NO SENSOR DA MOLA DO PEGADOR DE CHAPATEX,FALHA DE SENSOR,FALHA DE SENSOR,EXACT_SAFE,1,1,349.0,1.0,2026-02-07,2,LINHA006,P.EQ.LINHA,118621,ICE TEA PES PET 450ML FL (6) NV TP2G L06,PALETIZADORA OCME L06,,Sistema elétrico,6.24,OBSERVACAO: FALHA NO SENSOR DA MOLA DO PEGADOR DE CHAPATEX. | EQUIPAMENTO: PALETIZADORA OCME L06 | CHAVE_1: Sistema elétrico | SUBCHAVE:  | TIPO_PARADA: P.EQ.LINHA | LINHA: LINHA006
886,QUEDA DE GARRAFAS NA VALVULA 54. ORDEM 30008337185.,QUEDA DE GARRAFAS NA VALVULA 54 ORDEM 30008337185,FALHA DE VÁLVULA,FALHA DE VALVULA,EXACT_SAFE,1,1,350.0,1.0,2026-02-07,2,LINHA006,P.EQ.LINHA,118621,ICE TEA PES PET 450ML FL (6) NV TP2G L06,ENCHEDORA KRONES L06,,Sistema de enchimento,8.99,OBSERVACAO: QUEDA DE GARRAFAS NA VALVULA 54. ORDEM 30008337185. | EQUIPAMENTO: ENCHEDORA KRONES L06 | CHAVE_1: Sistema de enchimento | SUBCHAVE:  | TIPO_PARADA: P.EQ.LINHA | LINHA: LINHA006
891,FALHA NA RETIRADA DO QUADRO,FALHA NA RETIRADA DO QUADRO,FALHA NO MANUSEIO DE CARTÃO,FALHA NO MANUSEIO DE CARTAO,EXACT_SAFE,2,1,961.0,1.0,2026-05-13,2,LINHA004,P.EQ.LINHA,55404,CC LT 350ML FL (12) LT172 FL401 L04,DESPALETIZADORA SID LI04,,Sistema de instrumentos e cont,5.0,OBSERVACAO: FALHA NA RETIRADA DO QUADRO | EQUIPAMENTO: DESPALETIZADORA SID LI04 | CHAVE_1: Sistema de instrumentos e cont | SUBCHAVE:  | TIPO_PARADA: P.EQ.LINHA | LINHA: LINHA004
932,SENSOR FALTA DE FALTA DANIFICADO,SENSOR FALTA DE FALTA DANIFICADO,FALHA DE SENSOR,FALHA DE SENSOR,EXACT_SAFE,1,1,351.0,1.0,2026-02-10,1,LINHA001,P.EQ.LINHA,55609,CC LS 1L (12) S/PRECO ROL372 L01,LACRADOR TAMPAS H K LI01,,Instalação elétrica,1.33,OBSERVACAO: SENSOR FALTA DE FALTA DANIFICADO | EQUIPAMENTO: LACRADOR TAMPAS H K LI01 | CHAVE_1: Instalação elétrica | SUBCHAVE:  | TIPO_PARADA: P.EQ.LINHA | LINHA: LINHA001
933,SENSOR FALTA DE TAMPA DANIFICADO,SENSOR FALTA DE TAMPA DANIFICADO,FALHA DE SENSOR,FALHA DE SENSOR,EXACT_SAFE,2,1,352.0,1.0,2026-02-10,1,LINHA001,P.EQ.LINHA,55609,CC LS 1L (12) S/PRECO ROL372 L01,LACRADOR TAMPAS H K LI01,,Instalação elétrica,6.67,OBSERVACAO: SENSOR FALTA DE TAMPA DANIFICADO | EQUIPAMENTO: LACRADOR TAMPAS H K LI01 | CHAVE_1: Instalação elétrica | SUBCHAVE:  | TIPO_PARADA: P.EQ.LINHA | LINHA: LINHA001
934,SENSOR FALTA DE TAMPA DANIFICADO,SENSOR FALTA DE TAMPA DANIFICADO,FALHA DE SENSOR,FALHA DE SENSOR,EXACT_SAFE,2,1,352.0,1.0,2026-02-10,1,LINHA001,P.EQ.LINHA,55609,CC LS 1L (12) S/PRECO ROL372 L01,LACRADOR TAMPAS H K LI01,,Instalação elétrica,6.67,OBSERVACAO: SENSOR FALTA DE TAMPA DANIFICADO | EQUIPAMENTO: LACRADOR TAMPAS H K LI01 | CHAVE_1: Instalação elétrica | SUBCHAVE:  | TIPO_PARADA: P.EQ.LINHA | LINHA: LINHA001
935,"SENSOR DE CAMADA NÃO ESTAVA LENDO NO ESPELHO,FEZ O PROCEDIMENTO MAIS VOLTOU O PROBLEMA NOVAMENTE .",SENSOR DE CAMADA NAO ESTAVA LENDO NO ESPELHO FEZ O PROCEDIMENTO MAIS VOLTOU O PROBLEMA NOVAMENTE,FALHA DE SENSOR,FALHA DE SENSOR,EXACT_SAFE,1,1,354.0,1.0,2026-02-10,2,LINHA001,P.EQ.LINHA,55609,CC LS 1L (12) S/PRECO ROL372 L01,PALETIZADORA,,,33.33,"OBSERVACAO: SENSOR DE CAMADA NÃO ESTAVA LENDO NO ESPELHO,FEZ O PROCEDIMENTO MAIS VOLTOU O PROBLEMA NOVAMENTE . | EQUIPAMENTO: PALETIZADORA | CHAVE_1:  | SUBCHAVE:  | TIPO_PARADA: P.EQ.LINHA | LINHA: LINHA001"
936,DESARMANDO SISTEMA ELETRICO DA MAQUINA,DESARMANDO SISTEMA ELETRICO DA MAQUINA,DESARME DE EQUIPAMENTO,DESARME DE EQUIPAMENTO,EXACT_SAFE,1,1,355.0,1.0,2026-02-10,2,LINHA006,P.EQ.LINHA,56298,CC PET 200ML FI (12) NV 14G LOLA T2G L06,PALETIZADORA OCME L06,,Sistema elétrico,2.4,OBSERVACAO: DESARMANDO SISTEMA ELETRICO DA MAQUINA | EQUIPAMENTO: PALETIZADORA OCME L06 | CHAVE_1: Sistema elétrico | SUBCHAVE:  | TIPO_PARADA: P.EQ.LINHA | LINHA: LINHA006
939,ENCHEDORA FORA DE SINCRONISMO,ENCHEDORA FORA DE SINCRONISMO,FALHA DE SINCRONISMO,FALHA DE SINCRONISMO,EXACT_SAFE,1,1,363.0,1.0,2026-02-11,1,LINHA003,P.EQ.LINHA,55994,CCZR PET 1L FL (6) N.V 29G F710 L03,ENCHEDORA EUROTRONICA FM LI03,,Sistema de instrumentos e cont,18.0,OBSERVACAO: ENCHEDORA FORA DE SINCRONISMO | EQUIPAMENTO: ENCHEDORA EUROTRONICA FM LI03 | CHAVE_1: Sistema de instrumentos e cont | SUBCHAVE:  | TIPO_PARADA: P.EQ.LINHA | LINHA: LINHA003
946,AJUSTE NA ESTRELA DE ENTRADA DA ENCHEDORA,AJUSTE NA ESTRELA DE ENTRADA DA ENCHEDORA,SEM MODO DE FALHA IDENTIFICADO,SEM MODO DE FALHA IDENTIFICADO,EXACT_SAFE,2,1,356.0,1.0,2026-02-10,2,LINHA003,P.EQ.LINHA,55994,CCZR PET 1L FL (6) N.V 29G F710 L03,ENCHEDORA EUROTRONICA FM LI03,,Sistema de instrumentos e cont,13.0,OBSERVACAO: AJUSTE NA ESTRELA DE ENTRADA DA ENCHEDORA | EQUIPAMENTO: ENCHEDORA EUROTRONICA FM LI03 | CHAVE_1: Sistema de instrumentos e cont | SUBCHAVE:  | TIPO_PARADA: P.EQ.LINHA | LINHA: LINHA003
947,AJUSTE NA ESTRELA DE ENTRADA DA ENCHEDORA,AJUSTE NA ESTRELA DE ENTRADA DA ENCHEDORA,SEM MODO DE FALHA IDENTIFICADO,SEM MODO DE FALHA IDENTIFICADO,EXACT_SAFE,2,1,356.0,1.0,2026-02-10,2,LINHA003,P.EQ.LINHA,55994,CCZR PET 1L FL (6) N.V 29G F710 L03,ENCHEDORA EUROTRONICA FM LI03,,Sistema de instrumentos e cont,13.0,OBSERVACAO: AJUSTE NA ESTRELA DE ENTRADA DA ENCHEDORA | EQUIPAMENTO: ENCHEDORA EUROTRONICA FM LI03 | CHAVE_1: Sistema de instrumentos e cont | SUBCHAVE:  | TIPO_PARADA: P.EQ.LINHA | LINHA: LINHA003
948,ESTEIRA DE TRANSPORTE DE PALLET DANIFICADO - ORDEM: 30008347169,ESTEIRA DE TRANSPORTE DE PALLET DANIFICADO ORDEM 30008347169,FALHA DE ESTEIRA,FALHA DE ESTEIRA,EXACT_SAFE,1,1,358.0,1.0,2026-02-10,2,LINHA003,P.EQ.LINHA,55994,CCZR PET 1L FL (6) N.V 29G F710 L03,TRANSP PCTS EMPAC RAMPA SUBIDA,Qualidade de peças,Estrutura,10.0,OBSERVACAO: ESTEIRA DE TRANSPORTE DE PALLET DANIFICADO - ORDEM: 30008347169 | EQUIPAMENTO: TRANSP PCTS EMPAC RAMPA SUBIDA | CHAVE_1: Estrutura | SUBCHAVE: Qualidade de peças | TIPO_PARADA: P.EQ.LINHA | LINHA: LINHA003
949,DESARME DA MESA CENTRAL,DESARME DA MESA CENTRAL,DESARME DE MESA,DESARME DE MESA,EXACT_SAFE,2,1,93.0,1.0,2026-01-10,2,LINHA002,P.EQ.LINHA,55569,CCZR PET 2L FL (6) NV 38G F840 L02,PALETIZADORA KOMBI SID LI02,,Sistema elétrico,2.0,OBSERVACAO: DESARME DA MESA CENTRAL | EQUIPAMENTO: PALETIZADORA KOMBI SID LI02 | CHAVE_1: Sistema elétrico | SUBCHAVE:  | TIPO_PARADA: P.EQ.LINHA | LINHA: LINHA002
950,FALHA NO SENSOR DO ELEVADOR - ORDEM 30008350532,FALHA NO SENSOR DO ELEVADOR ORDEM 30008350532,FALHA DE SENSOR,FALHA DE SENSOR,EXACT_SAFE,1,1,360.0,1.0,2026-02-11,2,LINHA002,P.EQ.LINHA,56419,"SPT FRESH LIM 1,5L FL (6) NV 33G T2G L02",ENVOLVEDORA ROB LI02,,Sistema Elétrico,50.0,OBSERVACAO: FALHA NO SENSOR DO ELEVADOR - ORDEM 30008350532 | EQUIPAMENTO: ENVOLVEDORA ROB LI02 | CHAVE_1: Sistema Elétrico | SUBCHAVE:  | TIPO_PARADA: P.EQ.LINHA | LINHA: LINHA002
951,"ESTEIRA DA FILTEC DERRUBANDO LATAS, ORDEM 30008349234",ESTEIRA DA FILTEC DERRUBANDO LATAS ORDEM 30008349234,FALHA DE ESTEIRA,FALHA DE ESTEIRA,EXACT_SAFE,1,1,361.0,1.0,2026-02-11,2,LINHA004,P.EQ.LINHA,55388,CCZR LT 350ML FL (6) FIFA L04,TRPTE LATAS CHEIAS SID LI04,,Sistema de instrumentos e cont,12.0,"OBSERVACAO: ESTEIRA DA FILTEC DERRUBANDO LATAS, ORDEM 30008349234 | EQUIPAMENTO: TRPTE LATAS CHEIAS SID LI04 | CHAVE_1: Sistema de instrumentos e cont | SUBCHAVE:  | TIPO_PARADA: P.EQ.LINHA | LINHA: LINHA004"
952,ESPELHO DO SENSOR MÁ FIXAÇÃO,ESPELHO DO SENSOR MA FIXACAO,FALHA DE SENSOR,FALHA DE SENSOR,EXACT_SAFE,1,1,362.0,1.0,2026-02-11,2,LINHA004,P.EQ.LINHA,55388,CCZR LT 350ML FL (6) FIFA L04,TRANSP PCTS EMPAC PAL,,Sistema de instrumentos e cont,5.0,OBSERVACAO: ESPELHO DO SENSOR MÁ FIXAÇÃO | EQUIPAMENTO: TRANSP PCTS EMPAC PAL | CHAVE_1: Sistema de instrumentos e cont | SUBCHAVE:  | TIPO_PARADA: P.EQ.LINHA | LINHA: LINHA004
963,FALHA NO SENSOR DE TAMPA.,FALHA NO SENSOR DE TAMPA,FALHA DE SENSOR,FALHA DE SENSOR,EXACT_SAFE,2,1,339.0,1.0,2026-02-05,2,LINHA002,P.EQ.LINHA,56424,CCMA PET 2L FL (6) N.V 38G LOLA T2G L02,ENCHEDORA KHS LI02,,Sistema elétrico,4.0,OBSERVACAO: FALHA NO SENSOR DE TAMPA. | EQUIPAMENTO: ENCHEDORA KHS LI02 | CHAVE_1: Sistema elétrico | SUBCHAVE:  | TIPO_PARADA: P.EQ.LINHA | LINHA: LINHA002
965,FALHA NO SENSOR DE TAMPA.,FALHA NO SENSOR DE TAMPA,FALHA DE SENSOR,FALHA DE SENSOR,EXACT_SAFE,2,1,339.0,1.0,2026-02-05,2,LINHA002,P.EQ.LINHA,56424,CCMA PET 2L FL (6) N.V 38G LOLA T2G L02,ENCHEDORA KHS LI02,,Sistema elétrico,4.0,OBSERVACAO: FALHA NO SENSOR DE TAMPA. | EQUIPAMENTO: ENCHEDORA KHS LI02 | CHAVE_1: Sistema elétrico | SUBCHAVE:  | TIPO_PARADA: P.EQ.LINHA | LINHA: LINHA002
969,"ESTEIRA DA FILTEC DERRUBANDO LATAS, ORDEM 30008349234",ESTEIRA DA FILTEC DERRUBANDO LATAS ORDEM 30008349234,FALHA DE ESTEIRA,FALHA DE ESTEIRA,EXACT_SAFE,1,1,361.0,1.0,2026-02-11,2,LINHA004,P.EQ.LINHA,55388,CCZR LT 350ML FL (6) FIFA L04,TRPTE LATAS CHEIAS SID LI04,,Sistema de instrumentos e cont,12.0,"OBSERVACAO: ESTEIRA DA FILTEC DERRUBANDO LATAS, ORDEM 30008349234 | EQUIPAMENTO: TRPTE LATAS CHEIAS SID LI04 | CHAVE_1: Sistema de instrumentos e cont | SUBCHAVE:  | TIPO_PARADA: P.EQ.LINHA | LINHA: LINHA004"
970,"ESTEIRA DA FILTEC DERRUBANDO LATAS, ORDEM 30008349234",ESTEIRA DA FILTEC DERRUBANDO LATAS ORDEM 30008349234,FALHA DE ESTEIRA,FALHA DE ESTEIRA,EXACT_SAFE,1,1,361.0,1.0,2026-02-11,2,LINHA004,P.EQ.LINHA,55388,CCZR LT 350ML FL (6) FIFA L04,TRPTE LATAS CHEIAS SID LI04,,Sistema de instrumentos e cont,12.0,"OBSERVACAO: ESTEIRA DA FILTEC DERRUBANDO LATAS, ORDEM 30008349234 | EQUIPAMENTO: TRPTE LATAS CHEIAS SID LI04 | CHAVE_1: Sistema de instrumentos e cont | SUBCHAVE:  | TIPO_PARADA: P.EQ.LINHA | LINHA: LINHA004"
980,FALHA NA REFRIGERACAO DE FUNDO DA GARRAFA,FALHA NA REFRIGERACAO DE FUNDO DA GARRAFA,FALHA NA REFRIGERAÇÃO DE FUNDO,FALHA NA REFRIGERACAO DE FUNDO,EXACT_SAFE,2,1,404.0,1.0,2026-02-13,2,LINHA006,P.EQ.LINHA,56443,CCZR PET 200ML FI (12) N.V 14G T2G L06,BOMBA RESFRIAMENTO DE FUNDO GA,,,2.4,OBSERVACAO: FALHA NA REFRIGERACAO DE FUNDO DA GARRAFA | EQUIPAMENTO: BOMBA RESFRIAMENTO DE FUNDO GA | CHAVE_1:  | SUBCHAVE:  | TIPO_PARADA: P.EQ.LINHA | LINHA: LINHA006
984,ENCHEDORA FORA DE SINCRONISMO,ENCHEDORA FORA DE SINCRONISMO,FALHA DE SINCRONISMO,FALHA DE SINCRONISMO,EXACT_SAFE,1,1,363.0,1.0,2026-02-11,1,LINHA003,P.EQ.LINHA,55994,CCZR PET 1L FL (6) N.V 29G F710 L03,ENCHEDORA EUROTRONICA FM LI03,,Sistema de instrumentos e cont,18.0,OBSERVACAO: ENCHEDORA FORA DE SINCRONISMO | EQUIPAMENTO: ENCHEDORA EUROTRONICA FM LI03 | CHAVE_1: Sistema de instrumentos e cont | SUBCHAVE:  | TIPO_PARADA: P.EQ.LINHA | LINHA: LINHA003
985,FALHA NA ENTRADA DE PACOTES VIA 2. ORDEM- 30008349228,FALHA NA ENTRADA DE PACOTES VIA 2 ORDEM 30008349228,FALHA DE ALIMENTAÇÃO DE PACOTES,FALHA DE ALIMENTACAO DE PACOTES,EXACT_SAFE,1,1,364.0,1.0,2026-02-11,1,LINHA003,P.EQ.LINHA,55994,CCZR PET 1L FL (6) N.V 29G F710 L03,PALETIZADORA ROBOT KRO LI03,,Sistema elétrico,10.0,OBSERVACAO: FALHA NA ENTRADA DE PACOTES VIA 2. ORDEM- 30008349228 | EQUIPAMENTO: PALETIZADORA ROBOT KRO LI03 | CHAVE_1: Sistema elétrico | SUBCHAVE:  | TIPO_PARADA: P.EQ.LINHA | LINHA: LINHA003
986,MANGUEIRA DE ALTA PRESSÃO DANIFICADA / 13171960,MANGUEIRA DE ALTA PRESSAO DANIFICADA 13171960,FALHA DE MANGUEIRA DE ALTA PRESSÃO,FALHA DE MANGUEIRA DE ALTA PRESSAO,EXACT_SAFE,1,1,365.0,1.0,2026-02-12,1,LINHA001,P.EQ.LINHA,55957,CC KS ULTRA 290ML (24) N.V ROL372 L01,DESENCAIX VAN 1351441 H K LI01,,Sistema Pneumático,17.02,OBSERVACAO: MANGUEIRA DE ALTA PRESSÃO DANIFICADA / 13171960 | EQUIPAMENTO: DESENCAIX VAN 1351441 H K LI01 | CHAVE_1: Sistema Pneumático | SUBCHAVE:  | TIPO_PARADA: P.EQ.LINHA | LINHA: LINHA001
987,SISTEMA DE ENVOLVIMENTO E CORTE DE FILME EM FALHA / ABRINDO PACOTES,SISTEMA DE ENVOLVIMENTO E CORTE DE FILME EM FALHA ABRINDO PACOTES,FALHA DE CORTE DE FILME,FALHA DE CORTE DE FILME,EXACT_SAFE,4,1,366.0,1.0,2026-02-12,2,LINHA002,P.EQ.LINHA,56314,"SCH CITRUS PET 1,5L FL (6) NV 33G T2G L2",EMPACOTADORA 198/40 KIS LI02,,Sistema de Instrumentos e cont,20.4,OBSERVACAO: SISTEMA DE ENVOLVIMENTO E CORTE DE FILME EM FALHA / ABRINDO PACOTES | EQUIPAMENTO: EMPACOTADORA 198/40 KIS LI02 | CHAVE_1: Sistema de Instrumentos e cont | SUBCHAVE:  | TIPO_PARADA: P.EQ.LINHA | LINHA: LINHA002
988,SISTEMA DE ENVOLVIMENTO E CORTE DE FILME EM FALHA / ABRINDO PACOTES,SISTEMA DE ENVOLVIMENTO E CORTE DE FILME EM FALHA ABRINDO PACOTES,FALHA DE CORTE DE FILME,FALHA DE CORTE DE FILME,EXACT_SAFE,4,1,366.0,1.0,2026-02-12,2,LINHA002,P.EQ.LINHA,56314,"SCH CITRUS PET 1,5L FL (6) NV 33G T2G L2",EMPACOTADORA 198/40 KIS LI02,,Sistema de Instrumentos e cont,20.4,OBSERVACAO: SISTEMA DE ENVOLVIMENTO E CORTE DE FILME EM FALHA / ABRINDO PACOTES | EQUIPAMENTO: EMPACOTADORA 198/40 KIS LI02 | CHAVE_1: Sistema de Instrumentos e cont | SUBCHAVE:  | TIPO_PARADA: P.EQ.LINHA | LINHA: LINHA002
989,QUEBRA DA RÉGUA DE ENVOLVIMENTO,QUEBRA DA REGUA DE ENVOLVIMENTO,QUEBRA DE RÉGUA,QUEBRA DE REGUA,EXACT_SAFE,1,1,368.0,1.0,2026-02-12,2,LINHA002,P.EQ.LINHA,56314,"SCH CITRUS PET 1,5L FL (6) NV 33G T2G L2",EMPACOTADORA 198/40 KIS LI02,,Sistema de vácuo,5.6,OBSERVACAO: QUEBRA DA RÉGUA DE ENVOLVIMENTO | EQUIPAMENTO: EMPACOTADORA 198/40 KIS LI02 | CHAVE_1: Sistema de vácuo | SUBCHAVE:  | TIPO_PARADA: P.EQ.LINHA | LINHA: LINHA002
990,SISTEMA DE ENVOLVIMENTO E CORTE DE FILME EM FALHA / ABRINDO PACOTES,SISTEMA DE ENVOLVIMENTO E CORTE DE FILME EM FALHA ABRINDO PACOTES,FALHA DE CORTE DE FILME,FALHA DE CORTE DE FILME,EXACT_SAFE,4,1,366.0,1.0,2026-02-12,2,LINHA002,P.EQ.LINHA,56314,"SCH CITRUS PET 1,5L FL (6) NV 33G T2G L2",EMPACOTADORA 198/40 KIS LI02,,Sistema de Instrumentos e cont,20.4,OBSERVACAO: SISTEMA DE ENVOLVIMENTO E CORTE DE FILME EM FALHA / ABRINDO PACOTES | EQUIPAMENTO: EMPACOTADORA 198/40 KIS LI02 | CHAVE_1: Sistema de Instrumentos e cont | SUBCHAVE:  | TIPO_PARADA: P.EQ.LINHA | LINHA: LINHA002
992,FALHA NO ENVIO DE TAMPAS DO JET FLOW ( VIBRADOR) PARA A TOLVA,FALHA NO ENVIO DE TAMPAS DO JET FLOW VIBRADOR PARA A TOLVA,FALHA DE VIBRADOR,FALHA DE VIBRADOR,EXACT_SAFE,1,1,371.0,1.0,2026-02-12,2,LINHA002,P.EQ.LINHA,56314,"SCH CITRUS PET 1,5L FL (6) NV 33G T2G L2",CAPSULADOR KHS LI02,,Sistema Elétrico,11.6,OBSERVACAO: FALHA NO ENVIO DE TAMPAS DO JET FLOW ( VIBRADOR) PARA A TOLVA | EQUIPAMENTO: CAPSULADOR KHS LI02 | CHAVE_1: Sistema Elétrico | SUBCHAVE:  | TIPO_PARADA: P.EQ.LINHA | LINHA: LINHA002
993,SISTEMA DE ENVOLVIMENTO E CORTE DE FILME EM FALHA / ABRINDO PACOTES,SISTEMA DE ENVOLVIMENTO E CORTE DE FILME EM FALHA ABRINDO PACOTES,FALHA DE CORTE DE FILME,FALHA DE CORTE DE FILME,EXACT_SAFE,4,1,366.0,1.0,2026-02-12,2,LINHA002,P.EQ.LINHA,56314,"SCH CITRUS PET 1,5L FL (6) NV 33G T2G L2",EMPACOTADORA 198/40 KIS LI02,,Sistema de Instrumentos e cont,20.4,OBSERVACAO: SISTEMA DE ENVOLVIMENTO E CORTE DE FILME EM FALHA / ABRINDO PACOTES | EQUIPAMENTO: EMPACOTADORA 198/40 KIS LI02 | CHAVE_1: Sistema de Instrumentos e cont | SUBCHAVE:  | TIPO_PARADA: P.EQ.LINHA | LINHA: LINHA002
995,SISTEMA DE ENVOLVIMENTO E CORTE DE FILME EM FALHA ABRINDO PACOTES / PENTE DERRUBANDO GARRAFAS,SISTEMA DE ENVOLVIMENTO E CORTE DE FILME EM FALHA ABRINDO PACOTES PENTE DERRUBANDO GARRAFAS,FALHA DE CORTE DE FILME,FALHA DE CORTE DE FILME,EXACT_SAFE,1,1,374.0,1.0,2026-02-12,2,LINHA002,P.EQ.LINHA,56314,"SCH CITRUS PET 1,5L FL (6) NV 33G T2G L2",EMPACOTADORA 198/40 KIS LI02,,Sistema de Instrumentos e cont,13.8,OBSERVACAO: SISTEMA DE ENVOLVIMENTO E CORTE DE FILME EM FALHA ABRINDO PACOTES / PENTE DERRUBANDO GARRAFAS | EQUIPAMENTO: EMPACOTADORA 198/40 KIS LI02 | CHAVE_1: Sistema de Instrumentos e cont | SUBCHAVE:  | TIPO_PARADA: P.EQ.LINHA | LINHA: LINHA002
1002,ENCHEDORA FORA DE SINCRONISMO,ENCHEDORA FORA DE SINCRONISMO,FALHA DE SINCRONISMO,FALHA DE SINCRONISMO,EXACT_SAFE,1,1,363.0,1.0,2026-02-11,1,LINHA003,P.EQ.LINHA,55994,CCZR PET 1L FL (6) N.V 29G F710 L03,ENCHEDORA EUROTRONICA FM LI03,,Sistema de instrumentos e cont,18.0,OBSERVACAO: ENCHEDORA FORA DE SINCRONISMO | EQUIPAMENTO: ENCHEDORA EUROTRONICA FM LI03 | CHAVE_1: Sistema de instrumentos e cont | SUBCHAVE:  | TIPO_PARADA: P.EQ.LINHA | LINHA: LINHA003
1021,ENCHEDORA FORA DE SINCRONISMO ENTRANDO GARRAFA TORTA. ORDEM- 30008355646,ENCHEDORA FORA DE SINCRONISMO ENTRANDO GARRAFA TORTA ORDEM 30008355646,FALHA DE SINCRONISMO,FALHA DE SINCRONISMO,EXACT_SAFE,1,1,375.0,1.0,2026-02-12,1,LINHA003,P.EQ.LINHA,55993,CC PET 1L FL (6) N.V 29G F710 L03,ENCHEDORA EUROTRONICA FM LI03,,Sistema de instrumentos e cont,15.0,OBSERVACAO: ENCHEDORA FORA DE SINCRONISMO ENTRANDO GARRAFA TORTA. ORDEM- 30008355646 | EQUIPAMENTO: ENCHEDORA EUROTRONICA FM LI03 | CHAVE_1: Sistema de instrumentos e cont | SUBCHAVE:  | TIPO_PARADA: P.EQ.LINHA | LINHA: LINHA003
1022,FALHA NA ENTRADA DE PACOTES VIA 1 E 2,FALHA NA ENTRADA DE PACOTES VIA 1 E 2,FALHA DE ALIMENTAÇÃO DE PACOTES,FALHA DE ALIMENTACAO DE PACOTES,EXACT_SAFE,1,1,376.0,1.0,2026-02-12,1,LINHA003,P.EQ.LINHA,55993,CC PET 1L FL (6) N.V 29G F710 L03,PALETIZADORA ROBOT KRO LI03,,Sistema elétrico,9.0,OBSERVACAO: FALHA NA ENTRADA DE PACOTES VIA 1 E 2 | EQUIPAMENTO: PALETIZADORA ROBOT KRO LI03 | CHAVE_1: Sistema elétrico | SUBCHAVE:  | TIPO_PARADA: P.EQ.LINHA | LINHA: LINHA003
1023,PACOTE VIRADO NA MESA DE FORMAÇÃO,PACOTE VIRADO NA MESA DE FORMACAO,PACOTE FORA DE POSIÇÃO,PACOTE FORA DE POSICAO,EXACT_SAFE,1,1,377.0,1.0,2026-02-12,1,LINHA003,P.EQ.LINHA,55993,CC PET 1L FL (6) N.V 29G F710 L03,PALETIZADORA ROBOT KRO LI03,,Sistema elétrico,5.0,OBSERVACAO: PACOTE VIRADO NA MESA DE FORMAÇÃO | EQUIPAMENTO: PALETIZADORA ROBOT KRO LI03 | CHAVE_1: Sistema elétrico | SUBCHAVE:  | TIPO_PARADA: P.EQ.LINHA | LINHA: LINHA003
1030,VÁLVULA 115 SAINDO NIVEL BAIXO FOI JAMPEADA,VALVULA 115 SAINDO NIVEL BAIXO FOI JAMPEADA,FALHA DE ENCHIMENTO,FALHA DE ENCHIMENTO,EXACT_SAFE,1,1,384.0,1.0,2026-02-12,2,LINHA003,P.EQ.LINHA,55993,CC PET 1L FL (6) N.V 29G F710 L03,ENCHEDORA EUROTRONICA FM LI03,,Sistema de enchimento,13.75,OBSERVACAO: VÁLVULA 115 SAINDO NIVEL BAIXO FOI JAMPEADA | EQUIPAMENTO: ENCHEDORA EUROTRONICA FM LI03 | CHAVE_1: Sistema de enchimento | SUBCHAVE:  | TIPO_PARADA: P.EQ.LINHA | LINHA: LINHA003
1031,DESARMOU O INVERSOR DO TRANSPORTE DE PALETE,DESARMOU O INVERSOR DO TRANSPORTE DE PALETE,FALHA DE INVERSOR,FALHA DE INVERSOR,EXACT_SAFE,1,1,385.0,1.0,2026-02-12,2,LINHA003,P.EQ.LINHA,55993,CC PET 1L FL (6) N.V 29G F710 L03,ENVOLVEDORA ROB LI03,,Sistema Elétrico,6.75,OBSERVACAO: DESARMOU O INVERSOR DO TRANSPORTE DE PALETE | EQUIPAMENTO: ENVOLVEDORA ROB LI03 | CHAVE_1: Sistema Elétrico | SUBCHAVE:  | TIPO_PARADA: P.EQ.LINHA | LINHA: LINHA003
1032,FALHA NO SENSOR DE PRESENÇA DE CAMADA DA GAIOLA ( TROCA DO MESMO),FALHA NO SENSOR DE PRESENCA DE CAMADA DA GAIOLA TROCA DO MESMO,FALHA DE SENSOR,FALHA DE SENSOR,EXACT_SAFE,2,1,386.0,1.0,2026-02-12,2,LINHA003,P.EQ.LINHA,55993,CC PET 1L FL (6) N.V 29G F710 L03,PALETIZADORA ROBOT KRO LI03,,Sistema elétrico,10.0,OBSERVACAO: FALHA NO SENSOR DE PRESENÇA DE CAMADA DA GAIOLA ( TROCA DO MESMO) | EQUIPAMENTO: PALETIZADORA ROBOT KRO LI03 | CHAVE_1: Sistema elétrico | SUBCHAVE:  | TIPO_PARADA: P.EQ.LINHA | LINHA: LINHA003
1033,FALHA NO SENSOR DE PRESENÇA DE CAMADA DA GAIOLA ( TROCA DO MESMO),FALHA NO SENSOR DE PRESENCA DE CAMADA DA GAIOLA TROCA DO MESMO,FALHA DE SENSOR,FALHA DE SENSOR,EXACT_SAFE,2,1,386.0,1.0,2026-02-12,2,LINHA003,P.EQ.LINHA,55993,CC PET 1L FL (6) N.V 29G F710 L03,PALETIZADORA ROBOT KRO LI03,,Sistema elétrico,10.0,OBSERVACAO: FALHA NO SENSOR DE PRESENÇA DE CAMADA DA GAIOLA ( TROCA DO MESMO) | EQUIPAMENTO: PALETIZADORA ROBOT KRO LI03 | CHAVE_1: Sistema elétrico | SUBCHAVE:  | TIPO_PARADA: P.EQ.LINHA | LINHA: LINHA003
1036,CORREIA DANIFICADA CAUSANDO PARADA DE EQUIPAMENTO,CORREIA DANIFICADA CAUSANDO PARADA DE EQUIPAMENTO,FALHA DE CORREIA,FALHA DE CORREIA,EXACT_SAFE,1,1,394.0,1.0,2026-02-13,1,LINHA001,P.EQ.LINHA,56016,CCZR KS ULTRA 290ML (24) N.V ROL452 L01,ENCHEDORA VVF 63/12 H K LI01,,Sistema motriz,10.0,OBSERVACAO: CORREIA DANIFICADA CAUSANDO PARADA DE EQUIPAMENTO | EQUIPAMENTO: ENCHEDORA VVF 63/12 H K LI01 | CHAVE_1: Sistema motriz | SUBCHAVE:  | TIPO_PARADA: P.EQ.LINHA | LINHA: LINHA001
1037,PENTE SEM PORCA DE FIXAÇÃO SE SOLTOU TRAVANDO EQUIPAMENTO / 30008359530,PENTE SEM PORCA DE FIXACAO SE SOLTOU TRAVANDO EQUIPAMENTO 30008359530,PENTES SOLTOS,PENTES SOLTOS,EXACT_SAFE,5,1,390.0,1.0,2026-02-13,1,LINHA001,P.EQ.LINHA,56016,CCZR KS ULTRA 290ML (24) N.V ROL452 L01,LAVADORA GRFS DN1240105 H K LI,,Estrutura,60.0,OBSERVACAO: PENTE SEM PORCA DE FIXAÇÃO SE SOLTOU TRAVANDO EQUIPAMENTO / 30008359530 | EQUIPAMENTO: LAVADORA GRFS DN1240105 H K LI | CHAVE_1: Estrutura | SUBCHAVE:  | TIPO_PARADA: P.EQ.LINHA | LINHA: LINHA001
1038,FALTA DE GARRAFAS VINDO DA LAVADOURA OCASIONADO PELO ESPAÇO DOS DOIS PENTES.,FALTA DE GARRAFAS VINDO DA LAVADOURA OCASIONADO PELO ESPACO DOS DOIS PENTES,FALHA DE ALIMENTAÇÃO DE GARRAFAS,FALHA DE ALIMENTACAO DE GARRAFAS,EXACT_SAFE,1,1,396.0,1.0,2026-02-13,2,LINHA001,P.EQ.LINHA,56016,CCZR KS ULTRA 290ML (24) N.V ROL452 L01,LAVADORA GRFS DN1240105 H K LI,,Sistema de Instrumentos e cont,26.0,OBSERVACAO: FALTA DE GARRAFAS VINDO DA LAVADOURA OCASIONADO PELO ESPAÇO DOS DOIS PENTES. | EQUIPAMENTO: LAVADORA GRFS DN1240105 H K LI | CHAVE_1: Sistema de Instrumentos e cont | SUBCHAVE:  | TIPO_PARADA: P.EQ.LINHA | LINHA: LINHA001
1039,"FALTA DE GARRAFAS VINDO DA LAVADORA ,DEVIDO A FALTA DE DOIS PENTES.",FALTA DE GARRAFAS VINDO DA LAVADORA DEVIDO A FALTA DE DOIS PENTES,FALHA DE ALIMENTAÇÃO DE GARRAFAS,FALHA DE ALIMENTACAO DE GARRAFAS,EXACT_SAFE,1,1,397.0,1.0,2026-02-13,2,LINHA001,P.EQ.LINHA,56016,CCZR KS ULTRA 290ML (24) N.V ROL452 L01,LAVADORA GRFS DN1240105 H K LI,,Sistema de Instrumentos e cont,8.0,"OBSERVACAO: FALTA DE GARRAFAS VINDO DA LAVADORA ,DEVIDO A FALTA DE DOIS PENTES. | EQUIPAMENTO: LAVADORA GRFS DN1240105 H K LI | CHAVE_1: Sistema de Instrumentos e cont | SUBCHAVE:  | TIPO_PARADA: P.EQ.LINHA | LINHA: LINHA001"
1040,"FALHA NA MASTERIZAÇÃO ,ELÉTRICA.",FALHA NA MASTERIZACAO ELETRICA,PERDA DE REFERÊNCIA,PERDA DE REFERENCIA,EXACT_SAFE,1,1,398.0,1.0,2026-02-13,2,LINHA001,P.EQ.LINHA,56016,CCZR KS ULTRA 290ML (24) N.V ROL452 L01,DESPALETIZADORA,,,15.0,"OBSERVACAO: FALHA NA MASTERIZAÇÃO ,ELÉTRICA. | EQUIPAMENTO: DESPALETIZADORA | CHAVE_1:  | SUBCHAVE:  | TIPO_PARADA: P.EQ.LINHA | LINHA: LINHA001"
1041,FALHA NO SERVO DE ELEVAÇÃO DA PALETIZADORA.,FALHA NO SERVO DE ELEVACAO DA PALETIZADORA,FALHA DE SERVO MOTOR,FALHA DE SERVO MOTOR,EXACT_SAFE,2,1,342.0,1.0,2026-02-06,2,LINHA001,P.EQ.LINHA,55609,CC LS 1L (12) S/PRECO ROL372 L01,PALETIZADORA,,,32.0,OBSERVACAO: FALHA NO SERVO DE ELEVAÇÃO DA PALETIZADORA. | EQUIPAMENTO: PALETIZADORA | CHAVE_1:  | SUBCHAVE:  | TIPO_PARADA: P.EQ.LINHA | LINHA: LINHA001
1042,FALTA DE GARRAFAS VINDO DA LAVADOURA.OBS.FALTA DE DOIS PENTES.,FALTA DE GARRAFAS VINDO DA LAVADOURA OBS FALTA DE DOIS PENTES,FALHA DE ALIMENTAÇÃO DE GARRAFAS,FALHA DE ALIMENTACAO DE GARRAFAS,EXACT_SAFE,1,1,400.0,1.0,2026-02-13,2,LINHA001,P.EQ.LINHA,56016,CCZR KS ULTRA 290ML (24) N.V ROL452 L01,LAVADORA GRFS DN1240105 H K LI,,Sistema de Instrumentos e cont,12.0,OBSERVACAO: FALTA DE GARRAFAS VINDO DA LAVADOURA.OBS.FALTA DE DOIS PENTES. | EQUIPAMENTO: LAVADORA GRFS DN1240105 H K LI | CHAVE_1: Sistema de Instrumentos e cont | SUBCHAVE:  | TIPO_PARADA: P.EQ.LINHA | LINHA: LINHA001
1043,SENSOR EM FALHA,SENSOR EM FALHA,FALHA DE SENSOR,FALHA DE SENSOR,EXACT_SAFE,1,1,401.0,1.0,2026-02-13,2,LINHA001,P.EQ.LINHA,56016,CCZR KS ULTRA 290ML (24) N.V ROL452 L01,INSPETOR DE GARRAFAS VAZIAS HE,,,15.96,OBSERVACAO: SENSOR EM FALHA | EQUIPAMENTO: INSPETOR DE GARRAFAS VAZIAS HE | CHAVE_1:  | SUBCHAVE:  | TIPO_PARADA: P.EQ.LINHA | LINHA: LINHA001
1044,INVESTIGAÇÃO NA RECRAVADORA (AMASSANDO LATAS) 30008360255,INVESTIGACAO NA RECRAVADORA AMASSANDO LATAS 30008360255,FALHA DE RECRAVAÇÃO,FALHA DE RECRAVACAO,EXACT_SAFE,2,1,402.0,1.0,2026-02-13,2,LINHA004,P.EQ.LINHA,56312,SCH CITRUS LT 350ML FI (6) L346 F953 L04,RECRAVADORA 708 G FRR LI04,Qualidade de peças,Estrutura,38.87,OBSERVACAO: INVESTIGAÇÃO NA RECRAVADORA (AMASSANDO LATAS) 30008360255 | EQUIPAMENTO: RECRAVADORA 708 G FRR LI04 | CHAVE_1: Estrutura | SUBCHAVE: Qualidade de peças | TIPO_PARADA: P.EQ.LINHA | LINHA: LINHA004
1045,FALHA NA REFRIGERACAO DE FUNDO DA GARRAFA,FALHA NA REFRIGERACAO DE FUNDO DA GARRAFA,FALHA NA REFRIGERAÇÃO DE FUNDO,FALHA NA REFRIGERACAO DE FUNDO,EXACT_SAFE,2,1,404.0,1.0,2026-02-13,2,LINHA006,P.EQ.LINHA,56443,CCZR PET 200ML FI (12) N.V 14G T2G L06,BOMBA RESFRIAMENTO DE FUNDO GA,,,2.4,OBSERVACAO: FALHA NA REFRIGERACAO DE FUNDO DA GARRAFA | EQUIPAMENTO: BOMBA RESFRIAMENTO DE FUNDO GA | CHAVE_1:  | SUBCHAVE:  | TIPO_PARADA: P.EQ.LINHA | LINHA: LINHA006
1072,CORREIA DANIFICADA CAUSANDO PARADA DE EQUIPAMENTO,CORREIA DANIFICADA CAUSANDO PARADA DE EQUIPAMENTO,FALHA DE CORREIA,FALHA DE CORREIA,EXACT_SAFE,1,1,394.0,1.0,2026-02-13,1,LINHA001,P.EQ.LINHA,56016,CCZR KS ULTRA 290ML (24) N.V ROL452 L01,ENCHEDORA VVF 63/12 H K LI01,,Sistema motriz,10.0,OBSERVACAO: CORREIA DANIFICADA CAUSANDO PARADA DE EQUIPAMENTO | EQUIPAMENTO: ENCHEDORA VVF 63/12 H K LI01 | CHAVE_1: Sistema motriz | SUBCHAVE:  | TIPO_PARADA: P.EQ.LINHA | LINHA: LINHA001
1073,PENTE SEM PORCA DE FIXAÇÃO SE SOLTOU TRAVANDO EQUIPAMENTO / 30008359530,PENTE SEM PORCA DE FIXACAO SE SOLTOU TRAVANDO EQUIPAMENTO 30008359530,PENTES SOLTOS,PENTES SOLTOS,EXACT_SAFE,5,1,390.0,1.0,2026-02-13,1,LINHA001,P.EQ.LINHA,56016,CCZR KS ULTRA 290ML (24) N.V ROL452 L01,LAVADORA GRFS DN1240105 H K LI,,Estrutura,60.0,OBSERVACAO: PENTE SEM PORCA DE FIXAÇÃO SE SOLTOU TRAVANDO EQUIPAMENTO / 30008359530 | EQUIPAMENTO: LAVADORA GRFS DN1240105 H K LI | CHAVE_1: Estrutura | SUBCHAVE:  | TIPO_PARADA: P.EQ.LINHA | LINHA: LINHA001
1074,FALTA DE GARRAFAS VINDO DA LAVADOURA OCASIONADO PELO ESPAÇO DOS DOIS PENTES.,FALTA DE GARRAFAS VINDO DA LAVADOURA OCASIONADO PELO ESPACO DOS DOIS PENTES,FALHA DE ALIMENTAÇÃO DE GARRAFAS,FALHA DE ALIMENTACAO DE GARRAFAS,EXACT_SAFE,1,1,396.0,1.0,2026-02-13,2,LINHA001,P.EQ.LINHA,56016,CCZR KS ULTRA 290ML (24) N.V ROL452 L01,LAVADORA GRFS DN1240105 H K LI,,Sistema de Instrumentos e cont,26.0,OBSERVACAO: FALTA DE GARRAFAS VINDO DA LAVADOURA OCASIONADO PELO ESPAÇO DOS DOIS PENTES. | EQUIPAMENTO: LAVADORA GRFS DN1240105 H K LI | CHAVE_1: Sistema de Instrumentos e cont | SUBCHAVE:  | TIPO_PARADA: P.EQ.LINHA | LINHA: LINHA001
1075,"FALTA DE GARRAFAS VINDO DA LAVADORA ,DEVIDO A FALTA DE DOIS PENTES.",FALTA DE GARRAFAS VINDO DA LAVADORA DEVIDO A FALTA DE DOIS PENTES,FALHA DE ALIMENTAÇÃO DE GARRAFAS,FALHA DE ALIMENTACAO DE GARRAFAS,EXACT_SAFE,1,1,397.0,1.0,2026-02-13,2,LINHA001,P.EQ.LINHA,56016,CCZR KS ULTRA 290ML (24) N.V ROL452 L01,LAVADORA GRFS DN1240105 H K LI,,Sistema de Instrumentos e cont,8.0,"OBSERVACAO: FALTA DE GARRAFAS VINDO DA LAVADORA ,DEVIDO A FALTA DE DOIS PENTES. | EQUIPAMENTO: LAVADORA GRFS DN1240105 H K LI | CHAVE_1: Sistema de Instrumentos e cont | SUBCHAVE:  | TIPO_PARADA: P.EQ.LINHA | LINHA: LINHA001"
1076,"FALHA NA MASTERIZAÇÃO ,ELÉTRICA.",FALHA NA MASTERIZACAO ELETRICA,PERDA DE REFERÊNCIA,PERDA DE REFERENCIA,EXACT_SAFE,1,1,398.0,1.0,2026-02-13,2,LINHA001,P.EQ.LINHA,56016,CCZR KS ULTRA 290ML (24) N.V ROL452 L01,DESPALETIZADORA,,,15.0,"OBSERVACAO: FALHA NA MASTERIZAÇÃO ,ELÉTRICA. | EQUIPAMENTO: DESPALETIZADORA | CHAVE_1:  | SUBCHAVE:  | TIPO_PARADA: P.EQ.LINHA | LINHA: LINHA001"
1077,FALHA NO SERVO DE ELEVAÇÃO DA PALETIZADORA.,FALHA NO SERVO DE ELEVACAO DA PALETIZADORA,FALHA DE SERVO MOTOR,FALHA DE SERVO MOTOR,EXACT_SAFE,2,1,342.0,1.0,2026-02-06,2,LINHA001,P.EQ.LINHA,55609,CC LS 1L (12) S/PRECO ROL372 L01,PALETIZADORA,,,32.0,OBSERVACAO: FALHA NO SERVO DE ELEVAÇÃO DA PALETIZADORA. | EQUIPAMENTO: PALETIZADORA | CHAVE_1:  | SUBCHAVE:  | TIPO_PARADA: P.EQ.LINHA | LINHA: LINHA001
1078,FALTA DE GARRAFAS VINDO DA LAVADOURA.OBS.FALTA DE DOIS PENTES.,FALTA DE GARRAFAS VINDO DA LAVADOURA OBS FALTA DE DOIS PENTES,FALHA DE ALIMENTAÇÃO DE GARRAFAS,FALHA DE ALIMENTACAO DE GARRAFAS,EXACT_SAFE,1,1,400.0,1.0,2026-02-13,2,LINHA001,P.EQ.LINHA,56016,CCZR KS ULTRA 290ML (24) N.V ROL452 L01,LAVADORA GRFS DN1240105 H K LI,,Sistema de Instrumentos e cont,12.0,OBSERVACAO: FALTA DE GARRAFAS VINDO DA LAVADOURA.OBS.FALTA DE DOIS PENTES. | EQUIPAMENTO: LAVADORA GRFS DN1240105 H K LI | CHAVE_1: Sistema de Instrumentos e cont | SUBCHAVE:  | TIPO_PARADA: P.EQ.LINHA | LINHA: LINHA001
1079,SENSOR EM FALHA,SENSOR EM FALHA,FALHA DE SENSOR,FALHA DE SENSOR,EXACT_SAFE,1,1,401.0,1.0,2026-02-13,2,LINHA001,P.EQ.LINHA,56016,CCZR KS ULTRA 290ML (24) N.V ROL452 L01,INSPETOR DE GARRAFAS VAZIAS HE,,,15.96,OBSERVACAO: SENSOR EM FALHA | EQUIPAMENTO: INSPETOR DE GARRAFAS VAZIAS HE | CHAVE_1:  | SUBCHAVE:  | TIPO_PARADA: P.EQ.LINHA | LINHA: LINHA001
1080,INVESTIGAÇÃO NA RECRAVADORA (AMASSANDO LATAS) 30008360255,INVESTIGACAO NA RECRAVADORA AMASSANDO LATAS 30008360255,FALHA DE RECRAVAÇÃO,FALHA DE RECRAVACAO,EXACT_SAFE,2,1,402.0,1.0,2026-02-13,2,LINHA004,P.EQ.LINHA,56312,SCH CITRUS LT 350ML FI (6) L346 F953 L04,RECRAVADORA 708 G FRR LI04,Qualidade de peças,Estrutura,38.87,OBSERVACAO: INVESTIGAÇÃO NA RECRAVADORA (AMASSANDO LATAS) 30008360255 | EQUIPAMENTO: RECRAVADORA 708 G FRR LI04 | CHAVE_1: Estrutura | SUBCHAVE: Qualidade de peças | TIPO_PARADA: P.EQ.LINHA | LINHA: LINHA004
1081,FALHA NA REFRIGERACAO DE FUNDO DA GARRAFA,FALHA NA REFRIGERACAO DE FUNDO DA GARRAFA,FALHA NA REFRIGERAÇÃO DE FUNDO,FALHA NA REFRIGERACAO DE FUNDO,EXACT_SAFE,2,1,404.0,1.0,2026-02-13,2,LINHA006,P.EQ.LINHA,56443,CCZR PET 200ML FI (12) N.V 14G T2G L06,BOMBA RESFRIAMENTO DE FUNDO GA,,,2.4,OBSERVACAO: FALHA NA REFRIGERACAO DE FUNDO DA GARRAFA | EQUIPAMENTO: BOMBA RESFRIAMENTO DE FUNDO GA | CHAVE_1:  | SUBCHAVE:  | TIPO_PARADA: P.EQ.LINHA | LINHA: LINHA006
1120,SENSOR DA BARREIRA DE SEGURANÇA DO MAGAZINE DE CARTÃO FORA DE POSIÇÃO. ORDEM- 30008362097,SENSOR DA BARREIRA DE SEGURANCA DO MAGAZINE DE CARTAO FORA DE POSICAO ORDEM 30008362097,FALHA DE SENSOR,FALHA DE SENSOR,EXACT_SAFE,1,1,405.0,1.0,2026-02-14,1,LINHA003,P.EQ.LINHA,55935,CC PET 600ML FL (6) 17G LOLA FIFA L03,PALETIZADORA ROBOT KRO LI03,,Sistema elétrico,38.5,OBSERVACAO: SENSOR DA BARREIRA DE SEGURANÇA DO MAGAZINE DE CARTÃO FORA DE POSIÇÃO. ORDEM- 30008362097 | EQUIPAMENTO: PALETIZADORA ROBOT KRO LI03 | CHAVE_1: Sistema elétrico | SUBCHAVE:  | TIPO_PARADA: P.EQ.LINHA | LINHA: LINHA003
1121,SAINDO GARRAFA VAZIA ENROSCOU NO VIDEOJET ORDEM 30008362142,SAINDO GARRAFA VAZIA ENROSCOU NO VIDEOJET ORDEM 30008362142,FALHA DE CODIFICAÇÃO,FALHA DE CODIFICACAO,EXACT_SAFE,2,1,406.0,1.0,2026-02-14,2,LINHA003,P.EQ.LINHA,55935,CC PET 600ML FL (6) 17G LOLA FIFA L03,ENCHEDORA EUROTRONICA FM LI03,,Sistema de instrumentos e cont,14.0,OBSERVACAO: SAINDO GARRAFA VAZIA ENROSCOU NO VIDEOJET ORDEM 30008362142 | EQUIPAMENTO: ENCHEDORA EUROTRONICA FM LI03 | CHAVE_1: Sistema de instrumentos e cont | SUBCHAVE:  | TIPO_PARADA: P.EQ.LINHA | LINHA: LINHA003
1122,QUEDA DE GARRAFA NA REGUA DE ARRASTE ESTEIRA PATINANDO,QUEDA DE GARRAFA NA REGUA DE ARRASTE ESTEIRA PATINANDO,PATINAGEM DE ESTEIRA,PATINAGEM DE ESTEIRA,EXACT_SAFE,1,1,408.0,1.0,2026-02-14,2,LINHA003,P.EQ.LINHA,55935,CC PET 600ML FL (6) 17G LOLA FIFA L03,EMPACOTADORA VARIOPAC KRO LI03,,Sistema de Instrumentos e cont,14.0,OBSERVACAO: QUEDA DE GARRAFA NA REGUA DE ARRASTE ESTEIRA PATINANDO | EQUIPAMENTO: EMPACOTADORA VARIOPAC KRO LI03 | CHAVE_1: Sistema de Instrumentos e cont | SUBCHAVE:  | TIPO_PARADA: P.EQ.LINHA | LINHA: LINHA003
1123,"QUEDA DE GARRAFA NO SISTEMA DE REFRIGERACAO DE FUNDO , CAUSANDO A PARADA DA MAQUINA",QUEDA DE GARRAFA NO SISTEMA DE REFRIGERACAO DE FUNDO CAUSANDO A PARADA DA MAQUINA,QUEDA DE GARRAFAS,QUEDA DE GARRAFAS,EXACT_SAFE,1,1,409.0,1.0,2026-02-14,2,LINHA006,P.EQ.LINHA,56443,CCZR PET 200ML FI (12) N.V 14G T2G L06,BOMBA RESFRIAMENTO DE FUNDO GA,,,2.4,"OBSERVACAO: QUEDA DE GARRAFA NO SISTEMA DE REFRIGERACAO DE FUNDO , CAUSANDO A PARADA DA MAQUINA | EQUIPAMENTO: BOMBA RESFRIAMENTO DE FUNDO GA | CHAVE_1:  | SUBCHAVE:  | TIPO_PARADA: P.EQ.LINHA | LINHA: LINHA006"
1136,SENSOR DA BARREIRA DE SEGURANÇA DO MAGAZINE DE CARTÃO FORA DE POSIÇÃO. ORDEM- 30008362097,SENSOR DA BARREIRA DE SEGURANCA DO MAGAZINE DE CARTAO FORA DE POSICAO ORDEM 30008362097,FALHA DE SENSOR,FALHA DE SENSOR,EXACT_SAFE,1,1,405.0,1.0,2026-02-14,1,LINHA003,P.EQ.LINHA,55935,CC PET 600ML FL (6) 17G LOLA FIFA L03,PALETIZADORA ROBOT KRO LI03,,Sistema elétrico,38.5,OBSERVACAO: SENSOR DA BARREIRA DE SEGURANÇA DO MAGAZINE DE CARTÃO FORA DE POSIÇÃO. ORDEM- 30008362097 | EQUIPAMENTO: PALETIZADORA ROBOT KRO LI03 | CHAVE_1: Sistema elétrico | SUBCHAVE:  | TIPO_PARADA: P.EQ.LINHA | LINHA: LINHA003
1137,SAINDO GARRAFA VAZIA ENROSCOU NO VIDEOJET ORDEM 30008362142,SAINDO GARRAFA VAZIA ENROSCOU NO VIDEOJET ORDEM 30008362142,FALHA DE CODIFICAÇÃO,FALHA DE CODIFICACAO,EXACT_SAFE,2,1,406.0,1.0,2026-02-14,2,LINHA003,P.EQ.LINHA,55935,CC PET 600ML FL (6) 17G LOLA FIFA L03,ENCHEDORA EUROTRONICA FM LI03,,Sistema de instrumentos e cont,14.0,OBSERVACAO: SAINDO GARRAFA VAZIA ENROSCOU NO VIDEOJET ORDEM 30008362142 | EQUIPAMENTO: ENCHEDORA EUROTRONICA FM LI03 | CHAVE_1: Sistema de instrumentos e cont | SUBCHAVE:  | TIPO_PARADA: P.EQ.LINHA | LINHA: LINHA003
1138,QUEDA DE GARRAFA NA REGUA DE ARRASTE ESTEIRA PATINANDO,QUEDA DE GARRAFA NA REGUA DE ARRASTE ESTEIRA PATINANDO,PATINAGEM DE ESTEIRA,PATINAGEM DE ESTEIRA,EXACT_SAFE,1,1,408.0,1.0,2026-02-14,2,LINHA003,P.EQ.LINHA,55935,CC PET 600ML FL (6) 17G LOLA FIFA L03,EMPACOTADORA VARIOPAC KRO LI03,,Sistema de Instrumentos e cont,14.0,OBSERVACAO: QUEDA DE GARRAFA NA REGUA DE ARRASTE ESTEIRA PATINANDO | EQUIPAMENTO: EMPACOTADORA VARIOPAC KRO LI03 | CHAVE_1: Sistema de Instrumentos e cont | SUBCHAVE:  | TIPO_PARADA: P.EQ.LINHA | LINHA: LINHA003
1139,"QUEDA DE GARRAFA NO SISTEMA DE REFRIGERACAO DE FUNDO , CAUSANDO A PARADA DA MAQUINA",QUEDA DE GARRAFA NO SISTEMA DE REFRIGERACAO DE FUNDO CAUSANDO A PARADA DA MAQUINA,QUEDA DE GARRAFAS,QUEDA DE GARRAFAS,EXACT_SAFE,1,1,409.0,1.0,2026-02-14,2,LINHA006,P.EQ.LINHA,56443,CCZR PET 200ML FI (12) N.V 14G T2G L06,BOMBA RESFRIAMENTO DE FUNDO GA,,,2.4,"OBSERVACAO: QUEDA DE GARRAFA NO SISTEMA DE REFRIGERACAO DE FUNDO , CAUSANDO A PARADA DA MAQUINA | EQUIPAMENTO: BOMBA RESFRIAMENTO DE FUNDO GA | CHAVE_1:  | SUBCHAVE:  | TIPO_PARADA: P.EQ.LINHA | LINHA: LINHA006"
1162,FALHA DE DESARME DO MOTOR E SINCRONISMO,FALHA DE DESARME DO MOTOR E SINCRONISMO,DESARME DE MOTOR,DESARME DE MOTOR,EXACT_SAFE,1,1,410.0,1.0,2026-02-16,2,LINHA001,P.EQ.LINHA,55609,"CC LS 1L (12) N.V 4,99 ROL412 L01",LAVADORA GRFS DN1240105 H K LI,,Sistema Elétrico,15.79,OBSERVACAO: FALHA DE DESARME DO MOTOR E SINCRONISMO | EQUIPAMENTO: LAVADORA GRFS DN1240105 H K LI | CHAVE_1: Sistema Elétrico | SUBCHAVE:  | TIPO_PARADA: P.EQ.LINHA | LINHA: LINHA001
1163,"FALTA DE PENTE ,FALHA NO SINCRONISMO.",FALTA DE PENTE FALHA NO SINCRONISMO,FALHA DE SINCRONISMO,FALHA DE SINCRONISMO,EXACT_SAFE,1,1,411.0,1.0,2026-02-16,2,LINHA001,P.EQ.LINHA,55609,"CC LS 1L (12) N.V 4,99 ROL412 L01",LAVADORA GRFS DN1240105 H K LI,,Sistema Elétrico,10.0,"OBSERVACAO: FALTA DE PENTE ,FALHA NO SINCRONISMO. | EQUIPAMENTO: LAVADORA GRFS DN1240105 H K LI | CHAVE_1: Sistema Elétrico | SUBCHAVE:  | TIPO_PARADA: P.EQ.LINHA | LINHA: LINHA001"
1165,PINÇAS SOLTANDO GARRAFAS OBRSTRUINDO O SENSOR GERANDO FALHA NA ENCHEDORA / NOTA 13174325,PINCAS SOLTANDO GARRAFAS OBRSTRUINDO O SENSOR GERANDO FALHA NA ENCHEDORA NOTA 13174325,FALHA DE SENSOR,FALHA DE SENSOR,EXACT_SAFE,1,1,418.0,1.0,2026-02-16,2,LINHA006,P.EQ.LINHA,56298,CC PET 200ML FI (12) NV 14G LOLA T2G L06,BOMBA RESFRIAMENTO DE FUNDO GA,,,6.6,OBSERVACAO: PINÇAS SOLTANDO GARRAFAS OBRSTRUINDO O SENSOR GERANDO FALHA NA ENCHEDORA / NOTA 13174325 | EQUIPAMENTO: BOMBA RESFRIAMENTO DE FUNDO GA | CHAVE_1:  | SUBCHAVE:  | TIPO_PARADA: P.EQ.LINHA | LINHA: LINHA006
1166,FALHA NO CHECKMAT DE CONTROLE DO NIVEL DE ENCHIMENTO.,FALHA NO CHECKMAT DE CONTROLE DO NIVEL DE ENCHIMENTO,FALHA DE ENCHIMENTO,FALHA DE ENCHIMENTO,EXACT_SAFE,1,1,419.0,1.0,2026-02-16,2,LINHA006,P.EQ.LINHA,56298,CC PET 200ML FI (12) NV 14G LOLA T2G L06,INSPETOR CHECKMAT KRONES L06,,Sistema de rejeição,4.16,OBSERVACAO: FALHA NO CHECKMAT DE CONTROLE DO NIVEL DE ENCHIMENTO. | EQUIPAMENTO: INSPETOR CHECKMAT KRONES L06 | CHAVE_1: Sistema de rejeição | SUBCHAVE:  | TIPO_PARADA: P.EQ.LINHA | LINHA: LINHA006
1167,FALHA NO CHECKMAT CONTROLE DE NIVEL DE ENCHIMENTO.,FALHA NO CHECKMAT CONTROLE DE NIVEL DE ENCHIMENTO,FALHA DE ENCHIMENTO,FALHA DE ENCHIMENTO,EXACT_SAFE,1,1,420.0,1.0,2026-02-16,2,LINHA006,P.EQ.LINHA,56298,CC PET 200ML FI (12) NV 14G LOLA T2G L06,INSPETOR CHECKMAT KRONES L06,,Sistema de rejeição,13.92,OBSERVACAO: FALHA NO CHECKMAT CONTROLE DE NIVEL DE ENCHIMENTO. | EQUIPAMENTO: INSPETOR CHECKMAT KRONES L06 | CHAVE_1: Sistema de rejeição | SUBCHAVE:  | TIPO_PARADA: P.EQ.LINHA | LINHA: LINHA006
1168,FALHA NO CHECKMAT CONTROLE DE NIVEL DE ENCHIMENTO. ORDEM:30008367283,FALHA NO CHECKMAT CONTROLE DE NIVEL DE ENCHIMENTO ORDEM 30008367283,FALHA DE ENCHIMENTO,FALHA DE ENCHIMENTO,EXACT_SAFE,2,1,421.0,1.0,2026-02-16,2,LINHA006,P.EQ.LINHA,56298,CC PET 200ML FI (12) NV 14G LOLA T2G L06,INSPETOR CHECKMAT KRONES L06,,Sistema de rejeição,25.44,OBSERVACAO: FALHA NO CHECKMAT CONTROLE DE NIVEL DE ENCHIMENTO. ORDEM:30008367283 | EQUIPAMENTO: INSPETOR CHECKMAT KRONES L06 | CHAVE_1: Sistema de rejeição | SUBCHAVE:  | TIPO_PARADA: P.EQ.LINHA | LINHA: LINHA006
1178,PERSIANA DA GAIOLA TRAVADA.,PERSIANA DA GAIOLA TRAVADA,TRAVAMENTO DE PERSIANA,TRAVAMENTO DE PERSIANA,EXACT_SAFE,1,1,423.0,1.0,2026-02-16,2,LINHA003,P.EQ.LINHA,55934,CCZR PET 600ML FL (6) 17G FIFA L03,PALETIZADORA ROBOT KRO LI03,,Sistema de instrumentos e cont,7.5,OBSERVACAO: PERSIANA DA GAIOLA TRAVADA. | EQUIPAMENTO: PALETIZADORA ROBOT KRO LI03 | CHAVE_1: Sistema de instrumentos e cont | SUBCHAVE:  | TIPO_PARADA: P.EQ.LINHA | LINHA: LINHA003
1179,SAINDO GARRAFA VAZIA ENROSCOU NO TRANSPORTE DO VIDEOJET,SAINDO GARRAFA VAZIA ENROSCOU NO TRANSPORTE DO VIDEOJET,FALHA DE CODIFICAÇÃO,FALHA DE CODIFICACAO,EXACT_SAFE,1,1,424.0,1.0,2026-02-16,2,LINHA003,P.EQ.LINHA,55934,CCZR PET 600ML FL (6) 17G FIFA L03,ENCHEDORA EUROTRONICA FM LI03,,Sistema de enchimento,3.0,OBSERVACAO: SAINDO GARRAFA VAZIA ENROSCOU NO TRANSPORTE DO VIDEOJET | EQUIPAMENTO: ENCHEDORA EUROTRONICA FM LI03 | CHAVE_1: Sistema de enchimento | SUBCHAVE:  | TIPO_PARADA: P.EQ.LINHA | LINHA: LINHA003
1180,FALHA NO SENSOR DA PERSIANA DA GAIOLA NÃO ESTA FAZENDO A LEITURA CORRETA,FALHA NO SENSOR DA PERSIANA DA GAIOLA NAO ESTA FAZENDO A LEITURA CORRETA,FALHA DE SENSOR,FALHA DE SENSOR,EXACT_SAFE,1,1,425.0,1.0,2026-02-16,2,LINHA003,P.EQ.LINHA,55934,CCZR PET 600ML FL (6) 17G FIFA L03,PALETIZADORA ROBOT KRO LI03,,Sistema elétrico,39.0,OBSERVACAO: FALHA NO SENSOR DA PERSIANA DA GAIOLA NÃO ESTA FAZENDO A LEITURA CORRETA | EQUIPAMENTO: PALETIZADORA ROBOT KRO LI03 | CHAVE_1: Sistema elétrico | SUBCHAVE:  | TIPO_PARADA: P.EQ.LINHA | LINHA: LINHA003
1181,FALHA NO SENSOR DA PERSIANA DA GAIOLA NÃO ESTA FAZENDO A LEITURA CORRETA - ORDEM: 300083367091,FALHA NO SENSOR DA PERSIANA DA GAIOLA NAO ESTA FAZENDO A LEITURA CORRETA ORDEM 300083367091,FALHA DE SENSOR,FALHA DE SENSOR,EXACT_SAFE,3,1,426.0,1.0,2026-02-16,2,LINHA003,P.EQ.LINHA,55934,CCZR PET 600ML FL (6) 17G FIFA L03,PALETIZADORA ROBOT KRO LI03,,Sistema elétrico,25.0,OBSERVACAO: FALHA NO SENSOR DA PERSIANA DA GAIOLA NÃO ESTA FAZENDO A LEITURA CORRETA - ORDEM: 300083367091 | EQUIPAMENTO: PALETIZADORA ROBOT KRO LI03 | CHAVE_1: Sistema elétrico | SUBCHAVE:  | TIPO_PARADA: P.EQ.LINHA | LINHA: LINHA003
1182,FALHA DE DESARME DO MOTOR E SINCRONISMO,FALHA DE DESARME DO MOTOR E SINCRONISMO,DESARME DE MOTOR,DESARME DE MOTOR,EXACT_SAFE,1,1,410.0,1.0,2026-02-16,2,LINHA001,P.EQ.LINHA,55609,"CC LS 1L (12) N.V 4,99 ROL412 L01",LAVADORA GRFS DN1240105 H K LI,,Sistema Elétrico,15.79,OBSERVACAO: FALHA DE DESARME DO MOTOR E SINCRONISMO | EQUIPAMENTO: LAVADORA GRFS DN1240105 H K LI | CHAVE_1: Sistema Elétrico | SUBCHAVE:  | TIPO_PARADA: P.EQ.LINHA | LINHA: LINHA001
1183,"FALTA DE PENTE ,FALHA NO SINCRONISMO.",FALTA DE PENTE FALHA NO SINCRONISMO,FALHA DE SINCRONISMO,FALHA DE SINCRONISMO,EXACT_SAFE,1,1,411.0,1.0,2026-02-16,2,LINHA001,P.EQ.LINHA,55609,"CC LS 1L (12) N.V 4,99 ROL412 L01",LAVADORA GRFS DN1240105 H K LI,,Sistema Elétrico,10.0,"OBSERVACAO: FALTA DE PENTE ,FALHA NO SINCRONISMO. | EQUIPAMENTO: LAVADORA GRFS DN1240105 H K LI | CHAVE_1: Sistema Elétrico | SUBCHAVE:  | TIPO_PARADA: P.EQ.LINHA | LINHA: LINHA001"
1185,PINÇAS SOLTANDO GARRAFAS OBRSTRUINDO O SENSOR GERANDO FALHA NA ENCHEDORA / NOTA 13174325,PINCAS SOLTANDO GARRAFAS OBRSTRUINDO O SENSOR GERANDO FALHA NA ENCHEDORA NOTA 13174325,FALHA DE SENSOR,FALHA DE SENSOR,EXACT_SAFE,1,1,418.0,1.0,2026-02-16,2,LINHA006,P.EQ.LINHA,56298,CC PET 200ML FI (12) NV 14G LOLA T2G L06,BOMBA RESFRIAMENTO DE FUNDO GA,,,6.6,OBSERVACAO: PINÇAS SOLTANDO GARRAFAS OBRSTRUINDO O SENSOR GERANDO FALHA NA ENCHEDORA / NOTA 13174325 | EQUIPAMENTO: BOMBA RESFRIAMENTO DE FUNDO GA | CHAVE_1:  | SUBCHAVE:  | TIPO_PARADA: P.EQ.LINHA | LINHA: LINHA006
1186,FALHA NO CHECKMAT DE CONTROLE DO NIVEL DE ENCHIMENTO.,FALHA NO CHECKMAT DE CONTROLE DO NIVEL DE ENCHIMENTO,FALHA DE ENCHIMENTO,FALHA DE ENCHIMENTO,EXACT_SAFE,1,1,419.0,1.0,2026-02-16,2,LINHA006,P.EQ.LINHA,56298,CC PET 200ML FI (12) NV 14G LOLA T2G L06,INSPETOR CHECKMAT KRONES L06,,Sistema de rejeição,4.16,OBSERVACAO: FALHA NO CHECKMAT DE CONTROLE DO NIVEL DE ENCHIMENTO. | EQUIPAMENTO: INSPETOR CHECKMAT KRONES L06 | CHAVE_1: Sistema de rejeição | SUBCHAVE:  | TIPO_PARADA: P.EQ.LINHA | LINHA: LINHA006
1187,FALHA NO CHECKMAT CONTROLE DE NIVEL DE ENCHIMENTO.,FALHA NO CHECKMAT CONTROLE DE NIVEL DE ENCHIMENTO,FALHA DE ENCHIMENTO,FALHA DE ENCHIMENTO,EXACT_SAFE,1,1,420.0,1.0,2026-02-16,2,LINHA006,P.EQ.LINHA,56298,CC PET 200ML FI (12) NV 14G LOLA T2G L06,INSPETOR CHECKMAT KRONES L06,,Sistema de rejeição,13.92,OBSERVACAO: FALHA NO CHECKMAT CONTROLE DE NIVEL DE ENCHIMENTO. | EQUIPAMENTO: INSPETOR CHECKMAT KRONES L06 | CHAVE_1: Sistema de rejeição | SUBCHAVE:  | TIPO_PARADA: P.EQ.LINHA | LINHA: LINHA006
1188,FALHA NO CHECKMAT CONTROLE DE NIVEL DE ENCHIMENTO. ORDEM:30008367283,FALHA NO CHECKMAT CONTROLE DE NIVEL DE ENCHIMENTO ORDEM 30008367283,FALHA DE ENCHIMENTO,FALHA DE ENCHIMENTO,EXACT_SAFE,2,1,421.0,1.0,2026-02-16,2,LINHA006,P.EQ.LINHA,56298,CC PET 200ML FI (12) NV 14G LOLA T2G L06,INSPETOR CHECKMAT KRONES L06,,Sistema de rejeição,25.44,OBSERVACAO: FALHA NO CHECKMAT CONTROLE DE NIVEL DE ENCHIMENTO. ORDEM:30008367283 | EQUIPAMENTO: INSPETOR CHECKMAT KRONES L06 | CHAVE_1: Sistema de rejeição | SUBCHAVE:  | TIPO_PARADA: P.EQ.LINHA | LINHA: LINHA006
1198,PERSIANA DA GAIOLA TRAVADA.,PERSIANA DA GAIOLA TRAVADA,TRAVAMENTO DE PERSIANA,TRAVAMENTO DE PERSIANA,EXACT_SAFE,1,1,423.0,1.0,2026-02-16,2,LINHA003,P.EQ.LINHA,55934,CCZR PET 600ML FL (6) 17G FIFA L03,PALETIZADORA ROBOT KRO LI03,,Sistema de instrumentos e cont,7.5,OBSERVACAO: PERSIANA DA GAIOLA TRAVADA. | EQUIPAMENTO: PALETIZADORA ROBOT KRO LI03 | CHAVE_1: Sistema de instrumentos e cont | SUBCHAVE:  | TIPO_PARADA: P.EQ.LINHA | LINHA: LINHA003
1199,SAINDO GARRAFA VAZIA ENROSCOU NO TRANSPORTE DO VIDEOJET,SAINDO GARRAFA VAZIA ENROSCOU NO TRANSPORTE DO VIDEOJET,FALHA DE CODIFICAÇÃO,FALHA DE CODIFICACAO,EXACT_SAFE,1,1,424.0,1.0,2026-02-16,2,LINHA003,P.EQ.LINHA,55934,CCZR PET 600ML FL (6) 17G FIFA L03,ENCHEDORA EUROTRONICA FM LI03,,Sistema de enchimento,3.0,OBSERVACAO: SAINDO GARRAFA VAZIA ENROSCOU NO TRANSPORTE DO VIDEOJET | EQUIPAMENTO: ENCHEDORA EUROTRONICA FM LI03 | CHAVE_1: Sistema de enchimento | SUBCHAVE:  | TIPO_PARADA: P.EQ.LINHA | LINHA: LINHA003
1200,FALHA NO SENSOR DA PERSIANA DA GAIOLA NÃO ESTA FAZENDO A LEITURA CORRETA,FALHA NO SENSOR DA PERSIANA DA GAIOLA NAO ESTA FAZENDO A LEITURA CORRETA,FALHA DE SENSOR,FALHA DE SENSOR,EXACT_SAFE,1,1,425.0,1.0,2026-02-16,2,LINHA003,P.EQ.LINHA,55934,CCZR PET 600ML FL (6) 17G FIFA L03,PALETIZADORA ROBOT KRO LI03,,Sistema elétrico,39.0,OBSERVACAO: FALHA NO SENSOR DA PERSIANA DA GAIOLA NÃO ESTA FAZENDO A LEITURA CORRETA | EQUIPAMENTO: PALETIZADORA ROBOT KRO LI03 | CHAVE_1: Sistema elétrico | SUBCHAVE:  | TIPO_PARADA: P.EQ.LINHA | LINHA: LINHA003
1201,FALHA NO SENSOR DA PERSIANA DA GAIOLA NÃO ESTA FAZENDO A LEITURA CORRETA - ORDEM: 300083367091,FALHA NO SENSOR DA PERSIANA DA GAIOLA NAO ESTA FAZENDO A LEITURA CORRETA ORDEM 300083367091,FALHA DE SENSOR,FALHA DE SENSOR,EXACT_SAFE,3,1,426.0,1.0,2026-02-16,2,LINHA003,P.EQ.LINHA,55934,CCZR PET 600ML FL (6) 17G FIFA L03,PALETIZADORA ROBOT KRO LI03,,Sistema elétrico,25.0,OBSERVACAO: FALHA NO SENSOR DA PERSIANA DA GAIOLA NÃO ESTA FAZENDO A LEITURA CORRETA - ORDEM: 300083367091 | EQUIPAMENTO: PALETIZADORA ROBOT KRO LI03 | CHAVE_1: Sistema elétrico | SUBCHAVE:  | TIPO_PARADA: P.EQ.LINHA | LINHA: LINHA003
1202,FALHA NO SERVO DO EIXO DE TRANSLAÇÃO / 30008369451,FALHA NO SERVO DO EIXO DE TRANSLACAO 30008369451,FALHA DE SERVO MOTOR,FALHA DE SERVO MOTOR,EXACT_SAFE,1,1,430.0,1.0,2026-02-17,1,LINHA001,P.EQ.LINHA,55609,"CC LS 1L (12) N.V 4,99 ROL412 L01",PALETIZADORA,,,12.0,OBSERVACAO: FALHA NO SERVO DO EIXO DE TRANSLAÇÃO / 30008369451 | EQUIPAMENTO: PALETIZADORA | CHAVE_1:  | SUBCHAVE:  | TIPO_PARADA: P.EQ.LINHA | LINHA: LINHA001
1203,FALHA DE SINCRONISMO CONTAGEM DE PENTES COM FALTA DE DOIS PENTES.ORDEM.30008369447.,FALHA DE SINCRONISMO CONTAGEM DE PENTES COM FALTA DE DOIS PENTES ORDEM 30008369447,FALHA DE CONTAGEM,FALHA DE CONTAGEM,EXACT_SAFE,1,1,432.0,1.0,2026-02-17,2,LINHA001,P.EQ.LINHA,55609,"CC LS 1L (12) N.V 4,99 ROL412 L01",LAVADORA GRFS DN1240105 H K LI,,Estrutura,12.0,OBSERVACAO: FALHA DE SINCRONISMO CONTAGEM DE PENTES COM FALTA DE DOIS PENTES.ORDEM.30008369447. | EQUIPAMENTO: LAVADORA GRFS DN1240105 H K LI | CHAVE_1: Estrutura | SUBCHAVE:  | TIPO_PARADA: P.EQ.LINHA | LINHA: LINHA001
1204,"VÁLVULA TRAVANDO ,OCASIONANDO QUEDAS DE GARRAFAS.ORDEM..3000836977",VALVULA TRAVANDO OCASIONANDO QUEDAS DE GARRAFAS ORDEM 3000836977,TRAVAMENTO DE VÁLVULA,TRAVAMENTO DE VALVULA,EXACT_SAFE,1,1,433.0,1.0,2026-02-17,2,LINHA001,P.EQ.LINHA,55609,"CC LS 1L (12) N.V 4,99 ROL412 L01",DESENCAIX VAN 1351441 H K LI01,,Sistema Pneumático,28.0,"OBSERVACAO: VÁLVULA TRAVANDO ,OCASIONANDO QUEDAS DE GARRAFAS.ORDEM..3000836977 | EQUIPAMENTO: DESENCAIX VAN 1351441 H K LI01 | CHAVE_1: Sistema Pneumático | SUBCHAVE:  | TIPO_PARADA: P.EQ.LINHA | LINHA: LINHA001"
1205,CABEÇOTE FALTANDO VENTOSA,CABECOTE FALTANDO VENTOSA,FALHA DE VENTOSA,FALHA DE VENTOSA,EXACT_SAFE,1,1,434.0,1.0,2026-02-17,3,LINHA004,P.EQ.LINHA,56335,CCZR LT 220ML FI (6) LT888 TP PRETA L04,PALETIZADORA ROBOKOMBI SID LI0,Qualidade de peças,Estrutura,8.0,OBSERVACAO: CABEÇOTE FALTANDO VENTOSA | EQUIPAMENTO: PALETIZADORA ROBOKOMBI SID LI0 | CHAVE_1: Estrutura | SUBCHAVE: Qualidade de peças | TIPO_PARADA: P.EQ.LINHA | LINHA: LINHA004
1206,FALHAS DE ENCHIMENTO NAS PARTIDAS DA ENCHEDORA,FALHAS DE ENCHIMENTO NAS PARTIDAS DA ENCHEDORA,FALHA DE ENCHIMENTO,FALHA DE ENCHIMENTO,EXACT_SAFE,1,1,435.0,1.0,2026-02-17,3,LINHA004,P.EQ.LINHA,56335,CCZR LT 220ML FI (6) LT888 TP PRETA L04,ENCHEDORA STARCANS FM E 91 LI0,,Sistema de enchimento,8.0,OBSERVACAO: FALHAS DE ENCHIMENTO NAS PARTIDAS DA ENCHEDORA | EQUIPAMENTO: ENCHEDORA STARCANS FM E 91 LI0 | CHAVE_1: Sistema de enchimento | SUBCHAVE:  | TIPO_PARADA: P.EQ.LINHA | LINHA: LINHA004
1208,MAL CONTATO DO SENSOR DA ESTEIRA DE SAIDA,MAL CONTATO DO SENSOR DA ESTEIRA DE SAIDA,FALHA DE SENSOR,FALHA DE SENSOR,EXACT_SAFE,1,1,437.0,1.0,2026-02-17,2,LINHA006,P.EQ.LINHA,56298,CC PET 200ML FI (12) NV 14G LOLA T2G L06,INSPETOR CHECKMAT KRONES L06,,Sistema de rejeição,2.4,OBSERVACAO: MAL CONTATO DO SENSOR DA ESTEIRA DE SAIDA | EQUIPAMENTO: INSPETOR CHECKMAT KRONES L06 | CHAVE_1: Sistema de rejeição | SUBCHAVE:  | TIPO_PARADA: P.EQ.LINHA | LINHA: LINHA006
1209,ALIMENTADOR DE TAMPA MANGUEIRA RESSECADA QUE ALIMENTA O CILINDRO DE ABERTURA DA TAMPA DO TAMBADOR DE TAMPA SERÁ NECESSÁRIO A TROCA.13175078,ALIMENTADOR DE TAMPA MANGUEIRA RESSECADA QUE ALIMENTA O CILINDRO DE ABERTURA DA TAMPA DO TAMBADOR DE TAMPA SERA NECESSARIO A TROCA 13175078,ROMPIMENTO DE MANGUEIRA DE AR,ROMPIMENTO DE MANGUEIRA DE AR,EXACT_SAFE,1,1,438.0,1.0,2026-02-17,2,LINHA006,P.EQ.LINHA,56298,CC PET 200ML FI (12) NV 14G LOLA T2G L06,ALIMENTADOR DE TAMPAS KRONES L,,Sistema pneumático,13.92,OBSERVACAO: ALIMENTADOR DE TAMPA MANGUEIRA RESSECADA QUE ALIMENTA O CILINDRO DE ABERTURA DA TAMPA DO TAMBADOR DE TAMPA SERÁ NECESSÁRIO A TROCA.13175078 | EQUIPAMENTO: ALIMENTADOR DE TAMPAS KRONES L | CHAVE_1: Sistema pneumático | SUBCHAVE:  | TIPO_PARADA: P.EQ.LINHA | LINHA: LINHA006
1210,FALHA NO SENSOR DE ESTEIRA LENTA,FALHA NO SENSOR DE ESTEIRA LENTA,FALHA DE SENSOR,FALHA DE SENSOR,EXACT_SAFE,1,1,439.0,1.0,2026-02-17,2,LINHA006,P.EQ.LINHA,56298,CC PET 200ML FI (12) NV 14G LOLA T2G L06,PALETIZADORA OCME L06,,Sistema elétrico,3.0,OBSERVACAO: FALHA NO SENSOR DE ESTEIRA LENTA | EQUIPAMENTO: PALETIZADORA OCME L06 | CHAVE_1: Sistema elétrico | SUBCHAVE:  | TIPO_PARADA: P.EQ.LINHA | LINHA: LINHA006
1221,"TEMPERATURA ELEVADA, ENCHEDORA NÃO ATINGE O NOMINAL DA LINHA / 30008370911",TEMPERATURA ELEVADA ENCHEDORA NAO ATINGE O NOMINAL DA LINHA 30008370911,FALHA DE CONTROLE DE TEMPERATURA,FALHA DE CONTROLE DE TEMPERATURA,EXACT_SAFE,3,1,440.0,1.0,2026-02-18,1,LINHA001,P.EQ.LINHA,55957,CC KS ULTRA 290ML (24) N.V ROL372 L01,TROCADOR CALOR S21A BRS10 ICP,,SISTEMA ESTRUTURA S21A BRS10 I,24.43,"OBSERVACAO: TEMPERATURA ELEVADA, ENCHEDORA NÃO ATINGE O NOMINAL DA LINHA / 30008370911 | EQUIPAMENTO: TROCADOR CALOR S21A BRS10 ICP | CHAVE_1: SISTEMA ESTRUTURA S21A BRS10 I | SUBCHAVE:  | TIPO_PARADA: P.EQ.LINHA | LINHA: LINHA001"
1222,PARAFUSO DO SUPORTE DO CABEÇOTE.ORDEM.30008171718,PARAFUSO DO SUPORTE DO CABECOTE ORDEM 30008171718,FALHA DE FIXAÇÃO,FALHA DE FIXACAO,EXACT_SAFE,1,1,443.0,1.0,2026-02-18,2,LINHA001,P.EQ.LINHA,55957,CC KS ULTRA 290ML (24) N.V ROL372 L01,ENCAIXOTADORA VAN H K LI01,,Estrutura,4.0,OBSERVACAO: PARAFUSO DO SUPORTE DO CABEÇOTE.ORDEM.30008171718 | EQUIPAMENTO: ENCAIXOTADORA VAN H K LI01 | CHAVE_1: Estrutura | SUBCHAVE:  | TIPO_PARADA: P.EQ.LINHA | LINHA: LINHA001
1223,FALHA MASTERIZAÇÃO DA DESPAL.,FALHA MASTERIZACAO DA DESPAL,PERDA DE REFERÊNCIA,PERDA DE REFERENCIA,EXACT_SAFE,1,1,444.0,1.0,2026-02-18,2,LINHA001,P.EQ.LINHA,55957,CC KS ULTRA 290ML (24) N.V ROL372 L01,DESPALETIZADORA,,,13.0,OBSERVACAO: FALHA MASTERIZAÇÃO DA DESPAL. | EQUIPAMENTO: DESPALETIZADORA | CHAVE_1:  | SUBCHAVE:  | TIPO_PARADA: P.EQ.LINHA | LINHA: LINHA001
1224,"PARADA DE EQUIPAMENTO ,FALHA NO SERVO DE TRANSLAÇÃO.",PARADA DE EQUIPAMENTO FALHA NO SERVO DE TRANSLACAO,FALHA DE SERVO MOTOR,FALHA DE SERVO MOTOR,EXACT_SAFE,1,1,445.0,1.0,2026-02-18,2,LINHA001,P.EQ.LINHA,55957,CC KS ULTRA 290ML (24) N.V ROL372 L01,PALETIZADORA,,,17.0,"OBSERVACAO: PARADA DE EQUIPAMENTO ,FALHA NO SERVO DE TRANSLAÇÃO. | EQUIPAMENTO: PALETIZADORA | CHAVE_1:  | SUBCHAVE:  | TIPO_PARADA: P.EQ.LINHA | LINHA: LINHA001"
1227,FALHA CHEQUE MATE,FALHA CHEQUE MATE,FALHA DE INSPEÇÃO,FALHA DE INSPECAO,EXACT_SAFE,1,1,450.0,1.0,2026-02-18,2,LINHA006,P.EQ.LINHA,56298,CC PET 200ML FI (12) NV 14G LOLA T2G L06,INSPETOR CHECKMAT KRONES L06,,Sistema de rejeição,2.4,OBSERVACAO: FALHA CHEQUE MATE | EQUIPAMENTO: INSPETOR CHECKMAT KRONES L06 | CHAVE_1: Sistema de rejeição | SUBCHAVE:  | TIPO_PARADA: P.EQ.LINHA | LINHA: LINHA006
1228,SUJEIRA NO FILTRO,SUJEIRA NO FILTRO,FALHA DE FILTRO,FALHA DE FILTRO,EXACT_SAFE,1,1,451.0,1.0,2026-02-18,2,LINHA006,P.EQ.LINHA,56298,CC PET 200ML FI (12) NV 14G LOLA T2G L06,BOMBA RESFRIAMENTO DE FUNDO GA,,,18.72,OBSERVACAO: SUJEIRA NO FILTRO | EQUIPAMENTO: BOMBA RESFRIAMENTO DE FUNDO GA | CHAVE_1:  | SUBCHAVE:  | TIPO_PARADA: P.EQ.LINHA | LINHA: LINHA006
1236,VELOCIDADE REDUZIDA,VELOCIDADE REDUZIDA,VELOCIDADE REDUZIDA SEM CAUSA IDENTIFICADA,VELOCIDADE REDUZIDA SEM CAUSA IDENTIFICADA,EXACT_SAFE,3,1,1306.0,1.0,2026-07-16,3,LINHA004,P.EQ.LINHA,55376,SCH CITRUS LT 350ML FI (6) N.V LT693 L04,ENCHEDORA STARCANS FM E 91 LI0,Qualidade de peças,Estrutura,1.68,OBSERVACAO: VELOCIDADE REDUZIDA | EQUIPAMENTO: ENCHEDORA STARCANS FM E 91 LI0 | CHAVE_1: Estrutura | SUBCHAVE: Qualidade de peças | TIPO_PARADA: P.EQ.LINHA | LINHA: LINHA004
1241,"CODIFICAÇÃO EMBAÇADA, AJUSTE SOPRADOR / 30008374169",CODIFICACAO EMBACADA AJUSTE SOPRADOR 30008374169,FALHA DE CODIFICAÇÃO,FALHA DE CODIFICACAO,EXACT_SAFE,1,1,460.0,1.0,2026-02-19,1,LINHA001,P.EQ.LINHA,55609,"CC LS 1L (12) N.V 4,99 ROL412 L01",DATADORA MARKEM IMAJE 9450S,,,8.33,"OBSERVACAO: CODIFICAÇÃO EMBAÇADA, AJUSTE SOPRADOR / 30008374169 | EQUIPAMENTO: DATADORA MARKEM IMAJE 9450S | CHAVE_1:  | SUBCHAVE:  | TIPO_PARADA: P.EQ.LINHA | LINHA: LINHA001"
1242,QUEBRA DA RODA-LOCA Z 21 / 30008374182,QUEBRA DA RODA LOCA Z 21 30008374182,QUEBRA DE COMPONENTE,QUEBRA DE COMPONENTE,EXACT_SAFE,1,1,461.0,1.0,2026-02-19,2,LINHA001,P.EQ.LINHA,55609,"CC LS 1L (12) N.V 4,99 ROL412 L01",TRANSP GRFS ENCH ENCA,Correia de transmissão danific,Sistema Motriz,17.33,OBSERVACAO: QUEBRA DA RODA-LOCA Z 21 / 30008374182 | EQUIPAMENTO: TRANSP GRFS ENCH ENCA | CHAVE_1: Sistema Motriz | SUBCHAVE: Correia de transmissão danific | TIPO_PARADA: P.EQ.LINHA | LINHA: LINHA001
1243,"LIMPEZA DA LENTE INTERNA ,POIS NÃO ESTAVA VALIDANDO A GARRAFA N.11.ORDEM..30008374570",LIMPEZA DA LENTE INTERNA POIS NAO ESTAVA VALIDANDO A GARRAFA N 11 ORDEM 30008374570,FALHA DE INSPEÇÃO,FALHA DE INSPECAO,EXACT_SAFE,1,1,462.0,1.0,2026-02-19,2,LINHA001,P.EQ.LINHA,55609,"CC LS 1L (12) N.V 4,99 ROL412 L01",INSPETOR DE GARRAFAS VAZIAS HE,,,19.0,"OBSERVACAO: LIMPEZA DA LENTE INTERNA ,POIS NÃO ESTAVA VALIDANDO A GARRAFA N.11.ORDEM..30008374570 | EQUIPAMENTO: INSPETOR DE GARRAFAS VAZIAS HE | CHAVE_1:  | SUBCHAVE:  | TIPO_PARADA: P.EQ.LINHA | LINHA: LINHA001"
1244,DESARME DA ESTEIRA DE SAIDA DA ENCAIXOTADORA.,DESARME DA ESTEIRA DE SAIDA DA ENCAIXOTADORA,DESARME DE ESTEIRA,DESARME DE ESTEIRA,EXACT_SAFE,1,1,463.0,1.0,2026-02-19,2,LINHA001,P.EQ.LINHA,55609,"CC LS 1L (12) N.V 4,99 ROL412 L01",ENCAIXOTADORA VAN H K LI01,,Sistema elétrico,6.0,OBSERVACAO: DESARME DA ESTEIRA DE SAIDA DA ENCAIXOTADORA. | EQUIPAMENTO: ENCAIXOTADORA VAN H K LI01 | CHAVE_1: Sistema elétrico | SUBCHAVE:  | TIPO_PARADA: P.EQ.LINHA | LINHA: LINHA001
1245,COLISÃO DA GARRAFA NO CABEÇOTE COM O CENTRALIZADOR PROVOCOU O ENTORTAMENTO DA CHAPA DO CABEÇOTE.,COLISAO DA GARRAFA NO CABECOTE COM O CENTRALIZADOR PROVOCOU O ENTORTAMENTO DA CHAPA DO CABECOTE,DESALINHAMENTO DE GUIA,DESALINHAMENTO DE GUIA,EXACT_SAFE,1,1,464.0,1.0,2026-02-19,2,LINHA001,P.EQ.LINHA,55609,"CC LS 1L (12) N.V 4,99 ROL412 L01",ENCAIXOTADORA VAN H K LI01,,Sistema de instrumentos e cont,12.0,OBSERVACAO: COLISÃO DA GARRAFA NO CABEÇOTE COM O CENTRALIZADOR PROVOCOU O ENTORTAMENTO DA CHAPA DO CABEÇOTE. | EQUIPAMENTO: ENCAIXOTADORA VAN H K LI01 | CHAVE_1: Sistema de instrumentos e cont | SUBCHAVE:  | TIPO_PARADA: P.EQ.LINHA | LINHA: LINHA001
1246,"PALETIZADORA PARADA,OBS.O PROBLEMA DE MASTERIZAÇÃO.",PALETIZADORA PARADA OBS O PROBLEMA DE MASTERIZACAO,PERDA DE REFERÊNCIA,PERDA DE REFERENCIA,EXACT_SAFE,1,1,465.0,1.0,2026-02-19,2,LINHA001,P.EQ.LINHA,55609,"CC LS 1L (12) N.V 4,99 ROL412 L01",PALETIZADORA,,,11.0,"OBSERVACAO: PALETIZADORA PARADA,OBS.O PROBLEMA DE MASTERIZAÇÃO. | EQUIPAMENTO: PALETIZADORA | CHAVE_1:  | SUBCHAVE:  | TIPO_PARADA: P.EQ.LINHA | LINHA: LINHA001"
1261,VELOCIDADE REDUZIDA,VELOCIDADE REDUZIDA,VELOCIDADE REDUZIDA SEM CAUSA IDENTIFICADA,VELOCIDADE REDUZIDA SEM CAUSA IDENTIFICADA,EXACT_SAFE,3,1,1306.0,1.0,2026-07-16,3,LINHA004,P.EQ.LINHA,55376,SCH CITRUS LT 350ML FI (6) N.V LT693 L04,ENCHEDORA STARCANS FM E 91 LI0,Qualidade de peças,Estrutura,1.68,OBSERVACAO: VELOCIDADE REDUZIDA | EQUIPAMENTO: ENCHEDORA STARCANS FM E 91 LI0 | CHAVE_1: Estrutura | SUBCHAVE: Qualidade de peças | TIPO_PARADA: P.EQ.LINHA | LINHA: LINHA004
1269,"PINCAS SOLTANDO GARRAFAS OBSTRINDO O SENSOR, GERANDO FALHA NA REFRIGERAÇÃO DE FUNDO .",PINCAS SOLTANDO GARRAFAS OBSTRINDO O SENSOR GERANDO FALHA NA REFRIGERACAO DE FUNDO,FALHA DE SENSOR,FALHA DE SENSOR,EXACT_SAFE,1,1,467.0,1.0,2026-02-24,2,LINHA006,P.EQ.LINHA,56298,CC PET 200ML FI (12) NV 14G LOLA T2G L06,BOMBA RESFRIAMENTO DE FUNDO GA,,,8.16,"OBSERVACAO: PINCAS SOLTANDO GARRAFAS OBSTRINDO O SENSOR, GERANDO FALHA NA REFRIGERAÇÃO DE FUNDO . | EQUIPAMENTO: BOMBA RESFRIAMENTO DE FUNDO GA | CHAVE_1:  | SUBCHAVE:  | TIPO_PARADA: P.EQ.LINHA | LINHA: LINHA006"
1270,FALHA DE SUJEIRA DO FILTRO DA REFRIGERAÇÃO DE FUNDO .,FALHA DE SUJEIRA DO FILTRO DA REFRIGERACAO DE FUNDO,FALHA NA REFRIGERAÇÃO DE FUNDO,FALHA NA REFRIGERACAO DE FUNDO,EXACT_SAFE,1,1,468.0,1.0,2026-02-24,2,LINHA006,P.EQ.LINHA,56298,CC PET 200ML FI (12) NV 14G LOLA T2G L06,BOMBA RESFRIAMENTO DE FUNDO GA,,,31.2,OBSERVACAO: FALHA DE SUJEIRA DO FILTRO DA REFRIGERAÇÃO DE FUNDO . | EQUIPAMENTO: BOMBA RESFRIAMENTO DE FUNDO GA | CHAVE_1:  | SUBCHAVE:  | TIPO_PARADA: P.EQ.LINHA | LINHA: LINHA006
1280,FALHA NO SENSOR DA GAIOLA,FALHA NO SENSOR DA GAIOLA,FALHA DE SENSOR,FALHA DE SENSOR,EXACT_SAFE,1,1,1368.0,1.0,2026-07-25,2,LINHA003,P.EQ.LINHA,56424,CCMA PET 2L FL (6) N.V 38G LOLA T2G L03,PALETIZADORA ROBOT KRO LI03,,Sistema de instrumentos e cont,18.0,OBSERVACAO: FALHA NO SENSOR DA GAIOLA | EQUIPAMENTO: PALETIZADORA ROBOT KRO LI03 | CHAVE_1: Sistema de instrumentos e cont | SUBCHAVE:  | TIPO_PARADA: P.EQ.LINHA | LINHA: LINHA003
1282,FALHA NO CORTE DO FILME,FALHA NO CORTE DO FILME,FALHA DE CORTE DE FILME,FALHA DE CORTE DE FILME,EXACT_SAFE,1,1,1587.0,1.0,2026-09-07,2,LINHA003,P.EQ.LINHA,56424,CCMA PET 2L FL (6) N.V 38G LOLA T2G L03,EMPACOTADORA VARIOPAC KRO LI03,,Sistema de Instrumentos e cont,57.0,OBSERVACAO: FALHA NO CORTE DO FILME | EQUIPAMENTO: EMPACOTADORA VARIOPAC KRO LI03 | CHAVE_1: Sistema de Instrumentos e cont | SUBCHAVE:  | TIPO_PARADA: P.EQ.LINHA | LINHA: LINHA003
1299,EXCESSO DE FALSO REJEITO,EXCESSO DE FALSO REJEITO,FALHA DE REJEIÇÃO,FALHA DE REJEICAO,EXACT_SAFE,1,1,310.0,1.0,2026-01-31,1,LINHA006,P.EQ.LINHA,56443,CCZR PET 200ML FI (12) N.V 14G T2G L06,INSPETOR CHECKMAT KRONES L06,,Sistema de rejeição,7.57,OBSERVACAO: EXCESSO DE FALSO REJEITO | EQUIPAMENTO: INSPETOR CHECKMAT KRONES L06 | CHAVE_1: Sistema de rejeição | SUBCHAVE:  | TIPO_PARADA: P.EQ.LINHA | LINHA: LINHA006
1324,FALHA NA REFRIGERACAO DE FUNDO DA GARRAFA,FALHA NA REFRIGERACAO DE FUNDO DA GARRAFA,FALHA NA REFRIGERAÇÃO DE FUNDO,FALHA NA REFRIGERACAO DE FUNDO,EXACT_SAFE,2,1,404.0,1.0,2026-02-13,2,LINHA006,P.EQ.LINHA,56443,CCZR PET 200ML FI (12) N.V 14G T2G L06,BOMBA RESFRIAMENTO DE FUNDO GA,,,2.4,OBSERVACAO: FALHA NA REFRIGERACAO DE FUNDO DA GARRAFA | EQUIPAMENTO: BOMBA RESFRIAMENTO DE FUNDO GA | CHAVE_1:  | SUBCHAVE:  | TIPO_PARADA: P.EQ.LINHA | LINHA: LINHA006
1325,"ROLO DO CARPETE TORTO NOTA , 30008400277",ROLO DO CARPETE TORTO NOTA 30008400277,FALHA DE ROLO DE ESTIRAMENTO,FALHA DE ROLO DE ESTIRAMENTO,EXACT_SAFE,4,1,474.0,1.0,2026-02-26,1,LINHA002,P.EQ.LINHA,56424,CCMA PET 2L FL (6) N.V 38G LOLA T2G L02,ENVOLVEDORA ROB LI02,,Sistema de instrumentos e cont,4.0,"OBSERVACAO: ROLO DO CARPETE TORTO NOTA , 30008400277 | EQUIPAMENTO: ENVOLVEDORA ROB LI02 | CHAVE_1: Sistema de instrumentos e cont | SUBCHAVE:  | TIPO_PARADA: P.EQ.LINHA | LINHA: LINHA002"
1327,FALHA NA IMPRESSÃO,FALHA NA IMPRESSAO,FALHA DE CODIFICAÇÃO,FALHA DE CODIFICACAO,EXACT_SAFE,1,1,1.0,1.0,2026-01-02,2,LINHA001,P.EQ.LINHA,55609,"CC LS 1L (12) N.V 4,99 ROL412 L01",DATADORA MARKEM IMAJE 9450S,,,10.0,OBSERVACAO: FALHA NA IMPRESSÃO | EQUIPAMENTO: DATADORA MARKEM IMAJE 9450S | CHAVE_1:  | SUBCHAVE:  | TIPO_PARADA: P.EQ.LINHA | LINHA: LINHA001
1349,FALHA DE IMPRESSÃO DESARMANDO,FALHA DE IMPRESSAO DESARMANDO,FALHA DE CODIFICAÇÃO,FALHA DE CODIFICACAO,EXACT_SAFE,1,1,478.0,1.0,2026-02-26,2,LINHA003,P.EQ.LINHA,56568,SPRITE PET 200ML FI (12) 14G F439 L03,CODIFICADORA 3320 VID LI03,,Sistema Elétrico,13.71,OBSERVACAO: FALHA DE IMPRESSÃO DESARMANDO | EQUIPAMENTO: CODIFICADORA 3320 VID LI03 | CHAVE_1: Sistema Elétrico | SUBCHAVE:  | TIPO_PARADA: P.EQ.LINHA | LINHA: LINHA003
1350,QUEDA DE GARRAFAS NA MESA DE ENTRADA - 30008260036,QUEDA DE GARRAFAS NA MESA DE ENTRADA 30008260036,QUEDA DE GARRAFAS,QUEDA DE GARRAFAS,EXACT_SAFE,1,1,479.0,1.0,2026-02-27,1,LINHA001,P.EQ.LINHA,55834,FT LAR KS NORDIC 290ML (24) N.V L01,LAVADORA GRFS DN1240105 H K LI,,Estrutura,10.0,OBSERVACAO: QUEDA DE GARRAFAS NA MESA DE ENTRADA - 30008260036 | EQUIPAMENTO: LAVADORA GRFS DN1240105 H K LI | CHAVE_1: Estrutura | SUBCHAVE:  | TIPO_PARADA: P.EQ.LINHA | LINHA: LINHA001
1351,EXCESSO DE REJEIÇÃO DE GARRAFA NO ASEBI.ORDEM 30008403451,EXCESSO DE REJEICAO DE GARRAFA NO ASEBI ORDEM 30008403451,FALHA DE INSPEÇÃO,FALHA DE INSPECAO,EXACT_SAFE,2,1,480.0,1.0,2026-02-27,1,LINHA001,P.EQ.LINHA,55834,FT LAR KS NORDIC 290ML (24) N.V L01,INSPETOR DE GARRAFAS VAZIAS HE,,,12.9,OBSERVACAO: EXCESSO DE REJEIÇÃO DE GARRAFA NO ASEBI.ORDEM 30008403451 | EQUIPAMENTO: INSPETOR DE GARRAFAS VAZIAS HE | CHAVE_1:  | SUBCHAVE:  | TIPO_PARADA: P.EQ.LINHA | LINHA: LINHA001
1352,CABEÇOTE COM PEGA DE CAMADA FORA DE POSIÇÃO ORDEM 30008403452,CABECOTE COM PEGA DE CAMADA FORA DE POSICAO ORDEM 30008403452,FALHA NA PEGADA DE CAMADA,FALHA NA PEGADA DE CAMADA,EXACT_SAFE,1,1,482.0,1.0,2026-02-27,1,LINHA001,P.EQ.LINHA,55834,FT LAR KS NORDIC 290ML (24) N.V L01,DESPALETIZADORA,,,10.0,OBSERVACAO: CABEÇOTE COM PEGA DE CAMADA FORA DE POSIÇÃO ORDEM 30008403452 | EQUIPAMENTO: DESPALETIZADORA | CHAVE_1:  | SUBCHAVE:  | TIPO_PARADA: P.EQ.LINHA | LINHA: LINHA001
1353,"CRASCH GARRAFA NA SAIDA DO ASEBI,ORDEM 30008403457",CRASCH GARRAFA NA SAIDA DO ASEBI ORDEM 30008403457,FALHA DE INSPEÇÃO,FALHA DE INSPECAO,EXACT_SAFE,2,1,483.0,1.0,2026-02-27,1,LINHA001,P.EQ.LINHA,55834,FT LAR KS NORDIC 290ML (24) N.V L01,INSPETOR DE GARRAFAS VAZIAS HE,,,9.25,"OBSERVACAO: CRASCH GARRAFA NA SAIDA DO ASEBI,ORDEM 30008403457 | EQUIPAMENTO: INSPETOR DE GARRAFAS VAZIAS HE | CHAVE_1:  | SUBCHAVE:  | TIPO_PARADA: P.EQ.LINHA | LINHA: LINHA001"
1354,TROCA DA VEDAÇÃO DO CARBO,TROCA DA VEDACAO DO CARBO,FALHA DE VEDAÇÃO,FALHA DE VEDACAO,EXACT_SAFE,1,1,485.0,1.0,2026-02-27,2,LINHA001,P.EQ.LINHA,55860,SPRITE KS NORDIC 290ML (24) N.V L01,ENCHEDORA VVF 63/12 H K LI01,,Sistema de instrumentos e cont,30.0,OBSERVACAO: TROCA DA VEDAÇÃO DO CARBO | EQUIPAMENTO: ENCHEDORA VVF 63/12 H K LI01 | CHAVE_1: Sistema de instrumentos e cont | SUBCHAVE:  | TIPO_PARADA: P.EQ.LINHA | LINHA: LINHA001
1355,TROCA DE VEDAÇÃO DA TUBULAÇÃO DE BEBIDA.,TROCA DE VEDACAO DA TUBULACAO DE BEBIDA,FALHA DE VEDAÇÃO,FALHA DE VEDACAO,EXACT_SAFE,1,1,486.0,1.0,2026-02-27,2,LINHA001,P.EQ.LINHA,55860,SPRITE KS NORDIC 290ML (24) N.V L01,CONJUNTO FILTRACAO N2 D H LI01,,Estrutura,10.0,OBSERVACAO: TROCA DE VEDAÇÃO DA TUBULAÇÃO DE BEBIDA. | EQUIPAMENTO: CONJUNTO FILTRACAO N2 D H LI01 | CHAVE_1: Estrutura | SUBCHAVE:  | TIPO_PARADA: P.EQ.LINHA | LINHA: LINHA001
1356,SENSOR DE TAMPA .,SENSOR DE TAMPA,FALHA DE SENSOR,FALHA DE SENSOR,EXACT_SAFE,1,1,487.0,1.0,2026-02-27,2,LINHA001,P.EQ.LINHA,55860,SPRITE KS NORDIC 290ML (24) N.V L01,ALIMENTADOR TAMPAS SID LI01,,Sistema Elétrico,29.0,OBSERVACAO: SENSOR DE TAMPA . | EQUIPAMENTO: ALIMENTADOR TAMPAS SID LI01 | CHAVE_1: Sistema Elétrico | SUBCHAVE:  | TIPO_PARADA: P.EQ.LINHA | LINHA: LINHA001
1375,VELOCIDADE BAIXA,VELOCIDADE BAIXA,VELOCIDADE REDUZIDA SEM CAUSA IDENTIFICADA,VELOCIDADE REDUZIDA SEM CAUSA IDENTIFICADA,EXACT_SAFE,1,1,488.0,1.0,2026-02-27,2,LINHA003,P.EQ.LINHA,56424,CCMA PET 2L FL (6) N.V 38G LOLA T2G L03,TRPTE GRFS LOC LI03,,Sistema Elétrico,10.0,OBSERVACAO: VELOCIDADE BAIXA | EQUIPAMENTO: TRPTE GRFS LOC LI03 | CHAVE_1: Sistema Elétrico | SUBCHAVE:  | TIPO_PARADA: P.EQ.LINHA | LINHA: LINHA003
1376,AJUSTE NO POSICIONAMENTO DO SENSOR DA PALLET NA PALETIZADORA ORDEM 30008404400,AJUSTE NO POSICIONAMENTO DO SENSOR DA PALLET NA PALETIZADORA ORDEM 30008404400,FALHA DE SENSOR,FALHA DE SENSOR,EXACT_SAFE,1,1,489.0,1.0,2026-02-27,2,LINHA003,P.EQ.LINHA,56424,CCMA PET 2L FL (6) N.V 38G LOLA T2G L03,PALETIZADORA ROBOT KRO LI03,,Sistema elétrico,10.0,OBSERVACAO: AJUSTE NO POSICIONAMENTO DO SENSOR DA PALLET NA PALETIZADORA ORDEM 30008404400 | EQUIPAMENTO: PALETIZADORA ROBOT KRO LI03 | CHAVE_1: Sistema elétrico | SUBCHAVE:  | TIPO_PARADA: P.EQ.LINHA | LINHA: LINHA003
1377,FALHA NO MANDRIL 1 ORDEM 30008404404,FALHA NO MANDRIL 1 ORDEM 30008404404,FALHA DE MANDRIL,FALHA DE MANDRIL,EXACT_SAFE,1,1,490.0,1.0,2026-02-27,2,LINHA003,P.EQ.LINHA,56424,CCMA PET 2L FL (6) N.V 38G LOLA T2G L03,EMPACOTADORA VARIOPAC KRO LI03,,Sistema Elétrico,20.0,OBSERVACAO: FALHA NO MANDRIL 1 ORDEM 30008404404 | EQUIPAMENTO: EMPACOTADORA VARIOPAC KRO LI03 | CHAVE_1: Sistema Elétrico | SUBCHAVE:  | TIPO_PARADA: P.EQ.LINHA | LINHA: LINHA003
1378,"LIBERAÇÃO DE PARTIDA FALHA DE GARRAFA TESTE N 11,INSPEÇÃO PAREDE INFERIOR ORDEM 30008406797",LIBERACAO DE PARTIDA FALHA DE GARRAFA TESTE N 11 INSPECAO PAREDE INFERIOR ORDEM 30008406797,FALHA DE INSPEÇÃO,FALHA DE INSPECAO,EXACT_SAFE,1,1,491.0,1.0,2026-02-28,1,LINHA001,P.EQ.LINHA,55609,"CC LS 1L (12) N.V 4,99 ROL412 L01",INSPETOR DE GARRAFAS VAZIAS HE,,,15.0,"OBSERVACAO: LIBERAÇÃO DE PARTIDA FALHA DE GARRAFA TESTE N 11,INSPEÇÃO PAREDE INFERIOR ORDEM 30008406797 | EQUIPAMENTO: INSPETOR DE GARRAFAS VAZIAS HE | CHAVE_1:  | SUBCHAVE:  | TIPO_PARADA: P.EQ.LINHA | LINHA: LINHA001"
1379,ESTEIRA ESCAPANDO,ESTEIRA ESCAPANDO,ESCAPE DE ESTEIRA,ESCAPE DE ESTEIRA,EXACT_SAFE,1,1,492.0,1.0,2026-02-28,2,LINHA001,P.EQ.LINHA,55609,"CC LS 1L (12) N.V 4,99 ROL412 L01",TRANSP CXS VZ DESENCA ENCA,Falta de Peças,Estrutura,10.0,OBSERVACAO: ESTEIRA ESCAPANDO | EQUIPAMENTO: TRANSP CXS VZ DESENCA ENCA | CHAVE_1: Estrutura | SUBCHAVE: Falta de Peças | TIPO_PARADA: P.EQ.LINHA | LINHA: LINHA001
1396,GUIA DA CANALETA TORTA ENROCANDO TAMPA ORDEM: 30008407003,GUIA DA CANALETA TORTA ENROCANDO TAMPA ORDEM 30008407003,DEFORMAÇÃO/DESALINHAMENTO DE GUIA,DEFORMACAO DESALINHAMENTO DE GUIA,EXACT_SAFE,1,1,493.0,1.0,2026-02-28,2,LINHA003,P.EQ.LINHA,56424,CCMA PET 2L FL (6) N.V 38G LOLA T2G L03,CAPSULADORA EURO PK18 ACY LI03,,Sistema de instrumentos e cont,36.0,OBSERVACAO: GUIA DA CANALETA TORTA ENROCANDO TAMPA ORDEM: 30008407003 | EQUIPAMENTO: CAPSULADORA EURO PK18 ACY LI03 | CHAVE_1: Sistema de instrumentos e cont | SUBCHAVE:  | TIPO_PARADA: P.EQ.LINHA | LINHA: LINHA003
1397,"FALHA NA VALVULA 136, ABORTANDO O ENCHAGUE",FALHA NA VALVULA 136 ABORTANDO O ENCHAGUE,FALHA DE VÁLVULA,FALHA DE VALVULA,EXACT_SAFE,1,1,494.0,1.0,2026-02-28,2,LINHA006,P.EQ.LINHA,118615,ICE TEA LIM PET 450ML FL (6) NV TP2G L06,CARBONATADOR KRONES L06,,Sistema elétrico,15.0,"OBSERVACAO: FALHA NA VALVULA 136, ABORTANDO O ENCHAGUE | EQUIPAMENTO: CARBONATADOR KRONES L06 | CHAVE_1: Sistema elétrico | SUBCHAVE:  | TIPO_PARADA: P.EQ.LINHA | LINHA: LINHA006"
1398,QUEBRA DO EIXO DA ENVOLVEDORA OREDEM: 30008406992,QUEBRA DO EIXO DA ENVOLVEDORA OREDEM 30008406992,QUEBRA DE EIXO,QUEBRA DE EIXO,EXACT_SAFE,1,1,495.0,1.0,2026-02-28,2,LINHA006,P.EQ.LINHA,118615,ICE TEA LIM PET 450ML FL (6) NV TP2G L06,ENVOLVEDORA ROBOPAC L06,,Estrutura,30.0,OBSERVACAO: QUEBRA DO EIXO DA ENVOLVEDORA OREDEM: 30008406992 | EQUIPAMENTO: ENVOLVEDORA ROBOPAC L06 | CHAVE_1: Estrutura | SUBCHAVE:  | TIPO_PARADA: P.EQ.LINHA | LINHA: LINHA006
1399,"TROCA DA VALVULA 46 , E REVISAO DA VALVULA 27 ORDEM: 30008406999",TROCA DA VALVULA 46 E REVISAO DA VALVULA 27 ORDEM 30008406999,FALHA DE VÁLVULA,FALHA DE VALVULA,EXACT_SAFE,1,1,496.0,1.0,2026-02-28,2,LINHA006,P.EQ.LINHA,118615,ICE TEA LIM PET 450ML FL (6) NV TP2G L06,ENCHEDORA KRONES L06,,Sistema de enchimento,15.0,"OBSERVACAO: TROCA DA VALVULA 46 , E REVISAO DA VALVULA 27 ORDEM: 30008406999 | EQUIPAMENTO: ENCHEDORA KRONES L06 | CHAVE_1: Sistema de enchimento | SUBCHAVE:  | TIPO_PARADA: P.EQ.LINHA | LINHA: LINHA006"
1400,FALHA DE SENSOR NO CHAPATEX,FALHA DE SENSOR NO CHAPATEX,FALHA DE SENSOR,FALHA DE SENSOR,EXACT_SAFE,1,1,497.0,1.0,2026-02-28,2,LINHA006,P.EQ.LINHA,118615,ICE TEA LIM PET 450ML FL (6) NV TP2G L06,PALETIZADORA OCME L06,,Sistema elétrico,22.37,OBSERVACAO: FALHA DE SENSOR NO CHAPATEX | EQUIPAMENTO: PALETIZADORA OCME L06 | CHAVE_1: Sistema elétrico | SUBCHAVE:  | TIPO_PARADA: P.EQ.LINHA | LINHA: LINHA006
1401,FALHA NO SENSOR DO CHAPATEX,FALHA NO SENSOR DO CHAPATEX,FALHA DE SENSOR,FALHA DE SENSOR,EXACT_SAFE,1,1,498.0,1.0,2026-02-28,2,LINHA006,P.EQ.LINHA,118615,ICE TEA LIM PET 450ML FL (6) NV TP2G L06,PALETIZADORA OCME L06,,Sistema elétrico,26.18,OBSERVACAO: FALHA NO SENSOR DO CHAPATEX | EQUIPAMENTO: PALETIZADORA OCME L06 | CHAVE_1: Sistema elétrico | SUBCHAVE:  | TIPO_PARADA: P.EQ.LINHA | LINHA: LINHA006
1402,TRAVAMENTO NO ROLETE DE TROCA DE BOBINA AUTOMATICA,TRAVAMENTO NO ROLETE DE TROCA DE BOBINA AUTOMATICA,FALHA NA TROCA DE BOBINA,FALHA NA TROCA DE BOBINA,EXACT_SAFE,1,1,499.0,1.0,2026-03-01,1,LINHA006,P.EQ.LINHA,118615,ICE TEA LIM PET 450ML FL (6) NV TP2G L06,ENVOLVEDORA ROBOPAC L06,,Estrutura,33.12,OBSERVACAO: TRAVAMENTO NO ROLETE DE TROCA DE BOBINA AUTOMATICA | EQUIPAMENTO: ENVOLVEDORA ROBOPAC L06 | CHAVE_1: Estrutura | SUBCHAVE:  | TIPO_PARADA: P.EQ.LINHA | LINHA: LINHA006
1403,TRANSPORTE DO VIRADOR DE CAIXA NOTA30008409981,TRANSPORTE DO VIRADOR DE CAIXA NOTA30008409981,FALHA DE GUIA,FALHA DE GUIA,EXACT_SAFE,1,1,500.0,1.0,2026-03-01,1,LINHA006,P.EQ.LINHA,118615,ICE TEA LIM PET 450ML FL (6) NV TP2G L06,TRANSPORTE DE PACOTE OCME L06,,Sistema eletroeletrônico,14.3,OBSERVACAO: TRANSPORTE DO VIRADOR DE CAIXA NOTA30008409981 | EQUIPAMENTO: TRANSPORTE DE PACOTE OCME L06 | CHAVE_1: Sistema eletroeletrônico | SUBCHAVE:  | TIPO_PARADA: P.EQ.LINHA | LINHA: LINHA006
1411,GARRAFA CAIDO NO SISTEMA DE REFRIGERACAO DE FUNDO DA GARRAFA,GARRAFA CAIDO NO SISTEMA DE REFRIGERACAO DE FUNDO DA GARRAFA,FALHA NA REFRIGERAÇÃO DE FUNDO,FALHA NA REFRIGERACAO DE FUNDO,EXACT_SAFE,1,1,501.0,1.0,2026-03-02,2,LINHA006,P.EQ.LINHA,56443,CCZR PET 200ML FI (12) N.V 14G T2G L06,BOMBA RESFRIAMENTO DE FUNDO GA,,,5.0,OBSERVACAO: GARRAFA CAIDO NO SISTEMA DE REFRIGERACAO DE FUNDO DA GARRAFA | EQUIPAMENTO: BOMBA RESFRIAMENTO DE FUNDO GA | CHAVE_1:  | SUBCHAVE:  | TIPO_PARADA: P.EQ.LINHA | LINHA: LINHA006
1418,PALETIZADORA PEGANDO CAIXAS A MENOS,PALETIZADORA PEGANDO CAIXAS A MENOS,FALHA NA PEGADA DE CAMADA,FALHA NA PEGADA DE CAMADA,EXACT_SAFE,1,1,546.0,1.0,2026-03-07,1,LINHA005,P.EQ.LINHA,55568,"CC PET RET 2L (9) 7,99 PROMO L05",ROBO PALETIZADOR FAC LI05,,Sistema de instrumentos e cont,4.0,OBSERVACAO: PALETIZADORA PEGANDO CAIXAS A MENOS | EQUIPAMENTO: ROBO PALETIZADOR FAC LI05 | CHAVE_1: Sistema de instrumentos e cont | SUBCHAVE:  | TIPO_PARADA: P.EQ.LINHA | LINHA: LINHA005
1420,ENTRANDO GARRAFA TORTO NA ENCHEDORA AJUUSTE NA ESTRELA - ORDEM 30008412796,ENTRANDO GARRAFA TORTO NA ENCHEDORA AJUUSTE NA ESTRELA ORDEM 30008412796,FALHA DE GUIA,FALHA DE GUIA,EXACT_SAFE,2,1,502.0,1.0,2026-03-02,2,LINHA003,P.EQ.LINHA,55935,CC PET 600ML FL (6) 17G LOLA FIFA L03,ENCHEDORA EUROTRONICA FM LI03,,Sistema de instrumentos e cont,6.5,OBSERVACAO: ENTRANDO GARRAFA TORTO NA ENCHEDORA AJUUSTE NA ESTRELA - ORDEM 30008412796 | EQUIPAMENTO: ENCHEDORA EUROTRONICA FM LI03 | CHAVE_1: Sistema de instrumentos e cont | SUBCHAVE:  | TIPO_PARADA: P.EQ.LINHA | LINHA: LINHA003
1421,TROCA DA FACA DA RAMPA DE ACELERAÇÃO - ORDEM 30008412774,TROCA DA FACA DA RAMPA DE ACELERACAO ORDEM 30008412774,DEFORMAÇÃO DE FACA,DEFORMACAO DE FACA,EXACT_SAFE,1,1,504.0,1.0,2026-03-02,2,LINHA003,P.EQ.LINHA,55935,CC PET 600ML FL (6) 17G LOLA FIFA L03,EMPACOTADORA VARIOPAC KRO LI03,,Sistema de Instrumentos e cont,8.0,OBSERVACAO: TROCA DA FACA DA RAMPA DE ACELERAÇÃO - ORDEM 30008412774 | EQUIPAMENTO: EMPACOTADORA VARIOPAC KRO LI03 | CHAVE_1: Sistema de Instrumentos e cont | SUBCHAVE:  | TIPO_PARADA: P.EQ.LINHA | LINHA: LINHA003
1422,FALHA NA BOMBA DE RESFRIAMENTO DEVIDO QUEDA DE GARRAFAS NA TRANSFERENCIA NOTA 13188319,FALHA NA BOMBA DE RESFRIAMENTO DEVIDO QUEDA DE GARRAFAS NA TRANSFERENCIA NOTA 13188319,QUEDA DE GARRAFAS,QUEDA DE GARRAFAS,EXACT_SAFE,1,1,505.0,1.0,2026-03-03,2,LINHA006,P.EQ.LINHA,56298,CC PET 200ML FI (12) NV 14G LOLA T2G L06,BOMBA RESFRIAMENTO DE FUNDO GA,,,8.16,OBSERVACAO: FALHA NA BOMBA DE RESFRIAMENTO DEVIDO QUEDA DE GARRAFAS NA TRANSFERENCIA NOTA 13188319 | EQUIPAMENTO: BOMBA RESFRIAMENTO DE FUNDO GA | CHAVE_1:  | SUBCHAVE:  | TIPO_PARADA: P.EQ.LINHA | LINHA: LINHA006
1432,FALHA DE COMUNICAÇÃO,FALHA DE COMUNICACAO,FALHA DE COMUNICAÇÃO,FALHA DE COMUNICACAO,EXACT_SAFE,1,1,533.0,1.0,2026-03-06,2,LINHA006,P.EQ.LINHA,118609,"ICE TEA PES PET 1,5L FL (6) N.V TP2G L06",ENVOLVEDORA ROBOPAC L06,,Sistema elétrico,60.0,OBSERVACAO: FALHA DE COMUNICAÇÃO | EQUIPAMENTO: ENVOLVEDORA ROBOPAC L06 | CHAVE_1: Sistema elétrico | SUBCHAVE:  | TIPO_PARADA: P.EQ.LINHA | LINHA: LINHA006
1442,SENSOR DE CONTAGEM DA ENTRADA DE PACOTES FORA DE FOCO,SENSOR DE CONTAGEM DA ENTRADA DE PACOTES FORA DE FOCO,FALHA DE SENSOR,FALHA DE SENSOR,EXACT_SAFE,1,1,507.0,1.0,2026-03-03,2,LINHA003,P.EQ.LINHA,55935,CC PET 600ML FL (6) 17G LOLA FIFA L03,PALETIZADORA ROBOT KRO LI03,,Sistema elétrico,5.5,OBSERVACAO: SENSOR DE CONTAGEM DA ENTRADA DE PACOTES FORA DE FOCO | EQUIPAMENTO: PALETIZADORA ROBOT KRO LI03 | CHAVE_1: Sistema elétrico | SUBCHAVE:  | TIPO_PARADA: P.EQ.LINHA | LINHA: LINHA003
1443,FALHA NO ENVOLVIMENTO PACOTE ABERTO,FALHA NO ENVOLVIMENTO PACOTE ABERTO,FALHA DE ENVOLVIMENTO,FALHA DE ENVOLVIMENTO,EXACT_SAFE,2,1,506.0,1.0,2026-03-03,2,LINHA003,P.EQ.LINHA,55935,CC PET 600ML FL (6) 17G LOLA FIFA L03,EMPACOTADORA VARIOPAC KRO LI03,,Sistema Elétrico,14.5,OBSERVACAO: FALHA NO ENVOLVIMENTO PACOTE ABERTO | EQUIPAMENTO: EMPACOTADORA VARIOPAC KRO LI03 | CHAVE_1: Sistema Elétrico | SUBCHAVE:  | TIPO_PARADA: P.EQ.LINHA | LINHA: LINHA003
1444,BRAÇO DA SOLDA NÃO ESTAVA VOLTANDO,BRACO DA SOLDA NAO ESTAVA VOLTANDO,FALHA DE RETORNO DO BRAÇO DE SOLDA,FALHA DE RETORNO DO BRACO DE SOLDA,EXACT_SAFE,1,1,511.0,1.0,2026-03-03,2,LINHA003,P.EQ.LINHA,55935,CC PET 600ML FL (6) 17G LOLA FIFA L03,ENVOLVEDORA ROB LI03,,Sistema Elétrico,13.5,OBSERVACAO: BRAÇO DA SOLDA NÃO ESTAVA VOLTANDO | EQUIPAMENTO: ENVOLVEDORA ROB LI03 | CHAVE_1: Sistema Elétrico | SUBCHAVE:  | TIPO_PARADA: P.EQ.LINHA | LINHA: LINHA003
1445,FALHA NO ENVOLVIMENTO / ABRINDO PACOTES NO TRANSPORTE,FALHA NO ENVOLVIMENTO ABRINDO PACOTES NO TRANSPORTE,FALHA DE ENVOLVIMENTO,FALHA DE ENVOLVIMENTO,EXACT_SAFE,3,1,509.0,1.0,2026-03-03,2,LINHA003,P.EQ.LINHA,55935,CC PET 600ML FL (6) 17G LOLA FIFA L03,EMPACOTADORA VARIOPAC KRO LI03,,Sistema Elétrico,24.0,OBSERVACAO: FALHA NO ENVOLVIMENTO / ABRINDO PACOTES NO TRANSPORTE | EQUIPAMENTO: EMPACOTADORA VARIOPAC KRO LI03 | CHAVE_1: Sistema Elétrico | SUBCHAVE:  | TIPO_PARADA: P.EQ.LINHA | LINHA: LINHA003
1446,"FALTA DE TAMPA ,PRESA NA CANALETA DO ARROLHADOR.",FALTA DE TAMPA PRESA NA CANALETA DO ARROLHADOR,FALHA DE ALIMENTAÇÃO DE TAMPAS,FALHA DE ALIMENTACAO DE TAMPAS,EXACT_SAFE,1,1,513.0,1.0,2026-03-04,2,LINHA001,P.EQ.LINHA,56016,CCZR KS ULTRA 290ML (24) N.V ROL452 L01,ALIMENTADOR TAMPAS SID LI01,,Sistema de Instrumentos e Cont,7.58,"OBSERVACAO: FALTA DE TAMPA ,PRESA NA CANALETA DO ARROLHADOR. | EQUIPAMENTO: ALIMENTADOR TAMPAS SID LI01 | CHAVE_1: Sistema de Instrumentos e Cont | SUBCHAVE:  | TIPO_PARADA: P.EQ.LINHA | LINHA: LINHA001"
1447,GARRAFAS SAINDO SEM TAMPA NO ARROLHADOR.,GARRAFAS SAINDO SEM TAMPA NO ARROLHADOR,FALHA DE ALIMENTAÇÃO DE TAMPAS,FALHA DE ALIMENTACAO DE TAMPAS,EXACT_SAFE,1,1,514.0,1.0,2026-03-04,2,LINHA001,P.EQ.LINHA,56016,CCZR KS ULTRA 290ML (24) N.V ROL452 L01,ALIMENTADOR TAMPAS SID LI01,,Sistema de Instrumentos e Cont,8.32,OBSERVACAO: GARRAFAS SAINDO SEM TAMPA NO ARROLHADOR. | EQUIPAMENTO: ALIMENTADOR TAMPAS SID LI01 | CHAVE_1: Sistema de Instrumentos e Cont | SUBCHAVE:  | TIPO_PARADA: P.EQ.LINHA | LINHA: LINHA001
1468,BEBIDA ESPUMANDO GERANDO NIVEL BAIXO. ORDEM- 30008417151,BEBIDA ESPUMANDO GERANDO NIVEL BAIXO ORDEM 30008417151,ESPUMAMENTO DE BEBIDA,ESPUMAMENTO DE BEBIDA,EXACT_SAFE,1,1,515.0,1.0,2026-03-04,2,LINHA003,P.EQ.LINHA,55935,CC PET 600ML FL (6) 17G LOLA FIFA L03,ENCHEDORA EUROTRONICA FM LI03,,Sistema elétrico,5.5,OBSERVACAO: BEBIDA ESPUMANDO GERANDO NIVEL BAIXO. ORDEM- 30008417151 | EQUIPAMENTO: ENCHEDORA EUROTRONICA FM LI03 | CHAVE_1: Sistema elétrico | SUBCHAVE:  | TIPO_PARADA: P.EQ.LINHA | LINHA: LINHA003
1469,REJEITO TRAVANDO NA CORREIA,REJEITO TRAVANDO NA CORREIA,FALHA DE CORREIA,FALHA DE CORREIA,EXACT_SAFE,1,1,516.0,1.0,2026-03-05,1,LINHA001,P.EQ.LINHA,55957,CC KS ULTRA 290ML (24) N.V ROL372 L01,INSPETOR DE GARRAFAS VAZIAS HE,,,1.23,OBSERVACAO: REJEITO TRAVANDO NA CORREIA | EQUIPAMENTO: INSPETOR DE GARRAFAS VAZIAS HE | CHAVE_1:  | SUBCHAVE:  | TIPO_PARADA: P.EQ.LINHA | LINHA: LINHA001
1492,FALHA NA SAIDA DO PALETE DESARMOU INVERSOR,FALHA NA SAIDA DO PALETE DESARMOU INVERSOR,FALHA DE INVERSOR,FALHA DE INVERSOR,EXACT_SAFE,1,1,517.0,1.0,2026-03-05,2,LINHA003,P.EQ.LINHA,55994,CCZR PET 1L FL (6) N.V 29G F710 L03,ENVOLVEDORA ROB LI03,,Sistema Elétrico,15.0,OBSERVACAO: FALHA NA SAIDA DO PALETE DESARMOU INVERSOR | EQUIPAMENTO: ENVOLVEDORA ROB LI03 | CHAVE_1: Sistema Elétrico | SUBCHAVE:  | TIPO_PARADA: P.EQ.LINHA | LINHA: LINHA003
1493,FALHA NO SENSOR DO MAGAZINE E SENSOR NA MESA DE DESCARGA DA DESPALETIZADORA.,FALHA NO SENSOR DO MAGAZINE E SENSOR NA MESA DE DESCARGA DA DESPALETIZADORA,FALHA DE SENSOR,FALHA DE SENSOR,EXACT_SAFE,1,1,518.0,1.0,2026-03-06,1,LINHA001,P.EQ.LINHA,55609,"CC LS 1L (12) N.V 4,99 ROL412 L01",DESPALETIZADORA,,,60.0,OBSERVACAO: FALHA NO SENSOR DO MAGAZINE E SENSOR NA MESA DE DESCARGA DA DESPALETIZADORA. | EQUIPAMENTO: DESPALETIZADORA | CHAVE_1:  | SUBCHAVE:  | TIPO_PARADA: P.EQ.LINHA | LINHA: LINHA001
1494,AJUSTE SENSOR DA PORTA NO ASEBI.ORDEM.30008423856,AJUSTE SENSOR DA PORTA NO ASEBI ORDEM 30008423856,FALHA DE SENSOR,FALHA DE SENSOR,EXACT_SAFE,1,1,519.0,1.0,2026-03-06,1,LINHA001,P.EQ.LINHA,55609,"CC LS 1L (12) N.V 4,99 ROL412 L01",INSPETOR DE GARRAFAS VAZIAS HE,,,13.0,OBSERVACAO: AJUSTE SENSOR DA PORTA NO ASEBI.ORDEM.30008423856 | EQUIPAMENTO: INSPETOR DE GARRAFAS VAZIAS HE | CHAVE_1:  | SUBCHAVE:  | TIPO_PARADA: P.EQ.LINHA | LINHA: LINHA001
1495,FALHA NA CODIFICAÇÃO.,FALHA NA CODIFICACAO,FALHA DE CODIFICAÇÃO,FALHA DE CODIFICACAO,EXACT_SAFE,1,1,520.0,1.0,2026-03-06,1,LINHA001,P.EQ.LINHA,55609,"CC LS 1L (12) N.V 4,99 ROL412 L01",DATADORA MARKEM IMAJE 9450S,,,6.0,OBSERVACAO: FALHA NA CODIFICAÇÃO. | EQUIPAMENTO: DATADORA MARKEM IMAJE 9450S | CHAVE_1:  | SUBCHAVE:  | TIPO_PARADA: P.EQ.LINHA | LINHA: LINHA001
1496,CORREIA FORA DE POSIÇÃO,CORREIA FORA DE POSICAO,ESCAPE DE CORREIA,ESCAPE DE CORREIA,EXACT_SAFE,1,1,521.0,1.0,2026-03-06,1,LINHA001,P.EQ.LINHA,55609,"CC LS 1L (12) N.V 4,99 ROL412 L01",TRANSP GRFS EBI ENCH,Correia de transmissão danific,Sistema Motriz,8.75,OBSERVACAO: CORREIA FORA DE POSIÇÃO | EQUIPAMENTO: TRANSP GRFS EBI ENCH | CHAVE_1: Sistema Motriz | SUBCHAVE: Correia de transmissão danific | TIPO_PARADA: P.EQ.LINHA | LINHA: LINHA001
1497,PLUG DO SENSOR DESCONECTOU NO VIRADOR DE CAIXAS,PLUG DO SENSOR DESCONECTOU NO VIRADOR DE CAIXAS,FALHA DE SENSOR,FALHA DE SENSOR,EXACT_SAFE,1,1,522.0,1.0,2026-03-06,2,LINHA005,P.EQ.LINHA,55568,"CC PET RET 2L (9) 7,99 PROMO L05",TRANSP CXS CH DESPAL DESENCA,,Sistema Elétrico,3.36,OBSERVACAO: PLUG DO SENSOR DESCONECTOU NO VIRADOR DE CAIXAS | EQUIPAMENTO: TRANSP CXS CH DESPAL DESENCA | CHAVE_1: Sistema Elétrico | SUBCHAVE:  | TIPO_PARADA: P.EQ.LINHA | LINHA: LINHA005
1498,TRAVAMENTO DE GARRAFAS NO REJEITOR ENOS EBS,TRAVAMENTO DE GARRAFAS NO REJEITOR ENOS EBS,FALHA DE REJEIÇÃO,FALHA DE REJEICAO,EXACT_SAFE,1,1,523.0,1.0,2026-03-06,2,LINHA005,P.EQ.LINHA,55568,"CC PET RET 2L (9) 7,99 PROMO L05",INSPETOR EBS,,Estrutura,6.0,OBSERVACAO: TRAVAMENTO DE GARRAFAS NO REJEITOR ENOS EBS | EQUIPAMENTO: INSPETOR EBS | CHAVE_1: Estrutura | SUBCHAVE:  | TIPO_PARADA: P.EQ.LINHA | LINHA: LINHA005
1500,FALAHA NOS MOTORES DE TRANSPORTE DA ENTRADADA LAVADORA,FALAHA NOS MOTORES DE TRANSPORTE DA ENTRADADA LAVADORA,FALHA DE MOTOR,FALHA DE MOTOR,EXACT_SAFE,1,1,525.0,1.0,2026-03-06,2,LINHA005,P.EQ.LINHA,55568,"CC PET RET 2L (9) 7,99 PROMO L05",LAVADORA GARRAFA 22/470 ZIE,,SISTEMA ALIMENTAÇÃO GRF 22/470,9.0,OBSERVACAO: FALAHA NOS MOTORES DE TRANSPORTE DA ENTRADADA LAVADORA | EQUIPAMENTO: LAVADORA GARRAFA 22/470 ZIE | CHAVE_1: SISTEMA ALIMENTAÇÃO GRF 22/470 | SUBCHAVE:  | TIPO_PARADA: P.EQ.LINHA | LINHA: LINHA005
1501,FILME ESTOURANDO (EM ATUAÇÃO),FILME ESTOURANDO EM ATUACAO,ROMPIMENTO DE FILME,ROMPIMENTO DE FILME,EXACT_SAFE,5,1,526.0,1.0,2026-03-06,1,LINHA006,P.EQ.LINHA,118609,"ICE TEA PES PET 1,5L FL (6) N.V TP2G L06",ENVOLVEDORA ROBOPAC L06,,Sistema elétrico,42.4,OBSERVACAO: FILME ESTOURANDO (EM ATUAÇÃO) | EQUIPAMENTO: ENVOLVEDORA ROBOPAC L06 | CHAVE_1: Sistema elétrico | SUBCHAVE:  | TIPO_PARADA: P.EQ.LINHA | LINHA: LINHA006
1502,FILME ESTOURANDO (EM ATUAÇÃO),FILME ESTOURANDO EM ATUACAO,ROMPIMENTO DE FILME,ROMPIMENTO DE FILME,EXACT_SAFE,5,1,526.0,1.0,2026-03-06,1,LINHA006,P.EQ.LINHA,118609,"ICE TEA PES PET 1,5L FL (6) N.V TP2G L06",ENVOLVEDORA ROBOPAC L06,,Sistema elétrico,42.4,OBSERVACAO: FILME ESTOURANDO (EM ATUAÇÃO) | EQUIPAMENTO: ENVOLVEDORA ROBOPAC L06 | CHAVE_1: Sistema elétrico | SUBCHAVE:  | TIPO_PARADA: P.EQ.LINHA | LINHA: LINHA006
1503,FILME ESTOURANDO (EM ATUAÇÃO),FILME ESTOURANDO EM ATUACAO,ROMPIMENTO DE FILME,ROMPIMENTO DE FILME,EXACT_SAFE,5,1,526.0,1.0,2026-03-06,1,LINHA006,P.EQ.LINHA,118609,"ICE TEA PES PET 1,5L FL (6) N.V TP2G L06",ENVOLVEDORA ROBOPAC L06,,Sistema elétrico,42.4,OBSERVACAO: FILME ESTOURANDO (EM ATUAÇÃO) | EQUIPAMENTO: ENVOLVEDORA ROBOPAC L06 | CHAVE_1: Sistema elétrico | SUBCHAVE:  | TIPO_PARADA: P.EQ.LINHA | LINHA: LINHA006
1504,FILME ESTOURANDO (EM ATUAÇÃO),FILME ESTOURANDO EM ATUACAO,ROMPIMENTO DE FILME,ROMPIMENTO DE FILME,EXACT_SAFE,5,1,526.0,1.0,2026-03-06,1,LINHA006,P.EQ.LINHA,118609,"ICE TEA PES PET 1,5L FL (6) N.V TP2G L06",ENVOLVEDORA ROBOPAC L06,,Sistema elétrico,42.4,OBSERVACAO: FILME ESTOURANDO (EM ATUAÇÃO) | EQUIPAMENTO: ENVOLVEDORA ROBOPAC L06 | CHAVE_1: Sistema elétrico | SUBCHAVE:  | TIPO_PARADA: P.EQ.LINHA | LINHA: LINHA006
1505,FILME ESTOURANDO (EM ATUAÇÃO),FILME ESTOURANDO EM ATUACAO,ROMPIMENTO DE FILME,ROMPIMENTO DE FILME,EXACT_SAFE,5,1,526.0,1.0,2026-03-06,1,LINHA006,P.EQ.LINHA,118609,"ICE TEA PES PET 1,5L FL (6) N.V TP2G L06",ENVOLVEDORA ROBOPAC L06,,Sistema elétrico,42.4,OBSERVACAO: FILME ESTOURANDO (EM ATUAÇÃO) | EQUIPAMENTO: ENVOLVEDORA ROBOPAC L06 | CHAVE_1: Sistema elétrico | SUBCHAVE:  | TIPO_PARADA: P.EQ.LINHA | LINHA: LINHA006
1506,"ENVOLVEDORA PARADA FALHA, DE COMUNICACAO",ENVOLVEDORA PARADA FALHA DE COMUNICACAO,FALHA DE COMUNICAÇÃO,FALHA DE COMUNICACAO,EXACT_SAFE,1,1,531.0,1.0,2026-03-06,1,LINHA006,P.EQ.LINHA,118609,"ICE TEA PES PET 1,5L FL (6) N.V TP2G L06",ENVOLVEDORA ROBOPAC L06,,Sistema elétrico,60.0,"OBSERVACAO: ENVOLVEDORA PARADA FALHA, DE COMUNICACAO | EQUIPAMENTO: ENVOLVEDORA ROBOPAC L06 | CHAVE_1: Sistema elétrico | SUBCHAVE:  | TIPO_PARADA: P.EQ.LINHA | LINHA: LINHA006"
1507,ENVOLVEDORA PARADA FALHA NA COMUNICACAO,ENVOLVEDORA PARADA FALHA NA COMUNICACAO,FALHA DE COMUNICAÇÃO,FALHA DE COMUNICACAO,EXACT_SAFE,1,1,532.0,1.0,2026-03-06,2,LINHA006,P.EQ.LINHA,118609,"ICE TEA PES PET 1,5L FL (6) N.V TP2G L06",ENVOLVEDORA ROBOPAC L06,,Sistema elétrico,60.0,OBSERVACAO: ENVOLVEDORA PARADA FALHA NA COMUNICACAO | EQUIPAMENTO: ENVOLVEDORA ROBOPAC L06 | CHAVE_1: Sistema elétrico | SUBCHAVE:  | TIPO_PARADA: P.EQ.LINHA | LINHA: LINHA006
1508,FALHA DE COMUNICACAO,FALHA DE COMUNICACAO,FALHA DE COMUNICAÇÃO,FALHA DE COMUNICACAO,EXACT_SAFE,1,1,533.0,1.0,2026-03-06,2,LINHA006,P.EQ.LINHA,118609,"ICE TEA PES PET 1,5L FL (6) N.V TP2G L06",ENVOLVEDORA ROBOPAC L06,,Sistema elétrico,60.0,OBSERVACAO: FALHA DE COMUNICACAO | EQUIPAMENTO: ENVOLVEDORA ROBOPAC L06 | CHAVE_1: Sistema elétrico | SUBCHAVE:  | TIPO_PARADA: P.EQ.LINHA | LINHA: LINHA006
1509,FALHA NA COMUNICACAO,FALHA NA COMUNICACAO,FALHA DE COMUNICAÇÃO,FALHA DE COMUNICACAO,EXACT_SAFE,1,1,534.0,1.0,2026-03-06,2,LINHA006,P.EQ.LINHA,118609,"ICE TEA PES PET 1,5L FL (6) N.V TP2G L06",ENVOLVEDORA ROBOPAC L06,,Sistema elétrico,45.92,OBSERVACAO: FALHA NA COMUNICACAO | EQUIPAMENTO: ENVOLVEDORA ROBOPAC L06 | CHAVE_1: Sistema elétrico | SUBCHAVE:  | TIPO_PARADA: P.EQ.LINHA | LINHA: LINHA006
1510,CHECKMAT REJEITANDO GARRAFA BOA,CHECKMAT REJEITANDO GARRAFA BOA,FALHA DE REJEIÇÃO,FALHA DE REJEICAO,EXACT_SAFE,1,1,535.0,1.0,2026-03-06,2,LINHA006,P.EQ.LINHA,118609,"ICE TEA PES PET 1,5L FL (6) N.V TP2G L06",INSPETOR CHECKMAT KRONES L06,,Sistema de rejeição,13.6,OBSERVACAO: CHECKMAT REJEITANDO GARRAFA BOA | EQUIPAMENTO: INSPETOR CHECKMAT KRONES L06 | CHAVE_1: Sistema de rejeição | SUBCHAVE:  | TIPO_PARADA: P.EQ.LINHA | LINHA: LINHA006
1511,FALHA NO RESFRIAMENTO DO FUNDO DA GARRAFA,FALHA NO RESFRIAMENTO DO FUNDO DA GARRAFA,FALHA NA REFRIGERAÇÃO DE FUNDO,FALHA NA REFRIGERACAO DE FUNDO,EXACT_SAFE,1,1,536.0,1.0,2026-03-06,2,LINHA006,P.EQ.LINHA,118609,"ICE TEA PES PET 1,5L FL (6) N.V TP2G L06",BOMBA RESFRIAMENTO DE FUNDO GA,,,20.0,OBSERVACAO: FALHA NO RESFRIAMENTO DO FUNDO DA GARRAFA | EQUIPAMENTO: BOMBA RESFRIAMENTO DE FUNDO GA | CHAVE_1:  | SUBCHAVE:  | TIPO_PARADA: P.EQ.LINHA | LINHA: LINHA006
1512,RETORNO CHEIO FALHA NO CHECKMAT,RETORNO CHEIO FALHA NO CHECKMAT,FALHA DE INSPEÇÃO,FALHA DE INSPECAO,EXACT_SAFE,1,1,537.0,1.0,2026-03-06,2,LINHA006,P.EQ.LINHA,118609,"ICE TEA PES PET 1,5L FL (6) N.V TP2G L06",INSPETOR CHECKMAT KRONES L06,,Sistema de rejeição,8.96,OBSERVACAO: RETORNO CHEIO FALHA NO CHECKMAT | EQUIPAMENTO: INSPETOR CHECKMAT KRONES L06 | CHAVE_1: Sistema de rejeição | SUBCHAVE:  | TIPO_PARADA: P.EQ.LINHA | LINHA: LINHA006
1513,DESARMOU MOTOR DO TRANPORTE DA EMPACOTADORA,DESARMOU MOTOR DO TRANPORTE DA EMPACOTADORA,DESARME DE MOTOR,DESARME DE MOTOR,EXACT_SAFE,1,1,538.0,1.0,2026-03-06,2,LINHA006,P.EQ.LINHA,118609,"ICE TEA PES PET 1,5L FL (6) N.V TP2G L06",TRANSPORTE DE PACOTE OCME L06,,Sistema eletroeletrônico,15.0,OBSERVACAO: DESARMOU MOTOR DO TRANPORTE DA EMPACOTADORA | EQUIPAMENTO: TRANSPORTE DE PACOTE OCME L06 | CHAVE_1: Sistema eletroeletrônico | SUBCHAVE:  | TIPO_PARADA: P.EQ.LINHA | LINHA: LINHA006
1534,ROBO DA PALETIZADORA PEGANDO CAIXAS A MENOS,ROBO DA PALETIZADORA PEGANDO CAIXAS A MENOS,FALHA NA PEGADA DE CAMADA,FALHA NA PEGADA DE CAMADA,EXACT_SAFE,1,1,776.0,1.0,2026-04-02,1,LINHA005,P.EQ.LINHA,56326,"CCZR PET RET 2L (9) 7,99 PROMO L05",PALETIZADORA ROBOKOMBI SID LI0,,Sistema de instrumentos e cont,5.0,OBSERVACAO: ROBO DA PALETIZADORA PEGANDO CAIXAS A MENOS | EQUIPAMENTO: PALETIZADORA ROBOKOMBI SID LI0 | CHAVE_1: Sistema de instrumentos e cont | SUBCHAVE:  | TIPO_PARADA: P.EQ.LINHA | LINHA: LINHA005
1537,"ESTEIRA DO TRANSPORTE ESCAPANDO, ELOS TORTOS / 30008427071",ESTEIRA DO TRANSPORTE ESCAPANDO ELOS TORTOS 30008427071,ESCAPE DE ESTEIRA,ESCAPE DE ESTEIRA,EXACT_SAFE,1,1,539.0,1.0,2026-03-07,1,LINHA001,P.EQ.LINHA,55609,"CC LS 1L (12) N.V 4,99 ROL412 L01",TRANSP CXS CH ENCA PAL MANUAL,,Sistema de instrumentos e cont,10.0,"OBSERVACAO: ESTEIRA DO TRANSPORTE ESCAPANDO, ELOS TORTOS / 30008427071 | EQUIPAMENTO: TRANSP CXS CH ENCA PAL MANUAL | CHAVE_1: Sistema de instrumentos e cont | SUBCHAVE:  | TIPO_PARADA: P.EQ.LINHA | LINHA: LINHA001"
1538,"ESTEIRA DE TRANSPORTE ESCAPANDO ,ELOS TORTO.",ESTEIRA DE TRANSPORTE ESCAPANDO ELOS TORTO,ESCAPE DE ESTEIRA,ESCAPE DE ESTEIRA,EXACT_SAFE,1,1,540.0,1.0,2026-03-07,2,LINHA001,P.EQ.LINHA,55609,"CC LS 1L (12) N.V 4,99 ROL412 L01",TRANSP CXS VZ DESENCA ENCA,,Sistema de instrumentos e cont,6.67,"OBSERVACAO: ESTEIRA DE TRANSPORTE ESCAPANDO ,ELOS TORTO. | EQUIPAMENTO: TRANSP CXS VZ DESENCA ENCA | CHAVE_1: Sistema de instrumentos e cont | SUBCHAVE:  | TIPO_PARADA: P.EQ.LINHA | LINHA: LINHA001"
1540,MAGAZINE DE PALETE QUEBRADO,MAGAZINE DE PALETE QUEBRADO,FALHA DE MAGAZINE,FALHA DE MAGAZINE,EXACT_SAFE,1,1,542.0,1.0,2026-03-07,2,LINHA004,P.EQ.LINHA,55404,CC LT 350ML FL (12) FIFA L04,MAGAZINE PALLETS SID LI04,Falta de Peças,Estrutura,19.66,OBSERVACAO: MAGAZINE DE PALETE QUEBRADO | EQUIPAMENTO: MAGAZINE PALLETS SID LI04 | CHAVE_1: Estrutura | SUBCHAVE: Falta de Peças | TIPO_PARADA: P.EQ.LINHA | LINHA: LINHA004
1541,GERANDO FALHA NO ELEVADOR..ORDEM (30008425473),GERANDO FALHA NO ELEVADOR ORDEM 30008425473,FALHA DE ELEVADOR,FALHA DE ELEVADOR,EXACT_SAFE,1,1,543.0,1.0,2026-03-07,2,LINHA004,P.EQ.LINHA,55404,CC LT 350ML FL (12) FIFA L04,MAGAZINE PALLETS SID LI04,Falta de Peças,Estrutura,7.0,OBSERVACAO: GERANDO FALHA NO ELEVADOR..ORDEM (30008425473) | EQUIPAMENTO: MAGAZINE PALLETS SID LI04 | CHAVE_1: Estrutura | SUBCHAVE: Falta de Peças | TIPO_PARADA: P.EQ.LINHA | LINHA: LINHA004
1543,FALHA COMUNICAÇÃO NA SAIDA DA LAVADORA ORDEM: 30008427069,FALHA COMUNICACAO NA SAIDA DA LAVADORA ORDEM 30008427069,FALHA DE SENSOR,FALHA DE SENSOR,EXACT_SAFE,1,1,545.0,1.0,2026-03-07,1,LINHA005,P.EQ.LINHA,55568,"CC PET RET 2L (9) 7,99 PROMO L05",LAVADORA GARRAFA 22/470 ZIE,,SISTEMA DESCARGA GARRAFA 22/47,15.53,OBSERVACAO: FALHA COMUNICAÇÃO NA SAIDA DA LAVADORA ORDEM: 30008427069 | EQUIPAMENTO: LAVADORA GARRAFA 22/470 ZIE | CHAVE_1: SISTEMA DESCARGA GARRAFA 22/47 | SUBCHAVE:  | TIPO_PARADA: P.EQ.LINHA | LINHA: LINHA005
1544,PALETIZADORA PEGANDO CAIXAS A MENOS,PALETIZADORA PEGANDO CAIXAS A MENOS,FALHA NA PEGADA DE CAMADA,FALHA NA PEGADA DE CAMADA,EXACT_SAFE,1,1,546.0,1.0,2026-03-07,1,LINHA005,P.EQ.LINHA,55568,"CC PET RET 2L (9) 7,99 PROMO L05",ROBO PALETIZADOR FAC LI05,,Sistema de instrumentos e cont,4.0,OBSERVACAO: PALETIZADORA PEGANDO CAIXAS A MENOS | EQUIPAMENTO: ROBO PALETIZADOR FAC LI05 | CHAVE_1: Sistema de instrumentos e cont | SUBCHAVE:  | TIPO_PARADA: P.EQ.LINHA | LINHA: LINHA005
1545,"PALETIZADORA PEGANDO CAIXA A MENOS, PERDEU A CONTAGEM",PALETIZADORA PEGANDO CAIXA A MENOS PERDEU A CONTAGEM,FALHA DE CONTAGEM,FALHA DE CONTAGEM,EXACT_SAFE,1,1,547.0,1.0,2026-03-07,1,LINHA005,P.EQ.LINHA,55568,"CC PET RET 2L (9) 7,99 PROMO L05",ROBO PALETIZADOR FAC LI05,,Sistema de instrumentos e cont,4.0,"OBSERVACAO: PALETIZADORA PEGANDO CAIXA A MENOS, PERDEU A CONTAGEM | EQUIPAMENTO: ROBO PALETIZADOR FAC LI05 | CHAVE_1: Sistema de instrumentos e cont | SUBCHAVE:  | TIPO_PARADA: P.EQ.LINHA | LINHA: LINHA005"
1546,FALHA DE LINHA AMOSTRA BAIXA ORDEM: 30008427066,FALHA DE LINHA AMOSTRA BAIXA ORDEM 30008427066,FALHA DE AMOSTRAGEM,FALHA DE AMOSTRAGEM,EXACT_SAFE,1,1,548.0,1.0,2026-03-07,1,LINHA005,P.EQ.LINHA,55568,"CC PET RET 2L (9) 7,99 PROMO L05",ENOS MASS SPEC,,Estrutura,5.77,OBSERVACAO: FALHA DE LINHA AMOSTRA BAIXA ORDEM: 30008427066 | EQUIPAMENTO: ENOS MASS SPEC | CHAVE_1: Estrutura | SUBCHAVE:  | TIPO_PARADA: P.EQ.LINHA | LINHA: LINHA005
1547,FALHA CODIFICAÇÃO,FALHA CODIFICACAO,FALHA DE CODIFICAÇÃO,FALHA DE CODIFICACAO,EXACT_SAFE,1,1,549.0,1.0,2026-03-07,2,LINHA005,P.EQ.LINHA,55568,"CC PET RET 2L (9) 7,99 PROMO L05",DATADORA MARKEM IMAJE 9450,,,11.75,OBSERVACAO: FALHA CODIFICAÇÃO | EQUIPAMENTO: DATADORA MARKEM IMAJE 9450 | CHAVE_1:  | SUBCHAVE:  | TIPO_PARADA: P.EQ.LINHA | LINHA: LINHA005
1548,ESTEIRA DA CURVA DE ENTRADA DA PALETIZADORA ESCAPOU ( 30008427106 ),ESTEIRA DA CURVA DE ENTRADA DA PALETIZADORA ESCAPOU 30008427106,ESCAPE DE ESTEIRA,ESCAPE DE ESTEIRA,EXACT_SAFE,1,1,550.0,1.0,2026-03-07,2,LINHA005,P.EQ.LINHA,55568,"CC PET RET 2L (9) 7,99 PROMO L05",TRANSP CXS GRFS CH PAL,Cadeia de transmissão danifica,Sistema Motriz,5.0,OBSERVACAO: ESTEIRA DA CURVA DE ENTRADA DA PALETIZADORA ESCAPOU ( 30008427106 ) | EQUIPAMENTO: TRANSP CXS GRFS CH PAL | CHAVE_1: Sistema Motriz | SUBCHAVE: Cadeia de transmissão danifica | TIPO_PARADA: P.EQ.LINHA | LINHA: LINHA005
1549,FALHA NO SENSOR DA PORTA DO AGREGADO 2,FALHA NO SENSOR DA PORTA DO AGREGADO 2,FALHA DE SENSOR,FALHA DE SENSOR,EXACT_SAFE,1,1,551.0,1.0,2026-03-07,2,LINHA005,P.EQ.LINHA,55568,"CC PET RET 2L (9) 7,99 PROMO L05",ROTULADORA MODULAR KRONES LI05,,Sistema Elétrico,5.0,OBSERVACAO: FALHA NO SENSOR DA PORTA DO AGREGADO 2 | EQUIPAMENTO: ROTULADORA MODULAR KRONES LI05 | CHAVE_1: Sistema Elétrico | SUBCHAVE:  | TIPO_PARADA: P.EQ.LINHA | LINHA: LINHA005
1550,FALHA NO SENSOR DE PORTA DO AGREGADO 2,FALHA NO SENSOR DE PORTA DO AGREGADO 2,FALHA DE SENSOR,FALHA DE SENSOR,EXACT_SAFE,1,1,552.0,1.0,2026-03-07,2,LINHA005,P.EQ.LINHA,55568,"CC PET RET 2L (9) 7,99 PROMO L05",ROTULADORA MODULAR KRONES LI05,,Sistema Elétrico,6.0,OBSERVACAO: FALHA NO SENSOR DE PORTA DO AGREGADO 2 | EQUIPAMENTO: ROTULADORA MODULAR KRONES LI05 | CHAVE_1: Sistema Elétrico | SUBCHAVE:  | TIPO_PARADA: P.EQ.LINHA | LINHA: LINHA005
1566,QUEBROU ROLAMENTOS DA ESTEIRA DE SAIDA DO FORNO,QUEBROU ROLAMENTOS DA ESTEIRA DE SAIDA DO FORNO,QUEBRA DE ESTEIRA,QUEBRA DE ESTEIRA,EXACT_SAFE,3,1,553.0,1.0,2026-03-07,2,LINHA006,P.EQ.LINHA,118603,"ICE TEA LIM PET 1,5L FL (6) N.V TP2G L06",TRANSPORTE DE PACOTE OCME L06,,Estrutura,42.08,OBSERVACAO: QUEBROU ROLAMENTOS DA ESTEIRA DE SAIDA DO FORNO | EQUIPAMENTO: TRANSPORTE DE PACOTE OCME L06 | CHAVE_1: Estrutura | SUBCHAVE:  | TIPO_PARADA: P.EQ.LINHA | LINHA: LINHA006
1567,QUEBROU ROLAMENTOS DA ESTEIRA DE SAIDA DO FORNO,QUEBROU ROLAMENTOS DA ESTEIRA DE SAIDA DO FORNO,QUEBRA DE ESTEIRA,QUEBRA DE ESTEIRA,EXACT_SAFE,3,1,553.0,1.0,2026-03-07,2,LINHA006,P.EQ.LINHA,118603,"ICE TEA LIM PET 1,5L FL (6) N.V TP2G L06",TRANSPORTE DE PACOTE OCME L06,,Estrutura,42.08,OBSERVACAO: QUEBROU ROLAMENTOS DA ESTEIRA DE SAIDA DO FORNO | EQUIPAMENTO: TRANSPORTE DE PACOTE OCME L06 | CHAVE_1: Estrutura | SUBCHAVE:  | TIPO_PARADA: P.EQ.LINHA | LINHA: LINHA006
1568,QUEBROU ROLAMENTOS DA ESTEIRA DE SAIDA DO FORNO,QUEBROU ROLAMENTOS DA ESTEIRA DE SAIDA DO FORNO,QUEBRA DE ESTEIRA,QUEBRA DE ESTEIRA,EXACT_SAFE,3,1,553.0,1.0,2026-03-07,2,LINHA006,P.EQ.LINHA,118603,"ICE TEA LIM PET 1,5L FL (6) N.V TP2G L06",TRANSPORTE DE PACOTE OCME L06,,Estrutura,42.08,OBSERVACAO: QUEBROU ROLAMENTOS DA ESTEIRA DE SAIDA DO FORNO | EQUIPAMENTO: TRANSPORTE DE PACOTE OCME L06 | CHAVE_1: Estrutura | SUBCHAVE:  | TIPO_PARADA: P.EQ.LINHA | LINHA: LINHA006
1569,"ENROSCO DE PACOTES NA ESTEIRA, NECESSARIO AJUSTE NO SETUP PÓS MANUTENÇÃO",ENROSCO DE PACOTES NA ESTEIRA NECESSARIO AJUSTE NO SETUP POS MANUTENCAO,ENROSCO DE PACOTES,ENROSCO DE PACOTES,EXACT_SAFE,1,1,556.0,1.0,2026-03-07,2,LINHA006,P.EQ.LINHA,118603,"ICE TEA LIM PET 1,5L FL (6) N.V TP2G L06",TRANSPORTE DE PACOTE OCME L06,,Estrutura,16.72,"OBSERVACAO: ENROSCO DE PACOTES NA ESTEIRA, NECESSARIO AJUSTE NO SETUP PÓS MANUTENÇÃO | EQUIPAMENTO: TRANSPORTE DE PACOTE OCME L06 | CHAVE_1: Estrutura | SUBCHAVE:  | TIPO_PARADA: P.EQ.LINHA | LINHA: LINHA006"
1570,"RETIRANDO OS PALETE EM MANUL QUEBAR DO MAGAZINE DE PALETE,GERANDO FALHA NA SAIDA DOS PALETE.",RETIRANDO OS PALETE EM MANUL QUEBAR DO MAGAZINE DE PALETE GERANDO FALHA NA SAIDA DOS PALETE,FALHA DE MAGAZINE,FALHA DE MAGAZINE,EXACT_SAFE,1,1,557.0,1.0,2026-03-08,2,LINHA004,P.EQ.LINHA,55247,SPRITE ZR LT 350ML FL (6) LT419 TCDL L04,MAGAZINE PALLETS DESPAL SID LI,Qualidade de peças,Estrutura,11.4,"OBSERVACAO: RETIRANDO OS PALETE EM MANUL QUEBAR DO MAGAZINE DE PALETE,GERANDO FALHA NA SAIDA DOS PALETE. | EQUIPAMENTO: MAGAZINE PALLETS DESPAL SID LI | CHAVE_1: Estrutura | SUBCHAVE: Qualidade de peças | TIPO_PARADA: P.EQ.LINHA | LINHA: LINHA004"
1571,"RETIRANDO OS PALETE EM MANUL , MAGAZINE DE PALETE QUEBRADO ,GERANDO FALHA NA SAIDA DOS PALETE.",RETIRANDO OS PALETE EM MANUL MAGAZINE DE PALETE QUEBRADO GERANDO FALHA NA SAIDA DOS PALETE,FALHA DE MAGAZINE,FALHA DE MAGAZINE,EXACT_SAFE,6,1,558.0,1.0,2026-03-08,2,LINHA004,P.EQ.LINHA,55247,SPRITE ZR LT 350ML FL (6) LT419 TCDL L04,MAGAZINE PALLETS DESPAL SID LI,Qualidade de peças,Estrutura,21.12,"OBSERVACAO: RETIRANDO OS PALETE EM MANUL , MAGAZINE DE PALETE QUEBRADO ,GERANDO FALHA NA SAIDA DOS PALETE. | EQUIPAMENTO: MAGAZINE PALLETS DESPAL SID LI | CHAVE_1: Estrutura | SUBCHAVE: Qualidade de peças | TIPO_PARADA: P.EQ.LINHA | LINHA: LINHA004"
1572,"RETIRANDO OS PALETE EM MANUL , MAGAZINE DE PALETE QUEBRADO ,GERANDO FALHA NA SAIDA DOS PALETE.",RETIRANDO OS PALETE EM MANUL MAGAZINE DE PALETE QUEBRADO GERANDO FALHA NA SAIDA DOS PALETE,FALHA DE MAGAZINE,FALHA DE MAGAZINE,EXACT_SAFE,6,1,558.0,1.0,2026-03-08,2,LINHA004,P.EQ.LINHA,55247,SPRITE ZR LT 350ML FL (6) LT419 TCDL L04,MAGAZINE PALLETS DESPAL SID LI,Qualidade de peças,Estrutura,21.12,"OBSERVACAO: RETIRANDO OS PALETE EM MANUL , MAGAZINE DE PALETE QUEBRADO ,GERANDO FALHA NA SAIDA DOS PALETE. | EQUIPAMENTO: MAGAZINE PALLETS DESPAL SID LI | CHAVE_1: Estrutura | SUBCHAVE: Qualidade de peças | TIPO_PARADA: P.EQ.LINHA | LINHA: LINHA004"
1573,"RETIRANDO OS PALETE EM MANUL , MAGAZINE DE PALETE QUEBRADO ,GERANDO FALHA NA SAIDA DOS PALETE.",RETIRANDO OS PALETE EM MANUL MAGAZINE DE PALETE QUEBRADO GERANDO FALHA NA SAIDA DOS PALETE,FALHA DE MAGAZINE,FALHA DE MAGAZINE,EXACT_SAFE,6,1,558.0,1.0,2026-03-08,2,LINHA004,P.EQ.LINHA,55247,SPRITE ZR LT 350ML FL (6) LT419 TCDL L04,MAGAZINE PALLETS DESPAL SID LI,Qualidade de peças,Estrutura,21.12,"OBSERVACAO: RETIRANDO OS PALETE EM MANUL , MAGAZINE DE PALETE QUEBRADO ,GERANDO FALHA NA SAIDA DOS PALETE. | EQUIPAMENTO: MAGAZINE PALLETS DESPAL SID LI | CHAVE_1: Estrutura | SUBCHAVE: Qualidade de peças | TIPO_PARADA: P.EQ.LINHA | LINHA: LINHA004"
1574,"RETIRANDO OS PALETE EM MANUL , MAGAZINE DE PALETE QUEBRADO ,GERANDO FALHA NA SAIDA DOS PALETE.",RETIRANDO OS PALETE EM MANUL MAGAZINE DE PALETE QUEBRADO GERANDO FALHA NA SAIDA DOS PALETE,FALHA DE MAGAZINE,FALHA DE MAGAZINE,EXACT_SAFE,6,1,558.0,1.0,2026-03-08,2,LINHA004,P.EQ.LINHA,55247,SPRITE ZR LT 350ML FL (6) LT419 TCDL L04,MAGAZINE PALLETS DESPAL SID LI,Qualidade de peças,Estrutura,21.12,"OBSERVACAO: RETIRANDO OS PALETE EM MANUL , MAGAZINE DE PALETE QUEBRADO ,GERANDO FALHA NA SAIDA DOS PALETE. | EQUIPAMENTO: MAGAZINE PALLETS DESPAL SID LI | CHAVE_1: Estrutura | SUBCHAVE: Qualidade de peças | TIPO_PARADA: P.EQ.LINHA | LINHA: LINHA004"
1575,"RETIRANDO OS PALETE EM MANUL , MAGAZINE DE PALETE QUEBRADO ,GERANDO FALHA NA SAIDA DOS PALETE.",RETIRANDO OS PALETE EM MANUL MAGAZINE DE PALETE QUEBRADO GERANDO FALHA NA SAIDA DOS PALETE,FALHA DE MAGAZINE,FALHA DE MAGAZINE,EXACT_SAFE,6,1,558.0,1.0,2026-03-08,2,LINHA004,P.EQ.LINHA,55247,SPRITE ZR LT 350ML FL (6) LT419 TCDL L04,MAGAZINE PALLETS DESPAL SID LI,Qualidade de peças,Estrutura,21.12,"OBSERVACAO: RETIRANDO OS PALETE EM MANUL , MAGAZINE DE PALETE QUEBRADO ,GERANDO FALHA NA SAIDA DOS PALETE. | EQUIPAMENTO: MAGAZINE PALLETS DESPAL SID LI | CHAVE_1: Estrutura | SUBCHAVE: Qualidade de peças | TIPO_PARADA: P.EQ.LINHA | LINHA: LINHA004"
1576,"RETIRANDO OS PALETE EM MANUL , MAGAZINE DE PALETE QUEBRADO ,GERANDO FALHA NA SAIDA DOS PALETE.",RETIRANDO OS PALETE EM MANUL MAGAZINE DE PALETE QUEBRADO GERANDO FALHA NA SAIDA DOS PALETE,FALHA DE MAGAZINE,FALHA DE MAGAZINE,EXACT_SAFE,6,1,558.0,1.0,2026-03-08,2,LINHA004,P.EQ.LINHA,55247,SPRITE ZR LT 350ML FL (6) LT419 TCDL L04,MAGAZINE PALLETS DESPAL SID LI,Qualidade de peças,Estrutura,21.12,"OBSERVACAO: RETIRANDO OS PALETE EM MANUL , MAGAZINE DE PALETE QUEBRADO ,GERANDO FALHA NA SAIDA DOS PALETE. | EQUIPAMENTO: MAGAZINE PALLETS DESPAL SID LI | CHAVE_1: Estrutura | SUBCHAVE: Qualidade de peças | TIPO_PARADA: P.EQ.LINHA | LINHA: LINHA004"
1581,"RETIRANDO OS PALETE EM MANUL , MAGAZINE DE PALETE QUEBRADO ,GERANDO FALHA NA SAIDA DOS PALETE.",RETIRANDO OS PALETE EM MANUL MAGAZINE DE PALETE QUEBRADO GERANDO FALHA NA SAIDA DOS PALETE,FALHA DE MAGAZINE,FALHA DE MAGAZINE,EXACT_SAFE,6,1,558.0,1.0,2026-03-08,2,LINHA004,P.EQ.LINHA,55247,SPRITE ZR LT 350ML FL (6) LT419 TCDL L04,MAGAZINE PALLETS DESPAL SID LI,Qualidade de peças,Estrutura,21.12,"OBSERVACAO: RETIRANDO OS PALETE EM MANUL , MAGAZINE DE PALETE QUEBRADO ,GERANDO FALHA NA SAIDA DOS PALETE. | EQUIPAMENTO: MAGAZINE PALLETS DESPAL SID LI | CHAVE_1: Estrutura | SUBCHAVE: Qualidade de peças | TIPO_PARADA: P.EQ.LINHA | LINHA: LINHA004"
1605,TROCA DO BLOCO DA VALVULA 4 ESTAVA COM VAZAMENTO DE BEBIDA,TROCA DO BLOCO DA VALVULA 4 ESTAVA COM VAZAMENTO DE BEBIDA,VAZAMENTO EM VÁLVULA,VAZAMENTO EM VALVULA,EXACT_SAFE,1,1,564.0,1.0,2026-03-10,2,LINHA003,P.EQ.LINHA,55569,CCZR PET 2L FL (6) N.V 38G T2G L03,ENCHEDORA EUROTRONICA FM LI03,,Sistema de instrumentos e cont,20.0,OBSERVACAO: TROCA DO BLOCO DA VALVULA 4 ESTAVA COM VAZAMENTO DE BEBIDA | EQUIPAMENTO: ENCHEDORA EUROTRONICA FM LI03 | CHAVE_1: Sistema de instrumentos e cont | SUBCHAVE:  | TIPO_PARADA: P.EQ.LINHA | LINHA: LINHA003
1606,QUEDA DE TEMPERATURA,QUEDA DE TEMPERATURA,FALHA DE CONTROLE DE TEMPERATURA,FALHA DE CONTROLE DE TEMPERATURA,EXACT_SAFE,1,1,565.0,1.0,2026-03-10,2,LINHA003,P.EQ.LINHA,55569,CCZR PET 2L FL (6) N.V 38G T2G L03,TÚNEL RETRACAO ST 92/2 KRO LI0,,Trpte túnel retração kro LI03,7.0,OBSERVACAO: QUEDA DE TEMPERATURA | EQUIPAMENTO: TÚNEL RETRACAO ST 92/2 KRO LI0 | CHAVE_1: Trpte túnel retração kro LI03 | SUBCHAVE:  | TIPO_PARADA: P.EQ.LINHA | LINHA: LINHA003
1607,QUEDA DE TEMPERTURA,QUEDA DE TEMPERTURA,FALHA DE CONTROLE DE TEMPERATURA,FALHA DE CONTROLE DE TEMPERATURA,EXACT_SAFE,1,1,566.0,1.0,2026-03-10,2,LINHA003,P.EQ.LINHA,55569,CCZR PET 2L FL (6) N.V 38G T2G L03,TÚNEL RETRACAO ST 92/2 KRO LI0,,Trpte túnel retração kro LI03,7.5,OBSERVACAO: QUEDA DE TEMPERTURA | EQUIPAMENTO: TÚNEL RETRACAO ST 92/2 KRO LI0 | CHAVE_1: Trpte túnel retração kro LI03 | SUBCHAVE:  | TIPO_PARADA: P.EQ.LINHA | LINHA: LINHA003
1608,SAINDO PACOTE ABERTO,SAINDO PACOTE ABERTO,FALHA DE ENVOLVIMENTO,FALHA DE ENVOLVIMENTO,EXACT_SAFE,1,1,567.0,1.0,2026-03-10,2,LINHA003,P.EQ.LINHA,55569,CCZR PET 2L FL (6) N.V 38G T2G L03,EMPACOTADORA VARIOPAC KRO LI03,,Sistema de Instrumentos e cont,7.0,OBSERVACAO: SAINDO PACOTE ABERTO | EQUIPAMENTO: EMPACOTADORA VARIOPAC KRO LI03 | CHAVE_1: Sistema de Instrumentos e cont | SUBCHAVE:  | TIPO_PARADA: P.EQ.LINHA | LINHA: LINHA003
1609,FALHA NO ANALISADOR COBRIX,FALHA NO ANALISADOR COBRIX,FALHA DE ANALISADOR,FALHA DE ANALISADOR,EXACT_SAFE,3,1,639.0,1.0,2026-03-18,2,LINHA003,P.EQ.LINHA,56424,CCMA PET 2L FL (6) N.V 38G LOLA T2G L03,PROPORCIONADOR STARBLEND SID L,Sistema de medição falha,Instrumentos de medição,5.0,OBSERVACAO: FALHA NO ANALISADOR COBRIX | EQUIPAMENTO: PROPORCIONADOR STARBLEND SID L | CHAVE_1: Instrumentos de medição | SUBCHAVE: Sistema de medição falha | TIPO_PARADA: P.EQ.LINHA | LINHA: LINHA003
1611,SENSOR DE ENCHIMENTO DAS GARRAFAS COM FAHA,SENSOR DE ENCHIMENTO DAS GARRAFAS COM FAHA,FALHA DE SENSOR,FALHA DE SENSOR,EXACT_SAFE,1,1,568.0,1.0,2026-03-10,2,LINHA003,P.EQ.LINHA,55569,CCZR PET 2L FL (6) N.V 38G T2G L03,ENCHEDORA EUROTRONICA FM LI03,,Sistema de instrumentos e cont,6.0,OBSERVACAO: SENSOR DE ENCHIMENTO DAS GARRAFAS COM FAHA | EQUIPAMENTO: ENCHEDORA EUROTRONICA FM LI03 | CHAVE_1: Sistema de instrumentos e cont | SUBCHAVE:  | TIPO_PARADA: P.EQ.LINHA | LINHA: LINHA003
1612,FALHA NO EMPURRADOR DE CAMADAS NA GAIOLA,FALHA NO EMPURRADOR DE CAMADAS NA GAIOLA,FALHA DE EMPURRADOR,FALHA DE EMPURRADOR,EXACT_SAFE,1,1,569.0,1.0,2026-03-10,2,LINHA003,P.EQ.LINHA,55569,CCZR PET 2L FL (6) N.V 38G T2G L03,PALETIZADORA ROBOT KRO LI03,,Sistema elétrico,10.0,OBSERVACAO: FALHA NO EMPURRADOR DE CAMADAS NA GAIOLA | EQUIPAMENTO: PALETIZADORA ROBOT KRO LI03 | CHAVE_1: Sistema elétrico | SUBCHAVE:  | TIPO_PARADA: P.EQ.LINHA | LINHA: LINHA003
1613,VALVULA 21 FALHA NO ENCHIMENTO,VALVULA 21 FALHA NO ENCHIMENTO,FALHA DE VÁLVULA DE ENCHIMENTO,FALHA DE VALVULA DE ENCHIMENTO,EXACT_SAFE,1,1,572.0,1.0,2026-03-10,1,LINHA006,P.EQ.LINHA,56443,CCZR PET 200ML FI (12) N.V 14G T2G L06,ENCHEDORA KRONES L06,,Sistema de enchimento,6.48,OBSERVACAO: VALVULA 21 FALHA NO ENCHIMENTO | EQUIPAMENTO: ENCHEDORA KRONES L06 | CHAVE_1: Sistema de enchimento | SUBCHAVE:  | TIPO_PARADA: P.EQ.LINHA | LINHA: LINHA006
1639,"ELÉTRICA ATUANDO NO ASEBI,OBS.GARRAFA MENOS AÇUCAR.ORDEM...30008436003",ELETRICA ATUANDO NO ASEBI OBS GARRAFA MENOS ACUCAR ORDEM 30008436003,FALHA DE INSPEÇÃO,FALHA DE INSPECAO,EXACT_SAFE,1,1,573.0,1.0,2026-03-10,2,LINHA001,P.EQ.LINHA,55609,"CC LS 1L (12) N.V 4,99 ROL412 L01",INSPETOR DE GARRAFAS VAZIAS HE,,,22.67,"OBSERVACAO: ELÉTRICA ATUANDO NO ASEBI,OBS.GARRAFA MENOS AÇUCAR.ORDEM...30008436003 | EQUIPAMENTO: INSPETOR DE GARRAFAS VAZIAS HE | CHAVE_1:  | SUBCHAVE:  | TIPO_PARADA: P.EQ.LINHA | LINHA: LINHA001"
1640,FALHA ELETRICA NO TRASPORTE DE CAIXAS NA ENTRADA DA ENCAIXOTADORA 30008439289,FALHA ELETRICA NO TRASPORTE DE CAIXAS NA ENTRADA DA ENCAIXOTADORA 30008439289,FALHA ELÉTRICA DO TRANSPORTE,FALHA ELETRICA DO TRANSPORTE,EXACT_SAFE,1,1,574.0,1.0,2026-03-11,3,LINHA005,P.EQ.LINHA,55568,"CC PET RET 2L (9) 7,99 PROMO L05",TRANSP CAX VZ LAV CXS ENCA,,Sistema de instrumentos e cont,12.0,OBSERVACAO: FALHA ELETRICA NO TRASPORTE DE CAIXAS NA ENTRADA DA ENCAIXOTADORA 30008439289 | EQUIPAMENTO: TRANSP CAX VZ LAV CXS ENCA | CHAVE_1: Sistema de instrumentos e cont | SUBCHAVE:  | TIPO_PARADA: P.EQ.LINHA | LINHA: LINHA005
1641,FALHA NO SERVO NOTA 30008437720,FALHA NO SERVO NOTA 30008437720,FALHA DE SERVO MOTOR,FALHA DE SERVO MOTOR,EXACT_SAFE,1,1,575.0,1.0,2026-03-11,1,LINHA006,P.EQ.LINHA,56298,CC PET 200ML FI (12) NV 14G LOLA T2G L06,PALETIZADORA OCME L06,,Sistema elétrico,7.2,OBSERVACAO: FALHA NO SERVO NOTA 30008437720 | EQUIPAMENTO: PALETIZADORA OCME L06 | CHAVE_1: Sistema elétrico | SUBCHAVE:  | TIPO_PARADA: P.EQ.LINHA | LINHA: LINHA006
1642,TEMPERATURA ALTA NAO ESTAVA ABAIXANDO,TEMPERATURA ALTA NAO ESTAVA ABAIXANDO,FALHA DE CONTROLE DE TEMPERATURA,FALHA DE CONTROLE DE TEMPERATURA,EXACT_SAFE,2,1,576.0,1.0,2026-03-11,2,LINHA006,P.EQ.LINHA,56298,CC PET 200ML FI (12) NV 14G LOLA T2G L06,TÚNEL RETRAÇÃO OCME L06,,,36.96,OBSERVACAO: TEMPERATURA ALTA NAO ESTAVA ABAIXANDO | EQUIPAMENTO: TÚNEL RETRAÇÃO OCME L06 | CHAVE_1:  | SUBCHAVE:  | TIPO_PARADA: P.EQ.LINHA | LINHA: LINHA006
1643,TEMPERATURA ALTA NAO ESTAVA ABAIXANDO,TEMPERATURA ALTA NAO ESTAVA ABAIXANDO,FALHA DE CONTROLE DE TEMPERATURA,FALHA DE CONTROLE DE TEMPERATURA,EXACT_SAFE,2,1,576.0,1.0,2026-03-11,2,LINHA006,P.EQ.LINHA,56298,CC PET 200ML FI (12) NV 14G LOLA T2G L06,TÚNEL RETRAÇÃO OCME L06,,,36.96,OBSERVACAO: TEMPERATURA ALTA NAO ESTAVA ABAIXANDO | EQUIPAMENTO: TÚNEL RETRAÇÃO OCME L06 | CHAVE_1:  | SUBCHAVE:  | TIPO_PARADA: P.EQ.LINHA | LINHA: LINHA006
1674,PACOTES ABRINDO NO TRANSPORTE,PACOTES ABRINDO NO TRANSPORTE,FALHA DE ENVOLVIMENTO,FALHA DE ENVOLVIMENTO,EXACT_SAFE,1,1,579.0,1.0,2026-03-11,1,LINHA003,P.EQ.LINHA,55569,CCZR PET 2L FL (6) N.V 38G T2G L03,EMPACOTADORA VARIOPAC KRO LI03,,Sistema Elétrico,10.5,OBSERVACAO: PACOTES ABRINDO NO TRANSPORTE | EQUIPAMENTO: EMPACOTADORA VARIOPAC KRO LI03 | CHAVE_1: Sistema Elétrico | SUBCHAVE:  | TIPO_PARADA: P.EQ.LINHA | LINHA: LINHA003
1677,"VALVULA 44 PEGANDO A GARRAFA TORTA, GERANDO FALHA NO ENCHIMENTO.",VALVULA 44 PEGANDO A GARRAFA TORTA GERANDO FALHA NO ENCHIMENTO,FALHA DE ENCHIMENTO,FALHA DE ENCHIMENTO,EXACT_SAFE,1,1,582.0,1.0,2026-03-11,1,LINHA003,P.EQ.LINHA,55569,CCZR PET 2L FL (6) N.V 38G T2G L03,ENCHEDORA EUROTRONICA FM LI03,,Sistema de instrumentos e cont,10.0,"OBSERVACAO: VALVULA 44 PEGANDO A GARRAFA TORTA, GERANDO FALHA NO ENCHIMENTO. | EQUIPAMENTO: ENCHEDORA EUROTRONICA FM LI03 | CHAVE_1: Sistema de instrumentos e cont | SUBCHAVE:  | TIPO_PARADA: P.EQ.LINHA | LINHA: LINHA003"
1678,ESTEIRA NO TRANSPORTE NA ENTRADA DA ENCAIXOTADORA ESCAPOU,ESTEIRA NO TRANSPORTE NA ENTRADA DA ENCAIXOTADORA ESCAPOU,ESCAPE DE ESTEIRA,ESCAPE DE ESTEIRA,EXACT_SAFE,1,1,583.0,1.0,2026-03-12,1,LINHA005,P.EQ.LINHA,55568,"CC PET RET 2L (9) 7,99 PROMO L05",TRANSP CXS VZ DESENCA LAV CXS,,Sistema de instrumentos e cont,6.88,OBSERVACAO: ESTEIRA NO TRANSPORTE NA ENTRADA DA ENCAIXOTADORA ESCAPOU | EQUIPAMENTO: TRANSP CXS VZ DESENCA LAV CXS | CHAVE_1: Sistema de instrumentos e cont | SUBCHAVE:  | TIPO_PARADA: P.EQ.LINHA | LINHA: LINHA005
1712,ENTRANDO GARRAFA TORTA NA ENCHEDORA AJUSTE NOS GUIAS ORDEM 30008441636,ENTRANDO GARRAFA TORTA NA ENCHEDORA AJUSTE NOS GUIAS ORDEM 30008441636,SEM MODO DE FALHA IDENTIFICADO,SEM MODO DE FALHA IDENTIFICADO,EXACT_SAFE,1,1,585.0,1.0,2026-03-12,2,LINHA003,P.EQ.LINHA,56568,SPRITE PET 200ML FI (12) 14G F439 L03,ENCHEDORA EUROTRONICA FM LI03,,Sistema de instrumentos e cont,20.74,OBSERVACAO: ENTRANDO GARRAFA TORTA NA ENCHEDORA AJUSTE NOS GUIAS ORDEM 30008441636 | EQUIPAMENTO: ENCHEDORA EUROTRONICA FM LI03 | CHAVE_1: Sistema de instrumentos e cont | SUBCHAVE:  | TIPO_PARADA: P.EQ.LINHA | LINHA: LINHA003
1713,AJUSTE SENSOR PUMÃO ENTRADA DA ENCAIXOTADORA.,AJUSTE SENSOR PUMAO ENTRADA DA ENCAIXOTADORA,FALHA DE SENSOR,FALHA DE SENSOR,EXACT_SAFE,1,1,586.0,1.0,2026-03-13,1,LINHA001,P.EQ.LINHA,55609,"CC LS 1L (12) N.V 4,99 ROL412 L01",TRPTE GRFS CHEIAS SID LI01,,Sistema Elétrico,12.67,OBSERVACAO: AJUSTE SENSOR PUMÃO ENTRADA DA ENCAIXOTADORA. | EQUIPAMENTO: TRPTE GRFS CHEIAS SID LI01 | CHAVE_1: Sistema Elétrico | SUBCHAVE:  | TIPO_PARADA: P.EQ.LINHA | LINHA: LINHA001
1714,ESCAPOU NAYLOM GUIA ENTRADA DA ENCAIXOTADORA.,ESCAPOU NAYLOM GUIA ENTRADA DA ENCAIXOTADORA,DESALINHAMENTO DE GUIA,DESALINHAMENTO DE GUIA,EXACT_SAFE,1,1,587.0,1.0,2026-03-13,1,LINHA001,P.EQ.LINHA,55609,"CC LS 1L (12) N.V 4,99 ROL412 L01",ENCAIXOTADORA VAN H K LI01,,Estrutura,10.0,OBSERVACAO: ESCAPOU NAYLOM GUIA ENTRADA DA ENCAIXOTADORA. | EQUIPAMENTO: ENCAIXOTADORA VAN H K LI01 | CHAVE_1: Estrutura | SUBCHAVE:  | TIPO_PARADA: P.EQ.LINHA | LINHA: LINHA001
1715,"GUIAS DANIFICADO QUEDA DE GARRAFA,SAIDA DA DESENCAIXOTADORA.",GUIAS DANIFICADO QUEDA DE GARRAFA SAIDA DA DESENCAIXOTADORA,QUEDA DE GARRAFAS,QUEDA DE GARRAFAS,EXACT_SAFE,1,1,588.0,1.0,2026-03-13,1,LINHA001,P.EQ.LINHA,55609,"CC LS 1L (12) N.V 4,99 ROL412 L01",TRANSP GRFS VZ DESENCA SEP TRE,Qualidade de peças,Estrutura,12.0,"OBSERVACAO: GUIAS DANIFICADO QUEDA DE GARRAFA,SAIDA DA DESENCAIXOTADORA. | EQUIPAMENTO: TRANSP GRFS VZ DESENCA SEP TRE | CHAVE_1: Estrutura | SUBCHAVE: Qualidade de peças | TIPO_PARADA: P.EQ.LINHA | LINHA: LINHA001"
1716,ESTEIRA DA MESA QUE PEGA GARRAFAS DESARMOU.ORDEM..,ESTEIRA DA MESA QUE PEGA GARRAFAS DESARMOU ORDEM,DESARME DE ESTEIRA,DESARME DE ESTEIRA,EXACT_SAFE,1,1,589.0,1.0,2026-03-13,2,LINHA001,P.EQ.LINHA,55609,"CC LS 1L (12) N.V 4,99 ROL412 L01",DESENCAIX VAN 1351441 H K LI01,,Sistema elétrico,28.0,OBSERVACAO: ESTEIRA DA MESA QUE PEGA GARRAFAS DESARMOU.ORDEM.. | EQUIPAMENTO: DESENCAIX VAN 1351441 H K LI01 | CHAVE_1: Sistema elétrico | SUBCHAVE:  | TIPO_PARADA: P.EQ.LINHA | LINHA: LINHA001
1717,ESTEIRA DA MESA QUE PEGA GARRAFAS DESARMOU.ORDEM..30008445667,ESTEIRA DA MESA QUE PEGA GARRAFAS DESARMOU ORDEM 30008445667,DESARME DE ESTEIRA,DESARME DE ESTEIRA,EXACT_SAFE,1,1,590.0,1.0,2026-03-13,2,LINHA001,P.EQ.LINHA,55609,"CC LS 1L (12) N.V 4,99 ROL412 L01",DESENCAIX VAN 1351441 H K LI01,,Sistema elétrico,14.0,OBSERVACAO: ESTEIRA DA MESA QUE PEGA GARRAFAS DESARMOU.ORDEM..30008445667 | EQUIPAMENTO: DESENCAIX VAN 1351441 H K LI01 | CHAVE_1: Sistema elétrico | SUBCHAVE:  | TIPO_PARADA: P.EQ.LINHA | LINHA: LINHA001
1718,"MÁQUINA PERDEU A REFERÊNCIA DE ALTURA,FOI FEITO A MASTERIZAÇÃO E REFERENCIAMENTO DO CABEÇOTE.",MAQUINA PERDEU A REFERENCIA DE ALTURA FOI FEITO A MASTERIZACAO E REFERENCIAMENTO DO CABECOTE,PERDA DE REFERÊNCIA,PERDA DE REFERENCIA,EXACT_SAFE,1,1,591.0,1.0,2026-03-13,2,LINHA001,P.EQ.LINHA,55609,"CC LS 1L (12) N.V 4,99 ROL412 L01",PALETIZADORA,,,10.0,"OBSERVACAO: MÁQUINA PERDEU A REFERÊNCIA DE ALTURA,FOI FEITO A MASTERIZAÇÃO E REFERENCIAMENTO DO CABEÇOTE. | EQUIPAMENTO: PALETIZADORA | CHAVE_1:  | SUBCHAVE:  | TIPO_PARADA: P.EQ.LINHA | LINHA: LINHA001"
1719,QUEDA DE GARRAFA NO SISTEMA DE REFRIGERACAO DE FUNDO,QUEDA DE GARRAFA NO SISTEMA DE REFRIGERACAO DE FUNDO,QUEDA DE GARRAFAS,QUEDA DE GARRAFAS,EXACT_SAFE,1,1,592.0,1.0,2026-03-13,1,LINHA006,P.EQ.LINHA,56298,CC PET 200ML FI (12) NV 14G LOLA T2G L06,BOMBA RESFRIAMENTO DE FUNDO GA,,,2.4,OBSERVACAO: QUEDA DE GARRAFA NO SISTEMA DE REFRIGERACAO DE FUNDO | EQUIPAMENTO: BOMBA RESFRIAMENTO DE FUNDO GA | CHAVE_1:  | SUBCHAVE:  | TIPO_PARADA: P.EQ.LINHA | LINHA: LINHA006
1745,ALINHAMENTO DA CHAPA DO TRANSPORTE DE SAIDA DE GARRAFAS DO CAPSULADOR.,ALINHAMENTO DA CHAPA DO TRANSPORTE DE SAIDA DE GARRAFAS DO CAPSULADOR,DESALINHAMENTO DE CHAPA,DESALINHAMENTO DE CHAPA,EXACT_SAFE,1,1,593.0,1.0,2026-03-13,1,LINHA003,P.EQ.LINHA,56568,SPRITE PET 200ML FI (12) 14G F439 L03,TRPTE GRFS LOC LI03,,Sistema de instrumentos e cont,12.0,OBSERVACAO: ALINHAMENTO DA CHAPA DO TRANSPORTE DE SAIDA DE GARRAFAS DO CAPSULADOR. | EQUIPAMENTO: TRPTE GRFS LOC LI03 | CHAVE_1: Sistema de instrumentos e cont | SUBCHAVE:  | TIPO_PARADA: P.EQ.LINHA | LINHA: LINHA003
1746,"FALHAVÃLVULA DE TUBULAÇÃO NA ENTRADA DE BEBIDA NO MIXER, OCASIONANDO VAZAMENTO DE BEBIDAS ORDEM: 30008450138",FALHAVALVULA DE TUBULACAO NA ENTRADA DE BEBIDA NO MIXER OCASIONANDO VAZAMENTO DE BEBIDAS ORDEM 30008450138,FALHA DE MISTURA,FALHA DE MISTURA,EXACT_SAFE,1,1,594.0,1.0,2026-03-14,1,LINHA005,P.EQ.LINHA,56327,"FT LAR PET RET 2L (9) 7,49 PROMO FNX L05",PROPORCIONADOR STARBLEND SID L,,Sistema de Válvulas,34.59,"OBSERVACAO: FALHAVÃLVULA DE TUBULAÇÃO NA ENTRADA DE BEBIDA NO MIXER, OCASIONANDO VAZAMENTO DE BEBIDAS ORDEM: 30008450138 | EQUIPAMENTO: PROPORCIONADOR STARBLEND SID L | CHAVE_1: Sistema de Válvulas | SUBCHAVE:  | TIPO_PARADA: P.EQ.LINHA | LINHA: LINHA005"
1747,"DEVIDER COM FALHA NA ENTRADA DE CAIXAS, PARAFUSO ESPANADO",DEVIDER COM FALHA NA ENTRADA DE CAIXAS PARAFUSO ESPANADO,FALHA DE FIXAÇÃO,FALHA DE FIXACAO,EXACT_SAFE,1,1,595.0,1.0,2026-03-14,1,LINHA005,P.EQ.LINHA,56327,"FT LAR PET RET 2L (9) 7,49 PROMO FNX L05",PALETIZADORA ROBOKOMBI SID LI0,Qualidade de peças,Estrutura,10.0,"OBSERVACAO: DEVIDER COM FALHA NA ENTRADA DE CAIXAS, PARAFUSO ESPANADO | EQUIPAMENTO: PALETIZADORA ROBOKOMBI SID LI0 | CHAVE_1: Estrutura | SUBCHAVE: Qualidade de peças | TIPO_PARADA: P.EQ.LINHA | LINHA: LINHA005"
1748,ESTEIRA DA CURVA DO TRANSPORTE DA PALETIZADORA ESCAPOU,ESTEIRA DA CURVA DO TRANSPORTE DA PALETIZADORA ESCAPOU,ESCAPE DE ESTEIRA,ESCAPE DE ESTEIRA,EXACT_SAFE,1,1,596.0,1.0,2026-03-14,1,LINHA005,P.EQ.LINHA,56327,"FT LAR PET RET 2L (9) 7,49 PROMO FNX L05",TRANSP CXS GRFS CH PAL,,Sistema de instrumentos e cont,5.59,OBSERVACAO: ESTEIRA DA CURVA DO TRANSPORTE DA PALETIZADORA ESCAPOU | EQUIPAMENTO: TRANSP CXS GRFS CH PAL | CHAVE_1: Sistema de instrumentos e cont | SUBCHAVE:  | TIPO_PARADA: P.EQ.LINHA | LINHA: LINHA005
1749,"FALHA BANDEJA DE ROTULOS, A BANDEJA ESTÁ EM DESNIVEL, GERANDO ENROSCO DE ROTULOS ORDEM: 30008450158",FALHA BANDEJA DE ROTULOS A BANDEJA ESTA EM DESNIVEL GERANDO ENROSCO DE ROTULOS ORDEM 30008450158,ENROSCO DE RÓTULOS,ENROSCO DE ROTULOS,EXACT_SAFE,1,1,597.0,1.0,2026-03-14,1,LINHA005,P.EQ.LINHA,56327,"FT LAR PET RET 2L (9) 7,49 PROMO FNX L05",ROTULADORA MODULAR KRONES LI05,,Sistema de Instrumentos e cont,10.53,"OBSERVACAO: FALHA BANDEJA DE ROTULOS, A BANDEJA ESTÁ EM DESNIVEL, GERANDO ENROSCO DE ROTULOS ORDEM: 30008450158 | EQUIPAMENTO: ROTULADORA MODULAR KRONES LI05 | CHAVE_1: Sistema de Instrumentos e cont | SUBCHAVE:  | TIPO_PARADA: P.EQ.LINHA | LINHA: LINHA005"
1750,"CHAPA DE PASSAGEM DE GARRAFAS DANIFICADAS, OCASIONANDO QUEDA DE GARRAFAS ORDEM: 30008450154",CHAPA DE PASSAGEM DE GARRAFAS DANIFICADAS OCASIONANDO QUEDA DE GARRAFAS ORDEM 30008450154,QUEDA DE GARRAFAS,QUEDA DE GARRAFAS,EXACT_SAFE,1,1,598.0,1.0,2026-03-14,1,LINHA005,P.EQ.LINHA,56327,"FT LAR PET RET 2L (9) 7,49 PROMO FNX L05",DESENCAIXOTADORA SID LI05,,Estrutura,10.0,"OBSERVACAO: CHAPA DE PASSAGEM DE GARRAFAS DANIFICADAS, OCASIONANDO QUEDA DE GARRAFAS ORDEM: 30008450154 | EQUIPAMENTO: DESENCAIXOTADORA SID LI05 | CHAVE_1: Estrutura | SUBCHAVE:  | TIPO_PARADA: P.EQ.LINHA | LINHA: LINHA005"
1751,"FALHA DO ROBO , TRAVOU NA POSICAO",FALHA DO ROBO TRAVOU NA POSICAO,TRAVAMENTO DE ROBÔ,TRAVAMENTO DE ROBO,EXACT_SAFE,1,1,599.0,1.0,2026-03-14,2,LINHA006,P.EQ.LINHA,56298,CC PET 200ML FI (12) NV 14G LOLA T2G L06,ROBO PALETIZADORA FANUC 1,,Sistema manipulador de caixas,14.4,"OBSERVACAO: FALHA DO ROBO , TRAVOU NA POSICAO | EQUIPAMENTO: ROBO PALETIZADORA FANUC 1 | CHAVE_1: Sistema manipulador de caixas | SUBCHAVE:  | TIPO_PARADA: P.EQ.LINHA | LINHA: LINHA006"
1776,MOTOR COM TEMPERATURA ALTA - 30008450278,MOTOR COM TEMPERATURA ALTA 30008450278,FALHA DE MOTOR,FALHA DE MOTOR,EXACT_SAFE,1,1,600.0,1.0,2026-03-14,2,LINHA003,P.EQ.LINHA,56298,CC PET 200ML FI (12) N.V 14G F688 L03,COLOCADOR CHAPATEX KRO LI03,,Sistema elétrico,60.0,OBSERVACAO: MOTOR COM TEMPERATURA ALTA - 30008450278 | EQUIPAMENTO: COLOCADOR CHAPATEX KRO LI03 | CHAVE_1: Sistema elétrico | SUBCHAVE:  | TIPO_PARADA: P.EQ.LINHA | LINHA: LINHA003
1777,"FALHA NA ENCHIMENTO NA PARTIDA, RECEITA PADRÃO ESPUMANDO A BEBIDA",FALHA NA ENCHIMENTO NA PARTIDA RECEITA PADRAO ESPUMANDO A BEBIDA,ESPUMAMENTO DE BEBIDA,ESPUMAMENTO DE BEBIDA,EXACT_SAFE,2,1,601.0,1.0,2026-03-15,1,LINHA004,P.EQ.LINHA,55286,FT UVA LT 350ML FL (6) N.V LT477 L04,ENCHEDORA STARCANS FM E 91 LI0,,Sistema de enchimento,30.0,"OBSERVACAO: FALHA NA ENCHIMENTO NA PARTIDA, RECEITA PADRÃO ESPUMANDO A BEBIDA | EQUIPAMENTO: ENCHEDORA STARCANS FM E 91 LI0 | CHAVE_1: Sistema de enchimento | SUBCHAVE:  | TIPO_PARADA: P.EQ.LINHA | LINHA: LINHA004"
1778,"FALHA NA ENCHIMENTO NA PARTIDA, RECEITA PADRÃO ESPUMANDO A BEBIDA",FALHA NA ENCHIMENTO NA PARTIDA RECEITA PADRAO ESPUMANDO A BEBIDA,ESPUMAMENTO DE BEBIDA,ESPUMAMENTO DE BEBIDA,EXACT_SAFE,2,1,601.0,1.0,2026-03-15,1,LINHA004,P.EQ.LINHA,55286,FT UVA LT 350ML FL (6) N.V LT477 L04,ENCHEDORA STARCANS FM E 91 LI0,,Sistema de enchimento,30.0,"OBSERVACAO: FALHA NA ENCHIMENTO NA PARTIDA, RECEITA PADRÃO ESPUMANDO A BEBIDA | EQUIPAMENTO: ENCHEDORA STARCANS FM E 91 LI0 | CHAVE_1: Sistema de enchimento | SUBCHAVE:  | TIPO_PARADA: P.EQ.LINHA | LINHA: LINHA004"
1789,BICO DO GÁS 1 OBSTRUIDO,BICO DO GAS 1 OBSTRUIDO,ENTUPIMENTO,ENTUPIMENTO,EXACT_SAFE,1,1,603.0,1.0,2026-03-16,2,LINHA005,P.EQ.LINHA,55568,"CC PET RET 2L (9) 7,99 PROMO L05",INSPETOR GARRAFAS ENOS A 100 L,,Sistema de Instrumentos e Cont,7.0,OBSERVACAO: BICO DO GÁS 1 OBSTRUIDO | EQUIPAMENTO: INSPETOR GARRAFAS ENOS A 100 L | CHAVE_1: Sistema de Instrumentos e Cont | SUBCHAVE:  | TIPO_PARADA: P.EQ.LINHA | LINHA: LINHA005
1790,ENROSCANDO CAIXAS NA ENTRADA REPARO NO PISTÃO CENTRAL DO DEVAISER,ENROSCANDO CAIXAS NA ENTRADA REPARO NO PISTAO CENTRAL DO DEVAISER,FALHA DE ATUADOR DO DEVAISER,FALHA DE ATUADOR DO DEVAISER,EXACT_SAFE,1,1,604.0,1.0,2026-03-16,2,LINHA005,P.EQ.LINHA,55568,"CC PET RET 2L (9) 7,99 PROMO L05",PALETIZADORA ROBOKOMBI SID LI0,,Sistema Pneumático,18.0,OBSERVACAO: ENROSCANDO CAIXAS NA ENTRADA REPARO NO PISTÃO CENTRAL DO DEVAISER | EQUIPAMENTO: PALETIZADORA ROBOKOMBI SID LI0 | CHAVE_1: Sistema Pneumático | SUBCHAVE:  | TIPO_PARADA: P.EQ.LINHA | LINHA: LINHA005
1791,TROCA DE CONEXÃO DA MANGUEIRA DA ENCAIXOTADORA NOTA 30008456399,TROCA DE CONEXAO DA MANGUEIRA DA ENCAIXOTADORA NOTA 30008456399,FALHA DE CONEXÃO DE MANGUEIRA,FALHA DE CONEXAO DE MANGUEIRA,EXACT_SAFE,1,1,605.0,1.0,2026-03-16,2,LINHA005,P.EQ.LINHA,55568,"CC PET RET 2L (9) 7,99 PROMO L05",ENCAIXOTADORA SID LI05,,Sistema de instrumentos e cont,16.59,OBSERVACAO: TROCA DE CONEXÃO DA MANGUEIRA DA ENCAIXOTADORA NOTA 30008456399 | EQUIPAMENTO: ENCAIXOTADORA SID LI05 | CHAVE_1: Sistema de instrumentos e cont | SUBCHAVE:  | TIPO_PARADA: P.EQ.LINHA | LINHA: LINHA005
1792,ENROSCANDO CAIXAS NA ENTRADA AJUSTE NO PISTÃO CENTRALDO DEVAISER,ENROSCANDO CAIXAS NA ENTRADA AJUSTE NO PISTAO CENTRALDO DEVAISER,FALHA DE ATUADOR DO DEVAISER,FALHA DE ATUADOR DO DEVAISER,EXACT_SAFE,1,1,606.0,1.0,2026-03-16,2,LINHA005,P.EQ.LINHA,55568,"CC PET RET 2L (9) 7,99 PROMO L05",PALETIZADORA ROBOKOMBI SID LI0,,Sistema de instrumentos e cont,6.36,OBSERVACAO: ENROSCANDO CAIXAS NA ENTRADA AJUSTE NO PISTÃO CENTRALDO DEVAISER | EQUIPAMENTO: PALETIZADORA ROBOKOMBI SID LI0 | CHAVE_1: Sistema de instrumentos e cont | SUBCHAVE:  | TIPO_PARADA: P.EQ.LINHA | LINHA: LINHA005
1793,AJUSTE NA PRESSÃO DO EMPURADOR DE ROTULO,AJUSTE NA PRESSAO DO EMPURADOR DE ROTULO,FALHA DE ROTULAGEM,FALHA DE ROTULAGEM,EXACT_SAFE,1,1,607.0,1.0,2026-03-16,3,LINHA005,P.EQ.LINHA,55568,"CC PET RET 2L (9) 7,99 PROMO L05",ROTULADORA MODULAR KRONES LI05,,Sistema de Instrumentos e cont,12.0,OBSERVACAO: AJUSTE NA PRESSÃO DO EMPURADOR DE ROTULO | EQUIPAMENTO: ROTULADORA MODULAR KRONES LI05 | CHAVE_1: Sistema de Instrumentos e cont | SUBCHAVE:  | TIPO_PARADA: P.EQ.LINHA | LINHA: LINHA005
1794,ROMPIMENTO DA MANGUEIRA DE AGUA DA ROTULADORA,ROMPIMENTO DA MANGUEIRA DE AGUA DA ROTULADORA,ROMPIMENTO DE MANGUEIRA DE ÁGUA,ROMPIMENTO DE MANGUEIRA DE AGUA,EXACT_SAFE,1,1,608.0,1.0,2026-03-16,3,LINHA005,P.EQ.LINHA,55568,"CC PET RET 2L (9) 7,99 PROMO L05",ROTULADORA MODULAR KRONES LI05,,Sistema Pneumático,6.71,OBSERVACAO: ROMPIMENTO DA MANGUEIRA DE AGUA DA ROTULADORA | EQUIPAMENTO: ROTULADORA MODULAR KRONES LI05 | CHAVE_1: Sistema Pneumático | SUBCHAVE:  | TIPO_PARADA: P.EQ.LINHA | LINHA: LINHA005
1795,"FALHA CHECKMATE NA SAIDA DA ROTULADORA, FOI REALIZADO O AJUSTE DA POSIÇÃO DE DISPARO DA CAMERA",FALHA CHECKMATE NA SAIDA DA ROTULADORA FOI REALIZADO O AJUSTE DA POSICAO DE DISPARO DA CAMERA,FALHA DE CÂMERA,FALHA DE CAMERA,EXACT_SAFE,1,1,609.0,1.0,2026-03-16,3,LINHA005,P.EQ.LINHA,55568,"CC PET RET 2L (9) 7,99 PROMO L05",ROTULADORA MODULAR KRONES LI05,,Sistema Elétrico,16.0,"OBSERVACAO: FALHA CHECKMATE NA SAIDA DA ROTULADORA, FOI REALIZADO O AJUSTE DA POSIÇÃO DE DISPARO DA CAMERA | EQUIPAMENTO: ROTULADORA MODULAR KRONES LI05 | CHAVE_1: Sistema Elétrico | SUBCHAVE:  | TIPO_PARADA: P.EQ.LINHA | LINHA: LINHA005"
1817,FALHA NO ENCHIMENTO DA VALVULA 52. ORDEM- 30008455522,FALHA NO ENCHIMENTO DA VALVULA 52 ORDEM 30008455522,FALHA DE ENCHIMENTO,FALHA DE ENCHIMENTO,EXACT_SAFE,1,1,610.0,1.0,2026-03-16,2,LINHA003,P.EQ.LINHA,55993,CC PET 1L FL (6) N.V 29G F710 L03,ENCHEDORA EUROTRONICA FM LI03,,Sistema de instrumentos e cont,10.5,OBSERVACAO: FALHA NO ENCHIMENTO DA VALVULA 52. ORDEM- 30008455522 | EQUIPAMENTO: ENCHEDORA EUROTRONICA FM LI03 | CHAVE_1: Sistema de instrumentos e cont | SUBCHAVE:  | TIPO_PARADA: P.EQ.LINHA | LINHA: LINHA003
1818,QUEBRA DA ESTEIRA DA SEPARAÇÃO DE GARRAFA ORDEM 30008455875,QUEBRA DA ESTEIRA DA SEPARACAO DE GARRAFA ORDEM 30008455875,QUEBRA DE ESTEIRA,QUEBRA DE ESTEIRA,EXACT_SAFE,1,1,611.0,1.0,2026-03-16,2,LINHA003,P.EQ.LINHA,55993,CC PET 1L FL (6) N.V 29G F710 L03,EMPACOTADORA VARIOPAC KRO LI03,,Sistema de Instrumentos e cont,20.0,OBSERVACAO: QUEBRA DA ESTEIRA DA SEPARAÇÃO DE GARRAFA ORDEM 30008455875 | EQUIPAMENTO: EMPACOTADORA VARIOPAC KRO LI03 | CHAVE_1: Sistema de Instrumentos e cont | SUBCHAVE:  | TIPO_PARADA: P.EQ.LINHA | LINHA: LINHA003
1819,AJUSTE NO SENSOR DE SAIDA DE PALETE ORDEM 30008456000,AJUSTE NO SENSOR DE SAIDA DE PALETE ORDEM 30008456000,FALHA DE SENSOR,FALHA DE SENSOR,EXACT_SAFE,1,1,612.0,1.0,2026-03-16,2,LINHA003,P.EQ.LINHA,55993,CC PET 1L FL (6) N.V 29G F710 L03,PALETIZADORA ROBOT KRO LI03,,Sistema elétrico,9.0,OBSERVACAO: AJUSTE NO SENSOR DE SAIDA DE PALETE ORDEM 30008456000 | EQUIPAMENTO: PALETIZADORA ROBOT KRO LI03 | CHAVE_1: Sistema elétrico | SUBCHAVE:  | TIPO_PARADA: P.EQ.LINHA | LINHA: LINHA003
1820,AJUSTE CAINDO GARRAFA,AJUSTE CAINDO GARRAFA,QUEDA DE GARRAFAS,QUEDA DE GARRAFAS,EXACT_SAFE,1,1,613.0,1.0,2026-03-16,2,LINHA003,P.EQ.LINHA,55993,CC PET 1L FL (6) N.V 29G F710 L03,REGUA ULTRASSONICA HEU LI03,,Instalação elétrica,9.5,OBSERVACAO: AJUSTE CAINDO GARRAFA | EQUIPAMENTO: REGUA ULTRASSONICA HEU LI03 | CHAVE_1: Instalação elétrica | SUBCHAVE:  | TIPO_PARADA: P.EQ.LINHA | LINHA: LINHA003
1821,FALHA NNO SENSOR 60S4 DE SEGURANÇA DO MOTOREDUTOR,FALHA NNO SENSOR 60S4 DE SEGURANCA DO MOTOREDUTOR,FALHA DE SENSOR,FALHA DE SENSOR,EXACT_SAFE,1,1,614.0,1.0,2026-03-17,3,LINHA004,P.EQ.LINHA,56061,CCZR LT 310ML FI (6) N.V LT916 F966 L04,TRANSP LATAS CH ENCH WARMER,,Sistema Elétrico,3.34,OBSERVACAO: FALHA NNO SENSOR 60S4 DE SEGURANÇA DO MOTOREDUTOR | EQUIPAMENTO: TRANSP LATAS CH ENCH WARMER | CHAVE_1: Sistema Elétrico | SUBCHAVE:  | TIPO_PARADA: P.EQ.LINHA | LINHA: LINHA004
1824,FALHA NO SISTEMA DE SOLDA DE FILME DESGASTADO / CAUSANDO ESTOURO DE FILME LOGOMARCADO,FALHA NO SISTEMA DE SOLDA DE FILME DESGASTADO CAUSANDO ESTOURO DE FILME LOGOMARCADO,FALHA DE SOLDA DE FILME,FALHA DE SOLDA DE FILME,EXACT_SAFE,1,1,617.0,1.0,2026-03-17,3,LINHA004,P.EQ.LINHA,56061,CCZR LT 310ML FI (6) N.V LT916 F966 L04,EMPACOTADORA SP 100V KIS LI04,Qualidade de peças,Estrutura,5.01,OBSERVACAO: FALHA NO SISTEMA DE SOLDA DE FILME DESGASTADO / CAUSANDO ESTOURO DE FILME LOGOMARCADO | EQUIPAMENTO: EMPACOTADORA SP 100V KIS LI04 | CHAVE_1: Estrutura | SUBCHAVE: Qualidade de peças | TIPO_PARADA: P.EQ.LINHA | LINHA: LINHA004
1825,FALHA NO DISPARODA INSPEÇÃO DE ROTULO DE CORPO AGREGADO 2 ORDEM: 30008457949,FALHA NO DISPARODA INSPECAO DE ROTULO DE CORPO AGREGADO 2 ORDEM 30008457949,FALHA DE ROTULAGEM,FALHA DE ROTULAGEM,EXACT_SAFE,1,1,618.0,1.0,2026-03-17,1,LINHA005,P.EQ.LINHA,55568,"CC PET RET 2L (9) 7,99 PROMO L05",ROTULADORA MODULAR KRONES LI05,,Sistema Elétrico,10.0,OBSERVACAO: FALHA NO DISPARODA INSPEÇÃO DE ROTULO DE CORPO AGREGADO 2 ORDEM: 30008457949 | EQUIPAMENTO: ROTULADORA MODULAR KRONES LI05 | CHAVE_1: Sistema Elétrico | SUBCHAVE:  | TIPO_PARADA: P.EQ.LINHA | LINHA: LINHA005
1826,FALHA MANGUEIRA DO CILINDRO CABEÇOTE,FALHA MANGUEIRA DO CILINDRO CABECOTE,FALHA DE MANGUEIRA PNEUMÁTICA,FALHA DE MANGUEIRA PNEUMATICA,EXACT_SAFE,1,1,619.0,1.0,2026-03-17,1,LINHA005,P.EQ.LINHA,55568,"CC PET RET 2L (9) 7,99 PROMO L05",ENCAIXOTADORA SID LI05,,Sistema de instrumentos e cont,10.53,OBSERVACAO: FALHA MANGUEIRA DO CILINDRO CABEÇOTE | EQUIPAMENTO: ENCAIXOTADORA SID LI05 | CHAVE_1: Sistema de instrumentos e cont | SUBCHAVE:  | TIPO_PARADA: P.EQ.LINHA | LINHA: LINHA005
1827,FALHA DE FORMAÇÃO COM CAIXA A MENOS,FALHA DE FORMACAO COM CAIXA A MENOS,FALHA DE FORMAÇÃO DE CAIXA,FALHA DE FORMACAO DE CAIXA,EXACT_SAFE,1,1,620.0,1.0,2026-03-17,1,LINHA005,P.EQ.LINHA,55568,"CC PET RET 2L (9) 7,99 PROMO L05",PALETIZADORA ROBOKOMBI SID LI0,,Sistema de instrumentos e cont,3.71,OBSERVACAO: FALHA DE FORMAÇÃO COM CAIXA A MENOS | EQUIPAMENTO: PALETIZADORA ROBOKOMBI SID LI0 | CHAVE_1: Sistema de instrumentos e cont | SUBCHAVE:  | TIPO_PARADA: P.EQ.LINHA | LINHA: LINHA005
1828,FALHA NO PEGADOR DE CHAPATEX NOTA 30008458778,FALHA NO PEGADOR DE CHAPATEX NOTA 30008458778,FALHA DE PEGADOR,FALHA DE PEGADOR,EXACT_SAFE,1,1,621.0,1.0,2026-03-17,2,LINHA006,P.EQ.LINHA,56443,CCZR PET 200ML FI (12) N.V 14G T2G L06,PEGADOR DE CHAPATEX OCME L06,,,2.88,OBSERVACAO: FALHA NO PEGADOR DE CHAPATEX NOTA 30008458778 | EQUIPAMENTO: PEGADOR DE CHAPATEX OCME L06 | CHAVE_1:  | SUBCHAVE:  | TIPO_PARADA: P.EQ.LINHA | LINHA: LINHA006
1829,PACOTE SAINDO ABERTO PARANDO A PALETIZADORA,PACOTE SAINDO ABERTO PARANDO A PALETIZADORA,FALHA DE ENVOLVIMENTO,FALHA DE ENVOLVIMENTO,EXACT_SAFE,4,1,624.0,1.0,2026-03-17,2,LINHA003,P.EQ.LINHA,55994,CCZR PET 1L FL (6) N.V 29G F710 L03,EMPACOTADORA VARIOPAC KRO LI03,,Sistema de vácuo,9.0,OBSERVACAO: PACOTE SAINDO ABERTO PARANDO A PALETIZADORA | EQUIPAMENTO: EMPACOTADORA VARIOPAC KRO LI03 | CHAVE_1: Sistema de vácuo | SUBCHAVE:  | TIPO_PARADA: P.EQ.LINHA | LINHA: LINHA003
1830,PACOTE SAINDO ABERTO PARANDO A PALETIZADORA,PACOTE SAINDO ABERTO PARANDO A PALETIZADORA,FALHA DE ENVOLVIMENTO,FALHA DE ENVOLVIMENTO,EXACT_SAFE,4,1,624.0,1.0,2026-03-17,2,LINHA003,P.EQ.LINHA,55994,CCZR PET 1L FL (6) N.V 29G F710 L03,EMPACOTADORA VARIOPAC KRO LI03,,Sistema de vácuo,9.0,OBSERVACAO: PACOTE SAINDO ABERTO PARANDO A PALETIZADORA | EQUIPAMENTO: EMPACOTADORA VARIOPAC KRO LI03 | CHAVE_1: Sistema de vácuo | SUBCHAVE:  | TIPO_PARADA: P.EQ.LINHA | LINHA: LINHA003
1845,PALETIZADORA PEGANDO CAIXAS A MENOS,PALETIZADORA PEGANDO CAIXAS A MENOS,FALHA NA PEGADA DE CAMADA,FALHA NA PEGADA DE CAMADA,EXACT_SAFE,1,1,546.0,1.0,2026-03-07,1,LINHA005,P.EQ.LINHA,55568,"CC PET RET 2L (9) 7,99 PROMO L05",ROBO PALETIZADOR FAC LI05,,Sistema de instrumentos e cont,4.0,OBSERVACAO: PALETIZADORA PEGANDO CAIXAS A MENOS | EQUIPAMENTO: ROBO PALETIZADOR FAC LI05 | CHAVE_1: Sistema de instrumentos e cont | SUBCHAVE:  | TIPO_PARADA: P.EQ.LINHA | LINHA: LINHA005
1846,"TROCA DO REPARO DAS VÁLVULAS 93,12 E 49 ORDEM 30008455987",TROCA DO REPARO DAS VALVULAS 93 12 E 49 ORDEM 30008455987,FALHA DE VEDAÇÃO DA VÁLVULA,FALHA DE VEDACAO DA VALVULA,EXACT_SAFE,2,1,622.0,1.0,2026-03-17,2,LINHA003,P.EQ.LINHA,55994,CCZR PET 1L FL (6) N.V 29G F710 L03,ENCHEDORA EUROTRONICA FM LI03,,Sistema de instrumentos e cont,16.25,"OBSERVACAO: TROCA DO REPARO DAS VÁLVULAS 93,12 E 49 ORDEM 30008455987 | EQUIPAMENTO: ENCHEDORA EUROTRONICA FM LI03 | CHAVE_1: Sistema de instrumentos e cont | SUBCHAVE:  | TIPO_PARADA: P.EQ.LINHA | LINHA: LINHA003"
1847,"TROCA DO REPARO DAS VÁLVULAS 93,12 E 49 ORDEM 30008455987",TROCA DO REPARO DAS VALVULAS 93 12 E 49 ORDEM 30008455987,FALHA DE VEDAÇÃO DA VÁLVULA,FALHA DE VEDACAO DA VALVULA,EXACT_SAFE,2,1,622.0,1.0,2026-03-17,2,LINHA003,P.EQ.LINHA,55994,CCZR PET 1L FL (6) N.V 29G F710 L03,ENCHEDORA EUROTRONICA FM LI03,,Sistema de instrumentos e cont,16.25,"OBSERVACAO: TROCA DO REPARO DAS VÁLVULAS 93,12 E 49 ORDEM 30008455987 | EQUIPAMENTO: ENCHEDORA EUROTRONICA FM LI03 | CHAVE_1: Sistema de instrumentos e cont | SUBCHAVE:  | TIPO_PARADA: P.EQ.LINHA | LINHA: LINHA003"
1848,PACOTE SAINDO ABERTO PARANDO A PALETIZADORA,PACOTE SAINDO ABERTO PARANDO A PALETIZADORA,FALHA DE ENVOLVIMENTO,FALHA DE ENVOLVIMENTO,EXACT_SAFE,4,1,624.0,1.0,2026-03-17,2,LINHA003,P.EQ.LINHA,55994,CCZR PET 1L FL (6) N.V 29G F710 L03,EMPACOTADORA VARIOPAC KRO LI03,,Sistema de vácuo,9.0,OBSERVACAO: PACOTE SAINDO ABERTO PARANDO A PALETIZADORA | EQUIPAMENTO: EMPACOTADORA VARIOPAC KRO LI03 | CHAVE_1: Sistema de vácuo | SUBCHAVE:  | TIPO_PARADA: P.EQ.LINHA | LINHA: LINHA003
1849,PACOTE SAINDO ABERTO PARANDO A PALETIZADORA,PACOTE SAINDO ABERTO PARANDO A PALETIZADORA,FALHA DE ENVOLVIMENTO,FALHA DE ENVOLVIMENTO,EXACT_SAFE,4,1,624.0,1.0,2026-03-17,2,LINHA003,P.EQ.LINHA,55994,CCZR PET 1L FL (6) N.V 29G F710 L03,EMPACOTADORA VARIOPAC KRO LI03,,Sistema de vácuo,9.0,OBSERVACAO: PACOTE SAINDO ABERTO PARANDO A PALETIZADORA | EQUIPAMENTO: EMPACOTADORA VARIOPAC KRO LI03 | CHAVE_1: Sistema de vácuo | SUBCHAVE:  | TIPO_PARADA: P.EQ.LINHA | LINHA: LINHA003
1852,ENCHEDORA FORA DE SINCRONISMO - ORDEM: 30008459395,ENCHEDORA FORA DE SINCRONISMO ORDEM 30008459395,FALHA DE SINCRONISMO,FALHA DE SINCRONISMO,EXACT_SAFE,2,1,628.0,1.0,2026-03-17,2,LINHA003,P.EQ.LINHA,55994,CCZR PET 1L FL (6) N.V 29G F710 L03,ENCHEDORA EUROTRONICA FM LI03,,Sistema de instrumentos e cont,48.75,OBSERVACAO: ENCHEDORA FORA DE SINCRONISMO - ORDEM: 30008459395 | EQUIPAMENTO: ENCHEDORA EUROTRONICA FM LI03 | CHAVE_1: Sistema de instrumentos e cont | SUBCHAVE:  | TIPO_PARADA: P.EQ.LINHA | LINHA: LINHA003
1853,ENCHEDORA FORA DE SINCRONISMO - ORDEM: 30008459395,ENCHEDORA FORA DE SINCRONISMO ORDEM 30008459395,FALHA DE SINCRONISMO,FALHA DE SINCRONISMO,EXACT_SAFE,2,1,628.0,1.0,2026-03-17,2,LINHA003,P.EQ.LINHA,55994,CCZR PET 1L FL (6) N.V 29G F710 L03,ENCHEDORA EUROTRONICA FM LI03,,Sistema de instrumentos e cont,48.75,OBSERVACAO: ENCHEDORA FORA DE SINCRONISMO - ORDEM: 30008459395 | EQUIPAMENTO: ENCHEDORA EUROTRONICA FM LI03 | CHAVE_1: Sistema de instrumentos e cont | SUBCHAVE:  | TIPO_PARADA: P.EQ.LINHA | LINHA: LINHA003
1854,PACOTE SAINDO ABERTO PARANDO A PALETIZADORA,PACOTE SAINDO ABERTO PARANDO A PALETIZADORA,FALHA DE ENVOLVIMENTO,FALHA DE ENVOLVIMENTO,EXACT_SAFE,4,1,624.0,1.0,2026-03-17,2,LINHA003,P.EQ.LINHA,55994,CCZR PET 1L FL (6) N.V 29G F710 L03,EMPACOTADORA VARIOPAC KRO LI03,,Sistema de vácuo,9.0,OBSERVACAO: PACOTE SAINDO ABERTO PARANDO A PALETIZADORA | EQUIPAMENTO: EMPACOTADORA VARIOPAC KRO LI03 | CHAVE_1: Sistema de vácuo | SUBCHAVE:  | TIPO_PARADA: P.EQ.LINHA | LINHA: LINHA003
1855,PACOTE SAINDO ABERTO PARANDO A PALETIZADORA,PACOTE SAINDO ABERTO PARANDO A PALETIZADORA,FALHA DE ENVOLVIMENTO,FALHA DE ENVOLVIMENTO,EXACT_SAFE,4,1,624.0,1.0,2026-03-17,2,LINHA003,P.EQ.LINHA,55994,CCZR PET 1L FL (6) N.V 29G F710 L03,EMPACOTADORA VARIOPAC KRO LI03,,Sistema de vácuo,9.0,OBSERVACAO: PACOTE SAINDO ABERTO PARANDO A PALETIZADORA | EQUIPAMENTO: EMPACOTADORA VARIOPAC KRO LI03 | CHAVE_1: Sistema de vácuo | SUBCHAVE:  | TIPO_PARADA: P.EQ.LINHA | LINHA: LINHA003
1856,REAJUSTE DE SET UP NA RECRAVADORA,REAJUSTE DE SET UP NA RECRAVADORA,FALHA DE RECRAVAÇÃO,FALHA DE RECRAVACAO,EXACT_SAFE,1,1,632.0,1.0,2026-03-18,2,LINHA004,P.EQ.LINHA,56051,CC LT 310ML FI (6) N.V LT966 L04,RECRAVADORA 708 G FRR LI04,,Sistema de Instrumentos e cont,9.21,OBSERVACAO: REAJUSTE DE SET UP NA RECRAVADORA | EQUIPAMENTO: RECRAVADORA 708 G FRR LI04 | CHAVE_1: Sistema de Instrumentos e cont | SUBCHAVE:  | TIPO_PARADA: P.EQ.LINHA | LINHA: LINHA004
1857,COLIÇÃO DO CABEÇOTE DO ROBO COM CAIXAS SOBRE PALLETS ORDEM: 30008460471,COLICAO DO CABECOTE DO ROBO COM CAIXAS SOBRE PALLETS ORDEM 30008460471,FALHA DE ROBÔ,FALHA DE ROBO,EXACT_SAFE,1,1,633.0,1.0,2026-03-18,1,LINHA005,P.EQ.LINHA,56326,"CCZR PET RET 2L (9) 7,99 PROMO L05",ROBO DESPALET FAC LI05,,Sistema elétrico,15.0,OBSERVACAO: COLIÇÃO DO CABEÇOTE DO ROBO COM CAIXAS SOBRE PALLETS ORDEM: 30008460471 | EQUIPAMENTO: ROBO DESPALET FAC LI05 | CHAVE_1: Sistema elétrico | SUBCHAVE:  | TIPO_PARADA: P.EQ.LINHA | LINHA: LINHA005
1858,"FALHA AUTOCALIBRAÇÃO, DEVIDO GÁS OZÔNIO BAIXO 30008460482",FALHA AUTOCALIBRACAO DEVIDO GAS OZONIO BAIXO 30008460482,FALHA DE CONTROLE DE PROCESSO,FALHA DE CONTROLE DE PROCESSO,EXACT_SAFE,1,1,634.0,1.0,2026-03-18,1,LINHA005,P.EQ.LINHA,56326,"CCZR PET RET 2L (9) 7,99 PROMO L05",INSPETOR GARRAFAS ENOS A 100 L,,Sistema de Instrumentos e Cont,6.88,"OBSERVACAO: FALHA AUTOCALIBRAÇÃO, DEVIDO GÁS OZÔNIO BAIXO 30008460482 | EQUIPAMENTO: INSPETOR GARRAFAS ENOS A 100 L | CHAVE_1: Sistema de Instrumentos e Cont | SUBCHAVE:  | TIPO_PARADA: P.EQ.LINHA | LINHA: LINHA005"
1859,GUIA DE ENTRADA DESAJUSTADA OCASIONADO ENTRADA DE CAIXAS ERRADA,GUIA DE ENTRADA DESAJUSTADA OCASIONADO ENTRADA DE CAIXAS ERRADA,FALHA DE GUIA,FALHA DE GUIA,EXACT_SAFE,1,1,635.0,1.0,2026-03-18,3,LINHA005,P.EQ.LINHA,55568,"CC PET RET 2L (9) 7,99 PROMO L05",PALETIZADORA ROBOKOMBI SID LI0,,Sistema de instrumentos e cont,20.0,OBSERVACAO: GUIA DE ENTRADA DESAJUSTADA OCASIONADO ENTRADA DE CAIXAS ERRADA | EQUIPAMENTO: PALETIZADORA ROBOKOMBI SID LI0 | CHAVE_1: Sistema de instrumentos e cont | SUBCHAVE:  | TIPO_PARADA: P.EQ.LINHA | LINHA: LINHA005
1860,PINÇA MOTORIZADA DO ROBO UM ESTAVA PRESSIONANDO OS PACOTES,PINCA MOTORIZADA DO ROBO UM ESTAVA PRESSIONANDO OS PACOTES,FALHA DE PINÇA,FALHA DE PINCA,EXACT_SAFE,1,1,636.0,1.0,2026-03-18,3,LINHA006,P.EQ.LINHA,56238,SPT FRESH LIM 510ML FL (6) NV 17G T2G L6,PALETIZADORA OCME L06,,Sistema elétrico,47.46,OBSERVACAO: PINÇA MOTORIZADA DO ROBO UM ESTAVA PRESSIONANDO OS PACOTES | EQUIPAMENTO: PALETIZADORA OCME L06 | CHAVE_1: Sistema elétrico | SUBCHAVE:  | TIPO_PARADA: P.EQ.LINHA | LINHA: LINHA006
1861,REAJUSTE DE SET UP NA RECRAVADORA,REAJUSTE DE SET UP NA RECRAVADORA,FALHA DE RECRAVAÇÃO,FALHA DE RECRAVACAO,EXACT_SAFE,1,1,632.0,1.0,2026-03-18,2,LINHA004,P.EQ.LINHA,56051,CC LT 310ML FI (6) N.V LT966 L04,RECRAVADORA 708 G FRR LI04,,Sistema de Instrumentos e cont,9.21,OBSERVACAO: REAJUSTE DE SET UP NA RECRAVADORA | EQUIPAMENTO: RECRAVADORA 708 G FRR LI04 | CHAVE_1: Sistema de Instrumentos e cont | SUBCHAVE:  | TIPO_PARADA: P.EQ.LINHA | LINHA: LINHA004
1873,BEBIDA ESPUMANDO AUMENTOU A PRESSÃO DO MIXER,BEBIDA ESPUMANDO AUMENTOU A PRESSAO DO MIXER,ESPUMAMENTO DE BEBIDA,ESPUMAMENTO DE BEBIDA,EXACT_SAFE,1,1,637.0,1.0,2026-03-18,2,LINHA003,P.EQ.LINHA,56424,CCMA PET 2L FL (6) N.V 38G LOLA T2G L03,ENCHEDORA EUROTRONICA FM LI03,,Sistema de enchimento,5.0,OBSERVACAO: BEBIDA ESPUMANDO AUMENTOU A PRESSÃO DO MIXER | EQUIPAMENTO: ENCHEDORA EUROTRONICA FM LI03 | CHAVE_1: Sistema de enchimento | SUBCHAVE:  | TIPO_PARADA: P.EQ.LINHA | LINHA: LINHA003
1874,BEBIDA ESPUMANDO,BEBIDA ESPUMANDO,ESPUMAMENTO DE BEBIDA,ESPUMAMENTO DE BEBIDA,EXACT_SAFE,1,1,638.0,1.0,2026-03-18,2,LINHA003,P.EQ.LINHA,56424,CCMA PET 2L FL (6) N.V 38G LOLA T2G L03,ENCHEDORA EUROTRONICA FM LI03,,Sistema de enchimento,3.5,OBSERVACAO: BEBIDA ESPUMANDO | EQUIPAMENTO: ENCHEDORA EUROTRONICA FM LI03 | CHAVE_1: Sistema de enchimento | SUBCHAVE:  | TIPO_PARADA: P.EQ.LINHA | LINHA: LINHA003
1875,FALHA NO ANALISADOR COBRIX,FALHA NO ANALISADOR COBRIX,FALHA DE ANALISADOR,FALHA DE ANALISADOR,EXACT_SAFE,3,1,639.0,1.0,2026-03-18,2,LINHA003,P.EQ.LINHA,56424,CCMA PET 2L FL (6) N.V 38G LOLA T2G L03,PROPORCIONADOR STARBLEND SID L,Sistema de medição falha,Instrumentos de medição,5.0,OBSERVACAO: FALHA NO ANALISADOR COBRIX | EQUIPAMENTO: PROPORCIONADOR STARBLEND SID L | CHAVE_1: Instrumentos de medição | SUBCHAVE: Sistema de medição falha | TIPO_PARADA: P.EQ.LINHA | LINHA: LINHA003
1876,FALHA NO ANALISADOR COBRIX,FALHA NO ANALISADOR COBRIX,FALHA DE ANALISADOR,FALHA DE ANALISADOR,EXACT_SAFE,3,1,639.0,1.0,2026-03-18,2,LINHA003,P.EQ.LINHA,56424,CCMA PET 2L FL (6) N.V 38G LOLA T2G L03,PROPORCIONADOR STARBLEND SID L,Sistema de medição falha,Instrumentos de medição,5.0,OBSERVACAO: FALHA NO ANALISADOR COBRIX | EQUIPAMENTO: PROPORCIONADOR STARBLEND SID L | CHAVE_1: Instrumentos de medição | SUBCHAVE: Sistema de medição falha | TIPO_PARADA: P.EQ.LINHA | LINHA: LINHA003
1877,FALHA NO ANALISADOR COBRIX,FALHA NO ANALISADOR COBRIX,FALHA DE ANALISADOR,FALHA DE ANALISADOR,EXACT_SAFE,3,1,639.0,1.0,2026-03-18,2,LINHA003,P.EQ.LINHA,56424,CCMA PET 2L FL (6) N.V 38G LOLA T2G L03,PROPORCIONADOR STARBLEND SID L,Sistema de medição falha,Instrumentos de medição,5.0,OBSERVACAO: FALHA NO ANALISADOR COBRIX | EQUIPAMENTO: PROPORCIONADOR STARBLEND SID L | CHAVE_1: Instrumentos de medição | SUBCHAVE: Sistema de medição falha | TIPO_PARADA: P.EQ.LINHA | LINHA: LINHA003
1878,QUEBROU PARAFUSO DA HASTE DOS ELEMENTOS FILTRANTES.,QUEBROU PARAFUSO DA HASTE DOS ELEMENTOS FILTRANTES,QUEBRA DE PARAFUSO,QUEBRA DE PARAFUSO,EXACT_SAFE,1,1,642.0,1.0,2026-03-19,1,LINHA001,P.EQ.LINHA,56016,CCZR KS ULTRA 290ML (24) N.V ROL452 L01,FIL POLIDOR CUN LI01,Parafusos em falta,Estrutura,60.0,OBSERVACAO: QUEBROU PARAFUSO DA HASTE DOS ELEMENTOS FILTRANTES. | EQUIPAMENTO: FIL POLIDOR CUN LI01 | CHAVE_1: Estrutura | SUBCHAVE: Parafusos em falta | TIPO_PARADA: P.EQ.LINHA | LINHA: LINHA001
1879,"PORTA COM FOLGA,FALHA SENSOR.",PORTA COM FOLGA FALHA SENSOR,FALHA DE SENSOR,FALHA DE SENSOR,EXACT_SAFE,1,1,643.0,1.0,2026-03-19,1,LINHA001,P.EQ.LINHA,56016,CCZR KS ULTRA 290ML (24) N.V ROL452 L01,ENCAIXOTADORA VAN H K LI01,,Sistema de segurança,30.0,"OBSERVACAO: PORTA COM FOLGA,FALHA SENSOR. | EQUIPAMENTO: ENCAIXOTADORA VAN H K LI01 | CHAVE_1: Sistema de segurança | SUBCHAVE:  | TIPO_PARADA: P.EQ.LINHA | LINHA: LINHA001"
1880,VAZAMENTO DE AR NO PISTÃO ORDEM 30008462801,VAZAMENTO DE AR NO PISTAO ORDEM 30008462801,VAZAMENTO PNEUMÁTICO,VAZAMENTO PNEUMATICO,EXACT_SAFE,1,1,644.0,1.0,2026-03-19,1,LINHA001,P.EQ.LINHA,56016,CCZR KS ULTRA 290ML (24) N.V ROL452 L01,ENCAIXOTADORA VAN H K LI01,,Sistema Pneumático,30.0,OBSERVACAO: VAZAMENTO DE AR NO PISTÃO ORDEM 30008462801 | EQUIPAMENTO: ENCAIXOTADORA VAN H K LI01 | CHAVE_1: Sistema Pneumático | SUBCHAVE:  | TIPO_PARADA: P.EQ.LINHA | LINHA: LINHA001
1881,FALHA PASSAR GARRAFAS TESTES VERMELHAS DEVIDO BAIXO FLUXO DE OZONIO DO CANAL 1 E 2 ORDEM: 30008465419,FALHA PASSAR GARRAFAS TESTES VERMELHAS DEVIDO BAIXO FLUXO DE OZONIO DO CANAL 1 E 2 ORDEM 30008465419,FALHA DE CONTROLE DE PROCESSO,FALHA DE CONTROLE DE PROCESSO,EXACT_SAFE,2,1,645.0,1.0,2026-03-19,1,LINHA005,P.EQ.LINHA,55568,"CC PET RET 2L (9) 7,99 PROMO L05",INSPETOR GARRAFAS ENOS A 100 L,,Sistema Rejeitor,44.12,OBSERVACAO: FALHA PASSAR GARRAFAS TESTES VERMELHAS DEVIDO BAIXO FLUXO DE OZONIO DO CANAL 1 E 2 ORDEM: 30008465419 | EQUIPAMENTO: INSPETOR GARRAFAS ENOS A 100 L | CHAVE_1: Sistema Rejeitor | SUBCHAVE:  | TIPO_PARADA: P.EQ.LINHA | LINHA: LINHA005
1882,FALHA PASSAR GARRAFAS TESTES VERMELHAS DEVIDO BAIXO FLUXO DE OZONIO DO CANAL 1 E 2 ORDEM: 30008465419,FALHA PASSAR GARRAFAS TESTES VERMELHAS DEVIDO BAIXO FLUXO DE OZONIO DO CANAL 1 E 2 ORDEM 30008465419,FALHA DE CONTROLE DE PROCESSO,FALHA DE CONTROLE DE PROCESSO,EXACT_SAFE,2,1,645.0,1.0,2026-03-19,1,LINHA005,P.EQ.LINHA,55568,"CC PET RET 2L (9) 7,99 PROMO L05",INSPETOR GARRAFAS ENOS A 100 L,,Sistema Rejeitor,44.12,OBSERVACAO: FALHA PASSAR GARRAFAS TESTES VERMELHAS DEVIDO BAIXO FLUXO DE OZONIO DO CANAL 1 E 2 ORDEM: 30008465419 | EQUIPAMENTO: INSPETOR GARRAFAS ENOS A 100 L | CHAVE_1: Sistema Rejeitor | SUBCHAVE:  | TIPO_PARADA: P.EQ.LINHA | LINHA: LINHA005
1883,FALHA INVERSOR TRANSPORTE DE DESCARGA DE GARRAFAS LAVADORA PARA ENCAXOTADORA,FALHA INVERSOR TRANSPORTE DE DESCARGA DE GARRAFAS LAVADORA PARA ENCAXOTADORA,FALHA DE INVERSOR,FALHA DE INVERSOR,EXACT_SAFE,1,1,647.0,1.0,2026-03-19,1,LINHA005,P.EQ.LINHA,55568,"CC PET RET 2L (9) 7,99 PROMO L05",TRANSP GRFS VZ LAV GRFS LINATR,,Sistema de instrumentos e cont,18.0,OBSERVACAO: FALHA INVERSOR TRANSPORTE DE DESCARGA DE GARRAFAS LAVADORA PARA ENCAXOTADORA | EQUIPAMENTO: TRANSP GRFS VZ LAV GRFS LINATR | CHAVE_1: Sistema de instrumentos e cont | SUBCHAVE:  | TIPO_PARADA: P.EQ.LINHA | LINHA: LINHA005
1884,MOTOR TAG-332 DESARMOU,MOTOR TAG 332 DESARMOU,DESARME DE MOTOR,DESARME DE MOTOR,EXACT_SAFE,1,1,648.0,1.0,2026-03-19,1,LINHA005,P.EQ.LINHA,55568,"CC PET RET 2L (9) 7,99 PROMO L05",TRANSP CXS GRFS CH PAL,,Sistema de instrumentos e cont,4.0,OBSERVACAO: MOTOR TAG-332 DESARMOU | EQUIPAMENTO: TRANSP CXS GRFS CH PAL | CHAVE_1: Sistema de instrumentos e cont | SUBCHAVE:  | TIPO_PARADA: P.EQ.LINHA | LINHA: LINHA005
1885,GUIA DE ENTRADA DA PALETIZADORA SOLTO OCASIONANDO ENTRADA DE CAIXAS ERRADA,GUIA DE ENTRADA DA PALETIZADORA SOLTO OCASIONANDO ENTRADA DE CAIXAS ERRADA,FALHA DE GUIA,FALHA DE GUIA,EXACT_SAFE,2,1,649.0,1.0,2026-03-19,3,LINHA005,P.EQ.LINHA,55568,"CC PET RET 2L (9) 7,99 PROMO L05",PALETIZADORA ROBOKOMBI SID LI0,,Sistema de instrumentos e cont,12.0,OBSERVACAO: GUIA DE ENTRADA DA PALETIZADORA SOLTO OCASIONANDO ENTRADA DE CAIXAS ERRADA | EQUIPAMENTO: PALETIZADORA ROBOKOMBI SID LI0 | CHAVE_1: Sistema de instrumentos e cont | SUBCHAVE:  | TIPO_PARADA: P.EQ.LINHA | LINHA: LINHA005
1886,GUIA DE ENTRADA DA PALETIZADORA SOLTO OCASIONANDO ENTRADA DE CAIXAS ERRADA,GUIA DE ENTRADA DA PALETIZADORA SOLTO OCASIONANDO ENTRADA DE CAIXAS ERRADA,FALHA DE GUIA,FALHA DE GUIA,EXACT_SAFE,2,1,649.0,1.0,2026-03-19,3,LINHA005,P.EQ.LINHA,55568,"CC PET RET 2L (9) 7,99 PROMO L05",PALETIZADORA ROBOKOMBI SID LI0,,Sistema de instrumentos e cont,12.0,OBSERVACAO: GUIA DE ENTRADA DA PALETIZADORA SOLTO OCASIONANDO ENTRADA DE CAIXAS ERRADA | EQUIPAMENTO: PALETIZADORA ROBOKOMBI SID LI0 | CHAVE_1: Sistema de instrumentos e cont | SUBCHAVE:  | TIPO_PARADA: P.EQ.LINHA | LINHA: LINHA005
1888,TEMPERATURA DO LASER É MUITO ALTA NOTA30008462776,TEMPERATURA DO LASER E MUITO ALTA NOTA30008462776,FALHA DE CONTROLE DE TEMPERATURA,FALHA DE CONTROLE DE TEMPERATURA,EXACT_SAFE,1,1,652.0,1.0,2026-03-19,1,LINHA006,P.EQ.LINHA,56238,SPT FRESH LIM 510ML FL (6) NV 17G T2G L6,DATADORA MARKEM IMAJE 10058115,,,10.0,OBSERVACAO: TEMPERATURA DO LASER É MUITO ALTA NOTA30008462776 | EQUIPAMENTO: DATADORA MARKEM IMAJE 10058115 | CHAVE_1:  | SUBCHAVE:  | TIPO_PARADA: P.EQ.LINHA | LINHA: LINHA006
1895,PINÇA MOTORIZADA DO ROBO UM ESTAVA PRESSIONANDO OS PACOTES (NOTA30008462773) MÁ FORMAÇÃO DE CAMADAS,PINCA MOTORIZADA DO ROBO UM ESTAVA PRESSIONANDO OS PACOTES NOTA30008462773 MA FORMACAO DE CAMADAS,FALHA DE PINÇA,FALHA DE PINCA,EXACT_SAFE,4,1,659.0,1.0,2026-03-19,2,LINHA006,P.EQ.LINHA,56238,SPT FRESH LIM 510ML FL (6) NV 17G T2G L6,ROBO PALETIZADORA FANUC 1,,Sistema elétrico,31.78,OBSERVACAO: PINÇA MOTORIZADA DO ROBO UM ESTAVA PRESSIONANDO OS PACOTES (NOTA30008462773) MÁ FORMAÇÃO DE CAMADAS | EQUIPAMENTO: ROBO PALETIZADORA FANUC 1 | CHAVE_1: Sistema elétrico | SUBCHAVE:  | TIPO_PARADA: P.EQ.LINHA | LINHA: LINHA006
1896,PINÇA MOTORIZADA DO ROBO UM ESTAVA PRESSIONANDO OS PACOTES (NOTA30008462773) MÁ FORMAÇÃO DE CAMADAS,PINCA MOTORIZADA DO ROBO UM ESTAVA PRESSIONANDO OS PACOTES NOTA30008462773 MA FORMACAO DE CAMADAS,FALHA DE PINÇA,FALHA DE PINCA,EXACT_SAFE,4,1,659.0,1.0,2026-03-19,2,LINHA006,P.EQ.LINHA,56238,SPT FRESH LIM 510ML FL (6) NV 17G T2G L6,ROBO PALETIZADORA FANUC 1,,Sistema elétrico,31.78,OBSERVACAO: PINÇA MOTORIZADA DO ROBO UM ESTAVA PRESSIONANDO OS PACOTES (NOTA30008462773) MÁ FORMAÇÃO DE CAMADAS | EQUIPAMENTO: ROBO PALETIZADORA FANUC 1 | CHAVE_1: Sistema elétrico | SUBCHAVE:  | TIPO_PARADA: P.EQ.LINHA | LINHA: LINHA006
1897,PINÇA MOTORIZADA DO ROBO UM ESTAVA PRESSIONANDO OS PACOTES (NOTA30008462773) MÁ FORMAÇÃO DE CAMADAS,PINCA MOTORIZADA DO ROBO UM ESTAVA PRESSIONANDO OS PACOTES NOTA30008462773 MA FORMACAO DE CAMADAS,FALHA DE PINÇA,FALHA DE PINCA,EXACT_SAFE,4,1,659.0,1.0,2026-03-19,2,LINHA006,P.EQ.LINHA,56238,SPT FRESH LIM 510ML FL (6) NV 17G T2G L6,ROBO PALETIZADORA FANUC 1,,Sistema elétrico,31.78,OBSERVACAO: PINÇA MOTORIZADA DO ROBO UM ESTAVA PRESSIONANDO OS PACOTES (NOTA30008462773) MÁ FORMAÇÃO DE CAMADAS | EQUIPAMENTO: ROBO PALETIZADORA FANUC 1 | CHAVE_1: Sistema elétrico | SUBCHAVE:  | TIPO_PARADA: P.EQ.LINHA | LINHA: LINHA006
1898,PINÇA MOTORIZADA DO ROBO UM ESTAVA PRESSIONANDO OS PACOTES (NOTA30008462773) MÁ FORMAÇÃO DE CAMADAS,PINCA MOTORIZADA DO ROBO UM ESTAVA PRESSIONANDO OS PACOTES NOTA30008462773 MA FORMACAO DE CAMADAS,FALHA DE PINÇA,FALHA DE PINCA,EXACT_SAFE,4,1,659.0,1.0,2026-03-19,2,LINHA006,P.EQ.LINHA,56238,SPT FRESH LIM 510ML FL (6) NV 17G T2G L6,ROBO PALETIZADORA FANUC 1,,Sistema elétrico,31.78,OBSERVACAO: PINÇA MOTORIZADA DO ROBO UM ESTAVA PRESSIONANDO OS PACOTES (NOTA30008462773) MÁ FORMAÇÃO DE CAMADAS | EQUIPAMENTO: ROBO PALETIZADORA FANUC 1 | CHAVE_1: Sistema elétrico | SUBCHAVE:  | TIPO_PARADA: P.EQ.LINHA | LINHA: LINHA006
1899,PINÇA MOTORIZADA DO ROBO 1 ESTA PRESSIONANDO OS PACOTES (NOTA 30008463615 ) MÁ FORMAÇÃO DE CAMADAS,PINCA MOTORIZADA DO ROBO 1 ESTA PRESSIONANDO OS PACOTES NOTA 30008463615 MA FORMACAO DE CAMADAS,FALHA DE PINÇA,FALHA DE PINCA,EXACT_SAFE,1,1,663.0,1.0,2026-03-19,2,LINHA006,P.EQ.LINHA,56238,SPT FRESH LIM 510ML FL (6) NV 17G T2G L6,ROBO PALETIZADORA FANUC 1,,Sistema elétrico,22.37,OBSERVACAO: PINÇA MOTORIZADA DO ROBO 1 ESTA PRESSIONANDO OS PACOTES (NOTA 30008463615 ) MÁ FORMAÇÃO DE CAMADAS | EQUIPAMENTO: ROBO PALETIZADORA FANUC 1 | CHAVE_1: Sistema elétrico | SUBCHAVE:  | TIPO_PARADA: P.EQ.LINHA | LINHA: LINHA006
1900,ROBO JOGANDO PACOTES PRA FORA NA FORMAÇÃO DE CAMADAS NOTA: 30008463615,ROBO JOGANDO PACOTES PRA FORA NA FORMACAO DE CAMADAS NOTA 30008463615,FALHA DE FORMAÇÃO DE CAMADA,FALHA DE FORMACAO DE CAMADA,EXACT_SAFE,1,1,664.0,1.0,2026-03-19,2,LINHA006,P.EQ.LINHA,56238,SPT FRESH LIM 510ML FL (6) NV 17G T2G L6,ROBO PALETIZADORA FANUC 1,,Sistema manipulador de caixas,12.64,OBSERVACAO: ROBO JOGANDO PACOTES PRA FORA NA FORMAÇÃO DE CAMADAS NOTA: 30008463615 | EQUIPAMENTO: ROBO PALETIZADORA FANUC 1 | CHAVE_1: Sistema manipulador de caixas | SUBCHAVE:  | TIPO_PARADA: P.EQ.LINHA | LINHA: LINHA006
1925,"PALETIZADORA INICIOU A MONTAGEM DAS CAMADAS SEM O PALETE MONTADO ANTERIOR TER SAIDO, GERANDO COLISÃO ENTRE GAIOLA E PALETE.",PALETIZADORA INICIOU A MONTAGEM DAS CAMADAS SEM O PALETE MONTADO ANTERIOR TER SAIDO GERANDO COLISAO ENTRE GAIOLA E PALETE,FALHA DE SEQUENCIAMENTO DA PALETIZADORA,FALHA DE SEQUENCIAMENTO DA PALETIZADORA,EXACT_SAFE,2,1,665.0,1.0,2026-03-19,1,LINHA003,P.EQ.LINHA,56424,CCMA PET 2L FL (6) N.V 38G LOLA T2G L03,PALETIZADORA ROBOT KRO LI03,,Sistema elétrico,60.0,"OBSERVACAO: PALETIZADORA INICIOU A MONTAGEM DAS CAMADAS SEM O PALETE MONTADO ANTERIOR TER SAIDO, GERANDO COLISÃO ENTRE GAIOLA E PALETE. | EQUIPAMENTO: PALETIZADORA ROBOT KRO LI03 | CHAVE_1: Sistema elétrico | SUBCHAVE:  | TIPO_PARADA: P.EQ.LINHA | LINHA: LINHA003"
1926,AJUSTE NOS SENSORES,AJUSTE NOS SENSORES,SEM MODO DE FALHA IDENTIFICADO,SEM MODO DE FALHA IDENTIFICADO,EXACT_SAFE,1,1,666.0,1.0,2026-03-19,1,LINHA003,P.EQ.LINHA,56424,CCMA PET 2L FL (6) N.V 38G LOLA T2G L03,TRPTE PLTS MONTADOS KRO LI03,,Sistema Elétrico,15.0,OBSERVACAO: AJUSTE NOS SENSORES | EQUIPAMENTO: TRPTE PLTS MONTADOS KRO LI03 | CHAVE_1: Sistema Elétrico | SUBCHAVE:  | TIPO_PARADA: P.EQ.LINHA | LINHA: LINHA003
1927,"PALETIZADORA INICIOU A MONTAGEM DAS CAMADAS SEM O PALETE MONTADO ANTERIOR TER SAIDO, GERANDO COLISÃO ENTRE GAIOLA E PALETE.",PALETIZADORA INICIOU A MONTAGEM DAS CAMADAS SEM O PALETE MONTADO ANTERIOR TER SAIDO GERANDO COLISAO ENTRE GAIOLA E PALETE,FALHA DE SEQUENCIAMENTO DA PALETIZADORA,FALHA DE SEQUENCIAMENTO DA PALETIZADORA,EXACT_SAFE,2,1,665.0,1.0,2026-03-19,1,LINHA003,P.EQ.LINHA,56424,CCMA PET 2L FL (6) N.V 38G LOLA T2G L03,PALETIZADORA ROBOT KRO LI03,,Sistema elétrico,60.0,"OBSERVACAO: PALETIZADORA INICIOU A MONTAGEM DAS CAMADAS SEM O PALETE MONTADO ANTERIOR TER SAIDO, GERANDO COLISÃO ENTRE GAIOLA E PALETE. | EQUIPAMENTO: PALETIZADORA ROBOT KRO LI03 | CHAVE_1: Sistema elétrico | SUBCHAVE:  | TIPO_PARADA: P.EQ.LINHA | LINHA: LINHA003"
1928,FALHA NO PRESTOTATOR DO PRENSSADOR DA ENVOLVEDORA,FALHA NO PRESTOTATOR DO PRENSSADOR DA ENVOLVEDORA,FALHA DE PRESSOSTATO,FALHA DE PRESSOSTATO,EXACT_SAFE,1,1,668.0,1.0,2026-03-19,2,LINHA003,P.EQ.LINHA,56424,CCMA PET 2L FL (6) N.V 38G LOLA T2G L03,ENVOLVEDORA ROB LI03,,Sistema Elétrico,8.0,OBSERVACAO: FALHA NO PRESTOTATOR DO PRENSSADOR DA ENVOLVEDORA | EQUIPAMENTO: ENVOLVEDORA ROB LI03 | CHAVE_1: Sistema Elétrico | SUBCHAVE:  | TIPO_PARADA: P.EQ.LINHA | LINHA: LINHA003
1929,FALHA NA PROGRAMAÇÃO PHM - ORDEM: 30008463550,FALHA NA PROGRAMACAO PHM ORDEM 30008463550,FALHA DE PARAMETRIZAÇÃO,FALHA DE PARAMETRIZACAO,EXACT_SAFE,1,1,669.0,1.0,2026-03-19,2,LINHA003,P.EQ.LINHA,56424,CCMA PET 2L FL (6) N.V 38G LOLA T2G L03,PALETIZADORA ROBOT KRO LI03,,Sistema elétrico,12.0,OBSERVACAO: FALHA NA PROGRAMAÇÃO PHM - ORDEM: 30008463550 | EQUIPAMENTO: PALETIZADORA ROBOT KRO LI03 | CHAVE_1: Sistema elétrico | SUBCHAVE:  | TIPO_PARADA: P.EQ.LINHA | LINHA: LINHA003
1930,TRANSPORTE DE ENTRADA PARA ENVOLVEDORA DESARMANDO - ORDEM:30008463567,TRANSPORTE DE ENTRADA PARA ENVOLVEDORA DESARMANDO ORDEM 30008463567,DESARME DE TRANSPORTE,DESARME DE TRANSPORTE,EXACT_SAFE,1,1,670.0,1.0,2026-03-19,2,LINHA003,P.EQ.LINHA,56424,CCMA PET 2L FL (6) N.V 38G LOLA T2G L03,PALETIZADORA ROBOT KRO LI03,,Sistema elétrico,8.0,OBSERVACAO: TRANSPORTE DE ENTRADA PARA ENVOLVEDORA DESARMANDO - ORDEM:30008463567 | EQUIPAMENTO: PALETIZADORA ROBOT KRO LI03 | CHAVE_1: Sistema elétrico | SUBCHAVE:  | TIPO_PARADA: P.EQ.LINHA | LINHA: LINHA003
1931,"ELEVADOR DE PALETES PARANDO FORA DA ALTURA, GERANDO DEGRAU NO TRANSPORTE DE PALETES. ORDEM- 30008465463.",ELEVADOR DE PALETES PARANDO FORA DA ALTURA GERANDO DEGRAU NO TRANSPORTE DE PALETES ORDEM 30008465463,FALHA DE ELEVADOR,FALHA DE ELEVADOR,EXACT_SAFE,1,1,671.0,1.0,2026-03-20,1,LINHA003,P.EQ.LINHA,56424,CCMA PET 2L FL (6) N.V 38G LOLA T2G L03,ENVOLVEDORA ROB LI03,,Sistema Elétrico,4.5,"OBSERVACAO: ELEVADOR DE PALETES PARANDO FORA DA ALTURA, GERANDO DEGRAU NO TRANSPORTE DE PALETES. ORDEM- 30008465463. | EQUIPAMENTO: ENVOLVEDORA ROB LI03 | CHAVE_1: Sistema Elétrico | SUBCHAVE:  | TIPO_PARADA: P.EQ.LINHA | LINHA: LINHA003"
1932,"TRANSPORTE DE CAIXAS ELO DANIFICADO, FOI REALIZADO A TROCA ORDEM: 30008465403",TRANSPORTE DE CAIXAS ELO DANIFICADO FOI REALIZADO A TROCA ORDEM 30008465403,FALHA DE ELO DE ESTEIRA,FALHA DE ELO DE ESTEIRA,EXACT_SAFE,1,1,672.0,1.0,2026-03-20,1,LINHA005,P.EQ.LINHA,55568,"CC PET RET 2L (9) 7,99 PROMO L05",TRANSP CXS GRFS CH PAL,Qualidade de peças,Estrutura,12.41,"OBSERVACAO: TRANSPORTE DE CAIXAS ELO DANIFICADO, FOI REALIZADO A TROCA ORDEM: 30008465403 | EQUIPAMENTO: TRANSP CXS GRFS CH PAL | CHAVE_1: Estrutura | SUBCHAVE: Qualidade de peças | TIPO_PARADA: P.EQ.LINHA | LINHA: LINHA005"
1934,"ROBO DA PALETIZADORA SOLTOU CAMADA DE CAIXAS, OCASIONANDO COLISÃO",ROBO DA PALETIZADORA SOLTOU CAMADA DE CAIXAS OCASIONANDO COLISAO,FALHA DE ROBÔ,FALHA DE ROBO,EXACT_SAFE,1,1,674.0,1.0,2026-03-20,1,LINHA005,P.EQ.LINHA,55568,"CC PET RET 2L (9) 7,99 PROMO L05",ROBO PALETIZADOR FAC LI05,,Sistema de instrumentos e cont,8.41,"OBSERVACAO: ROBO DA PALETIZADORA SOLTOU CAMADA DE CAIXAS, OCASIONANDO COLISÃO | EQUIPAMENTO: ROBO PALETIZADOR FAC LI05 | CHAVE_1: Sistema de instrumentos e cont | SUBCHAVE:  | TIPO_PARADA: P.EQ.LINHA | LINHA: LINHA005"
1935,ESTEIRA DO MOTOR TAG-333 ESCAPANDO,ESTEIRA DO MOTOR TAG 333 ESCAPANDO,FALHA DE MOTOR,FALHA DE MOTOR,EXACT_SAFE,1,1,675.0,1.0,2026-03-20,1,LINHA005,P.EQ.LINHA,55568,"CC PET RET 2L (9) 7,99 PROMO L05",TRANSP CXS GRFS CH PAL,,Sistema Elétrico,6.53,OBSERVACAO: ESTEIRA DO MOTOR TAG-333 ESCAPANDO | EQUIPAMENTO: TRANSP CXS GRFS CH PAL | CHAVE_1: Sistema Elétrico | SUBCHAVE:  | TIPO_PARADA: P.EQ.LINHA | LINHA: LINHA005
1936,CILINDROROTATIVO DO AGREGADO 2 TRAVADO,CILINDROROTATIVO DO AGREGADO 2 TRAVADO,TRAVAMENTO DE CILINDRO ROTATIVO,TRAVAMENTO DE CILINDRO ROTATIVO,EXACT_SAFE,1,1,676.0,1.0,2026-03-20,2,LINHA005,P.EQ.LINHA,55568,"CC PET RET 2L (9) 7,99 PROMO L05",ROTULADORA MODULAR KRONES LI05,Qualidade de peças,Estrutura,40.94,OBSERVACAO: CILINDROROTATIVO DO AGREGADO 2 TRAVADO | EQUIPAMENTO: ROTULADORA MODULAR KRONES LI05 | CHAVE_1: Estrutura | SUBCHAVE: Qualidade de peças | TIPO_PARADA: P.EQ.LINHA | LINHA: LINHA005
1937,CILINDROROTATIVO DO AGREGADO 2 TRAVADO ( ESVAZIANDO A LAVADORA ) - ORDEM 30008465711,CILINDROROTATIVO DO AGREGADO 2 TRAVADO ESVAZIANDO A LAVADORA ORDEM 30008465711,TRAVAMENTO DE CILINDRO ROTATIVO,TRAVAMENTO DE CILINDRO ROTATIVO,EXACT_SAFE,1,1,677.0,1.0,2026-03-20,2,LINHA005,P.EQ.LINHA,55568,"CC PET RET 2L (9) 7,99 PROMO L05",ROTULADORA MODULAR KRONES LI05,Qualidade de peças,Estrutura,60.0,OBSERVACAO: CILINDROROTATIVO DO AGREGADO 2 TRAVADO ( ESVAZIANDO A LAVADORA ) - ORDEM 30008465711 | EQUIPAMENTO: ROTULADORA MODULAR KRONES LI05 | CHAVE_1: Estrutura | SUBCHAVE: Qualidade de peças | TIPO_PARADA: P.EQ.LINHA | LINHA: LINHA005
1938,"AJUSTE DE SENSIBILIDADE DO ORGARIO,DEVIDO A TROCA DO FILAMENTO",AJUSTE DE SENSIBILIDADE DO ORGARIO DEVIDO A TROCA DO FILAMENTO,SEM MODO DE FALHA IDENTIFICADO,SEM MODO DE FALHA IDENTIFICADO,EXACT_SAFE,1,1,678.0,1.0,2026-03-20,2,LINHA005,P.EQ.LINHA,55568,"CC PET RET 2L (9) 7,99 PROMO L05",ENOS MASS SPEC,,Estrutura,40.0,"OBSERVACAO: AJUSTE DE SENSIBILIDADE DO ORGARIO,DEVIDO A TROCA DO FILAMENTO | EQUIPAMENTO: ENOS MASS SPEC | CHAVE_1: Estrutura | SUBCHAVE:  | TIPO_PARADA: P.EQ.LINHA | LINHA: LINHA005"
1939,"ESTEIRA DA CURVA DE ENTRADA DA PALETIZADORA ESCAPOU,ESTEIRA DOSADORA DE ENTRADA DA PALETIZADORA,TRAVOU ( 30008465770 )",ESTEIRA DA CURVA DE ENTRADA DA PALETIZADORA ESCAPOU ESTEIRA DOSADORA DE ENTRADA DA PALETIZADORA TRAVOU 30008465770,ESCAPE DE ESTEIRA,ESCAPE DE ESTEIRA,EXACT_SAFE,1,1,679.0,1.0,2026-03-20,2,LINHA005,P.EQ.LINHA,55568,"CC PET RET 2L (9) 7,99 PROMO L05",TRANSP CXS GRFS CH PAL,Engrenagem/Polia tração danifi,Sistema Motriz,12.36,"OBSERVACAO: ESTEIRA DA CURVA DE ENTRADA DA PALETIZADORA ESCAPOU,ESTEIRA DOSADORA DE ENTRADA DA PALETIZADORA,TRAVOU ( 30008465770 ) | EQUIPAMENTO: TRANSP CXS GRFS CH PAL | CHAVE_1: Sistema Motriz | SUBCHAVE: Engrenagem/Polia tração danifi | TIPO_PARADA: P.EQ.LINHA | LINHA: LINHA005"
1940,"ESTEIRA DA CURVA DA PALETIZADORA,ESCAPOU E ENTORTOU O ELO",ESTEIRA DA CURVA DA PALETIZADORA ESCAPOU E ENTORTOU O ELO,ESCAPE DE ESTEIRA,ESCAPE DE ESTEIRA,EXACT_SAFE,1,1,680.0,1.0,2026-03-20,2,LINHA005,P.EQ.LINHA,55568,"CC PET RET 2L (9) 7,99 PROMO L05",TRANSP CXS GRFS CH PAL,Cadeia de transmissão danifica,Sistema Motriz,12.36,"OBSERVACAO: ESTEIRA DA CURVA DA PALETIZADORA,ESCAPOU E ENTORTOU O ELO | EQUIPAMENTO: TRANSP CXS GRFS CH PAL | CHAVE_1: Sistema Motriz | SUBCHAVE: Cadeia de transmissão danifica | TIPO_PARADA: P.EQ.LINHA | LINHA: LINHA005"
1941,"FALHA DURANTE MOVIMENTAÇÃO DOS PACOTES, FOI NESESSARIO RETIRAR PACOS E DAR MASTER RESET",FALHA DURANTE MOVIMENTACAO DOS PACOTES FOI NESESSARIO RETIRAR PACOS E DAR MASTER RESET,FALHA DE AUTOMAÇÃO,FALHA DE AUTOMACAO,EXACT_SAFE,1,1,681.0,1.0,2026-03-20,2,LINHA006,P.EQ.LINHA,118621,ICE TEA PES PET 450ML FL (6) NV TP2G L06,ROBO PALETIZADORA FANUC 2,,Sistema manipulador de caixas,18.0,"OBSERVACAO: FALHA DURANTE MOVIMENTAÇÃO DOS PACOTES, FOI NESESSARIO RETIRAR PACOS E DAR MASTER RESET | EQUIPAMENTO: ROBO PALETIZADORA FANUC 2 | CHAVE_1: Sistema manipulador de caixas | SUBCHAVE:  | TIPO_PARADA: P.EQ.LINHA | LINHA: LINHA006"
1942,"FALHA NA PEGA, FOI NECESSÁRIO RESET DO ROBÔ",FALHA NA PEGA FOI NECESSARIO RESET DO ROBO,FALHA DE ROBÔ,FALHA DE ROBO,EXACT_SAFE,1,1,682.0,1.0,2026-03-20,2,LINHA006,P.EQ.LINHA,118621,ICE TEA PES PET 450ML FL (6) NV TP2G L06,ROBO PALETIZADORA FANUC 1,,Sistema manipulador de caixas,6.99,"OBSERVACAO: FALHA NA PEGA, FOI NECESSÁRIO RESET DO ROBÔ | EQUIPAMENTO: ROBO PALETIZADORA FANUC 1 | CHAVE_1: Sistema manipulador de caixas | SUBCHAVE:  | TIPO_PARADA: P.EQ.LINHA | LINHA: LINHA006"
1953,"ELO TORTO, OCASIONANDO TRAVAMENTO, FOI REALIZADO A TROCA DO ELO TORTO ORDEM: 30008474275",ELO TORTO OCASIONANDO TRAVAMENTO FOI REALIZADO A TROCA DO ELO TORTO ORDEM 30008474275,FALHA DE ELO DE ESTEIRA,FALHA DE ELO DE ESTEIRA,EXACT_SAFE,1,1,683.0,1.0,2026-03-21,1,LINHA005,P.EQ.LINHA,55568,"CC PET RET 2L (9) 7,99 PROMO L05",TRANSP CXS GRFS CH PAL,Qualidade de peças,Estrutura,10.0,"OBSERVACAO: ELO TORTO, OCASIONANDO TRAVAMENTO, FOI REALIZADO A TROCA DO ELO TORTO ORDEM: 30008474275 | EQUIPAMENTO: TRANSP CXS GRFS CH PAL | CHAVE_1: Estrutura | SUBCHAVE: Qualidade de peças | TIPO_PARADA: P.EQ.LINHA | LINHA: LINHA005"
1954,"FALHA NA ENTRADA DE CAIXASFORMAÇÃO DE CAMADAS, FOI SUBSTITUIDO O PARAFUSO NO SUPORTE DE FIXAÇÃO DO DIVISOR DE CAIXAS ORDEM: 30008474272",FALHA NA ENTRADA DE CAIXASFORMACAO DE CAMADAS FOI SUBSTITUIDO O PARAFUSO NO SUPORTE DE FIXACAO DO DIVISOR DE CAIXAS ORDEM 30008474272,FALHA DE FORMAÇÃO DE CAMADA,FALHA DE FORMACAO DE CAMADA,EXACT_SAFE,1,1,684.0,1.0,2026-03-21,1,LINHA005,P.EQ.LINHA,55568,"CC PET RET 2L (9) 7,99 PROMO L05",PALETIZADORA ROBOKOMBI SID LI0,,Sistema de instrumentos e cont,9.59,"OBSERVACAO: FALHA NA ENTRADA DE CAIXASFORMAÇÃO DE CAMADAS, FOI SUBSTITUIDO O PARAFUSO NO SUPORTE DE FIXAÇÃO DO DIVISOR DE CAIXAS ORDEM: 30008474272 | EQUIPAMENTO: PALETIZADORA ROBOKOMBI SID LI0 | CHAVE_1: Sistema de instrumentos e cont | SUBCHAVE:  | TIPO_PARADA: P.EQ.LINHA | LINHA: LINHA005"
1955,FALHA OZÔNIO BAIXO 30008474311,FALHA OZONIO BAIXO 30008474311,FALHA DE CONTROLE DE PROCESSO,FALHA DE CONTROLE DE PROCESSO,EXACT_SAFE,1,1,685.0,1.0,2026-03-21,1,LINHA005,P.EQ.LINHA,55568,"CC PET RET 2L (9) 7,99 PROMO L05",INSPETOR GARRAFAS ENOS A 100 L,,Sistema de Instrumentos e Cont,10.0,OBSERVACAO: FALHA OZÔNIO BAIXO 30008474311 | EQUIPAMENTO: INSPETOR GARRAFAS ENOS A 100 L | CHAVE_1: Sistema de Instrumentos e Cont | SUBCHAVE:  | TIPO_PARADA: P.EQ.LINHA | LINHA: LINHA005
1956,ESCAPOU A ESTEIRA NA CURVA DA PALETTIZADORA,ESCAPOU A ESTEIRA NA CURVA DA PALETTIZADORA,ESCAPE DE ESTEIRA,ESCAPE DE ESTEIRA,EXACT_SAFE,1,1,686.0,1.0,2026-03-21,1,LINHA005,P.EQ.LINHA,55568,"CC PET RET 2L (9) 7,99 PROMO L05",TRANSP CXS GRFS CH PAL,,Sistema de instrumentos e cont,5.0,OBSERVACAO: ESCAPOU A ESTEIRA NA CURVA DA PALETTIZADORA | EQUIPAMENTO: TRANSP CXS GRFS CH PAL | CHAVE_1: Sistema de instrumentos e cont | SUBCHAVE:  | TIPO_PARADA: P.EQ.LINHA | LINHA: LINHA005
1957,"FALHA AUTOCALIBRAÇÃO, DEVIDO GÁS OZONIO BAIXO NO CANAL 1",FALHA AUTOCALIBRACAO DEVIDO GAS OZONIO BAIXO NO CANAL 1,FALHA DE CONTROLE DE PROCESSO,FALHA DE CONTROLE DE PROCESSO,EXACT_SAFE,1,1,687.0,1.0,2026-03-21,1,LINHA005,P.EQ.LINHA,55568,"CC PET RET 2L (9) 7,99 PROMO L05",INSPETOR GARRAFAS ENOS A 100 L,,Sistema Rejeitor,10.0,"OBSERVACAO: FALHA AUTOCALIBRAÇÃO, DEVIDO GÁS OZONIO BAIXO NO CANAL 1 | EQUIPAMENTO: INSPETOR GARRAFAS ENOS A 100 L | CHAVE_1: Sistema Rejeitor | SUBCHAVE:  | TIPO_PARADA: P.EQ.LINHA | LINHA: LINHA005"
1978,QUEBROU BRAÇO DO EMPURADOR DE TAMPAS CSW,QUEBROU BRACO DO EMPURADOR DE TAMPAS CSW,QUEBRA DE BRAÇO,QUEBRA DE BRACO,EXACT_SAFE,2,1,700.0,1.0,2026-03-22,3,LINHA004,P.EQ.LINHA,56312,SCH CITRUS LT 350ML FI (6) L718 F953 L04,ALIM TAMPAS LATAS CSW LI04,Qualidade de peças,Estrutura,4.92,OBSERVACAO: QUEBROU BRAÇO DO EMPURADOR DE TAMPAS CSW | EQUIPAMENTO: ALIM TAMPAS LATAS CSW LI04 | CHAVE_1: Estrutura | SUBCHAVE: Qualidade de peças | TIPO_PARADA: P.EQ.LINHA | LINHA: LINHA004
1979,QUEBROU BRAÇO DO EMPURADOR DE TAMPAS CSW,QUEBROU BRACO DO EMPURADOR DE TAMPAS CSW,QUEBRA DE BRAÇO,QUEBRA DE BRACO,EXACT_SAFE,2,1,700.0,1.0,2026-03-22,3,LINHA004,P.EQ.LINHA,56312,SCH CITRUS LT 350ML FI (6) L718 F953 L04,ALIM TAMPAS LATAS CSW LI04,Qualidade de peças,Estrutura,4.92,OBSERVACAO: QUEBROU BRAÇO DO EMPURADOR DE TAMPAS CSW | EQUIPAMENTO: ALIM TAMPAS LATAS CSW LI04 | CHAVE_1: Estrutura | SUBCHAVE: Qualidade de peças | TIPO_PARADA: P.EQ.LINHA | LINHA: LINHA004
1980,QUEDA DE PACOTES DO CABEÇOTE ( CONSECUTIVAMENTE)_,QUEDA DE PACOTES DO CABECOTE CONSECUTIVAMENTE,QUEDA DE PACOTES,QUEDA DE PACOTES,EXACT_SAFE,1,1,702.0,1.0,2026-03-22,3,LINHA004,P.EQ.LINHA,56312,SCH CITRUS LT 350ML FI (6) L718 F953 L04,PALETIZADORA ROBOKOMBI SID LI0,,Sistema de instrumentos e cont,14.64,OBSERVACAO: QUEDA DE PACOTES DO CABEÇOTE ( CONSECUTIVAMENTE)_ | EQUIPAMENTO: PALETIZADORA ROBOKOMBI SID LI0 | CHAVE_1: Sistema de instrumentos e cont | SUBCHAVE:  | TIPO_PARADA: P.EQ.LINHA | LINHA: LINHA004
1981,"FALHA DE ENCHIMENTO, EXCESSO DE NIVEL BAIXO",FALHA DE ENCHIMENTO EXCESSO DE NIVEL BAIXO,FALHA DE ENCHIMENTO,FALHA DE ENCHIMENTO,EXACT_SAFE,1,1,703.0,1.0,2026-03-22,3,LINHA004,P.EQ.LINHA,56312,SCH CITRUS LT 350ML FI (6) L718 F953 L04,ENCHEDORA STARCANS FM E 91 LI0,,Sistema de enchimento,14.0,"OBSERVACAO: FALHA DE ENCHIMENTO, EXCESSO DE NIVEL BAIXO | EQUIPAMENTO: ENCHEDORA STARCANS FM E 91 LI0 | CHAVE_1: Sistema de enchimento | SUBCHAVE:  | TIPO_PARADA: P.EQ.LINHA | LINHA: LINHA004"
1982,FALHA NO DEPOSITO DE PALLET VAZIO,FALHA NO DEPOSITO DE PALLET VAZIO,FALHA NO DEPOSITO DE PALLET,FALHA NO DEPOSITO DE PALLET,EXACT_SAFE,1,1,704.0,1.0,2026-03-22,3,LINHA004,P.EQ.LINHA,56312,SCH CITRUS LT 350ML FI (6) L718 F953 L04,PALETIZADORA ROBOKOMBI SID LI0,,Sistema elétrico,5.0,OBSERVACAO: FALHA NO DEPOSITO DE PALLET VAZIO | EQUIPAMENTO: PALETIZADORA ROBOKOMBI SID LI0 | CHAVE_1: Sistema elétrico | SUBCHAVE:  | TIPO_PARADA: P.EQ.LINHA | LINHA: LINHA004
1988,"FALHA VÁLVULA 46, BINOCULO QUEBRADO, OCASIONANDO TRAVAMENTO DO SUPORTE DA TULIPA, GERANDO O ENROSCO DE GARRAFAS NA SAIDA DA ESTRELA ORDEM: 30008478951",FALHA VALVULA 46 BINOCULO QUEBRADO OCASIONANDO TRAVAMENTO DO SUPORTE DA TULIPA GERANDO O ENROSCO DE GARRAFAS NA SAIDA DA ESTRELA ORDEM 30008478951,TRAVAMENTO DE VÁLVULA,TRAVAMENTO DE VALVULA,EXACT_SAFE,2,1,705.0,1.0,2026-03-23,1,LINHA005,P.EQ.LINHA,56326,"CCZR PET RET 2L (9) 7,99 PROMO L05",ENCHEDORA EUROSTAR SID LI05,,Sistema de enchimento,60.0,"OBSERVACAO: FALHA VÁLVULA 46, BINOCULO QUEBRADO, OCASIONANDO TRAVAMENTO DO SUPORTE DA TULIPA, GERANDO O ENROSCO DE GARRAFAS NA SAIDA DA ESTRELA ORDEM: 30008478951 | EQUIPAMENTO: ENCHEDORA EUROSTAR SID LI05 | CHAVE_1: Sistema de enchimento | SUBCHAVE:  | TIPO_PARADA: P.EQ.LINHA | LINHA: LINHA005"
1989,"ESTEIRA NA CURVA DO TRANSPORTE NA ENTRADA DE CAIXAS PALETIZADORA ESCAPOU, NYLON DANIFICADO, FOI REALIZADO A TROCA DO NYLON",ESTEIRA NA CURVA DO TRANSPORTE NA ENTRADA DE CAIXAS PALETIZADORA ESCAPOU NYLON DANIFICADO FOI REALIZADO A TROCA DO NYLON,ESCAPE DE ESTEIRA,ESCAPE DE ESTEIRA,EXACT_SAFE,2,1,706.0,1.0,2026-03-23,1,LINHA005,P.EQ.LINHA,56326,"CCZR PET RET 2L (9) 7,99 PROMO L05",TRANSP CXS GRFS CH PAL,Qualidade de peças,Estrutura,24.0,"OBSERVACAO: ESTEIRA NA CURVA DO TRANSPORTE NA ENTRADA DE CAIXAS PALETIZADORA ESCAPOU, NYLON DANIFICADO, FOI REALIZADO A TROCA DO NYLON | EQUIPAMENTO: TRANSP CXS GRFS CH PAL | CHAVE_1: Estrutura | SUBCHAVE: Qualidade de peças | TIPO_PARADA: P.EQ.LINHA | LINHA: LINHA005"
1990,"FALHA INSPEÇÃO RÓTULO FRENTE ,REALIZADO APRENDIZAGEM DE CCSA PARA CCZ",FALHA INSPECAO ROTULO FRENTE REALIZADO APRENDIZAGEM DE CCSA PARA CCZ,FALHA DE ROTULAGEM,FALHA DE ROTULAGEM,EXACT_SAFE,1,1,707.0,1.0,2026-03-23,1,LINHA005,P.EQ.LINHA,56326,"CCZR PET RET 2L (9) 7,99 PROMO L05",ROTULADORA MODULAR KRONES LI05,,Sistema de Instrumentos e cont,20.12,"OBSERVACAO: FALHA INSPEÇÃO RÓTULO FRENTE ,REALIZADO APRENDIZAGEM DE CCSA PARA CCZ | EQUIPAMENTO: ROTULADORA MODULAR KRONES LI05 | CHAVE_1: Sistema de Instrumentos e cont | SUBCHAVE:  | TIPO_PARADA: P.EQ.LINHA | LINHA: LINHA005"
1991,"ESTEIRA NA CURVA DO TRANSPORTE NA ENTRADA DE CAIXAS PALETIZADORA ESCAPOU, NYLON DANIFICADO, FOI REALIZADO A TROCA DO NYLON",ESTEIRA NA CURVA DO TRANSPORTE NA ENTRADA DE CAIXAS PALETIZADORA ESCAPOU NYLON DANIFICADO FOI REALIZADO A TROCA DO NYLON,ESCAPE DE ESTEIRA,ESCAPE DE ESTEIRA,EXACT_SAFE,2,1,706.0,1.0,2026-03-23,1,LINHA005,P.EQ.LINHA,56326,"CCZR PET RET 2L (9) 7,99 PROMO L05",TRANSP CXS GRFS CH PAL,Qualidade de peças,Estrutura,24.0,"OBSERVACAO: ESTEIRA NA CURVA DO TRANSPORTE NA ENTRADA DE CAIXAS PALETIZADORA ESCAPOU, NYLON DANIFICADO, FOI REALIZADO A TROCA DO NYLON | EQUIPAMENTO: TRANSP CXS GRFS CH PAL | CHAVE_1: Estrutura | SUBCHAVE: Qualidade de peças | TIPO_PARADA: P.EQ.LINHA | LINHA: LINHA005"
1992,"FALHA VÁLVULA 46, BINOCULO QUEBRADO, OCASIONANDO TRAVAMENTO DO SUPORTE DA TULIPA, GERANDO O ENROSCO DE GARRAFAS NA SAIDA DA ESTRELA ORDEM: 30008478951",FALHA VALVULA 46 BINOCULO QUEBRADO OCASIONANDO TRAVAMENTO DO SUPORTE DA TULIPA GERANDO O ENROSCO DE GARRAFAS NA SAIDA DA ESTRELA ORDEM 30008478951,TRAVAMENTO DE VÁLVULA,TRAVAMENTO DE VALVULA,EXACT_SAFE,2,1,705.0,1.0,2026-03-23,1,LINHA005,P.EQ.LINHA,56326,"CCZR PET RET 2L (9) 7,99 PROMO L05",ENCHEDORA EUROSTAR SID LI05,,Sistema de enchimento,60.0,"OBSERVACAO: FALHA VÁLVULA 46, BINOCULO QUEBRADO, OCASIONANDO TRAVAMENTO DO SUPORTE DA TULIPA, GERANDO O ENROSCO DE GARRAFAS NA SAIDA DA ESTRELA ORDEM: 30008478951 | EQUIPAMENTO: ENCHEDORA EUROSTAR SID LI05 | CHAVE_1: Sistema de enchimento | SUBCHAVE:  | TIPO_PARADA: P.EQ.LINHA | LINHA: LINHA005"
1993,"FALHA NA VALVULA 45 E 46 ,ASTE DO ROLO DE ELEVAÇÃO ESTA TRAVANDO",FALHA NA VALVULA 45 E 46 ASTE DO ROLO DE ELEVACAO ESTA TRAVANDO,TRAVAMENTO DE VÁLVULA,TRAVAMENTO DE VALVULA,EXACT_SAFE,1,1,710.0,1.0,2026-03-23,2,LINHA005,P.EQ.LINHA,56326,"CCZR PET RET 2L (9) 7,99 PROMO L05",ENCHEDORA EUROSTAR SID LI05,,Sistema de enchimento,50.47,"OBSERVACAO: FALHA NA VALVULA 45 E 46 ,ASTE DO ROLO DE ELEVAÇÃO ESTA TRAVANDO | EQUIPAMENTO: ENCHEDORA EUROSTAR SID LI05 | CHAVE_1: Sistema de enchimento | SUBCHAVE:  | TIPO_PARADA: P.EQ.LINHA | LINHA: LINHA005"
1994,"ESTEIRA COM ELO TORTO,ESCAPANDO ( 30008479144 )",ESTEIRA COM ELO TORTO ESCAPANDO 30008479144,ESCAPE DE ESTEIRA,ESCAPE DE ESTEIRA,EXACT_SAFE,1,1,711.0,1.0,2026-03-23,2,LINHA005,P.EQ.LINHA,56326,"CCZR PET RET 2L (9) 7,99 PROMO L05",TRANSP CXS GRFS CH PAL,Cadeia de transmissão danifica,Sistema Motriz,20.0,"OBSERVACAO: ESTEIRA COM ELO TORTO,ESCAPANDO ( 30008479144 ) | EQUIPAMENTO: TRANSP CXS GRFS CH PAL | CHAVE_1: Sistema Motriz | SUBCHAVE: Cadeia de transmissão danifica | TIPO_PARADA: P.EQ.LINHA | LINHA: LINHA005"
1995,"FALHA NO ENCHIMENTO DA VALVULA 45 E 46 ( ASTE DO ROLO DE ELEVAÇÃO ,TRAVANDO ) 30008479252",FALHA NO ENCHIMENTO DA VALVULA 45 E 46 ASTE DO ROLO DE ELEVACAO TRAVANDO 30008479252,FALHA DE VÁLVULA DE ENCHIMENTO,FALHA DE VALVULA DE ENCHIMENTO,EXACT_SAFE,1,1,712.0,1.0,2026-03-23,2,LINHA005,P.EQ.LINHA,56326,"CCZR PET RET 2L (9) 7,99 PROMO L05",ENCHEDORA EUROSTAR SID LI05,,Sistema de enchimento,20.94,"OBSERVACAO: FALHA NO ENCHIMENTO DA VALVULA 45 E 46 ( ASTE DO ROLO DE ELEVAÇÃO ,TRAVANDO ) 30008479252 | EQUIPAMENTO: ENCHEDORA EUROSTAR SID LI05 | CHAVE_1: Sistema de enchimento | SUBCHAVE:  | TIPO_PARADA: P.EQ.LINHA | LINHA: LINHA005"
1996,"ESTEIRA COM ELO TORTO,ESCAPANDO , TROCA DA ESTEIRA ( 30008479144 )",ESTEIRA COM ELO TORTO ESCAPANDO TROCA DA ESTEIRA 30008479144,ESCAPE DE ESTEIRA,ESCAPE DE ESTEIRA,EXACT_SAFE,1,1,713.0,1.0,2026-03-23,2,LINHA005,P.EQ.LINHA,56326,"CCZR PET RET 2L (9) 7,99 PROMO L05",TRANSP CXS GRFS CH PAL,Cadeia de transmissão danifica,Sistema Motriz,20.0,"OBSERVACAO: ESTEIRA COM ELO TORTO,ESCAPANDO , TROCA DA ESTEIRA ( 30008479144 ) | EQUIPAMENTO: TRANSP CXS GRFS CH PAL | CHAVE_1: Sistema Motriz | SUBCHAVE: Cadeia de transmissão danifica | TIPO_PARADA: P.EQ.LINHA | LINHA: LINHA005"
1997,"VALVULA 45 E 46,COM A ASTE DO ROLO DE ELEVAÇÃO TRAVANDO 30008479252",VALVULA 45 E 46 COM A ASTE DO ROLO DE ELEVACAO TRAVANDO 30008479252,TRAVAMENTO DE VÁLVULA,TRAVAMENTO DE VALVULA,EXACT_SAFE,1,1,714.0,1.0,2026-03-23,2,LINHA005,P.EQ.LINHA,56326,"CCZR PET RET 2L (9) 7,99 PROMO L05",ENCHEDORA EUROSTAR SID LI05,,Sistema de enchimento,20.0,"OBSERVACAO: VALVULA 45 E 46,COM A ASTE DO ROLO DE ELEVAÇÃO TRAVANDO 30008479252 | EQUIPAMENTO: ENCHEDORA EUROSTAR SID LI05 | CHAVE_1: Sistema de enchimento | SUBCHAVE:  | TIPO_PARADA: P.EQ.LINHA | LINHA: LINHA005"
1998,FALHA NO INVERSOR DO MOTOR 331,FALHA NO INVERSOR DO MOTOR 331,FALHA DE INVERSOR,FALHA DE INVERSOR,EXACT_SAFE,1,1,715.0,1.0,2026-03-23,2,LINHA005,P.EQ.LINHA,56326,"CCZR PET RET 2L (9) 7,99 PROMO L05",TRANSP CXS GRFS CH PAL,,Sistema Elétrico,8.0,OBSERVACAO: FALHA NO INVERSOR DO MOTOR 331 | EQUIPAMENTO: TRANSP CXS GRFS CH PAL | CHAVE_1: Sistema Elétrico | SUBCHAVE:  | TIPO_PARADA: P.EQ.LINHA | LINHA: LINHA005
2013,FALHA NO DEPOSITO DE PALLET VAZIO,FALHA NO DEPOSITO DE PALLET VAZIO,FALHA NO DEPOSITO DE PALLET,FALHA NO DEPOSITO DE PALLET,EXACT_SAFE,1,1,704.0,1.0,2026-03-22,3,LINHA004,P.EQ.LINHA,56312,SCH CITRUS LT 350ML FI (6) L718 F953 L04,PALETIZADORA ROBOKOMBI SID LI0,,Sistema elétrico,5.0,OBSERVACAO: FALHA NO DEPOSITO DE PALLET VAZIO | EQUIPAMENTO: PALETIZADORA ROBOKOMBI SID LI0 | CHAVE_1: Sistema elétrico | SUBCHAVE:  | TIPO_PARADA: P.EQ.LINHA | LINHA: LINHA004
2026,FALHA DIMENSIONAMENTO DE CAMADAS. ORDEM- 30008478955,FALHA DIMENSIONAMENTO DE CAMADAS ORDEM 30008478955,FALHA DE DIMENSIONAMENTO DE CAMADA,FALHA DE DIMENSIONAMENTO DE CAMADA,EXACT_SAFE,1,1,716.0,1.0,2026-03-23,1,LINHA003,P.EQ.LINHA,55935,CC PET 600ML FL (6) NV 17G LOLA T2G L03,PALETIZADORA ROBOT KRO LI03,,Sistema elétrico,7.5,OBSERVACAO: FALHA DIMENSIONAMENTO DE CAMADAS. ORDEM- 30008478955 | EQUIPAMENTO: PALETIZADORA ROBOT KRO LI03 | CHAVE_1: Sistema elétrico | SUBCHAVE:  | TIPO_PARADA: P.EQ.LINHA | LINHA: LINHA003
2027,RETIRANDO TODAS AS GARRAFAS. ORDEM 30008478960,RETIRANDO TODAS AS GARRAFAS ORDEM 30008478960,SEM MODO DE FALHA IDENTIFICADO,SEM MODO DE FALHA IDENTIFICADO,EXACT_SAFE,1,1,717.0,1.0,2026-03-23,1,LINHA003,P.EQ.LINHA,55935,CC PET 600ML FL (6) NV 17G LOLA T2G L03,INSP NIVEL BASIC HEU LI03,,Sistema Elétrico,12.0,OBSERVACAO: RETIRANDO TODAS AS GARRAFAS. ORDEM 30008478960 | EQUIPAMENTO: INSP NIVEL BASIC HEU LI03 | CHAVE_1: Sistema Elétrico | SUBCHAVE:  | TIPO_PARADA: P.EQ.LINHA | LINHA: LINHA003
2028,TRAVAMENTO DA CORRENTE DE ENVOLVIMENTO. ORDEM- 30008478959,TRAVAMENTO DA CORRENTE DE ENVOLVIMENTO ORDEM 30008478959,TRAVAMENTO DE CORRENTE,TRAVAMENTO DE CORRENTE,EXACT_SAFE,1,1,718.0,1.0,2026-03-23,1,LINHA003,P.EQ.LINHA,55935,CC PET 600ML FL (6) NV 17G LOLA T2G L03,EMPACOTADORA VARIOPAC KRO LI03,,Sistema de Instrumentos e cont,12.0,OBSERVACAO: TRAVAMENTO DA CORRENTE DE ENVOLVIMENTO. ORDEM- 30008478959 | EQUIPAMENTO: EMPACOTADORA VARIOPAC KRO LI03 | CHAVE_1: Sistema de Instrumentos e cont | SUBCHAVE:  | TIPO_PARADA: P.EQ.LINHA | LINHA: LINHA003
2029,FALHA NA BANDEROLA,FALHA NA BANDEROLA,FALHA DE BANDEIROLA,FALHA DE BANDEIROLA,EXACT_SAFE,1,1,719.0,1.0,2026-03-24,2,LINHA001,P.EQ.LINHA,55609,"CC LS 1L (12) N.V 4,99 ROL412 L01",ENCAIXOTADORA VAN H K LI01,,Estrutura,38.67,OBSERVACAO: FALHA NA BANDEROLA | EQUIPAMENTO: ENCAIXOTADORA VAN H K LI01 | CHAVE_1: Estrutura | SUBCHAVE:  | TIPO_PARADA: P.EQ.LINHA | LINHA: LINHA001
2030,"FALHA AUTOCALIBRAÇÃO, DEVIDO REDOX BAIXO",FALHA AUTOCALIBRACAO DEVIDO REDOX BAIXO,FALHA DE CONTROLE DE PROCESSO,FALHA DE CONTROLE DE PROCESSO,EXACT_SAFE,1,1,720.0,1.0,2026-03-24,1,LINHA005,P.EQ.LINHA,56326,"CCZR PET RET 2L (9) 7,99 PROMO L05",INSPETOR GARRAFAS ENOS A 100 L,,Sistema de Instrumentos e Cont,5.0,"OBSERVACAO: FALHA AUTOCALIBRAÇÃO, DEVIDO REDOX BAIXO | EQUIPAMENTO: INSPETOR GARRAFAS ENOS A 100 L | CHAVE_1: Sistema de Instrumentos e Cont | SUBCHAVE:  | TIPO_PARADA: P.EQ.LINHA | LINHA: LINHA005"
2031,"VAZAMENTO DE AGUA NA MANGUEIRA DA ROTULADORA, ROMPIIMENTO DA CONEXÃO PNEUMATICA ORDEM: 3000848802",VAZAMENTO DE AGUA NA MANGUEIRA DA ROTULADORA ROMPIIMENTO DA CONEXAO PNEUMATICA ORDEM 3000848802,ROMPIMENTO DE MANGUEIRA DE ÁGUA,ROMPIMENTO DE MANGUEIRA DE AGUA,EXACT_SAFE,1,1,721.0,1.0,2026-03-24,1,LINHA005,P.EQ.LINHA,56326,"CCZR PET RET 2L (9) 7,99 PROMO L05",ROTULADORA MODULAR KRONES LI05,,Sistema Pneumático,10.0,"OBSERVACAO: VAZAMENTO DE AGUA NA MANGUEIRA DA ROTULADORA, ROMPIIMENTO DA CONEXÃO PNEUMATICA ORDEM: 3000848802 | EQUIPAMENTO: ROTULADORA MODULAR KRONES LI05 | CHAVE_1: Sistema Pneumático | SUBCHAVE:  | TIPO_PARADA: P.EQ.LINHA | LINHA: LINHA005"
2032,ROBO PEGANDO CAIXAS A MENOS,ROBO PEGANDO CAIXAS A MENOS,FALHA NA PEGADA DE CAMADA,FALHA NA PEGADA DE CAMADA,EXACT_SAFE,1,1,722.0,1.0,2026-03-24,1,LINHA005,P.EQ.LINHA,56326,"CCZR PET RET 2L (9) 7,99 PROMO L05",PALETIZADORA ROBOKOMBI SID LI0,,Sistema de instrumentos e cont,5.36,OBSERVACAO: ROBO PEGANDO CAIXAS A MENOS | EQUIPAMENTO: PALETIZADORA ROBOKOMBI SID LI0 | CHAVE_1: Sistema de instrumentos e cont | SUBCHAVE:  | TIPO_PARADA: P.EQ.LINHA | LINHA: LINHA005
2037,SAIDA DE GARRAFAS DA ENCHEDORA FORA DE SINCRONISMO,SAIDA DE GARRAFAS DA ENCHEDORA FORA DE SINCRONISMO,FALHA DE SINCRONISMO,FALHA DE SINCRONISMO,EXACT_SAFE,2,1,729.0,1.0,2026-03-25,1,LINHA003,P.EQ.LINHA,55934,CCZR PET 600ML FL (6) N.V 17G T2G L03,ENCHEDORA EUROTRONICA FM LI03,,Sistema de instrumentos e cont,53.0,OBSERVACAO: SAIDA DE GARRAFAS DA ENCHEDORA FORA DE SINCRONISMO | EQUIPAMENTO: ENCHEDORA EUROTRONICA FM LI03 | CHAVE_1: Sistema de instrumentos e cont | SUBCHAVE:  | TIPO_PARADA: P.EQ.LINHA | LINHA: LINHA003
2038,SAIDA DE GARRAFAS DA ENCHEDORA FORA DE SINCRONISMO,SAIDA DE GARRAFAS DA ENCHEDORA FORA DE SINCRONISMO,FALHA DE SINCRONISMO,FALHA DE SINCRONISMO,EXACT_SAFE,2,1,729.0,1.0,2026-03-25,1,LINHA003,P.EQ.LINHA,55934,CCZR PET 600ML FL (6) N.V 17G T2G L03,ENCHEDORA EUROTRONICA FM LI03,,Sistema de instrumentos e cont,53.0,OBSERVACAO: SAIDA DE GARRAFAS DA ENCHEDORA FORA DE SINCRONISMO | EQUIPAMENTO: ENCHEDORA EUROTRONICA FM LI03 | CHAVE_1: Sistema de instrumentos e cont | SUBCHAVE:  | TIPO_PARADA: P.EQ.LINHA | LINHA: LINHA003
2053,AJUSTE DE VELOCIDADE NO TRANSPORTE DE GARRAFAS,AJUSTE DE VELOCIDADE NO TRANSPORTE DE GARRAFAS,FALHA DE VELOCIDADE DO TRANSPORTE,FALHA DE VELOCIDADE DO TRANSPORTE,EXACT_SAFE,1,1,723.0,1.0,2026-03-25,1,LINHA002,P.EQ.LINHA,55732,SPRITE SA PET 2L FL (6) N.V 38G T2G L02,TRANSP GRFS ENCH MESA ACÚMULO,,Sistema Elétrico,5.0,OBSERVACAO: AJUSTE DE VELOCIDADE NO TRANSPORTE DE GARRAFAS | EQUIPAMENTO: TRANSP GRFS ENCH MESA ACÚMULO | CHAVE_1: Sistema Elétrico | SUBCHAVE:  | TIPO_PARADA: P.EQ.LINHA | LINHA: LINHA002
2054,"ROBÕ COLOC CHAPATEX FAC LINHA 4, DEPOSITANDO CARTÃO FORA DE POSIÇÃO",ROBO COLOC CHAPATEX FAC LINHA 4 DEPOSITANDO CARTAO FORA DE POSICAO,FALHA DE ROBÔ,FALHA DE ROBO,EXACT_SAFE,1,1,724.0,1.0,2026-03-25,3,LINHA004,P.EQ.LINHA,55445,FT LAR LT 350ML LMPM FI (6) L299 FEN L4,ROBO COLOC CHAPATEX FAC LI04,,SISTEMA PEGADOR DE CHAPATEX FA,15.0,"OBSERVACAO: ROBÕ COLOC CHAPATEX FAC LINHA 4, DEPOSITANDO CARTÃO FORA DE POSIÇÃO | EQUIPAMENTO: ROBO COLOC CHAPATEX FAC LI04 | CHAVE_1: SISTEMA PEGADOR DE CHAPATEX FA | SUBCHAVE:  | TIPO_PARADA: P.EQ.LINHA | LINHA: LINHA004"
2055,TROCA DE UMA VENTOSA,TROCA DE UMA VENTOSA,FALHA DE VENTOSA,FALHA DE VENTOSA,EXACT_SAFE,1,1,725.0,1.0,2026-03-25,3,LINHA004,P.EQ.LINHA,55445,FT LAR LT 350ML LMPM FI (6) L299 FEN L4,PALETIZADORA ROBOKOMBI SID LI0,Qualidade de peças,Estrutura,3.5,OBSERVACAO: TROCA DE UMA VENTOSA | EQUIPAMENTO: PALETIZADORA ROBOKOMBI SID LI0 | CHAVE_1: Estrutura | SUBCHAVE: Qualidade de peças | TIPO_PARADA: P.EQ.LINHA | LINHA: LINHA004
2074,AJUSTE NO SENSOR DE ENCHIMENTO,AJUSTE NO SENSOR DE ENCHIMENTO,FALHA DE SENSOR,FALHA DE SENSOR,EXACT_SAFE,1,1,727.0,1.0,2026-03-25,1,LINHA003,P.EQ.LINHA,55934,CCZR PET 600ML FL (6) N.V 17G T2G L03,ENCHEDORA EUROTRONICA FM LI03,,Sistema elétrico,10.0,OBSERVACAO: AJUSTE NO SENSOR DE ENCHIMENTO | EQUIPAMENTO: ENCHEDORA EUROTRONICA FM LI03 | CHAVE_1: Sistema elétrico | SUBCHAVE:  | TIPO_PARADA: P.EQ.LINHA | LINHA: LINHA003
2075,SAIDA DE GARRAFAS DA ENCHEDORA FORA DE SINCRONISMO 30008490456,SAIDA DE GARRAFAS DA ENCHEDORA FORA DE SINCRONISMO 30008490456,FALHA DE SINCRONISMO,FALHA DE SINCRONISMO,EXACT_SAFE,1,1,728.0,1.0,2026-03-25,1,LINHA003,P.EQ.LINHA,55934,CCZR PET 600ML FL (6) N.V 17G T2G L03,ENCHEDORA EUROTRONICA FM LI03,,Sistema de instrumentos e cont,22.0,OBSERVACAO: SAIDA DE GARRAFAS DA ENCHEDORA FORA DE SINCRONISMO 30008490456 | EQUIPAMENTO: ENCHEDORA EUROTRONICA FM LI03 | CHAVE_1: Sistema de instrumentos e cont | SUBCHAVE:  | TIPO_PARADA: P.EQ.LINHA | LINHA: LINHA003
2076,SAIDA DE GARRAFAS DA ENCHEDORA FORA DE SINCRONISMO,SAIDA DE GARRAFAS DA ENCHEDORA FORA DE SINCRONISMO,FALHA DE SINCRONISMO,FALHA DE SINCRONISMO,EXACT_SAFE,2,1,729.0,1.0,2026-03-25,1,LINHA003,P.EQ.LINHA,55934,CCZR PET 600ML FL (6) N.V 17G T2G L03,ENCHEDORA EUROTRONICA FM LI03,,Sistema de instrumentos e cont,53.0,OBSERVACAO: SAIDA DE GARRAFAS DA ENCHEDORA FORA DE SINCRONISMO | EQUIPAMENTO: ENCHEDORA EUROTRONICA FM LI03 | CHAVE_1: Sistema de instrumentos e cont | SUBCHAVE:  | TIPO_PARADA: P.EQ.LINHA | LINHA: LINHA003
2077,SAIDA DE GARRAFAS DA ENCHEDORA FORA DE SINCRONISMO,SAIDA DE GARRAFAS DA ENCHEDORA FORA DE SINCRONISMO,FALHA DE SINCRONISMO,FALHA DE SINCRONISMO,EXACT_SAFE,2,1,729.0,1.0,2026-03-25,1,LINHA003,P.EQ.LINHA,55934,CCZR PET 600ML FL (6) N.V 17G T2G L03,ENCHEDORA EUROTRONICA FM LI03,,Sistema de instrumentos e cont,53.0,OBSERVACAO: SAIDA DE GARRAFAS DA ENCHEDORA FORA DE SINCRONISMO | EQUIPAMENTO: ENCHEDORA EUROTRONICA FM LI03 | CHAVE_1: Sistema de instrumentos e cont | SUBCHAVE:  | TIPO_PARADA: P.EQ.LINHA | LINHA: LINHA003
2078,PRANHA DERRUBANDO PACOTES,PRANHA DERRUBANDO PACOTES,FALHA DE PRANCHA,FALHA DE PRANCHA,EXACT_SAFE,1,1,731.0,1.0,2026-03-26,2,LINHA002,P.EQ.LINHA,55569,CCZR PET 2L FL (6) NV 38G F840 L02,PALETIZADORA KOMBI SID LI02,,Sistema de instrumentos e cont,30.0,OBSERVACAO: PRANHA DERRUBANDO PACOTES | EQUIPAMENTO: PALETIZADORA KOMBI SID LI02 | CHAVE_1: Sistema de instrumentos e cont | SUBCHAVE:  | TIPO_PARADA: P.EQ.LINHA | LINHA: LINHA002
2079,ALARME DE PORTA ABERTA ACIONADO,ALARME DE PORTA ABERTA ACIONADO,FALHA DE PORTA DE SEGURANÇA,FALHA DE PORTA DE SEGURANCA,EXACT_SAFE,1,1,732.0,1.0,2026-03-26,2,LINHA002,P.EQ.LINHA,55569,CCZR PET 2L FL (6) NV 38G F840 L02,PALETIZADORA KOMBI SID LI02,,Sistema de segurança,10.0,OBSERVACAO: ALARME DE PORTA ABERTA ACIONADO | EQUIPAMENTO: PALETIZADORA KOMBI SID LI02 | CHAVE_1: Sistema de segurança | SUBCHAVE:  | TIPO_PARADA: P.EQ.LINHA | LINHA: LINHA002
2080,PRANCHA DERRUBANDO PACOTES,PRANCHA DERRUBANDO PACOTES,FALHA DE COMPACTAÇÃO DE CAMADA,FALHA DE COMPACTACAO DE CAMADA,EXACT_SAFE,1,1,733.0,1.0,2026-03-26,2,LINHA002,P.EQ.LINHA,55569,CCZR PET 2L FL (6) NV 38G F840 L02,PALETIZADORA KOMBI SID LI02,,Sistema de instrumentos e cont,6.0,OBSERVACAO: PRANCHA DERRUBANDO PACOTES | EQUIPAMENTO: PALETIZADORA KOMBI SID LI02 | CHAVE_1: Sistema de instrumentos e cont | SUBCHAVE:  | TIPO_PARADA: P.EQ.LINHA | LINHA: LINHA002
2081,FALHA DE ENCHIMENTO DAS VALVULAS N° 24;29;51;52;68;70 E 79,FALHA DE ENCHIMENTO DAS VALVULAS N 24 29 51 52 68 70 E 79,FALHA DE VÁLVULA DE ENCHIMENTO,FALHA DE VALVULA DE ENCHIMENTO,EXACT_SAFE,1,1,734.0,1.0,2026-03-26,3,LINHA004,P.EQ.LINHA,56269,SPRITE LT 350ML FL (6) N.V LT748 L04,ENCHEDORA STARCANS FM E 91 LI0,,Sistema de enchimento,15.0,OBSERVACAO: FALHA DE ENCHIMENTO DAS VALVULAS N° 24;29;51;52;68;70 E 79 | EQUIPAMENTO: ENCHEDORA STARCANS FM E 91 LI0 | CHAVE_1: Sistema de enchimento | SUBCHAVE:  | TIPO_PARADA: P.EQ.LINHA | LINHA: LINHA004
2082,REJEITANDO LATAS BOAS,REJEITANDO LATAS BOAS,FALHA DE REJEIÇÃO,FALHA DE REJEICAO,EXACT_SAFE,1,1,735.0,1.0,2026-03-26,3,LINHA004,P.EQ.LINHA,56269,SPRITE LT 350ML FL (6) N.V LT748 L04,INSPETOR NIVEL FILTEC 3 XR LI0,,Sistema Rejeitor,7.64,OBSERVACAO: REJEITANDO LATAS BOAS | EQUIPAMENTO: INSPETOR NIVEL FILTEC 3 XR LI0 | CHAVE_1: Sistema Rejeitor | SUBCHAVE:  | TIPO_PARADA: P.EQ.LINHA | LINHA: LINHA004
2083,"FALHA VALVULA 45, VALVULA TRAVADA, OCASIONANDO ENROSCO DE GARRAFAS NO CARACOL",FALHA VALVULA 45 VALVULA TRAVADA OCASIONANDO ENROSCO DE GARRAFAS NO CARACOL,TRAVAMENTO DE VÁLVULA,TRAVAMENTO DE VALVULA,EXACT_SAFE,1,1,736.0,1.0,2026-03-26,2,LINHA005,P.EQ.LINHA,55568,"CC PET RET 2L (9) 7,99 PROMO L05",ENCHEDORA EUROSTAR SID LI05,,Sistema de enchimento,21.88,"OBSERVACAO: FALHA VALVULA 45, VALVULA TRAVADA, OCASIONANDO ENROSCO DE GARRAFAS NO CARACOL | EQUIPAMENTO: ENCHEDORA EUROSTAR SID LI05 | CHAVE_1: Sistema de enchimento | SUBCHAVE:  | TIPO_PARADA: P.EQ.LINHA | LINHA: LINHA005"
2084,"FALHA VALVULA 45, VALVULA TRAVADA, OCASIONANDO ENROSCO DE GARRAFAS NO CARACOL ( TROCA DE TURNO )",FALHA VALVULA 45 VALVULA TRAVADA OCASIONANDO ENROSCO DE GARRAFAS NO CARACOL TROCA DE TURNO,TRAVAMENTO DE VÁLVULA,TRAVAMENTO DE VALVULA,EXACT_SAFE,1,1,737.0,1.0,2026-03-26,2,LINHA005,P.EQ.LINHA,55568,"CC PET RET 2L (9) 7,99 PROMO L05",ENCHEDORA EUROSTAR SID LI05,,Sistema de enchimento,15.0,"OBSERVACAO: FALHA VALVULA 45, VALVULA TRAVADA, OCASIONANDO ENROSCO DE GARRAFAS NO CARACOL ( TROCA DE TURNO ) | EQUIPAMENTO: ENCHEDORA EUROSTAR SID LI05 | CHAVE_1: Sistema de enchimento | SUBCHAVE:  | TIPO_PARADA: P.EQ.LINHA | LINHA: LINHA005"
2085,"ENROSCO DE ROTULO,FALHA NA APLICAÇÃO DO ROTULO",ENROSCO DE ROTULO FALHA NA APLICACAO DO ROTULO,ENROSCO DE RÓTULOS,ENROSCO DE ROTULOS,EXACT_SAFE,3,1,738.0,1.0,2026-03-26,2,LINHA005,P.EQ.LINHA,55568,"CC PET RET 2L (9) 7,99 PROMO L05",ROTULADORA MODULAR KRONES LI05,,Sistema de Instrumentos e cont,21.88,"OBSERVACAO: ENROSCO DE ROTULO,FALHA NA APLICAÇÃO DO ROTULO | EQUIPAMENTO: ROTULADORA MODULAR KRONES LI05 | CHAVE_1: Sistema de Instrumentos e cont | SUBCHAVE:  | TIPO_PARADA: P.EQ.LINHA | LINHA: LINHA005"
2086,"ENROSCO DE ROTULO,FALHA NA APLICAÇÃO DO ROTULO",ENROSCO DE ROTULO FALHA NA APLICACAO DO ROTULO,ENROSCO DE RÓTULOS,ENROSCO DE ROTULOS,EXACT_SAFE,3,1,738.0,1.0,2026-03-26,2,LINHA005,P.EQ.LINHA,55568,"CC PET RET 2L (9) 7,99 PROMO L05",ROTULADORA MODULAR KRONES LI05,,Sistema de Instrumentos e cont,21.88,"OBSERVACAO: ENROSCO DE ROTULO,FALHA NA APLICAÇÃO DO ROTULO | EQUIPAMENTO: ROTULADORA MODULAR KRONES LI05 | CHAVE_1: Sistema de Instrumentos e cont | SUBCHAVE:  | TIPO_PARADA: P.EQ.LINHA | LINHA: LINHA005"
2087,"ENROSCO DE ROTULO,FALHA NA APLICAÇÃO DO ROTULO",ENROSCO DE ROTULO FALHA NA APLICACAO DO ROTULO,ENROSCO DE RÓTULOS,ENROSCO DE ROTULOS,EXACT_SAFE,3,1,738.0,1.0,2026-03-26,2,LINHA005,P.EQ.LINHA,55568,"CC PET RET 2L (9) 7,99 PROMO L05",ROTULADORA MODULAR KRONES LI05,,Sistema de Instrumentos e cont,21.88,"OBSERVACAO: ENROSCO DE ROTULO,FALHA NA APLICAÇÃO DO ROTULO | EQUIPAMENTO: ROTULADORA MODULAR KRONES LI05 | CHAVE_1: Sistema de Instrumentos e cont | SUBCHAVE:  | TIPO_PARADA: P.EQ.LINHA | LINHA: LINHA005"
2102,ATRASO NO CIP DURANTE 5 ETAPAS CCKSZ - FALHA NO MIXER,ATRASO NO CIP DURANTE 5 ETAPAS CCKSZ FALHA NO MIXER,FALHA DE MISTURA,FALHA DE MISTURA,EXACT_SAFE,1,1,741.0,1.0,2026-03-27,1,LINHA001,P.EQ.LINHA,56016,CCZR KS ULTRA 290ML (24) N.V ROL452 L01,PROPORCIONADOR PROREF H K LI01,,Circuito de cip,60.0,OBSERVACAO: ATRASO NO CIP DURANTE 5 ETAPAS CCKSZ - FALHA NO MIXER | EQUIPAMENTO: PROPORCIONADOR PROREF H K LI01 | CHAVE_1: Circuito de cip | SUBCHAVE:  | TIPO_PARADA: P.EQ.LINHA | LINHA: LINHA001
2104,"FALHA PINÇA, DANIFICANDO O BOCAL DAS GARRAFAS ORDEM: 30008497279",FALHA PINCA DANIFICANDO O BOCAL DAS GARRAFAS ORDEM 30008497279,FALHA DE PINÇA,FALHA DE PINCA,EXACT_SAFE,2,1,742.0,1.0,2026-03-27,1,LINHA005,P.EQ.LINHA,55568,"CC PET RET 2L (9) 7,99 PROMO L05",DESCAPSULADOR 16 HEADS ACY LI0,,Sistema de instrumentos e cont,10.0,"OBSERVACAO: FALHA PINÇA, DANIFICANDO O BOCAL DAS GARRAFAS ORDEM: 30008497279 | EQUIPAMENTO: DESCAPSULADOR 16 HEADS ACY LI0 | CHAVE_1: Sistema de instrumentos e cont | SUBCHAVE:  | TIPO_PARADA: P.EQ.LINHA | LINHA: LINHA005"
2113,FALHA NA RETIRADA DO QUADRO,FALHA NA RETIRADA DO QUADRO,FALHA NO MANUSEIO DE CARTÃO,FALHA NO MANUSEIO DE CARTAO,EXACT_SAFE,2,1,961.0,1.0,2026-05-13,2,LINHA004,P.EQ.LINHA,55404,CC LT 350ML FL (12) LT172 FL401 L04,DESPALETIZADORA SID LI04,,Sistema de instrumentos e cont,5.0,OBSERVACAO: FALHA NA RETIRADA DO QUADRO | EQUIPAMENTO: DESPALETIZADORA SID LI04 | CHAVE_1: Sistema de instrumentos e cont | SUBCHAVE:  | TIPO_PARADA: P.EQ.LINHA | LINHA: LINHA004
2115,CRASH NA SAIDA DA ENCHEDORA,CRASH NA SAIDA DA ENCHEDORA,ENROSCO DE GARRAFAS,ENROSCO DE GARRAFAS,EXACT_SAFE,1,1,744.0,1.0,2026-03-28,2,LINHA001,P.EQ.LINHA,55957,CC KS ULTRA 290ML (24) N.V ROL372 L01,ENCHEDORA VVF 63/12 H K LI01,,Sistema pneumático,11.1,OBSERVACAO: CRASH NA SAIDA DA ENCHEDORA | EQUIPAMENTO: ENCHEDORA VVF 63/12 H K LI01 | CHAVE_1: Sistema pneumático | SUBCHAVE:  | TIPO_PARADA: P.EQ.LINHA | LINHA: LINHA001
2116,TROCA DA TULIPA N* 30 FOI TROCADA . ORDEM 30008500560,TROCA DA TULIPA N 30 FOI TROCADA ORDEM 30008500560,FALHA DE TULIPA,FALHA DE TULIPA,EXACT_SAFE,1,1,745.0,1.0,2026-03-28,2,LINHA001,P.EQ.LINHA,55957,CC KS ULTRA 290ML (24) N.V ROL372 L01,ENCHEDORA VVF 63/12 H K LI01,,Sistema de enchimento,10.0,OBSERVACAO: TROCA DA TULIPA N* 30 FOI TROCADA . ORDEM 30008500560 | EQUIPAMENTO: ENCHEDORA VVF 63/12 H K LI01 | CHAVE_1: Sistema de enchimento | SUBCHAVE:  | TIPO_PARADA: P.EQ.LINHA | LINHA: LINHA001
2117,"AJUSTE NO GUIA DE ENTRADA, OCASIONANDO EM GARRAFAS TORTA PARA AS VALVULA DE ENCHIMENTO, AJUSTE DE PARAMETROS DE PRESSÃO E SOBRE NIVEL",AJUSTE NO GUIA DE ENTRADA OCASIONANDO EM GARRAFAS TORTA PARA AS VALVULA DE ENCHIMENTO AJUSTE DE PARAMETROS DE PRESSAO E SOBRE NIVEL,DEFORMAÇÃO/DESALINHAMENTO DE GUIA,DEFORMACAO DESALINHAMENTO DE GUIA,EXACT_SAFE,3,1,746.0,1.0,2026-03-28,1,LINHA003,P.EQ.LINHA,56568,SPRITE PET 200ML FI (12) 14G F439 L03,ENCHEDORA EUROTRONICA FM LI03,,Sistema de enchimento,60.0,"OBSERVACAO: AJUSTE NO GUIA DE ENTRADA, OCASIONANDO EM GARRAFAS TORTA PARA AS VALVULA DE ENCHIMENTO, AJUSTE DE PARAMETROS DE PRESSÃO E SOBRE NIVEL | EQUIPAMENTO: ENCHEDORA EUROTRONICA FM LI03 | CHAVE_1: Sistema de enchimento | SUBCHAVE:  | TIPO_PARADA: P.EQ.LINHA | LINHA: LINHA003"
2118,"SENSOR DA ESTRELA DE ENTRADA NÃO ESTÁ IDENTIFICANDO ALGUMAS GARRAFAS, OCASIONANDO EM ENROSCO NO INSPETOR DA HEUFT",SENSOR DA ESTRELA DE ENTRADA NAO ESTA IDENTIFICANDO ALGUMAS GARRAFAS OCASIONANDO EM ENROSCO NO INSPETOR DA HEUFT,FALHA DE SENSOR,FALHA DE SENSOR,EXACT_SAFE,1,1,749.0,1.0,2026-03-28,2,LINHA003,P.EQ.LINHA,56568,SPRITE PET 200ML FI (12) 14G F439 L03,ENCHEDORA EUROTRONICA FM LI03,,Sistema de enchimento,8.89,"OBSERVACAO: SENSOR DA ESTRELA DE ENTRADA NÃO ESTÁ IDENTIFICANDO ALGUMAS GARRAFAS, OCASIONANDO EM ENROSCO NO INSPETOR DA HEUFT | EQUIPAMENTO: ENCHEDORA EUROTRONICA FM LI03 | CHAVE_1: Sistema de enchimento | SUBCHAVE:  | TIPO_PARADA: P.EQ.LINHA | LINHA: LINHA003"
2119,ESCAPOU A CORREIA,ESCAPOU A CORREIA,ESCAPE DE CORREIA,ESCAPE DE CORREIA,EXACT_SAFE,1,1,750.0,1.0,2026-03-28,1,LINHA005,P.EQ.LINHA,55568,"CC PET RET 2L (9) 7,99 PROMO L05",DESCAPSULADOR 16 HEADS ACY LI0,,Sistema de instrumentos e cont,13.41,OBSERVACAO: ESCAPOU A CORREIA | EQUIPAMENTO: DESCAPSULADOR 16 HEADS ACY LI0 | CHAVE_1: Sistema de instrumentos e cont | SUBCHAVE:  | TIPO_PARADA: P.EQ.LINHA | LINHA: LINHA005
2120,ESTEIRA NA ENTRADA DA PALETIZADORA ENCAVALOU 30008500480,ESTEIRA NA ENTRADA DA PALETIZADORA ENCAVALOU 30008500480,TRAVAMENTO DE ESTEIRA,TRAVAMENTO DE ESTEIRA,EXACT_SAFE,1,1,751.0,1.0,2026-03-28,2,LINHA005,P.EQ.LINHA,55568,"CC PET RET 2L (9) 7,99 PROMO L05",PALETIZADORA ROBOKOMBI SID LI0,Qualidade de peças,Estrutura,25.0,OBSERVACAO: ESTEIRA NA ENTRADA DA PALETIZADORA ENCAVALOU 30008500480 | EQUIPAMENTO: PALETIZADORA ROBOKOMBI SID LI0 | CHAVE_1: Estrutura | SUBCHAVE: Qualidade de peças | TIPO_PARADA: P.EQ.LINHA | LINHA: LINHA005
2121,FALHA NO SENSOR DE SAIDA DE GARRAFAS DA ROTULADORA,FALHA NO SENSOR DE SAIDA DE GARRAFAS DA ROTULADORA,FALHA DE SENSOR,FALHA DE SENSOR,EXACT_SAFE,1,1,752.0,1.0,2026-03-28,2,LINHA005,P.EQ.LINHA,55568,"CC PET RET 2L (9) 7,99 PROMO L05",ROTULADORA MODULAR KRONES LI05,,Sistema Elétrico,17.0,OBSERVACAO: FALHA NO SENSOR DE SAIDA DE GARRAFAS DA ROTULADORA | EQUIPAMENTO: ROTULADORA MODULAR KRONES LI05 | CHAVE_1: Sistema Elétrico | SUBCHAVE:  | TIPO_PARADA: P.EQ.LINHA | LINHA: LINHA005
2122,TANGÊNCIAMENTO DO AGREGADO 2 FORA/ NECESSÁRIO DESLOCAR TORRE PARA ESQUERDA PARA MINIMIZAR ENROSCOS DE RÓTULOS,TANGENCIAMENTO DO AGREGADO 2 FORA NECESSARIO DESLOCAR TORRE PARA ESQUERDA PARA MINIMIZAR ENROSCOS DE ROTULOS,DESALINHAMENTO DE AGREGADO,DESALINHAMENTO DE AGREGADO,EXACT_SAFE,1,1,753.0,1.0,2026-03-28,2,LINHA005,P.EQ.LINHA,55568,"CC PET RET 2L (9) 7,99 PROMO L05",ROTULADORA MODULAR KRONES LI05,,Sistema de Instrumentos e cont,11.88,OBSERVACAO: TANGÊNCIAMENTO DO AGREGADO 2 FORA/ NECESSÁRIO DESLOCAR TORRE PARA ESQUERDA PARA MINIMIZAR ENROSCOS DE RÓTULOS | EQUIPAMENTO: ROTULADORA MODULAR KRONES LI05 | CHAVE_1: Sistema de Instrumentos e cont | SUBCHAVE:  | TIPO_PARADA: P.EQ.LINHA | LINHA: LINHA005
2123,SERVO MOTOR COM TEMPERATURA EXCEDIDA,SERVO MOTOR COM TEMPERATURA EXCEDIDA,FALHA DE SERVO MOTOR,FALHA DE SERVO MOTOR,EXACT_SAFE,3,1,754.0,1.0,2026-03-28,1,LINHA006,P.EQ.LINHA,118609,"ICE TEA PES PET 1,5L FL (6) N.V TP2G L06",ENCHEDORA KRONES L06,,Sistema elétrico,46.8,OBSERVACAO: SERVO MOTOR COM TEMPERATURA EXCEDIDA | EQUIPAMENTO: ENCHEDORA KRONES L06 | CHAVE_1: Sistema elétrico | SUBCHAVE:  | TIPO_PARADA: P.EQ.LINHA | LINHA: LINHA006
2124,SERVO MOTOR SAÍDA ENCHEDORA/ ENTRADA CARROSSEL EXCEDENDO O PERCENTUAL DE UTILIZ.,SERVO MOTOR SAIDA ENCHEDORA ENTRADA CARROSSEL EXCEDENDO O PERCENTUAL DE UTILIZ,FALHA DE SERVO MOTOR,FALHA DE SERVO MOTOR,EXACT_SAFE,2,1,760.0,1.0,2026-03-28,2,LINHA006,P.EQ.LINHA,118609,"ICE TEA PES PET 1,5L FL (6) N.V TP2G L06",ENCHEDORA KRONES L06,,Sistema elétrico,40.64,OBSERVACAO: SERVO MOTOR SAÍDA ENCHEDORA/ ENTRADA CARROSSEL EXCEDENDO O PERCENTUAL DE UTILIZ. | EQUIPAMENTO: ENCHEDORA KRONES L06 | CHAVE_1: Sistema elétrico | SUBCHAVE:  | TIPO_PARADA: P.EQ.LINHA | LINHA: LINHA006
2125,SERVO MOTOR (SAÍDA ENCHEDORA/ ENTRADA CARROSSEL) EXCEDENDO O PERCENTUAL DE UTILIZ.,SERVO MOTOR SAIDA ENCHEDORA ENTRADA CARROSSEL EXCEDENDO O PERCENTUAL DE UTILIZ,FALHA DE SERVO MOTOR,FALHA DE SERVO MOTOR,EXACT_SAFE,2,1,760.0,1.0,2026-03-28,2,LINHA006,P.EQ.LINHA,118609,"ICE TEA PES PET 1,5L FL (6) N.V TP2G L06",ENCHEDORA KRONES L06,,Sistema elétrico,40.64,OBSERVACAO: SERVO MOTOR (SAÍDA ENCHEDORA/ ENTRADA CARROSSEL) EXCEDENDO O PERCENTUAL DE UTILIZ. | EQUIPAMENTO: ENCHEDORA KRONES L06 | CHAVE_1: Sistema elétrico | SUBCHAVE:  | TIPO_PARADA: P.EQ.LINHA | LINHA: LINHA006
2138,ROLAMENTO DO DISCO DANIFICADO. - 30008506030,ROLAMENTO DO DISCO DANIFICADO 30008506030,FALHA DE ROLAMENTO,FALHA DE ROLAMENTO,EXACT_SAFE,1,1,762.0,1.0,2026-03-30,1,LINHA001,P.EQ.LINHA,55957,CC KS ULTRA 290ML (24) N.V ROL372 L01,LACRADOR TAMPAS H K LI01,,Alimentação/posic tampas,12.58,OBSERVACAO: ROLAMENTO DO DISCO DANIFICADO. - 30008506030 | EQUIPAMENTO: LACRADOR TAMPAS H K LI01 | CHAVE_1: Alimentação/posic tampas | SUBCHAVE:  | TIPO_PARADA: P.EQ.LINHA | LINHA: LINHA001
2139,"CRASH NA SAIDA DA ENCHEDORA NA VALVULA 33 , LIMPEZA DA MAQUINA",CRASH NA SAIDA DA ENCHEDORA NA VALVULA 33 LIMPEZA DA MAQUINA,FALHA DE VÁLVULA,FALHA DE VALVULA,EXACT_SAFE,1,1,763.0,1.0,2026-03-30,2,LINHA001,P.EQ.LINHA,55957,CC KS ULTRA 290ML (24) N.V ROL372 L01,ENCHEDORA VVF 63/12 H K LI01,,Estrutura,10.0,"OBSERVACAO: CRASH NA SAIDA DA ENCHEDORA NA VALVULA 33 , LIMPEZA DA MAQUINA | EQUIPAMENTO: ENCHEDORA VVF 63/12 H K LI01 | CHAVE_1: Estrutura | SUBCHAVE:  | TIPO_PARADA: P.EQ.LINHA | LINHA: LINHA001"
2140,FALHA DE SINCRONISMO NA SAIDA NOTA:30008506960,FALHA DE SINCRONISMO NA SAIDA NOTA 30008506960,FALHA DE SINCRONISMO,FALHA DE SINCRONISMO,EXACT_SAFE,1,1,764.0,1.0,2026-03-30,2,LINHA001,P.EQ.LINHA,55957,CC KS ULTRA 290ML (24) N.V ROL372 L01,LAVADORA GRFS DN1240105 H K LI,,Sistema de Instrumentos e cont,12.36,OBSERVACAO: FALHA DE SINCRONISMO NA SAIDA NOTA:30008506960 | EQUIPAMENTO: LAVADORA GRFS DN1240105 H K LI | CHAVE_1: Sistema de Instrumentos e cont | SUBCHAVE:  | TIPO_PARADA: P.EQ.LINHA | LINHA: LINHA001
2141,CRASH MA SAIDA DA ENCHEDORA . LIMPEZA DA MAQUINA,CRASH MA SAIDA DA ENCHEDORA LIMPEZA DA MAQUINA,ENROSCO DE GARRAFAS,ENROSCO DE GARRAFAS,EXACT_SAFE,1,1,765.0,1.0,2026-03-30,2,LINHA001,P.EQ.LINHA,55957,CC KS ULTRA 290ML (24) N.V ROL372 L01,ENCHEDORA VVF 63/12 H K LI01,,Estrutura,11.47,OBSERVACAO: CRASH MA SAIDA DA ENCHEDORA . LIMPEZA DA MAQUINA | EQUIPAMENTO: ENCHEDORA VVF 63/12 H K LI01 | CHAVE_1: Estrutura | SUBCHAVE:  | TIPO_PARADA: P.EQ.LINHA | LINHA: LINHA001
2142,ROMPIMENTO DA MANGUEIRA DE AGUA DA VALVULA MODULADORA,ROMPIMENTO DA MANGUEIRA DE AGUA DA VALVULA MODULADORA,FALHA DE VÁLVULA MODULADORA,FALHA DE VALVULA MODULADORA,EXACT_SAFE,1,1,766.0,1.0,2026-03-30,2,LINHA005,P.EQ.LINHA,55568,"CC PET RET 2L (9) 7,99 PROMO L05",LAVADORA GARRAFA 22/470 ZIE,,SISTEMA LAVAGEM GARRAFA 22/470,4.0,OBSERVACAO: ROMPIMENTO DA MANGUEIRA DE AGUA DA VALVULA MODULADORA | EQUIPAMENTO: LAVADORA GARRAFA 22/470 ZIE | CHAVE_1: SISTEMA LAVAGEM GARRAFA 22/470 | SUBCHAVE:  | TIPO_PARADA: P.EQ.LINHA | LINHA: LINHA005
2153,INSPEÇÃO ELÉTRICA NO ASEBI.,INSPECAO ELETRICA NO ASEBI,FALHA DE INSPEÇÃO,FALHA DE INSPECAO,EXACT_SAFE,1,1,767.0,1.0,2026-03-31,1,LINHA001,P.EQ.LINHA,55609,"CC LS 1L (12) N.V 4,99 ROL412 L01",INSPETOR DE GARRAFAS VAZIAS HE,,,28.0,OBSERVACAO: INSPEÇÃO ELÉTRICA NO ASEBI. | EQUIPAMENTO: INSPETOR DE GARRAFAS VAZIAS HE | CHAVE_1:  | SUBCHAVE:  | TIPO_PARADA: P.EQ.LINHA | LINHA: LINHA001
2154,AJUSTES NA POSIÇÃO DA MASCRA,AJUSTES NA POSICAO DA MASCRA,DESALINHAMENTO DE MÁSCARA,DESALINHAMENTO DE MASCARA,EXACT_SAFE,1,1,768.0,1.0,2026-03-31,3,LINHA005,P.EQ.LINHA,56327,"FT LAR PET RET 2L (9) 7,49 PROMO FNX L05",ROTULADORA MODULAR KRONES LI05,,Sistema Elétrico,16.41,OBSERVACAO: AJUSTES NA POSIÇÃO DA MASCRA | EQUIPAMENTO: ROTULADORA MODULAR KRONES LI05 | CHAVE_1: Sistema Elétrico | SUBCHAVE:  | TIPO_PARADA: P.EQ.LINHA | LINHA: LINHA005
2176,REGULAGEM POSIÇÃO DA MASCARA ORDEM 30008513908,REGULAGEM POSICAO DA MASCARA ORDEM 30008513908,SEM MODO DE FALHA IDENTIFICADO,SEM MODO DE FALHA IDENTIFICADO,EXACT_SAFE,1,1,769.0,1.0,2026-04-01,2,LINHA005,P.EQ.LINHA,56326,"CCZR PET RET 2L (9) 7,99 PROMO L05",ROTULADORA MODULAR KRONES LI05,,Sistema de Instrumentos e cont,30.0,OBSERVACAO: REGULAGEM POSIÇÃO DA MASCARA ORDEM 30008513908 | EQUIPAMENTO: ROTULADORA MODULAR KRONES LI05 | CHAVE_1: Sistema de Instrumentos e cont | SUBCHAVE:  | TIPO_PARADA: P.EQ.LINHA | LINHA: LINHA005
2177,FALHA NO BOTÂO DE RESET DO LINATRONIC,FALHA NO BOTAO DE RESET DO LINATRONIC,FALHA DE BOTÃO DE RESET,FALHA DE BOTAO DE RESET,EXACT_SAFE,1,1,770.0,1.0,2026-04-01,2,LINHA005,P.EQ.LINHA,56326,"CCZR PET RET 2L (9) 7,99 PROMO L05",INSP LINATRONIC M2 KRO LI05,,Sistema de Instrumentos e Cont,8.0,OBSERVACAO: FALHA NO BOTÂO DE RESET DO LINATRONIC | EQUIPAMENTO: INSP LINATRONIC M2 KRO LI05 | CHAVE_1: Sistema de Instrumentos e Cont | SUBCHAVE:  | TIPO_PARADA: P.EQ.LINHA | LINHA: LINHA005
2178,FALHA NO BOTÃO DO RESET DO LINATRONIC 11309325,FALHA NO BOTAO DO RESET DO LINATRONIC 11309325,FALHA DE BOTÃO DE RESET,FALHA DE BOTAO DE RESET,EXACT_SAFE,1,1,771.0,1.0,2026-04-01,3,LINHA005,P.EQ.LINHA,56326,"CCZR PET RET 2L (9) 7,99 PROMO L05",INSP LINATRONIC M2 KRO LI05,,Sistema de Instrumentos e Cont,6.0,OBSERVACAO: FALHA NO BOTÃO DO RESET DO LINATRONIC 11309325 | EQUIPAMENTO: INSP LINATRONIC M2 KRO LI05 | CHAVE_1: Sistema de Instrumentos e Cont | SUBCHAVE:  | TIPO_PARADA: P.EQ.LINHA | LINHA: LINHA005
2179,ESTABILIDADE DE EQUIPAMENTO,ESTABILIDADE DE EQUIPAMENTO,ESTABILIDADE DE EQUIPAMENTO,ESTABILIDADE DE EQUIPAMENTO,EXACT_SAFE,1,1,772.0,1.0,2026-04-01,2,LINHA005,P.EQ.LINHA,56327,"FT LAR PET RET 2L (9) 7,49 PROMO FNX L05",ROTULADORA MODULAR KRONES LI05,,Sistema de Instrumentos e cont,14.0,OBSERVACAO: ESTABILIDADE DE EQUIPAMENTO | EQUIPAMENTO: ROTULADORA MODULAR KRONES LI05 | CHAVE_1: Sistema de Instrumentos e cont | SUBCHAVE:  | TIPO_PARADA: P.EQ.LINHA | LINHA: LINHA005
2182,ESTABILIDADE DE EQUIPAMENTO,ESTABILIDADE DE EQUIPAMENTO,ESTABILIDADE DE EQUIPAMENTO,ESTABILIDADE DE EQUIPAMENTO,EXACT_SAFE,1,1,772.0,1.0,2026-04-01,2,LINHA005,P.EQ.LINHA,56327,"FT LAR PET RET 2L (9) 7,49 PROMO FNX L05",ROTULADORA MODULAR KRONES LI05,,Sistema de Instrumentos e cont,14.0,OBSERVACAO: ESTABILIDADE DE EQUIPAMENTO | EQUIPAMENTO: ROTULADORA MODULAR KRONES LI05 | CHAVE_1: Sistema de Instrumentos e cont | SUBCHAVE:  | TIPO_PARADA: P.EQ.LINHA | LINHA: LINHA005
2191,"ENROSCO DE TAMPAS NA ENTRADA DO ARROLHADOR , CAUSANDO PARADAS NA LINHA , POR GRFAS ESTAR SAINDO SEM TAMPAS , VELOCIDADE COM + DE 32000 ELA AMASSA ...",ENROSCO DE TAMPAS NA ENTRADA DO ARROLHADOR CAUSANDO PARADAS NA LINHA POR GRFAS ESTAR SAINDO SEM TAMPAS VELOCIDADE COM DE 32000 ELA AMASSA,ENROSCO DE TAMPAS,ENROSCO DE TAMPAS,EXACT_SAFE,1,1,773.0,1.0,2026-04-02,2,LINHA001,P.EQ.LINHA,55957,CC KS ULTRA 290ML (24) N.V ROL372 L01,LACRADOR TAMPAS H K LI01,,Estrutura,18.0,"OBSERVACAO: ENROSCO DE TAMPAS NA ENTRADA DO ARROLHADOR , CAUSANDO PARADAS NA LINHA , POR GRFAS ESTAR SAINDO SEM TAMPAS , VELOCIDADE COM + DE 32000 ELA AMASSA ... | EQUIPAMENTO: LACRADOR TAMPAS H K LI01 | CHAVE_1: Estrutura | SUBCHAVE:  | TIPO_PARADA: P.EQ.LINHA | LINHA: LINHA001"
2192,PARAFUSO DO SUPORTE QUE SEGURA O CABECOTE QUEBROU CAUSANDO A PARADA NA MAQUINA,PARAFUSO DO SUPORTE QUE SEGURA O CABECOTE QUEBROU CAUSANDO A PARADA NA MAQUINA,QUEBRA DE PARAFUSO,QUEBRA DE PARAFUSO,EXACT_SAFE,1,1,774.0,1.0,2026-04-02,2,LINHA001,P.EQ.LINHA,55957,CC KS ULTRA 290ML (24) N.V ROL372 L01,DESENCAIX VAN 1351441 H K LI01,,Estrutura,10.0,OBSERVACAO: PARAFUSO DO SUPORTE QUE SEGURA O CABECOTE QUEBROU CAUSANDO A PARADA NA MAQUINA | EQUIPAMENTO: DESENCAIX VAN 1351441 H K LI01 | CHAVE_1: Estrutura | SUBCHAVE:  | TIPO_PARADA: P.EQ.LINHA | LINHA: LINHA001
2193,FALHA DE ENCHIMENTO DA VALVULA N°19 / JUMPER FISICO DA VALVULA N°19 COM Nº 17 NOTA (N°30008517328),FALHA DE ENCHIMENTO DA VALVULA N 19 JUMPER FISICO DA VALVULA N 19 COM N 17 NOTA N 30008517328,FALHA DE VÁLVULA DE ENCHIMENTO,FALHA DE VALVULA DE ENCHIMENTO,EXACT_SAFE,1,1,775.0,1.0,2026-04-02,3,LINHA004,P.EQ.LINHA,55247,SPRITE ZR LT 350ML FL (6) LT419 TCDL L04,ENCHEDORA STARCANS FM E 91 LI0,,Sistema de enchimento,13.0,OBSERVACAO: FALHA DE ENCHIMENTO DA VALVULA N°19 / JUMPER FISICO DA VALVULA N°19 COM Nº 17 NOTA (N°30008517328) | EQUIPAMENTO: ENCHEDORA STARCANS FM E 91 LI0 | CHAVE_1: Sistema de enchimento | SUBCHAVE:  | TIPO_PARADA: P.EQ.LINHA | LINHA: LINHA004
2194,ROBO DA PALETIZADORA PEGANDO CAIXAS A MENOS,ROBO DA PALETIZADORA PEGANDO CAIXAS A MENOS,FALHA NA PEGADA DE CAMADA,FALHA NA PEGADA DE CAMADA,EXACT_SAFE,1,1,776.0,1.0,2026-04-02,1,LINHA005,P.EQ.LINHA,56326,"CCZR PET RET 2L (9) 7,99 PROMO L05",PALETIZADORA ROBOKOMBI SID LI0,,Sistema de instrumentos e cont,5.0,OBSERVACAO: ROBO DA PALETIZADORA PEGANDO CAIXAS A MENOS | EQUIPAMENTO: PALETIZADORA ROBOKOMBI SID LI0 | CHAVE_1: Sistema de instrumentos e cont | SUBCHAVE:  | TIPO_PARADA: P.EQ.LINHA | LINHA: LINHA005
2195,COLISÃO DO ROBO COM PALETE EM TRANSITO 30008516209,COLISAO DO ROBO COM PALETE EM TRANSITO 30008516209,FALHA DE ROBÔ,FALHA DE ROBO,EXACT_SAFE,1,1,777.0,1.0,2026-04-02,1,LINHA005,P.EQ.LINHA,56326,"CCZR PET RET 2L (9) 7,99 PROMO L05",ROBO DESPALET FAC LI05,,Sistema de instrumentos e cont,10.88,OBSERVACAO: COLISÃO DO ROBO COM PALETE EM TRANSITO 30008516209 | EQUIPAMENTO: ROBO DESPALET FAC LI05 | CHAVE_1: Sistema de instrumentos e cont | SUBCHAVE:  | TIPO_PARADA: P.EQ.LINHA | LINHA: LINHA005
2196,ROMPIMENTO DA MANGUEIRA DE AGUA,ROMPIMENTO DA MANGUEIRA DE AGUA,ROMPIMENTO DE MANGUEIRA DE ÁGUA,ROMPIMENTO DE MANGUEIRA DE AGUA,EXACT_SAFE,1,1,778.0,1.0,2026-04-02,2,LINHA005,P.EQ.LINHA,56326,"CCZR PET RET 2L (9) 7,99 PROMO L05",ROTULADORA MODULAR KRONES LI05,,Sistema de Instrumentos e cont,10.0,OBSERVACAO: ROMPIMENTO DA MANGUEIRA DE AGUA | EQUIPAMENTO: ROTULADORA MODULAR KRONES LI05 | CHAVE_1: Sistema de Instrumentos e cont | SUBCHAVE:  | TIPO_PARADA: P.EQ.LINHA | LINHA: LINHA005
2197,TROCA DE CONEXÃO PNEUMATICA ORDEM 30008517219,TROCA DE CONEXAO PNEUMATICA ORDEM 30008517219,FALHA DE CONEXÃO PNEUMÁTICA,FALHA DE CONEXAO PNEUMATICA,EXACT_SAFE,1,1,779.0,1.0,2026-04-02,2,LINHA005,P.EQ.LINHA,56326,"CCZR PET RET 2L (9) 7,99 PROMO L05",ROBO DESPALET FAC LI05,,Sistema Pneumático,13.0,OBSERVACAO: TROCA DE CONEXÃO PNEUMATICA ORDEM 30008517219 | EQUIPAMENTO: ROBO DESPALET FAC LI05 | CHAVE_1: Sistema Pneumático | SUBCHAVE:  | TIPO_PARADA: P.EQ.LINHA | LINHA: LINHA005
2198,FALHA NO SENSOR DO MAGAZINE DE PALETES ORDEM 300085170345,FALHA NO SENSOR DO MAGAZINE DE PALETES ORDEM 300085170345,FALHA DE SENSOR,FALHA DE SENSOR,EXACT_SAFE,1,1,780.0,1.0,2026-04-02,2,LINHA005,P.EQ.LINHA,56326,"CCZR PET RET 2L (9) 7,99 PROMO L05",DESPALETIZADOR SID LI05,,Sistema elétrico,8.0,OBSERVACAO: FALHA NO SENSOR DO MAGAZINE DE PALETES ORDEM 300085170345 | EQUIPAMENTO: DESPALETIZADOR SID LI05 | CHAVE_1: Sistema elétrico | SUBCHAVE:  | TIPO_PARADA: P.EQ.LINHA | LINHA: LINHA005
2199,FALHA SENSOR MAGAZINE DE PALETES,FALHA SENSOR MAGAZINE DE PALETES,FALHA DE SENSOR,FALHA DE SENSOR,EXACT_SAFE,1,1,781.0,1.0,2026-04-02,3,LINHA005,P.EQ.LINHA,56326,"CCZR PET RET 2L (9) 7,99 PROMO L05",DESPALETIZADOR SID LI05,,Sistema elétrico,5.88,OBSERVACAO: FALHA SENSOR MAGAZINE DE PALETES | EQUIPAMENTO: DESPALETIZADOR SID LI05 | CHAVE_1: Sistema elétrico | SUBCHAVE:  | TIPO_PARADA: P.EQ.LINHA | LINHA: LINHA005
2206,EXCESSO DE FALSO REJEITO GARRAFA PARA LAVADORA ORDEM30008520064,EXCESSO DE FALSO REJEITO GARRAFA PARA LAVADORA ORDEM30008520064,FALHA DE REJEIÇÃO,FALHA DE REJEICAO,EXACT_SAFE,3,1,782.0,1.0,2026-04-03,1,LINHA001,P.EQ.LINHA,55860,SPRITE KS NORDIC 290ML (24) N.V L01,INSPETOR DE GARRAFAS VAZIAS HE,,,48.14,OBSERVACAO: EXCESSO DE FALSO REJEITO GARRAFA PARA LAVADORA ORDEM30008520064 | EQUIPAMENTO: INSPETOR DE GARRAFAS VAZIAS HE | CHAVE_1:  | SUBCHAVE:  | TIPO_PARADA: P.EQ.LINHA | LINHA: LINHA001
2207,"FALHA NO FREIO DO MOTOR 320, LONA DO CANAL 2",FALHA NO FREIO DO MOTOR 320 LONA DO CANAL 2,FALHA DE MOTOR,FALHA DE MOTOR,EXACT_SAFE,1,1,787.0,1.0,2026-04-03,3,LINHA002,P.EQ.LINHA,56475,"CCMA PET 2,5L FL (4) N.V 46G LOLA L02",PALETIZADORA KOMBI SID LI02,,Sistema elétrico,6.0,"OBSERVACAO: FALHA NO FREIO DO MOTOR 320, LONA DO CANAL 2 | EQUIPAMENTO: PALETIZADORA KOMBI SID LI02 | CHAVE_1: Sistema elétrico | SUBCHAVE:  | TIPO_PARADA: P.EQ.LINHA | LINHA: LINHA002"
2208,"FALHA NO FREIO DO MOTOR 320, LONA DO CANAL 2 (30008520286)",FALHA NO FREIO DO MOTOR 320 LONA DO CANAL 2 30008520286,FALHA DE MOTOR,FALHA DE MOTOR,EXACT_SAFE,1,1,788.0,1.0,2026-04-03,3,LINHA002,P.EQ.LINHA,56475,"CCMA PET 2,5L FL (4) N.V 46G LOLA L02",PALETIZADORA KOMBI SID LI02,,Sistema elétrico,5.0,"OBSERVACAO: FALHA NO FREIO DO MOTOR 320, LONA DO CANAL 2 (30008520286) | EQUIPAMENTO: PALETIZADORA KOMBI SID LI02 | CHAVE_1: Sistema elétrico | SUBCHAVE:  | TIPO_PARADA: P.EQ.LINHA | LINHA: LINHA002"
2209,"ROLETE SOLTO, FOI REALIZADO O APERTO DOS PARAFUSOS DO ROLETE SOLTO (30008520269)",ROLETE SOLTO FOI REALIZADO O APERTO DOS PARAFUSOS DO ROLETE SOLTO 30008520269,FALHA DE ROLETES,FALHA DE ROLETES,EXACT_SAFE,1,1,789.0,1.0,2026-04-03,3,LINHA002,P.EQ.LINHA,56475,"CCMA PET 2,5L FL (4) N.V 46G LOLA L02",PALETIZADORA KOMBI SID LI02,,Sistema de instrumentos e cont,9.63,"OBSERVACAO: ROLETE SOLTO, FOI REALIZADO O APERTO DOS PARAFUSOS DO ROLETE SOLTO (30008520269) | EQUIPAMENTO: PALETIZADORA KOMBI SID LI02 | CHAVE_1: Sistema de instrumentos e cont | SUBCHAVE:  | TIPO_PARADA: P.EQ.LINHA | LINHA: LINHA002"
2210,FALHA EM PUXAR BEBIDA,FALHA EM PUXAR BEBIDA,FALHA NO ENVIO DE BEBIDA,FALHA NO ENVIO DE BEBIDA,EXACT_SAFE,2,1,790.0,1.0,2026-04-03,3,LINHA002,P.EQ.LINHA,56475,"CCMA PET 2,5L FL (4) N.V 46G LOLA L02",ENCHEDORA KHS LI02,,Sistema de instrumentos e cont,11.25,OBSERVACAO: FALHA EM PUXAR BEBIDA | EQUIPAMENTO: ENCHEDORA KHS LI02 | CHAVE_1: Sistema de instrumentos e cont | SUBCHAVE:  | TIPO_PARADA: P.EQ.LINHA | LINHA: LINHA002
2211,FALHA DE AVANÇO DE PALETES DESPAL PARA PAL,FALHA DE AVANCO DE PALETES DESPAL PARA PAL,FALHA NO AVANÇO DE PALETES PARA PALETIZAR,FALHA NO AVANCO DE PALETES PARA PALETIZAR,EXACT_SAFE,1,1,792.0,1.0,2026-04-03,1,LINHA005,P.EQ.LINHA,56326,"CCZR PET RET 2L (9) 7,99 PROMO L05",TRANSP PALETES PAL FINAL,,Sistema de instrumentos e cont,5.0,OBSERVACAO: FALHA DE AVANÇO DE PALETES DESPAL PARA PAL | EQUIPAMENTO: TRANSP PALETES PAL FINAL | CHAVE_1: Sistema de instrumentos e cont | SUBCHAVE:  | TIPO_PARADA: P.EQ.LINHA | LINHA: LINHA005
2212,FALHA AVANÇO DE PALATE DESPAL PARA PAL,FALHA AVANCO DE PALATE DESPAL PARA PAL,FALHA NO AVANÇO DE PALETES PARA PALETIZAR,FALHA NO AVANCO DE PALETES PARA PALETIZAR,EXACT_SAFE,1,1,793.0,1.0,2026-04-03,1,LINHA005,P.EQ.LINHA,56326,"CCZR PET RET 2L (9) 7,99 PROMO L05",TRANSP PALETS CXS CH DESPAL,,Sistema Elétrico,8.0,OBSERVACAO: FALHA AVANÇO DE PALATE DESPAL PARA PAL | EQUIPAMENTO: TRANSP PALETS CXS CH DESPAL | CHAVE_1: Sistema Elétrico | SUBCHAVE:  | TIPO_PARADA: P.EQ.LINHA | LINHA: LINHA005
2227,QUEDA DE GARRAFAS NA REGUA ULTRASSONICA,QUEDA DE GARRAFAS NA REGUA ULTRASSONICA,QUEDA DE GARRAFAS,QUEDA DE GARRAFAS,EXACT_SAFE,1,1,794.0,1.0,2026-04-03,1,LINHA003,P.EQ.LINHA,55934,CCZR PET 600ML FL (6) N.V 17G T2G L03,TRPTE GRFS LOC LI03,,Sistema Elétrico,18.0,OBSERVACAO: QUEDA DE GARRAFAS NA REGUA ULTRASSONICA | EQUIPAMENTO: TRPTE GRFS LOC LI03 | CHAVE_1: Sistema Elétrico | SUBCHAVE:  | TIPO_PARADA: P.EQ.LINHA | LINHA: LINHA003
2229,EXCESSO DE FALSO REJEITO,EXCESSO DE FALSO REJEITO,FALHA DE REJEIÇÃO,FALHA DE REJEICAO,EXACT_SAFE,1,1,310.0,1.0,2026-01-31,1,LINHA006,P.EQ.LINHA,56443,CCZR PET 200ML FI (12) N.V 14G T2G L06,INSPETOR CHECKMAT KRONES L06,,Sistema de rejeição,7.57,OBSERVACAO: EXCESSO DE FALSO REJEITO | EQUIPAMENTO: INSPETOR CHECKMAT KRONES L06 | CHAVE_1: Sistema de rejeição | SUBCHAVE:  | TIPO_PARADA: P.EQ.LINHA | LINHA: LINHA006
2243,QUEDA DE GARRAFA NA REGUA DE ARRASTE,QUEDA DE GARRAFA NA REGUA DE ARRASTE,QUEDA DE GARRAFAS,QUEDA DE GARRAFAS,EXACT_SAFE,1,1,1520.0,1.0,2026-08-17,1,LINHA003,P.EQ.LINHA,55993,CC PET 1L FL (6) N.V 29G F710 L03,EMPACOTADORA VARIOPAC KRO LI03,,Sistema de Instrumentos e cont,5.0,OBSERVACAO: QUEDA DE GARRAFA NA REGUA DE ARRASTE | EQUIPAMENTO: EMPACOTADORA VARIOPAC KRO LI03 | CHAVE_1: Sistema de Instrumentos e cont | SUBCHAVE:  | TIPO_PARADA: P.EQ.LINHA | LINHA: LINHA003
2244,FALHA NO INVERSOR 30008525297,FALHA NO INVERSOR 30008525297,FALHA DE INVERSOR,FALHA DE INVERSOR,EXACT_SAFE,1,1,796.0,1.0,2026-04-05,3,LINHA003,P.EQ.LINHA,55994,CCZR PET 1L FL (6) N.V 29G F710 L03,ENVOLVEDORA ROB LI03,,Sistema Elétrico,20.0,OBSERVACAO: FALHA NO INVERSOR 30008525297 | EQUIPAMENTO: ENVOLVEDORA ROB LI03 | CHAVE_1: Sistema Elétrico | SUBCHAVE:  | TIPO_PARADA: P.EQ.LINHA | LINHA: LINHA003
2245,FALHA DE ENCHIMENTO NAS VALVULAS 7; 35; 61; 62; 85; 87; 89 E JUMPER FISICO DA VALVULA N°41 (30008529435),FALHA DE ENCHIMENTO NAS VALVULAS 7 35 61 62 85 87 89 E JUMPER FISICO DA VALVULA N 41 30008529435,FALHA DE VÁLVULA DE ENCHIMENTO,FALHA DE VALVULA DE ENCHIMENTO,EXACT_SAFE,2,1,805.0,1.0,2026-04-06,3,LINHA004,P.EQ.LINHA,55380,SCH TON LT 350ML FI (6) LT348 F079 L04,ENCHEDORA STARCANS FM E 91 LI0,,Sistema de enchimento,1.68,OBSERVACAO: FALHA DE ENCHIMENTO NAS VALVULAS 7; 35; 61; 62; 85; 87; 89 E JUMPER FISICO DA VALVULA N°41 (30008529435) | EQUIPAMENTO: ENCHEDORA STARCANS FM E 91 LI0 | CHAVE_1: Sistema de enchimento | SUBCHAVE:  | TIPO_PARADA: P.EQ.LINHA | LINHA: LINHA004
2246,ESTEIRA NA CURVA DO TRANSPORTE NA SAIDA DA DESENCAIXOTADORA ESCAPOU,ESTEIRA NA CURVA DO TRANSPORTE NA SAIDA DA DESENCAIXOTADORA ESCAPOU,ESCAPE DE ESTEIRA,ESCAPE DE ESTEIRA,EXACT_SAFE,1,1,807.0,1.0,2026-04-06,1,LINHA005,P.EQ.LINHA,55568,"CC PET RET 2L (9) 7,99 PROMO L05",TRANSP GRFS VZ DESENCA SEP TRE,,Sistema de instrumentos e cont,4.42,OBSERVACAO: ESTEIRA NA CURVA DO TRANSPORTE NA SAIDA DA DESENCAIXOTADORA ESCAPOU | EQUIPAMENTO: TRANSP GRFS VZ DESENCA SEP TRE | CHAVE_1: Sistema de instrumentos e cont | SUBCHAVE:  | TIPO_PARADA: P.EQ.LINHA | LINHA: LINHA005
2249,INVERSOR COM FALHA - ORDEM: 30008529431,INVERSOR COM FALHA ORDEM 30008529431,FALHA DE INVERSOR,FALHA DE INVERSOR,EXACT_SAFE,8,1,797.0,1.0,2026-04-06,2,LINHA003,P.EQ.LINHA,55993,CC PET 1L FL (6) N.V 29G F710 L03,ENVOLVEDORA ROB LI03,,Sistema Elétrico,50.34,OBSERVACAO: INVERSOR COM FALHA - ORDEM: 30008529431 | EQUIPAMENTO: ENVOLVEDORA ROB LI03 | CHAVE_1: Sistema Elétrico | SUBCHAVE:  | TIPO_PARADA: P.EQ.LINHA | LINHA: LINHA003
2251,QUEDA DE GARRAFA NA REGUA DE ARRASTE,QUEDA DE GARRAFA NA REGUA DE ARRASTE,QUEDA DE GARRAFAS,QUEDA DE GARRAFAS,EXACT_SAFE,1,1,1520.0,1.0,2026-08-17,1,LINHA003,P.EQ.LINHA,55993,CC PET 1L FL (6) N.V 29G F710 L03,EMPACOTADORA VARIOPAC KRO LI03,,Sistema de Instrumentos e cont,5.0,OBSERVACAO: QUEDA DE GARRAFA NA REGUA DE ARRASTE | EQUIPAMENTO: EMPACOTADORA VARIOPAC KRO LI03 | CHAVE_1: Sistema de Instrumentos e cont | SUBCHAVE:  | TIPO_PARADA: P.EQ.LINHA | LINHA: LINHA003
2254,CONEXÃO SMS DO DESAERADOR COM VAZAMENTO DURANTE O CIP,CONEXAO SMS DO DESAERADOR COM VAZAMENTO DURANTE O CIP,VAZAMENTO EM CONEXÃO,VAZAMENTO EM CONEXAO,EXACT_SAFE,1,1,808.0,1.0,2026-04-07,2,LINHA003,P.EQ.LINHA,56568,SPRITE PET 200ML FI (12) 14G F439 L03,PROPORCIONADOR STARBLEND SID L,Vedações tubulações danificada,Circuito de bebida,4.69,OBSERVACAO: CONEXÃO SMS DO DESAERADOR COM VAZAMENTO DURANTE O CIP | EQUIPAMENTO: PROPORCIONADOR STARBLEND SID L | CHAVE_1: Circuito de bebida | SUBCHAVE: Vedações tubulações danificada | TIPO_PARADA: P.EQ.LINHA | LINHA: LINHA003
2255,GFS COM NIVEL BAIXO,GFS COM NIVEL BAIXO,FALHA DE ENCHIMENTO,FALHA DE ENCHIMENTO,EXACT_SAFE,1,1,809.0,1.0,2026-04-07,2,LINHA003,P.EQ.LINHA,56568,SPRITE PET 200ML FI (12) 14G F439 L03,ENCHEDORA EUROTRONICA FM LI03,,Sistema de enchimento,41.48,OBSERVACAO: GFS COM NIVEL BAIXO | EQUIPAMENTO: ENCHEDORA EUROTRONICA FM LI03 | CHAVE_1: Sistema de enchimento | SUBCHAVE:  | TIPO_PARADA: P.EQ.LINHA | LINHA: LINHA003
2256,FALHA NA DESFORMAÇÃO DE CAMADA,FALHA NA DESFORMACAO DE CAMADA,FALHA DE FORMAÇÃO DE CAMADA,FALHA DE FORMACAO DE CAMADA,EXACT_SAFE,1,1,810.0,1.0,2026-04-07,3,LINHA004,P.EQ.LINHA,55388,CCZR LT 350ML FL (6) N.V LT832 F540 L04,DESPALETIZADORA SID LI04,,Sistema de instrumentos e cont,2.4,OBSERVACAO: FALHA NA DESFORMAÇÃO DE CAMADA | EQUIPAMENTO: DESPALETIZADORA SID LI04 | CHAVE_1: Sistema de instrumentos e cont | SUBCHAVE:  | TIPO_PARADA: P.EQ.LINHA | LINHA: LINHA004
2257,AJUSTE DO FLUXO DE OZONIO CANAL 1 E 2 ENOS A100 30008529446,AJUSTE DO FLUXO DE OZONIO CANAL 1 E 2 ENOS A100 30008529446,FALHA DE CONTROLE DE PROCESSO,FALHA DE CONTROLE DE PROCESSO,EXACT_SAFE,1,1,811.0,1.0,2026-04-07,1,LINHA005,P.EQ.LINHA,55568,"CC PET RET 2L (9) 7,99 PROMO L05",INSPETOR GARRAFAS ENOS A 100 L,,Sistema Elétrico,6.36,OBSERVACAO: AJUSTE DO FLUXO DE OZONIO CANAL 1 E 2 ENOS A100 30008529446 | EQUIPAMENTO: INSPETOR GARRAFAS ENOS A 100 L | CHAVE_1: Sistema Elétrico | SUBCHAVE:  | TIPO_PARADA: P.EQ.LINHA | LINHA: LINHA005
2258,ESTEIRA NA CURVA DO TRANSPORTE NA SAIDA DA DESENCAIXATADORA ESCAPOU,ESTEIRA NA CURVA DO TRANSPORTE NA SAIDA DA DESENCAIXATADORA ESCAPOU,ESCAPE DE ESTEIRA,ESCAPE DE ESTEIRA,EXACT_SAFE,1,1,812.0,1.0,2026-04-07,1,LINHA005,P.EQ.LINHA,55568,"CC PET RET 2L (9) 7,99 PROMO L05",TRANSP GRFS VZ DESENCA DESCAP,,Sistema de instrumentos e cont,3.0,OBSERVACAO: ESTEIRA NA CURVA DO TRANSPORTE NA SAIDA DA DESENCAIXATADORA ESCAPOU | EQUIPAMENTO: TRANSP GRFS VZ DESENCA DESCAP | CHAVE_1: Sistema de instrumentos e cont | SUBCHAVE:  | TIPO_PARADA: P.EQ.LINHA | LINHA: LINHA005
2260,FALHA DE CABECOTE,FALHA DE CABECOTE,FALHA DE CABEÇOTE,FALHA DE CABECOTE,EXACT_SAFE,1,1,818.0,1.0,2026-04-08,2,LINHA006,P.EQ.LINHA,56443,CCZR PET 200ML FI (12) N.V 14G T2G L06,CAPSULADORA KRONES L06,,Sistema elétrico,13.92,OBSERVACAO: FALHA DE CABECOTE | EQUIPAMENTO: CAPSULADORA KRONES L06 | CHAVE_1: Sistema elétrico | SUBCHAVE:  | TIPO_PARADA: P.EQ.LINHA | LINHA: LINHA006
2265,FALHA DE AR COMPRIMIDO REJEITOR 4 / 3000853417,FALHA DE AR COMPRIMIDO REJEITOR 4 3000853417,FALHA DE REJEIÇÃO,FALHA DE REJEICAO,EXACT_SAFE,1,1,813.0,1.0,2026-04-08,1,LINHA001,P.EQ.LINHA,55609,"CC LS 1L (12) N.V 4,99 ROL412 L01",INSPETOR DE GARRAFAS VAZIAS HE,,,23.33,OBSERVACAO: FALHA DE AR COMPRIMIDO REJEITOR 4 / 3000853417 | EQUIPAMENTO: INSPETOR DE GARRAFAS VAZIAS HE | CHAVE_1:  | SUBCHAVE:  | TIPO_PARADA: P.EQ.LINHA | LINHA: LINHA001
2266,"ROBO SE SOLTOU A CAMADA AO DEPOSITAR, OCASIONANDO COLISÃO DE CAIXAS",ROBO SE SOLTOU A CAMADA AO DEPOSITAR OCASIONANDO COLISAO DE CAIXAS,FALHA DE ROBÔ,FALHA DE ROBO,EXACT_SAFE,1,1,814.0,1.0,2026-04-08,1,LINHA005,P.EQ.LINHA,55568,"CC PET RET 2L (9) 7,99 PROMO L05",PALETIZADORA ROBOKOMBI SID LI0,,Sistema de instrumentos e cont,6.36,"OBSERVACAO: ROBO SE SOLTOU A CAMADA AO DEPOSITAR, OCASIONANDO COLISÃO DE CAIXAS | EQUIPAMENTO: PALETIZADORA ROBOKOMBI SID LI0 | CHAVE_1: Sistema de instrumentos e cont | SUBCHAVE:  | TIPO_PARADA: P.EQ.LINHA | LINHA: LINHA005"
2267,"ROBO SOLTOU A CAMADA DE CAIXAS AO DEPOSITAR, OCASIONANDO COLISÃO DE CAIXAS",ROBO SOLTOU A CAMADA DE CAIXAS AO DEPOSITAR OCASIONANDO COLISAO DE CAIXAS,FALHA DE ROBÔ,FALHA DE ROBO,EXACT_SAFE,1,1,815.0,1.0,2026-04-08,1,LINHA005,P.EQ.LINHA,55568,"CC PET RET 2L (9) 7,99 PROMO L05",PALETIZADORA ROBOKOMBI SID LI0,,Sistema de instrumentos e cont,5.36,"OBSERVACAO: ROBO SOLTOU A CAMADA DE CAIXAS AO DEPOSITAR, OCASIONANDO COLISÃO DE CAIXAS | EQUIPAMENTO: PALETIZADORA ROBOKOMBI SID LI0 | CHAVE_1: Sistema de instrumentos e cont | SUBCHAVE:  | TIPO_PARADA: P.EQ.LINHA | LINHA: LINHA005"
2268,"FALHA PINÇAS NA DESCAPSULAGEM, FOI NECESSARIO FAZER AJUSTES NUMEROS: 2,5,7,10,11,12 E 13 ORDEM: 30008534137",FALHA PINCAS NA DESCAPSULAGEM FOI NECESSARIO FAZER AJUSTES NUMEROS 2 5 7 10 11 12 E 13 ORDEM 30008534137,FALHA DE DESCAPSULAMENTO,FALHA DE DESCAPSULAMENTO,EXACT_SAFE,1,1,816.0,1.0,2026-04-08,1,LINHA005,P.EQ.LINHA,55568,"CC PET RET 2L (9) 7,99 PROMO L05",DESCAPSULADOR 16 HEADS ACY LI0,,Sistema de instrumentos e cont,9.18,"OBSERVACAO: FALHA PINÇAS NA DESCAPSULAGEM, FOI NECESSARIO FAZER AJUSTES NUMEROS: 2,5,7,10,11,12 E 13 ORDEM: 30008534137 | EQUIPAMENTO: DESCAPSULADOR 16 HEADS ACY LI0 | CHAVE_1: Sistema de instrumentos e cont | SUBCHAVE:  | TIPO_PARADA: P.EQ.LINHA | LINHA: LINHA005"
2269,FALHA NA CALIBRAÇÃO,FALHA NA CALIBRACAO,FALHA DE CALIBRAÇÃO,FALHA DE CALIBRACAO,EXACT_SAFE,1,1,817.0,1.0,2026-04-08,3,LINHA005,P.EQ.LINHA,55568,"CC PET RET 2L (9) 7,99 PROMO L05",INSPETOR GARRAFAS ENOS A 100 L,,Sistema Elétrico,9.18,OBSERVACAO: FALHA NA CALIBRAÇÃO | EQUIPAMENTO: INSPETOR GARRAFAS ENOS A 100 L | CHAVE_1: Sistema Elétrico | SUBCHAVE:  | TIPO_PARADA: P.EQ.LINHA | LINHA: LINHA005
2270,FALHA NO CONVERSOR DE FREQUENCIA DO ACIONAMENTO DO CABEÇOTE ( NOTA 30008536606 ),FALHA NO CONVERSOR DE FREQUENCIA DO ACIONAMENTO DO CABECOTE NOTA 30008536606,FALHA DE INVERSOR,FALHA DE INVERSOR,EXACT_SAFE,3,1,819.0,1.0,2026-04-08,2,LINHA006,P.EQ.LINHA,56443,CCZR PET 200ML FI (12) N.V 14G T2G L06,CAPSULADORA KRONES L06,,Sistema elétrico,48.48,OBSERVACAO: FALHA NO CONVERSOR DE FREQUENCIA DO ACIONAMENTO DO CABEÇOTE ( NOTA 30008536606 ) | EQUIPAMENTO: CAPSULADORA KRONES L06 | CHAVE_1: Sistema elétrico | SUBCHAVE:  | TIPO_PARADA: P.EQ.LINHA | LINHA: LINHA006
2273,FALHA DE CABEÇOTE,FALHA DE CABECOTE,FALHA DE CABEÇOTE,FALHA DE CABECOTE,EXACT_SAFE,1,1,818.0,1.0,2026-04-08,2,LINHA006,P.EQ.LINHA,56443,CCZR PET 200ML FI (12) N.V 14G T2G L06,CAPSULADORA KRONES L06,,Sistema elétrico,13.92,OBSERVACAO: FALHA DE CABEÇOTE | EQUIPAMENTO: CAPSULADORA KRONES L06 | CHAVE_1: Sistema elétrico | SUBCHAVE:  | TIPO_PARADA: P.EQ.LINHA | LINHA: LINHA006
2279,FALHA NO REJEITOR LINEAR,FALHA NO REJEITOR LINEAR,FALHA DE REJEIÇÃO,FALHA DE REJEICAO,EXACT_SAFE,2,1,162.0,1.0,2026-01-19,3,LINHA005,P.EQ.LINHA,55568,"CC PET RET 2L (9) 7,49 L05",INSPETOR GARRAFAS ENOS A 100 L,,Sistema de Instrumentos e Cont,2.18,OBSERVACAO: FALHA NO REJEITOR LINEAR | EQUIPAMENTO: INSPETOR GARRAFAS ENOS A 100 L | CHAVE_1: Sistema de Instrumentos e Cont | SUBCHAVE:  | TIPO_PARADA: P.EQ.LINHA | LINHA: LINHA005
2282,FALHA NO SERVO MOTOR Nº27,FALHA NO SERVO MOTOR N 27,FALHA DE SERVO MOTOR,FALHA DE SERVO MOTOR,EXACT_SAFE,1,1,822.0,1.0,2026-04-09,3,LINHA004,P.EQ.LINHA,55388,CCZR LT 350ML FL (6) N.V LT832 F540 L04,EMPACOTADORA SP 100V KIS LI04,,Sistema Elétrico,6.0,OBSERVACAO: FALHA NO SERVO MOTOR Nº27 | EQUIPAMENTO: EMPACOTADORA SP 100V KIS LI04 | CHAVE_1: Sistema Elétrico | SUBCHAVE:  | TIPO_PARADA: P.EQ.LINHA | LINHA: LINHA004
2283,"PARTIDA DA ENCHEDORA E VARIAÇÃO NOS NIVEIS DE ENCHIMENTO DAS VÁLVULAS,49,61,67 E 69",PARTIDA DA ENCHEDORA E VARIACAO NOS NIVEIS DE ENCHIMENTO DAS VALVULAS 49 61 67 E 69,FALHA DE VÁLVULA DE ENCHIMENTO,FALHA DE VALVULA DE ENCHIMENTO,EXACT_SAFE,1,1,824.0,1.0,2026-04-09,3,LINHA004,P.EQ.LINHA,55388,CCZR LT 350ML FL (6) N.V LT832 F540 L04,ENCHEDORA STARCANS FM E 91 LI0,,Sistema de enchimento,4.49,"OBSERVACAO: PARTIDA DA ENCHEDORA E VARIAÇÃO NOS NIVEIS DE ENCHIMENTO DAS VÁLVULAS,49,61,67 E 69 | EQUIPAMENTO: ENCHEDORA STARCANS FM E 91 LI0 | CHAVE_1: Sistema de enchimento | SUBCHAVE:  | TIPO_PARADA: P.EQ.LINHA | LINHA: LINHA004"
2284,ROMPIMENTO DO CABO DO SENSOR DE RCUO DO EMPURADOR DE TAMPAS CSW,ROMPIMENTO DO CABO DO SENSOR DE RCUO DO EMPURADOR DE TAMPAS CSW,FALHA DE SENSOR,FALHA DE SENSOR,EXACT_SAFE,2,1,823.0,1.0,2026-04-09,3,LINHA004,P.EQ.LINHA,55388,CCZR LT 350ML FL (6) N.V LT832 F540 L04,ALIM TAMPAS LATAS CSW LI04,,Sistema Elétrico,9.6,OBSERVACAO: ROMPIMENTO DO CABO DO SENSOR DE RCUO DO EMPURADOR DE TAMPAS CSW | EQUIPAMENTO: ALIM TAMPAS LATAS CSW LI04 | CHAVE_1: Sistema Elétrico | SUBCHAVE:  | TIPO_PARADA: P.EQ.LINHA | LINHA: LINHA004
2286,FALHA DE SEGURANÇA DO CABELOTE DA DESPALETIZADORA ORDEM: 30008539481,FALHA DE SEGURANCA DO CABELOTE DA DESPALETIZADORA ORDEM 30008539481,FALHA DE SEGURANÇA DO CABEÇOTE,FALHA DE SEGURANCA DO CABECOTE,EXACT_SAFE,1,1,828.0,1.0,2026-04-09,2,LINHA005,P.EQ.LINHA,55568,"CC PET RET 2L (9) 7,99 PROMO L05",DESCAPSULADOR 16 HEADS ACY LI0,,Sistema de instrumentos e cont,12.36,OBSERVACAO: FALHA DE SEGURANÇA DO CABELOTE DA DESPALETIZADORA ORDEM: 30008539481 | EQUIPAMENTO: DESCAPSULADOR 16 HEADS ACY LI0 | CHAVE_1: Sistema de instrumentos e cont | SUBCHAVE:  | TIPO_PARADA: P.EQ.LINHA | LINHA: LINHA005
2287,QUEBRA DO BRAÇO DE TORÇÃO DO MOTOREDUTOR TAG 223M1,QUEBRA DO BRACO DE TORCAO DO MOTOREDUTOR TAG 223M1,QUEBRA DE BRAÇO,QUEBRA DE BRACO,EXACT_SAFE,1,1,829.0,1.0,2026-04-09,2,LINHA005,P.EQ.LINHA,55568,"CC PET RET 2L (9) 7,99 PROMO L05",TRANSP GRFS VZ LINATRONIC ENCH,Qualidade de peças,Estrutura,15.53,OBSERVACAO: QUEBRA DO BRAÇO DE TORÇÃO DO MOTOREDUTOR TAG 223M1 | EQUIPAMENTO: TRANSP GRFS VZ LINATRONIC ENCH | CHAVE_1: Estrutura | SUBCHAVE: Qualidade de peças | TIPO_PARADA: P.EQ.LINHA | LINHA: LINHA005
2288,"TRAVAMENTO DA ENGRENAGEM DOS ROLETES,( 3000859812 )",TRAVAMENTO DA ENGRENAGEM DOS ROLETES 3000859812,TRAVAMENTO DE ENGRENAGEM,TRAVAMENTO DE ENGRENAGEM,EXACT_SAFE,2,1,830.0,1.0,2026-04-09,2,LINHA005,P.EQ.LINHA,55568,"CC PET RET 2L (9) 7,99 PROMO L05",DESPALETIZADOR SID LI05,,Sistema de instrumentos e cont,9.18,"OBSERVACAO: TRAVAMENTO DA ENGRENAGEM DOS ROLETES,( 3000859812 ) | EQUIPAMENTO: DESPALETIZADOR SID LI05 | CHAVE_1: Sistema de instrumentos e cont | SUBCHAVE:  | TIPO_PARADA: P.EQ.LINHA | LINHA: LINHA005"
2289,FALHA NO DESTAPAMENTO DE TAMPAS,FALHA NO DESTAPAMENTO DE TAMPAS,FALHA DE DESCAPSULAMENTO,FALHA DE DESCAPSULAMENTO,EXACT_SAFE,1,1,832.0,1.0,2026-04-09,3,LINHA005,P.EQ.LINHA,55568,"CC PET RET 2L (9) 7,99 PROMO L05",DESCAPSULADOR 16 HEADS ACY LI0,,Sistema de destampamento,9.18,OBSERVACAO: FALHA NO DESTAPAMENTO DE TAMPAS | EQUIPAMENTO: DESCAPSULADOR 16 HEADS ACY LI0 | CHAVE_1: Sistema de destampamento | SUBCHAVE:  | TIPO_PARADA: P.EQ.LINHA | LINHA: LINHA005
2290,"PERFIL DA ESTEIRA NA SAIDA DA LAVADORA FORA DA POSIÇÃO, OCASIONANDO QUEDA DE GARRAFAS",PERFIL DA ESTEIRA NA SAIDA DA LAVADORA FORA DA POSICAO OCASIONANDO QUEDA DE GARRAFAS,FALHA DE ESTEIRA,FALHA DE ESTEIRA,EXACT_SAFE,1,1,833.0,1.0,2026-04-09,3,LINHA005,P.EQ.LINHA,55568,"CC PET RET 2L (9) 7,99 PROMO L05",TRANSP GRFS VZ LAV GRFS LINATR,,Sistema de instrumentos e cont,6.0,"OBSERVACAO: PERFIL DA ESTEIRA NA SAIDA DA LAVADORA FORA DA POSIÇÃO, OCASIONANDO QUEDA DE GARRAFAS | EQUIPAMENTO: TRANSP GRFS VZ LAV GRFS LINATR | CHAVE_1: Sistema de instrumentos e cont | SUBCHAVE:  | TIPO_PARADA: P.EQ.LINHA | LINHA: LINHA005"
2307,PLACA NÃO REALIZA A LEITURA DO TX. ORDEM- 30008539496,PLACA NAO REALIZA A LEITURA DO TX ORDEM 30008539496,FALHA DE INSPEÇÃO,FALHA DE INSPECAO,EXACT_SAFE,2,1,834.0,1.0,2026-04-09,1,LINHA003,P.EQ.LINHA,56568,SPRITE PET 200ML FI (12) 14G F439 L03,ENCHEDORA EUROTRONICA FM LI03,,Sistema elétrico,60.0,OBSERVACAO: PLACA NÃO REALIZA A LEITURA DO TX. ORDEM- 30008539496 | EQUIPAMENTO: ENCHEDORA EUROTRONICA FM LI03 | CHAVE_1: Sistema elétrico | SUBCHAVE:  | TIPO_PARADA: P.EQ.LINHA | LINHA: LINHA003
2308,"VAZAMENTO NO BLOCO DA VALVULA 30, FEITO A TROCA DO REPARO.ORDEM 30008539485",VAZAMENTO NO BLOCO DA VALVULA 30 FEITO A TROCA DO REPARO ORDEM 30008539485,VAZAMENTO EM VÁLVULA,VAZAMENTO EM VALVULA,EXACT_SAFE,1,1,836.0,1.0,2026-04-09,1,LINHA003,P.EQ.LINHA,56568,SPRITE PET 200ML FI (12) 14G F439 L03,ENCHEDORA EUROTRONICA FM LI03,,Sistema de instrumentos e cont,20.0,"OBSERVACAO: VAZAMENTO NO BLOCO DA VALVULA 30, FEITO A TROCA DO REPARO.ORDEM 30008539485 | EQUIPAMENTO: ENCHEDORA EUROTRONICA FM LI03 | CHAVE_1: Sistema de instrumentos e cont | SUBCHAVE:  | TIPO_PARADA: P.EQ.LINHA | LINHA: LINHA003"
2309,MANGUEIRA RASGADA,MANGUEIRA RASGADA,ROMPIMENTO DE MANGUEIRA,ROMPIMENTO DE MANGUEIRA,EXACT_SAFE,1,1,837.0,1.0,2026-04-09,1,LINHA003,P.EQ.LINHA,56568,SPRITE PET 200ML FI (12) 14G F439 L03,PROPORCIONADOR STARBLEND SID L,Mangueira pneumática danificad,Circuito pneumático,10.0,OBSERVACAO: MANGUEIRA RASGADA | EQUIPAMENTO: PROPORCIONADOR STARBLEND SID L | CHAVE_1: Circuito pneumático | SUBCHAVE: Mangueira pneumática danificad | TIPO_PARADA: P.EQ.LINHA | LINHA: LINHA003
2310,TRANSPORTE DESARMADO. ORDEM- 30008539501,TRANSPORTE DESARMADO ORDEM 30008539501,DESARME DE TRANSPORTE,DESARME DE TRANSPORTE,EXACT_SAFE,1,1,838.0,1.0,2026-04-09,2,LINHA003,P.EQ.LINHA,56568,SPRITE PET 200ML FI (12) 14G F439 L03,TRPTE PCTS KRO LI03,,Sistema Elétrico,4.45,OBSERVACAO: TRANSPORTE DESARMADO. ORDEM- 30008539501 | EQUIPAMENTO: TRPTE PCTS KRO LI03 | CHAVE_1: Sistema Elétrico | SUBCHAVE:  | TIPO_PARADA: P.EQ.LINHA | LINHA: LINHA003
2311,"RETORNO DE OPERAÇÃO/FUNCIONAMENTO , APRESENTA NIVEL BAIXO EM TODAS AS VALVULAS NA PRIMEIRA E ULTIMA VOLTA",RETORNO DE OPERACAO FUNCIONAMENTO APRESENTA NIVEL BAIXO EM TODAS AS VALVULAS NA PRIMEIRA E ULTIMA VOLTA,FALHA DE ENCHIMENTO,FALHA DE ENCHIMENTO,EXACT_SAFE,2,1,839.0,1.0,2026-04-09,2,LINHA003,P.EQ.LINHA,56568,SPRITE PET 200ML FI (12) 14G F439 L03,ENCHEDORA EUROTRONICA FM LI03,,Sistema de enchimento,2.45,"OBSERVACAO: RETORNO DE OPERAÇÃO/FUNCIONAMENTO , APRESENTA NIVEL BAIXO EM TODAS AS VALVULAS NA PRIMEIRA E ULTIMA VOLTA | EQUIPAMENTO: ENCHEDORA EUROTRONICA FM LI03 | CHAVE_1: Sistema de enchimento | SUBCHAVE:  | TIPO_PARADA: P.EQ.LINHA | LINHA: LINHA003"
2312,"RETORNO DE OPERAÇÃO/FUNCIONAMENTO , APRESENTA NIVEL BAIXO EM TODAS AS VALVULAS NA PRIMEIRA E ULTIMA VOLTA (ELEVADO PULSO)",RETORNO DE OPERACAO FUNCIONAMENTO APRESENTA NIVEL BAIXO EM TODAS AS VALVULAS NA PRIMEIRA E ULTIMA VOLTA ELEVADO PULSO,FALHA DE ENCHIMENTO,FALHA DE ENCHIMENTO,EXACT_SAFE,2,1,841.0,1.0,2026-04-09,2,LINHA003,P.EQ.LINHA,56568,SPRITE PET 200ML FI (12) 14G F439 L03,ENCHEDORA EUROTRONICA FM LI03,,Sistema de enchimento,3.71,"OBSERVACAO: RETORNO DE OPERAÇÃO/FUNCIONAMENTO , APRESENTA NIVEL BAIXO EM TODAS AS VALVULAS NA PRIMEIRA E ULTIMA VOLTA (ELEVADO PULSO) | EQUIPAMENTO: ENCHEDORA EUROTRONICA FM LI03 | CHAVE_1: Sistema de enchimento | SUBCHAVE:  | TIPO_PARADA: P.EQ.LINHA | LINHA: LINHA003"
2313,ENTRADA DE GARRAFA PRENDENDO GARRAFA. AJUSTADO PECAS E FEITO LIMPEZA NO EQUIPAMENTO,ENTRADA DE GARRAFA PRENDENDO GARRAFA AJUSTADO PECAS E FEITO LIMPEZA NO EQUIPAMENTO,ENROSCO DE GARRAFAS,ENROSCO DE GARRAFAS,EXACT_SAFE,1,1,842.0,1.0,2026-04-09,2,LINHA003,P.EQ.LINHA,56568,SPRITE PET 200ML FI (12) 14G F439 L03,ENCHEDORA EUROTRONICA FM LI03,Qualidade de peças,Estrutura,12.0,OBSERVACAO: ENTRADA DE GARRAFA PRENDENDO GARRAFA. AJUSTADO PECAS E FEITO LIMPEZA NO EQUIPAMENTO | EQUIPAMENTO: ENCHEDORA EUROTRONICA FM LI03 | CHAVE_1: Estrutura | SUBCHAVE: Qualidade de peças | TIPO_PARADA: P.EQ.LINHA | LINHA: LINHA003
2314,"RETORNO DE OPERAÇÃO/FUNCIONAMENTO , APRESENTA NIVEL BAIXO EM TODAS AS VALVULAS NA PRIMEIRA E ULTIMA VOLTA (ELEVADO PULSO )",RETORNO DE OPERACAO FUNCIONAMENTO APRESENTA NIVEL BAIXO EM TODAS AS VALVULAS NA PRIMEIRA E ULTIMA VOLTA ELEVADO PULSO,FALHA DE ENCHIMENTO,FALHA DE ENCHIMENTO,EXACT_SAFE,2,1,841.0,1.0,2026-04-09,2,LINHA003,P.EQ.LINHA,56568,SPRITE PET 200ML FI (12) 14G F439 L03,ENCHEDORA EUROTRONICA FM LI03,,Sistema de enchimento,3.71,"OBSERVACAO: RETORNO DE OPERAÇÃO/FUNCIONAMENTO , APRESENTA NIVEL BAIXO EM TODAS AS VALVULAS NA PRIMEIRA E ULTIMA VOLTA (ELEVADO PULSO ) | EQUIPAMENTO: ENCHEDORA EUROTRONICA FM LI03 | CHAVE_1: Sistema de enchimento | SUBCHAVE:  | TIPO_PARADA: P.EQ.LINHA | LINHA: LINHA003"
2315,PERFIL DE NYLON DA ESTEIRA DE SAIDA DA LAVADORA FORA DE POSIÇÃO ORDEM: 30008543974,PERFIL DE NYLON DA ESTEIRA DE SAIDA DA LAVADORA FORA DE POSICAO ORDEM 30008543974,ESCAPE DE ESTEIRA,ESCAPE DE ESTEIRA,EXACT_SAFE,1,1,844.0,1.0,2026-04-10,1,LINHA005,P.EQ.LINHA,55568,"CC PET RET 2L (9) 7,99 PROMO L05",TRANSP GRFS VZ LAV GRFS LINATR,,Sistema de instrumentos e cont,7.36,OBSERVACAO: PERFIL DE NYLON DA ESTEIRA DE SAIDA DA LAVADORA FORA DE POSIÇÃO ORDEM: 30008543974 | EQUIPAMENTO: TRANSP GRFS VZ LAV GRFS LINATR | CHAVE_1: Sistema de instrumentos e cont | SUBCHAVE:  | TIPO_PARADA: P.EQ.LINHA | LINHA: LINHA005
2317,FALHA DE BOTOEIRA DE EMERGENCIA CABO SOLTO ORDM: 30008543984,FALHA DE BOTOEIRA DE EMERGENCIA CABO SOLTO ORDM 30008543984,FALHA DE BOTOEIRA DE EMERGÊNCIA,FALHA DE BOTOEIRA DE EMERGENCIA,EXACT_SAFE,1,1,849.0,1.0,2026-04-10,2,LINHA005,P.EQ.LINHA,55568,"CC PET RET 2L (9) 7,99 PROMO L05",INSP LINATRONIC M2 KRO LI05,,Sistema Elétrico,7.0,OBSERVACAO: FALHA DE BOTOEIRA DE EMERGENCIA CABO SOLTO ORDM: 30008543984 | EQUIPAMENTO: INSP LINATRONIC M2 KRO LI05 | CHAVE_1: Sistema Elétrico | SUBCHAVE:  | TIPO_PARADA: P.EQ.LINHA | LINHA: LINHA005
2318,"MOTOR TAG- 326 DESARMOU, FOI NECESSARIO REARMAR O MOTOR",MOTOR TAG 326 DESARMOU FOI NECESSARIO REARMAR O MOTOR,DESARME DE MOTOR,DESARME DE MOTOR,EXACT_SAFE,1,1,850.0,1.0,2026-04-10,2,LINHA005,P.EQ.LINHA,55568,"CC PET RET 2L (9) 7,99 PROMO L05",TRPTE GRFS CH ROTULAD ENCAIXOT,,Sistema Elétrico,6.24,"OBSERVACAO: MOTOR TAG- 326 DESARMOU, FOI NECESSARIO REARMAR O MOTOR | EQUIPAMENTO: TRPTE GRFS CH ROTULAD ENCAIXOT | CHAVE_1: Sistema Elétrico | SUBCHAVE:  | TIPO_PARADA: P.EQ.LINHA | LINHA: LINHA005"
2319,DESARME DO MOTOR 329,DESARME DO MOTOR 329,DESARME DE MOTOR,DESARME DE MOTOR,EXACT_SAFE,1,1,851.0,1.0,2026-04-10,2,LINHA005,P.EQ.LINHA,55568,"CC PET RET 2L (9) 7,99 PROMO L05",TRANSP CXS CH DESPAL DESENCA,,Sistema Elétrico,9.18,OBSERVACAO: DESARME DO MOTOR 329 | EQUIPAMENTO: TRANSP CXS CH DESPAL DESENCA | CHAVE_1: Sistema Elétrico | SUBCHAVE:  | TIPO_PARADA: P.EQ.LINHA | LINHA: LINHA005
2327,"RÉGUA DA ENCA SE SOLTOU , OCASIONANDO A PARADA NO EQUIPAMENTO , OPERADORES RECOLOCARAM A E AJUSTARAM",REGUA DA ENCA SE SOLTOU OCASIONANDO A PARADA NO EQUIPAMENTO OPERADORES RECOLOCARAM A E AJUSTARAM,FALHA DE FIXAÇÃO,FALHA DE FIXACAO,EXACT_SAFE,1,1,852.0,1.0,2026-04-11,2,LINHA001,P.EQ.LINHA,55609,"CC LS 1L (12) N.V 4,99 ROL412 L01",ENCAIXOTADORA VAN H K LI01,,Estrutura,6.67,"OBSERVACAO: RÉGUA DA ENCA SE SOLTOU , OCASIONANDO A PARADA NO EQUIPAMENTO , OPERADORES RECOLOCARAM A E AJUSTARAM | EQUIPAMENTO: ENCAIXOTADORA VAN H K LI01 | CHAVE_1: Estrutura | SUBCHAVE:  | TIPO_PARADA: P.EQ.LINHA | LINHA: LINHA001"
2328,"BOIA DA ENCHEDORA TRAVADA , CAUSANDO NIVEIS BAIXOS NAS GARRAFAS , FOI FEITO A LIMPEZA E VOLTOU AO NORMAL",BOIA DA ENCHEDORA TRAVADA CAUSANDO NIVEIS BAIXOS NAS GARRAFAS FOI FEITO A LIMPEZA E VOLTOU AO NORMAL,TRAVAMENTO DE BOIA,TRAVAMENTO DE BOIA,EXACT_SAFE,1,1,853.0,1.0,2026-04-11,2,LINHA001,P.EQ.LINHA,55609,"CC LS 1L (12) N.V 4,99 ROL412 L01",ENCHEDORA VVF 63/12 H K LI01,,Estrutura,4.0,"OBSERVACAO: BOIA DA ENCHEDORA TRAVADA , CAUSANDO NIVEIS BAIXOS NAS GARRAFAS , FOI FEITO A LIMPEZA E VOLTOU AO NORMAL | EQUIPAMENTO: ENCHEDORA VVF 63/12 H K LI01 | CHAVE_1: Estrutura | SUBCHAVE:  | TIPO_PARADA: P.EQ.LINHA | LINHA: LINHA001"
2329,"AJUSTE DA REGUA , SAIU FORA DO LUGAR CAUSANDO A PARADA DA MAQUINA",AJUSTE DA REGUA SAIU FORA DO LUGAR CAUSANDO A PARADA DA MAQUINA,SEM MODO DE FALHA IDENTIFICADO,SEM MODO DE FALHA IDENTIFICADO,EXACT_SAFE,1,1,854.0,1.0,2026-04-11,2,LINHA001,P.EQ.LINHA,55609,"CC LS 1L (12) N.V 4,99 ROL412 L01",ENCAIXOTADORA VAN H K LI01,,Estrutura,12.0,"OBSERVACAO: AJUSTE DA REGUA , SAIU FORA DO LUGAR CAUSANDO A PARADA DA MAQUINA | EQUIPAMENTO: ENCAIXOTADORA VAN H K LI01 | CHAVE_1: Estrutura | SUBCHAVE:  | TIPO_PARADA: P.EQ.LINHA | LINHA: LINHA001"
2330,PERDA DA REFERENCIA DE ALTURA DO ELEVADOR DE PALLET,PERDA DA REFERENCIA DE ALTURA DO ELEVADOR DE PALLET,FALHA DE ELEVADOR,FALHA DE ELEVADOR,EXACT_SAFE,1,1,855.0,1.0,2026-04-11,3,LINHA004,P.EQ.LINHA,55286,FT UVA LT 350ML FL (6) XBOX L04,DESPALETIZADORA SID LI04,,Sistema de instrumentos e cont,14.64,OBSERVACAO: PERDA DA REFERENCIA DE ALTURA DO ELEVADOR DE PALLET | EQUIPAMENTO: DESPALETIZADORA SID LI04 | CHAVE_1: Sistema de instrumentos e cont | SUBCHAVE:  | TIPO_PARADA: P.EQ.LINHA | LINHA: LINHA004
2331,FALHA DE TRANSMISSÃO ROLETES TRANSP. DE PALETES ORDEM: 30008549755,FALHA DE TRANSMISSAO ROLETES TRANSP DE PALETES ORDEM 30008549755,FALHA DE ROLETES,FALHA DE ROLETES,EXACT_SAFE,1,1,856.0,1.0,2026-04-11,1,LINHA005,P.EQ.LINHA,55568,"CC PET RET 2L (9) 7,99 PROMO L05",DESPALETIZADOR SID LI05,,Sistema de instrumentos e cont,6.0,OBSERVACAO: FALHA DE TRANSMISSÃO ROLETES TRANSP. DE PALETES ORDEM: 30008549755 | EQUIPAMENTO: DESPALETIZADOR SID LI05 | CHAVE_1: Sistema de instrumentos e cont | SUBCHAVE:  | TIPO_PARADA: P.EQ.LINHA | LINHA: LINHA005
2335,BEBIDA ESPUMANDO GERANDO NIVEL BAIXO. ORDEM 30008554426,BEBIDA ESPUMANDO GERANDO NIVEL BAIXO ORDEM 30008554426,ESPUMAMENTO DE BEBIDA,ESPUMAMENTO DE BEBIDA,EXACT_SAFE,1,1,857.0,1.0,2026-04-13,1,LINHA003,P.EQ.LINHA,56424,CCMA PET 2L FL (6) N.V 38G LOLA T2G L03,ENCHEDORA EUROTRONICA FM LI03,,Sistema de instrumentos e cont,3.0,OBSERVACAO: BEBIDA ESPUMANDO GERANDO NIVEL BAIXO. ORDEM 30008554426 | EQUIPAMENTO: ENCHEDORA EUROTRONICA FM LI03 | CHAVE_1: Sistema de instrumentos e cont | SUBCHAVE:  | TIPO_PARADA: P.EQ.LINHA | LINHA: LINHA003
2336,RUPTURA DE FILME APÓS O ENVOLVIMENTO.ORDEM 30008554431,RUPTURA DE FILME APOS O ENVOLVIMENTO ORDEM 30008554431,FALHA DE ENVOLVIMENTO,FALHA DE ENVOLVIMENTO,EXACT_SAFE,3,1,858.0,1.0,2026-04-13,1,LINHA003,P.EQ.LINHA,56424,CCMA PET 2L FL (6) N.V 38G LOLA T2G L03,ENVOLVEDORA ROB LI03,,Sistema de instrumentos e cont,3.0,OBSERVACAO: RUPTURA DE FILME APÓS O ENVOLVIMENTO.ORDEM 30008554431 | EQUIPAMENTO: ENVOLVEDORA ROB LI03 | CHAVE_1: Sistema de instrumentos e cont | SUBCHAVE:  | TIPO_PARADA: P.EQ.LINHA | LINHA: LINHA003
2347,"AJUSTE DE SENSOR E VALVULAS QUE NAO ESTAVAM ENVAZANDO , VALVULAS :29 ,30,31,32 .ORDEM ;30008559196",AJUSTE DE SENSOR E VALVULAS QUE NAO ESTAVAM ENVAZANDO VALVULAS 29 30 31 32 ORDEM 30008559196,FALHA DE SENSOR,FALHA DE SENSOR,EXACT_SAFE,1,1,861.0,1.0,2026-04-14,2,LINHA001,P.EQ.LINHA,55957,CC KS ULTRA 290ML (24) N.V ROL372 L01,ENCHEDORA VVF 63/12 H K LI01,,Estrutura,17.22,"OBSERVACAO: AJUSTE DE SENSOR E VALVULAS QUE NAO ESTAVAM ENVAZANDO , VALVULAS :29 ,30,31,32 .ORDEM ;30008559196 | EQUIPAMENTO: ENCHEDORA VVF 63/12 H K LI01 | CHAVE_1: Estrutura | SUBCHAVE:  | TIPO_PARADA: P.EQ.LINHA | LINHA: LINHA001"
2348,"DATA CORTANDO UM POCO DA DATACAO , CAUSANDO PARADA PARA AJUSTE NOTA:30008559444",DATA CORTANDO UM POCO DA DATACAO CAUSANDO PARADA PARA AJUSTE NOTA 30008559444,FALHA DE CODIFICAÇÃO,FALHA DE CODIFICACAO,EXACT_SAFE,1,1,862.0,1.0,2026-04-14,2,LINHA001,P.EQ.LINHA,55957,CC KS ULTRA 290ML (24) N.V ROL372 L01,DATADORA MARKEM IMAJE 9450S,,,20.0,"OBSERVACAO: DATA CORTANDO UM POCO DA DATACAO , CAUSANDO PARADA PARA AJUSTE NOTA:30008559444 | EQUIPAMENTO: DATADORA MARKEM IMAJE 9450S | CHAVE_1:  | SUBCHAVE:  | TIPO_PARADA: P.EQ.LINHA | LINHA: LINHA001"
2358,RECIPIENTE FORA DE CONDIÇÃO BÁSICA NOTA 13237296,RECIPIENTE FORA DE CONDICAO BASICA NOTA 13237296,SEM MODO DE FALHA IDENTIFICADO,SEM MODO DE FALHA IDENTIFICADO,EXACT_SAFE,1,1,863.0,1.0,2026-04-15,1,LINHA001,P.EQ.LINHA,55609,"CC LS 1L (12) N.V 4,99 ROL412 L01",ENCHEDORA VVF 63/12 H K LI01,,Estrutura,19.33,OBSERVACAO: RECIPIENTE FORA DE CONDIÇÃO BÁSICA NOTA 13237296 | EQUIPAMENTO: ENCHEDORA VVF 63/12 H K LI01 | CHAVE_1: Estrutura | SUBCHAVE:  | TIPO_PARADA: P.EQ.LINHA | LINHA: LINHA001
2359,ESPELHO REFLETIVO DO SENSOR DE CONGESTIONAMENTO DA ENTRADA A. FORA DE POSIÇÃO.NOTA30008560805,ESPELHO REFLETIVO DO SENSOR DE CONGESTIONAMENTO DA ENTRADA A FORA DE POSICAO NOTA30008560805,FALHA DE SENSOR,FALHA DE SENSOR,EXACT_SAFE,1,1,864.0,1.0,2026-04-15,1,LINHA001,P.EQ.LINHA,55609,"CC LS 1L (12) N.V 4,99 ROL412 L01",INSPETOR DE GARRAFAS VAZIAS HE,,,6.67,OBSERVACAO: ESPELHO REFLETIVO DO SENSOR DE CONGESTIONAMENTO DA ENTRADA A. FORA DE POSIÇÃO.NOTA30008560805 | EQUIPAMENTO: INSPETOR DE GARRAFAS VAZIAS HE | CHAVE_1:  | SUBCHAVE:  | TIPO_PARADA: P.EQ.LINHA | LINHA: LINHA001
2360,ESTEIRA DA ENCAIXOTADORA SE SOLTOU,ESTEIRA DA ENCAIXOTADORA SE SOLTOU,ESCAPE DE ESTEIRA,ESCAPE DE ESTEIRA,EXACT_SAFE,1,1,865.0,1.0,2026-04-15,2,LINHA001,P.EQ.LINHA,55609,"CC LS 1L (12) N.V 4,99 ROL412 L01",ENCAIXOTADORA VAN H K LI01,,Estrutura,7.33,OBSERVACAO: ESTEIRA DA ENCAIXOTADORA SE SOLTOU | EQUIPAMENTO: ENCAIXOTADORA VAN H K LI01 | CHAVE_1: Estrutura | SUBCHAVE:  | TIPO_PARADA: P.EQ.LINHA | LINHA: LINHA001
2379,FALHA NO REJEITOR LINEAR,FALHA NO REJEITOR LINEAR,FALHA DE REJEIÇÃO,FALHA DE REJEICAO,EXACT_SAFE,2,1,162.0,1.0,2026-01-19,3,LINHA005,P.EQ.LINHA,55568,"CC PET RET 2L (9) 7,49 L05",INSPETOR GARRAFAS ENOS A 100 L,,Sistema de Instrumentos e Cont,2.18,OBSERVACAO: FALHA NO REJEITOR LINEAR | EQUIPAMENTO: INSPETOR GARRAFAS ENOS A 100 L | CHAVE_1: Sistema de Instrumentos e Cont | SUBCHAVE:  | TIPO_PARADA: P.EQ.LINHA | LINHA: LINHA005
2383,"ESCAPOU CORRENTE DE TRAÇÃO DO TRANSPORTE,ORDEM 30008566282",ESCAPOU CORRENTE DE TRACAO DO TRANSPORTE ORDEM 30008566282,FALHA DE ELEMENTO DE TRANSMISSÃO,FALHA DE ELEMENTO DE TRANSMISSAO,EXACT_SAFE,1,1,866.0,1.0,2026-04-17,1,LINHA001,P.EQ.LINHA,55609,"CC LS 1L (12) N.V 4,99 ROL412 L01",TRPTE GRFS LAVADA SID LI01,Correia de transmissão desajus,Sistema Motriz,15.33,"OBSERVACAO: ESCAPOU CORRENTE DE TRAÇÃO DO TRANSPORTE,ORDEM 30008566282 | EQUIPAMENTO: TRPTE GRFS LAVADA SID LI01 | CHAVE_1: Sistema Motriz | SUBCHAVE: Correia de transmissão desajus | TIPO_PARADA: P.EQ.LINHA | LINHA: LINHA001"
2384,SAIU FORA DE SINCRONISMO A ESTRELA COM O CARRACOL .ORDEM.,SAIU FORA DE SINCRONISMO A ESTRELA COM O CARRACOL ORDEM,FALHA DE SINCRONISMO,FALHA DE SINCRONISMO,EXACT_SAFE,1,1,867.0,1.0,2026-04-17,2,LINHA001,P.EQ.LINHA,55609,"CC LS 1L (12) N.V 4,99 ROL412 L01",ENCHEDORA VVF 63/12 H K LI01,,Sistema de instrumentos e cont,10.0,OBSERVACAO: SAIU FORA DE SINCRONISMO A ESTRELA COM O CARRACOL .ORDEM. | EQUIPAMENTO: ENCHEDORA VVF 63/12 H K LI01 | CHAVE_1: Sistema de instrumentos e cont | SUBCHAVE:  | TIPO_PARADA: P.EQ.LINHA | LINHA: LINHA001
2392,CRASH NA SAIDA DA ENCHEDORA,CRASH NA SAIDA DA ENCHEDORA,ENROSCO DE GARRAFAS,ENROSCO DE GARRAFAS,EXACT_SAFE,1,1,744.0,1.0,2026-03-28,2,LINHA001,P.EQ.LINHA,55957,CC KS ULTRA 290ML (24) N.V ROL372 L01,ENCHEDORA VVF 63/12 H K LI01,,Sistema pneumático,11.1,OBSERVACAO: CRASH NA SAIDA DA ENCHEDORA | EQUIPAMENTO: ENCHEDORA VVF 63/12 H K LI01 | CHAVE_1: Sistema pneumático | SUBCHAVE:  | TIPO_PARADA: P.EQ.LINHA | LINHA: LINHA001
2402,FALHA NA IMPRESSÃO,FALHA NA IMPRESSAO,FALHA DE CODIFICAÇÃO,FALHA DE CODIFICACAO,EXACT_SAFE,1,1,1.0,1.0,2026-01-02,2,LINHA001,P.EQ.LINHA,55609,"CC LS 1L (12) N.V 4,99 ROL412 L01",DATADORA MARKEM IMAJE 9450S,,,10.0,OBSERVACAO: FALHA NA IMPRESSÃO | EQUIPAMENTO: DATADORA MARKEM IMAJE 9450S | CHAVE_1:  | SUBCHAVE:  | TIPO_PARADA: P.EQ.LINHA | LINHA: LINHA001
2403,TROCA DA BORBOLETA E FREIO VL N26 NOTA N 30008574998,TROCA DA BORBOLETA E FREIO VL N26 NOTA N 30008574998,FALHA DE VÁLVULA,FALHA DE VALVULA,EXACT_SAFE,1,1,868.0,1.0,2026-04-20,3,LINHA001,P.EQ.LINHA,56016,CCZR KS ULTRA 290ML (24) N.V ROL452 L01,ENCHEDORA VVF 63/12 H K LI01,,Sistema de enchimento,10.0,OBSERVACAO: TROCA DA BORBOLETA E FREIO VL N26 NOTA N 30008574998 | EQUIPAMENTO: ENCHEDORA VVF 63/12 H K LI01 | CHAVE_1: Sistema de enchimento | SUBCHAVE:  | TIPO_PARADA: P.EQ.LINHA | LINHA: LINHA001
2411,PROBLEMA NO SENSOR DE ENTRADA OCASIONANDO ERRO NA FORMAÇÃO DE PALETE,PROBLEMA NO SENSOR DE ENTRADA OCASIONANDO ERRO NA FORMACAO DE PALETE,FALHA DE SENSOR,FALHA DE SENSOR,EXACT_SAFE,1,1,869.0,1.0,2026-04-21,2,LINHA001,P.EQ.LINHA,55609,"CC LS 1L (12) N.V 4,99 ROL412 L01",TRANSPORTE DE CAIXAS,,,15.0,OBSERVACAO: PROBLEMA NO SENSOR DE ENTRADA OCASIONANDO ERRO NA FORMAÇÃO DE PALETE | EQUIPAMENTO: TRANSPORTE DE CAIXAS | CHAVE_1:  | SUBCHAVE:  | TIPO_PARADA: P.EQ.LINHA | LINHA: LINHA001
2412,TROCA DA BORBOLETA DA VALVULA 37 ORDEM 3008576978,TROCA DA BORBOLETA DA VALVULA 37 ORDEM 3008576978,FALHA DE VÁLVULA,FALHA DE VALVULA,EXACT_SAFE,1,1,870.0,1.0,2026-04-21,2,LINHA001,P.EQ.LINHA,55609,"CC LS 1L (12) N.V 4,99 ROL412 L01",ENCHEDORA VVF 63/12 H K LI01,,Sistema de enchimento,8.0,OBSERVACAO: TROCA DA BORBOLETA DA VALVULA 37 ORDEM 3008576978 | EQUIPAMENTO: ENCHEDORA VVF 63/12 H K LI01 | CHAVE_1: Sistema de enchimento | SUBCHAVE:  | TIPO_PARADA: P.EQ.LINHA | LINHA: LINHA001
2413,TRANSPORTE DE SAIDA DA ENCAIXOTADORA SAIU FORA DE POSIÇÃO,TRANSPORTE DE SAIDA DA ENCAIXOTADORA SAIU FORA DE POSICAO,DESALINHAMENTO MECÂNICO,DESALINHAMENTO MECANICO,EXACT_SAFE,1,1,871.0,1.0,2026-04-21,3,LINHA001,P.EQ.LINHA,55609,"CC LS 1L (12) N.V 4,99 ROL412 L01",TRANSP CXS CH ENCA PAL MANUAL,Cadeia de transmissão desajust,Sistema Motriz,5.67,OBSERVACAO: TRANSPORTE DE SAIDA DA ENCAIXOTADORA SAIU FORA DE POSIÇÃO | EQUIPAMENTO: TRANSP CXS CH ENCA PAL MANUAL | CHAVE_1: Sistema Motriz | SUBCHAVE: Cadeia de transmissão desajust | TIPO_PARADA: P.EQ.LINHA | LINHA: LINHA001
2414,SNIFFER TRAVADO,SNIFFER TRAVADO,TRAVAMENTO DE SNIFFER,TRAVAMENTO DE SNIFFER,EXACT_SAFE,1,1,872.0,1.0,2026-04-21,1,LINHA005,P.EQ.LINHA,55568,"CC PET RET 2L (9) 7,99 PROMO L05",ENCHEDORA EUROSTAR SID LI05,,Sistema de enchimento,9.18,OBSERVACAO: SNIFFER TRAVADO | EQUIPAMENTO: ENCHEDORA EUROSTAR SID LI05 | CHAVE_1: Sistema de enchimento | SUBCHAVE:  | TIPO_PARADA: P.EQ.LINHA | LINHA: LINHA005
2415,"TRAVAMENTO DO TRANSPORTE DE SAIDA DA ENCAIXOTADORA,SAIU FORA DO GUIA",TRAVAMENTO DO TRANSPORTE DE SAIDA DA ENCAIXOTADORA SAIU FORA DO GUIA,TRAVAMENTO DE TRANSPORTE,TRAVAMENTO DE TRANSPORTE,EXACT_SAFE,1,1,873.0,1.0,2026-04-21,1,LINHA005,P.EQ.LINHA,55568,"CC PET RET 2L (9) 7,99 PROMO L05",TRANSP CXS GRFS CH PAL,,Sistema de instrumentos e cont,10.47,"OBSERVACAO: TRAVAMENTO DO TRANSPORTE DE SAIDA DA ENCAIXOTADORA,SAIU FORA DO GUIA | EQUIPAMENTO: TRANSP CXS GRFS CH PAL | CHAVE_1: Sistema de instrumentos e cont | SUBCHAVE:  | TIPO_PARADA: P.EQ.LINHA | LINHA: LINHA005"
2422,QUEDA DE GARRAFA NO PINO DE SEPARAÇAO ORDEM:30008576987,QUEDA DE GARRAFA NO PINO DE SEPARACAO ORDEM 30008576987,QUEDA DE GARRAFAS,QUEDA DE GARRAFAS,EXACT_SAFE,1,1,874.0,1.0,2026-04-21,2,LINHA002,P.EQ.LINHA,55477,KUAT PET 2L FL (6) N.V 38G T2G L02,EMPACOTADORA 198/40 KIS LI02,,Sistema Elétrico,8.0,OBSERVACAO: QUEDA DE GARRAFA NO PINO DE SEPARAÇAO ORDEM:30008576987 | EQUIPAMENTO: EMPACOTADORA 198/40 KIS LI02 | CHAVE_1: Sistema Elétrico | SUBCHAVE:  | TIPO_PARADA: P.EQ.LINHA | LINHA: LINHA002
2423,AJUSTE DA ESTEIRA DE ENTRADA DA PALETIZADORA,AJUSTE DA ESTEIRA DE ENTRADA DA PALETIZADORA,FALHA DE ESTEIRA,FALHA DE ESTEIRA,EXACT_SAFE,1,1,875.0,1.0,2026-04-22,2,LINHA001,P.EQ.LINHA,55609,"CC LS 1L (12) N.V 4,99 ROL412 L01",PALETIZADORA,,,1.33,OBSERVACAO: AJUSTE DA ESTEIRA DE ENTRADA DA PALETIZADORA | EQUIPAMENTO: PALETIZADORA | CHAVE_1:  | SUBCHAVE:  | TIPO_PARADA: P.EQ.LINHA | LINHA: LINHA001
2424,FALHA EM ENVIAR TAMPAS PARA ENCHEDORA,FALHA EM ENVIAR TAMPAS PARA ENCHEDORA,FALHA EM ENVIAR TAMPAS PARA ENCHEDORA,FALHA EM ENVIAR TAMPAS PARA ENCHEDORA,EXACT_SAFE,1,1,877.0,1.0,2026-04-22,3,LINHA002,P.EQ.LINHA,56424,CCMA PET 2L FL (6) N.V 38G LOLA T2G L02,CAPSULADOR KHS LI02,,Sistema de Alimentação de Tamp,12.0,OBSERVACAO: FALHA EM ENVIAR TAMPAS PARA ENCHEDORA | EQUIPAMENTO: CAPSULADOR KHS LI02 | CHAVE_1: Sistema de Alimentação de Tamp | SUBCHAVE:  | TIPO_PARADA: P.EQ.LINHA | LINHA: LINHA002
2425,FALHA EM ENVIAR TAMPAS PARA ENCHEDORA,FALHA EM ENVIAR TAMPAS PARA ENCHEDORA,FALHA EM ENVIAR TAMPAS PARA ENCHEDORA,FALHA EM ENVIAR TAMPAS PARA ENCHEDORA,EXACT_SAFE,1,1,877.0,1.0,2026-04-22,3,LINHA002,P.EQ.LINHA,56424,CCMA PET 2L FL (6) N.V 38G LOLA T2G L02,CAPSULADOR KHS LI02,,Sistema de Alimentação de Tamp,12.0,OBSERVACAO: FALHA EM ENVIAR TAMPAS PARA ENCHEDORA | EQUIPAMENTO: CAPSULADOR KHS LI02 | CHAVE_1: Sistema de Alimentação de Tamp | SUBCHAVE:  | TIPO_PARADA: P.EQ.LINHA | LINHA: LINHA002
2452,TROCA DA PONTA DO CAME ORDEM 30008591391,TROCA DA PONTA DO CAME ORDEM 30008591391,FALHA DE CAME,FALHA DE CAME,EXACT_SAFE,1,1,881.0,1.0,2026-04-25,1,LINHA001,P.EQ.LINHA,55609,"CC LS 1L (12) N.V 4,99 ROL412 L01",LAVADORA GRFS DN1240105 H K LI,,Estrutura,6.67,OBSERVACAO: TROCA DA PONTA DO CAME ORDEM 30008591391 | EQUIPAMENTO: LAVADORA GRFS DN1240105 H K LI | CHAVE_1: Estrutura | SUBCHAVE:  | TIPO_PARADA: P.EQ.LINHA | LINHA: LINHA001
2459,FALHA DE ENCHIMENTO VALVULA N°70,FALHA DE ENCHIMENTO VALVULA N 70,FALHA DE VÁLVULA DE ENCHIMENTO,FALHA DE VALVULA DE ENCHIMENTO,EXACT_SAFE,1,1,882.0,1.0,2026-04-25,2,LINHA004,P.EQ.LINHA,56335,CCZR LT 220ML FI (6) LT888 TP PRETA L04,ENCHEDORA STARCANS FM E 91 LI0,,Sistema de enchimento,8.0,OBSERVACAO: FALHA DE ENCHIMENTO VALVULA N°70 | EQUIPAMENTO: ENCHEDORA STARCANS FM E 91 LI0 | CHAVE_1: Sistema de enchimento | SUBCHAVE:  | TIPO_PARADA: P.EQ.LINHA | LINHA: LINHA004
2460,FALHA DE ENCHIMENTO DA VALVULA N°70,FALHA DE ENCHIMENTO DA VALVULA N 70,FALHA DE VÁLVULA DE ENCHIMENTO,FALHA DE VALVULA DE ENCHIMENTO,EXACT_SAFE,1,1,883.0,1.0,2026-04-25,2,LINHA004,P.EQ.LINHA,56335,CCZR LT 220ML FI (6) LT888 TP PRETA L04,ENCHEDORA STARCANS FM E 91 LI0,,Sistema de enchimento,4.0,OBSERVACAO: FALHA DE ENCHIMENTO DA VALVULA N°70 | EQUIPAMENTO: ENCHEDORA STARCANS FM E 91 LI0 | CHAVE_1: Sistema de enchimento | SUBCHAVE:  | TIPO_PARADA: P.EQ.LINHA | LINHA: LINHA004
2461,MANDRIL N° 6 MARCANDO TAMPAS,MANDRIL N 6 MARCANDO TAMPAS,FALHA DE MANDRIL,FALHA DE MANDRIL,EXACT_SAFE,2,1,884.0,1.0,2026-04-26,2,LINHA004,P.EQ.LINHA,56269,SPRITE LT 350ML FL (6) N.V LT748 L04,RECRAVADORA 708 G FRR LI04,,Sistema de Instrumentos e cont,60.0,OBSERVACAO: MANDRIL N° 6 MARCANDO TAMPAS | EQUIPAMENTO: RECRAVADORA 708 G FRR LI04 | CHAVE_1: Sistema de Instrumentos e cont | SUBCHAVE:  | TIPO_PARADA: P.EQ.LINHA | LINHA: LINHA004
2471,MANDRIL N° 6 MARCANDO TAMPAS,MANDRIL N 6 MARCANDO TAMPAS,FALHA DE MANDRIL,FALHA DE MANDRIL,EXACT_SAFE,2,1,884.0,1.0,2026-04-26,2,LINHA004,P.EQ.LINHA,56269,SPRITE LT 350ML FL (6) N.V LT748 L04,RECRAVADORA 708 G FRR LI04,,Sistema de Instrumentos e cont,60.0,OBSERVACAO: MANDRIL N° 6 MARCANDO TAMPAS | EQUIPAMENTO: RECRAVADORA 708 G FRR LI04 | CHAVE_1: Sistema de Instrumentos e cont | SUBCHAVE:  | TIPO_PARADA: P.EQ.LINHA | LINHA: LINHA004
2486,FALHA VALVULA MOTORIZADA AGUA ORDEM: 30008595839,FALHA VALVULA MOTORIZADA AGUA ORDEM 30008595839,FALHA DE VÁLVULA,FALHA DE VALVULA,EXACT_SAFE,1,1,886.0,1.0,2026-04-27,1,LINHA005,P.EQ.LINHA,56320,"FT UVA PET RET 2L (9) 7,49 PROMO L05",PROPORCIONADOR STARBLEND SID L,,Sistema de Válvulas,6.02,OBSERVACAO: FALHA VALVULA MOTORIZADA AGUA ORDEM: 30008595839 | EQUIPAMENTO: PROPORCIONADOR STARBLEND SID L | CHAVE_1: Sistema de Válvulas | SUBCHAVE:  | TIPO_PARADA: P.EQ.LINHA | LINHA: LINHA005
2487,FALHA MOTOR TAG-157 NO TRANSPORTE ALINHADOR,FALHA MOTOR TAG 157 NO TRANSPORTE ALINHADOR,FALHA DE MOTOR,FALHA DE MOTOR,EXACT_SAFE,1,1,887.0,1.0,2026-04-28,1,LINHA005,P.EQ.LINHA,55568,"CC PET RET 2L (9) 7,99 PROMO L05",TRANSP GRFS VZ DESENCA DESCAP,,Sistema de instrumentos e cont,5.36,OBSERVACAO: FALHA MOTOR TAG-157 NO TRANSPORTE ALINHADOR | EQUIPAMENTO: TRANSP GRFS VZ DESENCA DESCAP | CHAVE_1: Sistema de instrumentos e cont | SUBCHAVE:  | TIPO_PARADA: P.EQ.LINHA | LINHA: LINHA005
2488,FALHA SENSIBILIDADE DO SENSOR DE PRESENÇA DE GARRAFA TESTE ORDEM: 30008598953,FALHA SENSIBILIDADE DO SENSOR DE PRESENCA DE GARRAFA TESTE ORDEM 30008598953,FALHA DE SENSOR,FALHA DE SENSOR,EXACT_SAFE,1,1,888.0,1.0,2026-04-28,1,LINHA005,P.EQ.LINHA,55568,"CC PET RET 2L (9) 7,99 PROMO L05",ENOS MASS SPEC,,Estrutura,6.36,OBSERVACAO: FALHA SENSIBILIDADE DO SENSOR DE PRESENÇA DE GARRAFA TESTE ORDEM: 30008598953 | EQUIPAMENTO: ENOS MASS SPEC | CHAVE_1: Estrutura | SUBCHAVE:  | TIPO_PARADA: P.EQ.LINHA | LINHA: LINHA005
2489,"(ORDEM 30008599083) ROMPIMENTO DA CORREIA DA ESTEIRA DE TRANSPORTE DE TAMPAS, FEITO A TROCA",ORDEM 30008599083 ROMPIMENTO DA CORREIA DA ESTEIRA DE TRANSPORTE DE TAMPAS FEITO A TROCA,QUEBRA DE CORREIA,QUEBRA DE CORREIA,EXACT_SAFE,1,1,890.0,1.0,2026-04-28,2,LINHA006,P.EQ.LINHA,56298,CC PET 200ML FI (12) NV 14G LOLA T2G L06,ALIMENTADOR DE TAMPAS KRONES L,Qualidade de peças,Estrutura,6.92,"OBSERVACAO: (ORDEM 30008599083) ROMPIMENTO DA CORREIA DA ESTEIRA DE TRANSPORTE DE TAMPAS, FEITO A TROCA | EQUIPAMENTO: ALIMENTADOR DE TAMPAS KRONES L | CHAVE_1: Estrutura | SUBCHAVE: Qualidade de peças | TIPO_PARADA: P.EQ.LINHA | LINHA: LINHA006"
2497,FALHA NA RETIRADA DO QUADRO,FALHA NA RETIRADA DO QUADRO,FALHA NO MANUSEIO DE CARTÃO,FALHA NO MANUSEIO DE CARTAO,EXACT_SAFE,2,1,961.0,1.0,2026-05-13,2,LINHA004,P.EQ.LINHA,55404,CC LT 350ML FL (12) LT172 FL401 L04,DESPALETIZADORA SID LI04,,Sistema de instrumentos e cont,5.0,OBSERVACAO: FALHA NA RETIRADA DO QUADRO | EQUIPAMENTO: DESPALETIZADORA SID LI04 | CHAVE_1: Sistema de instrumentos e cont | SUBCHAVE:  | TIPO_PARADA: P.EQ.LINHA | LINHA: LINHA004
2500,ROBO PEGANDO CAIXAS A MENOS,ROBO PEGANDO CAIXAS A MENOS,FALHA NA PEGADA DE CAMADA,FALHA NA PEGADA DE CAMADA,EXACT_SAFE,1,1,722.0,1.0,2026-03-24,1,LINHA005,P.EQ.LINHA,56326,"CCZR PET RET 2L (9) 7,99 PROMO L05",PALETIZADORA ROBOKOMBI SID LI0,,Sistema de instrumentos e cont,5.36,OBSERVACAO: ROBO PEGANDO CAIXAS A MENOS | EQUIPAMENTO: PALETIZADORA ROBOKOMBI SID LI0 | CHAVE_1: Sistema de instrumentos e cont | SUBCHAVE:  | TIPO_PARADA: P.EQ.LINHA | LINHA: LINHA005
2501,"ENOS MASSPEC QUEIMA DE FILAMENTOS, FOI REALIZADO A TROCA ORDEM: 30008601910",ENOS MASSPEC QUEIMA DE FILAMENTOS FOI REALIZADO A TROCA ORDEM 30008601910,QUEIMA DE FILAMENTO,QUEIMA DE FILAMENTO,EXACT_SAFE,1,1,891.0,1.0,2026-04-29,1,LINHA005,P.EQ.LINHA,55568,"CC PET RET 2L (9) 7,99 PROMO L05",ENOS MASS SPEC,,Estrutura,12.36,"OBSERVACAO: ENOS MASSPEC QUEIMA DE FILAMENTOS, FOI REALIZADO A TROCA ORDEM: 30008601910 | EQUIPAMENTO: ENOS MASS SPEC | CHAVE_1: Estrutura | SUBCHAVE:  | TIPO_PARADA: P.EQ.LINHA | LINHA: LINHA005"
2502,FALHA SENSORES DAS FOTOCELULASDO CABEÇOTE FORA POSIÇÃO E SOLTOS,FALHA SENSORES DAS FOTOCELULASDO CABECOTE FORA POSICAO E SOLTOS,FALHA DE SENSOR,FALHA DE SENSOR,EXACT_SAFE,1,1,892.0,1.0,2026-04-29,1,LINHA005,P.EQ.LINHA,55568,"CC PET RET 2L (9) 7,99 PROMO L05",ENCAIXOTADORA SID LI05,,Sistema elétrico,9.18,OBSERVACAO: FALHA SENSORES DAS FOTOCELULASDO CABEÇOTE FORA POSIÇÃO E SOLTOS | EQUIPAMENTO: ENCAIXOTADORA SID LI05 | CHAVE_1: Sistema elétrico | SUBCHAVE:  | TIPO_PARADA: P.EQ.LINHA | LINHA: LINHA005
2508,FALHA NO REJEITOR LINEAR,FALHA NO REJEITOR LINEAR,FALHA DE REJEIÇÃO,FALHA DE REJEICAO,EXACT_SAFE,2,1,162.0,1.0,2026-01-19,3,LINHA005,P.EQ.LINHA,55568,"CC PET RET 2L (9) 7,49 L05",INSPETOR GARRAFAS ENOS A 100 L,,Sistema de Instrumentos e Cont,2.18,OBSERVACAO: FALHA NO REJEITOR LINEAR | EQUIPAMENTO: INSPETOR GARRAFAS ENOS A 100 L | CHAVE_1: Sistema de Instrumentos e Cont | SUBCHAVE:  | TIPO_PARADA: P.EQ.LINHA | LINHA: LINHA005
2509,"RETROFI ENCHEDORA, PROJETO ENGENHARIA / SIDEL",RETROFI ENCHEDORA PROJETO ENGENHARIA SIDEL,SEM MODO DE FALHA IDENTIFICADO,SEM MODO DE FALHA IDENTIFICADO,EXACT_SAFE,1,1,893.0,1.0,2026-04-30,2,LINHA003,P.EQ.LINHA,56568,SPRITE PET 200ML FI (12) 14G F439 L03,ENCHEDORA EUROTRONICA FM LI03,,Sistema de enchimento,30.0,"OBSERVACAO: RETROFI ENCHEDORA, PROJETO ENGENHARIA / SIDEL | EQUIPAMENTO: ENCHEDORA EUROTRONICA FM LI03 | CHAVE_1: Sistema de enchimento | SUBCHAVE:  | TIPO_PARADA: P.EQ.LINHA | LINHA: LINHA003"
2510,"AJUSTE NO GUIA E NO SINCRONISMO DA ESTRELA, GARRAFAS BATENDO E FICANDO MARCADAS",AJUSTE NO GUIA E NO SINCRONISMO DA ESTRELA GARRAFAS BATENDO E FICANDO MARCADAS,SEM MODO DE FALHA IDENTIFICADO,SEM MODO DE FALHA IDENTIFICADO,EXACT_SAFE,1,1,894.0,1.0,2026-04-30,2,LINHA003,P.EQ.LINHA,56568,SPRITE PET 200ML FI (12) 14G F439 L03,ENCHEDORA EUROTRONICA FM LI03,,Sistema de instrumentos e cont,35.0,"OBSERVACAO: AJUSTE NO GUIA E NO SINCRONISMO DA ESTRELA, GARRAFAS BATENDO E FICANDO MARCADAS | EQUIPAMENTO: ENCHEDORA EUROTRONICA FM LI03 | CHAVE_1: Sistema de instrumentos e cont | SUBCHAVE:  | TIPO_PARADA: P.EQ.LINHA | LINHA: LINHA003"
2511,"AJUSTE NO SENSOR E NA SENSIBILIDADE, SENSOR DE DETECÇÃO DE GARRAFAS CAIDA NO ENVOLVIMENTO DOS PACOTES",AJUSTE NO SENSOR E NA SENSIBILIDADE SENSOR DE DETECCAO DE GARRAFAS CAIDA NO ENVOLVIMENTO DOS PACOTES,FALHA DE SENSOR,FALHA DE SENSOR,EXACT_SAFE,2,1,895.0,1.0,2026-04-30,2,LINHA003,P.EQ.LINHA,56568,SPRITE PET 200ML FI (12) 14G F439 L03,EMPACOTADORA VARIOPAC KRO LI03,,Sistema de Instrumentos e cont,25.0,"OBSERVACAO: AJUSTE NO SENSOR E NA SENSIBILIDADE, SENSOR DE DETECÇÃO DE GARRAFAS CAIDA NO ENVOLVIMENTO DOS PACOTES | EQUIPAMENTO: EMPACOTADORA VARIOPAC KRO LI03 | CHAVE_1: Sistema de Instrumentos e cont | SUBCHAVE:  | TIPO_PARADA: P.EQ.LINHA | LINHA: LINHA003"
2512,"FALHA NOBREAK, FALTOU ENERGIA EQTO",FALHA NOBREAK FALTOU ENERGIA EQTO,FALHA DE NOBREAK,FALHA DE NOBREAK,EXACT_SAFE,1,1,897.0,1.0,2026-04-30,2,LINHA005,P.EQ.LINHA,55568,"CC PET RET 2L (9) 7,99 PROMO L05",INSPETOR GARRAFAS ENOS A 100 L,,Sistema Elétrico,15.71,"OBSERVACAO: FALHA NOBREAK, FALTOU ENERGIA EQTO | EQUIPAMENTO: INSPETOR GARRAFAS ENOS A 100 L | CHAVE_1: Sistema Elétrico | SUBCHAVE:  | TIPO_PARADA: P.EQ.LINHA | LINHA: LINHA005"
2513,FALHA NOBREAK ( ABASTECENDO A LAVADORA),FALHA NOBREAK ABASTECENDO A LAVADORA,FALHA DE NOBREAK,FALHA DE NOBREAK,EXACT_SAFE,1,1,898.0,1.0,2026-04-30,2,LINHA005,P.EQ.LINHA,55568,"CC PET RET 2L (9) 7,99 PROMO L05",INSPETOR GARRAFAS ENOS A 100 L,,Sistema Elétrico,25.06,OBSERVACAO: FALHA NOBREAK ( ABASTECENDO A LAVADORA) | EQUIPAMENTO: INSPETOR GARRAFAS ENOS A 100 L | CHAVE_1: Sistema Elétrico | SUBCHAVE:  | TIPO_PARADA: P.EQ.LINHA | LINHA: LINHA005
2514,"ROLETES TORTO,CAUSANDO ERRO NA FORMAÇÃO DAS CAMADAS",ROLETES TORTO CAUSANDO ERRO NA FORMACAO DAS CAMADAS,FALHA DE ROLETES,FALHA DE ROLETES,EXACT_SAFE,1,1,899.0,1.0,2026-04-30,2,LINHA005,P.EQ.LINHA,55568,"CC PET RET 2L (9) 7,99 PROMO L05",PALETIZADORA ROBOKOMBI SID LI0,Rolo de transferencia danifica,Sistema motriz,2.36,"OBSERVACAO: ROLETES TORTO,CAUSANDO ERRO NA FORMAÇÃO DAS CAMADAS | EQUIPAMENTO: PALETIZADORA ROBOKOMBI SID LI0 | CHAVE_1: Sistema motriz | SUBCHAVE: Rolo de transferencia danifica | TIPO_PARADA: P.EQ.LINHA | LINHA: LINHA005"
2515,FALHA NA DESCAPSULAGEM DAS GARRAFAS( FOI COLOCADO UM PARAFUSO NA PINÇA QUE ESTAVA FALTANDO 30008605426 ),FALHA NA DESCAPSULAGEM DAS GARRAFAS FOI COLOCADO UM PARAFUSO NA PINCA QUE ESTAVA FALTANDO 30008605426,FALHA DE DESCAPSULAMENTO,FALHA DE DESCAPSULAMENTO,EXACT_SAFE,1,1,900.0,1.0,2026-04-30,2,LINHA005,P.EQ.LINHA,55568,"CC PET RET 2L (9) 7,99 PROMO L05",DESCAPSULADOR 16 HEADS ACY LI0,,Sistema de destampamento,5.0,OBSERVACAO: FALHA NA DESCAPSULAGEM DAS GARRAFAS( FOI COLOCADO UM PARAFUSO NA PINÇA QUE ESTAVA FALTANDO 30008605426 ) | EQUIPAMENTO: DESCAPSULADOR 16 HEADS ACY LI0 | CHAVE_1: Sistema de destampamento | SUBCHAVE:  | TIPO_PARADA: P.EQ.LINHA | LINHA: LINHA005
2516,TRAVAMENTO POR FALTA DE GRAXA,TRAVAMENTO POR FALTA DE GRAXA,FALHA DE LUBRIFICAÇÃO,FALHA DE LUBRIFICACAO,EXACT_SAFE,1,1,901.0,1.0,2026-04-30,3,LINHA005,P.EQ.LINHA,55568,"CC PET RET 2L (9) 7,99 L05",ENOS MASS SPEC,,Estrutura,8.0,OBSERVACAO: TRAVAMENTO POR FALTA DE GRAXA | EQUIPAMENTO: ENOS MASS SPEC | CHAVE_1: Estrutura | SUBCHAVE:  | TIPO_PARADA: P.EQ.LINHA | LINHA: LINHA005
2528,FALHA SENSOR DE SEGURANÇA DA PORTA DA ENCAIXOTADORA,FALHA SENSOR DE SEGURANCA DA PORTA DA ENCAIXOTADORA,FALHA DE SENSOR,FALHA DE SENSOR,EXACT_SAFE,1,1,902.0,1.0,2026-04-30,1,LINHA005,P.EQ.LINHA,55568,"CC PET RET 2L (9) 7,99 PROMO L05",ENCAIXOTADORA SID LI05,,Sistema de segurança,12.36,OBSERVACAO: FALHA SENSOR DE SEGURANÇA DA PORTA DA ENCAIXOTADORA | EQUIPAMENTO: ENCAIXOTADORA SID LI05 | CHAVE_1: Sistema de segurança | SUBCHAVE:  | TIPO_PARADA: P.EQ.LINHA | LINHA: LINHA005
2529,FALHA SENSOR DE SEGURANÇA DA PORTA ENCAIXOTADORA ORDEM: 30008604993,FALHA SENSOR DE SEGURANCA DA PORTA ENCAIXOTADORA ORDEM 30008604993,FALHA DE SENSOR,FALHA DE SENSOR,EXACT_SAFE,1,1,903.0,1.0,2026-04-30,1,LINHA005,P.EQ.LINHA,55568,"CC PET RET 2L (9) 7,99 PROMO L05",ENCAIXOTADORA SID LI05,,Sistema de segurança,7.42,OBSERVACAO: FALHA SENSOR DE SEGURANÇA DA PORTA ENCAIXOTADORA ORDEM: 30008604993 | EQUIPAMENTO: ENCAIXOTADORA SID LI05 | CHAVE_1: Sistema de segurança | SUBCHAVE:  | TIPO_PARADA: P.EQ.LINHA | LINHA: LINHA005
2530,FALHA TROCA DE BANDEJA DO AGREGADO 1 ORDEM: 30008604995,FALHA TROCA DE BANDEJA DO AGREGADO 1 ORDEM 30008604995,FALHA NA TROCA DE BANDEJA,FALHA NA TROCA DE BANDEJA,EXACT_SAFE,2,1,904.0,1.0,2026-04-30,1,LINHA005,P.EQ.LINHA,55568,"CC PET RET 2L (9) 7,99 PROMO L05",ROTULADORA MODULAR KRONES LI05,,Sistema Elétrico,8.0,OBSERVACAO: FALHA TROCA DE BANDEJA DO AGREGADO 1 ORDEM: 30008604995 | EQUIPAMENTO: ROTULADORA MODULAR KRONES LI05 | CHAVE_1: Sistema Elétrico | SUBCHAVE:  | TIPO_PARADA: P.EQ.LINHA | LINHA: LINHA005
2533,FALHA NO PRESSOSTATO,FALHA NO PRESSOSTATO,FALHA DE PRESSOSTATO,FALHA DE PRESSOSTATO,EXACT_SAFE,1,1,906.0,1.0,2026-05-02,3,LINHA004,P.EQ.LINHA,55404,CC LT 350ML FL (12) LT881 FL401 L04,DESPALETIZADORA SID LI04,,Sistema Pneumático,9.31,OBSERVACAO: FALHA NO PRESSOSTATO | EQUIPAMENTO: DESPALETIZADORA SID LI04 | CHAVE_1: Sistema Pneumático | SUBCHAVE:  | TIPO_PARADA: P.EQ.LINHA | LINHA: LINHA004
2535,FALHA NA BARREIRA DE SEGURANÇA,FALHA NA BARREIRA DE SEGURANCA,FALHA DE BARREIRA,FALHA DE BARREIRA,EXACT_SAFE,1,1,908.0,1.0,2026-05-02,2,LINHA004,P.EQ.LINHA,55404,CC LT 350ML FL (12) LT881 FL401 L04,DESPALETIZADORA SID LI04,,Sistema de segurança,7.82,OBSERVACAO: FALHA NA BARREIRA DE SEGURANÇA | EQUIPAMENTO: DESPALETIZADORA SID LI04 | CHAVE_1: Sistema de segurança | SUBCHAVE:  | TIPO_PARADA: P.EQ.LINHA | LINHA: LINHA004
2543,CORREIA DA MESA DE ENVOLVIMENTO PATINANDO,CORREIA DA MESA DE ENVOLVIMENTO PATINANDO,FALHA DE CORREIA,FALHA DE CORREIA,EXACT_SAFE,1,1,909.0,1.0,2026-05-04,2,LINHA002,P.EQ.LINHA,56424,CCMA PET 2L FL (6) N.V 38G LOLA T2G L02,EMPACOTADORA 198/40 KIS LI02,,Sistema de Instrumentos e cont,7.0,OBSERVACAO: CORREIA DA MESA DE ENVOLVIMENTO PATINANDO | EQUIPAMENTO: EMPACOTADORA 198/40 KIS LI02 | CHAVE_1: Sistema de Instrumentos e cont | SUBCHAVE:  | TIPO_PARADA: P.EQ.LINHA | LINHA: LINHA002
2544,FALHA NA CODIFICADORA,FALHA NA CODIFICADORA,FALHA DE CODIFICAÇÃO,FALHA DE CODIFICACAO,EXACT_SAFE,1,1,910.0,1.0,2026-05-04,2,LINHA002,P.EQ.LINHA,56424,CCMA PET 2L FL (6) N.V 38G LOLA T2G L02,CODIFICADORA 3320 VID LI02,,Sistema de Instrumentos e cont,10.0,OBSERVACAO: FALHA NA CODIFICADORA | EQUIPAMENTO: CODIFICADORA 3320 VID LI02 | CHAVE_1: Sistema de Instrumentos e cont | SUBCHAVE:  | TIPO_PARADA: P.EQ.LINHA | LINHA: LINHA002
2545,"FALHA TRANSPORTE DA ROTULADORA, PERDEU PARAMETROS",FALHA TRANSPORTE DA ROTULADORA PERDEU PARAMETROS,FALHA DE ROTULAGEM,FALHA DE ROTULAGEM,EXACT_SAFE,1,1,911.0,1.0,2026-05-04,1,LINHA005,P.EQ.LINHA,55568,"CC PET RET 2L (9) 7,99 L05",ROTULADORA MODULAR KRONES LI05,,Sistema Elétrico,6.0,"OBSERVACAO: FALHA TRANSPORTE DA ROTULADORA, PERDEU PARAMETROS | EQUIPAMENTO: ROTULADORA MODULAR KRONES LI05 | CHAVE_1: Sistema Elétrico | SUBCHAVE:  | TIPO_PARADA: P.EQ.LINHA | LINHA: LINHA005"
2546,FALHA AO PUXAR PALETES,FALHA AO PUXAR PALETES,FALHA DE ALIMENTAÇÃO DE PALETES,FALHA DE ALIMENTACAO DE PALETES,EXACT_SAFE,1,1,912.0,1.0,2026-05-04,1,LINHA005,P.EQ.LINHA,55568,"CC PET RET 2L (9) 7,99 L05",DESPALETIZADOR SID LI05,,Sistema de instrumentos e cont,4.18,OBSERVACAO: FALHA AO PUXAR PALETES | EQUIPAMENTO: DESPALETIZADOR SID LI05 | CHAVE_1: Sistema de instrumentos e cont | SUBCHAVE:  | TIPO_PARADA: P.EQ.LINHA | LINHA: LINHA005
2548,FALHA NA RETIRADA DE TAMPA,FALHA NA RETIRADA DE TAMPA,FALHA DE DESCAPSULAMENTO,FALHA DE DESCAPSULAMENTO,EXACT_SAFE,1,1,916.0,1.0,2026-05-04,2,LINHA005,P.EQ.LINHA,55568,"CC PET RET 2L (9) 7,99 L05",DESCAPSULADOR 16 HEADS ACY LI0,,Sistema de destampamento,5.18,OBSERVACAO: FALHA NA RETIRADA DE TAMPA | EQUIPAMENTO: DESCAPSULADOR 16 HEADS ACY LI0 | CHAVE_1: Sistema de destampamento | SUBCHAVE:  | TIPO_PARADA: P.EQ.LINHA | LINHA: LINHA005
2549,VAZAMENTO DE SELO DA BOMBA DO TANQUE 2 PARADA PARA TROCA DO SELO.,VAZAMENTO DE SELO DA BOMBA DO TANQUE 2 PARADA PARA TROCA DO SELO,FALHA DE BOMBA,FALHA DE BOMBA,EXACT_SAFE,1,1,917.0,1.0,2026-05-04,2,LINHA005,P.EQ.LINHA,55568,"CC PET RET 2L (9) 7,99 L05",LAVADORA GARRAFA 22/470 ZIE,,SISTEMA SODA 22/470 ZIE 2008,15.53,OBSERVACAO: VAZAMENTO DE SELO DA BOMBA DO TANQUE 2 PARADA PARA TROCA DO SELO. | EQUIPAMENTO: LAVADORA GARRAFA 22/470 ZIE | CHAVE_1: SISTEMA SODA 22/470 ZIE 2008 | SUBCHAVE:  | TIPO_PARADA: P.EQ.LINHA | LINHA: LINHA005
2550,FALHA ELÉTRICA NA EXTRASSAO DE ROTULO CAUSANDO PARADA NO EQUIPAMENTO,FALHA ELETRICA NA EXTRASSAO DE ROTULO CAUSANDO PARADA NO EQUIPAMENTO,Excesso de garrafa com rotulo,EXCESSO DE GARRAFA COM ROTULO,EXACT_SAFE,1,1,918.0,1.0,2026-05-04,2,LINHA005,P.EQ.LINHA,55568,"CC PET RET 2L (9) 7,99 L05",LAVADORA GARRAFA 22/470 ZIE,,SISTEMA EXTRATOR RÓTULO 22/470,15.0,OBSERVACAO: FALHA ELÉTRICA NA EXTRASSAO DE ROTULO CAUSANDO PARADA NO EQUIPAMENTO | EQUIPAMENTO: LAVADORA GARRAFA 22/470 ZIE | CHAVE_1: SISTEMA EXTRATOR RÓTULO 22/470 | SUBCHAVE:  | TIPO_PARADA: P.EQ.LINHA | LINHA: LINHA005
2551,FALHA NA EXTRASSAO DE ROTULO DA LAVADORA CAUSANDO PARADAS NO EQUIPAMENTO,FALHA NA EXTRASSAO DE ROTULO DA LAVADORA CAUSANDO PARADAS NO EQUIPAMENTO,Excesso de garrafa com rotulo,EXCESSO DE GARRAFA COM ROTULO,EXACT_SAFE,1,1,919.0,1.0,2026-05-04,2,LINHA005,P.EQ.LINHA,55568,"CC PET RET 2L (9) 7,99 L05",LAVADORA GARRAFA 22/470 ZIE,,SISTEMA EXTRATOR RÓTULO 22/470,15.0,OBSERVACAO: FALHA NA EXTRASSAO DE ROTULO DA LAVADORA CAUSANDO PARADAS NO EQUIPAMENTO | EQUIPAMENTO: LAVADORA GARRAFA 22/470 ZIE | CHAVE_1: SISTEMA EXTRATOR RÓTULO 22/470 | SUBCHAVE:  | TIPO_PARADA: P.EQ.LINHA | LINHA: LINHA005
2561,FALHA BLOQUEIO NO VIRADOR DE CAIXAS ORDEM:30008618633,FALHA BLOQUEIO NO VIRADOR DE CAIXAS ORDEM 30008618633,FALHA NO VIRADOR DE CAIXAS,FALHA NO VIRADOR DE CAIXAS,EXACT_SAFE,1,1,920.0,1.0,2026-05-05,1,LINHA005,P.EQ.LINHA,55568,"CC PET RET 2L (9) 7,99 L05",TRANSP CXS CH DESPAL DESENCA,,Sistema de Segurança,7.94,OBSERVACAO: FALHA BLOQUEIO NO VIRADOR DE CAIXAS ORDEM:30008618633 | EQUIPAMENTO: TRANSP CXS CH DESPAL DESENCA | CHAVE_1: Sistema de Segurança | SUBCHAVE:  | TIPO_PARADA: P.EQ.LINHA | LINHA: LINHA005
2562,FALHA SISTEMA DE ARTICULAÇÃO DA VALVULA 13 ORDEM: 30008618657,FALHA SISTEMA DE ARTICULACAO DA VALVULA 13 ORDEM 30008618657,FALHA DE VÁLVULA,FALHA DE VALVULA,EXACT_SAFE,1,1,921.0,1.0,2026-05-05,1,LINHA005,P.EQ.LINHA,55568,"CC PET RET 2L (9) 7,99 L05",ENCHEDORA EUROSTAR SID LI05,,Sistema de enchimento,31.41,OBSERVACAO: FALHA SISTEMA DE ARTICULAÇÃO DA VALVULA 13 ORDEM: 30008618657 | EQUIPAMENTO: ENCHEDORA EUROSTAR SID LI05 | CHAVE_1: Sistema de enchimento | SUBCHAVE:  | TIPO_PARADA: P.EQ.LINHA | LINHA: LINHA005
2564,FALHA NO CORTE DO FILME,FALHA NO CORTE DO FILME,FALHA DE CORTE DE FILME,FALHA DE CORTE DE FILME,EXACT_SAFE,1,1,1587.0,1.0,2026-09-07,2,LINHA003,P.EQ.LINHA,56424,CCMA PET 2L FL (6) N.V 38G LOLA T2G L03,EMPACOTADORA VARIOPAC KRO LI03,,Sistema de Instrumentos e cont,57.0,OBSERVACAO: FALHA NO CORTE DO FILME | EQUIPAMENTO: EMPACOTADORA VARIOPAC KRO LI03 | CHAVE_1: Sistema de Instrumentos e cont | SUBCHAVE:  | TIPO_PARADA: P.EQ.LINHA | LINHA: LINHA003
2586,FALHA DOS SENSORES DE SEGURANÇA DAS PORTAS E MOTOR DA MESA DE CARGA,FALHA DOS SENSORES DE SEGURANCA DAS PORTAS E MOTOR DA MESA DE CARGA,FALHA DE MOTOR,FALHA DE MOTOR,EXACT_SAFE,1,1,922.0,1.0,2026-05-06,2,LINHA004,P.EQ.LINHA,55404,CC LT 350ML FL (12) LT172 FL401 L04,PALETIZADORA ROBOKOMBI SID LI0,,Sistema de instrumentos e cont,19.01,OBSERVACAO: FALHA DOS SENSORES DE SEGURANÇA DAS PORTAS E MOTOR DA MESA DE CARGA | EQUIPAMENTO: PALETIZADORA ROBOKOMBI SID LI0 | CHAVE_1: Sistema de instrumentos e cont | SUBCHAVE:  | TIPO_PARADA: P.EQ.LINHA | LINHA: LINHA004
2587,FALHA DOS SENSORES DE SEGURANÇA DAS PORTAS E MOTOR DA MESA DE CARGA (30008623012),FALHA DOS SENSORES DE SEGURANCA DAS PORTAS E MOTOR DA MESA DE CARGA 30008623012,FALHA DE MOTOR,FALHA DE MOTOR,EXACT_SAFE,1,1,923.0,1.0,2026-05-06,2,LINHA004,P.EQ.LINHA,55404,CC LT 350ML FL (12) LT172 FL401 L04,PALETIZADORA ROBOKOMBI SID LI0,,Sistema de instrumentos e cont,40.99,OBSERVACAO: FALHA DOS SENSORES DE SEGURANÇA DAS PORTAS E MOTOR DA MESA DE CARGA (30008623012) | EQUIPAMENTO: PALETIZADORA ROBOKOMBI SID LI0 | CHAVE_1: Sistema de instrumentos e cont | SUBCHAVE:  | TIPO_PARADA: P.EQ.LINHA | LINHA: LINHA004
2588,FALHA NO SENSOR DO CABEÇOTE DO ROBO DE CARTÃO (CABO ESTAVA ROMPIDO) 30008623021,FALHA NO SENSOR DO CABECOTE DO ROBO DE CARTAO CABO ESTAVA ROMPIDO 30008623021,FALHA DE SENSOR,FALHA DE SENSOR,EXACT_SAFE,1,1,924.0,1.0,2026-05-06,2,LINHA004,P.EQ.LINHA,55404,CC LT 350ML FL (12) LT172 FL401 L04,PALETIZADORA ROBOKOMBI SID LI0,,Sistema de instrumentos e cont,30.0,OBSERVACAO: FALHA NO SENSOR DO CABEÇOTE DO ROBO DE CARTÃO (CABO ESTAVA ROMPIDO) 30008623021 | EQUIPAMENTO: PALETIZADORA ROBOKOMBI SID LI0 | CHAVE_1: Sistema de instrumentos e cont | SUBCHAVE:  | TIPO_PARADA: P.EQ.LINHA | LINHA: LINHA004
2589,TROCA DO ROLAMENTO DA ESTAÇÃO N°6 (0008623023),TROCA DO ROLAMENTO DA ESTACAO N 6 0008623023,FALHA DE ROLAMENTO,FALHA DE ROLAMENTO,EXACT_SAFE,1,1,925.0,1.0,2026-05-06,2,LINHA004,P.EQ.LINHA,55404,CC LT 350ML FL (12) LT172 FL401 L04,RECRAVADORA 708 G FRR LI04,Qualidade de peças,Estrutura,30.0,OBSERVACAO: TROCA DO ROLAMENTO DA ESTAÇÃO N°6 (0008623023) | EQUIPAMENTO: RECRAVADORA 708 G FRR LI04 | CHAVE_1: Estrutura | SUBCHAVE: Qualidade de peças | TIPO_PARADA: P.EQ.LINHA | LINHA: LINHA004
2591,TERMICO DESARMADO,TERMICO DESARMADO,DESARME TÉRMICO,DESARME TERMICO,EXACT_SAFE,1,1,928.0,1.0,2026-05-06,2,LINHA005,P.EQ.LINHA,56326,"CCZR PET RET 2L (9) 7,99 L05",DESPALETIZADOR SID LI05,,Sistema elétrico,3.36,OBSERVACAO: TERMICO DESARMADO | EQUIPAMENTO: DESPALETIZADOR SID LI05 | CHAVE_1: Sistema elétrico | SUBCHAVE:  | TIPO_PARADA: P.EQ.LINHA | LINHA: LINHA005
2592,PERDA DE SONCRONISMO NA MESA DE SEGMENTO,PERDA DE SONCRONISMO NA MESA DE SEGMENTO,FALHA DE SEGMENTOS,FALHA DE SEGMENTOS,EXACT_SAFE,2,1,929.0,1.0,2026-05-06,2,LINHA005,P.EQ.LINHA,56326,"CCZR PET RET 2L (9) 7,99 L05",INSPETOR GARRAFAS ENOS A 100 L,,Sistema Elétrico,12.36,OBSERVACAO: PERDA DE SONCRONISMO NA MESA DE SEGMENTO | EQUIPAMENTO: INSPETOR GARRAFAS ENOS A 100 L | CHAVE_1: Sistema Elétrico | SUBCHAVE:  | TIPO_PARADA: P.EQ.LINHA | LINHA: LINHA005
2593,FALHA NO SISTEMA LINEAR ENOS EBS,FALHA NO SISTEMA LINEAR ENOS EBS,FALHA DE AUTOMAÇÃO,FALHA DE AUTOMACAO,EXACT_SAFE,1,1,931.0,1.0,2026-05-06,2,LINHA005,P.EQ.LINHA,56326,"CCZR PET RET 2L (9) 7,99 L05",INSPETOR GARRAFAS ENOS A 100 L,,Sistema Rejeitor,10.77,OBSERVACAO: FALHA NO SISTEMA LINEAR ENOS EBS | EQUIPAMENTO: INSPETOR GARRAFAS ENOS A 100 L | CHAVE_1: Sistema Rejeitor | SUBCHAVE:  | TIPO_PARADA: P.EQ.LINHA | LINHA: LINHA005
2594,FALHA NA ALTO CALIBRAÇÃO GAZ REDOX BAIXO ORDEM 30008623010,FALHA NA ALTO CALIBRACAO GAZ REDOX BAIXO ORDEM 30008623010,FALHA DE CONTROLE DE PROCESSO,FALHA DE CONTROLE DE PROCESSO,EXACT_SAFE,1,1,932.0,1.0,2026-05-06,2,LINHA005,P.EQ.LINHA,56326,"CCZR PET RET 2L (9) 7,99 L05",INSPETOR GARRAFAS ENOS A 100 L,,Sistema de Instrumentos e Cont,10.35,OBSERVACAO: FALHA NA ALTO CALIBRAÇÃO GAZ REDOX BAIXO ORDEM 30008623010 | EQUIPAMENTO: INSPETOR GARRAFAS ENOS A 100 L | CHAVE_1: Sistema de Instrumentos e Cont | SUBCHAVE:  | TIPO_PARADA: P.EQ.LINHA | LINHA: LINHA005
2595,"DOSADOR COM PROBLEMAS ,CONGELANDO ASTE DE DOSAGEM",DOSADOR COM PROBLEMAS CONGELANDO ASTE DE DOSAGEM,FALHA DE DOSAGEM,FALHA DE DOSAGEM,EXACT_SAFE,1,1,933.0,1.0,2026-05-06,2,LINHA006,P.EQ.LINHA,118615,ICE TEA LIM PET 450ML FL (6) TP005 L06,DOSADOR DE NITROGENIO,,,60.0,"OBSERVACAO: DOSADOR COM PROBLEMAS ,CONGELANDO ASTE DE DOSAGEM | EQUIPAMENTO: DOSADOR DE NITROGENIO | CHAVE_1:  | SUBCHAVE:  | TIPO_PARADA: P.EQ.LINHA | LINHA: LINHA006"
2618,DESARMOU O TRANSPORTE NA SAIDA DA ROTULADORA,DESARMOU O TRANSPORTE NA SAIDA DA ROTULADORA,DESARME DE TRANSPORTE,DESARME DE TRANSPORTE,EXACT_SAFE,1,1,935.0,1.0,2026-05-07,1,LINHA005,P.EQ.LINHA,55568,"CC PET RET 2L (9) 7,99 L05",TRPTE GRFS CH ROTULAD ENCAIXOT,,Sistema Elétrico,6.36,OBSERVACAO: DESARMOU O TRANSPORTE NA SAIDA DA ROTULADORA | EQUIPAMENTO: TRPTE GRFS CH ROTULAD ENCAIXOT | CHAVE_1: Sistema Elétrico | SUBCHAVE:  | TIPO_PARADA: P.EQ.LINHA | LINHA: LINHA005
2619,PARAFUSO QUE SEGURA ESTRELA DE ENTRADA ESCAPOU,PARAFUSO QUE SEGURA ESTRELA DE ENTRADA ESCAPOU,FALHA DE FIXAÇÃO,FALHA DE FIXACAO,EXACT_SAFE,1,1,936.0,1.0,2026-05-07,3,LINHA005,P.EQ.LINHA,55568,"CC PET RET 2L (9) 7,99 L05",ENCHEDORA EUROSTAR SID LI05,,Sistema de instrumentos e cont,7.0,OBSERVACAO: PARAFUSO QUE SEGURA ESTRELA DE ENTRADA ESCAPOU | EQUIPAMENTO: ENCHEDORA EUROSTAR SID LI05 | CHAVE_1: Sistema de instrumentos e cont | SUBCHAVE:  | TIPO_PARADA: P.EQ.LINHA | LINHA: LINHA005
2620,"PERFIL DE NYLON SE SOLTOU E ENROSCOU ENTRE A ESTEIRA E A ENGRENAGEM, OCASIONA NDO O TRAVAMENTO DA MESMA ORDEM: 30008629108",PERFIL DE NYLON SE SOLTOU E ENROSCOU ENTRE A ESTEIRA E A ENGRENAGEM OCASIONA NDO O TRAVAMENTO DA MESMA ORDEM 30008629108,TRAVAMENTO DE ENGRENAGEM,TRAVAMENTO DE ENGRENAGEM,EXACT_SAFE,1,1,937.0,1.0,2026-05-07,3,LINHA005,P.EQ.LINHA,55568,"CC PET RET 2L (9) 7,99 L05",TRANSP CXS GRFS CH PAL,,Sistema de instrumentos e cont,25.41,"OBSERVACAO: PERFIL DE NYLON SE SOLTOU E ENROSCOU ENTRE A ESTEIRA E A ENGRENAGEM, OCASIONA NDO O TRAVAMENTO DA MESMA ORDEM: 30008629108 | EQUIPAMENTO: TRANSP CXS GRFS CH PAL | CHAVE_1: Sistema de instrumentos e cont | SUBCHAVE:  | TIPO_PARADA: P.EQ.LINHA | LINHA: LINHA005"
2636,"CONECTOR DE AR TANQUE 2, DANIFICADO",CONECTOR DE AR TANQUE 2 DANIFICADO,FALHA DE CONEXÃO PNEUMÁTICA,FALHA DE CONEXAO PNEUMATICA,EXACT_SAFE,1,1,938.0,1.0,2026-05-08,3,LINHA005,P.EQ.LINHA,55568,"CC PET RET 2L (9) 7,99 L05",LAVADORA GARRAFA 22/470 ZIE,,SISTEMA PNEUMÁTICO 22/470 ZIE,15.0,"OBSERVACAO: CONECTOR DE AR TANQUE 2, DANIFICADO | EQUIPAMENTO: LAVADORA GARRAFA 22/470 ZIE | CHAVE_1: SISTEMA PNEUMÁTICO 22/470 ZIE | SUBCHAVE:  | TIPO_PARADA: P.EQ.LINHA | LINHA: LINHA005"
2639,FALHA NA CODIFICAÇÃO,FALHA NA CODIFICACAO,FALHA DE CODIFICAÇÃO,FALHA DE CODIFICACAO,EXACT_SAFE,1,1,520.0,1.0,2026-03-06,1,LINHA001,P.EQ.LINHA,55609,"CC LS 1L (12) N.V 4,99 ROL412 L01",DATADORA MARKEM IMAJE 9450S,,,6.0,OBSERVACAO: FALHA NA CODIFICAÇÃO | EQUIPAMENTO: DATADORA MARKEM IMAJE 9450S | CHAVE_1:  | SUBCHAVE:  | TIPO_PARADA: P.EQ.LINHA | LINHA: LINHA001
2646,TERMICO DESARMADO,TERMICO DESARMADO,DESARME TÉRMICO,DESARME TERMICO,EXACT_SAFE,1,1,928.0,1.0,2026-05-06,2,LINHA005,P.EQ.LINHA,56326,"CCZR PET RET 2L (9) 7,99 L05",DESPALETIZADOR SID LI05,,Sistema elétrico,3.36,OBSERVACAO: TERMICO DESARMADO | EQUIPAMENTO: DESPALETIZADOR SID LI05 | CHAVE_1: Sistema elétrico | SUBCHAVE:  | TIPO_PARADA: P.EQ.LINHA | LINHA: LINHA005
2650,ESTEIRA QUEBRADA,ESTEIRA QUEBRADA,QUEBRA DE ESTEIRA,QUEBRA DE ESTEIRA,EXACT_SAFE,2,1,274.0,1.0,2026-01-28,2,LINHA002,P.EQ.LINHA,56424,CCMA PET 2L FL (6) N.V 38G LOLA T2G L02,TRANSP PCTS EMPAC PAL TRECHO 2,Cadeia de transmissão danifica,Sistema Motriz,22.0,OBSERVACAO: ESTEIRA QUEBRADA | EQUIPAMENTO: TRANSP PCTS EMPAC PAL TRECHO 2 | CHAVE_1: Sistema Motriz | SUBCHAVE: Cadeia de transmissão danifica | TIPO_PARADA: P.EQ.LINHA | LINHA: LINHA002
2660,FALHA TROCA DE BANDEJA DO AGREGADO 2,FALHA TROCA DE BANDEJA DO AGREGADO 2,FALHA NA TROCA DE BANDEJA,FALHA NA TROCA DE BANDEJA,EXACT_SAFE,2,1,1468.0,1.0,2026-08-11,1,LINHA005,P.EQ.LINHA,55568,"CC PET RET 2L (9) 7,99 L05",ROTULADORA MODULAR KRONES LI05,,Sistema de Instrumentos e cont,5.53,OBSERVACAO: FALHA TROCA DE BANDEJA DO AGREGADO 2 | EQUIPAMENTO: ROTULADORA MODULAR KRONES LI05 | CHAVE_1: Sistema de Instrumentos e cont | SUBCHAVE:  | TIPO_PARADA: P.EQ.LINHA | LINHA: LINHA005
2664,EXCESSO DE REJEITO NO INSPETOR ELETRONICO SALA DE ENVASE.,EXCESSO DE REJEITO NO INSPETOR ELETRONICO SALA DE ENVASE,FALHA DE REJEIÇÃO,FALHA DE REJEICAO,EXACT_SAFE,1,1,939.0,1.0,2026-05-11,3,LINHA001,P.EQ.LINHA,55609,"CC LS 1L (12) N.V 4,99 ROL412 L01",INSPETOR DE GARRAFAS VAZIAS HE,,,17.33,OBSERVACAO: EXCESSO DE REJEITO NO INSPETOR ELETRONICO SALA DE ENVASE. | EQUIPAMENTO: INSPETOR DE GARRAFAS VAZIAS HE | CHAVE_1:  | SUBCHAVE:  | TIPO_PARADA: P.EQ.LINHA | LINHA: LINHA001
2676,"DESENCA ATUAÇÃO KHS. TROCA DE TULIPAS, QUEDA DE GARRAFAS DAS TULIPAS, ENTRANDO CAIXA A MAIS.",DESENCA ATUACAO KHS TROCA DE TULIPAS QUEDA DE GARRAFAS DAS TULIPAS ENTRANDO CAIXA A MAIS,QUEDA DE GARRAFAS,QUEDA DE GARRAFAS,EXACT_SAFE,1,1,940.0,1.0,2026-05-12,2,LINHA001,P.EQ.LINHA,55957,CC KS ULTRA 290ML (24) N.V ROL372 L01,DESENCAIX VAN 1351441 H K LI01,,Sistema de instrumentos e cont,60.0,"OBSERVACAO: DESENCA ATUAÇÃO KHS. TROCA DE TULIPAS, QUEDA DE GARRAFAS DAS TULIPAS, ENTRANDO CAIXA A MAIS. | EQUIPAMENTO: DESENCAIX VAN 1351441 H K LI01 | CHAVE_1: Sistema de instrumentos e cont | SUBCHAVE:  | TIPO_PARADA: P.EQ.LINHA | LINHA: LINHA001"
2677,FALHA MOTOR TAG-151 E TAG-154 NA SAIDA DA DESENCAIXOTADORA,FALHA MOTOR TAG 151 E TAG 154 NA SAIDA DA DESENCAIXOTADORA,FALHA DE MOTOR,FALHA DE MOTOR,EXACT_SAFE,1,1,941.0,1.0,2026-05-12,1,LINHA005,P.EQ.LINHA,55568,"CC PET RET 2L (9) 7,99 L05",DESENCAIXOTADORA SID LI05,,Sistema elétrico,15.0,OBSERVACAO: FALHA MOTOR TAG-151 E TAG-154 NA SAIDA DA DESENCAIXOTADORA | EQUIPAMENTO: DESENCAIXOTADORA SID LI05 | CHAVE_1: Sistema elétrico | SUBCHAVE:  | TIPO_PARADA: P.EQ.LINHA | LINHA: LINHA005
2678,FALHA MOTOR TAG-225 NO ALINHADOR DA ENCHEDORA,FALHA MOTOR TAG 225 NO ALINHADOR DA ENCHEDORA,FALHA DE MOTOR,FALHA DE MOTOR,EXACT_SAFE,1,1,942.0,1.0,2026-05-12,1,LINHA005,P.EQ.LINHA,55568,"CC PET RET 2L (9) 7,99 L05",TRANSP GRFS VZ LINATRONIC ENCH,,Sistema Elétrico,13.24,OBSERVACAO: FALHA MOTOR TAG-225 NO ALINHADOR DA ENCHEDORA | EQUIPAMENTO: TRANSP GRFS VZ LINATRONIC ENCH | CHAVE_1: Sistema Elétrico | SUBCHAVE:  | TIPO_PARADA: P.EQ.LINHA | LINHA: LINHA005
2679,"FALHA TRANSPORTE MOTOR TAG 225 E MOTOR TAG 217, TRANSPORTES NO PULMAO DA ENCHEDORA E RETORNO PARADO",FALHA TRANSPORTE MOTOR TAG 225 E MOTOR TAG 217 TRANSPORTES NO PULMAO DA ENCHEDORA E RETORNO PARADO,FALHA DE MOTOR,FALHA DE MOTOR,EXACT_SAFE,1,1,943.0,1.0,2026-05-12,1,LINHA005,P.EQ.LINHA,55568,"CC PET RET 2L (9) 7,99 L05",TRANSP GRFS VZ LAV GRFS LINATR,,Sistema Elétrico,20.0,"OBSERVACAO: FALHA TRANSPORTE MOTOR TAG 225 E MOTOR TAG 217, TRANSPORTES NO PULMAO DA ENCHEDORA E RETORNO PARADO | EQUIPAMENTO: TRANSP GRFS VZ LAV GRFS LINATR | CHAVE_1: Sistema Elétrico | SUBCHAVE:  | TIPO_PARADA: P.EQ.LINHA | LINHA: LINHA005"
2680,FALHA MOTOR TRANSPORTE DE GARRAFAS PARA ALINHADOR DESCAPSULADOR,FALHA MOTOR TRANSPORTE DE GARRAFAS PARA ALINHADOR DESCAPSULADOR,FALHA DE MOTOR,FALHA DE MOTOR,EXACT_SAFE,1,1,944.0,1.0,2026-05-12,1,LINHA005,P.EQ.LINHA,55568,"CC PET RET 2L (9) 7,99 L05",TRANSP CXS VZ DESENCA LAV CXS,,Sistema Elétrico,18.71,OBSERVACAO: FALHA MOTOR TRANSPORTE DE GARRAFAS PARA ALINHADOR DESCAPSULADOR | EQUIPAMENTO: TRANSP CXS VZ DESENCA LAV CXS | CHAVE_1: Sistema Elétrico | SUBCHAVE:  | TIPO_PARADA: P.EQ.LINHA | LINHA: LINHA005
2681,FALHA TRANSPORTE LINATRONIC PARA ENCHEDORA E ALINHADOR ENCHEDORA,FALHA TRANSPORTE LINATRONIC PARA ENCHEDORA E ALINHADOR ENCHEDORA,FALHA DE TRANSPORTE,FALHA DE TRANSPORTE,EXACT_SAFE,1,1,945.0,1.0,2026-05-12,1,LINHA005,P.EQ.LINHA,55568,"CC PET RET 2L (9) 7,99 L05",TRANSP GRFS VZ LINATRONIC ENCH,,Sistema Elétrico,28.24,OBSERVACAO: FALHA TRANSPORTE LINATRONIC PARA ENCHEDORA E ALINHADOR ENCHEDORA | EQUIPAMENTO: TRANSP GRFS VZ LINATRONIC ENCH | CHAVE_1: Sistema Elétrico | SUBCHAVE:  | TIPO_PARADA: P.EQ.LINHA | LINHA: LINHA005
2682,"FALHA SENSOR NO DESCAPSULADOR, OCASIONANDO FALSO REJEITO NA SAIDA",FALHA SENSOR NO DESCAPSULADOR OCASIONANDO FALSO REJEITO NA SAIDA,FALHA DE SENSOR,FALHA DE SENSOR,EXACT_SAFE,1,1,946.0,1.0,2026-05-12,2,LINHA005,P.EQ.LINHA,55568,"CC PET RET 2L (9) 7,99 L05",DESCAPSULADOR 16 HEADS ACY LI0,,Sistema Elétrico,12.0,"OBSERVACAO: FALHA SENSOR NO DESCAPSULADOR, OCASIONANDO FALSO REJEITO NA SAIDA | EQUIPAMENTO: DESCAPSULADOR 16 HEADS ACY LI0 | CHAVE_1: Sistema Elétrico | SUBCHAVE:  | TIPO_PARADA: P.EQ.LINHA | LINHA: LINHA005"
2683,FALHA TRANSPORTE NA SAIDA DO LINATRONIC,FALHA TRANSPORTE NA SAIDA DO LINATRONIC,FALHA DE TRANSPORTE,FALHA DE TRANSPORTE,EXACT_SAFE,1,1,947.0,1.0,2026-05-12,2,LINHA005,P.EQ.LINHA,55568,"CC PET RET 2L (9) 7,99 L05",TRANSP GRFS VZ LINATRONIC ENCH,,Sistema Elétrico,7.06,OBSERVACAO: FALHA TRANSPORTE NA SAIDA DO LINATRONIC | EQUIPAMENTO: TRANSP GRFS VZ LINATRONIC ENCH | CHAVE_1: Sistema Elétrico | SUBCHAVE:  | TIPO_PARADA: P.EQ.LINHA | LINHA: LINHA005
2685,"PROBLEMA NO ROLAMENTO DA ESTEIRA DE SAIDA , CAUSANDO FALHA NO INSPETOR CHECKMATE",PROBLEMA NO ROLAMENTO DA ESTEIRA DE SAIDA CAUSANDO FALHA NO INSPETOR CHECKMATE,FALHA DE ROLAMENTO,FALHA DE ROLAMENTO,EXACT_SAFE,1,1,948.0,1.0,2026-05-12,2,LINHA006,P.EQ.LINHA,56298,CC PET 200ML FI (12) NV 14G LOLA T2G L06,INSPETOR CHECKMAT KRONES L06,,Sistema de rejeição,8.16,"OBSERVACAO: PROBLEMA NO ROLAMENTO DA ESTEIRA DE SAIDA , CAUSANDO FALHA NO INSPETOR CHECKMATE | EQUIPAMENTO: INSPETOR CHECKMAT KRONES L06 | CHAVE_1: Sistema de rejeição | SUBCHAVE:  | TIPO_PARADA: P.EQ.LINHA | LINHA: LINHA006"
2686,FALHA NO INSPETOR CHECKMATE CAUSANDO ECESSO DE REJEITO,FALHA NO INSPETOR CHECKMATE CAUSANDO ECESSO DE REJEITO,FALHA DE REJEIÇÃO,FALHA DE REJEICAO,EXACT_SAFE,1,1,949.0,1.0,2026-05-12,2,LINHA006,P.EQ.LINHA,56298,CC PET 200ML FI (12) NV 14G LOLA T2G L06,INSPETOR CHECKMAT KRONES L06,,Sistema de rejeição,2.4,OBSERVACAO: FALHA NO INSPETOR CHECKMATE CAUSANDO ECESSO DE REJEITO | EQUIPAMENTO: INSPETOR CHECKMAT KRONES L06 | CHAVE_1: Sistema de rejeição | SUBCHAVE:  | TIPO_PARADA: P.EQ.LINHA | LINHA: LINHA006
2712,LONA DA MESA DE ENVOLVIMENTO PATINANDO /NOTA Nº30008641893,LONA DA MESA DE ENVOLVIMENTO PATINANDO NOTA N 30008641893,PATINAGEM DE ESTEIRA,PATINAGEM DE ESTEIRA,EXACT_SAFE,1,1,950.0,1.0,2026-05-12,2,LINHA002,P.EQ.LINHA,55459,FT LAR PET 2L FL (6) 38G F840 FENIX L02,EMPACOTADORA 198/40 KIS LI02,,Sistema de Instrumentos e cont,28.0,OBSERVACAO: LONA DA MESA DE ENVOLVIMENTO PATINANDO /NOTA Nº30008641893 | EQUIPAMENTO: EMPACOTADORA 198/40 KIS LI02 | CHAVE_1: Sistema de Instrumentos e cont | SUBCHAVE:  | TIPO_PARADA: P.EQ.LINHA | LINHA: LINHA002
2713,FALHA DE ENCHIMENTO NA VALVULA 85 IMPOSSIBILITANDO A ENCHEDORA RODAR NONOMINAL,FALHA DE ENCHIMENTO NA VALVULA 85 IMPOSSIBILITANDO A ENCHEDORA RODAR NONOMINAL,FALHA DE VÁLVULA DE ENCHIMENTO,FALHA DE VALVULA DE ENCHIMENTO,EXACT_SAFE,2,1,951.0,1.0,2026-05-12,2,LINHA002,P.EQ.LINHA,55459,FT LAR PET 2L FL (6) 38G F840 FENIX L02,ENCHEDORA KHS LI02,,Sistema de enchimento,2.0,OBSERVACAO: FALHA DE ENCHIMENTO NA VALVULA 85 IMPOSSIBILITANDO A ENCHEDORA RODAR NONOMINAL | EQUIPAMENTO: ENCHEDORA KHS LI02 | CHAVE_1: Sistema de enchimento | SUBCHAVE:  | TIPO_PARADA: P.EQ.LINHA | LINHA: LINHA002
2714,"FALHA NO ENCHIMENTO DO TANQUE, GERADO FALHA DE PRESSURIZAÇÃO E NO BRIX DA BEBIDA",FALHA NO ENCHIMENTO DO TANQUE GERADO FALHA DE PRESSURIZACAO E NO BRIX DA BEBIDA,FALHA DE ENCHIMENTO,FALHA DE ENCHIMENTO,EXACT_SAFE,1,1,954.0,1.0,2026-05-13,2,LINHA004,P.EQ.LINHA,55404,CC LT 350ML FL (12) LT172 FL401 L04,PROPORCIONADOR STARBLEND SID L,Eletronível Falha,Circuito de bebida,6.65,"OBSERVACAO: FALHA NO ENCHIMENTO DO TANQUE, GERADO FALHA DE PRESSURIZAÇÃO E NO BRIX DA BEBIDA | EQUIPAMENTO: PROPORCIONADOR STARBLEND SID L | CHAVE_1: Circuito de bebida | SUBCHAVE: Eletronível Falha | TIPO_PARADA: P.EQ.LINHA | LINHA: LINHA004"
2715,ERRO DE SAÍDA DE PALLET,ERRO DE SAIDA DE PALLET,FALHA NA SAÍDA DE PALETES,FALHA NA SAIDA DE PALETES,EXACT_SAFE,1,1,956.0,1.0,2026-05-13,2,LINHA004,P.EQ.LINHA,55404,CC LT 350ML FL (12) LT172 FL401 L04,DESPALETIZADORA SID LI04,,Sistema elétrico,3.66,OBSERVACAO: ERRO DE SAÍDA DE PALLET | EQUIPAMENTO: DESPALETIZADORA SID LI04 | CHAVE_1: Sistema elétrico | SUBCHAVE:  | TIPO_PARADA: P.EQ.LINHA | LINHA: LINHA004
2716,FALHA DE PRESSURIZAÇÃO GERADA POR NÍVEL BAIXO DO TANQUE,FALHA DE PRESSURIZACAO GERADA POR NIVEL BAIXO DO TANQUE,FALHA DE ENCHIMENTO,FALHA DE ENCHIMENTO,EXACT_SAFE,1,1,957.0,1.0,2026-05-13,2,LINHA004,P.EQ.LINHA,55404,CC LT 350ML FL (12) LT172 FL401 L04,PROPORCIONADOR STARBLEND SID L,Eletronível Falha,Circuito de bebida,9.0,OBSERVACAO: FALHA DE PRESSURIZAÇÃO GERADA POR NÍVEL BAIXO DO TANQUE | EQUIPAMENTO: PROPORCIONADOR STARBLEND SID L | CHAVE_1: Circuito de bebida | SUBCHAVE: Eletronível Falha | TIPO_PARADA: P.EQ.LINHA | LINHA: LINHA004
2717,FALHA NOS INVERSORES TRANSPOTE DE PACOTE.,FALHA NOS INVERSORES TRANSPOTE DE PACOTE,FALHA DE INVERSOR,FALHA DE INVERSOR,EXACT_SAFE,3,1,953.0,1.0,2026-05-13,2,LINHA004,P.EQ.LINHA,55404,CC LT 350ML FL (12) LT172 FL401 L04,TRPTE LATAS CHEIAS SID LI04,,Sistema Elétrico,15.65,OBSERVACAO: FALHA NOS INVERSORES TRANSPOTE DE PACOTE. | EQUIPAMENTO: TRPTE LATAS CHEIAS SID LI04 | CHAVE_1: Sistema Elétrico | SUBCHAVE:  | TIPO_PARADA: P.EQ.LINHA | LINHA: LINHA004
2718,AMASSANDO LATAS NOTA 30008643816,AMASSANDO LATAS NOTA 30008643816,AMASSAMENTO DE LATAS,AMASSAMENTO DE LATAS,EXACT_SAFE,1,1,960.0,1.0,2026-05-13,2,LINHA004,P.EQ.LINHA,55404,CC LT 350ML FL (12) LT172 FL401 L04,RECRAVADORA 708 G FRR LI04,,Sistema de Instrumentos e cont,10.0,OBSERVACAO: AMASSANDO LATAS NOTA 30008643816 | EQUIPAMENTO: RECRAVADORA 708 G FRR LI04 | CHAVE_1: Sistema de Instrumentos e cont | SUBCHAVE:  | TIPO_PARADA: P.EQ.LINHA | LINHA: LINHA004
2719,TROCA DAS PLACAS DOS INVERSORES,TROCA DAS PLACAS DOS INVERSORES,FALHA DE INVERSOR,FALHA DE INVERSOR,EXACT_SAFE,2,1,959.0,1.0,2026-05-13,2,LINHA004,P.EQ.LINHA,55404,CC LT 350ML FL (12) LT172 FL401 L04,TRPTE LATAS CHEIAS SID LI04,,Sistema Elétrico,30.0,OBSERVACAO: TROCA DAS PLACAS DOS INVERSORES | EQUIPAMENTO: TRPTE LATAS CHEIAS SID LI04 | CHAVE_1: Sistema Elétrico | SUBCHAVE:  | TIPO_PARADA: P.EQ.LINHA | LINHA: LINHA004
2720,"FALHA DE PRESSURIZAÇÃO GERANDO FALHA NO NIVEL DE BEBIDA DE TANQUE, PARANDO ENC",FALHA DE PRESSURIZACAO GERANDO FALHA NO NIVEL DE BEBIDA DE TANQUE PARANDO ENC,FALHA DE PRESSÃO,FALHA DE PRESSAO,EXACT_SAFE,1,1,963.0,1.0,2026-05-13,2,LINHA004,P.EQ.LINHA,55404,CC LT 350ML FL (12) LT172 FL401 L04,PROPORCIONADOR STARBLEND SID L,Eletronível Falha,Circuito de bebida,6.14,"OBSERVACAO: FALHA DE PRESSURIZAÇÃO GERANDO FALHA NO NIVEL DE BEBIDA DE TANQUE, PARANDO ENC | EQUIPAMENTO: PROPORCIONADOR STARBLEND SID L | CHAVE_1: Circuito de bebida | SUBCHAVE: Eletronível Falha | TIPO_PARADA: P.EQ.LINHA | LINHA: LINHA004"
2721,TRANSPORTES PARADOS/ TROCA DE PLACA ELETRONICA,TRANSPORTES PARADOS TROCA DE PLACA ELETRONICA,FALHA DE AUTOMAÇÃO,FALHA DE AUTOMACAO,EXACT_SAFE,1,1,965.0,1.0,2026-05-13,1,LINHA005,P.EQ.LINHA,56326,"CCZR PET RET 2L (9) 7,99 L05",TRANSP GRFS VZ DESENCA SEP TRE,,Sistema Elétrico,60.0,OBSERVACAO: TRANSPORTES PARADOS/ TROCA DE PLACA ELETRONICA | EQUIPAMENTO: TRANSP GRFS VZ DESENCA SEP TRE | CHAVE_1: Sistema Elétrico | SUBCHAVE:  | TIPO_PARADA: P.EQ.LINHA | LINHA: LINHA005
2722,TRANSPORTES PARADOS / TROCA DE PALCAS ELETRONICAS,TRANSPORTES PARADOS TROCA DE PALCAS ELETRONICAS,FALHA DE AUTOMAÇÃO,FALHA DE AUTOMACAO,EXACT_SAFE,1,1,966.0,1.0,2026-05-13,1,LINHA005,P.EQ.LINHA,56326,"CCZR PET RET 2L (9) 7,99 L05",TRANSP GRFS VZ DESENCA DESCAP,,Sistema Elétrico,60.0,OBSERVACAO: TRANSPORTES PARADOS / TROCA DE PALCAS ELETRONICAS | EQUIPAMENTO: TRANSP GRFS VZ DESENCA DESCAP | CHAVE_1: Sistema Elétrico | SUBCHAVE:  | TIPO_PARADA: P.EQ.LINHA | LINHA: LINHA005
2723,FALHA DE COMUNICAÇÃO COM O TRANSPORTE- 30008643200,FALHA DE COMUNICACAO COM O TRANSPORTE 30008643200,FALHA DE COMUNICAÇÃO,FALHA DE COMUNICACAO,EXACT_SAFE,1,1,967.0,1.0,2026-05-13,1,LINHA005,P.EQ.LINHA,56326,"CCZR PET RET 2L (9) 7,99 L05",TRANSP GRFS VZ ALEXUS LAV GRFS,,Sistema Elétrico,6.94,OBSERVACAO: FALHA DE COMUNICAÇÃO COM O TRANSPORTE- 30008643200 | EQUIPAMENTO: TRANSP GRFS VZ ALEXUS LAV GRFS | CHAVE_1: Sistema Elétrico | SUBCHAVE:  | TIPO_PARADA: P.EQ.LINHA | LINHA: LINHA005
2724,CORREÇÃO INSPETOR DE NÍVEL CHECK MATE TIRANDO GARRAFAS BOAS,CORRECAO INSPETOR DE NIVEL CHECK MATE TIRANDO GARRAFAS BOAS,FALHA DE INSPEÇÃO,FALHA DE INSPECAO,EXACT_SAFE,1,1,968.0,1.0,2026-05-13,1,LINHA005,P.EQ.LINHA,56326,"CCZR PET RET 2L (9) 7,99 L05",ROTULADORA MODULAR KRONES LI05,,Sistema de Instrumentos e cont,7.0,OBSERVACAO: CORREÇÃO INSPETOR DE NÍVEL CHECK MATE TIRANDO GARRAFAS BOAS | EQUIPAMENTO: ROTULADORA MODULAR KRONES LI05 | CHAVE_1: Sistema de Instrumentos e cont | SUBCHAVE:  | TIPO_PARADA: P.EQ.LINHA | LINHA: LINHA005
2725,FALHA NA PEGADA DE GARRAFAS AUTOMATICA- 30008643195,FALHA NA PEGADA DE GARRAFAS AUTOMATICA 30008643195,FALHA DE PEGADOR,FALHA DE PEGADOR,EXACT_SAFE,1,1,969.0,1.0,2026-05-13,1,LINHA005,P.EQ.LINHA,56326,"CCZR PET RET 2L (9) 7,99 L05",ENCAIXOTADORA SID LI05,,Sistema de instrumentos e cont,9.36,OBSERVACAO: FALHA NA PEGADA DE GARRAFAS AUTOMATICA- 30008643195 | EQUIPAMENTO: ENCAIXOTADORA SID LI05 | CHAVE_1: Sistema de instrumentos e cont | SUBCHAVE:  | TIPO_PARADA: P.EQ.LINHA | LINHA: LINHA005
2726,"ANEL DE TRAVA NA GUIA DO CAPSULADOR SE SOLTOU, FOI NECESSARIO A TROCA DE ANEL E AJUSTE NO SINCRONISMO",ANEL DE TRAVA NA GUIA DO CAPSULADOR SE SOLTOU FOI NECESSARIO A TROCA DE ANEL E AJUSTE NO SINCRONISMO,FALHA DE FIXAÇÃO,FALHA DE FIXACAO,EXACT_SAFE,1,1,970.0,1.0,2026-05-13,2,LINHA005,P.EQ.LINHA,56326,"CCZR PET RET 2L (9) 7,99 L05",ENCHEDORA EUROSTAR SID LI05,,Sistema de instrumentos e cont,35.29,"OBSERVACAO: ANEL DE TRAVA NA GUIA DO CAPSULADOR SE SOLTOU, FOI NECESSARIO A TROCA DE ANEL E AJUSTE NO SINCRONISMO | EQUIPAMENTO: ENCHEDORA EUROSTAR SID LI05 | CHAVE_1: Sistema de instrumentos e cont | SUBCHAVE:  | TIPO_PARADA: P.EQ.LINHA | LINHA: LINHA005"
2728,"FALHA NA AUTOMAÇÃO,TROCA DAS PLACAS",FALHA NA AUTOMACAO TROCA DAS PLACAS,FALHA DE AUTOMAÇÃO,FALHA DE AUTOMACAO,EXACT_SAFE,1,1,975.0,1.0,2026-05-13,2,LINHA005,P.EQ.LINHA,56326,"CCZR PET RET 2L (9) 7,99 L05",TRANSP GRFS VZ DESENCA DESCAP,,Sistema Elétrico,34.59,"OBSERVACAO: FALHA NA AUTOMAÇÃO,TROCA DAS PLACAS | EQUIPAMENTO: TRANSP GRFS VZ DESENCA DESCAP | CHAVE_1: Sistema Elétrico | SUBCHAVE:  | TIPO_PARADA: P.EQ.LINHA | LINHA: LINHA005"
2729,EXCESSO DE FALSO REJEITO( REJEITANDO GARRAFAS BOAS ),EXCESSO DE FALSO REJEITO REJEITANDO GARRAFAS BOAS,FALHA DE REJEIÇÃO,FALHA DE REJEICAO,EXACT_SAFE,1,1,976.0,1.0,2026-05-13,2,LINHA005,P.EQ.LINHA,56326,"CCZR PET RET 2L (9) 7,99 L05",INSP NIVEL SPECTRUM HEU LI05,,Sistema Rejeitor,14.0,OBSERVACAO: EXCESSO DE FALSO REJEITO( REJEITANDO GARRAFAS BOAS ) | EQUIPAMENTO: INSP NIVEL SPECTRUM HEU LI05 | CHAVE_1: Sistema Rejeitor | SUBCHAVE:  | TIPO_PARADA: P.EQ.LINHA | LINHA: LINHA005
2730,FALHA NA AUTOMAÇÃO,FALHA NA AUTOMACAO,FALHA DE AUTOMAÇÃO,FALHA DE AUTOMACAO,EXACT_SAFE,4,1,971.0,1.0,2026-05-13,2,LINHA005,P.EQ.LINHA,56326,"CCZR PET RET 2L (9) 7,99 L05",TRANSP GRFS VZ DESENCA DESCAP,,Sistema Elétrico,10.35,OBSERVACAO: FALHA NA AUTOMAÇÃO | EQUIPAMENTO: TRANSP GRFS VZ DESENCA DESCAP | CHAVE_1: Sistema Elétrico | SUBCHAVE:  | TIPO_PARADA: P.EQ.LINHA | LINHA: LINHA005
2731,FALHA DE COMUNICAÇÃO NOS INVERSORES DO TRANSPORTE DO TRECHO,FALHA DE COMUNICACAO NOS INVERSORES DO TRANSPORTE DO TRECHO,FALHA DE COMUNICAÇÃO,FALHA DE COMUNICACAO,EXACT_SAFE,2,1,978.0,1.0,2026-05-13,2,LINHA005,P.EQ.LINHA,56326,"CCZR PET RET 2L (9) 7,99 L05",TRANSP GRFS VZ LAV GRFS LINATR,,Sistema Elétrico,44.12,OBSERVACAO: FALHA DE COMUNICAÇÃO NOS INVERSORES DO TRANSPORTE DO TRECHO | EQUIPAMENTO: TRANSP GRFS VZ LAV GRFS LINATR | CHAVE_1: Sistema Elétrico | SUBCHAVE:  | TIPO_PARADA: P.EQ.LINHA | LINHA: LINHA005
2749,FALHA NA RETIRADA DO QUADRO,FALHA NA RETIRADA DO QUADRO,FALHA NO MANUSEIO DE CARTÃO,FALHA NO MANUSEIO DE CARTAO,EXACT_SAFE,2,1,961.0,1.0,2026-05-13,2,LINHA004,P.EQ.LINHA,55404,CC LT 350ML FL (12) LT172 FL401 L04,DESPALETIZADORA SID LI04,,Sistema de instrumentos e cont,5.0,OBSERVACAO: FALHA NA RETIRADA DO QUADRO | EQUIPAMENTO: DESPALETIZADORA SID LI04 | CHAVE_1: Sistema de instrumentos e cont | SUBCHAVE:  | TIPO_PARADA: P.EQ.LINHA | LINHA: LINHA004
2752,TRAVAMENTO DE GARAFAS NO REJEITOR ENOS A100,TRAVAMENTO DE GARAFAS NO REJEITOR ENOS A100,FALHA DE REJEIÇÃO,FALHA DE REJEICAO,EXACT_SAFE,1,1,980.0,1.0,2026-05-14,1,LINHA005,P.EQ.LINHA,56326,"CCZR PET RET 2L (9) 7,99 L05",INSPETOR GARRAFAS ENOS A 100 L,,Sistema Rejeitor,5.0,OBSERVACAO: TRAVAMENTO DE GARAFAS NO REJEITOR ENOS A100 | EQUIPAMENTO: INSPETOR GARRAFAS ENOS A 100 L | CHAVE_1: Sistema Rejeitor | SUBCHAVE:  | TIPO_PARADA: P.EQ.LINHA | LINHA: LINHA005
2763,ESTEIRA QUEBRADA,ESTEIRA QUEBRADA,QUEBRA DE ESTEIRA,QUEBRA DE ESTEIRA,EXACT_SAFE,2,1,274.0,1.0,2026-01-28,2,LINHA002,P.EQ.LINHA,56424,CCMA PET 2L FL (6) N.V 38G LOLA T2G L02,TRANSP PCTS EMPAC PAL TRECHO 2,Cadeia de transmissão danifica,Sistema Motriz,22.0,OBSERVACAO: ESTEIRA QUEBRADA | EQUIPAMENTO: TRANSP PCTS EMPAC PAL TRECHO 2 | CHAVE_1: Sistema Motriz | SUBCHAVE: Cadeia de transmissão danifica | TIPO_PARADA: P.EQ.LINHA | LINHA: LINHA002
2774,TRAVAMENTO DE SEGMENTO,TRAVAMENTO DE SEGMENTO,TRAVAMENTO DE SEGMENTOS,TRAVAMENTO DE SEGMENTOS,EXACT_SAFE,1,1,172.0,1.0,2026-01-20,2,LINHA005,P.EQ.LINHA,55568,"CC PET RET 2L (9) 7,49 L05",INSPETOR GARRAFAS ENOS A 100 L,,Sistema Rejeitor,5.0,OBSERVACAO: TRAVAMENTO DE SEGMENTO | EQUIPAMENTO: INSPETOR GARRAFAS ENOS A 100 L | CHAVE_1: Sistema Rejeitor | SUBCHAVE:  | TIPO_PARADA: P.EQ.LINHA | LINHA: LINHA005
2783,AJUSTE DA ALTURA DA ESTAÇÃO N°6 (ORDEM - 30008647180 ),AJUSTE DA ALTURA DA ESTACAO N 6 ORDEM 30008647180,SEM MODO DE FALHA IDENTIFICADO,SEM MODO DE FALHA IDENTIFICADO,EXACT_SAFE,1,1,983.0,1.0,2026-05-15,1,LINHA004,P.EQ.LINHA,55404,CC LT 350ML FL (12) LT172 FL401 L04,RECRAVADORA 708 G FRR LI04,,SISTEMA PISTOES 708 G FER,16.48,OBSERVACAO: AJUSTE DA ALTURA DA ESTAÇÃO N°6 (ORDEM - 30008647180 ) | EQUIPAMENTO: RECRAVADORA 708 G FRR LI04 | CHAVE_1: SISTEMA PISTOES 708 G FER | SUBCHAVE:  | TIPO_PARADA: P.EQ.LINHA | LINHA: LINHA004
2786,"ENCHEDORA PERDENDO PRESSÃO GERANDO FALHA E EXCESSO DE NIVEL BAIXO EM VELOCIDADE NOMINAL, ORDEM : 30008646315",ENCHEDORA PERDENDO PRESSAO GERANDO FALHA E EXCESSO DE NIVEL BAIXO EM VELOCIDADE NOMINAL ORDEM 30008646315,FALHA DE ENCHIMENTO,FALHA DE ENCHIMENTO,EXACT_SAFE,4,1,981.0,1.0,2026-05-15,1,LINHA004,P.EQ.LINHA,55404,CC LT 350ML FL (12) LT172 FL401 L04,ENCHEDORA STARCANS FM E 91 LI0,Falta de Peças,Estrutura,6.38,"OBSERVACAO: ENCHEDORA PERDENDO PRESSÃO GERANDO FALHA E EXCESSO DE NIVEL BAIXO EM VELOCIDADE NOMINAL, ORDEM : 30008646315 | EQUIPAMENTO: ENCHEDORA STARCANS FM E 91 LI0 | CHAVE_1: Estrutura | SUBCHAVE: Falta de Peças | TIPO_PARADA: P.EQ.LINHA | LINHA: LINHA004"
2802,FALHA NA AUTOMAÇÃO,FALHA NA AUTOMACAO,FALHA DE AUTOMAÇÃO,FALHA DE AUTOMACAO,EXACT_SAFE,4,1,971.0,1.0,2026-05-13,2,LINHA005,P.EQ.LINHA,56326,"CCZR PET RET 2L (9) 7,99 L05",TRANSP GRFS VZ DESENCA DESCAP,,Sistema Elétrico,10.35,OBSERVACAO: FALHA NA AUTOMAÇÃO | EQUIPAMENTO: TRANSP GRFS VZ DESENCA DESCAP | CHAVE_1: Sistema Elétrico | SUBCHAVE:  | TIPO_PARADA: P.EQ.LINHA | LINHA: LINHA005
2813,QUEIMA DA BOMBA DE SODA DO TQ2.ORDEM..30008653993,QUEIMA DA BOMBA DE SODA DO TQ2 ORDEM 30008653993,FALHA DE BOMBA,FALHA DE BOMBA,EXACT_SAFE,1,1,988.0,1.0,2026-05-16,2,LINHA001,P.EQ.LINHA,55609,"CC LS 1L (12) N.V 4,99 ROL412 L01",LAVADORA GRFS DN1240105 H K LI,,Sistema Elétrico,52.0,OBSERVACAO: QUEIMA DA BOMBA DE SODA DO TQ2.ORDEM..30008653993 | EQUIPAMENTO: LAVADORA GRFS DN1240105 H K LI | CHAVE_1: Sistema Elétrico | SUBCHAVE:  | TIPO_PARADA: P.EQ.LINHA | LINHA: LINHA001
2814,SENSOR DO CENTRADOR DE CAMADAS SEM SINAL IMPEDINDO O CICLO DE FECHAMENTO,SENSOR DO CENTRADOR DE CAMADAS SEM SINAL IMPEDINDO O CICLO DE FECHAMENTO,FALHA DE SENSOR,FALHA DE SENSOR,EXACT_SAFE,1,1,989.0,1.0,2026-05-16,1,LINHA002,P.EQ.LINHA,56424,CCMA PET 2L FL (6) N.V 38G LOLA T2G L02,PALETIZADORA KOMBI SID LI02,,Sistema elétrico,16.0,OBSERVACAO: SENSOR DO CENTRADOR DE CAMADAS SEM SINAL IMPEDINDO O CICLO DE FECHAMENTO | EQUIPAMENTO: PALETIZADORA KOMBI SID LI02 | CHAVE_1: Sistema elétrico | SUBCHAVE:  | TIPO_PARADA: P.EQ.LINHA | LINHA: LINHA002
2816,ENTUPIMENTO NO RETORNO DE TAMPAS ORDEM: 30008653914,ENTUPIMENTO NO RETORNO DE TAMPAS ORDEM 30008653914,ENTUPIMENTO NO TRANSPORTE DE TAMPAS,ENTUPIMENTO NO TRANSPORTE DE TAMPAS,EXACT_SAFE,1,1,991.0,1.0,2026-05-16,1,LINHA005,P.EQ.LINHA,55568,"CC PET RET 2L (9) 7,99 L05",CAPSULADORA EURO PK15 ACY LI05,,Sistema de Tampamento,12.36,OBSERVACAO: ENTUPIMENTO NO RETORNO DE TAMPAS ORDEM: 30008653914 | EQUIPAMENTO: CAPSULADORA EURO PK15 ACY LI05 | CHAVE_1: Sistema de Tampamento | SUBCHAVE:  | TIPO_PARADA: P.EQ.LINHA | LINHA: LINHA005
2817,ENROSCO DE ROTULO 30008653925,ENROSCO DE ROTULO 30008653925,ENROSCO DE RÓTULOS,ENROSCO DE ROTULOS,EXACT_SAFE,1,1,992.0,1.0,2026-05-16,1,LINHA005,P.EQ.LINHA,55568,"CC PET RET 2L (9) 7,99 L05",ROTULADORA MODULAR KRONES LI05,,Sistema de Instrumentos e cont,6.0,OBSERVACAO: ENROSCO DE ROTULO 30008653925 | EQUIPAMENTO: ROTULADORA MODULAR KRONES LI05 | CHAVE_1: Sistema de Instrumentos e cont | SUBCHAVE:  | TIPO_PARADA: P.EQ.LINHA | LINHA: LINHA005
2824,FALHA DE INVERSOR TRANSPORTE DE PACOTES,FALHA DE INVERSOR TRANSPORTE DE PACOTES,FALHA DE INVERSOR,FALHA DE INVERSOR,EXACT_SAFE,1,1,993.0,1.0,2026-05-17,2,LINHA004,P.EQ.LINHA,55388,CCZR LT 350ML FL (6) N.V LT170 F540 L04,TRANSP PCTS EMPAC PAL,,Sistema Elétrico,2.4,OBSERVACAO: FALHA DE INVERSOR TRANSPORTE DE PACOTES | EQUIPAMENTO: TRANSP PCTS EMPAC PAL | CHAVE_1: Sistema Elétrico | SUBCHAVE:  | TIPO_PARADA: P.EQ.LINHA | LINHA: LINHA004
2826,QUEBRA DO EIXO DA BANDEIROLA DA LAVADORA,QUEBRA DO EIXO DA BANDEIROLA DA LAVADORA,QUEBRA DE EIXO,QUEBRA DE EIXO,EXACT_SAFE,1,1,994.0,1.0,2026-05-18,2,LINHA001,P.EQ.LINHA,55609,"CC LS 1L (12) N.V 4,99 ROL412 L01",LAVADORA GRFS DN1240105 H K LI,,Sistema de Instrumentos e cont,33.33,OBSERVACAO: QUEBRA DO EIXO DA BANDEIROLA DA LAVADORA | EQUIPAMENTO: LAVADORA GRFS DN1240105 H K LI | CHAVE_1: Sistema de Instrumentos e cont | SUBCHAVE:  | TIPO_PARADA: P.EQ.LINHA | LINHA: LINHA001
2827,FALHA NO INSPETOR CHECKMAT,FALHA NO INSPETOR CHECKMAT,FALHA DE INSPEÇÃO,FALHA DE INSPECAO,EXACT_SAFE,1,1,995.0,1.0,2026-05-18,2,LINHA006,P.EQ.LINHA,118621,ICE TEA PES PET 450ML FL (6) TP005 L06,ENCHEDORA KRONES L06,,Sistema elétrico,3.55,OBSERVACAO: FALHA NO INSPETOR CHECKMAT | EQUIPAMENTO: ENCHEDORA KRONES L06 | CHAVE_1: Sistema elétrico | SUBCHAVE:  | TIPO_PARADA: P.EQ.LINHA | LINHA: LINHA006
2828,FALHA NO INSPETOR CHECKMATE,FALHA NO INSPETOR CHECKMATE,FALHA DE INSPEÇÃO,FALHA DE INSPECAO,EXACT_SAFE,1,1,996.0,1.0,2026-05-18,2,LINHA006,P.EQ.LINHA,118621,ICE TEA PES PET 450ML FL (6) TP005 L06,ENCHEDORA KRONES L06,,Sistema elétrico,3.55,OBSERVACAO: FALHA NO INSPETOR CHECKMATE | EQUIPAMENTO: ENCHEDORA KRONES L06 | CHAVE_1: Sistema elétrico | SUBCHAVE:  | TIPO_PARADA: P.EQ.LINHA | LINHA: LINHA006
2836,QUEBRA DO EIXO DA BANDEIROLA DA LAVADORA,QUEBRA DO EIXO DA BANDEIROLA DA LAVADORA,QUEBRA DE EIXO,QUEBRA DE EIXO,EXACT_SAFE,1,1,994.0,1.0,2026-05-18,2,LINHA001,P.EQ.LINHA,55609,"CC LS 1L (12) N.V 4,99 ROL412 L01",LAVADORA GRFS DN1240105 H K LI,,Sistema de Instrumentos e cont,33.33,OBSERVACAO: QUEBRA DO EIXO DA BANDEIROLA DA LAVADORA | EQUIPAMENTO: LAVADORA GRFS DN1240105 H K LI | CHAVE_1: Sistema de Instrumentos e cont | SUBCHAVE:  | TIPO_PARADA: P.EQ.LINHA | LINHA: LINHA001
2854,AJUSTE NA POSIÇÃO DO PINO DE SEPARAÇÃO,AJUSTE NA POSICAO DO PINO DE SEPARACAO,SEM MODO DE FALHA IDENTIFICADO,SEM MODO DE FALHA IDENTIFICADO,EXACT_SAFE,1,1,997.0,1.0,2026-05-19,1,LINHA002,P.EQ.LINHA,55569,CCZR PET 2L FL (6) NV 38G F840 L02,EMPACOTADORA 198/40 KIS LI02,,Sistema Elétrico,10.0,OBSERVACAO: AJUSTE NA POSIÇÃO DO PINO DE SEPARAÇÃO | EQUIPAMENTO: EMPACOTADORA 198/40 KIS LI02 | CHAVE_1: Sistema Elétrico | SUBCHAVE:  | TIPO_PARADA: P.EQ.LINHA | LINHA: LINHA002
2855,ALTERAÇÃO DE PARÂMETROS DE VELOCIDADE DA ESTEIRA E PINO DE SEPARAÇÃO,ALTERACAO DE PARAMETROS DE VELOCIDADE DA ESTEIRA E PINO DE SEPARACAO,FALHA DE ELO DE ESTEIRA,FALHA DE ELO DE ESTEIRA,EXACT_SAFE,1,1,998.0,1.0,2026-05-19,1,LINHA002,P.EQ.LINHA,55569,CCZR PET 2L FL (6) NV 38G F840 L02,EMPACOTADORA 198/40 KIS LI02,,Sistema Elétrico,10.0,OBSERVACAO: ALTERAÇÃO DE PARÂMETROS DE VELOCIDADE DA ESTEIRA E PINO DE SEPARAÇÃO | EQUIPAMENTO: EMPACOTADORA 198/40 KIS LI02 | CHAVE_1: Sistema Elétrico | SUBCHAVE:  | TIPO_PARADA: P.EQ.LINHA | LINHA: LINHA002
2856,FALHA TRNSPORTE NA ENTRADA DA ROTULADORA,FALHA TRNSPORTE NA ENTRADA DA ROTULADORA,FALHA DE ROTULAGEM,FALHA DE ROTULAGEM,EXACT_SAFE,1,1,1001.0,1.0,2026-05-19,1,LINHA005,P.EQ.LINHA,55568,"CC PET RET 2L (9) 7,99 L05",TRPTE GRFS CH SECADORA ROTULAD,,Sistema de instrumentos e cont,5.0,OBSERVACAO: FALHA TRNSPORTE NA ENTRADA DA ROTULADORA | EQUIPAMENTO: TRPTE GRFS CH SECADORA ROTULAD | CHAVE_1: Sistema de instrumentos e cont | SUBCHAVE:  | TIPO_PARADA: P.EQ.LINHA | LINHA: LINHA005
2857,FALHA PISTÃO NA TROCA DE BANDEJA DO AGREGADO 1,FALHA PISTAO NA TROCA DE BANDEJA DO AGREGADO 1,FALHA NA TROCA DE BANDEJA,FALHA NA TROCA DE BANDEJA,EXACT_SAFE,1,1,1002.0,1.0,2026-05-19,1,LINHA005,P.EQ.LINHA,55568,"CC PET RET 2L (9) 7,99 L05",ROTULADORA MODULAR KRONES LI05,,Sistema de Instrumentos e cont,5.06,OBSERVACAO: FALHA PISTÃO NA TROCA DE BANDEJA DO AGREGADO 1 | EQUIPAMENTO: ROTULADORA MODULAR KRONES LI05 | CHAVE_1: Sistema de Instrumentos e cont | SUBCHAVE:  | TIPO_PARADA: P.EQ.LINHA | LINHA: LINHA005
2858,ROLETE DE ENTRADA TORTO OCASIONADO CAIXAS ENTRANDO EM POSIÇÃO ERRDA,ROLETE DE ENTRADA TORTO OCASIONADO CAIXAS ENTRANDO EM POSICAO ERRDA,FALHA DE ROLETES,FALHA DE ROLETES,EXACT_SAFE,1,1,1005.0,1.0,2026-05-19,3,LINHA005,P.EQ.LINHA,55568,"CC PET RET 2L (9) 7,99 L05",PALETIZADORA ROBOKOMBI SID LI0,,Sistema de instrumentos e cont,8.0,OBSERVACAO: ROLETE DE ENTRADA TORTO OCASIONADO CAIXAS ENTRANDO EM POSIÇÃO ERRDA | EQUIPAMENTO: PALETIZADORA ROBOKOMBI SID LI0 | CHAVE_1: Sistema de instrumentos e cont | SUBCHAVE:  | TIPO_PARADA: P.EQ.LINHA | LINHA: LINHA005
2859,INSPETOR EBS COM ALTO INDICE DE FALSOS REJEITOS OCASIONANDO CRASH E PARADA DO EQUIPAMENTO.ORDEM 30008660857,INSPETOR EBS COM ALTO INDICE DE FALSOS REJEITOS OCASIONANDO CRASH E PARADA DO EQUIPAMENTO ORDEM 30008660857,FALHA DE INSPEÇÃO,FALHA DE INSPECAO,EXACT_SAFE,3,1,1003.0,1.0,2026-05-19,3,LINHA005,P.EQ.LINHA,55568,"CC PET RET 2L (9) 7,99 L05",INSPETOR EBS,,Estrutura,20.0,OBSERVACAO: INSPETOR EBS COM ALTO INDICE DE FALSOS REJEITOS OCASIONANDO CRASH E PARADA DO EQUIPAMENTO.ORDEM 30008660857 | EQUIPAMENTO: INSPETOR EBS | CHAVE_1: Estrutura | SUBCHAVE:  | TIPO_PARADA: P.EQ.LINHA | LINHA: LINHA005
2860,INSPETOR EBS COM ALTO INDICE DE FALSOS REJEITOS OCASIONANDO CRASH E PARADA DO EQUIPAMENTO,INSPETOR EBS COM ALTO INDICE DE FALSOS REJEITOS OCASIONANDO CRASH E PARADA DO EQUIPAMENTO,FALHA DE INSPEÇÃO,FALHA DE INSPECAO,EXACT_SAFE,3,1,1007.0,1.0,2026-05-19,3,LINHA005,P.EQ.LINHA,55568,"CC PET RET 2L (9) 7,99 L05",INSPETOR EBS,,Estrutura,20.24,OBSERVACAO: INSPETOR EBS COM ALTO INDICE DE FALSOS REJEITOS OCASIONANDO CRASH E PARADA DO EQUIPAMENTO | EQUIPAMENTO: INSPETOR EBS | CHAVE_1: Estrutura | SUBCHAVE:  | TIPO_PARADA: P.EQ.LINHA | LINHA: LINHA005
2868,ESTEIRA QUEBRADA,ESTEIRA QUEBRADA,QUEBRA DE ESTEIRA,QUEBRA DE ESTEIRA,EXACT_SAFE,2,1,274.0,1.0,2026-01-28,2,LINHA002,P.EQ.LINHA,56424,CCMA PET 2L FL (6) N.V 38G LOLA T2G L02,TRANSP PCTS EMPAC PAL TRECHO 2,Cadeia de transmissão danifica,Sistema Motriz,22.0,OBSERVACAO: ESTEIRA QUEBRADA | EQUIPAMENTO: TRANSP PCTS EMPAC PAL TRECHO 2 | CHAVE_1: Sistema Motriz | SUBCHAVE: Cadeia de transmissão danifica | TIPO_PARADA: P.EQ.LINHA | LINHA: LINHA002
2871,QUEDA DE GARRAFA NA REGUA DE ARRASTE,QUEDA DE GARRAFA NA REGUA DE ARRASTE,QUEDA DE GARRAFAS,QUEDA DE GARRAFAS,EXACT_SAFE,1,1,1520.0,1.0,2026-08-17,1,LINHA003,P.EQ.LINHA,55993,CC PET 1L FL (6) N.V 29G F710 L03,EMPACOTADORA VARIOPAC KRO LI03,,Sistema de Instrumentos e cont,5.0,OBSERVACAO: QUEDA DE GARRAFA NA REGUA DE ARRASTE | EQUIPAMENTO: EMPACOTADORA VARIOPAC KRO LI03 | CHAVE_1: Sistema de Instrumentos e cont | SUBCHAVE:  | TIPO_PARADA: P.EQ.LINHA | LINHA: LINHA003
2881,QUEBROU A CORREIA DO DESCAPSULADOR 30008662223,QUEBROU A CORREIA DO DESCAPSULADOR 30008662223,QUEBRA DE CORREIA,QUEBRA DE CORREIA,EXACT_SAFE,1,1,1010.0,1.0,2026-05-20,1,LINHA005,P.EQ.LINHA,55568,"CC PET RET 2L (9) 7,99 L05",DESCAPSULADOR 16 HEADS ACY LI0,,Sistema de instrumentos e cont,7.36,OBSERVACAO: QUEBROU A CORREIA DO DESCAPSULADOR 30008662223 | EQUIPAMENTO: DESCAPSULADOR 16 HEADS ACY LI0 | CHAVE_1: Sistema de instrumentos e cont | SUBCHAVE:  | TIPO_PARADA: P.EQ.LINHA | LINHA: LINHA005
2882,ESCAPOU A ESTEIRA NA CURVA DO TRANSPORTE NA SAIDA DA DESENCAIXOTADORA,ESCAPOU A ESTEIRA NA CURVA DO TRANSPORTE NA SAIDA DA DESENCAIXOTADORA,ESCAPE DE ESTEIRA,ESCAPE DE ESTEIRA,EXACT_SAFE,1,1,1012.0,1.0,2026-05-20,1,LINHA005,P.EQ.LINHA,55568,"CC PET RET 2L (9) 7,99 L05",TRANSP GRFS VZ DESENCA SEP TRE,,Sistema de instrumentos e cont,5.36,OBSERVACAO: ESCAPOU A ESTEIRA NA CURVA DO TRANSPORTE NA SAIDA DA DESENCAIXOTADORA | EQUIPAMENTO: TRANSP GRFS VZ DESENCA SEP TRE | CHAVE_1: Sistema de instrumentos e cont | SUBCHAVE:  | TIPO_PARADA: P.EQ.LINHA | LINHA: LINHA005
2890,FALHA NA CODIFICADORA,FALHA NA CODIFICADORA,FALHA DE CODIFICAÇÃO,FALHA DE CODIFICACAO,EXACT_SAFE,1,1,910.0,1.0,2026-05-04,2,LINHA002,P.EQ.LINHA,56424,CCMA PET 2L FL (6) N.V 38G LOLA T2G L02,CODIFICADORA 3320 VID LI02,,Sistema de Instrumentos e cont,10.0,OBSERVACAO: FALHA NA CODIFICADORA | EQUIPAMENTO: CODIFICADORA 3320 VID LI02 | CHAVE_1: Sistema de Instrumentos e cont | SUBCHAVE:  | TIPO_PARADA: P.EQ.LINHA | LINHA: LINHA002
2897,INSPETOR EBS COM ALTO INDICE DE FALSOS REJEITOS OCASIONANDO CRASH E PARADA DO EQUIPAMENTO,INSPETOR EBS COM ALTO INDICE DE FALSOS REJEITOS OCASIONANDO CRASH E PARADA DO EQUIPAMENTO,FALHA DE INSPEÇÃO,FALHA DE INSPECAO,EXACT_SAFE,3,1,1007.0,1.0,2026-05-19,3,LINHA005,P.EQ.LINHA,55568,"CC PET RET 2L (9) 7,99 L05",INSPETOR EBS,,Estrutura,20.24,OBSERVACAO: INSPETOR EBS COM ALTO INDICE DE FALSOS REJEITOS OCASIONANDO CRASH E PARADA DO EQUIPAMENTO | EQUIPAMENTO: INSPETOR EBS | CHAVE_1: Estrutura | SUBCHAVE:  | TIPO_PARADA: P.EQ.LINHA | LINHA: LINHA005
2906,QUEBRA DA ESTEIRA DA CURVA,QUEBRA DA ESTEIRA DA CURVA,QUEBRA DE ESTEIRA,QUEBRA DE ESTEIRA,EXACT_SAFE,2,1,1064.0,1.0,2026-06-03,2,LINHA002,P.EQ.LINHA,56271,SPRITE PET 2L FL (6) N.V 38G F840 L02,TRANSP PCTS EMPAC PAL TRECHO 2,,Sistema de instrumentos e cont,44.0,OBSERVACAO: QUEBRA DA ESTEIRA DA CURVA | EQUIPAMENTO: TRANSP PCTS EMPAC PAL TRECHO 2 | CHAVE_1: Sistema de instrumentos e cont | SUBCHAVE:  | TIPO_PARADA: P.EQ.LINHA | LINHA: LINHA002
2915,QUEDA DE GARRAFAS SAIDA DA LAVADORA,QUEDA DE GARRAFAS SAIDA DA LAVADORA,QUEDA DE GARRAFAS,QUEDA DE GARRAFAS,EXACT_SAFE,1,1,1013.0,1.0,2026-05-22,2,LINHA001,P.EQ.LINHA,56016,CCZR KS ULTRA 290ML (24) N.V ROL452 L01,TRPTE GRFS LAVADA SID LI01,,Sistema de instrumentos e cont,0.72,OBSERVACAO: QUEDA DE GARRAFAS SAIDA DA LAVADORA | EQUIPAMENTO: TRPTE GRFS LAVADA SID LI01 | CHAVE_1: Sistema de instrumentos e cont | SUBCHAVE:  | TIPO_PARADA: P.EQ.LINHA | LINHA: LINHA001
2916,QUEDA DE GARRAFAS NA SAIDA DA LAVADORA,QUEDA DE GARRAFAS NA SAIDA DA LAVADORA,QUEDA DE GARRAFAS,QUEDA DE GARRAFAS,EXACT_SAFE,1,1,1014.0,1.0,2026-05-22,2,LINHA001,P.EQ.LINHA,56016,CCZR KS ULTRA 290ML (24) N.V ROL452 L01,TRPTE GRFS LAVADA SID LI01,,Sistema de instrumentos e cont,0.72,OBSERVACAO: QUEDA DE GARRAFAS NA SAIDA DA LAVADORA | EQUIPAMENTO: TRPTE GRFS LAVADA SID LI01 | CHAVE_1: Sistema de instrumentos e cont | SUBCHAVE:  | TIPO_PARADA: P.EQ.LINHA | LINHA: LINHA001
2922,FALHA DE ENCHIMENTO DE TODAS AS VALVULAS MAUTENÇÃO ATUOU NO SENSOR,FALHA DE ENCHIMENTO DE TODAS AS VALVULAS MAUTENCAO ATUOU NO SENSOR,FALHA DE SENSOR,FALHA DE SENSOR,EXACT_SAFE,1,1,1015.0,1.0,2026-05-23,3,LINHA004,P.EQ.LINHA,55388,CCZR LT 350ML FL (6) N.V LT170 F540 L04,ENCHEDORA STARCANS FM E 91 LI0,,Sistema de enchimento,42.0,OBSERVACAO: FALHA DE ENCHIMENTO DE TODAS AS VALVULAS MAUTENÇÃO ATUOU NO SENSOR | EQUIPAMENTO: ENCHEDORA STARCANS FM E 91 LI0 | CHAVE_1: Sistema de enchimento | SUBCHAVE:  | TIPO_PARADA: P.EQ.LINHA | LINHA: LINHA004
2923,ESCAPOU A ESTEIRA DA CURVA DA PALETIZADORA,ESCAPOU A ESTEIRA DA CURVA DA PALETIZADORA,ESCAPE DE ESTEIRA,ESCAPE DE ESTEIRA,EXACT_SAFE,1,1,1016.0,1.0,2026-05-23,1,LINHA005,P.EQ.LINHA,55568,"CC PET RET 2L (9) 7,99 L05",TRANSP CXS GRFS CH PAL,,Sistema de instrumentos e cont,5.0,OBSERVACAO: ESCAPOU A ESTEIRA DA CURVA DA PALETIZADORA | EQUIPAMENTO: TRANSP CXS GRFS CH PAL | CHAVE_1: Sistema de instrumentos e cont | SUBCHAVE:  | TIPO_PARADA: P.EQ.LINHA | LINHA: LINHA005
2927,PERCA DE REFERENCIA SAINDO FORA DO SINCRONISMO 30008683786,PERCA DE REFERENCIA SAINDO FORA DO SINCRONISMO 30008683786,FALHA DE SINCRONISMO,FALHA DE SINCRONISMO,EXACT_SAFE,1,1,1017.0,1.0,2026-05-25,3,LINHA005,P.EQ.LINHA,56326,"CCZR PET RET 2L (9) 7,99 L05",ROTULADORA MODULAR KRONES LI05,,Sistema de transferência de ga,25.77,OBSERVACAO: PERCA DE REFERENCIA SAINDO FORA DO SINCRONISMO 30008683786 | EQUIPAMENTO: ROTULADORA MODULAR KRONES LI05 | CHAVE_1: Sistema de transferência de ga | SUBCHAVE:  | TIPO_PARADA: P.EQ.LINHA | LINHA: LINHA005
2935,PERDA DE POTENCIA NO MOTOR K16M (30008686036),PERDA DE POTENCIA NO MOTOR K16M 30008686036,FALHA DE MOTOR,FALHA DE MOTOR,EXACT_SAFE,1,1,1018.0,1.0,2026-05-26,2,LINHA002,P.EQ.LINHA,56424,CCMA PET 2L FL (6) N.V 38G LOLA T2G L02,TRANSP PCTS EMPAC PAL TRECHO 2,,Sistema Elétrico,10.0,OBSERVACAO: PERDA DE POTENCIA NO MOTOR K16M (30008686036) | EQUIPAMENTO: TRANSP PCTS EMPAC PAL TRECHO 2 | CHAVE_1: Sistema Elétrico | SUBCHAVE:  | TIPO_PARADA: P.EQ.LINHA | LINHA: LINHA002
2936,VAZAMENTO NA MANGUEIRA DO CABEÇOTE,VAZAMENTO NA MANGUEIRA DO CABECOTE,VAZAMENTO PNEUMÁTICO,VAZAMENTO PNEUMATICO,EXACT_SAFE,1,1,1019.0,1.0,2026-05-26,2,LINHA004,P.EQ.LINHA,56061,CCZR LT 310ML FI (6) N.V LT916 F859 L04,PALETIZADORA ROBOKOMBI SID LI0,,Sistema Pneumático,18.67,OBSERVACAO: VAZAMENTO NA MANGUEIRA DO CABEÇOTE | EQUIPAMENTO: PALETIZADORA ROBOKOMBI SID LI0 | CHAVE_1: Sistema Pneumático | SUBCHAVE:  | TIPO_PARADA: P.EQ.LINHA | LINHA: LINHA004
2937,ROLETES EMBORRACHADOS SEGURANDO PACOTE NA MESA DE PASSAGEM,ROLETES EMBORRACHADOS SEGURANDO PACOTE NA MESA DE PASSAGEM,FALHA DE ROLETES,FALHA DE ROLETES,EXACT_SAFE,1,1,1020.0,1.0,2026-05-26,2,LINHA004,P.EQ.LINHA,56061,CCZR LT 310ML FI (6) N.V LT916 F859 L04,PALETIZADORA ROBOKOMBI SID LI0,Qualidade de peças,Estrutura,26.95,OBSERVACAO: ROLETES EMBORRACHADOS SEGURANDO PACOTE NA MESA DE PASSAGEM | EQUIPAMENTO: PALETIZADORA ROBOKOMBI SID LI0 | CHAVE_1: Estrutura | SUBCHAVE: Qualidade de peças | TIPO_PARADA: P.EQ.LINHA | LINHA: LINHA004
2938,TROCA DOS ROLETES EMBORRACHADOS (30008686054),TROCA DOS ROLETES EMBORRACHADOS 30008686054,FALHA DE ROLETES,FALHA DE ROLETES,EXACT_SAFE,1,1,1021.0,1.0,2026-05-26,2,LINHA004,P.EQ.LINHA,56061,CCZR LT 310ML FI (6) N.V LT916 F859 L04,PALETIZADORA ROBOKOMBI SID LI0,Qualidade de peças,Estrutura,60.0,OBSERVACAO: TROCA DOS ROLETES EMBORRACHADOS (30008686054) | EQUIPAMENTO: PALETIZADORA ROBOKOMBI SID LI0 | CHAVE_1: Estrutura | SUBCHAVE: Qualidade de peças | TIPO_PARADA: P.EQ.LINHA | LINHA: LINHA004
2939,"PEGANDO CAIXA A MENOS, CAUSANDO A COLISÃO DE CAIXAS",PEGANDO CAIXA A MENOS CAUSANDO A COLISAO DE CAIXAS,FALHA NA PEGADA DE CAMADA,FALHA NA PEGADA DE CAMADA,EXACT_SAFE,1,1,1023.0,1.0,2026-05-26,2,LINHA005,P.EQ.LINHA,56326,"CCZR PET RET 2L (9) 7,99 L05",PALETIZADORA ROBOKOMBI SID LI0,,Sistema de instrumentos e cont,5.3,"OBSERVACAO: PEGANDO CAIXA A MENOS, CAUSANDO A COLISÃO DE CAIXAS | EQUIPAMENTO: PALETIZADORA ROBOKOMBI SID LI0 | CHAVE_1: Sistema de instrumentos e cont | SUBCHAVE:  | TIPO_PARADA: P.EQ.LINHA | LINHA: LINHA005"
2940,TRAVAMENTO DO SEGMENTOS DE GARRAFAS ENOS A100,TRAVAMENTO DO SEGMENTOS DE GARRAFAS ENOS A100,TRAVAMENTO DE SEGMENTOS,TRAVAMENTO DE SEGMENTOS,EXACT_SAFE,1,1,1024.0,1.0,2026-05-26,2,LINHA005,P.EQ.LINHA,56326,"CCZR PET RET 2L (9) 7,99 L05",INSPETOR GARRAFAS ENOS A 100 L,,Sistema Rejeitor,5.0,OBSERVACAO: TRAVAMENTO DO SEGMENTOS DE GARRAFAS ENOS A100 | EQUIPAMENTO: INSPETOR GARRAFAS ENOS A 100 L | CHAVE_1: Sistema Rejeitor | SUBCHAVE:  | TIPO_PARADA: P.EQ.LINHA | LINHA: LINHA005
2952,FALHA NO SERVO DA PINÇA MANIPULADORA.,FALHA NO SERVO DA PINCA MANIPULADORA,FALHA DE SERVO MOTOR,FALHA DE SERVO MOTOR,EXACT_SAFE,1,1,1025.0,1.0,2026-05-27,2,LINHA001,P.EQ.LINHA,55957,CC KS ULTRA 290ML (24) N.V ROL372 L01,PALETIZADORA,,,9.61,OBSERVACAO: FALHA NO SERVO DA PINÇA MANIPULADORA. | EQUIPAMENTO: PALETIZADORA | CHAVE_1:  | SUBCHAVE:  | TIPO_PARADA: P.EQ.LINHA | LINHA: LINHA001
2953,"EXCESSO DE REJEITO DE GARRAFAS DO ASEBI PARA O RETORNO DA LAVADOURA ,OBS.SENSIBILIDADE.",EXCESSO DE REJEITO DE GARRAFAS DO ASEBI PARA O RETORNO DA LAVADOURA OBS SENSIBILIDADE,FALHA DE REJEIÇÃO,FALHA DE REJEICAO,EXACT_SAFE,1,1,1026.0,1.0,2026-05-27,2,LINHA001,P.EQ.LINHA,55957,CC KS ULTRA 290ML (24) N.V ROL372 L01,INSPETOR DE GARRAFAS VAZIAS HE,,,9.0,"OBSERVACAO: EXCESSO DE REJEITO DE GARRAFAS DO ASEBI PARA O RETORNO DA LAVADOURA ,OBS.SENSIBILIDADE. | EQUIPAMENTO: INSPETOR DE GARRAFAS VAZIAS HE | CHAVE_1:  | SUBCHAVE:  | TIPO_PARADA: P.EQ.LINHA | LINHA: LINHA001"
2965,FALHA DE CODIFICAÇÃO NAS LATAS,FALHA DE CODIFICACAO NAS LATAS,FALHA DE CODIFICAÇÃO,FALHA DE CODIFICACAO,EXACT_SAFE,1,1,1027.0,1.0,2026-05-28,2,LINHA004,P.EQ.LINHA,56053,CC LT 220ML FL (12) N.V LT938 TP CDL L04,DATADORA MARKEM IMAJE 9450S,,,20.0,OBSERVACAO: FALHA DE CODIFICAÇÃO NAS LATAS | EQUIPAMENTO: DATADORA MARKEM IMAJE 9450S | CHAVE_1:  | SUBCHAVE:  | TIPO_PARADA: P.EQ.LINHA | LINHA: LINHA004
2966,FALHA NAS CORREIIAS TRANSPORTADORAS DE TAMPAS / REAPERTO (ORDEM-30008690620),FALHA NAS CORREIIAS TRANSPORTADORAS DE TAMPAS REAPERTO ORDEM 30008690620,FALHA DE CORREIA,FALHA DE CORREIA,EXACT_SAFE,1,1,1028.0,1.0,2026-05-28,2,LINHA004,P.EQ.LINHA,56053,CC LT 220ML FL (12) N.V LT938 TP CDL L04,ALIM TAMPAS LATAS CSW LI04,Qualidade de peças,Estrutura,28.62,OBSERVACAO: FALHA NAS CORREIIAS TRANSPORTADORAS DE TAMPAS / REAPERTO (ORDEM-30008690620) | EQUIPAMENTO: ALIM TAMPAS LATAS CSW LI04 | CHAVE_1: Estrutura | SUBCHAVE: Qualidade de peças | TIPO_PARADA: P.EQ.LINHA | LINHA: LINHA004
2967,FALHA DE CODIFICAÇÃO NAS LATAS/ E SEGREGAÇÃO DAS LATAS,FALHA DE CODIFICACAO NAS LATAS E SEGREGACAO DAS LATAS,FALHA DE CODIFICAÇÃO,FALHA DE CODIFICACAO,EXACT_SAFE,1,1,1030.0,1.0,2026-05-28,2,LINHA004,P.EQ.LINHA,56053,CC LT 220ML FL (12) N.V LT938 TP CDL L04,DATADORA MARKEM IMAJE 9450S,,,25.08,OBSERVACAO: FALHA DE CODIFICAÇÃO NAS LATAS/ E SEGREGAÇÃO DAS LATAS | EQUIPAMENTO: DATADORA MARKEM IMAJE 9450S | CHAVE_1:  | SUBCHAVE:  | TIPO_PARADA: P.EQ.LINHA | LINHA: LINHA004
2968,FALHA DE COMUNICAÇÃO DA ENCHEDORA COM TRANSPORTE DE LATAS CHEIAS E WARMER,FALHA DE COMUNICACAO DA ENCHEDORA COM TRANSPORTE DE LATAS CHEIAS E WARMER,FALHA DE COMUNICAÇÃO,FALHA DE COMUNICACAO,EXACT_SAFE,1,1,1032.0,1.0,2026-05-28,3,LINHA004,P.EQ.LINHA,56053,CC LT 220ML FL (12) N.V LT938 TP CDL L04,TRPTE LATAS CHEIAS SID LI04,,Sistema Elétrico,20.0,OBSERVACAO: FALHA DE COMUNICAÇÃO DA ENCHEDORA COM TRANSPORTE DE LATAS CHEIAS E WARMER | EQUIPAMENTO: TRPTE LATAS CHEIAS SID LI04 | CHAVE_1: Sistema Elétrico | SUBCHAVE:  | TIPO_PARADA: P.EQ.LINHA | LINHA: LINHA004
2969,FALHA E QUEBRA DO DEVAISER DE FORMAÇÃO DE CAMADAS ( ORDEM - 30008698690630),FALHA E QUEBRA DO DEVAISER DE FORMACAO DE CAMADAS ORDEM 30008698690630,FALHA DE FORMAÇÃO DE CAMADA,FALHA DE FORMACAO DE CAMADA,EXACT_SAFE,4,1,1029.0,1.0,2026-05-28,2,LINHA004,P.EQ.LINHA,56053,CC LT 220ML FL (12) N.V LT938 TP CDL L04,PALETIZADORA ROBOKOMBI SID LI0,Qualidade de peças,Estrutura,20.0,OBSERVACAO: FALHA E QUEBRA DO DEVAISER DE FORMAÇÃO DE CAMADAS ( ORDEM - 30008698690630) | EQUIPAMENTO: PALETIZADORA ROBOKOMBI SID LI0 | CHAVE_1: Estrutura | SUBCHAVE: Qualidade de peças | TIPO_PARADA: P.EQ.LINHA | LINHA: LINHA004
2976,LONA DA MESA DE ENVOLVIMENTO PATINANDO,LONA DA MESA DE ENVOLVIMENTO PATINANDO,PATINAGEM DE ESTEIRA,PATINAGEM DE ESTEIRA,EXACT_SAFE,1,1,1177.0,1.0,2026-06-30,2,LINHA002,P.EQ.LINHA,56424,CCMA PET 2L FL (6) N.V 38G LOLA T2G L02,EMPACOTADORA 198/40 KIS LI02,,Sistema de Instrumentos e cont,48.0,OBSERVACAO: LONA DA MESA DE ENVOLVIMENTO PATINANDO | EQUIPAMENTO: EMPACOTADORA 198/40 KIS LI02 | CHAVE_1: Sistema de Instrumentos e cont | SUBCHAVE:  | TIPO_PARADA: P.EQ.LINHA | LINHA: LINHA002
2982,FALHA NO SENSOR DE TAMPA,FALHA NO SENSOR DE TAMPA,FALHA DE SENSOR,FALHA DE SENSOR,EXACT_SAFE,2,1,339.0,1.0,2026-02-05,2,LINHA002,P.EQ.LINHA,56424,CCMA PET 2L FL (6) N.V 38G LOLA T2G L02,ENCHEDORA KHS LI02,,Sistema elétrico,4.0,OBSERVACAO: FALHA NO SENSOR DE TAMPA | EQUIPAMENTO: ENCHEDORA KHS LI02 | CHAVE_1: Sistema elétrico | SUBCHAVE:  | TIPO_PARADA: P.EQ.LINHA | LINHA: LINHA002
2996,AJUSTE DE PARAMETROS ELETRICOS,AJUSTE DE PARAMETROS ELETRICOS,SEM MODO DE FALHA IDENTIFICADO,SEM MODO DE FALHA IDENTIFICADO,EXACT_SAFE,1,1,1035.0,1.0,2026-05-29,3,LINHA001,P.EQ.LINHA,55609,"CC LS 1L (12) N.V 4,99 ROL412 L01",INSPETOR DE GARRAFAS VAZIAS HE,,,15.67,OBSERVACAO: AJUSTE DE PARAMETROS ELETRICOS | EQUIPAMENTO: INSPETOR DE GARRAFAS VAZIAS HE | CHAVE_1:  | SUBCHAVE:  | TIPO_PARADA: P.EQ.LINHA | LINHA: LINHA001
2997,"FALHA TANGECIAMENTO DO ROLO, OCASIONANDO ENROSCO DE ROTULOS DO AGREGADO 2",FALHA TANGECIAMENTO DO ROLO OCASIONANDO ENROSCO DE ROTULOS DO AGREGADO 2,ENROSCO DE RÓTULOS,ENROSCO DE ROTULOS,EXACT_SAFE,1,1,1036.0,1.0,2026-05-29,1,LINHA005,P.EQ.LINHA,55568,"CC PET RET 2L (9) 7,99 L05",ROTULADORA MODULAR KRONES LI05,,Sistema Elétrico,12.36,"OBSERVACAO: FALHA TANGECIAMENTO DO ROLO, OCASIONANDO ENROSCO DE ROTULOS DO AGREGADO 2 | EQUIPAMENTO: ROTULADORA MODULAR KRONES LI05 | CHAVE_1: Sistema Elétrico | SUBCHAVE:  | TIPO_PARADA: P.EQ.LINHA | LINHA: LINHA005"
2998,FALHA SENSOR DE SEGURANÇA NA PORTA TRASEIRA DA ENCJHEDORA,FALHA SENSOR DE SEGURANCA NA PORTA TRASEIRA DA ENCJHEDORA,FALHA DE SENSOR,FALHA DE SENSOR,EXACT_SAFE,1,1,1038.0,1.0,2026-05-29,2,LINHA005,P.EQ.LINHA,55568,"CC PET RET 2L (9) 7,99 L05",ENCHEDORA EUROSTAR SID LI05,,Sistema elétrico,5.0,OBSERVACAO: FALHA SENSOR DE SEGURANÇA NA PORTA TRASEIRA DA ENCJHEDORA | EQUIPAMENTO: ENCHEDORA EUROSTAR SID LI05 | CHAVE_1: Sistema elétrico | SUBCHAVE:  | TIPO_PARADA: P.EQ.LINHA | LINHA: LINHA005
2999,TRAVAMENTO DO SEGMENTOS DE GARRAFAS NO REJEITOR ENOS A100 30008693358,TRAVAMENTO DO SEGMENTOS DE GARRAFAS NO REJEITOR ENOS A100 30008693358,TRAVAMENTO DE SEGMENTOS,TRAVAMENTO DE SEGMENTOS,EXACT_SAFE,1,1,1039.0,1.0,2026-05-29,2,LINHA005,P.EQ.LINHA,55568,"CC PET RET 2L (9) 7,99 L05",INSPETOR GARRAFAS ENOS A 100 L,,Sistema Rejeitor,10.53,OBSERVACAO: TRAVAMENTO DO SEGMENTOS DE GARRAFAS NO REJEITOR ENOS A100 30008693358 | EQUIPAMENTO: INSPETOR GARRAFAS ENOS A 100 L | CHAVE_1: Sistema Rejeitor | SUBCHAVE:  | TIPO_PARADA: P.EQ.LINHA | LINHA: LINHA005
3000,TRAVAMENTO DO SEGMENTOS DE GARRAFAS NO REJEITOR ENOS A100,TRAVAMENTO DO SEGMENTOS DE GARRAFAS NO REJEITOR ENOS A100,TRAVAMENTO DE SEGMENTOS,TRAVAMENTO DE SEGMENTOS,EXACT_SAFE,1,1,1040.0,1.0,2026-05-29,2,LINHA005,P.EQ.LINHA,55568,"CC PET RET 2L (9) 7,99 L05",INSPETOR GARRAFAS ENOS A 100 L,,Sistema Rejeitor,12.36,OBSERVACAO: TRAVAMENTO DO SEGMENTOS DE GARRAFAS NO REJEITOR ENOS A100 | EQUIPAMENTO: INSPETOR GARRAFAS ENOS A 100 L | CHAVE_1: Sistema Rejeitor | SUBCHAVE:  | TIPO_PARADA: P.EQ.LINHA | LINHA: LINHA005
3001,VALIDAÇÃO DE GARRAFAS TESTE NO ENOS,VALIDACAO DE GARRAFAS TESTE NO ENOS,SEM MODO DE FALHA IDENTIFICADO,SEM MODO DE FALHA IDENTIFICADO,EXACT_SAFE,1,1,1041.0,1.0,2026-05-29,2,LINHA005,P.EQ.LINHA,55568,"CC PET RET 2L (9) 7,99 L05",INSPETOR EBS,,Estrutura,6.0,OBSERVACAO: VALIDAÇÃO DE GARRAFAS TESTE NO ENOS | EQUIPAMENTO: INSPETOR EBS | CHAVE_1: Estrutura | SUBCHAVE:  | TIPO_PARADA: P.EQ.LINHA | LINHA: LINHA005
3016,SAINDO TAMPA TORTA VERIFICAÇÃO DO CAPSULADOR,SAINDO TAMPA TORTA VERIFICACAO DO CAPSULADOR,FALHA DE TAMPAMENTO,FALHA DE TAMPAMENTO,EXACT_SAFE,2,1,1042.0,1.0,2026-05-30,1,LINHA002,P.EQ.LINHA,55569,CCZR PET 2L FL (6) NV 38G F840 L02,CAPSULADOR KHS LI02,,Sistema de Tampamento,13.0,OBSERVACAO: SAINDO TAMPA TORTA VERIFICAÇÃO DO CAPSULADOR | EQUIPAMENTO: CAPSULADOR KHS LI02 | CHAVE_1: Sistema de Tampamento | SUBCHAVE:  | TIPO_PARADA: P.EQ.LINHA | LINHA: LINHA002
3017,QUEBRA DO ROLETE-GUIA DO TRANSPORTE DE PACOTES 30008699348,QUEBRA DO ROLETE GUIA DO TRANSPORTE DE PACOTES 30008699348,QUEBRA DE TRANSPORTE,QUEBRA DE TRANSPORTE,EXACT_SAFE,4,1,1044.0,1.0,2026-05-30,1,LINHA006,P.EQ.LINHA,118603,"ICE TEA LIM PET 1,5L FL (6) TP005 L06",TRANSPORTE DE PACOTE OCME L06,,Estrutura,59.12,OBSERVACAO: QUEBRA DO ROLETE-GUIA DO TRANSPORTE DE PACOTES 30008699348 | EQUIPAMENTO: TRANSPORTE DE PACOTE OCME L06 | CHAVE_1: Estrutura | SUBCHAVE:  | TIPO_PARADA: P.EQ.LINHA | LINHA: LINHA006
3018,"ESTEIRA DE PROLONGAMENTO ESTAVA TRAVANDO,",ESTEIRA DE PROLONGAMENTO ESTAVA TRAVANDO,TRAVAMENTO DE ESTEIRA,TRAVAMENTO DE ESTEIRA,EXACT_SAFE,1,1,1048.0,1.0,2026-05-30,2,LINHA006,P.EQ.LINHA,118603,"ICE TEA LIM PET 1,5L FL (6) TP005 L06",TRANSPORTE DE PACOTE OCME L06,,Sistema motriz,2.8,"OBSERVACAO: ESTEIRA DE PROLONGAMENTO ESTAVA TRAVANDO, | EQUIPAMENTO: TRANSPORTE DE PACOTE OCME L06 | CHAVE_1: Sistema motriz | SUBCHAVE:  | TIPO_PARADA: P.EQ.LINHA | LINHA: LINHA006"
3020,QUEDA DE GARRAFA NA REGUA DE ARRASTE,QUEDA DE GARRAFA NA REGUA DE ARRASTE,QUEDA DE GARRAFAS,QUEDA DE GARRAFAS,EXACT_SAFE,1,1,1520.0,1.0,2026-08-17,1,LINHA003,P.EQ.LINHA,55993,CC PET 1L FL (6) N.V 29G F710 L03,EMPACOTADORA VARIOPAC KRO LI03,,Sistema de Instrumentos e cont,5.0,OBSERVACAO: QUEDA DE GARRAFA NA REGUA DE ARRASTE | EQUIPAMENTO: EMPACOTADORA VARIOPAC KRO LI03 | CHAVE_1: Sistema de Instrumentos e cont | SUBCHAVE:  | TIPO_PARADA: P.EQ.LINHA | LINHA: LINHA003
3022,QUEDA DE TEMPERATURA,QUEDA DE TEMPERATURA,FALHA DE CONTROLE DE TEMPERATURA,FALHA DE CONTROLE DE TEMPERATURA,EXACT_SAFE,1,1,565.0,1.0,2026-03-10,2,LINHA003,P.EQ.LINHA,55569,CCZR PET 2L FL (6) N.V 38G T2G L03,TÚNEL RETRACAO ST 92/2 KRO LI0,,Trpte túnel retração kro LI03,7.0,OBSERVACAO: QUEDA DE TEMPERATURA | EQUIPAMENTO: TÚNEL RETRACAO ST 92/2 KRO LI0 | CHAVE_1: Trpte túnel retração kro LI03 | SUBCHAVE:  | TIPO_PARADA: P.EQ.LINHA | LINHA: LINHA003
3029,EXCESSO DE FALSO REJEITO,EXCESSO DE FALSO REJEITO,FALHA DE REJEIÇÃO,FALHA DE REJEICAO,EXACT_SAFE,1,1,310.0,1.0,2026-01-31,1,LINHA006,P.EQ.LINHA,56443,CCZR PET 200ML FI (12) N.V 14G T2G L06,INSPETOR CHECKMAT KRONES L06,,Sistema de rejeição,7.57,OBSERVACAO: EXCESSO DE FALSO REJEITO | EQUIPAMENTO: INSPETOR CHECKMAT KRONES L06 | CHAVE_1: Sistema de rejeição | SUBCHAVE:  | TIPO_PARADA: P.EQ.LINHA | LINHA: LINHA006
3043,TAMPA INVERTIDA SENSOR DE ENTRADA DA TOLVA NÃO MANDANDO SINAL PARA JET FLOW ENCHENDO A CANALETA DE TAMPA,TAMPA INVERTIDA SENSOR DE ENTRADA DA TOLVA NAO MANDANDO SINAL PARA JET FLOW ENCHENDO A CANALETA DE TAMPA,FALHA DE SENSOR,FALHA DE SENSOR,EXACT_SAFE,1,1,1049.0,1.0,2026-06-01,2,LINHA002,P.EQ.LINHA,55459,FT LAR PET 2L FL (6) 38G F840 FENIX L02,CAPSULADOR KHS LI02,,Sistema Elétrico,6.0,OBSERVACAO: TAMPA INVERTIDA SENSOR DE ENTRADA DA TOLVA NÃO MANDANDO SINAL PARA JET FLOW ENCHENDO A CANALETA DE TAMPA | EQUIPAMENTO: CAPSULADOR KHS LI02 | CHAVE_1: Sistema Elétrico | SUBCHAVE:  | TIPO_PARADA: P.EQ.LINHA | LINHA: LINHA002
3044,SENSOR DE ENTRADA DA TOLVA NÃO MANDANDO PARA O JET FLOW SOBRECARREGANDO A CANALETA CAUSANDO TAMPA INVERTIDA.,SENSOR DE ENTRADA DA TOLVA NAO MANDANDO PARA O JET FLOW SOBRECARREGANDO A CANALETA CAUSANDO TAMPA INVERTIDA,FALHA DE SENSOR,FALHA DE SENSOR,EXACT_SAFE,1,1,1050.0,1.0,2026-06-01,2,LINHA002,P.EQ.LINHA,55459,FT LAR PET 2L FL (6) 38G F840 FENIX L02,CAPSULADOR KHS LI02,,Sistema Elétrico,4.0,OBSERVACAO: SENSOR DE ENTRADA DA TOLVA NÃO MANDANDO PARA O JET FLOW SOBRECARREGANDO A CANALETA CAUSANDO TAMPA INVERTIDA. | EQUIPAMENTO: CAPSULADOR KHS LI02 | CHAVE_1: Sistema Elétrico | SUBCHAVE:  | TIPO_PARADA: P.EQ.LINHA | LINHA: LINHA002
3060,FALHA NO FLUXIMETRO DE XAROPE,FALHA NO FLUXIMETRO DE XAROPE,FALHA DE FLUXÍMETRO,FALHA DE FLUXIMETRO,EXACT_SAFE,1,1,1362.0,1.0,2026-07-24,3,LINHA004,P.EQ.LINHA,56269,SPRITE LT 350ML FL (6) N.V LT748 L04,PROPORCIONADOR STARBLEND SID L,Válvula mod xarope falha,Circuito de xarope,5.0,OBSERVACAO: FALHA NO FLUXIMETRO DE XAROPE | EQUIPAMENTO: PROPORCIONADOR STARBLEND SID L | CHAVE_1: Circuito de xarope | SUBCHAVE: Válvula mod xarope falha | TIPO_PARADA: P.EQ.LINHA | LINHA: LINHA004
3074,FALHA VIEDOJET NÃO LIBERADA TRANSPORTE DO ALINHADOR PARA ENCHIMENTO PULMÃO DA ENCAIXOTADORA,FALHA VIEDOJET NAO LIBERADA TRANSPORTE DO ALINHADOR PARA ENCHIMENTO PULMAO DA ENCAIXOTADORA,FALHA DE ENCHIMENTO,FALHA DE ENCHIMENTO,EXACT_SAFE,1,1,1051.0,1.0,2026-06-02,1,LINHA005,P.EQ.LINHA,55568,"CC PET RET 2L (9) 7,99 L05",DATADORA MARKEM IMAJE 9450,,,20.0,OBSERVACAO: FALHA VIEDOJET NÃO LIBERADA TRANSPORTE DO ALINHADOR PARA ENCHIMENTO PULMÃO DA ENCAIXOTADORA | EQUIPAMENTO: DATADORA MARKEM IMAJE 9450 | CHAVE_1:  | SUBCHAVE:  | TIPO_PARADA: P.EQ.LINHA | LINHA: LINHA005
3075,"FALHA ENCHIMENTO DA VALVULA 127, FOI REALIZADO A TROCA DE BORBOLETA, FREIO, VALVULA ORDEM: 30008703888",FALHA ENCHIMENTO DA VALVULA 127 FOI REALIZADO A TROCA DE BORBOLETA FREIO VALVULA ORDEM 30008703888,FALHA DE VÁLVULA DE ENCHIMENTO,FALHA DE VALVULA DE ENCHIMENTO,EXACT_SAFE,2,1,1052.0,1.0,2026-06-02,1,LINHA005,P.EQ.LINHA,55568,"CC PET RET 2L (9) 7,99 L05",ENCHEDORA EUROSTAR SID LI05,,Sistema de enchimento,47.0,"OBSERVACAO: FALHA ENCHIMENTO DA VALVULA 127, FOI REALIZADO A TROCA DE BORBOLETA, FREIO, VALVULA ORDEM: 30008703888 | EQUIPAMENTO: ENCHEDORA EUROSTAR SID LI05 | CHAVE_1: Sistema de enchimento | SUBCHAVE:  | TIPO_PARADA: P.EQ.LINHA | LINHA: LINHA005"
3076,TRAVAMENTO SEGMENTOS DE GARRAFAS NO REJEITOR EBS,TRAVAMENTO SEGMENTOS DE GARRAFAS NO REJEITOR EBS,TRAVAMENTO DE SEGMENTOS,TRAVAMENTO DE SEGMENTOS,EXACT_SAFE,1,1,1054.0,1.0,2026-06-02,1,LINHA005,P.EQ.LINHA,55568,"CC PET RET 2L (9) 7,99 L05",INSPETOR EBS,,Estrutura,5.0,OBSERVACAO: TRAVAMENTO SEGMENTOS DE GARRAFAS NO REJEITOR EBS | EQUIPAMENTO: INSPETOR EBS | CHAVE_1: Estrutura | SUBCHAVE:  | TIPO_PARADA: P.EQ.LINHA | LINHA: LINHA005
3077,ESTEIRA ESCAPANDO - FALHA MOTOR TAG-332 NA CURVA DA ENTRADA DA PALETIZADORA,ESTEIRA ESCAPANDO FALHA MOTOR TAG 332 NA CURVA DA ENTRADA DA PALETIZADORA,FALHA DE MOTOR,FALHA DE MOTOR,EXACT_SAFE,1,1,1055.0,1.0,2026-06-02,1,LINHA005,P.EQ.LINHA,55568,"CC PET RET 2L (9) 7,99 L05",TRANSP CXS GRFS CH PAL,Qualidade de peças,Estrutura,7.36,OBSERVACAO: ESTEIRA ESCAPANDO - FALHA MOTOR TAG-332 NA CURVA DA ENTRADA DA PALETIZADORA | EQUIPAMENTO: TRANSP CXS GRFS CH PAL | CHAVE_1: Estrutura | SUBCHAVE: Qualidade de peças | TIPO_PARADA: P.EQ.LINHA | LINHA: LINHA005
3080,"ESTEIRA DA CURVA DE ENTRADA DA PALETIZADORA,ESTA ESCAPANDO",ESTEIRA DA CURVA DE ENTRADA DA PALETIZADORA ESTA ESCAPANDO,ESCAPE DE ESTEIRA,ESCAPE DE ESTEIRA,EXACT_SAFE,1,1,133.0,1.0,2026-01-15,2,LINHA005,P.EQ.LINHA,56327,"FT LAR PET RET 2L (9) 6,99 FENIX L05",TRANSP CXS GRFS CH PAL,Componentes transmissão danifi,Sistema Motriz,5.0,"OBSERVACAO: ESTEIRA DA CURVA DE ENTRADA DA PALETIZADORA,ESTA ESCAPANDO | EQUIPAMENTO: TRANSP CXS GRFS CH PAL | CHAVE_1: Sistema Motriz | SUBCHAVE: Componentes transmissão danifi | TIPO_PARADA: P.EQ.LINHA | LINHA: LINHA005"
3089,ALINHAMENTO DA MESA COM DEGRAU TOMBANDO GARRAFAS,ALINHAMENTO DA MESA COM DEGRAU TOMBANDO GARRAFAS,FALHA DE TRANSPORTE DE GARRAFAS,FALHA DE TRANSPORTE DE GARRAFAS,EXACT_SAFE,1,1,1056.0,1.0,2026-06-03,2,LINHA002,P.EQ.LINHA,56271,SPRITE PET 2L FL (6) N.V 38G F840 L02,EMPACOTADORA 198/40 KIS LI02,,Sistema de Instrumentos e cont,58.0,OBSERVACAO: ALINHAMENTO DA MESA COM DEGRAU TOMBANDO GARRAFAS | EQUIPAMENTO: EMPACOTADORA 198/40 KIS LI02 | CHAVE_1: Sistema de Instrumentos e cont | SUBCHAVE:  | TIPO_PARADA: P.EQ.LINHA | LINHA: LINHA002
3090,TROCA DA LONA DA MESA DE ENVOLVIMENTO,TROCA DA LONA DA MESA DE ENVOLVIMENTO,FALHA DE ESTEIRA,FALHA DE ESTEIRA,EXACT_SAFE,2,1,1057.0,1.0,2026-06-03,2,LINHA002,P.EQ.LINHA,56271,SPRITE PET 2L FL (6) N.V 38G F840 L02,EMPACOTADORA 198/40 KIS LI02,,Sistema de Instrumentos e cont,60.0,OBSERVACAO: TROCA DA LONA DA MESA DE ENVOLVIMENTO | EQUIPAMENTO: EMPACOTADORA 198/40 KIS LI02 | CHAVE_1: Sistema de Instrumentos e cont | SUBCHAVE:  | TIPO_PARADA: P.EQ.LINHA | LINHA: LINHA002
3091,QUEDA DE GFS NA MESA DE ENVOLVIMENTO,QUEDA DE GFS NA MESA DE ENVOLVIMENTO,QUEDA DE GARRAFAS,QUEDA DE GARRAFAS,EXACT_SAFE,3,1,7.0,1.0,2026-01-03,2,LINHA002,P.EQ.LINHA,56314,"SCH CITRUS PET 1,5L FL (6) NV 33G T2G L2",EMPACOTADORA 198/40 KIS LI02,,Sistema de Instrumentos e cont,7.2,OBSERVACAO: QUEDA DE GFS NA MESA DE ENVOLVIMENTO | EQUIPAMENTO: EMPACOTADORA 198/40 KIS LI02 | CHAVE_1: Sistema de Instrumentos e cont | SUBCHAVE:  | TIPO_PARADA: P.EQ.LINHA | LINHA: LINHA002
3092,QUEDA DE GFS / DEGRAU NA MESA DE ENVOLVIMENTO,QUEDA DE GFS DEGRAU NA MESA DE ENVOLVIMENTO,FALHA DE ENVOLVIMENTO,FALHA DE ENVOLVIMENTO,EXACT_SAFE,1,1,1060.0,1.0,2026-06-03,2,LINHA002,P.EQ.LINHA,56271,SPRITE PET 2L FL (6) N.V 38G F840 L02,EMPACOTADORA 198/40 KIS LI02,,Sistema de Instrumentos e cont,40.0,OBSERVACAO: QUEDA DE GFS / DEGRAU NA MESA DE ENVOLVIMENTO | EQUIPAMENTO: EMPACOTADORA 198/40 KIS LI02 | CHAVE_1: Sistema de Instrumentos e cont | SUBCHAVE:  | TIPO_PARADA: P.EQ.LINHA | LINHA: LINHA002
3093,QUEDA DE GFS NOS PINO DE SEPARAÇÃO,QUEDA DE GFS NOS PINO DE SEPARACAO,QUEDA DE GARRAFAS,QUEDA DE GARRAFAS,EXACT_SAFE,1,1,1061.0,1.0,2026-06-03,2,LINHA002,P.EQ.LINHA,56271,SPRITE PET 2L FL (6) N.V 38G F840 L02,EMPACOTADORA 198/40 KIS LI02,,Sistema Elétrico,16.0,OBSERVACAO: QUEDA DE GFS NOS PINO DE SEPARAÇÃO | EQUIPAMENTO: EMPACOTADORA 198/40 KIS LI02 | CHAVE_1: Sistema Elétrico | SUBCHAVE:  | TIPO_PARADA: P.EQ.LINHA | LINHA: LINHA002
3094,QUEDA DE GFS NA MESA DE ENVOLVIMENTO / ABRINDO PACOTES,QUEDA DE GFS NA MESA DE ENVOLVIMENTO ABRINDO PACOTES,FALHA DE ENVOLVIMENTO,FALHA DE ENVOLVIMENTO,EXACT_SAFE,1,1,1062.0,1.0,2026-06-03,2,LINHA002,P.EQ.LINHA,56271,SPRITE PET 2L FL (6) N.V 38G F840 L02,EMPACOTADORA 198/40 KIS LI02,,Sistema de Instrumentos e cont,34.0,OBSERVACAO: QUEDA DE GFS NA MESA DE ENVOLVIMENTO / ABRINDO PACOTES | EQUIPAMENTO: EMPACOTADORA 198/40 KIS LI02 | CHAVE_1: Sistema de Instrumentos e cont | SUBCHAVE:  | TIPO_PARADA: P.EQ.LINHA | LINHA: LINHA002
3095,QUEBRA DA ESTEIRA DA CURVA DO TRANSPORTE,QUEBRA DA ESTEIRA DA CURVA DO TRANSPORTE,QUEBRA DE ESTEIRA,QUEBRA DE ESTEIRA,EXACT_SAFE,1,1,1063.0,1.0,2026-06-03,2,LINHA002,P.EQ.LINHA,56271,SPRITE PET 2L FL (6) N.V 38G F840 L02,TRANSP PCTS EMPAC PAL TRECHO 2,,Sistema de instrumentos e cont,48.0,OBSERVACAO: QUEBRA DA ESTEIRA DA CURVA DO TRANSPORTE | EQUIPAMENTO: TRANSP PCTS EMPAC PAL TRECHO 2 | CHAVE_1: Sistema de instrumentos e cont | SUBCHAVE:  | TIPO_PARADA: P.EQ.LINHA | LINHA: LINHA002
3096,QUEBRA DA ESTEIRA DA CURVA,QUEBRA DA ESTEIRA DA CURVA,QUEBRA DE ESTEIRA,QUEBRA DE ESTEIRA,EXACT_SAFE,2,1,1064.0,1.0,2026-06-03,2,LINHA002,P.EQ.LINHA,56271,SPRITE PET 2L FL (6) N.V 38G F840 L02,TRANSP PCTS EMPAC PAL TRECHO 2,,Sistema de instrumentos e cont,44.0,OBSERVACAO: QUEBRA DA ESTEIRA DA CURVA | EQUIPAMENTO: TRANSP PCTS EMPAC PAL TRECHO 2 | CHAVE_1: Sistema de instrumentos e cont | SUBCHAVE:  | TIPO_PARADA: P.EQ.LINHA | LINHA: LINHA002
3106,FALHA NO REJEITO DE GARRAS TESTE NIVEL ALTO,FALHA NO REJEITO DE GARRAS TESTE NIVEL ALTO,FALHA DE ENCHIMENTO,FALHA DE ENCHIMENTO,EXACT_SAFE,1,1,1066.0,1.0,2026-06-03,2,LINHA006,P.EQ.LINHA,56298,CC PET 200ML FI (12) NV 14G LOLA T2G L06,INSPETOR CHECKMAT KRONES L06,,Sistema de rejeição,2.4,OBSERVACAO: FALHA NO REJEITO DE GARRAS TESTE NIVEL ALTO | EQUIPAMENTO: INSPETOR CHECKMAT KRONES L06 | CHAVE_1: Sistema de rejeição | SUBCHAVE:  | TIPO_PARADA: P.EQ.LINHA | LINHA: LINHA006
3112,FALHA DE COMUNICAÇÃO / MIXER - ENCHEDORA / DEFEITO REDE I/O PLC,FALHA DE COMUNICACAO MIXER ENCHEDORA DEFEITO REDE I O PLC,FALHA DE COMUNICAÇÃO,FALHA DE COMUNICACAO,EXACT_SAFE,1,1,1068.0,1.0,2026-06-05,3,LINHA004,P.EQ.LINHA,55404,CC LT 350ML FL (12) LT172 FL401 L04,PROPORCIONADOR STARBLEND SID L,Falha PLC,Sistema elétrico,40.48,OBSERVACAO: FALHA DE COMUNICAÇÃO / MIXER - ENCHEDORA / DEFEITO REDE I/O PLC | EQUIPAMENTO: PROPORCIONADOR STARBLEND SID L | CHAVE_1: Sistema elétrico | SUBCHAVE: Falha PLC | TIPO_PARADA: P.EQ.LINHA | LINHA: LINHA004
3113,FALHA NO IHM DESLIGANDO SOZINHO,FALHA NO IHM DESLIGANDO SOZINHO,FALHA DE IHM,FALHA DE IHM,EXACT_SAFE,1,1,1067.0,1.0,2026-06-05,3,LINHA004,P.EQ.LINHA,55404,CC LT 350ML FL (12) LT172 FL401 L04,ENCHEDORA STARCANS FM E 91 LI0,,Sistema de instrumentos e cont,2.98,OBSERVACAO: FALHA NO IHM DESLIGANDO SOZINHO | EQUIPAMENTO: ENCHEDORA STARCANS FM E 91 LI0 | CHAVE_1: Sistema de instrumentos e cont | SUBCHAVE:  | TIPO_PARADA: P.EQ.LINHA | LINHA: LINHA004
3116,FALA DE COMUNICAÇÃO DO CARBONATADOR 30008713849,FALA DE COMUNICACAO DO CARBONATADOR 30008713849,FALHA DE CARBONATAÇÃO,FALHA DE CARBONATACAO,EXACT_SAFE,1,1,1069.0,1.0,2026-06-05,2,LINHA006,P.EQ.LINHA,55935,CC PET 600ML FL (6) N.V 17G LOLA L06,CARBONATADOR KRONES L06,,Sistema elétrico,10.0,OBSERVACAO: FALA DE COMUNICAÇÃO DO CARBONATADOR 30008713849 | EQUIPAMENTO: CARBONATADOR KRONES L06 | CHAVE_1: Sistema elétrico | SUBCHAVE:  | TIPO_PARADA: P.EQ.LINHA | LINHA: LINHA006
3117,SENSOR PORTA SEGURANÇÃ DA LAVADORA DANIFICADO.,SENSOR PORTA SEGURANCA DA LAVADORA DANIFICADO,FALHA DE SENSOR,FALHA DE SENSOR,EXACT_SAFE,1,1,1070.0,1.0,2026-06-06,1,LINHA001,P.EQ.LINHA,56016,CCZR KS ULTRA 290ML (24) N.V ROL452 L01,LAVADORA GRFS DN1240105 H K LI,,Sistema Elétrico,15.47,OBSERVACAO: SENSOR PORTA SEGURANÇÃ DA LAVADORA DANIFICADO. | EQUIPAMENTO: LAVADORA GRFS DN1240105 H K LI | CHAVE_1: Sistema Elétrico | SUBCHAVE:  | TIPO_PARADA: P.EQ.LINHA | LINHA: LINHA001
3129,"ESTEIRA DA CURVA DE ENTRADA DA PALETIZADORA,ESTA ESCAPANDO",ESTEIRA DA CURVA DE ENTRADA DA PALETIZADORA ESTA ESCAPANDO,ESCAPE DE ESTEIRA,ESCAPE DE ESTEIRA,EXACT_SAFE,1,1,133.0,1.0,2026-01-15,2,LINHA005,P.EQ.LINHA,56327,"FT LAR PET RET 2L (9) 6,99 FENIX L05",TRANSP CXS GRFS CH PAL,Componentes transmissão danifi,Sistema Motriz,5.0,"OBSERVACAO: ESTEIRA DA CURVA DE ENTRADA DA PALETIZADORA,ESTA ESCAPANDO | EQUIPAMENTO: TRANSP CXS GRFS CH PAL | CHAVE_1: Sistema Motriz | SUBCHAVE: Componentes transmissão danifi | TIPO_PARADA: P.EQ.LINHA | LINHA: LINHA005"
3130,ESTEIRA DA CURVA DE ENTRADA DA PALETIZADORA ESTA ESCAPANDO,ESTEIRA DA CURVA DE ENTRADA DA PALETIZADORA ESTA ESCAPANDO,ESCAPE DE ESTEIRA,ESCAPE DE ESTEIRA,EXACT_SAFE,1,1,133.0,1.0,2026-01-15,2,LINHA005,P.EQ.LINHA,56327,"FT LAR PET RET 2L (9) 6,99 FENIX L05",TRANSP CXS GRFS CH PAL,Componentes transmissão danifi,Sistema Motriz,5.0,OBSERVACAO: ESTEIRA DA CURVA DE ENTRADA DA PALETIZADORA ESTA ESCAPANDO | EQUIPAMENTO: TRANSP CXS GRFS CH PAL | CHAVE_1: Sistema Motriz | SUBCHAVE: Componentes transmissão danifi | TIPO_PARADA: P.EQ.LINHA | LINHA: LINHA005
3131,DESARME DO ROBÔ,DESARME DO ROBO,FALHA DE ROBÔ,FALHA DE ROBO,EXACT_SAFE,1,1,1071.0,1.0,2026-06-06,2,LINHA006,P.EQ.LINHA,55935,CC PET 600ML FL (6) N.V 17G LOLA L06,PALETIZADORA OCME L06,,Sistema elétrico,14.76,OBSERVACAO: DESARME DO ROBÔ | EQUIPAMENTO: PALETIZADORA OCME L06 | CHAVE_1: Sistema elétrico | SUBCHAVE:  | TIPO_PARADA: P.EQ.LINHA | LINHA: LINHA006
3132,"PINÇA DA PRIMEIRA ESTRELA DE TRANSFERENCIA DA REFRIGERAÇÃO DE FUNDO DANIFICADO, OCASIONAND EXCESSO DE QUEDA DE GARRAFAS E FALHA DE MONITORAÇÃO",PINCA DA PRIMEIRA ESTRELA DE TRANSFERENCIA DA REFRIGERACAO DE FUNDO DANIFICADO OCASIONAND EXCESSO DE QUEDA DE GARRAFAS E FALHA DE MONITORACAO,FALHA DE PINÇA,FALHA DE PINCA,EXACT_SAFE,1,1,1072.0,1.0,2026-06-06,2,LINHA006,P.EQ.LINHA,55935,CC PET 600ML FL (6) N.V 17G LOLA L06,ENCHEDORA KRONES L06,Qualidade de peças,Estrutura,8.0,"OBSERVACAO: PINÇA DA PRIMEIRA ESTRELA DE TRANSFERENCIA DA REFRIGERAÇÃO DE FUNDO DANIFICADO, OCASIONAND EXCESSO DE QUEDA DE GARRAFAS E FALHA DE MONITORAÇÃO | EQUIPAMENTO: ENCHEDORA KRONES L06 | CHAVE_1: Estrutura | SUBCHAVE: Qualidade de peças | TIPO_PARADA: P.EQ.LINHA | LINHA: LINHA006"
3133,TROCA DA VENTOSA DO PEGADOR DE CHAPATEX,TROCA DA VENTOSA DO PEGADOR DE CHAPATEX,FALHA DE PEGADOR,FALHA DE PEGADOR,EXACT_SAFE,1,1,1073.0,1.0,2026-06-06,2,LINHA006,P.EQ.LINHA,55935,CC PET 600ML FL (6) N.V 17G LOLA L06,PALETIZADORA OCME L06,,Estrutura,4.0,OBSERVACAO: TROCA DA VENTOSA DO PEGADOR DE CHAPATEX | EQUIPAMENTO: PALETIZADORA OCME L06 | CHAVE_1: Estrutura | SUBCHAVE:  | TIPO_PARADA: P.EQ.LINHA | LINHA: LINHA006
3134,"VENTOSA DO PEGADOR DE CHAPATEX CAIU, OCASIONANDO FALHA NO TRAJETO",VENTOSA DO PEGADOR DE CHAPATEX CAIU OCASIONANDO FALHA NO TRAJETO,FALHA DE PEGADOR,FALHA DE PEGADOR,EXACT_SAFE,1,1,1074.0,1.0,2026-06-06,2,LINHA006,P.EQ.LINHA,55935,CC PET 600ML FL (6) N.V 17G LOLA L06,PALETIZADORA OCME L06,,Estrutura,6.0,"OBSERVACAO: VENTOSA DO PEGADOR DE CHAPATEX CAIU, OCASIONANDO FALHA NO TRAJETO | EQUIPAMENTO: PALETIZADORA OCME L06 | CHAVE_1: Estrutura | SUBCHAVE:  | TIPO_PARADA: P.EQ.LINHA | LINHA: LINHA006"
3135,ROBO TRAVOU NO TURNO 2 ( NECESSARIO FAZER RESET ),ROBO TRAVOU NO TURNO 2 NECESSARIO FAZER RESET,TRAVAMENTO DE ROBÔ,TRAVAMENTO DE ROBO,EXACT_SAFE,1,1,1075.0,1.0,2026-06-06,2,LINHA006,P.EQ.LINHA,55935,CC PET 600ML FL (6) N.V 17G LOLA L06,PALETIZADORA OCME L06,,Sistema elétrico,1.76,OBSERVACAO: ROBO TRAVOU NO TURNO 2 ( NECESSARIO FAZER RESET ) | EQUIPAMENTO: PALETIZADORA OCME L06 | CHAVE_1: Sistema elétrico | SUBCHAVE:  | TIPO_PARADA: P.EQ.LINHA | LINHA: LINHA006
3136,FALHA NA PEGA DOS CHAPATEX ( PROBLEMA NAS VENTOSAS ),FALHA NA PEGA DOS CHAPATEX PROBLEMA NAS VENTOSAS,FALHA DE PEGADOR,FALHA DE PEGADOR,EXACT_SAFE,1,1,1076.0,1.0,2026-06-06,2,LINHA006,P.EQ.LINHA,55935,CC PET 600ML FL (6) N.V 17G LOLA L06,PEGADOR DE CHAPATEX OCME L06,,,8.48,OBSERVACAO: FALHA NA PEGA DOS CHAPATEX ( PROBLEMA NAS VENTOSAS ) | EQUIPAMENTO: PEGADOR DE CHAPATEX OCME L06 | CHAVE_1:  | SUBCHAVE:  | TIPO_PARADA: P.EQ.LINHA | LINHA: LINHA006
3137,"FALHA DE ENCHIMENTO, LATAS SAINDO NIVEIS BAIXOS E VAZIAS",FALHA DE ENCHIMENTO LATAS SAINDO NIVEIS BAIXOS E VAZIAS,FALHA DE ENCHIMENTO,FALHA DE ENCHIMENTO,EXACT_SAFE,1,1,1077.0,1.0,2026-06-07,2,LINHA004,P.EQ.LINHA,55388,CCZR LT 350ML FL (6) N.V LT170 F540 L04,ENCHEDORA STARCANS FM E 91 LI0,,Sistema de enchimento,24.0,"OBSERVACAO: FALHA DE ENCHIMENTO, LATAS SAINDO NIVEIS BAIXOS E VAZIAS | EQUIPAMENTO: ENCHEDORA STARCANS FM E 91 LI0 | CHAVE_1: Sistema de enchimento | SUBCHAVE:  | TIPO_PARADA: P.EQ.LINHA | LINHA: LINHA004"
3139,TRAVAMENTO DE SEGMENTOS DE GARRAFAS NO REJEITOR EBS,TRAVAMENTO DE SEGMENTOS DE GARRAFAS NO REJEITOR EBS,TRAVAMENTO DE SEGMENTOS,TRAVAMENTO DE SEGMENTOS,EXACT_SAFE,1,1,1078.0,1.0,2026-06-08,3,LINHA005,P.EQ.LINHA,56326,"CCZR PET RET 2L (9) 7,99 L05",INSPETOR EBS,,Estrutura,8.0,OBSERVACAO: TRAVAMENTO DE SEGMENTOS DE GARRAFAS NO REJEITOR EBS | EQUIPAMENTO: INSPETOR EBS | CHAVE_1: Estrutura | SUBCHAVE:  | TIPO_PARADA: P.EQ.LINHA | LINHA: LINHA005
3175,ESTEIRA DA CURVA DE ENTRADA DA PALETIZADORA ESTA ESCAPANDO,ESTEIRA DA CURVA DE ENTRADA DA PALETIZADORA ESTA ESCAPANDO,ESCAPE DE ESTEIRA,ESCAPE DE ESTEIRA,EXACT_SAFE,1,1,133.0,1.0,2026-01-15,2,LINHA005,P.EQ.LINHA,56327,"FT LAR PET RET 2L (9) 6,99 FENIX L05",TRANSP CXS GRFS CH PAL,Componentes transmissão danifi,Sistema Motriz,5.0,OBSERVACAO: ESTEIRA DA CURVA DE ENTRADA DA PALETIZADORA ESTA ESCAPANDO | EQUIPAMENTO: TRANSP CXS GRFS CH PAL | CHAVE_1: Sistema Motriz | SUBCHAVE: Componentes transmissão danifi | TIPO_PARADA: P.EQ.LINHA | LINHA: LINHA005
3179,"FALHA NO MANIPULADOR,MASTERIZAÇÃO.",FALHA NO MANIPULADOR MASTERIZACAO,PERDA DE REFERÊNCIA,PERDA DE REFERENCIA,EXACT_SAFE,1,1,1081.0,1.0,2026-06-11,1,LINHA001,P.EQ.LINHA,56016,CCZR KS ULTRA 290ML (24) N.V ROL452 L01,PALETIZADORA,,,6.65,"OBSERVACAO: FALHA NO MANIPULADOR,MASTERIZAÇÃO. | EQUIPAMENTO: PALETIZADORA | CHAVE_1:  | SUBCHAVE:  | TIPO_PARADA: P.EQ.LINHA | LINHA: LINHA001"
3180,"QUEDA DE GARRAFAS SAIDA DA LAVADORA, GUIAS DE DESCARGA TORTA EM DESNIVEL COM TRANSPORTE. NOTA 13295726",QUEDA DE GARRAFAS SAIDA DA LAVADORA GUIAS DE DESCARGA TORTA EM DESNIVEL COM TRANSPORTE NOTA 13295726,DEFORMAÇÃO/DESALINHAMENTO DE GUIA,DEFORMACAO DESALINHAMENTO DE GUIA,EXACT_SAFE,2,1,1080.0,1.0,2026-06-11,1,LINHA001,P.EQ.LINHA,56016,CCZR KS ULTRA 290ML (24) N.V ROL452 L01,LAVADORA GRFS DN1240105 H K LI,,Estrutura,6.65,"OBSERVACAO: QUEDA DE GARRAFAS SAIDA DA LAVADORA, GUIAS DE DESCARGA TORTA EM DESNIVEL COM TRANSPORTE. NOTA 13295726 | EQUIPAMENTO: LAVADORA GRFS DN1240105 H K LI | CHAVE_1: Estrutura | SUBCHAVE:  | TIPO_PARADA: P.EQ.LINHA | LINHA: LINHA001"
3181,QUEBRA DA CORREIA DO CARACOL,QUEBRA DA CORREIA DO CARACOL,QUEBRA DE CORREIA,QUEBRA DE CORREIA,EXACT_SAFE,1,1,1083.0,1.0,2026-06-11,2,LINHA001,P.EQ.LINHA,56016,CCZR KS ULTRA 290ML (24) N.V ROL452 L01,ENCHEDORA VVF 63/12 H K LI01,,Sistema de instrumentos e cont,16.98,OBSERVACAO: QUEBRA DA CORREIA DO CARACOL | EQUIPAMENTO: ENCHEDORA VVF 63/12 H K LI01 | CHAVE_1: Sistema de instrumentos e cont | SUBCHAVE:  | TIPO_PARADA: P.EQ.LINHA | LINHA: LINHA001
3182,QUEBRA DA COPRREIA DO CARACOL,QUEBRA DA COPRREIA DO CARACOL,QUEBRA DE COMPONENTE,QUEBRA DE COMPONENTE,EXACT_SAFE,1,1,1084.0,1.0,2026-06-11,2,LINHA001,P.EQ.LINHA,56016,CCZR KS ULTRA 290ML (24) N.V ROL452 L01,ENCHEDORA VVF 63/12 H K LI01,,Sistema de instrumentos e cont,16.05,OBSERVACAO: QUEBRA DA COPRREIA DO CARACOL | EQUIPAMENTO: ENCHEDORA VVF 63/12 H K LI01 | CHAVE_1: Sistema de instrumentos e cont | SUBCHAVE:  | TIPO_PARADA: P.EQ.LINHA | LINHA: LINHA001
3183,"ROLETES TORTO,CAUSANDO ERRO NA FORMAÇÃO DA CAMADA",ROLETES TORTO CAUSANDO ERRO NA FORMACAO DA CAMADA,FALHA DE ROLETES,FALHA DE ROLETES,EXACT_SAFE,2,1,1085.0,1.0,2026-06-11,2,LINHA005,P.EQ.LINHA,55568,"CC PET RET 2L (9) 7,99 FIFA L05",PALETIZADORA ROBOKOMBI SID LI0,Rolo de transferencia danifica,Sistema motriz,3.0,"OBSERVACAO: ROLETES TORTO,CAUSANDO ERRO NA FORMAÇÃO DA CAMADA | EQUIPAMENTO: PALETIZADORA ROBOKOMBI SID LI0 | CHAVE_1: Sistema motriz | SUBCHAVE: Rolo de transferencia danifica | TIPO_PARADA: P.EQ.LINHA | LINHA: LINHA005"
3184,ESTRELA DE ENTRADA FORA DE SINCRONISMO,ESTRELA DE ENTRADA FORA DE SINCRONISMO,FALHA DE SINCRONISMO,FALHA DE SINCRONISMO,EXACT_SAFE,1,1,1087.0,1.0,2026-06-11,2,LINHA005,P.EQ.LINHA,55568,"CC PET RET 2L (9) 7,99 FIFA L05",DESCAPSULADOR 16 HEADS ACY LI0,,Sistema de instrumentos e cont,5.06,OBSERVACAO: ESTRELA DE ENTRADA FORA DE SINCRONISMO | EQUIPAMENTO: DESCAPSULADOR 16 HEADS ACY LI0 | CHAVE_1: Sistema de instrumentos e cont | SUBCHAVE:  | TIPO_PARADA: P.EQ.LINHA | LINHA: LINHA005
3185,TROCA DE MANGUEIRA DE AR,TROCA DE MANGUEIRA DE AR,FALHA DE MANGUEIRA PNEUMÁTICA,FALHA DE MANGUEIRA PNEUMATICA,EXACT_SAFE,1,1,1088.0,1.0,2026-06-11,2,LINHA005,P.EQ.LINHA,55568,"CC PET RET 2L (9) 7,99 FIFA L05",ROBO PALETIZADOR FAC LI05,,Sistema Pneumático,5.0,OBSERVACAO: TROCA DE MANGUEIRA DE AR | EQUIPAMENTO: ROBO PALETIZADOR FAC LI05 | CHAVE_1: Sistema Pneumático | SUBCHAVE:  | TIPO_PARADA: P.EQ.LINHA | LINHA: LINHA005
3186,FALHA NO SISTEMA LINEAR DO REJEITOR,FALHA NO SISTEMA LINEAR DO REJEITOR,FALHA DE REJEIÇÃO,FALHA DE REJEICAO,EXACT_SAFE,1,1,1089.0,1.0,2026-06-11,3,LINHA005,P.EQ.LINHA,55568,"CC PET RET 2L (9) 7,99 FIFA L05",INSPETOR GARRAFAS ENOS A 100 L,,Sistema Rejeitor,6.0,OBSERVACAO: FALHA NO SISTEMA LINEAR DO REJEITOR | EQUIPAMENTO: INSPETOR GARRAFAS ENOS A 100 L | CHAVE_1: Sistema Rejeitor | SUBCHAVE:  | TIPO_PARADA: P.EQ.LINHA | LINHA: LINHA005
3187,FALHA PRESSÃO NOS JATOS FINAIS,FALHA PRESSAO NOS JATOS FINAIS,FALHA DE PRESSÃO DOS JATOS,FALHA DE PRESSAO DOS JATOS,EXACT_SAFE,1,1,1090.0,1.0,2026-06-11,3,LINHA005,P.EQ.LINHA,55568,"CC PET RET 2L (9) 7,99 FIFA L05",LAVADORA GARRAFA 22/470 ZIE,,SISTEMA ELÉTRICO 22/470 ZIE 20,15.53,OBSERVACAO: FALHA PRESSÃO NOS JATOS FINAIS | EQUIPAMENTO: LAVADORA GARRAFA 22/470 ZIE | CHAVE_1: SISTEMA ELÉTRICO 22/470 ZIE 20 | SUBCHAVE:  | TIPO_PARADA: P.EQ.LINHA | LINHA: LINHA005
3190,FALHA PRESSÃO NOS JATOS FINAIS ORDEM: 30008731468,FALHA PRESSAO NOS JATOS FINAIS ORDEM 30008731468,FALHA DE PRESSÃO DOS JATOS,FALHA DE PRESSAO DOS JATOS,EXACT_SAFE,1,1,1091.0,1.0,2026-06-12,1,LINHA005,P.EQ.LINHA,55568,"CC PET RET 2L (9) 7,99 FIFA L05",LAVADORA GARRAFA 22/470 ZIE,,SISTEMA ELÉTRICO 22/470 ZIE 20,28.24,OBSERVACAO: FALHA PRESSÃO NOS JATOS FINAIS ORDEM: 30008731468 | EQUIPAMENTO: LAVADORA GARRAFA 22/470 ZIE | CHAVE_1: SISTEMA ELÉTRICO 22/470 ZIE 20 | SUBCHAVE:  | TIPO_PARADA: P.EQ.LINHA | LINHA: LINHA005
3192,"FALHA TROCA DE BANDEJA, OCASIONANDO ENROSCO DE ROTULOS DO AGREGADO 2",FALHA TROCA DE BANDEJA OCASIONANDO ENROSCO DE ROTULOS DO AGREGADO 2,FALHA NA TROCA DE BANDEJA,FALHA NA TROCA DE BANDEJA,EXACT_SAFE,1,1,1093.0,1.0,2026-06-12,1,LINHA005,P.EQ.LINHA,55568,"CC PET RET 2L (9) 7,99 FIFA L05",ROTULADORA MODULAR KRONES LI05,,Sistema Elétrico,7.53,"OBSERVACAO: FALHA TROCA DE BANDEJA, OCASIONANDO ENROSCO DE ROTULOS DO AGREGADO 2 | EQUIPAMENTO: ROTULADORA MODULAR KRONES LI05 | CHAVE_1: Sistema Elétrico | SUBCHAVE:  | TIPO_PARADA: P.EQ.LINHA | LINHA: LINHA005"
3193,FALHA VÁLVULA DE ÁGUA TQ 230008731468,FALHA VALVULA DE AGUA TQ 230008731468,FALHA DE VÁLVULA,FALHA DE VALVULA,EXACT_SAFE,1,1,1094.0,1.0,2026-06-12,2,LINHA005,P.EQ.LINHA,55568,"CC PET RET 2L (9) 7,99 FIFA L05",LAVADORA GARRAFA 22/470 ZIE,,SISTEMA PNEUMÁTICO 22/470 ZIE,12.0,OBSERVACAO: FALHA VÁLVULA DE ÁGUA TQ 230008731468 | EQUIPAMENTO: LAVADORA GARRAFA 22/470 ZIE | CHAVE_1: SISTEMA PNEUMÁTICO 22/470 ZIE | SUBCHAVE:  | TIPO_PARADA: P.EQ.LINHA | LINHA: LINHA005
3194,ESTEIRA DO TRANSPORTE PATINANDO,ESTEIRA DO TRANSPORTE PATINANDO,PATINAGEM DE ESTEIRA,PATINAGEM DE ESTEIRA,EXACT_SAFE,2,1,1095.0,1.0,2026-06-12,1,LINHA006,P.EQ.LINHA,55934,CCZR PET 600ML FL (6) L06,TRANSPORTE DE PACOTE OCME L06,,Sistema motriz,10.0,OBSERVACAO: ESTEIRA DO TRANSPORTE PATINANDO | EQUIPAMENTO: TRANSPORTE DE PACOTE OCME L06 | CHAVE_1: Sistema motriz | SUBCHAVE:  | TIPO_PARADA: P.EQ.LINHA | LINHA: LINHA006
3195,ESTEIRA DO TRANSPORTE PATINANDO,ESTEIRA DO TRANSPORTE PATINANDO,PATINAGEM DE ESTEIRA,PATINAGEM DE ESTEIRA,EXACT_SAFE,2,1,1095.0,1.0,2026-06-12,1,LINHA006,P.EQ.LINHA,55934,CCZR PET 600ML FL (6) L06,TRANSPORTE DE PACOTE OCME L06,,Sistema motriz,10.0,OBSERVACAO: ESTEIRA DO TRANSPORTE PATINANDO | EQUIPAMENTO: TRANSPORTE DE PACOTE OCME L06 | CHAVE_1: Sistema motriz | SUBCHAVE:  | TIPO_PARADA: P.EQ.LINHA | LINHA: LINHA006
3200,ESTEIRA NA CURVA DA PALETIZADORA ESCAPOU,ESTEIRA NA CURVA DA PALETIZADORA ESCAPOU,ESCAPE DE ESTEIRA,ESCAPE DE ESTEIRA,EXACT_SAFE,3,1,1097.0,1.0,2026-06-13,1,LINHA005,P.EQ.LINHA,56327,"FT LAR PET RET 2L (9) 7,49 FNX L05",TRANSP CXS GRFS CH PAL,,Sistema de instrumentos e cont,4.36,OBSERVACAO: ESTEIRA NA CURVA DA PALETIZADORA ESCAPOU | EQUIPAMENTO: TRANSP CXS GRFS CH PAL | CHAVE_1: Sistema de instrumentos e cont | SUBCHAVE:  | TIPO_PARADA: P.EQ.LINHA | LINHA: LINHA005
3201,FALHA SENSOR DE ENTRADAS DE CAIXAS ENCAIXOTADORA,FALHA SENSOR DE ENTRADAS DE CAIXAS ENCAIXOTADORA,FALHA DE SENSOR,FALHA DE SENSOR,EXACT_SAFE,1,1,1098.0,1.0,2026-06-13,1,LINHA005,P.EQ.LINHA,56327,"FT LAR PET RET 2L (9) 7,49 FNX L05",ENCAIXOTADORA SID LI05,,Sistema elétrico,8.0,OBSERVACAO: FALHA SENSOR DE ENTRADAS DE CAIXAS ENCAIXOTADORA | EQUIPAMENTO: ENCAIXOTADORA SID LI05 | CHAVE_1: Sistema elétrico | SUBCHAVE:  | TIPO_PARADA: P.EQ.LINHA | LINHA: LINHA005
3202,"FALHA BATEDOR DE CAIXAS, OCASIONANDO A FALHA PASSAGEM DE CAIXAS NA ENTRADA DA PALETIZADORA",FALHA BATEDOR DE CAIXAS OCASIONANDO A FALHA PASSAGEM DE CAIXAS NA ENTRADA DA PALETIZADORA,FALHA DE BATEDOR DE CAIXAS,FALHA DE BATEDOR DE CAIXAS,EXACT_SAFE,1,1,1099.0,1.0,2026-06-13,1,LINHA005,P.EQ.LINHA,56327,"FT LAR PET RET 2L (9) 7,49 FNX L05",PALETIZADORA ROBOKOMBI SID LI0,,Sistema de instrumentos e cont,7.36,"OBSERVACAO: FALHA BATEDOR DE CAIXAS, OCASIONANDO A FALHA PASSAGEM DE CAIXAS NA ENTRADA DA PALETIZADORA | EQUIPAMENTO: PALETIZADORA ROBOKOMBI SID LI0 | CHAVE_1: Sistema de instrumentos e cont | SUBCHAVE:  | TIPO_PARADA: P.EQ.LINHA | LINHA: LINHA005"
3203,TRAVAMENTO DO SEGMENTO,TRAVAMENTO DO SEGMENTO,TRAVAMENTO DE SEGMENTOS,TRAVAMENTO DE SEGMENTOS,EXACT_SAFE,2,1,171.0,1.0,2026-01-20,2,LINHA005,P.EQ.LINHA,55568,"CC PET RET 2L (9) 7,49 L05",INSPETOR GARRAFAS ENOS A 100 L,,Sistema Rejeitor,8.0,OBSERVACAO: TRAVAMENTO DO SEGMENTO | EQUIPAMENTO: INSPETOR GARRAFAS ENOS A 100 L | CHAVE_1: Sistema Rejeitor | SUBCHAVE:  | TIPO_PARADA: P.EQ.LINHA | LINHA: LINHA005
3208,FALHA NA BOMBA DE VÀCUO DA RAMPA DE SUBIDA DO FILME ORDEM 30008733922,FALHA NA BOMBA DE VACUO DA RAMPA DE SUBIDA DO FILME ORDEM 30008733922,FALHA DE BOMBA,FALHA DE BOMBA,EXACT_SAFE,1,1,1107.0,1.0,2026-06-13,2,LINHA003,P.EQ.LINHA,56561,FT LAR PET 200ML FI (12) 14G F611 L03,EMPACOTADORA VARIOPAC KRO LI03,,Sistema Elétrico,45.0,OBSERVACAO: FALHA NA BOMBA DE VÀCUO DA RAMPA DE SUBIDA DO FILME ORDEM 30008733922 | EQUIPAMENTO: EMPACOTADORA VARIOPAC KRO LI03 | CHAVE_1: Sistema Elétrico | SUBCHAVE:  | TIPO_PARADA: P.EQ.LINHA | LINHA: LINHA003
3232,INVERSOR PALETIZADORA QUEIMADO,INVERSOR PALETIZADORA QUEIMADO,FALHA DE INVERSOR,FALHA DE INVERSOR,EXACT_SAFE,1,1,1108.0,1.0,2026-06-15,1,LINHA003,P.EQ.LINHA,55569,CCZR PET 2L FL (6) N.V 38G T2G L03,PALETIZADORA ROBOT KRO LI03,,Sistema de instrumentos e cont,45.0,OBSERVACAO: INVERSOR PALETIZADORA QUEIMADO | EQUIPAMENTO: PALETIZADORA ROBOT KRO LI03 | CHAVE_1: Sistema de instrumentos e cont | SUBCHAVE:  | TIPO_PARADA: P.EQ.LINHA | LINHA: LINHA003
3233,ESTOURO DE FILME ENVOLVEDORA,ESTOURO DE FILME ENVOLVEDORA,ROMPIMENTO DE FILME,ROMPIMENTO DE FILME,EXACT_SAFE,1,1,1109.0,1.0,2026-06-15,1,LINHA003,P.EQ.LINHA,55569,CCZR PET 2L FL (6) N.V 38G T2G L03,ENVOLVEDORA ROB LI03,,Sistema de instrumentos e cont,7.5,OBSERVACAO: ESTOURO DE FILME ENVOLVEDORA | EQUIPAMENTO: ENVOLVEDORA ROB LI03 | CHAVE_1: Sistema de instrumentos e cont | SUBCHAVE:  | TIPO_PARADA: P.EQ.LINHA | LINHA: LINHA003
3234,FALHA NO INVERSOR DO MOTOR 232 ORDEM 30008740557,FALHA NO INVERSOR DO MOTOR 232 ORDEM 30008740557,FALHA DE INVERSOR,FALHA DE INVERSOR,EXACT_SAFE,1,1,1111.0,1.0,2026-06-16,3,LINHA005,P.EQ.LINHA,56326,"CCZR PET RET 2L (9) 7,99 L05",TRPTE GRFS CH ROTULAD ENCAIXOT,,Sistema Elétrico,3.65,OBSERVACAO: FALHA NO INVERSOR DO MOTOR 232 ORDEM 30008740557 | EQUIPAMENTO: TRPTE GRFS CH ROTULAD ENCAIXOT | CHAVE_1: Sistema Elétrico | SUBCHAVE:  | TIPO_PARADA: P.EQ.LINHA | LINHA: LINHA005
3235,FALHA NA RETIRADA DE TAMPAS PELA PINÇA,FALHA NA RETIRADA DE TAMPAS PELA PINCA,FALHA DE PINÇA,FALHA DE PINCA,EXACT_SAFE,1,1,1112.0,1.0,2026-06-16,3,LINHA005,P.EQ.LINHA,56326,"CCZR PET RET 2L (9) 7,99 L05",DESCAPSULADOR 16 HEADS ACY LI0,,Sistema de destampamento,3.53,OBSERVACAO: FALHA NA RETIRADA DE TAMPAS PELA PINÇA | EQUIPAMENTO: DESCAPSULADOR 16 HEADS ACY LI0 | CHAVE_1: Sistema de destampamento | SUBCHAVE:  | TIPO_PARADA: P.EQ.LINHA | LINHA: LINHA005
3255,"FALHA NA INSERÇÃO DE LATA FALSA, ATRASO NO INICIO E FINAL DE CIP - 30008743679",FALHA NA INSERCAO DE LATA FALSA ATRASO NO INICIO E FINAL DE CIP 30008743679,FALHA DE PINÇA,FALHA DE PINCA,EXACT_SAFE,1,1,1114.0,1.0,2026-06-17,2,LINHA004,P.EQ.LINHA,55388,CCZR LT 350ML FL (6) N.V LT170 F540 L04,ENCHEDORA STARCANS FM E 91 LI0,,Sistema de instrumentos e cont,36.26,"OBSERVACAO: FALHA NA INSERÇÃO DE LATA FALSA, ATRASO NO INICIO E FINAL DE CIP - 30008743679 | EQUIPAMENTO: ENCHEDORA STARCANS FM E 91 LI0 | CHAVE_1: Sistema de instrumentos e cont | SUBCHAVE:  | TIPO_PARADA: P.EQ.LINHA | LINHA: LINHA004"
3256,OFF ZERADO,OFF ZERADO,FALHA DE PARAMETRIZAÇÃO,FALHA DE PARAMETRIZACAO,EXACT_SAFE,1,1,1115.0,1.0,2026-06-17,2,LINHA004,P.EQ.LINHA,55388,CCZR LT 350ML FL (6) N.V LT170 F540 L04,PROPORCIONADOR STARBLEND SID L,Falha na rede de comunicção,Sistema elétrico,60.0,OBSERVACAO: OFF ZERADO | EQUIPAMENTO: PROPORCIONADOR STARBLEND SID L | CHAVE_1: Sistema elétrico | SUBCHAVE: Falha na rede de comunicção | TIPO_PARADA: P.EQ.LINHA | LINHA: LINHA004
3257,FALHA NA VALVULA MODULADORA DE CO2,FALHA NA VALVULA MODULADORA DE CO2,FALHA DE VÁLVULA MODULADORA,FALHA DE VALVULA MODULADORA,EXACT_SAFE,1,1,1116.0,1.0,2026-06-17,2,LINHA004,P.EQ.LINHA,55388,CCZR LT 350ML FL (6) N.V LT170 F540 L04,PROPORCIONADOR STARBLEND SID L,Painel de controle falha,Sistema elétrico,60.0,OBSERVACAO: FALHA NA VALVULA MODULADORA DE CO2 | EQUIPAMENTO: PROPORCIONADOR STARBLEND SID L | CHAVE_1: Sistema elétrico | SUBCHAVE: Painel de controle falha | TIPO_PARADA: P.EQ.LINHA | LINHA: LINHA004
3258,PARAMETRO DA VALVULA MODULADORA DE CO2 DE PRIMEIRA PRODUÇÃO ZERADA,PARAMETRO DA VALVULA MODULADORA DE CO2 DE PRIMEIRA PRODUCAO ZERADA,FALHA DE VÁLVULA MODULADORA,FALHA DE VALVULA MODULADORA,EXACT_SAFE,1,1,1117.0,1.0,2026-06-17,2,LINHA004,P.EQ.LINHA,55388,CCZR LT 350ML FL (6) N.V LT170 F540 L04,PROPORCIONADOR STARBLEND SID L,Sensor de segurança em falha,Sistema elétrico,17.7,OBSERVACAO: PARAMETRO DA VALVULA MODULADORA DE CO2 DE PRIMEIRA PRODUÇÃO ZERADA | EQUIPAMENTO: PROPORCIONADOR STARBLEND SID L | CHAVE_1: Sistema elétrico | SUBCHAVE: Sensor de segurança em falha | TIPO_PARADA: P.EQ.LINHA | LINHA: LINHA004
3259,"MANTA DANIFICADO, ROMPENDO O LACRE DA TAMPA, FOI REALIZADO A TROCA DE MANTA",MANTA DANIFICADO ROMPENDO O LACRE DA TAMPA FOI REALIZADO A TROCA DE MANTA,QUEBRA DE COMPONENTE,QUEBRA DE COMPONENTE,EXACT_SAFE,1,1,1118.0,1.0,2026-06-17,1,LINHA005,P.EQ.LINHA,56326,"CCZR PET RET 2L (9) 7,99 L05",CAPSULADORA EURO PK15 ACY LI05,,Sistema de Tampamento,5.0,"OBSERVACAO: MANTA DANIFICADO, ROMPENDO O LACRE DA TAMPA, FOI REALIZADO A TROCA DE MANTA | EQUIPAMENTO: CAPSULADORA EURO PK15 ACY LI05 | CHAVE_1: Sistema de Tampamento | SUBCHAVE:  | TIPO_PARADA: P.EQ.LINHA | LINHA: LINHA005"
3266,CRASH NO REJEITO DO INSPETOR,CRASH NO REJEITO DO INSPETOR,FALHA DE INSPEÇÃO,FALHA DE INSPECAO,EXACT_SAFE,2,1,1119.0,1.0,2026-06-18,3,LINHA001,P.EQ.LINHA,55957,CC KS ULTRA 290ML (24) N.V ROL372 L01,INSPETOR NIVEL HEU LI01,,Sistema Elétrico,0.72,OBSERVACAO: CRASH NO REJEITO DO INSPETOR | EQUIPAMENTO: INSPETOR NIVEL HEU LI01 | CHAVE_1: Sistema Elétrico | SUBCHAVE:  | TIPO_PARADA: P.EQ.LINHA | LINHA: LINHA001
3267,ENXAGUE ADD,ENXAGUE ADD,SEM MODO DE FALHA IDENTIFICADO,SEM MODO DE FALHA IDENTIFICADO,EXACT_SAFE,1,1,1121.0,1.0,2026-06-18,2,LINHA003,P.EQ.LINHA,56568,SPRITE PET 200ML FI (12) 14G F439 L03,ENCHEDORA EUROTRONICA FM LI03,,Sistema de enchimento,10.0,OBSERVACAO: ENXAGUE ADD | EQUIPAMENTO: ENCHEDORA EUROTRONICA FM LI03 | CHAVE_1: Sistema de enchimento | SUBCHAVE:  | TIPO_PARADA: P.EQ.LINHA | LINHA: LINHA003
3268,REPARO VALVULA 36,REPARO VALVULA 36,FALHA DE VEDAÇÃO DA VÁLVULA,FALHA DE VEDACAO DA VALVULA,EXACT_SAFE,1,1,1122.0,1.0,2026-06-18,2,LINHA003,P.EQ.LINHA,56568,SPRITE PET 200ML FI (12) 14G F439 L03,ENCHEDORA EUROTRONICA FM LI03,,Sistema de instrumentos e cont,6.21,OBSERVACAO: REPARO VALVULA 36 | EQUIPAMENTO: ENCHEDORA EUROTRONICA FM LI03 | CHAVE_1: Sistema de instrumentos e cont | SUBCHAVE:  | TIPO_PARADA: P.EQ.LINHA | LINHA: LINHA003
3269,FALHA NA CODIFICADORA - ORDEM: 30008745553,FALHA NA CODIFICADORA ORDEM 30008745553,FALHA DE CODIFICAÇÃO,FALHA DE CODIFICACAO,EXACT_SAFE,3,1,1123.0,1.0,2026-06-18,2,LINHA003,P.EQ.LINHA,56568,SPRITE PET 200ML FI (12) 14G F439 L03,CODIFICADORA 3320 VID LI03,,Sistema de Instrumentos e cont,20.0,OBSERVACAO: FALHA NA CODIFICADORA - ORDEM: 30008745553 | EQUIPAMENTO: CODIFICADORA 3320 VID LI03 | CHAVE_1: Sistema de Instrumentos e cont | SUBCHAVE:  | TIPO_PARADA: P.EQ.LINHA | LINHA: LINHA003
3270,MOTOR 201 E 202 DESARMOU - 30008745270,MOTOR 201 E 202 DESARMOU 30008745270,DESARME DE MOTOR,DESARME DE MOTOR,EXACT_SAFE,1,1,1128.0,1.0,2026-06-18,2,LINHA005,P.EQ.LINHA,55568,"CC PET RET 2L (9) 7,99 FIFA L05",TRANSP GRFS VZ LAV GRFS LINATR,,Sistema Elétrico,5.0,OBSERVACAO: MOTOR 201 E 202 DESARMOU - 30008745270 | EQUIPAMENTO: TRANSP GRFS VZ LAV GRFS LINATR | CHAVE_1: Sistema Elétrico | SUBCHAVE:  | TIPO_PARADA: P.EQ.LINHA | LINHA: LINHA005
3286,FALHA NO INVERSOR,FALHA NO INVERSOR,FALHA DE INVERSOR,FALHA DE INVERSOR,EXACT_SAFE,1,1,1604.0,1.0,2026-09-08,2,LINHA005,P.EQ.LINHA,56326,"CCZR PET RET 2L (9) 7,99 L05",DESPALETIZADOR SID LI05,,Sistema de instrumentos e cont,7.0,OBSERVACAO: FALHA NO INVERSOR | EQUIPAMENTO: DESPALETIZADOR SID LI05 | CHAVE_1: Sistema de instrumentos e cont | SUBCHAVE:  | TIPO_PARADA: P.EQ.LINHA | LINHA: LINHA005
3293,CARTÃO DE ALIMENTAÇÃO DO PLC QUEIMADO,CARTAO DE ALIMENTACAO DO PLC QUEIMADO,FALHA DE PLC,FALHA DE PLC,EXACT_SAFE,1,1,1129.0,1.0,2026-06-19,2,LINHA006,P.EQ.LINHA,55935,CC PET 600ML FL (6) N.V 17G LOLA L06,TÚNEL RETRAÇÃO OCME L06,,,17.44,OBSERVACAO: CARTÃO DE ALIMENTAÇÃO DO PLC QUEIMADO | EQUIPAMENTO: TÚNEL RETRAÇÃO OCME L06 | CHAVE_1:  | SUBCHAVE:  | TIPO_PARADA: P.EQ.LINHA | LINHA: LINHA006
3294,CARTÃO DE ALIMENTAÇÃO DO PLC QUEIMADO,CARTAO DE ALIMENTACAO DO PLC QUEIMADO,FALHA DE PLC,FALHA DE PLC,EXACT_SAFE,1,1,1129.0,1.0,2026-06-19,2,LINHA006,P.EQ.LINHA,55935,CC PET 600ML FL (6) N.V 17G LOLA L06,TÚNEL RETRAÇÃO OCME L06,,,17.44,OBSERVACAO: CARTÃO DE ALIMENTAÇÃO DO PLC QUEIMADO | EQUIPAMENTO: TÚNEL RETRAÇÃO OCME L06 | CHAVE_1:  | SUBCHAVE:  | TIPO_PARADA: P.EQ.LINHA | LINHA: LINHA006
3303,FALHA NO SENSOR DE TAMPA,FALHA NO SENSOR DE TAMPA,FALHA DE SENSOR,FALHA DE SENSOR,EXACT_SAFE,2,1,339.0,1.0,2026-02-05,2,LINHA002,P.EQ.LINHA,56424,CCMA PET 2L FL (6) N.V 38G LOLA T2G L02,ENCHEDORA KHS LI02,,Sistema elétrico,4.0,OBSERVACAO: FALHA NO SENSOR DE TAMPA | EQUIPAMENTO: ENCHEDORA KHS LI02 | CHAVE_1: Sistema elétrico | SUBCHAVE:  | TIPO_PARADA: P.EQ.LINHA | LINHA: LINHA002
3308,FALHA DE BARREIRA NO TRANSPORTE DE SAIDA DE PALETES VAZIOS,FALHA DE BARREIRA NO TRANSPORTE DE SAIDA DE PALETES VAZIOS,FALHA DE BARREIRA,FALHA DE BARREIRA,EXACT_SAFE,1,1,1140.0,1.0,2026-06-23,2,LINHA004,P.EQ.LINHA,55388,CCZR LT 350ML FL (6) N.V LT832 F540 L04,DESPALETIZADORA SID LI04,,Sistema de instrumentos e cont,5.0,OBSERVACAO: FALHA DE BARREIRA NO TRANSPORTE DE SAIDA DE PALETES VAZIOS | EQUIPAMENTO: DESPALETIZADORA SID LI04 | CHAVE_1: Sistema de instrumentos e cont | SUBCHAVE:  | TIPO_PARADA: P.EQ.LINHA | LINHA: LINHA004
3315,CABECOTE EMPENADO CAUSANDO FALHA NA PEGA DE GARRAFAS,CABECOTE EMPENADO CAUSANDO FALHA NA PEGA DE GARRAFAS,DEFORMAÇÃO DE CABEÇOTE,DEFORMACAO DE CABECOTE,EXACT_SAFE,1,1,1130.0,1.0,2026-06-20,2,LINHA001,P.EQ.LINHA,55609,"CC LS 1L (12) N.V 4,99 ROL412 L01",ENCAIXOTADORA VAN H K LI01,,Sistema de instrumentos e cont,6.67,OBSERVACAO: CABECOTE EMPENADO CAUSANDO FALHA NA PEGA DE GARRAFAS | EQUIPAMENTO: ENCAIXOTADORA VAN H K LI01 | CHAVE_1: Sistema de instrumentos e cont | SUBCHAVE:  | TIPO_PARADA: P.EQ.LINHA | LINHA: LINHA001
3316,"SUPORTE QUE POSICIONA O SENSOR DO TRANSPORTE DE GARRAFAS MESA PARA GRELHA ESTAVA DESFOCANDO, DESATIVANDO O TRANSPORTE",SUPORTE QUE POSICIONA O SENSOR DO TRANSPORTE DE GARRAFAS MESA PARA GRELHA ESTAVA DESFOCANDO DESATIVANDO O TRANSPORTE,FALHA DE SENSOR,FALHA DE SENSOR,EXACT_SAFE,1,1,1131.0,1.0,2026-06-20,2,LINHA001,P.EQ.LINHA,55609,"CC LS 1L (12) N.V 4,99 ROL412 L01",ENCAIXOTADORA VAN H K LI01,,Sistema elétrico,6.67,"OBSERVACAO: SUPORTE QUE POSICIONA O SENSOR DO TRANSPORTE DE GARRAFAS MESA PARA GRELHA ESTAVA DESFOCANDO, DESATIVANDO O TRANSPORTE | EQUIPAMENTO: ENCAIXOTADORA VAN H K LI01 | CHAVE_1: Sistema elétrico | SUBCHAVE:  | TIPO_PARADA: P.EQ.LINHA | LINHA: LINHA001"
3317,PISTAO DE ELEVAÇÃO DE GARRAFAS ENROSCANDO OCASIONANDO TRAVAMENTO,PISTAO DE ELEVACAO DE GARRAFAS ENROSCANDO OCASIONANDO TRAVAMENTO,TRAVAMENTO DE ATUADOR,TRAVAMENTO DE ATUADOR,EXACT_SAFE,1,1,1132.0,1.0,2026-06-20,2,LINHA001,P.EQ.LINHA,55609,"CC LS 1L (12) N.V 4,99 ROL412 L01",ENCHEDORA VVF 63/12 H K LI01,,Sistema pneumático,35.0,OBSERVACAO: PISTAO DE ELEVAÇÃO DE GARRAFAS ENROSCANDO OCASIONANDO TRAVAMENTO | EQUIPAMENTO: ENCHEDORA VVF 63/12 H K LI01 | CHAVE_1: Sistema pneumático | SUBCHAVE:  | TIPO_PARADA: P.EQ.LINHA | LINHA: LINHA001
3328,MOTOR 326 DESARMOU,MOTOR 326 DESARMOU,DESARME DE MOTOR,DESARME DE MOTOR,EXACT_SAFE,1,1,1133.0,1.0,2026-06-22,2,LINHA005,P.EQ.LINHA,55568,"CC PET RET 2L (9) 7,99 FIFA L05",TRANSP CXS GRFS CH PAL,,Sistema Elétrico,4.0,OBSERVACAO: MOTOR 326 DESARMOU | EQUIPAMENTO: TRANSP CXS GRFS CH PAL | CHAVE_1: Sistema Elétrico | SUBCHAVE:  | TIPO_PARADA: P.EQ.LINHA | LINHA: LINHA005
3330,FALHA NO LINATRONIC REINICIANDO SOZINHO ORDEM 30008753823,FALHA NO LINATRONIC REINICIANDO SOZINHO ORDEM 30008753823,FALHA DE INSPEÇÃO,FALHA DE INSPECAO,EXACT_SAFE,1,1,1136.0,1.0,2026-06-22,2,LINHA005,P.EQ.LINHA,55568,"CC PET RET 2L (9) 7,99 FIFA L05",INSP LINATRONIC M2 KRO LI05,,Sistema Elétrico,12.36,OBSERVACAO: FALHA NO LINATRONIC REINICIANDO SOZINHO ORDEM 30008753823 | EQUIPAMENTO: INSP LINATRONIC M2 KRO LI05 | CHAVE_1: Sistema Elétrico | SUBCHAVE:  | TIPO_PARADA: P.EQ.LINHA | LINHA: LINHA005
3341,QUEDA DE TEMPERATURA,QUEDA DE TEMPERATURA,FALHA DE CONTROLE DE TEMPERATURA,FALHA DE CONTROLE DE TEMPERATURA,EXACT_SAFE,1,1,565.0,1.0,2026-03-10,2,LINHA003,P.EQ.LINHA,55569,CCZR PET 2L FL (6) N.V 38G T2G L03,TÚNEL RETRACAO ST 92/2 KRO LI0,,Trpte túnel retração kro LI03,7.0,OBSERVACAO: QUEDA DE TEMPERATURA | EQUIPAMENTO: TÚNEL RETRACAO ST 92/2 KRO LI0 | CHAVE_1: Trpte túnel retração kro LI03 | SUBCHAVE:  | TIPO_PARADA: P.EQ.LINHA | LINHA: LINHA003
3348,"TANQUE DO CARBONATADOR ENTROU EM NIVEL MAXIMO, DESLIGANDO O MIXER E PARANDO O RETORNO DO CIP, NESCESSARIO AGUARDAR DESCER PARA NIVEL MINIMO",TANQUE DO CARBONATADOR ENTROU EM NIVEL MAXIMO DESLIGANDO O MIXER E PARANDO O RETORNO DO CIP NESCESSARIO AGUARDAR DESCER PARA NIVEL MINIMO,FALHA DE CARBONATAÇÃO,FALHA DE CARBONATACAO,EXACT_SAFE,1,1,1138.0,1.0,2026-06-23,2,LINHA004,P.EQ.LINHA,55388,CCZR LT 350ML FL (6) N.V LT832 F540 L04,PROPORCIONADOR STARBLEND SID L,,Circuito de cip,15.0,"OBSERVACAO: TANQUE DO CARBONATADOR ENTROU EM NIVEL MAXIMO, DESLIGANDO O MIXER E PARANDO O RETORNO DO CIP, NESCESSARIO AGUARDAR DESCER PARA NIVEL MINIMO | EQUIPAMENTO: PROPORCIONADOR STARBLEND SID L | CHAVE_1: Circuito de cip | SUBCHAVE:  | TIPO_PARADA: P.EQ.LINHA | LINHA: LINHA004"
3349,FALHA DE BARREIRA NO TRANSPORTE DE SAIDA DE PALETES VAZIOS,FALHA DE BARREIRA NO TRANSPORTE DE SAIDA DE PALETES VAZIOS,FALHA DE BARREIRA,FALHA DE BARREIRA,EXACT_SAFE,1,1,1140.0,1.0,2026-06-23,2,LINHA004,P.EQ.LINHA,55388,CCZR LT 350ML FL (6) N.V LT832 F540 L04,DESPALETIZADORA SID LI04,,Sistema de instrumentos e cont,5.0,OBSERVACAO: FALHA DE BARREIRA NO TRANSPORTE DE SAIDA DE PALETES VAZIOS | EQUIPAMENTO: DESPALETIZADORA SID LI04 | CHAVE_1: Sistema de instrumentos e cont | SUBCHAVE:  | TIPO_PARADA: P.EQ.LINHA | LINHA: LINHA004
3350,MANGUEIRA DE AR COMPRIMIDO DANIFICADA OCASIONANDO QUEDA DE CAMADA,MANGUEIRA DE AR COMPRIMIDO DANIFICADA OCASIONANDO QUEDA DE CAMADA,FALHA DE MANGUEIRA PNEUMÁTICA,FALHA DE MANGUEIRA PNEUMATICA,EXACT_SAFE,1,1,1141.0,1.0,2026-06-23,2,LINHA004,P.EQ.LINHA,55388,CCZR LT 350ML FL (6) N.V LT832 F540 L04,PALETIZADORA ROBOKOMBI SID LI0,Qualidade de peças,Estrutura,13.2,OBSERVACAO: MANGUEIRA DE AR COMPRIMIDO DANIFICADA OCASIONANDO QUEDA DE CAMADA | EQUIPAMENTO: PALETIZADORA ROBOKOMBI SID LI0 | CHAVE_1: Estrutura | SUBCHAVE: Qualidade de peças | TIPO_PARADA: P.EQ.LINHA | LINHA: LINHA004
3351,FALHA SENSOR NA PORTA DIANTEIRA,FALHA SENSOR NA PORTA DIANTEIRA,FALHA DE SENSOR,FALHA DE SENSOR,EXACT_SAFE,2,1,1142.0,1.0,2026-06-23,1,LINHA005,P.EQ.LINHA,55568,"CC PET RET 2L (9) 7,99 FIFA L05",DESENCAIXOTADORA SID LI05,,Sistema elétrico,12.36,OBSERVACAO: FALHA SENSOR NA PORTA DIANTEIRA | EQUIPAMENTO: DESENCAIXOTADORA SID LI05 | CHAVE_1: Sistema elétrico | SUBCHAVE:  | TIPO_PARADA: P.EQ.LINHA | LINHA: LINHA005
3352,ALTO INDICE FALSO REJEITO NO ENOS EBS,ALTO INDICE FALSO REJEITO NO ENOS EBS,FALHA DE REJEIÇÃO,FALHA DE REJEICAO,EXACT_SAFE,1,1,1144.0,1.0,2026-06-23,2,LINHA005,P.EQ.LINHA,55568,"CC PET RET 2L (9) 7,99 FIFA L05",INSPETOR EBS,,Estrutura,10.0,OBSERVACAO: ALTO INDICE FALSO REJEITO NO ENOS EBS | EQUIPAMENTO: INSPETOR EBS | CHAVE_1: Estrutura | SUBCHAVE:  | TIPO_PARADA: P.EQ.LINHA | LINHA: LINHA005
3353,"QUEDA DE GARRAFA NO RESFRIAMENTO DE FUNDO, TAMPANDO SENSOR DE NIVEL",QUEDA DE GARRAFA NO RESFRIAMENTO DE FUNDO TAMPANDO SENSOR DE NIVEL,FALHA DE SENSOR,FALHA DE SENSOR,EXACT_SAFE,1,1,1145.0,1.0,2026-06-23,2,LINHA006,P.EQ.LINHA,56298,CC PET 200ML FI (12) NV 14G LOLA T2G L06,ENCHEDORA KRONES L06,Qualidade de peças,Estrutura,1.4,"OBSERVACAO: QUEDA DE GARRAFA NO RESFRIAMENTO DE FUNDO, TAMPANDO SENSOR DE NIVEL | EQUIPAMENTO: ENCHEDORA KRONES L06 | CHAVE_1: Estrutura | SUBCHAVE: Qualidade de peças | TIPO_PARADA: P.EQ.LINHA | LINHA: LINHA006"
3354,PINÇA DERRUBANDO GARRAFA (NO SISTEMA DE RESFRIAMENTO DE FUNDO DA GARRAFA),PINCA DERRUBANDO GARRAFA NO SISTEMA DE RESFRIAMENTO DE FUNDO DA GARRAFA,QUEDA DE GARRAFAS,QUEDA DE GARRAFAS,EXACT_SAFE,2,1,1146.0,1.0,2026-06-23,2,LINHA006,P.EQ.LINHA,56298,CC PET 200ML FI (12) NV 14G LOLA T2G L06,ENCHEDORA KRONES L06,Qualidade de peças,Estrutura,2.4,OBSERVACAO: PINÇA DERRUBANDO GARRAFA (NO SISTEMA DE RESFRIAMENTO DE FUNDO DA GARRAFA) | EQUIPAMENTO: ENCHEDORA KRONES L06 | CHAVE_1: Estrutura | SUBCHAVE: Qualidade de peças | TIPO_PARADA: P.EQ.LINHA | LINHA: LINHA006
3355,LATAS FALSAS DANDO FALHA NO INSERIMENTO E NO DESINSERIMENTO ANTES E POS CIP,LATAS FALSAS DANDO FALHA NO INSERIMENTO E NO DESINSERIMENTO ANTES E POS CIP,FALHA NA INSERÇÃO DE LATAS,FALHA NA INSERCAO DE LATAS,EXACT_SAFE,1,1,1137.0,1.0,2026-06-23,2,LINHA004,P.EQ.LINHA,55388,CCZR LT 350ML FL (6) N.V LT832 F540 L04,ENCHEDORA STARCANS FM E 91 LI0,,Sistema de instrumentos e cont,15.0,OBSERVACAO: LATAS FALSAS DANDO FALHA NO INSERIMENTO E NO DESINSERIMENTO ANTES E POS CIP | EQUIPAMENTO: ENCHEDORA STARCANS FM E 91 LI0 | CHAVE_1: Sistema de instrumentos e cont | SUBCHAVE:  | TIPO_PARADA: P.EQ.LINHA | LINHA: LINHA004
3356,"TROCA DO MEDIDOR DA VALVULA Nº41, COLOCOU A Nº05 E NA Nº41 FOI COLOCADO OUTRA",TROCA DO MEDIDOR DA VALVULA N 41 COLOCOU A N 05 E NA N 41 FOI COLOCADO OUTRA,FALHA DE VÁLVULA,FALHA DE VALVULA,EXACT_SAFE,1,1,1139.0,1.0,2026-06-23,2,LINHA004,P.EQ.LINHA,55388,CCZR LT 350ML FL (6) N.V LT832 F540 L04,ENCHEDORA STARCANS FM E 91 LI0,,Sistema de enchimento,15.0,"OBSERVACAO: TROCA DO MEDIDOR DA VALVULA Nº41, COLOCOU A Nº05 E NA Nº41 FOI COLOCADO OUTRA | EQUIPAMENTO: ENCHEDORA STARCANS FM E 91 LI0 | CHAVE_1: Sistema de enchimento | SUBCHAVE:  | TIPO_PARADA: P.EQ.LINHA | LINHA: LINHA004"
3368,ESTRELA FORA SINCRONISMO - GARRAFA MAL CAPSULADA VAZAMENTO,ESTRELA FORA SINCRONISMO GARRAFA MAL CAPSULADA VAZAMENTO,FALHA DE SINCRONISMO,FALHA DE SINCRONISMO,EXACT_SAFE,1,1,1149.0,1.0,2026-06-24,1,LINHA005,P.EQ.LINHA,55568,"CC PET RET 2L (9) 7,99 FIFA L05",CAPSULADORA EURO PK15 ACY LI05,,Sistema de instrumentos e cont,6.0,OBSERVACAO: ESTRELA FORA SINCRONISMO - GARRAFA MAL CAPSULADA VAZAMENTO | EQUIPAMENTO: CAPSULADORA EURO PK15 ACY LI05 | CHAVE_1: Sistema de instrumentos e cont | SUBCHAVE:  | TIPO_PARADA: P.EQ.LINHA | LINHA: LINHA005
3369,EXCESSO FALSO REJEITO,EXCESSO FALSO REJEITO,FALHA DE REJEIÇÃO,FALHA DE REJEICAO,EXACT_SAFE,1,1,1150.0,1.0,2026-06-24,1,LINHA005,P.EQ.LINHA,55568,"CC PET RET 2L (9) 7,99 FIFA L05",INSPETOR EBS,,Estrutura,3.18,OBSERVACAO: EXCESSO FALSO REJEITO | EQUIPAMENTO: INSPETOR EBS | CHAVE_1: Estrutura | SUBCHAVE:  | TIPO_PARADA: P.EQ.LINHA | LINHA: LINHA005
3370,TRAVAMENTO DO SEGMENTO DE GARRAFAS NO ENOS MASSPEC,TRAVAMENTO DO SEGMENTO DE GARRAFAS NO ENOS MASSPEC,TRAVAMENTO DE SEGMENTOS,TRAVAMENTO DE SEGMENTOS,EXACT_SAFE,1,1,1151.0,1.0,2026-06-24,1,LINHA005,P.EQ.LINHA,55568,"CC PET RET 2L (9) 7,99 FIFA L05",ENOS MASS SPEC,,Estrutura,6.0,OBSERVACAO: TRAVAMENTO DO SEGMENTO DE GARRAFAS NO ENOS MASSPEC | EQUIPAMENTO: ENOS MASS SPEC | CHAVE_1: Estrutura | SUBCHAVE:  | TIPO_PARADA: P.EQ.LINHA | LINHA: LINHA005
3371,TRAVAMENTO SEGMENTO RETIRADA DE GARRAFA ERRADO,TRAVAMENTO SEGMENTO RETIRADA DE GARRAFA ERRADO,TRAVAMENTO DE SEGMENTOS,TRAVAMENTO DE SEGMENTOS,EXACT_SAFE,1,1,1152.0,1.0,2026-06-24,1,LINHA005,P.EQ.LINHA,55568,"CC PET RET 2L (9) 7,99 FIFA L05",INSPETOR GARRAFAS ENOS A 100 L,,Sistema de Instrumentos e Cont,4.0,OBSERVACAO: TRAVAMENTO SEGMENTO RETIRADA DE GARRAFA ERRADO | EQUIPAMENTO: INSPETOR GARRAFAS ENOS A 100 L | CHAVE_1: Sistema de Instrumentos e Cont | SUBCHAVE:  | TIPO_PARADA: P.EQ.LINHA | LINHA: LINHA005
3387,QUEBRA DA ENGRENAGEM DO TRANSPORTE DA HEUFT,QUEBRA DA ENGRENAGEM DO TRANSPORTE DA HEUFT,QUEBRA DE ENGRENAGEM,QUEBRA DE ENGRENAGEM,EXACT_SAFE,1,1,1153.0,1.0,2026-06-25,2,LINHA001,P.EQ.LINHA,55957,CC KS ULTRA 290ML (24) N.V ROL372 L01,TRANSP GRFS EBI ENCH,Qualidade de peças,Estrutura,39.25,OBSERVACAO: QUEBRA DA ENGRENAGEM DO TRANSPORTE DA HEUFT | EQUIPAMENTO: TRANSP GRFS EBI ENCH | CHAVE_1: Estrutura | SUBCHAVE: Qualidade de peças | TIPO_PARADA: P.EQ.LINHA | LINHA: LINHA001
3388,"FALHA NA CHAPA DE PASSAGEM, OCASIOMNANDO QUEDA DE GARRAFAS",FALHA NA CHAPA DE PASSAGEM OCASIOMNANDO QUEDA DE GARRAFAS,QUEDA DE GARRAFAS,QUEDA DE GARRAFAS,EXACT_SAFE,1,1,1155.0,1.0,2026-06-25,1,LINHA005,P.EQ.LINHA,55568,"CC PET RET 2L (9) 7,99 FIFA L05",DESENCAIXOTADORA SID LI05,,Sistema de instrumentos e cont,8.36,"OBSERVACAO: FALHA NA CHAPA DE PASSAGEM, OCASIOMNANDO QUEDA DE GARRAFAS | EQUIPAMENTO: DESENCAIXOTADORA SID LI05 | CHAVE_1: Sistema de instrumentos e cont | SUBCHAVE:  | TIPO_PARADA: P.EQ.LINHA | LINHA: LINHA005"
3389,ESCAPOU ESTEIRA NA CURVA DA PALETIZADORA,ESCAPOU ESTEIRA NA CURVA DA PALETIZADORA,ESCAPE DE ESTEIRA,ESCAPE DE ESTEIRA,EXACT_SAFE,1,1,1156.0,1.0,2026-06-25,1,LINHA005,P.EQ.LINHA,55568,"CC PET RET 2L (9) 7,99 FIFA L05",TRANSP CXS GRFS CH PAL,,Sistema de instrumentos e cont,4.0,OBSERVACAO: ESCAPOU ESTEIRA NA CURVA DA PALETIZADORA | EQUIPAMENTO: TRANSP CXS GRFS CH PAL | CHAVE_1: Sistema de instrumentos e cont | SUBCHAVE:  | TIPO_PARADA: P.EQ.LINHA | LINHA: LINHA005
3390,ESTEIRA NA CURVA DA PALETIZADORA ESCAPOU,ESTEIRA NA CURVA DA PALETIZADORA ESCAPOU,ESCAPE DE ESTEIRA,ESCAPE DE ESTEIRA,EXACT_SAFE,3,1,1097.0,1.0,2026-06-13,1,LINHA005,P.EQ.LINHA,56327,"FT LAR PET RET 2L (9) 7,49 FNX L05",TRANSP CXS GRFS CH PAL,,Sistema de instrumentos e cont,4.36,OBSERVACAO: ESTEIRA NA CURVA DA PALETIZADORA ESCAPOU | EQUIPAMENTO: TRANSP CXS GRFS CH PAL | CHAVE_1: Sistema de instrumentos e cont | SUBCHAVE:  | TIPO_PARADA: P.EQ.LINHA | LINHA: LINHA005
3391,ESTEIRA NA CURVA DA PALETIZADORA 2X,ESTEIRA NA CURVA DA PALETIZADORA 2X,FALHA DE ESTEIRA,FALHA DE ESTEIRA,EXACT_SAFE,1,1,1158.0,1.0,2026-06-25,1,LINHA005,P.EQ.LINHA,55568,"CC PET RET 2L (9) 7,99 FIFA L05",TRANSP CXS GRFS CH PAL,,Sistema de instrumentos e cont,6.0,OBSERVACAO: ESTEIRA NA CURVA DA PALETIZADORA 2X | EQUIPAMENTO: TRANSP CXS GRFS CH PAL | CHAVE_1: Sistema de instrumentos e cont | SUBCHAVE:  | TIPO_PARADA: P.EQ.LINHA | LINHA: LINHA005
3392,FALHA NA COMUNICAÇÃO BANDEIROLA,FALHA NA COMUNICACAO BANDEIROLA,FALHA DE COMUNICAÇÃO,FALHA DE COMUNICACAO,EXACT_SAFE,1,1,1159.0,1.0,2026-06-25,1,LINHA005,P.EQ.LINHA,55568,"CC PET RET 2L (9) 7,99 FIFA L05",LAVADORA GARRAFA 22/470 ZIE,,SISTEMA DESCARGA GARRAFA 22/47,13.41,OBSERVACAO: FALHA NA COMUNICAÇÃO BANDEIROLA | EQUIPAMENTO: LAVADORA GARRAFA 22/470 ZIE | CHAVE_1: SISTEMA DESCARGA GARRAFA 22/47 | SUBCHAVE:  | TIPO_PARADA: P.EQ.LINHA | LINHA: LINHA005
3393,ESTEIRA DA CURVA DA PALETIZADORA ESCAPANDO E IMPACTANDO A PRODUÇÃO,ESTEIRA DA CURVA DA PALETIZADORA ESCAPANDO E IMPACTANDO A PRODUCAO,ESCAPE DE ESTEIRA,ESCAPE DE ESTEIRA,EXACT_SAFE,1,1,1160.0,1.0,2026-06-25,2,LINHA005,P.EQ.LINHA,55568,"CC PET RET 2L (9) 7,99 FIFA L05",TRANSP CXS GRFS CH PAL,Engrenagem/Polia tração danifi,Sistema Motriz,5.0,OBSERVACAO: ESTEIRA DA CURVA DA PALETIZADORA ESCAPANDO E IMPACTANDO A PRODUÇÃO | EQUIPAMENTO: TRANSP CXS GRFS CH PAL | CHAVE_1: Sistema Motriz | SUBCHAVE: Engrenagem/Polia tração danifi | TIPO_PARADA: P.EQ.LINHA | LINHA: LINHA005
3394,"ESTEIRA DA CURVA DA PALETIZADORA COM DESGASTE, ESCAPANDO E GERANDO IMPACTO NA PRODUÇÃO",ESTEIRA DA CURVA DA PALETIZADORA COM DESGASTE ESCAPANDO E GERANDO IMPACTO NA PRODUCAO,ESCAPE DE ESTEIRA,ESCAPE DE ESTEIRA,EXACT_SAFE,2,1,1161.0,1.0,2026-06-25,2,LINHA005,P.EQ.LINHA,55568,"CC PET RET 2L (9) 7,99 FIFA L05",TRANSP CXS GRFS CH PAL,Engrenagem/Polia tração danifi,Sistema Motriz,4.18,"OBSERVACAO: ESTEIRA DA CURVA DA PALETIZADORA COM DESGASTE, ESCAPANDO E GERANDO IMPACTO NA PRODUÇÃO | EQUIPAMENTO: TRANSP CXS GRFS CH PAL | CHAVE_1: Sistema Motriz | SUBCHAVE: Engrenagem/Polia tração danifi | TIPO_PARADA: P.EQ.LINHA | LINHA: LINHA005"
3398,FALHA DE BARREIRA NO TRANSPORTE DE SAIDA DE PALETES VAZIOS,FALHA DE BARREIRA NO TRANSPORTE DE SAIDA DE PALETES VAZIOS,FALHA DE BARREIRA,FALHA DE BARREIRA,EXACT_SAFE,1,1,1140.0,1.0,2026-06-23,2,LINHA004,P.EQ.LINHA,55388,CCZR LT 350ML FL (6) N.V LT832 F540 L04,DESPALETIZADORA SID LI04,,Sistema de instrumentos e cont,5.0,OBSERVACAO: FALHA DE BARREIRA NO TRANSPORTE DE SAIDA DE PALETES VAZIOS | EQUIPAMENTO: DESPALETIZADORA SID LI04 | CHAVE_1: Sistema de instrumentos e cont | SUBCHAVE:  | TIPO_PARADA: P.EQ.LINHA | LINHA: LINHA004
3404,GARRAFA ATRASANDO NA SAIDA DO PINO DE SEPRÇÃO CAUSANDO QUEDA,GARRAFA ATRASANDO NA SAIDA DO PINO DE SEPRCAO CAUSANDO QUEDA,QUEDA DE GARRAFAS,QUEDA DE GARRAFAS,EXACT_SAFE,1,1,1163.0,1.0,2026-06-26,2,LINHA003,P.EQ.LINHA,55994,CCZR PET 1L FL (6) N.V 29G F710 L03,EMPACOTADORA VARIOPAC KRO LI03,,Sistema de Instrumentos e cont,4.5,OBSERVACAO: GARRAFA ATRASANDO NA SAIDA DO PINO DE SEPRÇÃO CAUSANDO QUEDA | EQUIPAMENTO: EMPACOTADORA VARIOPAC KRO LI03 | CHAVE_1: Sistema de Instrumentos e cont | SUBCHAVE:  | TIPO_PARADA: P.EQ.LINHA | LINHA: LINHA003
3405,ENVOLVEDORA PARANDO NO MEIO DO ENVOLVIMENTO E DANDO FALHA DE DADOS,ENVOLVEDORA PARANDO NO MEIO DO ENVOLVIMENTO E DANDO FALHA DE DADOS,FALHA DE ENVOLVIMENTO,FALHA DE ENVOLVIMENTO,EXACT_SAFE,2,1,1164.0,1.0,2026-06-26,2,LINHA003,P.EQ.LINHA,55994,CCZR PET 1L FL (6) N.V 29G F710 L03,ENVOLVEDORA ROB LI03,,Sistema de instrumentos e cont,29.5,OBSERVACAO: ENVOLVEDORA PARANDO NO MEIO DO ENVOLVIMENTO E DANDO FALHA DE DADOS | EQUIPAMENTO: ENVOLVEDORA ROB LI03 | CHAVE_1: Sistema de instrumentos e cont | SUBCHAVE:  | TIPO_PARADA: P.EQ.LINHA | LINHA: LINHA003
3413,"QUEDA DE GARRAFAS NO RESFRIAMENTO DE FUNDO, OCASIONANDO FALHA DE MONITORAÇÃO ( ORDEM 30008767469 )",QUEDA DE GARRAFAS NO RESFRIAMENTO DE FUNDO OCASIONANDO FALHA DE MONITORACAO ORDEM 30008767469,QUEDA DE GARRAFAS,QUEDA DE GARRAFAS,EXACT_SAFE,1,1,1167.0,1.0,2026-06-27,1,LINHA006,P.EQ.LINHA,56443,CCZR PET 200ML FI (12) N.V 14G T2G L06,ENCHEDORA KRONES L06,Qualidade de peças,Estrutura,13.92,"OBSERVACAO: QUEDA DE GARRAFAS NO RESFRIAMENTO DE FUNDO, OCASIONANDO FALHA DE MONITORAÇÃO ( ORDEM 30008767469 ) | EQUIPAMENTO: ENCHEDORA KRONES L06 | CHAVE_1: Estrutura | SUBCHAVE: Qualidade de peças | TIPO_PARADA: P.EQ.LINHA | LINHA: LINHA006"
3420,EQUIPAMENTO COM ALTO NÚMERO DE FALSO REJEITO.,EQUIPAMENTO COM ALTO NUMERO DE FALSO REJEITO,FALHA DE REJEIÇÃO,FALHA DE REJEICAO,EXACT_SAFE,1,1,1166.0,1.0,2026-06-27,1,LINHA005,P.EQ.LINHA,55568,"CC PET RET 2L (9) 7,99 FIFA L05",INSPETOR EBS,,Estrutura,9.18,OBSERVACAO: EQUIPAMENTO COM ALTO NÚMERO DE FALSO REJEITO. | EQUIPAMENTO: INSPETOR EBS | CHAVE_1: Estrutura | SUBCHAVE:  | TIPO_PARADA: P.EQ.LINHA | LINHA: LINHA005
3424,ESTEIRA DA CURVA DE ENTRADA DA PALETIZADORA ESCAPOU,ESTEIRA DA CURVA DE ENTRADA DA PALETIZADORA ESCAPOU,ESCAPE DE ESTEIRA,ESCAPE DE ESTEIRA,EXACT_SAFE,1,1,1199.0,1.0,2026-07-04,2,LINHA005,P.EQ.LINHA,55568,"CC PET RET 2L (9) 7,99 FIFA L05",TRANSP CXS GRFS CH PAL,Componentes transmissão danifi,Sistema Motriz,3.0,OBSERVACAO: ESTEIRA DA CURVA DE ENTRADA DA PALETIZADORA ESCAPOU | EQUIPAMENTO: TRANSP CXS GRFS CH PAL | CHAVE_1: Sistema Motriz | SUBCHAVE: Componentes transmissão danifi | TIPO_PARADA: P.EQ.LINHA | LINHA: LINHA005
3425,EQUIPAMENTO COM ALTO NÚMERO DE FALSO REJEITO.,EQUIPAMENTO COM ALTO NUMERO DE FALSO REJEITO,FALHA DE REJEIÇÃO,FALHA DE REJEICAO,EXACT_SAFE,1,1,1166.0,1.0,2026-06-27,1,LINHA005,P.EQ.LINHA,55568,"CC PET RET 2L (9) 7,99 FIFA L05",INSPETOR EBS,,Estrutura,9.18,OBSERVACAO: EQUIPAMENTO COM ALTO NÚMERO DE FALSO REJEITO. | EQUIPAMENTO: INSPETOR EBS | CHAVE_1: Estrutura | SUBCHAVE:  | TIPO_PARADA: P.EQ.LINHA | LINHA: LINHA005
3426,"QUEDA DE GARRAFAS NO RESFRIAMENTO DE FUNDO, PINÇA 4 DANIFICADA (ORDEM 30008768507)",QUEDA DE GARRAFAS NO RESFRIAMENTO DE FUNDO PINCA 4 DANIFICADA ORDEM 30008768507,FALHA DE PINÇA,FALHA DE PINCA,EXACT_SAFE,1,1,1168.0,1.0,2026-06-27,1,LINHA006,P.EQ.LINHA,56443,CCZR PET 200ML FI (12) N.V 14G T2G L06,ENCHEDORA KRONES L06,Qualidade de peças,Estrutura,8.16,"OBSERVACAO: QUEDA DE GARRAFAS NO RESFRIAMENTO DE FUNDO, PINÇA 4 DANIFICADA (ORDEM 30008768507) | EQUIPAMENTO: ENCHEDORA KRONES L06 | CHAVE_1: Estrutura | SUBCHAVE: Qualidade de peças | TIPO_PARADA: P.EQ.LINHA | LINHA: LINHA006"
3451,TROCA DE TULIPA RASGADA,TROCA DE TULIPA RASGADA,FALHA DE TULIPA,FALHA DE TULIPA,EXACT_SAFE,1,1,1169.0,1.0,2026-06-29,2,LINHA001,P.EQ.LINHA,55609,"CC LS 1L (12) N.V 4,99 ROL412 L01",ENCAIXOTADORA VAN H K LI01,,Sistema de instrumentos e cont,5.0,OBSERVACAO: TROCA DE TULIPA RASGADA | EQUIPAMENTO: ENCAIXOTADORA VAN H K LI01 | CHAVE_1: Sistema de instrumentos e cont | SUBCHAVE:  | TIPO_PARADA: P.EQ.LINHA | LINHA: LINHA001
3452,FALHA NO CORTE NO FILME (ORDEM: 30008771635),FALHA NO CORTE NO FILME ORDEM 30008771635,FALHA DE CORTE DE FILME,FALHA DE CORTE DE FILME,EXACT_SAFE,2,1,1172.0,1.0,2026-06-29,1,LINHA003,P.EQ.LINHA,56424,CCMA PET 2L FL (6) N.V 38G LOLA T2G L03,EMPACOTADORA VARIOPAC KRO LI03,,Sistema de Instrumentos e cont,6.0,OBSERVACAO: FALHA NO CORTE NO FILME (ORDEM: 30008771635) | EQUIPAMENTO: EMPACOTADORA VARIOPAC KRO LI03 | CHAVE_1: Sistema de Instrumentos e cont | SUBCHAVE:  | TIPO_PARADA: P.EQ.LINHA | LINHA: LINHA003
3454,FALHA NA SOLDA AUTOMATICA DO FILME LOGOMARCADO,FALHA NA SOLDA AUTOMATICA DO FILME LOGOMARCADO,FALHA DE SOLDA DE FILME,FALHA DE SOLDA DE FILME,EXACT_SAFE,2,1,1175.0,1.0,2026-06-29,3,LINHA004,P.EQ.LINHA,55445,FT LAR LT 350ML LMPM FI (6) L299 FEN L4,EMPACOTADORA SP 100V KIS LI04,,Sistema de Instrumentos e cont,20.0,OBSERVACAO: FALHA NA SOLDA AUTOMATICA DO FILME LOGOMARCADO | EQUIPAMENTO: EMPACOTADORA SP 100V KIS LI04 | CHAVE_1: Sistema de Instrumentos e cont | SUBCHAVE:  | TIPO_PARADA: P.EQ.LINHA | LINHA: LINHA004
3463,LONA DA MESA DE ENVOLVIMENTO PATINANDO,LONA DA MESA DE ENVOLVIMENTO PATINANDO,PATINAGEM DE ESTEIRA,PATINAGEM DE ESTEIRA,EXACT_SAFE,1,1,1177.0,1.0,2026-06-30,2,LINHA002,P.EQ.LINHA,56424,CCMA PET 2L FL (6) N.V 38G LOLA T2G L02,EMPACOTADORA 198/40 KIS LI02,,Sistema de Instrumentos e cont,48.0,OBSERVACAO: LONA DA MESA DE ENVOLVIMENTO PATINANDO | EQUIPAMENTO: EMPACOTADORA 198/40 KIS LI02 | CHAVE_1: Sistema de Instrumentos e cont | SUBCHAVE:  | TIPO_PARADA: P.EQ.LINHA | LINHA: LINHA002
3464,LONA DA ENTRADA DA PALETIZADORA RASGADA,LONA DA ENTRADA DA PALETIZADORA RASGADA,ROMPIMENTO DE ESTEIRA/LONA,ROMPIMENTO DE ESTEIRA LONA,EXACT_SAFE,1,1,1178.0,1.0,2026-06-30,2,LINHA002,P.EQ.LINHA,56424,CCMA PET 2L FL (6) N.V 38G LOLA T2G L02,PALETIZADORA KOMBI SID LI02,,Sistema de instrumentos e cont,10.0,OBSERVACAO: LONA DA ENTRADA DA PALETIZADORA RASGADA | EQUIPAMENTO: PALETIZADORA KOMBI SID LI02 | CHAVE_1: Sistema de instrumentos e cont | SUBCHAVE:  | TIPO_PARADA: P.EQ.LINHA | LINHA: LINHA002
3465,LONA PATINANDO OCASIONADO QUEDA E ESTOURO DE GARRAFAS NA MESA DE ENVOLVIMENTO,LONA PATINANDO OCASIONADO QUEDA E ESTOURO DE GARRAFAS NA MESA DE ENVOLVIMENTO,PATINAGEM DE ESTEIRA,PATINAGEM DE ESTEIRA,EXACT_SAFE,1,1,1179.0,1.0,2026-06-30,2,LINHA002,P.EQ.LINHA,56424,CCMA PET 2L FL (6) N.V 38G LOLA T2G L02,EMPACOTADORA 198/40 KIS LI02,,Sistema de Instrumentos e cont,10.0,OBSERVACAO: LONA PATINANDO OCASIONADO QUEDA E ESTOURO DE GARRAFAS NA MESA DE ENVOLVIMENTO | EQUIPAMENTO: EMPACOTADORA 198/40 KIS LI02 | CHAVE_1: Sistema de Instrumentos e cont | SUBCHAVE:  | TIPO_PARADA: P.EQ.LINHA | LINHA: LINHA002
3466,LONA PATINANDO OCASIONANDO QUEDA DE GARRAFAS NA MESA DE ENVOLVIMENTO,LONA PATINANDO OCASIONANDO QUEDA DE GARRAFAS NA MESA DE ENVOLVIMENTO,PATINAGEM DE ESTEIRA,PATINAGEM DE ESTEIRA,EXACT_SAFE,1,1,1180.0,1.0,2026-06-30,2,LINHA002,P.EQ.LINHA,56424,CCMA PET 2L FL (6) N.V 38G LOLA T2G L02,EMPACOTADORA 198/40 KIS LI02,,Sistema de Instrumentos e cont,12.0,OBSERVACAO: LONA PATINANDO OCASIONANDO QUEDA DE GARRAFAS NA MESA DE ENVOLVIMENTO | EQUIPAMENTO: EMPACOTADORA 198/40 KIS LI02 | CHAVE_1: Sistema de Instrumentos e cont | SUBCHAVE:  | TIPO_PARADA: P.EQ.LINHA | LINHA: LINHA002
3467,FALHA DE BARREIRA DE SEGURANÇA,FALHA DE BARREIRA DE SEGURANCA,FALHA DE BARREIRA,FALHA DE BARREIRA,EXACT_SAFE,1,1,1181.0,1.0,2026-06-30,2,LINHA002,P.EQ.LINHA,56424,CCMA PET 2L FL (6) N.V 38G LOLA T2G L02,ENVOLVEDORA ROB LI02,,Sistema de Segurança,40.0,OBSERVACAO: FALHA DE BARREIRA DE SEGURANÇA | EQUIPAMENTO: ENVOLVEDORA ROB LI02 | CHAVE_1: Sistema de Segurança | SUBCHAVE:  | TIPO_PARADA: P.EQ.LINHA | LINHA: LINHA002
3468,LONA PATINANDO CAUSANDO QUEDA DE GARRAFAS NA MESA DE ENVOLVIMENTO,LONA PATINANDO CAUSANDO QUEDA DE GARRAFAS NA MESA DE ENVOLVIMENTO,PATINAGEM DE ESTEIRA,PATINAGEM DE ESTEIRA,EXACT_SAFE,1,1,1182.0,1.0,2026-06-30,2,LINHA002,P.EQ.LINHA,56424,CCMA PET 2L FL (6) N.V 38G LOLA T2G L02,EMPACOTADORA 198/40 KIS LI02,,Sistema de Instrumentos e cont,27.0,OBSERVACAO: LONA PATINANDO CAUSANDO QUEDA DE GARRAFAS NA MESA DE ENVOLVIMENTO | EQUIPAMENTO: EMPACOTADORA 198/40 KIS LI02 | CHAVE_1: Sistema de Instrumentos e cont | SUBCHAVE:  | TIPO_PARADA: P.EQ.LINHA | LINHA: LINHA002
3469,AJUSTE DE SET UP ELETRICO,AJUSTE DE SET UP ELETRICO,SEM MODO DE FALHA IDENTIFICADO,SEM MODO DE FALHA IDENTIFICADO,EXACT_SAFE,1,1,1183.0,1.0,2026-06-30,3,LINHA004,P.EQ.LINHA,56223,CC LIGHT LT 310ML FL (6) N.V LT656 L04,INSP NIVEL SPECTRUM HEU LI04,,Sistema de Instrumentos e Cont,9.0,OBSERVACAO: AJUSTE DE SET UP ELETRICO | EQUIPAMENTO: INSP NIVEL SPECTRUM HEU LI04 | CHAVE_1: Sistema de Instrumentos e Cont | SUBCHAVE:  | TIPO_PARADA: P.EQ.LINHA | LINHA: LINHA004
3470,FALHA NO SISTEMA DE INSERIMENTO DE GARRAFAS FALSAS ANTES DO INICIO DO CIP,FALHA NO SISTEMA DE INSERIMENTO DE GARRAFAS FALSAS ANTES DO INICIO DO CIP,FALHA NA INSERÇÃO DE GARRAFAS FALSAS,FALHA NA INSERCAO DE GARRAFAS FALSAS,EXACT_SAFE,1,1,1184.0,1.0,2026-06-30,3,LINHA004,P.EQ.LINHA,56223,CC LIGHT LT 310ML FL (6) N.V LT656 L04,ENCHEDORA STARCANS FM E 91 LI0,,Sistema de instrumentos e cont,10.0,OBSERVACAO: FALHA NO SISTEMA DE INSERIMENTO DE GARRAFAS FALSAS ANTES DO INICIO DO CIP | EQUIPAMENTO: ENCHEDORA STARCANS FM E 91 LI0 | CHAVE_1: Sistema de instrumentos e cont | SUBCHAVE:  | TIPO_PARADA: P.EQ.LINHA | LINHA: LINHA004
3471,"FALHA DE ENCHIMENTO NAS VALVULAS Nº 15, 20, 25, 31, 51, 59, 65, E 77",FALHA DE ENCHIMENTO NAS VALVULAS N 15 20 25 31 51 59 65 E 77,FALHA DE VÁLVULA DE ENCHIMENTO,FALHA DE VALVULA DE ENCHIMENTO,EXACT_SAFE,1,1,1185.0,1.0,2026-06-30,3,LINHA004,P.EQ.LINHA,56223,CC LIGHT LT 310ML FL (6) N.V LT656 L04,ENCHEDORA STARCANS FM E 91 LI0,,Sistema de enchimento,30.0,"OBSERVACAO: FALHA DE ENCHIMENTO NAS VALVULAS Nº 15, 20, 25, 31, 51, 59, 65, E 77 | EQUIPAMENTO: ENCHEDORA STARCANS FM E 91 LI0 | CHAVE_1: Sistema de enchimento | SUBCHAVE:  | TIPO_PARADA: P.EQ.LINHA | LINHA: LINHA004"
3472,FALHA DE INVERSOR Nº 253,FALHA DE INVERSOR N 253,FALHA DE INVERSOR,FALHA DE INVERSOR,EXACT_SAFE,1,1,1186.0,1.0,2026-06-30,3,LINHA004,P.EQ.LINHA,56223,CC LIGHT LT 310ML FL (6) N.V LT656 L04,TRANSP LATAS CH WARMER EMPAC,,Sistema Elétrico,3.34,OBSERVACAO: FALHA DE INVERSOR Nº 253 | EQUIPAMENTO: TRANSP LATAS CH WARMER EMPAC | CHAVE_1: Sistema Elétrico | SUBCHAVE:  | TIPO_PARADA: P.EQ.LINHA | LINHA: LINHA004
3473,FALHA DE ENCHIMENTO NAS VALVULAS Nº 65,FALHA DE ENCHIMENTO NAS VALVULAS N 65,FALHA DE VÁLVULA DE ENCHIMENTO,FALHA DE VALVULA DE ENCHIMENTO,EXACT_SAFE,1,1,1187.0,1.0,2026-06-30,3,LINHA004,P.EQ.LINHA,56223,CC LIGHT LT 310ML FL (6) N.V LT656 L04,ENCHEDORA STARCANS FM E 91 LI0,,Sistema de enchimento,3.34,OBSERVACAO: FALHA DE ENCHIMENTO NAS VALVULAS Nº 65 | EQUIPAMENTO: ENCHEDORA STARCANS FM E 91 LI0 | CHAVE_1: Sistema de enchimento | SUBCHAVE:  | TIPO_PARADA: P.EQ.LINHA | LINHA: LINHA004
3475,FALHA DE ENCHIMENTO NAS VALVULAS Nº 65 E TROCA DA VALVULA,FALHA DE ENCHIMENTO NAS VALVULAS N 65 E TROCA DA VALVULA,FALHA DE VÁLVULA DE ENCHIMENTO,FALHA DE VALVULA DE ENCHIMENTO,EXACT_SAFE,1,1,1189.0,1.0,2026-06-30,3,LINHA004,P.EQ.LINHA,56223,CC LIGHT LT 310ML FL (6) N.V LT656 L04,ENCHEDORA STARCANS FM E 91 LI0,,Sistema de enchimento,15.07,OBSERVACAO: FALHA DE ENCHIMENTO NAS VALVULAS Nº 65 E TROCA DA VALVULA | EQUIPAMENTO: ENCHEDORA STARCANS FM E 91 LI0 | CHAVE_1: Sistema de enchimento | SUBCHAVE:  | TIPO_PARADA: P.EQ.LINHA | LINHA: LINHA004
3477,"FALHA DE ENCHIMENTO VALVULAS ALEATORIAS, EM VELOCIDADE NOMINAL, EXCESSO DE NIVEL BAIXO/ALTO",FALHA DE ENCHIMENTO VALVULAS ALEATORIAS EM VELOCIDADE NOMINAL EXCESSO DE NIVEL BAIXO ALTO,FALHA DE VÁLVULA DE ENCHIMENTO,FALHA DE VALVULA DE ENCHIMENTO,EXACT_SAFE,1,1,1191.0,1.0,2026-06-30,3,LINHA004,P.EQ.LINHA,56223,CC LIGHT LT 310ML FL (6) N.V LT656 L04,ENCHEDORA STARCANS FM E 91 LI0,,Sistema de enchimento,20.0,"OBSERVACAO: FALHA DE ENCHIMENTO VALVULAS ALEATORIAS, EM VELOCIDADE NOMINAL, EXCESSO DE NIVEL BAIXO/ALTO | EQUIPAMENTO: ENCHEDORA STARCANS FM E 91 LI0 | CHAVE_1: Sistema de enchimento | SUBCHAVE:  | TIPO_PARADA: P.EQ.LINHA | LINHA: LINHA004"
3492,QUEBRA DA ENGRENAGEM PLANETÁRIA ORDEM (30008775073),QUEBRA DA ENGRENAGEM PLANETARIA ORDEM 30008775073,QUEBRA DE ENGRENAGEM,QUEBRA DE ENGRENAGEM,EXACT_SAFE,1,1,1192.0,1.0,2026-07-01,2,LINHA002,P.EQ.LINHA,55569,CCZR PET 2L FL (6) NV 38G F840 L02,CAPSULADOR KHS LI02,,Sistema Pneumático,16.0,OBSERVACAO: QUEBRA DA ENGRENAGEM PLANETÁRIA ORDEM (30008775073) | EQUIPAMENTO: CAPSULADOR KHS LI02 | CHAVE_1: Sistema Pneumático | SUBCHAVE:  | TIPO_PARADA: P.EQ.LINHA | LINHA: LINHA002
3508,FALHA NO CALCULO DE CURVA DA RECEITA DE 200ML (ORDEM: 30008776224),FALHA NO CALCULO DE CURVA DA RECEITA DE 200ML ORDEM 30008776224,FALHA DE PARAMETRIZAÇÃO DE RECEITA,FALHA DE PARAMETRIZACAO DE RECEITA,EXACT_SAFE,1,1,1193.0,1.0,2026-07-02,1,LINHA003,P.EQ.LINHA,56255,SPT ZERO PET 200ML FI (12) L03,EMPACOTADORA VARIOPAC KRO LI03,,Sistema Elétrico,30.0,OBSERVACAO: FALHA NO CALCULO DE CURVA DA RECEITA DE 200ML (ORDEM: 30008776224) | EQUIPAMENTO: EMPACOTADORA VARIOPAC KRO LI03 | CHAVE_1: Sistema Elétrico | SUBCHAVE:  | TIPO_PARADA: P.EQ.LINHA | LINHA: LINHA003
3509,FALHAS NAS VIAS DE ENTRADA 01 E 02. ORDEM- 30008776244,FALHAS NAS VIAS DE ENTRADA 01 E 02 ORDEM 30008776244,SEM MODO DE FALHA IDENTIFICADO,SEM MODO DE FALHA IDENTIFICADO,EXACT_SAFE,1,1,1194.0,1.0,2026-07-02,1,LINHA003,P.EQ.LINHA,56255,SPT ZERO PET 200ML FI (12) L03,PALETIZADORA ROBOT KRO LI03,,Sistema elétrico,11.48,OBSERVACAO: FALHAS NAS VIAS DE ENTRADA 01 E 02. ORDEM- 30008776244 | EQUIPAMENTO: PALETIZADORA ROBOT KRO LI03 | CHAVE_1: Sistema elétrico | SUBCHAVE:  | TIPO_PARADA: P.EQ.LINHA | LINHA: LINHA003
3510,AJUSTE NO TORQUE ESTATICO DO CAPSULADOR,AJUSTE NO TORQUE ESTATICO DO CAPSULADOR,FALHA DE TAMPAMENTO,FALHA DE TAMPAMENTO,EXACT_SAFE,3,1,1195.0,1.0,2026-07-03,2,LINHA003,P.EQ.LINHA,56568,SPRITE PET 200ML FI (12) 14G F439 L03,CAPSULADORA EURO PK18 ACY LI03,,Sistema de Tampamento,6.74,OBSERVACAO: AJUSTE NO TORQUE ESTATICO DO CAPSULADOR | EQUIPAMENTO: CAPSULADORA EURO PK18 ACY LI03 | CHAVE_1: Sistema de Tampamento | SUBCHAVE:  | TIPO_PARADA: P.EQ.LINHA | LINHA: LINHA003
3522,ESTEIRA DA CURVA DE ENTRADA DA PALETIZADORA ESCAPOU,ESTEIRA DA CURVA DE ENTRADA DA PALETIZADORA ESCAPOU,ESCAPE DE ESTEIRA,ESCAPE DE ESTEIRA,EXACT_SAFE,1,1,1199.0,1.0,2026-07-04,2,LINHA005,P.EQ.LINHA,55568,"CC PET RET 2L (9) 7,99 FIFA L05",TRANSP CXS GRFS CH PAL,Componentes transmissão danifi,Sistema Motriz,3.0,OBSERVACAO: ESTEIRA DA CURVA DE ENTRADA DA PALETIZADORA ESCAPOU | EQUIPAMENTO: TRANSP CXS GRFS CH PAL | CHAVE_1: Sistema Motriz | SUBCHAVE: Componentes transmissão danifi | TIPO_PARADA: P.EQ.LINHA | LINHA: LINHA005
3528,FALHA ENCHIMENTO VÁLVULA 75 NÍVEL BAIXO,FALHA ENCHIMENTO VALVULA 75 NIVEL BAIXO,FALHA DE VÁLVULA DE ENCHIMENTO,FALHA DE VALVULA DE ENCHIMENTO,EXACT_SAFE,1,1,1198.0,1.0,2026-07-04,1,LINHA002,P.EQ.LINHA,56424,CCMA PET 2L FL (6) N.V 38G LOLA T2G L02,ENCHEDORA KHS LI02,,Sistema de enchimento,26.0,OBSERVACAO: FALHA ENCHIMENTO VÁLVULA 75 NÍVEL BAIXO | EQUIPAMENTO: ENCHEDORA KHS LI02 | CHAVE_1: Sistema de enchimento | SUBCHAVE:  | TIPO_PARADA: P.EQ.LINHA | LINHA: LINHA002
3529,ESTEIRA DA CURVA DE ENTRADA DA PALETIZADORA ESCAPOU,ESTEIRA DA CURVA DE ENTRADA DA PALETIZADORA ESCAPOU,ESCAPE DE ESTEIRA,ESCAPE DE ESTEIRA,EXACT_SAFE,1,1,1199.0,1.0,2026-07-04,2,LINHA005,P.EQ.LINHA,55568,"CC PET RET 2L (9) 7,99 FIFA L05",TRANSP CXS GRFS CH PAL,Componentes transmissão danifi,Sistema Motriz,3.0,OBSERVACAO: ESTEIRA DA CURVA DE ENTRADA DA PALETIZADORA ESCAPOU | EQUIPAMENTO: TRANSP CXS GRFS CH PAL | CHAVE_1: Sistema Motriz | SUBCHAVE: Componentes transmissão danifi | TIPO_PARADA: P.EQ.LINHA | LINHA: LINHA005
3535,AJUSTE NO CAPSULADOR SAINDO TAMPA TORTA ORDEM 30008783122,AJUSTE NO CAPSULADOR SAINDO TAMPA TORTA ORDEM 30008783122,FALHA DE TAMPAMENTO,FALHA DE TAMPAMENTO,EXACT_SAFE,2,1,1200.0,1.0,2026-07-04,2,LINHA003,P.EQ.LINHA,56568,SPRITE PET 200ML FI (12) 14G F439 L03,CAPSULADORA EURO PK18 ACY LI03,,Sistema de instrumentos e cont,13.71,OBSERVACAO: AJUSTE NO CAPSULADOR SAINDO TAMPA TORTA ORDEM 30008783122 | EQUIPAMENTO: CAPSULADORA EURO PK18 ACY LI03 | CHAVE_1: Sistema de instrumentos e cont | SUBCHAVE:  | TIPO_PARADA: P.EQ.LINHA | LINHA: LINHA003
3537,RÉGUA DE ENVOLVIMENTO SE PREDEU NO CICLO,REGUA DE ENVOLVIMENTO SE PREDEU NO CICLO,FALHA DE ENVOLVIMENTO,FALHA DE ENVOLVIMENTO,EXACT_SAFE,1,1,1203.0,1.0,2026-07-06,2,LINHA002,P.EQ.LINHA,55732,SPRITE SA PET 2L FL (6) N.V 38G T2G L02,EMPACOTADORA 198/40 KIS LI02,,Sistema de vácuo,16.0,OBSERVACAO: RÉGUA DE ENVOLVIMENTO SE PREDEU NO CICLO | EQUIPAMENTO: EMPACOTADORA 198/40 KIS LI02 | CHAVE_1: Sistema de vácuo | SUBCHAVE:  | TIPO_PARADA: P.EQ.LINHA | LINHA: LINHA002
3538,"CHECK MATE CARTÃO CORROMPIDO, PERDEU CONFIGURAÇÃO",CHECK MATE CARTAO CORROMPIDO PERDEU CONFIGURACAO,FALHA DE INSPEÇÃO,FALHA DE INSPECAO,EXACT_SAFE,1,1,1204.0,1.0,2026-07-06,1,LINHA005,P.EQ.LINHA,55568,"CC PET RET 2L (9) 7,99 FIFA L05",ROTULADORA MODULAR KRONES LI05,,Sistema Elétrico,28.24,"OBSERVACAO: CHECK MATE CARTÃO CORROMPIDO, PERDEU CONFIGURAÇÃO | EQUIPAMENTO: ROTULADORA MODULAR KRONES LI05 | CHAVE_1: Sistema Elétrico | SUBCHAVE:  | TIPO_PARADA: P.EQ.LINHA | LINHA: LINHA005"
3543,AJUSTE NO TORQUE ESTATICO DO CAPSULADOR DE 11 FOI PARA 13 ORDEM 30008784877,AJUSTE NO TORQUE ESTATICO DO CAPSULADOR DE 11 FOI PARA 13 ORDEM 30008784877,FALHA DE TAMPAMENTO,FALHA DE TAMPAMENTO,EXACT_SAFE,1,1,1205.0,1.0,2026-07-06,2,LINHA003,P.EQ.LINHA,56561,FT LAR PET 200ML FI (12) 14G F611 L03,CAPSULADORA EURO PK18 ACY LI03,,Sistema de instrumentos e cont,13.2,OBSERVACAO: AJUSTE NO TORQUE ESTATICO DO CAPSULADOR DE 11 FOI PARA 13 ORDEM 30008784877 | EQUIPAMENTO: CAPSULADORA EURO PK18 ACY LI03 | CHAVE_1: Sistema de instrumentos e cont | SUBCHAVE:  | TIPO_PARADA: P.EQ.LINHA | LINHA: LINHA003
3544,FIXAÇÃO DE SENSOR DA GRELHA / 13319949,FIXACAO DE SENSOR DA GRELHA 13319949,FALHA DE SENSOR,FALHA DE SENSOR,EXACT_SAFE,1,1,1206.0,1.0,2026-07-07,1,LINHA001,P.EQ.LINHA,55609,"CC LS 1L (12) N.V 4,99 ROL412 L01",DESENCAIX VAN 1351441 H K LI01,,Sistema elétrico,6.67,OBSERVACAO: FIXAÇÃO DE SENSOR DA GRELHA / 13319949 | EQUIPAMENTO: DESENCAIX VAN 1351441 H K LI01 | CHAVE_1: Sistema elétrico | SUBCHAVE:  | TIPO_PARADA: P.EQ.LINHA | LINHA: LINHA001
3545,TRANSPORTE TRECHO ENCA SAIU DO LUGAR E APÓS REARME DO MOTOR,TRANSPORTE TRECHO ENCA SAIU DO LUGAR E APOS REARME DO MOTOR,FALHA DE MOTOR,FALHA DE MOTOR,EXACT_SAFE,1,1,1207.0,1.0,2026-07-07,1,LINHA001,P.EQ.LINHA,55609,"CC LS 1L (12) N.V 4,99 ROL412 L01",TRANSPORTE DE CAIXAS,,,1.33,OBSERVACAO: TRANSPORTE TRECHO ENCA SAIU DO LUGAR E APÓS REARME DO MOTOR | EQUIPAMENTO: TRANSPORTE DE CAIXAS | CHAVE_1:  | SUBCHAVE:  | TIPO_PARADA: P.EQ.LINHA | LINHA: LINHA001
3546,"FALHANA PEGA DE GARRAFAS DEVIDO TULIPA FURADA, REALIZADA A TROCA",FALHANA PEGA DE GARRAFAS DEVIDO TULIPA FURADA REALIZADA A TROCA,FALHA DE TULIPA,FALHA DE TULIPA,EXACT_SAFE,1,1,1208.0,1.0,2026-07-07,2,LINHA001,P.EQ.LINHA,55609,"CC LS 1L (12) N.V 4,99 ROL412 L01",ENCAIXOTADORA VAN H K LI01,,Estrutura,10.0,"OBSERVACAO: FALHANA PEGA DE GARRAFAS DEVIDO TULIPA FURADA, REALIZADA A TROCA | EQUIPAMENTO: ENCAIXOTADORA VAN H K LI01 | CHAVE_1: Estrutura | SUBCHAVE:  | TIPO_PARADA: P.EQ.LINHA | LINHA: LINHA001"
3547,"QUEBRA DO BICO DO TUBO DE AR, TROCA DA PEÇA DE SUSTENTAÇÃO DO TUBO DE AR",QUEBRA DO BICO DO TUBO DE AR TROCA DA PECA DE SUSTENTACAO DO TUBO DE AR,QUEBRA DE COMPONENTE,QUEBRA DE COMPONENTE,EXACT_SAFE,1,1,1209.0,1.0,2026-07-07,2,LINHA001,P.EQ.LINHA,55609,"CC LS 1L (12) N.V 4,99 ROL412 L01",ENCAIXOTADORA VAN H K LI01,,Estrutura,18.0,"OBSERVACAO: QUEBRA DO BICO DO TUBO DE AR, TROCA DA PEÇA DE SUSTENTAÇÃO DO TUBO DE AR | EQUIPAMENTO: ENCAIXOTADORA VAN H K LI01 | CHAVE_1: Estrutura | SUBCHAVE:  | TIPO_PARADA: P.EQ.LINHA | LINHA: LINHA001"
3552,LATAS COLAPSANDO DURANTE PARTIDA E PRODUÇÃO - ATUAÇÃO TIME FERRUM,LATAS COLAPSANDO DURANTE PARTIDA E PRODUCAO ATUACAO TIME FERRUM,COLAPSO DE LATAS,COLAPSO DE LATAS,EXACT_SAFE,3,1,1217.0,1.0,2026-07-08,3,LINHA004,P.EQ.LINHA,55404,CC LT 350ML FL (12) N.V LT881 TP CDL L04,RECRAVADORA 708 G FRR LI04,,Sistema de Instrumentos e cont,12.0,OBSERVACAO: LATAS COLAPSANDO DURANTE PARTIDA E PRODUÇÃO - ATUAÇÃO TIME FERRUM | EQUIPAMENTO: RECRAVADORA 708 G FRR LI04 | CHAVE_1: Sistema de Instrumentos e cont | SUBCHAVE:  | TIPO_PARADA: P.EQ.LINHA | LINHA: LINHA004
3556,EXCESSO DE REJEITO POR TAMPA TORTA,EXCESSO DE REJEITO POR TAMPA TORTA,FALHA DE REJEIÇÃO,FALHA DE REJEICAO,EXACT_SAFE,1,1,1210.0,1.0,2026-07-07,1,LINHA003,P.EQ.LINHA,56568,SPRITE PET 200ML FI (12) 14G F439 L03,CAPSULADORA EURO PK18 ACY LI03,,Sistema de instrumentos e cont,16.97,OBSERVACAO: EXCESSO DE REJEITO POR TAMPA TORTA | EQUIPAMENTO: CAPSULADORA EURO PK18 ACY LI03 | CHAVE_1: Sistema de instrumentos e cont | SUBCHAVE:  | TIPO_PARADA: P.EQ.LINHA | LINHA: LINHA003
3557,"FALHA NO NO BREAK, FALHA NO MOTOR PRINCIPAL",FALHA NO NO BREAK FALHA NO MOTOR PRINCIPAL,FALHA DE NOBREAK,FALHA DE NOBREAK,EXACT_SAFE,1,1,1211.0,1.0,2026-07-08,1,LINHA001,P.EQ.LINHA,55957,CC KS ULTRA 290ML (24) N.V ROL372 L01,ENCHEDORA VVF 63/12 H K LI01,,Sistema elétrico,12.58,"OBSERVACAO: FALHA NO NO BREAK, FALHA NO MOTOR PRINCIPAL | EQUIPAMENTO: ENCHEDORA VVF 63/12 H K LI01 | CHAVE_1: Sistema elétrico | SUBCHAVE:  | TIPO_PARADA: P.EQ.LINHA | LINHA: LINHA001"
3558,AJUSTE SETUP DO INSPETOR DE NIVEL,AJUSTE SETUP DO INSPETOR DE NIVEL,FALHA DE INSPEÇÃO,FALHA DE INSPECAO,EXACT_SAFE,1,1,1212.0,1.0,2026-07-08,1,LINHA001,P.EQ.LINHA,55957,CC KS ULTRA 290ML (24) N.V ROL372 L01,INSPETOR NIVEL HEU LI01,,Sistema Elétrico,5.0,OBSERVACAO: AJUSTE SETUP DO INSPETOR DE NIVEL | EQUIPAMENTO: INSPETOR NIVEL HEU LI01 | CHAVE_1: Sistema Elétrico | SUBCHAVE:  | TIPO_PARADA: P.EQ.LINHA | LINHA: LINHA001
3559,TAMPA METALICA AMASSANDO DENTRO DO ARROLHADOR E CAUSANDO PARADA,TAMPA METALICA AMASSANDO DENTRO DO ARROLHADOR E CAUSANDO PARADA,AMASSAMENTO DE LATAS,AMASSAMENTO DE LATAS,EXACT_SAFE,1,1,1213.0,1.0,2026-07-08,1,LINHA001,P.EQ.LINHA,55957,CC KS ULTRA 290ML (24) N.V ROL372 L01,LACRADOR TAMPAS H K LI01,,Conjunto arrolhador,7.58,OBSERVACAO: TAMPA METALICA AMASSANDO DENTRO DO ARROLHADOR E CAUSANDO PARADA | EQUIPAMENTO: LACRADOR TAMPAS H K LI01 | CHAVE_1: Conjunto arrolhador | SUBCHAVE:  | TIPO_PARADA: P.EQ.LINHA | LINHA: LINHA001
3560,QUEBRA DO PARAFUSO DE FIXAÇÃO DA MOLA DA RESISTÊNCIA DO CORTE DO FILME – ORDEM 30008787475,QUEBRA DO PARAFUSO DE FIXACAO DA MOLA DA RESISTENCIA DO CORTE DO FILME ORDEM 30008787475,FALHA DE CORTE DE FILME,FALHA DE CORTE DE FILME,EXACT_SAFE,1,1,1214.0,1.0,2026-07-08,2,LINHA003,P.EQ.LINHA,56424,CCMA PET 2L FL (6) N.V 38G LOLA T2G L03,ENVOLVEDORA ROB LI03,,Sistema de instrumentos e cont,5.89,OBSERVACAO: QUEBRA DO PARAFUSO DE FIXAÇÃO DA MOLA DA RESISTÊNCIA DO CORTE DO FILME – ORDEM 30008787475 | EQUIPAMENTO: ENVOLVEDORA ROB LI03 | CHAVE_1: Sistema de instrumentos e cont | SUBCHAVE:  | TIPO_PARADA: P.EQ.LINHA | LINHA: LINHA003
3561,CENTRADOR DIREITO COM A CHAPINHA DE ALCANCE DO SENSOR QUEBRADA (ORDEM 30008787752),CENTRADOR DIREITO COM A CHAPINHA DE ALCANCE DO SENSOR QUEBRADA ORDEM 30008787752,FALHA DE SENSOR,FALHA DE SENSOR,EXACT_SAFE,2,1,1215.0,1.0,2026-07-08,2,LINHA003,P.EQ.LINHA,56424,CCMA PET 2L FL (6) N.V 38G LOLA T2G L03,PALETIZADORA ROBOT KRO LI03,Qualidade de peças,Estrutura,20.0,OBSERVACAO: CENTRADOR DIREITO COM A CHAPINHA DE ALCANCE DO SENSOR QUEBRADA (ORDEM 30008787752) | EQUIPAMENTO: PALETIZADORA ROBOT KRO LI03 | CHAVE_1: Estrutura | SUBCHAVE: Qualidade de peças | TIPO_PARADA: P.EQ.LINHA | LINHA: LINHA003
3562,REJEITO EXCESSIVO DE GARRAFAS BOAS,REJEITO EXCESSIVO DE GARRAFAS BOAS,FALHA DE REJEIÇÃO,FALHA DE REJEICAO,EXACT_SAFE,3,1,1221.0,1.0,2026-07-08,3,LINHA005,P.EQ.LINHA,56326,"CCZR PET RET 2L (9) 7,99 L05",INSPETOR EBS,,Estrutura,7.59,OBSERVACAO: REJEITO EXCESSIVO DE GARRAFAS BOAS | EQUIPAMENTO: INSPETOR EBS | CHAVE_1: Estrutura | SUBCHAVE:  | TIPO_PARADA: P.EQ.LINHA | LINHA: LINHA005
3564,LATAS COLAPSANDO DURANTE PARTIDA E PRODUÇÃO EM VELOCIDADE NOMINAL - ATUAÇÃO TIME FERRUM,LATAS COLAPSANDO DURANTE PARTIDA E PRODUCAO EM VELOCIDADE NOMINAL ATUACAO TIME FERRUM,COLAPSO DE LATAS,COLAPSO DE LATAS,EXACT_SAFE,1,1,1220.0,1.0,2026-07-08,3,LINHA004,P.EQ.LINHA,55404,CC LT 350ML FL (12) N.V LT881 TP CDL L04,RECRAVADORA 708 G FRR LI04,,Sistema de Instrumentos e cont,9.31,OBSERVACAO: LATAS COLAPSANDO DURANTE PARTIDA E PRODUÇÃO EM VELOCIDADE NOMINAL - ATUAÇÃO TIME FERRUM | EQUIPAMENTO: RECRAVADORA 708 G FRR LI04 | CHAVE_1: Sistema de Instrumentos e cont | SUBCHAVE:  | TIPO_PARADA: P.EQ.LINHA | LINHA: LINHA004
3574,LATAS COLAPSANDO DURANTE PARTIDA E PRODUÇÃO - ATUAÇÃO TIME FERRUM,LATAS COLAPSANDO DURANTE PARTIDA E PRODUCAO ATUACAO TIME FERRUM,COLAPSO DE LATAS,COLAPSO DE LATAS,EXACT_SAFE,3,1,1217.0,1.0,2026-07-08,3,LINHA004,P.EQ.LINHA,55404,CC LT 350ML FL (12) N.V LT881 TP CDL L04,RECRAVADORA 708 G FRR LI04,,Sistema de Instrumentos e cont,12.0,OBSERVACAO: LATAS COLAPSANDO DURANTE PARTIDA E PRODUÇÃO - ATUAÇÃO TIME FERRUM | EQUIPAMENTO: RECRAVADORA 708 G FRR LI04 | CHAVE_1: Sistema de Instrumentos e cont | SUBCHAVE:  | TIPO_PARADA: P.EQ.LINHA | LINHA: LINHA004
3577,CHAPA DO SUPORTE DO ENCONDER SOLTOU,CHAPA DO SUPORTE DO ENCONDER SOLTOU,FALHA DE ENCODER,FALHA DE ENCODER,EXACT_SAFE,1,1,1224.0,1.0,2026-07-09,3,LINHA005,P.EQ.LINHA,56326,"CCZR PET RET 2L (9) 7,99 L05",INSPETOR GARRAFAS ENOS A 100 L,,Estrutura,7.83,OBSERVACAO: CHAPA DO SUPORTE DO ENCONDER SOLTOU | EQUIPAMENTO: INSPETOR GARRAFAS ENOS A 100 L | CHAVE_1: Estrutura | SUBCHAVE:  | TIPO_PARADA: P.EQ.LINHA | LINHA: LINHA005
3607,"SETUP RECRAVADORA, TIME FERRUM JUNTO COM MANUTENÇÃO",SETUP RECRAVADORA TIME FERRUM JUNTO COM MANUTENCAO,FALHA DE RECRAVAÇÃO,FALHA DE RECRAVACAO,EXACT_SAFE,1,1,1225.0,1.0,2026-07-09,2,LINHA004,P.EQ.LINHA,56061,CCZR LT 310ML FI (6) N.V LT916 F859 L04,RECRAVADORA 708 G FRR LI04,,Sistema de Instrumentos e cont,31.3,"OBSERVACAO: SETUP RECRAVADORA, TIME FERRUM JUNTO COM MANUTENÇÃO | EQUIPAMENTO: RECRAVADORA 708 G FRR LI04 | CHAVE_1: Sistema de Instrumentos e cont | SUBCHAVE:  | TIPO_PARADA: P.EQ.LINHA | LINHA: LINHA004"
3608,"EXCESSO DE LATAS BOAS, AJUSTE NA PRESCCO",EXCESSO DE LATAS BOAS AJUSTE NA PRESCCO,SEM MODO DE FALHA IDENTIFICADO,SEM MODO DE FALHA IDENTIFICADO,EXACT_SAFE,1,1,1226.0,1.0,2026-07-09,2,LINHA004,P.EQ.LINHA,56061,CCZR LT 310ML FI (6) N.V LT916 F859 L04,INSPETOR LATAS VAZIAS PSO LI04,,Sistema de Instrumentos e Cont,8.0,"OBSERVACAO: EXCESSO DE LATAS BOAS, AJUSTE NA PRESCCO | EQUIPAMENTO: INSPETOR LATAS VAZIAS PSO LI04 | CHAVE_1: Sistema de Instrumentos e Cont | SUBCHAVE:  | TIPO_PARADA: P.EQ.LINHA | LINHA: LINHA004"
3609,"FALTA DE CHAPA NA DESCIDA DO TWISTER, ENROSCANDO LATAS",FALTA DE CHAPA NA DESCIDA DO TWISTER ENROSCANDO LATAS,ENROSCO DE LATAS,ENROSCO DE LATAS,EXACT_SAFE,1,1,1227.0,1.0,2026-07-09,2,LINHA004,P.EQ.LINHA,56061,CCZR LT 310ML FI (6) N.V LT916 F859 L04,TRANSP LATAS CH ENCH WARMER,Qualidade de peças,Estrutura,7.0,"OBSERVACAO: FALTA DE CHAPA NA DESCIDA DO TWISTER, ENROSCANDO LATAS | EQUIPAMENTO: TRANSP LATAS CH ENCH WARMER | CHAVE_1: Estrutura | SUBCHAVE: Qualidade de peças | TIPO_PARADA: P.EQ.LINHA | LINHA: LINHA004"
3610,SETUP DA RECRAVADORA TIME FERRUM JUNTO COM MANUTENÇÃO,SETUP DA RECRAVADORA TIME FERRUM JUNTO COM MANUTENCAO,FALHA DE RECRAVAÇÃO,FALHA DE RECRAVACAO,EXACT_SAFE,1,1,1228.0,1.0,2026-07-09,2,LINHA004,P.EQ.LINHA,56061,CCZR LT 310ML FI (6) N.V LT916 F859 L04,RECRAVADORA 708 G FRR LI04,,Sistema de Instrumentos e cont,30.0,OBSERVACAO: SETUP DA RECRAVADORA TIME FERRUM JUNTO COM MANUTENÇÃO | EQUIPAMENTO: RECRAVADORA 708 G FRR LI04 | CHAVE_1: Sistema de Instrumentos e cont | SUBCHAVE:  | TIPO_PARADA: P.EQ.LINHA | LINHA: LINHA004
3611,TROCA DAS VENTOSAS DO CABECOTE 310 ML,TROCA DAS VENTOSAS DO CABECOTE 310 ML,FALHA DE VÁCUO,FALHA DE VACUO,EXACT_SAFE,1,1,1229.0,1.0,2026-07-09,2,LINHA004,P.EQ.LINHA,56061,CCZR LT 310ML FI (6) N.V LT916 F859 L04,PALETIZADORA ROBOKOMBI SID LI0,,Sistema de instrumentos e cont,27.0,OBSERVACAO: TROCA DAS VENTOSAS DO CABECOTE 310 ML | EQUIPAMENTO: PALETIZADORA ROBOKOMBI SID LI0 | CHAVE_1: Sistema de instrumentos e cont | SUBCHAVE:  | TIPO_PARADA: P.EQ.LINHA | LINHA: LINHA004
3612,AJUSTE NA RECRAVAÇÃO ( TECNICOS FERRUM),AJUSTE NA RECRAVACAO TECNICOS FERRUM,FALHA DE RECRAVAÇÃO,FALHA DE RECRAVACAO,EXACT_SAFE,2,1,1230.0,1.0,2026-07-09,2,LINHA004,P.EQ.LINHA,56061,CCZR LT 310ML FI (6) N.V LT916 F859 L04,RECRAVADORA 708 G FRR LI04,,SISTEMA CABECOTE 708 G FER,25.0,OBSERVACAO: AJUSTE NA RECRAVAÇÃO ( TECNICOS FERRUM) | EQUIPAMENTO: RECRAVADORA 708 G FRR LI04 | CHAVE_1: SISTEMA CABECOTE 708 G FER | SUBCHAVE:  | TIPO_PARADA: P.EQ.LINHA | LINHA: LINHA004
3613,VIRADOR DE CAIXAS PARADO DEVIDO A QUEDA DO ESPELHO DO SENSOR,VIRADOR DE CAIXAS PARADO DEVIDO A QUEDA DO ESPELHO DO SENSOR,FALHA DE SENSOR,FALHA DE SENSOR,EXACT_SAFE,1,1,1232.0,1.0,2026-07-10,2,LINHA005,P.EQ.LINHA,55568,"CC PET RET 2L (9) 7,99 L05",TRANSP PALETS CXS CH DESPAL,,Sistema Elétrico,5.0,OBSERVACAO: VIRADOR DE CAIXAS PARADO DEVIDO A QUEDA DO ESPELHO DO SENSOR | EQUIPAMENTO: TRANSP PALETS CXS CH DESPAL | CHAVE_1: Sistema Elétrico | SUBCHAVE:  | TIPO_PARADA: P.EQ.LINHA | LINHA: LINHA005
3614,ESTEIRA DA CURVA DA PALETIZADORA ESCAPANDO,ESTEIRA DA CURVA DA PALETIZADORA ESCAPANDO,ESCAPE DE ESTEIRA,ESCAPE DE ESTEIRA,EXACT_SAFE,1,1,1233.0,1.0,2026-07-10,2,LINHA005,P.EQ.LINHA,55568,"CC PET RET 2L (9) 7,99 L05",TRANSP CXS GRFS CH PAL,Engrenagem/Polia tração danifi,Sistema Motriz,7.0,OBSERVACAO: ESTEIRA DA CURVA DA PALETIZADORA ESCAPANDO | EQUIPAMENTO: TRANSP CXS GRFS CH PAL | CHAVE_1: Sistema Motriz | SUBCHAVE: Engrenagem/Polia tração danifi | TIPO_PARADA: P.EQ.LINHA | LINHA: LINHA005
3615,FALHA NA FORMAÇÃO DE CAMADAS DA PALETIZADORA DEVIDO AOS ROLETES DANIFICADOS,FALHA NA FORMACAO DE CAMADAS DA PALETIZADORA DEVIDO AOS ROLETES DANIFICADOS,FALHA DE ROLETES,FALHA DE ROLETES,EXACT_SAFE,1,1,1234.0,1.0,2026-07-10,2,LINHA005,P.EQ.LINHA,55568,"CC PET RET 2L (9) 7,99 L05",TRANSP CXS GRFS CH PAL,Suporte transportador danifica,Estrutura,4.0,OBSERVACAO: FALHA NA FORMAÇÃO DE CAMADAS DA PALETIZADORA DEVIDO AOS ROLETES DANIFICADOS | EQUIPAMENTO: TRANSP CXS GRFS CH PAL | CHAVE_1: Estrutura | SUBCHAVE: Suporte transportador danifica | TIPO_PARADA: P.EQ.LINHA | LINHA: LINHA005
3616,CHAPA DE TRANSFERENCIA DE GARRAFAS AMASSADA,CHAPA DE TRANSFERENCIA DE GARRAFAS AMASSADA,FALHA DE GUIA,FALHA DE GUIA,EXACT_SAFE,1,1,1235.0,1.0,2026-07-10,2,LINHA005,P.EQ.LINHA,55568,"CC PET RET 2L (9) 7,99 L05",ENCHEDORA EUROSTAR SID LI05,,Sistema de instrumentos e cont,20.0,OBSERVACAO: CHAPA DE TRANSFERENCIA DE GARRAFAS AMASSADA | EQUIPAMENTO: ENCHEDORA EUROSTAR SID LI05 | CHAVE_1: Sistema de instrumentos e cont | SUBCHAVE:  | TIPO_PARADA: P.EQ.LINHA | LINHA: LINHA005
3617,ESTEIRA DO TRANSPORTE DE ENTRADA DA PALETIZADORA SAIU FORA DE POSIÇÃO,ESTEIRA DO TRANSPORTE DE ENTRADA DA PALETIZADORA SAIU FORA DE POSICAO,ESCAPE DE ESTEIRA,ESCAPE DE ESTEIRA,EXACT_SAFE,1,1,1236.0,1.0,2026-07-10,2,LINHA005,P.EQ.LINHA,55568,"CC PET RET 2L (9) 7,99 L05",TRANSP CXS GRFS CH PAL,Cadeia de transmissão desajust,Sistema Motriz,3.53,OBSERVACAO: ESTEIRA DO TRANSPORTE DE ENTRADA DA PALETIZADORA SAIU FORA DE POSIÇÃO | EQUIPAMENTO: TRANSP CXS GRFS CH PAL | CHAVE_1: Sistema Motriz | SUBCHAVE: Cadeia de transmissão desajust | TIPO_PARADA: P.EQ.LINHA | LINHA: LINHA005
3618,FALHA NO SENSOR DE VALVULA DE ENCHIMENTO,FALHA NO SENSOR DE VALVULA DE ENCHIMENTO,FALHA DE SENSOR,FALHA DE SENSOR,EXACT_SAFE,1,1,1237.0,1.0,2026-07-10,3,LINHA005,P.EQ.LINHA,55568,"CC PET RET 2L (9) 7,99 L05",ENCHEDORA EUROSTAR SID LI05,,Sistema elétrico,12.36,OBSERVACAO: FALHA NO SENSOR DE VALVULA DE ENCHIMENTO | EQUIPAMENTO: ENCHEDORA EUROSTAR SID LI05 | CHAVE_1: Sistema elétrico | SUBCHAVE:  | TIPO_PARADA: P.EQ.LINHA | LINHA: LINHA005
3619,FALHA NO SENSOR DE ABERTURA DAS VALVULA OCASIONADO ABERTURA DAS VALVULAS E PERCA DA PRESSÃO DA ENCHEDORA,FALHA NO SENSOR DE ABERTURA DAS VALVULA OCASIONADO ABERTURA DAS VALVULAS E PERCA DA PRESSAO DA ENCHEDORA,FALHA DE SENSOR,FALHA DE SENSOR,EXACT_SAFE,1,1,1238.0,1.0,2026-07-10,3,LINHA005,P.EQ.LINHA,55568,"CC PET RET 2L (9) 7,99 L05",ENCHEDORA EUROSTAR SID LI05,,Sistema elétrico,60.0,OBSERVACAO: FALHA NO SENSOR DE ABERTURA DAS VALVULA OCASIONADO ABERTURA DAS VALVULAS E PERCA DA PRESSÃO DA ENCHEDORA | EQUIPAMENTO: ENCHEDORA EUROSTAR SID LI05 | CHAVE_1: Sistema elétrico | SUBCHAVE:  | TIPO_PARADA: P.EQ.LINHA | LINHA: LINHA005
3620,"AJUSTE NA RECRAVADORA, EQUIPE FERRUM",AJUSTE NA RECRAVADORA EQUIPE FERRUM,FALHA DE RECRAVAÇÃO,FALHA DE RECRAVACAO,EXACT_SAFE,1,1,1240.0,1.0,2026-07-10,2,LINHA004,P.EQ.LINHA,56335,CCZR LT 220ML FI (6) LT888 TP PRETA L04,RECRAVADORA 708 G FRR LI04,,Sistema de Instrumentos e cont,27.28,"OBSERVACAO: AJUSTE NA RECRAVADORA, EQUIPE FERRUM | EQUIPAMENTO: RECRAVADORA 708 G FRR LI04 | CHAVE_1: Sistema de Instrumentos e cont | SUBCHAVE:  | TIPO_PARADA: P.EQ.LINHA | LINHA: LINHA004"
3621,AJUSTES DOS TECNICOS DA FERRUM,AJUSTES DOS TECNICOS DA FERRUM,DESALINHAMENTO MECÂNICO,DESALINHAMENTO MECANICO,EXACT_SAFE,2,1,1241.0,1.0,2026-07-10,2,LINHA004,P.EQ.LINHA,56335,CCZR LT 220ML FI (6) LT888 TP PRETA L04,RECRAVADORA 708 G FRR LI04,,Sistema de Instrumentos e cont,6.46,OBSERVACAO: AJUSTES DOS TECNICOS DA FERRUM | EQUIPAMENTO: RECRAVADORA 708 G FRR LI04 | CHAVE_1: Sistema de Instrumentos e cont | SUBCHAVE:  | TIPO_PARADA: P.EQ.LINHA | LINHA: LINHA004
3643,"MAQUINA EM PROCESSO AUTOMATICO DANDO GAS BAIXO POR 4 VEZES SEGUIDAS NA PARTIDA, NECESSARIO AUMENTAR O FATOR DE CARBONATAÇÃO PARA ADEQUAR PARTIDA",MAQUINA EM PROCESSO AUTOMATICO DANDO GAS BAIXO POR 4 VEZES SEGUIDAS NA PARTIDA NECESSARIO AUMENTAR O FATOR DE CARBONATACAO PARA ADEQUAR PARTIDA,FALHA DE CARBONATAÇÃO,FALHA DE CARBONATACAO,EXACT_SAFE,1,1,1239.0,1.0,2026-07-10,2,LINHA004,P.EQ.LINHA,56335,CCZR LT 220ML FI (6) LT888 TP PRETA L04,PROPORCIONADOR STARBLEND SID L,Falta de co2,Circuito de carbonatação,46.89,"OBSERVACAO: MAQUINA EM PROCESSO AUTOMATICO DANDO GAS BAIXO POR 4 VEZES SEGUIDAS NA PARTIDA, NECESSARIO AUMENTAR O FATOR DE CARBONATAÇÃO PARA ADEQUAR PARTIDA | EQUIPAMENTO: PROPORCIONADOR STARBLEND SID L | CHAVE_1: Circuito de carbonatação | SUBCHAVE: Falta de co2 | TIPO_PARADA: P.EQ.LINHA | LINHA: LINHA004"
3644,FALHA DE INVERSOR 480,FALHA DE INVERSOR 480,FALHA DE INVERSOR,FALHA DE INVERSOR,EXACT_SAFE,1,1,1243.0,1.0,2026-07-10,2,LINHA004,P.EQ.LINHA,56335,CCZR LT 220ML FI (6) LT888 TP PRETA L04,TRANSP LATAS VZ DESPAL PONTE V,,Sistema de instrumentos e cont,8.0,OBSERVACAO: FALHA DE INVERSOR 480 | EQUIPAMENTO: TRANSP LATAS VZ DESPAL PONTE V | CHAVE_1: Sistema de instrumentos e cont | SUBCHAVE:  | TIPO_PARADA: P.EQ.LINHA | LINHA: LINHA004
3645,MÁQUINA DESLIGANDO SOZINHA OCASIONADO FALTA DE LATAS NO TRANSPORTE,MAQUINA DESLIGANDO SOZINHA OCASIONADO FALTA DE LATAS NO TRANSPORTE,FALHA DE ALIMENTAÇÃO DE LATAS,FALHA DE ALIMENTACAO DE LATAS,EXACT_SAFE,1,1,1246.0,1.0,2026-07-11,2,LINHA004,P.EQ.LINHA,55404,CC LT 350ML FL (12) N.V LT881 TP CDL L04,DESPALETIZADORA SID LI04,,Sistema elétrico,10.0,OBSERVACAO: MÁQUINA DESLIGANDO SOZINHA OCASIONADO FALTA DE LATAS NO TRANSPORTE | EQUIPAMENTO: DESPALETIZADORA SID LI04 | CHAVE_1: Sistema elétrico | SUBCHAVE:  | TIPO_PARADA: P.EQ.LINHA | LINHA: LINHA004
3646,FALHA NO REJEITO DE LATAS DEITADAS OCASIONANDO ENROSCO DE LATAS NO ALINHADOR (TROCA DO RELÉ),FALHA NO REJEITO DE LATAS DEITADAS OCASIONANDO ENROSCO DE LATAS NO ALINHADOR TROCA DO RELE,FALHA DE REJEIÇÃO,FALHA DE REJEICAO,EXACT_SAFE,1,1,1247.0,1.0,2026-07-11,2,LINHA004,P.EQ.LINHA,55404,CC LT 350ML FL (12) N.V LT881 TP CDL L04,TRANSP LATAS CH WARMER EMPAC,,Sistema de instrumentos e cont,9.31,OBSERVACAO: FALHA NO REJEITO DE LATAS DEITADAS OCASIONANDO ENROSCO DE LATAS NO ALINHADOR (TROCA DO RELÉ) | EQUIPAMENTO: TRANSP LATAS CH WARMER EMPAC | CHAVE_1: Sistema de instrumentos e cont | SUBCHAVE:  | TIPO_PARADA: P.EQ.LINHA | LINHA: LINHA004
3647,AJUSTES NA ALTURA E PARAMETROS,AJUSTES NA ALTURA E PARAMETROS,DESALINHAMENTO MECÂNICO,DESALINHAMENTO MECANICO,EXACT_SAFE,1,1,1248.0,1.0,2026-07-11,2,LINHA004,P.EQ.LINHA,55404,CC LT 350ML FL (12) N.V LT881 TP CDL L04,INSP NIVEL SPECTRUM HEU LI04,,Sistema Rejeitor,3.33,OBSERVACAO: AJUSTES NA ALTURA E PARAMETROS | EQUIPAMENTO: INSP NIVEL SPECTRUM HEU LI04 | CHAVE_1: Sistema Rejeitor | SUBCHAVE:  | TIPO_PARADA: P.EQ.LINHA | LINHA: LINHA004
3648,FALHA DE BARREIRA NA SAIDA DE PALETE DE CARTÃO,FALHA DE BARREIRA NA SAIDA DE PALETE DE CARTAO,FALHA DE BARREIRA,FALHA DE BARREIRA,EXACT_SAFE,1,1,1249.0,1.0,2026-07-11,2,LINHA004,P.EQ.LINHA,55404,CC LT 350ML FL (12) N.V LT881 TP CDL L04,DESPALETIZADORA SID LI04,,Sistema de instrumentos e cont,5.98,OBSERVACAO: FALHA DE BARREIRA NA SAIDA DE PALETE DE CARTÃO | EQUIPAMENTO: DESPALETIZADORA SID LI04 | CHAVE_1: Sistema de instrumentos e cont | SUBCHAVE:  | TIPO_PARADA: P.EQ.LINHA | LINHA: LINHA004
3649,FALHA NO SENSOR DA PORTA DA ENCHEDORA ACUSANDO A PORTA DE ESTAR ABERTA E PARANDO O EQUIPAMENTO,FALHA NO SENSOR DA PORTA DA ENCHEDORA ACUSANDO A PORTA DE ESTAR ABERTA E PARANDO O EQUIPAMENTO,FALHA DE SENSOR,FALHA DE SENSOR,EXACT_SAFE,1,1,1251.0,1.0,2026-07-11,2,LINHA005,P.EQ.LINHA,55568,"CC PET RET 2L (9) 7,99 L05",ENCHEDORA EUROSTAR SID LI05,,Sistema de segurança,2.0,OBSERVACAO: FALHA NO SENSOR DA PORTA DA ENCHEDORA ACUSANDO A PORTA DE ESTAR ABERTA E PARANDO O EQUIPAMENTO | EQUIPAMENTO: ENCHEDORA EUROSTAR SID LI05 | CHAVE_1: Sistema de segurança | SUBCHAVE:  | TIPO_PARADA: P.EQ.LINHA | LINHA: LINHA005
3650,CALIBRAÇÃO ENOS A100,CALIBRACAO ENOS A100,SEM MODO DE FALHA IDENTIFICADO,SEM MODO DE FALHA IDENTIFICADO,EXACT_SAFE,1,1,1252.0,1.0,2026-07-11,2,LINHA005,P.EQ.LINHA,55568,"CC PET RET 2L (9) 7,99 L05",INSPETOR GARRAFAS ENOS A 100 L,,Sistema Elétrico,3.0,OBSERVACAO: CALIBRAÇÃO ENOS A100 | EQUIPAMENTO: INSPETOR GARRAFAS ENOS A 100 L | CHAVE_1: Sistema Elétrico | SUBCHAVE:  | TIPO_PARADA: P.EQ.LINHA | LINHA: LINHA005
3651,DESCAPSULADOR EM FALHA FAZENDO COM QUE PASSE GARRAFAS COM TAMPAS,DESCAPSULADOR EM FALHA FAZENDO COM QUE PASSE GARRAFAS COM TAMPAS,FALHA DE DESCAPSULAMENTO,FALHA DE DESCAPSULAMENTO,EXACT_SAFE,1,1,1253.0,1.0,2026-07-11,2,LINHA005,P.EQ.LINHA,55568,"CC PET RET 2L (9) 7,99 L05",DESCAPSULADOR 16 HEADS ACY LI0,,Sistema de destampamento,5.0,OBSERVACAO: DESCAPSULADOR EM FALHA FAZENDO COM QUE PASSE GARRAFAS COM TAMPAS | EQUIPAMENTO: DESCAPSULADOR 16 HEADS ACY LI0 | CHAVE_1: Sistema de destampamento | SUBCHAVE:  | TIPO_PARADA: P.EQ.LINHA | LINHA: LINHA005
3652,ESTEIRA DE CAIXAS DA CURVA DA PALETIZADORA ESCAPANDO,ESTEIRA DE CAIXAS DA CURVA DA PALETIZADORA ESCAPANDO,ESCAPE DE ESTEIRA,ESCAPE DE ESTEIRA,EXACT_SAFE,1,1,1254.0,1.0,2026-07-11,2,LINHA005,P.EQ.LINHA,55568,"CC PET RET 2L (9) 7,99 L05",TRANSP CXS GRFS CH PAL,Engrenagem/Polia tração danifi,Sistema Motriz,4.0,OBSERVACAO: ESTEIRA DE CAIXAS DA CURVA DA PALETIZADORA ESCAPANDO | EQUIPAMENTO: TRANSP CXS GRFS CH PAL | CHAVE_1: Sistema Motriz | SUBCHAVE: Engrenagem/Polia tração danifi | TIPO_PARADA: P.EQ.LINHA | LINHA: LINHA005
3653,DESCAPSULADOR NÃO RETIRANDO TODAS AS TAMPAS CAUSANDO PARADA NO EQUIPAMENTO ENOS,DESCAPSULADOR NAO RETIRANDO TODAS AS TAMPAS CAUSANDO PARADA NO EQUIPAMENTO ENOS,FALHA DE DESCAPSULAMENTO,FALHA DE DESCAPSULAMENTO,EXACT_SAFE,1,1,1255.0,1.0,2026-07-11,2,LINHA005,P.EQ.LINHA,55568,"CC PET RET 2L (9) 7,99 L05",DESCAPSULADOR 16 HEADS ACY LI0,,Sistema de destampamento,3.0,OBSERVACAO: DESCAPSULADOR NÃO RETIRANDO TODAS AS TAMPAS CAUSANDO PARADA NO EQUIPAMENTO ENOS | EQUIPAMENTO: DESCAPSULADOR 16 HEADS ACY LI0 | CHAVE_1: Sistema de destampamento | SUBCHAVE:  | TIPO_PARADA: P.EQ.LINHA | LINHA: LINHA005
3654,ENOS A100 PARADA PARA CALIBRAÇÃO,ENOS A100 PARADA PARA CALIBRACAO,SEM MODO DE FALHA IDENTIFICADO,SEM MODO DE FALHA IDENTIFICADO,EXACT_SAFE,1,1,1256.0,1.0,2026-07-11,2,LINHA005,P.EQ.LINHA,55568,"CC PET RET 2L (9) 7,99 L05",ENOS MASS SPEC,,Estrutura,3.0,OBSERVACAO: ENOS A100 PARADA PARA CALIBRAÇÃO | EQUIPAMENTO: ENOS MASS SPEC | CHAVE_1: Estrutura | SUBCHAVE:  | TIPO_PARADA: P.EQ.LINHA | LINHA: LINHA005
3655,ENOS A100 FALHA NA AUTO CALIBRAÇÃO (CRITICO FLUXO CH2 LENTO/ PRECAUÇÃO CH2 TRF BAIXO),ENOS A100 FALHA NA AUTO CALIBRACAO CRITICO FLUXO CH2 LENTO PRECAUCAO CH2 TRF BAIXO,FALHA DE CONTROLE DE PROCESSO,FALHA DE CONTROLE DE PROCESSO,EXACT_SAFE,1,1,1257.0,1.0,2026-07-11,2,LINHA005,P.EQ.LINHA,55568,"CC PET RET 2L (9) 7,99 L05",INSPETOR GARRAFAS ENOS A 100 L,,Sistema Elétrico,12.36,OBSERVACAO: ENOS A100 FALHA NA AUTO CALIBRAÇÃO (CRITICO FLUXO CH2 LENTO/ PRECAUÇÃO CH2 TRF BAIXO) | EQUIPAMENTO: INSPETOR GARRAFAS ENOS A 100 L | CHAVE_1: Sistema Elétrico | SUBCHAVE:  | TIPO_PARADA: P.EQ.LINHA | LINHA: LINHA005
3656,TROCA DE PINÇA DE TRANSFERENCIA,TROCA DE PINCA DE TRANSFERENCIA,FALHA DE PINÇA,FALHA DE PINCA,EXACT_SAFE,1,1,1258.0,1.0,2026-07-11,2,LINHA006,P.EQ.LINHA,56443,CCZR PET 200ML FI (12) N.V 14G T2G L06,ENCHEDORA KRONES L06,Qualidade de peças,Estrutura,12.96,OBSERVACAO: TROCA DE PINÇA DE TRANSFERENCIA | EQUIPAMENTO: ENCHEDORA KRONES L06 | CHAVE_1: Estrutura | SUBCHAVE: Qualidade de peças | TIPO_PARADA: P.EQ.LINHA | LINHA: LINHA006
3657,TROCA DE 5 PINÇAS COM DESGASTE DA ESTRELA DE TRANSFERENCIA DA REFRIGERAÇÃO DE FUNDO,TROCA DE 5 PINCAS COM DESGASTE DA ESTRELA DE TRANSFERENCIA DA REFRIGERACAO DE FUNDO,FALHA DE PINÇA,FALHA DE PINCA,EXACT_SAFE,1,1,1259.0,1.0,2026-07-11,2,LINHA006,P.EQ.LINHA,56443,CCZR PET 200ML FI (12) N.V 14G T2G L06,ENCHEDORA KRONES L06,Qualidade de peças,Estrutura,19.68,OBSERVACAO: TROCA DE 5 PINÇAS COM DESGASTE DA ESTRELA DE TRANSFERENCIA DA REFRIGERAÇÃO DE FUNDO | EQUIPAMENTO: ENCHEDORA KRONES L06 | CHAVE_1: Estrutura | SUBCHAVE: Qualidade de peças | TIPO_PARADA: P.EQ.LINHA | LINHA: LINHA006
3658,"QUEDA DE GARRAFAS NA ESTRELA DE TRANSFERENCIA DA REFRIGERAÇÃO DE FUNDO, OCASIONANDO FALHA NA ENCHEDORA E PARADA NO EQUIPAMENTO",QUEDA DE GARRAFAS NA ESTRELA DE TRANSFERENCIA DA REFRIGERACAO DE FUNDO OCASIONANDO FALHA NA ENCHEDORA E PARADA NO EQUIPAMENTO,QUEDA DE GARRAFAS,QUEDA DE GARRAFAS,EXACT_SAFE,1,1,1260.0,1.0,2026-07-11,2,LINHA006,P.EQ.LINHA,56443,CCZR PET 200ML FI (12) N.V 14G T2G L06,ENCHEDORA KRONES L06,Qualidade de peças,Estrutura,5.0,"OBSERVACAO: QUEDA DE GARRAFAS NA ESTRELA DE TRANSFERENCIA DA REFRIGERAÇÃO DE FUNDO, OCASIONANDO FALHA NA ENCHEDORA E PARADA NO EQUIPAMENTO | EQUIPAMENTO: ENCHEDORA KRONES L06 | CHAVE_1: Estrutura | SUBCHAVE: Qualidade de peças | TIPO_PARADA: P.EQ.LINHA | LINHA: LINHA006"
3660,ATUAÇÃO DOS TÉCNICOS DA FERRUM PARA FAZER AJUSTE,ATUACAO DOS TECNICOS DA FERRUM PARA FAZER AJUSTE,SEM MODO DE FALHA IDENTIFICADO,SEM MODO DE FALHA IDENTIFICADO,EXACT_SAFE,1,1,1244.0,1.0,2026-07-11,2,LINHA004,P.EQ.LINHA,55404,CC LT 350ML FL (12) N.V LT881 TP CDL L04,RECRAVADORA 708 G FRR LI04,,SISTEMA TRANSMISSAO 708 G FER,18.82,OBSERVACAO: ATUAÇÃO DOS TÉCNICOS DA FERRUM PARA FAZER AJUSTE | EQUIPAMENTO: RECRAVADORA 708 G FRR LI04 | CHAVE_1: SISTEMA TRANSMISSAO 708 G FER | SUBCHAVE:  | TIPO_PARADA: P.EQ.LINHA | LINHA: LINHA004
3664,ATUAÇÃO DOS TÉCNICOS DA FERRUM PARA FAZER AJUSTE ORDEM:30008790221,ATUACAO DOS TECNICOS DA FERRUM PARA FAZER AJUSTE ORDEM 30008790221,SEM MODO DE FALHA IDENTIFICADO,SEM MODO DE FALHA IDENTIFICADO,EXACT_SAFE,1,1,1245.0,1.0,2026-07-11,2,LINHA004,P.EQ.LINHA,55404,CC LT 350ML FL (12) N.V LT881 TP CDL L04,RECRAVADORA 708 G FRR LI04,,SISTEMA TRANSMISSAO 708 G FER,34.66,OBSERVACAO: ATUAÇÃO DOS TÉCNICOS DA FERRUM PARA FAZER AJUSTE ORDEM:30008790221 | EQUIPAMENTO: RECRAVADORA 708 G FRR LI04 | CHAVE_1: SISTEMA TRANSMISSAO 708 G FER | SUBCHAVE:  | TIPO_PARADA: P.EQ.LINHA | LINHA: LINHA004
3665,SAINDO LATAS MARCADAS VELOCIDADE DA ENCHEDORA REDUZIDA,SAINDO LATAS MARCADAS VELOCIDADE DA ENCHEDORA REDUZIDA,AMASSAMENTO DE LATAS,AMASSAMENTO DE LATAS,EXACT_SAFE,3,1,1250.0,1.0,2026-07-11,2,LINHA004,P.EQ.LINHA,55404,CC LT 350ML FL (12) N.V LT881 TP CDL L04,RECRAVADORA 708 G FRR LI04,Qualidade de peças,Estrutura,5.0,OBSERVACAO: SAINDO LATAS MARCADAS VELOCIDADE DA ENCHEDORA REDUZIDA | EQUIPAMENTO: RECRAVADORA 708 G FRR LI04 | CHAVE_1: Estrutura | SUBCHAVE: Qualidade de peças | TIPO_PARADA: P.EQ.LINHA | LINHA: LINHA004
3666,QUEIMA DO FUSÌVEL DA BARREIRA,QUEIMA DO FUSIVEL DA BARREIRA,ATUAÇÃO/QUEIMA DE FUSÍVEL,ATUACAO QUEIMA DE FUSIVEL,EXACT_SAFE,1,1,1261.0,1.0,2026-07-11,2,LINHA003,P.EQ.LINHA,56568,SPRITE PET 200ML FI (12) 14G F439 L03,ENVOLVEDORA ROB LI03,,Sistema de Segurança,13.71,OBSERVACAO: QUEIMA DO FUSÌVEL DA BARREIRA | EQUIPAMENTO: ENVOLVEDORA ROB LI03 | CHAVE_1: Sistema de Segurança | SUBCHAVE:  | TIPO_PARADA: P.EQ.LINHA | LINHA: LINHA003
3667,SAINDO LATAS MARCADAS VELOCIDADE DA ENCHEDORA REDUZIDA,SAINDO LATAS MARCADAS VELOCIDADE DA ENCHEDORA REDUZIDA,AMASSAMENTO DE LATAS,AMASSAMENTO DE LATAS,EXACT_SAFE,3,1,1250.0,1.0,2026-07-11,2,LINHA004,P.EQ.LINHA,55404,CC LT 350ML FL (12) N.V LT881 TP CDL L04,RECRAVADORA 708 G FRR LI04,Qualidade de peças,Estrutura,5.0,OBSERVACAO: SAINDO LATAS MARCADAS VELOCIDADE DA ENCHEDORA REDUZIDA | EQUIPAMENTO: RECRAVADORA 708 G FRR LI04 | CHAVE_1: Estrutura | SUBCHAVE: Qualidade de peças | TIPO_PARADA: P.EQ.LINHA | LINHA: LINHA004
3668,FALHA DE ELAU OCASIONADO A PERDA DE SINCRONISMO,FALHA DE ELAU OCASIONADO A PERDA DE SINCRONISMO,FALHA DE ELAU,FALHA DE ELAU,EXACT_SAFE,3,1,1264.0,1.0,2026-07-13,2,LINHA005,P.EQ.LINHA,55568,"CC PET RET 2L (9) 7,99 L05",ENCHEDORA EUROSTAR SID LI05,,Sistema elétrico,9.18,OBSERVACAO: FALHA DE ELAU OCASIONADO A PERDA DE SINCRONISMO | EQUIPAMENTO: ENCHEDORA EUROSTAR SID LI05 | CHAVE_1: Sistema elétrico | SUBCHAVE:  | TIPO_PARADA: P.EQ.LINHA | LINHA: LINHA005
3670,INSPETOR COM FALHA MODULO ETHERCAT,INSPETOR COM FALHA MODULO ETHERCAT,FALHA DE COMUNICAÇÃO,FALHA DE COMUNICACAO,EXACT_SAFE,3,1,1268.0,1.0,2026-07-13,2,LINHA005,P.EQ.LINHA,55568,"CC PET RET 2L (9) 7,99 L05",INSPETOR EBS,,Estrutura,6.0,OBSERVACAO: INSPETOR COM FALHA MODULO ETHERCAT | EQUIPAMENTO: INSPETOR EBS | CHAVE_1: Estrutura | SUBCHAVE:  | TIPO_PARADA: P.EQ.LINHA | LINHA: LINHA005
3672,FALHA NO MAGAZINE DE PALETE,FALHA NO MAGAZINE DE PALETE,FALHA DE MAGAZINE,FALHA DE MAGAZINE,EXACT_SAFE,1,1,1426.0,1.0,2026-08-07,2,LINHA005,P.EQ.LINHA,55568,"CC PET RET 2L (9) 7,99 L05",DESPALETIZADOR SID LI05,,Sistema de instrumentos e cont,4.82,OBSERVACAO: FALHA NO MAGAZINE DE PALETE | EQUIPAMENTO: DESPALETIZADOR SID LI05 | CHAVE_1: Sistema de instrumentos e cont | SUBCHAVE:  | TIPO_PARADA: P.EQ.LINHA | LINHA: LINHA005
3680,VELOCIDADE REDUZIDA,VELOCIDADE REDUZIDA,VELOCIDADE REDUZIDA SEM CAUSA IDENTIFICADA,VELOCIDADE REDUZIDA SEM CAUSA IDENTIFICADA,EXACT_SAFE,3,1,1306.0,1.0,2026-07-16,3,LINHA004,P.EQ.LINHA,55376,SCH CITRUS LT 350ML FI (6) N.V LT693 L04,ENCHEDORA STARCANS FM E 91 LI0,Qualidade de peças,Estrutura,1.68,OBSERVACAO: VELOCIDADE REDUZIDA | EQUIPAMENTO: ENCHEDORA STARCANS FM E 91 LI0 | CHAVE_1: Estrutura | SUBCHAVE: Qualidade de peças | TIPO_PARADA: P.EQ.LINHA | LINHA: LINHA004
3683,FALHA NO SENSOR ENTRADA DE PACOTE ORDEM (30008791250),FALHA NO SENSOR ENTRADA DE PACOTE ORDEM 30008791250,FALHA DE SENSOR,FALHA DE SENSOR,EXACT_SAFE,1,1,1272.0,1.0,2026-07-13,2,LINHA002,P.EQ.LINHA,56419,"SPT FRESH LIM 1,5L FL (6) NV 33G T2G L02",PALETIZADORA KOMBI SID LI02,,Sistema elétrico,9.4,OBSERVACAO: FALHA NO SENSOR ENTRADA DE PACOTE ORDEM (30008791250) | EQUIPAMENTO: PALETIZADORA KOMBI SID LI02 | CHAVE_1: Sistema elétrico | SUBCHAVE:  | TIPO_PARADA: P.EQ.LINHA | LINHA: LINHA002
3685,ALTURA DA PINCAS DESAJUSTADA,ALTURA DA PINCAS DESAJUSTADA,FALHA DE PINÇA,FALHA DE PINCA,EXACT_SAFE,1,1,1283.0,1.0,2026-07-14,3,LINHA005,P.EQ.LINHA,56326,"CCZR PET RET 2L (9) 7,99 L05",DESCAPSULADOR 16 HEADS ACY LI0,,Sistema de destampamento,4.18,OBSERVACAO: ALTURA DA PINCAS DESAJUSTADA | EQUIPAMENTO: DESCAPSULADOR 16 HEADS ACY LI0 | CHAVE_1: Sistema de destampamento | SUBCHAVE:  | TIPO_PARADA: P.EQ.LINHA | LINHA: LINHA005
3686,CORRENTE FLOCHA.,CORRENTE FLOCHA,FALHA DE CORRENTE,FALHA DE CORRENTE,EXACT_SAFE,1,1,1285.0,1.0,2026-07-14,3,LINHA005,P.EQ.LINHA,56326,"CCZR PET RET 2L (9) 7,99 L05",PORTA PALLETS SID LI05,Guias desajustadas,Mesa de descarga,22.65,OBSERVACAO: CORRENTE FLOCHA. | EQUIPAMENTO: PORTA PALLETS SID LI05 | CHAVE_1: Mesa de descarga | SUBCHAVE: Guias desajustadas | TIPO_PARADA: P.EQ.LINHA | LINHA: LINHA005
3687,"DESARME DO TRANSPORTE DE CAIXAS DA DESPAL ,CAUSANDO PARADA NA MAQUINA",DESARME DO TRANSPORTE DE CAIXAS DA DESPAL CAUSANDO PARADA NA MAQUINA,DESARME DE TRANSPORTE,DESARME DE TRANSPORTE,EXACT_SAFE,1,1,1273.0,1.0,2026-07-14,2,LINHA001,P.EQ.LINHA,55609,"CC LS 1L (12) N.V 4,99 ROL412 L01",TRANSPORTE DE CAIXAS,,,15.0,"OBSERVACAO: DESARME DO TRANSPORTE DE CAIXAS DA DESPAL ,CAUSANDO PARADA NA MAQUINA | EQUIPAMENTO: TRANSPORTE DE CAIXAS | CHAVE_1:  | SUBCHAVE:  | TIPO_PARADA: P.EQ.LINHA | LINHA: LINHA001"
3688,ENROSCO DE TAMPAS CAUSANDO PARADAS NA MAQUINA,ENROSCO DE TAMPAS CAUSANDO PARADAS NA MAQUINA,ENROSCO DE TAMPAS,ENROSCO DE TAMPAS,EXACT_SAFE,2,1,1274.0,1.0,2026-07-14,2,LINHA001,P.EQ.LINHA,55609,"CC LS 1L (12) N.V 4,99 ROL412 L01",LACRADOR TAMPAS H K LI01,,Estrutura,4.67,OBSERVACAO: ENROSCO DE TAMPAS CAUSANDO PARADAS NA MAQUINA | EQUIPAMENTO: LACRADOR TAMPAS H K LI01 | CHAVE_1: Estrutura | SUBCHAVE:  | TIPO_PARADA: P.EQ.LINHA | LINHA: LINHA001
3689,ENROSCO DE TAMPAS CAUSANDO PARADAS NO EQUIPAMENTO,ENROSCO DE TAMPAS CAUSANDO PARADAS NO EQUIPAMENTO,ENROSCO DE TAMPAS,ENROSCO DE TAMPAS,EXACT_SAFE,1,1,1277.0,1.0,2026-07-14,2,LINHA001,P.EQ.LINHA,55609,"CC LS 1L (12) N.V 4,99 ROL412 L01",LACRADOR TAMPAS H K LI01,,Estrutura,3.0,OBSERVACAO: ENROSCO DE TAMPAS CAUSANDO PARADAS NO EQUIPAMENTO | EQUIPAMENTO: LACRADOR TAMPAS H K LI01 | CHAVE_1: Estrutura | SUBCHAVE:  | TIPO_PARADA: P.EQ.LINHA | LINHA: LINHA001
3690,ENTRANDO ROLHAS INVERTIDAS CAUSANDO PARADAS NA MAQUINA MANUTENCAO ATUOU E ACERTOU ESSE DETALHE,ENTRANDO ROLHAS INVERTIDAS CAUSANDO PARADAS NA MAQUINA MANUTENCAO ATUOU E ACERTOU ESSE DETALHE,TAMPA INVERTIDA,TAMPA INVERTIDA,EXACT_SAFE,1,1,1275.0,1.0,2026-07-14,2,LINHA001,P.EQ.LINHA,55609,"CC LS 1L (12) N.V 4,99 ROL412 L01",LACRADOR TAMPAS H K LI01,,Estrutura,16.0,OBSERVACAO: ENTRANDO ROLHAS INVERTIDAS CAUSANDO PARADAS NA MAQUINA MANUTENCAO ATUOU E ACERTOU ESSE DETALHE | EQUIPAMENTO: LACRADOR TAMPAS H K LI01 | CHAVE_1: Estrutura | SUBCHAVE:  | TIPO_PARADA: P.EQ.LINHA | LINHA: LINHA001
3692,FALHA NA ENTRADA DE PALETE PARA PALETIZADORA ORDEM 30008791652,FALHA NA ENTRADA DE PALETE PARA PALETIZADORA ORDEM 30008791652,FALHA DE FORMAÇÃO DE CAMADA,FALHA DE FORMACAO DE CAMADA,EXACT_SAFE,2,1,1295.0,1.0,2026-07-14,2,LINHA003,P.EQ.LINHA,56424,CCMA PET 2L FL (6) N.V 38G LOLA T2G L03,MAGAZINE PALLETS KRO LI03,Detector de paletes quebrados,Sistema Elétrico,13.5,OBSERVACAO: FALHA NA ENTRADA DE PALETE PARA PALETIZADORA ORDEM 30008791652 | EQUIPAMENTO: MAGAZINE PALLETS KRO LI03 | CHAVE_1: Sistema Elétrico | SUBCHAVE: Detector de paletes quebrados | TIPO_PARADA: P.EQ.LINHA | LINHA: LINHA003
3693,FALHA NO EMPURRADOR.ORDEM- 30008792214.,FALHA NO EMPURRADOR ORDEM 30008792214,FALHA DE EMPURRADOR,FALHA DE EMPURRADOR,EXACT_SAFE,1,1,1297.0,1.0,2026-07-14,2,LINHA003,P.EQ.LINHA,56424,CCMA PET 2L FL (6) N.V 38G LOLA T2G L03,PALETIZADORA ROBOT KRO LI03,,Sistema elétrico,15.0,OBSERVACAO: FALHA NO EMPURRADOR.ORDEM- 30008792214. | EQUIPAMENTO: PALETIZADORA ROBOT KRO LI03 | CHAVE_1: Sistema elétrico | SUBCHAVE:  | TIPO_PARADA: P.EQ.LINHA | LINHA: LINHA003
3695,FALHA NO REJEITO PROVOCO QUEDA DE GARRAFAS ABERTA NA EMPACOTADORA,FALHA NO REJEITO PROVOCO QUEDA DE GARRAFAS ABERTA NA EMPACOTADORA,FALHA DE REJEIÇÃO,FALHA DE REJEICAO,EXACT_SAFE,1,1,1291.0,1.0,2026-07-14,2,LINHA002,P.EQ.LINHA,56314,"SCH CITRUS PET 1,5L FL (6) NV 33G T2G L2",INSPECAO ELETRONIC FT 50 FIL L,,Sistema Rejeitor,0.6,OBSERVACAO: FALHA NO REJEITO PROVOCO QUEDA DE GARRAFAS ABERTA NA EMPACOTADORA | EQUIPAMENTO: INSPECAO ELETRONIC FT 50 FIL L | CHAVE_1: Sistema Rejeitor | SUBCHAVE:  | TIPO_PARADA: P.EQ.LINHA | LINHA: LINHA002
3698,FALTA DE AR,FALTA DE AR,FALHA DE SUPRIMENTO DE AR COMPRIMIDO,FALHA DE SUPRIMENTO DE AR COMPRIMIDO,EXACT_SAFE,1,1,1293.0,1.0,2026-07-14,2,LINHA003,P.EQ.LINHA,56424,CCMA PET 2L FL (6) N.V 38G LOLA T2G L03,PROPORCIONADOR STARBLEND SID L,Regulador de pressão desajusta,Circuito de carbonatação,5.0,OBSERVACAO: FALTA DE AR | EQUIPAMENTO: PROPORCIONADOR STARBLEND SID L | CHAVE_1: Circuito de carbonatação | SUBCHAVE: Regulador de pressão desajusta | TIPO_PARADA: P.EQ.LINHA | LINHA: LINHA003
3699,FEITO UM PALEATIVO PARA IMPEDIR QUE AS GARRAFAS QUE ESTÃO CAINDO NA REFRIGERAÇÃO NÃO TAMPE O SENSOR,FEITO UM PALEATIVO PARA IMPEDIR QUE AS GARRAFAS QUE ESTAO CAINDO NA REFRIGERACAO NAO TAMPE O SENSOR,FALHA DE SENSOR,FALHA DE SENSOR,EXACT_SAFE,1,1,1287.0,1.0,2026-07-14,2,LINHA006,P.EQ.LINHA,56298,CC PET 200ML FI (12) NV 14G LOLA T2G L06,ENCHEDORA KRONES L06,,Sistema de distribuição de flu,2.4,OBSERVACAO: FEITO UM PALEATIVO PARA IMPEDIR QUE AS GARRAFAS QUE ESTÃO CAINDO NA REFRIGERAÇÃO NÃO TAMPE O SENSOR | EQUIPAMENTO: ENCHEDORA KRONES L06 | CHAVE_1: Sistema de distribuição de flu | SUBCHAVE:  | TIPO_PARADA: P.EQ.LINHA | LINHA: LINHA006
3700,JETFLOU ENTUPIDO VIBRADOR NAO PARA COM A ENCHEDORA PARADA 30008792218,JETFLOU ENTUPIDO VIBRADOR NAO PARA COM A ENCHEDORA PARADA 30008792218,FALHA DE VIBRADOR,FALHA DE VIBRADOR,EXACT_SAFE,1,1,1281.0,1.0,2026-07-14,3,LINHA002,P.EQ.LINHA,56314,"SCH CITRUS PET 1,5L FL (6) NV 33G T2G L2",ALIM TAMPAS JETFLOW ALC LI02,,Sistema de instrumentos e cont,11.6,OBSERVACAO: JETFLOU ENTUPIDO VIBRADOR NAO PARA COM A ENCHEDORA PARADA 30008792218 | EQUIPAMENTO: ALIM TAMPAS JETFLOW ALC LI02 | CHAVE_1: Sistema de instrumentos e cont | SUBCHAVE:  | TIPO_PARADA: P.EQ.LINHA | LINHA: LINHA002
3702,MAGAZINE DE PALLET COM CORRENTE DE ELEVAÇÃO DESAJUSTADA,MAGAZINE DE PALLET COM CORRENTE DE ELEVACAO DESAJUSTADA,FALHA DE MAGAZINE,FALHA DE MAGAZINE,EXACT_SAFE,2,1,1282.0,1.0,2026-07-14,3,LINHA005,P.EQ.LINHA,56326,"CCZR PET RET 2L (9) 7,99 L05",DESPALETIZADOR SID LI05,,Sistema de instrumentos e cont,6.0,OBSERVACAO: MAGAZINE DE PALLET COM CORRENTE DE ELEVAÇÃO DESAJUSTADA | EQUIPAMENTO: DESPALETIZADOR SID LI05 | CHAVE_1: Sistema de instrumentos e cont | SUBCHAVE:  | TIPO_PARADA: P.EQ.LINHA | LINHA: LINHA005
3703,PARADA NO CHUTADOR DO INSPETOR DE NIVEL 30008792217,PARADA NO CHUTADOR DO INSPETOR DE NIVEL 30008792217,FALHA DE REJEIÇÃO,FALHA DE REJEICAO,EXACT_SAFE,1,1,1290.0,1.0,2026-07-14,2,LINHA002,P.EQ.LINHA,56314,"SCH CITRUS PET 1,5L FL (6) NV 33G T2G L2",INSPECAO ELETRONIC FT 50 FIL L,,Sistema Pneumático,8.8,OBSERVACAO: PARADA NO CHUTADOR DO INSPETOR DE NIVEL 30008792217 | EQUIPAMENTO: INSPECAO ELETRONIC FT 50 FIL L | CHAVE_1: Sistema Pneumático | SUBCHAVE:  | TIPO_PARADA: P.EQ.LINHA | LINHA: LINHA002
3704,PARAFUSO SOLTO NAS CHAPA SEPARADORA DE GARRAFAS DE PASSAGEM DE GARRAFAS MAQUINA FORA DE SINCRONISMO 30008792224,PARAFUSO SOLTO NAS CHAPA SEPARADORA DE GARRAFAS DE PASSAGEM DE GARRAFAS MAQUINA FORA DE SINCRONISMO 30008792224,FALHA DE FIXAÇÃO,FALHA DE FIXACAO,EXACT_SAFE,2,1,1279.0,1.0,2026-07-14,3,LINHA002,P.EQ.LINHA,56314,"SCH CITRUS PET 1,5L FL (6) NV 33G T2G L2",EMPACOTADORA 198/40 KIS LI02,,Sistema de Instrumentos e cont,24.8,OBSERVACAO: PARAFUSO SOLTO NAS CHAPA SEPARADORA DE GARRAFAS DE PASSAGEM DE GARRAFAS MAQUINA FORA DE SINCRONISMO 30008792224 | EQUIPAMENTO: EMPACOTADORA 198/40 KIS LI02 | CHAVE_1: Sistema de Instrumentos e cont | SUBCHAVE:  | TIPO_PARADA: P.EQ.LINHA | LINHA: LINHA002
3705,"QUEBRA DE TULIPA E TUBO DE AR , TROCA FOI REALIZADA PELO OPERADOR",QUEBRA DE TULIPA E TUBO DE AR TROCA FOI REALIZADA PELO OPERADOR,QUEBRA DE COMPONENTE,QUEBRA DE COMPONENTE,EXACT_SAFE,1,1,1278.0,1.0,2026-07-14,2,LINHA001,P.EQ.LINHA,55609,"CC LS 1L (12) N.V 4,99 ROL412 L01",ENCAIXOTADORA VAN H K LI01,,Estrutura,13.0,"OBSERVACAO: QUEBRA DE TULIPA E TUBO DE AR , TROCA FOI REALIZADA PELO OPERADOR | EQUIPAMENTO: ENCAIXOTADORA VAN H K LI01 | CHAVE_1: Estrutura | SUBCHAVE:  | TIPO_PARADA: P.EQ.LINHA | LINHA: LINHA001"
3706,QUEBROU A ESTEIRA DO TRANSPORTE DE PACOTE SAIDA DO FORNO ORDEM 30008791632,QUEBROU A ESTEIRA DO TRANSPORTE DE PACOTE SAIDA DO FORNO ORDEM 30008791632,QUEBRA DE ESTEIRA,QUEBRA DE ESTEIRA,EXACT_SAFE,2,1,1292.0,1.0,2026-07-14,2,LINHA003,P.EQ.LINHA,56424,CCMA PET 2L FL (6) N.V 38G LOLA T2G L03,TRPTE PCTS KRO LI03,,Sistema de instrumentos e cont,48.0,OBSERVACAO: QUEBROU A ESTEIRA DO TRANSPORTE DE PACOTE SAIDA DO FORNO ORDEM 30008791632 | EQUIPAMENTO: TRPTE PCTS KRO LI03 | CHAVE_1: Sistema de instrumentos e cont | SUBCHAVE:  | TIPO_PARADA: P.EQ.LINHA | LINHA: LINHA003
3708,"QUEDAS DE GARRAFAS NA REFRIGERAÇÃO DE FUNDO, OCASIONANDO FALHA E PARADA PARA LIMPEZA, POSSIVEL PINÇA DANIFICADA NUMERO 12 DA ESTRELA DE TRANSFERENCIA",QUEDAS DE GARRAFAS NA REFRIGERACAO DE FUNDO OCASIONANDO FALHA E PARADA PARA LIMPEZA POSSIVEL PINCA DANIFICADA NUMERO 12 DA ESTRELA DE TRANSFERENCIA,FALHA DE PINÇA,FALHA DE PINCA,EXACT_SAFE,1,1,1286.0,1.0,2026-07-14,2,LINHA006,P.EQ.LINHA,56298,CC PET 200ML FI (12) NV 14G LOLA T2G L06,ENCHEDORA KRONES L06,Falta de Peças,Estrutura,9.92,"OBSERVACAO: QUEDAS DE GARRAFAS NA REFRIGERAÇÃO DE FUNDO, OCASIONANDO FALHA E PARADA PARA LIMPEZA, POSSIVEL PINÇA DANIFICADA NUMERO 12 DA ESTRELA DE TRANSFERENCIA | EQUIPAMENTO: ENCHEDORA KRONES L06 | CHAVE_1: Estrutura | SUBCHAVE: Falta de Peças | TIPO_PARADA: P.EQ.LINHA | LINHA: LINHA006"
3709,"SEGUIMENTO ERRANDO A GARRAFA DURANTE A REJEIÇÃO, OCASIONANDO FALHA NO EQUIPAMENTO NOTA: 30008791655",SEGUIMENTO ERRANDO A GARRAFA DURANTE A REJEICAO OCASIONANDO FALHA NO EQUIPAMENTO NOTA 30008791655,FALHA DE SEGMENTOS,FALHA DE SEGMENTOS,EXACT_SAFE,2,1,1288.0,1.0,2026-07-14,2,LINHA006,P.EQ.LINHA,56298,CC PET 200ML FI (12) NV 14G LOLA T2G L06,INSPETOR CHECKMAT KRONES L06,,Sistema de rejeição,2.4,"OBSERVACAO: SEGUIMENTO ERRANDO A GARRAFA DURANTE A REJEIÇÃO, OCASIONANDO FALHA NO EQUIPAMENTO NOTA: 30008791655 | EQUIPAMENTO: INSPETOR CHECKMAT KRONES L06 | CHAVE_1: Sistema de rejeição | SUBCHAVE:  | TIPO_PARADA: P.EQ.LINHA | LINHA: LINHA006"
3713,ENROSCO DE TAMPAS,ENROSCO DE TAMPAS,ENROSCO DE TAMPAS,ENROSCO DE TAMPAS,EXACT_SAFE,2,1,1301.0,1.0,2026-07-15,2,LINHA001,P.EQ.LINHA,55609,"CC LS 1L (12) N.V 4,99 ROL412 L01",LACRADOR TAMPAS H K LI01,,Estrutura,1.33,OBSERVACAO: ENROSCO DE TAMPAS | EQUIPAMENTO: LACRADOR TAMPAS H K LI01 | CHAVE_1: Estrutura | SUBCHAVE:  | TIPO_PARADA: P.EQ.LINHA | LINHA: LINHA001
3718,ESTEIRA SE SOLTOU CAUSANDO PARADA DA LINHA,ESTEIRA SE SOLTOU CAUSANDO PARADA DA LINHA,ESCAPE DE ESTEIRA,ESCAPE DE ESTEIRA,EXACT_SAFE,1,1,1302.0,1.0,2026-07-15,2,LINHA001,P.EQ.LINHA,55609,"CC LS 1L (12) N.V 4,99 ROL412 L01",TRANSP GRFS ENCH ENCA,Qualidade de peças,Estrutura,35.0,OBSERVACAO: ESTEIRA SE SOLTOU CAUSANDO PARADA DA LINHA | EQUIPAMENTO: TRANSP GRFS ENCH ENCA | CHAVE_1: Estrutura | SUBCHAVE: Qualidade de peças | TIPO_PARADA: P.EQ.LINHA | LINHA: LINHA001
3724,FALHA NO SENSOR DE SEGUURANÇA DO CABECOTE CAUSANDO PARADA NA MÁQ. CX ENROSCOU NA SAIDA QDO DEPOSITADA AS GRF NA VOLTA DA MAQ COM OUTRAS.,FALHA NO SENSOR DE SEGUURANCA DO CABECOTE CAUSANDO PARADA NA MAQ CX ENROSCOU NA SAIDA QDO DEPOSITADA AS GRF NA VOLTA DA MAQ COM OUTRAS,FALHA DE SENSOR,FALHA DE SENSOR,EXACT_SAFE,1,1,1303.0,1.0,2026-07-15,2,LINHA001,P.EQ.LINHA,55609,"CC LS 1L (12) N.V 4,99 ROL412 L01",ENCAIXOTADORA VAN H K LI01,,Sistema de instrumentos e cont,25.0,OBSERVACAO: FALHA NO SENSOR DE SEGUURANÇA DO CABECOTE CAUSANDO PARADA NA MÁQ. CX ENROSCOU NA SAIDA QDO DEPOSITADA AS GRF NA VOLTA DA MAQ COM OUTRAS. | EQUIPAMENTO: ENCAIXOTADORA VAN H K LI01 | CHAVE_1: Sistema de instrumentos e cont | SUBCHAVE:  | TIPO_PARADA: P.EQ.LINHA | LINHA: LINHA001
3726,SENSOR DE CABEÇOTE SOLTO OCASIONADO FALHA,SENSOR DE CABECOTE SOLTO OCASIONADO FALHA,FALHA DE SENSOR,FALHA DE SENSOR,EXACT_SAFE,2,1,1298.0,1.0,2026-07-15,3,LINHA005,P.EQ.LINHA,56326,"CCZR PET RET 2L (9) 7,99 L05",DESENCAIXOTADORA SID LI05,,Estrutura,6.0,OBSERVACAO: SENSOR DE CABEÇOTE SOLTO OCASIONADO FALHA | EQUIPAMENTO: DESENCAIXOTADORA SID LI05 | CHAVE_1: Estrutura | SUBCHAVE:  | TIPO_PARADA: P.EQ.LINHA | LINHA: LINHA005
3730,TROCA DE CABEÇOTE DE CODIFICAÇÃO NOTA30008792289,TROCA DE CABECOTE DE CODIFICACAO NOTA30008792289,FALHA DE CODIFICAÇÃO,FALHA DE CODIFICACAO,EXACT_SAFE,1,1,1300.0,1.0,2026-07-15,1,LINHA006,P.EQ.LINHA,56298,CC PET 200ML FI (12) NV 14G LOLA T2G L06,DATADORA MARKEM IMAJE 10058115,,,13.0,OBSERVACAO: TROCA DE CABEÇOTE DE CODIFICAÇÃO NOTA30008792289 | EQUIPAMENTO: DATADORA MARKEM IMAJE 10058115 | CHAVE_1:  | SUBCHAVE:  | TIPO_PARADA: P.EQ.LINHA | LINHA: LINHA006
3734,FALHA DURANTE A SOLDA AUTOMATICA,FALHA DURANTE A SOLDA AUTOMATICA,FALHA DE SOLDA DE FILME,FALHA DE SOLDA DE FILME,EXACT_SAFE,1,1,1309.0,1.0,2026-07-16,2,LINHA003,P.EQ.LINHA,55994,CCZR PET 1L FL (6) N.V 29G F710 L03,EMPACOTADORA VARIOPAC KRO LI03,,Sistema Elétrico,20.0,OBSERVACAO: FALHA DURANTE A SOLDA AUTOMATICA | EQUIPAMENTO: EMPACOTADORA VARIOPAC KRO LI03 | CHAVE_1: Sistema Elétrico | SUBCHAVE:  | TIPO_PARADA: P.EQ.LINHA | LINHA: LINHA003
3735,FALHA FORMAÇÃO DE CAMADA,FALHA FORMACAO DE CAMADA,FALHA DE FORMAÇÃO DE CAMADA,FALHA DE FORMACAO DE CAMADA,EXACT_SAFE,1,1,1496.0,1.0,2026-08-14,1,LINHA005,P.EQ.LINHA,55568,"CC PET RET 2L (9) 7,99 L05",ROBO PALETIZADOR FAC LI05,,Sistema manipulador de caixas,5.94,OBSERVACAO: FALHA FORMAÇÃO DE CAMADA | EQUIPAMENTO: ROBO PALETIZADOR FAC LI05 | CHAVE_1: Sistema manipulador de caixas | SUBCHAVE:  | TIPO_PARADA: P.EQ.LINHA | LINHA: LINHA005
3737,FALHA NA TROCA DO FILME PINO DO CILINDRO ATUADOR QUE ACI0NA A SOLDA ESTVA SEM ( DEVIDO AO ANEL DE TRAVA SOLTO ),FALHA NA TROCA DO FILME PINO DO CILINDRO ATUADOR QUE ACI0NA A SOLDA ESTVA SEM DEVIDO AO ANEL DE TRAVA SOLTO,TRAVAMENTO DE ATUADOR,TRAVAMENTO DE ATUADOR,EXACT_SAFE,2,1,1310.0,1.0,2026-07-16,2,LINHA003,P.EQ.LINHA,55994,CCZR PET 1L FL (6) N.V 29G F710 L03,EMPACOTADORA VARIOPAC KRO LI03,,Sistema de Instrumentos e cont,17.25,OBSERVACAO: FALHA NA TROCA DO FILME PINO DO CILINDRO ATUADOR QUE ACI0NA A SOLDA ESTVA SEM ( DEVIDO AO ANEL DE TRAVA SOLTO ) | EQUIPAMENTO: EMPACOTADORA VARIOPAC KRO LI03 | CHAVE_1: Sistema de Instrumentos e cont | SUBCHAVE:  | TIPO_PARADA: P.EQ.LINHA | LINHA: LINHA003
3738,FALHA NO SERVO MOTOR OCASIONANDO DESARME DA REGUA DE ENVOLVIMENTO,FALHA NO SERVO MOTOR OCASIONANDO DESARME DA REGUA DE ENVOLVIMENTO,FALHA DE SERVO MOTOR,FALHA DE SERVO MOTOR,EXACT_SAFE,2,1,1304.0,1.0,2026-07-16,2,LINHA002,P.EQ.LINHA,55477,KUAT PET 2L FL (6) N.V 38G T2G L02,EMPACOTADORA 198/40 KIS LI02,,Sistema de Instrumentos e cont,26.0,OBSERVACAO: FALHA NO SERVO MOTOR OCASIONANDO DESARME DA REGUA DE ENVOLVIMENTO | EQUIPAMENTO: EMPACOTADORA 198/40 KIS LI02 | CHAVE_1: Sistema de Instrumentos e cont | SUBCHAVE:  | TIPO_PARADA: P.EQ.LINHA | LINHA: LINHA002
3740,VELOCIDADE REDUZIDA,VELOCIDADE REDUZIDA,VELOCIDADE REDUZIDA SEM CAUSA IDENTIFICADA,VELOCIDADE REDUZIDA SEM CAUSA IDENTIFICADA,EXACT_SAFE,3,1,1306.0,1.0,2026-07-16,3,LINHA004,P.EQ.LINHA,55376,SCH CITRUS LT 350ML FI (6) N.V LT693 L04,ENCHEDORA STARCANS FM E 91 LI0,Qualidade de peças,Estrutura,1.68,OBSERVACAO: VELOCIDADE REDUZIDA | EQUIPAMENTO: ENCHEDORA STARCANS FM E 91 LI0 | CHAVE_1: Estrutura | SUBCHAVE: Qualidade de peças | TIPO_PARADA: P.EQ.LINHA | LINHA: LINHA004
3741,FALHA NO DRIVE DA BANDEIROLA DE SAIDA DA LAVADORA,FALHA NO DRIVE DA BANDEIROLA DE SAIDA DA LAVADORA,FALHA DE INVERSOR,FALHA DE INVERSOR,EXACT_SAFE,1,1,1312.0,1.0,2026-07-17,3,LINHA001,P.EQ.LINHA,56016,CCZR KS ULTRA 290ML (24) N.V ROL452 L01,LAVADORA GRFS DN1240105 H K LI,,Sistema Elétrico,20.0,OBSERVACAO: FALHA NO DRIVE DA BANDEIROLA DE SAIDA DA LAVADORA | EQUIPAMENTO: LAVADORA GRFS DN1240105 H K LI | CHAVE_1: Sistema Elétrico | SUBCHAVE:  | TIPO_PARADA: P.EQ.LINHA | LINHA: LINHA001
3753,VELOCIDADE REDUZIDA,VELOCIDADE REDUZIDA,VELOCIDADE REDUZIDA SEM CAUSA IDENTIFICADA,VELOCIDADE REDUZIDA SEM CAUSA IDENTIFICADA,EXACT_SAFE,3,1,1306.0,1.0,2026-07-16,3,LINHA004,P.EQ.LINHA,55376,SCH CITRUS LT 350ML FI (6) N.V LT693 L04,ENCHEDORA STARCANS FM E 91 LI0,Qualidade de peças,Estrutura,1.68,OBSERVACAO: VELOCIDADE REDUZIDA | EQUIPAMENTO: ENCHEDORA STARCANS FM E 91 LI0 | CHAVE_1: Estrutura | SUBCHAVE: Qualidade de peças | TIPO_PARADA: P.EQ.LINHA | LINHA: LINHA004
3763,QUEDA DO PEGADOR DE CARTÃO,QUEDA DO PEGADOR DE CARTAO,FALHA DE PEGADOR,FALHA DE PEGADOR,EXACT_SAFE,1,1,1313.0,1.0,2026-07-20,2,LINHA002,P.EQ.LINHA,55732,SPRITE SA PET 2L FL (6) N.V 38G T2G L02,COLOCADOR CHAPATEX SID LI02,,Transporte,4.0,OBSERVACAO: QUEDA DO PEGADOR DE CARTÃO | EQUIPAMENTO: COLOCADOR CHAPATEX SID LI02 | CHAVE_1: Transporte | SUBCHAVE:  | TIPO_PARADA: P.EQ.LINHA | LINHA: LINHA002
3764,CORREIA DO PREGADOR DE CARTÃO TORCEU,CORREIA DO PREGADOR DE CARTAO TORCEU,ESCAPE DE CORREIA,ESCAPE DE CORREIA,EXACT_SAFE,1,1,1314.0,1.0,2026-07-20,2,LINHA002,P.EQ.LINHA,55732,SPRITE SA PET 2L FL (6) N.V 38G T2G L02,COLOCADOR CHAPATEX SID LI02,,Sistema motriz,20.0,OBSERVACAO: CORREIA DO PREGADOR DE CARTÃO TORCEU | EQUIPAMENTO: COLOCADOR CHAPATEX SID LI02 | CHAVE_1: Sistema motriz | SUBCHAVE:  | TIPO_PARADA: P.EQ.LINHA | LINHA: LINHA002
3765,ESTEIRA DA LONA DE ENVOLVIMENTO COM DEGRAU,ESTEIRA DA LONA DE ENVOLVIMENTO COM DEGRAU,DESNIVELAMENTO DE ESTEIRA,DESNIVELAMENTO DE ESTEIRA,EXACT_SAFE,2,1,1315.0,1.0,2026-07-20,2,LINHA002,P.EQ.LINHA,55732,SPRITE SA PET 2L FL (6) N.V 38G T2G L02,EMPACOTADORA 198/40 KIS LI02,Qualidade de peças,Estrutura,10.0,OBSERVACAO: ESTEIRA DA LONA DE ENVOLVIMENTO COM DEGRAU | EQUIPAMENTO: EMPACOTADORA 198/40 KIS LI02 | CHAVE_1: Estrutura | SUBCHAVE: Qualidade de peças | TIPO_PARADA: P.EQ.LINHA | LINHA: LINHA002
3766,PINSA NÚMERO 5 TRAVADA,PINSA NUMERO 5 TRAVADA,TRAVAMENTO DE PINÇA,TRAVAMENTO DE PINCA,EXACT_SAFE,1,1,1317.0,1.0,2026-07-20,2,LINHA005,P.EQ.LINHA,55568,"CC PET RET 2L (9) 7,99 L05",ROTULADORA MODULAR KRONES LI05,,Sistema de Instrumentos e cont,40.0,OBSERVACAO: PINSA NÚMERO 5 TRAVADA | EQUIPAMENTO: ROTULADORA MODULAR KRONES LI05 | CHAVE_1: Sistema de Instrumentos e cont | SUBCHAVE:  | TIPO_PARADA: P.EQ.LINHA | LINHA: LINHA005
3767,ESTEIRA DO TRANSPORTE DE CAIXAS SAIDA DA DESENCAIXOTADORA SAIU FORA DE POSIÇÃO,ESTEIRA DO TRANSPORTE DE CAIXAS SAIDA DA DESENCAIXOTADORA SAIU FORA DE POSICAO,ESCAPE DE ESTEIRA,ESCAPE DE ESTEIRA,EXACT_SAFE,1,1,1318.0,1.0,2026-07-20,2,LINHA005,P.EQ.LINHA,55568,"CC PET RET 2L (9) 7,99 L05",TRANSP CXS VZ DESENCA LAV CXS,Cadeia de transmissão desajust,Sistema Motriz,12.0,OBSERVACAO: ESTEIRA DO TRANSPORTE DE CAIXAS SAIDA DA DESENCAIXOTADORA SAIU FORA DE POSIÇÃO | EQUIPAMENTO: TRANSP CXS VZ DESENCA LAV CXS | CHAVE_1: Sistema Motriz | SUBCHAVE: Cadeia de transmissão desajust | TIPO_PARADA: P.EQ.LINHA | LINHA: LINHA005
3768,FALHA NA BOMBA DE ENVIO DE CARBONATO PARA ESTAÇÃO,FALHA NA BOMBA DE ENVIO DE CARBONATO PARA ESTACAO,FALHA DE CARBONATAÇÃO,FALHA DE CARBONATACAO,EXACT_SAFE,2,1,1319.0,1.0,2026-07-20,2,LINHA005,P.EQ.LINHA,55568,"CC PET RET 2L (9) 7,99 L05",SYNCROJET TANQUE DE MISTURA,,Estrutura,9.88,OBSERVACAO: FALHA NA BOMBA DE ENVIO DE CARBONATO PARA ESTAÇÃO | EQUIPAMENTO: SYNCROJET TANQUE DE MISTURA | CHAVE_1: Estrutura | SUBCHAVE:  | TIPO_PARADA: P.EQ.LINHA | LINHA: LINHA005
3769,PERFIL DO TRANSPORTE DE SAIDA DA LAVADORA SAIU FORA DE POSIÇÃO,PERFIL DO TRANSPORTE DE SAIDA DA LAVADORA SAIU FORA DE POSICAO,DESALINHAMENTO DE GUIA,DESALINHAMENTO DE GUIA,EXACT_SAFE,1,1,1321.0,1.0,2026-07-20,2,LINHA005,P.EQ.LINHA,55568,"CC PET RET 2L (9) 7,99 L05",LAVADORA GARRAFA 22/470 ZIE,,SISTEMA DESCARGA GARRAFA 22/47,6.0,OBSERVACAO: PERFIL DO TRANSPORTE DE SAIDA DA LAVADORA SAIU FORA DE POSIÇÃO | EQUIPAMENTO: LAVADORA GARRAFA 22/470 ZIE | CHAVE_1: SISTEMA DESCARGA GARRAFA 22/47 | SUBCHAVE:  | TIPO_PARADA: P.EQ.LINHA | LINHA: LINHA005
3770,AJUSTE NOS PARAMETROS,AJUSTE NOS PARAMETROS,SEM MODO DE FALHA IDENTIFICADO,SEM MODO DE FALHA IDENTIFICADO,EXACT_SAFE,1,1,1322.0,1.0,2026-07-20,3,LINHA005,P.EQ.LINHA,55568,"CC PET RET 2L (9) 7,99 L05",INSP LINATRONIC M2 KRO LI05,,Sistema Elétrico,7.06,OBSERVACAO: AJUSTE NOS PARAMETROS | EQUIPAMENTO: INSP LINATRONIC M2 KRO LI05 | CHAVE_1: Sistema Elétrico | SUBCHAVE:  | TIPO_PARADA: P.EQ.LINHA | LINHA: LINHA005
3771,CORREIA COM FOLGA OCASIONADO QUEDA DE E TRAVAMENTO DE GARRAFAS NO SPOTER,CORREIA COM FOLGA OCASIONADO QUEDA DE E TRAVAMENTO DE GARRAFAS NO SPOTER,FALHA DE CORREIA,FALHA DE CORREIA,EXACT_SAFE,1,1,1323.0,1.0,2026-07-20,3,LINHA005,P.EQ.LINHA,55568,"CC PET RET 2L (9) 7,99 L05",INSP GARRAFAS SPOTTER HEUFT LI,Qualidade de peças,Estrutura,5.3,OBSERVACAO: CORREIA COM FOLGA OCASIONADO QUEDA DE E TRAVAMENTO DE GARRAFAS NO SPOTER | EQUIPAMENTO: INSP GARRAFAS SPOTTER HEUFT LI | CHAVE_1: Estrutura | SUBCHAVE: Qualidade de peças | TIPO_PARADA: P.EQ.LINHA | LINHA: LINHA005
3772,FALHA NO TRASPORTE DE PALLETES PARA O ROBO,FALHA NO TRASPORTE DE PALLETES PARA O ROBO,FALHA DE ROBÔ,FALHA DE ROBO,EXACT_SAFE,1,1,1324.0,1.0,2026-07-20,3,LINHA005,P.EQ.LINHA,55568,"CC PET RET 2L (9) 7,99 L05",DESPALETIZADOR SID LI05,,Sistema elétrico,12.36,OBSERVACAO: FALHA NO TRASPORTE DE PALLETES PARA O ROBO | EQUIPAMENTO: DESPALETIZADOR SID LI05 | CHAVE_1: Sistema elétrico | SUBCHAVE:  | TIPO_PARADA: P.EQ.LINHA | LINHA: LINHA005
3773,TRAVAMENTO DO TRANSPORTE DA SAIDA DA ENCAIXOTADORA,TRAVAMENTO DO TRANSPORTE DA SAIDA DA ENCAIXOTADORA,TRAVAMENTO DE TRANSPORTE,TRAVAMENTO DE TRANSPORTE,EXACT_SAFE,1,1,1325.0,1.0,2026-07-20,3,LINHA005,P.EQ.LINHA,55568,"CC PET RET 2L (9) 7,99 L05",TRANSP CXS GRFS CH PAL,Cadeia de transmissão danifica,Sistema Motriz,12.36,OBSERVACAO: TRAVAMENTO DO TRANSPORTE DA SAIDA DA ENCAIXOTADORA | EQUIPAMENTO: TRANSP CXS GRFS CH PAL | CHAVE_1: Sistema Motriz | SUBCHAVE: Cadeia de transmissão danifica | TIPO_PARADA: P.EQ.LINHA | LINHA: LINHA005
3774,TAB DANIFICADO GERANDO ENROSCO.,TAB DANIFICADO GERANDO ENROSCO,TAB DANIFICADO,TAB DANIFICADO,EXACT_SAFE,1,1,1326.0,1.0,2026-07-20,3,LINHA005,P.EQ.LINHA,55568,"CC PET RET 2L (9) 7,99 L05",TRANSP CXS GRFS CH PAL,Qualidade de peças,Estrutura,15.53,OBSERVACAO: TAB DANIFICADO GERANDO ENROSCO. | EQUIPAMENTO: TRANSP CXS GRFS CH PAL | CHAVE_1: Estrutura | SUBCHAVE: Qualidade de peças | TIPO_PARADA: P.EQ.LINHA | LINHA: LINHA005
3775,"QUEDA DE GARRAFAS NA ESTRELA DE TRANSFERENCIA DA REFRIGERAÇÃO DE FUNDO, OCASIONANDO FALHA DE MONITORAMENTO",QUEDA DE GARRAFAS NA ESTRELA DE TRANSFERENCIA DA REFRIGERACAO DE FUNDO OCASIONANDO FALHA DE MONITORAMENTO,QUEDA DE GARRAFAS,QUEDA DE GARRAFAS,EXACT_SAFE,1,1,1327.0,1.0,2026-07-20,2,LINHA006,P.EQ.LINHA,55934,CCZR PET 600ML FL (6) L06,ENCHEDORA KRONES L06,Qualidade de peças,Estrutura,4.0,"OBSERVACAO: QUEDA DE GARRAFAS NA ESTRELA DE TRANSFERENCIA DA REFRIGERAÇÃO DE FUNDO, OCASIONANDO FALHA DE MONITORAMENTO | EQUIPAMENTO: ENCHEDORA KRONES L06 | CHAVE_1: Estrutura | SUBCHAVE: Qualidade de peças | TIPO_PARADA: P.EQ.LINHA | LINHA: LINHA006"
3776,"FALHA DO SINAL DO PROFINET, FALTA DE COMUNICAÇÃO DO PLC DE ENTRADA.",FALHA DO SINAL DO PROFINET FALTA DE COMUNICACAO DO PLC DE ENTRADA,FALHA DE COMUNICAÇÃO,FALHA DE COMUNICACAO,EXACT_SAFE,1,1,1328.0,1.0,2026-07-20,2,LINHA006,P.EQ.LINHA,55934,CCZR PET 600ML FL (6) L06,CARBONATADOR KRONES L06,,Sistema elétrico,4.0,"OBSERVACAO: FALHA DO SINAL DO PROFINET, FALTA DE COMUNICAÇÃO DO PLC DE ENTRADA. | EQUIPAMENTO: CARBONATADOR KRONES L06 | CHAVE_1: Sistema elétrico | SUBCHAVE:  | TIPO_PARADA: P.EQ.LINHA | LINHA: LINHA006"
3779,ESTEIRA ESCAPANDO,ESTEIRA ESCAPANDO,ESCAPE DE ESTEIRA,ESCAPE DE ESTEIRA,EXACT_SAFE,1,1,492.0,1.0,2026-02-28,2,LINHA001,P.EQ.LINHA,55609,"CC LS 1L (12) N.V 4,99 ROL412 L01",TRANSP CXS VZ DESENCA ENCA,Falta de Peças,Estrutura,10.0,OBSERVACAO: ESTEIRA ESCAPANDO | EQUIPAMENTO: TRANSP CXS VZ DESENCA ENCA | CHAVE_1: Estrutura | SUBCHAVE: Falta de Peças | TIPO_PARADA: P.EQ.LINHA | LINHA: LINHA001
3781,VELOCIDADE REDUZIDA,VELOCIDADE REDUZIDA,VELOCIDADE REDUZIDA SEM CAUSA IDENTIFICADA,VELOCIDADE REDUZIDA SEM CAUSA IDENTIFICADA,EXACT_SAFE,3,1,1306.0,1.0,2026-07-16,3,LINHA004,P.EQ.LINHA,55376,SCH CITRUS LT 350ML FI (6) N.V LT693 L04,ENCHEDORA STARCANS FM E 91 LI0,Qualidade de peças,Estrutura,1.68,OBSERVACAO: VELOCIDADE REDUZIDA | EQUIPAMENTO: ENCHEDORA STARCANS FM E 91 LI0 | CHAVE_1: Estrutura | SUBCHAVE: Qualidade de peças | TIPO_PARADA: P.EQ.LINHA | LINHA: LINHA004
3783,ENROSCO DE TAMPAS,ENROSCO DE TAMPAS,ENROSCO DE TAMPAS,ENROSCO DE TAMPAS,EXACT_SAFE,2,1,1301.0,1.0,2026-07-15,2,LINHA001,P.EQ.LINHA,55609,"CC LS 1L (12) N.V 4,99 ROL412 L01",LACRADOR TAMPAS H K LI01,,Estrutura,1.33,OBSERVACAO: ENROSCO DE TAMPAS | EQUIPAMENTO: LACRADOR TAMPAS H K LI01 | CHAVE_1: Estrutura | SUBCHAVE:  | TIPO_PARADA: P.EQ.LINHA | LINHA: LINHA001
3793,TAB DANIFICADO GERANDO ENROSCO.,TAB DANIFICADO GERANDO ENROSCO,TAB DANIFICADO,TAB DANIFICADO,EXACT_SAFE,1,1,1326.0,1.0,2026-07-20,3,LINHA005,P.EQ.LINHA,55568,"CC PET RET 2L (9) 7,99 L05",TRANSP CXS GRFS CH PAL,Qualidade de peças,Estrutura,15.53,OBSERVACAO: TAB DANIFICADO GERANDO ENROSCO. | EQUIPAMENTO: TRANSP CXS GRFS CH PAL | CHAVE_1: Estrutura | SUBCHAVE: Qualidade de peças | TIPO_PARADA: P.EQ.LINHA | LINHA: LINHA005
3794,"CRASH NA SAIDA DO ASEBI , CAUSANDO PARADAS NA MAQUINA",CRASH NA SAIDA DO ASEBI CAUSANDO PARADAS NA MAQUINA,FALHA DE INSPEÇÃO,FALHA DE INSPECAO,EXACT_SAFE,1,1,1331.0,1.0,2026-07-21,2,LINHA001,P.EQ.LINHA,55957,CC KS ULTRA 290ML (24) N.V ROL372 L01,INSPETOR DE GARRAFAS VAZIAS HE,,,10.0,"OBSERVACAO: CRASH NA SAIDA DO ASEBI , CAUSANDO PARADAS NA MAQUINA | EQUIPAMENTO: INSPETOR DE GARRAFAS VAZIAS HE | CHAVE_1:  | SUBCHAVE:  | TIPO_PARADA: P.EQ.LINHA | LINHA: LINHA001"
3795,"AJUSTE DO EXPULSADOR, ASSIM QUE DETECTADO GARRAFA COM NÍVEL BAIXO, ELE ABAIXAVA EXPULSAVA GARRAFA PORÉM BATIA NA GARRAFA DA FRENTE E CAUSAVA CRASH",AJUSTE DO EXPULSADOR ASSIM QUE DETECTADO GARRAFA COM NIVEL BAIXO ELE ABAIXAVA EXPULSAVA GARRAFA POREM BATIA NA GARRAFA DA FRENTE E CAUSAVA CRASH,FALHA DE ENCHIMENTO,FALHA DE ENCHIMENTO,EXACT_SAFE,1,1,1332.0,1.0,2026-07-21,2,LINHA001,P.EQ.LINHA,55957,CC KS ULTRA 290ML (24) N.V ROL372 L01,INSPETOR NIVEL HEU LI01,Guia do transportador desajust,Estrutura,13.5,"OBSERVACAO: AJUSTE DO EXPULSADOR, ASSIM QUE DETECTADO GARRAFA COM NÍVEL BAIXO, ELE ABAIXAVA EXPULSAVA GARRAFA PORÉM BATIA NA GARRAFA DA FRENTE E CAUSAVA CRASH | EQUIPAMENTO: INSPETOR NIVEL HEU LI01 | CHAVE_1: Estrutura | SUBCHAVE: Guia do transportador desajust | TIPO_PARADA: P.EQ.LINHA | LINHA: LINHA001"
3796,SENSOR INSTALADO NO TRP DE SAIDA DA DESENCA EM FALHA NÃO IDENTIFICANDO PRESENCA DE GARRAFA ENTRANDO CAIXAS COM GARRAFAS NA ENCA,SENSOR INSTALADO NO TRP DE SAIDA DA DESENCA EM FALHA NAO IDENTIFICANDO PRESENCA DE GARRAFA ENTRANDO CAIXAS COM GARRAFAS NA ENCA,FALHA DE SENSOR,FALHA DE SENSOR,EXACT_SAFE,1,1,1333.0,1.0,2026-07-21,2,LINHA001,P.EQ.LINHA,55957,CC KS ULTRA 290ML (24) N.V ROL372 L01,DESENCAIX VAN 1351441 H K LI01,,Sistema de instrumentos e cont,5.0,OBSERVACAO: SENSOR INSTALADO NO TRP DE SAIDA DA DESENCA EM FALHA NÃO IDENTIFICANDO PRESENCA DE GARRAFA ENTRANDO CAIXAS COM GARRAFAS NA ENCA | EQUIPAMENTO: DESENCAIX VAN 1351441 H K LI01 | CHAVE_1: Sistema de instrumentos e cont | SUBCHAVE:  | TIPO_PARADA: P.EQ.LINHA | LINHA: LINHA001
3797,SENSOR EMBAÇADO POR CAUSA DA UMIDADE NA SALA DE ENVASE DEVIDO QUEBRA DA CORREIA DA PRESSÃO POSITIVA,SENSOR EMBACADO POR CAUSA DA UMIDADE NA SALA DE ENVASE DEVIDO QUEBRA DA CORREIA DA PRESSAO POSITIVA,FALHA DE SENSOR,FALHA DE SENSOR,EXACT_SAFE,1,1,1334.0,1.0,2026-07-21,2,LINHA001,P.EQ.LINHA,55957,CC KS ULTRA 290ML (24) N.V ROL372 L01,INSPETOR DE GARRAFAS VAZIAS HE,,,8.0,OBSERVACAO: SENSOR EMBAÇADO POR CAUSA DA UMIDADE NA SALA DE ENVASE DEVIDO QUEBRA DA CORREIA DA PRESSÃO POSITIVA | EQUIPAMENTO: INSPETOR DE GARRAFAS VAZIAS HE | CHAVE_1:  | SUBCHAVE:  | TIPO_PARADA: P.EQ.LINHA | LINHA: LINHA001
3798,SENSOR INSTALADO NO TRP DE SÁIDA DA DESENCA NÃO ESTÁ PARANDO QUANDO HÁ PRESENCA DE GARRAFA FAZENDO COM QUE FIQUE GARRAFA NA CAIXA ENTRANDO NA ENCA.,SENSOR INSTALADO NO TRP DE SAIDA DA DESENCA NAO ESTA PARANDO QUANDO HA PRESENCA DE GARRAFA FAZENDO COM QUE FIQUE GARRAFA NA CAIXA ENTRANDO NA ENCA,FALHA DE SENSOR,FALHA DE SENSOR,EXACT_SAFE,1,1,1335.0,1.0,2026-07-21,2,LINHA001,P.EQ.LINHA,55957,CC KS ULTRA 290ML (24) N.V ROL372 L01,DESENCAIX VAN 1351441 H K LI01,,Sistema de instrumentos e cont,5.0,OBSERVACAO: SENSOR INSTALADO NO TRP DE SÁIDA DA DESENCA NÃO ESTÁ PARANDO QUANDO HÁ PRESENCA DE GARRAFA FAZENDO COM QUE FIQUE GARRAFA NA CAIXA ENTRANDO NA ENCA. | EQUIPAMENTO: DESENCAIX VAN 1351441 H K LI01 | CHAVE_1: Sistema de instrumentos e cont | SUBCHAVE:  | TIPO_PARADA: P.EQ.LINHA | LINHA: LINHA001
3799,ENROSCO DE TAMPAS NA ENTRADA DO ARROLHADOR CAUSANDO PARADAS NA MAQUINA,ENROSCO DE TAMPAS NA ENTRADA DO ARROLHADOR CAUSANDO PARADAS NA MAQUINA,ENROSCO DE TAMPAS,ENROSCO DE TAMPAS,EXACT_SAFE,2,1,1336.0,1.0,2026-07-21,2,LINHA001,P.EQ.LINHA,55957,CC KS ULTRA 290ML (24) N.V ROL372 L01,LACRADOR TAMPAS H K LI01,,Estrutura,5.25,OBSERVACAO: ENROSCO DE TAMPAS NA ENTRADA DO ARROLHADOR CAUSANDO PARADAS NA MAQUINA | EQUIPAMENTO: LACRADOR TAMPAS H K LI01 | CHAVE_1: Estrutura | SUBCHAVE:  | TIPO_PARADA: P.EQ.LINHA | LINHA: LINHA001
3800,FALHA NO SENSOR DO CABECOTE ORDEM 30008797399,FALHA NO SENSOR DO CABECOTE ORDEM 30008797399,FALHA DE SENSOR,FALHA DE SENSOR,EXACT_SAFE,1,1,1337.0,1.0,2026-07-21,2,LINHA001,P.EQ.LINHA,55957,CC KS ULTRA 290ML (24) N.V ROL372 L01,ENCAIXOTADORA VAN H K LI01,,Estrutura,30.0,OBSERVACAO: FALHA NO SENSOR DO CABECOTE ORDEM 30008797399 | EQUIPAMENTO: ENCAIXOTADORA VAN H K LI01 | CHAVE_1: Estrutura | SUBCHAVE:  | TIPO_PARADA: P.EQ.LINHA | LINHA: LINHA001
3801,SENSOR EMBAÇADO DEVIDO SALA DE ENVASE UMIDA POR CAUSA DA QUEBRA DA CORREIA DA PRESSÃO POSITIVA,SENSOR EMBACADO DEVIDO SALA DE ENVASE UMIDA POR CAUSA DA QUEBRA DA CORREIA DA PRESSAO POSITIVA,FALHA DE SENSOR,FALHA DE SENSOR,EXACT_SAFE,1,1,1338.0,1.0,2026-07-21,2,LINHA001,P.EQ.LINHA,55957,CC KS ULTRA 290ML (24) N.V ROL372 L01,INSPETOR DE GARRAFAS VAZIAS HE,,,4.0,OBSERVACAO: SENSOR EMBAÇADO DEVIDO SALA DE ENVASE UMIDA POR CAUSA DA QUEBRA DA CORREIA DA PRESSÃO POSITIVA | EQUIPAMENTO: INSPETOR DE GARRAFAS VAZIAS HE | CHAVE_1:  | SUBCHAVE:  | TIPO_PARADA: P.EQ.LINHA | LINHA: LINHA001
3802,"ENROSCO DE TAMPAS NA ENTRADA DO ARROLHADOR , CAUSANDO PARADAS NA MAQUINA",ENROSCO DE TAMPAS NA ENTRADA DO ARROLHADOR CAUSANDO PARADAS NA MAQUINA,ENROSCO DE TAMPAS,ENROSCO DE TAMPAS,EXACT_SAFE,2,1,1336.0,1.0,2026-07-21,2,LINHA001,P.EQ.LINHA,55957,CC KS ULTRA 290ML (24) N.V ROL372 L01,LACRADOR TAMPAS H K LI01,,Estrutura,5.25,"OBSERVACAO: ENROSCO DE TAMPAS NA ENTRADA DO ARROLHADOR , CAUSANDO PARADAS NA MAQUINA | EQUIPAMENTO: LACRADOR TAMPAS H K LI01 | CHAVE_1: Estrutura | SUBCHAVE:  | TIPO_PARADA: P.EQ.LINHA | LINHA: LINHA001"
3803,SENSOR INSTALADO NO TRP DE SAIDA DA DESENCA EM FALHA NÃO DETECTANDO PRESENCA DE GARRAFAS E INDO CAIXAS COM GARRAFA PARA ENCA,SENSOR INSTALADO NO TRP DE SAIDA DA DESENCA EM FALHA NAO DETECTANDO PRESENCA DE GARRAFAS E INDO CAIXAS COM GARRAFA PARA ENCA,FALHA DE SENSOR,FALHA DE SENSOR,EXACT_SAFE,1,1,1340.0,1.0,2026-07-21,2,LINHA001,P.EQ.LINHA,55957,CC KS ULTRA 290ML (24) N.V ROL372 L01,DESENCAIX VAN 1351441 H K LI01,,Sistema de instrumentos e cont,4.0,OBSERVACAO: SENSOR INSTALADO NO TRP DE SAIDA DA DESENCA EM FALHA NÃO DETECTANDO PRESENCA DE GARRAFAS E INDO CAIXAS COM GARRAFA PARA ENCA | EQUIPAMENTO: DESENCAIX VAN 1351441 H K LI01 | CHAVE_1: Sistema de instrumentos e cont | SUBCHAVE:  | TIPO_PARADA: P.EQ.LINHA | LINHA: LINHA001
3804,ENROSCO DE TAMPAS NA CANALETA,ENROSCO DE TAMPAS NA CANALETA,ENROSCO DE TAMPAS,ENROSCO DE TAMPAS,EXACT_SAFE,1,1,1341.0,1.0,2026-07-21,2,LINHA001,P.EQ.LINHA,55957,CC KS ULTRA 290ML (24) N.V ROL372 L01,LACRADOR TAMPAS H K LI01,,Estrutura,5.0,OBSERVACAO: ENROSCO DE TAMPAS NA CANALETA | EQUIPAMENTO: LACRADOR TAMPAS H K LI01 | CHAVE_1: Estrutura | SUBCHAVE:  | TIPO_PARADA: P.EQ.LINHA | LINHA: LINHA001
3805,TRASPORTE DE PACOTES QUEBRADO 30008798753,TRASPORTE DE PACOTES QUEBRADO 30008798753,QUEBRA DE TRANSPORTE,QUEBRA DE TRANSPORTE,EXACT_SAFE,1,1,1342.0,1.0,2026-07-22,3,LINHA002,P.EQ.LINHA,56424,CCMA PET 2L FL (6) N.V 38G LOLA T2G L02,TRANSP PCTS EMPAC PAL TRECHO 2,,Sistema de instrumentos e cont,12.0,OBSERVACAO: TRASPORTE DE PACOTES QUEBRADO 30008798753 | EQUIPAMENTO: TRANSP PCTS EMPAC PAL TRECHO 2 | CHAVE_1: Sistema de instrumentos e cont | SUBCHAVE:  | TIPO_PARADA: P.EQ.LINHA | LINHA: LINHA002
3806,ESTEIRA DE ENVOLVIMENTO COM FALHA ELETRICA (30008798793),ESTEIRA DE ENVOLVIMENTO COM FALHA ELETRICA 30008798793,FALHA DE ESTEIRA,FALHA DE ESTEIRA,EXACT_SAFE,1,1,1343.0,1.0,2026-07-22,3,LINHA002,P.EQ.LINHA,56424,CCMA PET 2L FL (6) N.V 38G LOLA T2G L02,EMPACOTADORA 198/40 KIS LI02,,Sistema de Instrumentos e cont,14.0,OBSERVACAO: ESTEIRA DE ENVOLVIMENTO COM FALHA ELETRICA (30008798793) | EQUIPAMENTO: EMPACOTADORA 198/40 KIS LI02 | CHAVE_1: Sistema de Instrumentos e cont | SUBCHAVE:  | TIPO_PARADA: P.EQ.LINHA | LINHA: LINHA002
3808,ENROSCO DE TAMPAS CAUSANDO PARADAS NA MAQUINA,ENROSCO DE TAMPAS CAUSANDO PARADAS NA MAQUINA,ENROSCO DE TAMPAS,ENROSCO DE TAMPAS,EXACT_SAFE,2,1,1274.0,1.0,2026-07-14,2,LINHA001,P.EQ.LINHA,55609,"CC LS 1L (12) N.V 4,99 ROL412 L01",LACRADOR TAMPAS H K LI01,,Estrutura,4.67,OBSERVACAO: ENROSCO DE TAMPAS CAUSANDO PARADAS NA MAQUINA | EQUIPAMENTO: LACRADOR TAMPAS H K LI01 | CHAVE_1: Estrutura | SUBCHAVE:  | TIPO_PARADA: P.EQ.LINHA | LINHA: LINHA001
3809,ENROSCO DE TAMPAS NA ENTRADA DO ARROLHADOR CAUSANDO PARADAS NA MAQUINA,ENROSCO DE TAMPAS NA ENTRADA DO ARROLHADOR CAUSANDO PARADAS NA MAQUINA,ENROSCO DE TAMPAS,ENROSCO DE TAMPAS,EXACT_SAFE,2,1,1336.0,1.0,2026-07-21,2,LINHA001,P.EQ.LINHA,55957,CC KS ULTRA 290ML (24) N.V ROL372 L01,LACRADOR TAMPAS H K LI01,,Estrutura,5.25,OBSERVACAO: ENROSCO DE TAMPAS NA ENTRADA DO ARROLHADOR CAUSANDO PARADAS NA MAQUINA | EQUIPAMENTO: LACRADOR TAMPAS H K LI01 | CHAVE_1: Estrutura | SUBCHAVE:  | TIPO_PARADA: P.EQ.LINHA | LINHA: LINHA001
3813,"VELOCIDADE REDUZIDA, COLAPSANDO LATAS",VELOCIDADE REDUZIDA COLAPSANDO LATAS,COLAPSO DE LATAS,COLAPSO DE LATAS,EXACT_SAFE,1,1,1347.0,1.0,2026-07-22,2,LINHA004,P.EQ.LINHA,55388,CCZR LT 350ML FL (6) N.V LT832 F540 L04,RECRAVADORA 708 G FRR LI04,Qualidade de peças,Estrutura,2.4,"OBSERVACAO: VELOCIDADE REDUZIDA, COLAPSANDO LATAS | EQUIPAMENTO: RECRAVADORA 708 G FRR LI04 | CHAVE_1: Estrutura | SUBCHAVE: Qualidade de peças | TIPO_PARADA: P.EQ.LINHA | LINHA: LINHA004"
3815,VELOCIDADE REDUZIDA LATAS COLAPSANDO NA RECRAVADORA,VELOCIDADE REDUZIDA LATAS COLAPSANDO NA RECRAVADORA,FALHA DE RECRAVAÇÃO,FALHA DE RECRAVACAO,EXACT_SAFE,1,1,1352.0,1.0,2026-07-22,2,LINHA004,P.EQ.LINHA,55388,CCZR LT 350ML FL (6) N.V LT832 F540 L04,RECRAVADORA 708 G FRR LI04,Falta de Peças,Estrutura,4.0,OBSERVACAO: VELOCIDADE REDUZIDA LATAS COLAPSANDO NA RECRAVADORA | EQUIPAMENTO: RECRAVADORA 708 G FRR LI04 | CHAVE_1: Estrutura | SUBCHAVE: Falta de Peças | TIPO_PARADA: P.EQ.LINHA | LINHA: LINHA004
3816,FALHA DE ENCHIMENTO VÁLVULA 77,FALHA DE ENCHIMENTO VALVULA 77,FALHA DE VÁLVULA DE ENCHIMENTO,FALHA DE VALVULA DE ENCHIMENTO,EXACT_SAFE,1,1,1353.0,1.0,2026-07-22,2,LINHA006,P.EQ.LINHA,56298,CC PET 200ML FI (12) NV 14G LOLA T2G L06,ENCHEDORA KRONES L06,,Sistema elétrico,11.01,OBSERVACAO: FALHA DE ENCHIMENTO VÁLVULA 77 | EQUIPAMENTO: ENCHEDORA KRONES L06 | CHAVE_1: Sistema elétrico | SUBCHAVE:  | TIPO_PARADA: P.EQ.LINHA | LINHA: LINHA006
3817,FALHA DE ENCHIMENTO VÁLVULAS 77 E 97,FALHA DE ENCHIMENTO VALVULAS 77 E 97,FALHA DE VÁLVULA DE ENCHIMENTO,FALHA DE VALVULA DE ENCHIMENTO,EXACT_SAFE,1,1,1354.0,1.0,2026-07-22,2,LINHA006,P.EQ.LINHA,56298,CC PET 200ML FI (12) NV 14G LOLA T2G L06,ENCHEDORA KRONES L06,,Sistema de enchimento,31.2,OBSERVACAO: FALHA DE ENCHIMENTO VÁLVULAS 77 E 97 | EQUIPAMENTO: ENCHEDORA KRONES L06 | CHAVE_1: Sistema de enchimento | SUBCHAVE:  | TIPO_PARADA: P.EQ.LINHA | LINHA: LINHA006
3818,FALHA DE ENCHIMENTO NAS VÁLVULAS 77 E 97,FALHA DE ENCHIMENTO NAS VALVULAS 77 E 97,FALHA DE VÁLVULA DE ENCHIMENTO,FALHA DE VALVULA DE ENCHIMENTO,EXACT_SAFE,1,1,1355.0,1.0,2026-07-22,2,LINHA006,P.EQ.LINHA,56298,CC PET 200ML FI (12) NV 14G LOLA T2G L06,ENCHEDORA KRONES L06,,Sistema de enchimento,13.92,OBSERVACAO: FALHA DE ENCHIMENTO NAS VÁLVULAS 77 E 97 | EQUIPAMENTO: ENCHEDORA KRONES L06 | CHAVE_1: Sistema de enchimento | SUBCHAVE:  | TIPO_PARADA: P.EQ.LINHA | LINHA: LINHA006
3819,"ESTEIRA COM FOLGA, ATRASANDO A GARRAFA, GERANDO QUEDA NA REGUA DE ARRASTE.",ESTEIRA COM FOLGA ATRASANDO A GARRAFA GERANDO QUEDA NA REGUA DE ARRASTE,FALHA DE ESTEIRA,FALHA DE ESTEIRA,EXACT_SAFE,2,1,1356.0,1.0,2026-07-23,1,LINHA003,P.EQ.LINHA,55993,CC PET 1L FL (6) N.V 29G F710 L03,EMPACOTADORA VARIOPAC KRO LI03,,Sistema de Instrumentos e cont,3.1,"OBSERVACAO: ESTEIRA COM FOLGA, ATRASANDO A GARRAFA, GERANDO QUEDA NA REGUA DE ARRASTE. | EQUIPAMENTO: EMPACOTADORA VARIOPAC KRO LI03 | CHAVE_1: Sistema de Instrumentos e cont | SUBCHAVE:  | TIPO_PARADA: P.EQ.LINHA | LINHA: LINHA003"
3827,ORDEM 30008799219/ QUEBRA DO EIXO DE ENVOLVIMENTO,ORDEM 30008799219 QUEBRA DO EIXO DE ENVOLVIMENTO,QUEBRA DE EIXO,QUEBRA DE EIXO,EXACT_SAFE,2,1,1358.0,1.0,2026-07-23,2,LINHA003,P.EQ.LINHA,55993,CC PET 1L FL (6) N.V 29G F710 L03,ENVOLVEDORA ROB LI03,Qualidade de peças,Estrutura,33.0,OBSERVACAO: ORDEM 30008799219/ QUEBRA DO EIXO DE ENVOLVIMENTO | EQUIPAMENTO: ENVOLVEDORA ROB LI03 | CHAVE_1: Estrutura | SUBCHAVE: Qualidade de peças | TIPO_PARADA: P.EQ.LINHA | LINHA: LINHA003
3828,FALHA NA CAMERA DE EMBOCADURA ORDEM 30008805907,FALHA NA CAMERA DE EMBOCADURA ORDEM 30008805907,FALHA DE CÂMERA,FALHA DE CAMERA,EXACT_SAFE,1,1,1360.0,1.0,2026-07-24,3,LINHA001,P.EQ.LINHA,55609,"CC LS 1L (12) N.V 4,99 ROL412 L01",INSPETOR DE GARRAFAS VAZIAS HE,,,20.0,OBSERVACAO: FALHA NA CAMERA DE EMBOCADURA ORDEM 30008805907 | EQUIPAMENTO: INSPETOR DE GARRAFAS VAZIAS HE | CHAVE_1:  | SUBCHAVE:  | TIPO_PARADA: P.EQ.LINHA | LINHA: LINHA001
3830,FALHA NO SENSOR DE SEGURANÇA TRAVA DE PORTA ENCAIXOTADORA,FALHA NO SENSOR DE SEGURANCA TRAVA DE PORTA ENCAIXOTADORA,FALHA DE SENSOR,FALHA DE SENSOR,EXACT_SAFE,1,1,1361.0,1.0,2026-07-24,3,LINHA001,P.EQ.LINHA,55609,"CC LS 1L (12) N.V 4,99 ROL412 L01",ENCAIXOTADORA VAN H K LI01,,Sistema de segurança,34.67,OBSERVACAO: FALHA NO SENSOR DE SEGURANÇA TRAVA DE PORTA ENCAIXOTADORA | EQUIPAMENTO: ENCAIXOTADORA VAN H K LI01 | CHAVE_1: Sistema de segurança | SUBCHAVE:  | TIPO_PARADA: P.EQ.LINHA | LINHA: LINHA001
3831,FALHA NO FLUXIMETRO DE XAROPE,FALHA NO FLUXIMETRO DE XAROPE,FALHA DE FLUXÍMETRO,FALHA DE FLUXIMETRO,EXACT_SAFE,1,1,1362.0,1.0,2026-07-24,3,LINHA004,P.EQ.LINHA,56269,SPRITE LT 350ML FL (6) N.V LT748 L04,PROPORCIONADOR STARBLEND SID L,Válvula mod xarope falha,Circuito de xarope,5.0,OBSERVACAO: FALHA NO FLUXIMETRO DE XAROPE | EQUIPAMENTO: PROPORCIONADOR STARBLEND SID L | CHAVE_1: Circuito de xarope | SUBCHAVE: Válvula mod xarope falha | TIPO_PARADA: P.EQ.LINHA | LINHA: LINHA004
3832,"FALHA NO INSERIMENTO DE GARRAFAS FALSAS, CAUSANDO VAZAMENTO, REAPERTO DOS PARAFUSOS LATERAIS DA GARRAFA FALSA Nº31 / Nº36",FALHA NO INSERIMENTO DE GARRAFAS FALSAS CAUSANDO VAZAMENTO REAPERTO DOS PARAFUSOS LATERAIS DA GARRAFA FALSA N 31 N 36,FALHA DE INSPEÇÃO,FALHA DE INSPECAO,EXACT_SAFE,1,1,1363.0,1.0,2026-07-24,3,LINHA004,P.EQ.LINHA,56269,SPRITE LT 350ML FL (6) N.V LT748 L04,ENCHEDORA STARCANS FM E 91 LI0,,Sistema pneumático,6.0,"OBSERVACAO: FALHA NO INSERIMENTO DE GARRAFAS FALSAS, CAUSANDO VAZAMENTO, REAPERTO DOS PARAFUSOS LATERAIS DA GARRAFA FALSA Nº31 / Nº36 | EQUIPAMENTO: ENCHEDORA STARCANS FM E 91 LI0 | CHAVE_1: Sistema pneumático | SUBCHAVE:  | TIPO_PARADA: P.EQ.LINHA | LINHA: LINHA004"
3837,ENROSCOS DE TAMPAS NA ENTRADA DO ARROLHADORA CAUSANDO PARADAS NO EQUIPAMENTO,ENROSCOS DE TAMPAS NA ENTRADA DO ARROLHADORA CAUSANDO PARADAS NO EQUIPAMENTO,ENROSCO DE TAMPAS,ENROSCO DE TAMPAS,EXACT_SAFE,1,1,1364.0,1.0,2026-07-24,2,LINHA001,P.EQ.LINHA,55609,"CC LS 1L (12) N.V 4,99 ROL412 L01",LACRADOR TAMPAS H K LI01,,Estrutura,4.0,OBSERVACAO: ENROSCOS DE TAMPAS NA ENTRADA DO ARROLHADORA CAUSANDO PARADAS NO EQUIPAMENTO | EQUIPAMENTO: LACRADOR TAMPAS H K LI01 | CHAVE_1: Estrutura | SUBCHAVE:  | TIPO_PARADA: P.EQ.LINHA | LINHA: LINHA001
3838,MANGUEIRA DE AR ESCAPOU DA CONEXÃO OCASIONADO SULTURA DAS GARRAFAS,MANGUEIRA DE AR ESCAPOU DA CONEXAO OCASIONADO SULTURA DAS GARRAFAS,FALHA DE CONEXÃO DE MANGUEIRA,FALHA DE CONEXAO DE MANGUEIRA,EXACT_SAFE,1,1,1365.0,1.0,2026-07-24,2,LINHA001,P.EQ.LINHA,55609,"CC LS 1L (12) N.V 4,99 ROL412 L01",ENCAIXOTADORA VAN H K LI01,,Sistema Pneumático,6.0,OBSERVACAO: MANGUEIRA DE AR ESCAPOU DA CONEXÃO OCASIONADO SULTURA DAS GARRAFAS | EQUIPAMENTO: ENCAIXOTADORA VAN H K LI01 | CHAVE_1: Sistema Pneumático | SUBCHAVE:  | TIPO_PARADA: P.EQ.LINHA | LINHA: LINHA001
3839,ENROSCO DA PERSIANA,ENROSCO DA PERSIANA,FALHA DE PERSIANA,FALHA DE PERSIANA,EXACT_SAFE,1,1,1366.0,1.0,2026-07-24,3,LINHA003,P.EQ.LINHA,56424,CCMA PET 2L FL (6) N.V 38G LOLA T2G L03,PALETIZADORA ROBOT KRO LI03,,Sistema de instrumentos e cont,14.0,OBSERVACAO: ENROSCO DA PERSIANA | EQUIPAMENTO: PALETIZADORA ROBOT KRO LI03 | CHAVE_1: Sistema de instrumentos e cont | SUBCHAVE:  | TIPO_PARADA: P.EQ.LINHA | LINHA: LINHA003
3840,FALHA RESET DA PORTA DE SEGURANÇA / 30008805927,FALHA RESET DA PORTA DE SEGURANCA 30008805927,FALHA DE PORTA DE SEGURANÇA,FALHA DE PORTA DE SEGURANCA,EXACT_SAFE,1,1,1367.0,1.0,2026-07-25,1,LINHA001,P.EQ.LINHA,55609,"CC LS 1L (12) N.V 4,99 ROL412 L01",ENCAIXOTADORA VAN H K LI01,,Sistema de instrumentos e cont,42.0,OBSERVACAO: FALHA RESET DA PORTA DE SEGURANÇA / 30008805927 | EQUIPAMENTO: ENCAIXOTADORA VAN H K LI01 | CHAVE_1: Sistema de instrumentos e cont | SUBCHAVE:  | TIPO_PARADA: P.EQ.LINHA | LINHA: LINHA001
3841,FALHA NO SENSOR DA GAIOLA,FALHA NO SENSOR DA GAIOLA,FALHA DE SENSOR,FALHA DE SENSOR,EXACT_SAFE,1,1,1368.0,1.0,2026-07-25,2,LINHA003,P.EQ.LINHA,56424,CCMA PET 2L FL (6) N.V 38G LOLA T2G L03,PALETIZADORA ROBOT KRO LI03,,Sistema de instrumentos e cont,18.0,OBSERVACAO: FALHA NO SENSOR DA GAIOLA | EQUIPAMENTO: PALETIZADORA ROBOT KRO LI03 | CHAVE_1: Sistema de instrumentos e cont | SUBCHAVE:  | TIPO_PARADA: P.EQ.LINHA | LINHA: LINHA003
3852,INSERIMENTO DA LATAS FALSA EM MANUAL,INSERIMENTO DA LATAS FALSA EM MANUAL,FALHA DE INSPEÇÃO,FALHA DE INSPECAO,EXACT_SAFE,1,1,1369.0,1.0,2026-07-26,2,LINHA004,P.EQ.LINHA,55404,CC LT 350ML FL (12) N.V LT881 TP CDL L04,ENCHEDORA STARCANS FM E 91 LI0,,Sistema de instrumentos e cont,7.33,OBSERVACAO: INSERIMENTO DA LATAS FALSA EM MANUAL | EQUIPAMENTO: ENCHEDORA STARCANS FM E 91 LI0 | CHAVE_1: Sistema de instrumentos e cont | SUBCHAVE:  | TIPO_PARADA: P.EQ.LINHA | LINHA: LINHA004
3856,FALHA VÁLVULA DE ENCHIMENTO NÃO LIBERANDO ÁGUA,FALHA VALVULA DE ENCHIMENTO NAO LIBERANDO AGUA,FALHA DE VÁLVULA DE ENCHIMENTO,FALHA DE VALVULA DE ENCHIMENTO,EXACT_SAFE,1,1,1370.0,1.0,2026-07-27,1,LINHA006,P.EQ.LINHA,118621,ICE TEA PES PET 450ML FL (6) TP005 L06,ENCHEDORA KRONES L06,,Sistema elétrico,49.25,OBSERVACAO: FALHA VÁLVULA DE ENCHIMENTO NÃO LIBERANDO ÁGUA | EQUIPAMENTO: ENCHEDORA KRONES L06 | CHAVE_1: Sistema elétrico | SUBCHAVE:  | TIPO_PARADA: P.EQ.LINHA | LINHA: LINHA006
3864,FALHA NO INVERSOR,FALHA NO INVERSOR,FALHA DE INVERSOR,FALHA DE INVERSOR,EXACT_SAFE,1,1,1604.0,1.0,2026-09-08,2,LINHA005,P.EQ.LINHA,56326,"CCZR PET RET 2L (9) 7,99 L05",DESPALETIZADOR SID LI05,,Sistema de instrumentos e cont,7.0,OBSERVACAO: FALHA NO INVERSOR | EQUIPAMENTO: DESPALETIZADOR SID LI05 | CHAVE_1: Sistema de instrumentos e cont | SUBCHAVE:  | TIPO_PARADA: P.EQ.LINHA | LINHA: LINHA005
3865,FALHA NA CODIFICAÇÃO,FALHA NA CODIFICACAO,FALHA DE CODIFICAÇÃO,FALHA DE CODIFICACAO,EXACT_SAFE,1,1,520.0,1.0,2026-03-06,1,LINHA001,P.EQ.LINHA,55609,"CC LS 1L (12) N.V 4,99 ROL412 L01",DATADORA MARKEM IMAJE 9450S,,,6.0,OBSERVACAO: FALHA NA CODIFICAÇÃO | EQUIPAMENTO: DATADORA MARKEM IMAJE 9450S | CHAVE_1:  | SUBCHAVE:  | TIPO_PARADA: P.EQ.LINHA | LINHA: LINHA001
3869,FALHA NO SENSOR DA GRELHA,FALHA NO SENSOR DA GRELHA,FALHA DE SENSOR,FALHA DE SENSOR,EXACT_SAFE,1,1,1371.0,1.0,2026-07-29,1,LINHA001,P.EQ.LINHA,55609,"CC LS 1L (12) N.V 4,99 ROL412 L01",DESENCAIX VAN 1351441 H K LI01,,Sistema elétrico,1.33,OBSERVACAO: FALHA NO SENSOR DA GRELHA | EQUIPAMENTO: DESENCAIX VAN 1351441 H K LI01 | CHAVE_1: Sistema elétrico | SUBCHAVE:  | TIPO_PARADA: P.EQ.LINHA | LINHA: LINHA001
3870,ESTOURO NA SOLDA NA TROCA DE BOBINA EM AUTOMATICO,ESTOURO NA SOLDA NA TROCA DE BOBINA EM AUTOMATICO,FALHA DE SOLDA DE FILME,FALHA DE SOLDA DE FILME,EXACT_SAFE,1,1,1372.0,1.0,2026-07-29,3,LINHA004,P.EQ.LINHA,55404,CC LT 350ML FL (12) N.V LT881 TP CDL L04,EMPACOTADORA SP 100V KIS LI04,,Sistema de Instrumentos e cont,19.68,OBSERVACAO: ESTOURO NA SOLDA NA TROCA DE BOBINA EM AUTOMATICO | EQUIPAMENTO: EMPACOTADORA SP 100V KIS LI04 | CHAVE_1: Sistema de Instrumentos e cont | SUBCHAVE:  | TIPO_PARADA: P.EQ.LINHA | LINHA: LINHA004
3873,TROCA DO SELO DA BOMBA ORDEM 30008810957,TROCA DO SELO DA BOMBA ORDEM 30008810957,FALHA DE BOMBA,FALHA DE BOMBA,EXACT_SAFE,2,1,1373.0,1.0,2026-07-30,3,LINHA005,P.EQ.LINHA,55568,"CC PET RET 2L (9) 7,99 L05",BOMBA DE SODA DO EXTRATOR 2,,,9.18,OBSERVACAO: TROCA DO SELO DA BOMBA ORDEM 30008810957 | EQUIPAMENTO: BOMBA DE SODA DO EXTRATOR 2 | CHAVE_1:  | SUBCHAVE:  | TIPO_PARADA: P.EQ.LINHA | LINHA: LINHA005
3876,TRAVAMENTO DE GARRAFAS NA SAIDA DA LAVADORA,TRAVAMENTO DE GARRAFAS NA SAIDA DA LAVADORA,ENROSCO DE GARRAFAS,ENROSCO DE GARRAFAS,EXACT_SAFE,23,1,1375.0,1.0,2026-07-30,3,LINHA005,P.EQ.LINHA,55568,"CC PET RET 2L (9) 7,99 L05",LAVADORA GARRAFA 22/470 ZIE,,SISTEMA DESCARGA GARRAFA 22/47,5.18,OBSERVACAO: TRAVAMENTO DE GARRAFAS NA SAIDA DA LAVADORA | EQUIPAMENTO: LAVADORA GARRAFA 22/470 ZIE | CHAVE_1: SISTEMA DESCARGA GARRAFA 22/47 | SUBCHAVE:  | TIPO_PARADA: P.EQ.LINHA | LINHA: LINHA005
3880,TRAVAMENTO DE GARRAFAS NA SAIDA DA LAVADORA 30008812696,TRAVAMENTO DE GARRAFAS NA SAIDA DA LAVADORA 30008812696,ENROSCO DE GARRAFAS,ENROSCO DE GARRAFAS,EXACT_SAFE,4,1,1376.0,1.0,2026-07-31,2,LINHA005,P.EQ.LINHA,55568,"CC PET RET 2L (9) 7,99 L05",LAVADORA GARRAFA 22/470 ZIE,,SISTEMA DESCARGA GARRAFA 22/47,6.0,OBSERVACAO: TRAVAMENTO DE GARRAFAS NA SAIDA DA LAVADORA 30008812696 | EQUIPAMENTO: LAVADORA GARRAFA 22/470 ZIE | CHAVE_1: SISTEMA DESCARGA GARRAFA 22/47 | SUBCHAVE:  | TIPO_PARADA: P.EQ.LINHA | LINHA: LINHA005
3888,MANDRIL DO PORTA BOBINA SEM TRAÇÃO DEIXANDO FILME SOLTO E EMBOLANDO,MANDRIL DO PORTA BOBINA SEM TRACAO DEIXANDO FILME SOLTO E EMBOLANDO,FALHA DE MANDRIL,FALHA DE MANDRIL,EXACT_SAFE,2,1,1380.0,1.0,2026-08-01,2,LINHA003,P.EQ.LINHA,55993,CC PET 1L FL (6) N.V 29G F710 L03,EMPACOTADORA VARIOPAC KRO LI03,Freio falha,Sistema motriz,10.0,OBSERVACAO: MANDRIL DO PORTA BOBINA SEM TRAÇÃO DEIXANDO FILME SOLTO E EMBOLANDO | EQUIPAMENTO: EMPACOTADORA VARIOPAC KRO LI03 | CHAVE_1: Sistema motriz | SUBCHAVE: Freio falha | TIPO_PARADA: P.EQ.LINHA | LINHA: LINHA003
3889,ESTEIRA DE TRANSPORTE DE GARRAFA NA EMPACOTADORA TRAVANDO,ESTEIRA DE TRANSPORTE DE GARRAFA NA EMPACOTADORA TRAVANDO,TRAVAMENTO DE ESTEIRA,TRAVAMENTO DE ESTEIRA,EXACT_SAFE,1,1,1382.0,1.0,2026-08-01,2,LINHA003,P.EQ.LINHA,55993,CC PET 1L FL (6) N.V 29G F710 L03,EMPACOTADORA VARIOPAC KRO LI03,,Sistema de Instrumentos e cont,3.75,OBSERVACAO: ESTEIRA DE TRANSPORTE DE GARRAFA NA EMPACOTADORA TRAVANDO | EQUIPAMENTO: EMPACOTADORA VARIOPAC KRO LI03 | CHAVE_1: Sistema de Instrumentos e cont | SUBCHAVE:  | TIPO_PARADA: P.EQ.LINHA | LINHA: LINHA003
3890,"FALHA NA SAIDA DE PALLET DE CARTÃO, ACIONANDO A BARREIRA DE SEGURANÇA E NÃO LIBERANDO O RESET",FALHA NA SAIDA DE PALLET DE CARTAO ACIONANDO A BARREIRA DE SEGURANCA E NAO LIBERANDO O RESET,FALHA DE BARREIRA,FALHA DE BARREIRA,EXACT_SAFE,1,1,1383.0,1.0,2026-08-01,3,LINHA004,P.EQ.LINHA,55404,CC LT 350ML FL (12) N.V LT881 TP CDL L04,DESPALETIZADORA SID LI04,,Sistema elétrico,21.98,"OBSERVACAO: FALHA NA SAIDA DE PALLET DE CARTÃO, ACIONANDO A BARREIRA DE SEGURANÇA E NÃO LIBERANDO O RESET | EQUIPAMENTO: DESPALETIZADORA SID LI04 | CHAVE_1: Sistema elétrico | SUBCHAVE:  | TIPO_PARADA: P.EQ.LINHA | LINHA: LINHA004"
3899,ESTEIRA ESCAPANDO,ESTEIRA ESCAPANDO,ESCAPE DE ESTEIRA,ESCAPE DE ESTEIRA,EXACT_SAFE,1,1,492.0,1.0,2026-02-28,2,LINHA001,P.EQ.LINHA,55609,"CC LS 1L (12) N.V 4,99 ROL412 L01",TRANSP CXS VZ DESENCA ENCA,Falta de Peças,Estrutura,10.0,OBSERVACAO: ESTEIRA ESCAPANDO | EQUIPAMENTO: TRANSP CXS VZ DESENCA ENCA | CHAVE_1: Estrutura | SUBCHAVE: Falta de Peças | TIPO_PARADA: P.EQ.LINHA | LINHA: LINHA001
3902,FALHA NO IHM DO DOSADOR DE NITROGÊNIO – NOTA 3008813088,FALHA NO IHM DO DOSADOR DE NITROGENIO NOTA 3008813088,FALHA DE IHM,FALHA DE IHM,EXACT_SAFE,3,1,1384.0,1.0,2026-08-03,1,LINHA006,P.EQ.LINHA,118609,"ICE TEA PES PET 1,5L FL (6) TP005 L06",DOSADOR DE NITROGENIO,,,53.84,OBSERVACAO: FALHA NO IHM DO DOSADOR DE NITROGÊNIO – NOTA 3008813088 | EQUIPAMENTO: DOSADOR DE NITROGENIO | CHAVE_1:  | SUBCHAVE:  | TIPO_PARADA: P.EQ.LINHA | LINHA: LINHA006
3903,TROCA DE BOBINA FALHA NA SOLDAGEM DE FILME,TROCA DE BOBINA FALHA NA SOLDAGEM DE FILME,FALHA DE SOLDA DE FILME,FALHA DE SOLDA DE FILME,EXACT_SAFE,1,1,1387.0,1.0,2026-08-03,1,LINHA006,P.EQ.LINHA,118609,"ICE TEA PES PET 1,5L FL (6) TP005 L06",EMPACOTADORA OCME L06,,Sistema elétrico,5.0,OBSERVACAO: TROCA DE BOBINA FALHA NA SOLDAGEM DE FILME | EQUIPAMENTO: EMPACOTADORA OCME L06 | CHAVE_1: Sistema elétrico | SUBCHAVE:  | TIPO_PARADA: P.EQ.LINHA | LINHA: LINHA006
3904,TRAVOU A ESTEIRA DENTRO DA EMPACOTADORA,TRAVOU A ESTEIRA DENTRO DA EMPACOTADORA,TRAVAMENTO DE ESTEIRA,TRAVAMENTO DE ESTEIRA,EXACT_SAFE,2,1,1388.0,1.0,2026-08-03,2,LINHA006,P.EQ.LINHA,118609,"ICE TEA PES PET 1,5L FL (6) TP005 L06",EMPACOTADORA OCME L06,,Estrutura,31.84,OBSERVACAO: TRAVOU A ESTEIRA DENTRO DA EMPACOTADORA | EQUIPAMENTO: EMPACOTADORA OCME L06 | CHAVE_1: Estrutura | SUBCHAVE:  | TIPO_PARADA: P.EQ.LINHA | LINHA: LINHA006
3905,FALHA DURANTE A TROCA DE BOBINA,FALHA DURANTE A TROCA DE BOBINA,FALHA NA TROCA DE BOBINA,FALHA NA TROCA DE BOBINA,EXACT_SAFE,1,1,1390.0,1.0,2026-08-03,2,LINHA006,P.EQ.LINHA,118609,"ICE TEA PES PET 1,5L FL (6) TP005 L06",EMPACOTADORA OCME L06,,Estrutura,6.0,OBSERVACAO: FALHA DURANTE A TROCA DE BOBINA | EQUIPAMENTO: EMPACOTADORA OCME L06 | CHAVE_1: Estrutura | SUBCHAVE:  | TIPO_PARADA: P.EQ.LINHA | LINHA: LINHA006
3922,ESTEIRA DA CURVA DA PALETIZADORA ESCAPANDO,ESTEIRA DA CURVA DA PALETIZADORA ESCAPANDO,ESCAPE DE ESTEIRA,ESCAPE DE ESTEIRA,EXACT_SAFE,1,1,1233.0,1.0,2026-07-10,2,LINHA005,P.EQ.LINHA,55568,"CC PET RET 2L (9) 7,99 L05",TRANSP CXS GRFS CH PAL,Engrenagem/Polia tração danifi,Sistema Motriz,7.0,OBSERVACAO: ESTEIRA DA CURVA DA PALETIZADORA ESCAPANDO | EQUIPAMENTO: TRANSP CXS GRFS CH PAL | CHAVE_1: Sistema Motriz | SUBCHAVE: Engrenagem/Polia tração danifi | TIPO_PARADA: P.EQ.LINHA | LINHA: LINHA005
3926,TRAVAMENTO DE GARRAFAS NA SAIDA DA LAVADORA,TRAVAMENTO DE GARRAFAS NA SAIDA DA LAVADORA,ENROSCO DE GARRAFAS,ENROSCO DE GARRAFAS,EXACT_SAFE,23,1,1375.0,1.0,2026-07-30,3,LINHA005,P.EQ.LINHA,55568,"CC PET RET 2L (9) 7,99 L05",LAVADORA GARRAFA 22/470 ZIE,,SISTEMA DESCARGA GARRAFA 22/47,5.18,OBSERVACAO: TRAVAMENTO DE GARRAFAS NA SAIDA DA LAVADORA | EQUIPAMENTO: LAVADORA GARRAFA 22/470 ZIE | CHAVE_1: SISTEMA DESCARGA GARRAFA 22/47 | SUBCHAVE:  | TIPO_PARADA: P.EQ.LINHA | LINHA: LINHA005
3927,QUEBRA DA RESISTENCIA DO CORTE DO FILME,QUEBRA DA RESISTENCIA DO CORTE DO FILME,FALHA DE CORTE DE FILME,FALHA DE CORTE DE FILME,EXACT_SAFE,2,1,1391.0,1.0,2026-08-04,2,LINHA003,P.EQ.LINHA,56424,CCMA PET 2L FL (6) N.V 38G LOLA T2G L03,ENVOLVEDORA ROB LI03,,Sistema Elétrico,12.5,OBSERVACAO: QUEBRA DA RESISTENCIA DO CORTE DO FILME | EQUIPAMENTO: ENVOLVEDORA ROB LI03 | CHAVE_1: Sistema Elétrico | SUBCHAVE:  | TIPO_PARADA: P.EQ.LINHA | LINHA: LINHA003
3928,"ENROSCO DE GARRAFAS NA ESTRELA DE ENTRADA DE ENCHIMENTO, SENSOR DE ENCHIMENTO DE GARRAFAS QUEBRADO",ENROSCO DE GARRAFAS NA ESTRELA DE ENTRADA DE ENCHIMENTO SENSOR DE ENCHIMENTO DE GARRAFAS QUEBRADO,FALHA DE SENSOR,FALHA DE SENSOR,EXACT_SAFE,3,1,1393.0,1.0,2026-08-04,2,LINHA003,P.EQ.LINHA,56424,CCMA PET 2L FL (6) N.V 38G LOLA T2G L03,ENCHEDORA EUROTRONICA FM LI03,,Sistema de instrumentos e cont,15.0,"OBSERVACAO: ENROSCO DE GARRAFAS NA ESTRELA DE ENTRADA DE ENCHIMENTO, SENSOR DE ENCHIMENTO DE GARRAFAS QUEBRADO | EQUIPAMENTO: ENCHEDORA EUROTRONICA FM LI03 | CHAVE_1: Sistema de instrumentos e cont | SUBCHAVE:  | TIPO_PARADA: P.EQ.LINHA | LINHA: LINHA003"
3929,ENROSCO DE LATAS ( SAINDO LATAS VAZIAS ),ENROSCO DE LATAS SAINDO LATAS VAZIAS,FALHA DE ENCHIMENTO,FALHA DE ENCHIMENTO,EXACT_SAFE,1,1,1396.0,1.0,2026-08-04,3,LINHA004,P.EQ.LINHA,56061,CCZR LT 310ML FI (6) N.V LT916 F859 L04,RECRAVADORA 708 G FRR LI04,Qualidade de peças,Estrutura,25.0,OBSERVACAO: ENROSCO DE LATAS ( SAINDO LATAS VAZIAS ) | EQUIPAMENTO: RECRAVADORA 708 G FRR LI04 | CHAVE_1: Estrutura | SUBCHAVE: Qualidade de peças | TIPO_PARADA: P.EQ.LINHA | LINHA: LINHA004
3930,TROCA DE 4 ELOS DANIFICADOS DO TRANSPORTE DE ENTRADA DA ENCHEDORA,TROCA DE 4 ELOS DANIFICADOS DO TRANSPORTE DE ENTRADA DA ENCHEDORA,FALHA DE TRANSPORTE,FALHA DE TRANSPORTE,EXACT_SAFE,1,1,1397.0,1.0,2026-08-04,3,LINHA004,P.EQ.LINHA,56061,CCZR LT 310ML FI (6) N.V LT916 F859 L04,TRPTE LATAS VAZIAS SID LI04,Qualidade de peças,Estrutura,43.0,OBSERVACAO: TROCA DE 4 ELOS DANIFICADOS DO TRANSPORTE DE ENTRADA DA ENCHEDORA | EQUIPAMENTO: TRPTE LATAS VAZIAS SID LI04 | CHAVE_1: Estrutura | SUBCHAVE: Qualidade de peças | TIPO_PARADA: P.EQ.LINHA | LINHA: LINHA004
3931,FALHA NO ENVIO DE BEBIDA DO TANQUE DESAIRADOR PARA O TANQUE CARBONATADOR,FALHA NO ENVIO DE BEBIDA DO TANQUE DESAIRADOR PARA O TANQUE CARBONATADOR,FALHA DE CARBONATAÇÃO,FALHA DE CARBONATACAO,EXACT_SAFE,1,1,1398.0,1.0,2026-08-04,3,LINHA004,P.EQ.LINHA,56061,CCZR LT 310ML FI (6) N.V LT916 F859 L04,PROPORCIONADOR STARBLEND SID L,Bomba de água falha,Bomba,3.34,OBSERVACAO: FALHA NO ENVIO DE BEBIDA DO TANQUE DESAIRADOR PARA O TANQUE CARBONATADOR | EQUIPAMENTO: PROPORCIONADOR STARBLEND SID L | CHAVE_1: Bomba | SUBCHAVE: Bomba de água falha | TIPO_PARADA: P.EQ.LINHA | LINHA: LINHA004
3932,FALHA DE ENCHIMENTO NA VALVULA Nº15,FALHA DE ENCHIMENTO NA VALVULA N 15,FALHA DE VÁLVULA DE ENCHIMENTO,FALHA DE VALVULA DE ENCHIMENTO,EXACT_SAFE,1,1,1399.0,1.0,2026-08-04,3,LINHA004,P.EQ.LINHA,56061,CCZR LT 310ML FI (6) N.V LT916 F859 L04,ENCHEDORA STARCANS FM E 91 LI0,,Sistema de enchimento,3.34,OBSERVACAO: FALHA DE ENCHIMENTO NA VALVULA Nº15 | EQUIPAMENTO: ENCHEDORA STARCANS FM E 91 LI0 | CHAVE_1: Sistema de enchimento | SUBCHAVE:  | TIPO_PARADA: P.EQ.LINHA | LINHA: LINHA004
3944,"QUEDA DE GARRAFAS NO TAPTONE, OCASIONANDO FALHA NO CHECKMAT",QUEDA DE GARRAFAS NO TAPTONE OCASIONANDO FALHA NO CHECKMAT,FALHA DE INSPEÇÃO,FALHA DE INSPECAO,EXACT_SAFE,1,1,1400.0,1.0,2026-08-04,2,LINHA006,P.EQ.LINHA,56298,CC PET 200ML FI (12) NV 14G LOLA T2G L06,INSPETOR DE GARRAFAS TELEDYNE,,Estrutura,2.4,"OBSERVACAO: QUEDA DE GARRAFAS NO TAPTONE, OCASIONANDO FALHA NO CHECKMAT | EQUIPAMENTO: INSPETOR DE GARRAFAS TELEDYNE | CHAVE_1: Estrutura | SUBCHAVE:  | TIPO_PARADA: P.EQ.LINHA | LINHA: LINHA006"
3945,CORREÇÃO CHUTADOR AJUSTE DAS GUIAS E SENSOR NA ENTRADA LINATRONIC,CORRECAO CHUTADOR AJUSTE DAS GUIAS E SENSOR NA ENTRADA LINATRONIC,FALHA DE SENSOR,FALHA DE SENSOR,EXACT_SAFE,1,1,1401.0,1.0,2026-08-05,1,LINHA005,P.EQ.LINHA,55568,"CC PET RET 2L (9) 7,99 L05",INSP LINATRONIC M2 KRO LI05,,Sistema Elétrico,8.24,OBSERVACAO: CORREÇÃO CHUTADOR AJUSTE DAS GUIAS E SENSOR NA ENTRADA LINATRONIC | EQUIPAMENTO: INSP LINATRONIC M2 KRO LI05 | CHAVE_1: Sistema Elétrico | SUBCHAVE:  | TIPO_PARADA: P.EQ.LINHA | LINHA: LINHA005
3946,CRASH DE GARRAFAS POR EXCESSO DE REJEITO,CRASH DE GARRAFAS POR EXCESSO DE REJEITO,CRASH DE GARRAFAS,CRASH DE GARRAFAS,EXACT_SAFE,1,1,1402.0,1.0,2026-08-05,1,LINHA005,P.EQ.LINHA,55568,"CC PET RET 2L (9) 7,99 L05",INSPETOR EBS,,Estrutura,9.71,OBSERVACAO: CRASH DE GARRAFAS POR EXCESSO DE REJEITO | EQUIPAMENTO: INSPETOR EBS | CHAVE_1: Estrutura | SUBCHAVE:  | TIPO_PARADA: P.EQ.LINHA | LINHA: LINHA005
3947,ESCAPOU ESTEIRA NA CURVA NA SAIDA DA DESENCAIXOTADORA (2X),ESCAPOU ESTEIRA NA CURVA NA SAIDA DA DESENCAIXOTADORA 2X,ESCAPE DE ESTEIRA,ESCAPE DE ESTEIRA,EXACT_SAFE,1,1,1403.0,1.0,2026-08-05,1,LINHA005,P.EQ.LINHA,55568,"CC PET RET 2L (9) 7,99 L05",TRANSP CXS VZ DESENCA LAV CXS,,Sistema de instrumentos e cont,6.36,OBSERVACAO: ESCAPOU ESTEIRA NA CURVA NA SAIDA DA DESENCAIXOTADORA (2X) | EQUIPAMENTO: TRANSP CXS VZ DESENCA LAV CXS | CHAVE_1: Sistema de instrumentos e cont | SUBCHAVE:  | TIPO_PARADA: P.EQ.LINHA | LINHA: LINHA005
3954,TUBULAÇÃO DE RETORNO DE TAMPAS ENTUPIDO,TUBULACAO DE RETORNO DE TAMPAS ENTUPIDO,ENROSCO DE TAMPAS,ENROSCO DE TAMPAS,EXACT_SAFE,1,1,1406.0,1.0,2026-08-06,2,LINHA005,P.EQ.LINHA,55568,"CC PET RET 2L (9) 7,99 L05",CAPSULADORA EURO PK15 ACY LI05,,Sistema de instrumentos e cont,20.0,OBSERVACAO: TUBULAÇÃO DE RETORNO DE TAMPAS ENTUPIDO | EQUIPAMENTO: CAPSULADORA EURO PK15 ACY LI05 | CHAVE_1: Sistema de instrumentos e cont | SUBCHAVE:  | TIPO_PARADA: P.EQ.LINHA | LINHA: LINHA005
3955,PISTÃO MARTINET 49 TRAVADO,PISTAO MARTINET 49 TRAVADO,TRAVAMENTO DE ATUADOR,TRAVAMENTO DE ATUADOR,EXACT_SAFE,1,1,1407.0,1.0,2026-08-06,2,LINHA005,P.EQ.LINHA,55568,"CC PET RET 2L (9) 7,99 L05",ENCHEDORA EUROSTAR SID LI05,,Sistema pneumático,10.0,OBSERVACAO: PISTÃO MARTINET 49 TRAVADO | EQUIPAMENTO: ENCHEDORA EUROSTAR SID LI05 | CHAVE_1: Sistema pneumático | SUBCHAVE:  | TIPO_PARADA: P.EQ.LINHA | LINHA: LINHA005
3956,TRAVAMENTO DE GARRAFAS NA SAÍDA DA LAVADORA,TRAVAMENTO DE GARRAFAS NA SAIDA DA LAVADORA,ENROSCO DE GARRAFAS,ENROSCO DE GARRAFAS,EXACT_SAFE,23,1,1375.0,1.0,2026-07-30,3,LINHA005,P.EQ.LINHA,55568,"CC PET RET 2L (9) 7,99 L05",LAVADORA GARRAFA 22/470 ZIE,,SISTEMA DESCARGA GARRAFA 22/47,5.18,OBSERVACAO: TRAVAMENTO DE GARRAFAS NA SAÍDA DA LAVADORA | EQUIPAMENTO: LAVADORA GARRAFA 22/470 ZIE | CHAVE_1: SISTEMA DESCARGA GARRAFA 22/47 | SUBCHAVE:  | TIPO_PARADA: P.EQ.LINHA | LINHA: LINHA005
3957,MARTINETE DA VALVULA 49 TRAVADO,MARTINETE DA VALVULA 49 TRAVADO,TRAVAMENTO DE VÁLVULA,TRAVAMENTO DE VALVULA,EXACT_SAFE,2,1,1409.0,1.0,2026-08-06,2,LINHA005,P.EQ.LINHA,55568,"CC PET RET 2L (9) 7,99 L05",ENCHEDORA EUROSTAR SID LI05,,Sistema pneumático,12.36,OBSERVACAO: MARTINETE DA VALVULA 49 TRAVADO | EQUIPAMENTO: ENCHEDORA EUROSTAR SID LI05 | CHAVE_1: Sistema pneumático | SUBCHAVE:  | TIPO_PARADA: P.EQ.LINHA | LINHA: LINHA005
3958,TRAVAMENTO DE GARRAFAS NA SAIDA DA LAVADORA,TRAVAMENTO DE GARRAFAS NA SAIDA DA LAVADORA,ENROSCO DE GARRAFAS,ENROSCO DE GARRAFAS,EXACT_SAFE,23,1,1375.0,1.0,2026-07-30,3,LINHA005,P.EQ.LINHA,55568,"CC PET RET 2L (9) 7,99 L05",LAVADORA GARRAFA 22/470 ZIE,,SISTEMA DESCARGA GARRAFA 22/47,5.18,OBSERVACAO: TRAVAMENTO DE GARRAFAS NA SAIDA DA LAVADORA | EQUIPAMENTO: LAVADORA GARRAFA 22/470 ZIE | CHAVE_1: SISTEMA DESCARGA GARRAFA 22/47 | SUBCHAVE:  | TIPO_PARADA: P.EQ.LINHA | LINHA: LINHA005
3961,ESCAPOU A ESTEIRA NA CURVA DA DESENCAIXOTADORA,ESCAPOU A ESTEIRA NA CURVA DA DESENCAIXOTADORA,ESCAPE DE ESTEIRA,ESCAPE DE ESTEIRA,EXACT_SAFE,1,1,1418.0,1.0,2026-08-07,1,LINHA005,P.EQ.LINHA,55568,"CC PET RET 2L (9) 7,99 L05",TRANSP CXS VZ DESENCA LAV CXS,,Sistema de instrumentos e cont,5.41,OBSERVACAO: ESCAPOU A ESTEIRA NA CURVA DA DESENCAIXOTADORA | EQUIPAMENTO: TRANSP CXS VZ DESENCA LAV CXS | CHAVE_1: Sistema de instrumentos e cont | SUBCHAVE:  | TIPO_PARADA: P.EQ.LINHA | LINHA: LINHA005
3962,REGULAGEM E LIMPEZA DO SENSOR DE SEGURANÇA DO CABEÇOTE,REGULAGEM E LIMPEZA DO SENSOR DE SEGURANCA DO CABECOTE,FALHA DE SENSOR,FALHA DE SENSOR,EXACT_SAFE,1,1,1419.0,1.0,2026-08-07,1,LINHA005,P.EQ.LINHA,55568,"CC PET RET 2L (9) 7,99 L05",DESENCAIXOTADORA SID LI05,,Sistema de instrumentos e cont,20.0,OBSERVACAO: REGULAGEM E LIMPEZA DO SENSOR DE SEGURANÇA DO CABEÇOTE | EQUIPAMENTO: DESENCAIXOTADORA SID LI05 | CHAVE_1: Sistema de instrumentos e cont | SUBCHAVE:  | TIPO_PARADA: P.EQ.LINHA | LINHA: LINHA005
3963,"FALHA TROCA DE BANDEJA , OCASIONANDO ENROSCO DE ROTULOS DO AGREGADO 1",FALHA TROCA DE BANDEJA OCASIONANDO ENROSCO DE ROTULOS DO AGREGADO 1,FALHA NA TROCA DE BANDEJA,FALHA NA TROCA DE BANDEJA,EXACT_SAFE,1,1,1420.0,1.0,2026-08-07,1,LINHA005,P.EQ.LINHA,55568,"CC PET RET 2L (9) 7,99 L05",ROTULADORA MODULAR KRONES LI05,,Sistema de Instrumentos e cont,6.0,"OBSERVACAO: FALHA TROCA DE BANDEJA , OCASIONANDO ENROSCO DE ROTULOS DO AGREGADO 1 | EQUIPAMENTO: ROTULADORA MODULAR KRONES LI05 | CHAVE_1: Sistema de Instrumentos e cont | SUBCHAVE:  | TIPO_PARADA: P.EQ.LINHA | LINHA: LINHA005"
3964,TRAVAMENTO DE GARRAFAS NA SAIDA DA LAVADORA,TRAVAMENTO DE GARRAFAS NA SAIDA DA LAVADORA,ENROSCO DE GARRAFAS,ENROSCO DE GARRAFAS,EXACT_SAFE,23,1,1375.0,1.0,2026-07-30,3,LINHA005,P.EQ.LINHA,55568,"CC PET RET 2L (9) 7,99 L05",LAVADORA GARRAFA 22/470 ZIE,,SISTEMA DESCARGA GARRAFA 22/47,5.18,OBSERVACAO: TRAVAMENTO DE GARRAFAS NA SAIDA DA LAVADORA | EQUIPAMENTO: LAVADORA GARRAFA 22/470 ZIE | CHAVE_1: SISTEMA DESCARGA GARRAFA 22/47 | SUBCHAVE:  | TIPO_PARADA: P.EQ.LINHA | LINHA: LINHA005
3965,FALHA NO MAGAZINE DE PALETE,FALHA NO MAGAZINE DE PALETE,FALHA DE MAGAZINE,FALHA DE MAGAZINE,EXACT_SAFE,1,1,1426.0,1.0,2026-08-07,2,LINHA005,P.EQ.LINHA,55568,"CC PET RET 2L (9) 7,99 L05",DESPALETIZADOR SID LI05,,Sistema de instrumentos e cont,4.82,OBSERVACAO: FALHA NO MAGAZINE DE PALETE | EQUIPAMENTO: DESPALETIZADOR SID LI05 | CHAVE_1: Sistema de instrumentos e cont | SUBCHAVE:  | TIPO_PARADA: P.EQ.LINHA | LINHA: LINHA005
3966,"ROLETES DANIFICADOS,PALETES PARANDO FORA DE POSIÇÃO",ROLETES DANIFICADOS PALETES PARANDO FORA DE POSICAO,FALHA DE ROLETES,FALHA DE ROLETES,EXACT_SAFE,2,1,1424.0,1.0,2026-08-07,2,LINHA005,P.EQ.LINHA,55568,"CC PET RET 2L (9) 7,99 L05",PALETIZADORA ROBOKOMBI SID LI0,Rolo de transferencia danifica,Sistema motriz,5.0,"OBSERVACAO: ROLETES DANIFICADOS,PALETES PARANDO FORA DE POSIÇÃO | EQUIPAMENTO: PALETIZADORA ROBOKOMBI SID LI0 | CHAVE_1: Sistema motriz | SUBCHAVE: Rolo de transferencia danifica | TIPO_PARADA: P.EQ.LINHA | LINHA: LINHA005"
3967,TRAVAMENTO DE GARRAFAS NA SAIDA,TRAVAMENTO DE GARRAFAS NA SAIDA,ENROSCO DE GARRAFAS,ENROSCO DE GARRAFAS,EXACT_SAFE,10,1,1425.0,1.0,2026-08-07,2,LINHA005,P.EQ.LINHA,55568,"CC PET RET 2L (9) 7,99 L05",LAVADORA GARRAFA 22/470 ZIE,,SISTEMA DESCARGA GARRAFA 22/47,4.18,OBSERVACAO: TRAVAMENTO DE GARRAFAS NA SAIDA | EQUIPAMENTO: LAVADORA GARRAFA 22/470 ZIE | CHAVE_1: SISTEMA DESCARGA GARRAFA 22/47 | SUBCHAVE:  | TIPO_PARADA: P.EQ.LINHA | LINHA: LINHA005
3968,FALHA NO REDUTOR DO CORRENTÃO 30008824736,FALHA NO REDUTOR DO CORRENTAO 30008824736,FALHA DE REDUTOR,FALHA DE REDUTOR,EXACT_SAFE,1,1,1430.0,1.0,2026-08-07,2,LINHA005,P.EQ.LINHA,55568,"CC PET RET 2L (9) 7,99 L05",LAVADORA GARRAFA 22/470 ZIE,,SISTEMA DESCARGA GARRAFA 22/47,7.0,OBSERVACAO: FALHA NO REDUTOR DO CORRENTÃO 30008824736 | EQUIPAMENTO: LAVADORA GARRAFA 22/470 ZIE | CHAVE_1: SISTEMA DESCARGA GARRAFA 22/47 | SUBCHAVE:  | TIPO_PARADA: P.EQ.LINHA | LINHA: LINHA005
3973,FALHA NO SENSOR DE TAMPA ORDEM 30008824739,FALHA NO SENSOR DE TAMPA ORDEM 30008824739,FALHA DE SENSOR,FALHA DE SENSOR,EXACT_SAFE,2,1,1431.0,1.0,2026-08-07,2,LINHA003,P.EQ.LINHA,56561,FT LAR PET 200ML FI (12) 14G F611 L03,CAPSULADORA EURO PK18 ACY LI03,,Sistema Elétrico,8.38,OBSERVACAO: FALHA NO SENSOR DE TAMPA ORDEM 30008824739 | EQUIPAMENTO: CAPSULADORA EURO PK18 ACY LI03 | CHAVE_1: Sistema Elétrico | SUBCHAVE:  | TIPO_PARADA: P.EQ.LINHA | LINHA: LINHA003
3974,"SENSOR DE RECONHECIMENTO DE MARCAÇÃO DO FILME, FORA DE POSIÇÃO (ORDEM 30008826263)",SENSOR DE RECONHECIMENTO DE MARCACAO DO FILME FORA DE POSICAO ORDEM 30008826263,FALHA DE SENSOR,FALHA DE SENSOR,EXACT_SAFE,1,1,1433.0,1.0,2026-08-07,2,LINHA003,P.EQ.LINHA,56561,FT LAR PET 200ML FI (12) 14G F611 L03,EMPACOTADORA VARIOPAC KRO LI03,,Sistema de Instrumentos e cont,30.78,"OBSERVACAO: SENSOR DE RECONHECIMENTO DE MARCAÇÃO DO FILME, FORA DE POSIÇÃO (ORDEM 30008826263) | EQUIPAMENTO: EMPACOTADORA VARIOPAC KRO LI03 | CHAVE_1: Sistema de Instrumentos e cont | SUBCHAVE:  | TIPO_PARADA: P.EQ.LINHA | LINHA: LINHA003"
3975,FALHA NO SENSOR DO TRANSPORTE DE ELEVAÇÃO ORDEM 30008826467,FALHA NO SENSOR DO TRANSPORTE DE ELEVACAO ORDEM 30008826467,FALHA DE SENSOR,FALHA DE SENSOR,EXACT_SAFE,1,1,1434.0,1.0,2026-08-08,2,LINHA003,P.EQ.LINHA,56424,CCMA PET 2L FL (6) N.V 38G LOLA T2G L03,ENVOLVEDORA ROB LI03,,Sistema Elétrico,15.0,OBSERVACAO: FALHA NO SENSOR DO TRANSPORTE DE ELEVAÇÃO ORDEM 30008826467 | EQUIPAMENTO: ENVOLVEDORA ROB LI03 | CHAVE_1: Sistema Elétrico | SUBCHAVE:  | TIPO_PARADA: P.EQ.LINHA | LINHA: LINHA003
3976,FALHA MOTOR TAG-215 NO TRANSPORTE NA SAIDA LINATRONIC,FALHA MOTOR TAG 215 NO TRANSPORTE NA SAIDA LINATRONIC,FALHA DE MOTOR,FALHA DE MOTOR,EXACT_SAFE,1,1,1436.0,1.0,2026-08-08,1,LINHA005,P.EQ.LINHA,56326,"CCZR PET RET 2L (9) 7,99 L05",TRANSP GRFS VZ LINATRONIC ENCH,,Sistema Elétrico,5.18,OBSERVACAO: FALHA MOTOR TAG-215 NO TRANSPORTE NA SAIDA LINATRONIC | EQUIPAMENTO: TRANSP GRFS VZ LINATRONIC ENCH | CHAVE_1: Sistema Elétrico | SUBCHAVE:  | TIPO_PARADA: P.EQ.LINHA | LINHA: LINHA005
3977,ESTEIRA DA CURVA DE ENTRADA DA ENCAIXOTADORA ESCAPOU,ESTEIRA DA CURVA DE ENTRADA DA ENCAIXOTADORA ESCAPOU,ESCAPE DE ESTEIRA,ESCAPE DE ESTEIRA,EXACT_SAFE,1,1,1438.0,1.0,2026-08-08,2,LINHA005,P.EQ.LINHA,56326,"CCZR PET RET 2L (9) 7,99 L05",TRANSP CAX VZ LAV CXS ENCA,Cadeia de transmissão danifica,Sistema Motriz,3.0,OBSERVACAO: ESTEIRA DA CURVA DE ENTRADA DA ENCAIXOTADORA ESCAPOU | EQUIPAMENTO: TRANSP CAX VZ LAV CXS ENCA | CHAVE_1: Sistema Motriz | SUBCHAVE: Cadeia de transmissão danifica | TIPO_PARADA: P.EQ.LINHA | LINHA: LINHA005
3978,AJUSTE E POSICIONAMENTO DOS GUIAS E DA CHAPA DE ENTRADA DE GARRAFA 30008826463,AJUSTE E POSICIONAMENTO DOS GUIAS E DA CHAPA DE ENTRADA DE GARRAFA 30008826463,SEM MODO DE FALHA IDENTIFICADO,SEM MODO DE FALHA IDENTIFICADO,EXACT_SAFE,1,1,1439.0,1.0,2026-08-08,2,LINHA005,P.EQ.LINHA,56326,"CCZR PET RET 2L (9) 7,99 L05",DESCAPSULADOR 16 HEADS ACY LI0,,Sistema de instrumentos e cont,10.0,OBSERVACAO: AJUSTE E POSICIONAMENTO DOS GUIAS E DA CHAPA DE ENTRADA DE GARRAFA 30008826463 | EQUIPAMENTO: DESCAPSULADOR 16 HEADS ACY LI0 | CHAVE_1: Sistema de instrumentos e cont | SUBCHAVE:  | TIPO_PARADA: P.EQ.LINHA | LINHA: LINHA005
3979,ENROSCO DE GARRAFA NA SAÍDA DA LAVADORA,ENROSCO DE GARRAFA NA SAIDA DA LAVADORA,ENROSCO DE GARRAFAS,ENROSCO DE GARRAFAS,EXACT_SAFE,1,1,1440.0,1.0,2026-08-08,2,LINHA005,P.EQ.LINHA,56326,"CCZR PET RET 2L (9) 7,99 L05",LAVADORA GARRAFA 22/470 ZIE,,SISTEMA DESCARGA GARRAFA 22/47,9.18,OBSERVACAO: ENROSCO DE GARRAFA NA SAÍDA DA LAVADORA | EQUIPAMENTO: LAVADORA GARRAFA 22/470 ZIE | CHAVE_1: SISTEMA DESCARGA GARRAFA 22/47 | SUBCHAVE:  | TIPO_PARADA: P.EQ.LINHA | LINHA: LINHA005
3980,TRAVAMENTO DE GARRAFAS NA SAIDA DA LAVADORA,TRAVAMENTO DE GARRAFAS NA SAIDA DA LAVADORA,ENROSCO DE GARRAFAS,ENROSCO DE GARRAFAS,EXACT_SAFE,23,1,1375.0,1.0,2026-07-30,3,LINHA005,P.EQ.LINHA,55568,"CC PET RET 2L (9) 7,99 L05",LAVADORA GARRAFA 22/470 ZIE,,SISTEMA DESCARGA GARRAFA 22/47,5.18,OBSERVACAO: TRAVAMENTO DE GARRAFAS NA SAIDA DA LAVADORA | EQUIPAMENTO: LAVADORA GARRAFA 22/470 ZIE | CHAVE_1: SISTEMA DESCARGA GARRAFA 22/47 | SUBCHAVE:  | TIPO_PARADA: P.EQ.LINHA | LINHA: LINHA005
3984,"APÓS RETIRADA AUTOMATICA DE PILHA DE PALETE VAZI, MAQUINA SE PERDEU, ASSIM NAO FAZENDO PROCESSO AUTOMATICO DE SUBIDA E DESCIDA",APOS RETIRADA AUTOMATICA DE PILHA DE PALETE VAZI MAQUINA SE PERDEU ASSIM NAO FAZENDO PROCESSO AUTOMATICO DE SUBIDA E DESCIDA,PERDA DE REFERÊNCIA,PERDA DE REFERENCIA,EXACT_SAFE,1,1,1435.0,1.0,2026-08-08,3,LINHA004,P.EQ.LINHA,55388,CCZR LT 350ML FL (6) CHAPA L04,DESPALETIZADORA SID LI04,,Sistema elétrico,12.0,"OBSERVACAO: APÓS RETIRADA AUTOMATICA DE PILHA DE PALETE VAZI, MAQUINA SE PERDEU, ASSIM NAO FAZENDO PROCESSO AUTOMATICO DE SUBIDA E DESCIDA | EQUIPAMENTO: DESPALETIZADORA SID LI04 | CHAVE_1: Sistema elétrico | SUBCHAVE:  | TIPO_PARADA: P.EQ.LINHA | LINHA: LINHA004"
3990,"CHAPA DE PASSAGEM DE GARRAFAS DANIFICADA,DERUBANDO GARRAFAS",CHAPA DE PASSAGEM DE GARRAFAS DANIFICADA DERUBANDO GARRAFAS,FALHA DE GUIA,FALHA DE GUIA,EXACT_SAFE,1,1,1445.0,1.0,2026-08-10,2,LINHA005,P.EQ.LINHA,55568,"CC PET RET 2L (9) 7,99 L05",LAVADORA GARRAFA 22/470 ZIE,,SISTEMA ALIMENTAÇÃO GRF 22/470,3.0,"OBSERVACAO: CHAPA DE PASSAGEM DE GARRAFAS DANIFICADA,DERUBANDO GARRAFAS | EQUIPAMENTO: LAVADORA GARRAFA 22/470 ZIE | CHAVE_1: SISTEMA ALIMENTAÇÃO GRF 22/470 | SUBCHAVE:  | TIPO_PARADA: P.EQ.LINHA | LINHA: LINHA005"
3991,"CONGESTIONAMENTO DE CAIXAS,PERDA DE CONTAGEM",CONGESTIONAMENTO DE CAIXAS PERDA DE CONTAGEM,ENROSCO DE CAIXAS,ENROSCO DE CAIXAS,EXACT_SAFE,1,1,1447.0,1.0,2026-08-10,2,LINHA005,P.EQ.LINHA,55568,"CC PET RET 2L (9) 7,99 L05",PALETIZADORA ROBOKOMBI SID LI0,,Sistema de instrumentos e cont,3.0,"OBSERVACAO: CONGESTIONAMENTO DE CAIXAS,PERDA DE CONTAGEM | EQUIPAMENTO: PALETIZADORA ROBOKOMBI SID LI0 | CHAVE_1: Sistema de instrumentos e cont | SUBCHAVE:  | TIPO_PARADA: P.EQ.LINHA | LINHA: LINHA005"
3992,"FALHA NA GARRAFA TESTE,FALHA NO SENSOR DE LEITUTA DO TRANSPOUDER",FALHA NA GARRAFA TESTE FALHA NO SENSOR DE LEITUTA DO TRANSPOUDER,FALHA DE SENSOR,FALHA DE SENSOR,EXACT_SAFE,2,1,1444.0,1.0,2026-08-10,2,LINHA005,P.EQ.LINHA,55568,"CC PET RET 2L (9) 7,99 L05",INSPETOR GARRAFAS ENOS A 100 L,,Sistema Rejeitor,9.18,"OBSERVACAO: FALHA NA GARRAFA TESTE,FALHA NO SENSOR DE LEITUTA DO TRANSPOUDER | EQUIPAMENTO: INSPETOR GARRAFAS ENOS A 100 L | CHAVE_1: Sistema Rejeitor | SUBCHAVE:  | TIPO_PARADA: P.EQ.LINHA | LINHA: LINHA005"
3993,"CONGESTIONAMENTO DE CAIXAS,ERRO NA FORMAÇÃO DAS CAMADAS",CONGESTIONAMENTO DE CAIXAS ERRO NA FORMACAO DAS CAMADAS,ENROSCO DE CAIXAS,ENROSCO DE CAIXAS,EXACT_SAFE,1,1,1451.0,1.0,2026-08-10,2,LINHA005,P.EQ.LINHA,55568,"CC PET RET 2L (9) 7,99 L05",PALETIZADORA ROBOKOMBI SID LI0,,Sistema de instrumentos e cont,2.0,"OBSERVACAO: CONGESTIONAMENTO DE CAIXAS,ERRO NA FORMAÇÃO DAS CAMADAS | EQUIPAMENTO: PALETIZADORA ROBOKOMBI SID LI0 | CHAVE_1: Sistema de instrumentos e cont | SUBCHAVE:  | TIPO_PARADA: P.EQ.LINHA | LINHA: LINHA005"
3994,TRAVAMENTO E QUEDA DE GARRAFAS NA SAIDA,TRAVAMENTO E QUEDA DE GARRAFAS NA SAIDA,QUEDA DE GARRAFAS,QUEDA DE GARRAFAS,EXACT_SAFE,2,1,1452.0,1.0,2026-08-10,2,LINHA005,P.EQ.LINHA,55568,"CC PET RET 2L (9) 7,99 L05",LAVADORA GARRAFA 22/470 ZIE,,SISTEMA DESCARGA GARRAFA 22/47,7.18,OBSERVACAO: TRAVAMENTO E QUEDA DE GARRAFAS NA SAIDA | EQUIPAMENTO: LAVADORA GARRAFA 22/470 ZIE | CHAVE_1: SISTEMA DESCARGA GARRAFA 22/47 | SUBCHAVE:  | TIPO_PARADA: P.EQ.LINHA | LINHA: LINHA005
3995,FALHA DE ENCHIMENTO NA VALVULA 18,FALHA DE ENCHIMENTO NA VALVULA 18,FALHA DE VÁLVULA DE ENCHIMENTO,FALHA DE VALVULA DE ENCHIMENTO,EXACT_SAFE,1,1,1453.0,1.0,2026-08-10,2,LINHA005,P.EQ.LINHA,55568,"CC PET RET 2L (9) 7,99 L05",ENCHEDORA EUROSTAR SID LI05,,Sistema de enchimento,5.53,OBSERVACAO: FALHA DE ENCHIMENTO NA VALVULA 18 | EQUIPAMENTO: ENCHEDORA EUROSTAR SID LI05 | CHAVE_1: Sistema de enchimento | SUBCHAVE:  | TIPO_PARADA: P.EQ.LINHA | LINHA: LINHA005
3996,TRAVAMENTO DE GARRAFAS NA SAIDA,TRAVAMENTO DE GARRAFAS NA SAIDA,ENROSCO DE GARRAFAS,ENROSCO DE GARRAFAS,EXACT_SAFE,10,1,1425.0,1.0,2026-08-07,2,LINHA005,P.EQ.LINHA,55568,"CC PET RET 2L (9) 7,99 L05",LAVADORA GARRAFA 22/470 ZIE,,SISTEMA DESCARGA GARRAFA 22/47,4.18,OBSERVACAO: TRAVAMENTO DE GARRAFAS NA SAIDA | EQUIPAMENTO: LAVADORA GARRAFA 22/470 ZIE | CHAVE_1: SISTEMA DESCARGA GARRAFA 22/47 | SUBCHAVE:  | TIPO_PARADA: P.EQ.LINHA | LINHA: LINHA005
3997,FALHA DE ENCHIMENTO VALVULA 18,FALHA DE ENCHIMENTO VALVULA 18,FALHA DE VÁLVULA DE ENCHIMENTO,FALHA DE VALVULA DE ENCHIMENTO,EXACT_SAFE,1,1,1455.0,1.0,2026-08-10,2,LINHA005,P.EQ.LINHA,55568,"CC PET RET 2L (9) 7,99 L05",ENCHEDORA EUROSTAR SID LI05,,Sistema de enchimento,5.0,OBSERVACAO: FALHA DE ENCHIMENTO VALVULA 18 | EQUIPAMENTO: ENCHEDORA EUROSTAR SID LI05 | CHAVE_1: Sistema de enchimento | SUBCHAVE:  | TIPO_PARADA: P.EQ.LINHA | LINHA: LINHA005
3998,FALAH NO INVERSOR DO MOTOR 329,FALAH NO INVERSOR DO MOTOR 329,FALHA DE INVERSOR,FALHA DE INVERSOR,EXACT_SAFE,1,1,1456.0,1.0,2026-08-10,3,LINHA005,P.EQ.LINHA,55568,"CC PET RET 2L (9) 7,99 L05",TRANSP CXS GRFS CH PAL,,Sistema Elétrico,8.83,OBSERVACAO: FALAH NO INVERSOR DO MOTOR 329 | EQUIPAMENTO: TRANSP CXS GRFS CH PAL | CHAVE_1: Sistema Elétrico | SUBCHAVE:  | TIPO_PARADA: P.EQ.LINHA | LINHA: LINHA005
3999,MUITAS GARRAFAS VINDO COM ROTULOS OSASIONADO CRASH NA SAIDADA LAVADORA E LINATRONIC,MUITAS GARRAFAS VINDO COM ROTULOS OSASIONADO CRASH NA SAIDADA LAVADORA E LINATRONIC,Excesso de garrafa com rotulo,EXCESSO DE GARRAFA COM ROTULO,EXACT_SAFE,1,1,1457.0,1.0,2026-08-10,3,LINHA005,P.EQ.LINHA,55568,"CC PET RET 2L (9) 7,99 L05",LAVADORA GARRAFA 22/470 ZIE,,SISTEMA EXTRATOR RÓTULO 22/470,4.36,OBSERVACAO: MUITAS GARRAFAS VINDO COM ROTULOS OSASIONADO CRASH NA SAIDADA LAVADORA E LINATRONIC | EQUIPAMENTO: LAVADORA GARRAFA 22/470 ZIE | CHAVE_1: SISTEMA EXTRATOR RÓTULO 22/470 | SUBCHAVE:  | TIPO_PARADA: P.EQ.LINHA | LINHA: LINHA005
4000,FALHA MOTOR TAG-329 NO TRECHO DA PALETIZADORA,FALHA MOTOR TAG 329 NO TRECHO DA PALETIZADORA,FALHA DE MOTOR,FALHA DE MOTOR,EXACT_SAFE,1,1,1460.0,1.0,2026-08-10,3,LINHA005,P.EQ.LINHA,55568,"CC PET RET 2L (9) 7,99 L05",TRANSP CXS GRFS CH PAL,,Sistema Elétrico,27.0,OBSERVACAO: FALHA MOTOR TAG-329 NO TRECHO DA PALETIZADORA | EQUIPAMENTO: TRANSP CXS GRFS CH PAL | CHAVE_1: Sistema Elétrico | SUBCHAVE:  | TIPO_PARADA: P.EQ.LINHA | LINHA: LINHA005
4001,MUITAS GARRAFAS VINDO COM ROTULOS OCASIONADO CRASH NA SAIDADA LAVADORA E LINATRONIC,MUITAS GARRAFAS VINDO COM ROTULOS OCASIONADO CRASH NA SAIDADA LAVADORA E LINATRONIC,Excesso de garrafa com rotulo,EXCESSO DE GARRAFA COM ROTULO,EXACT_SAFE,4,1,1458.0,1.0,2026-08-10,3,LINHA005,P.EQ.LINHA,55568,"CC PET RET 2L (9) 7,99 L05",LAVADORA GARRAFA 22/470 ZIE,,SISTEMA EXTRATOR RÓTULO 22/470,8.0,OBSERVACAO: MUITAS GARRAFAS VINDO COM ROTULOS OCASIONADO CRASH NA SAIDADA LAVADORA E LINATRONIC | EQUIPAMENTO: LAVADORA GARRAFA 22/470 ZIE | CHAVE_1: SISTEMA EXTRATOR RÓTULO 22/470 | SUBCHAVE:  | TIPO_PARADA: P.EQ.LINHA | LINHA: LINHA005
4003,FALHA NA CODIFICAÇÃO,FALHA NA CODIFICACAO,FALHA DE CODIFICAÇÃO,FALHA DE CODIFICACAO,EXACT_SAFE,1,1,520.0,1.0,2026-03-06,1,LINHA001,P.EQ.LINHA,55609,"CC LS 1L (12) N.V 4,99 ROL412 L01",DATADORA MARKEM IMAJE 9450S,,,6.0,OBSERVACAO: FALHA NA CODIFICAÇÃO | EQUIPAMENTO: DATADORA MARKEM IMAJE 9450S | CHAVE_1:  | SUBCHAVE:  | TIPO_PARADA: P.EQ.LINHA | LINHA: LINHA001
4008,FALHA NA CODIFICAÇÃO DAS GARRAFAS,FALHA NA CODIFICACAO DAS GARRAFAS,FALHA DE CODIFICAÇÃO,FALHA DE CODIFICACAO,EXACT_SAFE,1,1,1462.0,1.0,2026-08-11,3,LINHA001,P.EQ.LINHA,55609,"CC LS 1L (12) N.V 4,99 ROL412 L01",DATADORA MARKEM IMAJE 9450S,,,1.33,OBSERVACAO: FALHA NA CODIFICAÇÃO DAS GARRAFAS | EQUIPAMENTO: DATADORA MARKEM IMAJE 9450S | CHAVE_1:  | SUBCHAVE:  | TIPO_PARADA: P.EQ.LINHA | LINHA: LINHA001
4009,DESARMOU MOTOR TAG- 201 NO TRANSPORTE NA SAID DA LAVADORA,DESARMOU MOTOR TAG 201 NO TRANSPORTE NA SAID DA LAVADORA,DESARME DE MOTOR,DESARME DE MOTOR,EXACT_SAFE,1,1,1463.0,1.0,2026-08-11,1,LINHA005,P.EQ.LINHA,55568,"CC PET RET 2L (9) 7,99 L05",TRANSP GRFS VZ LAV GRFS LINATR,,Sistema Elétrico,8.0,OBSERVACAO: DESARMOU MOTOR TAG- 201 NO TRANSPORTE NA SAID DA LAVADORA | EQUIPAMENTO: TRANSP GRFS VZ LAV GRFS LINATR | CHAVE_1: Sistema Elétrico | SUBCHAVE:  | TIPO_PARADA: P.EQ.LINHA | LINHA: LINHA005
4010,DESARMOU MOTOR TAG-329 NA CURVA DO TRANSPORTE PALETIZADORA,DESARMOU MOTOR TAG 329 NA CURVA DO TRANSPORTE PALETIZADORA,DESARME DE MOTOR,DESARME DE MOTOR,EXACT_SAFE,1,1,1464.0,1.0,2026-08-11,1,LINHA005,P.EQ.LINHA,55568,"CC PET RET 2L (9) 7,99 L05",TRANSP CXS GRFS CH PAL,,Sistema Elétrico,3.82,OBSERVACAO: DESARMOU MOTOR TAG-329 NA CURVA DO TRANSPORTE PALETIZADORA | EQUIPAMENTO: TRANSP CXS GRFS CH PAL | CHAVE_1: Sistema Elétrico | SUBCHAVE:  | TIPO_PARADA: P.EQ.LINHA | LINHA: LINHA005
4011,MUITAS GARRAFAS VINDO COM ROTULOS OCASIONADO CRASH NA SAIDADA LAVADORA E LINATRONIC,MUITAS GARRAFAS VINDO COM ROTULOS OCASIONADO CRASH NA SAIDADA LAVADORA E LINATRONIC,Excesso de garrafa com rotulo,EXCESSO DE GARRAFA COM ROTULO,EXACT_SAFE,4,1,1458.0,1.0,2026-08-10,3,LINHA005,P.EQ.LINHA,55568,"CC PET RET 2L (9) 7,99 L05",LAVADORA GARRAFA 22/470 ZIE,,SISTEMA EXTRATOR RÓTULO 22/470,8.0,OBSERVACAO: MUITAS GARRAFAS VINDO COM ROTULOS OCASIONADO CRASH NA SAIDADA LAVADORA E LINATRONIC | EQUIPAMENTO: LAVADORA GARRAFA 22/470 ZIE | CHAVE_1: SISTEMA EXTRATOR RÓTULO 22/470 | SUBCHAVE:  | TIPO_PARADA: P.EQ.LINHA | LINHA: LINHA005
4012,"MUITAS GARRAFAS COM ROTULOS, OCASIONANDO CRASH NA SAIDA LAVADORA E LINATRONIC",MUITAS GARRAFAS COM ROTULOS OCASIONANDO CRASH NA SAIDA LAVADORA E LINATRONIC,Excesso de garrafa com rotulo,EXCESSO DE GARRAFA COM ROTULO,EXACT_SAFE,1,1,1466.0,1.0,2026-08-11,1,LINHA005,P.EQ.LINHA,55568,"CC PET RET 2L (9) 7,99 L05",LAVADORA GARRAFA 22/470 ZIE,,SISTEMA EXTRATOR RÓTULO 22/470,10.0,"OBSERVACAO: MUITAS GARRAFAS COM ROTULOS, OCASIONANDO CRASH NA SAIDA LAVADORA E LINATRONIC | EQUIPAMENTO: LAVADORA GARRAFA 22/470 ZIE | CHAVE_1: SISTEMA EXTRATOR RÓTULO 22/470 | SUBCHAVE:  | TIPO_PARADA: P.EQ.LINHA | LINHA: LINHA005"
4013,FALHA VIDEOJET NA CODIFICAÇÃO,FALHA VIDEOJET NA CODIFICACAO,FALHA DE CODIFICAÇÃO,FALHA DE CODIFICACAO,EXACT_SAFE,1,1,1467.0,1.0,2026-08-11,1,LINHA005,P.EQ.LINHA,55568,"CC PET RET 2L (9) 7,99 L05",DATADORA MARKEM IMAJE 9450,,,7.0,OBSERVACAO: FALHA VIDEOJET NA CODIFICAÇÃO | EQUIPAMENTO: DATADORA MARKEM IMAJE 9450 | CHAVE_1:  | SUBCHAVE:  | TIPO_PARADA: P.EQ.LINHA | LINHA: LINHA005
4014,FALHA TROCA DE BANDEJA DO AGREGADO 2,FALHA TROCA DE BANDEJA DO AGREGADO 2,FALHA NA TROCA DE BANDEJA,FALHA NA TROCA DE BANDEJA,EXACT_SAFE,2,1,1468.0,1.0,2026-08-11,1,LINHA005,P.EQ.LINHA,55568,"CC PET RET 2L (9) 7,99 L05",ROTULADORA MODULAR KRONES LI05,,Sistema de Instrumentos e cont,5.53,OBSERVACAO: FALHA TROCA DE BANDEJA DO AGREGADO 2 | EQUIPAMENTO: ROTULADORA MODULAR KRONES LI05 | CHAVE_1: Sistema de Instrumentos e cont | SUBCHAVE:  | TIPO_PARADA: P.EQ.LINHA | LINHA: LINHA005
4018,TÉRMICO DESARMADO,TERMICO DESARMADO,DESARME TÉRMICO,DESARME TERMICO,EXACT_SAFE,1,1,928.0,1.0,2026-05-06,2,LINHA005,P.EQ.LINHA,56326,"CCZR PET RET 2L (9) 7,99 L05",DESPALETIZADOR SID LI05,,Sistema elétrico,3.36,OBSERVACAO: TÉRMICO DESARMADO | EQUIPAMENTO: DESPALETIZADOR SID LI05 | CHAVE_1: Sistema elétrico | SUBCHAVE:  | TIPO_PARADA: P.EQ.LINHA | LINHA: LINHA005
4025,FALHA NA SAIDA DO PALETE NO ELEVADOR DE FORMAÇÃO DE CAMADAS,FALHA NA SAIDA DO PALETE NO ELEVADOR DE FORMACAO DE CAMADAS,FALHA DE FORMAÇÃO DE CAMADA,FALHA DE FORMACAO DE CAMADA,EXACT_SAFE,1,1,1469.0,1.0,2026-08-11,2,LINHA006,P.EQ.LINHA,56238,SPT FRESH LIM 510ML FL (6) NV 17G T2G L6,PALETIZADORA OCME L06,,Sistema elétrico,12.54,OBSERVACAO: FALHA NA SAIDA DO PALETE NO ELEVADOR DE FORMAÇÃO DE CAMADAS | EQUIPAMENTO: PALETIZADORA OCME L06 | CHAVE_1: Sistema elétrico | SUBCHAVE:  | TIPO_PARADA: P.EQ.LINHA | LINHA: LINHA006
4026,QUEBROU A CORREIA NO CAPSULADOR,QUEBROU A CORREIA NO CAPSULADOR,QUEBRA DE CORREIA,QUEBRA DE CORREIA,EXACT_SAFE,1,1,1470.0,1.0,2026-08-12,1,LINHA005,P.EQ.LINHA,56326,"CCZR PET RET 2L (9) 7,99 L05",CAPSULADORA EURO PK15 ACY LI05,,Sistema de instrumentos e cont,5.0,OBSERVACAO: QUEBROU A CORREIA NO CAPSULADOR | EQUIPAMENTO: CAPSULADORA EURO PK15 ACY LI05 | CHAVE_1: Sistema de instrumentos e cont | SUBCHAVE:  | TIPO_PARADA: P.EQ.LINHA | LINHA: LINHA005
4027,"FALHA FORMAÇÃO DE CAMADAS, OCASIONANDO COLISÃO DE CAIXAS",FALHA FORMACAO DE CAMADAS OCASIONANDO COLISAO DE CAIXAS,FALHA DE FORMAÇÃO DE CAMADA,FALHA DE FORMACAO DE CAMADA,EXACT_SAFE,1,1,1472.0,1.0,2026-08-12,1,LINHA005,P.EQ.LINHA,56326,"CCZR PET RET 2L (9) 7,99 L05",PALETIZADORA ROBOKOMBI SID LI0,,Sistema de instrumentos e cont,6.88,"OBSERVACAO: FALHA FORMAÇÃO DE CAMADAS, OCASIONANDO COLISÃO DE CAIXAS | EQUIPAMENTO: PALETIZADORA ROBOKOMBI SID LI0 | CHAVE_1: Sistema de instrumentos e cont | SUBCHAVE:  | TIPO_PARADA: P.EQ.LINHA | LINHA: LINHA005"
4029,"FALHA PRESSÃO DO EMPURRADOR DE ROTULOS, OCASIONANDO ENROSCO DE ROTULOS DO AGREGADO 2",FALHA PRESSAO DO EMPURRADOR DE ROTULOS OCASIONANDO ENROSCO DE ROTULOS DO AGREGADO 2,ENROSCO DE RÓTULOS,ENROSCO DE ROTULOS,EXACT_SAFE,2,1,1471.0,1.0,2026-08-12,1,LINHA005,P.EQ.LINHA,56326,"CCZR PET RET 2L (9) 7,99 L05",ROTULADORA MODULAR KRONES LI05,,Sistema de Instrumentos e cont,6.0,"OBSERVACAO: FALHA PRESSÃO DO EMPURRADOR DE ROTULOS, OCASIONANDO ENROSCO DE ROTULOS DO AGREGADO 2 | EQUIPAMENTO: ROTULADORA MODULAR KRONES LI05 | CHAVE_1: Sistema de Instrumentos e cont | SUBCHAVE:  | TIPO_PARADA: P.EQ.LINHA | LINHA: LINHA005"
4030,QUEBROU PARAFUSO DE ROLETE NA FORMAÇÃO DE CAMADAS PALETIZADORA 30008829642,QUEBROU PARAFUSO DE ROLETE NA FORMACAO DE CAMADAS PALETIZADORA 30008829642,FALHA DE ROLETES,FALHA DE ROLETES,EXACT_SAFE,1,1,1475.0,1.0,2026-08-12,1,LINHA005,P.EQ.LINHA,56326,"CCZR PET RET 2L (9) 7,99 L05",TRANSP CXS GRFS CH PAL,Qualidade de peças,Estrutura,8.65,OBSERVACAO: QUEBROU PARAFUSO DE ROLETE NA FORMAÇÃO DE CAMADAS PALETIZADORA 30008829642 | EQUIPAMENTO: TRANSP CXS GRFS CH PAL | CHAVE_1: Estrutura | SUBCHAVE: Qualidade de peças | TIPO_PARADA: P.EQ.LINHA | LINHA: LINHA005
4031,"FALHA NA FORMAÇÃO DE CAMADA, PROCEDIMEMTO EM MANUAL",FALHA NA FORMACAO DE CAMADA PROCEDIMEMTO EM MANUAL,FALHA DE FORMAÇÃO DE CAMADA,FALHA DE FORMACAO DE CAMADA,EXACT_SAFE,1,1,1476.0,1.0,2026-08-12,2,LINHA005,P.EQ.LINHA,56326,"CCZR PET RET 2L (9) 7,99 L05",PALETIZADORA ROBOKOMBI SID LI0,,Sistema de instrumentos e cont,5.0,"OBSERVACAO: FALHA NA FORMAÇÃO DE CAMADA, PROCEDIMEMTO EM MANUAL | EQUIPAMENTO: PALETIZADORA ROBOKOMBI SID LI0 | CHAVE_1: Sistema de instrumentos e cont | SUBCHAVE:  | TIPO_PARADA: P.EQ.LINHA | LINHA: LINHA005"
4032,CONGESTIONAMENTO DE CAIXAS NA MESA,CONGESTIONAMENTO DE CAIXAS NA MESA,ENROSCO DE CAIXAS,ENROSCO DE CAIXAS,EXACT_SAFE,1,1,1477.0,1.0,2026-08-12,2,LINHA005,P.EQ.LINHA,56326,"CCZR PET RET 2L (9) 7,99 L05",PALETIZADORA ROBOKOMBI SID LI0,,Sistema de instrumentos e cont,4.0,OBSERVACAO: CONGESTIONAMENTO DE CAIXAS NA MESA | EQUIPAMENTO: PALETIZADORA ROBOKOMBI SID LI0 | CHAVE_1: Sistema de instrumentos e cont | SUBCHAVE:  | TIPO_PARADA: P.EQ.LINHA | LINHA: LINHA005
4034,TRAVAMENTO E QUEDA DE GARRAFAS NA SAIDA,TRAVAMENTO E QUEDA DE GARRAFAS NA SAIDA,QUEDA DE GARRAFAS,QUEDA DE GARRAFAS,EXACT_SAFE,2,1,1452.0,1.0,2026-08-10,2,LINHA005,P.EQ.LINHA,55568,"CC PET RET 2L (9) 7,99 L05",LAVADORA GARRAFA 22/470 ZIE,,SISTEMA DESCARGA GARRAFA 22/47,7.18,OBSERVACAO: TRAVAMENTO E QUEDA DE GARRAFAS NA SAIDA | EQUIPAMENTO: LAVADORA GARRAFA 22/470 ZIE | CHAVE_1: SISTEMA DESCARGA GARRAFA 22/47 | SUBCHAVE:  | TIPO_PARADA: P.EQ.LINHA | LINHA: LINHA005
4035,"CONGESTIONAMENTO DE CAIXA NA MESA,PERDA DE CONTAGEM",CONGESTIONAMENTO DE CAIXA NA MESA PERDA DE CONTAGEM,ENROSCO DE CAIXAS,ENROSCO DE CAIXAS,EXACT_SAFE,1,1,1482.0,1.0,2026-08-12,2,LINHA005,P.EQ.LINHA,56326,"CCZR PET RET 2L (9) 7,99 L05",PALETIZADORA ROBOKOMBI SID LI0,,Sistema de instrumentos e cont,3.0,"OBSERVACAO: CONGESTIONAMENTO DE CAIXA NA MESA,PERDA DE CONTAGEM | EQUIPAMENTO: PALETIZADORA ROBOKOMBI SID LI0 | CHAVE_1: Sistema de instrumentos e cont | SUBCHAVE:  | TIPO_PARADA: P.EQ.LINHA | LINHA: LINHA005"
4036,TRASPORTE DE CAIXAS ENTRE DESPAL E ENCA QUEBRADO 30008831631,TRASPORTE DE CAIXAS ENTRE DESPAL E ENCA QUEBRADO 30008831631,QUEBRA DE TRANSPORTE,QUEBRA DE TRANSPORTE,EXACT_SAFE,1,1,1483.0,1.0,2026-08-12,2,LINHA005,P.EQ.LINHA,56326,"CCZR PET RET 2L (9) 7,99 L05",TRANSP GRFS VZ DESENCA SEP TRE,,Sistema de instrumentos e cont,28.0,OBSERVACAO: TRASPORTE DE CAIXAS ENTRE DESPAL E ENCA QUEBRADO 30008831631 | EQUIPAMENTO: TRANSP GRFS VZ DESENCA SEP TRE | CHAVE_1: Sistema de instrumentos e cont | SUBCHAVE:  | TIPO_PARADA: P.EQ.LINHA | LINHA: LINHA005
4037,SENSOR COM TEMPO DE RESPOSTA BAIXA,SENSOR COM TEMPO DE RESPOSTA BAIXA,FALHA DE SENSOR,FALHA DE SENSOR,EXACT_SAFE,1,1,1484.0,1.0,2026-08-12,2,LINHA005,P.EQ.LINHA,56326,"CCZR PET RET 2L (9) 7,99 L05",DESENCAIXOTADORA SID LI05,,Sistema elétrico,12.36,OBSERVACAO: SENSOR COM TEMPO DE RESPOSTA BAIXA | EQUIPAMENTO: DESENCAIXOTADORA SID LI05 | CHAVE_1: Sistema elétrico | SUBCHAVE:  | TIPO_PARADA: P.EQ.LINHA | LINHA: LINHA005
4038,QUEBROU PARAFUSO DO PISTÃO DA DESPALETIZADORA,QUEBROU PARAFUSO DO PISTAO DA DESPALETIZADORA,QUEBRA DE ATUADOR,QUEBRA DE ATUADOR,EXACT_SAFE,1,1,1485.0,1.0,2026-08-12,3,LINHA005,P.EQ.LINHA,56326,"CCZR PET RET 2L (9) 7,99 L05",ROBO DESPALET FAC LI05,,Sistema de instrumentos e cont,18.24,OBSERVACAO: QUEBROU PARAFUSO DO PISTÃO DA DESPALETIZADORA | EQUIPAMENTO: ROBO DESPALET FAC LI05 | CHAVE_1: Sistema de instrumentos e cont | SUBCHAVE:  | TIPO_PARADA: P.EQ.LINHA | LINHA: LINHA005
4053,"APÓS REALIZAR ALGUMA INTERVENÇÃO NA MAQUINA, O EQUIPAMENTO PERDE O CICLO E NÃO APRESENTA FALHAS. ORDEM- 30008829623",APOS REALIZAR ALGUMA INTERVENCAO NA MAQUINA O EQUIPAMENTO PERDE O CICLO E NAO APRESENTA FALHAS ORDEM 30008829623,FALHA DE AUTOMAÇÃO,FALHA DE AUTOMACAO,EXACT_SAFE,1,1,1486.0,1.0,2026-08-12,1,LINHA003,P.EQ.LINHA,56424,CCMA PET 2L FL (6) N.V 38G LOLA T2G L03,PALETIZADORA ROBOT KRO LI03,,Sistema elétrico,24.0,"OBSERVACAO: APÓS REALIZAR ALGUMA INTERVENÇÃO NA MAQUINA, O EQUIPAMENTO PERDE O CICLO E NÃO APRESENTA FALHAS. ORDEM- 30008829623 | EQUIPAMENTO: PALETIZADORA ROBOT KRO LI03 | CHAVE_1: Sistema elétrico | SUBCHAVE:  | TIPO_PARADA: P.EQ.LINHA | LINHA: LINHA003"
4054,"ENCHEDORA NÃO RECINHECENDO O PULSO DA RECEITA DE 200ML, PULSO FICOU EM 2000ML",ENCHEDORA NAO RECINHECENDO O PULSO DA RECEITA DE 200ML PULSO FICOU EM 2000ML,FALHA DE LEITURA,FALHA DE LEITURA,EXACT_SAFE,1,1,1487.0,1.0,2026-08-13,2,LINHA003,P.EQ.LINHA,56568,SPRITE PET 200ML FI (12) 14G F439 L03,ENCHEDORA EUROTRONICA FM LI03,,Sistema elétrico,20.0,"OBSERVACAO: ENCHEDORA NÃO RECINHECENDO O PULSO DA RECEITA DE 200ML, PULSO FICOU EM 2000ML | EQUIPAMENTO: ENCHEDORA EUROTRONICA FM LI03 | CHAVE_1: Sistema elétrico | SUBCHAVE:  | TIPO_PARADA: P.EQ.LINHA | LINHA: LINHA003"
4055,QUEBRA DE HASTE DO CILINDRO PNEUMATICO DO BRAÇO 30008831666,QUEBRA DE HASTE DO CILINDRO PNEUMATICO DO BRACO 30008831666,QUEBRA DE ATUADOR,QUEBRA DE ATUADOR,EXACT_SAFE,1,1,1488.0,1.0,2026-08-13,1,LINHA005,P.EQ.LINHA,56326,"CCZR PET RET 2L (9) 7,99 L05",ROBO DESPALET FAC LI05,,Sistema de instrumentos e cont,34.12,OBSERVACAO: QUEBRA DE HASTE DO CILINDRO PNEUMATICO DO BRAÇO 30008831666 | EQUIPAMENTO: ROBO DESPALET FAC LI05 | CHAVE_1: Sistema de instrumentos e cont | SUBCHAVE:  | TIPO_PARADA: P.EQ.LINHA | LINHA: LINHA005
4056,FALHA DE CONGESTIONAMENTO NA ENTRADA DE CAIXAS DA PALETIZADORA 30008831737,FALHA DE CONGESTIONAMENTO NA ENTRADA DE CAIXAS DA PALETIZADORA 30008831737,ENROSCO DE CAIXAS,ENROSCO DE CAIXAS,EXACT_SAFE,1,1,1489.0,1.0,2026-08-13,1,LINHA005,P.EQ.LINHA,56326,"CCZR PET RET 2L (9) 7,99 L05",PALETIZADORA ROBOKOMBI SID LI0,,Sistema de instrumentos e cont,8.0,OBSERVACAO: FALHA DE CONGESTIONAMENTO NA ENTRADA DE CAIXAS DA PALETIZADORA 30008831737 | EQUIPAMENTO: PALETIZADORA ROBOKOMBI SID LI0 | CHAVE_1: Sistema de instrumentos e cont | SUBCHAVE:  | TIPO_PARADA: P.EQ.LINHA | LINHA: LINHA005
4057,"FALHA NA AUTOMAÇÃO DO TRANSPORTE,CAUSANDO FALÇO REJEITO NO INSPETOR DE CAIXA CHEIA",FALHA NA AUTOMACAO DO TRANSPORTE CAUSANDO FALCO REJEITO NO INSPETOR DE CAIXA CHEIA,FALHA DE REJEIÇÃO,FALHA DE REJEICAO,EXACT_SAFE,1,1,1490.0,1.0,2026-08-13,2,LINHA005,P.EQ.LINHA,56326,"CCZR PET RET 2L (9) 7,99 L05",TRANSP CXS GRFS CH PAL,Velocidade desajustada,Sistema Motriz,5.0,"OBSERVACAO: FALHA NA AUTOMAÇÃO DO TRANSPORTE,CAUSANDO FALÇO REJEITO NO INSPETOR DE CAIXA CHEIA | EQUIPAMENTO: TRANSP CXS GRFS CH PAL | CHAVE_1: Sistema Motriz | SUBCHAVE: Velocidade desajustada | TIPO_PARADA: P.EQ.LINHA | LINHA: LINHA005"
4058,TRAVAMENTO DE GARRAFAS NA SAIDA,TRAVAMENTO DE GARRAFAS NA SAIDA,ENROSCO DE GARRAFAS,ENROSCO DE GARRAFAS,EXACT_SAFE,10,1,1425.0,1.0,2026-08-07,2,LINHA005,P.EQ.LINHA,55568,"CC PET RET 2L (9) 7,99 L05",LAVADORA GARRAFA 22/470 ZIE,,SISTEMA DESCARGA GARRAFA 22/47,4.18,OBSERVACAO: TRAVAMENTO DE GARRAFAS NA SAIDA | EQUIPAMENTO: LAVADORA GARRAFA 22/470 ZIE | CHAVE_1: SISTEMA DESCARGA GARRAFA 22/47 | SUBCHAVE:  | TIPO_PARADA: P.EQ.LINHA | LINHA: LINHA005
4063,"FALHA DE ""SEG DE PRESSÃO DE H2O NO RESFRIAMENTO NO PINO DE ENXAGUE¨",FALHA DE SEG DE PRESSAO DE H2O NO RESFRIAMENTO NO PINO DE ENXAGUE,FALHA DE PRESSÃO DE ÁGUA,FALHA DE PRESSAO DE AGUA,EXACT_SAFE,1,1,1492.0,1.0,2026-08-14,2,LINHA003,P.EQ.LINHA,56568,SPRITE PET 200ML FI (12) 14G F439 L03,RINSER SID LI03,,Sistema de enxague,9.0,"OBSERVACAO: FALHA DE ""SEG DE PRESSÃO DE H2O NO RESFRIAMENTO NO PINO DE ENXAGUE¨ | EQUIPAMENTO: RINSER SID LI03 | CHAVE_1: Sistema de enxague | SUBCHAVE:  | TIPO_PARADA: P.EQ.LINHA | LINHA: LINHA003"
4064,TROCA DA VÁLVULA DO DRENO QUE ESTAVA DANDO PASSAGEM (46 E 24) – TECSUL – NOTA 30008833970,TROCA DA VALVULA DO DRENO QUE ESTAVA DANDO PASSAGEM 46 E 24 TECSUL NOTA 30008833970,VAZAMENTO EM VÁLVULA,VAZAMENTO EM VALVULA,EXACT_SAFE,1,1,1493.0,1.0,2026-08-14,2,LINHA003,P.EQ.LINHA,56568,SPRITE PET 200ML FI (12) 14G F439 L03,PROPORCIONADOR STARBLEND SID L,Regulador de pressão desajusta,Circuito de carbonatação,36.0,OBSERVACAO: TROCA DA VÁLVULA DO DRENO QUE ESTAVA DANDO PASSAGEM (46 E 24) – TECSUL – NOTA 30008833970 | EQUIPAMENTO: PROPORCIONADOR STARBLEND SID L | CHAVE_1: Circuito de carbonatação | SUBCHAVE: Regulador de pressão desajusta | TIPO_PARADA: P.EQ.LINHA | LINHA: LINHA003
4065,TROCA DO SENSOR DE CONFIRMA DE GARRAFAS PARA PEGADA DO ROBO 30008832960,TROCA DO SENSOR DE CONFIRMA DE GARRAFAS PARA PEGADA DO ROBO 30008832960,FALHA DE SENSOR,FALHA DE SENSOR,EXACT_SAFE,1,1,1494.0,1.0,2026-08-14,1,LINHA005,P.EQ.LINHA,55568,"CC PET RET 2L (9) 7,99 L05",ROBO ENCAIXOTADOR FAC LI05,,Sistema de instrumentos e cont,15.53,OBSERVACAO: TROCA DO SENSOR DE CONFIRMA DE GARRAFAS PARA PEGADA DO ROBO 30008832960 | EQUIPAMENTO: ROBO ENCAIXOTADOR FAC LI05 | CHAVE_1: Sistema de instrumentos e cont | SUBCHAVE:  | TIPO_PARADA: P.EQ.LINHA | LINHA: LINHA005
4066,CORREÇÃO SENSOR PERFIL DE CAMADA SOB A MESA 30008832977,CORRECAO SENSOR PERFIL DE CAMADA SOB A MESA 30008832977,FALHA DE SENSOR,FALHA DE SENSOR,EXACT_SAFE,1,1,1495.0,1.0,2026-08-14,1,LINHA005,P.EQ.LINHA,55568,"CC PET RET 2L (9) 7,99 L05",ROBO DESPALET FAC LI05,,Sistema elétrico,6.42,OBSERVACAO: CORREÇÃO SENSOR PERFIL DE CAMADA SOB A MESA 30008832977 | EQUIPAMENTO: ROBO DESPALET FAC LI05 | CHAVE_1: Sistema elétrico | SUBCHAVE:  | TIPO_PARADA: P.EQ.LINHA | LINHA: LINHA005
4067,FALHA FORMAÇÃO DE CAMADA,FALHA FORMACAO DE CAMADA,FALHA DE FORMAÇÃO DE CAMADA,FALHA DE FORMACAO DE CAMADA,EXACT_SAFE,1,1,1496.0,1.0,2026-08-14,1,LINHA005,P.EQ.LINHA,55568,"CC PET RET 2L (9) 7,99 L05",ROBO PALETIZADOR FAC LI05,,Sistema manipulador de caixas,5.94,OBSERVACAO: FALHA FORMAÇÃO DE CAMADA | EQUIPAMENTO: ROBO PALETIZADOR FAC LI05 | CHAVE_1: Sistema manipulador de caixas | SUBCHAVE:  | TIPO_PARADA: P.EQ.LINHA | LINHA: LINHA005
4068,FALHA SENSOR DE CORREIA DO DESCAPSULADOR,FALHA SENSOR DE CORREIA DO DESCAPSULADOR,FALHA DE SENSOR,FALHA DE SENSOR,EXACT_SAFE,1,1,1499.0,1.0,2026-08-14,1,LINHA005,P.EQ.LINHA,55568,"CC PET RET 2L (9) 7,99 L05",DESCAPSULADOR 16 HEADS ACY LI0,,Sistema Elétrico,7.0,OBSERVACAO: FALHA SENSOR DE CORREIA DO DESCAPSULADOR | EQUIPAMENTO: DESCAPSULADOR 16 HEADS ACY LI0 | CHAVE_1: Sistema Elétrico | SUBCHAVE:  | TIPO_PARADA: P.EQ.LINHA | LINHA: LINHA005
4069,CORREÇÃO SENSOR PERFIL DE CAMADA SOB A MESA,CORRECAO SENSOR PERFIL DE CAMADA SOB A MESA,FALHA DE SENSOR,FALHA DE SENSOR,EXACT_SAFE,1,1,1500.0,1.0,2026-08-14,2,LINHA005,P.EQ.LINHA,55568,"CC PET RET 2L (9) 7,99 L05",ROBO DESPALET FAC LI05,,Sistema elétrico,5.0,OBSERVACAO: CORREÇÃO SENSOR PERFIL DE CAMADA SOB A MESA | EQUIPAMENTO: ROBO DESPALET FAC LI05 | CHAVE_1: Sistema elétrico | SUBCHAVE:  | TIPO_PARADA: P.EQ.LINHA | LINHA: LINHA005
4070,TRAVAMENTO DE GARRAFAS NA SAIDA DA LAVADORA,TRAVAMENTO DE GARRAFAS NA SAIDA DA LAVADORA,ENROSCO DE GARRAFAS,ENROSCO DE GARRAFAS,EXACT_SAFE,23,1,1375.0,1.0,2026-07-30,3,LINHA005,P.EQ.LINHA,55568,"CC PET RET 2L (9) 7,99 L05",LAVADORA GARRAFA 22/470 ZIE,,SISTEMA DESCARGA GARRAFA 22/47,5.18,OBSERVACAO: TRAVAMENTO DE GARRAFAS NA SAIDA DA LAVADORA | EQUIPAMENTO: LAVADORA GARRAFA 22/470 ZIE | CHAVE_1: SISTEMA DESCARGA GARRAFA 22/47 | SUBCHAVE:  | TIPO_PARADA: P.EQ.LINHA | LINHA: LINHA005
4071,"FALHA NA AUTOMAÇÃO DO TRANSPORTE ,CAUSANDO FALÇO REJEITO NO INPETOR DE CAIXA CHEIA",FALHA NA AUTOMACAO DO TRANSPORTE CAUSANDO FALCO REJEITO NO INPETOR DE CAIXA CHEIA,FALHA DE AUTOMAÇÃO,FALHA DE AUTOMACAO,EXACT_SAFE,1,1,1502.0,1.0,2026-08-14,2,LINHA005,P.EQ.LINHA,55568,"CC PET RET 2L (9) 7,99 L05",TRANSP CXS GRFS CH PAL,Velocidade desajustada,Sistema Motriz,5.0,"OBSERVACAO: FALHA NA AUTOMAÇÃO DO TRANSPORTE ,CAUSANDO FALÇO REJEITO NO INPETOR DE CAIXA CHEIA | EQUIPAMENTO: TRANSP CXS GRFS CH PAL | CHAVE_1: Sistema Motriz | SUBCHAVE: Velocidade desajustada | TIPO_PARADA: P.EQ.LINHA | LINHA: LINHA005"
4072,TRAVAMENTO DO STOPER DA MESA DE CAIXAS DA PALETIZADORA,TRAVAMENTO DO STOPER DA MESA DE CAIXAS DA PALETIZADORA,TRAVAMENTO DE TRANSPORTE,TRAVAMENTO DE TRANSPORTE,EXACT_SAFE,1,1,1503.0,1.0,2026-08-14,2,LINHA005,P.EQ.LINHA,55568,"CC PET RET 2L (9) 7,99 L05",PALETIZADORA ROBOKOMBI SID LI0,,Sistema de instrumentos e cont,3.0,OBSERVACAO: TRAVAMENTO DO STOPER DA MESA DE CAIXAS DA PALETIZADORA | EQUIPAMENTO: PALETIZADORA ROBOKOMBI SID LI0 | CHAVE_1: Sistema de instrumentos e cont | SUBCHAVE:  | TIPO_PARADA: P.EQ.LINHA | LINHA: LINHA005
4077,1FALHA NO MOTOR PRINCIPAL CAUSANDO PARADA NA MAQUINA . ORDEM ;30008833972 NOTA 13357641,1FALHA NO MOTOR PRINCIPAL CAUSANDO PARADA NA MAQUINA ORDEM 30008833972 NOTA 13357641,FALHA DE MOTOR,FALHA DE MOTOR,EXACT_SAFE,1,1,1504.0,1.0,2026-08-14,2,LINHA001,P.EQ.LINHA,55609,"CC LS 1L (12) N.V 4,99 ROL412 L01",LAVADORA GRFS DN1240105 H K LI,,Sistema de Instrumentos e cont,11.33,OBSERVACAO: 1FALHA NO MOTOR PRINCIPAL CAUSANDO PARADA NA MAQUINA . ORDEM ;30008833972 NOTA 13357641 | EQUIPAMENTO: LAVADORA GRFS DN1240105 H K LI | CHAVE_1: Sistema de Instrumentos e cont | SUBCHAVE:  | TIPO_PARADA: P.EQ.LINHA | LINHA: LINHA001
4078,"MAQUINA ACUSOU ERRO, PEDINDO PARA SER MASTERIZADA CAUSANDO PARADA NA LINHA",MAQUINA ACUSOU ERRO PEDINDO PARA SER MASTERIZADA CAUSANDO PARADA NA LINHA,PERDA DE REFERÊNCIA,PERDA DE REFERENCIA,EXACT_SAFE,1,1,1505.0,1.0,2026-08-14,2,LINHA001,P.EQ.LINHA,55609,"CC LS 1L (12) N.V 4,99 ROL412 L01",PALETIZADORA,,,6.0,"OBSERVACAO: MAQUINA ACUSOU ERRO, PEDINDO PARA SER MASTERIZADA CAUSANDO PARADA NA LINHA | EQUIPAMENTO: PALETIZADORA | CHAVE_1:  | SUBCHAVE:  | TIPO_PARADA: P.EQ.LINHA | LINHA: LINHA001"
4079,"INSPEÇÃO (AVALAIÇÃO) NOS BOCAIS 4,5,10,11 E 18 ORDEM 30008833891 - PRGRAMADA ATUAÇÃO PARA O PCM",INSPECAO AVALAICAO NOS BOCAIS 4 5 10 11 E 18 ORDEM 30008833891 PRGRAMADA ATUACAO PARA O PCM,FALHA DE INSPEÇÃO,FALHA DE INSPECAO,EXACT_SAFE,1,1,1506.0,1.0,2026-08-14,2,LINHA003,P.EQ.LINHA,56568,SPRITE PET 200ML FI (12) 14G F439 L03,CAPSULADORA EURO PK18 ACY LI03,,Sistema de instrumentos e cont,4.45,"OBSERVACAO: INSPEÇÃO (AVALAIÇÃO) NOS BOCAIS 4,5,10,11 E 18 ORDEM 30008833891 - PRGRAMADA ATUAÇÃO PARA O PCM | EQUIPAMENTO: CAPSULADORA EURO PK18 ACY LI03 | CHAVE_1: Sistema de instrumentos e cont | SUBCHAVE:  | TIPO_PARADA: P.EQ.LINHA | LINHA: LINHA003"
4080,TROCA DA VÁLVULA DO DRENO QUE ESTAVA DANDO PASSAGEM (46 E 24) - TECSUL,TROCA DA VALVULA DO DRENO QUE ESTAVA DANDO PASSAGEM 46 E 24 TECSUL,VAZAMENTO EM VÁLVULA,VAZAMENTO EM VALVULA,EXACT_SAFE,1,1,1507.0,1.0,2026-08-14,2,LINHA003,P.EQ.LINHA,56568,SPRITE PET 200ML FI (12) 14G F439 L03,PROPORCIONADOR STARBLEND SID L,Regulador de pressão desajusta,Circuito de carbonatação,4.45,OBSERVACAO: TROCA DA VÁLVULA DO DRENO QUE ESTAVA DANDO PASSAGEM (46 E 24) - TECSUL | EQUIPAMENTO: PROPORCIONADOR STARBLEND SID L | CHAVE_1: Circuito de carbonatação | SUBCHAVE: Regulador de pressão desajusta | TIPO_PARADA: P.EQ.LINHA | LINHA: LINHA003
4081,TRAVAMENTO DE GARRAFAS NA SIADA DA LAVADORA,TRAVAMENTO DE GARRAFAS NA SIADA DA LAVADORA,ENROSCO DE GARRAFAS,ENROSCO DE GARRAFAS,EXACT_SAFE,1,1,1508.0,1.0,2026-08-15,1,LINHA005,P.EQ.LINHA,55568,"CC PET RET 2L (9) 7,99 L05",LAVADORA GARRAFA 22/470 ZIE,,SISTEMA DESCARGA GARRAFA 22/47,6.42,OBSERVACAO: TRAVAMENTO DE GARRAFAS NA SIADA DA LAVADORA | EQUIPAMENTO: LAVADORA GARRAFA 22/470 ZIE | CHAVE_1: SISTEMA DESCARGA GARRAFA 22/47 | SUBCHAVE:  | TIPO_PARADA: P.EQ.LINHA | LINHA: LINHA005
4082,"FALHA SENSOR NO DESCAPSULADOR, SAINDO GARRAFAS COM TAMPAS NA SAIDA DO DESCAPSULADOR",FALHA SENSOR NO DESCAPSULADOR SAINDO GARRAFAS COM TAMPAS NA SAIDA DO DESCAPSULADOR,FALHA DE SENSOR,FALHA DE SENSOR,EXACT_SAFE,1,1,1509.0,1.0,2026-08-15,1,LINHA005,P.EQ.LINHA,55568,"CC PET RET 2L (9) 7,99 L05",DESCAPSULADOR 16 HEADS ACY LI0,,Sistema Elétrico,4.82,"OBSERVACAO: FALHA SENSOR NO DESCAPSULADOR, SAINDO GARRAFAS COM TAMPAS NA SAIDA DO DESCAPSULADOR | EQUIPAMENTO: DESCAPSULADOR 16 HEADS ACY LI0 | CHAVE_1: Sistema Elétrico | SUBCHAVE:  | TIPO_PARADA: P.EQ.LINHA | LINHA: LINHA005"
4083,"EXCESSO DE REJEITO DE GARRAFAS COM ROTULOS, OCASIONANDO CRASH NOS TRANSPORTES",EXCESSO DE REJEITO DE GARRAFAS COM ROTULOS OCASIONANDO CRASH NOS TRANSPORTES,Excesso de garrafa com rotulo,EXCESSO DE GARRAFA COM ROTULO,EXACT_SAFE,1,1,1510.0,1.0,2026-08-15,1,LINHA005,P.EQ.LINHA,55568,"CC PET RET 2L (9) 7,99 L05",LAVADORA GARRAFA 22/470 ZIE,,SISTEMA EXTRATOR RÓTULO 22/470,4.36,"OBSERVACAO: EXCESSO DE REJEITO DE GARRAFAS COM ROTULOS, OCASIONANDO CRASH NOS TRANSPORTES | EQUIPAMENTO: LAVADORA GARRAFA 22/470 ZIE | CHAVE_1: SISTEMA EXTRATOR RÓTULO 22/470 | SUBCHAVE:  | TIPO_PARADA: P.EQ.LINHA | LINHA: LINHA005"
4084,FALHA DE COMUNICAÇÃO DE REDE,FALHA DE COMUNICACAO DE REDE,FALHA DE COMUNICAÇÃO,FALHA DE COMUNICACAO,EXACT_SAFE,1,1,1511.0,1.0,2026-08-15,2,LINHA005,P.EQ.LINHA,55568,"CC PET RET 2L (9) 7,99 L05",ENCAIXOTADORA SID LI05,,Sistema elétrico,4.0,OBSERVACAO: FALHA DE COMUNICAÇÃO DE REDE | EQUIPAMENTO: ENCAIXOTADORA SID LI05 | CHAVE_1: Sistema elétrico | SUBCHAVE:  | TIPO_PARADA: P.EQ.LINHA | LINHA: LINHA005
4085,"FALHA NA AUTOMAÇÃO DO TRANSPORTE,CAUSANDO FALSO REJEITO NO INPETOR DE CAIXAS CHEIA",FALHA NA AUTOMACAO DO TRANSPORTE CAUSANDO FALSO REJEITO NO INPETOR DE CAIXAS CHEIA,FALHA DE REJEIÇÃO,FALHA DE REJEICAO,EXACT_SAFE,1,1,1512.0,1.0,2026-08-15,2,LINHA005,P.EQ.LINHA,55568,"CC PET RET 2L (9) 7,99 L05",TRANSP CXS GRFS CH PAL,,Sistema de instrumentos e cont,3.0,"OBSERVACAO: FALHA NA AUTOMAÇÃO DO TRANSPORTE,CAUSANDO FALSO REJEITO NO INPETOR DE CAIXAS CHEIA | EQUIPAMENTO: TRANSP CXS GRFS CH PAL | CHAVE_1: Sistema de instrumentos e cont | SUBCHAVE:  | TIPO_PARADA: P.EQ.LINHA | LINHA: LINHA005"
4086,TRAVAMENTO DO STOPER DE CAIXAS DA MESA DA PALETIZADORA,TRAVAMENTO DO STOPER DE CAIXAS DA MESA DA PALETIZADORA,TRAVAMENTO DE STOPPER,TRAVAMENTO DE STOPPER,EXACT_SAFE,1,1,1514.0,1.0,2026-08-15,2,LINHA005,P.EQ.LINHA,55568,"CC PET RET 2L (9) 7,99 L05",PALETIZADORA ROBOKOMBI SID LI0,,Sistema de instrumentos e cont,3.0,OBSERVACAO: TRAVAMENTO DO STOPER DE CAIXAS DA MESA DA PALETIZADORA | EQUIPAMENTO: PALETIZADORA ROBOKOMBI SID LI0 | CHAVE_1: Sistema de instrumentos e cont | SUBCHAVE:  | TIPO_PARADA: P.EQ.LINHA | LINHA: LINHA005
4087,TRAVAMENTO DE GARRAFAS NA SAIDA,TRAVAMENTO DE GARRAFAS NA SAIDA,ENROSCO DE GARRAFAS,ENROSCO DE GARRAFAS,EXACT_SAFE,10,1,1425.0,1.0,2026-08-07,2,LINHA005,P.EQ.LINHA,55568,"CC PET RET 2L (9) 7,99 L05",LAVADORA GARRAFA 22/470 ZIE,,SISTEMA DESCARGA GARRAFA 22/47,4.18,OBSERVACAO: TRAVAMENTO DE GARRAFAS NA SAIDA | EQUIPAMENTO: LAVADORA GARRAFA 22/470 ZIE | CHAVE_1: SISTEMA DESCARGA GARRAFA 22/47 | SUBCHAVE:  | TIPO_PARADA: P.EQ.LINHA | LINHA: LINHA005
4088,ENROSCO DE TAMPAS NA ENTRADA DO ARROLHADOR CAUSANDO PARADAS NA MAQUINA,ENROSCO DE TAMPAS NA ENTRADA DO ARROLHADOR CAUSANDO PARADAS NA MAQUINA,ENROSCO DE TAMPAS,ENROSCO DE TAMPAS,EXACT_SAFE,2,1,1336.0,1.0,2026-07-21,2,LINHA001,P.EQ.LINHA,55957,CC KS ULTRA 290ML (24) N.V ROL372 L01,LACRADOR TAMPAS H K LI01,,Estrutura,5.25,OBSERVACAO: ENROSCO DE TAMPAS NA ENTRADA DO ARROLHADOR CAUSANDO PARADAS NA MAQUINA | EQUIPAMENTO: LACRADOR TAMPAS H K LI01 | CHAVE_1: Estrutura | SUBCHAVE:  | TIPO_PARADA: P.EQ.LINHA | LINHA: LINHA001
4089,ENROSCO DE TAMPAS NA ENTRADA DO ARROLHADOR CAUSANDO PARADAS NA MAQUINA,ENROSCO DE TAMPAS NA ENTRADA DO ARROLHADOR CAUSANDO PARADAS NA MAQUINA,ENROSCO DE TAMPAS,ENROSCO DE TAMPAS,EXACT_SAFE,2,1,1336.0,1.0,2026-07-21,2,LINHA001,P.EQ.LINHA,55957,CC KS ULTRA 290ML (24) N.V ROL372 L01,LACRADOR TAMPAS H K LI01,,Estrutura,5.25,OBSERVACAO: ENROSCO DE TAMPAS NA ENTRADA DO ARROLHADOR CAUSANDO PARADAS NA MAQUINA | EQUIPAMENTO: LACRADOR TAMPAS H K LI01 | CHAVE_1: Estrutura | SUBCHAVE:  | TIPO_PARADA: P.EQ.LINHA | LINHA: LINHA001
4094,FALHA NO ENVOLVIMENTO SAINDO PACOTES ABERTOS,FALHA NO ENVOLVIMENTO SAINDO PACOTES ABERTOS,FALHA DE ENVOLVIMENTO,FALHA DE ENVOLVIMENTO,EXACT_SAFE,1,1,1516.0,1.0,2026-08-16,3,LINHA004,P.EQ.LINHA,56312,SCH CITRUS LT 350ML FI (6) lt L04,EMPACOTADORA SP 100V KIS LI04,,Sistema de Instrumentos e cont,1.68,OBSERVACAO: FALHA NO ENVOLVIMENTO SAINDO PACOTES ABERTOS | EQUIPAMENTO: EMPACOTADORA SP 100V KIS LI04 | CHAVE_1: Sistema de Instrumentos e cont | SUBCHAVE:  | TIPO_PARADA: P.EQ.LINHA | LINHA: LINHA004
4099,"VAZAMENTO DE CO2 NA VALVULA PRINCIPAL DE ENTRADA.( 15 MIN). - FALHA NO PRESSOSTATO, FALTA DE AR NAS VALVULAS ELETRONICAS.",VAZAMENTO DE CO2 NA VALVULA PRINCIPAL DE ENTRADA 15 MIN FALHA NO PRESSOSTATO FALTA DE AR NAS VALVULAS ELETRONICAS,FALHA DE PRESSOSTATO,FALHA DE PRESSOSTATO,EXACT_SAFE,1,1,1517.0,1.0,2026-08-17,1,LINHA003,P.EQ.LINHA,55993,CC PET 1L FL (6) N.V 29G F710 L03,PROPORCIONADOR STARBLEND SID L,Válvula mod de CO2 falha,Circuito de carbonatação,55.5,"OBSERVACAO: VAZAMENTO DE CO2 NA VALVULA PRINCIPAL DE ENTRADA.( 15 MIN). - FALHA NO PRESSOSTATO, FALTA DE AR NAS VALVULAS ELETRONICAS. | EQUIPAMENTO: PROPORCIONADOR STARBLEND SID L | CHAVE_1: Circuito de carbonatação | SUBCHAVE: Válvula mod de CO2 falha | TIPO_PARADA: P.EQ.LINHA | LINHA: LINHA003"
4100,"FALHA NO PRESSOSTATO, FALTA DE AR NAS VALVULAS ELETRONICAS .",FALHA NO PRESSOSTATO FALTA DE AR NAS VALVULAS ELETRONICAS,FALHA DE PRESSOSTATO,FALHA DE PRESSOSTATO,EXACT_SAFE,1,1,1519.0,1.0,2026-08-17,1,LINHA003,P.EQ.LINHA,55993,CC PET 1L FL (6) N.V 29G F710 L03,ENCHEDORA EUROTRONICA FM LI03,,Sistema elétrico,20.0,"OBSERVACAO: FALHA NO PRESSOSTATO, FALTA DE AR NAS VALVULAS ELETRONICAS . | EQUIPAMENTO: ENCHEDORA EUROTRONICA FM LI03 | CHAVE_1: Sistema elétrico | SUBCHAVE:  | TIPO_PARADA: P.EQ.LINHA | LINHA: LINHA003"
4101,QUEDA DE GARRAFA NA REGUA DE ARRASTE,QUEDA DE GARRAFA NA REGUA DE ARRASTE,QUEDA DE GARRAFAS,QUEDA DE GARRAFAS,EXACT_SAFE,1,1,1520.0,1.0,2026-08-17,1,LINHA003,P.EQ.LINHA,55993,CC PET 1L FL (6) N.V 29G F710 L03,EMPACOTADORA VARIOPAC KRO LI03,,Sistema de Instrumentos e cont,5.0,OBSERVACAO: QUEDA DE GARRAFA NA REGUA DE ARRASTE | EQUIPAMENTO: EMPACOTADORA VARIOPAC KRO LI03 | CHAVE_1: Sistema de Instrumentos e cont | SUBCHAVE:  | TIPO_PARADA: P.EQ.LINHA | LINHA: LINHA003
4115,"ERRO NA SOLTA DO FILME,SOLDA COM AVARIAS",ERRO NA SOLTA DO FILME SOLDA COM AVARIAS,FALHA DE SOLDA DE FILME,FALHA DE SOLDA DE FILME,EXACT_SAFE,1,1,1521.0,1.0,2026-08-17,2,LINHA006,P.EQ.LINHA,118609,"ICE TEA PES PET 1,5L FL (6) TP005 L06",EMPACOTADORA OCME L06,,Sistema de retratação,7.0,"OBSERVACAO: ERRO NA SOLTA DO FILME,SOLDA COM AVARIAS | EQUIPAMENTO: EMPACOTADORA OCME L06 | CHAVE_1: Sistema de retratação | SUBCHAVE:  | TIPO_PARADA: P.EQ.LINHA | LINHA: LINHA006"
4117,FALHA NO CORTE DO FILME ORDEM 30008835598,FALHA NO CORTE DO FILME ORDEM 30008835598,FALHA DE CORTE DE FILME,FALHA DE CORTE DE FILME,EXACT_SAFE,1,1,1522.0,1.0,2026-08-17,2,LINHA003,P.EQ.LINHA,55993,CC PET 1L FL (6) N.V 29G F710 L03,ENVOLVEDORA ROB LI03,,Sistema Elétrico,15.0,OBSERVACAO: FALHA NO CORTE DO FILME ORDEM 30008835598 | EQUIPAMENTO: ENVOLVEDORA ROB LI03 | CHAVE_1: Sistema Elétrico | SUBCHAVE:  | TIPO_PARADA: P.EQ.LINHA | LINHA: LINHA003
4118,FALHA TROCA DE BANDEJA DO AGREGADO 2,FALHA TROCA DE BANDEJA DO AGREGADO 2,FALHA NA TROCA DE BANDEJA,FALHA NA TROCA DE BANDEJA,EXACT_SAFE,2,1,1468.0,1.0,2026-08-11,1,LINHA005,P.EQ.LINHA,55568,"CC PET RET 2L (9) 7,99 L05",ROTULADORA MODULAR KRONES LI05,,Sistema de Instrumentos e cont,5.53,OBSERVACAO: FALHA TROCA DE BANDEJA DO AGREGADO 2 | EQUIPAMENTO: ROTULADORA MODULAR KRONES LI05 | CHAVE_1: Sistema de Instrumentos e cont | SUBCHAVE:  | TIPO_PARADA: P.EQ.LINHA | LINHA: LINHA005
4119,TRAVAMENTO DE GARRAFAS NA SAIDA DA LAVADORA,TRAVAMENTO DE GARRAFAS NA SAIDA DA LAVADORA,ENROSCO DE GARRAFAS,ENROSCO DE GARRAFAS,EXACT_SAFE,23,1,1375.0,1.0,2026-07-30,3,LINHA005,P.EQ.LINHA,55568,"CC PET RET 2L (9) 7,99 L05",LAVADORA GARRAFA 22/470 ZIE,,SISTEMA DESCARGA GARRAFA 22/47,5.18,OBSERVACAO: TRAVAMENTO DE GARRAFAS NA SAIDA DA LAVADORA | EQUIPAMENTO: LAVADORA GARRAFA 22/470 ZIE | CHAVE_1: SISTEMA DESCARGA GARRAFA 22/47 | SUBCHAVE:  | TIPO_PARADA: P.EQ.LINHA | LINHA: LINHA005
4120,QUEBRA DO EXPULSADOR LINEAR ( NOTA: 30008838031 ),QUEBRA DO EXPULSADOR LINEAR NOTA 30008838031,FALHA DE REJEIÇÃO,FALHA DE REJEICAO,EXACT_SAFE,2,1,1526.0,1.0,2026-08-18,2,LINHA006,P.EQ.LINHA,56443,CCZR PET 200ML FI (12) N.V 14G T2G L06,REJEITO DE GARRAFAS KRONES L06,,,19.68,OBSERVACAO: QUEBRA DO EXPULSADOR LINEAR ( NOTA: 30008838031 ) | EQUIPAMENTO: REJEITO DE GARRAFAS KRONES L06 | CHAVE_1:  | SUBCHAVE:  | TIPO_PARADA: P.EQ.LINHA | LINHA: LINHA006
4123,ENROSCO DE TAMPAS NA ENTRADA DO ARROLHADOR CAUSANDO PARADAS NA MAQUINA,ENROSCO DE TAMPAS NA ENTRADA DO ARROLHADOR CAUSANDO PARADAS NA MAQUINA,ENROSCO DE TAMPAS,ENROSCO DE TAMPAS,EXACT_SAFE,2,1,1336.0,1.0,2026-07-21,2,LINHA001,P.EQ.LINHA,55957,CC KS ULTRA 290ML (24) N.V ROL372 L01,LACRADOR TAMPAS H K LI01,,Estrutura,5.25,OBSERVACAO: ENROSCO DE TAMPAS NA ENTRADA DO ARROLHADOR CAUSANDO PARADAS NA MAQUINA | EQUIPAMENTO: LACRADOR TAMPAS H K LI01 | CHAVE_1: Estrutura | SUBCHAVE:  | TIPO_PARADA: P.EQ.LINHA | LINHA: LINHA001
4133,"CODIFICAÇÃO ILEGIVEL, MANGUEIRA DE AR FURADA.30008838215",CODIFICACAO ILEGIVEL MANGUEIRA DE AR FURADA 30008838215,ROMPIMENTO DE MANGUEIRA DE AR,ROMPIMENTO DE MANGUEIRA DE AR,EXACT_SAFE,1,1,1528.0,1.0,2026-08-19,1,LINHA001,P.EQ.LINHA,55957,CC KS ULTRA 290ML (24) N.V ROL372 L01,DATADORA MARKEM IMAJE 9450S,,,10.0,"OBSERVACAO: CODIFICAÇÃO ILEGIVEL, MANGUEIRA DE AR FURADA.30008838215 | EQUIPAMENTO: DATADORA MARKEM IMAJE 9450S | CHAVE_1:  | SUBCHAVE:  | TIPO_PARADA: P.EQ.LINHA | LINHA: LINHA001"
4145,"TEMPERATURA EXESSIVA , TEMPERATURA CHEGOU 29 GRAU, POSSIVEL CAUSA( VALVULA MODULADORA DO TROCADOR DE CALOR)",TEMPERATURA EXESSIVA TEMPERATURA CHEGOU 29 GRAU POSSIVEL CAUSA VALVULA MODULADORA DO TROCADOR DE CALOR,FALHA DE VÁLVULA MODULADORA,FALHA DE VALVULA MODULADORA,EXACT_SAFE,1,1,1529.0,1.0,2026-08-19,2,LINHA006,P.EQ.LINHA,56298,CC PET 200ML FI (12) NV 14G LOLA T2G L06,TROCADOR DE CALOR ALFA LAVAL L,,,60.0,"OBSERVACAO: TEMPERATURA EXESSIVA , TEMPERATURA CHEGOU 29 GRAU, POSSIVEL CAUSA( VALVULA MODULADORA DO TROCADOR DE CALOR) | EQUIPAMENTO: TROCADOR DE CALOR ALFA LAVAL L | CHAVE_1:  | SUBCHAVE:  | TIPO_PARADA: P.EQ.LINHA | LINHA: LINHA006"
4146,"MTEMPERATURA EXESSIVA , TEMPERATURA CHEGOU 29 GRAUS, POSSIVEL CAUSA( VALVULA MODULADORA DO TROCADOR DE CALOR)",MTEMPERATURA EXESSIVA TEMPERATURA CHEGOU 29 GRAUS POSSIVEL CAUSA VALVULA MODULADORA DO TROCADOR DE CALOR,FALHA DE VÁLVULA MODULADORA,FALHA DE VALVULA MODULADORA,EXACT_SAFE,1,1,1530.0,1.0,2026-08-19,2,LINHA006,P.EQ.LINHA,56298,CC PET 200ML FI (12) NV 14G LOLA T2G L06,TROCADOR DE CALOR ALFA LAVAL L,,,41.28,"OBSERVACAO: MTEMPERATURA EXESSIVA , TEMPERATURA CHEGOU 29 GRAUS, POSSIVEL CAUSA( VALVULA MODULADORA DO TROCADOR DE CALOR) | EQUIPAMENTO: TROCADOR DE CALOR ALFA LAVAL L | CHAVE_1:  | SUBCHAVE:  | TIPO_PARADA: P.EQ.LINHA | LINHA: LINHA006"
4147,AJUSTE NO SETUP ELETRICO NA REGUA ULTRASSONICA - ORDEM: 3008840540,AJUSTE NO SETUP ELETRICO NA REGUA ULTRASSONICA ORDEM 3008840540,SEM MODO DE FALHA IDENTIFICADO,SEM MODO DE FALHA IDENTIFICADO,EXACT_SAFE,1,1,1531.0,1.0,2026-08-20,2,LINHA003,P.EQ.LINHA,56424,CCMA PET 2L FL (6) N.V 38G LOLA T2G L03,TRANSP GRFS ENCH EMPAC,,Sistema de instrumentos e cont,15.0,OBSERVACAO: AJUSTE NO SETUP ELETRICO NA REGUA ULTRASSONICA - ORDEM: 3008840540 | EQUIPAMENTO: TRANSP GRFS ENCH EMPAC | CHAVE_1: Sistema de instrumentos e cont | SUBCHAVE:  | TIPO_PARADA: P.EQ.LINHA | LINHA: LINHA003
4148,"FALHA TROCA DE BANDEJA DO AGREGADO 2, OCASIONANDO ENROSCO DE ROTULOS 30008839665",FALHA TROCA DE BANDEJA DO AGREGADO 2 OCASIONANDO ENROSCO DE ROTULOS 30008839665,FALHA NA TROCA DE BANDEJA,FALHA NA TROCA DE BANDEJA,EXACT_SAFE,1,1,1532.0,1.0,2026-08-20,1,LINHA005,P.EQ.LINHA,55568,"CC PET RET 2L (9) 7,99 L05",ROTULADORA MODULAR KRONES LI05,,Sistema de Instrumentos e cont,10.47,"OBSERVACAO: FALHA TROCA DE BANDEJA DO AGREGADO 2, OCASIONANDO ENROSCO DE ROTULOS 30008839665 | EQUIPAMENTO: ROTULADORA MODULAR KRONES LI05 | CHAVE_1: Sistema de Instrumentos e cont | SUBCHAVE:  | TIPO_PARADA: P.EQ.LINHA | LINHA: LINHA005"
4149,"MUITAS GARRAFAS COM ROTULOS, OCASIONANDO CRASH DE GARRAFAS LINATRONIC",MUITAS GARRAFAS COM ROTULOS OCASIONANDO CRASH DE GARRAFAS LINATRONIC,Excesso de garrafa com rotulo,EXCESSO DE GARRAFA COM ROTULO,EXACT_SAFE,1,1,1533.0,1.0,2026-08-20,1,LINHA005,P.EQ.LINHA,55568,"CC PET RET 2L (9) 7,99 L05",LAVADORA GARRAFA 22/470 ZIE,,SISTEMA EXTRATOR RÓTULO 22/470,5.0,"OBSERVACAO: MUITAS GARRAFAS COM ROTULOS, OCASIONANDO CRASH DE GARRAFAS LINATRONIC | EQUIPAMENTO: LAVADORA GARRAFA 22/470 ZIE | CHAVE_1: SISTEMA EXTRATOR RÓTULO 22/470 | SUBCHAVE:  | TIPO_PARADA: P.EQ.LINHA | LINHA: LINHA005"
4157,FALHA DE BARREIRA NA SAIDA DOS PALETES (30008839217),FALHA DE BARREIRA NA SAIDA DOS PALETES 30008839217,FALHA DE BARREIRA,FALHA DE BARREIRA,EXACT_SAFE,1,1,1535.0,1.0,2026-08-20,2,LINHA004,P.EQ.LINHA,56269,SPRITE LT 350ML FL (6) N.V LT748 L04,DESPALETIZADORA SID LI04,,Sistema de instrumentos e cont,6.0,OBSERVACAO: FALHA DE BARREIRA NA SAIDA DOS PALETES (30008839217) | EQUIPAMENTO: DESPALETIZADORA SID LI04 | CHAVE_1: Sistema de instrumentos e cont | SUBCHAVE:  | TIPO_PARADA: P.EQ.LINHA | LINHA: LINHA004
4158,FALHA DE ENVOLVIMENTO GERANDO PACOTES ABERTOS E MAL FORMADOS,FALHA DE ENVOLVIMENTO GERANDO PACOTES ABERTOS E MAL FORMADOS,FALHA DE ENVOLVIMENTO,FALHA DE ENVOLVIMENTO,EXACT_SAFE,3,1,1534.0,1.0,2026-08-20,2,LINHA004,P.EQ.LINHA,56269,SPRITE LT 350ML FL (6) N.V LT748 L04,EMPACOTADORA SP 100V KIS LI04,,Sistema de Instrumentos e cont,5.88,OBSERVACAO: FALHA DE ENVOLVIMENTO GERANDO PACOTES ABERTOS E MAL FORMADOS | EQUIPAMENTO: EMPACOTADORA SP 100V KIS LI04 | CHAVE_1: Sistema de Instrumentos e cont | SUBCHAVE:  | TIPO_PARADA: P.EQ.LINHA | LINHA: LINHA004
4159,GARFOS DO MAGAZINE DE PALETES ESTAVAM DESALINHADOS PODENDO OCORRER QUEDA DE PALETES... NOTA (30008840545),GARFOS DO MAGAZINE DE PALETES ESTAVAM DESALINHADOS PODENDO OCORRER QUEDA DE PALETES NOTA 30008840545,FALHA DE MAGAZINE,FALHA DE MAGAZINE,EXACT_SAFE,1,1,1538.0,1.0,2026-08-20,2,LINHA004,P.EQ.LINHA,56269,SPRITE LT 350ML FL (6) N.V LT748 L04,DESPALETIZADORA SID LI04,Estrutura falta/danificada,Estrutura,22.6,OBSERVACAO: GARFOS DO MAGAZINE DE PALETES ESTAVAM DESALINHADOS PODENDO OCORRER QUEDA DE PALETES... NOTA (30008840545) | EQUIPAMENTO: DESPALETIZADORA SID LI04 | CHAVE_1: Estrutura | SUBCHAVE: Estrutura falta/danificada | TIPO_PARADA: P.EQ.LINHA | LINHA: LINHA004
4160,TRVAMENTO NA SAIDA DA LAVADORA,TRVAMENTO NA SAIDA DA LAVADORA,TRAVAMENTO DE GARRAFAS NA SAÍDA DA LAVADORA,TRAVAMENTO DE GARRAFAS NA SAIDA DA LAVADORA,EXACT_SAFE,1,1,1539.0,1.0,2026-08-21,2,LINHA005,P.EQ.LINHA,55568,"CC PET RET 2L (9) 7,99 L05",LAVADORA GARRAFA 22/470 ZIE,,SISTEMA ALIMENTAÇÃO GRF 22/470,6.36,OBSERVACAO: TRVAMENTO NA SAIDA DA LAVADORA | EQUIPAMENTO: LAVADORA GARRAFA 22/470 ZIE | CHAVE_1: SISTEMA ALIMENTAÇÃO GRF 22/470 | SUBCHAVE:  | TIPO_PARADA: P.EQ.LINHA | LINHA: LINHA005
4161,TRAVAMENTO NA SAIDA DA LAVADORA,TRAVAMENTO NA SAIDA DA LAVADORA,TRAVAMENTO DE GARRAFAS NA SAÍDA DA LAVADORA,TRAVAMENTO DE GARRAFAS NA SAIDA DA LAVADORA,EXACT_SAFE,2,1,1540.0,1.0,2026-08-21,2,LINHA005,P.EQ.LINHA,55568,"CC PET RET 2L (9) 7,99 L05",LAVADORA GARRAFA 22/470 ZIE,,SISTEMA ALIMENTAÇÃO GRF 22/470,6.0,OBSERVACAO: TRAVAMENTO NA SAIDA DA LAVADORA | EQUIPAMENTO: LAVADORA GARRAFA 22/470 ZIE | CHAVE_1: SISTEMA ALIMENTAÇÃO GRF 22/470 | SUBCHAVE:  | TIPO_PARADA: P.EQ.LINHA | LINHA: LINHA005
4170,"QUEDA DE GARRAFA ,NO SISTEMA DE REFRIGERACAO DE FUNDO",QUEDA DE GARRAFA NO SISTEMA DE REFRIGERACAO DE FUNDO,QUEDA DE GARRAFAS,QUEDA DE GARRAFAS,EXACT_SAFE,1,1,592.0,1.0,2026-03-13,1,LINHA006,P.EQ.LINHA,56298,CC PET 200ML FI (12) NV 14G LOLA T2G L06,BOMBA RESFRIAMENTO DE FUNDO GA,,,2.4,"OBSERVACAO: QUEDA DE GARRAFA ,NO SISTEMA DE REFRIGERACAO DE FUNDO | EQUIPAMENTO: BOMBA RESFRIAMENTO DE FUNDO GA | CHAVE_1:  | SUBCHAVE:  | TIPO_PARADA: P.EQ.LINHA | LINHA: LINHA006"
4184,ENROSCO DE TAMPAS NA ENTRADA DO ARROLHADOR CAUSANDO PARADAS NA MAQUINA,ENROSCO DE TAMPAS NA ENTRADA DO ARROLHADOR CAUSANDO PARADAS NA MAQUINA,ENROSCO DE TAMPAS,ENROSCO DE TAMPAS,EXACT_SAFE,2,1,1336.0,1.0,2026-07-21,2,LINHA001,P.EQ.LINHA,55957,CC KS ULTRA 290ML (24) N.V ROL372 L01,LACRADOR TAMPAS H K LI01,,Estrutura,5.25,OBSERVACAO: ENROSCO DE TAMPAS NA ENTRADA DO ARROLHADOR CAUSANDO PARADAS NA MAQUINA | EQUIPAMENTO: LACRADOR TAMPAS H K LI01 | CHAVE_1: Estrutura | SUBCHAVE:  | TIPO_PARADA: P.EQ.LINHA | LINHA: LINHA001
4185,TROCA DO BORNE DA PINÇA NUMERO 12 DO RINSER 30008840594,TROCA DO BORNE DA PINCA NUMERO 12 DO RINSER 30008840594,FALHA DE PINÇA,FALHA DE PINCA,EXACT_SAFE,1,1,1542.0,1.0,2026-08-21,1,LINHA003,P.EQ.LINHA,56424,CCMA PET 2L FL (6) N.V 38G LOLA T2G L03,RINSER SID LI03,Qualidade de peças,Estrutura,4.0,OBSERVACAO: TROCA DO BORNE DA PINÇA NUMERO 12 DO RINSER 30008840594 | EQUIPAMENTO: RINSER SID LI03 | CHAVE_1: Estrutura | SUBCHAVE: Qualidade de peças | TIPO_PARADA: P.EQ.LINHA | LINHA: LINHA003
4186,"QUEDA DE GARRAFAS, FEITO AJUSTE NO SETUP",QUEDA DE GARRAFAS FEITO AJUSTE NO SETUP,QUEDA DE GARRAFAS,QUEDA DE GARRAFAS,EXACT_SAFE,1,1,1543.0,1.0,2026-08-21,1,LINHA003,P.EQ.LINHA,56424,CCMA PET 2L FL (6) N.V 38G LOLA T2G L03,REGUA ULTRASSONICA HEU LI03,,Estrutura,6.0,"OBSERVACAO: QUEDA DE GARRAFAS, FEITO AJUSTE NO SETUP | EQUIPAMENTO: REGUA ULTRASSONICA HEU LI03 | CHAVE_1: Estrutura | SUBCHAVE:  | TIPO_PARADA: P.EQ.LINHA | LINHA: LINHA003"
4191,FALHA DE BARREIRA NA SAIDA DE PALETE DE CARTÃO,FALHA DE BARREIRA NA SAIDA DE PALETE DE CARTAO,FALHA DE BARREIRA,FALHA DE BARREIRA,EXACT_SAFE,1,1,1249.0,1.0,2026-07-11,2,LINHA004,P.EQ.LINHA,55404,CC LT 350ML FL (12) N.V LT881 TP CDL L04,DESPALETIZADORA SID LI04,,Sistema de instrumentos e cont,5.98,OBSERVACAO: FALHA DE BARREIRA NA SAIDA DE PALETE DE CARTÃO | EQUIPAMENTO: DESPALETIZADORA SID LI04 | CHAVE_1: Sistema de instrumentos e cont | SUBCHAVE:  | TIPO_PARADA: P.EQ.LINHA | LINHA: LINHA004
4194,FALHA TROCA DE BANDEJA DO AGREGADO 2,FALHA TROCA DE BANDEJA DO AGREGADO 2,FALHA NA TROCA DE BANDEJA,FALHA NA TROCA DE BANDEJA,EXACT_SAFE,2,1,1468.0,1.0,2026-08-11,1,LINHA005,P.EQ.LINHA,55568,"CC PET RET 2L (9) 7,99 L05",ROTULADORA MODULAR KRONES LI05,,Sistema de Instrumentos e cont,5.53,OBSERVACAO: FALHA TROCA DE BANDEJA DO AGREGADO 2 | EQUIPAMENTO: ROTULADORA MODULAR KRONES LI05 | CHAVE_1: Sistema de Instrumentos e cont | SUBCHAVE:  | TIPO_PARADA: P.EQ.LINHA | LINHA: LINHA005
4201,FALHA NO RESET DE BARREIRA,FALHA NO RESET DE BARREIRA,FALHA DE BARREIRA,FALHA DE BARREIRA,EXACT_SAFE,1,1,1544.0,1.0,2026-08-22,1,LINHA003,P.EQ.LINHA,56424,CCMA PET 2L FL (6) N.V 38G LOLA T2G L03,PALETIZADORA ROBOT KRO LI03,,Sistema elétrico,8.0,OBSERVACAO: FALHA NO RESET DE BARREIRA | EQUIPAMENTO: PALETIZADORA ROBOT KRO LI03 | CHAVE_1: Sistema elétrico | SUBCHAVE:  | TIPO_PARADA: P.EQ.LINHA | LINHA: LINHA003
4203,ENROSCO NA SAIDA DA LAVADORA,ENROSCO NA SAIDA DA LAVADORA,ENROSCO DE GARRAFAS,ENROSCO DE GARRAFAS,EXACT_SAFE,1,1,1546.0,1.0,2026-08-22,2,LINHA005,P.EQ.LINHA,55568,CC PET RET 2L (9) S/PRECO L05,LAVADORA GARRAFA 22/470 ZIE,,SISTEMA ELÉTRICO 22/470 ZIE 20,6.0,OBSERVACAO: ENROSCO NA SAIDA DA LAVADORA | EQUIPAMENTO: LAVADORA GARRAFA 22/470 ZIE | CHAVE_1: SISTEMA ELÉTRICO 22/470 ZIE 20 | SUBCHAVE:  | TIPO_PARADA: P.EQ.LINHA | LINHA: LINHA005
4204,FALHA DE BARREIRA NA SAIDA DE PALETES DE CARTÃO,FALHA DE BARREIRA NA SAIDA DE PALETES DE CARTAO,FALHA DE BARREIRA,FALHA DE BARREIRA,EXACT_SAFE,1,1,1547.0,1.0,2026-08-23,2,LINHA004,P.EQ.LINHA,55404,CC LT 350ML FL (12) N.V LT881 TP CDL L04,DESPALETIZADORA SID LI04,,Sistema de instrumentos e cont,5.24,OBSERVACAO: FALHA DE BARREIRA NA SAIDA DE PALETES DE CARTÃO | EQUIPAMENTO: DESPALETIZADORA SID LI04 | CHAVE_1: Sistema de instrumentos e cont | SUBCHAVE:  | TIPO_PARADA: P.EQ.LINHA | LINHA: LINHA004
4205,FALHA DE ENCHIMENTO DE VALVULAS JAMPEADAS OCASIONANDO EXESSO DE REJEITOS EM PARADAS E RETOMADAS DA ENCHEDORA,FALHA DE ENCHIMENTO DE VALVULAS JAMPEADAS OCASIONANDO EXESSO DE REJEITOS EM PARADAS E RETOMADAS DA ENCHEDORA,FALHA DE VÁLVULA DE ENCHIMENTO,FALHA DE VALVULA DE ENCHIMENTO,EXACT_SAFE,1,1,1548.0,1.0,2026-08-23,2,LINHA004,P.EQ.LINHA,55404,CC LT 350ML FL (12) N.V LT881 TP CDL L04,ENCHEDORA STARCANS FM E 91 LI0,,Sistema de enchimento,5.0,OBSERVACAO: FALHA DE ENCHIMENTO DE VALVULAS JAMPEADAS OCASIONANDO EXESSO DE REJEITOS EM PARADAS E RETOMADAS DA ENCHEDORA | EQUIPAMENTO: ENCHEDORA STARCANS FM E 91 LI0 | CHAVE_1: Sistema de enchimento | SUBCHAVE:  | TIPO_PARADA: P.EQ.LINHA | LINHA: LINHA004
4219,PRESSCO DESLIGADA,PRESSCO DESLIGADA,FALHA DE INSPEÇÃO,FALHA DE INSPECAO,EXACT_SAFE,1,1,1549.0,1.0,2026-08-25,3,LINHA004,P.EQ.LINHA,56061,CCZR LT 310ML FI (6) N.V LT916 F859 L04,INSPETOR LATAS VAZIAS PSO LI04,,Sistema Elétrico,14.67,OBSERVACAO: PRESSCO DESLIGADA | EQUIPAMENTO: INSPETOR LATAS VAZIAS PSO LI04 | CHAVE_1: Sistema Elétrico | SUBCHAVE:  | TIPO_PARADA: P.EQ.LINHA | LINHA: LINHA004
4235,"GARRAFAS SAINDO VAZIAS, SENSOR DE ENCHIMENTO FORA - ORDEM: 30008853562",GARRAFAS SAINDO VAZIAS SENSOR DE ENCHIMENTO FORA ORDEM 30008853562,FALHA DE SENSOR,FALHA DE SENSOR,EXACT_SAFE,1,1,1551.0,1.0,2026-08-26,2,LINHA003,P.EQ.LINHA,56424,CCMA PET 2L FL (6) N.V 38G LOLA T2G L03,ENCHEDORA EUROTRONICA FM LI03,,Sistema de instrumentos e cont,6.0,"OBSERVACAO: GARRAFAS SAINDO VAZIAS, SENSOR DE ENCHIMENTO FORA - ORDEM: 30008853562 | EQUIPAMENTO: ENCHEDORA EUROTRONICA FM LI03 | CHAVE_1: Sistema de instrumentos e cont | SUBCHAVE:  | TIPO_PARADA: P.EQ.LINHA | LINHA: LINHA003"
4236,FALHA NO SENSOR DA PORTA NOTA 30008853570,FALHA NO SENSOR DA PORTA NOTA 30008853570,FALHA DE SENSOR,FALHA DE SENSOR,EXACT_SAFE,1,1,1552.0,1.0,2026-08-26,3,LINHA005,P.EQ.LINHA,56326,"CCZR PET RET 2L (9) 7,99 L05",ENCHEDORA EUROSTAR SID LI05,,Sistema de segurança,8.0,OBSERVACAO: FALHA NO SENSOR DA PORTA NOTA 30008853570 | EQUIPAMENTO: ENCHEDORA EUROSTAR SID LI05 | CHAVE_1: Sistema de segurança | SUBCHAVE:  | TIPO_PARADA: P.EQ.LINHA | LINHA: LINHA005
4261,"ROLETES PATINANDO DURANTE O PERCURSO DO PALETE, FEITO AJUSTE NA CORRENTE.ORDEM- 30008853650.",ROLETES PATINANDO DURANTE O PERCURSO DO PALETE FEITO AJUSTE NA CORRENTE ORDEM 30008853650,FALHA DE PATINS,FALHA DE PATINS,EXACT_SAFE,1,1,1553.0,1.0,2026-08-27,1,LINHA003,P.EQ.LINHA,56424,CCMA PET 2L FL (6) N.V 38G LOLA T2G L03,TRANSP PALETES PAL ENVOLV,,Sistema de instrumentos e cont,19.5,"OBSERVACAO: ROLETES PATINANDO DURANTE O PERCURSO DO PALETE, FEITO AJUSTE NA CORRENTE.ORDEM- 30008853650. | EQUIPAMENTO: TRANSP PALETES PAL ENVOLV | CHAVE_1: Sistema de instrumentos e cont | SUBCHAVE:  | TIPO_PARADA: P.EQ.LINHA | LINHA: LINHA003"
4262,QUEDA DE GARRAFAS NO TRANSPORTE,QUEDA DE GARRAFAS NO TRANSPORTE,QUEDA DE GARRAFAS,QUEDA DE GARRAFAS,EXACT_SAFE,1,1,1554.0,1.0,2026-08-27,1,LINHA003,P.EQ.LINHA,56424,CCMA PET 2L FL (6) N.V 38G LOLA T2G L03,REGUA ULTRASSONICA HEU LI03,,Sistema de inspeção,7.0,OBSERVACAO: QUEDA DE GARRAFAS NO TRANSPORTE | EQUIPAMENTO: REGUA ULTRASSONICA HEU LI03 | CHAVE_1: Sistema de inspeção | SUBCHAVE:  | TIPO_PARADA: P.EQ.LINHA | LINHA: LINHA003
4263,FALHA NO SENSOR DE TAMPA,FALHA NO SENSOR DE TAMPA,FALHA DE SENSOR,FALHA DE SENSOR,EXACT_SAFE,2,1,339.0,1.0,2026-02-05,2,LINHA002,P.EQ.LINHA,56424,CCMA PET 2L FL (6) N.V 38G LOLA T2G L02,ENCHEDORA KHS LI02,,Sistema elétrico,4.0,OBSERVACAO: FALHA NO SENSOR DE TAMPA | EQUIPAMENTO: ENCHEDORA KHS LI02 | CHAVE_1: Sistema elétrico | SUBCHAVE:  | TIPO_PARADA: P.EQ.LINHA | LINHA: LINHA002
4270,ENROSCO DE TAMPA,ENROSCO DE TAMPA,ENROSCO DE TAMPAS,ENROSCO DE TAMPAS,EXACT_SAFE,3,1,1555.0,1.0,2026-08-29,2,LINHA003,P.EQ.LINHA,55934,CCZR PET 600ML FL (6) N.V 17G T2G L03,CAPSULADORA EURO PK18 ACY LI03,,Sistema de Tampamento,0.5,OBSERVACAO: ENROSCO DE TAMPA | EQUIPAMENTO: CAPSULADORA EURO PK18 ACY LI03 | CHAVE_1: Sistema de Tampamento | SUBCHAVE:  | TIPO_PARADA: P.EQ.LINHA | LINHA: LINHA003
4271,QUEDA DE GARRAFA NA REGUA ULTRASSONICA,QUEDA DE GARRAFA NA REGUA ULTRASSONICA,QUEDA DE GARRAFAS,QUEDA DE GARRAFAS,EXACT_SAFE,1,1,1558.0,1.0,2026-08-29,2,LINHA003,P.EQ.LINHA,55934,CCZR PET 600ML FL (6) N.V 17G T2G L03,REGUA ULTRASSONICA HEU LI03,,Instalação elétrica,10.0,OBSERVACAO: QUEDA DE GARRAFA NA REGUA ULTRASSONICA | EQUIPAMENTO: REGUA ULTRASSONICA HEU LI03 | CHAVE_1: Instalação elétrica | SUBCHAVE:  | TIPO_PARADA: P.EQ.LINHA | LINHA: LINHA003
4272,DESARMOU O INVERSOU ALTA TEMPERTURA,DESARMOU O INVERSOU ALTA TEMPERTURA,FALHA DE INVERSOR,FALHA DE INVERSOR,EXACT_SAFE,1,1,1559.0,1.0,2026-08-29,2,LINHA003,P.EQ.LINHA,55934,CCZR PET 600ML FL (6) N.V 17G T2G L03,TRANSP PCTS EMPAC RAMPA SUBIDA,,Sistema Elétrico,7.5,OBSERVACAO: DESARMOU O INVERSOU ALTA TEMPERTURA | EQUIPAMENTO: TRANSP PCTS EMPAC RAMPA SUBIDA | CHAVE_1: Sistema Elétrico | SUBCHAVE:  | TIPO_PARADA: P.EQ.LINHA | LINHA: LINHA003
4273,ENROSCO DE GARRAFA,ENROSCO DE GARRAFA,ENRROSCO DE GARRAFA,ENRROSCO DE GARRAFA,EXACT_SAFE,1,1,1560.0,1.0,2026-08-31,3,LINHA005,P.EQ.LINHA,55568,CC PET RET 2L (9) S/PRECO L05,LAVADORA GARRAFA 22/470 ZIE,,SISTEMA LAVAGEM GARRAFA 22/470,5.0,OBSERVACAO: ENROSCO DE GARRAFA | EQUIPAMENTO: LAVADORA GARRAFA 22/470 ZIE | CHAVE_1: SISTEMA LAVAGEM GARRAFA 22/470 | SUBCHAVE:  | TIPO_PARADA: P.EQ.LINHA | LINHA: LINHA005
4284,"MÁ FORMAÇÃO DE CAMADAS, ROBO PEGANDO CAIXAS A MENOS",MA FORMACAO DE CAMADAS ROBO PEGANDO CAIXAS A MENOS,ROBO COM FALHA,ROBO COM FALHA,EXACT_SAFE,1,1,1561.0,1.0,2026-09-01,1,LINHA005,P.EQ.LINHA,55568,CC PET RET 2L (9) S/PRECO L05,PALETIZADORA ROBOKOMBI SID LI0,,Sistema de instrumentos e cont,7.0,"OBSERVACAO: MÁ FORMAÇÃO DE CAMADAS, ROBO PEGANDO CAIXAS A MENOS | EQUIPAMENTO: PALETIZADORA ROBOKOMBI SID LI0 | CHAVE_1: Sistema de instrumentos e cont | SUBCHAVE:  | TIPO_PARADA: P.EQ.LINHA | LINHA: LINHA005"
4285,QUEIMA DA PLACA DEVICENET 30008857644,QUEIMA DA PLACA DEVICENET 30008857644,QUEIMA DA PLACA DEVICENET,QUEIMA DA PLACA DEVICENET,EXACT_SAFE,1,1,1562.0,1.0,2026-09-01,1,LINHA005,P.EQ.LINHA,55568,CC PET RET 2L (9) S/PRECO L05,ENCAIXOTADORA SID LI05,,Sistema elétrico,20.0,OBSERVACAO: QUEIMA DA PLACA DEVICENET 30008857644 | EQUIPAMENTO: ENCAIXOTADORA SID LI05 | CHAVE_1: Sistema elétrico | SUBCHAVE:  | TIPO_PARADA: P.EQ.LINHA | LINHA: LINHA005
4298,FALHA SECADORA DE GARRAFAS,FALHA SECADORA DE GARRAFAS,FALHA DO SECADOR DE GARRAFAS,FALHA DO SECADOR DE GARRAFAS,EXACT_SAFE,1,1,1563.0,1.0,2026-09-02,1,LINHA005,P.EQ.LINHA,55568,CC PET RET 2L (9) S/PRECO L05,SECADOR GARRAFAS KRONES LI05,Qualidade de peças,Estrutura,9.18,OBSERVACAO: FALHA SECADORA DE GARRAFAS | EQUIPAMENTO: SECADOR GARRAFAS KRONES LI05 | CHAVE_1: Estrutura | SUBCHAVE: Qualidade de peças | TIPO_PARADA: P.EQ.LINHA | LINHA: LINHA005
4299,FALHA NA LEITURA DA GARRAFA TESTE,FALHA NA LEITURA DA GARRAFA TESTE,FALHA DE LEITURA DA GARRAFA TESTE,FALHA DE LEITURA DA GARRAFA TESTE,EXACT_SAFE,1,1,1564.0,1.0,2026-09-02,2,LINHA005,P.EQ.LINHA,55568,CC PET RET 2L (9) S/PRECO L05,INSPETOR GARRAFAS ENOS A 100 L,,Sistema Elétrico,10.0,OBSERVACAO: FALHA NA LEITURA DA GARRAFA TESTE | EQUIPAMENTO: INSPETOR GARRAFAS ENOS A 100 L | CHAVE_1: Sistema Elétrico | SUBCHAVE:  | TIPO_PARADA: P.EQ.LINHA | LINHA: LINHA005
4307,FALHA DE ENCHIMENTO EM VALVULAS JAMPEADAS OCASIONANDO EXCESSO DE REJEITOS,FALHA DE ENCHIMENTO EM VALVULAS JAMPEADAS OCASIONANDO EXCESSO DE REJEITOS,FALHA DE ENCHIMENTO,FALHA DE ENCHIMENTO,EXACT_SAFE,1,1,1565.0,1.0,2026-09-03,3,LINHA004,P.EQ.LINHA,55286,FT UVA LT 350ML FL (6) HWEEN L04,ENCHEDORA STARCANS FM E 91 LI0,,Sistema de enchimento,13.83,OBSERVACAO: FALHA DE ENCHIMENTO EM VALVULAS JAMPEADAS OCASIONANDO EXCESSO DE REJEITOS | EQUIPAMENTO: ENCHEDORA STARCANS FM E 91 LI0 | CHAVE_1: Sistema de enchimento | SUBCHAVE:  | TIPO_PARADA: P.EQ.LINHA | LINHA: LINHA004
4308,DESARMOU A BOMBA DO ENVIO DO CARBONATO,DESARMOU A BOMBA DO ENVIO DO CARBONATO,DESARME DE BOMBA,DESARME DE BOMBA,EXACT_SAFE,1,1,1566.0,1.0,2026-09-03,2,LINHA005,P.EQ.LINHA,55568,CC PET RET 2L (9) S/PRECO L05,INSPETOR GARRAFAS ENOS A 100 L,,Sistema de Instrumentos e Cont,6.0,OBSERVACAO: DESARMOU A BOMBA DO ENVIO DO CARBONATO | EQUIPAMENTO: INSPETOR GARRAFAS ENOS A 100 L | CHAVE_1: Sistema de Instrumentos e Cont | SUBCHAVE:  | TIPO_PARADA: P.EQ.LINHA | LINHA: LINHA005
4319,FALHA SENSOR DA MESA DE CARGA,FALHA SENSOR DA MESA DE CARGA,FALHA DE SENSOR,FALHA DE SENSOR,EXACT_SAFE,1,1,1567.0,1.0,2026-09-04,1,LINHA005,P.EQ.LINHA,55568,CC PET RET 2L (9) S/PRECO L05,DESENCAIXOTADORA SID LI05,,Sistema de instrumentos e cont,15.0,OBSERVACAO: FALHA SENSOR DA MESA DE CARGA | EQUIPAMENTO: DESENCAIXOTADORA SID LI05 | CHAVE_1: Sistema de instrumentos e cont | SUBCHAVE:  | TIPO_PARADA: P.EQ.LINHA | LINHA: LINHA005
4326,EXCESSO DE FALSO REJEITO SAIDA GERANDO CRASH 30008862493,EXCESSO DE FALSO REJEITO SAIDA GERANDO CRASH 30008862493,FALSO REJEITO,FALSO REJEITO,EXACT_SAFE,1,1,1568.0,1.0,2026-09-05,1,LINHA005,P.EQ.LINHA,55568,CC PET RET 2L (9) S/PRECO L05,DESCAPSULADOR 16 HEADS ACY LI0,,Sistema de instrumentos e cont,4.0,OBSERVACAO: EXCESSO DE FALSO REJEITO SAIDA GERANDO CRASH 30008862493 | EQUIPAMENTO: DESCAPSULADOR 16 HEADS ACY LI0 | CHAVE_1: Sistema de instrumentos e cont | SUBCHAVE:  | TIPO_PARADA: P.EQ.LINHA | LINHA: LINHA005
4327,"FALHA EXTRAÇÃO DE RÓTULOS, EXCESSO GERANDO PARADA LINATRONIC",FALHA EXTRACAO DE ROTULOS EXCESSO GERANDO PARADA LINATRONIC,FALHA DE EXTRAÇÃO DE RÓTULOS,FALHA DE EXTRACAO DE ROTULOS,EXACT_SAFE,1,1,1569.0,1.0,2026-09-05,1,LINHA005,P.EQ.LINHA,55568,CC PET RET 2L (9) S/PRECO L05,LAVADORA GARRAFA 22/470 ZIE,,SISTEMA EXTRATOR RÓTULO 22/470,6.0,"OBSERVACAO: FALHA EXTRAÇÃO DE RÓTULOS, EXCESSO GERANDO PARADA LINATRONIC | EQUIPAMENTO: LAVADORA GARRAFA 22/470 ZIE | CHAVE_1: SISTEMA EXTRATOR RÓTULO 22/470 | SUBCHAVE:  | TIPO_PARADA: P.EQ.LINHA | LINHA: LINHA005"
4342,FALHA NA PEGA DAS GARRAFAS,FALHA NA PEGA DAS GARRAFAS,FALHA NA PEGA DE GARRAFAS,FALHA NA PEGA DE GARRAFAS,EXACT_SAFE,1,1,1570.0,1.0,2026-09-05,2,LINHA001,P.EQ.LINHA,55609,"CC LS 1L (12) N.V 4,99 ROL412 L01",ENCAIXOTADORA VAN H K LI01,,Sistema Pneumático,33.33,OBSERVACAO: FALHA NA PEGA DAS GARRAFAS | EQUIPAMENTO: ENCAIXOTADORA VAN H K LI01 | CHAVE_1: Sistema Pneumático | SUBCHAVE:  | TIPO_PARADA: P.EQ.LINHA | LINHA: LINHA001
4343,LATAS ABRINDO ESPAÇO NO TRANSPORTE DE ENTRADA DA ENCHEDORA FOI ALTERADO VELOCIDADE NOS INVERSORES,LATAS ABRINDO ESPACO NO TRANSPORTE DE ENTRADA DA ENCHEDORA FOI ALTERADO VELOCIDADE NOS INVERSORES,FALHA DE TRANSPORTE,FALHA DE TRANSPORTE,EXACT_SAFE,2,1,1572.0,1.0,2026-09-06,3,LINHA004,P.EQ.LINHA,55247,SPRITE ZR LT 350ML FL (6) LT419 TCDL L04,TRPTE LATAS VAZIAS SID LI04,,Sistema de instrumentos e cont,2.76,OBSERVACAO: LATAS ABRINDO ESPAÇO NO TRANSPORTE DE ENTRADA DA ENCHEDORA FOI ALTERADO VELOCIDADE NOS INVERSORES | EQUIPAMENTO: TRPTE LATAS VAZIAS SID LI04 | CHAVE_1: Sistema de instrumentos e cont | SUBCHAVE:  | TIPO_PARADA: P.EQ.LINHA | LINHA: LINHA004
4347,"ATRASO POR FALHA EM SENSORES DE GARRAFA FALSA NO CIP, ENXÁGUE PARA COLETA MICROBIOLÓGICA E ESPAÇO NA LAVADORA PARA CARREGAMENTO",ATRASO POR FALHA EM SENSORES DE GARRAFA FALSA NO CIP ENXAGUE PARA COLETA MICROBIOLOGICA E ESPACO NA LAVADORA PARA CARREGAMENTO,FALHA DE SENSOR,FALHA DE SENSOR,EXACT_SAFE,1,1,1574.0,1.0,2026-09-07,1,LINHA005,P.EQ.LINHA,56320,"FT UVA PET RET 2L (9) 7,49 L05",ENCHEDORA EUROSTAR SID LI05,,Sistema de instrumentos e cont,40.2,"OBSERVACAO: ATRASO POR FALHA EM SENSORES DE GARRAFA FALSA NO CIP, ENXÁGUE PARA COLETA MICROBIOLÓGICA E ESPAÇO NA LAVADORA PARA CARREGAMENTO | EQUIPAMENTO: ENCHEDORA EUROSTAR SID LI05 | CHAVE_1: Sistema de instrumentos e cont | SUBCHAVE:  | TIPO_PARADA: P.EQ.LINHA | LINHA: LINHA005"
4348,CRASH POR EXCESSO DE FALSO REJEITO,CRASH POR EXCESSO DE FALSO REJEITO,FALSO REJEITO,FALSO REJEITO,EXACT_SAFE,1,1,1575.0,1.0,2026-09-07,1,LINHA005,P.EQ.LINHA,56320,"FT UVA PET RET 2L (9) 7,49 L05",INSPETOR EBS,,Estrutura,10.0,OBSERVACAO: CRASH POR EXCESSO DE FALSO REJEITO | EQUIPAMENTO: INSPETOR EBS | CHAVE_1: Estrutura | SUBCHAVE:  | TIPO_PARADA: P.EQ.LINHA | LINHA: LINHA005
4349,"EXCESSO DE NÍVEL BAIXO ALEATÓRIOS VÁLVULAS 02, 39, 54 E 101 - 14.5K ENCHEDORA",EXCESSO DE NIVEL BAIXO ALEATORIOS VALVULAS 02 39 54 E 101 14 5K ENCHEDORA,FALHA DE ENCHIMENTO,FALHA DE ENCHIMENTO,EXACT_SAFE,1,1,1576.0,1.0,2026-09-07,1,LINHA005,P.EQ.LINHA,56320,"FT UVA PET RET 2L (9) 7,49 L05",ENCHEDORA EUROSTAR SID LI05,,Sistema de enchimento,7.0,"OBSERVACAO: EXCESSO DE NÍVEL BAIXO ALEATÓRIOS VÁLVULAS 02, 39, 54 E 101 - 14.5K ENCHEDORA | EQUIPAMENTO: ENCHEDORA EUROSTAR SID LI05 | CHAVE_1: Sistema de enchimento | SUBCHAVE:  | TIPO_PARADA: P.EQ.LINHA | LINHA: LINHA005"
4350,"FALHA EM MOTORES 201, 202(SAÍDA LAVADORA)",FALHA EM MOTORES 201 202 SAIDA LAVADORA,FALHA DE MOTOR,FALHA DE MOTOR,EXACT_SAFE,1,1,1577.0,1.0,2026-09-07,1,LINHA005,P.EQ.LINHA,56320,"FT UVA PET RET 2L (9) 7,49 L05",TRANSP GRFS VZ LAV GRFS LINATR,,Sistema de instrumentos e cont,15.0,"OBSERVACAO: FALHA EM MOTORES 201, 202(SAÍDA LAVADORA) | EQUIPAMENTO: TRANSP GRFS VZ LAV GRFS LINATR | CHAVE_1: Sistema de instrumentos e cont | SUBCHAVE:  | TIPO_PARADA: P.EQ.LINHA | LINHA: LINHA005"
4351,FALHA MOTOR 216 SAÍDA LINATRONIC PULMÃO ENCHEDORA,FALHA MOTOR 216 SAIDA LINATRONIC PULMAO ENCHEDORA,FALHA DE MOTOR,FALHA DE MOTOR,EXACT_SAFE,1,1,1578.0,1.0,2026-09-07,1,LINHA005,P.EQ.LINHA,56320,"FT UVA PET RET 2L (9) 7,49 L05",TRANSP GRFS VZ LINATRONIC ENCH,,Sistema de instrumentos e cont,15.0,OBSERVACAO: FALHA MOTOR 216 SAÍDA LINATRONIC PULMÃO ENCHEDORA | EQUIPAMENTO: TRANSP GRFS VZ LINATRONIC ENCH | CHAVE_1: Sistema de instrumentos e cont | SUBCHAVE:  | TIPO_PARADA: P.EQ.LINHA | LINHA: LINHA005
4352,"FALHA DE ENCHIMENTO ALEATORIO VÁLVULAS 02, 39, 54 E 101",FALHA DE ENCHIMENTO ALEATORIO VALVULAS 02 39 54 E 101,FALHA DE ENCHIMENTO,FALHA DE ENCHIMENTO,EXACT_SAFE,1,1,1579.0,1.0,2026-09-07,1,LINHA005,P.EQ.LINHA,56320,"FT UVA PET RET 2L (9) 7,49 L05",ENCHEDORA EUROSTAR SID LI05,,Sistema de enchimento,5.0,"OBSERVACAO: FALHA DE ENCHIMENTO ALEATORIO VÁLVULAS 02, 39, 54 E 101 | EQUIPAMENTO: ENCHEDORA EUROSTAR SID LI05 | CHAVE_1: Sistema de enchimento | SUBCHAVE:  | TIPO_PARADA: P.EQ.LINHA | LINHA: LINHA005"
4353,FALHA MOTORES 218 E 219 SAÍDA PULMÃO DE GARRAFAS ANTES DO ALINHADOR PARA ENCHEDORA,FALHA MOTORES 218 E 219 SAIDA PULMAO DE GARRAFAS ANTES DO ALINHADOR PARA ENCHEDORA,FALHA DE MOTOR,FALHA DE MOTOR,EXACT_SAFE,1,1,1580.0,1.0,2026-09-07,1,LINHA005,P.EQ.LINHA,56320,"FT UVA PET RET 2L (9) 7,49 L05",TRANSP GRFS VZ LINATRONIC ENCH,,Sistema de instrumentos e cont,10.0,OBSERVACAO: FALHA MOTORES 218 E 219 SAÍDA PULMÃO DE GARRAFAS ANTES DO ALINHADOR PARA ENCHEDORA | EQUIPAMENTO: TRANSP GRFS VZ LINATRONIC ENCH | CHAVE_1: Sistema de instrumentos e cont | SUBCHAVE:  | TIPO_PARADA: P.EQ.LINHA | LINHA: LINHA005
4354,FALHA SENSOR ENTRADA DE GARRAFAS NA ROTULADORA ENTRE SECADORA E ROTULADORA,FALHA SENSOR ENTRADA DE GARRAFAS NA ROTULADORA ENTRE SECADORA E ROTULADORA,FALHA DE SENSOR,FALHA DE SENSOR,EXACT_SAFE,1,1,1581.0,1.0,2026-09-07,1,LINHA005,P.EQ.LINHA,56320,"FT UVA PET RET 2L (9) 7,49 L05",TRPTE GRFS CH SECADORA ROTULAD,,Sistema de instrumentos e cont,4.01,OBSERVACAO: FALHA SENSOR ENTRADA DE GARRAFAS NA ROTULADORA ENTRE SECADORA E ROTULADORA | EQUIPAMENTO: TRPTE GRFS CH SECADORA ROTULAD | CHAVE_1: Sistema de instrumentos e cont | SUBCHAVE:  | TIPO_PARADA: P.EQ.LINHA | LINHA: LINHA005
4355,ATRASO NO CIP SENSROR COM DEFEITO,ATRASO NO CIP SENSROR COM DEFEITO,FALHA DE SENSOR,FALHA DE SENSOR,EXACT_SAFE,1,1,1582.0,1.0,2026-09-07,2,LINHA005,P.EQ.LINHA,56326,"CCZR PET RET 2L (9) 7,99 L05",ENCHEDORA EUROSTAR SID LI05,,Sistema de instrumentos e cont,15.0,OBSERVACAO: ATRASO NO CIP SENSROR COM DEFEITO | EQUIPAMENTO: ENCHEDORA EUROSTAR SID LI05 | CHAVE_1: Sistema de instrumentos e cont | SUBCHAVE:  | TIPO_PARADA: P.EQ.LINHA | LINHA: LINHA005
4356,FALHA NO SECADOR DE GARRAFAS,FALHA NO SECADOR DE GARRAFAS,FALHA DO SECADOR DE GARRAFAS,FALHA DO SECADOR DE GARRAFAS,EXACT_SAFE,1,1,1583.0,1.0,2026-09-07,2,LINHA005,P.EQ.LINHA,56326,"CCZR PET RET 2L (9) 7,99 L05",ROTULADORA MODULAR KRONES LI05,,Sistema de Instrumentos e cont,20.0,OBSERVACAO: FALHA NO SECADOR DE GARRAFAS | EQUIPAMENTO: ROTULADORA MODULAR KRONES LI05 | CHAVE_1: Sistema de Instrumentos e cont | SUBCHAVE:  | TIPO_PARADA: P.EQ.LINHA | LINHA: LINHA005
4358,EXCESSO DE REJEITO NA SAIDA DO DESCAPSULADOR,EXCESSO DE REJEITO NA SAIDA DO DESCAPSULADOR,FALHA DE REJEIÇÃO,FALHA DE REJEICAO,EXACT_SAFE,1,1,1585.0,1.0,2026-09-07,3,LINHA005,P.EQ.LINHA,56326,"CCZR PET RET 2L (9) 7,99 L05",INSP NIVEL SPECTRUM HEU LI05,,Sistema Elétrico,25.06,OBSERVACAO: EXCESSO DE REJEITO NA SAIDA DO DESCAPSULADOR | EQUIPAMENTO: INSP NIVEL SPECTRUM HEU LI05 | CHAVE_1: Sistema Elétrico | SUBCHAVE:  | TIPO_PARADA: P.EQ.LINHA | LINHA: LINHA005
4359,ESTOURO DE FILME APOS SOLDA NA TROCA DE BOBINA,ESTOURO DE FILME APOS SOLDA NA TROCA DE BOBINA,ROMPIMENTO DE FILME,ROMPIMENTO DE FILME,EXACT_SAFE,1,1,1586.0,1.0,2026-09-07,3,LINHA006,P.EQ.LINHA,118621,ICE TEA PES PET 450ML FL (6) TP005 L06,EMPACOTADORA OCME L06,,Sistema de retratação,7.1,OBSERVACAO: ESTOURO DE FILME APOS SOLDA NA TROCA DE BOBINA | EQUIPAMENTO: EMPACOTADORA OCME L06 | CHAVE_1: Sistema de retratação | SUBCHAVE:  | TIPO_PARADA: P.EQ.LINHA | LINHA: LINHA006
4380,FALHA NO CORTE DO FILME,FALHA NO CORTE DO FILME,FALHA DE CORTE DE FILME,FALHA DE CORTE DE FILME,EXACT_SAFE,1,1,1587.0,1.0,2026-09-07,2,LINHA003,P.EQ.LINHA,56424,CCMA PET 2L FL (6) N.V 38G LOLA T2G L03,EMPACOTADORA VARIOPAC KRO LI03,,Sistema de Instrumentos e cont,57.0,OBSERVACAO: FALHA NO CORTE DO FILME | EQUIPAMENTO: EMPACOTADORA VARIOPAC KRO LI03 | CHAVE_1: Sistema de Instrumentos e cont | SUBCHAVE:  | TIPO_PARADA: P.EQ.LINHA | LINHA: LINHA003
4381,ESTEIRA PATINANDO ORDEM 30008863292,ESTEIRA PATINANDO ORDEM 30008863292,PATINAMENTO DE ESTEIRA,PATINAMENTO DE ESTEIRA,EXACT_SAFE,1,1,1591.0,1.0,2026-09-07,2,LINHA003,P.EQ.LINHA,56424,CCMA PET 2L FL (6) N.V 38G LOLA T2G L03,EMPACOTADORA VARIOPAC KRO LI03,,Sistema de Instrumentos e cont,13.5,OBSERVACAO: ESTEIRA PATINANDO ORDEM 30008863292 | EQUIPAMENTO: EMPACOTADORA VARIOPAC KRO LI03 | CHAVE_1: Sistema de Instrumentos e cont | SUBCHAVE:  | TIPO_PARADA: P.EQ.LINHA | LINHA: LINHA003
4382,ROLETE PATINANDO NA VIA DE ENTRADA DE PACOTE VI A2,ROLETE PATINANDO NA VIA DE ENTRADA DE PACOTE VI A2,PATINAMENTO DE ROLETE,PATINAMENTO DE ROLETE,EXACT_SAFE,1,1,1593.0,1.0,2026-09-07,2,LINHA003,P.EQ.LINHA,56424,CCMA PET 2L FL (6) N.V 38G LOLA T2G L03,PALETIZADORA ROBOT KRO LI03,,Sistema de instrumentos e cont,8.0,OBSERVACAO: ROLETE PATINANDO NA VIA DE ENTRADA DE PACOTE VI A2 | EQUIPAMENTO: PALETIZADORA ROBOT KRO LI03 | CHAVE_1: Sistema de instrumentos e cont | SUBCHAVE:  | TIPO_PARADA: P.EQ.LINHA | LINHA: LINHA003
4383,FALHA NO CORTE DO FILME ORDEM 30008863270,FALHA NO CORTE DO FILME ORDEM 30008863270,FALHA DE CORTE DE FILME,FALHA DE CORTE DE FILME,EXACT_SAFE,4,1,1592.0,1.0,2026-09-07,2,LINHA003,P.EQ.LINHA,56424,CCMA PET 2L FL (6) N.V 38G LOLA T2G L03,EMPACOTADORA VARIOPAC KRO LI03,,Sistema de Instrumentos e cont,13.5,OBSERVACAO: FALHA NO CORTE DO FILME ORDEM 30008863270 | EQUIPAMENTO: EMPACOTADORA VARIOPAC KRO LI03 | CHAVE_1: Sistema de Instrumentos e cont | SUBCHAVE:  | TIPO_PARADA: P.EQ.LINHA | LINHA: LINHA003
4384,"COLISÃO DO ROBO COM PALETE MONTADO , APÓS ISSO FALHAS NO PEGADOR DE CARTÃO",COLISAO DO ROBO COM PALETE MONTADO APOS ISSO FALHAS NO PEGADOR DE CARTAO,COLISÃO DO ROBÔ COM PALETE,COLISAO DO ROBO COM PALETE,EXACT_SAFE,1,1,1597.0,1.0,2026-09-08,3,LINHA004,P.EQ.LINHA,56008,FT LAR LT 350ML FL (6) L299 FULL L04,ROBO COLOC CHAPATEX FAC LI04,,SISTEMA PEGADOR DE CHAPATEX FA,14.64,"OBSERVACAO: COLISÃO DO ROBO COM PALETE MONTADO , APÓS ISSO FALHAS NO PEGADOR DE CARTÃO | EQUIPAMENTO: ROBO COLOC CHAPATEX FAC LI04 | CHAVE_1: SISTEMA PEGADOR DE CHAPATEX FA | SUBCHAVE:  | TIPO_PARADA: P.EQ.LINHA | LINHA: LINHA004"
4385,"COLISÃO DO ROBO COM PALETE MONTADO , FALHA NA GARRA DO ROBO AO DEPOSITAR PALETE NO TRANSPORTE",COLISAO DO ROBO COM PALETE MONTADO FALHA NA GARRA DO ROBO AO DEPOSITAR PALETE NO TRANSPORTE,FALHA NA GARRA DO ROBÔ,FALHA NA GARRA DO ROBO,EXACT_SAFE,2,1,1598.0,1.0,2026-09-08,3,LINHA004,P.EQ.LINHA,56008,FT LAR LT 350ML FL (6) L299 FULL L04,ROBO COLOC CHAPATEX FAC LI04,,SISTEMA PEGADOR DE CHAPATEX FA,24.36,"OBSERVACAO: COLISÃO DO ROBO COM PALETE MONTADO , FALHA NA GARRA DO ROBO AO DEPOSITAR PALETE NO TRANSPORTE | EQUIPAMENTO: ROBO COLOC CHAPATEX FAC LI04 | CHAVE_1: SISTEMA PEGADOR DE CHAPATEX FA | SUBCHAVE:  | TIPO_PARADA: P.EQ.LINHA | LINHA: LINHA004"
4386,QUEDA DE GARRAFAS NO ALINHADOR DO DESCAPSULADOR E ENROSCO,QUEDA DE GARRAFAS NO ALINHADOR DO DESCAPSULADOR E ENROSCO,QUEDA DE GARRAFAS,QUEDA DE GARRAFAS,EXACT_SAFE,2,1,1602.0,1.0,2026-09-08,2,LINHA005,P.EQ.LINHA,56326,"CCZR PET RET 2L (9) 7,99 L05",TRANSP GRFS VZ DESENCA DESCAP,Velocidade desajustada,Sistema Motriz,10.0,OBSERVACAO: QUEDA DE GARRAFAS NO ALINHADOR DO DESCAPSULADOR E ENROSCO | EQUIPAMENTO: TRANSP GRFS VZ DESENCA DESCAP | CHAVE_1: Sistema Motriz | SUBCHAVE: Velocidade desajustada | TIPO_PARADA: P.EQ.LINHA | LINHA: LINHA005
4387,FALHA NO INVERSOR,FALHA NO INVERSOR,FALHA DE INVERSOR,FALHA DE INVERSOR,EXACT_SAFE,1,1,1604.0,1.0,2026-09-08,2,LINHA005,P.EQ.LINHA,56326,"CCZR PET RET 2L (9) 7,99 L05",DESPALETIZADOR SID LI05,,Sistema de instrumentos e cont,7.0,OBSERVACAO: FALHA NO INVERSOR | EQUIPAMENTO: DESPALETIZADOR SID LI05 | CHAVE_1: Sistema de instrumentos e cont | SUBCHAVE:  | TIPO_PARADA: P.EQ.LINHA | LINHA: LINHA005
4446,QUEBRA DO EIXO DA BANDEIROLA DA LAVADORA SENDO NECESSÁRIO SOLDAR,QUEBRA DO EIXO DA BANDEIROLA DA LAVADORA SENDO NECESSARIO SOLDAR,QUEBRA DE EIXO,QUEBRA DE EIXO,EXACT_SAFE,1,1,1605.0,1.0,2026-09-08,2,LINHA001,P.EQ.LINHA,55609,"CC LS 1L (12) N.V 4,99 ROL412 L01",LAVADORA GRFS DN1240105 H K LI,,Sistema de Instrumentos e cont,60.0,OBSERVACAO: QUEBRA DO EIXO DA BANDEIROLA DA LAVADORA SENDO NECESSÁRIO SOLDAR | EQUIPAMENTO: LAVADORA GRFS DN1240105 H K LI | CHAVE_1: Sistema de Instrumentos e cont | SUBCHAVE:  | TIPO_PARADA: P.EQ.LINHA | LINHA: LINHA001
4447,"EIXO DA BANDEIROLA , TORTO , OCASIONANDO ENROSCOS NA SAIDA DA LAVADORA",EIXO DA BANDEIROLA TORTO OCASIONANDO ENROSCOS NA SAIDA DA LAVADORA,DEFORMAÇÃO DE EIXO,DEFORMACAO DE EIXO,EXACT_SAFE,1,1,1606.0,1.0,2026-09-08,2,LINHA001,P.EQ.LINHA,55609,"CC LS 1L (12) N.V 4,99 ROL412 L01",LAVADORA GRFS DN1240105 H K LI,,Sistema de Instrumentos e cont,6.0,"OBSERVACAO: EIXO DA BANDEIROLA , TORTO , OCASIONANDO ENROSCOS NA SAIDA DA LAVADORA | EQUIPAMENTO: LAVADORA GRFS DN1240105 H K LI | CHAVE_1: Sistema de Instrumentos e cont | SUBCHAVE:  | TIPO_PARADA: P.EQ.LINHA | LINHA: LINHA001"
4470,DESARME DE INVERSOR,DESARME DE INVERSOR,FALHA DE INVERSOR,FALHA DE INVERSOR,EXACT_SAFE,1,1,276.0,1.0,2026-01-28,2,LINHA006,P.EQ.LINHA,56298,CC PET 200ML FI (12) NV 14G LOLA T2G L06,EMPACOTADORA OCME L06,,Sistema elétrico,10.0,OBSERVACAO: DESARME DE INVERSOR | EQUIPAMENTO: EMPACOTADORA OCME L06 | CHAVE_1: Sistema elétrico | SUBCHAVE:  | TIPO_PARADA: P.EQ.LINHA | LINHA: LINHA006
