row_id,observation,observation_norm,classification_original,classification_norm
2,"PEGADOR DE CHAPATEX TRAVADO DEPOIS DE TER FEITO A TROCA DO MAGAZINE DE CHATEX, FEITO O RESET NO DRIVE",pegador de chapatex travado depois de ter feito a troca do magazine de chatex feito o reset no drive,FALHA DE PEGADOR,FALHA DE PEGADOR
3,"TEFLON DESCOLANDO, FEITO A SOLDA AUTOMATICA E O FILME ROMPEU NA SOLDA",teflon descolando feito a solda automatica e o filme rompeu na solda,FALHA DE SOLDA DE FILME,FALHA DE SOLDA DE FILME
4,FALHA NA IMPRESSÃO,falha na impressao,FALHA DE CODIFICAÇÃO,FALHA DE CODIFICACAO
5,"TRAVANDO AS VÁLVULA 41E 42 ,PROBLEMA DO SENSOR DO AR PREVIO.",travando as valvula 41e 42 problema do sensor do ar previo,FALHA DE SENSOR,FALHA DE SENSOR
6,QUEDA DE GFS / SAIDA DOS PINO DE SEPARAÇÃO,queda de gfs saida dos pino de separacao,QUEDA DE GARRAFAS,QUEDA DE GARRAFAS
7,QUEDA DE GFS NA SAIDA DOS PINO DE SEPARAÇÃO,queda de gfs na saida dos pino de separacao,QUEDA DE GARRAFAS,QUEDA DE GARRAFAS
8,TROCA DE PENTE DE TRANSFERENCIA / QUEDA DE GFS / ORDEM Nº30008219076,troca de pente de transferencia queda de gfs ordem no30008219076,FALHA DE PENTE DE TRANSFERÊNCIA,FALHA DE PENTE DE TRANSFERENCIA
9,QUEDA DE GFS NA MESA DE ENVOLVIMENTO,queda de gfs na mesa de envolvimento,QUEDA DE GARRAFAS,QUEDA DE GARRAFAS
10,AJUSTE NO PENTE OCASIONANDO QUEDA DE GARRAFA,ajuste no pente ocasionando queda de garrafa,QUEDA DE GARRAFAS,QUEDA DE GARRAFAS
11,FALHA NA VALVULA MODULADORA DE CO2 NOTA ( 3008219166),falha na valvula moduladora de co2 nota 3008219166,FALHA DE VÁLVULA MODULADORA,FALHA DE VALVULA MODULADORA
12,FALHA NYLON DO TENSOR DE ROTULOS DO AGREGADO 2 ORDEM: 30008219040,falha nylon do tensor de rotulos do agregado 2 ordem 30008219040,FALHA DO TENSOR DE RÓTULOS,FALHA DO TENSOR DE ROTULOS
13,TRAVAMENTO NO SEGMENTO DE GARRAFAS NO REJEITOR EBS,travamento no segmento de garrafas no rejeitor ebs,TRAVAMENTO DE SEGMENTOS,TRAVAMENTO DE SEGMENTOS
14,TRAVAMENTO DO SEGMENTOS DE GARRAFA NO REJEITOR EBS,travamento do segmentos de garrafa no rejeitor ebs,TRAVAMENTO DE SEGMENTOS,TRAVAMENTO DE SEGMENTOS
15,FALHA NO REJEITOR PUSHER ORDEM: 30008219061,falha no rejeitor pusher ordem 30008219061,FALHA DE REJEIÇÃO,FALHA DE REJEICAO
16,TRAVAMENTO DO SEGMENTO DE GARRAFAS NO REJEITOR EBS,travamento do segmento de garrafas no rejeitor ebs,TRAVAMENTO DE SEGMENTOS,TRAVAMENTO DE SEGMENTOS
17,BOCAL TRAVADO ( 30008219084 ),bocal travado 30008219084,TRAVAMENTO DE BOCAL,TRAVAMENTO DE BOCAL
18,FALHA NA CAMARA DE LEITURA DE GARRAFAS ( ORDEM 30008219108 ),falha na camara de leitura de garrafas ordem 30008219108,FALHA DE CÂMERA,FALHA DE CAMERA
19,ESTEIRA DA CURVA DE ENTRADA DA PALETIZADORA ESCAPANDO,esteira da curva de entrada da paletizadora escapando,ESCAPE DE ESTEIRA,ESCAPE DE ESTEIRA
20,ENTORTOU A CHAPA DO GUIA DE TRANSFERENCIA DE GARRAFAS ( 30008219114 ),entortou a chapa do guia de transferencia de garrafas 30008219114,DESALINHAMENTO DE GUIA,DESALINHAMENTO DE GUIA
21,NYLON DA ESTEIRA DO TRANSPORTE DE SAIDA DA LAVADORA SAIU FORA DE POSIÇÃO OCASIONADO QUEDA DE GARRAFAS NA SAIDA,nylon da esteira do transporte de saida da lavadora saiu fora de posicao ocasionado queda de garrafas na saida,ESCAPE DE ESTEIRA,ESCAPE DE ESTEIRA
22,ENROSCO DE TAMPA NA CHAPA DE PASSAGEM PARA O TRANSPORTE DE ALIMENTAÇÃO,enrosco de tampa na chapa de passagem para o transporte de alimentacao,ENROSCO DE TAMPAS,ENROSCO DE TAMPAS
23,MANDRIL PARANDO FORA DE POSIÇÃO,mandril parando fora de posicao,FALHA DE MANDRIL,FALHA DE MANDRIL
24,COM A VIBRAÇÃO DA MAQUINA AS PORTAS LATERAIS ESTÃO ABRINDO (2X),com a vibracao da maquina as portas laterais estao abrindo 2x,FALHA DE PORTA DE SEGURANÇA,FALHA DE PORTA DE SEGURANCA
25,"FALHA NA VALVULA Nº27, SAINDO LATAS QUASE VAZIAS, FOI JAMPEADA ELETRONICAMENTE",falha na valvula no27 saindo latas quase vazias foi jampeada eletronicamente,FALHA DE VÁLVULA DE ENCHIMENTO,FALHA DE VALVULA DE ENCHIMENTO
26,"DESARME DO TRANSPORTE DA MESA DE VACUO, ORDEM : 30008219055",desarme do transporte da mesa de vacuo ordem 30008219055,DESARME DE TRANSPORTE,DESARME DE TRANSPORTE
27,EMPURRADOR DE CAMADAS NÃO REALIZA CICLO AUTOMATICO E NÃO RESPONDE AS FUNÇÕES MANUAIS. ORDEM- 30008219052,empurrador de camadas nao realiza ciclo automatico e nao responde as funcoes manuais ordem 30008219052,FALHA DE EMPURRADOR,FALHA DE EMPURRADOR
28,"BOCAL NUMERO 12 SOLTANDO A TAMPA, FOI IDENTIFICADO QUE A MOLA ESTA DANIFICADA. ORDEM- 30008219041",bocal numero 12 soltando a tampa foi identificado que a mola esta danificada ordem 30008219041,FALHA DE MOLA,FALHA DE MOLA
29,TRAVAMENTO DA PERSIANA,travamento da persiana,TRAVAMENTO DE PERSIANA,TRAVAMENTO DE PERSIANA
30,FALHA NO MOTOR DO TRANSPORTE DE PALETES,falha no motor do transporte de paletes,FALHA DE MOTOR,FALHA DE MOTOR
31,TROCA DO MOTOR DO TRANSPORTE DE PALLET,troca do motor do transporte de pallet,FALHA DE MOTOR,FALHA DE MOTOR
32,QUEBRANDO O BOCAL DA GARRAFA 30008221836,quebrando o bocal da garrafa 30008221836,DANIFICAÇÃO DE GARRAFAS,DANIFICACAO DE GARRAFAS
33,QUEBRANDO O BOCAL DA GARRAFA,quebrando o bocal da garrafa,DANIFICAÇÃO DE GARRAFAS,DANIFICACAO DE GARRAFAS
34,ENCAVALAMENTO DOS ROLETES DO DEVEICER,encavalamento dos roletes do deveicer,TRAVAMENTO DE ROLETES,TRAVAMENTO DE ROLETES
35,ENCAVALAMENNTO DOS ROLETES DO DEVEICER,encavalamennto dos roletes do deveicer,TRAVAMENTO DE ROLETES,TRAVAMENTO DE ROLETES
36,"FALHA NA VALVULA MODULADORA DE CO2, ORDEM:( 30008221782).",falha na valvula moduladora de co2 ordem 30008221782,FALHA DE VÁLVULA MODULADORA,FALHA DE VALVULA MODULADORA
37,CRASH DOS ROLETES DO DEVISER,crash dos roletes do deviser,FALHA DE ROLETES,FALHA DE ROLETES
38,FALHA DE COMUNICAÇÃO DE REDE (30008221834),falha de comunicacao de rede 30008221834,FALHA DE COMUNICAÇÃO,FALHA DE COMUNICACAO
39,"ENCAVALAMENTO DOS ROLETES DO DEVEICER, ( PACOTES DE PONTA CABEÇA ) ( ORDEM - 30008221837 )",encavalamento dos roletes do deveicer pacotes de ponta cabeca ordem 30008221837,TRAVAMENTO DE ROLETES,TRAVAMENTO DE ROLETES
40,TRAVAMENTO DO SEGMENTO DE GARRAFAS NO REJEITOR EBS,travamento do segmento de garrafas no rejeitor ebs,TRAVAMENTO DE SEGMENTOS,TRAVAMENTO DE SEGMENTOS
41,"QUEBROU ESTEIRA NA ENTRADA DA LAVADORA DE CAIXAS, GERANDO ENROSCO DE CAIXAS ORDEM: 30008223803",quebrou esteira na entrada da lavadora de caixas gerando enrosco de caixas ordem 30008223803,QUEBRA DE ESTEIRA,QUEBRA DE ESTEIRA
42,ATUADOR DO SENSOR TRAVADO ORDEM: 30008223804,atuador do sensor travado ordem 30008223804,FALHA DE SENSOR,FALHA DE SENSOR
43,FALHA NO SENSOR DA ASTE DE PEGADA DE CAMADAS ( 30008224330 ),falha no sensor da aste de pegada de camadas 30008224330,FALHA DE SENSOR,FALHA DE SENSOR
44,FALHA NO SENSOR DE SAIDA DE PALETES ( 30008224349 ),falha no sensor de saida de paletes 30008224349,FALHA DE SENSOR,FALHA DE SENSOR
45,ENROSCO DE PACOTES NO DESAISER ( ENTRADA DE PACOTES),enrosco de pacotes no desaiser entrada de pacotes,ENROSCO DE PACOTES,ENROSCO DE PACOTES
46,"ENROSCO DE PACOTES NO DEVAICER,( CANAL C )",enrosco de pacotes no devaicer canal c,ENROSCO DE PACOTES,ENROSCO DE PACOTES
47,"VALVULA JAMPEADA FISICAMENTE N°36 COM 39, PULSO DA VALVULA 39 EM 365",valvula jampeada fisicamente n 36 com 39 pulso da valvula 39 em 365,FALHA DE VÁLVULA DE ENCHIMENTO,FALHA DE VALVULA DE ENCHIMENTO
48,FALHA NO INVERSOR 202,falha no inversor 202,FALHA DE INVERSOR,FALHA DE INVERSOR
49,CHAPA DE PASSAGEM COM DESGASTE DERRUBANDO LATAS,chapa de passagem com desgaste derrubando latas,QUEDA DE LATAS,QUEDA DE LATAS
50,FALHA NA LEITURA DO DENSIMETRO,falha na leitura do densimetro,FALHA DE INSPEÇÃO,FALHA DE INSPECAO
51,"ENROSCO DE PACOTES NOS GUIA DOS CANAIS DE ENTRADA,DA AREA DE FORMAÇÃO DE CAMADA",enrosco de pacotes nos guia dos canais de entrada da area de formacao de camada,ENROSCO DE PACOTES,ENROSCO DE PACOTES
52,"FALHA NO MOTOR DO TRANSPORTE DA PONTE DE VÁCUO ,A14 (ATERREMENTO) MOTOR TAG 202 - NOTA - (30008223823 )",falha no motor do transporte da ponte de vacuo a14 aterremento motor tag 202 nota 30008223823,FALHA DE MOTOR,FALHA DE MOTOR
53,"VALVULA JAMPEADA FISICAMENTE N°36 COM 39, PULSO DA VALVULA 39 EM 365",valvula jampeada fisicamente n 36 com 39 pulso da valvula 39 em 365,FALHA DE VÁLVULA DE ENCHIMENTO,FALHA DE VALVULA DE ENCHIMENTO
54,VAZAMENTO DE AR NO BLOCO DA VALVULA 75 E 113 - ORDEM: 30008224807,vazamento de ar no bloco da valvula 75 e 113 ordem 30008224807,VAZAMENTO EM VÁLVULA,VAZAMENTO EM VALVULA
55,AJUSTE EM ELO DA ESTEIRA QUE ESTAVA SE SOLTANDO / 13122841,ajuste em elo da esteira que estava se soltando 13122841,FALHA DE ELO DE ESTEIRA,FALHA DE ELO DE ESTEIRA
56,ROLETES APÓS MESA GIRATÓRIA DESARMANDO,roletes apos mesa giratoria desarmando,FALHA DE ROLETES,FALHA DE ROLETES
57,ROLETES APÓS MESA GIRATÓRIA DESARMANDO 30008227055,roletes apos mesa giratoria desarmando 30008227055,FALHA DE ROLETES,FALHA DE ROLETES
58,TRAVAMENTO DO TRANSPORTE CURVA DE ENTRADA DE CAIXAS PARA PALETIZADORA ORDEM: 300082226647,travamento do transporte curva de entrada de caixas para paletizadora ordem 300082226647,TRAVAMENTO DE TRANSPORTE,TRAVAMENTO DE TRANSPORTE
59,TRAVAMENTO DO SEGMENTOS DE GARRAFAS NO REJEITOR EBS,travamento do segmentos de garrafas no rejeitor ebs,TRAVAMENTO DE SEGMENTOS,TRAVAMENTO DE SEGMENTOS
60,FALHA NO SENSOR DE ALTURA DO CABEÇOTE (30008227494),falha no sensor de altura do cabecote 30008227494,FALHA DE SENSOR,FALHA DE SENSOR
61,CAINDO GRAXA NO CAPSULADOR,caindo graxa no capsulador,FALHA DE LUBRIFICAÇÃO,FALHA DE LUBRIFICACAO
62,QUEDA DE LATAS NA TRANSFERENCIA PARA A MESA DE ARRASTE,queda de latas na transferencia para a mesa de arraste,QUEDA DE LATAS,QUEDA DE LATAS
63,ROLETES DO DEVAISER MOLHADOS DEVIDO A LUBRIFICAÇÃO ADPTADA PARA O PACOTE SIX,roletes do devaiser molhados devido a lubrificacao adptada para o pacote six,FALHA DE ROLETES,FALHA DE ROLETES
64,FALHA NO INVERSOR 340,falha no inversor 340,FALHA DE INVERSOR,FALHA DE INVERSOR
65,"CHAPA DE PASSAGEM ALTA PARA EVITAR COLISÃO DO PATINS, GERANDO PACOTES TOMBADOS/ENTREGANDO ERRADO PARA A FORMAÇÃO DE CAMADA",chapa de passagem alta para evitar colisao do patins gerando pacotes tombados entregando errado para a formacao de camada,FALHA DE PATINS,FALHA DE PATINS
66,"COMPACTADOR DE CARTÃO PARANDO FORA DE POSIÇÃO, VOLTANDO PARA POSIÇÃO MANUALMENTE",compactador de cartao parando fora de posicao voltando para posicao manualmente,FALHA DE COMPACTAÇÃO DE CAMADA,FALHA DE COMPACTACAO DE CAMADA
67,"CHAPA DE PASSAGEM ALTA PARA EVITAR COLISÃO DO PATINS, GERANDO PACOTES TOMBADOS/ENTREGANDO ERRADO PARA A FORMAÇÃO DE CAMADA NOTA 30008227151",chapa de passagem alta para evitar colisao do patins gerando pacotes tombados entregando errado para a formacao de camada nota 30008227151,FALHA DE PATINS,FALHA DE PATINS
68,ENROSCO DE PACOTES NOS GUIAS DE ENTRADA,enrosco de pacotes nos guias de entrada,ENROSCO DE PACOTES,ENROSCO DE PACOTES
69,FALHA DE BARREIRA NO TRANSPORTE DE PALETES,falha de barreira no transporte de paletes,FALHA DE BARREIRA,FALHA DE BARREIRA
70,ENROSCO DE PACOTES NAS BANDEIROLAS DE ENTRADA DOS GUIAS DA MESA DE FORMAÇÃO DE CAMADAS,enrosco de pacotes nas bandeirolas de entrada dos guias da mesa de formacao de camadas,ENROSCO DE PACOTES,ENROSCO DE PACOTES
71,"PAREDE LATERAL 3 EXPUILSANDO MUITAS GARRAFAS, CAUSANDO CRASH DE GARRAFAS NA SAIDA DO ASEBI",parede lateral 3 expuilsando muitas garrafas causando crash de garrafas na saida do asebi,CRASH DE GARRAFAS,CRASH DE GARRAFAS
72,"FALHA NA PEGA DE GARRAFAS ,",falha na pega de garrafas,FALHA DE PEGADOR,FALHA DE PEGADOR
73,"VELOCIDADE REDUZIDA , RODANDO A 33K, DEVIDO CRASH NA ENCHEDORA",velocidade reduzida rodando a 33k devido crash na enchedora,ENROSCO DE GARRAFAS,ENROSCO DE GARRAFAS
74,CRASH NA SAIDA DO ASEBI,crash na saida do asebi,FALHA DE INSPEÇÃO,FALHA DE INSPECAO
75,"PARAFUSO DA TAMPA DA CANALETADE DESCIDA SOLTO, OCASIONANDO ENTRADA DE 2 TAMPAS NO CANAL . OBS ORDEM ;30008229769",parafuso da tampa da canaletade descida solto ocasionando entrada de 2 tampas no canal obs ordem 30008229769,FALHA DE FIXAÇÃO,FALHA DE FIXACAO
76,QUEBRA DA ESTEIRA,quebra da esteira,QUEBRA DE ESTEIRA,QUEBRA DE ESTEIRA
77,MESA APÓS GIRATÓRIA NÃO ACIONOU O ROLETE,mesa apos giratoria nao acionou o rolete,FALHA DE ROLETES,FALHA DE ROLETES
78,PARAFUSO DO FREIO DE CAIXAS ESCAPOU ( ORDEM 30008231453 ),parafuso do freio de caixas escapou ordem 30008231453,FALHA DE FREIO,FALHA DE FREIO
79,FALHA TAMPA DA CABEÇA DE IMPRESSÃO ABERTA ORDEM: 30008229017,falha tampa da cabeca de impressao aberta ordem 30008229017,FALHA DE CODIFICAÇÃO,FALHA DE CODIFICACAO
80,ESCAPOU A ESTEIRA NA CURVA DA PALETIZADORA,escapou a esteira na curva da paletizadora,ESCAPE DE ESTEIRA,ESCAPE DE ESTEIRA
81,TRANSPORTE DE CAIXAS NA ENTRADA DA PALETIZADORA DESARMOU MOTOR 331 ORDEM: 30008229014,transporte de caixas na entrada da paletizadora desarmou motor 331 ordem 30008229014,DESARME DE MOTOR,DESARME DE MOTOR
82,"NYLON DANIFICADO, OCASIONANDO TRAVAMENTO NA ESTEIRA NO TRANSPORTE DE CAIXAS NA EN TRADA PALETIZADORA 30008231459",nylon danificado ocasionando travamento na esteira no transporte de caixas na en trada paletizadora 30008231459,TRAVAMENTO DE ESTEIRA,TRAVAMENTO DE ESTEIRA
83,QUEDA DO PARAFUSO DO STOPER DE CAIXAS 30008229600,queda do parafuso do stoper de caixas 30008229600,FALHA DE FIXAÇÃO,FALHA DE FIXACAO
84,FALHA NA CODIFICAÇAO,falha na codificacao,FALHA DE CODIFICAÇÃO,FALHA DE CODIFICACAO
85,QUEBRA DO PINO DA GUIA DE ENTRADA,quebra do pino da guia de entrada,QUEBRA DE PINO,QUEBRA DE PINO
86,DOSAGEM DE NITROGENIO,dosagem de nitrogenio,FALHA DE DOSAGEM,FALHA DE DOSAGEM
87,"COLUNA DE PALLET EM MOVIMENTO DE ENTRADA,GERANDO FALHA EM TODAS AS PORTAS DA PALETIZADORA",coluna de pallet em movimento de entrada gerando falha em todas as portas da paletizadora,FALHA DE POSICIONAMENTO DE PALETE,FALHA DE POSICIONAMENTO DE PALETE
88,"CHAPA DE PASSAGEM ALTA PARA EVITAR COLISÃO DO PATINS, GERANDO PACOTES TOMBADOS/ENTREGANDO ERRADO PARA A FORMAÇÃO DE CAMADA, 30008107201",chapa de passagem alta para evitar colisao do patins gerando pacotes tombados entregando errado para a formacao de camada 30008107201,FALHA DE PATINS,FALHA DE PATINS
89,"COLUNA DE PALLET EM MOVIMENTO DE ENTRADA,GERANDO FALHA EM TODAS AS PORTAS DA PALETIZADORA",coluna de pallet em movimento de entrada gerando falha em todas as portas da paletizadora,FALHA DE POSICIONAMENTO DE PALETE,FALHA DE POSICIONAMENTO DE PALETE
90,"DUAS LATAS TESTE NAO SENDO REJEITADAS, FEITO AJUSTE PELA MANUTENÇÃO",duas latas teste nao sendo rejeitadas feito ajuste pela manutencao,SEM MODO DE FALHA IDENTIFICADO,SEM MODO DE FALHA IDENTIFICADO
91,ENROSCO DE PACOTES NA CHAPA DE PASSAGEM,enrosco de pacotes na chapa de passagem,ENROSCO DE PACOTES,ENROSCO DE PACOTES
92,ENROSCO DE PACOTES DEVIDO A DESNIVEL NA CHAPA DE PASSAGEM EM RELAÇÃO AOS PATINS DO DEVAISER,enrosco de pacotes devido a desnivel na chapa de passagem em relacao aos patins do devaiser,ENROSCO DE PACOTES,ENROSCO DE PACOTES
93,COLISÃO DOS PATINS DO DEVAISER COM CHAPA DE PASSAGEM DA MESA DE COMPACTAÇÃO ( ORDEM - 30008231468),colisao dos patins do devaiser com chapa de passagem da mesa de compactacao ordem 30008231468,FALHA DE PATINS,FALHA DE PATINS
94,A CABECA DA MAQUINA SUBIU CAUSANDO A NIVEIS BAIXOS . ORDEM 300008235403,a cabeca da maquina subiu causando a niveis baixos ordem 300008235403,FALHA DE POSICIONAMENTO DO CABEÇOTE,FALHA DE POSICIONAMENTO DO CABECOTE
95,"CRASH NA SAIDA DA ENCHEDORA , ASSIM QUE LIGASSE A MAQUINA ELE JA DAVA O CRASH",crash na saida da enchedora assim que ligasse a maquina ele ja dava o crash,ENROSCO DE GARRAFAS,ENROSCO DE GARRAFAS
96,VELOCIDADE ABAIXO DA NOMINAL DEVIDO CRASH NA ENCHEDORA,velocidade abaixo da nominal devido crash na enchedora,ENROSCO DE GARRAFAS,ENROSCO DE GARRAFAS
97,VELOCIDADE ABAIXO DA NOMINAL E CRASH NA ENCHEDORA,velocidade abaixo da nominal e crash na enchedora,ENROSCO DE GARRAFAS,ENROSCO DE GARRAFAS
98,ESTEIRA NA CURVA DO TRANSPORTE DE CAIXAS NA PALETIZADORA ESCAPOU,esteira na curva do transporte de caixas na paletizadora escapou,ESCAPE DE ESTEIRA,ESCAPE DE ESTEIRA
99,FALHA TRANSPORTE NO ALINHADOR DO LINATRONIC ORDEM 30008233631,falha transporte no alinhador do linatronic ordem 30008233631,FALHA DE TRANSPORTE,FALHA DE TRANSPORTE
100,CORREÇÃO DE PONTO NA MESA DE CARGA ENTRADA DA LAVADORA ORDEM: 30008233633,correcao de ponto na mesa de carga entrada da lavadora ordem 30008233633,FALHA NA MESA DE CARGA,FALHA NA MESA DE CARGA
101,MOTOR 311 DESARMOU (30008235552 ),motor 311 desarmou 30008235552,DESARME DE MOTOR,DESARME DE MOTOR
102,FALHA NO INVERSOR DO MOTOR 311 ( ORDEM 30008235903 ),falha no inversor do motor 311 ordem 30008235903,FALHA DE INVERSOR,FALHA DE INVERSOR
103,FALHA MOTOR 311 TRANSPORTE DE CAIXAS VAZIAS DESARMANDO POR SOBRECORRENTE,falha motor 311 transporte de caixas vazias desarmando por sobrecorrente,SOBRECORRENTE,SOBRECORRENTE
104,PARAFUSO DO SUPORTE DO CONTRA PINO SOLTOU 30008235634,parafuso do suporte do contra pino soltou 30008235634,FALHA DE FIXAÇÃO,FALHA DE FIXACAO
105,FALHA NA FORMAÇÃO DE CAMADA,falha na formacao de camada,FALHA DE FORMAÇÃO DE CAMADA,FALHA DE FORMACAO DE CAMADA
106,SOLTOU A CHAPA DE PASSAGEM QUE FICA NO MEIO DA MESA DO TRANSPORTE DE GARRAFAS,soltou a chapa de passagem que fica no meio da mesa do transporte de garrafas,FALHA DE FIXAÇÃO,FALHA DE FIXACAO
107,"FALHA NO ENCHIMENTO, GARRAFA SAINDO VAZIA",falha no enchimento garrafa saindo vazia,FALHA DE ENCHIMENTO,FALHA DE ENCHIMENTO
108,FALHA NAS PINÇA MOTORIZADAS DA PALETIZADORA DURANTE FORMAÇÃO DE CAMADAS,falha nas pinca motorizadas da paletizadora durante formacao de camadas,FALHA DE PINÇA,FALHA DE PINCA
109,"FALHA DE ENCHIMENTO, EXCESSO DE NIVEL BAIXO",falha de enchimento excesso de nivel baixo,FALHA DE ENCHIMENTO,FALHA DE ENCHIMENTO
110,BARREIRA DE SEGURANÇA ACIONANDO COM A MAGAZINE DE PALLET VAZIO ENTRANDO,barreira de seguranca acionando com a magazine de pallet vazio entrando,FALHA DE MAGAZINE,FALHA DE MAGAZINE
111,DESLOCAMENTO INCORRETO DE PACOTES,deslocamento incorreto de pacotes,FALHA DE POSICIONAMENTO DE PACOTES,FALHA DE POSICIONAMENTO DE PACOTES
112,FALHA NA FORMAÇÃO DER CAMADA ORDEM30008235832,falha na formacao der camada ordem30008235832,FALHA DE FORMAÇÃO DE CAMADA,FALHA DE FORMACAO DE CAMADA
113,FALHA NO ELEVADOR DE CHAPATEX,falha no elevador de chapatex,FALHA DE ELEVADOR,FALHA DE ELEVADOR
114,"SENSOR DE PRESENÇA DE PALETES FOI MONTADO FORA DA POSIÇÃO NO PCM, OCASIONANDO FALHA NA BARREIRA DE SAIDA DA ENVOLVEDORA.",sensor de presenca de paletes foi montado fora da posicao no pcm ocasionando falha na barreira de saida da envolvedora,FALHA DE SENSOR,FALHA DE SENSOR
115,SENSOR DA CENTRAGEM ESQUERDA DA MESA DE FORMAÇÃO DE CAMADA SAINDO FORA DE POSIÇÃO.,sensor da centragem esquerda da mesa de formacao de camada saindo fora de posicao,FALHA DE SENSOR,FALHA DE SENSOR
116,"FURANDO GARRAFAS NO GUIA DE PASSAGEM DE GARRAFAS , NOTA 30008239238",furando garrafas no guia de passagem de garrafas nota 30008239238,FALHA DE GUIA,FALHA DE GUIA
117,"QUEDA DE GARRAFAS NOS GUIAS DE PASSAGEM , APÓS OS PINOS DE SEPARAÇÃO",queda de garrafas nos guias de passagem apos os pinos de separacao,QUEDA DE GARRAFAS,QUEDA DE GARRAFAS
118,"QUEBROU A MOLA DO BOCAL NUMERO 1 , NOTA 30008239262",quebrou a mola do bocal numero 1 nota 30008239262,FALHA DE MOLA,FALHA DE MOLA
119,GFS AMASSADAS / QUEDA NA SAIDA DA ENCHEDORA / VALVULAS Nº 09 E 25,gfs amassadas queda na saida da enchedora valvulas no 09 e 25,FALHA DE VÁLVULA,FALHA DE VALVULA
120,GFS COM FINISH DANIFICADO ( PEGADOR),gfs com finish danificado pegador,FALHA DE PEGADOR,FALHA DE PEGADOR
121,GFS COM FINISH DANIFICADO ( PEGADOR) ATUAÇÃO NO GUIA DE ENTRADA DE GFS PARA ENCHEDORA,gfs com finish danificado pegador atuacao no guia de entrada de gfs para enchedora,FALHA DE PEGADOR,FALHA DE PEGADOR
122,FALHA MOTOR 311 TRANSPORTE DE CAIXAS VAZIAS DESARMANDO POR SOBRECORRENTE ORDEM: 30008239229,falha motor 311 transporte de caixas vazias desarmando por sobrecorrente ordem 30008239229,SOBRECORRENTE,SOBRECORRENTE
123,ESTEIRA NA CURVA DO TRANSPORTE DE CAIXAS NA PALETIZADORA ESCAPOU,esteira na curva do transporte de caixas na paletizadora escapou,ESCAPE DE ESTEIRA,ESCAPE DE ESTEIRA
124,ESCAPOU A CORRENTE DO ROLETE NA SAIDA DE PALETES ORDEM: 30008239251,escapou a corrente do rolete na saida de paletes ordem 30008239251,FALHA DE ROLETES,FALHA DE ROLETES
125,ENROSCO DE ROTULO ( CASTELO DANIFICADO ),enrosco de rotulo castelo danificado,ENROSCO DE RÓTULOS,ENROSCO DE ROTULOS
126,"AR PREVIO ACIONANDO 41 E 42 E ENCHENDO A CABEÇA SEMPRE QUE TEM ALGUMA PARADA DE LINHA, AJUSTE NIVEL DO RECIPIENTE 30008163048",ar previo acionando 41 e 42 e enchendo a cabeca sempre que tem alguma parada de linha ajuste nivel do recipiente 30008163048,SEM MODO DE FALHA IDENTIFICADO,SEM MODO DE FALHA IDENTIFICADO
127,FALHA SOBREGARGA NO MOTOR PRINCIPAL M101 ORDEM 30008241785,falha sobregarga no motor principal m101 ordem 30008241785,FALHA DE MOTOR,FALHA DE MOTOR
128,FALHA NO ELEVADOR DE CHAPATEX,falha no elevador de chapatex,FALHA DE ELEVADOR,FALHA DE ELEVADOR
129,"QUEBRA DA MOLA DO PINO EXPULSOR DE TAMPA, CABEÇOTE QUATORZE ( ORDEM 30008240208 )",quebra da mola do pino expulsor de tampa cabecote quatorze ordem 30008240208,FALHA DE MOLA,FALHA DE MOLA
130,FALHA NO CICLO DE FUNCIONAMENTO DO EMPURRADOR - OREDEM: 30008240159,falha no ciclo de funcionamento do empurrador oredem 30008240159,FALHA DE AUTOMAÇÃO,FALHA DE AUTOMACAO
131,FALHA NA SUBIDA DO ELEVADOR DE CHAPATEX,falha na subida do elevador de chapatex,FALHA DE ELEVADOR,FALHA DE ELEVADOR
132,TROCA DA MANGUEIRA DO SISTEMA PNEUMATICO DO ATUADOR CANAL C DO DEVAISER (30008240197),troca da mangueira do sistema pneumatico do atuador canal c do devaiser 30008240197,FALHA DE MANGUEIRA,FALHA DE MANGUEIRA
133,ENROSCO DE PACOTES NO DEVAISER CANL C,enrosco de pacotes no devaiser canl c,ENROSCO DE PACOTES,ENROSCO DE PACOTES
134,TANGÊNCIAMAENTO AGREGADO 2 (30008240226),tangenciamaento agregado 2 30008240226,DESALINHAMENTO DE AGREGADO,DESALINHAMENTO DE AGREGADO
135,FALHA NO INVERSOR DO MOTOR 311 ( ORDEM 30008235903 ),falha no inversor do motor 311 ordem 30008235903,FALHA DE INVERSOR,FALHA DE INVERSOR
136,"FALHA DE ENCHIMENTO, EXCESSO DE NIVEL BAIXO, VALVULA Nº39 QUE ESTÁ COM JAMPER COM A Nº36",falha de enchimento excesso de nivel baixo valvula no39 que esta com jamper com a no36,FALHA DE VÁLVULA DE ENCHIMENTO,FALHA DE VALVULA DE ENCHIMENTO
137,TUBULAÇÃO DE XAROPE COM VAZAMENTO,tubulacao de xarope com vazamento,VAZAMENTO,VAZAMENTO
138,TROCANDO DE MAGAZINE DE CARTÃO TODO PALLET QUE SAI,trocando de magazine de cartao todo pallet que sai,FALHA DE MAGAZINE,FALHA DE MAGAZINE
139,JUMP FÍSICO VÁLVULA 63 COM 61,jump fisico valvula 63 com 61,FALHA DE VÁLVULA DE ENCHIMENTO,FALHA DE VALVULA DE ENCHIMENTO
140,FALHA DE COMUNICAÇÃO INVERSORES DA PORTAS DE SEGURANÇA (30008240250),falha de comunicacao inversores da portas de seguranca 30008240250,FALHA DE COMUNICAÇÃO,FALHA DE COMUNICACAO
141,ENROSCO DE PACOTES E ESTOURO DE LATAS NO CANL C DO DEVAISER,enrosco de pacotes e estouro de latas no canl c do devaiser,ENROSCO DE LATAS,ENROSCO DE LATAS
142,"ROMPIMENTO DA MANGUEIRA PNEUMATICA, OCASIONANDO TRAVAMENTO DO COMPACTADOR DE CAMADAS. ORDEM- 30008170585",rompimento da mangueira pneumatica ocasionando travamento do compactador de camadas ordem 30008170585,ROMPIMENTO DE MANGUEIRA,ROMPIMENTO DE MANGUEIRA
143,"BOTÃO DE RESET DO IHM DE MAGAZINE DE PALETES ESTAVA COM O CABO SOLTO, IMPOSSIBILITANDO REALIZAR O RESET DA MAQUINA.",botao de reset do ihm de magazine de paletes estava com o cabo solto impossibilitando realizar o reset da maquina,FALHA DE IHM,FALHA DE IHM
144,MANGUEIRA DE CONTRA PRESSÃO ESCAPOU,mangueira de contra pressao escapou,FALHA DE CONEXÃO DE MANGUEIRA,FALHA DE CONEXAO DE MANGUEIRA
145,IHM COM FALHA DE COMUNICAÇÃO 30008241782,ihm com falha de comunicacao 30008241782,FALHA DE COMUNICAÇÃO,FALHA DE COMUNICACAO
146,QUEBRA DA ESTEIRA DA CURVA ENTRADA PALETIZADORA ORDEM Nº 30008241836 NOTA 13129837,quebra da esteira da curva entrada paletizadora ordem no 30008241836 nota 13129837,QUEBRA DE ESTEIRA,QUEBRA DE ESTEIRA
147,DESARME DA MESA CENTRAL,desarme da mesa central,DESARME DE MESA,DESARME DE MESA
148,"TROCA DE BORNE M 43 ENTREGANDO TORTA NA ESTRELA , ENTRANDO TORTA NA ENCHEDORA",troca de borne m 43 entregando torta na estrela entrando torta na enchedora,FALHA ELÉTRICA SEM COMPONENTE IDENTIFICADO,FALHA ELETRICA SEM COMPONENTE IDENTIFICADO
149,FALHA TRANSPORTE GARRAFAS NA SAIDA DA DESENCAIXATADORA ORDEM: 30008241763,falha transporte garrafas na saida da desencaixatadora ordem 30008241763,FALHA DE TRANSPORTE DE GARRAFAS,FALHA DE TRANSPORTE DE GARRAFAS
150,TRAVAMENTO DO SEGMENTOS DE GARRAFAS NO REJEITOR EBS,travamento do segmentos de garrafas no rejeitor ebs,TRAVAMENTO DE SEGMENTOS,TRAVAMENTO DE SEGMENTOS
151,"TRAVAMENTO DE PISTÃO, GERANDO O ENROSCO DE TAMPA",travamento de pistao gerando o enrosco de tampa,TRAVAMENTO DE ATUADOR,TRAVAMENTO DE ATUADOR
152,"ELO DA ESTEIRA TORTO,CAUSANDO TRAVAMENTO 30008241854",elo da esteira torto causando travamento 30008241854,TRAVAMENTO DE ESTEIRA,TRAVAMENTO DE ESTEIRA
153,TRAVAMENTO DO DEVISER( PATINS) 30008241862,travamento do deviser patins 30008241862,TRAVAMENTO DE PATINS,TRAVAMENTO DE PATINS
154,QUEIMOU O FILAMENTO 30008241847,queimou o filamento 30008241847,QUEIMA DE FILAMENTO,QUEIMA DE FILAMENTO
155,QUEIMOU O FILAMENTO( TROCA DO FILAMENTO ),queimou o filamento troca do filamento,QUEIMA DE FILAMENTO,QUEIMA DE FILAMENTO
156,GUIA DO PESCOÇO DA GARRAFAS FORA DE POSIÇÃO 30008241870,guia do pescoco da garrafas fora de posicao 30008241870,DESALINHAMENTO DE GUIA,DESALINHAMENTO DE GUIA
157,FALHA NO INVERSOR DO MOTOR 311,falha no inversor do motor 311,FALHA DE INVERSOR,FALHA DE INVERSOR
158,FALHA NA SUBIDA DO ELEVADOR DE CHAPATEX 30008241795,falha na subida do elevador de chapatex 30008241795,FALHA DE ELEVADOR,FALHA DE ELEVADOR
159,"PINÇA DANIFICADA QUEBRANDO FINISH DAS GARRAFAS, OCASIONANDO ALTO REJEITO E CRESH DE GARRAFAS NA SAIDA DO TAPTONE",pinca danificada quebrando finish das garrafas ocasionando alto rejeito e cresh de garrafas na saida do taptone,CRASH DE GARRAFAS,CRASH DE GARRAFAS
160,ALHA NA TROCA DE PALETES DE CARTÃO CHEIO (30008241935),alha na troca de paletes de cartao cheio 30008241935,FALHA NA TROCA DE PALETE DE CARTÃO,FALHA NA TROCA DE PALETE DE CARTAO
161,ENROSCO DE PACOTES NO CANAL C,enrosco de pacotes no canal c,ENROSCO DE PACOTES,ENROSCO DE PACOTES
162,"PEDINDO TROCA DA MAGAZINE DE CARTÃO ASSIM QUE O PALLET SAI DO ELEVADOR, GERANDO PERDA DE REFERENCIA NAS DUAS MAGAZINE, ORDEM : 30008241789",pedindo troca da magazine de cartao assim que o pallet sai do elevador gerando perda de referencia nas duas magazine ordem 30008241789,FALHA DE MAGAZINE,FALHA DE MAGAZINE
163,"TROCA DA MAGAZINE DE CARTÃO SENDO FEITA DE FORMA MANUAL, FALHA NO AUTOMÁTICO",troca da magazine de cartao sendo feita de forma manual falha no automatico,FALHA DE MAGAZINE,FALHA DE MAGAZINE
164,FALHA NA BOMBA DE AQUECIMENTO 01,falha na bomba de aquecimento 01,FALHA DE BOMBA,FALHA DE BOMBA
165,FALHA NA RETIRADA DO CARTAO DE CAMADAS,falha na retirada do cartao de camadas,FALHA NO MANUSEIO DE CARTÃO,FALHA NO MANUSEIO DE CARTAO
166,FALHA NA BOMBA DE RECICURLAÇÃO DO TANQUE N°1 DO WARMER,falha na bomba de recicurlacao do tanque n 1 do warmer,FALHA DE BOMBA,FALHA DE BOMBA
167,FALHA NO TRANSPORTE DE PALETES 8241859,falha no transporte de paletes 8241859,FALHA DE TRANSPORTE DE PALETES,FALHA DE TRANSPORTE DE PALETES
168,SENSOR DA CENTRAGEM FORA DE POSIÇAO,sensor da centragem fora de posicao,FALHA DE SENSOR,FALHA DE SENSOR
169,SENSOR DA CENTRAGEM FORA DE POSIÇÃO,sensor da centragem fora de posicao,FALHA DE SENSOR,FALHA DE SENSOR
170,RELÊ DE ACIONAMENTO DO CONTATOR TRAVADO 30008244588,rele de acionamento do contator travado 30008244588,FALHA ELÉTRICA SEM COMPONENTE IDENTIFICADO,FALHA ELETRICA SEM COMPONENTE IDENTIFICADO
171,FALHA NO INVERSOR,falha no inversor,FALHA DE INVERSOR,FALHA DE INVERSOR
172,MANUTENÇÃO NA BOMBA DO TANQUE N°1 DO WARMER,manutencao na bomba do tanque n 1 do warmer,FALHA DE BOMBA,FALHA DE BOMBA
173,ANUTENÇÃO NA BOMBA DO TANQUE N°1 DO WARMER,anutencao na bomba do tanque n 1 do warmer,FALHA DE BOMBA,FALHA DE BOMBA
174,VAZMENTO DE BEBIDA NA VALVULA VEP 04 (TROCA DO RETENTOR ),vazmento de bebida na valvula vep 04 troca do retentor,VAZAMENTO EM VÁLVULA,VAZAMENTO EM VALVULA
175,FALHA NA PINÇA DO CORTE DO FILME STRECH,falha na pinca do corte do filme strech,FALHA DE CORTE DE FILME,FALHA DE CORTE DE FILME
176,AJUSTE NA POSIÇÃO DO SENSOR QUE DETERMINA O FINAL DO FILME,ajuste na posicao do sensor que determina o final do filme,FALHA DE SENSOR,FALHA DE SENSOR
177,PEDINDO PRA TROCAR A MAGAZINE NO MEIO DA PRODUÇÃO SEM A MAGAZINE ESTAR CHEIA OU TERMINADO O PALLET,pedindo pra trocar a magazine no meio da producao sem a magazine estar cheia ou terminado o pallet,FALHA DE MAGAZINE,FALHA DE MAGAZINE
178,TRANSPORTE DERRUBANDO GERANDO ACUMULO E FALHA NO ALINHADOR DA FILTEC,transporte derrubando gerando acumulo e falha no alinhador da filtec,FALHA DE ACÚMULO NO TRANSPORTE,FALHA DE ACUMULO NO TRANSPORTE
179,"QUEDA DE LATAS NA TRANSFERENCIA, ORDEM : 30008244580",queda de latas na transferencia ordem 30008244580,QUEDA DE LATAS,QUEDA DE LATAS
180,"BOMBA 01 DE AQUECIMENTO FORA DE OPERAÇÃO, BOMBA 02 TENDO SOBREAQUECIMENTO",bomba 01 de aquecimento fora de operacao bomba 02 tendo sobreaquecimento,FALHA DE BOMBA,FALHA DE BOMBA
181,FALHA NA MESA DE CARGA LAVADORA (30008249810),falha na mesa de carga lavadora 30008249810,FALHA NA MESA DE CARGA,FALHA NA MESA DE CARGA
182,IHM DA PALETIZADORA COM FALHA DE COMUNICAÇÃO,ihm da paletizadora com falha de comunicacao,FALHA DE COMUNICAÇÃO,FALHA DE COMUNICACAO
183,PAINÉL IHM DESARMADO,painel ihm desarmado,FALHA DE IHM,FALHA DE IHM
184,FALHA NA PROPORCAO DE XAROPE/AGUA,falha na proporcao de xarope agua,FALHA DE PROPORCIONAMENTO,FALHA DE PROPORCIONAMENTO
185,AJUSTE NO SINCRONISMO DA ESTRELA DE TRANSFERENCIA ROTULADORA/ENCHEDORA NOTA N°30008248232,ajuste no sincronismo da estrela de transferencia rotuladora enchedora nota n 30008248232,FALHA DE ROTULAGEM,FALHA DE ROTULAGEM
186,LIMPEZA AUTOMATICA DAS PINÇAS,limpeza automatica das pincas,FALHA DE PINÇA,FALHA DE PINCA
187,FALHA NO CORTE DO FILME,falha no corte do filme,FALHA DE CORTE DE FILME,FALHA DE CORTE DE FILME
188,"TROCA DO PALLET DE FOLHA SEPARADORA,GERANDO FALHA EM TDS AS PORTAS DA PALETIZADORA",troca do pallet de folha separadora gerando falha em tds as portas da paletizadora,FALHA NA TROCA DE PALETE DE FOLHA SEPARADORA,FALHA NA TROCA DE PALETE DE FOLHA SEPARADORA
189,ROLETES DAS GUIAS LATERAIS DANIFICADOS (ORDEM 30008246868),roletes das guias laterais danificados ordem 30008246868,FALHA DE ROLETES,FALHA DE ROLETES
190,TROCA DOS MANIPULOS DAS GUIAS LATERAIS (ORDEM 30008246884),troca dos manipulos das guias laterais ordem 30008246884,FALHA DE GUIA,FALHA DE GUIA
191,"DESARME DOEQUIPAMENTO, SEM FALHA OU ALARME.",desarme doequipamento sem falha ou alarme,FALHA ELÉTRICA SEM COMPONENTE IDENTIFICADO,FALHA ELETRICA SEM COMPONENTE IDENTIFICADO
192,TRAVAMENTO DE TRANSPORTE ESTEIRA ANTIGO VISOR,travamento de transporte esteira antigo visor,TRAVAMENTO DE ESTEIRA,TRAVAMENTO DE ESTEIRA
193,MOLA DE TORÇÃO DANIFICADA.ORDEM:30007987178,mola de torcao danificada ordem 30007987178,FALHA DE MOLA,FALHA DE MOLA
194,"LAVADORA ,FOTOCÉLULA DE SEGURANÇA ACIONADA.",lavadora fotocelula de seguranca acionada,FALHA DE SENSOR,FALHA DE SENSOR
195,"SENSOR DA FOTÓCELULA EM FALHA,ORDEM..30008246601",sensor da fotocelula em falha ordem 30008246601,FALHA DE SENSOR,FALHA DE SENSOR
196,TRAVAMENTO DO SEGMENTOS DE GARRAFA NO REJEITOR A100,travamento do segmentos de garrafa no rejeitor a100,TRAVAMENTO DE SEGMENTOS,TRAVAMENTO DE SEGMENTOS
197,FALHA MOTOR DE TRANSPORTE NA SAIDA DA DESENCAIXATADORA ORDEM: 30008251451,falha motor de transporte na saida da desencaixatadora ordem 30008251451,FALHA DE MOTOR,FALHA DE MOTOR
198,FALHA MOTOR DE TRANSPORTE NA ENTRADA DA ENCHEDORA ORDEM: 30008251455,falha motor de transporte na entrada da enchedora ordem 30008251455,FALHA DE MOTOR,FALHA DE MOTOR
199,TRAVAMENTO DE SEGMENTOS DA GARRAFA NO REJEITO A100,travamento de segmentos da garrafa no rejeito a100,TRAVAMENTO DE SEGMENTOS,TRAVAMENTO DE SEGMENTOS
200,ESTEIRA DO TRANSPORTE DE CAIXA DA CUVA DA PALETIZADORA SAIU FORA DE POSIÇÃO,esteira do transporte de caixa da cuva da paletizadora saiu fora de posicao,ESCAPE DE ESTEIRA,ESCAPE DE ESTEIRA
201,FALHA TRANSPORTE OCASIONANDO QUEDA DE GARRAFAS,falha transporte ocasionando queda de garrafas,QUEDA DE GARRAFAS,QUEDA DE GARRAFAS
202,MASTERIZAÇÃO E FALHA NO SENSOR DE LEITURA DE PALETES DA PALETIZADORA,masterizacao e falha no sensor de leitura de paletes da paletizadora,FALHA DE SENSOR,FALHA DE SENSOR
203,"FALHA NO ENCHIMENTO ,DEVIDO AO ACERTO DA REGUA DA CABEÇA DA ENCHEDORA. 30008254083",falha no enchimento devido ao acerto da regua da cabeca da enchedora 30008254083,FALHA DE ENCHIMENTO,FALHA DE ENCHIMENTO
204,MOTOR DO TRANSPORTE DE PALETES CHEIOS QUEIMADO ( NOTA - 13136530 ),motor do transporte de paletes cheios queimado nota 13136530,FALHA DE MOTOR,FALHA DE MOTOR
205,"ENROSCO DE PACOTE NO DOSADOR DO TRANSPORTE DE ENTRADA,CAUSANDO ESTOURO DE LATA E ERRO NA FORMAÇÃO DA CAMADA ORDEM -(30008251454 )",enrosco de pacote no dosador do transporte de entrada causando estouro de lata e erro na formacao da camada ordem 30008251454,ENROSCO DE LATAS,ENROSCO DE LATAS
206,FALHA ELETRICA NA DATADORA MARKEM IMAJE 9450S NOTA : (30008254394),falha eletrica na datadora markem imaje 9450s nota 30008254394,FALHA DE CODIFICAÇÃO,FALHA DE CODIFICACAO
207,FALHA NO ELEVADOR DE TUBETES / FALHA NO PISTÃO DESEMBALADOR DE TUBETES ( ORDEM - 30008254410 ),falha no elevador de tubetes falha no pistao desembalador de tubetes ordem 30008254410,FALHA DE ELEVADOR,FALHA DE ELEVADOR
208,"FALHA DE ENCHIMENTO, DIFICULTANDO DEIXAR ENCHEDORA NA VELOCIDADE NOMINAL, IDENTIFICADO VÁLVULA 41 TENDO MAIOR IMPACTO",falha de enchimento dificultando deixar enchedora na velocidade nominal identificado valvula 41 tendo maior impacto,FALHA DE VÁLVULA DE ENCHIMENTO,FALHA DE VALVULA DE ENCHIMENTO
209,TRAVAMENTO DO SEGMENTOS DE GARRAFA NO REJEITOR A100,travamento do segmentos de garrafa no rejeitor a100,TRAVAMENTO DE SEGMENTOS,TRAVAMENTO DE SEGMENTOS
210,FALHA MOTOR DE TRANSPORTE NA SAIDA DA DESENCAIXATADORA ORDEM: 30008251451,falha motor de transporte na saida da desencaixatadora ordem 30008251451,FALHA DE MOTOR,FALHA DE MOTOR
211,FALHA MOTOR DE TRANSPORTE NA ENTRADA DA ENCHEDORA ORDEM: 30008251455,falha motor de transporte na entrada da enchedora ordem 30008251455,FALHA DE MOTOR,FALHA DE MOTOR
212,TRAVAMENTO DE SEGMENTOS DA GARRAFA NO REJEITO A100,travamento de segmentos da garrafa no rejeito a100,TRAVAMENTO DE SEGMENTOS,TRAVAMENTO DE SEGMENTOS
213,ESTEIRA DO TRANSPORTE DE CAIXA DA CUVA DA PALETIZADORA SAIU FORA DE POSIÇÃO,esteira do transporte de caixa da cuva da paletizadora saiu fora de posicao,ESCAPE DE ESTEIRA,ESCAPE DE ESTEIRA
214,FALHA TRANSPORTE OCASIONANDO QUEDA DE GARRAFAS,falha transporte ocasionando queda de garrafas,QUEDA DE GARRAFAS,QUEDA DE GARRAFAS
215,MASTERIZAÇÃO E FALHA NO SENSOR DE LEITURA DE PALETES DA PALETIZADORA,masterizacao e falha no sensor de leitura de paletes da paletizadora,FALHA DE SENSOR,FALHA DE SENSOR
216,"FALHA NO ENCHIMENTO ,DEVIDO AO ACERTO DA REGUA DA CABEÇA DA ENCHEDORA. 30008254083",falha no enchimento devido ao acerto da regua da cabeca da enchedora 30008254083,FALHA DE ENCHIMENTO,FALHA DE ENCHIMENTO
217,"ENROSCO DE PACOTE NO DOSADOR DO TRANSPORTE DE ENTRADA,CAUSANDO ESTOURO DE LATA E ERRO NA FORMAÇÃO DA CAMADA ORDEM -(30008251454 )",enrosco de pacote no dosador do transporte de entrada causando estouro de lata e erro na formacao da camada ordem 30008251454,ENROSCO DE LATAS,ENROSCO DE LATAS
218,FALHA ELETRICA NA DATADORA MARKEM IMAJE 9450S NOTA : (30008254394),falha eletrica na datadora markem imaje 9450s nota 30008254394,FALHA DE CODIFICAÇÃO,FALHA DE CODIFICACAO
219,FALHA NO ELEVADOR DE TUBETES / FALHA NO PISTÃO DESEMBALADOR DE TUBETES ( ORDEM - 30008254410 ),falha no elevador de tubetes falha no pistao desembalador de tubetes ordem 30008254410,FALHA DE ELEVADOR,FALHA DE ELEVADOR
220,"FALHA DE ENCHIMENTO, DIFICULTANDO DEIXAR ENCHEDORA NA VELOCIDADE NOMINAL, IDENTIFICADO VÁLVULA 41 TENDO MAIOR IMPACTO",falha de enchimento dificultando deixar enchedora na velocidade nominal identificado valvula 41 tendo maior impacto,FALHA DE VÁLVULA DE ENCHIMENTO,FALHA DE VALVULA DE ENCHIMENTO
221,"FALHA TRANSPORTE, OCASIONANDO QUEDA DE GARRAFAS ORDEM: 30008256218",falha transporte ocasionando queda de garrafas ordem 30008256218,QUEDA DE GARRAFAS,QUEDA DE GARRAFAS
222,TRAVAMENTO DO SEGMENTOS DE GARRAFA NO REJEITOR EBS,travamento do segmentos de garrafa no rejeitor ebs,TRAVAMENTO DE SEGMENTOS,TRAVAMENTO DE SEGMENTOS
223,QUEBROU O SUPORTE DA BASE DOS ROLETES 30008257422,quebrou o suporte da base dos roletes 30008257422,FALHA DE ROLETES,FALHA DE ROLETES
224,RECUPERAÇÃO DE ENVASE DEVIDO PARADA DO ENOS FALHA CRITICA RUIDO AUTO CANAL 1 ( 30008257602 ),recuperacao de envase devido parada do enos falha critica ruido auto canal 1 30008257602,FALHA DE INSPEÇÃO,FALHA DE INSPECAO
225,FALHA NO INVERSOR DO MOTOR 311 30008235903,falha no inversor do motor 311 30008235903,FALHA DE INVERSOR,FALHA DE INVERSOR
226,MAQUINA FORA DE SINCRONISMO DERRUBANDO GARRAFAS NA REFRIGERAÇÃO DE FUNDO GERANDO FALHA,maquina fora de sincronismo derrubando garrafas na refrigeracao de fundo gerando falha,QUEDA DE GARRAFAS,QUEDA DE GARRAFAS
227,EXCESSO DE REJEITO OCASIONANDO QUEDA DE GARRAFAS,excesso de rejeito ocasionando queda de garrafas,FALHA DE REJEIÇÃO,FALHA DE REJEICAO
228,ROMPIMENTO DA MANGUEIRA DE AR NA MESA DE ENVOLVIMENTO,rompimento da mangueira de ar na mesa de envolvimento,ROMPIMENTO DE MANGUEIRA DE AR,ROMPIMENTO DE MANGUEIRA DE AR
229,FALHA NA CORREIA DE ENVOLVIMENTO DOS PACOTES ( ORDEM - 30008258313 ),falha na correia de envolvimento dos pacotes ordem 30008258313,FALHA DE CORREIA,FALHA DE CORREIA
230,QUEBRA DE CORREIA DO CARACOL DE ENTRADA DE GARRAFAS,quebra de correia do caracol de entrada de garrafas,QUEBRA DE CORREIA,QUEBRA DE CORREIA
231,COMPACTADOR DE CAMADAS TRAVADO,compactador de camadas travado,TRAVAMENTO DO SISTEMA DE COMPACTAÇÃO,TRAVAMENTO DO SISTEMA DE COMPACTACAO
232,SUBSTITUIÇÃO DO MOTOR DO TRANSPORTE DE PALLET 30008254414,substituicao do motor do transporte de pallet 30008254414,FALHA DE MOTOR,FALHA DE MOTOR
233,CENTRAL DO FECHA CAMADA TRAVOU NOTA - 30008257113,central do fecha camada travou nota 30008257113,TRAVAMENTO DO SISTEMA DE COMPACTAÇÃO,TRAVAMENTO DO SISTEMA DE COMPACTACAO
234,SENSOR NÃO ESTAVA ATUANDO PARA SAIDA DE PALETE,sensor nao estava atuando para saida de palete,FALHA DE SENSOR,FALHA DE SENSOR
235,CONFLITO NA AUTOMAÇÃO NOTA 30008257507,conflito na automacao nota 30008257507,FALHA DE AUTOMAÇÃO,FALHA DE AUTOMACAO
236,"FALHA NO SENSOR DE PRESENSA DA ESTRELA DE ENTRADA, OCASIONANDO NA FALHA DE GARRAFA DUPLA NA ENCHEDORA 30008257248",falha no sensor de presensa da estrela de entrada ocasionando na falha de garrafa dupla na enchedora 30008257248,FALHA DE SENSOR,FALHA DE SENSOR
237,FALHA NO SENSOR DO BUFFER NOTA30008256215,falha no sensor do buffer nota30008256215,FALHA DE SENSOR,FALHA DE SENSOR
238,"FILME ROMPENDO DURANTE ENVOLVIMENTO/ NECESSÁRIO COLOCAR CALÇO NA BOBINA, APÓS ESTA AÇÃO NÃO HOUVE MAIS ROMPIMENTO. ( NOTA - 13123569 )",filme rompendo durante envolvimento necessario colocar calco na bobina apos esta acao nao houve mais rompimento nota 13123569,ROMPIMENTO DE FILME,ROMPIMENTO DE FILME
239,SOBRE CORRENTE NO TRANSPORTE DE PALETE - OREDEM: 30008258302,sobre corrente no transporte de palete oredem 30008258302,SOBRECORRENTE,SOBRECORRENTE
240,QUEBRA DO SEGUIMENTO LINEAR ( ORDEM - 30008258314 ),quebra do seguimento linear ordem 30008258314,QUEBRA DE SEGMENTO,QUEBRA DE SEGMENTO
241,"VELOCIDADE DO TRANSPORTE BAIXA,GERANDO FALTA DE GARRAFAS NA ALIMENTAÇÃO DA EMPACOTADORA REALIZADO ALTERAÇÃO NOS PARÂMETROS DA RECEITA",velocidade do transporte baixa gerando falta de garrafas na alimentacao da empacotadora realizado alteracao nos parametros da receita,FALHA DE VELOCIDADE DO TRANSPORTE,FALHA DE VELOCIDADE DO TRANSPORTE
242,"VELOCIDADE DO TRANSPORTE BAIXA,GERANDO FALTA DE GARRAFAS NA ALIMENTAÇÃO DA EMPACOTADORA REALIZADO ALTERAÇÃO NOS PARÂMETROS DA RECEITA",velocidade do transporte baixa gerando falta de garrafas na alimentacao da empacotadora realizado alteracao nos parametros da receita,FALHA DE VELOCIDADE DO TRANSPORTE,FALHA DE VELOCIDADE DO TRANSPORTE
243,"MONTAGEM DO MOTOR DO TRANSPORTE, QUE FOI RETIRADO DEVIDO ESTAR QUEIMADO ( NOTA - 13136530 )",montagem do motor do transporte que foi retirado devido estar queimado nota 13136530,FALHA DE MOTOR,FALHA DE MOTOR
244,MANUTENÇÃO NA BOMBA DO TANQUE N° 1 DO WARMER ( ORDEM - 30008258320 ),manutencao na bomba do tanque n 1 do warmer ordem 30008258320,FALHA DE BOMBA,FALHA DE BOMBA
245,QUEBRA DA CORREIA DO CARACOL DE ENTRADA DE GARRAFAS.,quebra da correia do caracol de entrada de garrafas,QUEBRA DE CORREIA,QUEBRA DE CORREIA
246,FALHA NO GERADOR DE IMPULSOS TRIGGER N: 07,falha no gerador de impulsos trigger n 07,FALHA DE GERADOR DE IMPULSOS,FALHA DE GERADOR DE IMPULSOS
247,COLISÃO DO DEPOSITO DE TAMPAS COM O EMPURRADOR,colisao do deposito de tampas com o empurrador,ENROSCO DE TAMPAS,ENROSCO DE TAMPAS
248,"COLISÃO DO DEPOSITO DE TAMPAS COM O EMPURRADOR, ORDEM : 30008256186",colisao do deposito de tampas com o empurrador ordem 30008256186,ENROSCO DE TAMPAS,ENROSCO DE TAMPAS
249,"VALVULA Nº41 EM VELOCIDADE NOMINAL COM EXCESSO DE NIVEL BAIXO, VELOCIDADE REDUZIDA PARA MINIMIZAR PERDAS",valvula no41 em velocidade nominal com excesso de nivel baixo velocidade reduzida para minimizar perdas,FALHA DE VÁLVULA DE ENCHIMENTO,FALHA DE VALVULA DE ENCHIMENTO
250,ESTEIRA DA CURVA DE ENTRADA DA PALETIZADORA ESTA ESCAPANDO,esteira da curva de entrada da paletizadora esta escapando,ESCAPE DE ESTEIRA,ESCAPE DE ESTEIRA
251,DESARME DO MOTOR TRANSPORTE DE CAIXAS NA LAVADORA DE CAIXAS,desarme do motor transporte de caixas na lavadora de caixas,DESARME DE MOTOR,DESARME DE MOTOR
252,ESTEIRA DO TRANSPORTE DO DESCAPSULADOR ESCAPOU,esteira do transporte do descapsulador escapou,ESCAPE DE ESTEIRA,ESCAPE DE ESTEIRA
253,TROCA DO TRANSPONDER DA GARRAFA TESTE 12 NÃO ESTAVA FAZENDO LEITURA 3000826012,troca do transponder da garrafa teste 12 nao estava fazendo leitura 3000826012,FALHA DE INSPEÇÃO,FALHA DE INSPECAO
254,"MANGUEIRA DO CENTRADOR DE PACOTES DANIFICADA, OCASIONANDO EM MÁ FORMAÇÃO DE CAMADAS",mangueira do centrador de pacotes danificada ocasionando em ma formacao de camadas,FALHA DE FORMAÇÃO DE CAMADA,FALHA DE FORMACAO DE CAMADA
255,FALHA NA VALVULA MODULARADORA DE CO2 ( ORDEM - 30008260814),falha na valvula modularadora de co2 ordem 30008260814,FALHA DE VÁLVULA MODULADORA,FALHA DE VALVULA MODULADORA
256,QUEDA DE LATAS NA CHAPA DE PASSAGEM DA MESA DE ARRASTE. (ORDEM - 30008260813),queda de latas na chapa de passagem da mesa de arraste ordem 30008260813,QUEDA DE LATAS,QUEDA DE LATAS
257,QUEDA DE LATAS NA CHAPA DE PASSAGEM DA MESA DE ARRASTE,queda de latas na chapa de passagem da mesa de arraste,QUEDA DE LATAS,QUEDA DE LATAS
258,FALHA DE BARREIRA NA SAIDA DE PALETES VAZIOS ( ORDEM - 30008260816 ),falha de barreira na saida de paletes vazios ordem 30008260816,FALHA DE BARREIRA,FALHA DE BARREIRA
259,FALHA DE BARREIRA SAIDA DE PALETES,falha de barreira saida de paletes,FALHA DE BARREIRA,FALHA DE BARREIRA
260,DESARME NA MESA CENTRAL INVERTER - NOTA 30008260356,desarme na mesa central inverter nota 30008260356,DESARME DE MESA,DESARME DE MESA
261,"FALHA NO INVERSOR, TRANSPORTE CENTRAL DE PALETE",falha no inversor transporte central de palete,FALHA DE INVERSOR,FALHA DE INVERSOR
262,TRANSPORTE NA SAIDA DA ENVOLVEDORA TRAVANDO - ORDEM: 13123991,transporte na saida da envolvedora travando ordem 13123991,TRAVAMENTO DE TRANSPORTE,TRAVAMENTO DE TRANSPORTE
263,FALHA NA SINCRONIZAÇÃO DO FILME E ESTOURO DO FILME NO MEIO DA PRODUÇÃO,falha na sincronizacao do filme e estouro do filme no meio da producao,ROMPIMENTO DE FILME,ROMPIMENTO DE FILME
264,"FALHA DE ENCHIMENTO NA VALVULA Nº36, EXCESSO DE NIVEL BAIXO",falha de enchimento na valvula no36 excesso de nivel baixo,FALHA DE VÁLVULA DE ENCHIMENTO,FALHA DE VALVULA DE ENCHIMENTO
265,"VELOCIDADE REDUZIDA, FALHA DE ENCHIMENTO NA VALVULA Nº36, EXCESSO DE NIVEL BAIXO",velocidade reduzida falha de enchimento na valvula no36 excesso de nivel baixo,FALHA DE VÁLVULA DE ENCHIMENTO,FALHA DE VALVULA DE ENCHIMENTO
266,FALHA DE SINCRONISMO E ESTOURANDO O FILME,falha de sincronismo e estourando o filme,ROMPIMENTO DE FILME,ROMPIMENTO DE FILME
267,VALVULA N° 36 JAMPEADA FISICAMENTE GERANDO ESPUMAMENTO DA BEBIDA E DANDO NIVEL BAIXO,valvula n 36 jampeada fisicamente gerando espumamento da bebida e dando nivel baixo,FALHA DE VÁLVULA DE ENCHIMENTO,FALHA DE VALVULA DE ENCHIMENTO
268,DESARME MOTOR DA SAIDA DA DESENCAIXATADORA,desarme motor da saida da desencaixatadora,DESARME DE MOTOR,DESARME DE MOTOR
269,FALHA SENSOR DA PORTA DE SEGURANÇA NA DESENCAIXATADORA,falha sensor da porta de seguranca na desencaixatadora,FALHA DE SENSOR,FALHA DE SENSOR
270,VALIDAÇÃO NA ESTRELA DE TRANSFERENCIA DE GARRAFA,validacao na estrela de transferencia de garrafa,SEM MODO DE FALHA IDENTIFICADO,SEM MODO DE FALHA IDENTIFICADO
271,"PINÇA DAS ESTRELAS DE PASSAGEM DANIFICADAS, DEIXANDO CAIR GARRAFA E GERANDO PARADA.",pinca das estrelas de passagem danificadas deixando cair garrafa e gerando parada,FALHA DE PINÇA,FALHA DE PINCA
272,SOLDA GUIA / GRELHA GARRAFAS,solda guia grelha garrafas,FALHA DE GUIA,FALHA DE GUIA
273,SOLDA GUIA / GRELHA GARRAFAS + REGULAGEM PÓS ATUAÇÃO,solda guia grelha garrafas regulagem pos atuacao,FALHA DE GUIA,FALHA DE GUIA
274,FALHA ELÉTRICA DEVIDO CABO DE ALIMENTAÇÃO DO SERVO MOTOR DA GAIOLA ROMPIDO,falha eletrica devido cabo de alimentacao do servo motor da gaiola rompido,FALHA DE SERVO MOTOR,FALHA DE SERVO MOTOR
275,DESARME DO TRANSPORTE CENTRAL DE PALLET,desarme do transporte central de pallet,DESARME DE TRANSPORTE,DESARME DE TRANSPORTE
276,SOLTOU OS PARAFUSO DO GUIA LATERAL DO TRANSPORTE FINAL DE PALLET,soltou os parafuso do guia lateral do transporte final de pallet,FALHA DE FIXAÇÃO,FALHA DE FIXACAO
277,SENSOR ESTÁ REPICANDO. 30008263251,sensor esta repicando 30008263251,FALHA DE SENSOR,FALHA DE SENSOR
278,MECÂNICA ATUOU NA ALTURA DO SENSOR E ESPELHO.,mecanica atuou na altura do sensor e espelho,FALHA DE SENSOR,FALHA DE SENSOR
279,"ESPELHO,POIS O PALETE QUE MONTOU ELE ANDOU UM POUCO E PAROU QUANDO ELE TROUXE A OUTRA CAMADA COLIDIU ,PROVOCANDO QUEDA DE CAIXAS.",espelho pois o palete que montou ele andou um pouco e parou quando ele trouxe a outra camada colidiu provocando queda de caixas,QUEDA DE CAIXAS,QUEDA DE CAIXAS
280,"MOLA DE TRAÇÃO DANIFICADA,SEM A SEGURANÇA DA DESCARGA.",mola de tracao danificada sem a seguranca da descarga,FALHA DE MOLA,FALHA DE MOLA
281,TROCA DO MOTOR DO TRANSPORTE DE SAIDA DO VIRADOR DE PALETE ORDEM 30008263187,troca do motor do transporte de saida do virador de palete ordem 30008263187,FALHA DE MOTOR,FALHA DE MOTOR
282,FALHA NO INVERSOR SAIDA DE PALETE 30008263697,falha no inversor saida de palete 30008263697,FALHA DE INVERSOR,FALHA DE INVERSOR
283,FALHA NA TROCA AUTOMATICA DO PALETE DE CARTÃO (3000826371),falha na troca automatica do palete de cartao 3000826371,FALHA NA TROCA DE PALETE DE CARTÃO,FALHA NA TROCA DE PALETE DE CARTAO
284,FALHA NO INVERSOR 238 30008263696,falha no inversor 238 30008263696,FALHA DE INVERSOR,FALHA DE INVERSOR
285,TROCA DA ESTEIRA DE REJEITO (ESTEIRA NOVA NÃO PERMITIA SICRONISMO),troca da esteira de rejeito esteira nova nao permitia sicronismo,FALHA DE ESTEIRA,FALHA DE ESTEIRA
286,TROCA DA ESTEIRA DE REJEITO (ESTEIRA NOVA NÃO PERMITIA SICROMISMO),troca da esteira de rejeito esteira nova nao permitia sicromismo,FALHA DE ESTEIRA,FALHA DE ESTEIRA
287,ENROSCO DE TAMPA NO EMPURRADOR DE TAMPAS,enrosco de tampa no empurrador de tampas,ENROSCO DE TAMPAS,ENROSCO DE TAMPAS
288,ESTEIRA DERRUBANDO LATAS E PASSANDO SEM CODIFICAÇÃO 30008262675,esteira derrubando latas e passando sem codificacao 30008262675,FALHA DE ESTEIRA,FALHA DE ESTEIRA
289,"FALHA NO CICLO AUTOMATICO DE TROCA DE MAGAZINE DE CARTÃO, GERANDO FALHA",falha no ciclo automatico de troca de magazine de cartao gerando falha,FALHA DE MAGAZINE,FALHA DE MAGAZINE
290,SENSOR BARREIRA SAÍDA DE PALETES,sensor barreira saida de paletes,FALHA DE SENSOR,FALHA DE SENSOR
291,TRAVAMENTO DO SSEGMENTOS DE GARRAFA NO REJEITOR EBS,travamento do ssegmentos de garrafa no rejeitor ebs,TRAVAMENTO DE SEGMENTOS,TRAVAMENTO DE SEGMENTOS
292,"TRANSPORTE FALHANDO DURANTE O PERCURSO, OCASIONANDO O TRAVAMENTO DOS PALETES.",transporte falhando durante o percurso ocasionando o travamento dos paletes,TRAVAMENTO DE TRANSPORTE,TRAVAMENTO DE TRANSPORTE
293,TRANSPORTE DO VIRADOR DE PACOTES COM O ROLAMENTO DANIFICADO GERANDO FALHA NO EQUIPAMENTO.,transporte do virador de pacotes com o rolamento danificado gerando falha no equipamento,FALHA DE ROLAMENTO,FALHA DE ROLAMENTO
294,TROCA DO TUBO DE ENCHIMENTO VALVULA 15,troca do tubo de enchimento valvula 15,FALHA DE VÁLVULA DE ENCHIMENTO,FALHA DE VALVULA DE ENCHIMENTO
295,EXCESSO DE FALÇO REJEITO( EXPULSANDO GARRAFAS NOVAS),excesso de falco rejeito expulsando garrafas novas,FALHA DE REJEIÇÃO,FALHA DE REJEICAO
296,"FALSA REJEIÇÃO DE GARRAFAS, CAMERA 4",falsa rejeicao de garrafas camera 4,FALHA DE LEITURA,FALHA DE LEITURA
297,"PARADA DE TRANSPORTES, SOBRECARGA ELETRICA",parada de transportes sobrecarga eletrica,TRAVAMENTO DE TRANSPORTE,TRAVAMENTO DE TRANSPORTE
298,PISTÃO DE ABERTURA DAS BORBOLETAS SOLTO 30008265260,pistao de abertura das borboletas solto 30008265260,FALHA DE ATUADOR DA VÁLVULA,FALHA DE ATUADOR DA VALVULA
299,FALHA ELÉTRICA DEVIDO CABO DE ALIMENTAÇÃO DO SERVO MOTOR DA GAIOLA ROMPIDO,falha eletrica devido cabo de alimentacao do servo motor da gaiola rompido,FALHA DE SERVO MOTOR,FALHA DE SERVO MOTOR
300,ENCHEDORA FORA DE SINCRONISMO.ORDEM- 30008265280.,enchedora fora de sincronismo ordem 30008265280,FALHA DE SINCRONISMO,FALHA DE SINCRONISMO
301,VENTOSAS TRAVADAS NA HORA DA PEGADA DAS CHAPAS NO MAGAZINE.,ventosas travadas na hora da pegada das chapas no magazine,FALHA DE MAGAZINE,FALHA DE MAGAZINE
302,ERRO SENSOR SAIDA DO PALLET 13140819,erro sensor saida do pallet 13140819,FALHA DE SENSOR,FALHA DE SENSOR
303,"EMPURRADOR PUXANDO TAMPA, GERANDO ENROSCO NO SISTEMA DE ABASTECIMENTO",empurrador puxando tampa gerando enrosco no sistema de abastecimento,ENROSCO DE TAMPAS,ENROSCO DE TAMPAS
304,ACIONAMENTO DA BARREIRA DE SEGURANÇA COM O PALLET EM MOVIMENTO PARA O ELEVADOR,acionamento da barreira de seguranca com o pallet em movimento para o elevador,FALHA DE ELEVADOR,FALHA DE ELEVADOR
305,"FALHA NO CICLO AUTOMATICO DE TROCA DE MAGAZINE DE CARTÃO, FOI PRECISO FAZER MANUAL",falha no ciclo automatico de troca de magazine de cartao foi preciso fazer manual,FALHA DE MAGAZINE,FALHA DE MAGAZINE
306,TAMPA ENROSCANDO NO EMPURRADOR NO CICLO DE DEPOSITO PARA O TRANSPORTE DE ALIMENTAÇÃO,tampa enroscando no empurrador no ciclo de deposito para o transporte de alimentacao,ENROSCO DE TAMPAS,ENROSCO DE TAMPAS
307,"PARAFUSO DO ALINHADOR DE CAIXA ,CAIU ,ENROSCANDO CAIXAS.",parafuso do alinhador de caixa caiu enroscando caixas,ENROSCO DE CAIXAS,ENROSCO DE CAIXAS
308,EXCESSO DE REJEITOS AJSUTES NOS PARAMETROS DA CAMERA,excesso de rejeitos ajsutes nos parametros da camera,FALHA DE REJEIÇÃO,FALHA DE REJEICAO
309,HASTE DO SENSOR ESTAVA TORTA ( ORDEM - 30008265446),haste do sensor estava torta ordem 30008265446,FALHA DE SENSOR,FALHA DE SENSOR
310,FALHA DE ENCHIMENTO VALVULA N°30 FEITO JUMP E TROCA DO BLOCO (30008265443),falha de enchimento valvula n 30 feito jump e troca do bloco 30008265443,FALHA DE VÁLVULA DE ENCHIMENTO,FALHA DE VALVULA DE ENCHIMENTO
311,ENROSCO NA RETIRADA DO QUADRO (ROMPIMENTO DO CABO DE ALIMENTAÇÃO DA BOBINA QUE ACIONA OS PISTÕES DE RETIRADA DO QUADRO(30008265417),enrosco na retirada do quadro rompimento do cabo de alimentacao da bobina que aciona os pistoes de retirada do quadro 30008265417,ROMPIMENTO DE FILME,ROMPIMENTO DE FILME
312,TROCA DA VALVULA NUMERO 39 (30008265435,troca da valvula numero 39 30008265435,FALHA DE VÁLVULA,FALHA DE VALVULA
313,PALETE TRAVADO / DESARME DE INVERSOR ORDEM 30008265350,palete travado desarme de inversor ordem 30008265350,FALHA DE INVERSOR,FALHA DE INVERSOR
314,AJUSTE NAS VENTOSAS DO PEGDOR DE CHAPATEX,ajuste nas ventosas do pegdor de chapatex,SEM MODO DE FALHA IDENTIFICADO,SEM MODO DE FALHA IDENTIFICADO
315,AJUSTE NAS VENTOSAS DO PEGADOR DE CHAPATEX 30008265341,ajuste nas ventosas do pegador de chapatex 30008265341,FALHA DE PEGADOR,FALHA DE PEGADOR
316,SENSOR NAO ESTAVA ATUANDO AO PUXAR GARRAFA PRA EMPACOTADORA,sensor nao estava atuando ao puxar garrafa pra empacotadora,FALHA DE SENSOR,FALHA DE SENSOR
317,EQUIPAMENTO DESLIGOU SEM GERAR ALARME (30008267903),equipamento desligou sem gerar alarme 30008267903,DESLIGAMENTO INDEVIDO DO EQUIPAMENTO,DESLIGAMENTO INDEVIDO DO EQUIPAMENTO
318,FALHA DE ENCODER DO EMPURADOR DE LATAS DA DESPALETIZADORA( 30008267932),falha de encoder do empurador de latas da despaletizadora 30008267932,FALHA DE ENCODER,FALHA DE ENCODER
319,FALHA DE BARREIRA NA SAIDA DO PALETE DE CARTÃO (30008267938),falha de barreira na saida do palete de cartao 30008267938,FALHA DE BARREIRA,FALHA DE BARREIRA
320,PACOTE ABERTO TEMPERATURA DO FORNO AUXILANDO,pacote aberto temperatura do forno auxilando,FALHA DE CONTROLE DE TEMPERATURA,FALHA DE CONTROLE DE TEMPERATURA
321,FALHA NO CICLO AUTOMATICO DE TROCA DE MAGAZINE DE CARTÃO,falha no ciclo automatico de troca de magazine de cartao,FALHA DE MAGAZINE,FALHA DE MAGAZINE
322,"FALHA DE ENCHIMENTO NA VALVULA Nº36 , EXCESSO DE NIVEL BAIXO EM VELOCIDADE NOMINAL",falha de enchimento na valvula no36 excesso de nivel baixo em velocidade nominal,FALHA DE VÁLVULA DE ENCHIMENTO,FALHA DE VALVULA DE ENCHIMENTO
323,"STOPPER ATUANDO NO MOMENTO ERRADO, FURANDO LATA E GERANDO FALHA NA FORMAÇÃO DE CAMADA",stopper atuando no momento errado furando lata e gerando falha na formacao de camada,FALHA DE FORMAÇÃO DE CAMADA,FALHA DE FORMACAO DE CAMADA
324,"TOPPER ATUANDO NO MOMENTO ERRADO, FURANDO LATA E GERANDO FALHA NA FORMAÇÃO DE CAMADA",topper atuando no momento errado furando lata e gerando falha na formacao de camada,FALHA DE FORMAÇÃO DE CAMADA,FALHA DE FORMACAO DE CAMADA
325,BARREIRA DE SEGURANÇA ENVOLVEDORA COM FALHA FOI FEITA AJUSTE DO SENSOR DO BYPASS 30008269951,barreira de seguranca envolvedora com falha foi feita ajuste do sensor do bypass 30008269951,FALHA DE SENSOR,FALHA DE SENSOR
326,AJUSTE DE VELOCIDADE NO INVERSOR DE FREQUENCIA DO TRP,ajuste de velocidade no inversor de frequencia do trp,FALHA DE INVERSOR,FALHA DE INVERSOR
327,BARREIRA DE SEGURANÇA ENVOLVEDORA COM FALHA FOI FEITA AJUSTE,barreira de seguranca envolvedora com falha foi feita ajuste,FALHA DE BARREIRA,FALHA DE BARREIRA
328,"FALHA DE PORTA ABERTA NA PORTA LATERAL, APÓS A MESA GIRATORIA",falha de porta aberta na porta lateral apos a mesa giratoria,FALHA DE PORTA DE SEGURANÇA,FALHA DE PORTA DE SEGURANCA
329,FALHA NO ENCHIMENTO DA VALVULA 15,falha no enchimento da valvula 15,FALHA DE VÁLVULA DE ENCHIMENTO,FALHA DE VALVULA DE ENCHIMENTO
330,QUEDA DO PARAFUSO DO STOPER DE CAIXAS,queda do parafuso do stoper de caixas,FALHA DE FIXAÇÃO,FALHA DE FIXACAO
331,TRAVAMENTO DE SEGIMENTO,travamento de segimento,TRAVAMENTO DE SEGMENTOS,TRAVAMENTO DE SEGMENTOS
332,FALHA NO SENSOR DE TAPETE DE SAIDA DA ENCHEDORA ( ORDEM 30008270462 ),falha no sensor de tapete de saida da enchedora ordem 30008270462,FALHA DE SENSOR,FALHA DE SENSOR
333,FALHA NO REJEITOR LINEAR,falha no rejeitor linear,FALHA DE REJEIÇÃO,FALHA DE REJEICAO
334,FALHA PRECAUÇÃO DE TRF REDOX BAIXO ORDEM: 30008272280,falha precaucao de trf redox baixo ordem 30008272280,FALHA DE CONTROLE DE PROCESSO,FALHA DE CONTROLE DE PROCESSO
335,TRAVAMENTO DO SEGMENTOS DE GARRAFA NO REJEITOR ENOS A100,travamento do segmentos de garrafa no rejeitor enos a100,TRAVAMENTO DE SEGMENTOS,TRAVAMENTO DE SEGMENTOS
336,"VALVULA 87 SAINDO COM NIVEL BAIXO E SAINDO VAZIA, FEITO O JUMPER DA 87 NA VALVULA 85",valvula 87 saindo com nivel baixo e saindo vazia feito o jumper da 87 na valvula 85,FALHA DE ENCHIMENTO,FALHA DE ENCHIMENTO
337,"FIO DO CORTE DE FILME DA ENVOLVEDORA ARREMENTOU, CORTE DO FILME FEITO MANUALMENTE - ORDEM: 30008270452",fio do corte de filme da envolvedora arrementou corte do filme feito manualmente ordem 30008270452,FALHA DE CORTE DE FILME,FALHA DE CORTE DE FILME
338,AJUSTES NOS PARAMETROS DO REJEITO ( ORDEM - 30008270511 ),ajustes nos parametros do rejeito ordem 30008270511,FALHA DE PARAMETRIZAÇÃO DO REJEITO,FALHA DE PARAMETRIZACAO DO REJEITO
339,FALHA DE ENCHIMENTOS CONCECUTIVOS E JUMP DA VALVULA N°44 ( ORDEM - 30008270509 ),falha de enchimentos concecutivos e jump da valvula n 44 ordem 30008270509,FALHA DE VÁLVULA DE ENCHIMENTO,FALHA DE VALVULA DE ENCHIMENTO
340,"FALHA DE ENCHIMENTO NA VALVULA Nº69, EXCESSO DE NIVEL BAIXO",falha de enchimento na valvula no69 excesso de nivel baixo,FALHA DE VÁLVULA DE ENCHIMENTO,FALHA DE VALVULA DE ENCHIMENTO
341,"EXCESSO DE REJEITO, RETIRANDO GARRAFAS COM RESIDUAL BEBIDA, RESPINGOS APÓS SYNCROJET E GARRAFAS COM CORPO ESTRANHO",excesso de rejeito retirando garrafas com residual bebida respingos apos syncrojet e garrafas com corpo estranho,FALHA DE REJEIÇÃO,FALHA DE REJEICAO
342,SENSOR LIMITANDO VELOCIDADE TRANSPORTE ABASTECIMENTO GARRAFAS,sensor limitando velocidade transporte abastecimento garrafas,FALHA DE SENSOR,FALHA DE SENSOR
343,"FALHA DE ENCHIMENTO ALEATÓRIO DAS VALVULAS DE ENCHIMENTO, COM JAMPER DAS VALVULAS..36/40..46/49,,39/37",falha de enchimento aleatorio das valvulas de enchimento com jamper das valvulas 36 40 46 49 39 37,FALHA DE VÁLVULA DE ENCHIMENTO,FALHA DE VALVULA DE ENCHIMENTO
344,"FALHA DE ENCHIMENTO ALEATÓRIO DAS VALVULAS DE ENCHIMENTO, COM JAMPER DAS VALVULAS..36/40..46/49,,39/37 ( ORDEM - 30008273181)",falha de enchimento aleatorio das valvulas de enchimento com jamper das valvulas 36 40 46 49 39 37 ordem 30008273181,FALHA DE VÁLVULA DE ENCHIMENTO,FALHA DE VALVULA DE ENCHIMENTO
345,GARRAFA TESTE FALHA EM SENSOR,garrafa teste falha em sensor,FALHA DE SENSOR,FALHA DE SENSOR
346,QUEBRA PARAFUSO DO FREIO NA ENCAIXATADORA ORDEM: 13126307,quebra parafuso do freio na encaixatadora ordem 13126307,QUEBRA DE PARAFUSO,QUEBRA DE PARAFUSO
347,ESTEIRA NA CURVA DO TRANSPORTE DA PALETIZADORA ESCAPOU,esteira na curva do transporte da paletizadora escapou,ESCAPE DE ESTEIRA,ESCAPE DE ESTEIRA
348,TRAVAMENTO DO SEGMENTO,travamento do segmento,TRAVAMENTO DE SEGMENTOS,TRAVAMENTO DE SEGMENTOS
349,TRAVAMENTO DE SEGMENTO,travamento de segmento,TRAVAMENTO DE SEGMENTOS,TRAVAMENTO DE SEGMENTOS
350,"VALVULA DE AGUA TRAVOU ABERTA, OCORRENDO TRANSBORDO DO TANQUE",valvula de agua travou aberta ocorrendo transbordo do tanque,TRAVAMENTO DE VÁLVULA,TRAVAMENTO DE VALVULA
351,SENSOR COM O CABO ROMPIDO ( ORDEM 30008273171 ),sensor com o cabo rompido ordem 30008273171,FALHA DE SENSOR,FALHA DE SENSOR
352,ATUADOR PNEUMÁTICO TARVADO,atuador pneumatico tarvado,TRAVAMENTO DE ATUADOR,TRAVAMENTO DE ATUADOR
353,"FALHA AUTOCALBRAÇÃO, RESPOSTA BAIXA OCASIONANDO FALSO REJEITO NO ENOS EBS",falha autocalbracao resposta baixa ocasionando falso rejeito no enos ebs,FALHA DE REJEIÇÃO,FALHA DE REJEICAO
354,VAZAMENTO NO BLOCO DE ELEVAÇÃO DA VALVULA 53. ORDEM- 30008272102,vazamento no bloco de elevacao da valvula 53 ordem 30008272102,VAZAMENTO EM VÁLVULA,VAZAMENTO EM VALVULA
355,"BEBIDA ESPUMANDO, FEITO ALTERAÇÕES NOS PARAMETROS DE ENCHIMENTO E NA PRESSÃO DO TANQUE CARBO. ORDEM- 30008272308",bebida espumando feito alteracoes nos parametros de enchimento e na pressao do tanque carbo ordem 30008272308,ESPUMAMENTO DE BEBIDA,ESPUMAMENTO DE BEBIDA
356,RINSER FORA DE SINCRONISMO. ORDEM- 30008272278,rinser fora de sincronismo ordem 30008272278,FALHA DE SINCRONISMO,FALHA DE SINCRONISMO
357,"FILME ESTOURANDO, COLOCADO CALÇO NO MANDRIL DE ENVOLVIMENTO.",filme estourando colocado calco no mandril de envolvimento,ROMPIMENTO DE FILME,ROMPIMENTO DE FILME
358,"FALHA DE TRAVAMENTO DA ESTEIRA DO TRANSPORTE DE LATAS, RETIRADA DE PARTE DANIFICADA (ORDEM - 30008273178)",falha de travamento da esteira do transporte de latas retirada de parte danificada ordem 30008273178,TRAVAMENTO DE ESTEIRA,TRAVAMENTO DE ESTEIRA
359,FALHA NA PASSAGEM DAS GARRAFA TESTE 18 E 8 CAUSANDO ATRASO NA PARTIDA DA LINHA,falha na passagem das garrafa teste 18 e 8 causando atraso na partida da linha,SEM MODO DE FALHA IDENTIFICADO,SEM MODO DE FALHA IDENTIFICADO
360,"RETIRADA DA ESTRELA DE SAIDA,DEVIDO A ENROSCO DE LATA 30008272324",retirada da estrela de saida devido a enrosco de lata 30008272324,ENROSCO DE LATAS,ENROSCO DE LATAS
361,NIVEL BAIXO DE BEBIDA NO RESERVATÓRIO DO DESAERADOR DEVIDO SENSOR DE NÍVEL EM FALHA,nivel baixo de bebida no reservatorio do desaerador devido sensor de nivel em falha,FALHA DE SENSOR,FALHA DE SENSOR
362,NIVEL BAIXO DE BEBIDA NO RESERVATÓRIO DO DESAERADOR,nivel baixo de bebida no reservatorio do desaerador,FALHA DE ENCHIMENTO,FALHA DE ENCHIMENTO
363,COMPIMENTO DO ELO DA ESTEIRA,compimento do elo da esteira,QUEBRA DE ELO DE ESTEIRA,QUEBRA DE ELO DE ESTEIRA
364,"BEBIDA ESPUMANDO, OCASIONANDO EM EXCESSO DE NIVEL BAIXO DURANTE O ENCHIMENTO 30008272708",bebida espumando ocasionando em excesso de nivel baixo durante o enchimento 30008272708,ESPUMAMENTO DE BEBIDA,ESPUMAMENTO DE BEBIDA
365,DESARME DA BOMBA DE RECIRCULAÇÃO DE AGUA DA REGUA ULTRA SONICA 300082728118,desarme da bomba de recirculacao de agua da regua ultra sonica 300082728118,FALHA DE BOMBA,FALHA DE BOMBA
366,ESTEIRA DA SAIDA DO FORNO QUEBROU - ORDEM:30008273165,esteira da saida do forno quebrou ordem 30008273165,QUEBRA DE ESTEIRA,QUEBRA DE ESTEIRA
367,"ENGRENAGEM DANIFICADA, QUEDA DE ESTEIRA",engrenagem danificada queda de esteira,FALHA DE ENGRENAGEM,FALHA DE ENGRENAGEM
368,ESPELHO DA BANDEIROLA./ORDEM.30008274639,espelho da bandeirola ordem 30008274639,FALHA DE SENSOR,FALHA DE SENSOR
369,"TRAVAMENTO NA ENTRADA ENTRE O CARACOL E A ESTRELA DE ENTRADA ,TIRANDO FORA DE SINCRONISMO ,GUIAS DE ENTRADA SOLTO .ORDEM.30008274680",travamento na entrada entre o caracol e a estrela de entrada tirando fora de sincronismo guias de entrada solto ordem 30008274680,FALHA DE SINCRONISMO,FALHA DE SINCRONISMO
370,"CHAPA DE PASSAGEM ALTA,CAUSANDO O ENROSCO DO PACOTE NO CANAL ( B ) DO DEVEICER",chapa de passagem alta causando o enrosco do pacote no canal b do deveicer,ENROSCO DE PACOTES,ENROSCO DE PACOTES
371,CRASH DE LATA NA SAIDA DA HEUFT POR LATA SAINDO VAZIA,crash de lata na saida da heuft por lata saindo vazia,FALHA DE ENCHIMENTO,FALHA DE ENCHIMENTO
372,FALHA DE SINAL DE ENTRADA ANÁLOGA ADMISSÍVEL ( BAILARINA SOBE E NÃO DESCE),falha de sinal de entrada analoga admissivel bailarina sobe e nao desce,FALHA DE BAILARINA,FALHA DE BAILARINA
373,PASSANDO LATA A MAIS NO SISTEMA DE FORMAÇÃO DE PACOTE,passando lata a mais no sistema de formacao de pacote,FALHA DE CONTAGEM DE PRODUTO,FALHA DE CONTAGEM DE PRODUTO
374,"VELOCIDADE REDUZIDA, EXCESSO DE NIVEL BAIXO POR FALHAS DE ENCHIMENTO EM VALVULAS JAMPEADAS",velocidade reduzida excesso de nivel baixo por falhas de enchimento em valvulas jampeadas,FALHA DE VÁLVULA DE ENCHIMENTO,FALHA DE VALVULA DE ENCHIMENTO
375,FALHA SENSOR INSPEÇÃO TAMPA (SENSOR QUEBRADO) ORDEM: 13142752,falha sensor inspecao tampa sensor quebrado ordem 13142752,FALHA DE SENSOR,FALHA DE SENSOR
376,"TRAVAMENTO PISTÃO DO CAPSULADOR, OCASIONANDO ENROSCO DE TAMPA ORDEM: 30007977072",travamento pistao do capsulador ocasionando enrosco de tampa ordem 30007977072,TRAVAMENTO DE ATUADOR,TRAVAMENTO DE ATUADOR
377,TRAVAMENTO SEGMENTOS DE GARRAFA NO REJEITO ENOS A100,travamento segmentos de garrafa no rejeito enos a100,TRAVAMENTO DE SEGMENTOS,TRAVAMENTO DE SEGMENTOS
378,ESTEIRA NA CURVA DO TRANSPORTE DA PALETIZADORA ESCAPOU,esteira na curva do transporte da paletizadora escapou,ESCAPE DE ESTEIRA,ESCAPE DE ESTEIRA
379,VARIAÇÃO DE NIVEL DA VALVULA 132,variacao de nivel da valvula 132,FALHA DE VÁLVULA DE ENCHIMENTO,FALHA DE VALVULA DE ENCHIMENTO
380,AJUSTE NO JATO DE AGUA NO GARGALO,ajuste no jato de agua no gargalo,SEM MODO DE FALHA IDENTIFICADO,SEM MODO DE FALHA IDENTIFICADO
381,PINÇA DA ESTRELA DE SAÍDA DANIFICADA NOTA N°30008274610,pinca da estrela de saida danificada nota n 30008274610,FALHA DE PINÇA,FALHA DE PINCA
382,INSPEÇÃO DO ROLO PORTA BOBINA DA ENVOLVEDORA DE PALETES 30008274712,inspecao do rolo porta bobina da envolvedora de paletes 30008274712,FALHA DE INSPEÇÃO,FALHA DE INSPECAO
383,"CABO DE ALIMENTAÇÃO DA RESISTENCIA SOLTO, OCASIONANDO FALHA NA SOLDAGEM DE FILME A EMPACOTADORA",cabo de alimentacao da resistencia solto ocasionando falha na soldagem de filme a empacotadora,FALHA DE SOLDA DE FILME,FALHA DE SOLDA DE FILME
384,FALHA NO EIXO DE ENVOLVIMENTO DO FILME,falha no eixo de envolvimento do filme,FALHA DE ENVOLVIMENTO,FALHA DE ENVOLVIMENTO
385,FALHA NA TROCA DO PALLET DE CARTÃO EM MODO AUTOMATICO,falha na troca do pallet de cartao em modo automatico,FALHA NA TROCA DE PALETE DE CARTÃO,FALHA NA TROCA DE PALETE DE CARTAO
386,"CHAPA DE PASSAGEM ALTA,CAUSANDO O ENROSCO DO PACOTE NO CANAL ( B ) DO DEVEICER, NOTA : 13144221",chapa de passagem alta causando o enrosco do pacote no canal b do deveicer nota 13144221,ENROSCO DE PACOTES,ENROSCO DE PACOTES
387,"FALHA DE ENCHIMENTO EM VÁLVULAS, GERANDO ELEVADO ÍNDICE DE REJEITOS E SOBRECARREGANDO O DEPOSITO DE REJEITO",falha de enchimento em valvulas gerando elevado indice de rejeitos e sobrecarregando o deposito de rejeito,FALHA DE VÁLVULA DE ENCHIMENTO,FALHA DE VALVULA DE ENCHIMENTO
388,TROCA DE VENTOSA,troca de ventosa,FALHA DE VENTOSA,FALHA DE VENTOSA
389,ESTEIRAS SAINDO DE POSIÇÃO A PONTO DE ABRIR O TRANSPORTE.,esteiras saindo de posicao a ponto de abrir o transporte,ESCAPE DE ESTEIRA,ESCAPE DE ESTEIRA
390,"QUEDA DE LATA NA SAIDA DO TWISTER,PÓS FILTEC",queda de lata na saida do twister pos filtec,FALHA DE INSPEÇÃO,FALHA DE INSPECAO
391,SNIFER DA VÁLVULA 57 TRAVADO FOI RETIRADA PARA REPARO,snifer da valvula 57 travado foi retirada para reparo,TRAVAMENTO DE VÁLVULA,TRAVAMENTO DE VALVULA
392,QUEBRA DA VÁLVULA DE PRESSÃO DO SEGURADOR DE CAIXAS. (30008275548),quebra da valvula de pressao do segurador de caixas 30008275548,FALHA DE VÁLVULA,FALHA DE VALVULA
393,QUEIMA DA PLACA ELETRÔNICA DE REDE. 30008275571,queima da placa eletronica de rede 30008275571,FALHA DE COMUNICAÇÃO,FALHA DE COMUNICACAO
394,FALHA EM TRANSPORTE PRÓXIMO APO VISOR GERANDO QUEDA DE GARRAFAS,falha em transporte proximo apo visor gerando queda de garrafas,QUEDA DE GARRAFAS,QUEDA DE GARRAFAS
395,TRAVAMENTO SEGMENTOS NO REJEITO ENOS EBS,travamento segmentos no rejeito enos ebs,TRAVAMENTO DE SEGMENTOS,TRAVAMENTO DE SEGMENTOS
396,DESARME DO PAINEL DE COMANDOS ELETRICOS,desarme do painel de comandos eletricos,DESARME DE PAINEL DE COMANDO,DESARME DE PAINEL DE COMANDO
397,FALHA NA EMPACOTADORA / PARADA DO TRANSPORTE NO SENSOR DA CURVA DE SUBIDA PARA PALETIZADORA.,falha na empacotadora parada do transporte no sensor da curva de subida para paletizadora,FALHA DE SENSOR,FALHA DE SENSOR
398,"ENGRENAGEM DANIFICADA, QUEDA DE ESTEIRA",engrenagem danificada queda de esteira,FALHA DE ENGRENAGEM,FALHA DE ENGRENAGEM
399,ESPELHO DA BANDEIROLA./ORDEM.30008274639,espelho da bandeirola ordem 30008274639,FALHA DE SENSOR,FALHA DE SENSOR
400,"TRAVAMENTO NA ENTRADA ENTRE O CARACOL E A ESTRELA DE ENTRADA ,TIRANDO FORA DE SINCRONISMO ,GUIAS DE ENTRADA SOLTO .ORDEM.30008274680",travamento na entrada entre o caracol e a estrela de entrada tirando fora de sincronismo guias de entrada solto ordem 30008274680,FALHA DE SINCRONISMO,FALHA DE SINCRONISMO
401,"CHAPA DE PASSAGEM ALTA,CAUSANDO O ENROSCO DO PACOTE NO CANAL ( B ) DO DEVEICER",chapa de passagem alta causando o enrosco do pacote no canal b do deveicer,ENROSCO DE PACOTES,ENROSCO DE PACOTES
402,CRASH DE LATA NA SAIDA DA HEUFT POR LATA SAINDO VAZIA,crash de lata na saida da heuft por lata saindo vazia,FALHA DE ENCHIMENTO,FALHA DE ENCHIMENTO
403,FALHA DE SINAL DE ENTRADA ANÁLOGA ADMISSÍVEL ( BAILARINA SOBE E NÃO DESCE),falha de sinal de entrada analoga admissivel bailarina sobe e nao desce,FALHA DE BAILARINA,FALHA DE BAILARINA
404,PASSANDO LATA A MAIS NO SISTEMA DE FORMAÇÃO DE PACOTE,passando lata a mais no sistema de formacao de pacote,FALHA DE CONTAGEM DE PRODUTO,FALHA DE CONTAGEM DE PRODUTO
405,"VELOCIDADE REDUZIDA, EXCESSO DE NIVEL BAIXO POR FALHAS DE ENCHIMENTO EM VALVULAS JAMPEADAS",velocidade reduzida excesso de nivel baixo por falhas de enchimento em valvulas jampeadas,FALHA DE VÁLVULA DE ENCHIMENTO,FALHA DE VALVULA DE ENCHIMENTO
406,FALHA SENSOR INSPEÇÃO TAMPA (SENSOR QUEBRADO) ORDEM: 13142752,falha sensor inspecao tampa sensor quebrado ordem 13142752,FALHA DE SENSOR,FALHA DE SENSOR
407,"TRAVAMENTO PISTÃO DO CAPSULADOR, OCASIONANDO ENROSCO DE TAMPA ORDEM: 30007977072",travamento pistao do capsulador ocasionando enrosco de tampa ordem 30007977072,TRAVAMENTO DE ATUADOR,TRAVAMENTO DE ATUADOR
408,TRAVAMENTO SEGMENTOS DE GARRAFA NO REJEITO ENOS A100,travamento segmentos de garrafa no rejeito enos a100,TRAVAMENTO DE SEGMENTOS,TRAVAMENTO DE SEGMENTOS
409,ESTEIRA NA CURVA DO TRANSPORTE DA PALETIZADORA ESCAPOU,esteira na curva do transporte da paletizadora escapou,ESCAPE DE ESTEIRA,ESCAPE DE ESTEIRA
410,VARIAÇÃO DE NIVEL DA VALVULA 132,variacao de nivel da valvula 132,FALHA DE VÁLVULA DE ENCHIMENTO,FALHA DE VALVULA DE ENCHIMENTO
411,AJUSTE NO JATO DE AGUA NO GARGALO,ajuste no jato de agua no gargalo,SEM MODO DE FALHA IDENTIFICADO,SEM MODO DE FALHA IDENTIFICADO
412,PINÇA DA ESTRELA DE SAÍDA DANIFICADA NOTA N°30008274610,pinca da estrela de saida danificada nota n 30008274610,FALHA DE PINÇA,FALHA DE PINCA
413,INSPEÇÃO DO ROLO PORTA BOBINA DA ENVOLVEDORA DE PALETES 30008274712,inspecao do rolo porta bobina da envolvedora de paletes 30008274712,FALHA DE INSPEÇÃO,FALHA DE INSPECAO
414,"CABO DE ALIMENTAÇÃO DA RESISTENCIA SOLTO, OCASIONANDO FALHA NA SOLDAGEM DE FILME A EMPACOTADORA",cabo de alimentacao da resistencia solto ocasionando falha na soldagem de filme a empacotadora,FALHA DE SOLDA DE FILME,FALHA DE SOLDA DE FILME
415,FALHA NO EIXO DE ENVOLVIMENTO DO FILME,falha no eixo de envolvimento do filme,FALHA DE ENVOLVIMENTO,FALHA DE ENVOLVIMENTO
416,FALHA NA TROCA DO PALLET DE CARTÃO EM MODO AUTOMATICO,falha na troca do pallet de cartao em modo automatico,FALHA NA TROCA DE PALETE DE CARTÃO,FALHA NA TROCA DE PALETE DE CARTAO
417,"CHAPA DE PASSAGEM ALTA,CAUSANDO O ENROSCO DO PACOTE NO CANAL ( B ) DO DEVEICER, NOTA : 13144221",chapa de passagem alta causando o enrosco do pacote no canal b do deveicer nota 13144221,ENROSCO DE PACOTES,ENROSCO DE PACOTES
418,"FALHA DE ENCHIMENTO EM VÁLVULAS, GERANDO ELEVADO ÍNDICE DE REJEITOS E SOBRECARREGANDO O DEPOSITO DE REJEITO",falha de enchimento em valvulas gerando elevado indice de rejeitos e sobrecarregando o deposito de rejeito,FALHA DE VÁLVULA DE ENCHIMENTO,FALHA DE VALVULA DE ENCHIMENTO
419,TROCA DE VENTOSA,troca de ventosa,FALHA DE VENTOSA,FALHA DE VENTOSA
420,ESTEIRAS SAINDO DE POSIÇÃO A PONTO DE ABRIR O TRANSPORTE.,esteiras saindo de posicao a ponto de abrir o transporte,ESCAPE DE ESTEIRA,ESCAPE DE ESTEIRA
421,"QUEDA DE LATA NA SAIDA DO TWISTER,PÓS FILTEC",queda de lata na saida do twister pos filtec,FALHA DE INSPEÇÃO,FALHA DE INSPECAO
422,SNIFER DA VÁLVULA 57 TRAVADO FOI RETIRADA PARA REPARO,snifer da valvula 57 travado foi retirada para reparo,TRAVAMENTO DE VÁLVULA,TRAVAMENTO DE VALVULA
423,QUEBRA DA VÁLVULA DE PRESSÃO DO SEGURADOR DE CAIXAS. (30008275548),quebra da valvula de pressao do segurador de caixas 30008275548,FALHA DE VÁLVULA,FALHA DE VALVULA
424,QUEIMA DA PLACA ELETRÔNICA DE REDE. 30008275571,queima da placa eletronica de rede 30008275571,FALHA DE COMUNICAÇÃO,FALHA DE COMUNICACAO
425,FALHA EM TRANSPORTE PRÓXIMO APO VISOR GERANDO QUEDA DE GARRAFAS,falha em transporte proximo apo visor gerando queda de garrafas,QUEDA DE GARRAFAS,QUEDA DE GARRAFAS
426,TRAVAMENTO SEGMENTOS NO REJEITO ENOS EBS,travamento segmentos no rejeito enos ebs,TRAVAMENTO DE SEGMENTOS,TRAVAMENTO DE SEGMENTOS
427,DESARME DO PAINEL DE COMANDOS ELETRICOS,desarme do painel de comandos eletricos,DESARME DE PAINEL DE COMANDO,DESARME DE PAINEL DE COMANDO
428,FALHA NA EMPACOTADORA / PARADA DO TRANSPORTE NO SENSOR DA CURVA DE SUBIDA PARA PALETIZADORA.,falha na empacotadora parada do transporte no sensor da curva de subida para paletizadora,FALHA DE SENSOR,FALHA DE SENSOR
429,CORREÇÃO VELOCIDADE DOS MOTORES DO TRANSPORTE DE LATA VAZIA 30008283964,correcao velocidade dos motores do transporte de lata vazia 30008283964,FALHA DE VELOCIDADE DO TRANSPORTE,FALHA DE VELOCIDADE DO TRANSPORTE
430,AJUSTE NOS PARAMETROS DE SENSIBILIDADE DA PRESSCO,ajuste nos parametros de sensibilidade da pressco,FALHA DE INSPEÇÃO,FALHA DE INSPECAO
431,TRAVAMENTO DO SEGMENTOS DE GARRAFA NO REJEITOR EBS,travamento do segmentos de garrafa no rejeitor ebs,TRAVAMENTO DE SEGMENTOS,TRAVAMENTO DE SEGMENTOS
432,FALHA TRANSPORTE NA SAIDSA DA DESENCAIXATADORA DESARMOU 30008283967,falha transporte na saidsa da desencaixatadora desarmou 30008283967,DESARME DE TRANSPORTE,DESARME DE TRANSPORTE
433,TRAVAMENTO DO SEGMENTOS DE GARRAFAS NO REJEITO EBS,travamento do segmentos de garrafas no rejeito ebs,TRAVAMENTO DE SEGMENTOS,TRAVAMENTO DE SEGMENTOS
434,TRAVAMENTO DO REJEITOR EBS,travamento do rejeitor ebs,FALHA DE REJEIÇÃO,FALHA DE REJEICAO
435,"FALHA TRANSPORTE, OCASIONANDO QUEDA DE GARRAFAS NA ENTRADA DA ENCAIXATADORA",falha transporte ocasionando queda de garrafas na entrada da encaixatadora,QUEDA DE GARRAFAS,QUEDA DE GARRAFAS
436,PALETIZADORA PEGANDO CAIXA A MENOS,paletizadora pegando caixa a menos,FALHA NA PEGADA DE CAMADA,FALHA NA PEGADA DE CAMADA
437,FALHA NA CHAVE DE SEGURANÇA DO DESCAPSULADOR,falha na chave de seguranca do descapsulador,FALHA DE DESCAPSULAMENTO,FALHA DE DESCAPSULAMENTO
438,ROSCA DA VENTOSA ESPANADA CAUSANDO FALHA DE VACUO (30008290089),rosca da ventosa espanada causando falha de vacuo 30008290089,FALHA DE VENTOSA,FALHA DE VENTOSA
439,FALHA NO ACIONAMENTO DA VÁLVULA BORBOLETA,falha no acionamento da valvula borboleta,FALHA DE VÁLVULA,FALHA DE VALVULA
440,CHUTADOR COLIDINDO COM A GARRAFA NO TRANSPORTE,chutador colidindo com a garrafa no transporte,FALHA DE REJEIÇÃO,FALHA DE REJEICAO
441,TWISTER COM GUIA TORTO CAUSANDO ENROSCO DE LATAS EM PARTIDAS DA ENCHEDORA,twister com guia torto causando enrosco de latas em partidas da enchedora,DEFORMAÇÃO/DESALINHAMENTO DE GUIA,DEFORMACAO DESALINHAMENTO DE GUIA
442,TWISTER COM GUIA TORTO CAUSANDO ENROSCO DE LATAS EM PARTIDAS DA ENCHEDORA,twister com guia torto causando enrosco de latas em partidas da enchedora,DEFORMAÇÃO/DESALINHAMENTO DE GUIA,DEFORMACAO DESALINHAMENTO DE GUIA
443,ENROSCO DE LATAS NO TWISTER DE ENTRADA,enrosco de latas no twister de entrada,ENROSCO DE LATAS,ENROSCO DE LATAS
444,ENROSCO DE LATA NO TWISTER DE ENTRADA,enrosco de lata no twister de entrada,ENROSCO DE LATAS,ENROSCO DE LATAS
445,"FALHA DE ENCHIMENTO, VALVULAS JAMPEADAS GERANDO VARIAÇÃO DE NIVEEIS COM PERCA ALTA DE LATA",falha de enchimento valvulas jampeadas gerando variacao de niveeis com perca alta de lata,FALHA DE VÁLVULA DE ENCHIMENTO,FALHA DE VALVULA DE ENCHIMENTO
446,"PERDA NA CONTAGEM, MASTERIZAÇÃO DO EQUIPAMENTO E RESET",perda na contagem masterizacao do equipamento e reset,PERDA DE REFERÊNCIA,PERDA DE REFERENCIA
447,PERDA NA CONTAGEM .OBS.É FEITO O RESETE ATE O MANIPULADOR VOLTAR AO NORMAL.,perda na contagem obs e feito o resete ate o manipulador voltar ao normal,FALHA DE CONTAGEM,FALHA DE CONTAGEM
448,"CABEÇA DA ENCHEDORA SE MOVIMENTANDO ,MOTO REDUTOR DE FREIO COM PROBLEMA.",cabeca da enchedora se movimentando moto redutor de freio com problema,FALHA DE REDUTOR,FALHA DE REDUTOR
449,FALHA PRESSÃO NO CABEÇOTE DA ENCHEDORA ORDEM 30008291471,falha pressao no cabecote da enchedora ordem 30008291471,FALHA DE PRESSURIZAÇÃO DA ENCHEDORA,FALHA DE PRESSURIZACAO DA ENCHEDORA
450,"FALHA TRANSPORTE NO DESCAPSULADOR, FOI REDUZIDA A VELOCIDADE, OCASIONANDO QUEDA DE GARRAFAS",falha transporte no descapsulador foi reduzida a velocidade ocasionando queda de garrafas,FALHA DE VELOCIDADE DO TRANSPORTE,FALHA DE VELOCIDADE DO TRANSPORTE
451,TROCA DE UMA PARTE DA ESTEIRA DA MESA DE ARRASTE,troca de uma parte da esteira da mesa de arraste,FALHA DE ESTEIRA,FALHA DE ESTEIRA
452,TROCA DE UMA PARTE DA ESTEIRA MESA DE ARRASTE,troca de uma parte da esteira mesa de arraste,FALHA DE ESTEIRA,FALHA DE ESTEIRA
453,TROCA DE UM PARTE DA ESTEIRA MESA DE ARRASTE,troca de um parte da esteira mesa de arraste,FALHA DE ESTEIRA,FALHA DE ESTEIRA
454,DANIFICANDO O FINISH DA GARRAFA ( ORDEM - 30008291611),danificando o finish da garrafa ordem 30008291611,DANIFICAÇÃO DE GARRAFAS,DANIFICACAO DE GARRAFAS
455,DANIFICANDO O FINISH DA GARRAFA,danificando o finish da garrafa,DANIFICAÇÃO DE GARRAFAS,DANIFICACAO DE GARRAFAS
456,SENSOR FORA DE POSIÇÃO,sensor fora de posicao,FALHA DE SENSOR,FALHA DE SENSOR
457,FALTANDO UMA FAIXA NA RAMPA DE SUBIDA DO FILME PARA ENVOLVIMENTO,faltando uma faixa na rampa de subida do filme para envolvimento,FALHA DE ENVOLVIMENTO,FALHA DE ENVOLVIMENTO
458,REGUA DE ARRASTE DANIFICADO O EMCAICHE,regua de arraste danificado o emcaiche,FALHA DE RÉGUA DE ARRASTE,FALHA DE REGUA DE ARRASTE
459,ELO DO TRANSPORTE DA EMPACOTADORA QUEBROU,elo do transporte da empacotadora quebrou,QUEBRA DE TRANSPORTE,QUEBRA DE TRANSPORTE
460,SENSOR DO SISTEMA DE ELEVAÇÃO PALETES NA ENVOLVEDORA SAIU DE POSIÇÃO 30008291475,sensor do sistema de elevacao paletes na envolvedora saiu de posicao 30008291475,FALHA DE SENSOR,FALHA DE SENSOR
461,SENSOR DE ACIONAMENTO DA REGUA DE LAVAGEM DE GFS E LIMPEZA DO TUBO DE AR FORA DE FOCO. ORDEM 30008291529,sensor de acionamento da regua de lavagem de gfs e limpeza do tubo de ar fora de foco ordem 30008291529,FALHA DE SENSOR,FALHA DE SENSOR
462,CURTO NO FIO DA CAIXA DA SAIDA DE PACOTES PARANDO AS DUAS ESTEIRA 30008291570,curto no fio da caixa da saida de pacotes parando as duas esteira 30008291570,CURTO-CIRCUITO,CURTO CIRCUITO
463,CURTO NO FIO DA CAIXA DA SAIDA DE PACOTES PARANDO AS DUAS ESTEIRA,curto no fio da caixa da saida de pacotes parando as duas esteira,CURTO-CIRCUITO,CURTO CIRCUITO
464,FALHA NO INVERSOR DE ROTACAO,falha no inversor de rotacao,FALHA DE INVERSOR,FALHA DE INVERSOR
465,"FALHA DE ENCHIMENTO NAS VALVULAS 49 E 50, FOI REALIZADO A TROCA COMPLETA DA VALVULA 49 E O BLOCO DA 50",falha de enchimento nas valvulas 49 e 50 foi realizado a troca completa da valvula 49 e o bloco da 50,FALHA DE VÁLVULA DE ENCHIMENTO,FALHA DE VALVULA DE ENCHIMENTO
467,PACOTES MAL FORMADOS CAUSANDO ENROSCO NA MESA DE CARGA DA PALETIZADORA,pacotes mal formados causando enrosco na mesa de carga da paletizadora,ENROSCO DE PACOTES,ENROSCO DE PACOTES
468,FALHA NO SINCRONISMO DO CORTE DO FILME GERANDO ENROSCO DO MESMO NO ROLO ESTICADOR,falha no sincronismo do corte do filme gerando enrosco do mesmo no rolo esticador,FALHA DE CORTE DE FILME,FALHA DE CORTE DE FILME
469,PACOTES ABERTOS OCASIONANDO ENROSCO NA MESA DE CARGA DA PALETIZADORA,pacotes abertos ocasionando enrosco na mesa de carga da paletizadora,ENROSCO DE PACOTES,ENROSCO DE PACOTES
470,FALHA NO CICLO DE CORTE DE FILME,falha no ciclo de corte de filme,FALHA DE CORTE DE FILME,FALHA DE CORTE DE FILME
471,TROCA DA FACA,troca da faca,FALHA DE FACA,FALHA DE FACA
472,FALHA NO CICLO DE CORTE DE FILME ( FALHA NO ENVOLVIMENTO),falha no ciclo de corte de filme falha no envolvimento,FALHA DE CORTE DE FILME,FALHA DE CORTE DE FILME
473,FALHA NO SINCRONISMO DO CORTE DO FILME GERANDO ERRO DE ENVOLVIMENTO E PACOTES ABERTOS,falha no sincronismo do corte do filme gerando erro de envolvimento e pacotes abertos,FALHA DE CORTE DE FILME,FALHA DE CORTE DE FILME
474,FALHA NA VALVULA DE PROCESSO KB1 Q136 (ORDEM: 30008294287),falha na valvula de processo kb1 q136 ordem 30008294287,FALHA DE VÁLVULA,FALHA DE VALVULA
475,BEBIDA ESPUMANDO (ORDEM: 30008294289),bebida espumando ordem 30008294289,ESPUMAMENTO DE BEBIDA,ESPUMAMENTO DE BEBIDA
476,FALHA DE ENCHIMENTO NA VALVULA 57 - VAZAMENTO NO BLOCO,falha de enchimento na valvula 57 vazamento no bloco,VAZAMENTO EM VÁLVULA,VAZAMENTO EM VALVULA
477,PACOTE ABERTO POR CONTA DA CINTA DE ENVOLVIMENTO,pacote aberto por conta da cinta de envolvimento,FALHA DE ENVOLVIMENTO,FALHA DE ENVOLVIMENTO
478,ROCA DE UMA PARTE DA ESTEIRA DA MESA DE ARRASTE,roca de uma parte da esteira da mesa de arraste,FALHA DE ESTEIRA,FALHA DE ESTEIRA
479,PALETIZADORA PERDEU A CONTAGEM,paletizadora perdeu a contagem,FALHA DE CONTAGEM,FALHA DE CONTAGEM
480,"MESA DE ENVOLVIMENTO COM DEGRAU, TOMBANDO GARRAFAS30008294359",mesa de envolvimento com degrau tombando garrafas30008294359,ENROSCO DE GARRAFAS,ENROSCO DE GARRAFAS
482,"FALHA DE ENCHIMENTO NAS VALVULAS 34, 35, 49 E 50",falha de enchimento nas valvulas 34 35 49 e 50,FALHA DE VÁLVULA DE ENCHIMENTO,FALHA DE VALVULA DE ENCHIMENTO
483,"APÓS PARTIDA VALVULAS 34,35,49 E 50 APRESENTANDO FALHAR DE ENCHIMENTO TODA VOLTA",apos partida valvulas 34 35 49 e 50 apresentando falhar de enchimento toda volta,FALHA DE VÁLVULA DE ENCHIMENTO,FALHA DE VALVULA DE ENCHIMENTO
484,VELOCIDADE REDUZIDA EXCESSO DE NIVEL BAIXO EM VELOCIDADE NOMINAL,velocidade reduzida excesso de nivel baixo em velocidade nominal,FALHA DE ENCHIMENTO,FALHA DE ENCHIMENTO
485,VELOCIDADE REDUZIDA EXESSO DE NIVEL BAIXO EM VELOCIDADE NOMINAL,velocidade reduzida exesso de nivel baixo em velocidade nominal,FALHA DE ENCHIMENTO,FALHA DE ENCHIMENTO
486,ENROSCO DE LATAS NO RINSER CAUSADO PARADAS NA ENCHEDORA POR FALTA DE LATAS,enrosco de latas no rinser causado paradas na enchedora por falta de latas,ENROSCO DE LATAS,ENROSCO DE LATAS
487,FALHA NA VALVULA DE PROCESSO KB1 Q136 (ORDEM: 30008294287),falha na valvula de processo kb1 q136 ordem 30008294287,FALHA DE VÁLVULA,FALHA DE VALVULA
488,BEBIDA ESPUMANDO (ORDEM: 30008294289),bebida espumando ordem 30008294289,ESPUMAMENTO DE BEBIDA,ESPUMAMENTO DE BEBIDA
489,FALHA DE ENCHIMENTO NA VALVULA 57 - VAZAMENTO NO BLOCO,falha de enchimento na valvula 57 vazamento no bloco,VAZAMENTO EM VÁLVULA,VAZAMENTO EM VALVULA
490,PACOTE ABERTO POR CONTA DA CINTA DE ENVOLVIMENTO,pacote aberto por conta da cinta de envolvimento,FALHA DE ENVOLVIMENTO,FALHA DE ENVOLVIMENTO
491,ROCA DE UMA PARTE DA ESTEIRA DA MESA DE ARRASTE,roca de uma parte da esteira da mesa de arraste,FALHA DE ESTEIRA,FALHA DE ESTEIRA
492,PALETIZADORA PERDEU A CONTAGEM,paletizadora perdeu a contagem,FALHA DE CONTAGEM,FALHA DE CONTAGEM
493,"MESA DE ENVOLVIMENTO COM DEGRAU, TOMBANDO GARRAFAS30008294359",mesa de envolvimento com degrau tombando garrafas30008294359,ENROSCO DE GARRAFAS,ENROSCO DE GARRAFAS
495,"FALHA DE ENCHIMENTO NAS VALVULAS 34, 35, 49 E 50",falha de enchimento nas valvulas 34 35 49 e 50,FALHA DE VÁLVULA DE ENCHIMENTO,FALHA DE VALVULA DE ENCHIMENTO
496,"APÓS PARTIDA VALVULAS 34,35,49 E 50 APRESENTANDO FALHAR DE ENCHIMENTO TODA VOLTA",apos partida valvulas 34 35 49 e 50 apresentando falhar de enchimento toda volta,FALHA DE VÁLVULA DE ENCHIMENTO,FALHA DE VALVULA DE ENCHIMENTO
497,VELOCIDADE REDUZIDA EXCESSO DE NIVEL BAIXO EM VELOCIDADE NOMINAL,velocidade reduzida excesso de nivel baixo em velocidade nominal,FALHA DE ENCHIMENTO,FALHA DE ENCHIMENTO
498,VELOCIDADE REDUZIDA EXESSO DE NIVEL BAIXO EM VELOCIDADE NOMINAL,velocidade reduzida exesso de nivel baixo em velocidade nominal,FALHA DE ENCHIMENTO,FALHA DE ENCHIMENTO
499,ENROSCO DE LATAS NO RINSER CAUSADO PARADAS NA ENCHEDORA POR FALTA DE LATAS,enrosco de latas no rinser causado paradas na enchedora por falta de latas,ENROSCO DE LATAS,ENROSCO DE LATAS
500,ENROSCO DE LATAS NO RINSER CAUSADO PARADAS NA ENCHEDORA POR FALTA DE LATAS,enrosco de latas no rinser causado paradas na enchedora por falta de latas,ENROSCO DE LATAS,ENROSCO DE LATAS
501,ENROSCO DE LATAS NO RINSER CAUSADO PARADAS NA ENCHEDORA POR FALTA DE LATAS,enrosco de latas no rinser causado paradas na enchedora por falta de latas,ENROSCO DE LATAS,ENROSCO DE LATAS
502,ESCAPE DA TAMPA DO PRE ESGUICHO,escape da tampa do pre esguicho,FALHA DE FIXAÇÃO,FALHA DE FIXACAO
503,"PROBLEMA NO MOTO REDUTOR DE FREIO,CAUSANDO MOVIMENTAÇÃO DA CABEÇA DA ENCHEDORA.",problema no moto redutor de freio causando movimentacao da cabeca da enchedora,FALHA DE REDUTOR,FALHA DE REDUTOR
504,"PROBLEMA NO MOTO REDUTOR DE FREIO,CAUSANDO MOVIMENTAÇÃO DA CABEÇA DA ENCHEDORA.",problema no moto redutor de freio causando movimentacao da cabeca da enchedora,FALHA DE REDUTOR,FALHA DE REDUTOR
505,"DEVIDO AO PROBLEMA DOS CRACH ,TIVEMOS QUE REDUZIR A VELOCIDADE DA ENCHEDORA.OBS POIS TEM QUE TROCAR OS NALON.",devido ao problema dos crach tivemos que reduzir a velocidade da enchedora obs pois tem que trocar os nalon,ENROSCO DE GARRAFAS,ENROSCO DE GARRAFAS
506,PARADA ACIONADO PELO MECÂNICO PARA TIRAR MEDIDA DO EIXO.,parada acionado pelo mecanico para tirar medida do eixo,SEM MODO DE FALHA IDENTIFICADO,SEM MODO DE FALHA IDENTIFICADO
507,VELOCIDADE REDUZIDA DEVIDO AO CRASH.,velocidade reduzida devido ao crash,ENROSCO DE GARRAFAS,ENROSCO DE GARRAFAS
508,"MECÂNICA ATUANDO ,TIRANDO MEDIDA DO EIXO.",mecanica atuando tirando medida do eixo,SEM MODO DE FALHA IDENTIFICADO,SEM MODO DE FALHA IDENTIFICADO
509,"PROBLEMA NO MOTO REDUTOR DE FREIO ,REDUZIMOS A VELOCIDADE DA ENCHEDORA.",problema no moto redutor de freio reduzimos a velocidade da enchedora,FALHA DE REDUTOR,FALHA DE REDUTOR
510,CRACH NA SAIDA DA CABEÇA DA ENCHEDORA PARA A ESTRELA DE SAIDA.,crach na saida da cabeca da enchedora para a estrela de saida,ENROSCO DE GARRAFAS,ENROSCO DE GARRAFAS
511,REDUÇÃO DA VELOCIDADE DA ENCHEDORA DEVIDO A VARIOS CRACH NA SAIDA DA ENCHEDORA PARA A ESTRELA.,reducao da velocidade da enchedora devido a varios crach na saida da enchedora para a estrela,ENROSCO DE GARRAFAS,ENROSCO DE GARRAFAS
512,TROCA DO ANEL E DAS ESFERA DO BOCAL Nº08 ORDEM 30008296097,troca do anel e das esfera do bocal no08 ordem 30008296097,FALHA DE TAMPAMENTO,FALHA DE TAMPAMENTO
513,PALETE APÓS MESA GIRATÓRIA NÃO ESTAVA SAINDO FOI AJUSTADO SENSOR - NOTA 30008296701,palete apos mesa giratoria nao estava saindo foi ajustado sensor nota 30008296701,FALHA DE SENSOR,FALHA DE SENSOR
514,VAZAMENTO DE OLEO NO REDUTOR CAINDO NA PRANCHA FOI FEITO UMA LIMPEZA,vazamento de oleo no redutor caindo na prancha foi feito uma limpeza,FALHA DE REDUTOR,FALHA DE REDUTOR
515,VAZAMENTO DE OLEO NO REDUTOR CAINDO NA PRANCHA FOI FEITO UMA LIMPEZA,vazamento de oleo no redutor caindo na prancha foi feito uma limpeza,FALHA DE REDUTOR,FALHA DE REDUTOR
516,VAZAMENTO DE OLEO NO REDUTOR CAINDO NA PRANCHA FOI FEITO UMA LIMPEZA,vazamento de oleo no redutor caindo na prancha foi feito uma limpeza,FALHA DE REDUTOR,FALHA DE REDUTOR
517,VAZAMENTO DE OLEO NO MOTO REDUTOR DA PRANCHA,vazamento de oleo no moto redutor da prancha,FALHA DE REDUTOR,FALHA DE REDUTOR
518,"PINCA DANIFICADAS GERANDO QUEDA DE GARRAFA , CAUSANDO FALHA NO SISTEMA DE REFRIGERACAO DE FUNDO",pinca danificadas gerando queda de garrafa causando falha no sistema de refrigeracao de fundo,FALHA DE PINÇA,FALHA DE PINCA
519,"PINCAS DANIFICADAS NA AREA DE TRANFERENCIA , DANIFICANDO O FINISH DA GARRAFA",pincas danificadas na area de tranferencia danificando o finish da garrafa,DANIFICAÇÃO DE GARRAFAS,DANIFICACAO DE GARRAFAS
520,"QUEDA DE GARRAFAS NO TANQUE DE RESFRIAMENTO DE FUNDO, OBSTRUINDO A SUCÇÃO DO FILTRO",queda de garrafas no tanque de resfriamento de fundo obstruindo a succao do filtro,QUEDA DE GARRAFAS,QUEDA DE GARRAFAS
521,FILME DOBRANDO GERANDO FALHA NO ENVOLVIMENTO DEVIDO A FALTA DA REGUA DE ESTATICA NOTA N°13059270,filme dobrando gerando falha no envolvimento devido a falta da regua de estatica nota n 13059270,FALHA DE ENVOLVIMENTO,FALHA DE ENVOLVIMENTO
522,FALHA DE ENCHIMENTO VALVULAS 47 E 49,falha de enchimento valvulas 47 e 49,FALHA DE VÁLVULA DE ENCHIMENTO,FALHA DE VALVULA DE ENCHIMENTO
523,FALHA DE ENCODER ELEVADOR DE PALETES,falha de encoder elevador de paletes,FALHA DE ENCODER,FALHA DE ENCODER
524,TROCA DA BASE DAS HASTES ACIONAMENTO DO SENSORES PARA TROCA AUTOMATICA,troca da base das hastes acionamento do sensores para troca automatica,FALHA DE SENSOR,FALHA DE SENSOR
525,FALHA NA CODIFICAÇÃO,falha na codificacao,FALHA DE CODIFICAÇÃO,FALHA DE CODIFICACAO
526,FALHA NO TRANSPORTE DE PACOTES (300082297597),falha no transporte de pacotes 300082297597,FALHA DE TRANSPORTE DE PACOTES,FALHA DE TRANSPORTE DE PACOTES
527,FALHA DO ACOPLAMENTO PROFINET ENTRE O PLC E ENTRADA DO CARBONATADOR,falha do acoplamento profinet entre o plc e entrada do carbonatador,FALHA DE COMUNICAÇÃO,FALHA DE COMUNICACAO
528,FILME DOBRANDO GERANDO FALHA NO ENVOLVIMENTO DEVIDO A FALTA DA REGUA DE ESTATICA NOTA N°13059270,filme dobrando gerando falha no envolvimento devido a falta da regua de estatica nota n 13059270,FALHA DE ENVOLVIMENTO,FALHA DE ENVOLVIMENTO
529,FILME DOBRANDO GERANDO FALHA NO ENVOLVIMENTO DEVIDO A FALTA DA REGUA DE ESTATICA NOTA N°13059270,filme dobrando gerando falha no envolvimento devido a falta da regua de estatica nota n 13059270,FALHA DE ENVOLVIMENTO,FALHA DE ENVOLVIMENTO
530,FILME DOBRANDO GERANDO FALHA NO ENVOLVIMENTO DEVIDO A FALTA DA REGUA DE ESTATICA NOTA N°13059270,filme dobrando gerando falha no envolvimento devido a falta da regua de estatica nota n 13059270,FALHA DE ENVOLVIMENTO,FALHA DE ENVOLVIMENTO
531,FILME DOBRANDO GERANDO FALHA NO ENVOLVIMENTO DEVIDO A FALTA DA REGUA DE ESTATICA NOTA N°13059270,filme dobrando gerando falha no envolvimento devido a falta da regua de estatica nota n 13059270,FALHA DE ENVOLVIMENTO,FALHA DE ENVOLVIMENTO
532,FREIO DE ELEVAÇÃO E ACOPLAMENTO DANIFICADO,freio de elevacao e acoplamento danificado,FALHA DE ACOPLAMENTO,FALHA DE ACOPLAMENTO
533,MOTOR COM FALHA NO SERVO DO ALIMENTADOR 1,motor com falha no servo do alimentador 1,FALHA DE SERVO MOTOR,FALHA DE SERVO MOTOR
534,MOTOR DE TRANSPORTE EMBORRACHADO COM FALHA NO SERVO DO ALIMENTADOR 1,motor de transporte emborrachado com falha no servo do alimentador 1,FALHA DE SERVO MOTOR,FALHA DE SERVO MOTOR
535,ACOPLAMENTO DO TRANSPORTE DO ALIMENTADOR 1 DANIFICADO,acoplamento do transporte do alimentador 1 danificado,FALHA DE ACOPLAMENTO,FALHA DE ACOPLAMENTO
536,SENSORES DE ACUMULO DO TRANSPORTE FORA DE SINCRONISMO COM ENCHEDORA NÃO PARANDO NO MOMENTO CORRETO 30008299301,sensores de acumulo do transporte fora de sincronismo com enchedora nao parando no momento correto 30008299301,FALHA DE ACÚMULO NO TRANSPORTE,FALHA DE ACUMULO NO TRANSPORTE
537,ROLO SEPARADOR DE GARRAFAS DERRUBANDO COM E SEM APOIO,rolo separador de garrafas derrubando com e sem apoio,FALHA DE ROLO SEPARADOR,FALHA DE ROLO SEPARADOR
538,SENSORES DE ACUMULO DO TRANSPORTE FORA DE SINCRONISMO COM ENCHEDORA NÃO PARANDO NO MOMENTO CORRETO 30008299301,sensores de acumulo do transporte fora de sincronismo com enchedora nao parando no momento correto 30008299301,FALHA DE ACÚMULO NO TRANSPORTE,FALHA DE ACUMULO NO TRANSPORTE
539,SENSORES DE ACUMULO DO TRANSPORTE FORA DE SINCRONISMO COM ENCHEDORA NÃO PARANDO NO MOMENTO CORRETO 30008299301,sensores de acumulo do transporte fora de sincronismo com enchedora nao parando no momento correto 30008299301,FALHA DE ACÚMULO NO TRANSPORTE,FALHA DE ACUMULO NO TRANSPORTE
540,"ESTEIRA SAIU FORA DO GUIA ,MECÂNICA ATUANDO.",esteira saiu fora do guia mecanica atuando,ESCAPE DE ESTEIRA,ESCAPE DE ESTEIRA
541,CRACH NA SAIDA DO ASEBI TIRANDO O SENSOR DE POSIÇÃO.ORDEM.30008299802,crach na saida do asebi tirando o sensor de posicao ordem 30008299802,FALHA DE SENSOR,FALHA DE SENSOR
542,FALHA NA LEITURA DE GARRAFAS OCASIONANDO REJEITO ACIMA DE 70%,falha na leitura de garrafas ocasionando rejeito acima de 70,FALHA DE INSPEÇÃO,FALHA DE INSPECAO
543,FALHA NA LEITURA DE GARRAFAS OCASIONANDO REJEITO ACIMA DE 70%,falha na leitura de garrafas ocasionando rejeito acima de 70,FALHA DE INSPEÇÃO,FALHA DE INSPECAO
544,FALHA NA LEITURA DE GARRAFAS OCASIONANDO REJEITO ACIMA DE 70%,falha na leitura de garrafas ocasionando rejeito acima de 70,FALHA DE INSPEÇÃO,FALHA DE INSPECAO
545,FALHA NA LEITURA DE GARRAFAS OCASIONANDO REJEITO ACIMA DE 70%,falha na leitura de garrafas ocasionando rejeito acima de 70,FALHA DE INSPEÇÃO,FALHA DE INSPECAO
546,FALHA NA LEITURA DE GARRAFAS OCASIONANDO REJEITO ACIMA DE 70%,falha na leitura de garrafas ocasionando rejeito acima de 70,FALHA DE INSPEÇÃO,FALHA DE INSPECAO
547,FALHA NA LEITURA DE GARRAFAS OCASIONANDO REJEITO ACIMA DE 70%,falha na leitura de garrafas ocasionando rejeito acima de 70,FALHA DE INSPEÇÃO,FALHA DE INSPECAO
548,FALHA NA LEITURA DE GARRAFAS OCASIONANDO REJEITO ACIMA DE 70%,falha na leitura de garrafas ocasionando rejeito acima de 70,FALHA DE INSPEÇÃO,FALHA DE INSPECAO
549,"TROCA DO PISTÃO DE ABERTURA DA VÁLVULA, PERMITINDO PASSAGEM NA CÂMARA",troca do pistao de abertura da valvula permitindo passagem na camara,FALHA DE ATUADOR DA VÁLVULA,FALHA DE ATUADOR DA VALVULA
550,"EFETUADA A TROCA DO PISTÃO DE ABERTURA DA VÁLVULA, PERMITINDO PASSAGEM NA CÂMARA: FOI RETIRADO O PISTÃO DA REF-PET E INSTALADO O DA LITRO",efetuada a troca do pistao de abertura da valvula permitindo passagem na camara foi retirado o pistao da ref pet e instalado o da litro,FALHA DE ATUADOR DA VÁLVULA,FALHA DE ATUADOR DA VALVULA
551,ESTEIRA SALTOU DAS ENGRENAGENS,esteira saltou das engrenagens,ESCAPE DE ESTEIRA,ESCAPE DE ESTEIRA
552,ESTEIRA SALTOU DAS ENGRENAGENS,esteira saltou das engrenagens,ESCAPE DE ESTEIRA,ESCAPE DE ESTEIRA
553,FALHA NO CICLO AUTOMATICO DE TROCA DE MAGAZINE DE CARTÃO,falha no ciclo automatico de troca de magazine de cartao,FALHA DE MAGAZINE,FALHA DE MAGAZINE
554,"QUEDA DE GARRAFA NA AREA DE TRANFERENCIA , CAUSANDO FALHA DE REFRIGERACAO DE FUNDO",queda de garrafa na area de tranferencia causando falha de refrigeracao de fundo,QUEDA DE GARRAFAS,QUEDA DE GARRAFAS
555,FILME DOBRANDO DEVIDO A FALTA DA RÉGUA DE ESTATICA NOTA Nº13059270,filme dobrando devido a falta da regua de estatica nota no13059270,FALHA DE TRAÇÃO/GUIAMENTO DE FILME,FALHA DE TRACAO GUIAMENTO DE FILME
556,FILME DOBRANDO DEVIDO A FALTA DA RÉGUA DE ESTATICA NOTA Nº13059270,filme dobrando devido a falta da regua de estatica nota no13059270,FALHA DE TRAÇÃO/GUIAMENTO DE FILME,FALHA DE TRACAO GUIAMENTO DE FILME
557,FILME DOBRANDO DEVIDO A FALTA DA RÉGUA DE ESTATICA NOTA Nº13059270,filme dobrando devido a falta da regua de estatica nota no13059270,FALHA DE TRAÇÃO/GUIAMENTO DE FILME,FALHA DE TRACAO GUIAMENTO DE FILME
558,EMPACOTADORA AO FAZER A TROCA DA BOBINA NÃO SOLDA O FILME - ORDEM 30008300134,empacotadora ao fazer a troca da bobina nao solda o filme ordem 30008300134,FALHA DE SOLDA DE FILME,FALHA DE SOLDA DE FILME
559,EMPACOTADORA AO FAZER A TROCA DA BOBINA NÃO SOLDA O FILME - ORDEM 30008300134,empacotadora ao fazer a troca da bobina nao solda o filme ordem 30008300134,FALHA DE SOLDA DE FILME,FALHA DE SOLDA DE FILME
560,FALHA NA TROCA AUTOMATICA DE MAGAZINE DE CARTÃO,falha na troca automatica de magazine de cartao,FALHA DE MAGAZINE,FALHA DE MAGAZINE
561,"CRASH DE LATAS NA ESTERLA, FOI PRECISO RETIRAR A ESTRELA DE SAIDA (30008299308)",crash de latas na esterla foi preciso retirar a estrela de saida 30008299308,CRASH DE LATAS,CRASH DE LATAS
562,GRANDE QUANTIDADE DE FALSO REJEITO NO LINATRONIC.,grande quantidade de falso rejeito no linatronic,FALHA DE REJEIÇÃO,FALHA DE REJEICAO
563,NECESSÁRIA ADEQUAÇÃO NO VIBRADOR DE TAMPAS DO LACRADOR.,necessaria adequacao no vibrador de tampas do lacrador,FALHA DE VIBRADOR,FALHA DE VIBRADOR
564,NECESSÁRIA ADEQUAÇÃO NO VIBRADOR DE TAMPAS DO LACRADOR.,necessaria adequacao no vibrador de tampas do lacrador,FALHA DE VIBRADOR,FALHA DE VIBRADOR
565,NECESSÁRIA ADEQUAÇÃO NO VIBRADOR DE TAMPAS DO LACRADOR.,necessaria adequacao no vibrador de tampas do lacrador,FALHA DE VIBRADOR,FALHA DE VIBRADOR
566,"NECESSÁRIA ADEQUAÇÃO DOS PARAFUSOS DE FIXAÇÃO, QUE OCASIONARAM GRANDE IMPACTO NA PRODUÇÃO.",necessaria adequacao dos parafusos de fixacao que ocasionaram grande impacto na producao,FALHA DE FIXAÇÃO,FALHA DE FIXACAO
567,FILME DOBRANDO DEVIDO A FALTA DA RÉGUA DE ESTATICA NOTA Nº13059270,filme dobrando devido a falta da regua de estatica nota no13059270,FALHA DE TRAÇÃO/GUIAMENTO DE FILME,FALHA DE TRACAO GUIAMENTO DE FILME
568,FALHA NO SISTEMA DE AR COMPRIMIDO DA MAQUINA 30008301493,falha no sistema de ar comprimido da maquina 30008301493,FALHA DE SUPRIMENTO DE AR COMPRIMIDO,FALHA DE SUPRIMENTO DE AR COMPRIMIDO
569,FALHA DE SINCRONISMO NO MANIPULADOR 1,falha de sincronismo no manipulador 1,FALHA DE SINCRONISMO,FALHA DE SINCRONISMO
570,VELOCIDADE INCOMPÁTIVEL,velocidade incompativel,FALHA DE SINCRONISMO,FALHA DE SINCRONISMO
571,SENSOR DO CABEÇOTE,sensor do cabecote,FALHA DE SENSOR,FALHA DE SENSOR
572,TROCA DA CORREIA SNCRONIZADA DA ENCHEDORA.ORDEM30008301673,troca da correia sncronizada da enchedora ordem30008301673,FALHA DE CORREIA,FALHA DE CORREIA
573,DESARME DO INVERSOR DA PRANCHA(FALHA DE TÉRMICO),desarme do inversor da prancha falha de termico,FALHA DE INVERSOR,FALHA DE INVERSOR
574,"CORREIA DA MESA DE VÁCUO DANIFICADA, ENROSCO DE FILME",correia da mesa de vacuo danificada enrosco de filme,FALHA DE CORREIA,FALHA DE CORREIA
575,DESARME DO INVERSOR DA PRANCHA(FALHA DE TÉRMICO),desarme do inversor da prancha falha de termico,FALHA DE INVERSOR,FALHA DE INVERSOR
576,PALLET PARADO NO TRANSPORTE ANTES DA MESA GIRATÓRIA,pallet parado no transporte antes da mesa giratoria,TRAVAMENTO DE PALETE,TRAVAMENTO DE PALETE
577,ESTEIRA QUEBRADA,esteira quebrada,QUEBRA DE ESTEIRA,QUEBRA DE ESTEIRA
578,ESTEIRA QUEBRADA,esteira quebrada,QUEBRA DE ESTEIRA,QUEBRA DE ESTEIRA
579,DESARME DE INVERSOR,desarme de inversor,FALHA DE INVERSOR,FALHA DE INVERSOR
580,ENTRANDO PACOTES A MAIS NA MESA DE FORMAÇÃO DE CAMADAS,entrando pacotes a mais na mesa de formacao de camadas,FALHA DE FORMAÇÃO DE CAMADA,FALHA DE FORMACAO DE CAMADA
581,AJUSTE NA VELOCIDA DAS ESTEIRAS,ajuste na velocida das esteiras,SEM MODO DE FALHA IDENTIFICADO,SEM MODO DE FALHA IDENTIFICADO
582,ENTRANDO PACOTES A MAIS NA MESA DE FORMAÇÃO DE CAMADAS.,entrando pacotes a mais na mesa de formacao de camadas,FALHA DE FORMAÇÃO DE CAMADA,FALHA DE FORMACAO DE CAMADA
583,"SENSOR INDUTIVO DO CABEÇOTE,GERANDO FALHA DE SEGURANÇA - ORDEM ( 30008301429 )",sensor indutivo do cabecote gerando falha de seguranca ordem 30008301429,FALHA DE SENSOR,FALHA DE SENSOR
584,ENROSCO DE PACOTES NO CANAL ( C ) DO DEVEICER,enrosco de pacotes no canal c do deveicer,ENROSCO DE PACOTES,ENROSCO DE PACOTES
585,ENROSCO DE PACOTES NO DIVICER,enrosco de pacotes no divicer,ENROSCO DE PACOTES,ENROSCO DE PACOTES
586,"FALTA DE GUIA CAUSANDO QUEDA DE LATA, FOI COLOCADO UM GUIA PROVISÓRIA PORÉM MÓVEL",falta de guia causando queda de lata foi colocado um guia provisoria porem movel,QUEDA DE LATAS,QUEDA DE LATAS
587,"FALTA DE GUIA CAUSANDO QUEDA DE LATA, FOI COLOCADO UM GUIA PROVISÓRIA PORÉM MÓVEL",falta de guia causando queda de lata foi colocado um guia provisoria porem movel,QUEDA DE LATAS,QUEDA DE LATAS
588,"FALHA DE ENCHIMENTO, TIRANDO JUMPER FISICO DAS VALVULAS 47,49",falha de enchimento tirando jumper fisico das valvulas 47 49,FALHA DE VÁLVULA DE ENCHIMENTO,FALHA DE VALVULA DE ENCHIMENTO
589,"FALHA DE ENCHIMENTO, TIRANDO JUMPER FISICO DAS VALVULAS 47,49",falha de enchimento tirando jumper fisico das valvulas 47 49,FALHA DE VÁLVULA DE ENCHIMENTO,FALHA DE VALVULA DE ENCHIMENTO
590,"FALHA DE ENCHIMENTO, DA VALVULA 41 NOTA (30008302273)",falha de enchimento da valvula 41 nota 30008302273,FALHA DE VÁLVULA DE ENCHIMENTO,FALHA DE VALVULA DE ENCHIMENTO
591,FALHA DE FALTA DE VACUO NA ESTEIRA DA PRESSCO NOTA (30008302284),falha de falta de vacuo na esteira da pressco nota 30008302284,FALHA DE VÁCUO,FALHA DE VACUO
592,"FALHA DE ENCHIMENTO, DA VALVULA 41 NOTA (30008302273)",falha de enchimento da valvula 41 nota 30008302273,FALHA DE VÁLVULA DE ENCHIMENTO,FALHA DE VALVULA DE ENCHIMENTO
593,"FALHA DE ENCHIMENTO, DA VALVULA 41 NOTA (30008302273)",falha de enchimento da valvula 41 nota 30008302273,FALHA DE VÁLVULA DE ENCHIMENTO,FALHA DE VALVULA DE ENCHIMENTO
594,FALHA NA LEITURA DE GARRAFAS,falha na leitura de garrafas,FALHA DE INSPEÇÃO,FALHA DE INSPECAO
595,ESTEIRA DA CURVA DE ENTRADA DA PALETIZADORA ESCAPANDO,esteira da curva de entrada da paletizadora escapando,ESCAPE DE ESTEIRA,ESCAPE DE ESTEIRA
596,TANGENCIAMENTO E AJUSTE NO CASTELO,tangenciamento e ajuste no castelo,DESALINHAMENTO DE AGREGADO,DESALINHAMENTO DE AGREGADO
597,TANGENCIAMENTO E AJUSTE NO CASTELO,tangenciamento e ajuste no castelo,DESALINHAMENTO DE AGREGADO,DESALINHAMENTO DE AGREGADO
598,FALHA NA VALVULA DE AQUECIMENTO DO TANQUE 2 OCASIONADO TEMPERATURA ACIMA DOS 60 GRAUS,falha na valvula de aquecimento do tanque 2 ocasionado temperatura acima dos 60 graus,FALHA DE VÁLVULA,FALHA DE VALVULA
599,TRANSPORTE DE CAIXAS DA CUVA DA PALETIZADORA SAIU FORA DE POSIÇÃO,transporte de caixas da cuva da paletizadora saiu fora de posicao,DESALINHAMENTO MECÂNICO,DESALINHAMENTO MECANICO
600,"REINICIO DE PARTIDA DE LINHA , ENCHIMENTO DO CARBO DEVIDO A TROCA DA VALVULA / TROCA DA VALVULA 41",reinicio de partida de linha enchimento do carbo devido a troca da valvula troca da valvula 41,FALHA DE VÁLVULA DE ENCHIMENTO,FALHA DE VALVULA DE ENCHIMENTO
601,FALHA DE INVERSOR TRANSPORTE PALETE 620 M2 (30008302338),falha de inversor transporte palete 620 m2 30008302338,FALHA DE INVERSOR,FALHA DE INVERSOR
602,ESTEIRA NA CURVA DO TRANSPORTE DA DESENCAIXATADORA ESCAPOU,esteira na curva do transporte da desencaixatadora escapou,ESCAPE DE ESTEIRA,ESCAPE DE ESTEIRA
603,TRAVAMENTO DO SEGMENTOS DE GARRAFAS NO REJEITO ENOS A100,travamento do segmentos de garrafas no rejeito enos a100,TRAVAMENTO DE SEGMENTOS,TRAVAMENTO DE SEGMENTOS
604,SINCRONISCO DA ESTRELA DE ENTRADA INCORRETO OCASIONADO FALHA NO ENCHIMENTO E PERCA NA PREÇÃO (ORDEM 30008305609 ),sincronisco da estrela de entrada incorreto ocasionado falha no enchimento e perca na precao ordem 30008305609,FALHA DE ENCHIMENTO,FALHA DE ENCHIMENTO
605,FALHA INVERSOR NO TRANSPORTE DO ALINHADOR DESCAPSULADOR,falha inversor no transporte do alinhador descapsulador,FALHA DE INVERSOR,FALHA DE INVERSOR
606,FALHA DE COMUNICAÇÃO DA CPU,falha de comunicacao da cpu,FALHA DE COMUNICAÇÃO,FALHA DE COMUNICACAO
607,FALHA DE COMUNICAÇÃO DA CPU,falha de comunicacao da cpu,FALHA DE COMUNICAÇÃO,FALHA DE COMUNICACAO
608,FALHA DE COMUNICAÇÃO DA CPU,falha de comunicacao da cpu,FALHA DE COMUNICAÇÃO,FALHA DE COMUNICACAO
609,FALHA DE COMUNICAÇÃO DA CPU,falha de comunicacao da cpu,FALHA DE COMUNICAÇÃO,FALHA DE COMUNICACAO
610,FALHA DE COMUNICAÇÃO DA CPU,falha de comunicacao da cpu,FALHA DE COMUNICAÇÃO,FALHA DE COMUNICACAO
611,FALHA DE COMUNICAÇÃO DA CPU,falha de comunicacao da cpu,FALHA DE COMUNICAÇÃO,FALHA DE COMUNICACAO
612,FALHA DE COMUNICAÇÃO DA CPU,falha de comunicacao da cpu,FALHA DE COMUNICAÇÃO,FALHA DE COMUNICACAO
613,FALHA DE COMUNICAÇÃO DA CPU,falha de comunicacao da cpu,FALHA DE COMUNICAÇÃO,FALHA DE COMUNICACAO
614,FALHA DE COMUNICAÇÃO DA CPU,falha de comunicacao da cpu,FALHA DE COMUNICAÇÃO,FALHA DE COMUNICACAO
615,FALHA DE COMUNICAÇÃO CPU,falha de comunicacao cpu,FALHA DE COMUNICAÇÃO,FALHA DE COMUNICACAO
616,FALHA DE COMUNICAÇÃO DA CPU,falha de comunicacao da cpu,FALHA DE COMUNICAÇÃO,FALHA DE COMUNICACAO
617,FALHA DE COMUNICAÇÃO DA CPU,falha de comunicacao da cpu,FALHA DE COMUNICAÇÃO,FALHA DE COMUNICACAO
618,FALHA DE COMUNICAÇÃO DA CPU,falha de comunicacao da cpu,FALHA DE COMUNICAÇÃO,FALHA DE COMUNICACAO
619,FALHA DE COMUNICAÇÃO DA CPU,falha de comunicacao da cpu,FALHA DE COMUNICAÇÃO,FALHA DE COMUNICACAO
620,FALHA DE COMUNICAÇÃO DA CPU,falha de comunicacao da cpu,FALHA DE COMUNICAÇÃO,FALHA DE COMUNICACAO
621,FALHA DE COMUNICAÇÃO DA CPU,falha de comunicacao da cpu,FALHA DE COMUNICAÇÃO,FALHA DE COMUNICACAO
622,FALHA DE COMUNICAÇÃO DA CPU,falha de comunicacao da cpu,FALHA DE COMUNICAÇÃO,FALHA DE COMUNICACAO
623,FALHA DE COMUNICAÇÃO DA CPU,falha de comunicacao da cpu,FALHA DE COMUNICAÇÃO,FALHA DE COMUNICACAO
624,DESARME DO INVERSOR,desarme do inversor,FALHA DE INVERSOR,FALHA DE INVERSOR
625,DESARME DO INVERSOR,desarme do inversor,FALHA DE INVERSOR,FALHA DE INVERSOR
626,FALHA DE COMUNICAÇÃO DA CPU,falha de comunicacao da cpu,FALHA DE COMUNICAÇÃO,FALHA DE COMUNICACAO
627,FALHA DE COMUNICAÇÃO DA CPU,falha de comunicacao da cpu,FALHA DE COMUNICAÇÃO,FALHA DE COMUNICACAO
628,FALHA DE COMUNICAÇÃO DA CPU,falha de comunicacao da cpu,FALHA DE COMUNICAÇÃO,FALHA DE COMUNICACAO
629,FALHA DE COMUNICAÇÃO DA CPU,falha de comunicacao da cpu,FALHA DE COMUNICAÇÃO,FALHA DE COMUNICACAO
630,FALHA DE COMUNICAÇÃO DA CPU,falha de comunicacao da cpu,FALHA DE COMUNICAÇÃO,FALHA DE COMUNICACAO
631,"FALHA DE ENCHIMENTO, VÁLVULAS ALEATÓRIAS. FEITO RESET NA PARTE ELETRÔNICA DAS VÁLVULAS.",falha de enchimento valvulas aleatorias feito reset na parte eletronica das valvulas,FALHA DE VÁLVULA DE ENCHIMENTO,FALHA DE VALVULA DE ENCHIMENTO
632,FALHA DE TRAVAMENTO DAS PINÇAS ESPULSADORAS NOTA (30008405555,falha de travamento das pincas espulsadoras nota 30008405555,FALHA DE PINÇA,FALHA DE PINCA
633,FALHA NO SISTEMA DE REJEIÇÃO,falha no sistema de rejeicao,FALHA DE REJEIÇÃO,FALHA DE REJEICAO
634,TROCA DA ELETRONICA DA VALVULA 91 30008305817,troca da eletronica da valvula 91 30008305817,FALHA ELETRÔNICA DA VÁLVULA,FALHA ELETRONICA DA VALVULA
635,TROCA DA ELETRONICA DA VALVULA 91 30008305817,troca da eletronica da valvula 91 30008305817,FALHA ELETRÔNICA DA VÁLVULA,FALHA ELETRONICA DA VALVULA
636,FALHA EM SENSOR DE ENTRADA,falha em sensor de entrada,FALHA DE SENSOR,FALHA DE SENSOR
637,FALHA EM SENSOR DE ENTRADA,falha em sensor de entrada,FALHA DE SENSOR,FALHA DE SENSOR
638,FALHA EM SENSOR DE ENTRADA,falha em sensor de entrada,FALHA DE SENSOR,FALHA DE SENSOR
639,P.EQ.LINHA,p eq linha,SEM MODO DE FALHA IDENTIFICADO,SEM MODO DE FALHA IDENTIFICADO
640,EMBOLOU FILME NA RAMPA DA MESA DE VACÚO,embolou filme na rampa da mesa de vacuo,FALHA DE TRAÇÃO/GUIAMENTO DE FILME,FALHA DE TRACAO GUIAMENTO DE FILME
641,AO ENVOLVER RÉGUA PERDEU SINCRONIZO,ao envolver regua perdeu sincronizo,FALHA DE SINCRONISMO,FALHA DE SINCRONISMO
642,ESTEIRA COM DEGRAU,esteira com degrau,DESNIVELAMENTO DE ESTEIRA,DESNIVELAMENTO DE ESTEIRA
643,FALHA ELÉTRICA - CURTO NA REDE,falha eletrica curto na rede,CURTO-CIRCUITO,CURTO CIRCUITO
644,FALHA NA MODULAÇÃO DE VELOCIDADE GERANDO QUEDA DE GARRAFAS,falha na modulacao de velocidade gerando queda de garrafas,QUEDA DE GARRAFAS,QUEDA DE GARRAFAS
645,FALHA ELETRICA - CURTO NA REDE,falha eletrica curto na rede,CURTO-CIRCUITO,CURTO CIRCUITO
646,FALHA ELETRICA - CURTO NA REDE,falha eletrica curto na rede,CURTO-CIRCUITO,CURTO CIRCUITO
647,FALHA ELETRICA - CURTO NA REDE,falha eletrica curto na rede,CURTO-CIRCUITO,CURTO CIRCUITO
648,FALHA ELETRICA - CURTO NA REDE,falha eletrica curto na rede,CURTO-CIRCUITO,CURTO CIRCUITO
649,FALHA EM FONTE DE ALTA TENSÃO,falha em fonte de alta tensao,FALHA DE FONTE DE ALIMENTAÇÃO,FALHA DE FONTE DE ALIMENTACAO
650,FALHA EM FONTE DE ALTA TENSÃO,falha em fonte de alta tensao,FALHA DE FONTE DE ALIMENTAÇÃO,FALHA DE FONTE DE ALIMENTACAO
651,FALHA EM FONTE DE ALTA TENSÃO,falha em fonte de alta tensao,FALHA DE FONTE DE ALIMENTAÇÃO,FALHA DE FONTE DE ALIMENTACAO
652,FALHA EM FONTE DE ALTA TENSÃO,falha em fonte de alta tensao,FALHA DE FONTE DE ALIMENTAÇÃO,FALHA DE FONTE DE ALIMENTACAO
653,FALHA EM FONTE DE ALTA TENSÃO,falha em fonte de alta tensao,FALHA DE FONTE DE ALIMENTAÇÃO,FALHA DE FONTE DE ALIMENTACAO
654,FALHA EM FONTE DE ALTA TENSÃO,falha em fonte de alta tensao,FALHA DE FONTE DE ALIMENTAÇÃO,FALHA DE FONTE DE ALIMENTACAO
655,FALHA EM FONTE DE ALTA TENSÃO,falha em fonte de alta tensao,FALHA DE FONTE DE ALIMENTAÇÃO,FALHA DE FONTE DE ALIMENTACAO
656,REALIZADA A TROCA DA PEÇA “BINÓCULO” DA ENCHEDORA DEVIDO À QUEBRA - ORDEM 30008310668,realizada a troca da peca binoculo da enchedora devido a quebra ordem 30008310668,QUEBRA DE COMPONENTE,QUEBRA DE COMPONENTE
657,REALIZADA A TROCA DA PEÇA “BINÓCULO” DA ENCHEDORA DEVIDO À QUEBRA - ORDEM 30008310668,realizada a troca da peca binoculo da enchedora devido a quebra ordem 30008310668,QUEBRA DE COMPONENTE,QUEBRA DE COMPONENTE
658,IDENTIFICADA AUTOLIBERAÇÃO DE PRESSÃO NO EQUIPAMENTO - ORDEM 30008310669,identificada autoliberacao de pressao no equipamento ordem 30008310669,FALHA DE PRESSURIZAÇÃO,FALHA DE PRESSURIZACAO
659,FALHA NO MIXER,falha no mixer,FALHA DE MISTURA,FALHA DE MISTURA
660,TWISTER DE SAIDA DA FILTEC SEGURANDO LATA/DERRUBANDO,twister de saida da filtec segurando lata derrubando,FALHA DE TWISTER,FALHA DE TWISTER
661,TWISTER DE SAIDA DA FILTEC SEGURANDO LATA/DERRUBANDO,twister de saida da filtec segurando lata derrubando,FALHA DE TWISTER,FALHA DE TWISTER
662,ESTEIRA COM DEGRAU,esteira com degrau,DESNIVELAMENTO DE ESTEIRA,DESNIVELAMENTO DE ESTEIRA
663,SENSOR DE ACIONAMENTO DE LAVAGEM DE GARRAFAS FORA DE SINCRONISMO,sensor de acionamento de lavagem de garrafas fora de sincronismo,FALHA DE SENSOR,FALHA DE SENSOR
664,DEGRAU NA PASSAGEM DA MESA DE ENVOLVIMENTO OCASIONANDO QUEDA DE GARRAFAS,degrau na passagem da mesa de envolvimento ocasionando queda de garrafas,QUEDA DE GARRAFAS,QUEDA DE GARRAFAS
665,TWISTER DE SAIDA DA FILTEC SEGURANDO LATA/DERRUBANDO,twister de saida da filtec segurando lata derrubando,FALHA DE TWISTER,FALHA DE TWISTER
666,ESTOURO DA SOLDA NA TROCA DE BOBINA (30008308982),estouro da solda na troca de bobina 30008308982,FALHA DE SOLDA DE FILME,FALHA DE SOLDA DE FILME
667,FALHA NO SOPRADOR DA FILTEC (3000839011),falha no soprador da filtec 3000839011,FALHA DE INSPEÇÃO,FALHA DE INSPECAO
668,IDENTIFICADA AUTOLIBERAÇÃO DE PRESSÃO NO EQUIPAMENTO - ORDEM 30008310669,identificada autoliberacao de pressao no equipamento ordem 30008310669,FALHA DE PRESSURIZAÇÃO,FALHA DE PRESSURIZACAO
669,IDENTIFICADA AUTOLIBERAÇÃO DE PRESSÃO NO EQUIPAMENTO - ORDEM 30008310669,identificada autoliberacao de pressao no equipamento ordem 30008310669,FALHA DE PRESSURIZAÇÃO,FALHA DE PRESSURIZACAO
670,IDENTIFICADA AUTOLIBERAÇÃO DE PRESSÃO NO EQUIPAMENTO - ORDEM 30008310669,identificada autoliberacao de pressao no equipamento ordem 30008310669,FALHA DE PRESSURIZAÇÃO,FALHA DE PRESSURIZACAO
671,IDENTIFICADA AUTOLIBERAÇÃO DE PRESSÃO NO EQUIPAMENTO - ORDEM 30008310669,identificada autoliberacao de pressao no equipamento ordem 30008310669,FALHA DE PRESSURIZAÇÃO,FALHA DE PRESSURIZACAO
672,FALHA SENSOR DE LIBERAÇÃO DE ENCHIMENTO DANIFICADO ORDEM: 30008310554,falha sensor de liberacao de enchimento danificado ordem 30008310554,FALHA DE SENSOR,FALHA DE SENSOR
673,FALHA ELETRICA - CURTO NA REDE,falha eletrica curto na rede,CURTO-CIRCUITO,CURTO CIRCUITO
674,FALHA EM FONTE DE ALTA TENSÃO,falha em fonte de alta tensao,FALHA DE FONTE DE ALIMENTAÇÃO,FALHA DE FONTE DE ALIMENTACAO
675,FALHA NA SAIDA DE PALETES VAZIOS (30008308978),falha na saida de paletes vazios 30008308978,FALHA NA SAÍDA DE PALETES,FALHA NA SAIDA DE PALETES
676,FALHA NO SENSOR DE INSERIMENTO DE GARRAFAS FALSAS (30008308987),falha no sensor de inserimento de garrafas falsas 30008308987,FALHA DE SENSOR,FALHA DE SENSOR
677,LIBERAÇÃO DE LATAS TESTE NIVEL BAIXO E AUTO (30008308980),liberacao de latas teste nivel baixo e auto 30008308980,FALHA DE ENCHIMENTO,FALHA DE ENCHIMENTO
678,"VELOCIDADE BAIXA NA PARTIDA DEVIDO A FALHA DE ENCHIMENTO DE VALVULAS ALEATORIAS (41,63 E 89) 30008308983",velocidade baixa na partida devido a falha de enchimento de valvulas aleatorias 41 63 e 89 30008308983,FALHA DE VÁLVULA DE ENCHIMENTO,FALHA DE VALVULA DE ENCHIMENTO
679,ESTEIRA DANIFICADA (30008309007) MOTOR 231,esteira danificada 30008309007 motor 231,FALHA DE MOTOR,FALHA DE MOTOR
680,"CONECTOR DE ALIMENTAÇÃO EM FALHA, MAL CONTATO 30008310508 / MASTERIZAÇÃO DO EQUIPAMENTO E LIBERADO",conector de alimentacao em falha mal contato 30008310508 masterizacao do equipamento e liberado,PERDA DE REFERÊNCIA,PERDA DE REFERENCIA
681,SENSOR FAZENDO A LEITURA ERRADA E SOLTANDO AS CAIXAS .ORDEM.30008310508,sensor fazendo a leitura errada e soltando as caixas ordem 30008310508,FALHA DE SENSOR,FALHA DE SENSOR
682,"DATADORA PARANDO ,ELÉTRICA ATUANDO.ORDEM.30008310582",datadora parando eletrica atuando ordem 30008310582,FALHA DE CODIFICAÇÃO,FALHA DE CODIFICACAO
683,CABO CONECTOR QUEBRADO.OBS.O SENSOR NÃO LÊ .ORDEM.30008310596,cabo conector quebrado obs o sensor nao le ordem 30008310596,FALHA DE SENSOR,FALHA DE SENSOR
684,ECESSO DE REJEITO DA FILTEC - NOTA 30008310630,ecesso de rejeito da filtec nota 30008310630,FALHA DE REJEIÇÃO,FALHA DE REJEICAO
685,ECESSO DE REJEITO DA FILTEC - NOTA 30008310630,ecesso de rejeito da filtec nota 30008310630,FALHA DE REJEIÇÃO,FALHA DE REJEICAO
686,EXCESSO DE FALSO REJEITO,excesso de falso rejeito,FALHA DE REJEIÇÃO,FALHA DE REJEICAO
687,SENSOR FORA DE POSIÇÃO,sensor fora de posicao,FALHA DE SENSOR,FALHA DE SENSOR
688,"PALLET PARANDO FORA DE POSIÇÃO, PRECISANDO FAZER O MANUAL",pallet parando fora de posicao precisando fazer o manual,TRAVAMENTO DE PALETE,TRAVAMENTO DE PALETE
689,FALHA NO CICLO AUTOMATICO DE TROCA DE MAGAZINE DE CARTÃO,falha no ciclo automatico de troca de magazine de cartao,FALHA DE MAGAZINE,FALHA DE MAGAZINE
690,"QUEDA DE LATAS NO TRANSPORTE, GERANDO ACUMULO DE LATAS NO ALINHADOR DA FILTEC",queda de latas no transporte gerando acumulo de latas no alinhador da filtec,FALHA DE ACÚMULO NO TRANSPORTE,FALHA DE ACUMULO NO TRANSPORTE
691,QUEDA DE LATAS NO TRANSPORTE GERANDO ACCUMULO DE LATAS NO ALINHADOR/ENTRADA DA EMPACOTADORA,queda de latas no transporte gerando accumulo de latas no alinhador entrada da empacotadora,QUEDA DE LATAS,QUEDA DE LATAS
692,DESARME DO MOTOR DO TRANSPORTE DE PACOTES 300008310742,desarme do motor do transporte de pacotes 300008310742,DESARME DE MOTOR,DESARME DE MOTOR
693,FOI ALTERADO O PARAMETRO A22(DE 285 PARA 205) POSIÇÃO DE PARADA DO FILME E FACA DO CORTE TRANSVERSAL ESTAVAM PARANDO EM POSIÇÃO ERRADA 30008310741,foi alterado o parametro a22 de 285 para 205 posicao de parada do filme e faca do corte transversal estavam parando em posicao errada 30008310741,FALHA DE CORTE DE FILME,FALHA DE CORTE DE FILME
694,FOI ALTERADO O PARAMETRO A22(DE 285 PARA 205) POSIÇÃO DE PARADA DO FILME E FACA DO CORTE TRANSVERSAL ESTAVAM PARANDO EM POSIÇÃO ERRADA 30008310741,foi alterado o parametro a22 de 285 para 205 posicao de parada do filme e faca do corte transversal estavam parando em posicao errada 30008310741,FALHA DE CORTE DE FILME,FALHA DE CORTE DE FILME
695,FALHA NO ENVOLVIMENTO DO PACOTE,falha no envolvimento do pacote,FALHA DE ENVOLVIMENTO,FALHA DE ENVOLVIMENTO
696,GARRAFAS ENTRANDO TORTAS NAS ARTICULAÇÕES 30008310557,garrafas entrando tortas nas articulacoes 30008310557,GARRAFAS FORA DE POSIÇÃO,GARRAFAS FORA DE POSICAO
697,FALHA SENSOR DE LIBERAÇÃO DE ENCHIMENTO DANIFICADO ORDEM: 30008310554,falha sensor de liberacao de enchimento danificado ordem 30008310554,FALHA DE SENSOR,FALHA DE SENSOR
698,FALHA SENSOR DE SEGURANÇA ROSCA SEM FIM DE ENTRADA DO DESCAPSULADOR ORDEM: 30008310555,falha sensor de seguranca rosca sem fim de entrada do descapsulador ordem 30008310555,FALHA DE SENSOR,FALHA DE SENSOR
699,AJUSTE NA SENSIBILIDADE DO SENSOR DE LIBERAÇÃO DE TAMPAS PARA A ESTRELA,ajuste na sensibilidade do sensor de liberacao de tampas para a estrela,FALHA DE SENSOR,FALHA DE SENSOR
700,VAZAMENTO DE SODA NA VALVULA DO TANQUE 2 30008310740,vazamento de soda na valvula do tanque 2 30008310740,VAZAMENTO EM VÁLVULA,VAZAMENTO EM VALVULA
701,VAZAMENTO DE SODA NO TANQUE 2 30008310740,vazamento de soda no tanque 2 30008310740,VAZAMENTO,VAZAMENTO
702,PALLET CHEIO NAO QUERIA SAIR DE POSIÇÃO,pallet cheio nao queria sair de posicao,TRAVAMENTO DE PALETE,TRAVAMENTO DE PALETE
703,LATAS TOMBANDO NA SAIDA DO SOPRADOR ÁPOS ALINHADOR 30008310615,latas tombando na saida do soprador apos alinhador 30008310615,ENROSCO DE LATAS,ENROSCO DE LATAS
704,SENSOR FORA ÁPOS LATA CAIR EM CIMA DO MESMO,sensor fora apos lata cair em cima do mesmo,FALHA DE SENSOR,FALHA DE SENSOR
705,FALHA NO PAINEL GERANDO PARADA DO TRANSPORTE DA FILTEC,falha no painel gerando parada do transporte da filtec,FALHA DE INSPEÇÃO,FALHA DE INSPECAO
706,LATAS TOMBANDO NA SAIDA DO SOPRADOR ÁPOS ALINHADOR 30008310615,latas tombando na saida do soprador apos alinhador 30008310615,ENROSCO DE LATAS,ENROSCO DE LATAS
707,FALHA DE COMUNICAÇÃO COM ETHERNET,falha de comunicacao com ethernet,FALHA DE COMUNICAÇÃO,FALHA DE COMUNICACAO
708,ESTOURO DE SOLDA NA TROCA DE BOBINA MANDRIL N°2 PARA MANDRIL N°1 300008310741,estouro de solda na troca de bobina mandril n 2 para mandril n 1 300008310741,FALHA DE SOLDA DE FILME,FALHA DE SOLDA DE FILME
709,FALHA DE INVERSOR N°305,falha de inversor n 305,FALHA DE INVERSOR,FALHA DE INVERSOR
710,ESTOURO DA SOLDA DO FILME NA TROCA DE BOBINA MANDRIL N°2 PARA MANDRIL N°1,estouro da solda do filme na troca de bobina mandril n 2 para mandril n 1,FALHA DE SOLDA DE FILME,FALHA DE SOLDA DE FILME
711,ESTOURO DA SOLDA DO FILME NA TROCA DE BOBINA MANDRIL N°2 PARA MANDRIL N°1,estouro da solda do filme na troca de bobina mandril n 2 para mandril n 1,FALHA DE SOLDA DE FILME,FALHA DE SOLDA DE FILME
712,FALHA ELETRICA NO TRASPORTE DE SAIDA DE ENCAIXOTADORA,falha eletrica no trasporte de saida de encaixotadora,FALHA ELÉTRICA DO TRANSPORTE,FALHA ELETRICA DO TRANSPORTE
713,FALHA NO ENCHIMENTO DA VL 24 FREIO DA BORBOLETA FOI VIRADO TROCA DAS MOLAS DO SNIFT,falha no enchimento da vl 24 freio da borboleta foi virado troca das molas do snift,FALHA DE VÁLVULA DE ENCHIMENTO,FALHA DE VALVULA DE ENCHIMENTO
714,FALHA NA CODIFICAÇÃO ( SEGREGAÇÃO DE 6 PALETES DE FTA UVA),falha na codificacao segregacao de 6 paletes de fta uva,FALHA DE CODIFICAÇÃO,FALHA DE CODIFICACAO
715,FALHA DE REJEIÇÃO 30008313283,falha de rejeicao 30008313283,FALHA DE REJEIÇÃO,FALHA DE REJEICAO
716,FALHA DE REJEIÇÃO 30008313283,falha de rejeicao 30008313283,FALHA DE REJEIÇÃO,FALHA DE REJEICAO
717,FALHA DE REJEIÇÃO 30008313283,falha de rejeicao 30008313283,FALHA DE REJEIÇÃO,FALHA DE REJEICAO
718,FALHA DE REJEIÇÃO,falha de rejeicao,FALHA DE REJEIÇÃO,FALHA DE REJEICAO
719,TRANSPORTE TRAVOU,transporte travou,TRAVAMENTO DE TRANSPORTE,TRAVAMENTO DE TRANSPORTE
720,"TRANSPORTE DE PACOTE FURANDO LATAS, MOLHANDO DE BEBIDA OS ROLETES E IMPACTANDO NA FORMAÇÃO DE CAMADA, FOI PRECISO REALIZAR A LIMPEZA DO SISTEMA",transporte de pacote furando latas molhando de bebida os roletes e impactando na formacao de camada foi preciso realizar a limpeza do sistema,FALHA DE ROLETES,FALHA DE ROLETES
721,FALHA NA FORMAÇÃO DE CAMADA E NO PEGA DAS CAMAS,falha na formacao de camada e no pega das camas,FALHA DE FORMAÇÃO DE CAMADA,FALHA DE FORMACAO DE CAMADA
722,SUPORTE DA TULIPA DA VÁLVULA NUMERO 5 SOLTOU / NOTA : 30008313189,suporte da tulipa da valvula numero 5 soltou nota 30008313189,FALHA DE FIXAÇÃO DA TULIPA,FALHA DE FIXACAO DA TULIPA
723,FALHA NA PORTA DO SISTEMA NOVO DE SEGURANÇA DE TROCA DE BOBINA,falha na porta do sistema novo de seguranca de troca de bobina,FALHA NA TROCA DE BOBINA,FALHA NA TROCA DE BOBINA
724,GUIA DE SAIDA DO FORNO DA EMPACOTADORA COM CALÇO PARA CORRIGIR A DEFORMAÇÃO DO GUIA/MA FORMAÇÃO NO PACOTE,guia de saida do forno da empacotadora com calco para corrigir a deformacao do guia ma formacao no pacote,DEFORMAÇÃO/DESALINHAMENTO DE GUIA,DEFORMACAO DESALINHAMENTO DE GUIA
725,"QUEDA DE LATA NO TRANSPORTE, GERANDO ACUMULO DE LATAS NO ALINHADOR",queda de lata no transporte gerando acumulo de latas no alinhador,FALHA DE ACÚMULO NO TRANSPORTE,FALHA DE ACUMULO NO TRANSPORTE
726,"TRANSPORTE DE PACOTE FURANDO LATAS E GERANDO FALHA NA PALETIZADORA, MOLHANDO DE BEBIDA OS ROLETES 30008313284:",transporte de pacote furando latas e gerando falha na paletizadora molhando de bebida os roletes 30008313284,FALHA DE ROLETES,FALHA DE ROLETES
727,"QUEDA DE LATA NO TRANSPORTE, GERANDO ACUMULO DE LATAS NO ALINHADOR",queda de lata no transporte gerando acumulo de latas no alinhador,FALHA DE ACÚMULO NO TRANSPORTE,FALHA DE ACUMULO NO TRANSPORTE
728,"TRANSPORTE DE PACOTE FURANDO LATAS, MOLHANDO DE BEBIDA OS ROLETES E IMPACTANDO NA FORMAÇÃO DE CAMADA, FOI PRECISO REALIZAR A LIMPEZA DO SISTEMA",transporte de pacote furando latas molhando de bebida os roletes e impactando na formacao de camada foi preciso realizar a limpeza do sistema,FALHA DE ROLETES,FALHA DE ROLETES
729,FALHA NA PORTA DO SISTEMA NOVO DE SEGURANÇA DE TROCA DE BOBINA,falha na porta do sistema novo de seguranca de troca de bobina,FALHA NA TROCA DE BOBINA,FALHA NA TROCA DE BOBINA
730,"FALHA NO INVERSOR 208, ORDEM : 30008313195",falha no inversor 208 ordem 30008313195,FALHA DE INVERSOR,FALHA DE INVERSOR
731,QUEDA DE LATAS NO TRANSPORTE GERANDO ACUMULO NO ALINHADOR,queda de latas no transporte gerando acumulo no alinhador,FALHA DE ACÚMULO NO TRANSPORTE,FALHA DE ACUMULO NO TRANSPORTE
732,"TRANSPORTE DE PACOTE FURANDO LATAS, MOLHANDO DE BEBIDA OS ROLETES E IMPACTANDO NA FORMAÇÃO DE CAMADA, FOI PRECISO REALIZAR A LIMPEZA DO SISTEMA",transporte de pacote furando latas molhando de bebida os roletes e impactando na formacao de camada foi preciso realizar a limpeza do sistema,FALHA DE ROLETES,FALHA DE ROLETES
733,"FALHA NO INVERSOR 208, ORDEM : 30008313195",falha no inversor 208 ordem 30008313195,FALHA DE INVERSOR,FALHA DE INVERSOR
734,"TRANSPORTE DE PACOTE FURANDO LATAS, MOLHANDO DE BEBIDA OS ROLETES E IMPACTANDO NA FORMAÇÃO DE CAMADA, FOI PRECISO REALIZAR A LIMPEZA DO SISTEMA",transporte de pacote furando latas molhando de bebida os roletes e impactando na formacao de camada foi preciso realizar a limpeza do sistema,FALHA DE ROLETES,FALHA DE ROLETES
735,EXCESSO DE FALSO REJEITO,excesso de falso rejeito,FALHA DE REJEIÇÃO,FALHA DE REJEICAO
736,"QUEDA DE GARRAFAS DENTRO DA ENCA, FALTA DE GARRAFAS NAS CAIXAS RESET NO INSPETOR DE GARRAFAS",queda de garrafas dentro da enca falta de garrafas nas caixas reset no inspetor de garrafas,FALHA DE INSPEÇÃO,FALHA DE INSPECAO
737,"FIO SOLTO DENTRO DO IHM DA PALETIZADORA, PAINEL DESLIGADO E MAQUINA PARADA",fio solto dentro do ihm da paletizadora painel desligado e maquina parada,FALHA DE IHM,FALHA DE IHM
738,"QUEDA DE GARRAFAS DENTRO DA ENCA, FALTA DE GARRAFAS NAS CAIXAS RESET NO INSPETOR DE GARRAFAS",queda de garrafas dentro da enca falta de garrafas nas caixas reset no inspetor de garrafas,FALHA DE INSPEÇÃO,FALHA DE INSPECAO
739,SENSOR DE PEGA DO CABEÇOTE ESTÁ COM MAU CONTATO AS VEZES PEGA AS VEZES NÃO.,sensor de pega do cabecote esta com mau contato as vezes pega as vezes nao,FALHA DE SENSOR,FALHA DE SENSOR
740,"FALHA ,FALTANDO GARRAFAS PARA A ENTRADA DA ENCHEDORA.",falha faltando garrafas para a entrada da enchedora,FALHA DE ALIMENTAÇÃO DE GARRAFAS,FALHA DE ALIMENTACAO DE GARRAFAS
741,"PROBLEMA NO SENSORES ,FALTANDO GARRAFAS PARA A ENTRADA DA ENCHEDORA.",problema no sensores faltando garrafas para a entrada da enchedora,FALHA DE ALIMENTAÇÃO DE GARRAFAS,FALHA DE ALIMENTACAO DE GARRAFAS
742,"PROBLEMA DE VAZAMENTO NA VALVULA 91, CAUSANDO NIVEL BAIXO",problema de vazamento na valvula 91 causando nivel baixo,VAZAMENTO EM VÁLVULA,VAZAMENTO EM VALVULA
743,FALHA NO SISTEMA DE REFRIGERACAO DE FUNDO DA GARRAFA,falha no sistema de refrigeracao de fundo da garrafa,FALHA NA REFRIGERAÇÃO DE FUNDO,FALHA NA REFRIGERACAO DE FUNDO
744,QUEDA DE GARRAFAS IMPEDINDO O FLUXO DE AGUA REALIZADO A LIMPEZA,queda de garrafas impedindo o fluxo de agua realizado a limpeza,QUEDA DE GARRAFAS,QUEDA DE GARRAFAS
745,AJUSTE DA VELOCIDADE DEVIDO A QUEDA DE GARRAFAS,ajuste da velocidade devido a queda de garrafas,QUEDA DE GARRAFAS,QUEDA DE GARRAFAS
746,AJUSTE DA VELOCIDADE DEVIDO A QUEDA DE GARRAFAS,ajuste da velocidade devido a queda de garrafas,QUEDA DE GARRAFAS,QUEDA DE GARRAFAS
747,"SUPORTE SUPERIOR DO TRANSPORTE DE GFS CHEIA QUEBRADA ,REALIZADO A SOLDA OORDEM 30008315724",suporte superior do transporte de gfs cheia quebrada realizado a solda oordem 30008315724,QUEBRA DE TRANSPORTE,QUEBRA DE TRANSPORTE
748,CENTRADOR DE CAIXAS FORA DA POSIÇÃO ORDEM: 30008315318,centrador de caixas fora da posicao ordem 30008315318,DESALINHAMENTO DE CENTRADOR,DESALINHAMENTO DE CENTRADOR
749,"TRANSPORTE GARRAFAS CHEIAS DESARMOU, FOI NECESSARIO REARMAR O TRANSPORTE",transporte garrafas cheias desarmou foi necessario rearmar o transporte,DESARME DE TRANSPORTE,DESARME DE TRANSPORTE
750,TRAVAMENTO SEGMENTOS DE GARRAFAS NO REJEITOR ENOS A100,travamento segmentos de garrafas no rejeitor enos a100,TRAVAMENTO DE SEGMENTOS,TRAVAMENTO DE SEGMENTOS
751,ROMPIMENTO DO CABO DO SENSOR DE PRESENÇA DE CAIXAS,rompimento do cabo do sensor de presenca de caixas,FALHA DE SENSOR,FALHA DE SENSOR
752,AJUSTE NA SENSIBILIDADE DO SENSOR DE LIBERAÇÃO DE TAMPAS PARA A ESTRELA,ajuste na sensibilidade do sensor de liberacao de tampas para a estrela,FALHA DE SENSOR,FALHA DE SENSOR
753,FILME ENROSCANDO NA SUBIDA DA MESA DE ENVOLVIMENTO - ORDEM 30008316231,filme enroscando na subida da mesa de envolvimento ordem 30008316231,FALHA DE ENVOLVIMENTO,FALHA DE ENVOLVIMENTO
754,QUEBRA DA LINGUETA DA PORTA DE SEGURANÇA - ORDEM 30008316233,quebra da lingueta da porta de seguranca ordem 30008316233,FALHA DE PORTA DE SEGURANÇA,FALHA DE PORTA DE SEGURANCA
755,FILME ENROSCANDO NA SUBIDA DA MESA DE ENVOLVIMENTO - ORDEM 30008316231,filme enroscando na subida da mesa de envolvimento ordem 30008316231,FALHA DE ENVOLVIMENTO,FALHA DE ENVOLVIMENTO
756,QUEBRA DA LINGUETA DA PORTA DE SEGURANÇA - ORDEM 30008316233,quebra da lingueta da porta de seguranca ordem 30008316233,FALHA DE PORTA DE SEGURANÇA,FALHA DE PORTA DE SEGURANCA
757,FILME ENROSCANDO NA SUBIDA DA MESA DE ENVOLVIMENTO - ORDEM 30008316231,filme enroscando na subida da mesa de envolvimento ordem 30008316231,FALHA DE ENVOLVIMENTO,FALHA DE ENVOLVIMENTO
758,FILME ENROSCANDO NA SUBIDA DA MESA DE ENVOLVIMENTO - ORDEM 30008316231,filme enroscando na subida da mesa de envolvimento ordem 30008316231,FALHA DE ENVOLVIMENTO,FALHA DE ENVOLVIMENTO
759,"QUEBRA DO PARAFUSO DO PRENSADOR DE CAMADA, IMPEDINDO A PRANCHA DE CONCLUIR O CICLO - ORDEM 30008316236",quebra do parafuso do prensador de camada impedindo a prancha de concluir o ciclo ordem 30008316236,QUEBRA DE PARAFUSO,QUEBRA DE PARAFUSO
760,"QUEBRA DO PARAFUSO DO PRENSADOR DE CAMADA, IMPEDINDO A PRANCHA DE CONCLUIR O CICLO - ORDEM 300083162",quebra do parafuso do prensador de camada impedindo a prancha de concluir o ciclo ordem 300083162,QUEBRA DE PARAFUSO,QUEBRA DE PARAFUSO
761,FALHA NO SENSOR DE GARRAFAS FALSAS - ORDEM 30008317239,falha no sensor de garrafas falsas ordem 30008317239,FALHA DE SENSOR,FALHA DE SENSOR
762,FALHA NO SENSOR DE SEGURANÇA DO REDUTOR - ORDEM 30008316240,falha no sensor de seguranca do redutor ordem 30008316240,FALHA DE SENSOR,FALHA DE SENSOR
763,FALHA NO TRANSPORTE DE LATAS VAZIAS 30008316237,falha no transporte de latas vazias 30008316237,FALHA DE ENCHIMENTO,FALHA DE ENCHIMENTO
764,FALHA NO TRANSPORTE DE LATAS VAZIAS 30008316237,falha no transporte de latas vazias 30008316237,FALHA DE ENCHIMENTO,FALHA DE ENCHIMENTO
765,FALHA NO SENSOR DE TAMPAS DA ESTRELA - ORDEM 30008316235,falha no sensor de tampas da estrela ordem 30008316235,FALHA DE SENSOR,FALHA DE SENSOR
766,VELOCIDADE DOS TRANSPORTE DESREGULADA OCASIONADO QUEDADE GARRAFAS NO ALINHADOR,velocidade dos transporte desregulada ocasionado quedade garrafas no alinhador,FALHA DE VELOCIDADE DO TRANSPORTE,FALHA DE VELOCIDADE DO TRANSPORTE
767,TROCA DO BOCAL 9 30008316202,troca do bocal 9 30008316202,FALHA DE TAMPAMENTO,FALHA DE TAMPAMENTO
768,"VARIAÇÃO NO ENVOLVIMENTO DO FILME, GERANDO PACOTES COM A JANELA ABERTA IMPACTANDO NA FORMAÇÃO DE CAMADA NA PALETIZADORA, NOTA : 13078451",variacao no envolvimento do filme gerando pacotes com a janela aberta impactando na formacao de camada na paletizadora nota 13078451,FALHA DE ENVOLVIMENTO,FALHA DE ENVOLVIMENTO
769,MANGUEIRAS RESSECADAS NO FORNO,mangueiras ressecadas no forno,DEGRADAÇÃO DE MANGUEIRA,DEGRADACAO DE MANGUEIRA
770,MANGUEIRAS RESSECADAS NO FORNO,mangueiras ressecadas no forno,DEGRADAÇÃO DE MANGUEIRA,DEGRADACAO DE MANGUEIRA
771,FALHA NA MODULAÇÃO DE VELOCIDADE DO TRANSPORTE / 30008318120,falha na modulacao de velocidade do transporte 30008318120,FALHA DE VELOCIDADE DO TRANSPORTE,FALHA DE VELOCIDADE DO TRANSPORTE
772,SENSOR CONTAGEM ENTRADA DE CAIXAS FALHANDO / 30008318121,sensor contagem entrada de caixas falhando 30008318121,FALHA DE SENSOR,FALHA DE SENSOR
773,SENSOR DANIFICADO 30008318191,sensor danificado 30008318191,FALHA DE SENSOR,FALHA DE SENSOR
774,SENSOR DANIFICADO 30008318191,sensor danificado 30008318191,FALHA DE SENSOR,FALHA DE SENSOR
775,SENSOR DANIFICADO 30008318191,sensor danificado 30008318191,FALHA DE SENSOR,FALHA DE SENSOR
776,FALTA DE TAMPA NA TOLVA / VIBRADOR EM FALHA,falta de tampa na tolva vibrador em falha,FALHA DE ALIMENTAÇÃO DE TAMPAS,FALHA DE ALIMENTACAO DE TAMPAS
777,FALTA DE TAMPA NA TOLVA/ VIBRADOR EM FALHA,falta de tampa na tolva vibrador em falha,FALHA DE ALIMENTAÇÃO DE TAMPAS,FALHA DE ALIMENTACAO DE TAMPAS
778,DESARME NO PAINEL ELÉTRICO,desarme no painel eletrico,FALHA ELÉTRICA SEM COMPONENTE IDENTIFICADO,FALHA ELETRICA SEM COMPONENTE IDENTIFICADO
779,QUEBRA DA REGUA(30008320897),quebra da regua 30008320897,QUEBRA DE RÉGUA,QUEBRA DE REGUA
780,GARRAFAS SEM TAMPAS GERANDO ENROSCO NOS GUIAS DE PASSAGEM DA EMPACOTADORA,garrafas sem tampas gerando enrosco nos guias de passagem da empacotadora,ENROSCO DE TAMPAS,ENROSCO DE TAMPAS
781,"GARRAFA ENTRANDO TORTA E CAINDO NAS VALVULAS, REALIZADO SINCRONISMO E PONTO ZERO",garrafa entrando torta e caindo nas valvulas realizado sincronismo e ponto zero,FALHA DE VÁLVULA,FALHA DE VALVULA
782,FALHA DE ENVOLVIMENTO E ESTOURO DE LATAS 30008320911,falha de envolvimento e estouro de latas 30008320911,ROMPIMENTO DE FILME,ROMPIMENTO DE FILME
783,FALHA DE ENVOLVIMENTO E ESTOURO DE LATAS 30008320911,falha de envolvimento e estouro de latas 30008320911,ROMPIMENTO DE FILME,ROMPIMENTO DE FILME
784,FALHA NO RELE DE SEGURANÇA DE PARAGEM DE EMERGIA,falha no rele de seguranca de paragem de emergia,FALHA DE RELÉ DE SEGURANÇA,FALHA DE RELE DE SEGURANCA
785,QUEDA DE LATAS GERANDO ACUMULO DE LATAS NO ALINHADOR,queda de latas gerando acumulo de latas no alinhador,QUEDA DE LATAS,QUEDA DE LATAS
786,QUEBRA DO SUPORTE DO SENSOR DO ALINHADOR ORDEN 30008320899,quebra do suporte do sensor do alinhador orden 30008320899,FALHA DE SENSOR,FALHA DE SENSOR
787,QUEBRA DA CORREIA 30008319806,quebra da correia 30008319806,QUEBRA DE CORREIA,QUEBRA DE CORREIA
788,CABO ROMPIDO SENSOR DE ALTURA DO CABEÇOTE,cabo rompido sensor de altura do cabecote,FALHA DE SENSOR,FALHA DE SENSOR
789,"PATINS SAINDO DO TRILHO, GERANDO MA FORMAÇÃO DE CAMADA NOTA 13154560",patins saindo do trilho gerando ma formacao de camada nota 13154560,FALHA DE PATINS,FALHA DE PATINS
790,"SAINDO PACOTES MAL FORMADOS, NOTA : 13078451",saindo pacotes mal formados nota 13078451,FALHA DE FORMAÇÃO DE PACOTE,FALHA DE FORMACAO DE PACOTE
791,"SAINDO PACOTES MAL FORMADOS, NOTA : 13078451",saindo pacotes mal formados nota 13078451,FALHA DE FORMAÇÃO DE PACOTE,FALHA DE FORMACAO DE PACOTE
792,"PATINS SAINDO DO TRILHO, GERANDO MAL FORMAÇÃO DE CAMADA",patins saindo do trilho gerando mal formacao de camada,FALHA DE PATINS,FALHA DE PATINS
793,"SAINDO PACOTES MAL FORMADOS, NOTA : 13078451",saindo pacotes mal formados nota 13078451,FALHA DE FORMAÇÃO DE PACOTE,FALHA DE FORMACAO DE PACOTE
794,CRASH DE LATAS NA ESTRELA DE ENTRADA PARA O SISTEMA DE ENCHIMENTO,crash de latas na estrela de entrada para o sistema de enchimento,CRASH DE LATAS,CRASH DE LATAS
795,"SAINDO PACOTES MAL FORMADOS, NOTA : 13078451",saindo pacotes mal formados nota 13078451,FALHA DE FORMAÇÃO DE PACOTE,FALHA DE FORMACAO DE PACOTE
796,FALHA DE ENVOLVIMENTO E QUEDA DE LATAS 30008320911,falha de envolvimento e queda de latas 30008320911,QUEDA DE LATAS,QUEDA DE LATAS
797,FALHA DE ENVOLVIMENTO E QUEDA DE LATAS 30008320911,falha de envolvimento e queda de latas 30008320911,QUEDA DE LATAS,QUEDA DE LATAS
798,"FALHA VIRADOR DE CAIXAS, GERANDO TRAVAMENTO DE CAIXAS NO GUIA DE TRANSPORTE ORDEM: 30008318178",falha virador de caixas gerando travamento de caixas no guia de transporte ordem 30008318178,TRAVAMENTO DE TRANSPORTE,TRAVAMENTO DE TRANSPORTE
799,"FALHA VIRADOR DE CAIXAS, GERANDO TRAVAMENTO DE CAIXAS NO GUIA DE TRANSPORTE ORDEM: 30008318178",falha virador de caixas gerando travamento de caixas no guia de transporte ordem 30008318178,TRAVAMENTO DE TRANSPORTE,TRAVAMENTO DE TRANSPORTE
800,"FALHA VIRADOR DE CAIXAS, GERANDO TRAVAMENTO DE CAIXAS NO GUIA TRANSPORTES ORDEM: 30008318178",falha virador de caixas gerando travamento de caixas no guia transportes ordem 30008318178,TRAVAMENTO DE TRANSPORTE,TRAVAMENTO DE TRANSPORTE
801,MOTOR DO TRANSPORTE DE SAIDA DA LAVADORA DESARMOU,motor do transporte de saida da lavadora desarmou,DESARME DE MOTOR,DESARME DE MOTOR
802,"FALHA NA FORMAÇÃO DAS CAMADAS, AJUSTE EM SENSOR 30008324701",falha na formacao das camadas ajuste em sensor 30008324701,FALHA DE SENSOR,FALHA DE SENSOR
803,INSPETOR DE GARRAFA COM EXCESSO DE FALSO REJEITO 30008324698,inspetor de garrafa com excesso de falso rejeito 30008324698,FALHA DE REJEIÇÃO,FALHA DE REJEICAO
804,FALHA DE INSPEÇÃO DE CONTORNO 30008324695,falha de inspecao de contorno 30008324695,FALHA DE INSPEÇÃO,FALHA DE INSPECAO
805,FALHA DE INSPEÇÃO DE CONTORNO 30008324695,falha de inspecao de contorno 30008324695,FALHA DE INSPEÇÃO,FALHA DE INSPECAO
806,FALHA DE INSPEÇÃO DE CONTORNO 30008324695,falha de inspecao de contorno 30008324695,FALHA DE INSPEÇÃO,FALHA DE INSPECAO
807,FALHA DE INSPEÇÃO DE CONTORNO 30008324695,falha de inspecao de contorno 30008324695,FALHA DE INSPEÇÃO,FALHA DE INSPECAO
808,EXCESSO DE REJEITO POR FALHA DE INSPEÇÃO DE CONTORNO,excesso de rejeito por falha de inspecao de contorno,FALHA DE REJEIÇÃO,FALHA DE REJEICAO
809,FALHAS NO SENSORES DO CABEÇOTE ( ORDEM 30008324666 ),falhas no sensores do cabecote ordem 30008324666,FALHA DE SENSOR,FALHA DE SENSOR
810,QUEBRA DO PENTE DE PASSAGEM NOTA 30008321693,quebra do pente de passagem nota 30008321693,FALHA DE PENTE DE TRANSFERÊNCIA,FALHA DE PENTE DE TRANSFERENCIA
811,VENTOSA SEGURANDO PACOTES ORDEM 30008324386,ventosa segurando pacotes ordem 30008324386,FALHA DE VENTOSA,FALHA DE VENTOSA
812,FALHA NA PORTA DE ENTRADA DA BOBINA,falha na porta de entrada da bobina,FALHA DE ENVOLVIMENTO,FALHA DE ENVOLVIMENTO
813,VENTOSA SEGURANDO PACOTES ORDEM 30008324386,ventosa segurando pacotes ordem 30008324386,FALHA DE VENTOSA,FALHA DE VENTOSA
814,FALHA NA PORTA DE ENTRADA DA BOBINA,falha na porta de entrada da bobina,FALHA DE ENVOLVIMENTO,FALHA DE ENVOLVIMENTO
815,ENROSCO DE PACOTES NOS PATINS DO DEVAISER 30008324682,enrosco de pacotes nos patins do devaiser 30008324682,ENROSCO DE PACOTES,ENROSCO DE PACOTES
816,ENROSCO DE PACOTES NOS PATINS DO DEVAISER 30008324682,enrosco de pacotes nos patins do devaiser 30008324682,ENROSCO DE PACOTES,ENROSCO DE PACOTES
817,ENROSCO DE PACOTES NOS PATINS DO DEVAISER 30008324682,enrosco de pacotes nos patins do devaiser 30008324682,ENROSCO DE PACOTES,ENROSCO DE PACOTES
819,ENROSCO DE PACOTES NOS PATINS DO DEVAISER 30008324682,enrosco de pacotes nos patins do devaiser 30008324682,ENROSCO DE PACOTES,ENROSCO DE PACOTES
820,ENROSCO DE PACOTES NOS PATINS DO DEVAISER 30008324682,enrosco de pacotes nos patins do devaiser 30008324682,ENROSCO DE PACOTES,ENROSCO DE PACOTES
821,ENROSCO DE PACOTES NOS PATINS DO DEVAISER 30008324682,enrosco de pacotes nos patins do devaiser 30008324682,ENROSCO DE PACOTES,ENROSCO DE PACOTES
822,FALHA PARA RESETAR A PORTA DE SEGURANÇA DO SISTEMA DE BOBINA,falha para resetar a porta de seguranca do sistema de bobina,FALHA DE PORTA DE SEGURANÇA,FALHA DE PORTA DE SEGURANCA
823,"SAINDO PACOTES MAL FORMADOS, NOTA : 13078451, BOBINA ESTA SE DESLOCANDO NO MANDRIL, GERANDO VARIAÇÃO NO ENVOLVIMENTO DO FILME/JANELA ABERTA",saindo pacotes mal formados nota 13078451 bobina esta se deslocando no mandril gerando variacao no envolvimento do filme janela aberta,FALHA DE FORMAÇÃO DE PACOTE,FALHA DE FORMACAO DE PACOTE
824,"EMPURRADOR DE TAMPAS DEMORANDO NO RECUO, GERANDO ENCAVALAMENTO DE TAMPAS NO TRANSPORTE DE ALIMENTAÇÃO",empurrador de tampas demorando no recuo gerando encavalamento de tampas no transporte de alimentacao,TRAVAMENTO DE TRANSPORTE,TRAVAMENTO DE TRANSPORTE
825,"SAINDO PACOTES MAL FORMADOS, NOTA : 13078451, BOBINA ESTA SE DESLOCANDO NO MANDRIL, GERANDO VARIAÇÃO NO ENVOLVIMENTO DO FILME/JANELA ABERTA",saindo pacotes mal formados nota 13078451 bobina esta se deslocando no mandril gerando variacao no envolvimento do filme janela aberta,FALHA DE FORMAÇÃO DE PACOTE,FALHA DE FORMACAO DE PACOTE
826,"SAINDO PACOTES MAL FORMADOS, NOTA : 13078451, BOBINA ESTA SE DESLOCANDO NO MANDRIL, GERANDO VARIAÇÃO NO ENVOLVIMENTO DO FILME/JANELA ABERTA",saindo pacotes mal formados nota 13078451 bobina esta se deslocando no mandril gerando variacao no envolvimento do filme janela aberta,FALHA DE FORMAÇÃO DE PACOTE,FALHA DE FORMACAO DE PACOTE
827,FALHA COMUNICAÇÃO PLC ( 30008322230 ),falha comunicacao plc 30008322230,FALHA DE COMUNICAÇÃO,FALHA DE COMUNICACAO
828,ROMPEU O REPARO DE ENTRADA DE AGUA PARA TANQUES DE SODA ORDEM: 30008322194,rompeu o reparo de entrada de agua para tanques de soda ordem 30008322194,QUEBRA DE COMPONENTE,QUEBRA DE COMPONENTE
829,CABO ROMPIDO DO SENSOR DE ALTURA DO CABEÇOTE DESPALETIZADORA ORDEM: 30008322192,cabo rompido do sensor de altura do cabecote despaletizadora ordem 30008322192,FALHA DE SENSOR,FALHA DE SENSOR
830,QUEBRA DA ESTEIRA DO TRANS. DE PACOTE DEPOIS DA CURVA,quebra da esteira do trans de pacote depois da curva,QUEBRA DE ESTEIRA,QUEBRA DE ESTEIRA
831,FALHA NO SENSOR DE TAMPA,falha no sensor de tampa,FALHA DE SENSOR,FALHA DE SENSOR
832,FALHA NO SENSOR DE TAMPA,falha no sensor de tampa,FALHA DE SENSOR,FALHA DE SENSOR
833,2 ENXAGUES ADICIONAIS PARA REALIZAÇÃO DE TESTE DAS ALTERAÇÕES NO PROPORCIONADOR (SIDEL),2 enxagues adicionais para realizacao de teste das alteracoes no proporcionador sidel,SEM MODO DE FALHA IDENTIFICADO,SEM MODO DE FALHA IDENTIFICADO
834,VARIAÇÃO DE ENCHIMENTO DURANTE PARTIDA DE PRODUÇÃO (UTILIZAÇÃO DE RECEITAS FORA DO PADRÃO),variacao de enchimento durante partida de producao utilizacao de receitas fora do padrao,FALHA DE ENCHIMENTO,FALHA DE ENCHIMENTO
835,VARIAÇÃO DE ENCHIMENTO DURANTE PARTIDA DE PRODUÇÃO (UTILIZAÇÃO DE RECEITAS FORA DO PADRÃO),variacao de enchimento durante partida de producao utilizacao de receitas fora do padrao,FALHA DE ENCHIMENTO,FALHA DE ENCHIMENTO
836,FALHA NA POSIÇÃO DA PINÇA,falha na posicao da pinca,FALHA DE PINÇA,FALHA DE PINCA
837,AJUSTE NA ISPECAO DE NIVEL DESLIGANDO A ENCHEDORA,ajuste na ispecao de nivel desligando a enchedora,SEM MODO DE FALHA IDENTIFICADO,SEM MODO DE FALHA IDENTIFICADO
838,TROCA DO SENSOR DE CONTAGEM DE PACOTES (NOTA 300008331106),troca do sensor de contagem de pacotes nota 300008331106,FALHA DE SENSOR,FALHA DE SENSOR
839,TROCA DO SENSOR DE CONTAGEM DE PACOTES (NOTA 300008331106),troca do sensor de contagem de pacotes nota 300008331106,FALHA DE SENSOR,FALHA DE SENSOR
840,FALHA NO ENCODER.,falha no encoder,FALHA DE ENCODER,FALHA DE ENCODER
841,SENSOR DO PONTO DE DESCARTE DE PALLET VAZIO ESTÁ FORA DE FOCO 30008326507,sensor do ponto de descarte de pallet vazio esta fora de foco 30008326507,FALHA DE SENSOR,FALHA DE SENSOR
842,ENROSCO DE PACOTES NOS PATINS DO DEVAISER 30008324682,enrosco de pacotes nos patins do devaiser 30008324682,ENROSCO DE PACOTES,ENROSCO DE PACOTES
843,ENROSCO DE PACOTES NOS PATINS DO DEVAISER 30008324682,enrosco de pacotes nos patins do devaiser 30008324682,ENROSCO DE PACOTES,ENROSCO DE PACOTES
844,"FALHA VELOCIDADE DO TRANSPORTE VIRADOR DE CAIXAS, FOI AJUSTADO A VELOCIDADE NO TRANSPORTE ORDEM: 30008326498",falha velocidade do transporte virador de caixas foi ajustado a velocidade no transporte ordem 30008326498,FALHA DE VELOCIDADE DO TRANSPORTE,FALHA DE VELOCIDADE DO TRANSPORTE
845,FALHA NA VALVULA 37 ( 30008329851 ),falha na valvula 37 30008329851,FALHA DE VÁLVULA,FALHA DE VALVULA
846,FALHA NA VALVULA 37 ( 30008329851 ) RETIRADA DA VALVULA E DA BORBOLETA,falha na valvula 37 30008329851 retirada da valvula e da borboleta,FALHA DE VÁLVULA,FALHA DE VALVULA
847,FALHA NA SOLDA DO FILME NA TROCA DE BOBINA.,falha na solda do filme na troca de bobina,FALHA DE SOLDA DE FILME,FALHA DE SOLDA DE FILME
848,FALHA NO SERVO DE ELEVAÇÃO DA PALETIZADORA,falha no servo de elevacao da paletizadora,FALHA DE SERVO MOTOR,FALHA DE SERVO MOTOR
849,QUEDA DE GARRAFA NA AREA DE TRANFERENCIA,queda de garrafa na area de tranferencia,QUEDA DE GARRAFAS,QUEDA DE GARRAFAS
850,FALHA NO SENSOR DA MOLA DO PEGADOR DE CHAPATEX (ORDEM: 30008335242),falha no sensor da mola do pegador de chapatex ordem 30008335242,FALHA DE SENSOR,FALHA DE SENSOR
851,ENROSCO DE PACOTES NOS PATINS DO DEVAISER 30008324682,enrosco de pacotes nos patins do devaiser 30008324682,ENROSCO DE PACOTES,ENROSCO DE PACOTES
852,ENROSCO DE PACOTES NOS PATINS DO DEVAISER 30008324682,enrosco de pacotes nos patins do devaiser 30008324682,ENROSCO DE PACOTES,ENROSCO DE PACOTES
853,"LATA VINDO CAIDA ANTES DO ALINHADOR, GERANDO ACUMULO E TAMPADO SENSOR DO ALINHADOR",lata vindo caida antes do alinhador gerando acumulo e tampado sensor do alinhador,FALHA DE SENSOR,FALHA DE SENSOR
854,GERANDO FALHA NO REMOVEDOR DE CARTÃO 30008334982,gerando falha no removedor de cartao 30008334982,FALHA NO MANUSEIO DE CARTÃO,FALHA NO MANUSEIO DE CARTAO
855,"FALHA DE ENCHIMENTO DA VALVULA Nº63, JUMPER FISICO COM VALVULA Nº61 NOTA 30008335218",falha de enchimento da valvula no63 jumper fisico com valvula no61 nota 30008335218,FALHA DE VÁLVULA DE ENCHIMENTO,FALHA DE VALVULA DE ENCHIMENTO
856,"TRAVAMENTO DO SEGMENTO,FALHA DE SINCRONISMO - ORDEM 30008334248",travamento do segmento falha de sincronismo ordem 30008334248,TRAVAMENTO DE SEGMENTOS,TRAVAMENTO DE SEGMENTOS
857,FALHA NO SENSOR DA MOLA DO PEGADOR DE CHAPATEX (ORDEM: 30008335242),falha no sensor da mola do pegador de chapatex ordem 30008335242,FALHA DE SENSOR,FALHA DE SENSOR
858,FALHA NO SENSOR DA MOLA DO PEGADOR DE CHAPATEX (ORDEM: 30008335242),falha no sensor da mola do pegador de chapatex ordem 30008335242,FALHA DE SENSOR,FALHA DE SENSOR
859,FALHA NO SENSOR DA MOLA DO PEGADOR DE CHAPATEX (ORDEM: 30008335242),falha no sensor da mola do pegador de chapatex ordem 30008335242,FALHA DE SENSOR,FALHA DE SENSOR
860,FALHA NO SENSOR DA MOLA DO PEGADOR DE CHAPATEX (ORDEM: 30008335242),falha no sensor da mola do pegador de chapatex ordem 30008335242,FALHA DE SENSOR,FALHA DE SENSOR
861,FALHA NO SENSOR DA MOLA DO PEGADOR DE CHAPATEX (ORDEM: 30008335242),falha no sensor da mola do pegador de chapatex ordem 30008335242,FALHA DE SENSOR,FALHA DE SENSOR
862,FALHA NO SENSOR DA MOLA DO PEGADOR DE CHAPATEX (ORDEM: 30008335242),falha no sensor da mola do pegador de chapatex ordem 30008335242,FALHA DE SENSOR,FALHA DE SENSOR
863,FALHA NO SENSOR DA MOLA DO PEGADOR DE CHAPATEX (ORDEM: 30008335242),falha no sensor da mola do pegador de chapatex ordem 30008335242,FALHA DE SENSOR,FALHA DE SENSOR
864,QUEBROU A ESTEIRA DO TRANSPORTE DE PACOTES / NOTA 30008337083,quebrou a esteira do transporte de pacotes nota 30008337083,QUEBRA DE ESTEIRA,QUEBRA DE ESTEIRA
865,ENTUPIMENTO DA TUBULAÇÃO,entupimento da tubulacao,ENTUPIMENTO,ENTUPIMENTO
866,QUEBRA DA ESTEIRA DO TRANSPORTE DE SA (NOTA:30008337191)ÍDA DO FORNO,quebra da esteira do transporte de sa nota 30008337191 ida do forno,QUEBRA DE ESTEIRA,QUEBRA DE ESTEIRA
867,QUEBRA DA ESTEIRA DO TRANSPORTE DE SA (NOTA:30008337191)ÍDA DO FORNO,quebra da esteira do transporte de sa nota 30008337191 ida do forno,QUEBRA DE ESTEIRA,QUEBRA DE ESTEIRA
868,PALETIZADORA DESARMANDO POR FALTA DE AR,paletizadora desarmando por falta de ar,FALHA DE SUPRIMENTO DE AR COMPRIMIDO,FALHA DE SUPRIMENTO DE AR COMPRIMIDO
869,PALETIZADORA DESARMANDO POR FALTA DE AR,paletizadora desarmando por falta de ar,FALHA DE SUPRIMENTO DE AR COMPRIMIDO,FALHA DE SUPRIMENTO DE AR COMPRIMIDO
870,PALETIZADORA DESARMANDO POR FALTA DE AR 30008337275,paletizadora desarmando por falta de ar 30008337275,FALHA DE SUPRIMENTO DE AR COMPRIMIDO,FALHA DE SUPRIMENTO DE AR COMPRIMIDO
871,REMOVEDOR DE CARTÃO BLOQUEDO.,removedor de cartao bloquedo,FALHA NO MANUSEIO DE CARTÃO,FALHA NO MANUSEIO DE CARTAO
872,"FALHA NA SOLDAGEM EM AUTOMATICO, ESTOURO DA SOLDA, TEVE QUE PASSAR O FILME APOS O OCORRIDO",falha na soldagem em automatico estouro da solda teve que passar o filme apos o ocorrido,FALHA DE SOLDA DE FILME,FALHA DE SOLDA DE FILME
873,FALHA NO SENSOR DE GARRAFAS FALSAS (30008337258),falha no sensor de garrafas falsas 30008337258,FALHA DE SENSOR,FALHA DE SENSOR
874,"TESTE EM PROCEDI,MENTOS DE PARTIDA ACOMPANHADA PELOS TECNICOS DA SIDEL E MANUTENÇÃO (30008337260)",teste em procedi mentos de partida acompanhada pelos tecnicos da sidel e manutencao 30008337260,SEM MODO DE FALHA IDENTIFICADO,SEM MODO DE FALHA IDENTIFICADO
875,TROCA DO MEDIDOR DE VAZÃO DA VALVULA N°36 (30008337259),troca do medidor de vazao da valvula n 36 30008337259,VAZAMENTO EM VÁLVULA,VAZAMENTO EM VALVULA
876,FALHA NO INVERSOR 307 ( 30008337262),falha no inversor 307 30008337262,FALHA DE INVERSOR,FALHA DE INVERSOR
877,FALHA NA RETIRADA DO QUADRO SUPERIOR DO PALETE,falha na retirada do quadro superior do palete,FALHA NO MANUSEIO DE CARTÃO,FALHA NO MANUSEIO DE CARTAO
878,FALHA NA RETIRADA DO QUADRO SUPERIOR DO PALETE,falha na retirada do quadro superior do palete,FALHA NO MANUSEIO DE CARTÃO,FALHA NO MANUSEIO DE CARTAO
879,"FALHA SENSOR CONTAGEM DE CAIXA, CAMADA COM CAIXA A MENOS",falha sensor contagem de caixa camada com caixa a menos,FALHA DE SENSOR,FALHA DE SENSOR
880,"MALHA DANIFICADA, OCASIONANDO A QUEBRA LACRE DE TAMPA, FOI REALIZADO A TROCA DE MALHA ORDEM: 30008337101",malha danificada ocasionando a quebra lacre de tampa foi realizado a troca de malha ordem 30008337101,QUEBRA DE COMPONENTE,QUEBRA DE COMPONENTE
881,FALHA BEBIDA CARBONATADOR NO MIXER,falha bebida carbonatador no mixer,FALHA DE CARBONATAÇÃO,FALHA DE CARBONATACAO
882,FALHA TAMPA NA ESTRELA DO CAPSULADOR,falha tampa na estrela do capsulador,FALHA DE TAMPAMENTO,FALHA DE TAMPAMENTO
883,FALHA BEBIDA CARBONATADOR DO MIXER,falha bebida carbonatador do mixer,FALHA DE CARBONATAÇÃO,FALHA DE CARBONATACAO
884,FALHA TAMPA NA ESTRALA DO CAPSULADOR,falha tampa na estrala do capsulador,FALHA DE TAMPAMENTO,FALHA DE TAMPAMENTO
885,TROCA DA ENGRENAGEM DA ESTEIRA,troca da engrenagem da esteira,FALHA DE ENGRENAGEM,FALHA DE ENGRENAGEM
886,FALHA NO SENSOR DA MOLA DO PEGADOR DE CHAPATEX.,falha no sensor da mola do pegador de chapatex,FALHA DE SENSOR,FALHA DE SENSOR
887,QUEDA DE GARRAFAS NA VALVULA 54. ORDEM 30008337185.,queda de garrafas na valvula 54 ordem 30008337185,FALHA DE VÁLVULA,FALHA DE VALVULA
888,"SAINDO GARRAFAS SEM TAMPAS, QUEDA NA MESA DE ARRASTE DA EMPACOTADORA",saindo garrafas sem tampas queda na mesa de arraste da empacotadora,FALHA DE ALIMENTAÇÃO DE TAMPAS,FALHA DE ALIMENTACAO DE TAMPAS
889,FALHA NA SOLDA - ABERTURA DOS PRIMEIROS PACOTES APÓS TROCA DE BOBINA (13166062),falha na solda abertura dos primeiros pacotes apos troca de bobina 13166062,FALHA DE SOLDA DE FILME,FALHA DE SOLDA DE FILME
890,TROCA DO PALETE DE CARTÃO,troca do palete de cartao,FALHA NA TROCA DE PALETE DE CARTÃO,FALHA NA TROCA DE PALETE DE CARTAO
891,PATIM FORA DA GUIA OCASIONANDO FALHA NO DIRECIONAMENTO DOS PACOTES. (13085183),patim fora da guia ocasionando falha no direcionamento dos pacotes 13085183,PATINS FORA DE POSIÇÃO,PATINS FORA DE POSICAO
892,FALHA NA RETIRADA DO QUADRO,falha na retirada do quadro,FALHA NO MANUSEIO DE CARTÃO,FALHA NO MANUSEIO DE CARTAO
893,FALHA NA SOLDA - ABERTURA DOS PRIMEIROS PACOTES APÓS TROCA DE BOBINA (13166062),falha na solda abertura dos primeiros pacotes apos troca de bobina 13166062,FALHA DE SOLDA DE FILME,FALHA DE SOLDA DE FILME
894,PATIM FORA DA GUIA OCASIONANDO FALHA NO DIRECIONAMENTO DOS PACOTES. (13085183),patim fora da guia ocasionando falha no direcionamento dos pacotes 13085183,PATINS FORA DE POSIÇÃO,PATINS FORA DE POSICAO
895,TROCA DO PALETE DE CARTÃO,troca do palete de cartao,FALHA NA TROCA DE PALETE DE CARTÃO,FALHA NA TROCA DE PALETE DE CARTAO
896,ENROSCO DE PACOTES NO DEVAISER,enrosco de pacotes no devaiser,ENROSCO DE PACOTES,ENROSCO DE PACOTES
897,ENROSCO DE PACOTES NOS PATINS DO DEVAISER,enrosco de pacotes nos patins do devaiser,ENROSCO DE PACOTES,ENROSCO DE PACOTES
898,PACOTES ABERTOS OCASIONANDO ENROSCO NAMESA DE COMPACTAÇÃO DA PALETIZADORA,pacotes abertos ocasionando enrosco namesa de compactacao da paletizadora,ENROSCO DE PACOTES,ENROSCO DE PACOTES
899,PACOTES ABERTOS OCASIONANDO ENROSCO NAMESA DE COMPACTAÇÃO DA PALETIZADORA,pacotes abertos ocasionando enrosco namesa de compactacao da paletizadora,ENROSCO DE PACOTES,ENROSCO DE PACOTES
900,FALHA DURANTE DESPALETIZAÇÃO PERDEU SINCRONISMO,falha durante despaletizacao perdeu sincronismo,FALHA DE SINCRONISMO,FALHA DE SINCRONISMO
901,ENROSCO DE PACOTE NO GUIA DO TRANSPOTE POR PACOTE ABERTO VINDO DO FORNO TUBEIRA RASGADA.,enrosco de pacote no guia do transpote por pacote aberto vindo do forno tubeira rasgada,ROMPIMENTO DE TUBEIRA DO FORNO,ROMPIMENTO DE TUBEIRA DO FORNO
902,LATA CAIDA NO TRASNPORTE DA FILTC VENDO DO WORME.,lata caida no trasnporte da filtc vendo do worme,QUEDA DE LATAS,QUEDA DE LATAS
903,"PACOTE SAINDO ABERTO, GERANDO FALHA NA FORMAÇÃO DE CAMADA NA PALETIZADORA",pacote saindo aberto gerando falha na formacao de camada na paletizadora,FALHA DE FORMAÇÃO DE CAMADA,FALHA DE FORMACAO DE CAMADA
904,DESARME/ALARME E PARADA DO MOTOR DO TRANSPORTE DE CAIXAS CHEIAS NA PALETIZADORA,desarme alarme e parada do motor do transporte de caixas cheias na paletizadora,DESARME DE MOTOR,DESARME DE MOTOR
905,"EXCESSO DE REJEITO, LENTE INTERNA DO EQUIPAMENTO COM SUJIDADE/MANCHADA/BORRADA",excesso de rejeito lente interna do equipamento com sujidade manchada borrada,FALHA DE REJEIÇÃO,FALHA DE REJEICAO
906,"EXCESSO DE REJEITO, LENTE INTERNA DO EQUIPAMENTO COM SUJIDADE/MANCHADA/BORRADA",excesso de rejeito lente interna do equipamento com sujidade manchada borrada,FALHA DE REJEIÇÃO,FALHA DE REJEICAO
907,"QUEDA DE PROTEÇÃO DO SISTEMA DE ROTAÇÃO, PORTA ENTROU NO MEIO DA ENGRENAGEM TRAVANDO O EQUIPAMENTO",queda de protecao do sistema de rotacao porta entrou no meio da engrenagem travando o equipamento,TRAVAMENTO DE ENGRENAGEM,TRAVAMENTO DE ENGRENAGEM
908,FALHA NA TEMPERATURA,falha na temperatura,FALHA DE CONTROLE DE TEMPERATURA,FALHA DE CONTROLE DE TEMPERATURA
909,FALHA NO FLUXIMENTRO DE CO2,falha no fluximentro de co2,FALHA DE FLUXÍMETRO,FALHA DE FLUXIMETRO
910,FALHA NO FLUXIMETRO DE CO2,falha no fluximetro de co2,FALHA DE FLUXÍMETRO,FALHA DE FLUXIMETRO
911,AJUSTE DA ARANHA DO PEGADOR DE CHAPATEX - ORDEM: 30008344096,ajuste da aranha do pegador de chapatex ordem 30008344096,FALHA DE PEGADOR,FALHA DE PEGADOR
912,PALLET PARANDO NA POSIÇÃO INCORRETA - ORDEM: 30008344304,pallet parando na posicao incorreta ordem 30008344304,TRAVAMENTO DE PALETE,TRAVAMENTO DE PALETE
913,"PACOTE MAL FORMADO ABERTO VINDO DO FORNO TUBEIRA RASGADA,DANO ERRO DE FORMAÇÃODE CAMADA NA PALETIZADORA",pacote mal formado aberto vindo do forno tubeira rasgada dano erro de formacaode camada na paletizadora,ROMPIMENTO DE TUBEIRA DO FORNO,ROMPIMENTO DE TUBEIRA DO FORNO
914,"PACOTE MAL FORMADO ABERTO VINDO DO FORNO TUBEIRA RASGADA,DANO ERRO DE FORMAÇÃODE CAMADA NA PALETIZADORA,",pacote mal formado aberto vindo do forno tubeira rasgada dano erro de formacaode camada na paletizadora,ROMPIMENTO DE TUBEIRA DO FORNO,ROMPIMENTO DE TUBEIRA DO FORNO
915,"PACOTE MAL FORMADO ABERTO VINDO DO FORNO TUBEIRA RASGADA,DANO ERRO DE FORMAÇÃODE CAMADA NA PALETIZADORA.",pacote mal formado aberto vindo do forno tubeira rasgada dano erro de formacaode camada na paletizadora,ROMPIMENTO DE TUBEIRA DO FORNO,ROMPIMENTO DE TUBEIRA DO FORNO
916,MAGAZINE DE TAMPAS/ PASSOU PAPAEL PARA A CASCATA DE ALIMENTAÇÃO DA RECRAVADORA (FACA RUIM),magazine de tampas passou papael para a cascata de alimentacao da recravadora faca ruim,FALHA DE RECRAVAÇÃO,FALHA DE RECRAVACAO
917,PALETIZADORA/FALHA NO CICLO AUTOMATICONA TROCA DE MAGAZINE DE CARTÃO,paletizadora falha no ciclo automaticona troca de magazine de cartao,FALHA DE MAGAZINE,FALHA DE MAGAZINE
918,"PACOTE MAL FORMADO ABERTO VINDO DO FORNO TUBEIRA RASGADA,DANO ERRO DE FORMAÇÃODE CAMADA NA PALETIZADORA, GEROU ESTOURO DE LATA NA ENTRADA",pacote mal formado aberto vindo do forno tubeira rasgada dano erro de formacaode camada na paletizadora gerou estouro de lata na entrada,ROMPIMENTO DE TUBEIRA DO FORNO,ROMPIMENTO DE TUBEIRA DO FORNO
919,"PACOTE MAL FORMADO ABERTO VINDO DO FORNO TUBEIRA RASGADA,DANO ERRO DE FORMAÇÃODE CAMADA NA PALETIZADORA.",pacote mal formado aberto vindo do forno tubeira rasgada dano erro de formacaode camada na paletizadora,ROMPIMENTO DE TUBEIRA DO FORNO,ROMPIMENTO DE TUBEIRA DO FORNO
920,FALHA ELETRICA SERVO PERTUBADO EMPACOTADORA,falha eletrica servo pertubado empacotadora,FALHA DE SERVO MOTOR,FALHA DE SERVO MOTOR
921,FALHA NO INVERSOR DO EXTRADTOR DE CARTÃO (30008344306),falha no inversor do extradtor de cartao 30008344306,FALHA DE INVERSOR,FALHA DE INVERSOR
922,ENROSCO DE PACOTES NO DEVAISER OCASIONANDO FALHA NA FORMAÇÃO DE CAMADAS,enrosco de pacotes no devaiser ocasionando falha na formacao de camadas,ENROSCO DE PACOTES,ENROSCO DE PACOTES
923,"FALHA AR PRÉVIO NA ENCHEDORA, FOI NECESSARIO SINCRONIZAR A ENCHEDORA ORDEM: 30008341850",falha ar previo na enchedora foi necessario sincronizar a enchedora ordem 30008341850,FALHA DE SINCRONISMO,FALHA DE SINCRONISMO
924,TROCA DO SENSOR DE FALTA DE TAMPASCAPSULADOR ORDEM: 30008341832,troca do sensor de falta de tampascapsulador ordem 30008341832,FALHA DE SENSOR,FALHA DE SENSOR
925,"QUEBROU A CORREIA DO DESCAPSULADOR, FOI NECESSARIO A TROCA DE CORREIA ORDEM: 30008341831",quebrou a correia do descapsulador foi necessario a troca de correia ordem 30008341831,QUEBRA DE CORREIA,QUEBRA DE CORREIA
926,TRANSPORTE NA SAIDA DA DESENCAIXATADORA DESARMOU,transporte na saida da desencaixatadora desarmou,DESARME DE TRANSPORTE,DESARME DE TRANSPORTE
927,FALHA NO SINCROJET,falha no sincrojet,SEM MODO DE FALHA IDENTIFICADO,SEM MODO DE FALHA IDENTIFICADO
928,"FALHA NO MÓDULO DA SIEMENS,QUEDA DO SISTEMA, FALHA DO CONDICIONADOR",falha no modulo da siemens queda do sistema falha do condicionador,FALHA DE MÓDULO,FALHA DE MODULO
929,"FALHA NO MÓDULO DA SIEMENS,QUEDA DO SISTEMA, FALHA DO CONDICIONADOR (30008344310)",falha no modulo da siemens queda do sistema falha do condicionador 30008344310,FALHA DE MÓDULO,FALHA DE MODULO
930,"FALHA NO MÓDULO DA SIEMENS,QUEDA DO SISTEMA, FALHA DO CONDICIONADOR (30008344310)",falha no modulo da siemens queda do sistema falha do condicionador 30008344310,FALHA DE MÓDULO,FALHA DE MODULO
931,"FALHA NO MÓDULO DA SIEMENS,QUEDA DO SISTEMA, FALHA DO CONDICIONADOR (30008344310)",falha no modulo da siemens queda do sistema falha do condicionador 30008344310,FALHA DE MÓDULO,FALHA DE MODULO
932,"FALHA NO MÓDULO DA SIEMENS,QUEDA DO SISTEMA, FALHA DO CONDICIONADOR",falha no modulo da siemens queda do sistema falha do condicionador,FALHA DE MÓDULO,FALHA DE MODULO
933,SENSOR FALTA DE FALTA DANIFICADO,sensor falta de falta danificado,FALHA DE SENSOR,FALHA DE SENSOR
934,SENSOR FALTA DE TAMPA DANIFICADO,sensor falta de tampa danificado,FALHA DE SENSOR,FALHA DE SENSOR
935,SENSOR FALTA DE TAMPA DANIFICADO,sensor falta de tampa danificado,FALHA DE SENSOR,FALHA DE SENSOR
936,"SENSOR DE CAMADA NÃO ESTAVA LENDO NO ESPELHO,FEZ O PROCEDIMENTO MAIS VOLTOU O PROBLEMA NOVAMENTE .",sensor de camada nao estava lendo no espelho fez o procedimento mais voltou o problema novamente,FALHA DE SENSOR,FALHA DE SENSOR
937,DESARMANDO SISTEMA ELETRICO DA MAQUINA,desarmando sistema eletrico da maquina,DESARME DE EQUIPAMENTO,DESARME DE EQUIPAMENTO
938,ENROSCO DE PACOTES NOS PATINS DO DEVAISER,enrosco de pacotes nos patins do devaiser,ENROSCO DE PACOTES,ENROSCO DE PACOTES
939,FALHA NO SENSOR DE SEGURANÇA DA PORTA,falha no sensor de seguranca da porta,FALHA DE SENSOR,FALHA DE SENSOR
940,ENCHEDORA FORA DE SINCRONISMO,enchedora fora de sincronismo,FALHA DE SINCRONISMO,FALHA DE SINCRONISMO
941,FALHA NO SISTEMA PORTA DE SEGURANÇA DA TROCA DE BOBINA,falha no sistema porta de seguranca da troca de bobina,FALHA NA TROCA DE BOBINA,FALHA NA TROCA DE BOBINA
942,FALHA NO SISTEMA PORTA DE SEGURANÇA DA TROCA DE BOBINA,falha no sistema porta de seguranca da troca de bobina,FALHA NA TROCA DE BOBINA,FALHA NA TROCA DE BOBINA
943,QUEDA DE LATAS NO TRANSPORTE DE FILTEC,queda de latas no transporte de filtec,FALHA DE INSPEÇÃO,FALHA DE INSPECAO
944,FALHA PORTA SEGURAÇA TROCA DA BOBINA .,falha porta seguraca troca da bobina,FALHA NA TROCA DE BOBINA,FALHA NA TROCA DE BOBINA
945,ESTEIRA NA CURVA DO TRANSPORTE DA DESENCAIXATADORA ESCAPOU,esteira na curva do transporte da desencaixatadora escapou,ESCAPE DE ESTEIRA,ESCAPE DE ESTEIRA
946,"FALHA NO MOPDULO, CAUSANDO PERDA DO CICLO AUTOMATICO NOTA 30008347294",falha no mopdulo causando perda do ciclo automatico nota 30008347294,FALHA DE MÓDULO,FALHA DE MODULO
947,AJUSTE NA ESTRELA DE ENTRADA DA ENCHEDORA,ajuste na estrela de entrada da enchedora,SEM MODO DE FALHA IDENTIFICADO,SEM MODO DE FALHA IDENTIFICADO
948,AJUSTE NA ESTRELA DE ENTRADA DA ENCHEDORA,ajuste na estrela de entrada da enchedora,SEM MODO DE FALHA IDENTIFICADO,SEM MODO DE FALHA IDENTIFICADO
949,ESTEIRA DE TRANSPORTE DE PALLET DANIFICADO - ORDEM: 30008347169,esteira de transporte de pallet danificado ordem 30008347169,FALHA DE ESTEIRA,FALHA DE ESTEIRA
950,DESARME DA MESA CENTRAL,desarme da mesa central,DESARME DE MESA,DESARME DE MESA
951,FALHA NO SENSOR DO ELEVADOR - ORDEM 30008350532,falha no sensor do elevador ordem 30008350532,FALHA DE SENSOR,FALHA DE SENSOR
952,"ESTEIRA DA FILTEC DERRUBANDO LATAS, ORDEM 30008349234",esteira da filtec derrubando latas ordem 30008349234,FALHA DE ESTEIRA,FALHA DE ESTEIRA
953,ESPELHO DO SENSOR MÁ FIXAÇÃO,espelho do sensor ma fixacao,FALHA DE SENSOR,FALHA DE SENSOR
954,AJUSTE DA PRESSÃO DAS MOLAS DE 45 PARA 40 LIBRAS (30008351871),ajuste da pressao das molas de 45 para 40 libras 30008351871,SEM MODO DE FALHA IDENTIFICADO,SEM MODO DE FALHA IDENTIFICADO
955,TROCA DA VEDAÇÃO TUBULAÇÃO ETA,troca da vedacao tubulacao eta,FALHA DE VEDAÇÃO,FALHA DE VEDACAO
956,IHM DO MIXER NÃO ESTAVA LINGANDO,ihm do mixer nao estava lingando,FALHA DE IHM,FALHA DE IHM
957,TUBO DE AR ROMPIDO,tubo de ar rompido,QUEBRA DE COMPONENTE,QUEBRA DE COMPONENTE
958,FALHA NO SENSOR DE FALTA DE TAMPA,falha no sensor de falta de tampa,FALHA DE SENSOR,FALHA DE SENSOR
959,ESTEIRA TRAVANDO NA SAIDA DA ENCAIXOTADORA.,esteira travando na saida da encaixotadora,TRAVAMENTO DE ESTEIRA,TRAVAMENTO DE ESTEIRA
960,REGULAGEM DA ESTRELA DE ENTRADA COM OS PISTÕES DE ELEVALAÇÃO.,regulagem da estrela de entrada com os pistoes de elevalacao,SEM MODO DE FALHA IDENTIFICADO,SEM MODO DE FALHA IDENTIFICADO
961,"DATADOR COM PROBLEMA ,ELETRICA ATUANDO.",datador com problema eletrica atuando,FALHA DE CODIFICAÇÃO,FALHA DE CODIFICACAO
962,FALHA NO SENSOR DE FALTA DE TAMPA.,falha no sensor de falta de tampa,FALHA DE SENSOR,FALHA DE SENSOR
963,SENSOR DE CAMADAS.,sensor de camadas,FALHA DE SENSOR,FALHA DE SENSOR
964,FALHA NO SENSOR DE TAMPA.,falha no sensor de tampa,FALHA DE SENSOR,FALHA DE SENSOR
965,SENSOR FORA DE POSIÇÃO,sensor fora de posicao,FALHA DE SENSOR,FALHA DE SENSOR
966,FALHA NO SENSOR DE TAMPA.,falha no sensor de tampa,FALHA DE SENSOR,FALHA DE SENSOR
967,FALHA NO REJEITO DE LATA TESTE,falha no rejeito de lata teste,FALHA DE REJEIÇÃO,FALHA DE REJEICAO
968,PRESSAO DAS MOLAS DURANTE RECRAVAÇÃO (30008351871),pressao das molas durante recravacao 30008351871,FALHA DE RECRAVAÇÃO,FALHA DE RECRAVACAO
969,ENROSCO DE PACOTE NO CANAL C E GUIA DA CHAPA DE PASSAGEM.,enrosco de pacote no canal c e guia da chapa de passagem,ENROSCO DE PACOTES,ENROSCO DE PACOTES
970,"ESTEIRA DA FILTEC DERRUBANDO LATAS, ORDEM 30008349234",esteira da filtec derrubando latas ordem 30008349234,FALHA DE ESTEIRA,FALHA DE ESTEIRA
971,"ESTEIRA DA FILTEC DERRUBANDO LATAS, ORDEM 30008349234",esteira da filtec derrubando latas ordem 30008349234,FALHA DE ESTEIRA,FALHA DE ESTEIRA
972,FALHA NA TROCA DO CATÃO NO CICLO AUTOMATICO.,falha na troca do catao no ciclo automatico,FALHA NA TROCA DE PALETE DE CARTÃO,FALHA NA TROCA DE PALETE DE CARTAO
973,FALHA TROCA DO CARTÃO NO CICLO AUTOMATICO.,falha troca do cartao no ciclo automatico,FALHA NA TROCA DE PALETE DE CARTÃO,FALHA NA TROCA DE PALETE DE CARTAO
974,"CHAPINHA DE PASSAGEM DE GARRAFAS DANIFICADAS, OCASIONANDO QUEDA DE GARRAFAS NA SAIDA DA DESENCAIXATADORA ORDEM: 30008349210",chapinha de passagem de garrafas danificadas ocasionando queda de garrafas na saida da desencaixatadora ordem 30008349210,QUEDA DE GARRAFAS,QUEDA DE GARRAFAS
975,FALHA TRANSPORTE NA SAIDA DO ENOS EBS MOTOR 187 DESARMOU ORDEM: 30008349226,falha transporte na saida do enos ebs motor 187 desarmou ordem 30008349226,DESARME DE MOTOR,DESARME DE MOTOR
976,"PERFIL DANIFICADO, MAPEADO PARA TROCA",perfil danificado mapeado para troca,FALHA DE GUIA,FALHA DE GUIA
977,ROLO DE TRANSFERÊNCIA DE COLA DO AGREGADO 2 TRAVANDO,rolo de transferencia de cola do agregado 2 travando,TRAVAMENTO DE ROLO DE COLA,TRAVAMENTO DE ROLO DE COLA
978,ESTEIRA DO TRANSPORTE DE CAIXAS DA CURVA DA PALETIZADORA SAIU FORA DE POSIÇÃO,esteira do transporte de caixas da curva da paletizadora saiu fora de posicao,ESCAPE DE ESTEIRA,ESCAPE DE ESTEIRA
979,ROLO DE TRANSFERÊNCIA DE COLA DO AGREGADO 2 TRAVANDO,rolo de transferencia de cola do agregado 2 travando,TRAVAMENTO DE ROLO DE COLA,TRAVAMENTO DE ROLO DE COLA
980,ROLO DE TRANSFERÊNCIA DE COLA DO AGREGADO 2 TRAVANDO,rolo de transferencia de cola do agregado 2 travando,TRAVAMENTO DE ROLO DE COLA,TRAVAMENTO DE ROLO DE COLA
981,FALHA NA REFRIGERACAO DE FUNDO DA GARRAFA,falha na refrigeracao de fundo da garrafa,FALHA NA REFRIGERAÇÃO DE FUNDO,FALHA NA REFRIGERACAO DE FUNDO
982,FALHA NO SISTEMA REFRIGERACAO DE FUNDO DA GARRAFA,falha no sistema refrigeracao de fundo da garrafa,FALHA NA REFRIGERAÇÃO DE FUNDO,FALHA NA REFRIGERACAO DE FUNDO
983,"ESTRELA DE GARRAFA FORA DE SINCRONISMO, PISTÃO DE ABERTURA DE ENCGIMENTO FORA DE POSIÇÃO / 30008349145",estrela de garrafa fora de sincronismo pistao de abertura de encgimento fora de posicao 30008349145,FALHA DE SINCRONISMO,FALHA DE SINCRONISMO
984,SOLTANDO CAMADAS FORA DE POSIÇÃO / 30008349255,soltando camadas fora de posicao 30008349255,DESALINHAMENTO MECÂNICO,DESALINHAMENTO MECANICO
985,ENCHEDORA FORA DE SINCRONISMO,enchedora fora de sincronismo,FALHA DE SINCRONISMO,FALHA DE SINCRONISMO
986,FALHA NA ENTRADA DE PACOTES VIA 2. ORDEM- 30008349228,falha na entrada de pacotes via 2 ordem 30008349228,FALHA DE ALIMENTAÇÃO DE PACOTES,FALHA DE ALIMENTACAO DE PACOTES
987,MANGUEIRA DE ALTA PRESSÃO DANIFICADA / 13171960,mangueira de alta pressao danificada 13171960,FALHA DE MANGUEIRA DE ALTA PRESSÃO,FALHA DE MANGUEIRA DE ALTA PRESSAO
988,SISTEMA DE ENVOLVIMENTO E CORTE DE FILME EM FALHA / ABRINDO PACOTES,sistema de envolvimento e corte de filme em falha abrindo pacotes,FALHA DE CORTE DE FILME,FALHA DE CORTE DE FILME
989,SISTEMA DE ENVOLVIMENTO E CORTE DE FILME EM FALHA / ABRINDO PACOTES,sistema de envolvimento e corte de filme em falha abrindo pacotes,FALHA DE CORTE DE FILME,FALHA DE CORTE DE FILME
990,QUEBRA DA RÉGUA DE ENVOLVIMENTO,quebra da regua de envolvimento,QUEBRA DE RÉGUA,QUEBRA DE REGUA
991,SISTEMA DE ENVOLVIMENTO E CORTE DE FILME EM FALHA / ABRINDO PACOTES,sistema de envolvimento e corte de filme em falha abrindo pacotes,FALHA DE CORTE DE FILME,FALHA DE CORTE DE FILME
992,SISTEMA DE ENVOLVIMENTO EM FALHA,sistema de envolvimento em falha,FALHA DE ENVOLVIMENTO,FALHA DE ENVOLVIMENTO
993,FALHA NO ENVIO DE TAMPAS DO JET FLOW ( VIBRADOR) PARA A TOLVA,falha no envio de tampas do jet flow vibrador para a tolva,FALHA DE VIBRADOR,FALHA DE VIBRADOR
994,SISTEMA DE ENVOLVIMENTO E CORTE DE FILME EM FALHA / ABRINDO PACOTES,sistema de envolvimento e corte de filme em falha abrindo pacotes,FALHA DE CORTE DE FILME,FALHA DE CORTE DE FILME
995,SISTEMA DE ENVOLVIMENTO EM FALHA,sistema de envolvimento em falha,FALHA DE ENVOLVIMENTO,FALHA DE ENVOLVIMENTO
996,SISTEMA DE ENVOLVIMENTO E CORTE DE FILME EM FALHA ABRINDO PACOTES / PENTE DERRUBANDO GARRAFAS,sistema de envolvimento e corte de filme em falha abrindo pacotes pente derrubando garrafas,FALHA DE CORTE DE FILME,FALHA DE CORTE DE FILME
997,ABRINDO PACOTES,abrindo pacotes,FALHA DE ENVOLVIMENTO,FALHA DE ENVOLVIMENTO
998,ABRINDO PACOTES,abrindo pacotes,FALHA DE ENVOLVIMENTO,FALHA DE ENVOLVIMENTO
999,"DESPAL NAO QUERIA EXECUTAR O CICLO AUTOMATICO DELA, ORDEM : 30008355676",despal nao queria executar o ciclo automatico dela ordem 30008355676,FALHA DE AUTOMAÇÃO,FALHA DE AUTOMACAO
1000,FALHA NO CICLO NA TROCA DO CARTÃO NO AUTOMATICO. NOTA : 13170005,falha no ciclo na troca do cartao no automatico nota 13170005,FALHA NA TROCA DE PALETE DE CARTÃO,FALHA NA TROCA DE PALETE DE CARTAO
1001,FALHA NO CICLO NA TROCA DO CARTÃO NO AUTOMATICO. NOTA : 13170005,falha no ciclo na troca do cartao no automatico nota 13170005,FALHA NA TROCA DE PALETE DE CARTÃO,FALHA NA TROCA DE PALETE DE CARTAO
1002,FALHA NO SISTEMA DE CORTE,falha no sistema de corte,FALHA NO CORTE DE TUBETES,FALHA NO CORTE DE TUBETES
1003,ENCHEDORA FORA DE SINCRONISMO,enchedora fora de sincronismo,FALHA DE SINCRONISMO,FALHA DE SINCRONISMO
1004,QUEBRA DO PENTE DE TRANSFERÊNCIA DA ESTEIRA,quebra do pente de transferencia da esteira,FALHA DE PENTE DE TRANSFERÊNCIA,FALHA DE PENTE DE TRANSFERENCIA
1005,FALHA NA CENTRAGEM DE CAMADA/ SENSOR SOLTOU,falha na centragem de camada sensor soltou,FALHA DE SENSOR,FALHA DE SENSOR
1006,ESTEIRA NA CURVA DO TRANSPORTE DA PALETIZADORA ESCAPOU,esteira na curva do transporte da paletizadora escapou,ESCAPE DE ESTEIRA,ESCAPE DE ESTEIRA
1007,ROLAMENTO DO CILINDRO DO ROLO DE COLA ESTA TRAVANDO( CAUSANDO ENROSCO DE ROTULO E GARRAFAS SAINDO SEM ROTULO),rolamento do cilindro do rolo de cola esta travando causando enrosco de rotulo e garrafas saindo sem rotulo,FALHA DE ROLAMENTO,FALHA DE ROLAMENTO
1008,ROLAMENTO DO CILINDRO DO ROLO DE COLA ESTA TRAVANDO( CAUSANDO ENROSCO DE ROTULO E GARRAFAS SAINDO SEM ROTULO),rolamento do cilindro do rolo de cola esta travando causando enrosco de rotulo e garrafas saindo sem rotulo,FALHA DE ROLAMENTO,FALHA DE ROLAMENTO
1009,TROCA DO ROLAMENTO DO ROLO DO CILINDRO DE COLA,troca do rolamento do rolo do cilindro de cola,FALHA DE ROLAMENTO,FALHA DE ROLAMENTO
1010,ENROSCO DE ROTULO,enrosco de rotulo,ENROSCO DE RÓTULOS,ENROSCO DE ROTULOS
1011,"ENROSCO DE ROTULO, ( FOI FEITO TANGENCIAMENTO)",enrosco de rotulo foi feito tangenciamento,DESALINHAMENTO DE AGREGADO,DESALINHAMENTO DE AGREGADO
1012,TANGENCIAMENTO DO AGREGADO 2 (30008356250),tangenciamento do agregado 2 30008356250,DESALINHAMENTO DE AGREGADO,DESALINHAMENTO DE AGREGADO
1013,"ROBO COM CAPACIDADE REDUZIDA POR VIBRAÇÃO DO MESMO,",robo com capacidade reduzida por vibracao do mesmo,VIBRAÇÃO DE ROBÔ,VIBRACAO DE ROBO
1014,"ULTILIZANDO APENAS UM MANDRIUL, TENDO QUE FAZER DUAS VEZES SOLDA PARA A TROCA DE BOBINA.ORDEM30008356273",ultilizando apenas um mandriul tendo que fazer duas vezes solda para a troca de bobina ordem30008356273,FALHA DE SOLDA DE FILME,FALHA DE SOLDA DE FILME
1015,LATAS SAINDO AMASSADA ORDEM:30008356253,latas saindo amassada ordem 30008356253,AMASSAMENTO DE LATAS,AMASSAMENTO DE LATAS
1016,LATAS SAINDO AMASSADA ORDEM:30008356253,latas saindo amassada ordem 30008356253,AMASSAMENTO DE LATAS,AMASSAMENTO DE LATAS
1017,"ULTILIZANDO APENAS UM MANDRIUL, TENDO QUE FAZER DUAS VEZES SOLDA PARA A TROCA DE BOBINA.ORDEM30008356273",ultilizando apenas um mandriul tendo que fazer duas vezes solda para a troca de bobina ordem30008356273,FALHA DE SOLDA DE FILME,FALHA DE SOLDA DE FILME
1018,ROBO TRAVANDO E DERUBANDO CAMADA DE PACOTES,robo travando e derubando camada de pacotes,TRAVAMENTO DE ROBÔ,TRAVAMENTO DE ROBO
1019,"ROBO TRAVANDO, DERUBANDO PACOTES DA FORMAÇÃO DE CAMADA.",robo travando derubando pacotes da formacao de camada,FALHA DE FORMAÇÃO DE CAMADA,FALHA DE FORMACAO DE CAMADA
1020,"ROBO TRAVANDO, DERUBANDO PACOTES DA FORMAÇÃO DE CAMADA. (30008356563)",robo travando derubando pacotes da formacao de camada 30008356563,FALHA DE FORMAÇÃO DE CAMADA,FALHA DE FORMACAO DE CAMADA
1021,JUMP DDA VALVULA N°63 NOTA 30008356619,jump dda valvula n 63 nota 30008356619,FALHA DE VÁLVULA DE ENCHIMENTO,FALHA DE VALVULA DE ENCHIMENTO
1022,ENCHEDORA FORA DE SINCRONISMO ENTRANDO GARRAFA TORTA. ORDEM- 30008355646,enchedora fora de sincronismo entrando garrafa torta ordem 30008355646,FALHA DE SINCRONISMO,FALHA DE SINCRONISMO
1023,FALHA NA ENTRADA DE PACOTES VIA 1 E 2,falha na entrada de pacotes via 1 e 2,FALHA DE ALIMENTAÇÃO DE PACOTES,FALHA DE ALIMENTACAO DE PACOTES
1024,PACOTE VIRADO NA MESA DE FORMAÇÃO,pacote virado na mesa de formacao,PACOTE FORA DE POSIÇÃO,PACOTE FORA DE POSICAO
1025,FALHA CARTÃO MESTRE,falha cartao mestre,FALHA DE CARTÃO MESTRE,FALHA DE CARTAO MESTRE
1026,FALHA CARTÃO MESTRE,falha cartao mestre,FALHA DE CARTÃO MESTRE,FALHA DE CARTAO MESTRE
1027,FALHA CARTÃO MESTRE,falha cartao mestre,FALHA DE CARTÃO MESTRE,FALHA DE CARTAO MESTRE
1028,FALHA CARTÃO MESTRE,falha cartao mestre,FALHA DE CARTÃO MESTRE,FALHA DE CARTAO MESTRE
1029,FALHA CARTÃO MESTRE,falha cartao mestre,FALHA DE CARTÃO MESTRE,FALHA DE CARTAO MESTRE
1030,FALHA CARTÃO MESTRE,falha cartao mestre,FALHA DE CARTÃO MESTRE,FALHA DE CARTAO MESTRE
1031,VÁLVULA 115 SAINDO NIVEL BAIXO FOI JAMPEADA,valvula 115 saindo nivel baixo foi jampeada,FALHA DE ENCHIMENTO,FALHA DE ENCHIMENTO
1032,DESARMOU O INVERSOR DO TRANSPORTE DE PALETE,desarmou o inversor do transporte de palete,FALHA DE INVERSOR,FALHA DE INVERSOR
1033,FALHA NO SENSOR DE PRESENÇA DE CAMADA DA GAIOLA ( TROCA DO MESMO),falha no sensor de presenca de camada da gaiola troca do mesmo,FALHA DE SENSOR,FALHA DE SENSOR
1034,FALHA NO SENSOR DE PRESENÇA DE CAMADA DA GAIOLA ( TROCA DO MESMO),falha no sensor de presenca de camada da gaiola troca do mesmo,FALHA DE SENSOR,FALHA DE SENSOR
1035,TROCA DE SENSOR CENTRAGEM,troca de sensor centragem,FALHA DE SENSOR,FALHA DE SENSOR
1036,QUEBRA DA ESTEIRA E PENTE DE ENTRADA DE GARRAFAS,quebra da esteira e pente de entrada de garrafas,QUEBRA DE ESTEIRA,QUEBRA DE ESTEIRA
1037,CORREIA DANIFICADA CAUSANDO PARADA DE EQUIPAMENTO,correia danificada causando parada de equipamento,FALHA DE CORREIA,FALHA DE CORREIA
1038,PENTE SEM PORCA DE FIXAÇÃO SE SOLTOU TRAVANDO EQUIPAMENTO / 30008359530,pente sem porca de fixacao se soltou travando equipamento 30008359530,PENTES SOLTOS,PENTES SOLTOS
1039,FALTA DE GARRAFAS VINDO DA LAVADOURA OCASIONADO PELO ESPAÇO DOS DOIS PENTES.,falta de garrafas vindo da lavadoura ocasionado pelo espaco dos dois pentes,FALHA DE ALIMENTAÇÃO DE GARRAFAS,FALHA DE ALIMENTACAO DE GARRAFAS
1040,"FALTA DE GARRAFAS VINDO DA LAVADORA ,DEVIDO A FALTA DE DOIS PENTES.",falta de garrafas vindo da lavadora devido a falta de dois pentes,FALHA DE ALIMENTAÇÃO DE GARRAFAS,FALHA DE ALIMENTACAO DE GARRAFAS
1041,"FALHA NA MASTERIZAÇÃO ,ELÉTRICA.",falha na masterizacao eletrica,PERDA DE REFERÊNCIA,PERDA DE REFERENCIA
1042,FALHA NO SERVO DE ELEVAÇÃO DA PALETIZADORA.,falha no servo de elevacao da paletizadora,FALHA DE SERVO MOTOR,FALHA DE SERVO MOTOR
1043,FALTA DE GARRAFAS VINDO DA LAVADOURA.OBS.FALTA DE DOIS PENTES.,falta de garrafas vindo da lavadoura obs falta de dois pentes,FALHA DE ALIMENTAÇÃO DE GARRAFAS,FALHA DE ALIMENTACAO DE GARRAFAS
1044,SENSOR EM FALHA,sensor em falha,FALHA DE SENSOR,FALHA DE SENSOR
1045,INVESTIGAÇÃO NA RECRAVADORA (AMASSANDO LATAS) 30008360255,investigacao na recravadora amassando latas 30008360255,FALHA DE RECRAVAÇÃO,FALHA DE RECRAVACAO
1046,FALHA NA REFRIGERACAO DE FUNDO DA GARRAFA,falha na refrigeracao de fundo da garrafa,FALHA NA REFRIGERAÇÃO DE FUNDO,FALHA NA REFRIGERACAO DE FUNDO
1047,AJUSTEDA POSICAO DO BRAÇO EMPURRADOR CENTRAGEM DE CAMADAS 30008360239,ajusteda posicao do braco empurrador centragem de camadas 30008360239,DESALINHAMENTO DO BRAÇO DE CENTRAGEM,DESALINHAMENTO DO BRACO DE CENTRAGEM
1048,FALHA NO INVERSOR DE SAIDA DE PALETES 30008360256,falha no inversor de saida de paletes 30008360256,FALHA DE INVERSOR,FALHA DE INVERSOR
1049,ENCHEDORA FORA DE SINCRONISMO.NOTA- 13170303,enchedora fora de sincronismo nota 13170303,FALHA DE SINCRONISMO,FALHA DE SINCRONISMO
1050,INSPEÇÃO NO SERVO MOTOR E ALINHAMENTO DAS ESTRELAS DE ENTRADA ORDEM 30008359872,inspecao no servo motor e alinhamento das estrelas de entrada ordem 30008359872,FALHA DE SERVO MOTOR,FALHA DE SERVO MOTOR
1051,FILME DOBRANDO NA RAMPA DE ACELERAÇÃO ORDEM 30008359986,filme dobrando na rampa de aceleracao ordem 30008359986,FALHA DE TRAÇÃO/GUIAMENTO DE FILME,FALHA DE TRACAO GUIAMENTO DE FILME
1052,DESARMANDO DEVIDO A GARRAFA VAZIA,desarmando devido a garrafa vazia,FALHA DE ENCHIMENTO,FALHA DE ENCHIMENTO
1053,SENSOR DA GAIOLA SOLTO (ORDEM 30008360211),sensor da gaiola solto ordem 30008360211,FALHA DE SENSOR,FALHA DE SENSOR
1054,FALHA DE ENVOLVIMENTO,falha de envolvimento,FALHA DE ENVOLVIMENTO,FALHA DE ENVOLVIMENTO
1055,FEITA COLOCAÇÃO DA CORRENTE NO ROLETE,feita colocacao da corrente no rolete,FALHA DE ROLETES,FALHA DE ROLETES
1056,"ROBO COM CAPACIDADE REDUZIDA POR VIBRAÇÃO DO MESMO,ROBO SOLTANDO PACOTE NA LATERAL DO CABEÇOTE.",robo com capacidade reduzida por vibracao do mesmo robo soltando pacote na lateral do cabecote,VIBRAÇÃO DE ROBÔ,VIBRACAO DE ROBO
1057,ROBO COM VELOCIDADE REDUZIDA POR VIBRAÇÃO NO MESMO.ORDEM/30008656563,robo com velocidade reduzida por vibracao no mesmo ordem 30008656563,VIBRAÇÃO DE ROBÔ,VIBRACAO DE ROBO
1058,ENROSCO DE TAMPA NO TRASPOTE.,enrosco de tampa no traspote,ENROSCO DE TAMPAS,ENROSCO DE TAMPAS
1059,TROCA DO PALETE DE CARTÃO NO AUTOMATICO.,troca do palete de cartao no automatico,FALHA NA TROCA DE PALETE DE CARTÃO,FALHA NA TROCA DE PALETE DE CARTAO
1060,FALHA DE SEGURANÇA NA TROCA DA BOBINA.,falha de seguranca na troca da bobina,FALHA NA TROCA DE BOBINA,FALHA NA TROCA DE BOBINA
1061,FALHA NA TROCA DO PALETE DE CARTÃO NO AUTOMATICO.,falha na troca do palete de cartao no automatico,FALHA NA TROCA DE PALETE DE CARTÃO,FALHA NA TROCA DE PALETE DE CARTAO
1062,ENROSCO DE PACOTE NO BATEDOR DE CAIXA DA TRANSPOTE DE ENTRADA .,enrosco de pacote no batedor de caixa da transpote de entrada,ENROSCO DE PACOTES,ENROSCO DE PACOTES
1063,BOMBA DA ILHA QUIMICA COM FALHA DE ENVIO DE SODA,bomba da ilha quimica com falha de envio de soda,FALHA DE BOMBA,FALHA DE BOMBA
1064,ENCHEDORA FALHA DE SINCRONISMO,enchedora falha de sincronismo,FALHA DE SINCRONISMO,FALHA DE SINCRONISMO
1065,FALHA NA PASSAGEM DA GARRAFA 4,falha na passagem da garrafa 4,FALHA DE INSPEÇÃO,FALHA DE INSPECAO
1066,"ROBO COM TREPIDAÇÃO/TRAVANDO, MODIFICADO VENSOSAS AFIM DE SEGURAR MELHOR PACOTES DURANTE A TRIPIDAÇAO",robo com trepidacao travando modificado vensosas afim de segurar melhor pacotes durante a tripidacao,TRAVAMENTO DE ROBÔ,TRAVAMENTO DE ROBO
1067,ROBO COM TREPIDAÇÃO/TRAVANDO CAPACIDADE DE PRODUÇÃO REDUZIDA DO ROBO.DEVIDO A QUEDA DE PACOTES,robo com trepidacao travando capacidade de producao reduzida do robo devido a queda de pacotes,TRAVAMENTO DE ROBÔ,TRAVAMENTO DE ROBO
1068,ROBO COM TREPIDAÇÃO/TRAVANDO CAPACIDADE DE PRODUÇÃO REDUZIDA DO ROBO.DEVIDO A QUEDA DE PACOTES (4 VEZES SEGUIDA),robo com trepidacao travando capacidade de producao reduzida do robo devido a queda de pacotes 4 vezes seguida,TRAVAMENTO DE ROBÔ,TRAVAMENTO DE ROBO
1069,ROBO COM A CAPACIDADE DE PRODUÇAO REDUZIDA DEVIDO VIBRAÇÃO DO ROBO.,robo com a capacidade de producao reduzida devido vibracao do robo,VIBRAÇÃO DE ROBÔ,VIBRACAO DE ROBO
1070,FALHA DE INVERSOR N°406 30008360258,falha de inversor n 406 30008360258,FALHA DE INVERSOR,FALHA DE INVERSOR
1071,JUMPER FISICO DA VALVULA N°33 COM N°30 30008360253,jumper fisico da valvula n 33 com n 30 30008360253,FALHA DE VÁLVULA DE ENCHIMENTO,FALHA DE VALVULA DE ENCHIMENTO
1072,ROBO COM TREPIDAÇÃO/ QUEDA DE PACOTE SOBRE A MESA DE CARGA NOTA ( 30008356563),robo com trepidacao queda de pacote sobre a mesa de carga nota 30008356563,FALHA DE ROBÔ,FALHA DE ROBO
1073,CORREIA DANIFICADA CAUSANDO PARADA DE EQUIPAMENTO,correia danificada causando parada de equipamento,FALHA DE CORREIA,FALHA DE CORREIA
1074,PENTE SEM PORCA DE FIXAÇÃO SE SOLTOU TRAVANDO EQUIPAMENTO / 30008359530,pente sem porca de fixacao se soltou travando equipamento 30008359530,PENTES SOLTOS,PENTES SOLTOS
1075,FALTA DE GARRAFAS VINDO DA LAVADOURA OCASIONADO PELO ESPAÇO DOS DOIS PENTES.,falta de garrafas vindo da lavadoura ocasionado pelo espaco dos dois pentes,FALHA DE ALIMENTAÇÃO DE GARRAFAS,FALHA DE ALIMENTACAO DE GARRAFAS
1076,"FALTA DE GARRAFAS VINDO DA LAVADORA ,DEVIDO A FALTA DE DOIS PENTES.",falta de garrafas vindo da lavadora devido a falta de dois pentes,FALHA DE ALIMENTAÇÃO DE GARRAFAS,FALHA DE ALIMENTACAO DE GARRAFAS
1077,"FALHA NA MASTERIZAÇÃO ,ELÉTRICA.",falha na masterizacao eletrica,PERDA DE REFERÊNCIA,PERDA DE REFERENCIA
1078,FALHA NO SERVO DE ELEVAÇÃO DA PALETIZADORA.,falha no servo de elevacao da paletizadora,FALHA DE SERVO MOTOR,FALHA DE SERVO MOTOR
1079,FALTA DE GARRAFAS VINDO DA LAVADOURA.OBS.FALTA DE DOIS PENTES.,falta de garrafas vindo da lavadoura obs falta de dois pentes,FALHA DE ALIMENTAÇÃO DE GARRAFAS,FALHA DE ALIMENTACAO DE GARRAFAS
1080,SENSOR EM FALHA,sensor em falha,FALHA DE SENSOR,FALHA DE SENSOR
1081,INVESTIGAÇÃO NA RECRAVADORA (AMASSANDO LATAS) 30008360255,investigacao na recravadora amassando latas 30008360255,FALHA DE RECRAVAÇÃO,FALHA DE RECRAVACAO
1082,FALHA NA REFRIGERACAO DE FUNDO DA GARRAFA,falha na refrigeracao de fundo da garrafa,FALHA NA REFRIGERAÇÃO DE FUNDO,FALHA NA REFRIGERACAO DE FUNDO
1083,AJUSTEDA POSICAO DO BRAÇO EMPURRADOR CENTRAGEM DE CAMADAS 30008360239,ajusteda posicao do braco empurrador centragem de camadas 30008360239,DESALINHAMENTO DO BRAÇO DE CENTRAGEM,DESALINHAMENTO DO BRACO DE CENTRAGEM
1084,FALHA NO INVERSOR DE SAIDA DE PALETES 30008360256,falha no inversor de saida de paletes 30008360256,FALHA DE INVERSOR,FALHA DE INVERSOR
1085,ENCHEDORA FORA DE SINCRONISMO.NOTA- 13170303,enchedora fora de sincronismo nota 13170303,FALHA DE SINCRONISMO,FALHA DE SINCRONISMO
1086,INSPEÇÃO NO SERVO MOTOR E ALINHAMENTO DAS ESTRELAS DE ENTRADA ORDEM 30008359872,inspecao no servo motor e alinhamento das estrelas de entrada ordem 30008359872,FALHA DE SERVO MOTOR,FALHA DE SERVO MOTOR
1087,FILME DOBRANDO NA RAMPA DE ACELERAÇÃO ORDEM 30008359986,filme dobrando na rampa de aceleracao ordem 30008359986,FALHA DE TRAÇÃO/GUIAMENTO DE FILME,FALHA DE TRACAO GUIAMENTO DE FILME
1088,DESARMANDO DEVIDO A GARRAFA VAZIA,desarmando devido a garrafa vazia,FALHA DE ENCHIMENTO,FALHA DE ENCHIMENTO
1089,SENSOR DA GAIOLA SOLTO (ORDEM 30008360211),sensor da gaiola solto ordem 30008360211,FALHA DE SENSOR,FALHA DE SENSOR
1090,FALHA DE ENVOLVIMENTO,falha de envolvimento,FALHA DE ENVOLVIMENTO,FALHA DE ENVOLVIMENTO
1091,FEITA COLOCAÇÃO DA CORRENTE NO ROLETE,feita colocacao da corrente no rolete,FALHA DE ROLETES,FALHA DE ROLETES
1092,"ROBO COM CAPACIDADE REDUZIDA POR VIBRAÇÃO DO MESMO,ROBO SOLTANDO PACOTE NA LATERAL DO CABEÇOTE.",robo com capacidade reduzida por vibracao do mesmo robo soltando pacote na lateral do cabecote,VIBRAÇÃO DE ROBÔ,VIBRACAO DE ROBO
1093,ROBO COM VELOCIDADE REDUZIDA POR VIBRAÇÃO NO MESMO.ORDEM/30008656563,robo com velocidade reduzida por vibracao no mesmo ordem 30008656563,VIBRAÇÃO DE ROBÔ,VIBRACAO DE ROBO
1094,ENROSCO DE TAMPA NO TRASPOTE.,enrosco de tampa no traspote,ENROSCO DE TAMPAS,ENROSCO DE TAMPAS
1095,TROCA DO PALETE DE CARTÃO NO AUTOMATICO.,troca do palete de cartao no automatico,FALHA NA TROCA DE PALETE DE CARTÃO,FALHA NA TROCA DE PALETE DE CARTAO
1096,FALHA DE SEGURANÇA NA TROCA DA BOBINA.,falha de seguranca na troca da bobina,FALHA NA TROCA DE BOBINA,FALHA NA TROCA DE BOBINA
1097,FALHA NA TROCA DO PALETE DE CARTÃO NO AUTOMATICO.,falha na troca do palete de cartao no automatico,FALHA NA TROCA DE PALETE DE CARTÃO,FALHA NA TROCA DE PALETE DE CARTAO
1098,ENROSCO DE PACOTE NO BATEDOR DE CAIXA DA TRANSPOTE DE ENTRADA .,enrosco de pacote no batedor de caixa da transpote de entrada,ENROSCO DE PACOTES,ENROSCO DE PACOTES
1099,BOMBA DA ILHA QUIMICA COM FALHA DE ENVIO DE SODA,bomba da ilha quimica com falha de envio de soda,FALHA DE BOMBA,FALHA DE BOMBA
1100,ENCHEDORA FALHA DE SINCRONISMO,enchedora falha de sincronismo,FALHA DE SINCRONISMO,FALHA DE SINCRONISMO
1101,FALHA NA PASSAGEM DA GARRAFA 4,falha na passagem da garrafa 4,FALHA DE INSPEÇÃO,FALHA DE INSPECAO
1102,"ROBO COM TREPIDAÇÃO/TRAVANDO, MODIFICADO VENSOSAS AFIM DE SEGURAR MELHOR PACOTES DURANTE A TRIPIDAÇAO",robo com trepidacao travando modificado vensosas afim de segurar melhor pacotes durante a tripidacao,TRAVAMENTO DE ROBÔ,TRAVAMENTO DE ROBO
1103,ROBO COM TREPIDAÇÃO/TRAVANDO CAPACIDADE DE PRODUÇÃO REDUZIDA DO ROBO.DEVIDO A QUEDA DE PACOTES,robo com trepidacao travando capacidade de producao reduzida do robo devido a queda de pacotes,TRAVAMENTO DE ROBÔ,TRAVAMENTO DE ROBO
1104,ROBO COM TREPIDAÇÃO/TRAVANDO CAPACIDADE DE PRODUÇÃO REDUZIDA DO ROBO.DEVIDO A QUEDA DE PACOTES (4 VEZES SEGUIDA),robo com trepidacao travando capacidade de producao reduzida do robo devido a queda de pacotes 4 vezes seguida,TRAVAMENTO DE ROBÔ,TRAVAMENTO DE ROBO
1105,ROBO COM A CAPACIDADE DE PRODUÇAO REDUZIDA DEVIDO VIBRAÇÃO DO ROBO.,robo com a capacidade de producao reduzida devido vibracao do robo,VIBRAÇÃO DE ROBÔ,VIBRACAO DE ROBO
1106,FALHA DE INVERSOR N°406 30008360258,falha de inversor n 406 30008360258,FALHA DE INVERSOR,FALHA DE INVERSOR
1107,JUMPER FISICO DA VALVULA N°33 COM N°30 30008360253,jumper fisico da valvula n 33 com n 30 30008360253,FALHA DE VÁLVULA DE ENCHIMENTO,FALHA DE VALVULA DE ENCHIMENTO
1108,ROBO COM TREPIDAÇÃO/ QUEDA DE PACOTE SOBRE A MESA DE CARGA NOTA ( 30008356563),robo com trepidacao queda de pacote sobre a mesa de carga nota 30008356563,FALHA DE ROBÔ,FALHA DE ROBO
1109,FALHA NO PAINEL CLP / DIFICULDADE DE COLOCAR A ENCHEDORA EM MODO DE CIP NOTA: (30008362274),falha no painel clp dificuldade de colocar a enchedora em modo de cip nota 30008362274,FALHA DE PLC,FALHA DE PLC
1110,FALHA DE ELAU E EQUIPAMENTO FORA DE SICRONISMO ORDEM: 30008362079,falha de elau e equipamento fora de sicronismo ordem 30008362079,FALHA DE ELAU,FALHA DE ELAU
1111,FALHA SENSOR DA ENCHEDORA ORDEM: 30008362061,falha sensor da enchedora ordem 30008362061,FALHA DE SENSOR,FALHA DE SENSOR
1112,FALHA NA VALVULA DE AGUA DO TANQUE 1 ( 30008362135 ) VÁLVULA EM MANUAL,falha na valvula de agua do tanque 1 30008362135 valvula em manual,FALHA DE VÁLVULA DE ÁGUA,FALHA DE VALVULA DE AGUA
1113,CRITICO CANAL 1,critico canal 1,FALHA DE CONTROLE DE PROCESSO,FALHA DE CONTROLE DE PROCESSO
1114,ENROSCO DE PACOTE NO GUIA DA CHAPA DE PASSAGEM,enrosco de pacote no guia da chapa de passagem,ENROSCO DE PACOTES,ENROSCO DE PACOTES
1115,"FALHA NA RETIRARDA DO QUADRO E FOLHA SEPARADORA DEVIDO HASTE DA VENTOSA DANIFICADA, ORDEM(300083620930.",falha na retirarda do quadro e folha separadora devido haste da ventosa danificada ordem 300083620930,FALHA DE VENTOSA,FALHA DE VENTOSA
1116,FALTANDO VENTOSA NO PEGAR DE CARTAO,faltando ventosa no pegar de cartao,FALHA DE VENTOSA,FALHA DE VENTOSA
1117,"ROLETES DE FORMAÇÃO DE CAMADA TRAVANDO, GERANDO MA FOMAÇÃO E ESTOURO DE LATAS",roletes de formacao de camada travando gerando ma fomacao e estouro de latas,TRAVAMENTO DE ROLETES,TRAVAMENTO DE ROLETES
1118,FILME ROMPENDO DEVIDO A PREÇÃO DOS ROLETES TENSIONADORES,filme rompendo devido a precao dos roletes tensionadores,ROMPIMENTO DE FILME,ROMPIMENTO DE FILME
1119,ROBO COM TREPIDAÇÃO/TRAVANDO CAPACIDADE DE PRODUÇÃO REDUZIDA DO ROBO.DEVIDO A QUEDA DE PACOTES,robo com trepidacao travando capacidade de producao reduzida do robo devido a queda de pacotes,TRAVAMENTO DE ROBÔ,TRAVAMENTO DE ROBO
1121,SENSOR DA BARREIRA DE SEGURANÇA DO MAGAZINE DE CARTÃO FORA DE POSIÇÃO. ORDEM- 30008362097,sensor da barreira de seguranca do magazine de cartao fora de posicao ordem 30008362097,FALHA DE SENSOR,FALHA DE SENSOR
1122,SAINDO GARRAFA VAZIA ENROSCOU NO VIDEOJET ORDEM 30008362142,saindo garrafa vazia enroscou no videojet ordem 30008362142,FALHA DE CODIFICAÇÃO,FALHA DE CODIFICACAO
1123,QUEDA DE GARRAFA NA REGUA DE ARRASTE ESTEIRA PATINANDO,queda de garrafa na regua de arraste esteira patinando,PATINAGEM DE ESTEIRA,PATINAGEM DE ESTEIRA
1124,"QUEDA DE GARRAFA NO SISTEMA DE REFRIGERACAO DE FUNDO , CAUSANDO A PARADA DA MAQUINA",queda de garrafa no sistema de refrigeracao de fundo causando a parada da maquina,QUEDA DE GARRAFAS,QUEDA DE GARRAFAS
1125,FALHA NO PAINEL CLP / DIFICULDADE DE COLOCAR A ENCHEDORA EM MODO DE CIP NOTA: (30008362274),falha no painel clp dificuldade de colocar a enchedora em modo de cip nota 30008362274,FALHA DE PLC,FALHA DE PLC
1126,FALHA DE ELAU E EQUIPAMENTO FORA DE SICRONISMO ORDEM: 30008362079,falha de elau e equipamento fora de sicronismo ordem 30008362079,FALHA DE ELAU,FALHA DE ELAU
1127,FALHA SENSOR DA ENCHEDORA ORDEM: 30008362061,falha sensor da enchedora ordem 30008362061,FALHA DE SENSOR,FALHA DE SENSOR
1128,FALHA NA VALVULA DE AGUA DO TANQUE 1 ( 30008362135 ) VÁLVULA EM MANUAL,falha na valvula de agua do tanque 1 30008362135 valvula em manual,FALHA DE VÁLVULA DE ÁGUA,FALHA DE VALVULA DE AGUA
1129,CRITICO CANAL 1,critico canal 1,FALHA DE CONTROLE DE PROCESSO,FALHA DE CONTROLE DE PROCESSO
1130,ENROSCO DE PACOTE NO GUIA DA CHAPA DE PASSAGEM,enrosco de pacote no guia da chapa de passagem,ENROSCO DE PACOTES,ENROSCO DE PACOTES
1131,"FALHA NA RETIRARDA DO QUADRO E FOLHA SEPARADORA DEVIDO HASTE DA VENTOSA DANIFICADA, ORDEM(300083620930.",falha na retirarda do quadro e folha separadora devido haste da ventosa danificada ordem 300083620930,FALHA DE VENTOSA,FALHA DE VENTOSA
1132,FALTANDO VENTOSA NO PEGAR DE CARTAO,faltando ventosa no pegar de cartao,FALHA DE VENTOSA,FALHA DE VENTOSA
1133,"ROLETES DE FORMAÇÃO DE CAMADA TRAVANDO, GERANDO MA FOMAÇÃO E ESTOURO DE LATAS",roletes de formacao de camada travando gerando ma fomacao e estouro de latas,TRAVAMENTO DE ROLETES,TRAVAMENTO DE ROLETES
1134,FILME ROMPENDO DEVIDO A PREÇÃO DOS ROLETES TENSIONADORES,filme rompendo devido a precao dos roletes tensionadores,ROMPIMENTO DE FILME,ROMPIMENTO DE FILME
1135,ROBO COM TREPIDAÇÃO/TRAVANDO CAPACIDADE DE PRODUÇÃO REDUZIDA DO ROBO.DEVIDO A QUEDA DE PACOTES,robo com trepidacao travando capacidade de producao reduzida do robo devido a queda de pacotes,TRAVAMENTO DE ROBÔ,TRAVAMENTO DE ROBO
1137,SENSOR DA BARREIRA DE SEGURANÇA DO MAGAZINE DE CARTÃO FORA DE POSIÇÃO. ORDEM- 30008362097,sensor da barreira de seguranca do magazine de cartao fora de posicao ordem 30008362097,FALHA DE SENSOR,FALHA DE SENSOR
1138,SAINDO GARRAFA VAZIA ENROSCOU NO VIDEOJET ORDEM 30008362142,saindo garrafa vazia enroscou no videojet ordem 30008362142,FALHA DE CODIFICAÇÃO,FALHA DE CODIFICACAO
1139,QUEDA DE GARRAFA NA REGUA DE ARRASTE ESTEIRA PATINANDO,queda de garrafa na regua de arraste esteira patinando,PATINAGEM DE ESTEIRA,PATINAGEM DE ESTEIRA
1140,"QUEDA DE GARRAFA NO SISTEMA DE REFRIGERACAO DE FUNDO , CAUSANDO A PARADA DA MAQUINA",queda de garrafa no sistema de refrigeracao de fundo causando a parada da maquina,QUEDA DE GARRAFAS,QUEDA DE GARRAFAS
1141,TROCA DO REPARO DO FILTRO (REALIZADO SANITIZAÇÃO A FRIO),troca do reparo do filtro realizado sanitizacao a frio,FALHA DE FILTRO,FALHA DE FILTRO
1142,ROBO COM TREPIDAÇÃO/ QUEDA DE PACOTE SOBRE A MESA DE CARGA,robo com trepidacao queda de pacote sobre a mesa de carga,FALHA DE ROBÔ,FALHA DE ROBO
1143,RETIRADA DO JUMP DA VALVULA N°33 E FEITO O JUMP DA VALVULA N°19 (30008365032),retirada do jump da valvula n 33 e feito o jump da valvula n 19 30008365032,FALHA DE VÁLVULA DE ENCHIMENTO,FALHA DE VALVULA DE ENCHIMENTO
1144,FALHAS DE ENCHIMENTO DE VALVULAS ALEATORIAS,falhas de enchimento de valvulas aleatorias,FALHA DE VÁLVULA DE ENCHIMENTO,FALHA DE VALVULA DE ENCHIMENTO
1145,"FALHA DE ENCHIMENTO NA VALVULA 19, ESTÁ COM JUMP COM A Nº16 30008366501",falha de enchimento na valvula 19 esta com jump com a no16 30008366501,FALHA DE VÁLVULA DE ENCHIMENTO,FALHA DE VALVULA DE ENCHIMENTO
1146,FALHA NA PEGA DE CAMADA,falha na pega de camada,FALHA NA PEGADA DE CAMADA,FALHA NA PEGADA DE CAMADA
1147,"FALHA NA PEGA DE CAMADA, DEIXA PACOTE PRA CIMA NA CAMADA, GERANDO QUEDA DE PACOTES NO PALLET",falha na pega de camada deixa pacote pra cima na camada gerando queda de pacotes no pallet,FALHA NA PEGADA DE CAMADA,FALHA NA PEGADA DE CAMADA
1148,TRANSPORTE DE PACOTE DESARMANDO,transporte de pacote desarmando,DESARME DE TRANSPORTE,DESARME DE TRANSPORTE
1149,TRANSPORTE DE PACOTE DESARMANDO,transporte de pacote desarmando,DESARME DE TRANSPORTE,DESARME DE TRANSPORTE
1150,QUEDA DE PACOTES,queda de pacotes,QUEDA DE PACOTES,QUEDA DE PACOTES
1151,FALHA NA TROCA DE FILME,falha na troca de filme,FALHA DE ENVOLVIMENTO,FALHA DE ENVOLVIMENTO
1152,TROCA DO REPARO DO FILTRO (REALIZADO SANITIZAÇÃO A FRIO),troca do reparo do filtro realizado sanitizacao a frio,FALHA DE FILTRO,FALHA DE FILTRO
1153,ROBO COM TREPIDAÇÃO/ QUEDA DE PACOTE SOBRE A MESA DE CARGA,robo com trepidacao queda de pacote sobre a mesa de carga,FALHA DE ROBÔ,FALHA DE ROBO
1154,RETIRADA DO JUMP DA VALVULA N°33 E FEITO O JUMP DA VALVULA N°19 (30008365032),retirada do jump da valvula n 33 e feito o jump da valvula n 19 30008365032,FALHA DE VÁLVULA DE ENCHIMENTO,FALHA DE VALVULA DE ENCHIMENTO
1155,FALHAS DE ENCHIMENTO DE VALVULAS ALEATORIAS,falhas de enchimento de valvulas aleatorias,FALHA DE VÁLVULA DE ENCHIMENTO,FALHA DE VALVULA DE ENCHIMENTO
1156,"FALHA DE ENCHIMENTO NA VALVULA 19, ESTÁ COM JUMP COM A Nº16 30008366501",falha de enchimento na valvula 19 esta com jump com a no16 30008366501,FALHA DE VÁLVULA DE ENCHIMENTO,FALHA DE VALVULA DE ENCHIMENTO
1157,FALHA NA PEGA DE CAMADA,falha na pega de camada,FALHA NA PEGADA DE CAMADA,FALHA NA PEGADA DE CAMADA
1158,"FALHA NA PEGA DE CAMADA, DEIXA PACOTE PRA CIMA NA CAMADA, GERANDO QUEDA DE PACOTES NO PALLET",falha na pega de camada deixa pacote pra cima na camada gerando queda de pacotes no pallet,FALHA NA PEGADA DE CAMADA,FALHA NA PEGADA DE CAMADA
1159,TRANSPORTE DE PACOTE DESARMANDO,transporte de pacote desarmando,DESARME DE TRANSPORTE,DESARME DE TRANSPORTE
1160,TRANSPORTE DE PACOTE DESARMANDO,transporte de pacote desarmando,DESARME DE TRANSPORTE,DESARME DE TRANSPORTE
1161,QUEDA DE PACOTES,queda de pacotes,QUEDA DE PACOTES,QUEDA DE PACOTES
1162,FALHA NA TROCA DE FILME,falha na troca de filme,FALHA DE ENVOLVIMENTO,FALHA DE ENVOLVIMENTO
1163,FALHA DE DESARME DO MOTOR E SINCRONISMO,falha de desarme do motor e sincronismo,DESARME DE MOTOR,DESARME DE MOTOR
1164,"FALTA DE PENTE ,FALHA NO SINCRONISMO.",falta de pente falha no sincronismo,FALHA DE SINCRONISMO,FALHA DE SINCRONISMO
1165,"FALHA NA PEGA DE CAMADA, NOTA : 13170083",falha na pega de camada nota 13170083,FALHA NA PEGADA DE CAMADA,FALHA NA PEGADA DE CAMADA
1166,PINÇAS SOLTANDO GARRAFAS OBRSTRUINDO O SENSOR GERANDO FALHA NA ENCHEDORA / NOTA 13174325,pincas soltando garrafas obrstruindo o sensor gerando falha na enchedora nota 13174325,FALHA DE SENSOR,FALHA DE SENSOR
1167,FALHA NO CHECKMAT DE CONTROLE DO NIVEL DE ENCHIMENTO.,falha no checkmat de controle do nivel de enchimento,FALHA DE ENCHIMENTO,FALHA DE ENCHIMENTO
1168,FALHA NO CHECKMAT CONTROLE DE NIVEL DE ENCHIMENTO.,falha no checkmat controle de nivel de enchimento,FALHA DE ENCHIMENTO,FALHA DE ENCHIMENTO
1169,FALHA NO CHECKMAT CONTROLE DE NIVEL DE ENCHIMENTO. ORDEM:30008367283,falha no checkmat controle de nivel de enchimento ordem 30008367283,FALHA DE ENCHIMENTO,FALHA DE ENCHIMENTO
1170,FALHA NO SENSOR DE TAMPAS,falha no sensor de tampas,FALHA DE SENSOR,FALHA DE SENSOR
1171,FILME EMBOLADO NO ROLETE QUE JOGA O FILME PARA O CORTE - ORDEM: 30008367303,filme embolado no rolete que joga o filme para o corte ordem 30008367303,FALHA DE CORTE DE FILME,FALHA DE CORTE DE FILME
1172,MANGUEIRA DE AR DA GAIOLA RASGADA.,mangueira de ar da gaiola rasgada,ROMPIMENTO DE MANGUEIRA DE AR,ROMPIMENTO DE MANGUEIRA DE AR
1173,ENROSCO DE ROTULO,enrosco de rotulo,ENROSCO DE RÓTULOS,ENROSCO DE ROTULOS
1174,HASTE QUE TIRA TAMPAS SAPATA DO DESCAPSULADOR FORA DO LUGAR,haste que tira tampas sapata do descapsulador fora do lugar,FALHA DE DESCAPSULAMENTO,FALHA DE DESCAPSULAMENTO
1175,"FALHA MOTOR TAG 200, TRANSPORTE NA SAIDA DA LAVADORA DESARMOU",falha motor tag 200 transporte na saida da lavadora desarmou,DESARME DE MOTOR,DESARME DE MOTOR
1176,QUEBRA DA TRAVA DA MOLA DO RASPADOR,quebra da trava da mola do raspador,FALHA DE MOLA,FALHA DE MOLA
1177,FALHA NO MOTOR PRICIPAL OCASIONADO FALHA NO SINCRONISMO DA ENCHEDORA,falha no motor pricipal ocasionado falha no sincronismo da enchedora,FALHA DE MOTOR,FALHA DE MOTOR
1178,FALHA NA TROCA DE ROTULOS PARA ESPONJA TROCA DE HASTE 30008367061,falha na troca de rotulos para esponja troca de haste 30008367061,FALHA DE ROTULAGEM,FALHA DE ROTULAGEM
1179,PERSIANA DA GAIOLA TRAVADA.,persiana da gaiola travada,TRAVAMENTO DE PERSIANA,TRAVAMENTO DE PERSIANA
1180,SAINDO GARRAFA VAZIA ENROSCOU NO TRANSPORTE DO VIDEOJET,saindo garrafa vazia enroscou no transporte do videojet,FALHA DE CODIFICAÇÃO,FALHA DE CODIFICACAO
1181,FALHA NO SENSOR DA PERSIANA DA GAIOLA NÃO ESTA FAZENDO A LEITURA CORRETA,falha no sensor da persiana da gaiola nao esta fazendo a leitura correta,FALHA DE SENSOR,FALHA DE SENSOR
1182,FALHA NO SENSOR DA PERSIANA DA GAIOLA NÃO ESTA FAZENDO A LEITURA CORRETA - ORDEM: 300083367091,falha no sensor da persiana da gaiola nao esta fazendo a leitura correta ordem 300083367091,FALHA DE SENSOR,FALHA DE SENSOR
1183,FALHA DE DESARME DO MOTOR E SINCRONISMO,falha de desarme do motor e sincronismo,DESARME DE MOTOR,DESARME DE MOTOR
1184,"FALTA DE PENTE ,FALHA NO SINCRONISMO.",falta de pente falha no sincronismo,FALHA DE SINCRONISMO,FALHA DE SINCRONISMO
1185,"FALHA NA PEGA DE CAMADA, NOTA : 13170083",falha na pega de camada nota 13170083,FALHA NA PEGADA DE CAMADA,FALHA NA PEGADA DE CAMADA
1186,PINÇAS SOLTANDO GARRAFAS OBRSTRUINDO O SENSOR GERANDO FALHA NA ENCHEDORA / NOTA 13174325,pincas soltando garrafas obrstruindo o sensor gerando falha na enchedora nota 13174325,FALHA DE SENSOR,FALHA DE SENSOR
1187,FALHA NO CHECKMAT DE CONTROLE DO NIVEL DE ENCHIMENTO.,falha no checkmat de controle do nivel de enchimento,FALHA DE ENCHIMENTO,FALHA DE ENCHIMENTO
1188,FALHA NO CHECKMAT CONTROLE DE NIVEL DE ENCHIMENTO.,falha no checkmat controle de nivel de enchimento,FALHA DE ENCHIMENTO,FALHA DE ENCHIMENTO
1189,FALHA NO CHECKMAT CONTROLE DE NIVEL DE ENCHIMENTO. ORDEM:30008367283,falha no checkmat controle de nivel de enchimento ordem 30008367283,FALHA DE ENCHIMENTO,FALHA DE ENCHIMENTO
1190,FALHA NO SENSOR DE TAMPAS,falha no sensor de tampas,FALHA DE SENSOR,FALHA DE SENSOR
1191,FILME EMBOLADO NO ROLETE QUE JOGA O FILME PARA O CORTE - ORDEM: 30008367303,filme embolado no rolete que joga o filme para o corte ordem 30008367303,FALHA DE CORTE DE FILME,FALHA DE CORTE DE FILME
1192,MANGUEIRA DE AR DA GAIOLA RASGADA.,mangueira de ar da gaiola rasgada,ROMPIMENTO DE MANGUEIRA DE AR,ROMPIMENTO DE MANGUEIRA DE AR
1193,ENROSCO DE ROTULO,enrosco de rotulo,ENROSCO DE RÓTULOS,ENROSCO DE ROTULOS
1194,HASTE QUE TIRA TAMPAS SAPATA DO DESCAPSULADOR FORA DO LUGAR,haste que tira tampas sapata do descapsulador fora do lugar,FALHA DE DESCAPSULAMENTO,FALHA DE DESCAPSULAMENTO
1195,"FALHA MOTOR TAG 200, TRANSPORTE NA SAIDA DA LAVADORA DESARMOU",falha motor tag 200 transporte na saida da lavadora desarmou,DESARME DE MOTOR,DESARME DE MOTOR
1196,QUEBRA DA TRAVA DA MOLA DO RASPADOR,quebra da trava da mola do raspador,FALHA DE MOLA,FALHA DE MOLA
1197,FALHA NO MOTOR PRICIPAL OCASIONADO FALHA NO SINCRONISMO DA ENCHEDORA,falha no motor pricipal ocasionado falha no sincronismo da enchedora,FALHA DE MOTOR,FALHA DE MOTOR
1198,FALHA NA TROCA DE ROTULOS PARA ESPONJA TROCA DE HASTE 30008367061,falha na troca de rotulos para esponja troca de haste 30008367061,FALHA DE ROTULAGEM,FALHA DE ROTULAGEM
1199,PERSIANA DA GAIOLA TRAVADA.,persiana da gaiola travada,TRAVAMENTO DE PERSIANA,TRAVAMENTO DE PERSIANA
1200,SAINDO GARRAFA VAZIA ENROSCOU NO TRANSPORTE DO VIDEOJET,saindo garrafa vazia enroscou no transporte do videojet,FALHA DE CODIFICAÇÃO,FALHA DE CODIFICACAO
1201,FALHA NO SENSOR DA PERSIANA DA GAIOLA NÃO ESTA FAZENDO A LEITURA CORRETA,falha no sensor da persiana da gaiola nao esta fazendo a leitura correta,FALHA DE SENSOR,FALHA DE SENSOR
1202,FALHA NO SENSOR DA PERSIANA DA GAIOLA NÃO ESTA FAZENDO A LEITURA CORRETA - ORDEM: 300083367091,falha no sensor da persiana da gaiola nao esta fazendo a leitura correta ordem 300083367091,FALHA DE SENSOR,FALHA DE SENSOR
1203,FALHA NO SERVO DO EIXO DE TRANSLAÇÃO / 30008369451,falha no servo do eixo de translacao 30008369451,FALHA DE SERVO MOTOR,FALHA DE SERVO MOTOR
1204,FALHA DE SINCRONISMO CONTAGEM DE PENTES COM FALTA DE DOIS PENTES.ORDEM.30008369447.,falha de sincronismo contagem de pentes com falta de dois pentes ordem 30008369447,FALHA DE CONTAGEM,FALHA DE CONTAGEM
1205,"VÁLVULA TRAVANDO ,OCASIONANDO QUEDAS DE GARRAFAS.ORDEM..3000836977",valvula travando ocasionando quedas de garrafas ordem 3000836977,TRAVAMENTO DE VÁLVULA,TRAVAMENTO DE VALVULA
1206,CABEÇOTE FALTANDO VENTOSA,cabecote faltando ventosa,FALHA DE VENTOSA,FALHA DE VENTOSA
1207,FALHAS DE ENCHIMENTO NAS PARTIDAS DA ENCHEDORA,falhas de enchimento nas partidas da enchedora,FALHA DE ENCHIMENTO,FALHA DE ENCHIMENTO
1209,MAL CONTATO DO SENSOR DA ESTEIRA DE SAIDA,mal contato do sensor da esteira de saida,FALHA DE SENSOR,FALHA DE SENSOR
1210,ALIMENTADOR DE TAMPA MANGUEIRA RESSECADA QUE ALIMENTA O CILINDRO DE ABERTURA DA TAMPA DO TAMBADOR DE TAMPA SERÁ NECESSÁRIO A TROCA.13175078,alimentador de tampa mangueira ressecada que alimenta o cilindro de abertura da tampa do tambador de tampa sera necessario a troca 13175078,ROMPIMENTO DE MANGUEIRA DE AR,ROMPIMENTO DE MANGUEIRA DE AR
1211,FALHA NO SENSOR DE ESTEIRA LENTA,falha no sensor de esteira lenta,FALHA DE SENSOR,FALHA DE SENSOR
1212,DESARME / TERMICO ACIONADO,desarme termico acionado,DESARME TÉRMICO,DESARME TERMICO
1213,"TWISTER DANIFICADO/SOLDA QUEBRADA, DERUBANDO LATAS",twister danificado solda quebrada derubando latas,QUEBRA DE COMPONENTE,QUEBRA DE COMPONENTE
1214,ENROSCO DE PACOTES NOS PATINS DO DEVAISER 30008369794,enrosco de pacotes nos patins do devaiser 30008369794,ENROSCO DE PACOTES,ENROSCO DE PACOTES
1215,REJEITO ESTOURANDO LATAS E SUJANDO SENSORES (30008369764),rejeito estourando latas e sujando sensores 30008369764,FALHA DE SENSOR,FALHA DE SENSOR
1216,FALHA MOTOR TAG 333 NA ENTRADA DA PALETIZADORA,falha motor tag 333 na entrada da paletizadora,FALHA DE MOTOR,FALHA DE MOTOR
1217,CABO ROMPIDO NA BOTOEIRA DE EMERGENCIA NO TRANSPORTE NO DESEMBUG ORDEM: 30008369455,cabo rompido na botoeira de emergencia no transporte no desembug ordem 30008369455,QUEBRA DE COMPONENTE,QUEBRA DE COMPONENTE
1218,FALHA NA DESCAPSULAGEM DAS GARRAFAS( REPOSIÇÃO DA PASTILHA NA PINÇA,falha na descapsulagem das garrafas reposicao da pastilha na pinca,FALHA DE DESCAPSULAMENTO,FALHA DE DESCAPSULAMENTO
1219,TWISTER DE SAIDA DERRUBANDO LATAS 30008369460,twister de saida derrubando latas 30008369460,QUEDA DE LATAS,QUEDA DE LATAS
1220,"VELOCIDADE DO TRANSPORTE DERRUBANDO LATAS, FALHA NO INVERSOR, ORDEM : 30008369461",velocidade do transporte derrubando latas falha no inversor ordem 30008369461,FALHA DE INVERSOR,FALHA DE INVERSOR
1221,"VELOCIDADE REDUZIDA POR TREPIDAÇÃO DO ROBO, ORDEM : 30008369448",velocidade reduzida por trepidacao do robo ordem 30008369448,FALHA DE ROBÔ,FALHA DE ROBO
1222,"TEMPERATURA ELEVADA, ENCHEDORA NÃO ATINGE O NOMINAL DA LINHA / 30008370911",temperatura elevada enchedora nao atinge o nominal da linha 30008370911,FALHA DE CONTROLE DE TEMPERATURA,FALHA DE CONTROLE DE TEMPERATURA
1223,PARAFUSO DO SUPORTE DO CABEÇOTE.ORDEM.30008171718,parafuso do suporte do cabecote ordem 30008171718,FALHA DE FIXAÇÃO,FALHA DE FIXACAO
1224,FALHA MASTERIZAÇÃO DA DESPAL.,falha masterizacao da despal,PERDA DE REFERÊNCIA,PERDA DE REFERENCIA
1225,"PARADA DE EQUIPAMENTO ,FALHA NO SERVO DE TRANSLAÇÃO.",parada de equipamento falha no servo de translacao,FALHA DE SERVO MOTOR,FALHA DE SERVO MOTOR
1226,FALHA DE REMASTERIZAÇÃO,falha de remasterizacao,PERDA DE REFERÊNCIA,PERDA DE REFERENCIA
1227,FALHA DE REMASTERIZAÇÃO,falha de remasterizacao,PERDA DE REFERÊNCIA,PERDA DE REFERENCIA
1228,FALHA CHEQUE MATE,falha cheque mate,FALHA DE INSPEÇÃO,FALHA DE INSPECAO
1229,SUJEIRA NO FILTRO,sujeira no filtro,FALHA DE FILTRO,FALHA DE FILTRO
1230,"TRAVAMENTO DO PINO DE SEPARAÇÃO , NOTA 30008370910",travamento do pino de separacao nota 30008370910,TRAVAMENTO DE PINO DE SEPARAÇÃO,TRAVAMENTO DE PINO DE SEPARACAO
1231,QUEBRA DA ESTEIRA DO TRANPORTE DA SAIDA DO FORNO,quebra da esteira do tranporte da saida do forno,QUEBRA DE ESTEIRA,QUEBRA DE ESTEIRA
1232,QUEBRA DA ESTEIRA DA SAIDA DO TUNEL DE RETRAÇÃO / ORDEM Nº30008371722,quebra da esteira da saida do tunel de retracao ordem no30008371722,QUEBRA DE ESTEIRA,QUEBRA DE ESTEIRA
1233,ROBO EM VELOCIDADE REDUZIDA (30%),robo em velocidade reduzida 30,FALHA DE ROBÔ,FALHA DE ROBO
1234,ELEVADOR DE TUBETE TRAVADO,elevador de tubete travado,TRAVAMENTO DE ELEVADOR,TRAVAMENTO DE ELEVADOR
1235,ROBO PEGADOR DE CAMADA TRAVADO,robo pegador de camada travado,FALHA DE PEGADOR,FALHA DE PEGADOR
1236,"FALHA NO SISTEMA DE CORTE, SEGURANDO TUBETE SEM CORTAR",falha no sistema de corte segurando tubete sem cortar,FALHA NO CORTE DE TUBETES,FALHA NO CORTE DE TUBETES
1237,VELOCIDADE REDUZIDA,velocidade reduzida,VELOCIDADE REDUZIDA SEM CAUSA IDENTIFICADA,VELOCIDADE REDUZIDA SEM CAUSA IDENTIFICADA
1238,FALHA DE SEGURANÇA NAS PORTAS DE BOBINA,falha de seguranca nas portas de bobina,FALHA DE ENVOLVIMENTO,FALHA DE ENVOLVIMENTO
1239,ROBO TRAVADO/EM FALHA,robo travado em falha,TRAVAMENTO DE ROBÔ,TRAVAMENTO DE ROBO
1240,SENSOR DE CONGESTIONAMENTO EM FALHA,sensor de congestionamento em falha,FALHA DE SENSOR,FALHA DE SENSOR
1241,SENSOR DE CONGESTIONAMENTO EM FALHA,sensor de congestionamento em falha,FALHA DE SENSOR,FALHA DE SENSOR
1242,"CODIFICAÇÃO EMBAÇADA, AJUSTE SOPRADOR / 30008374169",codificacao embacada ajuste soprador 30008374169,FALHA DE CODIFICAÇÃO,FALHA DE CODIFICACAO
1243,QUEBRA DA RODA-LOCA Z 21 / 30008374182,quebra da roda loca z 21 30008374182,QUEBRA DE COMPONENTE,QUEBRA DE COMPONENTE
1244,"LIMPEZA DA LENTE INTERNA ,POIS NÃO ESTAVA VALIDANDO A GARRAFA N.11.ORDEM..30008374570",limpeza da lente interna pois nao estava validando a garrafa n 11 ordem 30008374570,FALHA DE INSPEÇÃO,FALHA DE INSPECAO
1245,DESARME DA ESTEIRA DE SAIDA DA ENCAIXOTADORA.,desarme da esteira de saida da encaixotadora,DESARME DE ESTEIRA,DESARME DE ESTEIRA
1246,COLISÃO DA GARRAFA NO CABEÇOTE COM O CENTRALIZADOR PROVOCOU O ENTORTAMENTO DA CHAPA DO CABEÇOTE.,colisao da garrafa no cabecote com o centralizador provocou o entortamento da chapa do cabecote,DESALINHAMENTO DE GUIA,DESALINHAMENTO DE GUIA
1247,"PALETIZADORA PARADA,OBS.O PROBLEMA DE MASTERIZAÇÃO.",paletizadora parada obs o problema de masterizacao,PERDA DE REFERÊNCIA,PERDA DE REFERENCIA
1248,TROCA DA CONECÇÃO DA MANGUEIRA DE AR / SOPRADORA DE TAMPAS ORDEM Nº 30008374651,troca da coneccao da mangueira de ar sopradora de tampas ordem no 30008374651,FALHA DE CONEXÃO PNEUMÁTICA,FALHA DE CONEXAO PNEUMATICA
1249,TROCA DA PARTE ELETRÔNICA DA VÁLVULA N°9,troca da parte eletronica da valvula n 9,FALHA ELETRÔNICA DA VÁLVULA,FALHA ELETRONICA DA VALVULA
1250,TROCA DA PRTE ELETRONICA DA VALVULA NUMURO 9 (30008374835),troca da prte eletronica da valvula numuro 9 30008374835,FALHA ELETRÔNICA DA VÁLVULA,FALHA ELETRONICA DA VALVULA
1251,FALHA NO SENSOR DE BARREIRA,falha no sensor de barreira,FALHA DE SENSOR,FALHA DE SENSOR
1252,"VALVULA 9 ,16 COM VAZAMENTO NO SISTEMA DE ELEVAÇAO CAUSANDO NIVEL BAIXO E PERDA DE BEBIDA",valvula 9 16 com vazamento no sistema de elevacao causando nivel baixo e perda de bebida,VAZAMENTO EM VÁLVULA,VAZAMENTO EM VALVULA
1253,ROBO TRAVADO/EM FALHA,robo travado em falha,TRAVAMENTO DE ROBÔ,TRAVAMENTO DE ROBO
1254,"FALHA COMUNICAÇÃO DO MOTOR TAG-202, NO TRANSPORTE NA SAIDA DA LAVADORA ORDEM: 30008370881",falha comunicacao do motor tag 202 no transporte na saida da lavadora ordem 30008370881,FALHA DE MOTOR,FALHA DE MOTOR
1255,"GUIA SUPERIOR E ESTRELA DO CAPSULADOR DESAJUSTADA, OCASIONANDO AS TAMPAS AMASSADAS ORDEM: 30008374149",guia superior e estrela do capsulador desajustada ocasionando as tampas amassadas ordem 30008374149,DEFORMAÇÃO/DESALINHAMENTO DE GUIA,DEFORMACAO DESALINHAMENTO DE GUIA
1256,FALHA NA GARRAFA TESTE,falha na garrafa teste,SEM MODO DE FALHA IDENTIFICADO,SEM MODO DE FALHA IDENTIFICADO
1257,QUEBRA DA ESTEIRA DOSADORA DE ENTRADA DA PALETIZADORA,quebra da esteira dosadora de entrada da paletizadora,QUEBRA DE ESTEIRA,QUEBRA DE ESTEIRA
1258,TRANSPORTE COM VELOCIDADE REDUZIDA,transporte com velocidade reduzida,FALHA DE VELOCIDADE DO TRANSPORTE,FALHA DE VELOCIDADE DO TRANSPORTE
1259,AJUSTE NA PINÇA,ajuste na pinca,FALHA DE PINÇA,FALHA DE PINCA
1260,"FALHA COMUNICAÇÃO DO MOTOR TAG-202, NO TRANSPORTE NA SAIDA DA LAVADORA",falha comunicacao do motor tag 202 no transporte na saida da lavadora,FALHA DE MOTOR,FALHA DE MOTOR
1261,3TEMPERATURA FICANDO ACIMA 0008377675,3temperatura ficando acima 0008377675,FALHA DE CONTROLE DE TEMPERATURA,FALHA DE CONTROLE DE TEMPERATURA
1262,VELOCIDADE REDUZIDA,velocidade reduzida,VELOCIDADE REDUZIDA SEM CAUSA IDENTIFICADA,VELOCIDADE REDUZIDA SEM CAUSA IDENTIFICADA
1263,"FALHA NO ELEVADOR DE ABASTECIMENTO, ORDEM(30008377679).",falha no elevador de abastecimento ordem 30008377679,FALHA DE ELEVADOR,FALHA DE ELEVADOR
1264,PACOTE FICANDO FORA DE POSIÇÃO/TOMBADO NA FORMAÇÃO NOTA 13085183,pacote ficando fora de posicao tombado na formacao nota 13085183,QUEDA DE PACOTES,QUEDA DE PACOTES
1265,FALHA NA FORMAÇÃO DE CAMADA,falha na formacao de camada,FALHA DE FORMAÇÃO DE CAMADA,FALHA DE FORMACAO DE CAMADA
1266,"DESGASTES, SUJIDADES GERADAS POR REPAROS DE VALVULAS",desgastes sujidades geradas por reparos de valvulas,FALHA DE VEDAÇÃO DA VÁLVULA,FALHA DE VEDACAO DA VALVULA
1267,FALHA DE ENCHIMENTO NA VALVULA 06,falha de enchimento na valvula 06,FALHA DE VÁLVULA DE ENCHIMENTO,FALHA DE VALVULA DE ENCHIMENTO
1268,FALHAS DE ENCHIMENTO VALVULAS 90 E 91 (30008392560),falhas de enchimento valvulas 90 e 91 30008392560,FALHA DE VÁLVULA DE ENCHIMENTO,FALHA DE VALVULA DE ENCHIMENTO
1269,FALHA NO ROBO PALETIZADOR,falha no robo paletizador,FALHA DE ROBÔ,FALHA DE ROBO
1270,"PINCAS SOLTANDO GARRAFAS OBSTRINDO O SENSOR, GERANDO FALHA NA REFRIGERAÇÃO DE FUNDO .",pincas soltando garrafas obstrindo o sensor gerando falha na refrigeracao de fundo,FALHA DE SENSOR,FALHA DE SENSOR
1271,FALHA DE SUJEIRA DO FILTRO DA REFRIGERAÇÃO DE FUNDO .,falha de sujeira do filtro da refrigeracao de fundo,FALHA NA REFRIGERAÇÃO DE FUNDO,FALHA NA REFRIGERACAO DE FUNDO
1272,TROCA DAS VENTOSAS DO PEGADOR DE CHAPATEX,troca das ventosas do pegador de chapatex,FALHA DE PEGADOR,FALHA DE PEGADOR
1273,FALHA NO SENSOR DA PORTA,falha no sensor da porta,FALHA DE SENSOR,FALHA DE SENSOR
1274,FALHA DIMENSIONAMENTO DE CAMADAS DE EMPURRO. ORDEM- 30008394392,falha dimensionamento de camadas de empurro ordem 30008394392,FALHA DE DIMENSIONAMENTO DE CAMADA,FALHA DE DIMENSIONAMENTO DE CAMADA
1275,FILME ESTOURANDO DURANTE A SOLDA AUTOMATICA,filme estourando durante a solda automatica,FALHA DE SOLDA DE FILME,FALHA DE SOLDA DE FILME
1276,TROCA DO CABO DO SENSOR DA GAIOLA,troca do cabo do sensor da gaiola,FALHA DE SENSOR,FALHA DE SENSOR
1277,FALHA DE TEMPERATURA PACOTE SAINDO ABERTO PARANADO A PALETIZADORA,falha de temperatura pacote saindo aberto paranado a paletizadora,FALHA DE CONTROLE DE TEMPERATURA,FALHA DE CONTROLE DE TEMPERATURA
1278,PACOTE SAIDO ABERTO APOS O FORNO,pacote saido aberto apos o forno,FALHA DE ENVOLVIMENTO,FALHA DE ENVOLVIMENTO
1279,FALHA NAS VIAS DE ENTRADA DE PACOTE E FALHA NO SENSOR DA GAIOLA,falha nas vias de entrada de pacote e falha no sensor da gaiola,FALHA DE ALIMENTAÇÃO DE PACOTES,FALHA DE ALIMENTACAO DE PACOTES
1280,FALHA NO SENSOR DA GAIOLA E NAS VIA DE ENTRADA DE PACOTE,falha no sensor da gaiola e nas via de entrada de pacote,FALHA DE ALIMENTAÇÃO DE PACOTES,FALHA DE ALIMENTACAO DE PACOTES
1281,FALHA NO SENSOR DA GAIOLA,falha no sensor da gaiola,FALHA DE SENSOR,FALHA DE SENSOR
1282,FALHA DE PROFIBUS,falha de profibus,FALHA DE COMUNICAÇÃO,FALHA DE COMUNICACAO
1283,FALHA NO CORTE DO FILME,falha no corte do filme,FALHA DE CORTE DE FILME,FALHA DE CORTE DE FILME
1284,FALHA NO SENSOR DE APROXIMAÇÃO DA GAIOLA,falha no sensor de aproximacao da gaiola,FALHA DE SENSOR,FALHA DE SENSOR
1285,FALHA NO VIBRADOR,falha no vibrador,FALHA DE VIBRADOR,FALHA DE VIBRADOR
1286,COLOCADOR DE CHAPATEX PAROU DE ATUAR,colocador de chapatex parou de atuar,FALHA DO COLOCADOR DE CHAPATEX,FALHA DO COLOCADOR DE CHAPATEX
1287,"REVISÃO DAS VALVULAS DE ENCHIMENTO, FALHA DE ENCHIMENTO",revisao das valvulas de enchimento falha de enchimento,FALHA DE VÁLVULA DE ENCHIMENTO,FALHA DE VALVULA DE ENCHIMENTO
1288,FALHA MOTOR TAG-260 NO TRANSPORTE NA SAIDA DO LINATRONIC,falha motor tag 260 no transporte na saida do linatronic,FALHA DE MOTOR,FALHA DE MOTOR
1289,FALHA AUTOMAÇÃO NO TRANSPORTE NA ENTRADA DA ROTULADORA,falha automacao no transporte na entrada da rotuladora,FALHA DE ROTULAGEM,FALHA DE ROTULAGEM
1290,"CHAPINHA DE PASSAGEM DE GARRAFAS DANIFICADO, OCASIONANDO QUEDA DE GARRAFAS",chapinha de passagem de garrafas danificado ocasionando queda de garrafas,QUEDA DE GARRAFAS,QUEDA DE GARRAFAS
1291,"FALHA NAS VALVULA DE ENCHIMENTO 08 15,88",falha nas valvula de enchimento 08 15 88,FALHA DE VÁLVULA DE ENCHIMENTO,FALHA DE VALVULA DE ENCHIMENTO
1292,FALHA NO ROBO PALETIZADOR,falha no robo paletizador,FALHA DE ROBÔ,FALHA DE ROBO
1293,FALHA NO ROBO PALETIZADOR,falha no robo paletizador,FALHA DE ROBÔ,FALHA DE ROBO
1294,ESTOURO DE FILME APOS TROCA DE BOBINA,estouro de filme apos troca de bobina,ROMPIMENTO DE FILME,ROMPIMENTO DE FILME
1295,TROCA DO BLOCO DA VALVULA 90,troca do bloco da valvula 90,FALHA DE VÁLVULA,FALHA DE VALVULA
1296,"VALVULA ESPUMANDO BEBEIDA, GERANDO NIVEL BAIXO, OCORRENDO ALTO REJITO E PARANDO TAPETE DE SAIDA",valvula espumando bebeida gerando nivel baixo ocorrendo alto rejito e parando tapete de saida,FALHA DE VÁLVULA DE ENCHIMENTO,FALHA DE VALVULA DE ENCHIMENTO
1297,"VALVULA ESPUMANDO, GERANDO NIVEL BAIXO E OCASIONANDO ALTO REJEITO E PARANDO TAPETE DE SAIDA",valvula espumando gerando nivel baixo e ocasionando alto rejeito e parando tapete de saida,FALHA DE VÁLVULA DE ENCHIMENTO,FALHA DE VALVULA DE ENCHIMENTO
1298,"VALVULA ESPUMANDO, GERANDO NIVEL BAIXO E OCASIONANDO O ALTO REJEITO E PARANDO O TAPETE DE SAIDA",valvula espumando gerando nivel baixo e ocasionando o alto rejeito e parando o tapete de saida,FALHA DE VÁLVULA DE ENCHIMENTO,FALHA DE VALVULA DE ENCHIMENTO
1299,FALHA NO CORTE DO FILME OCASIONANDO FALHA DE ENVOLVIMENTO E PACOTES MAL FORMADOS (30008394389),falha no corte do filme ocasionando falha de envolvimento e pacotes mal formados 30008394389,FALHA DE CORTE DE FILME,FALHA DE CORTE DE FILME
1300,EXCESSO DE FALSO REJEITO,excesso de falso rejeito,FALHA DE REJEIÇÃO,FALHA DE REJEICAO
1301,GUIAS LATERAIS CAUSANDO MICRO RISCOS NAS LATAS,guias laterais causando micro riscos nas latas,DEFORMAÇÃO/DESALINHAMENTO DE GUIA,DEFORMACAO DESALINHAMENTO DE GUIA
1302,"VALVULAS APRESENTANDO FALHA DE ENCHIMENTO N°39,49,50 FEITO REVISAO",valvulas apresentando falha de enchimento n 39 49 50 feito revisao,FALHA DE VÁLVULA DE ENCHIMENTO,FALHA DE VALVULA DE ENCHIMENTO
1303,"FALHAS DE ENCHIMENTO NAS VALVULAS N°39,49 E 50",falhas de enchimento nas valvulas n 39 49 e 50,FALHA DE VÁLVULA DE ENCHIMENTO,FALHA DE VALVULA DE ENCHIMENTO
1304,SENSSOR DA ENVOLVEDORA EM FALHA,senssor da envolvedora em falha,FALHA DE SENSOR,FALHA DE SENSOR
1305,FIME ESTOURANDO DEVIDO O EIXO TORTO,fime estourando devido o eixo torto,DESALINHAMENTO DE EIXO,DESALINHAMENTO DE EIXO
1306,"ROLO DO ESTIRAMENTO FORA DE POSIÇÃO , OCASIONANDO FILME ESTOURANDO",rolo do estiramento fora de posicao ocasionando filme estourando,ROMPIMENTO DE FILME,ROMPIMENTO DE FILME
1307,"ROLO DE SUBIDA DE FILME PARA MESA DE VACUO,FILME DOBRANDO 30008397728",rolo de subida de filme para mesa de vacuo filme dobrando 30008397728,FALHA DE TRAÇÃO/GUIAMENTO DE FILME,FALHA DE TRACAO GUIAMENTO DE FILME
1308,BASE DO ROLO DE CARPETE TORTA,base do rolo de carpete torta,DEFORMAÇÃO DE SUPORTE,DEFORMACAO DE SUPORTE
1309,BASE DO ROLO DE CARPETE ENTORTOU,base do rolo de carpete entortou,DEFORMAÇÃO DE SUPORTE,DEFORMACAO DE SUPORTE
1310,QUEBRA DA ESTEIRA DE SAIDA DO TUNEL DE RETRAÇÃO,quebra da esteira de saida do tunel de retracao,QUEBRA DE ESTEIRA,QUEBRA DE ESTEIRA
1311,BASE DO ROLO DE CARPETE ENTORTOU / ARREBENTANDO FILME,base do rolo de carpete entortou arrebentando filme,DEFORMAÇÃO DE SUPORTE,DEFORMACAO DE SUPORTE
1312,EIXO TORTO,eixo torto,DESALINHAMENTO DE EIXO,DESALINHAMENTO DE EIXO
1313,FREIO DA BORBOLETE (NOTA 30008398373 ),freio da borbolete nota 30008398373,FALHA DE FREIO,FALHA DE FREIO
1314,EIXO TORTO DA BOBINA FOI PARADO PARA FAZER A TROCA,eixo torto da bobina foi parado para fazer a troca,DESALINHAMENTO DE EIXO,DESALINHAMENTO DE EIXO
1315,FALHA DE ENCHIMENTO NAS VALVULAS N 39 E50,falha de enchimento nas valvulas n 39 e50,FALHA DE VÁLVULA DE ENCHIMENTO,FALHA DE VALVULA DE ENCHIMENTO
1316,FALHA NO SENSOR DA PORTA DE SEGURANÇA DE TROCA DE BOBINA,falha no sensor da porta de seguranca de troca de bobina,FALHA DE SENSOR,FALHA DE SENSOR
1317,TROCA DA FACA DE CORTE,troca da faca de corte,FALHA DE FACA,FALHA DE FACA
1318,FALHA NO PEGADOR DE CARTÕES NOTA (30008398502),falha no pegador de cartoes nota 30008398502,FALHA DE PEGADOR,FALHA DE PEGADOR
1319,ROBO PERDEU REFERENCIA NA ENTRADA DE UMA PILHA DE PALETES,robo perdeu referencia na entrada de uma pilha de paletes,PERDA DE REFERÊNCIA DO ROBÔ,PERDA DE REFERENCIA DO ROBO
1320,LATAS SAINDO MARCADAS AJUSTE NA CORRENTE DE ARRASTE,latas saindo marcadas ajuste na corrente de arraste,SEM MODO DE FALHA IDENTIFICADO,SEM MODO DE FALHA IDENTIFICADO
1321,LATAS SAINDO MARCADAS AJUSTE NA CORRENTE DE ARRASTE,latas saindo marcadas ajuste na corrente de arraste,SEM MODO DE FALHA IDENTIFICADO,SEM MODO DE FALHA IDENTIFICADO
1322,FALHA NA DESCAPSULAGEM DAS GARRAFAS ( AJUSTE NA PINÇA) 30008398110,falha na descapsulagem das garrafas ajuste na pinca 30008398110,FALHA DE DESCAPSULAMENTO,FALHA DE DESCAPSULAMENTO
1323,FALHA NA LIGAÇÃO ENTRE PLC,falha na ligacao entre plc,FALHA DE PLC,FALHA DE PLC
1324,"FALHA NA CAPSULAGEM DAS GARRAFAS,GUIAS DO BOCAL DA GARRAFA FORA DE POSIÇÃO 30008398121",falha na capsulagem das garrafas guias do bocal da garrafa fora de posicao 30008398121,FALHA DE BOCAL,FALHA DE BOCAL
1325,FALHA NA REFRIGERACAO DE FUNDO DA GARRAFA,falha na refrigeracao de fundo da garrafa,FALHA NA REFRIGERAÇÃO DE FUNDO,FALHA NA REFRIGERACAO DE FUNDO
1326,"ROLO DO CARPETE TORTO NOTA , 30008400277",rolo do carpete torto nota 30008400277,FALHA DE ROLO DE ESTIRAMENTO,FALHA DE ROLO DE ESTIRAMENTO
1327,FALHA NO BOTAO DE RESET PEGADOR DE CARTAO,falha no botao de reset pegador de cartao,FALHA DE PEGADOR,FALHA DE PEGADOR
1328,FALHA NA IMPRESSÃO,falha na impressao,FALHA DE CODIFICAÇÃO,FALHA DE CODIFICACAO
1329,FALHA NA BOMBA QUE REALIZA ÁRVORE DE ESPUMA,falha na bomba que realiza arvore de espuma,FALHA DE BOMBA,FALHA DE BOMBA
1330,VÁLVULA 27 COM PARAFUSO SOLTO APÓS REVISÃO EM PCM OCASIONANDO FALHA NA INSERÇÃO DE CAPA CIP,valvula 27 com parafuso solto apos revisao em pcm ocasionando falha na insercao de capa cip,FALHA DE FIXAÇÃO DA VÁLVULA,FALHA DE FIXACAO DA VALVULA
1331,FALHA DE ENCHIMENTO EM VALVULAS ALEATORIAS NA PARTIDA,falha de enchimento em valvulas aleatorias na partida,FALHA DE VÁLVULA DE ENCHIMENTO,FALHA DE VALVULA DE ENCHIMENTO
1332,"NA PARTIDA EM MODO AUTOMATICO, ESTÁ DANDO GAS FORA DE PADRÃO NA BEBIDA",na partida em modo automatico esta dando gas fora de padrao na bebida,FALHA DE CARBONATAÇÃO,FALHA DE CARBONATACAO
1333,TWISTER DE SAIDA DA ENCHEDORA DERRUBANDO/SEGURANDO LATAS NA PARTIDA,twister de saida da enchedora derrubando segurando latas na partida,FALHA DE TWISTER,FALHA DE TWISTER
1334,"FALHA DE ENCHIMENTO NA VALVULA Nº39, EXCESSO DE NIVEL BAIXO",falha de enchimento na valvula no39 excesso de nivel baixo,FALHA DE VÁLVULA DE ENCHIMENTO,FALHA DE VALVULA DE ENCHIMENTO
1335,"TROCA DA VALVULA Nº39, ESTAVA GERANDO EXCESSO DE NIVEL BAIXO",troca da valvula no39 estava gerando excesso de nivel baixo,FALHA DE VÁLVULA DE ENCHIMENTO,FALHA DE VALVULA DE ENCHIMENTO
1336,ENROSCO DE LATA OCASIONANDO DESAJUSTE DO CANHÃO E GUIAS (30008401216),enrosco de lata ocasionando desajuste do canhao e guias 30008401216,ENROSCO DE LATAS,ENROSCO DE LATAS
1337,"FALHA SENSOR NO VIRADOR DE CAIXAS, OCASIONANDO ALTO REJEITO DE CAIXAS",falha sensor no virador de caixas ocasionando alto rejeito de caixas,FALHA DE SENSOR,FALHA DE SENSOR
1338,CRASH E EXCESSO DE REJEITO NO ENOS A100 / CRASH DE GARRAFAS NA SAIDA DO LINATRONIC,crash e excesso de rejeito no enos a100 crash de garrafas na saida do linatronic,CRASH DE GARRAFAS,CRASH DE GARRAFAS
1339,CRASH E EXCESSO DE REJEITO DE GARRAFAS NO ENOS E NO EBS,crash e excesso de rejeito de garrafas no enos e no ebs,FALHA DE REJEIÇÃO,FALHA DE REJEICAO
1340,FALHA NA DESCAPSULAGEM DAS GARRAFAS ( 30008400820 ),falha na descapsulagem das garrafas 30008400820,FALHA DE DESCAPSULAMENTO,FALHA DE DESCAPSULAMENTO
1341,"ESCAPOU O ESTICADOR DE CORRENTE, GERANDO ACUMULO DE GARRAFAS NA SAIDA DA PALETIZADORA",escapou o esticador de corrente gerando acumulo de garrafas na saida da paletizadora,ETICADOR DE CORRENTE ESCAPOU,ETICADOR DE CORRENTE ESCAPOU
1342,"VAZAMENTO DE PRESSÃO PELO COLETO, FALHA DE ENCHIMENTO NAS VALVULAS Nº5 E 68 GERANDO EXCESSO DE NIVEL BAIXO",vazamento de pressao pelo coleto falha de enchimento nas valvulas no5 e 68 gerando excesso de nivel baixo,VAZAMENTO EM VÁLVULA,VAZAMENTO EM VALVULA
1343,"VAZAMENTO DE PRESSÃO PELO COLETO, FALHA DE ENCHIMENTO NAS VALVULAS Nº69 E 70 GERANDO EXCESSO DE NIVEL BAIXO",vazamento de pressao pelo coleto falha de enchimento nas valvulas no69 e 70 gerando excesso de nivel baixo,VAZAMENTO EM VÁLVULA,VAZAMENTO EM VALVULA
1344,"AJUSTE DE SIMCROMIMOS DEVAISER E ROBO, COLOCAÇÃO DA VENTOSA QUE ESTAVA FALTANDO.",ajuste de simcromimos devaiser e robo colocacao da ventosa que estava faltando,FALHA DE VENTOSA,FALHA DE VENTOSA
1345,ARRASTANDO PAPEL PARA A RECRAVADORA,arrastando papel para a recravadora,FALHA DE RECRAVAÇÃO,FALHA DE RECRAVACAO
1346,VÁLVULA COM FALHA DE ENCHIMENTO N°6 E 39,valvula com falha de enchimento n 6 e 39,FALHA DE VÁLVULA DE ENCHIMENTO,FALHA DE VALVULA DE ENCHIMENTO
1347,TENCIONADOR DO FILME COM MUITA PRESSÃO GERANDO INCONSISTÊNCIA NO CORTE DO FILME E ROMPIMENTOS,tencionador do filme com muita pressao gerando inconsistencia no corte do filme e rompimentos,FALHA DE CORTE DE FILME,FALHA DE CORTE DE FILME
1348,FALHA DE VACUO (30008401189),falha de vacuo 30008401189,FALHA DE VÁCUO,FALHA DE VACUO
1349,"FALHA DE ENCHIMENTO NA VALVULA N°6 ,49 E 70 (30008401184)",falha de enchimento na valvula n 6 49 e 70 30008401184,FALHA DE VÁLVULA DE ENCHIMENTO,FALHA DE VALVULA DE ENCHIMENTO
1350,FALHA DE IMPRESSÃO DESARMANDO,falha de impressao desarmando,FALHA DE CODIFICAÇÃO,FALHA DE CODIFICACAO
1351,QUEDA DE GARRAFAS NA MESA DE ENTRADA - 30008260036,queda de garrafas na mesa de entrada 30008260036,QUEDA DE GARRAFAS,QUEDA DE GARRAFAS
1352,EXCESSO DE REJEIÇÃO DE GARRAFA NO ASEBI.ORDEM 30008403451,excesso de rejeicao de garrafa no asebi ordem 30008403451,FALHA DE INSPEÇÃO,FALHA DE INSPECAO
1353,CABEÇOTE COM PEGA DE CAMADA FORA DE POSIÇÃO ORDEM 30008403452,cabecote com pega de camada fora de posicao ordem 30008403452,FALHA NA PEGADA DE CAMADA,FALHA NA PEGADA DE CAMADA
1354,"CRASCH GARRAFA NA SAIDA DO ASEBI,ORDEM 30008403457",crasch garrafa na saida do asebi ordem 30008403457,FALHA DE INSPEÇÃO,FALHA DE INSPECAO
1355,TROCA DA VEDAÇÃO DO CARBO,troca da vedacao do carbo,FALHA DE VEDAÇÃO,FALHA DE VEDACAO
1356,TROCA DE VEDAÇÃO DA TUBULAÇÃO DE BEBIDA.,troca de vedacao da tubulacao de bebida,FALHA DE VEDAÇÃO,FALHA DE VEDACAO
1357,SENSOR DE TAMPA .,sensor de tampa,FALHA DE SENSOR,FALHA DE SENSOR
1358,ESTOURO DA SOLDA DO FILME DURANTE A TROCA DE BOBINA (30008404444),estouro da solda do filme durante a troca de bobina 30008404444,FALHA DE SOLDA DE FILME,FALHA DE SOLDA DE FILME
1359,FALHA NO MOTOR 307 (30008404438),falha no motor 307 30008404438,FALHA DE MOTOR,FALHA DE MOTOR
1360,FALHA NO SENSOR DA PORTA DE SEGURANÇA DE TROCA DE BOBINA,falha no sensor da porta de seguranca de troca de bobina,FALHA DE SENSOR,FALHA DE SENSOR
1361,TRANSPORTE EM FALHA,transporte em falha,FALHA DE TRANSPORTE,FALHA DE TRANSPORTE
1362,QUEBRA DE ESTEIRA 30008404453,quebra de esteira 30008404453,QUEBRA DE ESTEIRA,QUEBRA DE ESTEIRA
1363,BRAÇO DO ESTIRAMENTO COLEDINDO COM O ROLO DE CARPETE 30008404449,braco do estiramento coledindo com o rolo de carpete 30008404449,COLISÃO DO BRAÇO DE ESTIRAMENTO,COLISAO DO BRACO DE ESTIRAMENTO
1364,FALHA NA PORTA DE SEGURANÇA NA TROCA DE BOBINA.,falha na porta de seguranca na troca de bobina,FALHA NA TROCA DE BOBINA,FALHA NA TROCA DE BOBINA
1365,"TROCA DO CARTÃO NO AUTOMATICO, CENTRADOR DO COM FALHA NA SUBIDA.",troca do cartao no automatico centrador do com falha na subida,FALHA NA TROCA DE PALETE DE CARTÃO,FALHA NA TROCA DE PALETE DE CARTAO
1366,"ESCAPOU O ESTICADOR DE CORRENTE, GERANDO ACUMULO DE GARRAFAS NA SAIDA DA PALETIZADORA ORDEM: 30008403373",escapou o esticador de corrente gerando acumulo de garrafas na saida da paletizadora ordem 30008403373,ETICADOR DE CORRENTE ESCAPOU,ETICADOR DE CORRENTE ESCAPOU
1367,FALHA DESCAPSULAGEM DE GARRAFAS (AJUSTE NO PINÇAS),falha descapsulagem de garrafas ajuste no pincas,FALHA DE DESCAPSULAMENTO,FALHA DE DESCAPSULAMENTO
1368,FALHA DESCAPSULAGEM DE GARRAFAS (AJUSTES NO PINÇAS),falha descapsulagem de garrafas ajustes no pincas,FALHA DE DESCAPSULAMENTO,FALHA DE DESCAPSULAMENTO
1369,"FALHA DESCAPSULAGEM DE GARRAFAS (AJUSTES NO PINÇAS), ESPAÇO LAVADORA",falha descapsulagem de garrafas ajustes no pincas espaco lavadora,FALHA DE DESCAPSULAMENTO,FALHA DE DESCAPSULAMENTO
1370,"GARRAFAS AMASSADAS,TRAVANDO NO DESCAPSULADOR 300084044167",garrafas amassadas travando no descapsulador 300084044167,FALHA DE DESCAPSULAMENTO,FALHA DE DESCAPSULAMENTO
1371,"CABEÇOTE NA RETIROU O QUADRO SUPERIOR, GERANDO QUEBRA DA VENTOSA, FOI PRECISO SUBSTITUIR, ORDEM : 30008403464",cabecote na retirou o quadro superior gerando quebra da ventosa foi preciso substituir ordem 30008403464,FALHA DE VENTOSA,FALHA DE VENTOSA
1372,QUEDAD E LATAS NA TRANSFERENCIA PARA A CORRENTE DE ARRASTE,quedad e latas na transferencia para a corrente de arraste,SEM MODO DE FALHA IDENTIFICADO,SEM MODO DE FALHA IDENTIFICADO
1373,AJUSTE NA MESSA DE ARRASTE,ajuste na messa de arraste,SEM MODO DE FALHA IDENTIFICADO,SEM MODO DE FALHA IDENTIFICADO
1374,FALHA NO MEDIDOR (30008404383),falha no medidor 30008404383,FALHA DE MEDIDOR,FALHA DE MEDIDOR
1375,FALHA DE ENVOLVIMENTO NA TROCA DE BOBINA,falha de envolvimento na troca de bobina,FALHA NA TROCA DE BOBINA,FALHA NA TROCA DE BOBINA
1376,VELOCIDADE BAIXA,velocidade baixa,VELOCIDADE REDUZIDA SEM CAUSA IDENTIFICADA,VELOCIDADE REDUZIDA SEM CAUSA IDENTIFICADA
1377,AJUSTE NO POSICIONAMENTO DO SENSOR DA PALLET NA PALETIZADORA ORDEM 30008404400,ajuste no posicionamento do sensor da pallet na paletizadora ordem 30008404400,FALHA DE SENSOR,FALHA DE SENSOR
1378,FALHA NO MANDRIL 1 ORDEM 30008404404,falha no mandril 1 ordem 30008404404,FALHA DE MANDRIL,FALHA DE MANDRIL
1379,"LIBERAÇÃO DE PARTIDA FALHA DE GARRAFA TESTE N 11,INSPEÇÃO PAREDE INFERIOR ORDEM 30008406797",liberacao de partida falha de garrafa teste n 11 inspecao parede inferior ordem 30008406797,FALHA DE INSPEÇÃO,FALHA DE INSPECAO
1380,ESTEIRA ESCAPANDO,esteira escapando,ESCAPE DE ESTEIRA,ESCAPE DE ESTEIRA
1381,TRANSPORTE DESARMADO,transporte desarmado,DESARME DE TRANSPORTE,DESARME DE TRANSPORTE
1382,BOBINA TRAVANDO E ESTOURANDO STRESH - NOTA 13185865,bobina travando e estourando stresh nota 13185865,ROMPIMENTO DE FILME,ROMPIMENTO DE FILME
1383,FALHA NO ENCODER DO EMPURRADOR ORDEM Nº 30008406962,falha no encoder do empurrador ordem no 30008406962,FALHA DE ENCODER,FALHA DE ENCODER
1384,GUIA DESAJUSTADO FALTANDO PARAFUSO ORDEM: 30008406807,guia desajustado faltando parafuso ordem 30008406807,FALHA DE FIXAÇÃO,FALHA DE FIXACAO
1385,CABONATADOR ATINGIA NIVEL MINIMO DO RESERVATÓRIO E PARAVA ENCHEDORA ORDEM: 30008406819,cabonatador atingia nivel minimo do reservatorio e parava enchedora ordem 30008406819,FALHA ELÉTRICA SEM COMPONENTE IDENTIFICADO,FALHA ELETRICA SEM COMPONENTE IDENTIFICADO
1386,"ENROSCO DE ROTULOS DO AGREGADO 1, AS ESPONJAS ANTIGAS NÃO ESTAVA ABSORVENDO A AGUA, FOI NECESSARIO AUMENTAR UM VOLUME DA AGUA",enrosco de rotulos do agregado 1 as esponjas antigas nao estava absorvendo a agua foi necessario aumentar um volume da agua,ENROSCO DE RÓTULOS,ENROSCO DE ROTULOS
1387,"ENROSCO DE ROTULOS DO AGREGADO 1, AS ESPONJAS ANTIGAS NÃO ESTAVA ABSORVENDO A AGUA, FOI NECESSARIO AUMENTAR UM VOLUME DA AGUA 30008406828",enrosco de rotulos do agregado 1 as esponjas antigas nao estava absorvendo a agua foi necessario aumentar um volume da agua 30008406828,ENROSCO DE RÓTULOS,ENROSCO DE ROTULOS
1388,AJUSTE NO CABEÇOTE,ajuste no cabecote,SEM MODO DE FALHA IDENTIFICADO,SEM MODO DE FALHA IDENTIFICADO
1389,ROMPIMENTO DA SOLDA,rompimento da solda,QUEBRA DE COMPONENTE,QUEBRA DE COMPONENTE
1390,FALHA NA ENTREGA DE PACOTES DO ELEVADOR PARA SISTEMA DE CORTE/FALHA NO SISTEMA DE CORTE,falha na entrega de pacotes do elevador para sistema de corte falha no sistema de corte,FALHA DE ELEVADOR,FALHA DE ELEVADOR
1391,ENROSCO DE TAMPAS OCASIONANDO POR PEDAÇO DE PAPEL DA EMBALAGEM DOS TUBETES,enrosco de tampas ocasionando por pedaco de papel da embalagem dos tubetes,ENROSCO DE TAMPAS,ENROSCO DE TAMPAS
1392,TROCA DE BOBINA FALHA NO SENSOR DA PORTA DE SEGURANÇA.,troca de bobina falha no sensor da porta de seguranca,FALHA DE SENSOR,FALHA DE SENSOR
1393,"FALHA NA ENTREGA DE PACOTES DO ELEVADOR PARA SISTEMA DE CORTE/FALHA NO SISTEMA DE CORTE , NOTA 13184816",falha na entrega de pacotes do elevador para sistema de corte falha no sistema de corte nota 13184816,FALHA DE ELEVADOR,FALHA DE ELEVADOR
1394,"PATINS SAINDO DO TRILHO, VIRANDO PACOTE PARA A FORMAÇÃO DE CAMADA",patins saindo do trilho virando pacote para a formacao de camada,FALHA DE PATINS,FALHA DE PATINS
1395,BRAÇO DO ESTIRAMENTO COLEDINDO COM O ROLO DE CARPETE 30008406795,braco do estiramento coledindo com o rolo de carpete 30008406795,COLISÃO DO BRAÇO DE ESTIRAMENTO,COLISAO DO BRACO DE ESTIRAMENTO
1396,BRAÇO DO ESTIRAMENTO COLEDINDO COM O ROLO DE CARPETE OCASIONANDO ESTOURO DE FILME,braco do estiramento coledindo com o rolo de carpete ocasionando estouro de filme,ROMPIMENTO DE FILME,ROMPIMENTO DE FILME
1397,GUIA DA CANALETA TORTA ENROCANDO TAMPA ORDEM: 30008407003,guia da canaleta torta enrocando tampa ordem 30008407003,DEFORMAÇÃO/DESALINHAMENTO DE GUIA,DEFORMACAO DESALINHAMENTO DE GUIA
1398,"FALHA NA VALVULA 136, ABORTANDO O ENCHAGUE",falha na valvula 136 abortando o enchague,FALHA DE VÁLVULA,FALHA DE VALVULA
1399,QUEBRA DO EIXO DA ENVOLVEDORA OREDEM: 30008406992,quebra do eixo da envolvedora oredem 30008406992,QUEBRA DE EIXO,QUEBRA DE EIXO
1400,"TROCA DA VALVULA 46 , E REVISAO DA VALVULA 27 ORDEM: 30008406999",troca da valvula 46 e revisao da valvula 27 ordem 30008406999,FALHA DE VÁLVULA,FALHA DE VALVULA
1401,FALHA DE SENSOR NO CHAPATEX,falha de sensor no chapatex,FALHA DE SENSOR,FALHA DE SENSOR
1402,FALHA NO SENSOR DO CHAPATEX,falha no sensor do chapatex,FALHA DE SENSOR,FALHA DE SENSOR
1403,TRAVAMENTO NO ROLETE DE TROCA DE BOBINA AUTOMATICA,travamento no rolete de troca de bobina automatica,FALHA NA TROCA DE BOBINA,FALHA NA TROCA DE BOBINA
1404,TRANSPORTE DO VIRADOR DE CAIXA NOTA30008409981,transporte do virador de caixa nota30008409981,FALHA DE GUIA,FALHA DE GUIA
1405,"FALHA NO CORTE DE TUBETES, PASSANDO PADAÇO DE PAPEL ENROSCANDO NA RECRAVADORA",falha no corte de tubetes passando padaco de papel enroscando na recravadora,FALHA DE RECRAVAÇÃO,FALHA DE RECRAVACAO
1406,"FALHA NO CORTE DE TUBETES, NECESSARIO RESET GERAL DA CSW",falha no corte de tubetes necessario reset geral da csw,FALHA NO CORTE DE TUBETES,FALHA NO CORTE DE TUBETES
1407,FALHA NO ALIMENTADOR DE TAMPA TRAVADAS EM ALIMENTAÇÃODE TAMPA.,falha no alimentador de tampa travadas em alimentacaode tampa,TRAVAMENTO NA ALIMENTAÇÃO DE TAMPAS,TRAVAMENTO NA ALIMENTACAO DE TAMPAS
1408,FALHA IHM APAGA E VOLTA,falha ihm apaga e volta,FALHA DE IHM,FALHA DE IHM
1409,FALHA NA ENTREGA DE PACOTES DO ELEVADOR PARA SISTEMA DE CORTE/FALHA NO SISTEMA DE CORTE,falha na entrega de pacotes do elevador para sistema de corte falha no sistema de corte,FALHA DE ELEVADOR,FALHA DE ELEVADOR
1410,ALTERADO PARAMETRO DE VELOCIDADE DE ESTEIRA DEVIDO PACOTES SAINDO ABERTO,alterado parametro de velocidade de esteira devido pacotes saindo aberto,FALHA DE ELO DE ESTEIRA,FALHA DE ELO DE ESTEIRA
1411,FALHA DE INSPEÇÃO,falha de inspecao,FALHA DE INSPEÇÃO,FALHA DE INSPECAO
1412,GARRAFA CAIDO NO SISTEMA DE REFRIGERACAO DE FUNDO DA GARRAFA,garrafa caido no sistema de refrigeracao de fundo da garrafa,FALHA NA REFRIGERAÇÃO DE FUNDO,FALHA NA REFRIGERACAO DE FUNDO
1413,QUEBRA DA ESTEIRA DO TRANSPORTE DE PACOTES ( ORDEM 30008413069 ),quebra da esteira do transporte de pacotes ordem 30008413069,QUEBRA DE ESTEIRA,QUEBRA DE ESTEIRA
1414,"PALETE TRAVOU AO SAIR DA MESA GIRATORIA, PRECISANDO RETIRAR MANUALMENTE",palete travou ao sair da mesa giratoria precisando retirar manualmente,TRAVAMENTO DE PALETE,TRAVAMENTO DE PALETE
1415,ROLETE DE ENTRADA DA PALETIZADORA TRAVADO (NOTA 13188166),rolete de entrada da paletizadora travado nota 13188166,TRAVAMENTO DE ROLETES,TRAVAMENTO DE ROLETES
1416,FALHA NO ALIMENTADOR DE TAMPA TRAVADAS EM ALIMENTAÇÃODE TAMPA.,falha no alimentador de tampa travadas em alimentacaode tampa,TRAVAMENTO NA ALIMENTAÇÃO DE TAMPAS,TRAVAMENTO NA ALIMENTACAO DE TAMPAS
1417,SENSOR DO MAGAZINE DO PALETE FORA DE FOCO,sensor do magazine do palete fora de foco,FALHA DE SENSOR,FALHA DE SENSOR
1418,"NYLON TRANSPORTE NA SAIDA DA ENCHEDORA FORA DA PÓSIÇÃO, OCASIONANDO QUEDA DE GARRAFAS ORDEM: 30008411438",nylon transporte na saida da enchedora fora da posicao ocasionando queda de garrafas ordem 30008411438,QUEDA DE GARRAFAS,QUEDA DE GARRAFAS
1419,PALETIZADORA PEGANDO CAIXAS A MENOS,paletizadora pegando caixas a menos,FALHA NA PEGADA DE CAMADA,FALHA NA PEGADA DE CAMADA
1420,"CHAPINHA DE PASSAGEM DE GARRAFAS DANIFICADAS, OCASIONANDO QUEDA DE GARRAFAS",chapinha de passagem de garrafas danificadas ocasionando queda de garrafas,QUEDA DE GARRAFAS,QUEDA DE GARRAFAS
1421,ENTRANDO GARRAFA TORTO NA ENCHEDORA AJUUSTE NA ESTRELA - ORDEM 30008412796,entrando garrafa torto na enchedora ajuuste na estrela ordem 30008412796,FALHA DE GUIA,FALHA DE GUIA
1422,TROCA DA FACA DA RAMPA DE ACELERAÇÃO - ORDEM 30008412774,troca da faca da rampa de aceleracao ordem 30008412774,DEFORMAÇÃO DE FACA,DEFORMACAO DE FACA
1423,FALHA NA BOMBA DE RESFRIAMENTO DEVIDO QUEDA DE GARRAFAS NA TRANSFERENCIA NOTA 13188319,falha na bomba de resfriamento devido queda de garrafas na transferencia nota 13188319,QUEDA DE GARRAFAS,QUEDA DE GARRAFAS
1424,QUEBRA DA ESTEIRA DE TRANSPORTE PACOTES K5M ( ORDEM 30008415403 ),quebra da esteira de transporte pacotes k5m ordem 30008415403,QUEBRA DE ESTEIRA,QUEBRA DE ESTEIRA
1425,QUEBRA DO EMPURRADOR DE GARRAFAS ( ORDEM 30008415400 ),quebra do empurrador de garrafas ordem 30008415400,QUEBRA DE COMPONENTE,QUEBRA DE COMPONENTE
1426,QUEBRA DA ESTEIRA K10M DA SAIDA DO FORNO (ORDEM 30008415404 ),quebra da esteira k10m da saida do forno ordem 30008415404,QUEBRA DE ESTEIRA,QUEBRA DE ESTEIRA
1427,QUEBROU O REJEITOR DE GARRAFAS NOTA 30008414410,quebrou o rejeitor de garrafas nota 30008414410,FALHA DE REJEIÇÃO,FALHA DE REJEICAO
1428,QUEDA DE GARRAFAS NOS GUIAS DOS PINOS DE SEPARAÇÃO NOTA 30008414412,queda de garrafas nos guias dos pinos de separacao nota 30008414412,QUEDA DE GARRAFAS,QUEDA DE GARRAFAS
1429,ENVOLVEDORA NÃO ESTA FAZENDO PROCEDIMENTO MANUAL PARA MOVIMENTAÇÃO DE PALLET NO TRANSPORTE 30008414461,envolvedora nao esta fazendo procedimento manual para movimentacao de pallet no transporte 30008414461,FALHA DE BARREIRA,FALHA DE BARREIRA
1430,FALHA NO CORTE DE PAPEL DOS TUBET.,falha no corte de papel dos tubet,FALHA NO CORTE DE TUBETES,FALHA NO CORTE DE TUBETES
1431,FALHA NO CORTE DE PAPEL DOS TUBET. PASSANDO PARA CASCATA DA RECRAVADORA. ORDEM 30008414756,falha no corte de papel dos tubet passando para cascata da recravadora ordem 30008414756,FALHA DE RECRAVAÇÃO,FALHA DE RECRAVACAO
1432,FALHA NO CORTE DO TUBETE E ESTOURO DE TUBETE (30008415418),falha no corte do tubete e estouro de tubete 30008415418,FALHA NO CORTE DE TUBETES,FALHA NO CORTE DE TUBETES
1433,FALHA DE COMUNICAÇÃO,falha de comunicacao,FALHA DE COMUNICAÇÃO,FALHA DE COMUNICACAO
1434,MANGUEIRA E CONEXÃO DANIFICADA NA ESTAÇÃO DE EXPANSÃO DE PELÍCULA - 30008414432,mangueira e conexao danificada na estacao de expansao de pelicula 30008414432,FALHA DE CONEXÃO DE MANGUEIRA,FALHA DE CONEXAO DE MANGUEIRA
1435,PEÇA SE SOLTOU DURANTE A PRODUÇÃO,peca se soltou durante a producao,FALHA DE FIXAÇÃO,FALHA DE FIXACAO
1436,FALHA NO MOTOR 303 (30008415398),falha no motor 303 30008415398,FALHA DE MOTOR,FALHA DE MOTOR
1437,FALHA NO CORTE DO TUBETE,falha no corte do tubete,FALHA NO CORTE DE TUBETES,FALHA NO CORTE DE TUBETES
1438,"MÁQUINA DESLIGANDO SEM APRESENTAR FALHA, ORDEM30008415409.",maquina desligando sem apresentar falha ordem30008415409,FALHA DE INVERSOR,FALHA DE INVERSOR
1439,"CHAPINHA DE PASSAGEM DE GARRAFAS DANIFICADAS, OCASIONANDO QUEDA DE GARRAFAS NA SAIDA DA DESENCAIXATADORA",chapinha de passagem de garrafas danificadas ocasionando queda de garrafas na saida da desencaixatadora,QUEDA DE GARRAFAS,QUEDA DE GARRAFAS
1440,ESTEIRA DA CURVA DO TRANSPORTE ESCAPOU,esteira da curva do transporte escapou,ESCAPE DE ESTEIRA,ESCAPE DE ESTEIRA
1441,FALHA DESCAPSULAGEM PINÇA NUMERO 3 ORDEM: 30008414448,falha descapsulagem pinca numero 3 ordem 30008414448,FALHA DE DESCAPSULAMENTO,FALHA DE DESCAPSULAMENTO
1442,FALHA DESCAPSULAGEM PINÇA NUMERO 3,falha descapsulagem pinca numero 3,FALHA DE DESCAPSULAMENTO,FALHA DE DESCAPSULAMENTO
1443,SENSOR DE CONTAGEM DA ENTRADA DE PACOTES FORA DE FOCO,sensor de contagem da entrada de pacotes fora de foco,FALHA DE SENSOR,FALHA DE SENSOR
1444,FALHA NO ENVOLVIMENTO PACOTE ABERTO,falha no envolvimento pacote aberto,FALHA DE ENVOLVIMENTO,FALHA DE ENVOLVIMENTO
1445,BRAÇO DA SOLDA NÃO ESTAVA VOLTANDO,braco da solda nao estava voltando,FALHA DE RETORNO DO BRAÇO DE SOLDA,FALHA DE RETORNO DO BRACO DE SOLDA
1446,FALHA NO ENVOLVIMENTO / ABRINDO PACOTES NO TRANSPORTE,falha no envolvimento abrindo pacotes no transporte,FALHA DE ENVOLVIMENTO,FALHA DE ENVOLVIMENTO
1447,"FALTA DE TAMPA ,PRESA NA CANALETA DO ARROLHADOR.",falta de tampa presa na canaleta do arrolhador,FALHA DE ALIMENTAÇÃO DE TAMPAS,FALHA DE ALIMENTACAO DE TAMPAS
1448,GARRAFAS SAINDO SEM TAMPA NO ARROLHADOR.,garrafas saindo sem tampa no arrolhador,FALHA DE ALIMENTAÇÃO DE TAMPAS,FALHA DE ALIMENTACAO DE TAMPAS
1449,QUEDA DE GARRAFA NA PINCA 5 - ORDEM 30008418537,queda de garrafa na pinca 5 ordem 30008418537,QUEDA DE GARRAFAS,QUEDA DE GARRAFAS
1450,FALHA NO SENSOR DE TAMPAS DA ENCHEDORA - ORDEM 30008418523,falha no sensor de tampas da enchedora ordem 30008418523,FALHA DE SENSOR,FALHA DE SENSOR
1451,FALHA NA COMUNICAÇÃO DA PORTA DE SEGURANÇA,falha na comunicacao da porta de seguranca,FALHA DE PORTA DE SEGURANÇA,FALHA DE PORTA DE SEGURANCA
1452,MANDRIL TRAVANDO FOI AJUSTADO O BAR DO AR,mandril travando foi ajustado o bar do ar,FALHA DE MANDRIL,FALHA DE MANDRIL
1453,AJUSTE NO GUIA SUPERIOR DA ESTRELA DE SAIDA,ajuste no guia superior da estrela de saida,SEM MODO DE FALHA IDENTIFICADO,SEM MODO DE FALHA IDENTIFICADO
1454,MANDRIL NÃO ESTÁ ATUANDO CORRETAMENTE,mandril nao esta atuando corretamente,FALHA DE MANDRIL,FALHA DE MANDRIL
1455,HASTE DO TENSIONADOR SOLTA - ORDEM 30008418424,haste do tensionador solta ordem 30008418424,EIXO DO BRAÇO TENCIONADOR DO FILME DA ENVOLVEDORA SOLTO,EIXO DO BRACO TENCIONADOR DO FILME DA ENVOLVEDORA SOLTO
1456,"FALHA NO INVERSOR DO MOTOR TAG 307(BAIXA TENSÃO 1,8 VOLTS) ORDEM:30008417119.",falha no inversor do motor tag 307 baixa tensao 1 8 volts ordem 30008417119,FALHA DE INVERSOR,FALHA DE INVERSOR
1457,"FALHA NO CORTE DO TUBETE OCASIONANDO PASSAGEM PARA CASCATA DA RECRAVADORA E ENROSCANDO TAMPAS, ORDEM:30008417148.",falha no corte do tubete ocasionando passagem para cascata da recravadora e enroscando tampas ordem 30008417148,FALHA DE RECRAVAÇÃO,FALHA DE RECRAVACAO
1458,FALHA NO TRANSPORTE DA FILTEC (30008418542),falha no transporte da filtec 30008418542,FALHA DE INSPEÇÃO,FALHA DE INSPECAO
1459,FALHA NO TRANSPORTE DE PACOTES (30008418536),falha no transporte de pacotes 30008418536,FALHA DE INVERSOR,FALHA DE INVERSOR
1460,PEDAÇO DE PAPEL DA EMBALAGEM DO TUBETE OCASIONANDO ENROSCO DE TAMPAS NA RECRAVADORA,pedaco de papel da embalagem do tubete ocasionando enrosco de tampas na recravadora,ENROSCO DE TAMPAS,ENROSCO DE TAMPAS
1461,ESTOURO DO TUBETE E FALHA NO SINCRONISMO DE CORTE,estouro do tubete e falha no sincronismo de corte,ROMPIMENTO DE TUBETE,ROMPIMENTO DE TUBETE
1462,FALHA NO MIXER,falha no mixer,FALHA DE MISTURA,FALHA DE MISTURA
1463,TRAVAMENTO DE SEGMENTOS DE GARRAFAS NO REJEITOR ENOS A100,travamento de segmentos de garrafas no rejeitor enos a100,TRAVAMENTO DE SEGMENTOS,TRAVAMENTO DE SEGMENTOS
1464,FALHA SENSORES DE ACUMULO DO TRANSPORTE DE SAIDA DA ENCHEDORA ORDEM: 30008417124,falha sensores de acumulo do transporte de saida da enchedora ordem 30008417124,FALHA DE ACÚMULO NO TRANSPORTE,FALHA DE ACUMULO NO TRANSPORTE
1466,FALHA ELETRICA 30008418565,falha eletrica 30008418565,FALHA DE PLACA ELETRÔNICA,FALHA DE PLACA ELETRONICA
1467,"ROLETES TORTOS, GERANDO TRIPIDAÇÃO DOS PATINS E ENROSCOS, FAZENDO COM QUE PACOTE ENTRE TORTO NOS GUIAS",roletes tortos gerando tripidacao dos patins e enroscos fazendo com que pacote entre torto nos guias,ENROSCO DE PACOTES,ENROSCO DE PACOTES
1468,FALHA DE BARREIRA NA SAIDA DE PALETES VAZIOS (30008418544),falha de barreira na saida de paletes vazios 30008418544,FALHA DE BARREIRA,FALHA DE BARREIRA
1469,BEBIDA ESPUMANDO GERANDO NIVEL BAIXO. ORDEM- 30008417151,bebida espumando gerando nivel baixo ordem 30008417151,ESPUMAMENTO DE BEBIDA,ESPUMAMENTO DE BEBIDA
1470,REJEITO TRAVANDO NA CORREIA,rejeito travando na correia,FALHA DE CORREIA,FALHA DE CORREIA
1471,QUEDA DE GARRAFAS NOS GUIAS DE SEPARAÇÃO,queda de garrafas nos guias de separacao,QUEDA DE GARRAFAS,QUEDA DE GARRAFAS
1472,PINO DE SEPARAÇÃO TRAVADO - 30008420573,pino de separacao travado 30008420573,PINO DE SEPARAÇÃO TRAVADO,PINO DE SEPARACAO TRAVADO
1473,"GARRAFAS ENTRANDO TORTA, ENCHEDORA FORA DE SINCRONISMO. ORDEM: 30008421818",garrafas entrando torta enchedora fora de sincronismo ordem 30008421818,FALHA DE SINCRONISMO,FALHA DE SINCRONISMO
1474,"SENSOR DA ENTRADA DA ENCHEDORA DANDO FALHA NA DETECÇÃO DE GARRAFAS, GARRAFA SAINDO VAZIA E PARANDO NA CODIFICADORA",sensor da entrada da enchedora dando falha na deteccao de garrafas garrafa saindo vazia e parando na codificadora,FALHA DE SENSOR,FALHA DE SENSOR
1475,AJUSTE NO GUIA SUPERIOR DA ESTRELA DE SAIDA. ORDEM 3008420613,ajuste no guia superior da estrela de saida ordem 3008420613,SEM MODO DE FALHA IDENTIFICADO,SEM MODO DE FALHA IDENTIFICADO
1476,IHM NÃO RESPONDE. ORDEM- 30008420647,ihm nao responde ordem 30008420647,FALHA DE IHM,FALHA DE IHM
1477,ENCHEDORA FORA DO SINCRONISMO.ORDEM- 30008420649.,enchedora fora do sincronismo ordem 30008420649,FALHA DE SINCRONISMO,FALHA DE SINCRONISMO
1478,"FALHA NAS VÁLVULAS 130, 137, 138, 139, 140",falha nas valvulas 130 137 138 139 140,FALHA DE VÁLVULA,FALHA DE VALVULA
1479,COLISÃO COM O PACOTE,colisao com o pacote,FALHA DE VÁLVULA,FALHA DE VALVULA
1480,"FALHA NAS VÁLVULAS 130, 137, 138, 139, 140 30008421819",falha nas valvulas 130 137 138 139 140 30008421819,FALHA DE VÁLVULA,FALHA DE VALVULA
1481,FILME ROMPENDO NA SOLDA DE RETIRADA DO FILME,filme rompendo na solda de retirada do filme,FALHA DE SOLDA DE FILME,FALHA DE SOLDA DE FILME
1482,TRANSPOTE EM FALHA,transpote em falha,FALHA DE TRANSPORTE,FALHA DE TRANSPORTE
1483,FALHA NO TRANSPORTE DE PACOTES (30008521728),falha no transporte de pacotes 30008521728,FALHA DE TRANSPORTE DE PACOTES,FALHA DE TRANSPORTE DE PACOTES
1484,FALHA NA CODIFICADORA (30008421822),falha na codificadora 30008421822,FALHA DE CODIFICAÇÃO,FALHA DE CODIFICACAO
1485,HASTE POSICIONADORA DE TAMPAS ESTAVA TORTA OCASIONANDO FALHA NO EQUIPAMENTO (30008421830),haste posicionadora de tampas estava torta ocasionando falha no equipamento 30008421830,DEFORMAÇÃO DE HASTE,DEFORMACAO DE HASTE
1486,FALHA NO CORTE DOS TUBETES PASSANDO PAPEL E CAUSANDO ENROSCO NA RECRAVADORA,falha no corte dos tubetes passando papel e causando enrosco na recravadora,FALHA DE RECRAVAÇÃO,FALHA DE RECRAVACAO
1487,PEDAÇO DE PAPEL OCASIONANDO ENROSCO DE TAMPAS CSW,pedaco de papel ocasionando enrosco de tampas csw,ENROSCO DE TAMPAS,ENROSCO DE TAMPAS
1488,PEDAÇO DE PAPEL OCASIONANDO ENROSCO DE TAMPAS,pedaco de papel ocasionando enrosco de tampas,ENROSCO DE TAMPAS,ENROSCO DE TAMPAS
1489,QUEIMA DE PLACA,queima de placa,FALHA DE PLACA ELETRÔNICA,FALHA DE PLACA ELETRONICA
1490,FALHA NO SENSOR DE DESCARGA 30008421839,falha no sensor de descarga 30008421839,FALHA DE SENSOR,FALHA DE SENSOR
1491,ESCAPOU A ESTEIRA NA CURVA DO TRANSPOTE DA DESENCAIXATADORA,escapou a esteira na curva do transpote da desencaixatadora,ESCAPE DE ESTEIRA,ESCAPE DE ESTEIRA
1492,FALHA ELETRICA - QUEIMA PLACA,falha eletrica queima placa,FALHA DE PLACA ELETRÔNICA,FALHA DE PLACA ELETRONICA
1493,FALHA NA SAIDA DO PALETE DESARMOU INVERSOR,falha na saida do palete desarmou inversor,FALHA DE INVERSOR,FALHA DE INVERSOR
1494,FALHA NO SENSOR DO MAGAZINE E SENSOR NA MESA DE DESCARGA DA DESPALETIZADORA.,falha no sensor do magazine e sensor na mesa de descarga da despaletizadora,FALHA DE SENSOR,FALHA DE SENSOR
1495,AJUSTE SENSOR DA PORTA NO ASEBI.ORDEM.30008423856,ajuste sensor da porta no asebi ordem 30008423856,FALHA DE SENSOR,FALHA DE SENSOR
1496,FALHA NA CODIFICAÇÃO.,falha na codificacao,FALHA DE CODIFICAÇÃO,FALHA DE CODIFICACAO
1497,CORREIA FORA DE POSIÇÃO,correia fora de posicao,ESCAPE DE CORREIA,ESCAPE DE CORREIA
1498,PLUG DO SENSOR DESCONECTOU NO VIRADOR DE CAIXAS,plug do sensor desconectou no virador de caixas,FALHA DE SENSOR,FALHA DE SENSOR
1499,TRAVAMENTO DE GARRAFAS NO REJEITOR ENOS EBS,travamento de garrafas no rejeitor enos ebs,FALHA DE REJEIÇÃO,FALHA DE REJEICAO
1500,ESTEIRA DA CURVA DE ENTRADA DA PALETIZADORA ESCAPANDO,esteira da curva de entrada da paletizadora escapando,ESCAPE DE ESTEIRA,ESCAPE DE ESTEIRA
1501,FALAHA NOS MOTORES DE TRANSPORTE DA ENTRADADA LAVADORA,falaha nos motores de transporte da entradada lavadora,FALHA DE MOTOR,FALHA DE MOTOR
1502,FILME ESTOURANDO (EM ATUAÇÃO),filme estourando em atuacao,ROMPIMENTO DE FILME,ROMPIMENTO DE FILME
1503,FILME ESTOURANDO (EM ATUAÇÃO),filme estourando em atuacao,ROMPIMENTO DE FILME,ROMPIMENTO DE FILME
1504,FILME ESTOURANDO (EM ATUAÇÃO),filme estourando em atuacao,ROMPIMENTO DE FILME,ROMPIMENTO DE FILME
1505,FILME ESTOURANDO (EM ATUAÇÃO),filme estourando em atuacao,ROMPIMENTO DE FILME,ROMPIMENTO DE FILME
1506,FILME ESTOURANDO (EM ATUAÇÃO),filme estourando em atuacao,ROMPIMENTO DE FILME,ROMPIMENTO DE FILME
1507,"ENVOLVEDORA PARADA FALHA, DE COMUNICACAO",envolvedora parada falha de comunicacao,FALHA DE COMUNICAÇÃO,FALHA DE COMUNICACAO
1508,ENVOLVEDORA PARADA FALHA NA COMUNICACAO,envolvedora parada falha na comunicacao,FALHA DE COMUNICAÇÃO,FALHA DE COMUNICACAO
1509,FALHA DE COMUNICACAO,falha de comunicacao,FALHA DE COMUNICAÇÃO,FALHA DE COMUNICACAO
1510,FALHA NA COMUNICACAO,falha na comunicacao,FALHA DE COMUNICAÇÃO,FALHA DE COMUNICACAO
1511,CHECKMAT REJEITANDO GARRAFA BOA,checkmat rejeitando garrafa boa,FALHA DE REJEIÇÃO,FALHA DE REJEICAO
1512,FALHA NO RESFRIAMENTO DO FUNDO DA GARRAFA,falha no resfriamento do fundo da garrafa,FALHA NA REFRIGERAÇÃO DE FUNDO,FALHA NA REFRIGERACAO DE FUNDO
1513,RETORNO CHEIO FALHA NO CHECKMAT,retorno cheio falha no checkmat,FALHA DE INSPEÇÃO,FALHA DE INSPECAO
1514,DESARMOU MOTOR DO TRANPORTE DA EMPACOTADORA,desarmou motor do tranporte da empacotadora,DESARME DE MOTOR,DESARME DE MOTOR
1515,QUEBROU O PARAFUSO DO GUIA DE SAIDA DO CAPSULADOR 30008423894,quebrou o parafuso do guia de saida do capsulador 30008423894,QUEBRA DE PARAFUSO,QUEBRA DE PARAFUSO
1516,QUEDA DE GARRAFAS NO PINO DE SEPARAÇÃO,queda de garrafas no pino de separacao,QUEDA DE GARRAFAS,QUEDA DE GARRAFAS
1517,AJUSTE DE POSIÇÃO DO SENSOR DE SEGURANCA DA PORTA LATERAL DA PALETIZADORA (30008425463),ajuste de posicao do sensor de seguranca da porta lateral da paletizadora 30008425463,FALHA DE SENSOR,FALHA DE SENSOR
1518,TROCA DOS ROLETES DA ENTRADA DE PACOTES DA PALETIZADORA (30008425459),troca dos roletes da entrada de pacotes da paletizadora 30008425459,FALHA DE ROLETES,FALHA DE ROLETES
1519,FALHA NIVEL ENCHIMENTO DE GARRAFA,falha nivel enchimento de garrafa,FALHA DE ENCHIMENTO,FALHA DE ENCHIMENTO
1520,FALHA PINO SEPARACAO GARRAFA PULANDO PINO (30008425466),falha pino separacao garrafa pulando pino 30008425466,DESGASTE DE PINO DE SEPARAÇÃO,DESGASTE DE PINO DE SEPARACAO
1521,FALHA NA MODULAÇÃO DO FREIO DA BAILARINA 30008425208,falha na modulacao do freio da bailarina 30008425208,FALHA DE BAILARINA,FALHA DE BAILARINA
1522,FALHA NA MODULAÇÃO DO FREIO DA BAILARINA 30008425208,falha na modulacao do freio da bailarina 30008425208,FALHA DE BAILARINA,FALHA DE BAILARINA
1523,ENQUADRO DA CAMADA EM CIMA DO PALETE E QUEDA DE CAMADA - PLANO CARTEZIANO DO ROBÔ FORA DE POSIÇÃO,enquadro da camada em cima do palete e queda de camada plano carteziano do robo fora de posicao,TRAVAMENTO DE PALETE,TRAVAMENTO DE PALETE
1524,QUEDA DE CAMADAS ROBO ESTA MONTANDO AS CAMADAS TORTAS,queda de camadas robo esta montando as camadas tortas,FALHA DE FORMAÇÃO DE CAMADA,FALHA DE FORMACAO DE CAMADA
1525,FALHA NA MONTAGEM DE CAMADAS (AUTOMAÇÃO ATUANDO NO EQUIPAMENTO),falha na montagem de camadas automacao atuando no equipamento,FALHA DE FORMAÇÃO DE CAMADA,FALHA DE FORMACAO DE CAMADA
1526,FALHA DE ENVOLVIMENTO DOS PACOTES,falha de envolvimento dos pacotes,FALHA DE ENVOLVIMENTO,FALHA DE ENVOLVIMENTO
1527,FALHA DE BARREIRA NA SAIDA DE PALETES VAZIOS,falha de barreira na saida de paletes vazios,FALHA DE BARREIRA,FALHA DE BARREIRA
1528,FALHA NA MODULAÇÃO DO FREIO DA BAILARINA,falha na modulacao do freio da bailarina,FALHA DE BAILARINA,FALHA DE BAILARINA
1529,FALHA NO TRANSPORTE DE PACOTES,falha no transporte de pacotes,FALHA DE TRANSPORTE DE PACOTES,FALHA DE TRANSPORTE DE PACOTES
1530,QUEBRA DO ELO DA CORRENTE DO MAGAZINE DE PALETE .,quebra do elo da corrente do magazine de palete,QUEBRA DE CORRENTE,QUEBRA DE CORRENTE
1531,PACOTE ABRINDO NA LATERAL .,pacote abrindo na lateral,FALHA DE ENVOLVIMENTO,FALHA DE ENVOLVIMENTO
1532,TROCA DO CARTA NO ALTOMATICO GERANDO FALHA NA ENTREGA DO PALETE VAZIL NO MAGAZINE.,troca do carta no altomatico gerando falha na entrega do palete vazil no magazine,FALHA DE MAGAZINE,FALHA DE MAGAZINE
1533,ESTEIRA NA CURVA DO TRANSPORTE DA DESENCAIXATADORA ESCAPOU,esteira na curva do transporte da desencaixatadora escapou,ESCAPE DE ESTEIRA,ESCAPE DE ESTEIRA
1534,FALHA SENSOR DA DA PORTA DO AGREGADO 2 NOTA 13191963,falha sensor da da porta do agregado 2 nota 13191963,FALHA DE SENSOR,FALHA DE SENSOR
1535,ROBO DA PALETIZADORA PEGANDO CAIXAS A MENOS,robo da paletizadora pegando caixas a menos,FALHA NA PEGADA DE CAMADA,FALHA NA PEGADA DE CAMADA
1536,ATUAÇÃO NA RECRAVADORA PARA CORREÇÃO DE LATAS AMASSADAS E COM VAZAMENTO 30008423900,atuacao na recravadora para correcao de latas amassadas e com vazamento 30008423900,FALHA DE RECRAVAÇÃO,FALHA DE RECRAVACAO
1537,ATUAÇÃO NA RECRAVADORA PARA CORREÇÃO DE LATAS AMASSADAS E COM VAZAMENTO 30008423900,atuacao na recravadora para correcao de latas amassadas e com vazamento 30008423900,FALHA DE RECRAVAÇÃO,FALHA DE RECRAVACAO
1538,"ESTEIRA DO TRANSPORTE ESCAPANDO, ELOS TORTOS / 30008427071",esteira do transporte escapando elos tortos 30008427071,ESCAPE DE ESTEIRA,ESCAPE DE ESTEIRA
1539,"ESTEIRA DE TRANSPORTE ESCAPANDO ,ELOS TORTO.",esteira de transporte escapando elos torto,ESCAPE DE ESTEIRA,ESCAPE DE ESTEIRA
1540,"MAGAZINE DE PALETE QUEBRADO ,TIRANDO OS PALETE EM MANUAL, GERANDO FALHA NO ELEVADOR..ORDEM (30008425473)",magazine de palete quebrado tirando os palete em manual gerando falha no elevador ordem 30008425473,FALHA DE MAGAZINE,FALHA DE MAGAZINE
1541,MAGAZINE DE PALETE QUEBRADO,magazine de palete quebrado,FALHA DE MAGAZINE,FALHA DE MAGAZINE
1542,GERANDO FALHA NO ELEVADOR..ORDEM (30008425473),gerando falha no elevador ordem 30008425473,FALHA DE ELEVADOR,FALHA DE ELEVADOR
1543,P.EQ.LINHA,p eq linha,SEM MODO DE FALHA IDENTIFICADO,SEM MODO DE FALHA IDENTIFICADO
1544,FALHA COMUNICAÇÃO NA SAIDA DA LAVADORA ORDEM: 30008427069,falha comunicacao na saida da lavadora ordem 30008427069,FALHA DE SENSOR,FALHA DE SENSOR
1545,PALETIZADORA PEGANDO CAIXAS A MENOS,paletizadora pegando caixas a menos,FALHA NA PEGADA DE CAMADA,FALHA NA PEGADA DE CAMADA
1546,"PALETIZADORA PEGANDO CAIXA A MENOS, PERDEU A CONTAGEM",paletizadora pegando caixa a menos perdeu a contagem,FALHA DE CONTAGEM,FALHA DE CONTAGEM
1547,FALHA DE LINHA AMOSTRA BAIXA ORDEM: 30008427066,falha de linha amostra baixa ordem 30008427066,FALHA DE AMOSTRAGEM,FALHA DE AMOSTRAGEM
1548,FALHA CODIFICAÇÃO,falha codificacao,FALHA DE CODIFICAÇÃO,FALHA DE CODIFICACAO
1549,ESTEIRA DA CURVA DE ENTRADA DA PALETIZADORA ESCAPOU ( 30008427106 ),esteira da curva de entrada da paletizadora escapou 30008427106,ESCAPE DE ESTEIRA,ESCAPE DE ESTEIRA
1550,FALHA NO SENSOR DA PORTA DO AGREGADO 2,falha no sensor da porta do agregado 2,FALHA DE SENSOR,FALHA DE SENSOR
1551,FALHA NO SENSOR DE PORTA DO AGREGADO 2,falha no sensor de porta do agregado 2,FALHA DE SENSOR,FALHA DE SENSOR
1552,ESTEIRA DE SAIDA DO FORNO EM BAIXA ROTAÇÃO,esteira de saida do forno em baixa rotacao,BAIXA VELOCIDADE DE ESTEIRA,BAIXA VELOCIDADE DE ESTEIRA
1553,MOTOR DO TRANSPORTE DE PACOTES DESARMANDO,motor do transporte de pacotes desarmando,DESARME DE MOTOR,DESARME DE MOTOR
1554,MOTOR DO TRANSPORTE DE PACOTES DESARMANDO,motor do transporte de pacotes desarmando,DESARME DE MOTOR,DESARME DE MOTOR
1555,TROCA DA EMENDA DA CORRENTE DANIFICADA 30008425473,troca da emenda da corrente danificada 30008425473,QUEBRA DE CORRENTE,QUEBRA DE CORRENTE
1556,"MAGAZINE DE PALETE QUEBRADO ,TIRANDO OS PALETE EM MANUAL, GERANDO FALHA NO ELEVADOR..ORDEM/30008425473",magazine de palete quebrado tirando os palete em manual gerando falha no elevador ordem 30008425473,FALHA DE MAGAZINE,FALHA DE MAGAZINE
1557,"QUEBRA DO MAGAZINE DE PALETE,RETIRADAS DOS PALETES NO MANUL.ORDEM/30008425473",quebra do magazine de palete retiradas dos paletes no manul ordem 30008425473,FALHA DE MAGAZINE,FALHA DE MAGAZINE
1558,"QUEBRA DO MAGAZINE DE PALETE,RETIRADAS DOS PALETES NO MANUL.30008425473",quebra do magazine de palete retiradas dos paletes no manul 30008425473,FALHA DE MAGAZINE,FALHA DE MAGAZINE
1559,"QUEBRA DO MAGAZINE DE PALETE,RETIRADAS DOS PALETES NO MANUL.30008425473",quebra do magazine de palete retiradas dos paletes no manul 30008425473,FALHA DE MAGAZINE,FALHA DE MAGAZINE
1560,"MAGAZINE DE PALETE QUEBRADO ,TIRANDO OS PALETE EM MANUAL, GERANDO FALHA NO ELEVADOR..ORDEM (30008425473)",magazine de palete quebrado tirando os palete em manual gerando falha no elevador ordem 30008425473,FALHA DE MAGAZINE,FALHA DE MAGAZINE
1561,"MAGAZINE DE PALETE QUEBRADO ,TIRANDO OS PALETE EM MANUAL, GERANDO FALHA NO ELEVADOR..ORDEM (30008425473)",magazine de palete quebrado tirando os palete em manual gerando falha no elevador ordem 30008425473,FALHA DE MAGAZINE,FALHA DE MAGAZINE
1562,"MAGAZINE DE PALETE QUEBRADO ,TIRANDO OS PALETE EM MANUAL, GERANDO FALHA NO ELEVADOR..ORDEM (30008425473)",magazine de palete quebrado tirando os palete em manual gerando falha no elevador ordem 30008425473,FALHA DE MAGAZINE,FALHA DE MAGAZINE
1563,"FALSO REJEITO,SENSOR DE ENTRADA FALHANDO ORDEM 30008427973",falso rejeito sensor de entrada falhando ordem 30008427973,FALHA DE SENSOR,FALHA DE SENSOR
1564,ROBO JOGANDO PACOTES PARA FORA DA CAMADA,robo jogando pacotes para fora da camada,FALHA DE ROBÔ,FALHA DE ROBO
1565,ROBO JOGANDO PACOTES PARA FORA DA CAMADA,robo jogando pacotes para fora da camada,FALHA DE ROBÔ,FALHA DE ROBO
1566,ROBO JOGANDO PACOTE FORA DA CAMADA,robo jogando pacote fora da camada,FALHA DE ROBÔ,FALHA DE ROBO
1567,QUEBROU ROLAMENTOS DA ESTEIRA DE SAIDA DO FORNO,quebrou rolamentos da esteira de saida do forno,QUEBRA DE ESTEIRA,QUEBRA DE ESTEIRA
1568,QUEBROU ROLAMENTOS DA ESTEIRA DE SAIDA DO FORNO,quebrou rolamentos da esteira de saida do forno,QUEBRA DE ESTEIRA,QUEBRA DE ESTEIRA
1569,QUEBROU ROLAMENTOS DA ESTEIRA DE SAIDA DO FORNO,quebrou rolamentos da esteira de saida do forno,QUEBRA DE ESTEIRA,QUEBRA DE ESTEIRA
1570,"ENROSCO DE PACOTES NA ESTEIRA, NECESSARIO AJUSTE NO SETUP PÓS MANUTENÇÃO",enrosco de pacotes na esteira necessario ajuste no setup pos manutencao,ENROSCO DE PACOTES,ENROSCO DE PACOTES
1571,"RETIRANDO OS PALETE EM MANUL QUEBAR DO MAGAZINE DE PALETE,GERANDO FALHA NA SAIDA DOS PALETE.",retirando os palete em manul quebar do magazine de palete gerando falha na saida dos palete,FALHA DE MAGAZINE,FALHA DE MAGAZINE
1572,"RETIRANDO OS PALETE EM MANUL , MAGAZINE DE PALETE QUEBRADO ,GERANDO FALHA NA SAIDA DOS PALETE.",retirando os palete em manul magazine de palete quebrado gerando falha na saida dos palete,FALHA DE MAGAZINE,FALHA DE MAGAZINE
1573,"RETIRANDO OS PALETE EM MANUL , MAGAZINE DE PALETE QUEBRADO ,GERANDO FALHA NA SAIDA DOS PALETE.",retirando os palete em manul magazine de palete quebrado gerando falha na saida dos palete,FALHA DE MAGAZINE,FALHA DE MAGAZINE
1574,"RETIRANDO OS PALETE EM MANUL , MAGAZINE DE PALETE QUEBRADO ,GERANDO FALHA NA SAIDA DOS PALETE.",retirando os palete em manul magazine de palete quebrado gerando falha na saida dos palete,FALHA DE MAGAZINE,FALHA DE MAGAZINE
1575,"RETIRANDO OS PALETE EM MANUL , MAGAZINE DE PALETE QUEBRADO ,GERANDO FALHA NA SAIDA DOS PALETE.",retirando os palete em manul magazine de palete quebrado gerando falha na saida dos palete,FALHA DE MAGAZINE,FALHA DE MAGAZINE
1576,"RETIRANDO OS PALETE EM MANUL , MAGAZINE DE PALETE QUEBRADO ,GERANDO FALHA NA SAIDA DOS PALETE.",retirando os palete em manul magazine de palete quebrado gerando falha na saida dos palete,FALHA DE MAGAZINE,FALHA DE MAGAZINE
1577,"RETIRANDO OS PALETE EM MANUL , MAGAZINE DE PALETE QUEBRADO ,GERANDO FALHA NA SAIDA DOS PALETE.",retirando os palete em manul magazine de palete quebrado gerando falha na saida dos palete,FALHA DE MAGAZINE,FALHA DE MAGAZINE
1578,TRANSPORTE DESARMADO,transporte desarmado,DESARME DE TRANSPORTE,DESARME DE TRANSPORTE
1579,FALHA DE VACUO PACOTES FICANDO PARA TRAS NA MESA DE CARGA (30008430335),falha de vacuo pacotes ficando para tras na mesa de carga 30008430335,FALHA NA MESA DE CARGA,FALHA NA MESA DE CARGA
1580,FALHA NO TRANSPORTE DE PACOTES (30008430334),falha no transporte de pacotes 30008430334,FALHA DE INVERSOR,FALHA DE INVERSOR
1581,ELEVADOR DE PALETES QUEBRADO RETIRADA DO PALETE DE CARTÃO MANUAL(30008425473),elevador de paletes quebrado retirada do palete de cartao manual 30008425473,FALHA NO MANUSEIO DE CARTÃO,FALHA NO MANUSEIO DE CARTAO
1582,"RETIRANDO OS PALETE EM MANUL , MAGAZINE DE PALETE QUEBRADO ,GERANDO FALHA NA SAIDA DOS PALETE.",retirando os palete em manul magazine de palete quebrado gerando falha na saida dos palete,FALHA DE MAGAZINE,FALHA DE MAGAZINE
1583,FALHA DE ENCHIMENTO DA VALVULA,falha de enchimento da valvula,FALHA DE VÁLVULA DE ENCHIMENTO,FALHA DE VALVULA DE ENCHIMENTO
1584,FALHA DE ENCHIMENTO DA VALVULA 112,falha de enchimento da valvula 112,FALHA DE VÁLVULA DE ENCHIMENTO,FALHA DE VALVULA DE ENCHIMENTO
1585,"FALHA NA VALVULA MODULADORA DE XAROPE,E FALHA DEAUXILIARES DESLIGADO,REALIZADO DESLIGAMENTO DA GERAL/ ORDEM ;30008430221",falha na valvula moduladora de xarope e falha deauxiliares desligado realizado desligamento da geral ordem 30008430221,FALHA DE VÁLVULA MODULADORA,FALHA DE VALVULA MODULADORA
1586,CORRENTE DE ARRASTE FORA DE SINCRONISMO,corrente de arraste fora de sincronismo,FALHA DE SINCRONISMO,FALHA DE SINCRONISMO
1587,"TRANSPORTE DA ENCA DESARMANDO 3 VEZES, FALHA NA FORMAÇÃO DAS CAMADAS PALETIZADORA",transporte da enca desarmando 3 vezes falha na formacao das camadas paletizadora,DESARME DE TRANSPORTE,DESARME DE TRANSPORTE
1588,"PALETIZADORA,ESTEIRA SOLTA",paletizadora esteira solta,FALHA DE ESTEIRA,FALHA DE ESTEIRA
1589,"PARADA PARA A TROCA DA BOBINA,GERANDO FALHA NO SENSOR DA PORTA",parada para a troca da bobina gerando falha no sensor da porta,FALHA DE SENSOR,FALHA DE SENSOR
1590,"PARADA PARA A TROCA DA BOBINA,GERANDO FALHA NO SENSOR DA PORTA",parada para a troca da bobina gerando falha no sensor da porta,FALHA DE SENSOR,FALHA DE SENSOR
1591,FALHA NO INVERSOR DO MOTOR DO TRANSPORTE 630M2,falha no inversor do motor do transporte 630m2,FALHA DE INVERSOR,FALHA DE INVERSOR
1592,"PARADA PARA A TROCA DA BOBINA,GERANDO FALHA NO SENSOR DA PORTA",parada para a troca da bobina gerando falha no sensor da porta,FALHA DE SENSOR,FALHA DE SENSOR
1593,FALHA INVERSOR TRANSPORTEDE PALETE 630M2,falha inversor transportede palete 630m2,FALHA DE INVERSOR,FALHA DE INVERSOR
1594,"FALHA COMUNICAÇÃO ENOS EBS, GERANDO ALTO FALSO REJEITO",falha comunicacao enos ebs gerando alto falso rejeito,FALHA DE REJEIÇÃO,FALHA DE REJEICAO
1595,"FALHA COMUNICAÇÃO ENOS EBS, GERANDO ALTO FALSO REJEITO",falha comunicacao enos ebs gerando alto falso rejeito,FALHA DE REJEIÇÃO,FALHA DE REJEICAO
1596,ENOS TRAVAMENTO DE SEGMENTO,enos travamento de segmento,TRAVAMENTO DE SEGMENTOS,TRAVAMENTO DE SEGMENTOS
1597,"ROTULADORA,FALHA NO SENSOR DA PORTA",rotuladora falha no sensor da porta,FALHA DE SENSOR,FALHA DE SENSOR
1598,FALHA NO SENSOR DE SAIDA DA LAVADORA,falha no sensor de saida da lavadora,FALHA DE SENSOR,FALHA DE SENSOR
1599,"INSPETOT DE NIVEL,EXCESSO DE FALÇO REJEITO",inspetot de nivel excesso de falco rejeito,FALHA DE REJEIÇÃO,FALHA DE REJEICAO
1600,FALHA NO SENSOR DE SAIDA DA LAVADORA,falha no sensor de saida da lavadora,FALHA DE SENSOR,FALHA DE SENSOR
1601,FALHA NO INVERSOR DO MOTOR DE TRANSPORTE,falha no inversor do motor de transporte,FALHA DE INVERSOR,FALHA DE INVERSOR
1602,ROMPIMENTO DE CORREIA,rompimento de correia,QUEBRA DE CORREIA,QUEBRA DE CORREIA
1603,QUEBRA DE CORREIA,quebra de correia,QUEBRA DE CORREIA,QUEBRA DE CORREIA
1604,SENSOR DA PORTA DO PALETE,sensor da porta do palete,FALHA DE SENSOR,FALHA DE SENSOR
1605,ROLETE NO DEVISER DE CAIXAS NA ENTRADA DA PALETIZADORA DANIFICADO,rolete no deviser de caixas na entrada da paletizadora danificado,FALHA DE ROLETES,FALHA DE ROLETES
1606,TROCA DO BLOCO DA VALVULA 4 ESTAVA COM VAZAMENTO DE BEBIDA,troca do bloco da valvula 4 estava com vazamento de bebida,VAZAMENTO EM VÁLVULA,VAZAMENTO EM VALVULA
1607,QUEDA DE TEMPERATURA,queda de temperatura,FALHA DE CONTROLE DE TEMPERATURA,FALHA DE CONTROLE DE TEMPERATURA
1608,QUEDA DE TEMPERTURA,queda de tempertura,FALHA DE CONTROLE DE TEMPERATURA,FALHA DE CONTROLE DE TEMPERATURA
1609,SAINDO PACOTE ABERTO,saindo pacote aberto,FALHA DE ENVOLVIMENTO,FALHA DE ENVOLVIMENTO
1610,FALHA NO ANALISADOR COBRIX,falha no analisador cobrix,FALHA DE ANALISADOR,FALHA DE ANALISADOR
1611,"BEBIDA COM CO2 ALTERADO, NECESSARIO REALIZAR O DESCARTE DA BEBIDA E DOSAGEM NOVAMENTE T2 PARA T3",bebida com co2 alterado necessario realizar o descarte da bebida e dosagem novamente t2 para t3,FALHA DE DOSAGEM,FALHA DE DOSAGEM
1612,SENSOR DE ENCHIMENTO DAS GARRAFAS COM FAHA,sensor de enchimento das garrafas com faha,FALHA DE SENSOR,FALHA DE SENSOR
1613,FALHA NO EMPURRADOR DE CAMADAS NA GAIOLA,falha no empurrador de camadas na gaiola,FALHA DE EMPURRADOR,FALHA DE EMPURRADOR
1614,VALVULA 21 FALHA NO ENCHIMENTO,valvula 21 falha no enchimento,FALHA DE VÁLVULA DE ENCHIMENTO,FALHA DE VALVULA DE ENCHIMENTO
1615,TROCA DA VENTOSA DO ULTIMO CHAPATEX,troca da ventosa do ultimo chapatex,FALHA DE VENTOSA,FALHA DE VENTOSA
1616,SENSOR DE APROXIMAÇÃO DA GAIOLA NO PALEET SAINDO DE POSIÇÃO,sensor de aproximacao da gaiola no paleet saindo de posicao,FALHA DE SENSOR,FALHA DE SENSOR
1617,GUIA DA PARTE INFERIOR DA LAMINA DE CORTE DO FILME SOLTO ORDEM: 30008436456,guia da parte inferior da lamina de corte do filme solto ordem 30008436456,FALHA DE CORTE DE FILME,FALHA DE CORTE DE FILME
1618,PINÇA DA VALVULA N°05 DANIFICADA (NOTA: 30008436466 ),pinca da valvula n 05 danificada nota 30008436466,FALHA DE PINÇA,FALHA DE PINCA
1619,ESCAPANDO CORREIA TRANSPORTADORA TRANSPORTE SAIDA DA ENCAIXOTADORA.,escapando correia transportadora transporte saida da encaixotadora,ESCAPE DE CORREIA,ESCAPE DE CORREIA
1620,GARRAFA SEM TAMPA TRAVOU NO PINO DE SEPARAÇÃO,garrafa sem tampa travou no pino de separacao,PINO DE SEPARAÇÃO TRAVADO,PINO DE SEPARACAO TRAVADO
1621,GUIAS DO COMPACTADOR SEM PARAFUSO,guias do compactador sem parafuso,FALHA DE COMPACTAÇÃO DE CAMADA,FALHA DE COMPACTACAO DE CAMADA
1622,ESTRUTURA DA BASE DO MAGAZINE DE PALLET DANIFICADA - ORDEM - 300084330223,estrutura da base do magazine de pallet danificada ordem 300084330223,FALHA DE MAGAZINE,FALHA DE MAGAZINE
1623,FALHA DE CLP NO SITEMA DE SEGURANÇA DA SCHMERSAL,falha de clp no sitema de seguranca da schmersal,FALHA DE PLC,FALHA DE PLC
1624,FALHA NO CLP NO SISTEMA DE SEGURANÇA DA SCHMERSAL,falha no clp no sistema de seguranca da schmersal,FALHA DE PLC,FALHA DE PLC
1625,FALHA NO INVERSOR DO MOTOR 307M DO TRANSPORTE DE PACOTE,falha no inversor do motor 307m do transporte de pacote,FALHA DE INVERSOR,FALHA DE INVERSOR
1626,TRAVAMENTO DO CENTRADOR DE FOLHA SEPARADORA NA TROCA DO MESMO,travamento do centrador de folha separadora na troca do mesmo,TRAVAMENTO DE CENTRADOR,TRAVAMENTO DE CENTRADOR
1627,FALHA NO INVERSOR DO MOTOR 307M DO TRANSPORTE DE PACOTES,falha no inversor do motor 307m do transporte de pacotes,FALHA DE INVERSOR,FALHA DE INVERSOR
1628,PERCA DE SINCRONISMOS DO SISTEMA DE ENVOLVIMENTO,perca de sincronismos do sistema de envolvimento,FALHA DE SINCRONISMO,FALHA DE SINCRONISMO
1629,"EQUIPAMENTO QUEBRADO. RETIRANDO PALETES VAZIO DE FORMA MANUAL, ATRASO NA RETIRADO DO PALETE",equipamento quebrado retirando paletes vazio de forma manual atraso na retirado do palete,QUEBRA DE COMPONENTE,QUEBRA DE COMPONENTE
1630,FALHA DE COMUNICAÇÃO DE PRESSCO COM TRANSPORTES DE LATA VAZIAS,falha de comunicacao de pressco com transportes de lata vazias,FALHA DE COMUNICAÇÃO,FALHA DE COMUNICACAO
1631,EQUIPAMENTO COM TREPIDAÇÃO NO MOVIMENTO DE SUBIDA,equipamento com trepidacao no movimento de subida,TREPIDAÇÃO DE LATAS,TREPIDACAO DE LATAS
1632,"EQUIPAMENTO QUEBRADO. RETIRANDO PALETES VAZIO DE FORMA MANUAL, SAINDA DO MAGAZINE DE CATAO DE CAMADAS",equipamento quebrado retirando paletes vazio de forma manual sainda do magazine de catao de camadas,FALHA DE MAGAZINE,FALHA DE MAGAZINE
1633,EQUIPAMENTO COMPACTADOR DE CATAO COM TREPIDAÇÃO NO MOVIMENTO DE SUBIDA,equipamento compactador de catao com trepidacao no movimento de subida,FALHA DE COMPACTAÇÃO DE CAMADA,FALHA DE COMPACTACAO DE CAMADA
1634,EQUIPAMENTO QUEBRADO. RETIRANDO PALETES VAZIO DE FORMA MANUAL,equipamento quebrado retirando paletes vazio de forma manual,QUEBRA DE COMPONENTE,QUEBRA DE COMPONENTE
1635,FALHA DO INVERSOR Nº404 ORDEM (30008436439),falha do inversor no404 ordem 30008436439,FALHA DE INVERSOR,FALHA DE INVERSOR
1636,"MAGAZINE DE PALETE QUEBRADO ,TIRANDO OS PALETE EM MANUAL, GERANDO FALHA NO ELEVADOR..ORDEM (30008425473)",magazine de palete quebrado tirando os palete em manual gerando falha no elevador ordem 30008425473,FALHA DE MAGAZINE,FALHA DE MAGAZINE
1637,SUPORTE DO SENSOR DA BANDEIROLA SOLTO,suporte do sensor da bandeirola solto,FALHA DE SENSOR,FALHA DE SENSOR
1638,QUEBROU A CORRENTE DO ROLETE DE SAIDA DE PALETES ORDEM: 30008434816,quebrou a corrente do rolete de saida de paletes ordem 30008434816,QUEBRA DE CORRENTE,QUEBRA DE CORRENTE
1639,DESARMOU MOTOR TAG-332 DA ESTEIRA DA CURVA,desarmou motor tag 332 da esteira da curva,DESARME DE MOTOR,DESARME DE MOTOR
1640,"ELÉTRICA ATUANDO NO ASEBI,OBS.GARRAFA MENOS AÇUCAR.ORDEM...30008436003",eletrica atuando no asebi obs garrafa menos acucar ordem 30008436003,FALHA DE INSPEÇÃO,FALHA DE INSPECAO
1641,FALHA ELETRICA NO TRASPORTE DE CAIXAS NA ENTRADA DA ENCAIXOTADORA 30008439289,falha eletrica no trasporte de caixas na entrada da encaixotadora 30008439289,FALHA ELÉTRICA DO TRANSPORTE,FALHA ELETRICA DO TRANSPORTE
1642,FALHA NO SERVO NOTA 30008437720,falha no servo nota 30008437720,FALHA DE SERVO MOTOR,FALHA DE SERVO MOTOR
1643,TEMPERATURA ALTA NAO ESTAVA ABAIXANDO,temperatura alta nao estava abaixando,FALHA DE CONTROLE DE TEMPERATURA,FALHA DE CONTROLE DE TEMPERATURA
1644,TEMPERATURA ALTA NAO ESTAVA ABAIXANDO,temperatura alta nao estava abaixando,FALHA DE CONTROLE DE TEMPERATURA,FALHA DE CONTROLE DE TEMPERATURA
1645,REAPERTO DOS PARAFUSOS DE FIXACAO DOS GUIA DE COMPACTACAO ( ORDEM 30008439312),reaperto dos parafusos de fixacao dos guia de compactacao ordem 30008439312,FALHA DE FIXAÇÃO,FALHA DE FIXACAO
1646,"GUIA TORTO, CAINDO GARRAFA ENTRADA DA LAVADORA.ORDEM 30008437731",guia torto caindo garrafa entrada da lavadora ordem 30008437731,DEFORMAÇÃO/DESALINHAMENTO DE GUIA,DEFORMACAO DESALINHAMENTO DE GUIA
1647,CORRENTE DE ARRASTE COM FOLGA CAUSANDO QUEDA DE GARRAFA,corrente de arraste com folga causando queda de garrafa,FALHA DE CORRENTE,FALHA DE CORRENTE
1648,CENTRADOR FICANDO FORA DE POSIÇÃO NA TROCA DE MAGAZINE,centrador ficando fora de posicao na troca de magazine,FALHA DE MAGAZINE,FALHA DE MAGAZINE
1649,"MAGAZINE DE PALETE QUEBRADO ,TIRANDO OS PALETE EM MANUAL, GERANDO FALHA NO ELEVADOR..ORDEM (30008425473)",magazine de palete quebrado tirando os palete em manual gerando falha no elevador ordem 30008425473,FALHA DE MAGAZINE,FALHA DE MAGAZINE
1650,RETIRADA DO PALETE MANUALMENTE GERANDO ESPÇOS NO TRANSPORTE DE LATAS,retirada do palete manualmente gerando espcos no transporte de latas,FALHA NO FLUXO DE PALETES,FALHA NO FLUXO DE PALETES
1651,"MAGAZINE DE PALETE QUEBRADO ,TIRANDO OS PALETE EM MANUAL, GERANDO FALHA NO ELEVADOR..ORDEM (30008425473)",magazine de palete quebrado tirando os palete em manual gerando falha no elevador ordem 30008425473,FALHA DE MAGAZINE,FALHA DE MAGAZINE
1652,"MAGAZINE DE PALETE QUEBRADO ,TIRANDO OS PALETE EM MANUAL, GERANDO FALHA NO ELEVADOR..ORDEM (30008425473)",magazine de palete quebrado tirando os palete em manual gerando falha no elevador ordem 30008425473,FALHA DE MAGAZINE,FALHA DE MAGAZINE
1653,"MAGAZINE DE PALETE QUEBRADO ,TIRANDO OS PALETE EM MANUAL, GERANDO FALHA NO ELEVADOR..ORDEM (30008425473)",magazine de palete quebrado tirando os palete em manual gerando falha no elevador ordem 30008425473,FALHA DE MAGAZINE,FALHA DE MAGAZINE
1654,"MAGAZINE DE PALETE QUEBRADO ,TIRANDO OS PALETE EM MANUAL, GERANDO FALHA NO ELEVADOR..ORDEM (30008425473)",magazine de palete quebrado tirando os palete em manual gerando falha no elevador ordem 30008425473,FALHA DE MAGAZINE,FALHA DE MAGAZINE
1655,"MAGAZINE DE PALETE QUEBRADO ,TIRANDO OS PALETE EM MANUAL, GERANDO FALHA NO ELEVADOR..ORDEM (30008425473)",magazine de palete quebrado tirando os palete em manual gerando falha no elevador ordem 30008425473,FALHA DE MAGAZINE,FALHA DE MAGAZINE
1656,"CENTRADOR DE FOLHA SEPARADORA ,PERDENDO A REFERENCIA",centrador de folha separadora perdendo a referencia,PERDA DE REFERÊNCIA DO CENTRADOR,PERDA DE REFERENCIA DO CENTRADOR
1657,SENSOR DA PORTA DE SEGURANÇA COM FALHA AO FECHAR A PORTA (30008439310),sensor da porta de seguranca com falha ao fechar a porta 30008439310,FALHA DE SENSOR,FALHA DE SENSOR
1658,RETIRADO DO APLETE DE CARTÃO MANUAL GERANDO FALHA NA ENTRADA DO PALETE NOVO NO ELEVADOR (30008425473),retirado do aplete de cartao manual gerando falha na entrada do palete novo no elevador 30008425473,FALHA DE ELEVADOR,FALHA DE ELEVADOR
1659,RETIRADO DO APLETE DE CARTÃO MANUAL GERANDO FALHA NA ENTRADA DO PALETE NOVO NO ELEVADOR (30008425473),retirado do aplete de cartao manual gerando falha na entrada do palete novo no elevador 30008425473,FALHA DE ELEVADOR,FALHA DE ELEVADOR
1660,RETIRADA DO PALETE MANUALMENTE GERANDO ESPÇOS NO TRANSPORTE DE LATAS,retirada do palete manualmente gerando espcos no transporte de latas,FALHA NO FLUXO DE PALETES,FALHA NO FLUXO DE PALETES
1661,"FALHA NA PEGA DE CARTÃO AUTOMATICO, PEGANDO DOIS AO MESMO TEMPO",falha na pega de cartao automatico pegando dois ao mesmo tempo,FALHA NO MANUSEIO DE CARTÃO,FALHA NO MANUSEIO DE CARTAO
1662,AJUSTE DO REJEITO DO INSPETOR REJEITANDO LATAS BOAS (30008439278),ajuste do rejeito do inspetor rejeitando latas boas 30008439278,FALHA DE INSPEÇÃO,FALHA DE INSPECAO
1663,"FALHA AUTOCALIBRAÇÃO, DEVIDO O CANAL 2 (OZONIO) ESTAVA BAIXO",falha autocalibracao devido o canal 2 ozonio estava baixo,FALHA DE CONTROLE DE PROCESSO,FALHA DE CONTROLE DE PROCESSO
1664,"FALHA TRANSPORTE NA SAIDA DA ENCAIXATADORA, ESTEIRA TREPIDANDO",falha transporte na saida da encaixatadora esteira trepidando,TREPIDAÇÃO DE ESTEIRA,TREPIDACAO DE ESTEIRA
1665,"TRAVAMENTO DA ESTEIRA NOS GUIAS,ENGRENAGEM DANIFICADA,TROCA DO PERFIL DO NYLON 30008438888",travamento da esteira nos guias engrenagem danificada troca do perfil do nylon 30008438888,TRAVAMENTO DE ENGRENAGEM,TRAVAMENTO DE ENGRENAGEM
1666,"TRAVAMENTO DA ESTEIRA NOS GUIAS,ENGRENAGEM DANIFICADA,TROCA DO PERFIL DO NYLON",travamento da esteira nos guias engrenagem danificada troca do perfil do nylon,TRAVAMENTO DE ENGRENAGEM,TRAVAMENTO DE ENGRENAGEM
1667,"TRAVAMENTO DA ESTEIRA NOS GUIAS,ENGRENAGEM DANIFICADA,TROCA DO PERFIL DO NYLON",travamento da esteira nos guias engrenagem danificada troca do perfil do nylon,TRAVAMENTO DE ENGRENAGEM,TRAVAMENTO DE ENGRENAGEM
1668,"TRAVAMENTO DA ESTEIRA NOS GUIAS,ENGRENAGEM DANIFICADA,TROCA DO PERFIL DO NYLON",travamento da esteira nos guias engrenagem danificada troca do perfil do nylon,TRAVAMENTO DE ENGRENAGEM,TRAVAMENTO DE ENGRENAGEM
1669,"TRAVAMENTO DA ESTEIRA NOS GUIAS,ENGRENAGEM DANIFICADA,TROCA DO PERFIL DO NYLON",travamento da esteira nos guias engrenagem danificada troca do perfil do nylon,TRAVAMENTO DE ENGRENAGEM,TRAVAMENTO DE ENGRENAGEM
1670,"TRAVAMENTO DA ESTEIRA NOS GUIAS,ENGRENAGEM DANIFICADA,TROCA DO PERFIL DO NYLON",travamento da esteira nos guias engrenagem danificada troca do perfil do nylon,TRAVAMENTO DE ENGRENAGEM,TRAVAMENTO DE ENGRENAGEM
1671,"TRAVAMENTO DA ESTEIRA NOS GUIAS,ENGRENAGEM DANIFICADA,TROCA DO PERFIL DO NYLON",travamento da esteira nos guias engrenagem danificada troca do perfil do nylon,TRAVAMENTO DE ENGRENAGEM,TRAVAMENTO DE ENGRENAGEM
1672,FALHA NO SENSOR DO INSPETOR DE SAIDA ORDEM 30008439290,falha no sensor do inspetor de saida ordem 30008439290,FALHA DE SENSOR,FALHA DE SENSOR
1673,DATADORA EM FALHA DESLIGANDO O TRASPORTE ORDEM 30008439290,datadora em falha desligando o trasporte ordem 30008439290,FALHA DE CODIFICAÇÃO,FALHA DE CODIFICACAO
1674,FALHA NA FORMAÇÃO DE CAMADAS,falha na formacao de camadas,FALHA DE FORMAÇÃO DE CAMADA,FALHA DE FORMACAO DE CAMADA
1675,PACOTES ABRINDO NO TRANSPORTE,pacotes abrindo no transporte,FALHA DE ENVOLVIMENTO,FALHA DE ENVOLVIMENTO
1676,FILME DOBRANDO NA RAMPA DE SUBIDA GERANDO ABERTURA DE PACOTES.,filme dobrando na rampa de subida gerando abertura de pacotes,FALHA DE TRAÇÃO/GUIAMENTO DE FILME,FALHA DE TRACAO GUIAMENTO DE FILME
1677,FILME DOBRANDO NA RAMPA DE SUBIDA GERANDO ABERTURA DE PACOTES.,filme dobrando na rampa de subida gerando abertura de pacotes,FALHA DE TRAÇÃO/GUIAMENTO DE FILME,FALHA DE TRACAO GUIAMENTO DE FILME
1678,"VALVULA 44 PEGANDO A GARRAFA TORTA, GERANDO FALHA NO ENCHIMENTO.",valvula 44 pegando a garrafa torta gerando falha no enchimento,FALHA DE ENCHIMENTO,FALHA DE ENCHIMENTO
1679,ESTEIRA NO TRANSPORTE NA ENTRADA DA ENCAIXOTADORA ESCAPOU,esteira no transporte na entrada da encaixotadora escapou,ESCAPE DE ESTEIRA,ESCAPE DE ESTEIRA
1680,ESTEIRA NA CURVA DO TRANSPORTE DA PALETIZADORA ESCAPOU,esteira na curva do transporte da paletizadora escapou,ESCAPE DE ESTEIRA,ESCAPE DE ESTEIRA
1681,NAO JOGANDO GARRAFAS DE FORMA CORRETA,nao jogando garrafas de forma correta,FALHA DE REJEIÇÃO,FALHA DE REJEICAO
1682,PINO DE SEPARAÇÃO ESTÁ COM JOGO,pino de separacao esta com jogo,FALHA DE PINO,FALHA DE PINO
1683,SERSOR DA BOBINA DO FILME FORA DE FOCO,sersor da bobina do filme fora de foco,FALHA DE ENVOLVIMENTO,FALHA DE ENVOLVIMENTO
1684,FALHA DE COMUNICAÇAO NO TRANSPORTE DE GARRAFA - OD 30008442083,falha de comunicacao no transporte de garrafa od 30008442083,FALHA DE COMUNICAÇÃO,FALHA DE COMUNICACAO
1685,FALHA NA TROCA DO PALLET DE FOLHA SEPARADORA EM MODO AUTOMATICO,falha na troca do pallet de folha separadora em modo automatico,FALHA NA TROCA DE PALETE DE FOLHA SEPARADORA,FALHA NA TROCA DE PALETE DE FOLHA SEPARADORA
1686,"MANGUEIRA DE AGUA LIGADA PARA EVITAR ENROSCO DO PATINS DO DEVEICER,MOLHANDO A LONA DOSADOR DO TRANSPORTE DE ENTRADA",mangueira de agua ligada para evitar enrosco do patins do deveicer molhando a lona dosador do transporte de entrada,PATINAGEM DE ESTEIRA,PATINAGEM DE ESTEIRA
1687,"ENROSCO DO PATINS DO DEVEICER,CAUSANDO ERRO NA FORMAÇÃO DA CAMADA - ORDEM -30008441350",enrosco do patins do deveicer causando erro na formacao da camada ordem 30008441350,FALHA DE PATINS,FALHA DE PATINS
1688,"ENROSCO DO PATINS DO DEVEICER,CAUSANDO ERRO NA FORMAÇÃO DA CAMADA - ORDEM -30008441350",enrosco do patins do deveicer causando erro na formacao da camada ordem 30008441350,FALHA DE PATINS,FALHA DE PATINS
1689,INVERSOR DO MOTOR DO TRANSPORTE DE PACOTE COM VELOCIDADE ALTERADA (TAG 200),inversor do motor do transporte de pacote com velocidade alterada tag 200,FALHA DE INVERSOR,FALHA DE INVERSOR
1690,"RETIRANDO O PALETE DE CARTÃO MANUALMENTE, GERANDO FALHA NA ENTRADA DO PALETE NOVO NO ELEVADOR,PERDA DA REFERENCIA DE ALTURA E AMASSANDO LATA",retirando o palete de cartao manualmente gerando falha na entrada do palete novo no elevador perda da referencia de altura e amassando lata,FALHA DE ELEVADOR,FALHA DE ELEVADOR
1691,"RETIRANDO O PALETE DE CARTÃO MANUALMENTE, GERANDO FALHA NA ENTRADA DO PALETE NOVO NO ELEVADOR,PERDA DA REFERENCIA DE ALTURA E AMASSANDO LATAS",retirando o palete de cartao manualmente gerando falha na entrada do palete novo no elevador perda da referencia de altura e amassando latas,FALHA DE ELEVADOR,FALHA DE ELEVADOR
1692,"ENROSCO DO PATINS DO DEVEICER,CAUSANDO ERRO NA FORMAÇÃO DA CAMADA - ORDEM -30008441350",enrosco do patins do deveicer causando erro na formacao da camada ordem 30008441350,FALHA DE PATINS,FALHA DE PATINS
1693,TROCA DO PALLET DE FOLHA SEPARADORA EM MODO MANUAL - ORDEM -30008441358,troca do pallet de folha separadora em modo manual ordem 30008441358,FALHA NA TROCA DE PALETE DE FOLHA SEPARADORA,FALHA NA TROCA DE PALETE DE FOLHA SEPARADORA
1694,QUEIMA DA PLACA DE REDE DO INVERSOR ORDEM: 30008441681,queima da placa de rede do inversor ordem 30008441681,FALHA DE INVERSOR,FALHA DE INVERSOR
1695,TENSIONAMENTO DA ESTEIRA DE ALIMENTAÇÃO DO DEVICER,tensionamento da esteira de alimentacao do devicer,FALHA DE TENSIONAMENTO DE ESTEIRA,FALHA DE TENSIONAMENTO DE ESTEIRA
1696,QUEBRA DO PARAFUSO DA CHAPA ORDEM:3008441733,quebra do parafuso da chapa ordem 3008441733,QUEBRA DE PARAFUSO,QUEBRA DE PARAFUSO
1697,QUEBRA DO PARAFUSO DA CHAPA ORDEM:30008441733,quebra do parafuso da chapa ordem 30008441733,QUEBRA DE PARAFUSO,QUEBRA DE PARAFUSO
1698,QUEBRA DO PARAFUSO DA CHAPA ORDEM:30008441733,quebra do parafuso da chapa ordem 30008441733,QUEBRA DE PARAFUSO,QUEBRA DE PARAFUSO
1699,QUEIMA DA PLACA DE REDE DO INVERSOR,queima da placa de rede do inversor,FALHA DE INVERSOR,FALHA DE INVERSOR
1700,FALHA DE BARREIRA NA RETIRADA DO PALETE DE CARTÃO EM MODO MANUAL (30008425473),falha de barreira na retirada do palete de cartao em modo manual 30008425473,FALHA NO MANUSEIO DE CARTÃO,FALHA NO MANUSEIO DE CARTAO
1701,DEVAISER TRIPIDANDO OCASIOANDO ENROSCO DE PACOTES FALHA NA FORMAÇÃO DE CAMADAS E ESTOURO DE LATAS ( ORDEM - 30008442119),devaiser tripidando ocasioando enrosco de pacotes falha na formacao de camadas e estouro de latas ordem 30008442119,ENROSCO DE LATAS,ENROSCO DE LATAS
1702,FALHA DE VACUO,falha de vacuo,FALHA DE VÁCUO,FALHA DE VACUO
1703,FALHA NA FORMAÇÃO DE CAMADAS E FALHA DE VACUO,falha na formacao de camadas e falha de vacuo,FALHA DE FORMAÇÃO DE CAMADA,FALHA DE FORMACAO DE CAMADA
1704,LONA DE DOSAGEM DE PACOTES ESTAVA MOLHADA OCASIONANDO PERDA DE CONTAGEM DE PACOTES,lona de dosagem de pacotes estava molhada ocasionando perda de contagem de pacotes,FALHA DE CONTAGEM,FALHA DE CONTAGEM
1705,FALHA NA FORMAÇÃO DE CAMADAS E FALHA DE VACUO,falha na formacao de camadas e falha de vacuo,FALHA DE FORMAÇÃO DE CAMADA,FALHA DE FORMACAO DE CAMADA
1706,LONA DE DOSAGEM DE PACOTES ETAVA MOLHADA OCASIONANDO PERDA DE CONTAGEM NA ENTRADA DE PACOTES,lona de dosagem de pacotes etava molhada ocasionando perda de contagem na entrada de pacotes,FALHA DE CONTAGEM,FALHA DE CONTAGEM
1707,FALHA NA FORMAÇÃO DE CAMADAS,falha na formacao de camadas,FALHA DE FORMAÇÃO DE CAMADA,FALHA DE FORMACAO DE CAMADA
1708,ENROSCO DE PACOTES NO DEVAISER ( ORDEM - 30008442119),enrosco de pacotes no devaiser ordem 30008442119,ENROSCO DE PACOTES,ENROSCO DE PACOTES
1709,ESTEIRA DO TRANSPORTE DA CURVA DE SAIDA DESECAIXOTADORA SAIU FORA DE POSIÇÃO,esteira do transporte da curva de saida desecaixotadora saiu fora de posicao,ESCAPE DE ESTEIRA,ESCAPE DE ESTEIRA
1710,MANGUEIRA DE AR DO CABEÇOTE ESCAPOU,mangueira de ar do cabecote escapou,FALHA DE CONEXÃO DE MANGUEIRA,FALHA DE CONEXAO DE MANGUEIRA
1711,FALHA NO SENSOR DO TRANSPORTE E TROCA DO ESPELHO DO SENSOR 30008441728,falha no sensor do transporte e troca do espelho do sensor 30008441728,FALHA DE SENSOR,FALHA DE SENSOR
1712,FALHA NO MOTOR DO EXTRATOR DE ROTULO 30008441706,falha no motor do extrator de rotulo 30008441706,Excesso de garrafa com rotulo,EXCESSO DE GARRAFA COM ROTULO
1713,ENTRANDO GARRAFA TORTA NA ENCHEDORA AJUSTE NOS GUIAS ORDEM 30008441636,entrando garrafa torta na enchedora ajuste nos guias ordem 30008441636,SEM MODO DE FALHA IDENTIFICADO,SEM MODO DE FALHA IDENTIFICADO
1714,AJUSTE SENSOR PUMÃO ENTRADA DA ENCAIXOTADORA.,ajuste sensor pumao entrada da encaixotadora,FALHA DE SENSOR,FALHA DE SENSOR
1715,ESCAPOU NAYLOM GUIA ENTRADA DA ENCAIXOTADORA.,escapou naylom guia entrada da encaixotadora,DESALINHAMENTO DE GUIA,DESALINHAMENTO DE GUIA
1716,"GUIAS DANIFICADO QUEDA DE GARRAFA,SAIDA DA DESENCAIXOTADORA.",guias danificado queda de garrafa saida da desencaixotadora,QUEDA DE GARRAFAS,QUEDA DE GARRAFAS
1717,ESTEIRA DA MESA QUE PEGA GARRAFAS DESARMOU.ORDEM..,esteira da mesa que pega garrafas desarmou ordem,DESARME DE ESTEIRA,DESARME DE ESTEIRA
1718,ESTEIRA DA MESA QUE PEGA GARRAFAS DESARMOU.ORDEM..30008445667,esteira da mesa que pega garrafas desarmou ordem 30008445667,DESARME DE ESTEIRA,DESARME DE ESTEIRA
1719,"MÁQUINA PERDEU A REFERÊNCIA DE ALTURA,FOI FEITO A MASTERIZAÇÃO E REFERENCIAMENTO DO CABEÇOTE.",maquina perdeu a referencia de altura foi feito a masterizacao e referenciamento do cabecote,PERDA DE REFERÊNCIA,PERDA DE REFERENCIA
1720,QUEDA DE GARRAFA NO SISTEMA DE REFRIGERACAO DE FUNDO,queda de garrafa no sistema de refrigeracao de fundo,QUEDA DE GARRAFAS,QUEDA DE GARRAFAS
1721,FALHA NA PEGA/ENTREGA DE CARTÃO,falha na pega entrega de cartao,FALHA NO MANUSEIO DE CARTÃO,FALHA NO MANUSEIO DE CARTAO
1722,"MAGAZINE DE PALLET VAZIO QUEBRADA, ESTA SENDO REALIZADO PROCESSO EM MANUAL TODA SAIDA DE PALLET",magazine de pallet vazio quebrada esta sendo realizado processo em manual toda saida de pallet,FALHA DE MAGAZINE,FALHA DE MAGAZINE
1723,FALHA NA PEGA/ENTREGA DE CARTÃO,falha na pega entrega de cartao,FALHA NO MANUSEIO DE CARTÃO,FALHA NO MANUSEIO DE CARTAO
1724,"PATINS SAINDO DO TRILHO, ENTREGANDO PACOTE FORA DE POSIÇÃO PARA A FORMAÇÃO DE CAMADA",patins saindo do trilho entregando pacote fora de posicao para a formacao de camada,PATINS FORA DE POSIÇÃO,PATINS FORA DE POSICAO
1725,"TRANSPORTE GERANDO ""FALSO ACUMULO"" EM VELOCIDADE NOMINAL DA EMPACOTADORA",transporte gerando falso acumulo em velocidade nominal da empacotadora,FALHA DE ACÚMULO NO TRANSPORTE,FALHA DE ACUMULO NO TRANSPORTE
1726,"FALHA NO SISTEMA DE CORTE, PASSANDO TUBETE SEM RETIRAR O PAPELAO PARA O TRANSPORTE DE ALIMENTAÇÃO, ORDEM : 30008414281",falha no sistema de corte passando tubete sem retirar o papelao para o transporte de alimentacao ordem 30008414281,FALHA NO CORTE DE TUBETES,FALHA NO CORTE DE TUBETES
1727,"FALHA NO SISTEMA DE CORTE, PASSANDO TUBETE SEM RETIRAR O PAPELAO PARA O TRANSPORTE DE ALIMENTAÇÃO, ORDEM : 30008414281",falha no sistema de corte passando tubete sem retirar o papelao para o transporte de alimentacao ordem 30008414281,FALHA NO CORTE DE TUBETES,FALHA NO CORTE DE TUBETES
1728,"PATINS SAINDO DO TRILHO, ENTREGANDO PACOTE FORA DE POSIÇÃO PARA A FORMAÇÃO DE CAMADA",patins saindo do trilho entregando pacote fora de posicao para a formacao de camada,PATINS FORA DE POSIÇÃO,PATINS FORA DE POSICAO
1729,FALHA NA PEGA/ENTREGA DE CARTÃO,falha na pega entrega de cartao,FALHA NO MANUSEIO DE CARTÃO,FALHA NO MANUSEIO DE CARTAO
1730,"MAGAZINE DE PALLET VAZIO QUEBRADA, ESTA SENDO REALIZADO PROCESSO EM MANUAL TODA SAIDA DE PALLET",magazine de pallet vazio quebrada esta sendo realizado processo em manual toda saida de pallet,FALHA DE MAGAZINE,FALHA DE MAGAZINE
1731,"TRANSPORTE GERANDO ""FALSO ACUMULO"" EM VELOCIDADE NOMINAL DA EMPACOTADORA / 4 AS 5",transporte gerando falso acumulo em velocidade nominal da empacotadora 4 as 5,FALHA DE ACÚMULO NO TRANSPORTE,FALHA DE ACUMULO NO TRANSPORTE
1732,FALHA NA TROCA DO PALLET DE FOLHA SEPARADORA EM MODO AUTOMATICO,falha na troca do pallet de folha separadora em modo automatico,FALHA NA TROCA DE PALETE DE FOLHA SEPARADORA,FALHA NA TROCA DE PALETE DE FOLHA SEPARADORA
1733,FALHA NAS PORTAS DA PALETIZADORA,falha nas portas da paletizadora,FALHA DE PORTA DE SEGURANÇA,FALHA DE PORTA DE SEGURANCA
1734,"MAGAZINE DE PALLET VAZIO QUEBRADA, ESTA SENDO REALIZADO PROCESSO EM MANUAL TODA SAIDA DE PALLET",magazine de pallet vazio quebrada esta sendo realizado processo em manual toda saida de pallet,FALHA DE MAGAZINE,FALHA DE MAGAZINE
1735,"PATINS SAINDO DO TRILHO, ENTREGANDO PACOTE FORA DE POSIÇÃO PARA A FORMAÇÃO DE CAMADA",patins saindo do trilho entregando pacote fora de posicao para a formacao de camada,PATINS FORA DE POSIÇÃO,PATINS FORA DE POSICAO
1736,"PATINS SAINDO DO TRILHO, ENTREGANDO PACOTE FORA DE POSIÇÃO PARA A FORMAÇÃO DE CAMADA",patins saindo do trilho entregando pacote fora de posicao para a formacao de camada,PATINS FORA DE POSIÇÃO,PATINS FORA DE POSICAO
1737,"CABO ROMPIDO NA PORTA DE ENTRADA DA DESPALETIZADORA, NAO ACIONANDO A LIBERAÇÃO DE PALETES",cabo rompido na porta de entrada da despaletizadora nao acionando a liberacao de paletes,QUEBRA DE COMPONENTE,QUEBRA DE COMPONENTE
1738,SISTEMA DA BAILARINA EM FALHA DURANTE PRODUÇÃO,sistema da bailarina em falha durante producao,FALHA DE BAILARINA,FALHA DE BAILARINA
1739,RETIRADO DO APLETE DE CARTÃO MANUAL GERANDO FALHA DE BARREIRA (30008425473),retirado do aplete de cartao manual gerando falha de barreira 30008425473,FALHA DE BARREIRA,FALHA DE BARREIRA
1740,PACOTE ENTROU VIRADO NA MESA DE COMPACTAÇÃO CAUSANDO ESTOURO DE LATAS,pacote entrou virado na mesa de compactacao causando estouro de latas,PACOTE FORA DE POSIÇÃO,PACOTE FORA DE POSICAO
1741,RETIRADO DO APLETE DE CARTÃO MANUAL GERANDO FALHA DE BARREIRA (30008425473),retirado do aplete de cartao manual gerando falha de barreira 30008425473,FALHA DE BARREIRA,FALHA DE BARREIRA
1742,FALHA NA SUBIDA DO ELEVADOR DE TUBETES,falha na subida do elevador de tubetes,FALHA DE ELEVADOR,FALHA DE ELEVADOR
1743,"CSW EM FALHA, ORDEM : 30008450147",csw em falha ordem 30008450147,FALHA NO SISTEMA DE CORTE,FALHA NO SISTEMA DE CORTE
1744,"QUEBROU A CONEXÃO, OCASIONANDO A COLISÃO DE CAIXAS",quebrou a conexao ocasionando a colisao de caixas,QUEBRA DE COMPONENTE,QUEBRA DE COMPONENTE
1745,TRAVAMENTO DE SEGMENTOS DE GARRAFAS NO REJEITOR MASSPEC,travamento de segmentos de garrafas no rejeitor masspec,TRAVAMENTO DE SEGMENTOS,TRAVAMENTO DE SEGMENTOS
1746,ALINHAMENTO DA CHAPA DO TRANSPORTE DE SAIDA DE GARRAFAS DO CAPSULADOR.,alinhamento da chapa do transporte de saida de garrafas do capsulador,DESALINHAMENTO DE CHAPA,DESALINHAMENTO DE CHAPA
1747,"FALHAVÃLVULA DE TUBULAÇÃO NA ENTRADA DE BEBIDA NO MIXER, OCASIONANDO VAZAMENTO DE BEBIDAS ORDEM: 30008450138",falhavalvula de tubulacao na entrada de bebida no mixer ocasionando vazamento de bebidas ordem 30008450138,FALHA DE MISTURA,FALHA DE MISTURA
1748,"DEVIDER COM FALHA NA ENTRADA DE CAIXAS, PARAFUSO ESPANADO",devider com falha na entrada de caixas parafuso espanado,FALHA DE FIXAÇÃO,FALHA DE FIXACAO
1749,ESTEIRA DA CURVA DO TRANSPORTE DA PALETIZADORA ESCAPOU,esteira da curva do transporte da paletizadora escapou,ESCAPE DE ESTEIRA,ESCAPE DE ESTEIRA
1750,"FALHA BANDEJA DE ROTULOS, A BANDEJA ESTÁ EM DESNIVEL, GERANDO ENROSCO DE ROTULOS ORDEM: 30008450158",falha bandeja de rotulos a bandeja esta em desnivel gerando enrosco de rotulos ordem 30008450158,ENROSCO DE RÓTULOS,ENROSCO DE ROTULOS
1751,"CHAPA DE PASSAGEM DE GARRAFAS DANIFICADAS, OCASIONANDO QUEDA DE GARRAFAS ORDEM: 30008450154",chapa de passagem de garrafas danificadas ocasionando queda de garrafas ordem 30008450154,QUEDA DE GARRAFAS,QUEDA DE GARRAFAS
1752,"FALHA DO ROBO , TRAVOU NA POSICAO",falha do robo travou na posicao,TRAVAMENTO DE ROBÔ,TRAVAMENTO DE ROBO
1753,PERFIL DO GUIA LATERAL SI SOLTOU OBSTRUINDO O REJEITO CAUSANDO ENROSCO DE LATAS NA FILTEC,perfil do guia lateral si soltou obstruindo o rejeito causando enrosco de latas na filtec,FALHA DE REJEIÇÃO,FALHA DE REJEICAO
1754,PACOTE VIRADO NA MESA DE COMAPCTAÇÃO,pacote virado na mesa de comapctacao,PACOTE FORA DE POSIÇÃO,PACOTE FORA DE POSICAO
1755,RETIRADO DO PALETE DE CARTÃO MANUAL GERANDO FALHA DE BARREIRA ELEVADOR QUEBRADO (30008425473),retirado do palete de cartao manual gerando falha de barreira elevador quebrado 30008425473,FALHA DE ELEVADOR,FALHA DE ELEVADOR
1756,FALHA NO SERVO 11 DE ENVOLVIMENTO.,falha no servo 11 de envolvimento,FALHA DE SERVO MOTOR,FALHA DE SERVO MOTOR
1757,RETIRANDA DO PALETE EM MANUAL.MAGAZINE DE PALETE QUEBRADO FALTA DE PEÇA.,retiranda do palete em manual magazine de palete quebrado falta de peca,FALHA DE MAGAZINE,FALHA DE MAGAZINE
1758,"CSW EM FALHA, ORDEM : 30008450147",csw em falha ordem 30008450147,FALHA NO SISTEMA DE CORTE,FALHA NO SISTEMA DE CORTE
1759,"MAGAZINE DE PALLET VAZIO QUEBRADA, ESTA SENDO REALIZADO PROCESSO EM MANUAL TODA SAIDA DE PALLET",magazine de pallet vazio quebrada esta sendo realizado processo em manual toda saida de pallet,FALHA DE MAGAZINE,FALHA DE MAGAZINE
1760,"MAGAZINE DE PALLET VAZIO QUEBRADA, ESTA SENDO REALIZADO PROCESSO EM MANUAL TODA SAIDA DE PALLET",magazine de pallet vazio quebrada esta sendo realizado processo em manual toda saida de pallet,FALHA DE MAGAZINE,FALHA DE MAGAZINE
1761,TRANSPORTE DE ENTRADA DA EMPACOTADORA DERRUBANDO LATAS PARA OS GUIAS DE ENTRADA,transporte de entrada da empacotadora derrubando latas para os guias de entrada,QUEDA DE LATAS,QUEDA DE LATAS
1762,"MAGAZINE DE PALLET VAZIO QUEBRADA, ESTA SENDO REALIZADO PROCESSO EM MANUAL TODA SAIDA DE PALLET",magazine de pallet vazio quebrada esta sendo realizado processo em manual toda saida de pallet,FALHA DE MAGAZINE,FALHA DE MAGAZINE
1763,TRANSPORTE DE ENTRADA DA EMPACOTADORA DERRUBANDO LATAS PARA OS GUIAS DE ENTRADA,transporte de entrada da empacotadora derrubando latas para os guias de entrada,QUEDA DE LATAS,QUEDA DE LATAS
1764,"MAGAZINE DE PALLET VAZIO QUEBRADA, ESTA SENDO REALIZADO PROCESSO EM MANUAL TODA SAIDA DE PALLET",magazine de pallet vazio quebrada esta sendo realizado processo em manual toda saida de pallet,FALHA DE MAGAZINE,FALHA DE MAGAZINE
1765,TRANSPORTE DE ENTRADA DA EMPACOTADORA DERRUBANDO LATAS PARA OS GUIAS DE ENTRADA,transporte de entrada da empacotadora derrubando latas para os guias de entrada,QUEDA DE LATAS,QUEDA DE LATAS
1766,DEVICER SAINDO FORA DO TRILHA ERRO DE FORMAÇÃO DE CAMADA,devicer saindo fora do trilha erro de formacao de camada,FALHA DE FORMAÇÃO DE CAMADA,FALHA DE FORMACAO DE CAMADA
1767,"MAGAZINE DE PALLET VAZIO QUEBRADA, ESTA SENDO REALIZADO PROCESSO EM MANUAL TODA SAIDA DE PALLET",magazine de pallet vazio quebrada esta sendo realizado processo em manual toda saida de pallet,FALHA DE MAGAZINE,FALHA DE MAGAZINE
1768,"MAGAZINE DE PALLET VAZIO QUEBRADA, ESTA SENDO REALIZADO PROCESSO EM MANUAL TODA SAIDA DE PALLET",magazine de pallet vazio quebrada esta sendo realizado processo em manual toda saida de pallet,FALHA DE MAGAZINE,FALHA DE MAGAZINE
1769,"MAGAZINE DE PALLET VAZIO QUEBRADA, ESTA SENDO REALIZADO PROCESSO EM MANUAL TODA SAIDA DE PALLET",magazine de pallet vazio quebrada esta sendo realizado processo em manual toda saida de pallet,FALHA DE MAGAZINE,FALHA DE MAGAZINE
1770,BARREIRA DE SAIDA DE PALETE FORA DE POSIÇÃO,barreira de saida de palete fora de posicao,TRAVAMENTO DE PALETE,TRAVAMENTO DE PALETE
1771,"MAGAZINE DE PALLET VAZIO QUEBRADA, ESTA SENDO REALIZADO PROCESSO EM MANUAL TODA SAIDA DE PALLET",magazine de pallet vazio quebrada esta sendo realizado processo em manual toda saida de pallet,FALHA DE MAGAZINE,FALHA DE MAGAZINE
1772,LUBRIFICAÇÃO DOS MANCAIS DOS COMPACTADORES,lubrificacao dos mancais dos compactadores,FALHA DE COMPACTAÇÃO DE CAMADA,FALHA DE COMPACTACAO DE CAMADA
1773,"FALHA NO SERVO MOTOR Nº27 (TRPTE DE LATAS , CORRENTE DE ARRASTE)",falha no servo motor no27 trpte de latas corrente de arraste,FALHA DE SERVO MOTOR,FALHA DE SERVO MOTOR
1774,RETIRADO DO PALETE DE CARTÃO MANUAL GERANDO FALHA DE BARREIRA ELEVADOR QUEBRADO (30008425473),retirado do palete de cartao manual gerando falha de barreira elevador quebrado 30008425473,FALHA DE ELEVADOR,FALHA DE ELEVADOR
1775,RETIRADO DO PALETE DE CARTÃO MANUAL GERANDO FALHA DE BARREIRA ELEVADOR QUEBRADO (30008425473),retirado do palete de cartao manual gerando falha de barreira elevador quebrado 30008425473,FALHA DE ELEVADOR,FALHA DE ELEVADOR
1776,ESTEIRA NA CURVA DO TRANSPORTE PALETIZADORA ESCAPOU,esteira na curva do transporte paletizadora escapou,ESCAPE DE ESTEIRA,ESCAPE DE ESTEIRA
1777,MOTOR COM TEMPERATURA ALTA - 30008450278,motor com temperatura alta 30008450278,FALHA DE MOTOR,FALHA DE MOTOR
1778,"FALHA NA ENCHIMENTO NA PARTIDA, RECEITA PADRÃO ESPUMANDO A BEBIDA",falha na enchimento na partida receita padrao espumando a bebida,ESPUMAMENTO DE BEBIDA,ESPUMAMENTO DE BEBIDA
1779,"FALHA NA ENCHIMENTO NA PARTIDA, RECEITA PADRÃO ESPUMANDO A BEBIDA",falha na enchimento na partida receita padrao espumando a bebida,ESPUMAMENTO DE BEBIDA,ESPUMAMENTO DE BEBIDA
1780,FALHA NA BOMBA DO MIXER.,falha na bomba do mixer,FALHA DE BOMBA,FALHA DE BOMBA
1781,"MAGAZINE DE PALLET VAZIO QUEBRADA, ESTA SENDO REALIZADO PROCESSO EM MANUAL TODA SAIDA DE PALLET",magazine de pallet vazio quebrada esta sendo realizado processo em manual toda saida de pallet,FALHA DE MAGAZINE,FALHA DE MAGAZINE
1782,FALHAS DE ENCHIMENTO NAS VALVULAS N°6 E 49,falhas de enchimento nas valvulas n 6 e 49,FALHA DE VÁLVULA DE ENCHIMENTO,FALHA DE VALVULA DE ENCHIMENTO
1783,RETIRADO DO PALETE DE CARTÃO MANUAL GERANDO FALHA DE BARREIRA ELEVADOR QUEBRADO (30008425473),retirado do palete de cartao manual gerando falha de barreira elevador quebrado 30008425473,FALHA DE ELEVADOR,FALHA DE ELEVADOR
1784,RETIRADO DO PALETE DE CARTÃO MANUAL GERANDO FALHA DE BARREIRA ELEVADOR QUEBRADO (30008425473),retirado do palete de cartao manual gerando falha de barreira elevador quebrado 30008425473,FALHA DE ELEVADOR,FALHA DE ELEVADOR
1785,CABO DOS SENSORES DE SEGURANÇA ROMPIDO,cabo dos sensores de seguranca rompido,QUEBRA DE COMPONENTE,QUEBRA DE COMPONENTE
1786,CABO DOS SENSORES DE SEGURANÇA ROMPIDO,cabo dos sensores de seguranca rompido,QUEBRA DE COMPONENTE,QUEBRA DE COMPONENTE
1787,ENTRADA DE LATAS AMASSADAS OCASIONANDO ENROSCO NA CORRENTE DE ARRASTE,entrada de latas amassadas ocasionando enrosco na corrente de arraste,ENROSCO DE LATAS,ENROSCO DE LATAS
1788,"QUEBRA DO MAGAZINE DE PALETE ,RETIRANDO OS PALETES EM MANUAL.",quebra do magazine de palete retirando os paletes em manual,FALHA DE MAGAZINE,FALHA DE MAGAZINE
1789,QUEDA DE LATA NO SISTEMA DE ENVOLVIMENTO.,queda de lata no sistema de envolvimento,QUEDA DE LATAS,QUEDA DE LATAS
1790,BICO DO GÁS 1 OBSTRUIDO,bico do gas 1 obstruido,ENTUPIMENTO,ENTUPIMENTO
1791,ENROSCANDO CAIXAS NA ENTRADA REPARO NO PISTÃO CENTRAL DO DEVAISER,enroscando caixas na entrada reparo no pistao central do devaiser,FALHA DE ATUADOR DO DEVAISER,FALHA DE ATUADOR DO DEVAISER
1792,TROCA DE CONEXÃO DA MANGUEIRA DA ENCAIXOTADORA NOTA 30008456399,troca de conexao da mangueira da encaixotadora nota 30008456399,FALHA DE CONEXÃO DE MANGUEIRA,FALHA DE CONEXAO DE MANGUEIRA
1793,ENROSCANDO CAIXAS NA ENTRADA AJUSTE NO PISTÃO CENTRALDO DEVAISER,enroscando caixas na entrada ajuste no pistao centraldo devaiser,FALHA DE ATUADOR DO DEVAISER,FALHA DE ATUADOR DO DEVAISER
1794,AJUSTE NA PRESSÃO DO EMPURADOR DE ROTULO,ajuste na pressao do empurador de rotulo,FALHA DE ROTULAGEM,FALHA DE ROTULAGEM
1795,ROMPIMENTO DA MANGUEIRA DE AGUA DA ROTULADORA,rompimento da mangueira de agua da rotuladora,ROMPIMENTO DE MANGUEIRA DE ÁGUA,ROMPIMENTO DE MANGUEIRA DE AGUA
1796,"FALHA CHECKMATE NA SAIDA DA ROTULADORA, FOI REALIZADO O AJUSTE DA POSIÇÃO DE DISPARO DA CAMERA",falha checkmate na saida da rotuladora foi realizado o ajuste da posicao de disparo da camera,FALHA DE CÂMERA,FALHA DE CAMERA
1797,QUEBRA DA PINÇA DO STRECH ( 13205016),quebra da pinca do strech 13205016,FALHA DE PINÇA,FALHA DE PINCA
1798,QUEBRA DA PINÇA DO STRECH ( 13205016),quebra da pinca do strech 13205016,FALHA DE PINÇA,FALHA DE PINCA
1799,QUEBRA DA PINÇA DO STRECH ( 13205016),quebra da pinca do strech 13205016,FALHA DE PINÇA,FALHA DE PINCA
1800,FALHA NO SENSOR DA ENTRADA DE PACOTE,falha no sensor da entrada de pacote,FALHA DE SENSOR,FALHA DE SENSOR
1801,QUEBRA DA PINÇA DO STRECH ( 13205016),quebra da pinca do strech 13205016,FALHA DE PINÇA,FALHA DE PINCA
1802,REGULAGEM DO FREIO DO MOTOR DA ENTRADA DE PACOTE,regulagem do freio do motor da entrada de pacote,FALHA DE MOTOR,FALHA DE MOTOR
1803,REGULAGEM DO FREIO DO MOTOR DA ENTRADA DE PACOTE,regulagem do freio do motor da entrada de pacote,FALHA DE MOTOR,FALHA DE MOTOR
1804,FALHA NA TEMPERATURA. ORDEM- 30008455524,falha na temperatura ordem 30008455524,FALHA DE CONTROLE DE TEMPERATURA,FALHA DE CONTROLE DE TEMPERATURA
1805,ESTEIRA QUEBRADA. ORDEM- 30008455521,esteira quebrada ordem 30008455521,QUEBRA DE ESTEIRA,QUEBRA DE ESTEIRA
1806,"MAGAZINE DE PALLET VAZIO QUEBRADA, ESTA SENDO REALIZADO PROCESSO EM MANUAL TODA SAIDA DE PALLET",magazine de pallet vazio quebrada esta sendo realizado processo em manual toda saida de pallet,FALHA DE MAGAZINE,FALHA DE MAGAZINE
1807,QUEDA DE LATA NO SISTEMA DE ENVOLVIMENTO.PACOTE ABERTO GERANDO FALHA DE FORMAÇÃO DE CAMADA NA PALETIZADORA.,queda de lata no sistema de envolvimento pacote aberto gerando falha de formacao de camada na paletizadora,FALHA DE ENVOLVIMENTO,FALHA DE ENVOLVIMENTO
1808,"MAGAZINE DE PALLET VAZIO QUEBRADA, ESTA SENDO REALIZADO PROCESSO EM MANUAL TODA SAIDA DE PALLET",magazine de pallet vazio quebrada esta sendo realizado processo em manual toda saida de pallet,FALHA DE MAGAZINE,FALHA DE MAGAZINE
1809,"MAGAZINE DE PALLET VAZIO QUEBRADA, ESTA SENDO REALIZADO PROCESSO EM MANUAL TODA SAIDA DE PALLET",magazine de pallet vazio quebrada esta sendo realizado processo em manual toda saida de pallet,FALHA DE MAGAZINE,FALHA DE MAGAZINE
1810,FALHA NO SENSOR DO TRANSPORTE DO ALINHADOR DA FILTC.,falha no sensor do transporte do alinhador da filtc,FALHA DE SENSOR,FALHA DE SENSOR
1811,"MAGAZINE DE PALLET VAZIO QUEBRADA, ESTA SENDO REALIZADO PROCESSO EM MANUAL TODA SAIDA DE PALLET",magazine de pallet vazio quebrada esta sendo realizado processo em manual toda saida de pallet,FALHA DE MAGAZINE,FALHA DE MAGAZINE
1812,"MAGAZINE DE PALETE QUEBRADO ,RETIRANDO OA PALETE EM MANUAL.",magazine de palete quebrado retirando oa palete em manual,FALHA DE MAGAZINE,FALHA DE MAGAZINE
1813,"MAGAZINE DE PALLET VAZIO QUEBRADA, ESTA SENDO REALIZADO PROCESSO EM MANUAL TODA SAIDA DE PALLET",magazine de pallet vazio quebrada esta sendo realizado processo em manual toda saida de pallet,FALHA DE MAGAZINE,FALHA DE MAGAZINE
1814,AMASSANDO LATA NO TWISTER DE ENTRADA DO RINSER,amassando lata no twister de entrada do rinser,AMASSAMENTO DE LATAS,AMASSAMENTO DE LATAS
1815,TROCA DO CONTATOR DO MOTOR AUXILIAR DO MIXER,troca do contator do motor auxiliar do mixer,FALHA DE MOTOR,FALHA DE MOTOR
1816,FALHA AR DOS BATETORES DA ENCAIXATADORA,falha ar dos batetores da encaixatadora,FALHA DE BATETORES PNEUMÁTICOS,FALHA DE BATETORES PNEUMATICOS
1817,AJUSTE VELOCIDADE INVERSOR TAG-330,ajuste velocidade inversor tag 330,FALHA DE INVERSOR,FALHA DE INVERSOR
1818,FALHA NO ENCHIMENTO DA VALVULA 52. ORDEM- 30008455522,falha no enchimento da valvula 52 ordem 30008455522,FALHA DE ENCHIMENTO,FALHA DE ENCHIMENTO
1819,QUEBRA DA ESTEIRA DA SEPARAÇÃO DE GARRAFA ORDEM 30008455875,quebra da esteira da separacao de garrafa ordem 30008455875,QUEBRA DE ESTEIRA,QUEBRA DE ESTEIRA
1820,AJUSTE NO SENSOR DE SAIDA DE PALETE ORDEM 30008456000,ajuste no sensor de saida de palete ordem 30008456000,FALHA DE SENSOR,FALHA DE SENSOR
1821,AJUSTE CAINDO GARRAFA,ajuste caindo garrafa,QUEDA DE GARRAFAS,QUEDA DE GARRAFAS
1822,FALHA NNO SENSOR 60S4 DE SEGURANÇA DO MOTOREDUTOR,falha nno sensor 60s4 de seguranca do motoredutor,FALHA DE SENSOR,FALHA DE SENSOR
1823,"FALHA DE ENCHIMENTO DAS VALVULAS Nº6 E Nº70, COM JAMPER DE VALVULAS",falha de enchimento das valvulas no6 e no70 com jamper de valvulas,FALHA DE VÁLVULA DE ENCHIMENTO,FALHA DE VALVULA DE ENCHIMENTO
1824,"FALHA DE ENCHIMENTO DAS VALVULAS Nº6 E Nº70, COM JAMPER DE VALVULAS",falha de enchimento das valvulas no6 e no70 com jamper de valvulas,FALHA DE VÁLVULA DE ENCHIMENTO,FALHA DE VALVULA DE ENCHIMENTO
1825,FALHA NO SISTEMA DE SOLDA DE FILME DESGASTADO / CAUSANDO ESTOURO DE FILME LOGOMARCADO,falha no sistema de solda de filme desgastado causando estouro de filme logomarcado,FALHA DE SOLDA DE FILME,FALHA DE SOLDA DE FILME
1826,FALHA NO DISPARODA INSPEÇÃO DE ROTULO DE CORPO AGREGADO 2 ORDEM: 30008457949,falha no disparoda inspecao de rotulo de corpo agregado 2 ordem 30008457949,FALHA DE ROTULAGEM,FALHA DE ROTULAGEM
1827,FALHA MANGUEIRA DO CILINDRO CABEÇOTE,falha mangueira do cilindro cabecote,FALHA DE MANGUEIRA PNEUMÁTICA,FALHA DE MANGUEIRA PNEUMATICA
1828,FALHA DE FORMAÇÃO COM CAIXA A MENOS,falha de formacao com caixa a menos,FALHA DE FORMAÇÃO DE CAIXA,FALHA DE FORMACAO DE CAIXA
1829,FALHA NO PEGADOR DE CHAPATEX NOTA 30008458778,falha no pegador de chapatex nota 30008458778,FALHA DE PEGADOR,FALHA DE PEGADOR
1830,PACOTE SAINDO ABERTO PARANDO A PALETIZADORA,pacote saindo aberto parando a paletizadora,FALHA DE ENVOLVIMENTO,FALHA DE ENVOLVIMENTO
1831,PACOTE SAINDO ABERTO PARANDO A PALETIZADORA,pacote saindo aberto parando a paletizadora,FALHA DE ENVOLVIMENTO,FALHA DE ENVOLVIMENTO
1832,PACOTES ABRINDO NA PALETIZADORA,pacotes abrindo na paletizadora,FALHA DE ENVOLVIMENTO,FALHA DE ENVOLVIMENTO
1833,PACOTES ABRINDO NA PALETIZADORA,pacotes abrindo na paletizadora,FALHA DE ENVOLVIMENTO,FALHA DE ENVOLVIMENTO
1834,FALHA NA PORTA DE SEGURANÇA,falha na porta de seguranca,FALHA DE PORTA DE SEGURANÇA,FALHA DE PORTA DE SEGURANCA
1835,ABA CÔNICA DANIFICADA,aba conica danificada,FALHA DE ABA CÔNICA,FALHA DE ABA CONICA
1836,"AMASSANDO LATA NO TWISTER DE ENTRADA DO RINSER,GERADO POR PROBLEMA NA VELOCIDADE DO MOTOR 211 - ORDEM - 30008457988",amassando lata no twister de entrada do rinser gerado por problema na velocidade do motor 211 ordem 30008457988,FALHA DE MOTOR,FALHA DE MOTOR
1837,"FALHA NO INVERSOR DO MOTOR 408 DO TRANSPORTE ALINHADOR,ANTES DA FILTEC - ORDEM -30008457963",falha no inversor do motor 408 do transporte alinhador antes da filtec ordem 30008457963,FALHA DE INVERSOR,FALHA DE INVERSOR
1838,"AMASSANDO LATA NO TWISTER DE ENTRADA DO RINSER,GERADO POR PROBLEMA NA VELOCIDADE DO MOTOR 211 - ORDEM - 30008457988",amassando lata no twister de entrada do rinser gerado por problema na velocidade do motor 211 ordem 30008457988,FALHA DE MOTOR,FALHA DE MOTOR
1839,"AMASSANDO LATA NO TWISTER DE ENTRADA DO RINSER,GERADO POR PROBLEMA NA VELOCIDADE DO MOTOR 211 - ORDEM - 30008457988",amassando lata no twister de entrada do rinser gerado por problema na velocidade do motor 211 ordem 30008457988,FALHA DE MOTOR,FALHA DE MOTOR
1840,PERDA DA REFERENCIA DA CORRENTE DE ARRASTE DA ENCHEDORA COM A RECRAVADORA - ORDEM 30008457987,perda da referencia da corrente de arraste da enchedora com a recravadora ordem 30008457987,FALHA DE RECRAVAÇÃO,FALHA DE RECRAVACAO
1841,PERDA DA REFERENCIA DA CORRENTE DE ARRASTE DA ENCHEDORA COM A RECRAVADORA - ORDEM 30008457987,perda da referencia da corrente de arraste da enchedora com a recravadora ordem 30008457987,FALHA DE RECRAVAÇÃO,FALHA DE RECRAVACAO
1842,PERDA DA REFERENCIA DA CORRENTE DE ARRASTE DA ENCHEDORA COM A RECRAVADORA,perda da referencia da corrente de arraste da enchedora com a recravadora,FALHA DE RECRAVAÇÃO,FALHA DE RECRAVACAO
1843,PERDA DA REFERENCIA DA CORRENTE DE ARRASTE DA ENCHEDORA COM A RECRAVADORA,perda da referencia da corrente de arraste da enchedora com a recravadora,FALHA DE RECRAVAÇÃO,FALHA DE RECRAVACAO
1844,LATA AMASSANDO E FURANDO DURANTE RECRAVAÇÃO,lata amassando e furando durante recravacao,FALHA DE RECRAVAÇÃO,FALHA DE RECRAVACAO
1845,ESTEIRA DA CURVA DO TRANSPORTE DA ENCAIXATADORA ESCAPOU,esteira da curva do transporte da encaixatadora escapou,ESCAPE DE ESTEIRA,ESCAPE DE ESTEIRA
1846,PALETIZADORA PEGANDO CAIXAS A MENOS,paletizadora pegando caixas a menos,FALHA NA PEGADA DE CAMADA,FALHA NA PEGADA DE CAMADA
1847,"TROCA DO REPARO DAS VÁLVULAS 93,12 E 49 ORDEM 30008455987",troca do reparo das valvulas 93 12 e 49 ordem 30008455987,FALHA DE VEDAÇÃO DA VÁLVULA,FALHA DE VEDACAO DA VALVULA
1848,"TROCA DO REPARO DAS VÁLVULAS 93,12 E 49 ORDEM 30008455987",troca do reparo das valvulas 93 12 e 49 ordem 30008455987,FALHA DE VEDAÇÃO DA VÁLVULA,FALHA DE VEDACAO DA VALVULA
1849,PACOTE SAINDO ABERTO PARANDO A PALETIZADORA,pacote saindo aberto parando a paletizadora,FALHA DE ENVOLVIMENTO,FALHA DE ENVOLVIMENTO
1850,PACOTE SAINDO ABERTO PARANDO A PALETIZADORA,pacote saindo aberto parando a paletizadora,FALHA DE ENVOLVIMENTO,FALHA DE ENVOLVIMENTO
1851,FALHA CARTÃO MESTRE,falha cartao mestre,FALHA DE CARTÃO MESTRE,FALHA DE CARTAO MESTRE
1852,FALHA CARTÃO MESTRE,falha cartao mestre,FALHA DE CARTÃO MESTRE,FALHA DE CARTAO MESTRE
1853,ENCHEDORA FORA DE SINCRONISMO - ORDEM: 30008459395,enchedora fora de sincronismo ordem 30008459395,FALHA DE SINCRONISMO,FALHA DE SINCRONISMO
1854,ENCHEDORA FORA DE SINCRONISMO - ORDEM: 30008459395,enchedora fora de sincronismo ordem 30008459395,FALHA DE SINCRONISMO,FALHA DE SINCRONISMO
1855,PACOTE SAINDO ABERTO PARANDO A PALETIZADORA,pacote saindo aberto parando a paletizadora,FALHA DE ENVOLVIMENTO,FALHA DE ENVOLVIMENTO
1856,PACOTE SAINDO ABERTO PARANDO A PALETIZADORA,pacote saindo aberto parando a paletizadora,FALHA DE ENVOLVIMENTO,FALHA DE ENVOLVIMENTO
1857,REAJUSTE DE SET UP NA RECRAVADORA,reajuste de set up na recravadora,FALHA DE RECRAVAÇÃO,FALHA DE RECRAVACAO
1858,COLIÇÃO DO CABEÇOTE DO ROBO COM CAIXAS SOBRE PALLETS ORDEM: 30008460471,colicao do cabecote do robo com caixas sobre pallets ordem 30008460471,FALHA DE ROBÔ,FALHA DE ROBO
1859,"FALHA AUTOCALIBRAÇÃO, DEVIDO GÁS OZÔNIO BAIXO 30008460482",falha autocalibracao devido gas ozonio baixo 30008460482,FALHA DE CONTROLE DE PROCESSO,FALHA DE CONTROLE DE PROCESSO
1860,GUIA DE ENTRADA DESAJUSTADA OCASIONADO ENTRADA DE CAIXAS ERRADA,guia de entrada desajustada ocasionado entrada de caixas errada,FALHA DE GUIA,FALHA DE GUIA
1861,PINÇA MOTORIZADA DO ROBO UM ESTAVA PRESSIONANDO OS PACOTES,pinca motorizada do robo um estava pressionando os pacotes,FALHA DE PINÇA,FALHA DE PINCA
1862,REAJUSTE DE SET UP NA RECRAVADORA,reajuste de set up na recravadora,FALHA DE RECRAVAÇÃO,FALHA DE RECRAVACAO
1863,REAJUSTE DE SET UP NA RECRAVADORA / DEVIDO LATAS AMASSADAS,reajuste de set up na recravadora devido latas amassadas,FALHA DE RECRAVAÇÃO,FALHA DE RECRAVACAO
1864,REAJUSTE DE SET UP NA RECRAVADORA / DEVIDO LATAS AMASSADAS,reajuste de set up na recravadora devido latas amassadas,FALHA DE RECRAVAÇÃO,FALHA DE RECRAVACAO
1865,REAJUSTE DE SET UP NA RECRAVADORA / DEVIDO LATAS AMASSADAS,reajuste de set up na recravadora devido latas amassadas,FALHA DE RECRAVAÇÃO,FALHA DE RECRAVACAO
1866,RECRAVADORA DANIFICANDO LATAS,recravadora danificando latas,FALHA DE RECRAVAÇÃO,FALHA DE RECRAVACAO
1867,ESTEIRA DESALINHADA,esteira desalinhada,ESCAPE DE ESTEIRA,ESCAPE DE ESTEIRA
1868,FALHA NO INVERSOR DO MOTOR 404 DO TRANSPORTE DA PONTE DE VACUO,falha no inversor do motor 404 do transporte da ponte de vacuo,FALHA DE INVERSOR,FALHA DE INVERSOR
1869,FALHA REDOX BAIXO 30008460482,falha redox baixo 30008460482,FALHA DE CONTROLE DE PROCESSO,FALHA DE CONTROLE DE PROCESSO
1870,QUEIMA DO FILAMENTO,queima do filamento,QUEIMA DE FILAMENTO,QUEIMA DE FILAMENTO
1871,QUEIMA DOS FILAMENTOS EQUIPAMENTO MASS SPEC,queima dos filamentos equipamento mass spec,QUEIMA DE FILAMENTO,QUEIMA DE FILAMENTO
1872,ABA CONICA DANIFICADA,aba conica danificada,FALHA DE ABA CÔNICA,FALHA DE ABA CONICA
1873,"PINO DA ESTEIRA FORA, AMASSANDO AS MESMAS E GERANDO ENROSCO DAS LATAS",pino da esteira fora amassando as mesmas e gerando enrosco das latas,FALHA DE ESTEIRA,FALHA DE ESTEIRA
1874,BEBIDA ESPUMANDO AUMENTOU A PRESSÃO DO MIXER,bebida espumando aumentou a pressao do mixer,ESPUMAMENTO DE BEBIDA,ESPUMAMENTO DE BEBIDA
1875,BEBIDA ESPUMANDO,bebida espumando,ESPUMAMENTO DE BEBIDA,ESPUMAMENTO DE BEBIDA
1876,FALHA NO ANALISADOR COBRIX,falha no analisador cobrix,FALHA DE ANALISADOR,FALHA DE ANALISADOR
1877,FALHA NO ANALISADOR COBRIX,falha no analisador cobrix,FALHA DE ANALISADOR,FALHA DE ANALISADOR
1878,FALHA NO ANALISADOR COBRIX,falha no analisador cobrix,FALHA DE ANALISADOR,FALHA DE ANALISADOR
1879,QUEBROU PARAFUSO DA HASTE DOS ELEMENTOS FILTRANTES.,quebrou parafuso da haste dos elementos filtrantes,QUEBRA DE PARAFUSO,QUEBRA DE PARAFUSO
1880,"PORTA COM FOLGA,FALHA SENSOR.",porta com folga falha sensor,FALHA DE SENSOR,FALHA DE SENSOR
1881,VAZAMENTO DE AR NO PISTÃO ORDEM 30008462801,vazamento de ar no pistao ordem 30008462801,VAZAMENTO PNEUMÁTICO,VAZAMENTO PNEUMATICO
1882,FALHA PASSAR GARRAFAS TESTES VERMELHAS DEVIDO BAIXO FLUXO DE OZONIO DO CANAL 1 E 2 ORDEM: 30008465419,falha passar garrafas testes vermelhas devido baixo fluxo de ozonio do canal 1 e 2 ordem 30008465419,FALHA DE CONTROLE DE PROCESSO,FALHA DE CONTROLE DE PROCESSO
1883,FALHA PASSAR GARRAFAS TESTES VERMELHAS DEVIDO BAIXO FLUXO DE OZONIO DO CANAL 1 E 2 ORDEM: 30008465419,falha passar garrafas testes vermelhas devido baixo fluxo de ozonio do canal 1 e 2 ordem 30008465419,FALHA DE CONTROLE DE PROCESSO,FALHA DE CONTROLE DE PROCESSO
1884,FALHA INVERSOR TRANSPORTE DE DESCARGA DE GARRAFAS LAVADORA PARA ENCAXOTADORA,falha inversor transporte de descarga de garrafas lavadora para encaxotadora,FALHA DE INVERSOR,FALHA DE INVERSOR
1885,MOTOR TAG-332 DESARMOU,motor tag 332 desarmou,DESARME DE MOTOR,DESARME DE MOTOR
1886,GUIA DE ENTRADA DA PALETIZADORA SOLTO OCASIONANDO ENTRADA DE CAIXAS ERRADA,guia de entrada da paletizadora solto ocasionando entrada de caixas errada,FALHA DE GUIA,FALHA DE GUIA
1887,GUIA DE ENTRADA DA PALETIZADORA SOLTO OCASIONANDO ENTRADA DE CAIXAS ERRADA,guia de entrada da paletizadora solto ocasionando entrada de caixas errada,FALHA DE GUIA,FALHA DE GUIA
1888,PINÇA MOTORIZADA DO ROBO UM ESTAVA PRESSIONANDO OS PACOTES NOTA30008462773,pinca motorizada do robo um estava pressionando os pacotes nota30008462773,FALHA DE PINÇA,FALHA DE PINCA
1889,TEMPERATURA DO LASER É MUITO ALTA NOTA30008462776,temperatura do laser e muito alta nota30008462776,FALHA DE CONTROLE DE TEMPERATURA,FALHA DE CONTROLE DE TEMPERATURA
1890,PINÇA MOTORIZADA DO ROBO UM ESTAVA PRESSIONANDO OS PACOTES NOTA30008462773,pinca motorizada do robo um estava pressionando os pacotes nota30008462773,FALHA DE PINÇA,FALHA DE PINCA
1891,PINÇA MOTORIZADA DO ROBO UM ESTAVA PRESSIONANDO OS PACOTES NOTA30008462773,pinca motorizada do robo um estava pressionando os pacotes nota30008462773,FALHA DE PINÇA,FALHA DE PINCA
1892,PINÇA MOTORIZADA DO ROBO UM ESTAVA PRESSIONANDO OS PACOTES NOTA30008462773,pinca motorizada do robo um estava pressionando os pacotes nota30008462773,FALHA DE PINÇA,FALHA DE PINCA
1893,PINÇA MOTORIZADA DO ROBO UM ESTAVA PRESSIONANDO OS PACOTES NOTA30008462773,pinca motorizada do robo um estava pressionando os pacotes nota30008462773,FALHA DE PINÇA,FALHA DE PINCA
1894,PINÇA MOTORIZADA DO ROBO UM ESTAVA PRESSIONANDO OS PACOTES NOTA30008462773,pinca motorizada do robo um estava pressionando os pacotes nota30008462773,FALHA DE PINÇA,FALHA DE PINCA
1895,PINÇA MOTORIZADA DO ROBO UM ESTAVA PRESSIONANDO OS PACOTES NOTA30008462773,pinca motorizada do robo um estava pressionando os pacotes nota30008462773,FALHA DE PINÇA,FALHA DE PINCA
1896,PINÇA MOTORIZADA DO ROBO UM ESTAVA PRESSIONANDO OS PACOTES (NOTA30008462773) MÁ FORMAÇÃO DE CAMADAS,pinca motorizada do robo um estava pressionando os pacotes nota30008462773 ma formacao de camadas,FALHA DE PINÇA,FALHA DE PINCA
1897,PINÇA MOTORIZADA DO ROBO UM ESTAVA PRESSIONANDO OS PACOTES (NOTA30008462773) MÁ FORMAÇÃO DE CAMADAS,pinca motorizada do robo um estava pressionando os pacotes nota30008462773 ma formacao de camadas,FALHA DE PINÇA,FALHA DE PINCA
1898,PINÇA MOTORIZADA DO ROBO UM ESTAVA PRESSIONANDO OS PACOTES (NOTA30008462773) MÁ FORMAÇÃO DE CAMADAS,pinca motorizada do robo um estava pressionando os pacotes nota30008462773 ma formacao de camadas,FALHA DE PINÇA,FALHA DE PINCA
1899,PINÇA MOTORIZADA DO ROBO UM ESTAVA PRESSIONANDO OS PACOTES (NOTA30008462773) MÁ FORMAÇÃO DE CAMADAS,pinca motorizada do robo um estava pressionando os pacotes nota30008462773 ma formacao de camadas,FALHA DE PINÇA,FALHA DE PINCA
1900,PINÇA MOTORIZADA DO ROBO 1 ESTA PRESSIONANDO OS PACOTES (NOTA 30008463615 ) MÁ FORMAÇÃO DE CAMADAS,pinca motorizada do robo 1 esta pressionando os pacotes nota 30008463615 ma formacao de camadas,FALHA DE PINÇA,FALHA DE PINCA
1901,ROBO JOGANDO PACOTES PRA FORA NA FORMAÇÃO DE CAMADAS NOTA: 30008463615,robo jogando pacotes pra fora na formacao de camadas nota 30008463615,FALHA DE FORMAÇÃO DE CAMADA,FALHA DE FORMACAO DE CAMADA
1902,FALHA NO SENSOR DE ENTRADA DE PACOTES,falha no sensor de entrada de pacotes,FALHA DE SENSOR,FALHA DE SENSOR
1903,SOBRECARGA DE CORRENTE NO ELEVADOR,sobrecarga de corrente no elevador,FALHA DE ELEVADOR,FALHA DE ELEVADOR
1904,SOBRECARGA DE CORRENTE NO ELEVADOR,sobrecarga de corrente no elevador,FALHA DE ELEVADOR,FALHA DE ELEVADOR
1905,TRAVAMENTO DO TRANSORTE ENTRADA DA PALETIZADORA.,travamento do transorte entrada da paletizadora,SEM MODO DE FALHA IDENTIFICADO,SEM MODO DE FALHA IDENTIFICADO
1906,O EIXO DA ESTEIRA DE ALIMENTACAO DA ENTRADA DA PALETIZADORA ESTAVA QUEBRADO,o eixo da esteira de alimentacao da entrada da paletizadora estava quebrado,QUEBRA DE EIXO,QUEBRA DE EIXO
1907,O EIXO DA ESTEIRA DE ALIMENTACAO DA ENTRADA DA PALETIZADORA ESTAVA QUEBRADO,o eixo da esteira de alimentacao da entrada da paletizadora estava quebrado,QUEBRA DE EIXO,QUEBRA DE EIXO
1908,FALHA NO ENVOLVIMENTO DE PACOTES,falha no envolvimento de pacotes,SEM MODO DE FALHA IDENTIFICADO,SEM MODO DE FALHA IDENTIFICADO
1909,"PATINS SAINDO DO TRILHO, ENTREGANDO PACOTE FORA DE POSIÇÃO",patins saindo do trilho entregando pacote fora de posicao,PATINS FORA DE POSIÇÃO,PATINS FORA DE POSICAO
1910,AJUSTE DE MODULAÇÃO DE VELOCIDADE,ajuste de modulacao de velocidade,SEM MODO DE FALHA IDENTIFICADO,SEM MODO DE FALHA IDENTIFICADO
1911,ALTERAÇÃO DA VELOCIDADE DO DEVICER,alteracao da velocidade do devicer,ALTERAÇÃO DA VELOCIDADE DO DEVICER,ALTERACAO DA VELOCIDADE DO DEVICER
1912,INSPEÇÃO PIN HEIGHE,inspecao pin heighe,FALHA DE INSPEÇÃO,FALHA DE INSPECAO
1913,ALTERAÇÃO DA ALTURA DO CABEÇOTE,alteracao da altura do cabecote,FALHA DE POSICIONAMENTO DO CABEÇOTE,FALHA DE POSICIONAMENTO DO CABECOTE
1914,LUBRIFICAÇÃO DO COMPACTADOR DA MESA DE CARGA,lubrificacao do compactador da mesa de carga,FALHA DE COMPACTAÇÃO DE CAMADA,FALHA DE COMPACTACAO DE CAMADA
1915,ALTERAÇÃO DA VELOCIDADE DO DEVICER,alteracao da velocidade do devicer,ALTERAÇÃO DA VELOCIDADE DO DEVICER,ALTERACAO DA VELOCIDADE DO DEVICER
1916,STOPPER REALIZANDO ACIONAMENTOS INCORRETOS CAUSANDO ENROSCO/PEGA DE PACOTES NA MESA DE COMPACTAÇÃO E CARGA.,stopper realizando acionamentos incorretos causando enrosco pega de pacotes na mesa de compactacao e carga,ENROSCO DE PACOTES,ENROSCO DE PACOTES
1917,STOPPER REALIZANDO ACIONAMENTOS INCORRETOS CAUSANDO ENROSCO/PEGA DE PACOTES NA MESA DE COMPACTAÇÃO E CARGA.,stopper realizando acionamentos incorretos causando enrosco pega de pacotes na mesa de compactacao e carga,ENROSCO DE PACOTES,ENROSCO DE PACOTES
1918,STOPPER REALIZANDO ACIONAMENTOS INCORRETOS CAUSANDO ENROSCO/PEGA DE PACOTES NA MESA DE COMPACTAÇÃO E CARGA.,stopper realizando acionamentos incorretos causando enrosco pega de pacotes na mesa de compactacao e carga,ENROSCO DE PACOTES,ENROSCO DE PACOTES
1919,FALHA NO ENVOLVIMENTO DE PACOTES,falha no envolvimento de pacotes,SEM MODO DE FALHA IDENTIFICADO,SEM MODO DE FALHA IDENTIFICADO
1920,FALHA NO ENVOLVIMENTO DE PACOTES,falha no envolvimento de pacotes,SEM MODO DE FALHA IDENTIFICADO,SEM MODO DE FALHA IDENTIFICADO
1921,CABO DE SEGURANÇA DANIFICADO,cabo de seguranca danificado,FALHA ELÉTRICA SEM COMPONENTE IDENTIFICADO,FALHA ELETRICA SEM COMPONENTE IDENTIFICADO
1922,ENCAVALAMENTO DA ESTEIRA DE ENTRADA DA PALETIZADORA,encavalamento da esteira de entrada da paletizadora,TRAVAMENTO DE ESTEIRA,TRAVAMENTO DE ESTEIRA
1923,GUIA DE ENTRADA DA PALETIZADORA SOLATO OCASIONANDO ENTRADA DE CAIXAS ERRADA,guia de entrada da paletizadora solato ocasionando entrada de caixas errada,FALHA DE GUIA,FALHA DE GUIA
1924,QUEBRA DA BARRA DE FILME,quebra da barra de filme,QUEBRA DE COMPONENTE,QUEBRA DE COMPONENTE
1925,QUEBRA DA BARRA DE FILME,quebra da barra de filme,QUEBRA DE COMPONENTE,QUEBRA DE COMPONENTE
1926,"PALETIZADORA INICIOU A MONTAGEM DAS CAMADAS SEM O PALETE MONTADO ANTERIOR TER SAIDO, GERANDO COLISÃO ENTRE GAIOLA E PALETE.",paletizadora iniciou a montagem das camadas sem o palete montado anterior ter saido gerando colisao entre gaiola e palete,FALHA DE SEQUENCIAMENTO DA PALETIZADORA,FALHA DE SEQUENCIAMENTO DA PALETIZADORA
1927,AJUSTE NOS SENSORES,ajuste nos sensores,SEM MODO DE FALHA IDENTIFICADO,SEM MODO DE FALHA IDENTIFICADO
1928,"PALETIZADORA INICIOU A MONTAGEM DAS CAMADAS SEM O PALETE MONTADO ANTERIOR TER SAIDO, GERANDO COLISÃO ENTRE GAIOLA E PALETE.",paletizadora iniciou a montagem das camadas sem o palete montado anterior ter saido gerando colisao entre gaiola e palete,FALHA DE SEQUENCIAMENTO DA PALETIZADORA,FALHA DE SEQUENCIAMENTO DA PALETIZADORA
1929,FALHA NO PRESTOTATOR DO PRENSSADOR DA ENVOLVEDORA,falha no prestotator do prenssador da envolvedora,FALHA DE PRESSOSTATO,FALHA DE PRESSOSTATO
1930,FALHA NA PROGRAMAÇÃO PHM - ORDEM: 30008463550,falha na programacao phm ordem 30008463550,FALHA DE PARAMETRIZAÇÃO,FALHA DE PARAMETRIZACAO
1931,TRANSPORTE DE ENTRADA PARA ENVOLVEDORA DESARMANDO - ORDEM:30008463567,transporte de entrada para envolvedora desarmando ordem 30008463567,DESARME DE TRANSPORTE,DESARME DE TRANSPORTE
1932,"ELEVADOR DE PALETES PARANDO FORA DA ALTURA, GERANDO DEGRAU NO TRANSPORTE DE PALETES. ORDEM- 30008465463.",elevador de paletes parando fora da altura gerando degrau no transporte de paletes ordem 30008465463,FALHA DE ELEVADOR,FALHA DE ELEVADOR
1933,"TRANSPORTE DE CAIXAS ELO DANIFICADO, FOI REALIZADO A TROCA ORDEM: 30008465403",transporte de caixas elo danificado foi realizado a troca ordem 30008465403,FALHA DE ELO DE ESTEIRA,FALHA DE ELO DE ESTEIRA
1934,ESTEIRA NA CURVA DO TRANSPORTE DA PALETIZADORA ESCAPOU,esteira na curva do transporte da paletizadora escapou,ESCAPE DE ESTEIRA,ESCAPE DE ESTEIRA
1935,"ROBO DA PALETIZADORA SOLTOU CAMADA DE CAIXAS, OCASIONANDO COLISÃO",robo da paletizadora soltou camada de caixas ocasionando colisao,FALHA DE ROBÔ,FALHA DE ROBO
1936,ESTEIRA DO MOTOR TAG-333 ESCAPANDO,esteira do motor tag 333 escapando,FALHA DE MOTOR,FALHA DE MOTOR
1937,CILINDROROTATIVO DO AGREGADO 2 TRAVADO,cilindrorotativo do agregado 2 travado,TRAVAMENTO DE CILINDRO ROTATIVO,TRAVAMENTO DE CILINDRO ROTATIVO
1938,CILINDROROTATIVO DO AGREGADO 2 TRAVADO ( ESVAZIANDO A LAVADORA ) - ORDEM 30008465711,cilindrorotativo do agregado 2 travado esvaziando a lavadora ordem 30008465711,TRAVAMENTO DE CILINDRO ROTATIVO,TRAVAMENTO DE CILINDRO ROTATIVO
1939,"AJUSTE DE SENSIBILIDADE DO ORGARIO,DEVIDO A TROCA DO FILAMENTO",ajuste de sensibilidade do orgario devido a troca do filamento,SEM MODO DE FALHA IDENTIFICADO,SEM MODO DE FALHA IDENTIFICADO
1940,"ESTEIRA DA CURVA DE ENTRADA DA PALETIZADORA ESCAPOU,ESTEIRA DOSADORA DE ENTRADA DA PALETIZADORA,TRAVOU ( 30008465770 )",esteira da curva de entrada da paletizadora escapou esteira dosadora de entrada da paletizadora travou 30008465770,ESCAPE DE ESTEIRA,ESCAPE DE ESTEIRA
1941,"ESTEIRA DA CURVA DA PALETIZADORA,ESCAPOU E ENTORTOU O ELO",esteira da curva da paletizadora escapou e entortou o elo,ESCAPE DE ESTEIRA,ESCAPE DE ESTEIRA
1942,"FALHA DURANTE MOVIMENTAÇÃO DOS PACOTES, FOI NESESSARIO RETIRAR PACOS E DAR MASTER RESET",falha durante movimentacao dos pacotes foi nesessario retirar pacos e dar master reset,FALHA DE AUTOMAÇÃO,FALHA DE AUTOMACAO
1943,"FALHA NA PEGA, FOI NECESSÁRIO RESET DO ROBÔ",falha na pega foi necessario reset do robo,FALHA DE ROBÔ,FALHA DE ROBO
1944,JATOS FINAIS BAIXOS . ORDEM ;30008465755,jatos finais baixos ordem 30008465755,FALHA DE JATOS DE ENXÁGUE,FALHA DE JATOS DE ENXAGUE
1945,QUEDA DE GARRAFAS NA ENTRADA DO ASEBI,queda de garrafas na entrada do asebi,FALHA DE INSPEÇÃO,FALHA DE INSPECAO
1946,PASSAGEM DE GARRAFAS TESTE.,passagem de garrafas teste,SEM MODO DE FALHA IDENTIFICADO,SEM MODO DE FALHA IDENTIFICADO
1947,"FALHA DE BAIXA PRESSÃO DE AR, REAPERTO DO CONECTOR DO PRESSOSTATO, ORDEM : 30008465465",falha de baixa pressao de ar reaperto do conector do pressostato ordem 30008465465,FALHA DE PRESSOSTATO,FALHA DE PRESSOSTATO
1948,"FALHA DE ENCHIMENTO NA VALVULA Nº76, ORDEM : 30008465460",falha de enchimento na valvula no76 ordem 30008465460,FALHA DE VÁLVULA DE ENCHIMENTO,FALHA DE VALVULA DE ENCHIMENTO
1949,"FALHA DE ENCHIMENTO NA VALVULA Nº76, ORDEM : 30008465460",falha de enchimento na valvula no76 ordem 30008465460,FALHA DE VÁLVULA DE ENCHIMENTO,FALHA DE VALVULA DE ENCHIMENTO
1950,"PALETIZAÇÃO FICANDO COM LATERAL ABERTA, CAINDO PACOTE DO PALLET ACABADO",paletizacao ficando com lateral aberta caindo pacote do pallet acabado,QUEDA DE PACOTES,QUEDA DE PACOTES
1951,"FALHA NA TROCA DE BOBINA, SOLDA ESTOUROU",falha na troca de bobina solda estourou,FALHA DE SOLDA DE FILME,FALHA DE SOLDA DE FILME
1952,"LATA SENDO REJEITADA E CAINDO NA REJEIÇÃO, ENROSCANDO NO TRANSPORTE E FALNTANDO LATA PARA ENCHEDORA",lata sendo rejeitada e caindo na rejeicao enroscando no transporte e falntando lata para enchedora,ENROSCO DE LATAS,ENROSCO DE LATAS
1953,FALHA DE ENCHEMENTO VALVULA 76 JAMP ELETRONICAMENTE.,falha de enchemento valvula 76 jamp eletronicamente,FALHA DE VÁLVULA DE ENCHIMENTO,FALHA DE VALVULA DE ENCHIMENTO
1954,"ELO TORTO, OCASIONANDO TRAVAMENTO, FOI REALIZADO A TROCA DO ELO TORTO ORDEM: 30008474275",elo torto ocasionando travamento foi realizado a troca do elo torto ordem 30008474275,FALHA DE ELO DE ESTEIRA,FALHA DE ELO DE ESTEIRA
1955,"FALHA NA ENTRADA DE CAIXASFORMAÇÃO DE CAMADAS, FOI SUBSTITUIDO O PARAFUSO NO SUPORTE DE FIXAÇÃO DO DIVISOR DE CAIXAS ORDEM: 30008474272",falha na entrada de caixasformacao de camadas foi substituido o parafuso no suporte de fixacao do divisor de caixas ordem 30008474272,FALHA DE FORMAÇÃO DE CAMADA,FALHA DE FORMACAO DE CAMADA
1956,FALHA OZÔNIO BAIXO 30008474311,falha ozonio baixo 30008474311,FALHA DE CONTROLE DE PROCESSO,FALHA DE CONTROLE DE PROCESSO
1957,ESCAPOU A ESTEIRA NA CURVA DA PALETTIZADORA,escapou a esteira na curva da palettizadora,ESCAPE DE ESTEIRA,ESCAPE DE ESTEIRA
1958,"FALHA AUTOCALIBRAÇÃO, DEVIDO GÁS OZONIO BAIXO NO CANAL 1",falha autocalibracao devido gas ozonio baixo no canal 1,FALHA DE CONTROLE DE PROCESSO,FALHA DE CONTROLE DE PROCESSO
1959,SENSOR DO TAPETE DE SAIDA POSICIONADO FORA DO FOCO,sensor do tapete de saida posicionado fora do foco,FALHA DE SENSOR,FALHA DE SENSOR
1960,"VALVULA Nº76 COM FALHA DE ENCHIMENTO FMC, ESTA JAMPEADA ELETRONICAMENTE E COM PULSO 400",valvula no76 com falha de enchimento fmc esta jampeada eletronicamente e com pulso 400,FALHA DE VÁLVULA DE ENCHIMENTO,FALHA DE VALVULA DE ENCHIMENTO
1961,CALIBRAGEM DO SENSOR DE VACUO,calibragem do sensor de vacuo,FALHA DE SENSOR,FALHA DE SENSOR
1962,"ENCHEDORA COM VELOCIDADE REDUZIDA,DEVIDO A VARIAÇÃO NO NIVEL DE ENCHIMENTO DA VÁLVULA 76 - ORDEM - 30008465460",enchedora com velocidade reduzida devido a variacao no nivel de enchimento da valvula 76 ordem 30008465460,FALHA DE VÁLVULA DE ENCHIMENTO,FALHA DE VALVULA DE ENCHIMENTO
1963,"ENCHEDORA COM VELOCIDADE REDUZIDA,DEVIDO A VARIAÇÃO NO NIVEL DE ENCHIMENTO DA VÁLVULA 76 - ORDEM - 30008465460",enchedora com velocidade reduzida devido a variacao no nivel de enchimento da valvula 76 ordem 30008465460,FALHA DE VÁLVULA DE ENCHIMENTO,FALHA DE VALVULA DE ENCHIMENTO
1964,FALHA DE ENCHIMENTO VALVULA 76 JAMP ELETRONICAMENTE.,falha de enchimento valvula 76 jamp eletronicamente,FALHA DE VÁLVULA DE ENCHIMENTO,FALHA DE VALVULA DE ENCHIMENTO
1965,AJUSTE NAS GUIAS DE COMPACTAÇÃO DO CENTRADOR DE FOLHA SEPARADORA,ajuste nas guias de compactacao do centrador de folha separadora,SEM MODO DE FALHA IDENTIFICADO,SEM MODO DE FALHA IDENTIFICADO
1966,FALHA NA BAILARINA DO WARRMER GERANDO O DESLIGAMENTO DO MESMO.,falha na bailarina do warrmer gerando o desligamento do mesmo,FALHA DE BAILARINA,FALHA DE BAILARINA
1967,FALHA DE ENCHIMENTO,falha de enchimento,FALHA DE ENCHIMENTO,FALHA DE ENCHIMENTO
1968,FALHA DE ENCHIMENTO,falha de enchimento,FALHA DE ENCHIMENTO,FALHA DE ENCHIMENTO
1969,FALHA DE ENCHIMENTO,falha de enchimento,FALHA DE ENCHIMENTO,FALHA DE ENCHIMENTO
1970,FALHA DE ENCHIMENTO,falha de enchimento,FALHA DE ENCHIMENTO,FALHA DE ENCHIMENTO
1971,FALHA DE ENCHIMENTO,falha de enchimento,FALHA DE ENCHIMENTO,FALHA DE ENCHIMENTO
1972,FALHA DE ENCHIMENTO,falha de enchimento,FALHA DE ENCHIMENTO,FALHA DE ENCHIMENTO
1973,FALHA DE ENCHIMENTO,falha de enchimento,FALHA DE ENCHIMENTO,FALHA DE ENCHIMENTO
1974,FALHA CARTÃO MESTRE,falha cartao mestre,FALHA DE CARTÃO MESTRE,FALHA DE CARTAO MESTRE
1975,FALHA DE ENCHIMENTO,falha de enchimento,FALHA DE ENCHIMENTO,FALHA DE ENCHIMENTO
1976,FALHA DE ENCHIMENTO,falha de enchimento,FALHA DE ENCHIMENTO,FALHA DE ENCHIMENTO
1977,FALHA DE ENCHIMENTO,falha de enchimento,FALHA DE ENCHIMENTO,FALHA DE ENCHIMENTO
1978,FALHA DE ENCHIMENTO,falha de enchimento,FALHA DE ENCHIMENTO,FALHA DE ENCHIMENTO
1979,QUEBROU BRAÇO DO EMPURADOR DE TAMPAS CSW,quebrou braco do empurador de tampas csw,QUEBRA DE BRAÇO,QUEBRA DE BRACO
1980,QUEBROU BRAÇO DO EMPURADOR DE TAMPAS CSW,quebrou braco do empurador de tampas csw,QUEBRA DE BRAÇO,QUEBRA DE BRACO
1981,QUEDA DE PACOTES DO CABEÇOTE ( CONSECUTIVAMENTE)_,queda de pacotes do cabecote consecutivamente,QUEDA DE PACOTES,QUEDA DE PACOTES
1982,"FALHA DE ENCHIMENTO, EXCESSO DE NIVEL BAIXO",falha de enchimento excesso de nivel baixo,FALHA DE ENCHIMENTO,FALHA DE ENCHIMENTO
1983,FALHA NO DEPOSITO DE PALLET VAZIO,falha no deposito de pallet vazio,FALHA NO DEPOSITO DE PALLET,FALHA NO DEPOSITO DE PALLET
1984,"ENCHEDORA COM VELOCIDADE REDUZIDA,DEVIDO A VARIAÇÃO NO NIVEL DE ENCHIMENTO DA VÁLVULA 76 - ORDEM - 30008465460",enchedora com velocidade reduzida devido a variacao no nivel de enchimento da valvula 76 ordem 30008465460,FALHA DE VÁLVULA DE ENCHIMENTO,FALHA DE VALVULA DE ENCHIMENTO
1985,"ENCHEDORA COM VELOCIDADE REDUZIDA,DEVIDO A VARIAÇÃO NO NIVEL DE ENCHIMENTO DA VÁLVULA 76 - ORDEM - 30008465460",enchedora com velocidade reduzida devido a variacao no nivel de enchimento da valvula 76 ordem 30008465460,FALHA DE VÁLVULA DE ENCHIMENTO,FALHA DE VALVULA DE ENCHIMENTO
1986,"ENCHEDORA COM VELOCIDADE REDUZIDA,DEVIDO A VARIAÇÃO NO NIVEL DE ENCHIMENTO DA VÁLVULA 76 - ORDEM - 30008465460",enchedora com velocidade reduzida devido a variacao no nivel de enchimento da valvula 76 ordem 30008465460,FALHA DE VÁLVULA DE ENCHIMENTO,FALHA DE VALVULA DE ENCHIMENTO
1987,"ENCHEDORA COM VELOCIDADE REDUZIDA,DEVIDO A VARIAÇÃO NO NIVEL DE ENCHIMENTO DA VÁLVULA 76 - ORDEM - 30008465460",enchedora com velocidade reduzida devido a variacao no nivel de enchimento da valvula 76 ordem 30008465460,FALHA DE VÁLVULA DE ENCHIMENTO,FALHA DE VALVULA DE ENCHIMENTO
1988,COLISAO DO ROBO COM O PALLET EM FORMAÇÃO - ORDEM -30008477339,colisao do robo com o pallet em formacao ordem 30008477339,FALHA DE ROBÔ,FALHA DE ROBO
1989,"FALHA VÁLVULA 46, BINOCULO QUEBRADO, OCASIONANDO TRAVAMENTO DO SUPORTE DA TULIPA, GERANDO O ENROSCO DE GARRAFAS NA SAIDA DA ESTRELA ORDEM: 30008478951",falha valvula 46 binoculo quebrado ocasionando travamento do suporte da tulipa gerando o enrosco de garrafas na saida da estrela ordem 30008478951,TRAVAMENTO DE VÁLVULA,TRAVAMENTO DE VALVULA
1990,"ESTEIRA NA CURVA DO TRANSPORTE NA ENTRADA DE CAIXAS PALETIZADORA ESCAPOU, NYLON DANIFICADO, FOI REALIZADO A TROCA DO NYLON",esteira na curva do transporte na entrada de caixas paletizadora escapou nylon danificado foi realizado a troca do nylon,ESCAPE DE ESTEIRA,ESCAPE DE ESTEIRA
1991,"FALHA INSPEÇÃO RÓTULO FRENTE ,REALIZADO APRENDIZAGEM DE CCSA PARA CCZ",falha inspecao rotulo frente realizado aprendizagem de ccsa para ccz,FALHA DE ROTULAGEM,FALHA DE ROTULAGEM
1992,"ESTEIRA NA CURVA DO TRANSPORTE NA ENTRADA DE CAIXAS PALETIZADORA ESCAPOU, NYLON DANIFICADO, FOI REALIZADO A TROCA DO NYLON",esteira na curva do transporte na entrada de caixas paletizadora escapou nylon danificado foi realizado a troca do nylon,ESCAPE DE ESTEIRA,ESCAPE DE ESTEIRA
1993,"FALHA VÁLVULA 46, BINOCULO QUEBRADO, OCASIONANDO TRAVAMENTO DO SUPORTE DA TULIPA, GERANDO O ENROSCO DE GARRAFAS NA SAIDA DA ESTRELA ORDEM: 30008478951",falha valvula 46 binoculo quebrado ocasionando travamento do suporte da tulipa gerando o enrosco de garrafas na saida da estrela ordem 30008478951,TRAVAMENTO DE VÁLVULA,TRAVAMENTO DE VALVULA
1994,"FALHA NA VALVULA 45 E 46 ,ASTE DO ROLO DE ELEVAÇÃO ESTA TRAVANDO",falha na valvula 45 e 46 aste do rolo de elevacao esta travando,TRAVAMENTO DE VÁLVULA,TRAVAMENTO DE VALVULA
1995,"ESTEIRA COM ELO TORTO,ESCAPANDO ( 30008479144 )",esteira com elo torto escapando 30008479144,ESCAPE DE ESTEIRA,ESCAPE DE ESTEIRA
1996,"FALHA NO ENCHIMENTO DA VALVULA 45 E 46 ( ASTE DO ROLO DE ELEVAÇÃO ,TRAVANDO ) 30008479252",falha no enchimento da valvula 45 e 46 aste do rolo de elevacao travando 30008479252,FALHA DE VÁLVULA DE ENCHIMENTO,FALHA DE VALVULA DE ENCHIMENTO
1997,"ESTEIRA COM ELO TORTO,ESCAPANDO , TROCA DA ESTEIRA ( 30008479144 )",esteira com elo torto escapando troca da esteira 30008479144,ESCAPE DE ESTEIRA,ESCAPE DE ESTEIRA
1998,"VALVULA 45 E 46,COM A ASTE DO ROLO DE ELEVAÇÃO TRAVANDO 30008479252",valvula 45 e 46 com a aste do rolo de elevacao travando 30008479252,TRAVAMENTO DE VÁLVULA,TRAVAMENTO DE VALVULA
1999,FALHA NO INVERSOR DO MOTOR 331,falha no inversor do motor 331,FALHA DE INVERSOR,FALHA DE INVERSOR
2000,FALHA DE REMOVEDOR DE CARTÃO BLOQUEADO,falha de removedor de cartao bloqueado,FALHA NO MANUSEIO DE CARTÃO,FALHA NO MANUSEIO DE CARTAO
2001,FALHA DE ENCHIMENTO NA VALVULA 17 ( NOTA; 30008480300 ),falha de enchimento na valvula 17 nota 30008480300,FALHA DE VÁLVULA DE ENCHIMENTO,FALHA DE VALVULA DE ENCHIMENTO
2002,FALHA DE ENCHIMENTO NA VALVULA 17 ( NOTA; 30008480300 ),falha de enchimento na valvula 17 nota 30008480300,FALHA DE VÁLVULA DE ENCHIMENTO,FALHA DE VALVULA DE ENCHIMENTO
2003,"FILME NÃO ESTAVA SENDO PUXADO PARA O ROLO EMBORRACHADO , NOTA 30008478927",filme nao estava sendo puxado para o rolo emborrachado nota 30008478927,FALHA DE TRAÇÃO/GUIAMENTO DE FILME,FALHA DE TRACAO GUIAMENTO DE FILME
2004,"FILME NÃO ESTAVA SENDO PUXADO PARA O ROLO EMBORRACHADO , NOTA 30008478927",filme nao estava sendo puxado para o rolo emborrachado nota 30008478927,FALHA DE TRAÇÃO/GUIAMENTO DE FILME,FALHA DE TRACAO GUIAMENTO DE FILME
2005,SENSOR DE ACIONAMENTO DO TROCADOR DO CALOR EM FALHA,sensor de acionamento do trocador do calor em falha,FALHA DE SENSOR,FALHA DE SENSOR
2006,SENSOR DE ACIONAMENTO DO TROCADOR DO CALOR EM FALHA,sensor de acionamento do trocador do calor em falha,FALHA DE SENSOR,FALHA DE SENSOR
2007,NIVEL BAIXO / TROCA DE ABA CONICA,nivel baixo troca de aba conica,FALHA DE ABA CÔNICA,FALHA DE ABA CONICA
2008,FALHA NO TRANSPAÇO DO PACOTE,falha no transpaco do pacote,FALHA DE TRANSPORTE DE PACOTES,FALHA DE TRANSPORTE DE PACOTES
2009,"QUEDA DE GARRAFAS,TROCA DAS MOLAS DAS PINÇAS N:10 ,19 ORDEM 30008478929",queda de garrafas troca das molas das pincas n 10 19 ordem 30008478929,FALHA DE PINÇA,FALHA DE PINCA
2010,"QUEDA DE GARRAFAS,TROCA DAS MOLAS DAS PINÇAS N:10 ,19 ORDEM 30008478929",queda de garrafas troca das molas das pincas n 10 19 ordem 30008478929,FALHA DE PINÇA,FALHA DE PINCA
2011,PINO DE SEPARACAO FORA DA POSICAO,pino de separacao fora da posicao,FALHA DE PINO DE SEPARAÇÃO,FALHA DE PINO DE SEPARACAO
2012,FALHA DE ENCHIMENTO NA VALVULA 17 ( NOTA; 30008480300 ),falha de enchimento na valvula 17 nota 30008480300,FALHA DE VÁLVULA DE ENCHIMENTO,FALHA DE VALVULA DE ENCHIMENTO
2013,"ENCHEDORA COM VELOCIDADE REDUZIDA,DEVIDO A VARIAÇÃO NO NIVEL DE ENCHIMENTO, ORDEM : 30008478935",enchedora com velocidade reduzida devido a variacao no nivel de enchimento ordem 30008478935,FALHA DE ENCHIMENTO,FALHA DE ENCHIMENTO
2014,FALHA NO DEPOSITO DE PALLET VAZIO,falha no deposito de pallet vazio,FALHA NO DEPOSITO DE PALLET,FALHA NO DEPOSITO DE PALLET
2015,"ENCHEDORA COM VELOCIDADE REDUZIDA,DEVIDO A VARIAÇÃO NO NIVEL DE ENCHIMENTO, ORDEM : 30008478935",enchedora com velocidade reduzida devido a variacao no nivel de enchimento ordem 30008478935,FALHA DE ENCHIMENTO,FALHA DE ENCHIMENTO
2016,"ENCHEDORA COM VELOCIDADE REDUZIDA,DEVIDO A VARIAÇÃO NO NIVEL DE ENCHIMENTO, ORDEM : 30008478935",enchedora com velocidade reduzida devido a variacao no nivel de enchimento ordem 30008478935,FALHA DE ENCHIMENTO,FALHA DE ENCHIMENTO
2017,"ENCHEDORA COM VELOCIDADE REDUZIDA,DEVIDO A VARIAÇÃO NO NIVEL DE ENCHIMENTO, ORDEM : 30008478935",enchedora com velocidade reduzida devido a variacao no nivel de enchimento ordem 30008478935,FALHA DE ENCHIMENTO,FALHA DE ENCHIMENTO
2018,"ENCHEDORA COM VELOCIDADE REDUZIDA,DEVIDO A VARIAÇÃO NO NIVEL DE ENCHIMENTO, ORDEM : 30008478935",enchedora com velocidade reduzida devido a variacao no nivel de enchimento ordem 30008478935,FALHA DE ENCHIMENTO,FALHA DE ENCHIMENTO
2019,FALHA NA PEGA DE PALLET VAZIO,falha na pega de pallet vazio,FALHA NA PEGA DE PALLET VAZIO,FALHA NA PEGA DE PALLET VAZIO
2020,"ENCHEDORA COM VELOCIDADE REDUZIDA,DEVIDO A VARIAÇÃO NO NIVEL DE ENCHIMENTO, ORDEM : 30008478935",enchedora com velocidade reduzida devido a variacao no nivel de enchimento ordem 30008478935,FALHA DE ENCHIMENTO,FALHA DE ENCHIMENTO
2021,FALHA NA PEGA DE PALLET VAZIO,falha na pega de pallet vazio,FALHA NA PEGA DE PALLET VAZIO,FALHA NA PEGA DE PALLET VAZIO
2022,"ENCHEDORA COM VELOCIDADE REDUZIDA,DEVIDO A VARIAÇÃO NO NIVEL DE ENCHIMENTO, ORDEM : 30008478935",enchedora com velocidade reduzida devido a variacao no nivel de enchimento ordem 30008478935,FALHA DE ENCHIMENTO,FALHA DE ENCHIMENTO
2023,FALHA NA PEGA DE PALLET VAZIO,falha na pega de pallet vazio,FALHA NA PEGA DE PALLET VAZIO,FALHA NA PEGA DE PALLET VAZIO
2024,AJUSTE DE VELOCIDADE DA ESTEIRA DO TAPETE DE SAÍDA ORDEM 30008479760,ajuste de velocidade da esteira do tapete de saida ordem 30008479760,FALHA DE ELO DE ESTEIRA,FALHA DE ELO DE ESTEIRA
2025,AJUSTE DE VELOCIDADE DA ESTEIRA DO TAPETE DE SAÍDA ORDEM 30008479760,ajuste de velocidade da esteira do tapete de saida ordem 30008479760,FALHA DE ELO DE ESTEIRA,FALHA DE ELO DE ESTEIRA
2026,"MODULO EM FALHA, PALLET PARANDO NA FRENTE DA BARREIRA 30008480353",modulo em falha pallet parando na frente da barreira 30008480353,FALHA DE BARREIRA,FALHA DE BARREIRA
2027,FALHA DIMENSIONAMENTO DE CAMADAS. ORDEM- 30008478955,falha dimensionamento de camadas ordem 30008478955,FALHA DE DIMENSIONAMENTO DE CAMADA,FALHA DE DIMENSIONAMENTO DE CAMADA
2028,RETIRANDO TODAS AS GARRAFAS. ORDEM 30008478960,retirando todas as garrafas ordem 30008478960,SEM MODO DE FALHA IDENTIFICADO,SEM MODO DE FALHA IDENTIFICADO
2029,TRAVAMENTO DA CORRENTE DE ENVOLVIMENTO. ORDEM- 30008478959,travamento da corrente de envolvimento ordem 30008478959,TRAVAMENTO DE CORRENTE,TRAVAMENTO DE CORRENTE
2030,FALHA NA BANDEROLA,falha na banderola,FALHA DE BANDEIROLA,FALHA DE BANDEIROLA
2031,"FALHA AUTOCALIBRAÇÃO, DEVIDO REDOX BAIXO",falha autocalibracao devido redox baixo,FALHA DE CONTROLE DE PROCESSO,FALHA DE CONTROLE DE PROCESSO
2032,"VAZAMENTO DE AGUA NA MANGUEIRA DA ROTULADORA, ROMPIIMENTO DA CONEXÃO PNEUMATICA ORDEM: 3000848802",vazamento de agua na mangueira da rotuladora rompiimento da conexao pneumatica ordem 3000848802,ROMPIMENTO DE MANGUEIRA DE ÁGUA,ROMPIMENTO DE MANGUEIRA DE AGUA
2033,ROBO PEGANDO CAIXAS A MENOS,robo pegando caixas a menos,FALHA NA PEGADA DE CAMADA,FALHA NA PEGADA DE CAMADA
2034,QUEBROU A ESTEIRA DO TRANSPORTE DE PACOTES NOTA : 30008488808,quebrou a esteira do transporte de pacotes nota 30008488808,QUEBRA DE ESTEIRA,QUEBRA DE ESTEIRA
2035,GFS SEM TAMPA / MOLHOU O FILME DA EMPACOTADORA,gfs sem tampa molhou o filme da empacotadora,FALHA DE ALIMENTAÇÃO DE TAMPAS,FALHA DE ALIMENTACAO DE TAMPAS
2036,ABA CONICA DANIFICADA,aba conica danificada,FALHA DE ABA CÔNICA,FALHA DE ABA CONICA
2037,"(30008489553) FORNO EM ALARME, DESARMOU O DIJUNTOR",30008489553 forno em alarme desarmou o dijuntor,DESARME DE DISJUNTOR,DESARME DE DISJUNTOR
2038,SAIDA DE GARRAFAS DA ENCHEDORA FORA DE SINCRONISMO,saida de garrafas da enchedora fora de sincronismo,FALHA DE SINCRONISMO,FALHA DE SINCRONISMO
2039,SAIDA DE GARRAFAS DA ENCHEDORA FORA DE SINCRONISMO,saida de garrafas da enchedora fora de sincronismo,FALHA DE SINCRONISMO,FALHA DE SINCRONISMO
2041,TWISTER DE SAIDA DA FILTEC DERRUBANDO LATAS PARA A ENTRADA DA EMPACOTADORA,twister de saida da filtec derrubando latas para a entrada da empacotadora,FALHA DE TWISTER,FALHA DE TWISTER
2042,FALHA NO SISTEMA DE ENVOLVIMENTO QUEDA DA REGUA DE ENVOLVIMENTO - ORDEM - 30008489606,falha no sistema de envolvimento queda da regua de envolvimento ordem 30008489606,FALHA DE RÉGUA DE ENVOLVIMENTO,FALHA DE REGUA DE ENVOLVIMENTO
2043,"CAMADA FORMADA NÃO TRANSFERE PARA A MESA DE CARGA, ORDEM : 30008488779",camada formada nao transfere para a mesa de carga ordem 30008488779,FALHA NA MESA DE CARGA,FALHA NA MESA DE CARGA
2044,FALHA NO SISTEMA DE ENVOLVIMENTO QUEDA DA REGUA DE ENVOLVIMENTO - ORDEM - 30008489606,falha no sistema de envolvimento queda da regua de envolvimento ordem 30008489606,FALHA DE RÉGUA DE ENVOLVIMENTO,FALHA DE REGUA DE ENVOLVIMENTO
2045,"ENROSCO DE TAMPA NA TRANSFERENCIA PARA O TRANSPORTE DE ALIMENTAÇÃO, PISTÃO/EMPURRADOR DEMORANDO NO RECUO",enrosco de tampa na transferencia para o transporte de alimentacao pistao empurrador demorando no recuo,ENROSCO DE TAMPAS,ENROSCO DE TAMPAS
2046,FALHA NO SISTEMA DE ENVOLVIMENTO QUEDA DA REGUA DE ENVOLVIMENTO - ORDEM - 30008489606,falha no sistema de envolvimento queda da regua de envolvimento ordem 30008489606,FALHA DE RÉGUA DE ENVOLVIMENTO,FALHA DE REGUA DE ENVOLVIMENTO
2047,REFERENCIAMENTO DO SISTEMA ENVOLVEDOR E CORRENTE DE ARRASTE,referenciamento do sistema envolvedor e corrente de arraste,PERDA DE REFERÊNCIA,PERDA DE REFERENCIA
2048,REJEITOR DE LATAS EXPULSANDO E DERRUBANDO PARA O TRANSPORTE,rejeitor de latas expulsando e derrubando para o transporte,FALHA DE REJEIÇÃO,FALHA DE REJEICAO
2049,REJEITOR DE LATAS EXPULSANDO E DERRUBANDO PARA O TRANSPORTE,rejeitor de latas expulsando e derrubando para o transporte,FALHA DE REJEIÇÃO,FALHA DE REJEICAO
2050,REJEITOR DE LATAS EXPULSANDO E DERRUBANDO PARA O TRANSPORTE,rejeitor de latas expulsando e derrubando para o transporte,FALHA DE REJEIÇÃO,FALHA DE REJEICAO
2051,FALHA INVERSOR 2°TRANSPORTE RECIPIENTES 484 UO,falha inversor 2 transporte recipientes 484 uo,FALHA DE INVERSOR,FALHA DE INVERSOR
2052,FALHA / TRAVOU PISTÃO DE DESEMBALAR TUBETES,falha travou pistao de desembalar tubetes,TRAVAMENTO DE ATUADOR,TRAVAMENTO DE ATUADOR
2053,FALHA DE SINCRONISMO NA CSW,falha de sincronismo na csw,FALHA NO SISTEMA DE CORTE,FALHA NO SISTEMA DE CORTE
2054,AJUSTE DE VELOCIDADE NO TRANSPORTE DE GARRAFAS,ajuste de velocidade no transporte de garrafas,FALHA DE VELOCIDADE DO TRANSPORTE,FALHA DE VELOCIDADE DO TRANSPORTE
2055,"ROBÕ COLOC CHAPATEX FAC LINHA 4, DEPOSITANDO CARTÃO FORA DE POSIÇÃO",robo coloc chapatex fac linha 4 depositando cartao fora de posicao,FALHA DE ROBÔ,FALHA DE ROBO
2056,TROCA DE UMA VENTOSA,troca de uma ventosa,FALHA DE VENTOSA,FALHA DE VENTOSA
2058,FALHA NA ENVOLVEDORA,falha na envolvedora,FALHA DE ENVOLVIMENTO,FALHA DE ENVOLVIMENTO
2059,QUEBROU O PARAFUSO DO FECHA CAMADA,quebrou o parafuso do fecha camada,QUEBRA DE PARAFUSO,QUEBRA DE PARAFUSO
2060,QUEDA DE GARRAFAS NA CORRENTE DE ARRASTE NOTA : 30008490461,queda de garrafas na corrente de arraste nota 30008490461,QUEDA DE GARRAFAS,QUEDA DE GARRAFAS
2061,QUEBRA DA ESTEIRA DA SAIDA DO FORNO ORDEM Nº300084900727,quebra da esteira da saida do forno ordem no300084900727,QUEBRA DE ESTEIRA,QUEBRA DE ESTEIRA
2062,"FILME EMBOLADO NO ROLO DE CORTE DO FILME, FALTA DE BANDEJA PARA PROTEGER O ROLO DE PINGOS DE AGUA DO SUOR DAS GARRAFAS - ORDEM: 30008491557",filme embolado no rolo de corte do filme falta de bandeja para proteger o rolo de pingos de agua do suor das garrafas ordem 30008491557,FALHA DE CORTE DE FILME,FALHA DE CORTE DE FILME
2063,"FILME GRUDADO NO TEFLON NA TROCA DA BOBINA,GERANDO O ESTOURO DA SOLDA DO MESMO NA PARTIDA - ORDEM - 30008490411",filme grudado no teflon na troca da bobina gerando o estouro da solda do mesmo na partida ordem 30008490411,FALHA DE SOLDA DE FILME,FALHA DE SOLDA DE FILME
2064,"TROCA DO PALLET DE FOLHA SEPARADORA EM MODO MANUAL,GERANDO FALHA NO SENSOR DA PORTA DE ENTRADA AO MAGAZINE",troca do pallet de folha separadora em modo manual gerando falha no sensor da porta de entrada ao magazine,FALHA DE SENSOR,FALHA DE SENSOR
2065,"DURANTEPOS PROCESO DE SOLDA DO FILME, FILME GRUDOU NO TEFLON. GERANDO FOLPIMENTO DO FILME",durantepos proceso de solda do filme filme grudou no teflon gerando folpimento do filme,FALHA DE SOLDA DE FILME,FALHA DE SOLDA DE FILME
2066,EQUIPAMENTO SE DESLIGANDO E NAO APRESENTANDO FALHA OU ALERTA SONORO.,equipamento se desligando e nao apresentando falha ou alerta sonoro,SEM MODO DE FALHA IDENTIFICADO,SEM MODO DE FALHA IDENTIFICADO
2067,EQUIPAMENTO SE DESLIGANDO SEM APRESENTAR FALHA OU ALARME SONORO,equipamento se desligando sem apresentar falha ou alarme sonoro,DESLIGAMENTO INDEVIDO DO EQUIPAMENTO,DESLIGAMENTO INDEVIDO DO EQUIPAMENTO
2068,PROCEDIMENTO DE TROCA DO PALETE DE CARTAO SENDO FEITO DE FORMA MANUAL DEVIDO A FALHA NO AUTOMATICO,procedimento de troca do palete de cartao sendo feito de forma manual devido a falha no automatico,FALHA NA TROCA DE PALETE DE CARTÃO,FALHA NA TROCA DE PALETE DE CARTAO
2069,EQUIPAMENTO DELIGANDO SEM APRESENTAR FALHA OU ALERTA SONORO,equipamento deligando sem apresentar falha ou alerta sonoro,DESLIGAMENTO INDEVIDO DO EQUIPAMENTO,DESLIGAMENTO INDEVIDO DO EQUIPAMENTO
2070,PROCEDIMENTO DE TROCA DO PALETE DE CARTAO SENDO FEITO DE FORMA MANUAL DEVIDO A FALHA NO AUTOMATICO,procedimento de troca do palete de cartao sendo feito de forma manual devido a falha no automatico,FALHA NA TROCA DE PALETE DE CARTÃO,FALHA NA TROCA DE PALETE DE CARTAO
2071,EQUIPAMENTO DELIGANDO SEM APRESENTAR FALHA OU ALERTA SONORO,equipamento deligando sem apresentar falha ou alerta sonoro,DESLIGAMENTO INDEVIDO DO EQUIPAMENTO,DESLIGAMENTO INDEVIDO DO EQUIPAMENTO
2072,EQUIPAMENTO DELIGANDO SEM APRESENTAR FALHA OU ALERTA SONORO / FALHA ENCODER REMOVEDORDE CARTÃO BLOQUEADO,equipamento deligando sem apresentar falha ou alerta sonoro falha encoder removedorde cartao bloqueado,FALHA DE ENCODER,FALHA DE ENCODER
2073,"FALHA CHECKMATE, OCASIONANDO FALSO REJEITO NA SAIDA DA ROTULADORA",falha checkmate ocasionando falso rejeito na saida da rotuladora,FALHA DE ROTULAGEM,FALHA DE ROTULAGEM
2074,FALHA SENSOR DA ENTRADA DE GARRAFAS,falha sensor da entrada de garrafas,FALHA DE SENSOR,FALHA DE SENSOR
2075,AJUSTE NO SENSOR DE ENCHIMENTO,ajuste no sensor de enchimento,FALHA DE SENSOR,FALHA DE SENSOR
2076,SAIDA DE GARRAFAS DA ENCHEDORA FORA DE SINCRONISMO 30008490456,saida de garrafas da enchedora fora de sincronismo 30008490456,FALHA DE SINCRONISMO,FALHA DE SINCRONISMO
2077,SAIDA DE GARRAFAS DA ENCHEDORA FORA DE SINCRONISMO,saida de garrafas da enchedora fora de sincronismo,FALHA DE SINCRONISMO,FALHA DE SINCRONISMO
2078,SAIDA DE GARRAFAS DA ENCHEDORA FORA DE SINCRONISMO,saida de garrafas da enchedora fora de sincronismo,FALHA DE SINCRONISMO,FALHA DE SINCRONISMO
2079,PRANHA DERRUBANDO PACOTES,pranha derrubando pacotes,FALHA DE PRANCHA,FALHA DE PRANCHA
2080,ALARME DE PORTA ABERTA ACIONADO,alarme de porta aberta acionado,FALHA DE PORTA DE SEGURANÇA,FALHA DE PORTA DE SEGURANCA
2081,PRANCHA DERRUBANDO PACOTES,prancha derrubando pacotes,FALHA DE COMPACTAÇÃO DE CAMADA,FALHA DE COMPACTACAO DE CAMADA
2082,FALHA DE ENCHIMENTO DAS VALVULAS N° 24;29;51;52;68;70 E 79,falha de enchimento das valvulas n 24 29 51 52 68 70 e 79,FALHA DE VÁLVULA DE ENCHIMENTO,FALHA DE VALVULA DE ENCHIMENTO
2083,REJEITANDO LATAS BOAS,rejeitando latas boas,FALHA DE REJEIÇÃO,FALHA DE REJEICAO
2084,"FALHA VALVULA 45, VALVULA TRAVADA, OCASIONANDO ENROSCO DE GARRAFAS NO CARACOL",falha valvula 45 valvula travada ocasionando enrosco de garrafas no caracol,TRAVAMENTO DE VÁLVULA,TRAVAMENTO DE VALVULA
2085,"FALHA VALVULA 45, VALVULA TRAVADA, OCASIONANDO ENROSCO DE GARRAFAS NO CARACOL ( TROCA DE TURNO )",falha valvula 45 valvula travada ocasionando enrosco de garrafas no caracol troca de turno,TRAVAMENTO DE VÁLVULA,TRAVAMENTO DE VALVULA
2086,"ENROSCO DE ROTULO,FALHA NA APLICAÇÃO DO ROTULO",enrosco de rotulo falha na aplicacao do rotulo,ENROSCO DE RÓTULOS,ENROSCO DE ROTULOS
2087,"ENROSCO DE ROTULO,FALHA NA APLICAÇÃO DO ROTULO",enrosco de rotulo falha na aplicacao do rotulo,ENROSCO DE RÓTULOS,ENROSCO DE ROTULOS
2088,"ENROSCO DE ROTULO,FALHA NA APLICAÇÃO DO ROTULO",enrosco de rotulo falha na aplicacao do rotulo,ENROSCO DE RÓTULOS,ENROSCO DE ROTULOS
2089,PORTA COM DEFEITO (13210685),porta com defeito 13210685,FALHA DE PORTA DE SEGURANÇA,FALHA DE PORTA DE SEGURANCA
2090,FALHA ELÉTRICA - TRANSPORTE PARADO,falha eletrica transporte parado,FALHA DE TRANSPORTE,FALHA DE TRANSPORTE
2091,SETUP ELÉTRICO DE 600ML PARA 1L,setup eletrico de 600ml para 1l,SEM MODO DE FALHA IDENTIFICADO,SEM MODO DE FALHA IDENTIFICADO
2092,"FILME DOBRANDO DEPOIS DO CORTE, SEM ANTI ESTÁTICA, PACOTES ABRINDO NA PALETIZADORA",filme dobrando depois do corte sem anti estatica pacotes abrindo na paletizadora,FALHA DE CORTE DE FILME,FALHA DE CORTE DE FILME
2093,SERVO MOTOR COM TEMPERATURA EXCEDIDA NOTA30008497207,servo motor com temperatura excedida nota30008497207,FALHA DE SERVO MOTOR,FALHA DE SERVO MOTOR
2094,FALHA NO RINSER - ORDEM - 30008495051,falha no rinser ordem 30008495051,SEM MODO DE FALHA IDENTIFICADO,SEM MODO DE FALHA IDENTIFICADO
2095,FALHA NO RINSER,falha no rinser,SEM MODO DE FALHA IDENTIFICADO,SEM MODO DE FALHA IDENTIFICADO
2096,"ROBO DEPOSITANDO CAMADA MUITO ACIMA DO PALETE, CAUSANDO MA FORMAÇAO E QUEDAS DE PACOTES",robo depositando camada muito acima do palete causando ma formacao e quedas de pacotes,FALHA DE ROBÔ,FALHA DE ROBO
2097,TROCA DO PALETE DE CARTAO SENDO FEITO MANUALMENTE DEVIDO A FALHA NO AUTOMATICO,troca do palete de cartao sendo feito manualmente devido a falha no automatico,FALHA NA TROCA DE PALETE DE CARTÃO,FALHA NA TROCA DE PALETE DE CARTAO
2098,EQUIPAMENTO SE DESLIGANDO SOZINHO EM APRESENTAR FALHA OU ALERTA SONORO,equipamento se desligando sozinho em apresentar falha ou alerta sonoro,SEM MODO DE FALHA IDENTIFICADO,SEM MODO DE FALHA IDENTIFICADO
2099,"ROBO DEPOSITANDO CAMADA MUITO ACIMA DO PALETE, CAUSANDO MA FORMAÇAO E QUEDAS DE PACOTES",robo depositando camada muito acima do palete causando ma formacao e quedas de pacotes,FALHA DE ROBÔ,FALHA DE ROBO
2100,EQUIPAMENTO SE DESLIGANDO SEM GERAR FALHA OU ALERTA SONORO,equipamento se desligando sem gerar falha ou alerta sonoro,DESLIGAMENTO INDEVIDO DO EQUIPAMENTO,DESLIGAMENTO INDEVIDO DO EQUIPAMENTO
2101,TROCA DO PALETE DE CARTÃO SENDO FEITO MANUALMENTE DEVIDO A FALHA EM AUTOMATICO,troca do palete de cartao sendo feito manualmente devido a falha em automatico,FALHA NA TROCA DE PALETE DE CARTÃO,FALHA NA TROCA DE PALETE DE CARTAO
2102,CORREÇÃO DOS SENSORES NO TRANSPORTE NA ENTRADA DA ENCHEDORA,correcao dos sensores no transporte na entrada da enchedora,FALHA DE SENSOR,FALHA DE SENSOR
2103,ATRASO NO CIP DURANTE 5 ETAPAS CCKSZ - FALHA NO MIXER,atraso no cip durante 5 etapas ccksz falha no mixer,FALHA DE MISTURA,FALHA DE MISTURA
2104,"ESTEIRA DA ENTRADA DE CAIXAS ENTROU UMA GARRAFA POR BAIXO , OCASIONANDO PARADA DO EQUIPAMENTO",esteira da entrada de caixas entrou uma garrafa por baixo ocasionando parada do equipamento,FALHA DE ESTEIRA,FALHA DE ESTEIRA
2105,"FALHA PINÇA, DANIFICANDO O BOCAL DAS GARRAFAS ORDEM: 30008497279",falha pinca danificando o bocal das garrafas ordem 30008497279,FALHA DE PINÇA,FALHA DE PINCA
2106,QUEDA DA TEMPERATURA,queda da temperatura,FALHA DE CONTROLE DE TEMPERATURA,FALHA DE CONTROLE DE TEMPERATURA
2107,PARADA PARA SETUP ELETRICO ASEBI,parada para setup eletrico asebi,FALHA DE INSPEÇÃO,FALHA DE INSPECAO
2108,TROCA DO PALLET DE FOLHA SEPARADORA EM MODO MANUAL,troca do pallet de folha separadora em modo manual,FALHA NA TROCA DE PALETE DE FOLHA SEPARADORA,FALHA NA TROCA DE PALETE DE FOLHA SEPARADORA
2109,QUEDA DE GARRAFA NA SAIDA DO PINO DE SEPARAÇÃO,queda de garrafa na saida do pino de separacao,QUEDA DE GARRAFAS,QUEDA DE GARRAFAS
2110,"LONA DE TRANSFERENCIA SAIDA DO FORNO DANIFICADA, NECESSARIO REALIZAR A TROCA DA MESMA - NOTA: 13216537",lona de transferencia saida do forno danificada necessario realizar a troca da mesma nota 13216537,FALHA DE ESTEIRA,FALHA DE ESTEIRA
2111,PERSIANA TRAVADA - ORDEM: 30008498639,persiana travada ordem 30008498639,TRAVAMENTO DE PERSIANA,TRAVAMENTO DE PERSIANA
2112,"EMPACOTADORA SEM ANTI ESTATICA, FILME DOBRANDO E ABRINDO PACOTE NA PALETIZADORA",empacotadora sem anti estatica filme dobrando e abrindo pacote na paletizadora,FALHA DE TRAÇÃO/GUIAMENTO DE FILME,FALHA DE TRACAO GUIAMENTO DE FILME
2113,FALHA DE PPC E PERDA DO SINCRONISMO,falha de ppc e perda do sincronismo,FALHA DE SINCRONISMO,FALHA DE SINCRONISMO
2114,FALHA NA RETIRADA DO QUADRO,falha na retirada do quadro,FALHA NO MANUSEIO DE CARTÃO,FALHA NO MANUSEIO DE CARTAO
2115,TRANSPORTE PARANDO,transporte parando,FALHA DE TRANSPORTE,FALHA DE TRANSPORTE
2116,CRASH NA SAIDA DA ENCHEDORA,crash na saida da enchedora,ENROSCO DE GARRAFAS,ENROSCO DE GARRAFAS
2117,TROCA DA TULIPA N* 30 FOI TROCADA . ORDEM 30008500560,troca da tulipa n 30 foi trocada ordem 30008500560,FALHA DE TULIPA,FALHA DE TULIPA
2118,"AJUSTE NO GUIA DE ENTRADA, OCASIONANDO EM GARRAFAS TORTA PARA AS VALVULA DE ENCHIMENTO, AJUSTE DE PARAMETROS DE PRESSÃO E SOBRE NIVEL",ajuste no guia de entrada ocasionando em garrafas torta para as valvula de enchimento ajuste de parametros de pressao e sobre nivel,DEFORMAÇÃO/DESALINHAMENTO DE GUIA,DEFORMACAO DESALINHAMENTO DE GUIA
2119,"SENSOR DA ESTRELA DE ENTRADA NÃO ESTÁ IDENTIFICANDO ALGUMAS GARRAFAS, OCASIONANDO EM ENROSCO NO INSPETOR DA HEUFT",sensor da estrela de entrada nao esta identificando algumas garrafas ocasionando em enrosco no inspetor da heuft,FALHA DE SENSOR,FALHA DE SENSOR
2120,ESCAPOU A CORREIA,escapou a correia,ESCAPE DE CORREIA,ESCAPE DE CORREIA
2121,ESTEIRA NA ENTRADA DA PALETIZADORA ENCAVALOU 30008500480,esteira na entrada da paletizadora encavalou 30008500480,TRAVAMENTO DE ESTEIRA,TRAVAMENTO DE ESTEIRA
2122,FALHA NO SENSOR DE SAIDA DE GARRAFAS DA ROTULADORA,falha no sensor de saida de garrafas da rotuladora,FALHA DE SENSOR,FALHA DE SENSOR
2123,TANGÊNCIAMENTO DO AGREGADO 2 FORA/ NECESSÁRIO DESLOCAR TORRE PARA ESQUERDA PARA MINIMIZAR ENROSCOS DE RÓTULOS,tangenciamento do agregado 2 fora necessario deslocar torre para esquerda para minimizar enroscos de rotulos,DESALINHAMENTO DE AGREGADO,DESALINHAMENTO DE AGREGADO
2124,SERVO MOTOR COM TEMPERATURA EXCEDIDA,servo motor com temperatura excedida,FALHA DE SERVO MOTOR,FALHA DE SERVO MOTOR
2125,SERVO MOTOR SAÍDA ENCHEDORA/ ENTRADA CARROSSEL EXCEDENDO O PERCENTUAL DE UTILIZ.,servo motor saida enchedora entrada carrossel excedendo o percentual de utiliz,FALHA DE SERVO MOTOR,FALHA DE SERVO MOTOR
2126,SERVO MOTOR (SAÍDA ENCHEDORA/ ENTRADA CARROSSEL) EXCEDENDO O PERCENTUAL DE UTILIZ.,servo motor saida enchedora entrada carrossel excedendo o percentual de utiliz,FALHA DE SERVO MOTOR,FALHA DE SERVO MOTOR
2127,CENTRADOR DE PALETE ENROSCANDO NO STOPER DO ELEVADOR,centrador de palete enroscando no stoper do elevador,FALHA DE ELEVADOR,FALHA DE ELEVADOR
2128,FALHA NA CODIFICADORA - MARKEM -IMAJE - ORDEM -30008500399,falha na codificadora markem imaje ordem 30008500399,FALHA DE CODIFICAÇÃO,FALHA DE CODIFICACAO
2129,"FALHA NO CORTE DO TUBETE,GERANDO ENROSCO E PARADA DA RECRAVADORA - ORDEM - 30008500400",falha no corte do tubete gerando enrosco e parada da recravadora ordem 30008500400,FALHA DE RECRAVAÇÃO,FALHA DE RECRAVACAO
2130,FALHA NO SERVO 27,falha no servo 27,FALHA DE SERVO MOTOR,FALHA DE SERVO MOTOR
2131,FALHA DE ENCHIMENTO DEVIDO ALTA TEMPERATURA DA BEBIDA,falha de enchimento devido alta temperatura da bebida,FALHA DE ENCHIMENTO,FALHA DE ENCHIMENTO
2132,"FALHA NA MESA DE FORMAÇÃO DE PACOTES / ATUAÇÃO MECANICA , COLOCOU ( CALÇO / RUELA) NO EQUIPAMENTO",falha na mesa de formacao de pacotes atuacao mecanica colocou calco ruela no equipamento,FALHA NA MESA DE FORMAÇÃO DE PACOTES,FALHA NA MESA DE FORMACAO DE PACOTES
2133,"FALHA DE COMUNICAÇÃO DA REDE COM SENSOR DE LEITURA DE LATAS, DEVIDO ROMPIMENTO DE CABO NOTA : (30008503716)",falha de comunicacao da rede com sensor de leitura de latas devido rompimento de cabo nota 30008503716,FALHA DE COMUNICAÇÃO,FALHA DE COMUNICACAO
2134,FALHA DE INVERSOR N°300; 480; 484; 590; 600 E 700,falha de inversor n 300 480 484 590 600 e 700,FALHA DE INVERSOR,FALHA DE INVERSOR
2135,"FILME ESTOUROU, NA TROCA DE BOBINA , DEVIDO FICAR GRUDADO NA TROCA DE BOBINA",filme estourou na troca de bobina devido ficar grudado na troca de bobina,ROMPIMENTO DE FILME,ROMPIMENTO DE FILME
2136,"VELOCIDADE REDUZIDA, EXCESSO DE NIVEL BAIXO",velocidade reduzida excesso de nivel baixo,FALHA DE ENCHIMENTO,FALHA DE ENCHIMENTO
2137,CORTE DO NYLON DO TRANSPORTE ALINHADOR E AJUSTE,corte do nylon do transporte alinhador e ajuste,SEM MODO DE FALHA IDENTIFICADO,SEM MODO DE FALHA IDENTIFICADO
2138,"SENSOR COM FALHA NA LEITURA DA LATA ,GERANDO FALHA NO ENCHIMENTO DA MESMA",sensor com falha na leitura da lata gerando falha no enchimento da mesma,FALHA DE SENSOR,FALHA DE SENSOR
2139,ROLAMENTO DO DISCO DANIFICADO. - 30008506030,rolamento do disco danificado 30008506030,FALHA DE ROLAMENTO,FALHA DE ROLAMENTO
2140,"CRASH NA SAIDA DA ENCHEDORA NA VALVULA 33 , LIMPEZA DA MAQUINA",crash na saida da enchedora na valvula 33 limpeza da maquina,FALHA DE VÁLVULA,FALHA DE VALVULA
2141,FALHA DE SINCRONISMO NA SAIDA NOTA:30008506960,falha de sincronismo na saida nota 30008506960,FALHA DE SINCRONISMO,FALHA DE SINCRONISMO
2142,CRASH MA SAIDA DA ENCHEDORA . LIMPEZA DA MAQUINA,crash ma saida da enchedora limpeza da maquina,ENROSCO DE GARRAFAS,ENROSCO DE GARRAFAS
2143,ROMPIMENTO DA MANGUEIRA DE AGUA DA VALVULA MODULADORA,rompimento da mangueira de agua da valvula moduladora,FALHA DE VÁLVULA MODULADORA,FALHA DE VALVULA MODULADORA
2144,ROBO DEPOSITANDO CAMADAS TORTAS,robo depositando camadas tortas,FALHA DE FORMAÇÃO DE CAMADA,FALHA DE FORMACAO DE CAMADA
2145,ROBO DEPOSITANDO CAMADAS TORTAS,robo depositando camadas tortas,FALHA DE FORMAÇÃO DE CAMADA,FALHA DE FORMACAO DE CAMADA
2146,FALHA DE ENCHIMENTO NA VALVULA N° 41,falha de enchimento na valvula n 41,FALHA DE VÁLVULA DE ENCHIMENTO,FALHA DE VALVULA DE ENCHIMENTO
2147,FALHA DE ENCHIMENTO NA VALVULA N° 41,falha de enchimento na valvula n 41,FALHA DE VÁLVULA DE ENCHIMENTO,FALHA DE VALVULA DE ENCHIMENTO
2148,"ROLETE TRAVADO, GERANDO PACOTE ABERTO",rolete travado gerando pacote aberto,TRAVAMENTO DE ROLETES,TRAVAMENTO DE ROLETES
2149,TRANSPORTE NA SAIDA DA DESENCAIXATADORA DESARMOU ORDEM: 30008506016,transporte na saida da desencaixatadora desarmou ordem 30008506016,DESARME DE TRANSPORTE,DESARME DE TRANSPORTE
2150,FALHA NO SISTEMA DE CORTE 30008505976,falha no sistema de corte 30008505976,FALHA NO CORTE DE TUBETES,FALHA NO CORTE DE TUBETES
2151,"VELOCIDADE REDUZIDA, EXCESSO DE NIVEL BAIXO",velocidade reduzida excesso de nivel baixo,FALHA DE ENCHIMENTO,FALHA DE ENCHIMENTO
2152,FALHA NO SISTEMA DE CORTE 30008505976,falha no sistema de corte 30008505976,FALHA NO CORTE DE TUBETES,FALHA NO CORTE DE TUBETES
2153,"VELOCIDADE REDUZIDA, EXCESSO DE NIVEL BAIXO",velocidade reduzida excesso de nivel baixo,FALHA DE ENCHIMENTO,FALHA DE ENCHIMENTO
2154,INSPEÇÃO ELÉTRICA NO ASEBI.,inspecao eletrica no asebi,FALHA DE INSPEÇÃO,FALHA DE INSPECAO
2155,AJUSTES NA POSIÇÃO DA MASCRA,ajustes na posicao da mascra,DESALINHAMENTO DE MÁSCARA,DESALINHAMENTO DE MASCARA
2156,"FALHA NA VALVULA 75, FALHA DE ENCHIMENTO NECESSARIO TROCA DA VALVULA",falha na valvula 75 falha de enchimento necessario troca da valvula,FALHA DE ENCHIMENTO,FALHA DE ENCHIMENTO
2157,TROCA DO FREIO DA BORBOLETA DA VALVULA 17,troca do freio da borboleta da valvula 17,FALHA DE VÁLVULA,FALHA DE VALVULA
2158,CHAPA DE PASSAGEM DERRUBANDO LATAS PARA O TRANSPORTE DO WARMER,chapa de passagem derrubando latas para o transporte do warmer,QUEDA DE LATAS,QUEDA DE LATAS
2159,FALHA DE ENCHIMENTO NA VALVULA N° 41,falha de enchimento na valvula n 41,FALHA DE VÁLVULA DE ENCHIMENTO,FALHA DE VALVULA DE ENCHIMENTO
2160,CHAPA DE PASSAGEM DERRUBANDO LATAS PARA O TRANSPORTE DO WARMER,chapa de passagem derrubando latas para o transporte do warmer,QUEDA DE LATAS,QUEDA DE LATAS
2161,FALHA DE ENCHIMENTO NA VALVULA N° 41,falha de enchimento na valvula n 41,FALHA DE VÁLVULA DE ENCHIMENTO,FALHA DE VALVULA DE ENCHIMENTO
2162,FALHA DE ENCHIMENTO NA VALVULA N° 41,falha de enchimento na valvula n 41,FALHA DE VÁLVULA DE ENCHIMENTO,FALHA DE VALVULA DE ENCHIMENTO
2163,"QUEBRA DA ESTEIRA DA SAIDA DA TWISTER DA FILTEC, ORDEM : 30008509919",quebra da esteira da saida da twister da filtec ordem 30008509919,QUEBRA DE ESTEIRA,QUEBRA DE ESTEIRA
2164,FALHA DE ENCHIMENTO VALVULA 41.,falha de enchimento valvula 41,FALHA DE VÁLVULA DE ENCHIMENTO,FALHA DE VALVULA DE ENCHIMENTO
2165,"QUEBRA DA ESTEIRA DA SAIDA DA TWISTER DA FILTEC, ORDEM : 30008509919",quebra da esteira da saida da twister da filtec ordem 30008509919,QUEBRA DE ESTEIRA,QUEBRA DE ESTEIRA
2166,FALHA NA PEGA DE CARTÃO,falha na pega de cartao,FALHA NO MANUSEIO DE CARTÃO,FALHA NO MANUSEIO DE CARTAO
2167,"DERRUBANDO LATAS NO PULMAO DO WARMER, GERANDO MUITO ACUMULO NO ALINHADOR",derrubando latas no pulmao do warmer gerando muito acumulo no alinhador,QUEDA DE LATAS,QUEDA DE LATAS
2168,FALHA NA PEGA DE CARTÃO,falha na pega de cartao,FALHA NO MANUSEIO DE CARTÃO,FALHA NO MANUSEIO DE CARTAO
2169,ABA CONICA DANIFICADA / GFS COM NIVEL BAIXO,aba conica danificada gfs com nivel baixo,FALHA DE ABA CÔNICA,FALHA DE ABA CONICA
2170,DESARME DO ENCODER DO EMPURRADOR,desarme do encoder do empurrador,FALHA DE ENCODER,FALHA DE ENCODER
2171,FALHA NA PEGA DE CARTÃO,falha na pega de cartao,FALHA NO MANUSEIO DE CARTÃO,FALHA NO MANUSEIO DE CARTAO
2172,"ROLETE TRAVADO, GERANDO PACOTES ABERTOS PARA A FORMAÇÃO DE CAMADA DA PALETIZADORA",rolete travado gerando pacotes abertos para a formacao de camada da paletizadora,TRAVAMENTO DE ROLETES,TRAVAMENTO DE ROLETES
2173,TROCA DA VENTOSA ( ORDEM - 30008512283 ),troca da ventosa ordem 30008512283,FALHA DE VENTOSA,FALHA DE VENTOSA
2174,ATUAÇÃO NO COMPACTADOR DE CAMADA (30008512288),atuacao no compactador de camada 30008512288,FALHA DE COMPACTAÇÃO DE CAMADA,FALHA DE COMPACTACAO DE CAMADA
2175,FALHA NA DATADORA MARKEM IMAGE NOTA (30008512318),falha na datadora markem image nota 30008512318,FALHA DE CODIFICAÇÃO,FALHA DE CODIFICACAO
2176,"PARAFUSO DA GUIA TRASEIRA DA DESENCAIXATADORA SOLTO, OCASIONANDO ENROSCO DE CAIXAS NA GRELHA",parafuso da guia traseira da desencaixatadora solto ocasionando enrosco de caixas na grelha,ENROSCO DE CAIXAS,ENROSCO DE CAIXAS
2177,REGULAGEM POSIÇÃO DA MASCARA ORDEM 30008513908,regulagem posicao da mascara ordem 30008513908,SEM MODO DE FALHA IDENTIFICADO,SEM MODO DE FALHA IDENTIFICADO
2178,FALHA NO BOTÂO DE RESET DO LINATRONIC,falha no botao de reset do linatronic,FALHA DE BOTÃO DE RESET,FALHA DE BOTAO DE RESET
2179,FALHA NO BOTÃO DO RESET DO LINATRONIC 11309325,falha no botao do reset do linatronic 11309325,FALHA DE BOTÃO DE RESET,FALHA DE BOTAO DE RESET
2180,ESTABILIDADE DE EQUIPAMENTO,estabilidade de equipamento,ESTABILIDADE DE EQUIPAMENTO,ESTABILIDADE DE EQUIPAMENTO
2181,PACOTES ABRINDO NA EMPACOTADORA,pacotes abrindo na empacotadora,FALHA DE ENVOLVIMENTO,FALHA DE ENVOLVIMENTO
2182,CODIFICADORA DESARMANDO NO PAINEL GERAL,codificadora desarmando no painel geral,FALHA DE CODIFICAÇÃO,FALHA DE CODIFICACAO
2183,ESTABILIDADE DE EQUIPAMENTO,estabilidade de equipamento,ESTABILIDADE DE EQUIPAMENTO,ESTABILIDADE DE EQUIPAMENTO
2184,TRAVAMENTO DE GARRAFAS NO REJEITO ENOS A100,travamento de garrafas no rejeito enos a100,FALHA DE REJEIÇÃO,FALHA DE REJEICAO
2185,"FALHA PINÇA, OCASIONANDO GARRAFAS AMASSADAS 30008513154",falha pinca ocasionando garrafas amassadas 30008513154,FALHA DE PINÇA,FALHA DE PINCA
2186,FALHA CABO DE SEGURANÇA NA ENTRADA DA LAVADORA,falha cabo de seguranca na entrada da lavadora,FALHA DE CABO DE SEGURANÇA,FALHA DE CABO DE SEGURANCA
2187,DESARME NA PALETIZADORA,desarme na paletizadora,DESARME DE EQUIPAMENTO,DESARME DE EQUIPAMENTO
2188,"ROBO NAO PEGANDO CAMADA, GERANDO BY PASS",robo nao pegando camada gerando by pass,FALHA NA PEGADA DE CAMADA,FALHA NA PEGADA DE CAMADA
2189,SAINDO PACOTES ABERTO,saindo pacotes aberto,FALHA DE ENVOLVIMENTO,FALHA DE ENVOLVIMENTO
2190,FALHA NO BRAÇO DE BUSCAR TUBETES / E DESEMBALAR TUBETES (30008514151),falha no braco de buscar tubetes e desembalar tubetes 30008514151,FALHA DE BRAÇO DE TUBETES,FALHA DE BRACO DE TUBETES
2191,QUEDA DO PISTÃO DO TRANSPORTE DE TAMPA DA CSW,queda do pistao do transporte de tampa da csw,FALHA DE TRANSPORTE,FALHA DE TRANSPORTE
2192,"ENROSCO DE TAMPAS NA ENTRADA DO ARROLHADOR , CAUSANDO PARADAS NA LINHA , POR GRFAS ESTAR SAINDO SEM TAMPAS , VELOCIDADE COM + DE 32000 ELA AMASSA ...",enrosco de tampas na entrada do arrolhador causando paradas na linha por grfas estar saindo sem tampas velocidade com de 32000 ela amassa,ENROSCO DE TAMPAS,ENROSCO DE TAMPAS
2193,PARAFUSO DO SUPORTE QUE SEGURA O CABECOTE QUEBROU CAUSANDO A PARADA NA MAQUINA,parafuso do suporte que segura o cabecote quebrou causando a parada na maquina,QUEBRA DE PARAFUSO,QUEBRA DE PARAFUSO
2194,FALHA DE ENCHIMENTO DA VALVULA N°19 / JUMPER FISICO DA VALVULA N°19 COM Nº 17 NOTA (N°30008517328),falha de enchimento da valvula n 19 jumper fisico da valvula n 19 com no 17 nota n 30008517328,FALHA DE VÁLVULA DE ENCHIMENTO,FALHA DE VALVULA DE ENCHIMENTO
2195,ROBO DA PALETIZADORA PEGANDO CAIXAS A MENOS,robo da paletizadora pegando caixas a menos,FALHA NA PEGADA DE CAMADA,FALHA NA PEGADA DE CAMADA
2196,COLISÃO DO ROBO COM PALETE EM TRANSITO 30008516209,colisao do robo com palete em transito 30008516209,FALHA DE ROBÔ,FALHA DE ROBO
2197,ROMPIMENTO DA MANGUEIRA DE AGUA,rompimento da mangueira de agua,ROMPIMENTO DE MANGUEIRA DE ÁGUA,ROMPIMENTO DE MANGUEIRA DE AGUA
2198,TROCA DE CONEXÃO PNEUMATICA ORDEM 30008517219,troca de conexao pneumatica ordem 30008517219,FALHA DE CONEXÃO PNEUMÁTICA,FALHA DE CONEXAO PNEUMATICA
2199,FALHA NO SENSOR DO MAGAZINE DE PALETES ORDEM 300085170345,falha no sensor do magazine de paletes ordem 300085170345,FALHA DE SENSOR,FALHA DE SENSOR
2200,FALHA SENSOR MAGAZINE DE PALETES,falha sensor magazine de paletes,FALHA DE SENSOR,FALHA DE SENSOR
2201,EXCESSO DE FALSO REJEITO NOTA 13222685,excesso de falso rejeito nota 13222685,FALHA DE REJEIÇÃO,FALHA DE REJEICAO
2202,"FALHA DE ENVOLVIMENTO, SISTEMA DE EMBREAGEM DOS ROLOS/FACA COM FALHA",falha de envolvimento sistema de embreagem dos rolos faca com falha,FALHA DE CORTE DE FILME,FALHA DE CORTE DE FILME
2203,COLISÃO DO PISTÃO DO EMPURRADOR COM A GUIA - ORDEM -30008516195,colisao do pistao do empurrador com a guia ordem 30008516195,COLISÃO DO EMPURRADOR,COLISAO DO EMPURRADOR
2204,"ESTOURO DURANTE ENCHIMENTO, FAZENDO COM QUE A BEBIDA ESPUMASSE E GERANDO ALTO REJEITO",estouro durante enchimento fazendo com que a bebida espumasse e gerando alto rejeito,ESPUMAMENTO DE BEBIDA,ESPUMAMENTO DE BEBIDA
2205,"SENSOR APAGANDO SOZINHO, GERANDO FALHA NO TAPETE DE SAIDA",sensor apagando sozinho gerando falha no tapete de saida,FALHA DE SENSOR,FALHA DE SENSOR
2206,FALHA DE REMOVEDOR DE CARTÃO BOLQUEADO NOTA (N°30008517317),falha de removedor de cartao bolqueado nota n 30008517317,FALHA NO MANUSEIO DE CARTÃO,FALHA NO MANUSEIO DE CARTAO
2207,EXCESSO DE FALSO REJEITO GARRAFA PARA LAVADORA ORDEM30008520064,excesso de falso rejeito garrafa para lavadora ordem30008520064,FALHA DE REJEIÇÃO,FALHA DE REJEICAO
2208,"FALHA NO FREIO DO MOTOR 320, LONA DO CANAL 2",falha no freio do motor 320 lona do canal 2,FALHA DE MOTOR,FALHA DE MOTOR
2209,"FALHA NO FREIO DO MOTOR 320, LONA DO CANAL 2 (30008520286)",falha no freio do motor 320 lona do canal 2 30008520286,FALHA DE MOTOR,FALHA DE MOTOR
2210,"ROLETE SOLTO, FOI REALIZADO O APERTO DOS PARAFUSOS DO ROLETE SOLTO (30008520269)",rolete solto foi realizado o aperto dos parafusos do rolete solto 30008520269,FALHA DE ROLETES,FALHA DE ROLETES
2211,FALHA EM PUXAR BEBIDA,falha em puxar bebida,FALHA NO ENVIO DE BEBIDA,FALHA NO ENVIO DE BEBIDA
2212,FALHA DE AVANÇO DE PALETES DESPAL PARA PAL,falha de avanco de paletes despal para pal,FALHA NO AVANÇO DE PALETES PARA PALETIZAR,FALHA NO AVANCO DE PALETES PARA PALETIZAR
2213,FALHA AVANÇO DE PALATE DESPAL PARA PAL,falha avanco de palate despal para pal,FALHA NO AVANÇO DE PALETES PARA PALETIZAR,FALHA NO AVANCO DE PALETES PARA PALETIZAR
2214,"QUEDA DE GARRAFA NA SAÍDA DA ENCHEDORA, GERANDO FALHA NO INSPETOR DE NÍVEL, FEITO AJUSTE NA VELOCIDADE DA ESTEIRA",queda de garrafa na saida da enchedora gerando falha no inspetor de nivel feito ajuste na velocidade da esteira,FALHA DE ELO DE ESTEIRA,FALHA DE ELO DE ESTEIRA
2215,"QUEDA DE GARRAFA NA SAÍDA DA ENCHEDORA, GERANDO FALHA NO INSPETOR DE NÍVEL",queda de garrafa na saida da enchedora gerando falha no inspetor de nivel,FALHA DE INSPEÇÃO,FALHA DE INSPECAO
2216,"QUEDA DE GARRAFA NA SAÍDA DA ENCHEDORA, GERANDO FALHA NO INSPETOR DE NÍVEL.",queda de garrafa na saida da enchedora gerando falha no inspetor de nivel,FALHA DE INSPEÇÃO,FALHA DE INSPECAO
2217,FALHA NO DOSADOR DE NITROGENIO,falha no dosador de nitrogenio,FALHA NO DOSADOR DE NITROGENIO,FALHA NO DOSADOR DE NITROGENIO
2218,FALHA NO DOSADOR DE NITROGENIO,falha no dosador de nitrogenio,FALHA NO DOSADOR DE NITROGENIO,FALHA NO DOSADOR DE NITROGENIO
2219,FALHA NO DOSADOR DE NITROGENIO.,falha no dosador de nitrogenio,FALHA NO DOSADOR DE NITROGENIO,FALHA NO DOSADOR DE NITROGENIO
2222,SUBSTITUIÇÃO DA FACA (3000852257),substituicao da faca 3000852257,FALHA DE FACA,FALHA DE FACA
2223,"MANUTENÇÃO ATUANDO NO CAPSULADOR,NA PERDA DE TAMPAS 30008520214",manutencao atuando no capsulador na perda de tampas 30008520214,FALHA DE TAMPAMENTO,FALHA DE TAMPAMENTO
2224,MUITA PERDA DE TAMPAS NO CAPSULADOR MANUTENÇÃO AINDA NÃO SOLUCIONOU,muita perda de tampas no capsulador manutencao ainda nao solucionou,FALHA DE TAMPAMENTO,FALHA DE TAMPAMENTO
2225,FALHA NO BOTÃO DE RESET 30008520288,falha no botao de reset 30008520288,FALHA DE BOTÃO DE RESET,FALHA DE BOTAO DE RESET
2226,FALHA NO GAS REDOX BAIXO 30008520290,falha no gas redox baixo 30008520290,FALHA DE CONTROLE DE PROCESSO,FALHA DE CONTROLE DE PROCESSO
2227,FALHA NO SENSORES DO AGREGADO 1 30008520294,falha no sensores do agregado 1 30008520294,FALHA DE SENSOR,FALHA DE SENSOR
2228,QUEDA DE GARRAFAS NA REGUA ULTRASSONICA,queda de garrafas na regua ultrassonica,QUEDA DE GARRAFAS,QUEDA DE GARRAFAS
2229,TAMPA VIRADA NO BUFFER,tampa virada no buffer,TAMPA INVERTIDA,TAMPA INVERTIDA
2230,EXCESSO DE FALSO REJEITO,excesso de falso rejeito,FALHA DE REJEIÇÃO,FALHA DE REJEICAO
2231,TAMPA VIRADA NA SAIDA DA CANALETA,tampa virada na saida da canaleta,TAMPA INVERTIDA,TAMPA INVERTIDA
2232,"TAMPA VIRADA ABRINDO SISTEMA DE SEGURANÇA E/OU PASSANDO PELO INSPETOR, FINCANDO PRESA NA CANALETA DE DECIDA",tampa virada abrindo sistema de seguranca e ou passando pelo inspetor fincando presa na canaleta de decida,TAMPA INVERTIDA,TAMPA INVERTIDA
2233,"TAMPA VIRADA ABRINDO SISTEMA DE SEGURANÇA E PASSANDO PELO INSPETOR, FINCANDO PRESA NA CANALETA DE DECIDA",tampa virada abrindo sistema de seguranca e passando pelo inspetor fincando presa na canaleta de decida,TAMPA INVERTIDA,TAMPA INVERTIDA
2234,FALHA NO INVERSOR DO SERVO MOTOR,falha no inversor do servo motor,FALHA DE INVERSOR,FALHA DE INVERSOR
2235,FALTA DE TAMPA NO SISTEMA DA ROSQUEADEIRADE TAMPAS,falta de tampa no sistema da rosqueadeirade tampas,FALHA DE ALIMENTAÇÃO DE TAMPAS,FALHA DE ALIMENTACAO DE TAMPAS
2236,"GARRAFAS SAINDO VAZIAS, PARANDO NA CODIFICADORA - ORDEM: 30008522416",garrafas saindo vazias parando na codificadora ordem 30008522416,FALHA DE CODIFICAÇÃO,FALHA DE CODIFICACAO
2237,PRESSAO BAIXA DOS JATOS FINAIS,pressao baixa dos jatos finais,FALHA DE PRESSÃO DOS JATOS,FALHA DE PRESSAO DOS JATOS
2238,PRESSAO DOS JATOS FINAIS BAIXO,pressao dos jatos finais baixo,FALHA DE PRESSÃO DOS JATOS,FALHA DE PRESSAO DOS JATOS
2239,"ENCAIXOTADORA DESARMOU NO PAINEL , TEVE QUE SER ACIONADO A ELETRICA",encaixotadora desarmou no painel teve que ser acionado a eletrica,DESARME DE PAINEL,DESARME DE PAINEL
2240,"TULIPA QUEBRADA , FOI PRECISO FAZER A TROCA DO TUBO DE AR E DA TULIPA",tulipa quebrada foi preciso fazer a troca do tubo de ar e da tulipa,QUEBRA DE COMPONENTE,QUEBRA DE COMPONENTE
2241,"ESTOURO DA SOLDA NA TROCA AUTOMATICA DE BOBINA, FOI PRECISO PASSAR O FILME NOVAMENTE",estouro da solda na troca automatica de bobina foi preciso passar o filme novamente,FALHA DE SOLDA DE FILME,FALHA DE SOLDA DE FILME
2242,QUEDA DE GARRA FA NA REGUA DE ARRASTE,queda de garra fa na regua de arraste,FALHA DE PEGADOR,FALHA DE PEGADOR
2243,QUEDA DE GARRAFA NA REGUA DD ARRASTE,queda de garrafa na regua dd arraste,QUEDA DE GARRAFAS,QUEDA DE GARRAFAS
2244,QUEDA DE GARRAFA NA REGUA DE ARRASTE,queda de garrafa na regua de arraste,QUEDA DE GARRAFAS,QUEDA DE GARRAFAS
2245,FALHA NO INVERSOR 30008525297,falha no inversor 30008525297,FALHA DE INVERSOR,FALHA DE INVERSOR
2246,FALHA DE ENCHIMENTO NAS VALVULAS 7; 35; 61; 62; 85; 87; 89 E JUMPER FISICO DA VALVULA N°41 (30008529435),falha de enchimento nas valvulas 7 35 61 62 85 87 89 e jumper fisico da valvula n 41 30008529435,FALHA DE VÁLVULA DE ENCHIMENTO,FALHA DE VALVULA DE ENCHIMENTO
2247,ESTEIRA NA CURVA DO TRANSPORTE NA SAIDA DA DESENCAIXOTADORA ESCAPOU,esteira na curva do transporte na saida da desencaixotadora escapou,ESCAPE DE ESTEIRA,ESCAPE DE ESTEIRA
2248,TRAVAMENTO DO BRAÇO DA PRANCHA,travamento do braco da prancha,TRAVAMENTO DO SISTEMA DE COMPACTAÇÃO,TRAVAMENTO DO SISTEMA DE COMPACTACAO
2249,FALHA NA DOSAGEM DE NITROGENIO (30008529433),falha na dosagem de nitrogenio 30008529433,FALHA DE DOSAGEM,FALHA DE DOSAGEM
2250,INVERSOR COM FALHA - ORDEM: 30008529431,inversor com falha ordem 30008529431,FALHA DE INVERSOR,FALHA DE INVERSOR
2251,"GARRAFAS ENSROSCADAS NO SENSOR DE PRESENÇA DE GARRAFAS, SENSOR DANIFICADO, FEITO A TROCA DO SENSOR - ORDEM: 30008529432",garrafas ensroscadas no sensor de presenca de garrafas sensor danificado feito a troca do sensor ordem 30008529432,FALHA DE SENSOR,FALHA DE SENSOR
2252,QUEDA DE GARRAFA NA REGUA DE ARRASTE,queda de garrafa na regua de arraste,QUEDA DE GARRAFAS,QUEDA DE GARRAFAS
2253,"GARRAFAS ENROSCANDO NA ENTRADA, AJUSTADO UMA CHAPA DE PASSAGEM",garrafas enroscando na entrada ajustado uma chapa de passagem,ENROSCO DE GARRAFAS,ENROSCO DE GARRAFAS
2254,FALHA NO DOSADOR DE NITROGENIO,falha no dosador de nitrogenio,FALHA NO DOSADOR DE NITROGENIO,FALHA NO DOSADOR DE NITROGENIO
2255,CONEXÃO SMS DO DESAERADOR COM VAZAMENTO DURANTE O CIP,conexao sms do desaerador com vazamento durante o cip,VAZAMENTO EM CONEXÃO,VAZAMENTO EM CONEXAO
2256,GFS COM NIVEL BAIXO,gfs com nivel baixo,FALHA DE ENCHIMENTO,FALHA DE ENCHIMENTO
2257,FALHA NA DESFORMAÇÃO DE CAMADA,falha na desformacao de camada,FALHA DE FORMAÇÃO DE CAMADA,FALHA DE FORMACAO DE CAMADA
2258,AJUSTE DO FLUXO DE OZONIO CANAL 1 E 2 ENOS A100 30008529446,ajuste do fluxo de ozonio canal 1 e 2 enos a100 30008529446,FALHA DE CONTROLE DE PROCESSO,FALHA DE CONTROLE DE PROCESSO
2259,ESTEIRA NA CURVA DO TRANSPORTE NA SAIDA DA DESENCAIXATADORA ESCAPOU,esteira na curva do transporte na saida da desencaixatadora escapou,ESCAPE DE ESTEIRA,ESCAPE DE ESTEIRA
2260,FALHA DE CABECOTE NO MOTOR DO CAPSULADOR,falha de cabecote no motor do capsulador,FALHA DE MOTOR,FALHA DE MOTOR
2261,FALHA DE CABECOTE,falha de cabecote,FALHA DE CABEÇOTE,FALHA DE CABECOTE
2262,TREINAMENTO KRONES SOBRE SETUP DA NOVA CANALETA,treinamento krones sobre setup da nova canaleta,SEM MODO DE FALHA IDENTIFICADO,SEM MODO DE FALHA IDENTIFICADO
2263,SENSOR DA CANALETA QUEIMADO (ORDEM: 30008532487),sensor da canaleta queimado ordem 30008532487,FALHA DE SENSOR,FALHA DE SENSOR
2264,FALHA NO DOSADOR DE NITROGENIO,falha no dosador de nitrogenio,FALHA NO DOSADOR DE NITROGENIO,FALHA NO DOSADOR DE NITROGENIO
2265,ENROSCO DE TAMPA NA SAIDA DO BUFFER,enrosco de tampa na saida do buffer,ENROSCO DE TAMPAS,ENROSCO DE TAMPAS
2266,FALHA DE AR COMPRIMIDO REJEITOR 4 / 3000853417,falha de ar comprimido rejeitor 4 3000853417,FALHA DE REJEIÇÃO,FALHA DE REJEICAO
2267,"ROBO SE SOLTOU A CAMADA AO DEPOSITAR, OCASIONANDO COLISÃO DE CAIXAS",robo se soltou a camada ao depositar ocasionando colisao de caixas,FALHA DE ROBÔ,FALHA DE ROBO
2268,"ROBO SOLTOU A CAMADA DE CAIXAS AO DEPOSITAR, OCASIONANDO COLISÃO DE CAIXAS",robo soltou a camada de caixas ao depositar ocasionando colisao de caixas,FALHA DE ROBÔ,FALHA DE ROBO
2269,"FALHA PINÇAS NA DESCAPSULAGEM, FOI NECESSARIO FAZER AJUSTES NUMEROS: 2,5,7,10,11,12 E 13 ORDEM: 30008534137",falha pincas na descapsulagem foi necessario fazer ajustes numeros 2 5 7 10 11 12 e 13 ordem 30008534137,FALHA DE DESCAPSULAMENTO,FALHA DE DESCAPSULAMENTO
2270,FALHA NA CALIBRAÇÃO,falha na calibracao,FALHA DE CALIBRAÇÃO,FALHA DE CALIBRACAO
2271,FALHA NO CONVERSOR DE FREQUENCIA DO ACIONAMENTO DO CABEÇOTE ( NOTA 30008536606 ),falha no conversor de frequencia do acionamento do cabecote nota 30008536606,FALHA DE INVERSOR,FALHA DE INVERSOR
2272,FALHA NO ELEVADOR DE CAMADA NOTA : 3000859407,falha no elevador de camada nota 3000859407,FALHA DE ELEVADOR,FALHA DE ELEVADOR
2273,MAX4 ELAU FALHA ( MC4 ERRO NA ENCHEDORA ),max4 elau falha mc4 erro na enchedora,FALHA DE ELAU,FALHA DE ELAU
2274,FALHA DE CABEÇOTE,falha de cabecote,FALHA DE CABEÇOTE,FALHA DE CABECOTE
2275,FALHA NO CABEÇOTE,falha no cabecote,FALHA DE CABEÇOTE,FALHA DE CABECOTE
2276,MAX4 ELAU FALHA ( MC4 ERRO NA ENCHEDORA ) - ORDEM 30008540865,max4 elau falha mc4 erro na enchedora ordem 30008540865,FALHA DE ELAU,FALHA DE ELAU
2277,FALHA CARTÃO MESTRE,falha cartao mestre,FALHA DE CARTÃO MESTRE,FALHA DE CARTAO MESTRE
2278,FALHA NO CARTÃO MASTER,falha no cartao master,FALHA DE CARTÃO MESTRE,FALHA DE CARTAO MESTRE
2279,CRITICO CH1 TRF BAIXO,critico ch1 trf baixo,FALHA DE CONTROLE DE PROCESSO,FALHA DE CONTROLE DE PROCESSO
2280,FALHA NO REJEITOR LINEAR,falha no rejeitor linear,FALHA DE REJEIÇÃO,FALHA DE REJEICAO
2281,FALHA NO INVERSOR DO TRANSPORTE,falha no inversor do transporte,FALHA DE INVERSOR,FALHA DE INVERSOR
2282,"FALHA DE ENCHIMENTO EM VALVULAS ALEATORIAS, ORDEM : 30008534189",falha de enchimento em valvulas aleatorias ordem 30008534189,FALHA DE VÁLVULA DE ENCHIMENTO,FALHA DE VALVULA DE ENCHIMENTO
2283,FALHA NO SERVO MOTOR Nº27,falha no servo motor no27,FALHA DE SERVO MOTOR,FALHA DE SERVO MOTOR
2284,"PARTIDA DA ENCHEDORA E VARIAÇÃO NOS NIVEIS DE ENCHIMENTO DAS VÁLVULAS,49,61,67 E 69",partida da enchedora e variacao nos niveis de enchimento das valvulas 49 61 67 e 69,FALHA DE VÁLVULA DE ENCHIMENTO,FALHA DE VALVULA DE ENCHIMENTO
2285,ROMPIMENTO DO CABO DO SENSOR DE RCUO DO EMPURADOR DE TAMPAS CSW,rompimento do cabo do sensor de rcuo do empurador de tampas csw,FALHA DE SENSOR,FALHA DE SENSOR
2286,ESTEIRA NA CURVA DO TRANSPORTE DA DESENCAIXATADORA ESCAPOU,esteira na curva do transporte da desencaixatadora escapou,ESCAPE DE ESTEIRA,ESCAPE DE ESTEIRA
2287,FALHA DE SEGURANÇA DO CABELOTE DA DESPALETIZADORA ORDEM: 30008539481,falha de seguranca do cabelote da despaletizadora ordem 30008539481,FALHA DE SEGURANÇA DO CABEÇOTE,FALHA DE SEGURANCA DO CABECOTE
2288,QUEBRA DO BRAÇO DE TORÇÃO DO MOTOREDUTOR TAG 223M1,quebra do braco de torcao do motoredutor tag 223m1,QUEBRA DE BRAÇO,QUEBRA DE BRACO
2289,"TRAVAMENTO DA ENGRENAGEM DOS ROLETES,( 3000859812 )",travamento da engrenagem dos roletes 3000859812,TRAVAMENTO DE ENGRENAGEM,TRAVAMENTO DE ENGRENAGEM
2290,FALHA NO DESTAPAMENTO DE TAMPAS,falha no destapamento de tampas,FALHA DE DESCAPSULAMENTO,FALHA DE DESCAPSULAMENTO
2291,"PERFIL DA ESTEIRA NA SAIDA DA LAVADORA FORA DA POSIÇÃO, OCASIONANDO QUEDA DE GARRAFAS",perfil da esteira na saida da lavadora fora da posicao ocasionando queda de garrafas,FALHA DE ESTEIRA,FALHA DE ESTEIRA
2292,ENCHEDORA FORA DE SINCRONISMO/ PONTO ZERO,enchedora fora de sincronismo ponto zero,FALHA DE SINCRONISMO,FALHA DE SINCRONISMO
2293,"FALHA NO SENSOR DE ENTRADA DE CAIXA, TROCA DE ESPELHO REFLETIVO",falha no sensor de entrada de caixa troca de espelho refletivo,FALHA DE SENSOR,FALHA DE SENSOR
2294,QUEBRADA CORREIA DA ESTRELA DE ENTRADA E SAIDA ENCHEDORA SINCRONISMO,quebrada correia da estrela de entrada e saida enchedora sincronismo,QUEBRA DE CORREIA,QUEBRA DE CORREIA
2295,QUEBRA DA CORREIA,quebra da correia,QUEBRA DE CORREIA,QUEBRA DE CORREIA
2296,ESTRELA DE SAIDA DA ENCHEDORA CAUSANDO TOMBAMENTO NAS GARRAFAS,estrela de saida da enchedora causando tombamento nas garrafas,TOMBAMENTO DE RECIPIENTES,TOMBAMENTO DE RECIPIENTES
2297,ESTRELA DE SAIDA DA ENCHEDORA CAUSANDO TOMBAMENTO DAS GARRAFAS,estrela de saida da enchedora causando tombamento das garrafas,TOMBAMENTO DE RECIPIENTES,TOMBAMENTO DE RECIPIENTES
2298,ESTRELA DE SAIDA DA ENCHEDORA CAUSANDO TOMBAMENTO NAS GARRAFAS,estrela de saida da enchedora causando tombamento nas garrafas,TOMBAMENTO DE RECIPIENTES,TOMBAMENTO DE RECIPIENTES
2299,CRASH DE GARRAFAS NA ESTRELA DE ENTRADA DA ENCHEDORA,crash de garrafas na estrela de entrada da enchedora,CRASH DE GARRAFAS,CRASH DE GARRAFAS
2300,CRASH DE GARRAFAS NA ESTRELA DA ENCHEDORA,crash de garrafas na estrela da enchedora,CRASH DE GARRAFAS,CRASH DE GARRAFAS
2301,FALHA DO SERVO MOTOR Nº 27( CORRENTE DE ARRASTE) 30008540913,falha do servo motor no 27 corrente de arraste 30008540913,FALHA DE SERVO MOTOR,FALHA DE SERVO MOTOR
2302,FALHA NA BARREIRA DE PALETES / SISTEMA DE SEGURANÇA 30008540862,falha na barreira de paletes sistema de seguranca 30008540862,FALHA DE BARREIRA,FALHA DE BARREIRA
2303,DISPOSITIVO DE RETIRADA DE GARRAFA VAZIA TRAVANDO ESTRELA DE SAIDA 30008539502,dispositivo de retirada de garrafa vazia travando estrela de saida 30008539502,FALHA NO DISPOSITIVO DE RETIRADA DE GARRAFAS,FALHA NO DISPOSITIVO DE RETIRADA DE GARRAFAS
2304,ABA CONICA DANIFICADA,aba conica danificada,FALHA DE ABA CÔNICA,FALHA DE ABA CONICA
2305,QUEBRA DA ESTEIRA,quebra da esteira,QUEBRA DE ESTEIRA,QUEBRA DE ESTEIRA
2306,TRANSPORTE DERRUBANDO LATAS PARA A ENTRADA DA ENCHEDORA,transporte derrubando latas para a entrada da enchedora,QUEDA DE LATAS,QUEDA DE LATAS
2307,"FALHA NO SISTEMA DE CORTE, PASSANDO TUBETE SEM CORTAR PARA O DEPOSITO",falha no sistema de corte passando tubete sem cortar para o deposito,FALHA NO CORTE DE TUBETES,FALHA NO CORTE DE TUBETES
2308,PLACA NÃO REALIZA A LEITURA DO TX. ORDEM- 30008539496,placa nao realiza a leitura do tx ordem 30008539496,FALHA DE INSPEÇÃO,FALHA DE INSPECAO
2309,"VAZAMENTO NO BLOCO DA VALVULA 30, FEITO A TROCA DO REPARO.ORDEM 30008539485",vazamento no bloco da valvula 30 feito a troca do reparo ordem 30008539485,VAZAMENTO EM VÁLVULA,VAZAMENTO EM VALVULA
2310,MANGUEIRA RASGADA,mangueira rasgada,ROMPIMENTO DE MANGUEIRA,ROMPIMENTO DE MANGUEIRA
2311,TRANSPORTE DESARMADO. ORDEM- 30008539501,transporte desarmado ordem 30008539501,DESARME DE TRANSPORTE,DESARME DE TRANSPORTE
2312,"RETORNO DE OPERAÇÃO/FUNCIONAMENTO , APRESENTA NIVEL BAIXO EM TODAS AS VALVULAS NA PRIMEIRA E ULTIMA VOLTA",retorno de operacao funcionamento apresenta nivel baixo em todas as valvulas na primeira e ultima volta,FALHA DE ENCHIMENTO,FALHA DE ENCHIMENTO
2313,"RETORNO DE OPERAÇÃO/FUNCIONAMENTO , APRESENTA NIVEL BAIXO EM TODAS AS VALVULAS NA PRIMEIRA E ULTIMA VOLTA (ELEVADO PULSO)",retorno de operacao funcionamento apresenta nivel baixo em todas as valvulas na primeira e ultima volta elevado pulso,FALHA DE ENCHIMENTO,FALHA DE ENCHIMENTO
2314,ENTRADA DE GARRAFA PRENDENDO GARRAFA. AJUSTADO PECAS E FEITO LIMPEZA NO EQUIPAMENTO,entrada de garrafa prendendo garrafa ajustado pecas e feito limpeza no equipamento,ENROSCO DE GARRAFAS,ENROSCO DE GARRAFAS
2315,"RETORNO DE OPERAÇÃO/FUNCIONAMENTO , APRESENTA NIVEL BAIXO EM TODAS AS VALVULAS NA PRIMEIRA E ULTIMA VOLTA (ELEVADO PULSO )",retorno de operacao funcionamento apresenta nivel baixo em todas as valvulas na primeira e ultima volta elevado pulso,FALHA DE ENCHIMENTO,FALHA DE ENCHIMENTO
2316,PERFIL DE NYLON DA ESTEIRA DE SAIDA DA LAVADORA FORA DE POSIÇÃO ORDEM: 30008543974,perfil de nylon da esteira de saida da lavadora fora de posicao ordem 30008543974,ESCAPE DE ESTEIRA,ESCAPE DE ESTEIRA
2317,ENROSCO DE TAMPA NAS PINÇAS ORDEM: 30008543948,enrosco de tampa nas pincas ordem 30008543948,ENROSCO DE TAMPAS,ENROSCO DE TAMPAS
2318,FALHA DE BOTOEIRA DE EMERGENCIA CABO SOLTO ORDM: 30008543984,falha de botoeira de emergencia cabo solto ordm 30008543984,FALHA DE BOTOEIRA DE EMERGÊNCIA,FALHA DE BOTOEIRA DE EMERGENCIA
2319,"MOTOR TAG- 326 DESARMOU, FOI NECESSARIO REARMAR O MOTOR",motor tag 326 desarmou foi necessario rearmar o motor,DESARME DE MOTOR,DESARME DE MOTOR
2320,DESARME DO MOTOR 329,desarme do motor 329,DESARME DE MOTOR,DESARME DE MOTOR
2321,"FALHA DO SENSOR DE ENTREGA DE CAIXAS NA DESNCA, IMPACTANDO NO ABASTECIMENTO DA LINHA",falha do sensor de entrega de caixas na desnca impactando no abastecimento da linha,FALHA DE SENSOR,FALHA DE SENSOR
2322,FALHA NA RÉGUA DE ENVOLVIMENTO NOTA : 30008539935,falha na regua de envolvimento nota 30008539935,FALHA DE RÉGUA DE ENVOLVIMENTO,FALHA DE REGUA DE ENVOLVIMENTO
2323,FALHA NA INSERÇAO DE TAMPA NA CANALETA (ORDEM 30008547362),falha na insercao de tampa na canaleta ordem 30008547362,FALHA DE ALIMENTAÇÃO DE TAMPAS,FALHA DE ALIMENTACAO DE TAMPAS
2324,ALTA VARIAÇÃO DE NÍVEL DE ENCHIMENTO,alta variacao de nivel de enchimento,FALHA DE ENCHIMENTO,FALHA DE ENCHIMENTO
2325,VARIAÇÃO NOS NIVEIS DE ENCHIMENTO EM PARADAS E PARTIDAS DAS VÁLVULAS 16 E 56,variacao nos niveis de enchimento em paradas e partidas das valvulas 16 e 56,FALHA DE VÁLVULA DE ENCHIMENTO,FALHA DE VALVULA DE ENCHIMENTO
2326,SENSOR REPICANDO E GERANDO FALHA,sensor repicando e gerando falha,FALHA DE SENSOR,FALHA DE SENSOR
2327,FALHA NO SERVO 27 NOTA 30008544632,falha no servo 27 nota 30008544632,FALHA DE SERVO MOTOR,FALHA DE SERVO MOTOR
2328,"RÉGUA DA ENCA SE SOLTOU , OCASIONANDO A PARADA NO EQUIPAMENTO , OPERADORES RECOLOCARAM A E AJUSTARAM",regua da enca se soltou ocasionando a parada no equipamento operadores recolocaram a e ajustaram,FALHA DE FIXAÇÃO,FALHA DE FIXACAO
2329,"BOIA DA ENCHEDORA TRAVADA , CAUSANDO NIVEIS BAIXOS NAS GARRAFAS , FOI FEITO A LIMPEZA E VOLTOU AO NORMAL",boia da enchedora travada causando niveis baixos nas garrafas foi feito a limpeza e voltou ao normal,TRAVAMENTO DE BOIA,TRAVAMENTO DE BOIA
2330,"AJUSTE DA REGUA , SAIU FORA DO LUGAR CAUSANDO A PARADA DA MAQUINA",ajuste da regua saiu fora do lugar causando a parada da maquina,SEM MODO DE FALHA IDENTIFICADO,SEM MODO DE FALHA IDENTIFICADO
2331,PERDA DA REFERENCIA DE ALTURA DO ELEVADOR DE PALLET,perda da referencia de altura do elevador de pallet,FALHA DE ELEVADOR,FALHA DE ELEVADOR
2332,FALHA DE TRANSMISSÃO ROLETES TRANSP. DE PALETES ORDEM: 30008549755,falha de transmissao roletes transp de paletes ordem 30008549755,FALHA DE ROLETES,FALHA DE ROLETES
2333,FALHA NO RECUO DO PISTAÕ DO TRANSPORTE DE TAMPA DA CSW,falha no recuo do pistao do transporte de tampa da csw,FALHA NO SISTEMA DE CORTE,FALHA NO SISTEMA DE CORTE
2334,FALHA NO SENSOR DE INSERIMENTO DE LATAS FALSAS,falha no sensor de inserimento de latas falsas,FALHA DE SENSOR,FALHA DE SENSOR
2335,FALTA DE VACUO,falta de vacuo,FALHA DE VÁCUO,FALHA DE VACUO
2336,BEBIDA ESPUMANDO GERANDO NIVEL BAIXO. ORDEM 30008554426,bebida espumando gerando nivel baixo ordem 30008554426,ESPUMAMENTO DE BEBIDA,ESPUMAMENTO DE BEBIDA
2337,RUPTURA DE FILME APÓS O ENVOLVIMENTO.ORDEM 30008554431,ruptura de filme apos o envolvimento ordem 30008554431,FALHA DE ENVOLVIMENTO,FALHA DE ENVOLVIMENTO
2338,FREIO DA BORBOLETA SAINDO NIVEL BAIXO (30008556100),freio da borboleta saindo nivel baixo 30008556100,FALHA DE VÁLVULA DE ENCHIMENTO,FALHA DE VALVULA DE ENCHIMENTO
2339,VAZAMENTO DE BEBIDA NO BLOCO DA VALVULA 79. ORDEM 30008554442,vazamento de bebida no bloco da valvula 79 ordem 30008554442,VAZAMENTO EM VÁLVULA,VAZAMENTO EM VALVULA
2340,EMPACOTADORA QUEDA DA REGUA DE ENVOLVIMENTO 2,empacotadora queda da regua de envolvimento 2,FALHA DE RÉGUA DE ENVOLVIMENTO,FALHA DE REGUA DE ENVOLVIMENTO
2341,EMPACOTADOR FALHA NO CORTE FILME E EMBOLANDO ROLO DE ALUMINIO,empacotador falha no corte filme e embolando rolo de aluminio,FALHA DE CORTE DE FILME,FALHA DE CORTE DE FILME
2342,"ROLO DE BORRACHA QUE PUXA O FILME PARA O CORTE MUITO TENSIONADO, FILME EMBOLAVA NO ROLO DE ALUMINIO - OREDEM: 30008556127",rolo de borracha que puxa o filme para o corte muito tensionado filme embolava no rolo de aluminio oredem 30008556127,FALHA DE CORTE DE FILME,FALHA DE CORTE DE FILME
2343,"ESTEIRA ESCAPANDO DEVIDO QUALIDADE DOS ""GOMOS""",esteira escapando devido qualidade dos gomos,ESCAPE DE ESTEIRA,ESCAPE DE ESTEIRA
2344,ESTEIRA DE TRANSPORTE ESCAPANDO DEVIDO GOMOS RUINS.,esteira de transporte escapando devido gomos ruins,ESCAPE DE ESTEIRA,ESCAPE DE ESTEIRA
2345,FALHA NO SENSOR DE ENTRADA DE CAIXA,falha no sensor de entrada de caixa,FALHA DE SENSOR,FALHA DE SENSOR
2346,TRAVAMENTO DO SEGMENTO NO ENOS,travamento do segmento no enos,TRAVAMENTO DE SEGMENTOS,TRAVAMENTO DE SEGMENTOS
2347,VARIAÇÃO NOS NIVEIS DE ENCHIMENTO DAS VÁLVULAS DA ENCHEDORA - ORDEM -30008558639,variacao nos niveis de enchimento das valvulas da enchedora ordem 30008558639,FALHA DE VÁLVULA DE ENCHIMENTO,FALHA DE VALVULA DE ENCHIMENTO
2348,"AJUSTE DE SENSOR E VALVULAS QUE NAO ESTAVAM ENVAZANDO , VALVULAS :29 ,30,31,32 .ORDEM ;30008559196",ajuste de sensor e valvulas que nao estavam envazando valvulas 29 30 31 32 ordem 30008559196,FALHA DE SENSOR,FALHA DE SENSOR
2349,"DATA CORTANDO UM POCO DA DATACAO , CAUSANDO PARADA PARA AJUSTE NOTA:30008559444",data cortando um poco da datacao causando parada para ajuste nota 30008559444,FALHA DE CODIFICAÇÃO,FALHA DE CODIFICACAO
2350,QUEBRA DA CONECÇÃO DA MANGUEIRA DE AR DO PISTÃO DE LIBERAÇÃO E TRAVA DE TAMPAS,quebra da coneccao da mangueira de ar do pistao de liberacao e trava de tampas,TRAVAMENTO DE ATUADOR,TRAVAMENTO DE ATUADOR
2351,PINO GUIA DO COMPACTADOR DE CAMADAS ESTAVAM SOLTOS (30008559630),pino guia do compactador de camadas estavam soltos 30008559630,FALHA DE PINO,FALHA DE PINO
2352,"FALHA DE ATERRAMENTO MOTOR412MI, ORDEM 3000858644",falha de aterramento motor412mi ordem 3000858644,FALHA DE MOTOR,FALHA DE MOTOR
2353,CAIU PARAFUSO DA HASTE GUIAS LATERAL. 30008558683,caiu parafuso da haste guias lateral 30008558683,FALHA DE FIXAÇÃO,FALHA DE FIXACAO
2354,SENSOR DE INSERIMENTO DE LATAS FALSAS ACIONANDO E GERANDO FALHA,sensor de inserimento de latas falsas acionando e gerando falha,FALHA DE SENSOR,FALHA DE SENSOR
2355,PORTA COM MAL CONTATO NO SENSOR,porta com mal contato no sensor,FALHA DE SENSOR,FALHA DE SENSOR
2356,COMPACTADOR DA MESA DE CARGA TRAVADO,compactador da mesa de carga travado,TRAVAMENTO DO SISTEMA DE COMPACTAÇÃO,TRAVAMENTO DO SISTEMA DE COMPACTACAO
2357,QUEBRA CORREIA DO CAPSULADOR ORDEM: 30008558664,quebra correia do capsulador ordem 30008558664,QUEBRA DE CORREIA,QUEBRA DE CORREIA
2358,FALHA SENSOR DE SEGURANÇA NA PORTA DO AGREGADO 1,falha sensor de seguranca na porta do agregado 1,FALHA DE SENSOR,FALHA DE SENSOR
2359,RECIPIENTE FORA DE CONDIÇÃO BÁSICA NOTA 13237296,recipiente fora de condicao basica nota 13237296,SEM MODO DE FALHA IDENTIFICADO,SEM MODO DE FALHA IDENTIFICADO
2360,ESPELHO REFLETIVO DO SENSOR DE CONGESTIONAMENTO DA ENTRADA A. FORA DE POSIÇÃO.NOTA30008560805,espelho refletivo do sensor de congestionamento da entrada a fora de posicao nota30008560805,FALHA DE SENSOR,FALHA DE SENSOR
2361,ESTEIRA DA ENCAIXOTADORA SE SOLTOU,esteira da encaixotadora se soltou,ESCAPE DE ESTEIRA,ESCAPE DE ESTEIRA
2362,FALHA NA INSPEÇAO DE GARRAFAS CHEGANDO NA EMPACOTADORA SEM TAMPAS 30008561931,falha na inspecao de garrafas chegando na empacotadora sem tampas 30008561931,FALHA DE ALIMENTAÇÃO DE TAMPAS,FALHA DE ALIMENTACAO DE TAMPAS
2363,"SAINDO GARRAFAS SEM TAMPA , OCASIONANDO QUEDA NA EMPACOTADORA",saindo garrafas sem tampa ocasionando queda na empacotadora,FALHA DE ALIMENTAÇÃO DE TAMPAS,FALHA DE ALIMENTACAO DE TAMPAS
2364,FALHA NA CODIFICADORA - ORDEM - 30008560807,falha na codificadora ordem 30008560807,FALHA DE CODIFICAÇÃO,FALHA DE CODIFICACAO
2365,TRAVAMENTO DO CILINDRO DO COMPACTADOR DE CAMADAS ORDEM: 30008561521,travamento do cilindro do compactador de camadas ordem 30008561521,TRAVAMENTO DE ATUADOR,TRAVAMENTO DE ATUADOR
2366,"FALNHA DE SINCRONISMO,FALHA NA ESTRELA DE SAIDA",falnha de sincronismo falha na estrela de saida,FALHA DE SINCRONISMO,FALHA DE SINCRONISMO
2367,QUEDA DE GARRAFAS NA MESA DE FORMAÇÃO DE PACOTES (30008564282),queda de garrafas na mesa de formacao de pacotes 30008564282,QUEDA DE GARRAFAS,QUEDA DE GARRAFAS
2368,REJEITOR FORA DE POSIÇÃO 30008564285,rejeitor fora de posicao 30008564285,FALHA DE REJEIÇÃO,FALHA DE REJEICAO
2369,VAZAMENTO DA VALVULA N° 129 ( FEITO A TROCA DA VALVULA ),vazamento da valvula n 129 feito a troca da valvula,VAZAMENTO EM VÁLVULA,VAZAMENTO EM VALVULA
2370,"MAQUINA FORA DOS PARAMETROS, ABRINDO PACOTES",maquina fora dos parametros abrindo pacotes,FALHA DE ENVOLVIMENTO,FALHA DE ENVOLVIMENTO
2371,DESNIVEL ENTRE O PENTE DE TRANSFERENCIA E ESTEIRA,desnivel entre o pente de transferencia e esteira,FALHA DE PENTE DE TRANSFERÊNCIA,FALHA DE PENTE DE TRANSFERENCIA
2372,DESNIVEL ENTRE O PENTE DE TRANSFERENCIA E ESTEIRA30008564222,desnivel entre o pente de transferencia e esteira30008564222,FALHA DE PENTE DE TRANSFERÊNCIA,FALHA DE PENTE DE TRANSFERENCIA
2373,ENCAVALAMENTO DA ESTEIRA DA CURVA PARA EMPACOTADORA,encavalamento da esteira da curva para empacotadora,TRAVAMENTO DE ESTEIRA,TRAVAMENTO DE ESTEIRA
2375,ENCAVALAMENTO DA ESTEIRA DA CURVA QUE ENTRA PARA EMPACOTADORA,encavalamento da esteira da curva que entra para empacotadora,TRAVAMENTO DE ESTEIRA,TRAVAMENTO DE ESTEIRA
2376,"TRANSPORTE ABRINDO ESPAÇO CAINDO LATAS PARA ENTRADA DA ENCHEDROA, VELOCIDADE ABAIXO PARA ESTA OCORRENCIA",transporte abrindo espaco caindo latas para entrada da enchedroa velocidade abaixo para esta ocorrencia,FALHA DE VELOCIDADE DO TRANSPORTE,FALHA DE VELOCIDADE DO TRANSPORTE
2377,QUEBRA DA CONEXÃO PNEUMATICA DO LILINDRO DE LIBERAÇÃO DE TAMPAS ORDEM: 30008561949,quebra da conexao pneumatica do lilindro de liberacao de tampas ordem 30008561949,QUEBRA DE COMPONENTE,QUEBRA DE COMPONENTE
2378,FALHA SENSOR DE CORREIA NO DESCAPSULADOR,falha sensor de correia no descapsulador,FALHA DE SENSOR,FALHA DE SENSOR
2379,"TRAVAMENTO DO BRAÇO DO SEGMENTO,FORA DE SINCRONISMO",travamento do braco do segmento fora de sincronismo,TRAVAMENTO DE SEGMENTOS,TRAVAMENTO DE SEGMENTOS
2380,"TRAVAMENTO DO BRAÇO DO SEGMENTO,FORA DE SINCRONISMO 30008564013",travamento do braco do segmento fora de sincronismo 30008564013,TRAVAMENTO DE SEGMENTOS,TRAVAMENTO DE SEGMENTOS
2381,FALHA NO REJEITOR LINEAR,falha no rejeitor linear,FALHA DE REJEIÇÃO,FALHA DE REJEICAO
2382,QUEDA DE GARRAFAS NA SAIDA DO DESCAPSULADOR ORDEM 30008564284,queda de garrafas na saida do descapsulador ordem 30008564284,FALHA DE DESCAPSULAMENTO,FALHA DE DESCAPSULAMENTO
2383,FALHA DE TERMICO DESARME DO MOTOR MAGAZINE DE PALETE ORDEM 30008563309,falha de termico desarme do motor magazine de palete ordem 30008563309,DESARME TÉRMICO,DESARME TERMICO
2384,SENSOR SAIDA HEUFT MAL FUNCIONAMENTO DE FOCO ORDEM 3008563588,sensor saida heuft mal funcionamento de foco ordem 3008563588,FALHA DE SENSOR,FALHA DE SENSOR
2385,"ESCAPOU CORRENTE DE TRAÇÃO DO TRANSPORTE,ORDEM 30008566282",escapou corrente de tracao do transporte ordem 30008566282,FALHA DE ELEMENTO DE TRANSMISSÃO,FALHA DE ELEMENTO DE TRANSMISSAO
2386,SAIU FORA DE SINCRONISMO A ESTRELA COM O CARRACOL .ORDEM.,saiu fora de sincronismo a estrela com o carracol ordem,FALHA DE SINCRONISMO,FALHA DE SINCRONISMO
2387,ESTEIRA DE SAIDA DO FORNO QUEBRADA 30008568197,esteira de saida do forno quebrada 30008568197,QUEBRA DE ESTEIRA,QUEBRA DE ESTEIRA
2388,FALHA ENCHIMENTO DE BEBIDA DA VALVULA 80 30008569655,falha enchimento de bebida da valvula 80 30008569655,FALHA DE VÁLVULA DE ENCHIMENTO,FALHA DE VALVULA DE ENCHIMENTO
2389,ENCAVALAMENTO DA ESTEIRA DA CURVA PARA EMPACOTADORA,encavalamento da esteira da curva para empacotadora,TRAVAMENTO DE ESTEIRA,TRAVAMENTO DE ESTEIRA
2390,ESTEIRA DA ENTRADA DA EMPACOTADORA QUEBRADO (ORDEM - 30008568183),esteira da entrada da empacotadora quebrado ordem 30008568183,QUEBRA DE ESTEIRA,QUEBRA DE ESTEIRA
2391,"LATA VAZIA SAIU DA ENCHEDORA, REJEITADA NO ALINHADOR DA FILTEC, CHUTANDO PARA O TRANSPORTE E TRAVANDO PACOTES QUE SAIA DO FORNO",lata vazia saiu da enchedora rejeitada no alinhador da filtec chutando para o transporte e travando pacotes que saia do forno,TRAVAMENTO DE TRANSPORTE,TRAVAMENTO DE TRANSPORTE
2392,TROCA DO NAYLOM DO GUIA DA ESTRELA DE ENTRADA.,troca do naylom do guia da estrela de entrada,FALHA DE GUIA,FALHA DE GUIA
2393,LACRADOR DE TAMPAS COM A VELOCIDADE A 33.000 AMASSANDO ALGUMAS TAMPAS E GRFAS SAINDO DESTAMPADAS,lacrador de tampas com a velocidade a 33 000 amassando algumas tampas e grfas saindo destampadas,FALHA DE TAMPAMENTO,FALHA DE TAMPAMENTO
2394,CRASH NA SAIDA DA ENCHEDORA,crash na saida da enchedora,ENROSCO DE GARRAFAS,ENROSCO DE GARRAFAS
2395,"MAQUINA SAIU DE SINCRONISMO NA ENTRADA DA ENCHEDORA , CARACOL SAIU DO LUGAR , CAUSANDO CRASH NA ENTRADA DA ENCHEDORA ORDEM 30008569764",maquina saiu de sincronismo na entrada da enchedora caracol saiu do lugar causando crash na entrada da enchedora ordem 30008569764,ENROSCO DE GARRAFAS,ENROSCO DE GARRAFAS
2396,ENCHEDORA PERDENDO SINCRONISMO NA ENTRADA,enchedora perdendo sincronismo na entrada,FALHA DE SINCRONISMO,FALHA DE SINCRONISMO
2397,CORREIA DA ENCHEDORA QUEBROU/ TROCA DA CORREIA 30008569894,correia da enchedora quebrou troca da correia 30008569894,QUEBRA DE CORREIA,QUEBRA DE CORREIA
2398,VARIAÇÃO NOS NIVEIS DE ENCHIMENTO DAS VÁLVULAS,variacao nos niveis de enchimento das valvulas,FALHA DE VÁLVULA DE ENCHIMENTO,FALHA DE VALVULA DE ENCHIMENTO
2399,PACOTES ABERTOS DEVIDO PEÇA DANIFICADA DO ROLO BIPARTIDO (ORDEM :30008569772),pacotes abertos devido peca danificada do rolo bipartido ordem 30008569772,FALHA DE ENVOLVIMENTO,FALHA DE ENVOLVIMENTO
2400,VARIAÇÃO DE ENCHIMENTO (ORDEM: 30008569774),variacao de enchimento ordem 30008569774,FALHA DE ENCHIMENTO,FALHA DE ENCHIMENTO
2401,"RETIRADA VALVULA 72 PARA REVISAO ,NAO ESTAVA FAZENDO ENCHIMENTO CORRETO 30008569653",retirada valvula 72 para revisao nao estava fazendo enchimento correto 30008569653,FALHA DE VÁLVULA DE ENCHIMENTO,FALHA DE VALVULA DE ENCHIMENTO
2402,PARTIDA E DOSAGEM DA LINHA APOS REVISAO DA VALVULA PELA MANOTENÇAO,partida e dosagem da linha apos revisao da valvula pela manotencao,FALHA DE VÁLVULA,FALHA DE VALVULA
2403,FALHA DE COMUNICAÇÃO 30008569681,falha de comunicacao 30008569681,FALHA DE COMUNICAÇÃO,FALHA DE COMUNICACAO
2404,FALHA NA IMPRESSÃO,falha na impressao,FALHA DE CODIFICAÇÃO,FALHA DE CODIFICACAO
2405,TROCA DA BORBOLETA E FREIO VL N26 NOTA N 30008574998,troca da borboleta e freio vl n26 nota n 30008574998,FALHA DE VÁLVULA,FALHA DE VALVULA
2406,TROCA DE MANGUEIRA,troca de mangueira,FALHA DE MANGUEIRA,FALHA DE MANGUEIRA
2407,CARACOL DE ENTRADA FORA DE SINCRONISMO. 30008575011,caracol de entrada fora de sincronismo 30008575011,FALHA DE SINCRONISMO,FALHA DE SINCRONISMO
2408,ESTEIRA DE SAIDA DO FORNO SAIU DO TRILHO,esteira de saida do forno saiu do trilho,ESCAPE DE ESTEIRA,ESCAPE DE ESTEIRA
2409,SERVO MOTOR TRAVADO,servo motor travado,FALHA DE SERVO MOTOR,FALHA DE SERVO MOTOR
2410,FALHA NA REGUA DE ENVOLVIMENTO DE FILME (30008574989),falha na regua de envolvimento de filme 30008574989,FALHA DE RÉGUA DE ENVOLVIMENTO,FALHA DE REGUA DE ENVOLVIMENTO
2411,FALTA DE ALIMENTAÇÃO DE ENERGIA,falta de alimentacao de energia,FALHA DE ALIMENTAÇÃO ELÉTRICA,FALHA DE ALIMENTACAO ELETRICA
2412,FALHA NA COMUNICAÇÃO DE REDE,falha na comunicacao de rede,FALHA DE COMUNICAÇÃO,FALHA DE COMUNICACAO
2413,PROBLEMA NO SENSOR DE ENTRADA OCASIONANDO ERRO NA FORMAÇÃO DE PALETE,problema no sensor de entrada ocasionando erro na formacao de palete,FALHA DE SENSOR,FALHA DE SENSOR
2414,TROCA DA BORBOLETA DA VALVULA 37 ORDEM 3008576978,troca da borboleta da valvula 37 ordem 3008576978,FALHA DE VÁLVULA,FALHA DE VALVULA
2415,TRANSPORTE DE SAIDA DA ENCAIXOTADORA SAIU FORA DE POSIÇÃO,transporte de saida da encaixotadora saiu fora de posicao,DESALINHAMENTO MECÂNICO,DESALINHAMENTO MECANICO
2416,SNIFFER TRAVADO,sniffer travado,TRAVAMENTO DE SNIFFER,TRAVAMENTO DE SNIFFER
2417,"TRAVAMENTO DO TRANSPORTE DE SAIDA DA ENCAIXOTADORA,SAIU FORA DO GUIA",travamento do transporte de saida da encaixotadora saiu fora do guia,TRAVAMENTO DE TRANSPORTE,TRAVAMENTO DE TRANSPORTE
2418,AJUSTE DE PARAMENTROS E FOI FEITO UMA NOVA LATA TESTE DE NIVEL ALTO,ajuste de paramentros e foi feito uma nova lata teste de nivel alto,FALHA DE ENCHIMENTO,FALHA DE ENCHIMENTO
2419,CORREIA TRANSPORTADORA DANIFICADA ENTRADA DA PALETIZADORA OCASIONANDO ERRO DE FORMAÇÃO DE CAMADA NOTA 1309049.,correia transportadora danificada entrada da paletizadora ocasionando erro de formacao de camada nota 1309049,FALHA DE CORREIA,FALHA DE CORREIA
2420,ESTEIRA DE SAIDA QUEBROU ORDEM 30008577064,esteira de saida quebrou ordem 30008577064,QUEBRA DE ESTEIRA,QUEBRA DE ESTEIRA
2421,SAINDO PACOTES ABERTO NA SAIDA DO FORNO,saindo pacotes aberto na saida do forno,FALHA DE ENVOLVIMENTO,FALHA DE ENVOLVIMENTO
2422,FONTE DE ALIMENTAÇÃO 24VCC DANIFICADA APENAS 18VCC NA SAIDA DA FONTE NOTA30008576775,fonte de alimentacao 24vcc danificada apenas 18vcc na saida da fonte nota30008576775,FALHA DE FONTE DE ALIMENTAÇÃO,FALHA DE FONTE DE ALIMENTACAO
2423,"QUEBRA DA ESTEIRA DO TRANSPORTE DE PACOTES , NOTA 30008575023",quebra da esteira do transporte de pacotes nota 30008575023,QUEBRA DE ESTEIRA,QUEBRA DE ESTEIRA
2424,QUEDA DE GARRAFA NO PINO DE SEPARAÇAO ORDEM:30008576987,queda de garrafa no pino de separacao ordem 30008576987,QUEDA DE GARRAFAS,QUEDA DE GARRAFAS
2425,AJUSTE DA ESTEIRA DE ENTRADA DA PALETIZADORA,ajuste da esteira de entrada da paletizadora,FALHA DE ESTEIRA,FALHA DE ESTEIRA
2426,FALHA EM ENVIAR TAMPAS PARA ENCHEDORA,falha em enviar tampas para enchedora,FALHA EM ENVIAR TAMPAS PARA ENCHEDORA,FALHA EM ENVIAR TAMPAS PARA ENCHEDORA
2427,FALHA EM ENVIAR TAMPAS PARA ENCHEDORA,falha em enviar tampas para enchedora,FALHA EM ENVIAR TAMPAS PARA ENCHEDORA,FALHA EM ENVIAR TAMPAS PARA ENCHEDORA
2428,FALHA NO SENSOR DO TAPETE DE SAÍDA DA HEUFIT,falha no sensor do tapete de saida da heufit,FALHA DE SENSOR,FALHA DE SENSOR
2429,FALHA NO SENSOR DA PORTA DA PALETIZADORA,falha no sensor da porta da paletizadora,FALHA DE SENSOR,FALHA DE SENSOR
2430,SENSOR DE ACUMULO DE LATAS NA SAIDA DO INSPETOR HEUFT APRESENTANDO FALHA,sensor de acumulo de latas na saida do inspetor heuft apresentando falha,FALHA DE SENSOR,FALHA DE SENSOR
2431,SENSOR FORA DE FOCO,sensor fora de foco,FALHA DE SENSOR,FALHA DE SENSOR
2432,TROCA DO ROLAMENTO DO EIXO DA PONTE DE VÁCUO DA EMPACOTADORA - ORDEM - 30008577051,troca do rolamento do eixo da ponte de vacuo da empacotadora ordem 30008577051,FALHA DE ROLAMENTO,FALHA DE ROLAMENTO
2433,ENROSCO DE LATA NO GUIA DO TWISTER DE SAIDA DA ENCHEDORA,enrosco de lata no guia do twister de saida da enchedora,ENROSCO DE LATAS,ENROSCO DE LATAS
2434,FALHA NA BOMBA DO DESAERADOR,falha na bomba do desaerador,FALHA DE BOMBA,FALHA DE BOMBA
2435,"VAZAMENTO DE AGUA NO FILTRO POLIDOR,GERANDO FALHA NOS JATOS FINAIS.",vazamento de agua no filtro polidor gerando falha nos jatos finais,VAZAMENTO,VAZAMENTO
2436,QUEDA DA GRADE DE PROTEÇÃO,queda da grade de protecao,FALHA DE FIXAÇÃO DE PROTEÇÃO,FALHA DE FIXACAO DE PROTECAO
2437,ENCHEDORA VELOCIDADE REDUZIDA DEVIDO FALTA DE BEBIDA,enchedora velocidade reduzida devido falta de bebida,FALHA NO ENVIO DE BEBIDA,FALHA NO ENVIO DE BEBIDA
2438,REGULAGEM DO REJEITO DA LATA DE NIVEL ALTO (3008581607),regulagem do rejeito da lata de nivel alto 3008581607,FALHA DE ENCHIMENTO,FALHA DE ENCHIMENTO
2439,RUPTURA NO FILME APÓSTROCA DE BOBINA(FOI REGULARIZADO SISTEMA DE CORTE APÓS PROCEDIMENTO RESET MAQUINANA IHM NOTA 3000850626,ruptura no filme apostroca de bobina foi regularizado sistema de corte apos procedimento reset maquinana ihm nota 3000850626,FALHA DE IHM,FALHA DE IHM
2440,"BORBOLETA NUMERO 50 RUIM , NOTA 30008580559",borboleta numero 50 ruim nota 30008580559,FALHA DE VÁLVULA,FALHA DE VALVULA
2441,"QUEBRA DA ESTEIRA DO TRANSPORTE DE PACOTES , NOTA 30008580600",quebra da esteira do transporte de pacotes nota 30008580600,QUEBRA DE ESTEIRA,QUEBRA DE ESTEIRA
2442,QUEBRA DA ESTEIRA DO TRANSPORTE DE PACOTES,quebra da esteira do transporte de pacotes,QUEBRA DE ESTEIRA,QUEBRA DE ESTEIRA
2443,"SAINDO GARRAFAS SEM TAMPA , OCASIONANDO QUEDA NO PINO DE SEPARAÇÃO DA EMPACOTADORA",saindo garrafas sem tampa ocasionando queda no pino de separacao da empacotadora,FALHA DE ALIMENTAÇÃO DE TAMPAS,FALHA DE ALIMENTACAO DE TAMPAS
2444,QUEBRA DA ESTEIRA DO TRP DE PACOTES.,quebra da esteira do trp de pacotes,QUEBRA DE ESTEIRA,QUEBRA DE ESTEIRA
2445,"FALHA NA PARADA E PARTIDA DO MOTOR DO TRANSPORTE DE LATA VAZIA,ANTES DO RINSER ,GERANDO AMASSAMENTO DE LATA E PERDA",falha na parada e partida do motor do transporte de lata vazia antes do rinser gerando amassamento de lata e perda,FALHA DE MOTOR,FALHA DE MOTOR
2446,FALHA NO SENSOR DO TAPETE DE SAÍDA DA HEUFIT,falha no sensor do tapete de saida da heufit,FALHA DE SENSOR,FALHA DE SENSOR
2447,"FALHA DE ENCHIMENTO NAS VALVULAS 21, 38, 40 E 110 ( MANGUEIRAS MAL ENCAIXADAS ) 30008581625",falha de enchimento nas valvulas 21 38 40 e 110 mangueiras mal encaixadas 30008581625,FALHA DE VÁLVULA DE ENCHIMENTO,FALHA DE VALVULA DE ENCHIMENTO
2448,"SENSOR DO TRANSPORTE DE SAIDA DA ENCHEDORA ,GERANDO FALHA E PARADA ORDEM - 30008580629",sensor do transporte de saida da enchedora gerando falha e parada ordem 30008580629,FALHA DE SENSOR,FALHA DE SENSOR
2449,FALHA NA SOLDA DO FILME,falha na solda do filme,FALHA DE SOLDA DE FILME,FALHA DE SOLDA DE FILME
2450,REGULAGEM DAS CINTAS DA MESA DE ENVOLVIMENTO (30008581609),regulagem das cintas da mesa de envolvimento 30008581609,SEM MODO DE FALHA IDENTIFICADO,SEM MODO DE FALHA IDENTIFICADO
2451,PASSANFDO LATAS AMASSADAS OCASIONANDO QUEDA E ENROSCO NO TRANSPORTE,passanfdo latas amassadas ocasionando queda e enrosco no transporte,ENROSCO DE LATAS,ENROSCO DE LATAS
2452,"QUEBRA DA ESTEIRA DO TRANSPORTE DE PACOTES , NOTA 30008583432",quebra da esteira do transporte de pacotes nota 30008583432,QUEBRA DE ESTEIRA,QUEBRA DE ESTEIRA
2453,"QUEBRA DO GUIA DE SEPARAÇÃO DE GARRAFAS DE ENTRADA DA EMPACOTADORA , NOTA 30008583428",quebra do guia de separacao de garrafas de entrada da empacotadora nota 30008583428,FALHA DE GUIA,FALHA DE GUIA
2454,TROCA DA PONTA DO CAME ORDEM 30008591391,troca da ponta do came ordem 30008591391,FALHA DE CAME,FALHA DE CAME
2455,A RÉGUA ESTAVA APERTADO A GARRAFA DIFICULTANDO A ENTRADA PARA PEGAR CORRETAMENTA.ORDEM..30008591538,a regua estava apertado a garrafa dificultando a entrada para pegar corretamenta ordem 30008591538,DESAJUSTE DE RÉGUA,DESAJUSTE DE REGUA
2456,ESTEIRA DA SAIDA DA ENCAIXOTADORA ESCAPOU NOVAMENTE.,esteira da saida da encaixotadora escapou novamente,ESCAPE DE ESTEIRA,ESCAPE DE ESTEIRA
2457,CONECTOR DO SENSOR DANIFICADO / ORDEM 30008591523,conector do sensor danificado ordem 30008591523,FALHA DE SENSOR,FALHA DE SENSOR
2458,"MANDRIL NUMERO 6, MARCANDO A TAMPA",mandril numero 6 marcando a tampa,FALHA DE MANDRIL,FALHA DE MANDRIL
2459,"FALHA PEGADA DE CAMADAS ,REALIZADO REPOSIÇAO DA VENTOSA 30008591398",falha pegada de camadas realizado reposicao da ventosa 30008591398,FALHA DE VENTOSA,FALHA DE VENTOSA
2460,AJUSTE NA ALTURA DO PEGADOR DO ROBO 30008591428,ajuste na altura do pegador do robo 30008591428,FALHA DE PEGADOR,FALHA DE PEGADOR
2461,FALHA DE ENCHIMENTO VALVULA N°70,falha de enchimento valvula n 70,FALHA DE VÁLVULA DE ENCHIMENTO,FALHA DE VALVULA DE ENCHIMENTO
2462,FALHA DE ENCHIMENTO DA VALVULA N°70,falha de enchimento da valvula n 70,FALHA DE VÁLVULA DE ENCHIMENTO,FALHA DE VALVULA DE ENCHIMENTO
2463,MANDRIL N° 6 MARCANDO TAMPAS,mandril n 6 marcando tampas,FALHA DE MANDRIL,FALHA DE MANDRIL
2464,INSTABILIDADE DE ENCHIMENTO,instabilidade de enchimento,FALHA DE ENCHIMENTO,FALHA DE ENCHIMENTO
2465,REALIZANDO VERIFICAÇÃO DEVIDO PROBLEMA APRESENTADO NA TAMPA DA LATA,realizando verificacao devido problema apresentado na tampa da lata,PROBLEMA NA TAMPA DA LATA,PROBLEMA NA TAMPA DA LATA
2466,TROCA DA VENTOSA,troca da ventosa,FALHA DE VENTOSA,FALHA DE VENTOSA
2467,"INSTABILIDADE DE ENCHIMENTO, VELOCIDADE REDUZIDA",instabilidade de enchimento velocidade reduzida,FALHA DE ENCHIMENTO,FALHA DE ENCHIMENTO
2468,TROCA DA VALVULA 67,troca da valvula 67,FALHA DE VÁLVULA,FALHA DE VALVULA
2469,INSTABILIDADE DE ENCHIMENTO VELOCIDADE REDUZIDA,instabilidade de enchimento velocidade reduzida,FALHA DE ENCHIMENTO,FALHA DE ENCHIMENTO
2470,TROCA DA VALVULA 67 E 10,troca da valvula 67 e 10,FALHA DE VÁLVULA,FALHA DE VALVULA
2471,QUEDA DE LATAS NO TWISTER LOGO APOS A FILTEC,queda de latas no twister logo apos a filtec,FALHA DE INSPEÇÃO,FALHA DE INSPECAO
2472,"QUEDA DE LATA NO TWISTER,PÓS CODIFICADORA",queda de lata no twister pos codificadora,FALHA DE CODIFICAÇÃO,FALHA DE CODIFICACAO
2473,MANDRIL N° 6 MARCANDO TAMPAS,mandril n 6 marcando tampas,FALHA DE MANDRIL,FALHA DE MANDRIL
2474,INSTABILIDADE DE ENCHIMENTO,instabilidade de enchimento,FALHA DE ENCHIMENTO,FALHA DE ENCHIMENTO
2475,REALIZANDO VERIFICAÇÃO DEVIDO PROBLEMA APRESENTADO NA TAMPA DA LATA,realizando verificacao devido problema apresentado na tampa da lata,PROBLEMA NA TAMPA DA LATA,PROBLEMA NA TAMPA DA LATA
2476,TROCA DA VENTOSA,troca da ventosa,FALHA DE VENTOSA,FALHA DE VENTOSA
2477,"INSTABILIDADE DE ENCHIMENTO, VELOCIDADE REDUZIDA",instabilidade de enchimento velocidade reduzida,FALHA DE ENCHIMENTO,FALHA DE ENCHIMENTO
2478,TROCA DA VALVULA 67,troca da valvula 67,FALHA DE VÁLVULA,FALHA DE VALVULA
2479,INSTABILIDADE DE ENCHIMENTO VELOCIDADE REDUZIDA,instabilidade de enchimento velocidade reduzida,FALHA DE ENCHIMENTO,FALHA DE ENCHIMENTO
2480,TROCA DA VALVULA 67 E 10,troca da valvula 67 e 10,FALHA DE VÁLVULA,FALHA DE VALVULA
2481,QUEDA DE LATAS NO TWISTER LOGO APOS A FILTEC,queda de latas no twister logo apos a filtec,FALHA DE INSPEÇÃO,FALHA DE INSPECAO
2482,"QUEDA DE LATA NO TWISTER,PÓS CODIFICADORA",queda de lata no twister pos codificadora,FALHA DE CODIFICAÇÃO,FALHA DE CODIFICACAO
2483,FALHA NA VALVULA DE ENCHIMENTO E AQUECIMENTO,falha na valvula de enchimento e aquecimento,FALHA DE VÁLVULA DE ENCHIMENTO,FALHA DE VALVULA DE ENCHIMENTO
2484,DOBRANDO FILME / ABRINDO PACOTES,dobrando filme abrindo pacotes,FALHA DE ENVOLVIMENTO,FALHA DE ENVOLVIMENTO
2485,RETIRANDA DE UM GOMO DO TRASNPORTE DE PACOTES (30008597084),retiranda de um gomo do trasnporte de pacotes 30008597084,FALHA DE ELO DE ESTEIRA,FALHA DE ELO DE ESTEIRA
2486,TROCA DA BOBINA DE FILME E ESTOURO NA SOLDA DA MESMA - ORDEM - 30008595841,troca da bobina de filme e estouro na solda da mesma ordem 30008595841,FALHA DE SOLDA DE FILME,FALHA DE SOLDA DE FILME
2487,"VAZAMENTO DO COLETOR,GERANDO PERDA DE PRESSÃO E PARADA",vazamento do coletor gerando perda de pressao e parada,VAZAMENTO EM COLETOR,VAZAMENTO EM COLETOR
2488,FALHA VALVULA MOTORIZADA AGUA ORDEM: 30008595839,falha valvula motorizada agua ordem 30008595839,FALHA DE VÁLVULA,FALHA DE VALVULA
2489,FALHA MOTOR TAG-157 NO TRANSPORTE ALINHADOR,falha motor tag 157 no transporte alinhador,FALHA DE MOTOR,FALHA DE MOTOR
2490,FALHA SENSIBILIDADE DO SENSOR DE PRESENÇA DE GARRAFA TESTE ORDEM: 30008598953,falha sensibilidade do sensor de presenca de garrafa teste ordem 30008598953,FALHA DE SENSOR,FALHA DE SENSOR
2491,"(ORDEM 30008599083) ROMPIMENTO DA CORREIA DA ESTEIRA DE TRANSPORTE DE TAMPAS, FEITO A TROCA",ordem 30008599083 rompimento da correia da esteira de transporte de tampas feito a troca,QUEBRA DE CORREIA,QUEBRA DE CORREIA
2492,"PALETIZADORA EM FALHA DE ROTAÇÃO , NOTA 30008598948",paletizadora em falha de rotacao nota 30008598948,FALHA DE ROTAÇÃO,FALHA DE ROTACAO
2493,FALHA NA COMPACTAÇÃO DE CAMADAS ORDEM Nº 30008599364,falha na compactacao de camadas ordem no 30008599364,FALHA DE COMPACTAÇÃO DE CAMADA,FALHA DE COMPACTACAO DE CAMADA
2494,QUEBRA DA ESTEIRA TRANSPORTADORA DE PACOTES,quebra da esteira transportadora de pacotes,QUEBRA DE ESTEIRA,QUEBRA DE ESTEIRA
2495,PARADA DO EQUIPAMENTO POR FALHA DE TEMPERATURA DO IHM (30008599929),parada do equipamento por falha de temperatura do ihm 30008599929,FALHA DE IHM,FALHA DE IHM
2496,FALHA DE BARREIRA NO TRANSPORTE DE SAIDA DE PALETES (30008599931),falha de barreira no transporte de saida de paletes 30008599931,FALHA DE BARREIRA,FALHA DE BARREIRA
2497,ESTOURO DO FILME NA TROCA DE BOBINA,estouro do filme na troca de bobina,ROMPIMENTO DE FILME,ROMPIMENTO DE FILME
2498,"FALHA DE ESVAZIAMENTO DO CARTÃO, MAQUINA LIGADA E PALETE NAO SAINDO PRA NOVO CICLO",falha de esvaziamento do cartao maquina ligada e palete nao saindo pra novo ciclo,FALHA NO MANUSEIO DE CARTÃO,FALHA NO MANUSEIO DE CARTAO
2499,FALHA NA RETIRADA DO QUADRO,falha na retirada do quadro,FALHA NO MANUSEIO DE CARTÃO,FALHA NO MANUSEIO DE CARTAO
2500,"TWISTER COM DESGASTE, DERRUBANDO MUITAS LATAS PARA ENTRADA DA EMPACOTADORA",twister com desgaste derrubando muitas latas para entrada da empacotadora,FALHA DE TWISTER,FALHA DE TWISTER
2501,TROCA DO SENSOR DA LINGUETA INDUTIVO RECRAVADORA - ORDEM - 30008598943,troca do sensor da lingueta indutivo recravadora ordem 30008598943,FALHA DE SENSOR,FALHA DE SENSOR
2502,ROBO PEGANDO CAIXAS A MENOS,robo pegando caixas a menos,FALHA NA PEGADA DE CAMADA,FALHA NA PEGADA DE CAMADA
2503,"ENOS MASSPEC QUEIMA DE FILAMENTOS, FOI REALIZADO A TROCA ORDEM: 30008601910",enos masspec queima de filamentos foi realizado a troca ordem 30008601910,QUEIMA DE FILAMENTO,QUEIMA DE FILAMENTO
2504,FALHA SENSORES DAS FOTOCELULASDO CABEÇOTE FORA POSIÇÃO E SOLTOS,falha sensores das fotocelulasdo cabecote fora posicao e soltos,FALHA DE SENSOR,FALHA DE SENSOR
2505,"VALVULA COM BASE AMASSADA, NECESSARIO SUBSTITUIÇÃO DA MESMA",valvula com base amassada necessario substituicao da mesma,FALHA DE VÁLVULA,FALHA DE VALVULA
2506,NIVE DE AGUA DA CUBA ABAIXANDO,nive de agua da cuba abaixando,FALHA DE NÍVEL DE ÁGUA,FALHA DE NIVEL DE AGUA
2507,PINÇA NUMERO 54 ENTREGANDO GARRAFA TORTA,pinca numero 54 entregando garrafa torta,FALHA DE PINÇA,FALHA DE PINCA
2508,FALHA DE BARREIRA NO TRANSPORTE DE SAIDA DE PALETES,falha de barreira no transporte de saida de paletes,FALHA DE BARREIRA,FALHA DE BARREIRA
2509,QUEDA DE GARRAFAS NO TRANSPORTE DE SAIDA DO LINATRONIC,queda de garrafas no transporte de saida do linatronic,QUEDA DE GARRAFAS,QUEDA DE GARRAFAS
2510,FALHA NO REJEITOR LINEAR,falha no rejeitor linear,FALHA DE REJEIÇÃO,FALHA DE REJEICAO
2511,"RETROFI ENCHEDORA, PROJETO ENGENHARIA / SIDEL",retrofi enchedora projeto engenharia sidel,SEM MODO DE FALHA IDENTIFICADO,SEM MODO DE FALHA IDENTIFICADO
2512,"AJUSTE NO GUIA E NO SINCRONISMO DA ESTRELA, GARRAFAS BATENDO E FICANDO MARCADAS",ajuste no guia e no sincronismo da estrela garrafas batendo e ficando marcadas,SEM MODO DE FALHA IDENTIFICADO,SEM MODO DE FALHA IDENTIFICADO
2513,"AJUSTE NO SENSOR E NA SENSIBILIDADE, SENSOR DE DETECÇÃO DE GARRAFAS CAIDA NO ENVOLVIMENTO DOS PACOTES",ajuste no sensor e na sensibilidade sensor de deteccao de garrafas caida no envolvimento dos pacotes,FALHA DE SENSOR,FALHA DE SENSOR
2514,"FALHA NOBREAK, FALTOU ENERGIA EQTO",falha nobreak faltou energia eqto,FALHA DE NOBREAK,FALHA DE NOBREAK
2515,FALHA NOBREAK ( ABASTECENDO A LAVADORA),falha nobreak abastecendo a lavadora,FALHA DE NOBREAK,FALHA DE NOBREAK
2516,"ROLETES TORTO,CAUSANDO ERRO NA FORMAÇÃO DAS CAMADAS",roletes torto causando erro na formacao das camadas,FALHA DE ROLETES,FALHA DE ROLETES
2517,FALHA NA DESCAPSULAGEM DAS GARRAFAS( FOI COLOCADO UM PARAFUSO NA PINÇA QUE ESTAVA FALTANDO 30008605426 ),falha na descapsulagem das garrafas foi colocado um parafuso na pinca que estava faltando 30008605426,FALHA DE DESCAPSULAMENTO,FALHA DE DESCAPSULAMENTO
2518,TRAVAMENTO POR FALTA DE GRAXA,travamento por falta de graxa,FALHA DE LUBRIFICAÇÃO,FALHA DE LUBRIFICACAO
2519,AJUSTE NAS GUIAS DE SEPARAÇÃO APÓS MELHORIAS DA REFORMA,ajuste nas guias de separacao apos melhorias da reforma,SEM MODO DE FALHA IDENTIFICADO,SEM MODO DE FALHA IDENTIFICADO
2520,FALHA NO MOTOR PULANDO ELO (30008607326),falha no motor pulando elo 30008607326,FALHA DE MOTOR,FALHA DE MOTOR
2521,FALHA NO MOTOR PULANDO ELO,falha no motor pulando elo,FALHA DE MOTOR,FALHA DE MOTOR
2522,QUEDA DE GARRAFAS NA ENTRADA/ ENROSCO NAS CHAPAS DE ENTRADA DO PANTÓGRAFO ( ORDEM - 30008607329 ),queda de garrafas na entrada enrosco nas chapas de entrada do pantografo ordem 30008607329,ENROSCO DE GARRAFAS,ENROSCO DE GARRAFAS
2523,BOIA DA CUBA DE AGUA TRAVANDO,boia da cuba de agua travando,TRAVAMENTO DE BOIA,TRAVAMENTO DE BOIA
2524,QUEBRA DA ESTEIRA NA SAIDA DO FORNO ORDEM Nº30008606392,quebra da esteira na saida do forno ordem no30008606392,QUEBRA DE ESTEIRA,QUEBRA DE ESTEIRA
2525,QUEBRA DA ESTEIRA NA ENTRADA DA PALETIZADORA,quebra da esteira na entrada da paletizadora,QUEBRA DE ESTEIRA,QUEBRA DE ESTEIRA
2526,GUIA DO PISTAO DE COMPACTAÇÃO IRREGULAR (13245350),guia do pistao de compactacao irregular 13245350,DESALINHAMENTO DE GUIA,DESALINHAMENTO DE GUIA
2527,REJEITANDO LATAS BOAS E DERRUBANDO NO TRANSPORTE PARA ENCHEDORA,rejeitando latas boas e derrubando no transporte para enchedora,FALHA DE REJEIÇÃO,FALHA DE REJEICAO
2528,FALHA DE VACUO NA PEGA DOS PACOTES,falha de vacuo na pega dos pacotes,FALHA DE VÁCUO,FALHA DE VACUO
2529,"QUEBRA DO GUIA, SOLDAGEM E CORREIA SAIU FORA DA POLIA ORDEM : 30008607045",quebra do guia soldagem e correia saiu fora da polia ordem 30008607045,QUEBRA DE CORREIA,QUEBRA DE CORREIA
2530,FALHA SENSOR DE SEGURANÇA DA PORTA DA ENCAIXOTADORA,falha sensor de seguranca da porta da encaixotadora,FALHA DE SENSOR,FALHA DE SENSOR
2531,FALHA SENSOR DE SEGURANÇA DA PORTA ENCAIXOTADORA ORDEM: 30008604993,falha sensor de seguranca da porta encaixotadora ordem 30008604993,FALHA DE SENSOR,FALHA DE SENSOR
2532,FALHA TROCA DE BANDEJA DO AGREGADO 1 ORDEM: 30008604995,falha troca de bandeja do agregado 1 ordem 30008604995,FALHA NA TROCA DE BANDEJA,FALHA NA TROCA DE BANDEJA
2533,"QUEDA DE LATA NO TWISTER ,PÓS FILTEC",queda de lata no twister pos filtec,FALHA DE INSPEÇÃO,FALHA DE INSPECAO
2534,FIXAÇÃO DA EMGRENAGEM SOLTA 30008609203,fixacao da emgrenagem solta 30008609203,FALHA DE ENGRENAGEM,FALHA DE ENGRENAGEM
2535,FALHA NO PRESSOSTATO,falha no pressostato,FALHA DE PRESSOSTATO,FALHA DE PRESSOSTATO
2536,Estrutura falta/danificada,estrutura falta danificada,FALHA ESTRUTURAL,FALHA ESTRUTURAL
2537,FALHA NA BARREIRA DE SEGURANÇA,falha na barreira de seguranca,FALHA DE BARREIRA,FALHA DE BARREIRA
2538,FALHA DE RECRAVAÇÃO - ATUAÇÃO NA PRIMEIRA OPERAÇÃO DOS MANDRIS N°1 E 6,falha de recravacao atuacao na primeira operacao dos mandris n 1 e 6,FALHA DE RECRAVAÇÃO,FALHA DE RECRAVACAO
2539,FALHA NO SENSOR DA PORTA DE SEGURANÇA OCASIONANDO PARADA DOS PALETES FORA DE POSIÇÃO NO TRANSPORTE (30008613899),falha no sensor da porta de seguranca ocasionando parada dos paletes fora de posicao no transporte 30008613899,FALHA DE SENSOR,FALHA DE SENSOR
2540,FALHA DE BARREIRA NA SAIDA DE PALETES,falha de barreira na saida de paletes,FALHA DE BARREIRA,FALHA DE BARREIRA
2541,FALHA NO PEGA DE PACOTES QUEDA DE CAMADA,falha no pega de pacotes queda de camada,FALHA NA PEGADA DE CAMADA,FALHA NA PEGADA DE CAMADA
2542,MANDRIL Nº1 E Nº6 FORA DA ESPECIFICAÇÃO,mandril no1 e no6 fora da especificacao,FALHA DE MANDRIL,FALHA DE MANDRIL
2543,"PISTAO DE RETIRADA DE CARTÃO TRAVADNO NA RETIRADA,",pistao de retirada de cartao travadno na retirada,TRAVAMENTO DE ATUADOR,TRAVAMENTO DE ATUADOR
2544,MANDRIL Nº6 FORA DOS PARAMETROS,mandril no6 fora dos parametros,FALHA DE MANDRIL,FALHA DE MANDRIL
2545,CORREIA DA MESA DE ENVOLVIMENTO PATINANDO,correia da mesa de envolvimento patinando,FALHA DE CORREIA,FALHA DE CORREIA
2546,FALHA NA CODIFICADORA,falha na codificadora,FALHA DE CODIFICAÇÃO,FALHA DE CODIFICACAO
2547,"FALHA TRANSPORTE DA ROTULADORA, PERDEU PARAMETROS",falha transporte da rotuladora perdeu parametros,FALHA DE ROTULAGEM,FALHA DE ROTULAGEM
2548,FALHA AO PUXAR PALETES,falha ao puxar paletes,FALHA DE ALIMENTAÇÃO DE PALETES,FALHA DE ALIMENTACAO DE PALETES
2549,FIXAÇÃO DA ENGRANAGEM SOLTA,fixacao da engranagem solta,FALHA DE ENGRENAGEM,FALHA DE ENGRENAGEM
2550,FALHA NA RETIRADA DE TAMPA,falha na retirada de tampa,FALHA DE DESCAPSULAMENTO,FALHA DE DESCAPSULAMENTO
2551,VAZAMENTO DE SELO DA BOMBA DO TANQUE 2 PARADA PARA TROCA DO SELO.,vazamento de selo da bomba do tanque 2 parada para troca do selo,FALHA DE BOMBA,FALHA DE BOMBA
2552,FALHA ELÉTRICA NA EXTRASSAO DE ROTULO CAUSANDO PARADA NO EQUIPAMENTO,falha eletrica na extrassao de rotulo causando parada no equipamento,Excesso de garrafa com rotulo,EXCESSO DE GARRAFA COM ROTULO
2553,FALHA NA EXTRASSAO DE ROTULO DA LAVADORA CAUSANDO PARADAS NO EQUIPAMENTO,falha na extrassao de rotulo da lavadora causando paradas no equipamento,Excesso de garrafa com rotulo,EXCESSO DE GARRAFA COM ROTULO
2554,AJUSTE DO SENSOR ENTRADA DE GARRAFAS,ajuste do sensor entrada de garrafas,FALHA DE SENSOR,FALHA DE SENSOR
2555,"VALVULAS COM EMCHIMENTO IMREGULAR NIVEL FORA DE PADRO VALVULA 11,110,111 30008618676",valvulas com emchimento imregular nivel fora de padro valvula 11 110 111 30008618676,FALHA DE ENCHIMENTO,FALHA DE ENCHIMENTO
2556,QUEBRA DA ESTEIRA,quebra da esteira,QUEBRA DE ESTEIRA,QUEBRA DE ESTEIRA
2557,BASE DO MOTOR DO VIBRADOR SOLTA,base do motor do vibrador solta,FALHA DE MOTOR,FALHA DE MOTOR
2558,QUEBRA DA ESTEIRA,quebra da esteira,QUEBRA DE ESTEIRA,QUEBRA DE ESTEIRA
2559,TROCA DA FACA QUE FAZ O CORTE DO FILME,troca da faca que faz o corte do filme,FALHA DE CORTE DE FILME,FALHA DE CORTE DE FILME
2560,AJUSTE DE SENSIBILIDADE,ajuste de sensibilidade,SEM MODO DE FALHA IDENTIFICADO,SEM MODO DE FALHA IDENTIFICADO
2561,JAMPER NA VALVULA90,jamper na valvula90,FALHA DE VÁLVULA DE ENCHIMENTO,FALHA DE VALVULA DE ENCHIMENTO
2562,ENROSCO DE LATA NO TWISTER DE SAIDA DA ENCHEDORA,enrosco de lata no twister de saida da enchedora,ENROSCO DE LATAS,ENROSCO DE LATAS
2563,FALHA BLOQUEIO NO VIRADOR DE CAIXAS ORDEM:30008618633,falha bloqueio no virador de caixas ordem 30008618633,FALHA NO VIRADOR DE CAIXAS,FALHA NO VIRADOR DE CAIXAS
2564,FALHA SISTEMA DE ARTICULAÇÃO DA VALVULA 13 ORDEM: 30008618657,falha sistema de articulacao da valvula 13 ordem 30008618657,FALHA DE VÁLVULA,FALHA DE VALVULA
2565,FALHA NO CORTE DO FILME NOTA:13256820,falha no corte do filme nota 13256820,FALHA DE CORTE DE FILME,FALHA DE CORTE DE FILME
2566,FALHA NO CORTE DO FILME,falha no corte do filme,FALHA DE CORTE DE FILME,FALHA DE CORTE DE FILME
2567,TROCA DO REPARO DO BLOCO DA VAL 18,troca do reparo do bloco da val 18,FALHA DE VEDAÇÃO DA VÁLVULA,FALHA DE VEDACAO DA VALVULA
2568,TROCA DA VALVULA 82 E TROCA DO BLOCO DA VALVULA 80,troca da valvula 82 e troca do bloco da valvula 80,FALHA DE ENCHIMENTO,FALHA DE ENCHIMENTO
2569,FALHA NO CORTE DO FILME DEVIDO AO PARAFUSO QUEBRADO DO ROLO DE TRAÇÃO,falha no corte do filme devido ao parafuso quebrado do rolo de tracao,FALHA DE CORTE DE FILME,FALHA DE CORTE DE FILME
2570,FALHA DE ENCHIMENTO SAINDO NIVEL BAIXO AJUSTE VAL 18,falha de enchimento saindo nivel baixo ajuste val 18,FALHA DE ENCHIMENTO,FALHA DE ENCHIMENTO
2571,FALHA DE ENCHIMENTO SAINDO NIVEL BAIXO - ORDEM: 30008619515,falha de enchimento saindo nivel baixo ordem 30008619515,FALHA DE ENCHIMENTO,FALHA DE ENCHIMENTO
2572,"FALHA NO CORTE DO FILME, FEITO O SINCRONISMO",falha no corte do filme feito o sincronismo,FALHA DE CORTE DE FILME,FALHA DE CORTE DE FILME
2573,FALTA DE AR NO VIRADOR DE PACOTES,falta de ar no virador de pacotes,FALHA DE SUPRIMENTO DE AR COMPRIMIDO,FALHA DE SUPRIMENTO DE AR COMPRIMIDO
2574,FALHA NO VIRADOR DE PACOTES,falha no virador de pacotes,FALHA NO VIRADOR DE PACOTES,FALHA NO VIRADOR DE PACOTES
2575,"VALVULAS COM EMCHIMENTO IMREGULAR NIVEL FORA DE PADRO VALVULA 11,110,111 30008618676",valvulas com emchimento imregular nivel fora de padro valvula 11 110 111 30008618676,FALHA DE ENCHIMENTO,FALHA DE ENCHIMENTO
2576,SUPORTE DA FACA DE CORTE QUEBRADO 30008618696,suporte da faca de corte quebrado 30008618696,QUEBRA DE SUPORTE,QUEBRA DE SUPORTE
2577,ENCHEDORA ABAIXO DA NOMINAL ESPUMADO BEBIDA NA HORA DO ALMENTO DE VELOCIDADE,enchedora abaixo da nominal espumado bebida na hora do almento de velocidade,FALHA DE ENCHIMENTO,FALHA DE ENCHIMENTO
2578,VIRADOR DE CAIXA COM FALHA,virador de caixa com falha,FALHA NO VIRADOR DE CAIXAS,FALHA NO VIRADOR DE CAIXAS
2579,FALHA NA VÁLVULA 78 ATRASO NA PARTIDA DO CIP,falha na valvula 78 atraso na partida do cip,FALHA DE VÁLVULA,FALHA DE VALVULA
2580,FALSO REJEITO POR TAMPA ( NOTA 030008619519 ),falso rejeito por tampa nota 030008619519,FALHA DE REJEIÇÃO,FALHA DE REJEICAO
2581,"VIBRAÇÃO NO ROLETE DA EMPACOTADORA,GERANDO DESLOCAMENTO DO FILME E MÁ FORMAÇÃO DO PACOTE",vibracao no rolete da empacotadora gerando deslocamento do filme e ma formacao do pacote,FALHA DE ROLETES,FALHA DE ROLETES
2582,"IBRAÇÃO NO ROLETE DA EMPACOTADORA,GERANDO DESLOCAMENTO DO FILME E MÁ FORMAÇÃO DO PACOTE",ibracao no rolete da empacotadora gerando deslocamento do filme e ma formacao do pacote,FALHA DE ROLETES,FALHA DE ROLETES
2583,"VIBRAÇÃO NO ROLETE DA EMPACOTADORA,GERANDO DESLOCAMENTO DO FILME E MÁ FORMAÇÃO DO PACOTE NOTA 30008619227",vibracao no rolete da empacotadora gerando deslocamento do filme e ma formacao do pacote nota 30008619227,FALHA DE ROLETES,FALHA DE ROLETES
2584,PALETE NAO SAINDO DO ELEVADOR E GERANDO FALHA DE RETIRADA RETIRADA DE CARTÃO,palete nao saindo do elevador e gerando falha de retirada retirada de cartao,FALHA NO MANUSEIO DE CARTÃO,FALHA NO MANUSEIO DE CARTAO
2585,"FALHA NA DATADORA, ESVAZIANDO PULMÃO DA EMPACOTADORA",falha na datadora esvaziando pulmao da empacotadora,FALHA DE CODIFICAÇÃO,FALHA DE CODIFICACAO
2586,FALHA NO TRANSPORTE DE PALETE (300086919514),falha no transporte de palete 300086919514,FALHA DE TRANSPORTE DE PALETES,FALHA DE TRANSPORTE DE PALETES
2587,DESARME TÉRMICO NA DESPALETIZADORA ORDEM: 30008620804,desarme termico na despaletizadora ordem 30008620804,DESARME TÉRMICO,DESARME TERMICO
2588,FALHA DOS SENSORES DE SEGURANÇA DAS PORTAS E MOTOR DA MESA DE CARGA,falha dos sensores de seguranca das portas e motor da mesa de carga,FALHA DE MOTOR,FALHA DE MOTOR
2589,FALHA DOS SENSORES DE SEGURANÇA DAS PORTAS E MOTOR DA MESA DE CARGA (30008623012),falha dos sensores de seguranca das portas e motor da mesa de carga 30008623012,FALHA DE MOTOR,FALHA DE MOTOR
2590,FALHA NO SENSOR DO CABEÇOTE DO ROBO DE CARTÃO (CABO ESTAVA ROMPIDO) 30008623021,falha no sensor do cabecote do robo de cartao cabo estava rompido 30008623021,FALHA DE SENSOR,FALHA DE SENSOR
2591,TROCA DO ROLAMENTO DA ESTAÇÃO N°6 (0008623023),troca do rolamento da estacao n 6 0008623023,FALHA DE ROLAMENTO,FALHA DE ROLAMENTO
2592,SOLTOU PARAFUSO NO APALPADOR DE CAIXAS ORDEM: 30008620806,soltou parafuso no apalpador de caixas ordem 30008620806,FALHA DE FIXAÇÃO,FALHA DE FIXACAO
2593,TERMICO DESARMADO,termico desarmado,DESARME TÉRMICO,DESARME TERMICO
2594,PERDA DE SONCRONISMO NA MESA DE SEGMENTO,perda de soncronismo na mesa de segmento,FALHA DE SEGMENTOS,FALHA DE SEGMENTOS
2595,FALHA NO SISTEMA LINEAR ENOS EBS,falha no sistema linear enos ebs,FALHA DE AUTOMAÇÃO,FALHA DE AUTOMACAO
2596,FALHA NA ALTO CALIBRAÇÃO GAZ REDOX BAIXO ORDEM 30008623010,falha na alto calibracao gaz redox baixo ordem 30008623010,FALHA DE CONTROLE DE PROCESSO,FALHA DE CONTROLE DE PROCESSO
2597,"DOSADOR COM PROBLEMAS ,CONGELANDO ASTE DE DOSAGEM",dosador com problemas congelando aste de dosagem,FALHA DE DOSAGEM,FALHA DE DOSAGEM
2598,CRIAÇÃO DA RECEITA DE ENCHIMENTO 30008620767,criacao da receita de enchimento 30008620767,FALHA DE ENCHIMENTO,FALHA DE ENCHIMENTO
2599,FALHA NA COMPACTAÇÃO DAS CAMADAS DEVIDO SENSOR MAL APERTADO,falha na compactacao das camadas devido sensor mal apertado,FALHA DE SENSOR,FALHA DE SENSOR
2600,"FALTA DE AR NAS VALVULAS ELETRONICAS, IMPACTANDO EM CRASH NA SAIDA",falta de ar nas valvulas eletronicas impactando em crash na saida,FALHA DE SUPRIMENTO DE AR COMPRIMIDO,FALHA DE SUPRIMENTO DE AR COMPRIMIDO
2601,FALTA DE AR NAS VALVULAS ELETRONICAS,falta de ar nas valvulas eletronicas,FALHA DE SUPRIMENTO DE AR COMPRIMIDO,FALHA DE SUPRIMENTO DE AR COMPRIMIDO
2602,SENSOR DA CORRENTE DE AVASO,sensor da corrente de avaso,FALHA DE SENSOR,FALHA DE SENSOR
2603,VAZAMENTO NA VALVULA 82 CAUSANDO FALHA DE AR NAS VALVULAS ELETRONICAS 30008620816,vazamento na valvula 82 causando falha de ar nas valvulas eletronicas 30008620816,VAZAMENTO EM VÁLVULA,VAZAMENTO EM VALVULA
2604,FALHA NO UPS DO IHM,falha no ups do ihm,FALHA DE IHM,FALHA DE IHM
2605,"NIVEL BAIXO, BEBIDA ESPUMANDO",nivel baixo bebida espumando,ESPUMAMENTO DE BEBIDA,ESPUMAMENTO DE BEBIDA
2606,"NIVEL BAIXO, BEBIDA ESPUMANDO ,PARAMETROS DE RECEITA FORA DO PADRAO 30008624960",nivel baixo bebida espumando parametros de receita fora do padrao 30008624960,ESPUMAMENTO DE BEBIDA,ESPUMAMENTO DE BEBIDA
2607,FALHA DE ENCHIMENTO NA VALVULA N 12 ( TROCA DA PINÇA DE ENTREGA DE GARRAFAS ),falha de enchimento na valvula n 12 troca da pinca de entrega de garrafas,FALHA DE PINÇA,FALHA DE PINCA
2608,TROCA DA VALVULA N° 33,troca da valvula n 33,FALHA DE VÁLVULA,FALHA DE VALVULA
2609,GFS TORTAS NA SAIDA DO RINSER NOTA 30008119534,gfs tortas na saida do rinser nota 30008119534,GARRAFAS TORTAS NA SAÍDA DO RINSER,GARRAFAS TORTAS NA SAIDA DO RINSER
2610,GFS TORTAS NA SAIDA DO RINSER,gfs tortas na saida do rinser,GARRAFAS TORTAS NA SAÍDA DO RINSER,GARRAFAS TORTAS NA SAIDA DO RINSER
2611,FALHA NA PEGA DE CARTÃO,falha na pega de cartao,FALHA NO MANUSEIO DE CARTÃO,FALHA NO MANUSEIO DE CARTAO
2612,"SISTEMA REJEITOR FURANDO LATAS, ACIONANDO O SENSOR DE SEGURANÇA",sistema rejeitor furando latas acionando o sensor de seguranca,FALHA DE SENSOR,FALHA DE SENSOR
2613,ENROSCO DE GARRAFAS NO SUPORTE QUE ESTAVA SOLTO.,enrosco de garrafas no suporte que estava solto,ENROSCO DE GARRAFAS,ENROSCO DE GARRAFAS
2614,FALHA NO SISTEMA LINEAR,falha no sistema linear,FALHA DE AUTOMAÇÃO,FALHA DE AUTOMACAO
2615,"FALHA NA DESFORMAÇÃO DE CAMADA ( RETIRADA DO QUADRO SUPERIOR ) , ORDEM > 30008620769",falha na desformacao de camada retirada do quadro superior ordem 30008620769,FALHA DE FORMAÇÃO DE CAMADA,FALHA DE FORMACAO DE CAMADA
2616,"SISTEMA REJEITO FURANDO LATAS, ACIONANDO O SENSOR DE SEGURANÇA",sistema rejeito furando latas acionando o sensor de seguranca,FALHA DE SENSOR,FALHA DE SENSOR
2617,PORTA LATERAL DA PALETIZADORA COM DIFICULDADES NO RESET (13242689),porta lateral da paletizadora com dificuldades no reset 13242689,FALHA DE PORTA DE SEGURANÇA,FALHA DE PORTA DE SEGURANCA
2618,FALHA NO SENSOR DE SAIDA DE LATAS DO TRANSPORTE,falha no sensor de saida de latas do transporte,FALHA DE SENSOR,FALHA DE SENSOR
2619,"FALHA AUTOCALIBRAÇÃO, FOI AJUSTADO O REDOX ORDEM: 30008624992",falha autocalibracao foi ajustado o redox ordem 30008624992,FALHA DE CONTROLE DE PROCESSO,FALHA DE CONTROLE DE PROCESSO
2620,DESARMOU O TRANSPORTE NA SAIDA DA ROTULADORA,desarmou o transporte na saida da rotuladora,DESARME DE TRANSPORTE,DESARME DE TRANSPORTE
2621,PARAFUSO QUE SEGURA ESTRELA DE ENTRADA ESCAPOU,parafuso que segura estrela de entrada escapou,FALHA DE FIXAÇÃO,FALHA DE FIXACAO
2622,"PERFIL DE NYLON SE SOLTOU E ENROSCOU ENTRE A ESTEIRA E A ENGRENAGEM, OCASIONA NDO O TRAVAMENTO DA MESMA ORDEM: 30008629108",perfil de nylon se soltou e enroscou entre a esteira e a engrenagem ocasiona ndo o travamento da mesma ordem 30008629108,TRAVAMENTO DE ENGRENAGEM,TRAVAMENTO DE ENGRENAGEM
2623,QUEDA DE GFS NOS PINO DE SEPARAÇÃO/ FORA DE SINCRONISMO,queda de gfs nos pino de separacao fora de sincronismo,FALHA DE PINO DE SEPARAÇÃO,FALHA DE PINO DE SEPARACAO
2624,SAINDO GFS SEM TAMPA E ENROSCANDO NOS PINO DE SEPARAÇÃO DA EMPACOTADORA / FORA DE SINCRONISMO 30008625998,saindo gfs sem tampa e enroscando nos pino de separacao da empacotadora fora de sincronismo 30008625998,ENROSCO DE TAMPAS,ENROSCO DE TAMPAS
2625,IHM DA ENCHEDORA DESLIGOU FALHA UPS TAG 58U4 EM FALHA 30008624971,ihm da enchedora desligou falha ups tag 58u4 em falha 30008624971,FALHA DE IHM,FALHA DE IHM
2626,TROCA DA VALVULA N° 33,troca da valvula n 33,FALHA DE VÁLVULA,FALHA DE VALVULA
2627,FALHA NO ENCHIMENTO NA VALVULA N°33,falha no enchimento na valvula n 33,FALHA DE VÁLVULA DE ENCHIMENTO,FALHA DE VALVULA DE ENCHIMENTO
2628,MANGUEIRA SOLDA DA VALVULA N°33 OCASIONANDO EXCESSO DE ENCHIMENTO,mangueira solda da valvula n 33 ocasionando excesso de enchimento,FALHA DE VÁLVULA DE ENCHIMENTO,FALHA DE VALVULA DE ENCHIMENTO
2629,SUPORTE DO VIBRADOR QUEBADO DA CHAPA DIVISORIA DE GARRAFA 30008625951,suporte do vibrador quebado da chapa divisoria de garrafa 30008625951,FALHA DE VIBRADOR,FALHA DE VIBRADOR
2630,FALHA DE ENCHIMENTO 30008625992,falha de enchimento 30008625992,FALHA DE ENCHIMENTO,FALHA DE ENCHIMENTO
2631,"FALHA NA CODIFICAÇÃO, ORDEM : 30008624982",falha na codificacao ordem 30008624982,FALHA DE CODIFICAÇÃO,FALHA DE CODIFICACAO
2632,FALHA NO TRANSPORTE DE LATAS,falha no transporte de latas,FALHA DE TRANSPORTE DE LATAS,FALHA DE TRANSPORTE DE LATAS
2633,"ENROSCO DE GARRAFAS, SEGMENTO - 30008626008",enrosco de garrafas segmento 30008626008,ENROSCO DE GARRAFAS,ENROSCO DE GARRAFAS
2634,PISTÃO DO APALPADOR QUEBRADO - 30008625922,pistao do apalpador quebrado 30008625922,QUEBRA DE ATUADOR,QUEBRA DE ATUADOR
2635,PALETIZADORA COM PAINEL DESARMADO ORDEM 30008626800,paletizadora com painel desarmado ordem 30008626800,DESARME DE PAINEL,DESARME DE PAINEL
2636,FALHA NA ALTO CALIBRAÇÃO GAZ RODOX BAIXO- ORDEM 30008626762,falha na alto calibracao gaz rodox baixo ordem 30008626762,FALHA DE CALIBRAÇÃO,FALHA DE CALIBRACAO
2637,FALHA NA ALTO CALIBRAÇÃO GAZ RODOX BAIXO,falha na alto calibracao gaz rodox baixo,FALHA DE CALIBRAÇÃO,FALHA DE CALIBRACAO
2638,"CONECTOR DE AR TANQUE 2, DANIFICADO",conector de ar tanque 2 danificado,FALHA DE CONEXÃO PNEUMÁTICA,FALHA DE CONEXAO PNEUMATICA
2639,"VELOCIDADE DO TRANSPORTE DE GARRAFAS OSCILANDO, FEITO A ALTERAÇÃO NA VELOCIDADE - ORDEM: 30008631379",velocidade do transporte de garrafas oscilando feito a alteracao na velocidade ordem 30008631379,FALHA DE VELOCIDADE DO TRANSPORTE,FALHA DE VELOCIDADE DO TRANSPORTE
2640,FALHA DE ENCHIMENTO VÁLVULA 39 E 68 NOTA30008631398,falha de enchimento valvula 39 e 68 nota30008631398,FALHA DE VÁLVULA DE ENCHIMENTO,FALHA DE VALVULA DE ENCHIMENTO
2641,FALHA NA CODIFICAÇÃO,falha na codificacao,FALHA DE CODIFICAÇÃO,FALHA DE CODIFICACAO
2642,FALHA NA REDE (FALHA NO INVERSOR 620UO),falha na rede falha no inversor 620uo,FALHA DE INVERSOR,FALHA DE INVERSOR
2643,"APÓS RETIRADA DO ÚLTIMO PAPELÃO ,GERANDO FALHA E NÃO SAINDO PALLET DE DENTRO DO ELEVADOR",apos retirada do ultimo papelao gerando falha e nao saindo pallet de dentro do elevador,FALHA DE ELEVADOR,FALHA DE ELEVADOR
2644,DESARME DO SOPRADOR,desarme do soprador,DESARME DE EQUIPAMENTO,DESARME DE EQUIPAMENTO
2645,HASTE DO CILINDRO DO BRAÇO SEPARADOR DE CAIXAS ESCAPOU DA ROSCA DE FIXAÇÃO ORDEM: 30008629094,haste do cilindro do braco separador de caixas escapou da rosca de fixacao ordem 30008629094,QUEBRA DE ATUADOR,QUEBRA DE ATUADOR
2646,TRAVAMENTO DE CAIXAS NO LAVADOR DE CAIXAS,travamento de caixas no lavador de caixas,ENROSCO DE CAIXAS,ENROSCO DE CAIXAS
2647,ESTEIRA ESCAPOU DO TRANSPORTE,esteira escapou do transporte,ESCAPE DE ESTEIRA,ESCAPE DE ESTEIRA
2648,TERMICO DESARMADO,termico desarmado,DESARME TÉRMICO,DESARME TERMICO
2649,DOSADOR DE NITROGENIO COM PROBLEMA ORDEM 30008631389,dosador de nitrogenio com problema ordem 30008631389,FALHA DE DOSAGEM,FALHA DE DOSAGEM
2650,FALHA NO INVERSOR DO MOTOR DO TRANSPORTE DE ENTRADA DA ENCAIXOTADORA,falha no inversor do motor do transporte de entrada da encaixotadora,FALHA DE INVERSOR,FALHA DE INVERSOR
2651,TRAVAMENTO DO FREIO DO MOTOR DA PRANCHA NOTA : 30008634073,travamento do freio do motor da prancha nota 30008634073,FALHA DE MOTOR,FALHA DE MOTOR
2652,ESTEIRA QUEBRADA,esteira quebrada,QUEBRA DE ESTEIRA,QUEBRA DE ESTEIRA
2653,REAPERTO DA TUBULAÇÃO COM VAZAMENTO DE BEBIDA,reaperto da tubulacao com vazamento de bebida,VAZAMENTO EM TUBULAÇÃO,VAZAMENTO EM TUBULACAO
2654,DOSADOR DE NITROGENIO COM PROBLEMA,dosador de nitrogenio com problema,FALHA DE DOSAGEM,FALHA DE DOSAGEM
2655,TRAVAMENTO SEGMENTOS DE GARRAFAS NO REJEITOR ENOS A100,travamento segmentos de garrafas no rejeitor enos a100,TRAVAMENTO DE SEGMENTOS,TRAVAMENTO DE SEGMENTOS
2656,"FALHA NA FORMAÇÃO DE CAMADAS, ROLETES E PATINS DANIFICADOS",falha na formacao de camadas roletes e patins danificados,FALHA DE PATINS,FALHA DE PATINS
2657,"LAVADORA FORA DE PONTO, GERANDO TRAVAMENTO DE GARRAFAS NA SAIDA",lavadora fora de ponto gerando travamento de garrafas na saida,FALHA DE SINCRONISMO,FALHA DE SINCRONISMO
2658,ROLETES E PATIS DANIFICADOS DO DEVIDER,roletes e patis danificados do devider,FALHA DE ROLETES,FALHA DE ROLETES
2659,SAIDA DA LAVADORA FORA DE PONTO OCASIONANDO QUEDA E ENROSCO DE GARRAFAS,saida da lavadora fora de ponto ocasionando queda e enrosco de garrafas,ENROSCO DE GARRAFAS,ENROSCO DE GARRAFAS
2660,TRAVAMENTO O ROLETE DO DEVIDER NA PALETIZADORA ORDEM: 30008634071,travamento o rolete do devider na paletizadora ordem 30008634071,TRAVAMENTO DE ROLETES,TRAVAMENTO DE ROLETES
2661,ESCAPOU A MANGUEIRA PRINCIPAL DA ALIMENTAÇÃO,escapou a mangueira principal da alimentacao,FALHA DE CONEXÃO DE MANGUEIRA,FALHA DE CONEXAO DE MANGUEIRA
2662,FALHA TROCA DE BANDEJA DO AGREGADO 2,falha troca de bandeja do agregado 2,FALHA NA TROCA DE BANDEJA,FALHA NA TROCA DE BANDEJA
2663,CIRCUITO DE EMERGENCIA ACIONADO,circuito de emergencia acionado,ATUAÇÃO DO CIRCUITO DE EMERGÊNCIA,ATUACAO DO CIRCUITO DE EMERGENCIA
2664,FALHA INVERSOR EXTRATOR DE CARTÃO,falha inversor extrator de cartao,FALHA DE INVERSOR,FALHA DE INVERSOR
2665,FALHA NA FACA DE CORTE ( MASTIGANDO O FILME ),falha na faca de corte mastigando o filme,FALHA DE CORTE DE FILME,FALHA DE CORTE DE FILME
2666,EXCESSO DE REJEITO NO INSPETOR ELETRONICO SALA DE ENVASE.,excesso de rejeito no inspetor eletronico sala de envase,FALHA DE REJEIÇÃO,FALHA DE REJEICAO
2667,PALETIZADORA TROCA DE MANGUEIRA DE AR DA GAIOLA,paletizadora troca de mangueira de ar da gaiola,FALHA DE MANGUEIRA PNEUMÁTICA,FALHA DE MANGUEIRA PNEUMATICA
2668,FALHA NO SENSOR DO EMPURRADOR DE CAMADA ORDEM 30008638898,falha no sensor do empurrador de camada ordem 30008638898,FALHA DE SENSOR,FALHA DE SENSOR
2669,SENSOR DO EMPURRADOR DE PACOTES SOLTO - ORDEM: 30008639568,sensor do empurrador de pacotes solto ordem 30008639568,FALHA DE SENSOR,FALHA DE SENSOR
2670,FALHA NA PEGA DE GARRAFAS ENCA. AJUSTE NA POSIÇÃO DO SENSOR,falha na pega de garrafas enca ajuste na posicao do sensor,FALHA DE SENSOR,FALHA DE SENSOR
2671,EXCESSO DE REITO NO INSPETOR ELETRONICO SALA DE ENVASE / FALHA DE EXPULSÃO DE SEGURANÇA,excesso de reito no inspetor eletronico sala de envase falha de expulsao de seguranca,FALHA DE INSPEÇÃO,FALHA DE INSPECAO
2672,FALHA INSPETOR CHECKMATE,falha inspetor checkmate,FALHA DE INSPEÇÃO,FALHA DE INSPECAO
2673,"QUEDA DE GARRAFAS NO RESFRIAMENTO DE FUNDO, OCASIONANDO FALHA DE MONITORAÇÃO",queda de garrafas no resfriamento de fundo ocasionando falha de monitoracao,QUEDA DE GARRAFAS,QUEDA DE GARRAFAS
2674,FALHA COOLER REFRIGERAÇÃO ROBO,falha cooler refrigeracao robo,FALHA DE ROBÔ,FALHA DE ROBO
2675,FALHA DE COMUNICAÇÃO NA REDE DEVICE NET,falha de comunicacao na rede device net,FALHA DE COMUNICAÇÃO,FALHA DE COMUNICACAO
2676,FALHA DE COMUNICAÇÃO NA REDE DEVICE NET,falha de comunicacao na rede device net,FALHA DE COMUNICAÇÃO,FALHA DE COMUNICACAO
2677,FALHA DE COMUNICAÇÃO NA REDE DEVICE NET,falha de comunicacao na rede device net,FALHA DE COMUNICAÇÃO,FALHA DE COMUNICACAO
2678,"DESENCA ATUAÇÃO KHS. TROCA DE TULIPAS, QUEDA DE GARRAFAS DAS TULIPAS, ENTRANDO CAIXA A MAIS.",desenca atuacao khs troca de tulipas queda de garrafas das tulipas entrando caixa a mais,QUEDA DE GARRAFAS,QUEDA DE GARRAFAS
2679,FALHA MOTOR TAG-151 E TAG-154 NA SAIDA DA DESENCAIXOTADORA,falha motor tag 151 e tag 154 na saida da desencaixotadora,FALHA DE MOTOR,FALHA DE MOTOR
2680,FALHA MOTOR TAG-225 NO ALINHADOR DA ENCHEDORA,falha motor tag 225 no alinhador da enchedora,FALHA DE MOTOR,FALHA DE MOTOR
2681,"FALHA TRANSPORTE MOTOR TAG 225 E MOTOR TAG 217, TRANSPORTES NO PULMAO DA ENCHEDORA E RETORNO PARADO",falha transporte motor tag 225 e motor tag 217 transportes no pulmao da enchedora e retorno parado,FALHA DE MOTOR,FALHA DE MOTOR
2682,FALHA MOTOR TRANSPORTE DE GARRAFAS PARA ALINHADOR DESCAPSULADOR,falha motor transporte de garrafas para alinhador descapsulador,FALHA DE MOTOR,FALHA DE MOTOR
2683,FALHA TRANSPORTE LINATRONIC PARA ENCHEDORA E ALINHADOR ENCHEDORA,falha transporte linatronic para enchedora e alinhador enchedora,FALHA DE TRANSPORTE,FALHA DE TRANSPORTE
2684,"FALHA SENSOR NO DESCAPSULADOR, OCASIONANDO FALSO REJEITO NA SAIDA",falha sensor no descapsulador ocasionando falso rejeito na saida,FALHA DE SENSOR,FALHA DE SENSOR
2685,FALHA TRANSPORTE NA SAIDA DO LINATRONIC,falha transporte na saida do linatronic,FALHA DE TRANSPORTE,FALHA DE TRANSPORTE
2686,"INTERVENCAO DO TECNICO DA MC PACK , PARA AVALIACAO DA VALVULA DE NITROGENIO",intervencao do tecnico da mc pack para avaliacao da valvula de nitrogenio,FALHA DE VÁLVULA DE NITROGÊNIO,FALHA DE VALVULA DE NITROGENIO
2687,"PROBLEMA NO ROLAMENTO DA ESTEIRA DE SAIDA , CAUSANDO FALHA NO INSPETOR CHECKMATE",problema no rolamento da esteira de saida causando falha no inspetor checkmate,FALHA DE ROLAMENTO,FALHA DE ROLAMENTO
2688,FALHA NO INSPETOR CHECKMATE CAUSANDO ECESSO DE REJEITO,falha no inspetor checkmate causando ecesso de rejeito,FALHA DE REJEIÇÃO,FALHA DE REJEICAO
2689,INSTALACAO DA VALVULA DE DOSADOR DE NITROGENIO,instalacao da valvula de dosador de nitrogenio,FALHA DE VÁLVULA DE NITROGÊNIO,FALHA DE VALVULA DE NITROGENIO
2690,AJUSTE NA POSIÇÃO DO DOSADOR DE NITROGENIO,ajuste na posicao do dosador de nitrogenio,SEM MODO DE FALHA IDENTIFICADO,SEM MODO DE FALHA IDENTIFICADO
2691,REGULAGEM GUIAS E VELOCIDADE DO VIRADOR DE CAIXAS ORDEM:30008641138,regulagem guias e velocidade do virador de caixas ordem 30008641138,SEM MODO DE FALHA IDENTIFICADO,SEM MODO DE FALHA IDENTIFICADO
2692,ESTEIRA DA REGUA DE ARRASTE PATINANDO CAUSANDO QUEDA DE GARRAFA,esteira da regua de arraste patinando causando queda de garrafa,PATINAGEM DE ESTEIRA,PATINAGEM DE ESTEIRA
2693,ROLAMENTO DE SEGUIMENTO DANIFICADO 30008641184,rolamento de seguimento danificado 30008641184,FALHA DE ROLAMENTO,FALHA DE ROLAMENTO
2694,FALHA DE ENCHIMENTO NA VALVULA 85 IMPOSSIBILITANDO A ENCHEDORA RODAR NO NOMINAL,falha de enchimento na valvula 85 impossibilitando a enchedora rodar no nominal,FALHA DE VÁLVULA DE ENCHIMENTO,FALHA DE VALVULA DE ENCHIMENTO
2695,ESTEIRA QUEBRADA 3000864117,esteira quebrada 3000864117,QUEBRA DE ESTEIRA,QUEBRA DE ESTEIRA
2696,REGULAGEM DE FREQUENCIA VELOCIDADE TRANSPORTE SISTEMA DATADOR,regulagem de frequencia velocidade transporte sistema datador,FALHA DE VELOCIDADE DO TRANSPORTE,FALHA DE VELOCIDADE DO TRANSPORTE
2697,VAZAMENTO VALVULA DE DRENO,vazamento valvula de dreno,VAZAMENTO EM VÁLVULA,VAZAMENTO EM VALVULA
2698,FALHA NO SENSOR DO EMPURRADOR DE CAMADAS,falha no sensor do empurrador de camadas,FALHA DE SENSOR,FALHA DE SENSOR
2699,SAINDO GFS SEM TAMPA / ENROSCO NO REJEITE DE GFS,saindo gfs sem tampa enrosco no rejeite de gfs,ENROSCO DE TAMPAS,ENROSCO DE TAMPAS
2701,FALHA NOS INVERSORES DOS MOTORES DO TRANSPORTE DE PACOTES,falha nos inversores dos motores do transporte de pacotes,FALHA DE INVERSOR,FALHA DE INVERSOR
2702,FALHA NOS INVERSORES DOS MOTORES DO TRANSPORTE DE PACOTES,falha nos inversores dos motores do transporte de pacotes,FALHA DE INVERSOR,FALHA DE INVERSOR
2703,MOTOR DESLIGANDO SOZINHO,motor desligando sozinho,FALHA DE MOTOR,FALHA DE MOTOR
2704,FALHA NOS INVERSORES DOS MOTORES DOS TRANSPORTE DA LINHA TODA.,falha nos inversores dos motores dos transporte da linha toda,FALHA DE INVERSOR,FALHA DE INVERSOR
2705,FALHA NOS INVERSORES DOS MOTORES DOS TRANSPORTE DA LINHA TODA.,falha nos inversores dos motores dos transporte da linha toda,FALHA DE INVERSOR,FALHA DE INVERSOR
2706,FALHA NOS INVERSORES DOS MOTORES DOS TRANSPORTE DA LINHA TODA.,falha nos inversores dos motores dos transporte da linha toda,FALHA DE INVERSOR,FALHA DE INVERSOR
2707,FALHA NOS INVERSORES DOS MOTORES DOS TRANSPORTE DA LINHA TODA.,falha nos inversores dos motores dos transporte da linha toda,FALHA DE INVERSOR,FALHA DE INVERSOR
2708,FALHA NOS INVERSORES DOS MOTORES DOS TRANSPORTES,falha nos inversores dos motores dos transportes,FALHA DE INVERSOR,FALHA DE INVERSOR
2709,FALHA NOS INVERSORES DOS MOTORES DOS TRANSPORTES,falha nos inversores dos motores dos transportes,FALHA DE INVERSOR,FALHA DE INVERSOR
2710,FALHA NOS INVERSORES DOS MOTORES DOS TRANSPORTES,falha nos inversores dos motores dos transportes,FALHA DE INVERSOR,FALHA DE INVERSOR
2711,FALHA NO FEEDBACK DA TUBULAÇÃO DE DRENO E ALIVIO DE PRESSÃO DA ENCHEDORA,falha no feedback da tubulacao de dreno e alivio de pressao da enchedora,FALHA DE FEEDBACK,FALHA DE FEEDBACK
2712,ENROSCO DE TAMPA NA MESA DE TRANSFERENCIA DE CANAL .,enrosco de tampa na mesa de transferencia de canal,ENROSCO DE TAMPAS,ENROSCO DE TAMPAS
2713,FALHA NA BOMBA DO MIXER.,falha na bomba do mixer,FALHA DE BOMBA,FALHA DE BOMBA
2714,LONA DA MESA DE ENVOLVIMENTO PATINANDO /NOTA Nº30008641893,lona da mesa de envolvimento patinando nota no30008641893,PATINAGEM DE ESTEIRA,PATINAGEM DE ESTEIRA
2715,FALHA DE ENCHIMENTO NA VALVULA 85 IMPOSSIBILITANDO A ENCHEDORA RODAR NONOMINAL,falha de enchimento na valvula 85 impossibilitando a enchedora rodar nonominal,FALHA DE VÁLVULA DE ENCHIMENTO,FALHA DE VALVULA DE ENCHIMENTO
2716,"FALHA NO ENCHIMENTO DO TANQUE, GERADO FALHA DE PRESSURIZAÇÃO E NO BRIX DA BEBIDA",falha no enchimento do tanque gerado falha de pressurizacao e no brix da bebida,FALHA DE ENCHIMENTO,FALHA DE ENCHIMENTO
2717,ERRO DE SAÍDA DE PALLET,erro de saida de pallet,FALHA NA SAÍDA DE PALETES,FALHA NA SAIDA DE PALETES
2718,FALHA DE PRESSURIZAÇÃO GERADA POR NÍVEL BAIXO DO TANQUE,falha de pressurizacao gerada por nivel baixo do tanque,FALHA DE ENCHIMENTO,FALHA DE ENCHIMENTO
2719,FALHA NOS INVERSORES TRANSPOTE DE PACOTE.,falha nos inversores transpote de pacote,FALHA DE INVERSOR,FALHA DE INVERSOR
2720,AMASSANDO LATAS NOTA 30008643816,amassando latas nota 30008643816,AMASSAMENTO DE LATAS,AMASSAMENTO DE LATAS
2721,TROCA DAS PLACAS DOS INVERSORES,troca das placas dos inversores,FALHA DE INVERSOR,FALHA DE INVERSOR
2722,"FALHA DE PRESSURIZAÇÃO GERANDO FALHA NO NIVEL DE BEBIDA DE TANQUE, PARANDO ENC",falha de pressurizacao gerando falha no nivel de bebida de tanque parando enc,FALHA DE PRESSÃO,FALHA DE PRESSAO
2723,TRANSPORTES PARADOS/ TROCA DE PLACA ELETRONICA,transportes parados troca de placa eletronica,FALHA DE AUTOMAÇÃO,FALHA DE AUTOMACAO
2724,TRANSPORTES PARADOS / TROCA DE PALCAS ELETRONICAS,transportes parados troca de palcas eletronicas,FALHA DE AUTOMAÇÃO,FALHA DE AUTOMACAO
2725,FALHA DE COMUNICAÇÃO COM O TRANSPORTE- 30008643200,falha de comunicacao com o transporte 30008643200,FALHA DE COMUNICAÇÃO,FALHA DE COMUNICACAO
2726,CORREÇÃO INSPETOR DE NÍVEL CHECK MATE TIRANDO GARRAFAS BOAS,correcao inspetor de nivel check mate tirando garrafas boas,FALHA DE INSPEÇÃO,FALHA DE INSPECAO
2727,FALHA NA PEGADA DE GARRAFAS AUTOMATICA- 30008643195,falha na pegada de garrafas automatica 30008643195,FALHA DE PEGADOR,FALHA DE PEGADOR
2728,"ANEL DE TRAVA NA GUIA DO CAPSULADOR SE SOLTOU, FOI NECESSARIO A TROCA DE ANEL E AJUSTE NO SINCRONISMO",anel de trava na guia do capsulador se soltou foi necessario a troca de anel e ajuste no sincronismo,FALHA DE FIXAÇÃO,FALHA DE FIXACAO
2729,TRANSPORTE DESARMADO,transporte desarmado,DESARME DE TRANSPORTE,DESARME DE TRANSPORTE
2730,"FALHA NA AUTOMAÇÃO,TROCA DAS PLACAS",falha na automacao troca das placas,FALHA DE AUTOMAÇÃO,FALHA DE AUTOMACAO
2731,EXCESSO DE FALSO REJEITO( REJEITANDO GARRAFAS BOAS ),excesso de falso rejeito rejeitando garrafas boas,FALHA DE REJEIÇÃO,FALHA DE REJEICAO
2732,FALHA NA AUTOMAÇÃO,falha na automacao,FALHA DE AUTOMAÇÃO,FALHA DE AUTOMACAO
2733,FALHA DE COMUNICAÇÃO NOS INVERSORES DO TRANSPORTE DO TRECHO,falha de comunicacao nos inversores do transporte do trecho,FALHA DE COMUNICAÇÃO,FALHA DE COMUNICACAO
2734,AJUSTE DE PONTO DE GARRAFAS NA ENTRADA DA LAVADOURA.,ajuste de ponto de garrafas na entrada da lavadoura,SEM MODO DE FALHA IDENTIFICADO,SEM MODO DE FALHA IDENTIFICADO
2735,"AJUSTE DE PONTO DE ENTRADA DA LAVADORA , ELETRICA ATUOU",ajuste de ponto de entrada da lavadora eletrica atuou,SEM MODO DE FALHA IDENTIFICADO,SEM MODO DE FALHA IDENTIFICADO
2736,CAIU O SUPORTE DA BANDEIROLA,caiu o suporte da bandeirola,FALHA DE FIXAÇÃO,FALHA DE FIXACAO
2737,QUEBRA DA ESTEIRA,quebra da esteira,QUEBRA DE ESTEIRA,QUEBRA DE ESTEIRA
2738,QUEBRA DA ESTEIRA 30008644110,quebra da esteira 30008644110,QUEBRA DE ESTEIRA,QUEBRA DE ESTEIRA
2739,"RINSER ENTREGANDO GARRAFAS TORTAS GERANDO ENROSCO NA ET RELA DE TRANSFERÊNCIA,OCASIONANDO ENCHIMENTO DA CABEÇA",rinser entregando garrafas tortas gerando enrosco na et rela de transferencia ocasionando enchimento da cabeca,FALHA DE ENCHIMENTO,FALHA DE ENCHIMENTO
2740,SENSOR ENVOLVEDORA EM CURTO,sensor envolvedora em curto,CURTO-CIRCUITO,CURTO CIRCUITO
2741,FALHA DE ENCHIMENTO/ NIVEL NO TANQUE PRÉ ESGUICHO,falha de enchimento nivel no tanque pre esguicho,FALHA DE ENCHIMENTO,FALHA DE ENCHIMENTO
2742,VELOCIDADE DO TRANSPORTE BAIXA,velocidade do transporte baixa,FALHA DE VELOCIDADE DO TRANSPORTE,FALHA DE VELOCIDADE DO TRANSPORTE
2743,FALHA NO CHAVE DE MEMERGENCIA,falha no chave de memergencia,FALHA DE CHAVE DE EMERGÊNCIA,FALHA DE CHAVE DE EMERGENCIA
2744,FALHA NO MEDIDOR DE PRESSÃO DO JATOS FINAIS,falha no medidor de pressao do jatos finais,FALHA DE MEDIDOR,FALHA DE MEDIDOR
2745,FALHA NO MEDIDOR DE PRESSÃO DOS JATOS FINAIS,falha no medidor de pressao dos jatos finais,FALHA DE MEDIDOR,FALHA DE MEDIDOR
2746,LIMPEZA E CALIBRAÇÃO DO SENSOR DE LIBERAÇÃO DE TAMPAS,limpeza e calibracao do sensor de liberacao de tampas,FALHA DE SENSOR,FALHA DE SENSOR
2747,QUEBRA DA ESTEIRA (30008644108),quebra da esteira 30008644108,QUEBRA DE ESTEIRA,QUEBRA DE ESTEIRA
2748,SENSOR DO PINO DE SEPARAÇÃO FORA DA POSIÇÃO CORRETA - ORDEM: 30008644109,sensor do pino de separacao fora da posicao correta ordem 30008644109,FALHA DE SENSOR,FALHA DE SENSOR
2749,SENSOR DA GAIOLA DE CAMADAS COM DEFEITO,sensor da gaiola de camadas com defeito,FALHA DE SENSOR,FALHA DE SENSOR
2750,FALHA NO INVERSOR DO TRANSPORTE DE PACOTE DA CURVA.,falha no inversor do transporte de pacote da curva,FALHA DE INVERSOR,FALHA DE INVERSOR
2751,FALHA NA RETIRADA DO QUADRO,falha na retirada do quadro,FALHA NO MANUSEIO DE CARTÃO,FALHA NO MANUSEIO DE CARTAO
2752,ROLAMENTOS DE TRANSFERENCIA DE GARRAFAS TRAVADO,rolamentos de transferencia de garrafas travado,FALHA DE ROLAMENTO,FALHA DE ROLAMENTO
2753,ENCHEDORA PERDENDO PRESSÃO GERANDO FALHA E EXCESSO DE NIVEL BAIXO EM VELOCIDADE NOMINAL,enchedora perdendo pressao gerando falha e excesso de nivel baixo em velocidade nominal,FALHA DE ENCHIMENTO,FALHA DE ENCHIMENTO
2754,TRAVAMENTO DE GARAFAS NO REJEITOR ENOS A100,travamento de garafas no rejeitor enos a100,FALHA DE REJEIÇÃO,FALHA DE REJEICAO
2755,FALHA NO ENCHIMENTO DO MIX,falha no enchimento do mix,FALHA DE ENCHIMENTO,FALHA DE ENCHIMENTO
2756,FALHA NO SENSOR FORA DE FOCO,falha no sensor fora de foco,FALHA DE SENSOR,FALHA DE SENSOR
2757,SAINDO NIVEL BAIXO VALVULA 80,saindo nivel baixo valvula 80,FALHA DE ENCHIMENTO,FALHA DE ENCHIMENTO
2758,SAINDO NIVEL BAIXO,saindo nivel baixo,FALHA DE ENCHIMENTO,FALHA DE ENCHIMENTO
2759,"QUEDA DE GARRAFA NO SISTEMA DE RESFRIAMENTO DE FUNDO DA GARRAFA, CAUSANDO OBSTRUCAO DO SENSOR",queda de garrafa no sistema de resfriamento de fundo da garrafa causando obstrucao do sensor,QUEDA DE GARRAFAS,QUEDA DE GARRAFAS
2760,SEM O SENSOR DE TAMPA ALTA,sem o sensor de tampa alta,FALHA DE SENSOR,FALHA DE SENSOR
2761,"QUEDA DA REGUA DE ENVOLVIMENTO, FILME PICOTANDO - ORDEM: 30008647146",queda da regua de envolvimento filme picotando ordem 30008647146,FALHA DE RÉGUA DE ENVOLVIMENTO,FALHA DE REGUA DE ENVOLVIMENTO
2762,"SAINDO NIVEL BAIXO, VELOCIDADE REDUZIDA - ORDEM:30008647150",saindo nivel baixo velocidade reduzida ordem 30008647150,FALHA DE ENCHIMENTO,FALHA DE ENCHIMENTO
2763,SINCRONISMO CARACOL ENTRADA DE GARRAFAS,sincronismo caracol entrada de garrafas,FALHA DE SINCRONISMO,FALHA DE SINCRONISMO
2764,FALHA SENSOR ACUMULO DE GARRAFAS TAG 0965B5 DANIFICADO ORDEM: 30008647187,falha sensor acumulo de garrafas tag 0965b5 danificado ordem 30008647187,FALHA DE SENSOR,FALHA DE SENSOR
2765,ESTEIRA QUEBRADA,esteira quebrada,QUEBRA DE ESTEIRA,QUEBRA DE ESTEIRA
2766,SENSOR DE GARRAFA EM FALHA,sensor de garrafa em falha,FALHA DE SENSOR,FALHA DE SENSOR
2767,"SAINDO GARRAFAS VAZIA , FALHA NO SENSOR DE ENCHIMENTO , NOTA 30008646366",saindo garrafas vazia falha no sensor de enchimento nota 30008646366,FALHA DE SENSOR,FALHA DE SENSOR
2768,MESA DE FORMAÇÃO DE CAMADAS COM NIVEL (30008647128),mesa de formacao de camadas com nivel 30008647128,FALHA DE FORMAÇÃO DE CAMADA,FALHA DE FORMACAO DE CAMADA
2769,"FALHA NA DESFORMAÇÃO DE CAMADA, NAO RETIROU O QUADRO SUPERIOR ENTORTANDO UMA VENTOSA",falha na desformacao de camada nao retirou o quadro superior entortando uma ventosa,FALHA DE VENTOSA,FALHA DE VENTOSA
2770,TRANSPORTE DO WARMER DESARMANDO,transporte do warmer desarmando,DESARME DE TRANSPORTE,DESARME DE TRANSPORTE
2771,"MANGUEIRA DE AR RASGADA, GERANDO FALHA NA PEGA DE CARTÃO",mangueira de ar rasgada gerando falha na pega de cartao,ROMPIMENTO DE MANGUEIRA DE AR,ROMPIMENTO DE MANGUEIRA DE AR
2772,ESTEIRA DE ENTRADA (CURVA MAGNÉTICA) DESCARRILHANDO,esteira de entrada curva magnetica descarrilhando,ESCAPE DE ESTEIRA,ESCAPE DE ESTEIRA
2773,"ESTEIRA TRIPIDANDO CAUSANDO QUEDA DE GARRAFAS, RETIRADO ELOS",esteira tripidando causando queda de garrafas retirado elos,FALHA DE ELO DE ESTEIRA,FALHA DE ELO DE ESTEIRA
2774,QUEBROU O PARAFUSO QUE SEGURA A CORRENTE DO MAGAZINE DE PALETE,quebrou o parafuso que segura a corrente do magazine de palete,QUEBRA DE CORRENTE,QUEBRA DE CORRENTE
2775,"EXCESSO DE FALÇO REJEITO,EXPULSANDO GARRAFAS BOAS,CAUSANDO CRASH DE GARRAFAS",excesso de falco rejeito expulsando garrafas boas causando crash de garrafas,CRASH DE GARRAFAS,CRASH DE GARRAFAS
2776,TRAVAMENTO DE SEGMENTO,travamento de segmento,TRAVAMENTO DE SEGMENTOS,TRAVAMENTO DE SEGMENTOS
2777,FALHA NO SISTEMA REJEITOR LINEAR ORDEM 30008647151,falha no sistema rejeitor linear ordem 30008647151,FALHA DE REJEIÇÃO,FALHA DE REJEICAO
2778,PARADAS NA DESENCA E ESVAZIAMENTO DE 12 METROS DE TRANSPORTE TODA VEZ QUE OCORRE UMA PARADA DE DESCAP. . ORDEM 30008647147,paradas na desenca e esvaziamento de 12 metros de transporte toda vez que ocorre uma parada de descap ordem 30008647147,FALHA DE DESCAPSULAMENTO,FALHA DE DESCAPSULAMENTO
2779,FALHA NA BOMBA OCASIONADO DESPRESORIZAÇÃO DO MIXER,falha na bomba ocasionado despresorizacao do mixer,FALHA DE BOMBA,FALHA DE BOMBA
2780,PARADAS NA DESENCA E ESVAZIAMENTO DE 12 METROS DE TRANSPORTE TODA VEZ QUE OCORRE UMA PARADA DE DESCAP.,paradas na desenca e esvaziamento de 12 metros de transporte toda vez que ocorre uma parada de descap,FALHA DE DESCAPSULAMENTO,FALHA DE DESCAPSULAMENTO
2781,"QUADRO ENROSCANDO NA RETIRADA, TRAVANDO E AMASSANDO LATAS DA PRIMEIRA CAMADA",quadro enroscando na retirada travando e amassando latas da primeira camada,AMASSAMENTO DE LATAS,AMASSAMENTO DE LATAS
2782,"ENROSCO DO QUADRO, CAUSANDO TRAVAMENTO E AMASSANDO LATAS NA PRIMEIRA CAMADA",enrosco do quadro causando travamento e amassando latas na primeira camada,ENROSCO DE LATAS,ENROSCO DE LATAS
2783,AJUSTE DO CABEÇOTE PARA O PADRÃO,ajuste do cabecote para o padrao,SEM MODO DE FALHA IDENTIFICADO,SEM MODO DE FALHA IDENTIFICADO
2784,INVERSOR 215 QUEIMADO ORDEM: 3000864876,inversor 215 queimado ordem 3000864876,FALHA DE INVERSOR,FALHA DE INVERSOR
2785,AJUSTE DA ALTURA DA ESTAÇÃO N°6 (ORDEM - 30008647180 ),ajuste da altura da estacao n 6 ordem 30008647180,SEM MODO DE FALHA IDENTIFICADO,SEM MODO DE FALHA IDENTIFICADO
2786,FALHA NO SENSOR DE SEGURANÇA DAS PORTAS,falha no sensor de seguranca das portas,FALHA DE SENSOR,FALHA DE SENSOR
2787,PARADA DO TRANSPORTE DE LATAS NO TRECHO APÓS O REJEITO DA PRESSCO,parada do transporte de latas no trecho apos o rejeito da pressco,FALHA DE REJEIÇÃO,FALHA DE REJEICAO
2788,"ENCHEDORA PERDENDO PRESSÃO GERANDO FALHA E EXCESSO DE NIVEL BAIXO EM VELOCIDADE NOMINAL, ORDEM : 30008646315",enchedora perdendo pressao gerando falha e excesso de nivel baixo em velocidade nominal ordem 30008646315,FALHA DE ENCHIMENTO,FALHA DE ENCHIMENTO
2789,ENROSCO DO QUADRO SUPERIOR,enrosco do quadro superior,ENROSCO DE CARTÃO/QUADRO,ENROSCO DE CARTAO QUADRO
2790,"ENROSCO DO COPO DO SENSOR DO CABEÇOTE DA DESPAL,GERANDO FALHA NA DESFORMAÇÃO DA CAMADA",enrosco do copo do sensor do cabecote da despal gerando falha na desformacao da camada,FALHA DE SENSOR,FALHA DE SENSOR
2791,"ENROSCO DO COPO DO SENSOR DO CABEÇOTE DA DESPAL,GERANDO FALHA NA DESFORMAÇÃO DA CAMADA",enrosco do copo do sensor do cabecote da despal gerando falha na desformacao da camada,FALHA DE SENSOR,FALHA DE SENSOR
2792,AJUSTE POS SETUP - TRANSPORTE DE GARRADA INSPETOR DE NIVEL,ajuste pos setup transporte de garrada inspetor de nivel,FALHA DE INSPEÇÃO,FALHA DE INSPECAO
2793,AJUSTE ESTRELA DE ENTRADA DO RINSER,ajuste estrela de entrada do rinser,SEM MODO DE FALHA IDENTIFICADO,SEM MODO DE FALHA IDENTIFICADO
2794,"QUEDA DE ESTEIRA E NYLON, TRAVANDO TRANSPORTE",queda de esteira e nylon travando transporte,TRAVAMENTO DE ESTEIRA,TRAVAMENTO DE ESTEIRA
2795,CODIFICAÇÃO SAINDO BORRADA / 30008649373,codificacao saindo borrada 30008649373,FALHA DE CODIFICAÇÃO,FALHA DE CODIFICACAO
2796,"NYLON E ESTEIRA SE SOLTANDO, CAUSANDO PARADA DE TRANSPORTE / 13267908",nylon e esteira se soltando causando parada de transporte 13267908,FALHA DE ESTEIRA,FALHA DE ESTEIRA
2797,QUEBRA DO EIXO DO BRAÇO DA PRANCHA11324990,quebra do eixo do braco da prancha11324990,QUEBRA DE EIXO,QUEBRA DE EIXO
2798,FALHA NO PARAMIX,falha no paramix,FALHA DE MIXER,FALHA DE MIXER
2799,VALVULA MODULADORA TRAVADA OCASIONANDO QUEDA DE PRESSÃO DO CARBONATADOR E FALHA DE ENCHIMENTO,valvula moduladora travada ocasionando queda de pressao do carbonatador e falha de enchimento,TRAVAMENTO DE VÁLVULA,TRAVAMENTO DE VALVULA
2800,FALHA NA ABERTURA E FECHAMENTO DA GAIOLA,falha na abertura e fechamento da gaiola,FALHA DE AUTOMAÇÃO,FALHA DE AUTOMACAO
2801,"SAINDO NIVEL BAIXO, VELOCIDADE REDUZIDA - ORDEM:30008649348",saindo nivel baixo velocidade reduzida ordem 30008649348,FALHA DE ENCHIMENTO,FALHA DE ENCHIMENTO
2803,FALHA DO INVERSOR DO FORNO DA EMPACOTADORA,falha do inversor do forno da empacotadora,FALHA DE INVERSOR,FALHA DE INVERSOR
2804,QUEBRA DO PARAFUSO DO GUIA DE ENTRADA DA EMPACOTADORA,quebra do parafuso do guia de entrada da empacotadora,QUEBRA DE PARAFUSO,QUEBRA DE PARAFUSO
2805,FALHA NA AUTOMAÇÃO,falha na automacao,FALHA DE AUTOMAÇÃO,FALHA DE AUTOMACAO
2806,FALHA NO ENVIO,falha no envio,FALHA DE ALIMENTAÇÃO,FALHA DE ALIMENTACAO
2807,"ROLETE DE TRAÇÃO DANIFICADO,CAUSANDO ERO NA FORMAÇÃO DA CAMADA",rolete de tracao danificado causando ero na formacao da camada,FALHA DE ROLETES,FALHA DE ROLETES
2808,"FALHA NO SENSOR DE ALIMENTAÇÃO DE TAMPA,TUBULAÇÃO ENTUPIDA",falha no sensor de alimentacao de tampa tubulacao entupida,FALHA DE SENSOR,FALHA DE SENSOR
2809,BOTÃO RESET EM FALHA. KHS ATUOU.,botao reset em falha khs atuou,FALHA NO BOTÃO RESET,FALHA NO BOTAO RESET
2810,BOTÃO RESET EM FALHA. KHS ATUOU,botao reset em falha khs atuou,FALHA NO BOTÃO RESET,FALHA NO BOTAO RESET
2811,SOLTOU A PORCA DA CHAPA DO ALINHADOR .,soltou a porca da chapa do alinhador,FALHA DE FIXAÇÃO,FALHA DE FIXACAO
2812,PRESSÃO BAIXA JATO FINAIS.,pressao baixa jato finais,FALHA DE PRESSÃO DOS JATOS,FALHA DE PRESSAO DOS JATOS
2813,TRAVAMENTO SEGMENTOS,travamento segmentos,TRAVAMENTO DE SEGMENTOS,TRAVAMENTO DE SEGMENTOS
2814,FALHA TROCA DE BANDEJA AGREGADO 1 PASSOU DIRETO,falha troca de bandeja agregado 1 passou direto,FALHA NA TROCA DE BANDEJA,FALHA NA TROCA DE BANDEJA
2815,TRP GARRAFAS MOTOR 204 PAROU,trp garrafas motor 204 parou,FALHA DE MOTOR,FALHA DE MOTOR
2816,QUEIMA DA BOMBA DE SODA DO TQ2.ORDEM..30008653993,queima da bomba de soda do tq2 ordem 30008653993,FALHA DE BOMBA,FALHA DE BOMBA
2817,SENSOR DO CENTRADOR DE CAMADAS SEM SINAL IMPEDINDO O CICLO DE FECHAMENTO,sensor do centrador de camadas sem sinal impedindo o ciclo de fechamento,FALHA DE SENSOR,FALHA DE SENSOR
2818,QUEBRA DA ESTEIRA,quebra da esteira,QUEBRA DE ESTEIRA,QUEBRA DE ESTEIRA
2819,ENTUPIMENTO NO RETORNO DE TAMPAS ORDEM: 30008653914,entupimento no retorno de tampas ordem 30008653914,ENTUPIMENTO NO TRANSPORTE DE TAMPAS,ENTUPIMENTO NO TRANSPORTE DE TAMPAS
2820,ENROSCO DE ROTULO 30008653925,enrosco de rotulo 30008653925,ENROSCO DE RÓTULOS,ENROSCO DE ROTULOS
2821,PARAFUSO DO GUIA DO TRANSPORTE DE ENTRADA DA EMPACOTADORA QUEBRADO - ORDEM - 30008653899,parafuso do guia do transporte de entrada da empacotadora quebrado ordem 30008653899,QUEBRA DE TRANSPORTE,QUEBRA DE TRANSPORTE
2822,"FALHA DE BLOQUEIO ATIVO NO TRANSPORTE DE PACOTES,PÓS EMPACOTADORA",falha de bloqueio ativo no transporte de pacotes pos empacotadora,FALHA DE TRANSPORTE DE PACOTES,FALHA DE TRANSPORTE DE PACOTES
2823,DESARME DO MOTOR DO RINSER/ ORDEM )30008653926),desarme do motor do rinser ordem 30008653926,DESARME DE MOTOR,DESARME DE MOTOR
2824,FALHA TRANSPORTE NA SAIDA DA LAVADORA,falha transporte na saida da lavadora,FALHA DE TRANSPORTE,FALHA DE TRANSPORTE
2825,"ENROSCO DE BANDEJA NO AGREGADO 1,SENSOR NÃO RECONHECE A TROCA DE BANDEJA DE VAZIA PARA CHEIA",enrosco de bandeja no agregado 1 sensor nao reconhece a troca de bandeja de vazia para cheia,FALHA DE SENSOR,FALHA DE SENSOR
2826,"ROLETE DANIFICADO,CAUSANDO ERO NA FORMAÇÃO DAS CAMADAS",rolete danificado causando ero na formacao das camadas,FALHA DE ROLETES,FALHA DE ROLETES
2827,FALHA DE INVERSOR TRANSPORTE DE PACOTES,falha de inversor transporte de pacotes,FALHA DE INVERSOR,FALHA DE INVERSOR
2828,ENROSCO DE PACOTES FALHA NO INVERSOR N°308,enrosco de pacotes falha no inversor n 308,FALHA DE INVERSOR,FALHA DE INVERSOR
2829,QUEBRA DO EIXO DA BANDEIROLA DA LAVADORA,quebra do eixo da bandeirola da lavadora,QUEBRA DE EIXO,QUEBRA DE EIXO
2830,FALHA NO INSPETOR CHECKMAT,falha no inspetor checkmat,FALHA DE INSPEÇÃO,FALHA DE INSPECAO
2831,FALHA NO INSPETOR CHECKMATE,falha no inspetor checkmate,FALHA DE INSPEÇÃO,FALHA DE INSPECAO
2832,AJUSTE NA VELOCIDADE DO ENVERSOR TAPETE DE SAIDA ESTRELA CAPSULADOR,ajuste na velocidade do enversor tapete de saida estrela capsulador,FALHA DE ELO DE ESTEIRA,FALHA DE ELO DE ESTEIRA
2833,FALHA DE FALSO REJEITO,falha de falso rejeito,FALHA DE REJEIÇÃO,FALHA DE REJEICAO
2834,AJUSTE NO GUIA DA ESTRELA DE ENTRADA,ajuste no guia da estrela de entrada,SEM MODO DE FALHA IDENTIFICADO,SEM MODO DE FALHA IDENTIFICADO
2835,BARREIRA DE SEGURANÇA DO MAGAZINE DE CHAPATEX FORA DE POSIÇÃO,barreira de seguranca do magazine de chapatex fora de posicao,FALHA DE MAGAZINE,FALHA DE MAGAZINE
2836,FALSO REJEITO,falso rejeito,FALHA DE REJEIÇÃO,FALHA DE REJEICAO
2837,"PENTE DE TRANSFERENCIA DE GARRAFAS DANIFICADO, FEITO ATROCA",pente de transferencia de garrafas danificado feito atroca,FALHA DE PENTE DE TRANSFERÊNCIA,FALHA DE PENTE DE TRANSFERENCIA
2838,QUEBROU EIXO DA BANDEIROLA.,quebrou eixo da bandeirola,QUEBRA DE EIXO,QUEBRA DE EIXO
2839,QUEBRA DO EIXO DA BANDEIROLA DA LAVADORA,quebra do eixo da bandeirola da lavadora,QUEBRA DE EIXO,QUEBRA DE EIXO
2840,FALHA NA DATADORA PARADA DO TRANSPORTE,falha na datadora parada do transporte,FALHA DE CODIFICAÇÃO,FALHA DE CODIFICACAO
2841,QUEBRA DA CORREIA DE ACIONAMENTO DA ROSCA SEM FIM,quebra da correia de acionamento da rosca sem fim,QUEBRA DE CORREIA,QUEBRA DE CORREIA
2842,"EXCESSO DE FALHA DE ENCHIMENTO (NIVEL BAIXO), VELOCIDADE REDUZIDA",excesso de falha de enchimento nivel baixo velocidade reduzida,FALHA DE ENCHIMENTO,FALHA DE ENCHIMENTO
2843,FALHA DO SENSOR DE TEMPERATURA GERANDO PARADA DO EQUIPAMENTO,falha do sensor de temperatura gerando parada do equipamento,FALHA DE SENSOR,FALHA DE SENSOR
2844,FALHA PISTÃO LIBERAÇÃO DE TAMPAS,falha pistao liberacao de tampas,FALHA DE ATUADOR,FALHA DE ATUADOR
2845,FALHA NO ATUADOR PNEUMÁTICO OCASIONADO GARRAFAS SAINDO SEM TAMPAS,falha no atuador pneumatico ocasionado garrafas saindo sem tampas,FALHA DE ALIMENTAÇÃO DE TAMPAS,FALHA DE ALIMENTACAO DE TAMPAS
2846,"PINÇA TRAVADA, DANIFICANDO O BOCAL DAS GARRAFAS 9 QUEBRA DO EIXO DA PINÇA 30008658082",pinca travada danificando o bocal das garrafas 9 quebra do eixo da pinca 30008658082,QUEBRA DE EIXO,QUEBRA DE EIXO
2847,"PINÇA TRAVADA, DANIFICANDO O BOCAL DAS GARRAFAS 9 QUEBRA DO EIXO DA PINÇA",pinca travada danificando o bocal das garrafas 9 quebra do eixo da pinca,QUEBRA DE EIXO,QUEBRA DE EIXO
2848,"PINÇA TRAVADA, DANIFICANDO O BOCAL DAS GARRAFAS 9 QUEBRA DO EIXO DA PINÇA( TROCA DO EIXO DA PINÇA )",pinca travada danificando o bocal das garrafas 9 quebra do eixo da pinca troca do eixo da pinca,QUEBRA DE EIXO,QUEBRA DE EIXO
2849,"RODANDO VELOCIDADE BAIXA, DEVIDO CARACOL SUPERIOR NA ENTRADA ESTRELA DO CAPSULADOR DANIFICADO",rodando velocidade baixa devido caracol superior na entrada estrela do capsulador danificado,VELOCIDADE REDUZIDA SEM CAUSA IDENTIFICADA,VELOCIDADE REDUZIDA SEM CAUSA IDENTIFICADA
2850,AJUSTE NA SENSIBILIDADE DO SENSOR DE ENTRADA DO LINATRONIC,ajuste na sensibilidade do sensor de entrada do linatronic,FALHA DE SENSOR,FALHA DE SENSOR
2851,"QUEDA DE ENERGIA, FALHA INSPETOR ENOS EBS",queda de energia falha inspetor enos ebs,FALHA DE INSPEÇÃO,FALHA DE INSPECAO
2852,FALHA CAIXA A MENOS E QUEDA DE CAIXAS CAMADA SUPERIOR,falha caixa a menos e queda de caixas camada superior,FALHA DE FORMAÇÃO DE CAIXA,FALHA DE FORMACAO DE CAIXA
2853,ENCALAVOU OS PATINS NO DEVICER DA PALETIZADORA,encalavou os patins no devicer da paletizadora,FALHA DE PATINS,FALHA DE PATINS
2854,TRANSPORTE DA CURVA SAIU - TRECHO APÓS LAVADOR DE FUNDO DE CAIXAS,transporte da curva saiu trecho apos lavador de fundo de caixas,FALHA DE TRANSPORTE DE CAIXAS,FALHA DE TRANSPORTE DE CAIXAS
2855,FALHA TRANSPORTE NA SAIDA DA LAVADORA,falha transporte na saida da lavadora,FALHA DE TRANSPORTE,FALHA DE TRANSPORTE
2856,TRANSPORTE DA CURVA SAIU - TRECHO APÓS LAVADOR DE FUNDO DE CAIXAS,transporte da curva saiu trecho apos lavador de fundo de caixas,FALHA DE TRANSPORTE DE CAIXAS,FALHA DE TRANSPORTE DE CAIXAS
2857,AJUSTE NA POSIÇÃO DO PINO DE SEPARAÇÃO,ajuste na posicao do pino de separacao,SEM MODO DE FALHA IDENTIFICADO,SEM MODO DE FALHA IDENTIFICADO
2858,ALTERAÇÃO DE PARÂMETROS DE VELOCIDADE DA ESTEIRA E PINO DE SEPARAÇÃO,alteracao de parametros de velocidade da esteira e pino de separacao,FALHA DE ELO DE ESTEIRA,FALHA DE ELO DE ESTEIRA
2859,FALHA TRNSPORTE NA ENTRADA DA ROTULADORA,falha trnsporte na entrada da rotuladora,FALHA DE ROTULAGEM,FALHA DE ROTULAGEM
2860,FALHA PISTÃO NA TROCA DE BANDEJA DO AGREGADO 1,falha pistao na troca de bandeja do agregado 1,FALHA NA TROCA DE BANDEJA,FALHA NA TROCA DE BANDEJA
2861,ROLETE DE ENTRADA TORTO OCASIONADO CAIXAS ENTRANDO EM POSIÇÃO ERRDA,rolete de entrada torto ocasionado caixas entrando em posicao errda,FALHA DE ROLETES,FALHA DE ROLETES
2862,INSPETOR EBS COM ALTO INDICE DE FALSOS REJEITOS OCASIONANDO CRASH E PARADA DO EQUIPAMENTO.ORDEM 30008660857,inspetor ebs com alto indice de falsos rejeitos ocasionando crash e parada do equipamento ordem 30008660857,FALHA DE INSPEÇÃO,FALHA DE INSPECAO
2863,INSPETOR EBS COM ALTO INDICE DE FALSOS REJEITOS OCASIONANDO CRASH E PARADA DO EQUIPAMENTO,inspetor ebs com alto indice de falsos rejeitos ocasionando crash e parada do equipamento,FALHA DE INSPEÇÃO,FALHA DE INSPECAO
2864,"TROCA DE MOTOR,ORDEM 30008659879",troca de motor ordem 30008659879,FALHA DE MOTOR,FALHA DE MOTOR
2865,"SENSOR DE ENCHIMENTO FORA DE FOCO,ORDEM 30008659880",sensor de enchimento fora de foco ordem 30008659880,FALHA DE SENSOR,FALHA DE SENSOR
2866,FALHA NO JATO FINAIS.,falha no jato finais,FALHA DE JATOS DE ENXÁGUE,FALHA DE JATOS DE ENXAGUE
2867,TRAVAMENTO DE ROLHAS NO CANAL DA CANALETA .,travamento de rolhas no canal da canaleta,ENROSCO DE TAMPAS,ENROSCO DE TAMPAS
2868,ALIMENTADOR TAMPAS SID LI01 FALHA NO DISCO MUITOS TRAVAMENTO DE ROLHAS NA CANALETA.,alimentador tampas sid li01 falha no disco muitos travamento de rolhas na canaleta,FALHA DE ALIMENTAÇÃO DE TAMPAS,FALHA DE ALIMENTACAO DE TAMPAS
2869,"VARIAS FALHAS E TRAVAMENTO DE ROLHAS NO CANAL,FOI VERIFICADO FALHA NO AR DAS ROLHAS.",varias falhas e travamento de rolhas no canal foi verificado falha no ar das rolhas,ENROSCO DE TAMPAS,ENROSCO DE TAMPAS
2870,FALHA NA ENTRADA DE PALETE NO ELEVADOR FEITO PROCEDIMENTO MANUAL,falha na entrada de palete no elevador feito procedimento manual,FALHA DE ELEVADOR,FALHA DE ELEVADOR
2871,ESTEIRA QUEBRADA,esteira quebrada,QUEBRA DE ESTEIRA,QUEBRA DE ESTEIRA
2872,SOLTURA DO PARAFUSO DO PRENSADOR DE CAMADAS / PARANDO A MAQUINA ORDEM Nº30008660431,soltura do parafuso do prensador de camadas parando a maquina ordem no30008660431,FALHA DE COMPACTAÇÃO DE CAMADA,FALHA DE COMPACTACAO DE CAMADA
2873,FALHA NA ENCHEDORA HMI 0335 BLOQUEANDO ENTRADA DE GARRAFA,falha na enchedora hmi 0335 bloqueando entrada de garrafa,FALHA DE IHM,FALHA DE IHM
2874,QUEDA DE GARRAFA NA REGUA DE ARRASTE,queda de garrafa na regua de arraste,QUEDA DE GARRAFAS,QUEDA DE GARRAFAS
2875,SOLENOIDE DO ENVIAO DE AGUA PARA O CAPSULADOR E DE FINISH - ORDEM: 30008660813,solenoide do enviao de agua para o capsulador e de finish ordem 30008660813,FALHA DE SOLENOIDE,FALHA DE SOLENOIDE
2876,"FALHA NO MANDRIL 1, FILME CORTANDO SEM SINCRONISMO COM AS GARRAFAS PARA FORMAÇÃO DE PACOTES",falha no mandril 1 filme cortando sem sincronismo com as garrafas para formacao de pacotes,FALHA DE MANDRIL,FALHA DE MANDRIL
2877,FALHA NO MODULO DO MANDRIL - ORDEM: 30008660817,falha no modulo do mandril ordem 30008660817,FALHA DE MANDRIL,FALHA DE MANDRIL
2878,SENSOR DE PRESENÇA DE TAMPA DANIFICADO - ORDEM: 3000866082,sensor de presenca de tampa danificado ordem 3000866082,FALHA DE SENSOR,FALHA DE SENSOR
2879,"FALHA NA VALVULA MODULAÇAO DE ENVIO DE BEBIDA ENTRADA DESAIRADOR ,VALVULA QUEBRADA ORDEM 30008662207",falha na valvula modulacao de envio de bebida entrada desairador valvula quebrada ordem 30008662207,FALHA DE VÁLVULA MODULADORA,FALHA DE VALVULA MODULADORA
2880,"ESTOURO DA SOLDA DO FILME NA TROCA AUTOMATICA, FOI PRECISO PASSAR O FILME NO SISTEMA NOVAMENTE",estouro da solda do filme na troca automatica foi preciso passar o filme no sistema novamente,FALHA DE SOLDA DE FILME,FALHA DE SOLDA DE FILME
2881,"FALHA DE COMUNICAÇÃO DOS INVERSORES 308,309 E 310, ORDEM( 30008659915).",falha de comunicacao dos inversores 308 309 e 310 ordem 30008659915,FALHA DE COMUNICAÇÃO,FALHA DE COMUNICACAO
2882,"EXCESSO DE FALHA DE ENCHIMENTO (NIVEL BAIXO), VELOCIDADE REDUZIDA",excesso de falha de enchimento nivel baixo velocidade reduzida,FALHA DE ENCHIMENTO,FALHA DE ENCHIMENTO
2883,DESARME DO TRANSPORTE,desarme do transporte,DESARME DE TRANSPORTE,DESARME DE TRANSPORTE
2884,QUEBROU A CORREIA DO DESCAPSULADOR 30008662223,quebrou a correia do descapsulador 30008662223,QUEBRA DE CORREIA,QUEBRA DE CORREIA
2885,ESCAPOU A ESTEIRA NA CURVA DO TRANSPORTE NA SAIDA DA DESENCAIXOTADORA,escapou a esteira na curva do transporte na saida da desencaixotadora,ESCAPE DE ESTEIRA,ESCAPE DE ESTEIRA
2886,AJUSTE DE SENSOR DA BANDEIROLA,ajuste de sensor da bandeirola,FALHA DE SENSOR,FALHA DE SENSOR
2887,EIXO DA BANDEIROLA DANIFICADO E TORTO : NOTA :13271473,eixo da bandeirola danificado e torto nota 13271473,DESALINHAMENTO DE EIXO,DESALINHAMENTO DE EIXO
2888,FALHA NO SENSOR DO COMPACTADOR DE CAMADA FRONTAL,falha no sensor do compactador de camada frontal,FALHA DE SENSOR,FALHA DE SENSOR
2889,QUEDA DE GARRAFAS NO GUIA DO TRANSPORTE DE GARRAFAS DA SALA DE ENVASE 30008662230,queda de garrafas no guia do transporte de garrafas da sala de envase 30008662230,QUEDA DE GARRAFAS,QUEDA DE GARRAFAS
2890,QUEBRA DA ESTEIRA DA ENTRADA DA PALETIZADORA,quebra da esteira da entrada da paletizadora,QUEBRA DE ESTEIRA,QUEBRA DE ESTEIRA
2891,FALHA NO SENSOR DO COMPACTADOR DE CAMADA,falha no sensor do compactador de camada,FALHA DE SENSOR,FALHA DE SENSOR
2892,TROCA DA ROLDANA DO PISTÃO Nº 01,troca da roldana do pistao no 01,FALHA DE ATUADOR,FALHA DE ATUADOR
2893,FALHA NA CODIFICADORA,falha na codificadora,FALHA DE CODIFICAÇÃO,FALHA DE CODIFICACAO
2894,FALHA NO MÓDULO DO TRANSPORTE DE LATAS CHEIA,falha no modulo do transporte de latas cheia,FALHA DE TRANSPORTE DE LATAS,FALHA DE TRANSPORTE DE LATAS
2895,PERDA DE REFERÊNCIA NA CODIFICAÇÃO (CODIFICAÇÃO FORA DE CENTRO),perda de referencia na codificacao codificacao fora de centro,FALHA DE CODIFICAÇÃO,FALHA DE CODIFICACAO
2896,TROCA DO FERRAMENTAL,troca do ferramental,SEM MODO DE FALHA IDENTIFICADO,SEM MODO DE FALHA IDENTIFICADO
2897,TROCA DO FERRAMENTAL COMPLETO,troca do ferramental completo,SEM MODO DE FALHA IDENTIFICADO,SEM MODO DE FALHA IDENTIFICADO
2898,FALHA DE LATAS COLAPSANDO;AJUSTE DE RECRAVAÇÃO; APOS TROCA DE PEÇAS/ FERRUM... NOTA (30008660862),falha de latas colapsando ajuste de recravacao apos troca de pecas ferrum nota 30008660862,FALHA DE RECRAVAÇÃO,FALHA DE RECRAVACAO
2899,ENROSCO DE LATA NO TWISTER.PÓS HEUFT - NOTA - 13272274,enrosco de lata no twister pos heuft nota 13272274,FALHA DE INSPEÇÃO,FALHA DE INSPECAO
2900,INSPETOR EBS COM ALTO INDICE DE FALSOS REJEITOS OCASIONANDO CRASH E PARADA DO EQUIPAMENTO,inspetor ebs com alto indice de falsos rejeitos ocasionando crash e parada do equipamento,FALHA DE INSPEÇÃO,FALHA DE INSPECAO
2901,ADEQUAÇÃO DA ESTRELA DA RECRAVADORA,adequacao da estrela da recravadora,FALHA DE RECRAVAÇÃO,FALHA DE RECRAVACAO
2902,"ENROSCO DE LATA NO TWISTER,PÓS HEUFT",enrosco de lata no twister pos heuft,FALHA DE INSPEÇÃO,FALHA DE INSPECAO
2903,FALHA DE SOBRECARGA 57Q2 - MOTOR SOPRADOR SAÍDA DO WARMER...NOTA (30008663157),falha de sobrecarga 57q2 motor soprador saida do warmer nota 30008663157,FALHA DE MOTOR,FALHA DE MOTOR
2904,AJUSTE NA VELOCIDADE DO MOTOR K16M,ajuste na velocidade do motor k16m,FALHA DE MOTOR,FALHA DE MOTOR
2905,FALHA NO SENSSOR DO COMPACTADOR DE CAMADA ORDEM: 30008665611,falha no senssor do compactador de camada ordem 30008665611,FALHA DE SENSOR,FALHA DE SENSOR
2906,PRANCHA DA CAMADA TRAVADA,prancha da camada travada,TRAVAMENTO DO SISTEMA DE COMPACTAÇÃO,TRAVAMENTO DO SISTEMA DE COMPACTACAO
2907,TAMPA TORTA CAPSULADOR 30008665609,tampa torta capsulador 30008665609,FALHA DE TAMPAMENTO,FALHA DE TAMPAMENTO
2908,TROCA DA BORBOLETA E MOLA DE SNIFER DA VALVULA N°86 30008664969,troca da borboleta e mola de snifer da valvula n 86 30008664969,FALHA DE VÁLVULA,FALHA DE VALVULA
2909,QUEBRA DA ESTEIRA DA CURVA,quebra da esteira da curva,QUEBRA DE ESTEIRA,QUEBRA DE ESTEIRA
2910,NOVAMENTE QUEBRA DA ESTEIRA DO TRANSPORTE DA CURVA,novamente quebra da esteira do transporte da curva,QUEBRA DE ESTEIRA,QUEBRA DE ESTEIRA
2911,QUEBRA DA CORRENTE DO MOTOR DO VIRADOR DE PALETE,quebra da corrente do motor do virador de palete,QUEBRA DE CORRENTE,QUEBRA DE CORRENTE
2912,EMPACOTADORA / VELOCIDADE REDUZIDA / DEVIDO AO ACUMULO DE PCTS NO TRANSPORTE / QUEBRA,empacotadora velocidade reduzida devido ao acumulo de pcts no transporte quebra,FALHA DE ACÚMULO NO TRANSPORTE,FALHA DE ACUMULO NO TRANSPORTE
2913,QUEBRA DA CORRENTE DO MOTOR DO VIRADOR DE PALETE,quebra da corrente do motor do virador de palete,QUEBRA DE CORRENTE,QUEBRA DE CORRENTE
2914,CODIFICADORA EM FALHA,codificadora em falha,FALHA DE CODIFICAÇÃO,FALHA DE CODIFICACAO
2915,EMPACOTADORA RODANDO COM VELOCIDADE REDUZIDA DEVIDO AO ACUMULO DE PCTS NO TRANSPORTE ORDEM: 30008665632,empacotadora rodando com velocidade reduzida devido ao acumulo de pcts no transporte ordem 30008665632,FALHA DE ACÚMULO NO TRANSPORTE,FALHA DE ACUMULO NO TRANSPORTE
2916,FALTA DE PARAFUSO E PARAFUSO SOLTO DEIXANDO PISTÃO EMPURRADOR SOLTO,falta de parafuso e parafuso solto deixando pistao empurrador solto,FALHA DE FIXAÇÃO,FALHA DE FIXACAO
2917,TRAVAMENTO DO DEGMENTO,travamento do degmento,TRAVAMENTO DE SEGMENTOS,TRAVAMENTO DE SEGMENTOS
2918,QUEDA DE GARRAFAS SAIDA DA LAVADORA,queda de garrafas saida da lavadora,QUEDA DE GARRAFAS,QUEDA DE GARRAFAS
2919,QUEDA DE GARRAFAS NA SAIDA DA LAVADORA,queda de garrafas na saida da lavadora,QUEDA DE GARRAFAS,QUEDA DE GARRAFAS
2920,PARAFUSO DA PRANCHA QUEBRADO OCASIONANDO O TRAVAMENTO 30008667505,parafuso da prancha quebrado ocasionando o travamento 30008667505,QUEBRA DE PARAFUSO,QUEBRA DE PARAFUSO
2921,TROCA DO PALLET DE FOLHA SEPARADORA EM MODO MANUAL,troca do pallet de folha separadora em modo manual,FALHA NA TROCA DE PALETE DE FOLHA SEPARADORA,FALHA NA TROCA DE PALETE DE FOLHA SEPARADORA
2922,ATRASO FALHA DURANTE CIP MANGUEIRA ENTRADA DO POLIDOR DESCONECTADA,atraso falha durante cip mangueira entrada do polidor desconectada,FALHA DE MANGUEIRA,FALHA DE MANGUEIRA
2923,FALHA DE FALSO REJEITO - CONTROLE EM MANUAL DOSAGEM DE ÁGUA NO TRANSPORTE DE ENTRADA,falha de falso rejeito controle em manual dosagem de agua no transporte de entrada,FALHA DE DOSAGEM,FALHA DE DOSAGEM
2924,"REMOVEDOR DE CARTÃO ,PARANDO NO MEIO DO CICLO - ORDEM - 30008667538",removedor de cartao parando no meio do ciclo ordem 30008667538,FALHA NO MANUSEIO DE CARTÃO,FALHA NO MANUSEIO DE CARTAO
2925,FALHA DE ENCHIMENTO DE TODAS AS VALVULAS MAUTENÇÃO ATUOU NO SENSOR,falha de enchimento de todas as valvulas mautencao atuou no sensor,FALHA DE SENSOR,FALHA DE SENSOR
2926,ESCAPOU A ESTEIRA DA CURVA DA PALETIZADORA,escapou a esteira da curva da paletizadora,ESCAPE DE ESTEIRA,ESCAPE DE ESTEIRA
2927,FALHA DE ENCHIMENTO DE TODAS AS VALVULAS,falha de enchimento de todas as valvulas,FALHA DE VÁLVULA DE ENCHIMENTO,FALHA DE VALVULA DE ENCHIMENTO
2928,FALHA DE ENCHIMENTO DE TODAS AS VALVULAS PARADA PARA MANUTENÇÃO,falha de enchimento de todas as valvulas parada para manutencao,FALHA DE VÁLVULA DE ENCHIMENTO,FALHA DE VALVULA DE ENCHIMENTO
2929,FALHA NA VALVULA DE ENTRADA DA ENCHEDORA,falha na valvula de entrada da enchedora,FALHA DE VÁLVULA,FALHA DE VALVULA
2930,PERCA DE REFERENCIA SAINDO FORA DO SINCRONISMO 30008683786,perca de referencia saindo fora do sincronismo 30008683786,FALHA DE SINCRONISMO,FALHA DE SINCRONISMO
2931,FALHA NA VALVULA DE CONTRA PRESSÃO DO NITROGENIO (30008683749),falha na valvula de contra pressao do nitrogenio 30008683749,FALHA DE VÁLVULA DE NITROGÊNIO,FALHA DE VALVULA DE NITROGENIO
2932,TROCA DO ELO DO TRANSPORTE QUE IRIA SE QUEBRAR (30008683755),troca do elo do transporte que iria se quebrar 30008683755,QUEBRA DE TRANSPORTE,QUEBRA DE TRANSPORTE
2933,AJUSTE DE VELOCIDADE CAINDO GARRAFA,ajuste de velocidade caindo garrafa,QUEDA DE GARRAFAS,QUEDA DE GARRAFAS
2934,"FALHA DE ENCHIMENTO, ENCHENDO AS GARRAFAS COM POUCA BEBIDA ATE NAO ENCHER MAIS",falha de enchimento enchendo as garrafas com pouca bebida ate nao encher mais,FALHA DE ENCHIMENTO,FALHA DE ENCHIMENTO
2935,ENROSCO DE ROTULO NO AGREGADO 2 30008683278,enrosco de rotulo no agregado 2 30008683278,ENROSCO DE RÓTULOS,ENROSCO DE ROTULOS
2936,EQUIPAMENTO FORA DE SINCRONISMO,equipamento fora de sincronismo,FALHA DE SINCRONISMO,FALHA DE SINCRONISMO
2937,TRAVAMENTO DO PISTÃO DOESTOPER DE CAIXA 30008683280,travamento do pistao doestoper de caixa 30008683280,TRAVAMENTO DE ATUADOR,TRAVAMENTO DE ATUADOR
2938,PERDA DE POTENCIA NO MOTOR K16M (30008686036),perda de potencia no motor k16m 30008686036,FALHA DE MOTOR,FALHA DE MOTOR
2939,VAZAMENTO NA MANGUEIRA DO CABEÇOTE,vazamento na mangueira do cabecote,VAZAMENTO PNEUMÁTICO,VAZAMENTO PNEUMATICO
2940,ROLETES EMBORRACHADOS SEGURANDO PACOTE NA MESA DE PASSAGEM,roletes emborrachados segurando pacote na mesa de passagem,FALHA DE ROLETES,FALHA DE ROLETES
2941,TROCA DOS ROLETES EMBORRACHADOS (30008686054),troca dos roletes emborrachados 30008686054,FALHA DE ROLETES,FALHA DE ROLETES
2942,"PEGANDO CAIXA A MENOS, CAUSANDO A COLISÃO DE CAIXAS",pegando caixa a menos causando a colisao de caixas,FALHA NA PEGADA DE CAMADA,FALHA NA PEGADA DE CAMADA
2943,TRAVAMENTO DO SEGMENTOS DE GARRAFAS ENOS A100,travamento do segmentos de garrafas enos a100,TRAVAMENTO DE SEGMENTOS,TRAVAMENTO DE SEGMENTOS
2944,FALHA NO SENSOR DE GARRAFA FALSA,falha no sensor de garrafa falsa,FALHA DE SENSOR,FALHA DE SENSOR
2945,"SENSOR DE LATAS FALSA ATUANDO NO MODO PRODUÇÃO, GERANDO FALHA",sensor de latas falsa atuando no modo producao gerando falha,FALHA DE SENSOR,FALHA DE SENSOR
2946,FALHA DE ENCHIMENTO NA VALVULA 11 SAINDIO NIVEL BAIXO ORDEM 30008685629,falha de enchimento na valvula 11 saindio nivel baixo ordem 30008685629,FALHA DE ENCHIMENTO,FALHA DE ENCHIMENTO
2947,FALTA DE AGUA NA REGUA ULTRASSONICA,falta de agua na regua ultrassonica,FALHA NO SUPRIMENTO DE ÁGUA,FALHA NO SUPRIMENTO DE AGUA
2948,SENSOR DE ENTRADA DE GARRAFAS NA SAIDA DO AIRTRANS DANIFICADO - ORDEM: 30008686058,sensor de entrada de garrafas na saida do airtrans danificado ordem 30008686058,FALHA DE SENSOR,FALHA DE SENSOR
2949,FALHA DE PRESSURIZAÇÃO (COLETOR VAZANDO),falha de pressurizacao coletor vazando,VAZAMENTO EM COLETOR,VAZAMENTO EM COLETOR
2950,PASSANDO LATAS AMASSADAS CAUSANDO ENROSCO NA RECRAVADORA (30008686059),passando latas amassadas causando enrosco na recravadora 30008686059,FALHA DE RECRAVAÇÃO,FALHA DE RECRAVACAO
2951,FALHA DE PRESSURIZAÇÃO (VAZAMENTO DO COLETOR ),falha de pressurizacao vazamento do coletor,VAZAMENTO EM COLETOR,VAZAMENTO EM COLETOR
2952,"REAPERTO PARAFUSOS DO SUPORTE DO CENTRADOR DE PACOTES ,FARMAÇAO DE CAMADAS 30008686087",reaperto parafusos do suporte do centrador de pacotes farmacao de camadas 30008686087,FALHA DE FIXAÇÃO,FALHA DE FIXACAO
2953,ESTEIRA NA CURVA DO TRANSPORTE NA PALETIZADORA ESCAPOU,esteira na curva do transporte na paletizadora escapou,ESCAPE DE ESTEIRA,ESCAPE DE ESTEIRA
2954,"FALHA NA SYNCROJE, REALIZADO RESET",falha na syncroje realizado reset,SEM MODO DE FALHA IDENTIFICADO,SEM MODO DE FALHA IDENTIFICADO
2955,FALHA NO SERVO DA PINÇA MANIPULADORA.,falha no servo da pinca manipuladora,FALHA DE SERVO MOTOR,FALHA DE SERVO MOTOR
2956,"EXCESSO DE REJEITO DE GARRAFAS DO ASEBI PARA O RETORNO DA LAVADOURA ,OBS.SENSIBILIDADE.",excesso de rejeito de garrafas do asebi para o retorno da lavadoura obs sensibilidade,FALHA DE REJEIÇÃO,FALHA DE REJEICAO
2957,TAMPA TORTA,tampa torta,FALHA DE TAMPAMENTO,FALHA DE TAMPAMENTO
2958,QUEDA DA GARRAFAS DA PINÇA (30008688143),queda da garrafas da pinca 30008688143,FALHA DE PINÇA,FALHA DE PINCA
2959,MOLA DO BAFER DANIFICADA,mola do bafer danificada,FALHA DE MOLA,FALHA DE MOLA
2960,MOLA DO SISTEMA DE TAMPA DANIFICADA,mola do sistema de tampa danificada,FALHA DE MOLA,FALHA DE MOLA
2961,FALHA SENSOR PORTA DE SEGURANÇA DA ENCHEDORA,falha sensor porta de seguranca da enchedora,FALHA DE SENSOR,FALHA DE SENSOR
2962,"FALHA TANGENCIONAMENTO DO ROLO, OCASIONANDO ENROSCO DE ROTULOS DO AGREGADO 2",falha tangencionamento do rolo ocasionando enrosco de rotulos do agregado 2,DESALINHAMENTO DE AGREGADO,DESALINHAMENTO DE AGREGADO
2963,AJUSTES DE PARAMETROS (30008688147),ajustes de parametros 30008688147,FALHA DE PARAMETRIZAÇÃO,FALHA DE PARAMETRIZACAO
2964,FALHA DE PRESSURIZAÇÃO (VAZAMENTO DO COLETOR ),falha de pressurizacao vazamento do coletor,VAZAMENTO EM COLETOR,VAZAMENTO EM COLETOR
2965,"FALHA SENSOR PETSORTER, FOI AJUSTADO A POSIÇÃO",falha sensor petsorter foi ajustado a posicao,FALHA DE SENSOR,FALHA DE SENSOR
2966,ESTEIRA DA CURVA DA PALETIZADORA ESCAPOU,esteira da curva da paletizadora escapou,ESCAPE DE ESTEIRA,ESCAPE DE ESTEIRA
2967,NIVEL BAIXO NOS PRÉ ESQUICHO,nivel baixo nos pre esquicho,FALHA DE ENCHIMENTO,FALHA DE ENCHIMENTO
2968,FALHA DE CODIFICAÇÃO NAS LATAS,falha de codificacao nas latas,FALHA DE CODIFICAÇÃO,FALHA DE CODIFICACAO
2969,FALHA NAS CORREIIAS TRANSPORTADORAS DE TAMPAS / REAPERTO (ORDEM-30008690620),falha nas correiias transportadoras de tampas reaperto ordem 30008690620,FALHA DE CORREIA,FALHA DE CORREIA
2970,FALHA DE CODIFICAÇÃO NAS LATAS/ E SEGREGAÇÃO DAS LATAS,falha de codificacao nas latas e segregacao das latas,FALHA DE CODIFICAÇÃO,FALHA DE CODIFICACAO
2971,FALHA DE COMUNICAÇÃO DA ENCHEDORA COM TRANSPORTE DE LATAS CHEIAS E WARMER,falha de comunicacao da enchedora com transporte de latas cheias e warmer,FALHA DE COMUNICAÇÃO,FALHA DE COMUNICACAO
2972,FALHA E QUEBRA DO DEVAISER DE FORMAÇÃO DE CAMADAS ( ORDEM - 30008698690630),falha e quebra do devaiser de formacao de camadas ordem 30008698690630,FALHA DE FORMAÇÃO DE CAMADA,FALHA DE FORMACAO DE CAMADA
2973,CAPSULADOR SOLTANDO TAMPAS A MAS CAUSANDO SAIDA DE GARRAFAS SEM TAMPAS E QUEDA DE GARRAFAS,capsulador soltando tampas a mas causando saida de garrafas sem tampas e queda de garrafas,FALHA DE ALIMENTAÇÃO DE TAMPAS,FALHA DE ALIMENTACAO DE TAMPAS
2974,FALHA NA COMUNICAÇÃO COM A XAROPARIA,falha na comunicacao com a xaroparia,FALHA DE COMUNICAÇÃO,FALHA DE COMUNICACAO
2975,QUEBRA DA ESTEIRA,quebra da esteira,QUEBRA DE ESTEIRA,QUEBRA DE ESTEIRA
2976,QUEDA DE GARRAFAS / LONA PATINANDO,queda de garrafas lona patinando,PATINAGEM DE ESTEIRA,PATINAGEM DE ESTEIRA
2977,TROCA CODIFICADORA 30008690004,troca codificadora 30008690004,FALHA DE CODIFICAÇÃO,FALHA DE CODIFICACAO
2978,FALHA DE COMUNICAÇÃO COM A CODIFICAÇÃO,falha de comunicacao com a codificacao,FALHA DE COMUNICAÇÃO,FALHA DE COMUNICACAO
2979,LONA DA MESA DE ENVOLVIMENTO PATINANDO,lona da mesa de envolvimento patinando,PATINAGEM DE ESTEIRA,PATINAGEM DE ESTEIRA
2980,SAINDO GFS COM TAMPA TORTA,saindo gfs com tampa torta,SAÍDA DE GARRAFAS COM TAMPA TORTA,SAIDA DE GARRAFAS COM TAMPA TORTA
2981,SAINDO GFS COM TAMPA TORTA,saindo gfs com tampa torta,SAÍDA DE GARRAFAS COM TAMPA TORTA,SAIDA DE GARRAFAS COM TAMPA TORTA
2982,SAINDO GFS COM TAMPA TORTA /ATUAÇÃO NOS GUIAS DO ARROLHADOR,saindo gfs com tampa torta atuacao nos guias do arrolhador,FALHA DE TAMPAMENTO,FALHA DE TAMPAMENTO
2983,SAINDO GFS COM TAMPA TORTA / ATUAÇÃO NOS GUIAS DE ENTRADA DO ARROLHADOR,saindo gfs com tampa torta atuacao nos guias de entrada do arrolhador,FALHA DE TAMPAMENTO,FALHA DE TAMPAMENTO
2984,AJUSTE NA ESTRELA,ajuste na estrela,SEM MODO DE FALHA IDENTIFICADO,SEM MODO DE FALHA IDENTIFICADO
2985,FALHA NO SENSOR DE TAMPA,falha no sensor de tampa,FALHA DE SENSOR,FALHA DE SENSOR
2986,QUEDA DE GARRAFA NA SAINDA DO PINO DE SEPARAÇÃO,queda de garrafa na sainda do pino de separacao,QUEDA DE GARRAFAS,QUEDA DE GARRAFAS
2987,EQUIPAMENTO PAROU NO MEIO DA PRODUÇÃO,equipamento parou no meio da producao,SEM MODO DE FALHA IDENTIFICADO,SEM MODO DE FALHA IDENTIFICADO
2988,FALHA NO SENSOR DE ENTRADA ORDEM 30008690593,falha no sensor de entrada ordem 30008690593,FALHA DE SENSOR,FALHA DE SENSOR
2989,ANOMALIA NO SENSOR DE ENTRADA,anomalia no sensor de entrada,FALHA DE SENSOR,FALHA DE SENSOR
2990,ESTEIRA DE ENTRADA DA PALETIZADORA COM PERFIL DANIFICADO (30008693323),esteira de entrada da paletizadora com perfil danificado 30008693323,FALHA DE ESTEIRA,FALHA DE ESTEIRA
2991,"PERDA DE PRESSÃO DA CABEÇA DA ENCHEDORA,VARIAÇÃO DE NIVEL,FALHA NA PRESSÃO DOS MARTINET",perda de pressao da cabeca da enchedora variacao de nivel falha na pressao dos martinet,FALHA DE ENCHIMENTO,FALHA DE ENCHIMENTO
2992,TROCA DO FREIO DA BORBOLETA DA VALVULA 86,troca do freio da borboleta da valvula 86,FALHA DE VÁLVULA,FALHA DE VALVULA
2993,"ROLETES TORTO,CAUSANDO ERO NA FORMAÇÃO DAS CAMADAS",roletes torto causando ero na formacao das camadas,FALHA DE ROLETES,FALHA DE ROLETES
2994,FALHA NO SENSOR DE ACIONAMENTO DE ABERTURA DA VALVULA( TROCA DO SENSOR ),falha no sensor de acionamento de abertura da valvula troca do sensor,FALHA DE SENSOR,FALHA DE SENSOR
2995,FALHA NO SENSOR DE ACIONAMENTO DE ABERTURA DA VALVULA( TROCA DO SENSOR ) ESVAZIANDO A LAVADORA,falha no sensor de acionamento de abertura da valvula troca do sensor esvaziando a lavadora,FALHA DE SENSOR,FALHA DE SENSOR
2996,FALHA NO SENSOR DE ACIONAMENTO DE ABERTURA DA VALVULA( TROCA DO SENSOR ) ESVAZIANDO A LAVADORA ORDEM 3000869582,falha no sensor de acionamento de abertura da valvula troca do sensor esvaziando a lavadora ordem 3000869582,FALHA DE SENSOR,FALHA DE SENSOR
2997,FALHA NO SENSOR DE ACIONAMENTO DE ABERTURA DA VALVULA OCASIONADO PERCA DE PREÇÃO,falha no sensor de acionamento de abertura da valvula ocasionado perca de precao,FALHA DE SENSOR,FALHA DE SENSOR
2998,PRESSÃO DOS MACACOS VARIANDO OCASIONADO ESTOURO DE GARRAFAS E ENCHIMENTO MUITO ALTO ORDEM 30008690545,pressao dos macacos variando ocasionado estouro de garrafas e enchimento muito alto ordem 30008690545,FALHA DE ENCHIMENTO,FALHA DE ENCHIMENTO
2999,AJUSTE DE PARAMETROS ELETRICOS,ajuste de parametros eletricos,SEM MODO DE FALHA IDENTIFICADO,SEM MODO DE FALHA IDENTIFICADO
3000,"FALHA TANGECIAMENTO DO ROLO, OCASIONANDO ENROSCO DE ROTULOS DO AGREGADO 2",falha tangeciamento do rolo ocasionando enrosco de rotulos do agregado 2,ENROSCO DE RÓTULOS,ENROSCO DE ROTULOS
3001,FALHA SENSOR DE SEGURANÇA NA PORTA TRASEIRA DA ENCJHEDORA,falha sensor de seguranca na porta traseira da encjhedora,FALHA DE SENSOR,FALHA DE SENSOR
3002,TRAVAMENTO DO SEGMENTOS DE GARRAFAS NO REJEITOR ENOS A100 30008693358,travamento do segmentos de garrafas no rejeitor enos a100 30008693358,TRAVAMENTO DE SEGMENTOS,TRAVAMENTO DE SEGMENTOS
3003,TRAVAMENTO DO SEGMENTOS DE GARRAFAS NO REJEITOR ENOS A100,travamento do segmentos de garrafas no rejeitor enos a100,TRAVAMENTO DE SEGMENTOS,TRAVAMENTO DE SEGMENTOS
3004,VALIDAÇÃO DE GARRAFAS TESTE NO ENOS,validacao de garrafas teste no enos,SEM MODO DE FALHA IDENTIFICADO,SEM MODO DE FALHA IDENTIFICADO
3005,AJUSTE NA ESTRELA DE ENTRADA,ajuste na estrela de entrada,SEM MODO DE FALHA IDENTIFICADO,SEM MODO DE FALHA IDENTIFICADO
3006,"VALVULA 20 PEGANDO A GARRAFA TORTA, GARRAFAS NIVEL BAIXO, GARRAFA VAZIA. - ORDEM: 30008694579",valvula 20 pegando a garrafa torta garrafas nivel baixo garrafa vazia ordem 30008694579,FALHA DE ENCHIMENTO,FALHA DE ENCHIMENTO
3007,COLETOR EM FALHA,coletor em falha,FALHA DE COLETOR,FALHA DE COLETOR
3008,QUEBROU ESTEIRA DO TRANSPORTE DE LATAS / NA ENTRADA DO TWSTER APOS FILTEC (ORDEM - 30008694606),quebrou esteira do transporte de latas na entrada do twster apos filtec ordem 30008694606,QUEBRA DE ESTEIRA,QUEBRA DE ESTEIRA
3009,SENSOR DE CONTAGEM FALHANDO ESPELHO PRIMATICO OPACO NOTA30008693335,sensor de contagem falhando espelho primatico opaco nota30008693335,FALHA DE SENSOR,FALHA DE SENSOR
3010,VENTOSA COM FALHA NA PEGADA DE CHAPATEX,ventosa com falha na pegada de chapatex,FALHA DE VENTOSA,FALHA DE VENTOSA
3011,AJUSTE NO DOSADOR DO NITROGENIO,ajuste no dosador do nitrogenio,SEM MODO DE FALHA IDENTIFICADO,SEM MODO DE FALHA IDENTIFICADO
3012,"SENSOR DE PRESENÇA DE TAMPA FALHANDO, GARRAFAS SEM TAMPA PARANDO NA EMPACOTADORA",sensor de presenca de tampa falhando garrafas sem tampa parando na empacotadora,FALHA DE SENSOR,FALHA DE SENSOR
3013,"ENCHEDORA NÃO ESTÁ COMUNICANDO COM O MIXER, IMPOSSIBILITANDO O ENVIO DA BEBIDA PARA A LINHA.",enchedora nao esta comunicando com o mixer impossibilitando o envio da bebida para a linha,FALHA DE COMUNICAÇÃO,FALHA DE COMUNICACAO
3014,"ENCAVALAMENTO DOS ROLETES DO DEVEICER,COM A CHAPA DE PASSAGEM - NOTA -30008693329",encavalamento dos roletes do deveicer com a chapa de passagem nota 30008693329,TRAVAMENTO DE ROLETES,TRAVAMENTO DE ROLETES
3015,"SENSOR DA PORTA DE ACESSO DA PALETIZADORA NÃO ATUANDO QUANDO FECHADA, IMPEDINDO RESET DA MESMA NOTA:",sensor da porta de acesso da paletizadora nao atuando quando fechada impedindo reset da mesma nota,FALHA DE SENSOR,FALHA DE SENSOR
3016,FALHA NO COMANDO DA ARVORE DE ESPUMA,falha no comando da arvore de espuma,FALHA DE COMANDO DA ÁRVORE DE ESPUMA,FALHA DE COMANDO DA ARVORE DE ESPUMA
3017,QUEBRA DO EIXO DA ENGRENAGEM DO TRANSPORTE DE PACOTES,quebra do eixo da engrenagem do transporte de pacotes,QUEBRA DE EIXO,QUEBRA DE EIXO
3018,VALVULA DE CO2 EM FALHA,valvula de co2 em falha,FALHA DE VÁLVULA,FALHA DE VALVULA
3019,SAINDO TAMPA TORTA VERIFICAÇÃO DO CAPSULADOR,saindo tampa torta verificacao do capsulador,FALHA DE TAMPAMENTO,FALHA DE TAMPAMENTO
3020,QUEBRA DO ROLETE-GUIA DO TRANSPORTE DE PACOTES 30008699348,quebra do rolete guia do transporte de pacotes 30008699348,QUEBRA DE TRANSPORTE,QUEBRA DE TRANSPORTE
3021,"ESTEIRA DE PROLONGAMENTO ESTAVA TRAVANDO,",esteira de prolongamento estava travando,TRAVAMENTO DE ESTEIRA,TRAVAMENTO DE ESTEIRA
3022,"ESTEIRA DE ARRASTE NOS CANAIS DE ENTRADA PATINANDO,GARRAFAS FICANDO PARA TRAS 30008697055",esteira de arraste nos canais de entrada patinando garrafas ficando para tras 30008697055,PATINAGEM DE ESTEIRA,PATINAGEM DE ESTEIRA
3023,QUEDA DE GARRAFA NA REGUA DE ARRASTE,queda de garrafa na regua de arraste,QUEDA DE GARRAFAS,QUEDA DE GARRAFAS
3024,VIDEOJET DESARMANDO,videojet desarmando,FALHA DE CODIFICAÇÃO,FALHA DE CODIFICACAO
3025,QUEDA DE TEMPERATURA,queda de temperatura,FALHA DE CONTROLE DE TEMPERATURA,FALHA DE CONTROLE DE TEMPERATURA
3026,VERIFICAÇÃO DOS GUIAS E BOCAIS SAINDO TAMPA TORTA,verificacao dos guias e bocais saindo tampa torta,DEFORMAÇÃO/DESALINHAMENTO DE GUIA,DEFORMACAO DESALINHAMENTO DE GUIA
3027,VERIFICAÇÃO DOS GUIAS DE ENTRADA DO ARROLHADOR /SAINDO TAMPA TORTAORDEM Nº30008696887,verificacao dos guias de entrada do arrolhador saindo tampa tortaordem no30008696887,DEFORMAÇÃO/DESALINHAMENTO DE GUIA,DEFORMACAO DESALINHAMENTO DE GUIA
3028,"FALTA DE PRESSÃO, COLETOR COM VAZAMENTO",falta de pressao coletor com vazamento,VAZAMENTO EM COLETOR,VAZAMENTO EM COLETOR
3029,FALHA NA ALIMENTAÇÃO DE TAMPAS,falha na alimentacao de tampas,FALHA DE ALIMENTAÇÃO DE TAMPAS,FALHA DE ALIMENTACAO DE TAMPAS
3030,"PATINS ENTREGANDO PACOTES FORA DE POSIÇÃO PARA A FORMAÇÃO DE CAMADA, GERANDO FALHA NA FORMAÇÃO .",patins entregando pacotes fora de posicao para a formacao de camada gerando falha na formacao,PATINS FORA DE POSIÇÃO,PATINS FORA DE POSICAO
3031,FALHA NOS INVERSORES DO TRANSPORTE GERAL EXTERNO E INTERNO,falha nos inversores do transporte geral externo e interno,FALHA DE INVERSOR,FALHA DE INVERSOR
3032,EXCESSO DE FALSO REJEITO,excesso de falso rejeito,FALHA DE REJEIÇÃO,FALHA DE REJEICAO
3033,"ROLETES DANIFICADOS,CAUSANDO ERRO NA FORMAÇÃO DA CAMADA",roletes danificados causando erro na formacao da camada,FALHA DE ROLETES,FALHA DE ROLETES
3034,ENROSCO DE ROTULO NO AGREGADO 2 ( FALHA NO TERMOSTATO DO AGREGADO 2 ),enrosco de rotulo no agregado 2 falha no termostato do agregado 2,FALHA DE TERMOSTATO,FALHA DE TERMOSTATO
3035,NYLON DO TRANSPORTE DE SAIDA SAIU FORA DE POSIÇÃO OCASIONADO QUEDA DE GARRAFAS,nylon do transporte de saida saiu fora de posicao ocasionado queda de garrafas,QUEDA DE GARRAFAS,QUEDA DE GARRAFAS
3036,CELULA TORTAS OCASIONANDO ENROSCO E QUEDA DE GARRAFAS NA SAIDA DA LAVADORA,celula tortas ocasionando enrosco e queda de garrafas na saida da lavadora,ENROSCO DE GARRAFAS,ENROSCO DE GARRAFAS
3037,CELULA TORTAS OCASIONADO ENROSCO E QUEDA DE GARRAFAS NA SAIDA,celula tortas ocasionado enrosco e queda de garrafas na saida,ENROSCO DE GARRAFAS,ENROSCO DE GARRAFAS
3038,FALHA DE ENCHIMENTO EM VELOCIDADE NOMINAL,falha de enchimento em velocidade nominal,FALHA DE ENCHIMENTO,FALHA DE ENCHIMENTO
3039,VAZAMENTO DO COLETOR GERANDO GÁS BAIXO NA PARTIDA,vazamento do coletor gerando gas baixo na partida,VAZAMENTO NO COLETOR COM GÁS BAIXO,VAZAMENTO NO COLETOR COM GAS BAIXO
3040,PARADA DO TRANSPORTE DE SAIDA,parada do transporte de saida,FALHA DE TRANSPORTE,FALHA DE TRANSPORTE
3041,FALHA DE PRESURIZAÇÃO (VAZAMENTO DO COLETOR ),falha de presurizacao vazamento do coletor,VAZAMENTO EM COLETOR,VAZAMENTO EM COLETOR
3042,FALHA DE ENCHIMENTO EM VELOCIDADE NOMINAL,falha de enchimento em velocidade nominal,FALHA DE ENCHIMENTO,FALHA DE ENCHIMENTO
3043,VAZAMENTO DO COLETOR GERANDO GÁS BAIXO NA PARTIDA,vazamento do coletor gerando gas baixo na partida,VAZAMENTO NO COLETOR COM GÁS BAIXO,VAZAMENTO NO COLETOR COM GAS BAIXO
3044,FALHA DE PRESURIZAÇÃO (VAZAMENTO DO COLETOR ),falha de presurizacao vazamento do coletor,VAZAMENTO EM COLETOR,VAZAMENTO EM COLETOR
3045,PARADA DO TRANSPORTE DE SAIDA,parada do transporte de saida,FALHA DE TRANSPORTE,FALHA DE TRANSPORTE
3046,TAMPA INVERTIDA SENSOR DE ENTRADA DA TOLVA NÃO MANDANDO SINAL PARA JET FLOW ENCHENDO A CANALETA DE TAMPA,tampa invertida sensor de entrada da tolva nao mandando sinal para jet flow enchendo a canaleta de tampa,FALHA DE SENSOR,FALHA DE SENSOR
3047,SENSOR DE ENTRADA DA TOLVA NÃO MANDANDO PARA O JET FLOW SOBRECARREGANDO A CANALETA CAUSANDO TAMPA INVERTIDA.,sensor de entrada da tolva nao mandando para o jet flow sobrecarregando a canaleta causando tampa invertida,FALHA DE SENSOR,FALHA DE SENSOR
3048,SENSIBILIDADE DO SENSOR MUITO ALTA( 30008701564),sensibilidade do sensor muito alta 30008701564,FALHA DE SENSOR,FALHA DE SENSOR
3049,FALHA NO PEGADOR DE CHAPA,falha no pegador de chapa,FALHA DE PEGADOR,FALHA DE PEGADOR
3050,TAMPA VIRADA PRESA NA CASCATA,tampa virada presa na cascata,TAMPA INVERTIDA,TAMPA INVERTIDA
3051,"VÁLVULAS DE ALÍVIO DA ENCHEDORA NÃO ESTAVAM ATUANDO, IMPEDINDO A RECIRCULAÇÃO DO CIP",valvulas de alivio da enchedora nao estavam atuando impedindo a recirculacao do cip,TRAVAMENTO DE VÁLVULA,TRAVAMENTO DE VALVULA
3052,"FALHA NO ENCHIMENTO , JAMPRE NA VALVULA N:11",falha no enchimento jampre na valvula n 11,FALHA DE ENCHIMENTO,FALHA DE ENCHIMENTO
3053,QUEBRA TRECHO TRANSPORTE,quebra trecho transporte,QUEBRA DE TRANSPORTE,QUEBRA DE TRANSPORTE
3054,AJUSTE NO GUIA DA ESTRELA DE ENTRADA,ajuste no guia da estrela de entrada,SEM MODO DE FALHA IDENTIFICADO,SEM MODO DE FALHA IDENTIFICADO
3055,FALHA NA CONTAGEM DE PACOTES,falha na contagem de pacotes,FALHA DE CONTAGEM,FALHA DE CONTAGEM
3056,"PORTA DA BOBINA FECHADA E ACUSANDO ESTAR ABERTA, SENSOR NÃO ATUANDO DEVIDAMENTE",porta da bobina fechada e acusando estar aberta sensor nao atuando devidamente,FALHA DE SENSOR,FALHA DE SENSOR
3057,"ERRO NA CONTAGEM DE PACOTES, ENTRANDO PACOTES A MENOS NA FORMAÇÃO DE CAMADA",erro na contagem de pacotes entrando pacotes a menos na formacao de camada,FALHA DE FORMAÇÃO DE CAMADA,FALHA DE FORMACAO DE CAMADA
3058,"FALHA NA CONTAGEM DE PACOTES, CAMADAS FALTANDO PACOTES",falha na contagem de pacotes camadas faltando pacotes,FALHA DE CONTAGEM,FALHA DE CONTAGEM
3059,"ERRO NA CONTAGEM DE PACOTES, FALTA DE PACOTE NA FORMAÇÃO DE CAMADA",erro na contagem de pacotes falta de pacote na formacao de camada,FALHA DE FORMAÇÃO DE CAMADA,FALHA DE FORMACAO DE CAMADA
3060,"ERRO DE CONTAGEM DE PACOTES, FALTANDO PACOTES NA FORMAÇÃO DE CAMADA",erro de contagem de pacotes faltando pacotes na formacao de camada,FALHA DE FORMAÇÃO DE CAMADA,FALHA DE FORMACAO DE CAMADA
3061,BRIX DA BEBIDA FORA DE PADRÃO ( ORDEM - 30008701508),brix da bebida fora de padrao ordem 30008701508,FALHA DE CONTROLE DE BRIX,FALHA DE CONTROLE DE BRIX
3062,AJUSTE DE PARAMETROS ESTAVA EXPULSANDO LATAS COM NIVEL BOM (30008701534),ajuste de parametros estava expulsando latas com nivel bom 30008701534,SEM MODO DE FALHA IDENTIFICADO,SEM MODO DE FALHA IDENTIFICADO
3063,FALHA NO FLUXIMETRO DE XAROPE,falha no fluximetro de xarope,FALHA DE FLUXÍMETRO,FALHA DE FLUXIMETRO
3064,SENSOR DA PORTA QUEBRADO,sensor da porta quebrado,FALHA DE SENSOR,FALHA DE SENSOR
3065,"ESTÁ COM VELOCIDADE REDUZIDA DEVIDO AS VALVULAS 38 E 90 COM JUMPER, ORDEM > 30008700723",esta com velocidade reduzida devido as valvulas 38 e 90 com jumper ordem 30008700723,FALHA DE VÁLVULA DE ENCHIMENTO,FALHA DE VALVULA DE ENCHIMENTO
3066,MOTOR DA ESTEIRA DE ENTRADA DE PACOTES CANAL 2 COM FREIO RUIM,motor da esteira de entrada de pacotes canal 2 com freio ruim,FALHA DE MOTOR,FALHA DE MOTOR
3067,TAMPAS VIRADAS ENROSCANDO NA CASCATA,tampas viradas enroscando na cascata,ENROSCO DE TAMPAS,ENROSCO DE TAMPAS
3068,HASTE DE SEPARAÇÃO DE GARRAFAS QUEBROU CAUSANDO ENROSCO E QUEDAS DE GARRAFAS NA ENTRADA DA EMPACOTADORA NOTA 30008704423,haste de separacao de garrafas quebrou causando enrosco e quedas de garrafas na entrada da empacotadora nota 30008704423,ENROSCO DE GARRAFAS,ENROSCO DE GARRAFAS
3069,QUEBRA DA HASTE DE SEPARAÇÃO DO TRP DE ENTRADA DA EMPACOTADORA CAUSANDO QUEDA DE GARRAFAS,quebra da haste de separacao do trp de entrada da empacotadora causando queda de garrafas,QUEBRA DE TRANSPORTE,QUEBRA DE TRANSPORTE
3070,ESTEIRA QUEBRADA 30008703878,esteira quebrada 30008703878,QUEBRA DE ESTEIRA,QUEBRA DE ESTEIRA
3071,BASE DO VIBRADOR FORA DE POSIÇÃO ENVIANDO TAMPAS SEM INTERVALO,base do vibrador fora de posicao enviando tampas sem intervalo,FALHA DE VIBRADOR,FALHA DE VIBRADOR
3072,SEGUNDO PEGADOR DE CHAPATEX COM FALHA NO SENSOR 30008703853,segundo pegador de chapatex com falha no sensor 30008703853,FALHA DE SENSOR,FALHA DE SENSOR
3073,PINO DE SEPARAÇÃO SOLTO TOMBANDO GARRAFAS 30008703883,pino de separacao solto tombando garrafas 30008703883,FALHA DE PINO,FALHA DE PINO
3074,"FALHA NO CIP, ENCHEDORA NAO CONTABILIZAVA O TEMPO DE CADA PASSO",falha no cip enchedora nao contabilizava o tempo de cada passo,FALHA DE CIP,FALHA DE CIP
3075,"SENSOR DO TRANSPORTE DE SAIDA DA DESPALETIZADORA,FORA DE POSIÇÃO",sensor do transporte de saida da despaletizadora fora de posicao,FALHA DE SENSOR,FALHA DE SENSOR
3076,FALHA DE ENCHIMENTO NA VALVULA Nº41 - NOTA 30008703871,falha de enchimento na valvula no41 nota 30008703871,FALHA DE VÁLVULA DE ENCHIMENTO,FALHA DE VALVULA DE ENCHIMENTO
3077,FALHA VIEDOJET NÃO LIBERADA TRANSPORTE DO ALINHADOR PARA ENCHIMENTO PULMÃO DA ENCAIXOTADORA,falha viedojet nao liberada transporte do alinhador para enchimento pulmao da encaixotadora,FALHA DE ENCHIMENTO,FALHA DE ENCHIMENTO
3078,"FALHA ENCHIMENTO DA VALVULA 127, FOI REALIZADO A TROCA DE BORBOLETA, FREIO, VALVULA ORDEM: 30008703888",falha enchimento da valvula 127 foi realizado a troca de borboleta freio valvula ordem 30008703888,FALHA DE VÁLVULA DE ENCHIMENTO,FALHA DE VALVULA DE ENCHIMENTO
3079,TRAVAMENTO SEGMENTOS DE GARRAFAS NO REJEITOR EBS,travamento segmentos de garrafas no rejeitor ebs,TRAVAMENTO DE SEGMENTOS,TRAVAMENTO DE SEGMENTOS
3080,ESTEIRA ESCAPANDO - FALHA MOTOR TAG-332 NA CURVA DA ENTRADA DA PALETIZADORA,esteira escapando falha motor tag 332 na curva da entrada da paletizadora,FALHA DE MOTOR,FALHA DE MOTOR
3081,TRAVAMENTO DE SEGMENTOS DE GARRAFAS NO REJEITOR ENOS A100,travamento de segmentos de garrafas no rejeitor enos a100,TRAVAMENTO DE SEGMENTOS,TRAVAMENTO DE SEGMENTOS
3082,FALHA NA GARRAFAS TESTE( FALHA NO SENSOR OPTICO) 30008704634,falha na garrafas teste falha no sensor optico 30008704634,FALHA DE SENSOR,FALHA DE SENSOR
3083,"ESTEIRA DA CURVA DE ENTRADA DA PALETIZADORA,ESTA ESCAPANDO",esteira da curva de entrada da paletizadora esta escapando,ESCAPE DE ESTEIRA,ESCAPE DE ESTEIRA
3084,ENROSCO DE FILME NA RAMPA DE VÁCUO ( ORDEM 30008705098 ),enrosco de filme na rampa de vacuo ordem 30008705098,FALHA DE VÁCUO,FALHA DE VACUO
3085,FALHA NA PASSAGEM DA GARRAFA TESTE NUMERO 12,falha na passagem da garrafa teste numero 12,SEM MODO DE FALHA IDENTIFICADO,SEM MODO DE FALHA IDENTIFICADO
3086,FALHA DE COMUNICAÇÃO ENVIO DE BEBIDA 3X - SEM SINAL BOMBA,falha de comunicacao envio de bebida 3x sem sinal bomba,FALHA DE COMUNICAÇÃO,FALHA DE COMUNICACAO
3087,"FALHA NA DESCIDA DE TAMPAS, BAIXA PRESSÃO DO AR",falha na descida de tampas baixa pressao do ar,FALHA NA DESCIDA DE TAMPAS,FALHA NA DESCIDA DE TAMPAS
3088,FALHA DESCIDA TAMPA - BAIXA PRESSÃO DO AR,falha descida tampa baixa pressao do ar,FALHA NA DESCIDA DE TAMPAS,FALHA NA DESCIDA DE TAMPAS
3089,ACERTO DO AR DO SOPRADOR DE AR DAS ROLHAS.,acerto do ar do soprador de ar das rolhas,FALHA DE SOPRADOR,FALHA DE SOPRADOR
3090,"EXCESSO DE ÁGUA NA LENTE DA EMBOCADURA ,LIMPEZA DAS LENTES.",excesso de agua na lente da embocadura limpeza das lentes,FALHA DE CÂMERA,FALHA DE CAMERA
3091,GARRAFAS SAINDO SEM TAMPA DO ARROLHADOR.,garrafas saindo sem tampa do arrolhador,FALHA DE ALIMENTAÇÃO DE TAMPAS,FALHA DE ALIMENTACAO DE TAMPAS
3092,ALINHAMENTO DA MESA COM DEGRAU TOMBANDO GARRAFAS,alinhamento da mesa com degrau tombando garrafas,FALHA DE TRANSPORTE DE GARRAFAS,FALHA DE TRANSPORTE DE GARRAFAS
3093,TROCA DA LONA DA MESA DE ENVOLVIMENTO,troca da lona da mesa de envolvimento,FALHA DE ESTEIRA,FALHA DE ESTEIRA
3094,QUEDA DE GFS NA MESA DE ENVOLVIMENTO,queda de gfs na mesa de envolvimento,QUEDA DE GARRAFAS,QUEDA DE GARRAFAS
3095,QUEDA DE GFS / DEGRAU NA MESA DE ENVOLVIMENTO,queda de gfs degrau na mesa de envolvimento,FALHA DE ENVOLVIMENTO,FALHA DE ENVOLVIMENTO
3096,QUEDA DE GFS NOS PINO DE SEPARAÇÃO,queda de gfs nos pino de separacao,QUEDA DE GARRAFAS,QUEDA DE GARRAFAS
3097,QUEDA DE GFS NA MESA DE ENVOLVIMENTO / ABRINDO PACOTES,queda de gfs na mesa de envolvimento abrindo pacotes,FALHA DE ENVOLVIMENTO,FALHA DE ENVOLVIMENTO
3098,QUEBRA DA ESTEIRA DA CURVA DO TRANSPORTE,quebra da esteira da curva do transporte,QUEBRA DE ESTEIRA,QUEBRA DE ESTEIRA
3099,QUEBRA DA ESTEIRA DA CURVA,quebra da esteira da curva,QUEBRA DE ESTEIRA,QUEBRA DE ESTEIRA
3100,QUEDA DE GARRAFAS NA MESA DE ENVOLVIMENTO,queda de garrafas na mesa de envolvimento,QUEDA DE GARRAFAS,QUEDA DE GARRAFAS
3101,"SENSOR DE PRESENÇA DE GARRAFAS FALHANDO, SAINDO GARRAFAS VAZIAS",sensor de presenca de garrafas falhando saindo garrafas vazias,FALHA DE SENSOR,FALHA DE SENSOR
3102,SENSOR DE PRESENÇA DE GARRAFAS COM FALHA,sensor de presenca de garrafas com falha,FALHA DE SENSOR,FALHA DE SENSOR
3103,"NOVO SISTEMA DE SEPARAÇÃO DE GARRAFAS ESTAVA FORA DA POSIÇÃO CORRETA, OCASIONANDO FALHA NO AJUSTE E ENROSCO DE GARRAFAS.",novo sistema de separacao de garrafas estava fora da posicao correta ocasionando falha no ajuste e enrosco de garrafas,ENROSCO DE GARRAFAS,ENROSCO DE GARRAFAS
3104,"SENSOR DE PRESENÇA DE GARRAFAS FALHANDO, SAINDO GARRAFAS VAZIAS,",sensor de presenca de garrafas falhando saindo garrafas vazias,FALHA DE SENSOR,FALHA DE SENSOR
3105,FALHA DE BARREIRA NA SAIDA DE PALETES VAZIOS (30008708787),falha de barreira na saida de paletes vazios 30008708787,FALHA DE BARREIRA,FALHA DE BARREIRA
3106,"FALHA NA CODIFICAÇÃO, ORDEM : 30008707717",falha na codificacao ordem 30008707717,FALHA DE CODIFICAÇÃO,FALHA DE CODIFICACAO
3107,CORRERIAS DE ALIMENTAÇÃO SAINDO DE POSIÇÃO TRAVANDO A ALIMENTAÇÃO,correrias de alimentacao saindo de posicao travando a alimentacao,FALHA DE CORREIA,FALHA DE CORREIA
3108,"FALHA DE PRESSÃO NO CARBONATADOR, ORDEM : 30008707726",falha de pressao no carbonatador ordem 30008707726,FALHA DE CARBONATAÇÃO,FALHA DE CARBONATACAO
3109,FALHA NO REJEITO DE GARRAS TESTE NIVEL ALTO,falha no rejeito de garras teste nivel alto,FALHA DE ENCHIMENTO,FALHA DE ENCHIMENTO
3110,QUEBRA DA ESTEIRA DE ENTRADA DE PACOTES DO CANAL 2 (ORDEM: 30008708790),quebra da esteira de entrada de pacotes do canal 2 ordem 30008708790,QUEBRA DE ESTEIRA,QUEBRA DE ESTEIRA
3111,QUEBRA DA ESTEIRA DE ENTRADA DE PACOTES DO CANAL 2,quebra da esteira de entrada de pacotes do canal 2,QUEBRA DE ESTEIRA,QUEBRA DE ESTEIRA
3112,FALHA DE BARREIRA NO TRANSPORTE DE PALETES (30008711417),falha de barreira no transporte de paletes 30008711417,FALHA DE BARREIRA,FALHA DE BARREIRA
3113,QUEBRA DA ESTEIRA,quebra da esteira,QUEBRA DE ESTEIRA,QUEBRA DE ESTEIRA
3114,QUEDA DE GARRAFAS NA MESA DE TRANSPASSE,queda de garrafas na mesa de transpasse,QUEDA DE GARRAFAS,QUEDA DE GARRAFAS
3115,FALHA DE COMUNICAÇÃO / MIXER - ENCHEDORA / DEFEITO REDE I/O PLC,falha de comunicacao mixer enchedora defeito rede i o plc,FALHA DE COMUNICAÇÃO,FALHA DE COMUNICACAO
3116,FALHA NO IHM DESLIGANDO SOZINHO,falha no ihm desligando sozinho,FALHA DE IHM,FALHA DE IHM
3117,VALVULA 25 ESTOURANDO NA SAIDA 30008713410,valvula 25 estourando na saida 30008713410,FALHA DE VÁLVULA,FALHA DE VALVULA
3118,FALHA DE ORGÃO,falha de orgao,SEM MODO DE FALHA IDENTIFICADO,SEM MODO DE FALHA IDENTIFICADO
3119,FALA DE COMUNICAÇÃO DO CARBONATADOR 30008713849,fala de comunicacao do carbonatador 30008713849,FALHA DE CARBONATAÇÃO,FALHA DE CARBONATACAO
3120,SENSOR PORTA SEGURANÇÃ DA LAVADORA DANIFICADO.,sensor porta seguranca da lavadora danificado,FALHA DE SENSOR,FALHA DE SENSOR
3121,QUEDA DO MOTOR DO TRP DESENCA CAUSANDO TRAVAMENTO NA ESTEIRA,queda do motor do trp desenca causando travamento na esteira,FALHA DE MOTOR,FALHA DE MOTOR
3122,PISTAO ENTRADA DE GARRAFAS PARA O RINSER TRAVADO 30008716664,pistao entrada de garrafas para o rinser travado 30008716664,TRAVAMENTO DE ATUADOR,TRAVAMENTO DE ATUADOR
3123,VALVULA DE AGUA DE RESFRIAMENTO PINO DE ENXAGUE ENCHEDORA PAROU TRAVADO,valvula de agua de resfriamento pino de enxague enchedora parou travado,TRAVAMENTO DE VÁLVULA,TRAVAMENTO DE VALVULA
3124,AQUECIMENTO DO PROCESSADOR DO MIXER,aquecimento do processador do mixer,SOBREAQUECIMENTO DE PROCESSADOR,SOBREAQUECIMENTO DE PROCESSADOR
3125,"ERRO NA CONTAGEM DOS PACOTES,GERANDO MÁ FORMAÇÃO DA CAMADA",erro na contagem dos pacotes gerando ma formacao da camada,FALHA DE CONTAGEM,FALHA DE CONTAGEM
3126,FALHA DE INVERSOR Nº 208,falha de inversor no 208,FALHA DE INVERSOR,FALHA DE INVERSOR
3127,JAMPER FISICO DA VALVULA Nº19 COM Nº23;NAO FUNCIONANDO NOTA (30008716805),jamper fisico da valvula no19 com no23 nao funcionando nota 30008716805,FALHA DE VÁLVULA DE ENCHIMENTO,FALHA DE VALVULA DE ENCHIMENTO
3128,VALVULA Nº19 COM FALHA DE ENCHIMENTO ORDEM: 30008716731 (TROCA DE BLOCO DA VALVULA Nº19 ),valvula no19 com falha de enchimento ordem 30008716731 troca de bloco da valvula no19,FALHA DE VÁLVULA DE ENCHIMENTO,FALHA DE VALVULA DE ENCHIMENTO
3129,FALHA NO MIXER ORDEM 30008716794,falha no mixer ordem 30008716794,FALHA DE MIXER,FALHA DE MIXER
3130,VARIAÇÃO NOS NIVEIS DE ENCHIMENTO DA VALVULA 19,variacao nos niveis de enchimento da valvula 19,FALHA DE VÁLVULA DE ENCHIMENTO,FALHA DE VALVULA DE ENCHIMENTO
3131,"CONTATOR QUE ACIONA O VIBRADOR DO JET FLOW ESTA ENROSCANDO,FALTANDO TAMPA PRA ENCHEDORA",contator que aciona o vibrador do jet flow esta enroscando faltando tampa pra enchedora,FALHA DE VIBRADOR,FALHA DE VIBRADOR
3132,"ESTEIRA DA CURVA DE ENTRADA DA PALETIZADORA,ESTA ESCAPANDO",esteira da curva de entrada da paletizadora esta escapando,ESCAPE DE ESTEIRA,ESCAPE DE ESTEIRA
3133,ESTEIRA DA CURVA DE ENTRADA DA PALETIZADORA ESTA ESCAPANDO,esteira da curva de entrada da paletizadora esta escapando,ESCAPE DE ESTEIRA,ESCAPE DE ESTEIRA
3134,DESARME DO ROBÔ,desarme do robo,FALHA DE ROBÔ,FALHA DE ROBO
3135,"PINÇA DA PRIMEIRA ESTRELA DE TRANSFERENCIA DA REFRIGERAÇÃO DE FUNDO DANIFICADO, OCASIONAND EXCESSO DE QUEDA DE GARRAFAS E FALHA DE MONITORAÇÃO",pinca da primeira estrela de transferencia da refrigeracao de fundo danificado ocasionand excesso de queda de garrafas e falha de monitoracao,FALHA DE PINÇA,FALHA DE PINCA
3136,TROCA DA VENTOSA DO PEGADOR DE CHAPATEX,troca da ventosa do pegador de chapatex,FALHA DE PEGADOR,FALHA DE PEGADOR
3137,"VENTOSA DO PEGADOR DE CHAPATEX CAIU, OCASIONANDO FALHA NO TRAJETO",ventosa do pegador de chapatex caiu ocasionando falha no trajeto,FALHA DE PEGADOR,FALHA DE PEGADOR
3138,ROBO TRAVOU NO TURNO 2 ( NECESSARIO FAZER RESET ),robo travou no turno 2 necessario fazer reset,TRAVAMENTO DE ROBÔ,TRAVAMENTO DE ROBO
3139,FALHA NA PEGA DOS CHAPATEX ( PROBLEMA NAS VENTOSAS ),falha na pega dos chapatex problema nas ventosas,FALHA DE PEGADOR,FALHA DE PEGADOR
3140,"FALHA DE ENCHIMENTO, LATAS SAINDO NIVEIS BAIXOS E VAZIAS",falha de enchimento latas saindo niveis baixos e vazias,FALHA DE ENCHIMENTO,FALHA DE ENCHIMENTO
3141,VARIAÇÃO NOS NIVEIS DE ENCHIMENTO DAS VALVULAS 15 E 19 NOTA -30008719,variacao nos niveis de enchimento das valvulas 15 e 19 nota 30008719,FALHA DE VÁLVULA DE ENCHIMENTO,FALHA DE VALVULA DE ENCHIMENTO
3142,TRAVAMENTO DE SEGMENTOS DE GARRAFAS NO REJEITOR EBS,travamento de segmentos de garrafas no rejeitor ebs,TRAVAMENTO DE SEGMENTOS,TRAVAMENTO DE SEGMENTOS
3143,FALTA DE AR NAS VALVULAS ELETRONICAS,falta de ar nas valvulas eletronicas,FALHA DE SUPRIMENTO DE AR COMPRIMIDO,FALHA DE SUPRIMENTO DE AR COMPRIMIDO
3144,IHM TRAVADO,ihm travado,FALHA DE IHM,FALHA DE IHM
3145,FALHA NO CORTE DO FILME ORDEM- 30008720794,falha no corte do filme ordem 30008720794,FALHA DE CORTE DE FILME,FALHA DE CORTE DE FILME
3146,JUMPEAMENTO DA VALVULA 20,jumpeamento da valvula 20,FALHA DE ENCHIMENTO,FALHA DE ENCHIMENTO
3147,BEBIDA ESPUMANDO. ORDEM- 30008720814,bebida espumando ordem 30008720814,ESPUMAMENTO DE BEBIDA,ESPUMAMENTO DE BEBIDA
3148,VELOCIDADE BAIXA BEBIDA ESPUMANDO,velocidade baixa bebida espumando,ESPUMAMENTO DE BEBIDA,ESPUMAMENTO DE BEBIDA
3149,VELOCIDADE REDUZIDA 21000 BEBIDA ESPUMANDO,velocidade reduzida 21000 bebida espumando,ESPUMAMENTO DE BEBIDA,ESPUMAMENTO DE BEBIDA
3150,VELOCIDADE BAIXA 21000 BEBIDA ESPUMANDO,velocidade baixa 21000 bebida espumando,ESPUMAMENTO DE BEBIDA,ESPUMAMENTO DE BEBIDA
3151,BEBIDA ESPUMANDO TECNICO DA SIDEL FAZENDO AJUSTE,bebida espumando tecnico da sidel fazendo ajuste,ESPUMAMENTO DE BEBIDA,ESPUMAMENTO DE BEBIDA
3152,RESISTENCIA DE CORTE DO FILME CAUSANDO FALHA - ORDEM: 30008722412,resistencia de corte do filme causando falha ordem 30008722412,FALHA DE CORTE DE FILME,FALHA DE CORTE DE FILME
3153,FALHA NO DATADOR,falha no datador,FALHA DE CODIFICAÇÃO,FALHA DE CODIFICACAO
3154,PINOS PEGANDO NAS GARRAFAS,pinos pegando nas garrafas,FALHA DE PINOS DE TRANSFERÊNCIA,FALHA DE PINOS DE TRANSFERENCIA
3155,TROCA DO REPARO DA AGULHA DA VALVULA N° 27 30008720789,troca do reparo da agulha da valvula n 27 30008720789,FALHA DE VEDAÇÃO DA VÁLVULA,FALHA DE VEDACAO DA VALVULA
3156,FALHA NO PCC CARREGAMENDO DA RECEITA,falha no pcc carregamendo da receita,FALHA DE CONTROLE DE PROCESSO,FALHA DE CONTROLE DE PROCESSO
3157,LONA DE TRANFERÊNCIA PATINANDO CAUSANDO PARADA,lona de tranferencia patinando causando parada,PATINAGEM DE ESTEIRA,PATINAGEM DE ESTEIRA
3158,FALHA NO SENSOR DA TAMPA,falha no sensor da tampa,FALHA DE SENSOR,FALHA DE SENSOR
3159,"ROLETE DA MESA DE ENVOLVIMENTO DANIFICADO, ORDEM : 30008720705",rolete da mesa de envolvimento danificado ordem 30008720705,FALHA DE ROLETES,FALHA DE ROLETES
3160,PERDA DE PRESSÃO DA CABEÇA DA ENCHEDORA,perda de pressao da cabeca da enchedora,FALHA DE PRESSURIZAÇÃO DA ENCHEDORA,FALHA DE PRESSURIZACAO DA ENCHEDORA
3161,"ROLETES TORTO,CAUSANDO FALHA NA FORMAÇÃO DA CAMADA",roletes torto causando falha na formacao da camada,FALHA DE ROLETES,FALHA DE ROLETES
3162,"FALHA DE PINÇAS DO ROBO , NÃO PEGANDO PALETE VAZIO PARA COMEÇO DE MONTAGEM DE PALETE CHEIO",falha de pincas do robo nao pegando palete vazio para comeco de montagem de palete cheio,FALHA DE ROBÔ,FALHA DE ROBO
3163,"FALHA NO COLOCADOR DE CARTÃO, ORDEM : 30008724728",falha no colocador de cartao ordem 30008724728,FALHA DO COLOCADOR DE CARTÃO,FALHA DO COLOCADOR DE CARTAO
3164,TROCA DO BORNE DA PINÇA N°29 DO RINSER,troca do borne da pinca n 29 do rinser,FALHA DE PINÇA,FALHA DE PINCA
3165,FALHA DE COLISAO DA GAIOLA,falha de colisao da gaiola,FALHA DE COLISÃO DA GAIOLA,FALHA DE COLISAO DA GAIOLA
3166,FALHA DE COLISÃO DA GAIOLA,falha de colisao da gaiola,FALHA DE COLISÃO DA GAIOLA,FALHA DE COLISAO DA GAIOLA
3167,CONV. DE FREQ. DO EMPURRADOR FALHA NO DRIVE,conv de freq do empurrador falha no drive,FALHA DE DRIVE,FALHA DE DRIVE
3168,"QUEDA DE GARRAFA NO TRANS, TAPETE DE SAIDA",queda de garrafa no trans tapete de saida,FALHA DE ESTEIRA,FALHA DE ESTEIRA
3169,TRANSPORTE DESARMOU NA SAIDA DA ENCAIXOTADORA,transporte desarmou na saida da encaixotadora,DESARME DE TRANSPORTE,DESARME DE TRANSPORTE
3170,BOMBA DE VACUO GERANDO FALHA,bomba de vacuo gerando falha,FALHA DE BOMBA,FALHA DE BOMBA
3171,"FALHA DE TEMPERATURA, ORDEM : 30008723488",falha de temperatura ordem 30008723488,FALHA DE CONTROLE DE TEMPERATURA,FALHA DE CONTROLE DE TEMPERATURA
3172,"FALHA DE ENCHIMENTO, VALVULAS Nº60 E 65, ORDEM : 30008723490",falha de enchimento valvulas no60 e 65 ordem 30008723490,FALHA DE VÁLVULA DE ENCHIMENTO,FALHA DE VALVULA DE ENCHIMENTO
3173,MANGUEIRA DE VACUO DO CABEÇOTE FURADA NOTA:30008724068,mangueira de vacuo do cabecote furada nota 30008724068,ROMPIMENTO DE MANGUEIRA,ROMPIMENTO DE MANGUEIRA
3174,FALHA DE RESFRIAMENTO NO PINO DE ENXAGUE ENCHEDORA,falha de resfriamento no pino de enxague enchedora,FALHA DE RESFRIAMENTO,FALHA DE RESFRIAMENTO
3175,PINCA DA ESTRELA DO SISTEMA DE RESFRIAMENTO DE FUNDO DANIFICADA,pinca da estrela do sistema de resfriamento de fundo danificada,FALHA DE PINÇA,FALHA DE PINCA
3176,ENROSCO DE GARRAFA NA ESTEIRA DE SAIDA DA ENCHEDORA PROXIMO AO( TAPTONE),enrosco de garrafa na esteira de saida da enchedora proximo ao taptone,FALHA DE ESTEIRA,FALHA DE ESTEIRA
3177,FALHA NA VALVULA 125,falha na valvula 125,FALHA DE VÁLVULA,FALHA DE VALVULA
3178,ESTEIRA DA CURVA DE ENTRADA DA PALETIZADORA ESTA ESCAPANDO,esteira da curva de entrada da paletizadora esta escapando,ESCAPE DE ESTEIRA,ESCAPE DE ESTEIRA
3180,"LACRADOR DE TAMPA,ENROSCO DE TAMPA NO CANAL DA CANALETA.NOTA 13172554",lacrador de tampa enrosco de tampa no canal da canaleta nota 13172554,ENROSCO DE TAMPAS,ENROSCO DE TAMPAS
3181,TROCA DO SUPORTE DE ROLHAS DO ARROLHADOR.OBS.2 UNIDADES.,troca do suporte de rolhas do arrolhador obs 2 unidades,FALHA DE SUPORTE DE TAMPAS,FALHA DE SUPORTE DE TAMPAS
3182,FALHA NO SERVO DA TRASLAÇÃO.NOTA 13288644,falha no servo da traslacao nota 13288644,FALHA DE SERVO MOTOR,FALHA DE SERVO MOTOR
3183,"FALHA NO MANIPULADOR,MASTERIZAÇÃO.",falha no manipulador masterizacao,PERDA DE REFERÊNCIA,PERDA DE REFERENCIA
3184,"QUEDA DE GARRAFAS SAIDA DA LAVADORA, GUIAS DE DESCARGA TORTA EM DESNIVEL COM TRANSPORTE. NOTA 13295726",queda de garrafas saida da lavadora guias de descarga torta em desnivel com transporte nota 13295726,DEFORMAÇÃO/DESALINHAMENTO DE GUIA,DEFORMACAO DESALINHAMENTO DE GUIA
3185,QUEBRA DA CORREIA DO CARACOL,quebra da correia do caracol,QUEBRA DE CORREIA,QUEBRA DE CORREIA
3186,QUEBRA DA COPRREIA DO CARACOL,quebra da coprreia do caracol,QUEBRA DE COMPONENTE,QUEBRA DE COMPONENTE
3187,"ROLETES TORTO,CAUSANDO ERRO NA FORMAÇÃO DA CAMADA",roletes torto causando erro na formacao da camada,FALHA DE ROLETES,FALHA DE ROLETES
3188,ESTRELA DE ENTRADA FORA DE SINCRONISMO,estrela de entrada fora de sincronismo,FALHA DE SINCRONISMO,FALHA DE SINCRONISMO
3189,TROCA DE MANGUEIRA DE AR,troca de mangueira de ar,FALHA DE MANGUEIRA PNEUMÁTICA,FALHA DE MANGUEIRA PNEUMATICA
3190,FALHA NO SISTEMA LINEAR DO REJEITOR,falha no sistema linear do rejeitor,FALHA DE REJEIÇÃO,FALHA DE REJEICAO
3191,FALHA PRESSÃO NOS JATOS FINAIS,falha pressao nos jatos finais,FALHA DE PRESSÃO DOS JATOS,FALHA DE PRESSAO DOS JATOS
3192,FALHA NO PEGADOR DE QUADRO SUPERIOR,falha no pegador de quadro superior,FALHA DE PEGADOR,FALHA DE PEGADOR
3193,FALHA DE BARREIRA NO TRANSPORTE DE SAIDA DE PALETES,falha de barreira no transporte de saida de paletes,FALHA DE BARREIRA,FALHA DE BARREIRA
3194,FALHA PRESSÃO NOS JATOS FINAIS ORDEM: 30008731468,falha pressao nos jatos finais ordem 30008731468,FALHA DE PRESSÃO DOS JATOS,FALHA DE PRESSAO DOS JATOS
3195,TRAVAMENTO DO SEGMENTOS DE GARRAFAS NO REJEITOR EBS,travamento do segmentos de garrafas no rejeitor ebs,TRAVAMENTO DE SEGMENTOS,TRAVAMENTO DE SEGMENTOS
3196,"FALHA TROCA DE BANDEJA, OCASIONANDO ENROSCO DE ROTULOS DO AGREGADO 2",falha troca de bandeja ocasionando enrosco de rotulos do agregado 2,FALHA NA TROCA DE BANDEJA,FALHA NA TROCA DE BANDEJA
3197,FALHA VÁLVULA DE ÁGUA TQ 230008731468,falha valvula de agua tq 230008731468,FALHA DE VÁLVULA,FALHA DE VALVULA
3198,ESTEIRA DO TRANSPORTE PATINANDO,esteira do transporte patinando,PATINAGEM DE ESTEIRA,PATINAGEM DE ESTEIRA
3199,ESTEIRA DO TRANSPORTE PATINANDO,esteira do transporte patinando,PATINAGEM DE ESTEIRA,PATINAGEM DE ESTEIRA
3200,FALHA DE BARREIRA NO TRANSPORTE DE SAIDA DE PALETES,falha de barreira no transporte de saida de paletes,FALHA DE BARREIRA,FALHA DE BARREIRA
3201,QUEDA DE LATAS NA SAIDA DO TWISTER APÓS CODIFICADORA,queda de latas na saida do twister apos codificadora,FALHA DE CODIFICAÇÃO,FALHA DE CODIFICACAO
3202,"VALVULA Nº25 COM FALHA DE ENCHIMENTO, FOI FEITO JUMPER FISICO COM A Nº23 ORDEM : 30008731475",valvula no25 com falha de enchimento foi feito jumper fisico com a no23 ordem 30008731475,FALHA DE VÁLVULA DE ENCHIMENTO,FALHA DE VALVULA DE ENCHIMENTO
3203,AJUSTE DO CILINDRO DE ABERTURA DA BORBOLETA.ORDEM.,ajuste do cilindro de abertura da borboleta ordem,FALHA DE ATUADOR DA VÁLVULA,FALHA DE ATUADOR DA VALVULA
3204,ESTEIRA NA CURVA DA PALETIZADORA ESCAPOU,esteira na curva da paletizadora escapou,ESCAPE DE ESTEIRA,ESCAPE DE ESTEIRA
3205,FALHA SENSOR DE ENTRADAS DE CAIXAS ENCAIXOTADORA,falha sensor de entradas de caixas encaixotadora,FALHA DE SENSOR,FALHA DE SENSOR
3206,"FALHA BATEDOR DE CAIXAS, OCASIONANDO A FALHA PASSAGEM DE CAIXAS NA ENTRADA DA PALETIZADORA",falha batedor de caixas ocasionando a falha passagem de caixas na entrada da paletizadora,FALHA DE BATEDOR DE CAIXAS,FALHA DE BATEDOR DE CAIXAS
3207,TRAVAMENTO DO SEGMENTO,travamento do segmento,TRAVAMENTO DE SEGMENTOS,TRAVAMENTO DE SEGMENTOS
3208,FALHA NA FORMAÇÃO DE CAMADA MANIPULADOR ROBO 01,falha na formacao de camada manipulador robo 01,FALHA DE FORMAÇÃO DE CAMADA,FALHA DE FORMACAO DE CAMADA
3209,FALHA NA FORMAÇÃO DE CAMADA MANIPULADOR ROBO 01,falha na formacao de camada manipulador robo 01,FALHA DE FORMAÇÃO DE CAMADA,FALHA DE FORMACAO DE CAMADA
3210,"SUPORTE COM ROLETE NAS GUIAS DOS CANAIS DE ENTRADA DA PALETIZADORA ,FURANDO LATA - NOTA - 13296626",suporte com rolete nas guias dos canais de entrada da paletizadora furando lata nota 13296626,FALHA DE ROLETES,FALHA DE ROLETES
3211,"PACOTES COM FUNDO ABERTO, INDO PARA PALETIZADORA E ESTOURANDO LATAS NOS ROLETES",pacotes com fundo aberto indo para paletizadora e estourando latas nos roletes,FALHA DE ROLETES,FALHA DE ROLETES
3212,FALHA NA BOMBA DE VÀCUO DA RAMPA DE SUBIDA DO FILME ORDEM 30008733922,falha na bomba de vacuo da rampa de subida do filme ordem 30008733922,FALHA DE BOMBA,FALHA DE BOMBA
3213,FALHA NO INVERSOR DO TRANSPORTE DE PACOTES,falha no inversor do transporte de pacotes,FALHA DE INVERSOR,FALHA DE INVERSOR
3214,FALHA DE ENCHIMENTO DA VALVULA N°65 ( FEITO TROCA DA VALVULA ),falha de enchimento da valvula n 65 feito troca da valvula,FALHA DE VÁLVULA DE ENCHIMENTO,FALHA DE VALVULA DE ENCHIMENTO
3215,TRAVA NA CHAVE SECCIONADORA,trava na chave seccionadora,TRAVAMENTO DE CHAVE SECCIONADORA,TRAVAMENTO DE CHAVE SECCIONADORA
3216,"VELOCIDADE REDUZIDA,DEVIDO A VARIAÇÃO NOS NIVEIS DE ENCHIMENTO",velocidade reduzida devido a variacao nos niveis de enchimento,FALHA DE ENCHIMENTO,FALHA DE ENCHIMENTO
3217,FILME ARREBENTANDO,filme arrebentando,ROMPIMENTO DE FILME,ROMPIMENTO DE FILME
3218,FILME ARREBENTANDO,filme arrebentando,ROMPIMENTO DE FILME,ROMPIMENTO DE FILME
3219,FILME ROMPENDO,filme rompendo,ROMPIMENTO DE FILME,ROMPIMENTO DE FILME
3220,PALETE PAROU FORA DE POSIÇÃO,palete parou fora de posicao,TRAVAMENTO DE PALETE,TRAVAMENTO DE PALETE
3221,QUEDA DA REGUA DE ARRASTE,queda da regua de arraste,FALHA DE RÉGUA DE ARRASTE,FALHA DE REGUA DE ARRASTE
3222,"PARAFUSO SOLTO NA MESA DE FORMAÇÃO DE CAMADAS, FURANDO PACOTES - ORDEM: 30008738237",parafuso solto na mesa de formacao de camadas furando pacotes ordem 30008738237,FALHA DE FIXAÇÃO,FALHA DE FIXACAO
3223,"FILME SOLTANDO DA PINÇA NO COMEÇO DO ENVOLVIMENTO, FEITO A TROCA DA RECEITA - ORDEM: 30008738225",filme soltando da pinca no comeco do envolvimento feito a troca da receita ordem 30008738225,FALHA DE PINÇA,FALHA DE PINCA
3224,FALHA NO CORTE DO FILME DEPOIS DO PALLET SER ENVOLVIDO - ORDEM: 30008738227,falha no corte do filme depois do pallet ser envolvido ordem 30008738227,FALHA DE CORTE DE FILME,FALHA DE CORTE DE FILME
3225,SENSOR DE RECONHECIMENTO DO PALLET PARA ENVOLVIMENTO FORA DE POSIÇÃO - ORDEM: 30008738232,sensor de reconhecimento do pallet para envolvimento fora de posicao ordem 30008738232,FALHA DE SENSOR,FALHA DE SENSOR
3226,"GUIA DA ESTEIRA DE GARRAFAS DA EMPACOTADORA APERTADO, PRENDENDO GARRAFA E CAINDO NA BARRA DE ARRASTE - ORDEM: 30008738239",guia da esteira de garrafas da empacotadora apertado prendendo garrafa e caindo na barra de arraste ordem 30008738239,DESAJUSTE DE GUIA,DESAJUSTE DE GUIA
3227,ENROSCO DE TAMPAS NA CANALETA DE SAIDA DA TOLVA 30008738258,enrosco de tampas na canaleta de saida da tolva 30008738258,ENROSCO DE TAMPAS,ENROSCO DE TAMPAS
3228,ENROSCO DE TAMPAS NA CANALETA DE SAIDA DA TOLVA,enrosco de tampas na canaleta de saida da tolva,ENROSCO DE TAMPAS,ENROSCO DE TAMPAS
3229,FALHA MOTOR 325 DESARMADO,falha motor 325 desarmado,DESARME DE MOTOR,DESARME DE MOTOR
3230,FALHA SENSOR DE SEGURANÇA DA PORTA,falha sensor de seguranca da porta,FALHA DE SENSOR,FALHA DE SENSOR
3231,FALHA NA APLICAÇÃO DE RÓTULO AGREGADO 2 BAIXA VELOCIDADE - COMPENSAÇÃO AUMENTO COLA,falha na aplicacao de rotulo agregado 2 baixa velocidade compensacao aumento cola,FALHA DE ROTULAGEM,FALHA DE ROTULAGEM
3232,TRP CX ENTRADA ESCAPANDO,trp cx entrada escapando,FALHA DE TRANSPORTE DE CAIXAS,FALHA DE TRANSPORTE DE CAIXAS
3233,ENROSCO DE CAIXA VIRADOR DE CAIXA ENTREGANDO CAIXA VIRADA,enrosco de caixa virador de caixa entregando caixa virada,ENROSCO DE CAIXAS,ENROSCO DE CAIXAS
3234,FALHA APLICAÇÃO COLA AGREGADO 2 - ENROSCO,falha aplicacao cola agregado 2 enrosco,FALHA DE APLICAÇÃO DE COLA,FALHA DE APLICACAO DE COLA
3235,VIRADOR DE CAIXAS COM ENROSCO,virador de caixas com enrosco,ENROSCO DE CAIXAS,ENROSCO DE CAIXAS
3236,INVERSOR PALETIZADORA QUEIMADO,inversor paletizadora queimado,FALHA DE INVERSOR,FALHA DE INVERSOR
3237,ESTOURO DE FILME ENVOLVEDORA,estouro de filme envolvedora,ROMPIMENTO DE FILME,ROMPIMENTO DE FILME
3238,FALHA NO INVERSOR DO MOTOR 232 ORDEM 30008740557,falha no inversor do motor 232 ordem 30008740557,FALHA DE INVERSOR,FALHA DE INVERSOR
3239,FALHA NA RETIRADA DE TAMPAS PELA PINÇA,falha na retirada de tampas pela pinca,FALHA DE PINÇA,FALHA DE PINCA
3240,PINÇA DE TRANSFERENCIA DANIFICADA OCASIONANDO FALHA DE MONITORAMENTO,pinca de transferencia danificada ocasionando falha de monitoramento,FALHA DE PINÇA,FALHA DE PINCA
3241,TROCA DE PINÇAS DE TRANSFERENCIA 30008739528,troca de pincas de transferencia 30008739528,FALHA DE PINÇA,FALHA DE PINCA
3242,FALHA NO CICLO DO DEPOSITO DE CAMADAS - ORDEM: 30008740556,falha no ciclo do deposito de camadas ordem 30008740556,FALHA DE AUTOMAÇÃO,FALHA DE AUTOMACAO
3243,"FALHA NA REDE DE COMUNICAÇÃO, FEITO RESET DO PLC - NOTA - 30008740591",falha na rede de comunicacao feito reset do plc nota 30008740591,FALHA DE COMUNICAÇÃO,FALHA DE COMUNICACAO
3244,"FALHA NA REDE DE COMUNICAÇÃO, FEITO RESET DO PLC",falha na rede de comunicacao feito reset do plc,FALHA DE COMUNICAÇÃO,FALHA DE COMUNICACAO
3245,"VALVULA Nº 41 ESPUMANDO, GERANDO NIVEL BAIXO",valvula no 41 espumando gerando nivel baixo,FALHA DE VÁLVULA DE ENCHIMENTO,FALHA DE VALVULA DE ENCHIMENTO
3246,FALHA NO SENSOR QUE IDENTIFICA LATA TOMBADA NO TRANSPORTE,falha no sensor que identifica lata tombada no transporte,FALHA DE SENSOR,FALHA DE SENSOR
3247,QUEBRA DA ESTEIRA NA SAÍDA DO TWISTER (ORDEM:30008740118),quebra da esteira na saida do twister ordem 30008740118,QUEBRA DE ESTEIRA,QUEBRA DE ESTEIRA
3248,FALHA DE BARREIRA NO TRANSPORTE DE SAIDA DE PALETES (30008740564),falha de barreira no transporte de saida de paletes 30008740564,FALHA DE BARREIRA,FALHA DE BARREIRA
3249,QUEDA DE LATAS NA MESA DE ARRASTE (ORDEM - 30008740584 ),queda de latas na mesa de arraste ordem 30008740584,QUEDA DE LATAS,QUEDA DE LATAS
3250,FALHA NO SENSOR DE LEITURA DE LATAS CAIDAS OCASIONANDO ENROSCO NO ALINHADOR,falha no sensor de leitura de latas caidas ocasionando enrosco no alinhador,FALHA DE SENSOR,FALHA DE SENSOR
3251,QUEDA DE LATA NA MESA DE ARRASTE,queda de lata na mesa de arraste,QUEDA DE LATAS,QUEDA DE LATAS
3252,QUEDA DA REGUA DE ENVOLVIMENTO,queda da regua de envolvimento,FALHA DE RÉGUA DE ENVOLVIMENTO,FALHA DE REGUA DE ENVOLVIMENTO
3253,QUEBROU O PARAFUSO DA CHAPA QUE ACIONA O SENSOR DA CENTRAGEM ESQUERDA,quebrou o parafuso da chapa que aciona o sensor da centragem esquerda,FALHA DE SENSOR,FALHA DE SENSOR
3254,FALHA NO TRANSDUTOR DIFERENCIAL DE PRESSÃO ORDEM 30008740141,falha no transdutor diferencial de pressao ordem 30008740141,FALHA DE TRANSDUTOR,FALHA DE TRANSDUTOR
3255,PARADA PARA MEDIR O TAMANHO DA ESTEIRA DE SAIDA DO FORNO,parada para medir o tamanho da esteira de saida do forno,FALHA DE ESTEIRA,FALHA DE ESTEIRA
3256,"MAGAZINE DE CHAPATEX E ESTRUTURA TORTA, IMPACTANDO NO ALINHAMENTO DO CHAPATEX",magazine de chapatex e estrutura torta impactando no alinhamento do chapatex,FALHA DE MAGAZINE,FALHA DE MAGAZINE
3257,"QUEDA DE GARRAFAS NA PINÇA NUMERO 13,TROCA DAS BORRACHAS PINÇAS 30008739522",queda de garrafas na pinca numero 13 troca das borrachas pincas 30008739522,FALHA DE PINÇA,FALHA DE PINCA
3258,"DEGRAU NA MESA DO SISTEMA ENVOLVEDOR,GERANDO MÁ FORMAÇÃO DOS PACOTES E QUEDA DE LATA",degrau na mesa do sistema envolvedor gerando ma formacao dos pacotes e queda de lata,QUEDA DE LATAS,QUEDA DE LATAS
3259,"FALHA NA INSERÇÃO DE LATA FALSA, ATRASO NO INICIO E FINAL DE CIP - 30008743679",falha na insercao de lata falsa atraso no inicio e final de cip 30008743679,FALHA DE PINÇA,FALHA DE PINCA
3260,OFF ZERADO,off zerado,FALHA DE PARAMETRIZAÇÃO,FALHA DE PARAMETRIZACAO
3261,FALHA NA VALVULA MODULADORA DE CO2,falha na valvula moduladora de co2,FALHA DE VÁLVULA MODULADORA,FALHA DE VALVULA MODULADORA
3262,PARAMETRO DA VALVULA MODULADORA DE CO2 DE PRIMEIRA PRODUÇÃO ZERADA,parametro da valvula moduladora de co2 de primeira producao zerada,FALHA DE VÁLVULA MODULADORA,FALHA DE VALVULA MODULADORA
3263,"MANTA DANIFICADO, ROMPENDO O LACRE DA TAMPA, FOI REALIZADO A TROCA DE MANTA",manta danificado rompendo o lacre da tampa foi realizado a troca de manta,QUEBRA DE COMPONENTE,QUEBRA DE COMPONENTE
3264,REGULADO O EIXO DA CENTRAGEM QUE SEGURA A CAMADA NA GAIOLA - ORDEM: 30008742088,regulado o eixo da centragem que segura a camada na gaiola ordem 30008742088,DESALINHAMENTO MECÂNICO,DESALINHAMENTO MECANICO
3265,"LONA DE SAIDA DO FORNO RASGANDO, FEITO AJUSTE",lona de saida do forno rasgando feito ajuste,ROMPIMENTO DE ESTEIRA/LONA,ROMPIMENTO DE ESTEIRA LONA
3266,VALVULAS ESPUMANDO ALEATORIAMENTE,valvulas espumando aleatoriamente,FALHA DE VÁLVULA DE ENCHIMENTO,FALHA DE VALVULA DE ENCHIMENTO
3267,"MOTOR DE PASSO DA VALVULA MODULADORA DE AGUA COM FOLGA NA ENGRENAGEM, GERANDO FALHA E IMPACTANDO NA ACIDEZ DA BEBIDA",motor de passo da valvula moduladora de agua com folga na engrenagem gerando falha e impactando na acidez da bebida,FALHA DE ENGRENAGEM,FALHA DE ENGRENAGEM
3268,FALHA NA VALVULA MODULADORA DE AGUA (30008742065),falha na valvula moduladora de agua 30008742065,FALHA DE VÁLVULA MODULADORA,FALHA DE VALVULA MODULADORA
3269,",EXCESSO DE FALÇO REJEITO,EXPULSANDO GARRAFAS BOAS",excesso de falco rejeito expulsando garrafas boas,FALHA DE REJEIÇÃO,FALHA DE REJEICAO
3270,CRASH NO REJEITO DO INSPETOR,crash no rejeito do inspetor,FALHA DE INSPEÇÃO,FALHA DE INSPECAO
3271,ENXAGUE ADD,enxague add,SEM MODO DE FALHA IDENTIFICADO,SEM MODO DE FALHA IDENTIFICADO
3272,REPARO VALVULA 36,reparo valvula 36,FALHA DE VEDAÇÃO DA VÁLVULA,FALHA DE VEDACAO DA VALVULA
3273,FALHA NA CODIFICADORA - ORDEM: 30008745553,falha na codificadora ordem 30008745553,FALHA DE CODIFICAÇÃO,FALHA DE CODIFICACAO
3274,MOTOR 201 E 202 DESARMOU - 30008745270,motor 201 e 202 desarmou 30008745270,DESARME DE MOTOR,DESARME DE MOTOR
3275,FALHA NO INVERSOR DE ROTACAO,falha no inversor de rotacao,FALHA DE INVERSOR,FALHA DE INVERSOR
3276,CAPSULADOR NUMERO 5 TRAVO,capsulador numero 5 travo,TRAVAMENTO DO CAPSULADOR,TRAVAMENTO DO CAPSULADOR
3277,GARRAFAS SAINDO SEM TAMPAS ENROSCO NO EXPUSADOR,garrafas saindo sem tampas enrosco no expusador,ENROSCO DE TAMPAS,ENROSCO DE TAMPAS
3278,FALHA NO PEGADOR DE CHAPATEX,falha no pegador de chapatex,FALHA DE PEGADOR,FALHA DE PEGADOR
3279,FALHA NA BARREIRA 30008743685,falha na barreira 30008743685,FALHA DE BARREIRA,FALHA DE BARREIRA
3280,SENSOR FORA DE FOCO30008743684,sensor fora de foco30008743684,FALHA DE SENSOR,FALHA DE SENSOR
3281,QUEDA DE GARRAFAS NA MESA DE ENVOLVIMENTO : NOTA : 30008747256,queda de garrafas na mesa de envolvimento nota 30008747256,QUEDA DE GARRAFAS,QUEDA DE GARRAFAS
3282,FALHA NO SENSOR DE ACUMULO DE SAIDA DO FORNO,falha no sensor de acumulo de saida do forno,FALHA DE SENSOR,FALHA DE SENSOR
3283,"TEMPERATURA DO FORNO CAINDO, PACOTES SAINDO MOLES E PARANDO NA PALETIZADORA",temperatura do forno caindo pacotes saindo moles e parando na paletizadora,FALHA DE CONTROLE DE TEMPERATURA,FALHA DE CONTROLE DE TEMPERATURA
3284,AJUSTE DE CODIFICAÇAO,ajuste de codificacao,FALHA DE CODIFICAÇÃO,FALHA DE CODIFICACAO
3285,TOMBADOR DE PACOTES NAO ATUANDO,tombador de pacotes nao atuando,FALHA NO VIRADOR DE PACOTES,FALHA NO VIRADOR DE PACOTES
3286,BARREIRA ACIONANDO O SENSOR,barreira acionando o sensor,FALHA DE SENSOR,FALHA DE SENSOR
3287,"GARAFAS SAINDO ALEATORIAMENTE VAZIAS, ENROSCANDO NA FILTEC AO REJEITAR PARANDO O TRANSPORTE",garafas saindo aleatoriamente vazias enroscando na filtec ao rejeitar parando o transporte,FALHA DE REJEIÇÃO,FALHA DE REJEICAO
3288,GARAAFAS SAINDO VAZIA ENROSCO NO EXPULSADOR,garaafas saindo vazia enrosco no expulsador,FALHA DE REJEIÇÃO,FALHA DE REJEICAO
3289,ENROSCO DE LACRE,enrosco de lacre,ENROSCO DE TAMPAS,ENROSCO DE TAMPAS
3290,FALHA NO INVERSOR,falha no inversor,FALHA DE INVERSOR,FALHA DE INVERSOR
3291,ATUAÇÃO NA VALVULA DE XAROPE,atuacao na valvula de xarope,FALHA DE VÁLVULA DE XAROPE,FALHA DE VALVULA DE XAROPE
3292,"FALHA NO INSERIMENTO DA LATA FALSA , FEITO PROCEDIMENTO MANULMENTE",falha no inserimento da lata falsa feito procedimento manulmente,FALHA NA INSERÇÃO DE LATAS FALSAS,FALHA NA INSERCAO DE LATAS FALSAS
3293,TRANSPORTE EM FALHA,transporte em falha,FALHA DE TRANSPORTE,FALHA DE TRANSPORTE
3294,ALARME DO ROBO,alarme do robo,FALHA DE ROBÔ,FALHA DE ROBO
3295,QUEBROU A CORREIA DO DESCAPSULADOR,quebrou a correia do descapsulador,QUEBRA DE CORREIA,QUEBRA DE CORREIA
3296,"FALHA NA VALVULA MODULADORA DE XAROPE, ORDEM : 30008743708",falha na valvula moduladora de xarope ordem 30008743708,FALHA DE VÁLVULA MODULADORA,FALHA DE VALVULA MODULADORA
3297,CARTÃO DE ALIMENTAÇÃO DO PLC QUEIMADO,cartao de alimentacao do plc queimado,FALHA DE PLC,FALHA DE PLC
3298,CARTÃO DE ALIMENTAÇÃO DO PLC QUEIMADO,cartao de alimentacao do plc queimado,FALHA DE PLC,FALHA DE PLC
3299,GUIA DO TRANSPORTE SOLTO GERANDO ENROSCO DA ESTEIRA,guia do transporte solto gerando enrosco da esteira,FALHA DE GUIA,FALHA DE GUIA
3300,TROCA DO CABO DE ENCHIMENTO E AJUSTE DE SINCRONISMO,troca do cabo de enchimento e ajuste de sincronismo,FALHA DE ENCHIMENTO,FALHA DE ENCHIMENTO
3301,AJUSTE NA POSIÇÃO DO CABO DE ENCHIMENTO,ajuste na posicao do cabo de enchimento,FALHA DE ENCHIMENTO,FALHA DE ENCHIMENTO
3302,"ENTUPIMENTO DA TUBULAÇÃO, DO JETFLOW, NAO ENVIANDO TAMPAS PARA TOLVA",entupimento da tubulacao do jetflow nao enviando tampas para tolva,ENTUPIMENTO DE TUBULAÇÃO,ENTUPIMENTO DE TUBULACAO
3303,CAPSULADOR COM PINO DA TRAVA SOLTO,capsulador com pino da trava solto,TRAVAMENTO DO CAPSULADOR,TRAVAMENTO DO CAPSULADOR
3304,PACOTES DE ABRINDO NA MESA DE ENVOLVIMENTO,pacotes de abrindo na mesa de envolvimento,FALHA DE ENVOLVIMENTO,FALHA DE ENVOLVIMENTO
3305,PACOTES ABRINDO NO ENVOLVIMENTO,pacotes abrindo no envolvimento,FALHA DE ENVOLVIMENTO,FALHA DE ENVOLVIMENTO
3306,ENROSCO DE TAMPA NA CANALETA,enrosco de tampa na canaleta,ENROSCO DE TAMPAS,ENROSCO DE TAMPAS
3307,FALHA NO SENSOR DE TAMPA,falha no sensor de tampa,FALHA DE SENSOR,FALHA DE SENSOR
3308,SENSOR DO CABEÇOTE DA ENCA EM FALHA. REALIZADO REAPERTO POIS ESTAVA SOLTO.,sensor do cabecote da enca em falha realizado reaperto pois estava solto,FALHA DE SENSOR,FALHA DE SENSOR
3309,REDIDUAL DE TXCL,redidual de txcl,SEM MODO DE FALHA IDENTIFICADO,SEM MODO DE FALHA IDENTIFICADO
3310,FALHA NO MIXER,falha no mixer,FALHA DE MISTURA,FALHA DE MISTURA
3311,CABO ROMPIDO OCASIONANDO FALHA DE COMUNICAÇÃO MIXER PARA ENCHEDORA NOTA (30008747044),cabo rompido ocasionando falha de comunicacao mixer para enchedora nota 30008747044,FALHA DE COMUNICAÇÃO,FALHA DE COMUNICACAO
3312,FALHA DE BARREIRA NO TRANSPORTE DE SAIDA DE PALETES VAZIOS,falha de barreira no transporte de saida de paletes vazios,FALHA DE BARREIRA,FALHA DE BARREIRA
3313,FALHA NO MOTOR DO TRANSPORTE ANTES DO ALINAHADOR DE LATAS,falha no motor do transporte antes do alinahador de latas,FALHA DE MOTOR,FALHA DE MOTOR
3314,FALHA DE ENCHIMENTO NA VALVULA Nº41,falha de enchimento na valvula no41,FALHA DE VÁLVULA DE ENCHIMENTO,FALHA DE VALVULA DE ENCHIMENTO
3315,"ESTOURO DA SOLDA NA TROCA DE BOBINA AUTOMATICA, ORDEM : 30008747302",estouro da solda na troca de bobina automatica ordem 30008747302,FALHA DE SOLDA DE FILME,FALHA DE SOLDA DE FILME
3316,"FALHA DE ENCHIMENTO NA VALVULA Nº41, ORDEM : 30008747295",falha de enchimento na valvula no41 ordem 30008747295,FALHA DE VÁLVULA DE ENCHIMENTO,FALHA DE VALVULA DE ENCHIMENTO
3317,"SISTEMA REJEITO FURANDO LATAS, MOLHANDO O SENSOR DE SEGURANÇA GERANDO FALHA NA ENCHEDORA",sistema rejeito furando latas molhando o sensor de seguranca gerando falha na enchedora,FALHA DE SENSOR,FALHA DE SENSOR
3318,TRANSPORTE DERRUBANDO LATAS EM EXCESSO PARA O ALINHADOR,transporte derrubando latas em excesso para o alinhador,QUEDA DE LATAS,QUEDA DE LATAS
3319,CABECOTE EMPENADO CAUSANDO FALHA NA PEGA DE GARRAFAS,cabecote empenado causando falha na pega de garrafas,DEFORMAÇÃO DE CABEÇOTE,DEFORMACAO DE CABECOTE
3320,"SUPORTE QUE POSICIONA O SENSOR DO TRANSPORTE DE GARRAFAS MESA PARA GRELHA ESTAVA DESFOCANDO, DESATIVANDO O TRANSPORTE",suporte que posiciona o sensor do transporte de garrafas mesa para grelha estava desfocando desativando o transporte,FALHA DE SENSOR,FALHA DE SENSOR
3321,PISTAO DE ELEVAÇÃO DE GARRAFAS ENROSCANDO OCASIONANDO TRAVAMENTO,pistao de elevacao de garrafas enroscando ocasionando travamento,TRAVAMENTO DE ATUADOR,TRAVAMENTO DE ATUADOR
3322,TROCA DE UM TUBO DE AR TORTO E DUAS ABAS CONICAS DE OUTROS DOIS,troca de um tubo de ar torto e duas abas conicas de outros dois,DESALINHAMENTO MECÂNICO,DESALINHAMENTO MECANICO
3323,"DISPAROU A TEMPERATURA DO FORNO ,NECESSARIO REINICIAR NO PAINEL",disparou a temperatura do forno necessario reiniciar no painel,FALHA DE CONTROLE DE TEMPERATURA,FALHA DE CONTROLE DE TEMPERATURA
3324,"LONA DESLOCADA, GERANDO PACOTES MAL FORMADOS",lona deslocada gerando pacotes mal formados,FALHA DE FORMAÇÃO DE PACOTE,FALHA DE FORMACAO DE PACOTE
3325,ESTOURO DE SOLDA DO MANDRIL 2 PARA 1,estouro de solda do mandril 2 para 1,FALHA DE MANDRIL,FALHA DE MANDRIL
3326,QUEBRA DA CORREIA,quebra da correia,QUEBRA DE CORREIA,QUEBRA DE CORREIA
3327,"PERDA DE REFERÊNCIA, FALHA FORMAÇÃO DE CAMADA",perda de referencia falha formacao de camada,FALHA DE FORMAÇÃO DE CAMADA,FALHA DE FORMACAO DE CAMADA
3328,"ESTEIRA DO TRANSPORTE DO TWISTER QUEBRADA , QUEDA DE LATA NO TWISTER",esteira do transporte do twister quebrada queda de lata no twister,QUEBRA DE ESTEIRA,QUEBRA DE ESTEIRA
3329,"QUEDA DE LATA NO TWISTER,PÓS FILTEC",queda de lata no twister pos filtec,FALHA DE INSPEÇÃO,FALHA DE INSPECAO
3330,"ESTEIRA DO TRANSPORTE DO TWISTER QUEBRADA , QUEDA DE LATA NO TWISTER",esteira do transporte do twister quebrada queda de lata no twister,QUEBRA DE ESTEIRA,QUEBRA DE ESTEIRA
3331,"QUEDA DE LATA NO TWISTER,PÓS FILTEC",queda de lata no twister pos filtec,FALHA DE INSPEÇÃO,FALHA DE INSPECAO
3332,MOTOR 326 DESARMOU,motor 326 desarmou,DESARME DE MOTOR,DESARME DE MOTOR
3333,FALHA NO SENSOR DA PORTA DIANTEIRA,falha no sensor da porta dianteira,FALHA DE SENSOR,FALHA DE SENSOR
3334,FALHA NO LINATRONIC REINICIANDO SOZINHO ORDEM 30008753823,falha no linatronic reiniciando sozinho ordem 30008753823,FALHA DE INSPEÇÃO,FALHA DE INSPECAO
3335,"FALHA DE ENCHIMENTO DA VALVULA Nº 41, MESMO DEPOIS DA TROCA DE VALVULA",falha de enchimento da valvula no 41 mesmo depois da troca de valvula,FALHA DE VÁLVULA DE ENCHIMENTO,FALHA DE VALVULA DE ENCHIMENTO
3336,"FALHA DE ENCHIMENTO DA VALVULA Nº 41, MESMO DEPOIS DA TROCA DE VALVULA, EXCESSO DE NIVEL BAIXO SAINDO EM VELOCIDADE NOMINAL",falha de enchimento da valvula no 41 mesmo depois da troca de valvula excesso de nivel baixo saindo em velocidade nominal,FALHA DE VÁLVULA DE ENCHIMENTO,FALHA DE VALVULA DE ENCHIMENTO
3337,FALHA NO SENSOR DE TAMPAS,falha no sensor de tampas,FALHA DE SENSOR,FALHA DE SENSOR
3338,FALTA DE SENSOR DA TAMPAS ( ORDEM 30008753816),falta de sensor da tampas ordem 30008753816,FALHA DE SENSOR,FALHA DE SENSOR
3339,FALHA NO PRESSÃO DO ROTULOS DO AGREGADO 1,falha no pressao do rotulos do agregado 1,FALHA DE ROTULAGEM,FALHA DE ROTULAGEM
3340,ALTO INDICE DE FALSO REJEIÇÃO NO ENOS EBS,alto indice de falso rejeicao no enos ebs,FALHA DE REJEIÇÃO,FALHA DE REJEICAO
3341,"PACOTES SAINDO DEFORMADO, TRAVANDO NO TRANSPORTE",pacotes saindo deformado travando no transporte,TRAVAMENTO DE TRANSPORTE,TRAVAMENTO DE TRANSPORTE
3342,TRAVAMENTO DE TRANSPORTE OCASIONANDO A QUEBRA / 30008752955,travamento de transporte ocasionando a quebra 30008752955,TRAVAMENTO DE TRANSPORTE,TRAVAMENTO DE TRANSPORTE
3343,FALHA NA PARADA DO PALETE PARA ENVOLVER,falha na parada do palete para envolver,TRAVAMENTO DE PALETE,TRAVAMENTO DE PALETE
3344,PALETE PASSANDO DIRETO CAUSANDO FALHA NO ENVOLVIMENTO DOS PALETES,palete passando direto causando falha no envolvimento dos paletes,FALHA DE ENVOLVIMENTO,FALHA DE ENVOLVIMENTO
3345,QUEDA DE TEMPERATURA,queda de temperatura,FALHA DE CONTROLE DE TEMPERATURA,FALHA DE CONTROLE DE TEMPERATURA
3346,QUEDA DA REGUA DE ENVOLVIMENTO ORDEM 3000873546,queda da regua de envolvimento ordem 3000873546,FALHA DE RÉGUA DE ENVOLVIMENTO,FALHA DE REGUA DE ENVOLVIMENTO
3347,QUEDA DA REGUA DE ARRASTE PRESA COM FITA,queda da regua de arraste presa com fita,FALHA DE RÉGUA DE ARRASTE,FALHA DE REGUA DE ARRASTE
3348,PACOTE SAINDO MAL FORMADO DO FORNO,pacote saindo mal formado do forno,FALHA DE FORMAÇÃO DE PACOTE,FALHA DE FORMACAO DE PACOTE
3349,PALETIZADORA PAROU E PERDEU O CILCO DA MONTAGEM - ORDEM: 30008753815,paletizadora parou e perdeu o cilco da montagem ordem 30008753815,FALHA DE AUTOMAÇÃO,FALHA DE AUTOMACAO
3350,"MAGAZINE DE CHAPATEX TORTO, CHAPATEX FICANDO TORTO NAS CAMADAS, PACOTES CAINDO",magazine de chapatex torto chapatex ficando torto nas camadas pacotes caindo,FALHA DE MAGAZINE,FALHA DE MAGAZINE
3351,SOLDA DA TROCA DE FILME COM FIO SOLTE E NÃO FAZENDO A SOLDA PARA TROCA - ORDEM: 30008753819,solda da troca de filme com fio solte e nao fazendo a solda para troca ordem 30008753819,FALHA DE SOLDA DE FILME,FALHA DE SOLDA DE FILME
3352,"TANQUE DO CARBONATADOR ENTROU EM NIVEL MAXIMO, DESLIGANDO O MIXER E PARANDO O RETORNO DO CIP, NESCESSARIO AGUARDAR DESCER PARA NIVEL MINIMO",tanque do carbonatador entrou em nivel maximo desligando o mixer e parando o retorno do cip nescessario aguardar descer para nivel minimo,FALHA DE CARBONATAÇÃO,FALHA DE CARBONATACAO
3353,FALHA DE BARREIRA NO TRANSPORTE DE SAIDA DE PALETES VAZIOS,falha de barreira no transporte de saida de paletes vazios,FALHA DE BARREIRA,FALHA DE BARREIRA
3354,MANGUEIRA DE AR COMPRIMIDO DANIFICADA OCASIONANDO QUEDA DE CAMADA,mangueira de ar comprimido danificada ocasionando queda de camada,FALHA DE MANGUEIRA PNEUMÁTICA,FALHA DE MANGUEIRA PNEUMATICA
3355,FALHA SENSOR NA PORTA DIANTEIRA,falha sensor na porta dianteira,FALHA DE SENSOR,FALHA DE SENSOR
3356,ALTO INDICE FALSO REJEITO NO ENOS EBS,alto indice falso rejeito no enos ebs,FALHA DE REJEIÇÃO,FALHA DE REJEICAO
3357,"QUEDA DE GARRAFA NO RESFRIAMENTO DE FUNDO, TAMPANDO SENSOR DE NIVEL",queda de garrafa no resfriamento de fundo tampando sensor de nivel,FALHA DE SENSOR,FALHA DE SENSOR
3358,PINÇA DERRUBANDO GARRAFA (NO SISTEMA DE RESFRIAMENTO DE FUNDO DA GARRAFA),pinca derrubando garrafa no sistema de resfriamento de fundo da garrafa,QUEDA DE GARRAFAS,QUEDA DE GARRAFAS
3359,LATAS FALSAS DANDO FALHA NO INSERIMENTO E NO DESINSERIMENTO ANTES E POS CIP,latas falsas dando falha no inserimento e no desinserimento antes e pos cip,FALHA NA INSERÇÃO DE LATAS,FALHA NA INSERCAO DE LATAS
3360,"TROCA DO MEDIDOR DA VALVULA Nº41, COLOCOU A Nº05 E NA Nº41 FOI COLOCADO OUTRA",troca do medidor da valvula no41 colocou a no05 e na no41 foi colocado outra,FALHA DE VÁLVULA,FALHA DE VALVULA
3361,SENSOR DA CENTRAGEM DE CAMADAS FORA DE POSIÇÃO,sensor da centragem de camadas fora de posicao,FALHA DE SENSOR,FALHA DE SENSOR
3362,"QUEDA DAS REGUAS DE ARRASTE E ENVOLVIMENTO ,EMCAIXE DAS REGUAS COM FITA ISOLANTE ,FALTA DE EMCAIXE NA PEÇAS",queda das reguas de arraste e envolvimento emcaixe das reguas com fita isolante falta de emcaixe na pecas,FALHA DE RÉGUA DE ARRASTE,FALHA DE REGUA DE ARRASTE
3363,ESTEIRA SAIDA EMPACOTADORA ESTEIRA QUEBRADA,esteira saida empacotadora esteira quebrada,QUEBRA DE ESTEIRA,QUEBRA DE ESTEIRA
3364,TRANS. DE PACOTE DE SAIDA DO FORNO QUEBRA DA ESTEIRA,trans de pacote de saida do forno quebra da esteira,QUEBRA DE ESTEIRA,QUEBRA DE ESTEIRA
3365,QUEIMA DA BOMBA DA RÉGUA ULTRASSONICA ORDEM 30008755045,queima da bomba da regua ultrassonica ordem 30008755045,FALHA DE BOMBA,FALHA DE BOMBA
3366,PEGADOR DE CHAPATEX PEGANDO DOIS CHAPATEX E DERRUBANDO UM FORA DO MAGAZINE DE CHAPATEX,pegador de chapatex pegando dois chapatex e derrubando um fora do magazine de chapatex,FALHA DE PEGADOR,FALHA DE PEGADOR
3367,ENROSCO DE PACOTES NO APAUPADOR,enrosco de pacotes no apaupador,ENROSCO DE PACOTES,ENROSCO DE PACOTES
3368,FALHA NO TRANSPORTE DE SAIDA DE LATAS,falha no transporte de saida de latas,FALHA DE TRANSPORTE DE LATAS,FALHA DE TRANSPORTE DE LATAS
3369,REJEITO DE LATAS DEITADAS FALHANDO OCASIONANDO ENROSCO NO ALINHADOR (30008755447),rejeito de latas deitadas falhando ocasionando enrosco no alinhador 30008755447,ENROSCO DE LATAS,ENROSCO DE LATAS
3370,"O MOTOR 600 DE SAIDA DE PALETE MONTADO ANTES DA BARREIRA ESTAVA GERANDO FALHA DE ATERRAMENTO, ORDEM : 30008754665",o motor 600 de saida de palete montado antes da barreira estava gerando falha de aterramento ordem 30008754665,FALHA DE MOTOR,FALHA DE MOTOR
3371,"PARAFUSO DE FIXAÇÃO SOLTO, ORDEM : 30008754670",parafuso de fixacao solto ordem 30008754670,FALHA DE FIXAÇÃO,FALHA DE FIXACAO
3372,ESTRELA FORA SINCRONISMO - GARRAFA MAL CAPSULADA VAZAMENTO,estrela fora sincronismo garrafa mal capsulada vazamento,FALHA DE SINCRONISMO,FALHA DE SINCRONISMO
3373,EXCESSO FALSO REJEITO,excesso falso rejeito,FALHA DE REJEIÇÃO,FALHA DE REJEICAO
3374,TRAVAMENTO DO SEGMENTO DE GARRAFAS NO ENOS MASSPEC,travamento do segmento de garrafas no enos masspec,TRAVAMENTO DE SEGMENTOS,TRAVAMENTO DE SEGMENTOS
3375,TRAVAMENTO SEGMENTO RETIRADA DE GARRAFA ERRADO,travamento segmento retirada de garrafa errado,TRAVAMENTO DE SEGMENTOS,TRAVAMENTO DE SEGMENTOS
3376,"FILTRO DANIFICADO, REALIZADO A TROCA DO MESMO",filtro danificado realizado a troca do mesmo,FALHA DE FILTRO,FALHA DE FILTRO
3377,FALHA CHAPA DE PASSAGEM E ELEVAÇÃO DA ENGRENAGEM GERANDO QUEDA DE GARRAFAS,falha chapa de passagem e elevacao da engrenagem gerando queda de garrafas,FALHA DE ENGRENAGEM,FALHA DE ENGRENAGEM
3378,"FALHA TRANSFERENCIA DE ROTULO, DEVIDO A PINÇA DA ESTRELA DE SAIDA DANIFICADA",falha transferencia de rotulo devido a pinca da estrela de saida danificada,FALHA DE PINÇA,FALHA DE PINCA
3379,TROCA DO SENSOR DE NIVEL DO ANEL DA ENCHEDORA NOTA:30008756193,troca do sensor de nivel do anel da enchedora nota 30008756193,FALHA DE SENSOR,FALHA DE SENSOR
3380,ESTEIRA DA CURVA ESCAPOU,esteira da curva escapou,ESCAPE DE ESTEIRA,ESCAPE DE ESTEIRA
3381,NIVEL BAIXO NO PRE ESGUICHO,nivel baixo no pre esguicho,FALHA DE ENCHIMENTO,FALHA DE ENCHIMENTO
3382,FALHA DE SINCRONISMO DA ESTRELA DE TRANSFERENCIA DE TAMPA E GUIAS DESAJUSTADO ORDEM 30008756357,falha de sincronismo da estrela de transferencia de tampa e guias desajustado ordem 30008756357,FALHA DE SINCRONISMO,FALHA DE SINCRONISMO
3383,NIVEL BAIXO NOS PRÉ ESGUICHOS,nivel baixo nos pre esguichos,FALHA DE ENCHIMENTO,FALHA DE ENCHIMENTO
3384,ESTEIRA DO TRANSPORTE DA CURVA SAIU FORA DE POSIÇÃO,esteira do transporte da curva saiu fora de posicao,ESCAPE DE ESTEIRA,ESCAPE DE ESTEIRA
3385,FALHA NO PRE ESGUICHO,falha no pre esguicho,FALHA DE PRÉ-ENXÁGUE,FALHA DE PRE ENXAGUE
3386,FALHA DE PRESSÃO NOS JATOS FINAIS,falha de pressao nos jatos finais,FALHA DE PRESSÃO DOS JATOS,FALHA DE PRESSAO DOS JATOS
3387,ESTEIRA ESCAPOU,esteira escapou,ESCAPE DE ESTEIRA,ESCAPE DE ESTEIRA
3388,"FALHA NO ABASTECIMENTO, ORDEM : 30008755909",falha no abastecimento ordem 30008755909,FALHA DE ALIMENTAÇÃO,FALHA DE ALIMENTACAO
3389,QUEDA DE LATAS NA MESA DE ARRASTE,queda de latas na mesa de arraste,QUEDA DE LATAS,QUEDA DE LATAS
3390,QUEDA DO DISJUNTOR DO RINSER PARANDO TRANSPORTE DE LATAS,queda do disjuntor do rinser parando transporte de latas,DESARME DE TRANSPORTE,DESARME DE TRANSPORTE
3391,QUEBRA DA ENGRENAGEM DO TRANSPORTE DA HEUFT,quebra da engrenagem do transporte da heuft,QUEBRA DE ENGRENAGEM,QUEBRA DE ENGRENAGEM
3392,"FALHA NA CHAPA DE PASSAGEM, OCASIOMNANDO QUEDA DE GARRAFAS",falha na chapa de passagem ocasiomnando queda de garrafas,QUEDA DE GARRAFAS,QUEDA DE GARRAFAS
3393,ESCAPOU ESTEIRA NA CURVA DA PALETIZADORA,escapou esteira na curva da paletizadora,ESCAPE DE ESTEIRA,ESCAPE DE ESTEIRA
3394,ESTEIRA NA CURVA DA PALETIZADORA ESCAPOU,esteira na curva da paletizadora escapou,ESCAPE DE ESTEIRA,ESCAPE DE ESTEIRA
3395,ESTEIRA NA CURVA DA PALETIZADORA 2X,esteira na curva da paletizadora 2x,FALHA DE ESTEIRA,FALHA DE ESTEIRA
3396,FALHA NA COMUNICAÇÃO BANDEIROLA,falha na comunicacao bandeirola,FALHA DE COMUNICAÇÃO,FALHA DE COMUNICACAO
3397,ESTEIRA DA CURVA DA PALETIZADORA ESCAPANDO E IMPACTANDO A PRODUÇÃO,esteira da curva da paletizadora escapando e impactando a producao,ESCAPE DE ESTEIRA,ESCAPE DE ESTEIRA
3398,"ESTEIRA DA CURVA DA PALETIZADORA COM DESGASTE, ESCAPANDO E GERANDO IMPACTO NA PRODUÇÃO",esteira da curva da paletizadora com desgaste escapando e gerando impacto na producao,ESCAPE DE ESTEIRA,ESCAPE DE ESTEIRA
3399,"FALHA NA CODIFICAÇAO, REINICIAMENTO DA CODIFICADORA",falha na codificacao reiniciamento da codificadora,FALHA DE CODIFICAÇÃO,FALHA DE CODIFICACAO
3400,AJUSTE NO GUIA DO CORPO DA GARRAFA DA ESTRELA DE SAIDA ( GUIA DESALINHADO),ajuste no guia do corpo da garrafa da estrela de saida guia desalinhado,DESALINHAMENTO DE GUIA,DESALINHAMENTO DE GUIA
3401,AJUSTE DE PARAMETRO DA CENTRAGEM ESQUERDA FORA DE POSIÇÃO,ajuste de parametro da centragem esquerda fora de posicao,DESALINHAMENTO MECÂNICO,DESALINHAMENTO MECANICO
3402,FALHA DE BARREIRA NO TRANSPORTE DE SAIDA DE PALETES VAZIOS,falha de barreira no transporte de saida de paletes vazios,FALHA DE BARREIRA,FALHA DE BARREIRA
3403,ENCHEDORA SAINDO DO PASSO 10 DE PRODUÇAO E VOLTANDO PARA O PASSO 8 FAL MINIMA DE BEBIDA NA ENCHEDORA CAUSANDO FALHA,enchedora saindo do passo 10 de producao e voltando para o passo 8 fal minima de bebida na enchedora causando falha,FALHA NO ENVIO DE BEBIDA,FALHA NO ENVIO DE BEBIDA
3404,"SENSOR DE IDENTIFICÇÃO DE TAMPA VIRADA SOLTO, TRAVANDO TAMPA ÁPOS EXPULSAR A MESMA",sensor de identificcao de tampa virada solto travando tampa apos expulsar a mesma,FALHA DE SENSOR,FALHA DE SENSOR
3405,PISTÃO EMPURRADOR DE TAMPA QUEBRADO NA SOLDA NOTA:30008758623,pistao empurrador de tampa quebrado na solda nota 30008758623,QUEBRA DE ATUADOR,QUEBRA DE ATUADOR
3406,FALHA NO ACÚMULO DE TAMPAS DO BUFFER,falha no acumulo de tampas do buffer,ACÚMULO TAMPAS BUFFER FALHA,ACUMULO TAMPAS BUFFER FALHA
3407,"SISTEMA DE INSERÇÃO DE LATAS FALSAS NAO ESTÁ ATUANDO CORRETAMENTE, PRECISANDO INSERIR MANUALMENTE, NOTA : 13304467",sistema de insercao de latas falsas nao esta atuando corretamente precisando inserir manualmente nota 13304467,FALHA NA INSERÇÃO DE LATAS FALSAS,FALHA NA INSERCAO DE LATAS FALSAS
3408,GARRAFA ATRASANDO NA SAIDA DO PINO DE SEPRÇÃO CAUSANDO QUEDA,garrafa atrasando na saida do pino de seprcao causando queda,QUEDA DE GARRAFAS,QUEDA DE GARRAFAS
3409,ENVOLVEDORA PARANDO NO MEIO DO ENVOLVIMENTO E DANDO FALHA DE DADOS,envolvedora parando no meio do envolvimento e dando falha de dados,FALHA DE ENVOLVIMENTO,FALHA DE ENVOLVIMENTO
3410,FALHA NO PEGADOR DE CHAPATEX,falha no pegador de chapatex,FALHA DE PEGADOR,FALHA DE PEGADOR
3411,FALHA DE BARREIRA NO TRANSPORTE DE SAIDA DE PALETES,falha de barreira no transporte de saida de paletes,FALHA DE BARREIRA,FALHA DE BARREIRA
3412,LINCA DE TRANSFERENCIA DEIXANDO GARRAFAS CAINDO,linca de transferencia deixando garrafas caindo,QUEDA DE GARRAFAS,QUEDA DE GARRAFAS
3413,"QUEDA DE GARRAFAS NO RESFRIAMENTO DE FUNDO, OCASIONANDO FALHA DE MONITORAÇÃO",queda de garrafas no resfriamento de fundo ocasionando falha de monitoracao,QUEDA DE GARRAFAS,QUEDA DE GARRAFAS
3414,ESTEIRA QUEBRADA NOS CANAIS DE ENTRADA EMPACOTADORA (30008760952),esteira quebrada nos canais de entrada empacotadora 30008760952,QUEBRA DE ESTEIRA,QUEBRA DE ESTEIRA
3415,CHAPA DO CENTRADOR FORMAÇAO DE CAMADAS SOLTA,chapa do centrador formacao de camadas solta,FALHA DE FORMAÇÃO DE CAMADA,FALHA DE FORMACAO DE CAMADA
3416,DESLIGAMENTO DO CENTRADOR DE CAMADAS 30008760997,desligamento do centrador de camadas 30008760997,FALHA DE CENTRADOR,FALHA DE CENTRADOR
3417,"QUEDA DE GARRAFAS NO RESFRIAMENTO DE FUNDO, OCASIONANDO FALHA DE MONITORAÇÃO ( ORDEM 30008767469 )",queda de garrafas no resfriamento de fundo ocasionando falha de monitoracao ordem 30008767469,QUEDA DE GARRAFAS,QUEDA DE GARRAFAS
3418,FREIO DO REDUTOR DA ENTRADA DE PACOTES DA PALETIZADORA DANIFICADO 30008760990,freio do redutor da entrada de pacotes da paletizadora danificado 30008760990,FALHA DE REDUTOR,FALHA DE REDUTOR
3419,FREIO NÃO ACIONADO,freio nao acionado,FALHA DE FREIO,FALHA DE FREIO
3420,FALHA NA COLOCAÇÃO DO CHAPATEX,falha na colocacao do chapatex,FALHA DO COLOCADOR DE CHAPATEX,FALHA DO COLOCADOR DE CHAPATEX
3421,"PARAFUSOS DE FIXAÇÃO DO PISTÃO ESTÃO SE SOLTANDO, NOTA 13309611",parafusos de fixacao do pistao estao se soltando nota 13309611,FALHA DE FIXAÇÃO,FALHA DE FIXACAO
3422,"SISTEMA REJEITOR FURANDO LATAS, MOLHANDO SENSOR DE SEGURANÇA GERANDO FALHA NA ENCHEDORA,ORDEM : 30008761001",sistema rejeitor furando latas molhando sensor de seguranca gerando falha na enchedora ordem 30008761001,FALHA DE SENSOR,FALHA DE SENSOR
3423,FALHA NO DISJUNTOR TERMOMAGNÉTICO 30008767500,falha no disjuntor termomagnetico 30008767500,DESARME DE DISJUNTOR,DESARME DE DISJUNTOR
3424,EQUIPAMENTO COM ALTO NÚMERO DE FALSO REJEITO.,equipamento com alto numero de falso rejeito,FALHA DE REJEIÇÃO,FALHA DE REJEICAO
3425,FALHA ELEVAÇÃO DA ENGRENAGEM SOB A CHAPA DE PASSSAGEM GERANDO QUEDA DE GARRAFAS,falha elevacao da engrenagem sob a chapa de passsagem gerando queda de garrafas,FALHA DE ENGRENAGEM,FALHA DE ENGRENAGEM
3426,FALHA TROCA DE BANDEJA DO AGREGADO 1,falha troca de bandeja do agregado 1,FALHA NA TROCA DE BANDEJA,FALHA NA TROCA DE BANDEJA
3427,FALHA NA CODFICAÇÃO 30008761023,falha na codficacao 30008761023,FALHA DE CODIFICAÇÃO,FALHA DE CODIFICACAO
3428,ESTEIRA DA CURVA DE ENTRADA DA PALETIZADORA ESCAPOU,esteira da curva de entrada da paletizadora escapou,ESCAPE DE ESTEIRA,ESCAPE DE ESTEIRA
3429,EQUIPAMENTO COM ALTO NÚMERO DE FALSO REJEITO.,equipamento com alto numero de falso rejeito,FALHA DE REJEIÇÃO,FALHA DE REJEICAO
3430,"QUEDA DE GARRAFAS NO RESFRIAMENTO DE FUNDO, PINÇA 4 DANIFICADA (ORDEM 30008768507)",queda de garrafas no resfriamento de fundo pinca 4 danificada ordem 30008768507,FALHA DE PINÇA,FALHA DE PINCA
3431,DESARME DO MOTOR DA MESA GIRATÓRIA,desarme do motor da mesa giratoria,DESARME DE MOTOR,DESARME DE MOTOR
3432,DESARME DO MOTOR DA MESA GIRATÓRIA,desarme do motor da mesa giratoria,DESARME DE MOTOR,DESARME DE MOTOR
3433,"GUIA LATERAL DE SAÍDA DA ESTRELA DO CAPSULADOR TORTO, IMPOSSIBILITANDO AJUSTE PADRÃO (NOTA:13309707)",guia lateral de saida da estrela do capsulador torto impossibilitando ajuste padrao nota 13309707,DEFORMAÇÃO/DESALINHAMENTO DE GUIA,DEFORMACAO DESALINHAMENTO DE GUIA
3434,FALHA NO CENTRADOR DE CAMADAS E PEGADOR DE CHAPATEX,falha no centrador de camadas e pegador de chapatex,FALHA DE PEGADOR,FALHA DE PEGADOR
3435,FALHA NA ENTRADA DE PACOTE VIA 1,falha na entrada de pacote via 1,FALHA DE ALIMENTAÇÃO DE PACOTES,FALHA DE ALIMENTACAO DE PACOTES
3436,FALHA NA VIA 1 DE ENTRADA DE PACOTE,falha na via 1 de entrada de pacote,FALHA DE ALIMENTAÇÃO DE PACOTES,FALHA DE ALIMENTACAO DE PACOTES
3437,FALHA NA VIA 1 DE ENTRADA DE PACOTE,falha na via 1 de entrada de pacote,FALHA DE ALIMENTAÇÃO DE PACOTES,FALHA DE ALIMENTACAO DE PACOTES
3438,VALVULA 11 SAINDO NIVEL BAIXO ORDEM 30008768616,valvula 11 saindo nivel baixo ordem 30008768616,FALHA DE ENCHIMENTO,FALHA DE ENCHIMENTO
3439,TROCA DO CONECTOR DA MANGUEIRA DE AR COMPRIMIDO (30008768702),troca do conector da mangueira de ar comprimido 30008768702,FALHA DE CONEXÃO PNEUMÁTICA,FALHA DE CONEXAO PNEUMATICA
3440,FALTANDO VENTOSA E ESTRUTURA FORA DE ESQUADRO (NOTA SAP:13305620),faltando ventosa e estrutura fora de esquadro nota sap 13305620,FALHA DE VENTOSA,FALHA DE VENTOSA
3441,FALHA NO SISTEMA DA LONA DE PROLONGAMENTO DA ENTRADA DO FORNO (NOTA SAP :13243794 & 131332029),falha no sistema da lona de prolongamento da entrada do forno nota sap 13243794 131332029,FALHA DE ESTEIRA,FALHA DE ESTEIRA
3442,"FALHA NA ALIMENTAÇÃO DE TAMPAS, PERDENDO O CICLO AUTOMATICO, ABRINDO ESPAÇO NA CASCATA",falha na alimentacao de tampas perdendo o ciclo automatico abrindo espaco na cascata,ALIMENTAÇÃO TAMPAS FALHA,ALIMENTACAO TAMPAS FALHA
3443,FALHA NA BARREIRA DE SEGURANÇA DE SAIDA DE CARTÃO,falha na barreira de seguranca de saida de cartao,FALHA DE BARREIRA,FALHA DE BARREIRA
3444,"TRANSPORTE DA FILTEC QUEBROU, ORDEM :30008768532",transporte da filtec quebrou ordem 30008768532,QUEBRA DE TRANSPORTE,QUEBRA DE TRANSPORTE
3445,FALHA NA LINGUETA DA PORTA DE SEGURANÇA (30008767496),falha na lingueta da porta de seguranca 30008767496,FALHA DE PORTA DE SEGURANÇA,FALHA DE PORTA DE SEGURANCA
3446,FALHA NO REMOVEDOR DE CARTÃO (30008768684),falha no removedor de cartao 30008768684,FALHA NO MANUSEIO DE CARTÃO,FALHA NO MANUSEIO DE CARTAO
3447,FALHA NO TRANSPORTE DE SAIDA DE LATAS,falha no transporte de saida de latas,FALHA DE TRANSPORTE DE LATAS,FALHA DE TRANSPORTE DE LATAS
3448,TROCA DO CONECTOR DA MANGUEIRA DE AR COMPRIMIDO ( ORDEM - 30008770655 ),troca do conector da mangueira de ar comprimido ordem 30008770655,FALHA DE CONEXÃO PNEUMÁTICA,FALHA DE CONEXAO PNEUMATICA
3449,TROCA DO REPARO DO PISTÃO DE ACIONAMENTO DO GUIA DA MESA DE CARGA (30008770573),troca do reparo do pistao de acionamento do guia da mesa de carga 30008770573,FALHA NA MESA DE CARGA,FALHA NA MESA DE CARGA
3450,FALHA NO RELE DE SEGURANÇA,falha no rele de seguranca,FALHA DE RELÉ DE SEGURANÇA,FALHA DE RELE DE SEGURANCA
3451,FALHA NO SISTEMA DE INSERIMENTO DE FALSA GARRAFA,falha no sistema de inserimento de falsa garrafa,FALHA NO SISTEMA DE INSERÇÃO DE FALSA GARRAFA,FALHA NO SISTEMA DE INSERCAO DE FALSA GARRAFA
3452,"CORREIA SAINDO DO TRILHO, TRAVANDO AS TAMPAS, FALHA NO ABASTECIMENTO",correia saindo do trilho travando as tampas falha no abastecimento,FALHA DE CORREIA,FALHA DE CORREIA
3453,NAS RETOMADAS ENCHEDORA ESTÁ PERDENDO PRESSÃO E GERANDO FALHA DE (FMC),nas retomadas enchedora esta perdendo pressao e gerando falha de fmc,FALHA DE PRESSÃO,FALHA DE PRESSAO
3454,FALHA FMC NO EQUIPAMENTO,falha fmc no equipamento,FALHA DE ENCHIMENTO,FALHA DE ENCHIMENTO
3455,TROCA DE TULIPA RASGADA,troca de tulipa rasgada,FALHA DE TULIPA,FALHA DE TULIPA
3456,FALHA NO CORTE NO FILME (ORDEM: 30008771635),falha no corte no filme ordem 30008771635,FALHA DE CORTE DE FILME,FALHA DE CORTE DE FILME
3457,"FILME ESTOURANDO DURANTE O ENVOLVIMENTO, DEVIDO ATRITO ENTRE ROLOS POR FOLGA DO ROLAMENTO (NOTA: 13299493)",filme estourando durante o envolvimento devido atrito entre rolos por folga do rolamento nota 13299493,FALHA DE ROLAMENTO,FALHA DE ROLAMENTO
3458,FALHA NA SOLDA AUTOMATICA DO FILME LOGOMARCADO,falha na solda automatica do filme logomarcado,FALHA DE SOLDA DE FILME,FALHA DE SOLDA DE FILME
3459,INSERÇÃO DE LATAS FALSAS DE FORMA MANUAL,insercao de latas falsas de forma manual,FALHA NA INSERÇÃO DE LATAS FALSAS,FALHA NA INSERCAO DE LATAS FALSAS
3460,PERDA NA CONTAGEM DE CAMADAS,perda na contagem de camadas,FALHA DE CONTAGEM,FALHA DE CONTAGEM
3461,PERDA NA CONTAGEM DE PACOTES,perda na contagem de pacotes,FALHA DE CONTAGEM,FALHA DE CONTAGEM
3462,QUEBRA DA ESTEIRA,quebra da esteira,QUEBRA DE ESTEIRA,QUEBRA DE ESTEIRA
3463,QUEBROU A ESTEIRA DO TRANSPORTE DE PACOTES,quebrou a esteira do transporte de pacotes,QUEBRA DE ESTEIRA,QUEBRA DE ESTEIRA
3464,TROCA DA VENTOSA DANIFICADA,troca da ventosa danificada,FALHA DE VENTOSA,FALHA DE VENTOSA
3465,FALHA DE COMUNICAÇÃO NA PALETIZADORA 30008772409,falha de comunicacao na paletizadora 30008772409,FALHA DE COMUNICAÇÃO,FALHA DE COMUNICACAO
3466,FALHA NA VALVULA DE INSERIMENTO DE FALSA GARRAFA,falha na valvula de inserimento de falsa garrafa,FALHA DE VÁLVULA,FALHA DE VALVULA
3467,LONA DA MESA DE ENVOLVIMENTO PATINANDO,lona da mesa de envolvimento patinando,PATINAGEM DE ESTEIRA,PATINAGEM DE ESTEIRA
3468,LONA DA ENTRADA DA PALETIZADORA RASGADA,lona da entrada da paletizadora rasgada,ROMPIMENTO DE ESTEIRA/LONA,ROMPIMENTO DE ESTEIRA LONA
3469,LONA PATINANDO OCASIONADO QUEDA E ESTOURO DE GARRAFAS NA MESA DE ENVOLVIMENTO,lona patinando ocasionado queda e estouro de garrafas na mesa de envolvimento,PATINAGEM DE ESTEIRA,PATINAGEM DE ESTEIRA
3470,LONA PATINANDO OCASIONANDO QUEDA DE GARRAFAS NA MESA DE ENVOLVIMENTO,lona patinando ocasionando queda de garrafas na mesa de envolvimento,PATINAGEM DE ESTEIRA,PATINAGEM DE ESTEIRA
3471,FALHA DE BARREIRA DE SEGURANÇA,falha de barreira de seguranca,FALHA DE BARREIRA,FALHA DE BARREIRA
3472,LONA PATINANDO CAUSANDO QUEDA DE GARRAFAS NA MESA DE ENVOLVIMENTO,lona patinando causando queda de garrafas na mesa de envolvimento,PATINAGEM DE ESTEIRA,PATINAGEM DE ESTEIRA
3473,AJUSTE DE SET UP ELETRICO,ajuste de set up eletrico,SEM MODO DE FALHA IDENTIFICADO,SEM MODO DE FALHA IDENTIFICADO
3474,FALHA NO SISTEMA DE INSERIMENTO DE GARRAFAS FALSAS ANTES DO INICIO DO CIP,falha no sistema de inserimento de garrafas falsas antes do inicio do cip,FALHA NA INSERÇÃO DE GARRAFAS FALSAS,FALHA NA INSERCAO DE GARRAFAS FALSAS
3475,"FALHA DE ENCHIMENTO NAS VALVULAS Nº 15, 20, 25, 31, 51, 59, 65, E 77",falha de enchimento nas valvulas no 15 20 25 31 51 59 65 e 77,FALHA DE VÁLVULA DE ENCHIMENTO,FALHA DE VALVULA DE ENCHIMENTO
3476,FALHA DE INVERSOR Nº 253,falha de inversor no 253,FALHA DE INVERSOR,FALHA DE INVERSOR
3477,FALHA DE ENCHIMENTO NAS VALVULAS Nº 65,falha de enchimento nas valvulas no 65,FALHA DE VÁLVULA DE ENCHIMENTO,FALHA DE VALVULA DE ENCHIMENTO
3478,ENROSCO DE LATAS NO TRANSPORTE PERTO DO MOTOR Nº211,enrosco de latas no transporte perto do motor no211,FALHA DE MOTOR,FALHA DE MOTOR
3479,FALHA DE ENCHIMENTO NAS VALVULAS Nº 65 E TROCA DA VALVULA,falha de enchimento nas valvulas no 65 e troca da valvula,FALHA DE VÁLVULA DE ENCHIMENTO,FALHA DE VALVULA DE ENCHIMENTO
3480,ENROSCO DE LATAS NO TRANSPORTE PERTO DO MOTOR Nº211,enrosco de latas no transporte perto do motor no211,FALHA DE MOTOR,FALHA DE MOTOR
3481,"FALHA DE ENCHIMENTO VALVULAS ALEATORIAS, EM VELOCIDADE NOMINAL, EXCESSO DE NIVEL BAIXO/ALTO",falha de enchimento valvulas aleatorias em velocidade nominal excesso de nivel baixo alto,FALHA DE VÁLVULA DE ENCHIMENTO,FALHA DE VALVULA DE ENCHIMENTO
3482,"CENTRADOR DA MESA DE FORMAÇÃO DE CAMADAS DESABILITADO, GERANDO ENROSCO DE PACOTE NA ENTRADA DA GAIOLA.",centrador da mesa de formacao de camadas desabilitado gerando enrosco de pacote na entrada da gaiola,ENROSCO DE PACOTES,ENROSCO DE PACOTES
3483,QUEDA DE TEMPERATURA PACOTE SAINDO MOLE VIRANDO NA MESA DA PALETIZDORA,queda de temperatura pacote saindo mole virando na mesa da paletizdora,FALHA DE CONTROLE DE TEMPERATURA,FALHA DE CONTROLE DE TEMPERATURA
3484,FALHA NO ACIONAMENTO DO EMPURRADOR,falha no acionamento do empurrador,FALHA DE ACIONAMENTO DO EMPURRADOR,FALHA DE ACIONAMENTO DO EMPURRADOR
3485,CABO DE ALIMENTAÇÃO DO MOTOR DA GAIOLA EM CURTO,cabo de alimentacao do motor da gaiola em curto,CURTO-CIRCUITO,CURTO CIRCUITO
3486,LONA DESLIZANDO,lona deslizando,FALHA DE ESTEIRA,FALHA DE ESTEIRA
3487,LONA FORA SE MOVENDO ORDEM (30008773877),lona fora se movendo ordem 30008773877,ESCAPE DE ESTEIRA,ESCAPE DE ESTEIRA
3488,INVERSOR DESARMADO,inversor desarmado,FALHA DE INVERSOR,FALHA DE INVERSOR
3489,VIDRANDOR FORA DE POSICÃO,vidrandor fora de posicao,DESALINHAMENTO MECÂNICO,DESALINHAMENTO MECANICO
3490,"LONA DA MESA DE ENVOLVIMENTO PATINANDO,OCASIONANDO QUEDA DE GARRAFAS E ABERTURA DE PACOTES",lona da mesa de envolvimento patinando ocasionando queda de garrafas e abertura de pacotes,PATINAGEM DE ESTEIRA,PATINAGEM DE ESTEIRA
3491,FALHA NO SISTEMA DE INSERÇÃO DE FALSA GARRAFA,falha no sistema de insercao de falsa garrafa,FALHA NO SISTEMA DE INSERÇÃO DE FALSA GARRAFA,FALHA NO SISTEMA DE INSERCAO DE FALSA GARRAFA
3492,TRANSBORDO DO DESAERADOR,transbordo do desaerador,TRANSBORDAMENTO DE TANQUE,TRANSBORDAMENTO DE TANQUE
3493,"MANGUEIRA DOBRADA,OBSTRUINDO A PASSAGEM DE AR",mangueira dobrada obstruindo a passagem de ar,OBSTRUÇÃO DE MANGUEIRA DE AR,OBSTRUCAO DE MANGUEIRA DE AR
3494,QUEBRA EIXO DE RETORNO DE ESTEIRAS DA MESA DE CARGA,quebra eixo de retorno de esteiras da mesa de carga,QUEBRA DE EIXO,QUEBRA DE EIXO
3495,ALIMENTAÇÃO DO MOTOR DA GAIOLA EM CURTO,alimentacao do motor da gaiola em curto,CURTO-CIRCUITO,CURTO CIRCUITO
3496,QUEBRA DA ENGRENAGEM PLANETÁRIA ORDEM (30008775073),quebra da engrenagem planetaria ordem 30008775073,QUEBRA DE ENGRENAGEM,QUEBRA DE ENGRENAGEM
3497,TRANSPORTE GERANDO CRASH DE LATAS NA RETOMADAS,transporte gerando crash de latas na retomadas,CRASH DE LATAS,CRASH DE LATAS
3498,"FALHA DE ENCHIMENTO EM VELOCIDADE NOMINAL, EXCESSO NIVEL BAIXO/ALTO",falha de enchimento em velocidade nominal excesso nivel baixo alto,FALHA DE ENCHIMENTO,FALHA DE ENCHIMENTO
3499,"GARRAFAS ENTRADO TORTA , OCASIONANDO ENROSCO NA ESTRELA DE SAIDA",garrafas entrado torta ocasionando enrosco na estrela de saida,ENROSCO DE GARRAFAS,ENROSCO DE GARRAFAS
3500,"GARRAFAS ENTRANDO TORTA , OCASIONANDO ENROSCO NA ESTRELA DE SAIDA DA ENCHEDORA",garrafas entrando torta ocasionando enrosco na estrela de saida da enchedora,ENROSCO DE GARRAFAS,ENROSCO DE GARRAFAS
3501,QUEBRA DO GUIA DE ENTRADA DA MESA DA ENCA CAUSANDO QUEDA DE GARRAFAS,quebra do guia de entrada da mesa da enca causando queda de garrafas,QUEDA DE GARRAFAS,QUEDA DE GARRAFAS
3502,QUEBRA DA GUIA DE ENTRADA DA MESA DA ENCA CAUSANDO QUEDA DE GARRAFAS,quebra da guia de entrada da mesa da enca causando queda de garrafas,QUEDA DE GARRAFAS,QUEDA DE GARRAFAS
3503,LONA DE ENTRADA DO FORNO PATINANDO,lona de entrada do forno patinando,PATINAGEM DE ESTEIRA,PATINAGEM DE ESTEIRA
3504,QUEBRA DA ESTEIRA DA ENTRADA DA PALETIZADORA,quebra da esteira da entrada da paletizadora,QUEBRA DE ESTEIRA,QUEBRA DE ESTEIRA
3505,FALHA NO PEGADOR DE CHAPA NO DRIVE,falha no pegador de chapa no drive,FALHA DE PEGADOR,FALHA DE PEGADOR
3506,FALHA NA ENTRADA DE PACOTE NAS VIAS 1 E 2,falha na entrada de pacote nas vias 1 e 2,FALHA DE ALIMENTAÇÃO DE PACOTES,FALHA DE ALIMENTACAO DE PACOTES
3507,PERFIL DESLIZANTE SAIU DO LUGAR,perfil deslizante saiu do lugar,DESALINHAMENTO MECÂNICO,DESALINHAMENTO MECANICO
3508,FALHA DE SINCRONISMO DO FILME,falha de sincronismo do filme,FALHA DE SINCRONISMO,FALHA DE SINCRONISMO
3509,FALHA DE IMPRESSÃO DEVIDO GARRAFAS VAZIA,falha de impressao devido garrafas vazia,FALHA DE CODIFICAÇÃO,FALHA DE CODIFICACAO
3510,FALHA NO SENSOR DE PRESENÇA DE GARRAFAS,falha no sensor de presenca de garrafas,FALHA DE SENSOR,FALHA DE SENSOR
3511,TRAVAMENTO DO CAME,travamento do came,FALHA DE CAME,FALHA DE CAME
3512,FALHA NO CALCULO DE CURVA DA RECEITA DE 200ML (ORDEM: 30008776224),falha no calculo de curva da receita de 200ml ordem 30008776224,FALHA DE PARAMETRIZAÇÃO DE RECEITA,FALHA DE PARAMETRIZACAO DE RECEITA
3513,FALHAS NAS VIAS DE ENTRADA 01 E 02. ORDEM- 30008776244,falhas nas vias de entrada 01 e 02 ordem 30008776244,SEM MODO DE FALHA IDENTIFICADO,SEM MODO DE FALHA IDENTIFICADO
3514,AJUSTE NO TORQUE ESTATICO DO CAPSULADOR,ajuste no torque estatico do capsulador,FALHA DE TAMPAMENTO,FALHA DE TAMPAMENTO
3515,SENSOR SOLTO 30008779844,sensor solto 30008779844,FALHA DE SENSOR,FALHA DE SENSOR
3516,TAMPAS ENROSCANDO NA ENTREGA DA CANALETA PARA ARROLHADOR SENDO NECESSÁRIO FAZER O AJUSTE DA ALTURA,tampas enroscando na entrega da canaleta para arrolhador sendo necessario fazer o ajuste da altura,ENROSCO DE TAMPAS,ENROSCO DE TAMPAS
3517,"TAMPAS ENROSCANDO NA ENTREGA DA CANALETA PARA O ARROLHADOR, SENDO NECESSARIO FAZER O AJUSTE DE ALTURA",tampas enroscando na entrega da canaleta para o arrolhador sendo necessario fazer o ajuste de altura,ENROSCO DE TAMPAS,ENROSCO DE TAMPAS
3518,TROCA DA TULIPA E ABA CONICA DA VALVULA 59 E AJUSTE NA BORBOLETA,troca da tulipa e aba conica da valvula 59 e ajuste na borboleta,FALHA DE ABA CÔNICA,FALHA DE ABA CONICA
3519,TRAVANDO ESTEIRA DE RETORNO TENDO QUE EMPURRAR GARRAFAS MANUAL,travando esteira de retorno tendo que empurrar garrafas manual,TRAVAMENTO DE ESTEIRA,TRAVAMENTO DE ESTEIRA
3520,TRAVAMENTO DE ESTEIRA TENDO QUE EMPURRAR GARRAFAS MANUALMENTE,travamento de esteira tendo que empurrar garrafas manualmente,TRAVAMENTO DE ESTEIRA,TRAVAMENTO DE ESTEIRA
3521,FALHA NO SENSOR DE DETECTOR DE TAMPAS,falha no sensor de detector de tampas,FALHA DE SENSOR,FALHA DE SENSOR
3522,AJUSTE NA VELOCIDADE DA MESA DE ACUMULO DE CAIXAS,ajuste na velocidade da mesa de acumulo de caixas,SEM MODO DE FALHA IDENTIFICADO,SEM MODO DE FALHA IDENTIFICADO
3523,ESTEIRA DO VIRADOR DE CAIXAS ENCAVALADAS COM DEGRAL,esteira do virador de caixas encavaladas com degral,TRAVAMENTO DE ESTEIRA,TRAVAMENTO DE ESTEIRA
3524,"ROLETES TORTO,CAUSANDO ERO NA FORMAÇÃO DAS CAMADAS",roletes torto causando ero na formacao das camadas,FALHA DE ROLETES,FALHA DE ROLETES
3525,QUEBRA DA CONECÇÃO DO PISTÃO DE LIBERAÇÃO DE TAMPAS,quebra da coneccao do pistao de liberacao de tampas,QUEBRA DE ATUADOR,QUEBRA DE ATUADOR
3526,ESTEIRA DA CURVA DE ENTRADA DA PALETIZADORA ESCAPOU,esteira da curva de entrada da paletizadora escapou,ESCAPE DE ESTEIRA,ESCAPE DE ESTEIRA
3527,"ROLETE TORTO,CAUSANDO ERRO NA FORMAÇÃO DA CAMADA",rolete torto causando erro na formacao da camada,FALHA DE ROLETES,FALHA DE ROLETES
3528,"GARRAFA SEM TAMPA FALHA NA FILTEC, GARRAFA CAIU E MOLHOU O FILME",garrafa sem tampa falha na filtec garrafa caiu e molhou o filme,FALHA DE INSPEÇÃO,FALHA DE INSPECAO
3529,LONA PATINANDO OCASIONANDO QUEDA DE GARRAFAS E ABERTURA DE PACOTES,lona patinando ocasionando queda de garrafas e abertura de pacotes,PATINAGEM DE ESTEIRA,PATINAGEM DE ESTEIRA
3530,EIXO DO PLANETÁRIO QUEBROL SOLTADO A ENGENAGEM QUE A DO CAPSULADOR 12 E 13,eixo do planetario quebrol soltado a engenagem que a do capsulador 12 e 13,QUEBRA DE EIXO,QUEBRA DE EIXO
3531,EIXO DO PLANETÁRIO QUEBROU SOLTADO A ENGENAGEM DO CAPSULADOR 12 E 13,eixo do planetario quebrou soltado a engenagem do capsulador 12 e 13,QUEBRA DE EIXO,QUEBRA DE EIXO
3532,FALHA ENCHIMENTO VÁLVULA 75 NÍVEL BAIXO,falha enchimento valvula 75 nivel baixo,FALHA DE VÁLVULA DE ENCHIMENTO,FALHA DE VALVULA DE ENCHIMENTO
3533,ESTEIRA DA CURVA DE ENTRADA DA PALETIZADORA ESCAPOU,esteira da curva de entrada da paletizadora escapou,ESCAPE DE ESTEIRA,ESCAPE DE ESTEIRA
3534,MANGUEIRA DE ALIMENTAÇÃO DE AR COMPRIMIDO SOLTA (ORDEM: 30008783067),mangueira de alimentacao de ar comprimido solta ordem 30008783067,FALHA DE CONEXÃO DE MANGUEIRA,FALHA DE CONEXAO DE MANGUEIRA
3535,FALHA NO IHM RESET NO PAIEL.NOTA 30008783064,falha no ihm reset no paiel nota 30008783064,FALHA DE IHM,FALHA DE IHM
3536,SENSOR DO CENTRALIZADOR FORA DE POSIÇÃO,sensor do centralizador fora de posicao,FALHA DE SENSOR,FALHA DE SENSOR
3537,FALHA DE COMUNICAÇÃO 30008783120,falha de comunicacao 30008783120,FALHA DE COMUNICAÇÃO,FALHA DE COMUNICACAO
3538,FALHA DE PLC 30008783116,falha de plc 30008783116,FALHA DE PLC,FALHA DE PLC
3539,AJUSTE NO CAPSULADOR SAINDO TAMPA TORTA ORDEM 30008783122,ajuste no capsulador saindo tampa torta ordem 30008783122,FALHA DE TAMPAMENTO,FALHA DE TAMPAMENTO
3541,RÉGUA DE ENVOLVIMENTO SE PREDEU NO CICLO,regua de envolvimento se predeu no ciclo,FALHA DE ENVOLVIMENTO,FALHA DE ENVOLVIMENTO
3542,"CHECK MATE CARTÃO CORROMPIDO, PERDEU CONFIGURAÇÃO",check mate cartao corrompido perdeu configuracao,FALHA DE INSPEÇÃO,FALHA DE INSPECAO
3543,LONA CORRENDO,lona correndo,ESCAPE DE ESTEIRA,ESCAPE DE ESTEIRA
3544,"FALHA DE CODIFICAÇÃO, REALIZADO PROCESSO DE ESVAZIAMENTO DA LINHA",falha de codificacao realizado processo de esvaziamento da linha,FALHA DE CODIFICAÇÃO,FALHA DE CODIFICACAO
3545,ESTEIRA DA CURVA DA PALETIZADORA ESCAPANDO E GERANDO EMPACTO NA PRODUÇÃO,esteira da curva da paletizadora escapando e gerando empacto na producao,ESCAPE DE ESTEIRA,ESCAPE DE ESTEIRA
3546,FALHA NO MOMENTO DE PUXAR BEBIDA,falha no momento de puxar bebida,FALHA NO ENVIO DE BEBIDA,FALHA NO ENVIO DE BEBIDA
3547,AJUSTE NO TORQUE ESTATICO DO CAPSULADOR DE 11 FOI PARA 13 ORDEM 30008784877,ajuste no torque estatico do capsulador de 11 foi para 13 ordem 30008784877,FALHA DE TAMPAMENTO,FALHA DE TAMPAMENTO
3548,FIXAÇÃO DE SENSOR DA GRELHA / 13319949,fixacao de sensor da grelha 13319949,FALHA DE SENSOR,FALHA DE SENSOR
3549,TRANSPORTE TRECHO ENCA SAIU DO LUGAR E APÓS REARME DO MOTOR,transporte trecho enca saiu do lugar e apos rearme do motor,FALHA DE MOTOR,FALHA DE MOTOR
3550,"FALHANA PEGA DE GARRAFAS DEVIDO TULIPA FURADA, REALIZADA A TROCA",falhana pega de garrafas devido tulipa furada realizada a troca,FALHA DE TULIPA,FALHA DE TULIPA
3551,"QUEBRA DO BICO DO TUBO DE AR, TROCA DA PEÇA DE SUSTENTAÇÃO DO TUBO DE AR",quebra do bico do tubo de ar troca da peca de sustentacao do tubo de ar,QUEBRA DE COMPONENTE,QUEBRA DE COMPONENTE
3552,"ENCHEDORA COM VELOCIDADE ABAIXO DO NOMINAL,DEVIDO A CRASCH NA RECRAVADORA",enchedora com velocidade abaixo do nominal devido a crasch na recravadora,FALHA DE RECRAVAÇÃO,FALHA DE RECRAVACAO
3553,SENSOR FORA DE FOCO,sensor fora de foco,FALHA DE SENSOR,FALHA DE SENSOR
3554,VELOCIDADE ABAIXO DA NOMINAL DEVIDO COPALSO DAS LATAS,velocidade abaixo da nominal devido copalso das latas,COLAPSO DE LATAS,COLAPSO DE LATAS
3555,AJUSTE NA HEUFT,ajuste na heuft,FALHA DE INSPEÇÃO,FALHA DE INSPECAO
3556,LATAS COLAPSANDO DURANTE PARTIDA E PRODUÇÃO - ATUAÇÃO TIME FERRUM,latas colapsando durante partida e producao atuacao time ferrum,COLAPSO DE LATAS,COLAPSO DE LATAS
3557,"FALHA DE CORREIAS DO TRANSPORTE DE TAMPAS, FORA DE POSIÇÃO",falha de correias do transporte de tampas fora de posicao,FALHA DE CORREIA,FALHA DE CORREIA
3558,QUEDA DE GARRAFA INDO NO SENSOR DE NIVEL DO RESFRIAMENTO DE FUNDO DA GARRAFA,queda de garrafa indo no sensor de nivel do resfriamento de fundo da garrafa,FALHA DE SENSOR,FALHA DE SENSOR
3559,TROCA DA VÁLVULA 15 DEVIDO FALHA NO ENCHIMENTO,troca da valvula 15 devido falha no enchimento,FALHA DE VÁLVULA DE ENCHIMENTO,FALHA DE VALVULA DE ENCHIMENTO
3560,EXCESSO DE REJEITO POR TAMPA TORTA,excesso de rejeito por tampa torta,FALHA DE REJEIÇÃO,FALHA DE REJEICAO
3561,"FALHA NO NO BREAK, FALHA NO MOTOR PRINCIPAL",falha no no break falha no motor principal,FALHA DE NOBREAK,FALHA DE NOBREAK
3562,AJUSTE SETUP DO INSPETOR DE NIVEL,ajuste setup do inspetor de nivel,FALHA DE INSPEÇÃO,FALHA DE INSPECAO
3563,TAMPA METALICA AMASSANDO DENTRO DO ARROLHADOR E CAUSANDO PARADA,tampa metalica amassando dentro do arrolhador e causando parada,AMASSAMENTO DE LATAS,AMASSAMENTO DE LATAS
3564,QUEBRA DO PARAFUSO DE FIXAÇÃO DA MOLA DA RESISTÊNCIA DO CORTE DO FILME – ORDEM 30008787475,quebra do parafuso de fixacao da mola da resistencia do corte do filme ordem 30008787475,FALHA DE CORTE DE FILME,FALHA DE CORTE DE FILME
3565,CENTRADOR DIREITO COM A CHAPINHA DE ALCANCE DO SENSOR QUEBRADA (ORDEM 30008787752),centrador direito com a chapinha de alcance do sensor quebrada ordem 30008787752,FALHA DE SENSOR,FALHA DE SENSOR
3566,REJEITO EXCESSIVO DE GARRAFAS BOAS,rejeito excessivo de garrafas boas,FALHA DE REJEIÇÃO,FALHA DE REJEICAO
3567,"TROCA DA PINÇA NUME 11, ESTRELA DE TRANSFERENCIA DA REFRIGERAÇÃO DE FUNDO",troca da pinca nume 11 estrela de transferencia da refrigeracao de fundo,FALHA DE PINÇA,FALHA DE PINCA
3568,LATAS COLAPSANDO DURANTE PARTIDA E PRODUÇÃO EM VELOCIDADE NOMINAL - ATUAÇÃO TIME FERRUM,latas colapsando durante partida e producao em velocidade nominal atuacao time ferrum,COLAPSO DE LATAS,COLAPSO DE LATAS
3569,FALHA NO SENSOR DE RECONHECIMENTO DE PALETE,falha no sensor de reconhecimento de palete,FALHA DE SENSOR,FALHA DE SENSOR
3570,"SUPORTE DE FIXAÇÃO DO SENSOR DA BOBINA DE FILME,FORA DE POSIÇÃO E GERANDO FALHA NA SOLDA DO MESMO - ORDEM - 30008786921",suporte de fixacao do sensor da bobina de filme fora de posicao e gerando falha na solda do mesmo ordem 30008786921,FALHA DE SENSOR,FALHA DE SENSOR
3571,FALHA NO SENSOR DO PISTÃO DE ELEVAÇÃO DO PACOTE DE TAMPA - NOTA 30008786903,falha no sensor do pistao de elevacao do pacote de tampa nota 30008786903,FALHA DE SENSOR,FALHA DE SENSOR
3572,"ENCHEDORA COM VELOCIDADE ABAIXO DO NOMINAL,DEVIDO A CRASCH NA RECRAVADORA",enchedora com velocidade abaixo do nominal devido a crasch na recravadora,FALHA DE RECRAVAÇÃO,FALHA DE RECRAVACAO
3573,ENROSCO DE LATA NA GUIA DO TWISTER,enrosco de lata na guia do twister,ENROSCO DE LATAS,ENROSCO DE LATAS
3574,"PACOTES ABERTOS NAS PARTIDAS PÓS PARADA DO EQUIPAMENTO, LEVANDO O MESMO E ESTOURANDO LATAS NO DEVICER, AUMENTO DE PRESSÃO DA BAILARINA",pacotes abertos nas partidas pos parada do equipamento levando o mesmo e estourando latas no devicer aumento de pressao da bailarina,FALHA DE BAILARINA,FALHA DE BAILARINA
3575,"ENROSCO DO GUIA NA TRANSFERENCIA DE TAMPAS, AMARRADO COM FITA, SOLDA QUEBRADA",enrosco do guia na transferencia de tampas amarrado com fita solda quebrada,ENROSCO DE TAMPAS,ENROSCO DE TAMPAS
3576,ENROSCO DE LATA NA GUIA DO TWISTER,enrosco de lata na guia do twister,ENROSCO DE LATAS,ENROSCO DE LATAS
3577,FALHA NO INVERSOR Nº 231,falha no inversor no 231,FALHA DE INVERSOR,FALHA DE INVERSOR
3578,LATAS COLAPSANDO DURANTE PARTIDA E PRODUÇÃO - ATUAÇÃO TIME FERRUM,latas colapsando durante partida e producao atuacao time ferrum,COLAPSO DE LATAS,COLAPSO DE LATAS
3579,ENROSO DE TAMPAS,enroso de tampas,ENROSCO DE TAMPAS,ENROSCO DE TAMPAS
3580,ENROSCO DE TAMPA NA CANALETA,enrosco de tampa na canaleta,ENROSCO DE TAMPAS,ENROSCO DE TAMPAS
3581,CHAPA DO SUPORTE DO ENCONDER SOLTOU,chapa do suporte do enconder soltou,FALHA DE ENCODER,FALHA DE ENCODER
3582,ENCHEDORA DESARMOU,enchedora desarmou,DESARME DE EQUIPAMENTO,DESARME DE EQUIPAMENTO
3583,GARRAFA COM TAMPA TORTA NA EMPACOTADORA PARANDO A MAQUINA,garrafa com tampa torta na empacotadora parando a maquina,FALHA DE TAMPAMENTO,FALHA DE TAMPAMENTO
3584,QUEDA DE TEMPERATURA PACOTE SAINDO MOLE VIRANDO NA MESA DA PALETIZADORA,queda de temperatura pacote saindo mole virando na mesa da paletizadora,FALHA DE CONTROLE DE TEMPERATURA,FALHA DE CONTROLE DE TEMPERATURA
3585,GARRAFA COM TAMPA TORTA NA EMPACOTADORA PARANDO A MAQUINA ORDEM 30008788169,garrafa com tampa torta na empacotadora parando a maquina ordem 30008788169,FALHA DE TAMPAMENTO,FALHA DE TAMPAMENTO
3586,FALHA NO EMPURRADOR,falha no empurrador,FALHA DE EMPURRADOR,FALHA DE EMPURRADOR
3587,FALHA DE BARREIRA - 30008787835,falha de barreira 30008787835,FALHA DE BARREIRA,FALHA DE BARREIRA
3588,FALHA NO CLP 30008787875,falha no clp 30008787875,FALHA DE PLC,FALHA DE PLC
3589,FALHA DE PLC,falha de plc,FALHA DE PLC,FALHA DE PLC
3590,"HASTE DO SUPORTE DO SENSOR DE LEITURA DE PACOTES COM VIBRAÇÃO, GERANDO FALHA NA LEITURA.",haste do suporte do sensor de leitura de pacotes com vibracao gerando falha na leitura,FALHA DE SENSOR,FALHA DE SENSOR
3591,MAGAZINE DE CHAPATEX DESALINHADO CAUSANDO QUEDA DE PACOTES DURANTE A FORMAÇÃO DAS CAMADAS.,magazine de chapatex desalinhado causando queda de pacotes durante a formacao das camadas,FALHA DE FORMAÇÃO DE CAMADA,FALHA DE FORMACAO DE CAMADA
3592,EXESSO DE REJEITO DE LATAS BOAS E NÃO ESTAVA REJEITANDO LATA TESTE NIVEL ALTO,exesso de rejeito de latas boas e nao estava rejeitando lata teste nivel alto,FALHA DE ENCHIMENTO,FALHA DE ENCHIMENTO
3593,INSPETOR NÃO ESTAVA REJEITANDO LATAS TESTE,inspetor nao estava rejeitando latas teste,FALHA DE INSPEÇÃO,FALHA DE INSPECAO
3594,"EXCESSO DE FALSO REJEITO, CAINDO LATAS PARA O TRANSPORTE DE ENTRADA",excesso de falso rejeito caindo latas para o transporte de entrada,FALHA DE REJEIÇÃO,FALHA DE REJEICAO
3595,ANOMALIA NO FTC - ENTRADA INFERIOR.,anomalia no ftc entrada inferior,FALHA DE INSPEÇÃO,FALHA DE INSPECAO
3596,AJUSTE SENSIBILIDADE NO SENSOR REJEIÇÃO DE ENTRADA.,ajuste sensibilidade no sensor rejeicao de entrada,FALHA DE SENSOR,FALHA DE SENSOR
3597,ANOMALIA NO FTC - ENTRADA INFERIOR.,anomalia no ftc entrada inferior,FALHA DE INSPEÇÃO,FALHA DE INSPECAO
3598,FALHA DE ELAU ORDEM: 30008788154,falha de elau ordem 30008788154,FALHA DE ELAU,FALHA DE ELAU
3599,LAVADORA PARANDO POR NIVEL BAIXO NO TANQUE DOS PRE ESGUICHOS,lavadora parando por nivel baixo no tanque dos pre esguichos,FALHA DE ENCHIMENTO,FALHA DE ENCHIMENTO
3600,DESCAPSULADOR EM FALHA FAZENDO COM QUE PASSE GARRAFAS COM TAMPAS PARA A PRODUÇÃO,descapsulador em falha fazendo com que passe garrafas com tampas para a producao,FALHA DE DESCAPSULAMENTO,FALHA DE DESCAPSULAMENTO
3601,"FALHA NO DRIVE DA ENCHEDORA, FAZENDO COM QUE ELA SAIA DE SINCRONISMO E FALHA NO ELAU DA ENCHEDORA",falha no drive da enchedora fazendo com que ela saia de sincronismo e falha no elau da enchedora,FALHA DE ELAU,FALHA DE ELAU
3602,ESTEIRA DO TRENSPORTE DE CAIXAS DA CURVA DE ENTRADA DA PALETIZADORA SAINDO FORA DE POSIÇÃO,esteira do trensporte de caixas da curva de entrada da paletizadora saindo fora de posicao,ESCAPE DE ESTEIRA,ESCAPE DE ESTEIRA
3603,ESTEIRA DO TRENSPORTE DE CAIXAS DA CURVA DE ENTRADA DA PALETIZADORA,esteira do trensporte de caixas da curva de entrada da paletizadora,FALHA DE ESTEIRA,FALHA DE ESTEIRA
3604,"MAGAZINE DE CARTÃO E PALLET TRAVADOS, FOI PRECISO FORÇAR EM MANUAL E REFAZER O CICLO AUTOMATICO",magazine de cartao e pallet travados foi preciso forcar em manual e refazer o ciclo automatico,FALHA DE MAGAZINE,FALHA DE MAGAZINE
3605,LATAS COLAPSANDO DURANTE PARTIDA E PRODUÇÃO EM VELOCIDADE NOMINAL,latas colapsando durante partida e producao em velocidade nominal,COLAPSO DE LATAS,COLAPSO DE LATAS
3606,"FALHA DE RECRAVAÇÃO, ALTURA FORA DE ESPECIFICAÇÃO",falha de recravacao altura fora de especificacao,FALHA DE RECRAVAÇÃO,FALHA DE RECRAVACAO
3607,"EXCESSO DE FALSO REJEITO, REJEITANDO LATAS NIVEL NO ALVO",excesso de falso rejeito rejeitando latas nivel no alvo,FALHA DE REJEIÇÃO,FALHA DE REJEICAO
3608,LATAS COLAPSANDO DURANTE PARTIDA E PRODUÇÃO EM VELOCIDADE NOMINAL,latas colapsando durante partida e producao em velocidade nominal,COLAPSO DE LATAS,COLAPSO DE LATAS
3609,QUEDA DE LATAS NO ALINHADOR ENCAVALANDO NA FRENTE DO SENSOR DE SEGURANÇA,queda de latas no alinhador encavalando na frente do sensor de seguranca,FALHA DE SENSOR,FALHA DE SENSOR
3610,FALHA NO PEGADOR DE CHAPATEX,falha no pegador de chapatex,FALHA DE PEGADOR,FALHA DE PEGADOR
3611,"SETUP RECRAVADORA, TIME FERRUM JUNTO COM MANUTENÇÃO",setup recravadora time ferrum junto com manutencao,FALHA DE RECRAVAÇÃO,FALHA DE RECRAVACAO
3612,"EXCESSO DE LATAS BOAS, AJUSTE NA PRESCCO",excesso de latas boas ajuste na prescco,SEM MODO DE FALHA IDENTIFICADO,SEM MODO DE FALHA IDENTIFICADO
3613,"FALTA DE CHAPA NA DESCIDA DO TWISTER, ENROSCANDO LATAS",falta de chapa na descida do twister enroscando latas,ENROSCO DE LATAS,ENROSCO DE LATAS
3614,SETUP DA RECRAVADORA TIME FERRUM JUNTO COM MANUTENÇÃO,setup da recravadora time ferrum junto com manutencao,FALHA DE RECRAVAÇÃO,FALHA DE RECRAVACAO
3615,TROCA DAS VENTOSAS DO CABECOTE 310 ML,troca das ventosas do cabecote 310 ml,FALHA DE VÁCUO,FALHA DE VACUO
3616,AJUSTE NA RECRAVAÇÃO ( TECNICOS FERRUM),ajuste na recravacao tecnicos ferrum,FALHA DE RECRAVAÇÃO,FALHA DE RECRAVACAO
3617,VIRADOR DE CAIXAS PARADO DEVIDO A QUEDA DO ESPELHO DO SENSOR,virador de caixas parado devido a queda do espelho do sensor,FALHA DE SENSOR,FALHA DE SENSOR
3618,ESTEIRA DA CURVA DA PALETIZADORA ESCAPANDO,esteira da curva da paletizadora escapando,ESCAPE DE ESTEIRA,ESCAPE DE ESTEIRA
3619,FALHA NA FORMAÇÃO DE CAMADAS DA PALETIZADORA DEVIDO AOS ROLETES DANIFICADOS,falha na formacao de camadas da paletizadora devido aos roletes danificados,FALHA DE ROLETES,FALHA DE ROLETES
3620,CHAPA DE TRANSFERENCIA DE GARRAFAS AMASSADA,chapa de transferencia de garrafas amassada,FALHA DE GUIA,FALHA DE GUIA
3621,ESTEIRA DO TRANSPORTE DE ENTRADA DA PALETIZADORA SAIU FORA DE POSIÇÃO,esteira do transporte de entrada da paletizadora saiu fora de posicao,ESCAPE DE ESTEIRA,ESCAPE DE ESTEIRA
3622,FALHA NO SENSOR DE VALVULA DE ENCHIMENTO,falha no sensor de valvula de enchimento,FALHA DE SENSOR,FALHA DE SENSOR
3623,FALHA NO SENSOR DE ABERTURA DAS VALVULA OCASIONADO ABERTURA DAS VALVULAS E PERCA DA PRESSÃO DA ENCHEDORA,falha no sensor de abertura das valvula ocasionado abertura das valvulas e perca da pressao da enchedora,FALHA DE SENSOR,FALHA DE SENSOR
3624,"AJUSTE NA RECRAVADORA, EQUIPE FERRUM",ajuste na recravadora equipe ferrum,FALHA DE RECRAVAÇÃO,FALHA DE RECRAVACAO
3625,AJUSTES DOS TECNICOS DA FERRUM,ajustes dos tecnicos da ferrum,DESALINHAMENTO MECÂNICO,DESALINHAMENTO MECANICO
3626,FALHA NA TRANSFERÊNCIA DE GARRA VAZIA ENTRE AS PINÇAS NO SITEMA DE REFREAMENTO DE FUNDO.,falha na transferencia de garra vazia entre as pincas no sitema de refreamento de fundo,FALHA DE PINÇA,FALHA DE PINCA
3627,FALHA DE CLP,falha de clp,FALHA DE PLC,FALHA DE PLC
3628,ESTEIRA QUEBRADA 30008789050,esteira quebrada 30008789050,QUEBRA DE ESTEIRA,QUEBRA DE ESTEIRA
3629,"FALHA DE ENCOSTO DE AGRUPAMENTO ,NÃO NA POSIÇÃO FINAL",falha de encosto de agrupamento nao na posicao final,FALHA DE ENCOSTO DE AGRUPAMENTO,FALHA DE ENCOSTO DE AGRUPAMENTO
3630,FALHA NO SENSOR DO ENCOSTO DE AGRUPAMENTO,falha no sensor do encosto de agrupamento,FALHA DE SENSOR,FALHA DE SENSOR
3631,FALHA NO INSERIMENTO DE GARRAFAS FALSAS (FEITO MANUALMENTE ),falha no inserimento de garrafas falsas feito manualmente,FALHA DE INSPEÇÃO,FALHA DE INSPECAO
3632,GÁS BAIXO NA PARTIDA,gas baixo na partida,FALHA DE CARBONATAÇÃO,FALHA DE CARBONATACAO
3633,TRANSPORTE ENCAVALANDO ESTEIRA,transporte encavalando esteira,TRAVAMENTO DE ESTEIRA,TRAVAMENTO DE ESTEIRA
3634,ENCHEDORA GERANDO LATAS VAZIAS,enchedora gerando latas vazias,FALHA DE ENCHIMENTO,FALHA DE ENCHIMENTO
3635,FALHA NO INVERSOR 229,falha no inversor 229,FALHA DE INVERSOR,FALHA DE INVERSOR
3636,VENTOSA QUEBRADA,ventosa quebrada,FALHA DE VENTOSA,FALHA DE VENTOSA
3637,ENCHEDORA SAINDO LATAS VAZIAS CAUSANDO ENROSCO NA RECRAVADORA,enchedora saindo latas vazias causando enrosco na recravadora,FALHA DE RECRAVAÇÃO,FALHA DE RECRAVACAO
3638,"CHAPA SUPORTE ENCODER SOLTOU , AJUSTE.",chapa suporte encoder soltou ajuste,FALHA DE ENCODER,FALHA DE ENCODER
3639,ESCAPOU CORREIA TRANSPORTADORA CURVA ENTRADA DA PALETIZADORA.,escapou correia transportadora curva entrada da paletizadora,ESCAPE DE CORREIA,ESCAPE DE CORREIA
3640,ESCAPOU ESTEIRA TRANSPORTADORA DE CAIXA NA ENTRADA DA PALETIZADORA.,escapou esteira transportadora de caixa na entrada da paletizadora,ESCAPE DE ESTEIRA,ESCAPE DE ESTEIRA
3641,"FALHA DO REJEITO, NOTA 30008789036",falha do rejeito nota 30008789036,FALHA DE REJEIÇÃO,FALHA DE REJEICAO
3642,"EXCESSO DE FALSO REJEITO, CAINDO LATAS PARA O TRANSPORTE DE ENTRADA",excesso de falso rejeito caindo latas para o transporte de entrada,FALHA DE REJEIÇÃO,FALHA DE REJEICAO
3643,QUEDA DE LATA NA MESA DE ENVOLVIMENTO - ORDEM - 30008789041,queda de lata na mesa de envolvimento ordem 30008789041,QUEDA DE LATAS,QUEDA DE LATAS
3644,"EXCESSO DE FALSOS REJEITO, ORDEM : 30008789079",excesso de falsos rejeito ordem 30008789079,FALHA DE REJEIÇÃO,FALHA DE REJEICAO
3645,TRANSPORTE GERANDO CRASH DE LATAS E DERRUBANDO PARA A ENTRADA DA ENCHEDORA,transporte gerando crash de latas e derrubando para a entrada da enchedora,CRASH DE LATAS,CRASH DE LATAS
3646,VALVULA Nº15 COM VARIAÇÃO DE ENCHIMENTO ( NIVEL BAIXO ) EM EXCESSO,valvula no15 com variacao de enchimento nivel baixo em excesso,FALHA DE VÁLVULA DE ENCHIMENTO,FALHA DE VALVULA DE ENCHIMENTO
3647,"MAQUINA EM PROCESSO AUTOMATICO DANDO GAS BAIXO POR 4 VEZES SEGUIDAS NA PARTIDA, NECESSARIO AUMENTAR O FATOR DE CARBONATAÇÃO PARA ADEQUAR PARTIDA",maquina em processo automatico dando gas baixo por 4 vezes seguidas na partida necessario aumentar o fator de carbonatacao para adequar partida,FALHA DE CARBONATAÇÃO,FALHA DE CARBONATACAO
3648,FALHA DE INVERSOR 480,falha de inversor 480,FALHA DE INVERSOR,FALHA DE INVERSOR
3649,MÁQUINA DESLIGANDO SOZINHA OCASIONADO FALTA DE LATAS NO TRANSPORTE,maquina desligando sozinha ocasionado falta de latas no transporte,FALHA DE ALIMENTAÇÃO DE LATAS,FALHA DE ALIMENTACAO DE LATAS
3650,FALHA NO REJEITO DE LATAS DEITADAS OCASIONANDO ENROSCO DE LATAS NO ALINHADOR (TROCA DO RELÉ),falha no rejeito de latas deitadas ocasionando enrosco de latas no alinhador troca do rele,FALHA DE REJEIÇÃO,FALHA DE REJEICAO
3651,AJUSTES NA ALTURA E PARAMETROS,ajustes na altura e parametros,DESALINHAMENTO MECÂNICO,DESALINHAMENTO MECANICO
3652,FALHA DE BARREIRA NA SAIDA DE PALETE DE CARTÃO,falha de barreira na saida de palete de cartao,FALHA DE BARREIRA,FALHA DE BARREIRA
3653,FALHA NO SENSOR DA PORTA DA ENCHEDORA ACUSANDO A PORTA DE ESTAR ABERTA E PARANDO O EQUIPAMENTO,falha no sensor da porta da enchedora acusando a porta de estar aberta e parando o equipamento,FALHA DE SENSOR,FALHA DE SENSOR
3654,CALIBRAÇÃO ENOS A100,calibracao enos a100,SEM MODO DE FALHA IDENTIFICADO,SEM MODO DE FALHA IDENTIFICADO
3655,DESCAPSULADOR EM FALHA FAZENDO COM QUE PASSE GARRAFAS COM TAMPAS,descapsulador em falha fazendo com que passe garrafas com tampas,FALHA DE DESCAPSULAMENTO,FALHA DE DESCAPSULAMENTO
3656,ESTEIRA DE CAIXAS DA CURVA DA PALETIZADORA ESCAPANDO,esteira de caixas da curva da paletizadora escapando,ESCAPE DE ESTEIRA,ESCAPE DE ESTEIRA
3657,DESCAPSULADOR NÃO RETIRANDO TODAS AS TAMPAS CAUSANDO PARADA NO EQUIPAMENTO ENOS,descapsulador nao retirando todas as tampas causando parada no equipamento enos,FALHA DE DESCAPSULAMENTO,FALHA DE DESCAPSULAMENTO
3658,ENOS A100 PARADA PARA CALIBRAÇÃO,enos a100 parada para calibracao,SEM MODO DE FALHA IDENTIFICADO,SEM MODO DE FALHA IDENTIFICADO
3659,ENOS A100 FALHA NA AUTO CALIBRAÇÃO (CRITICO FLUXO CH2 LENTO/ PRECAUÇÃO CH2 TRF BAIXO),enos a100 falha na auto calibracao critico fluxo ch2 lento precaucao ch2 trf baixo,FALHA DE CONTROLE DE PROCESSO,FALHA DE CONTROLE DE PROCESSO
3660,TROCA DE PINÇA DE TRANSFERENCIA,troca de pinca de transferencia,FALHA DE PINÇA,FALHA DE PINCA
3661,TROCA DE 5 PINÇAS COM DESGASTE DA ESTRELA DE TRANSFERENCIA DA REFRIGERAÇÃO DE FUNDO,troca de 5 pincas com desgaste da estrela de transferencia da refrigeracao de fundo,FALHA DE PINÇA,FALHA DE PINCA
3662,"QUEDA DE GARRAFAS NA ESTRELA DE TRANSFERENCIA DA REFRIGERAÇÃO DE FUNDO, OCASIONANDO FALHA NA ENCHEDORA E PARADA NO EQUIPAMENTO",queda de garrafas na estrela de transferencia da refrigeracao de fundo ocasionando falha na enchedora e parada no equipamento,QUEDA DE GARRAFAS,QUEDA DE GARRAFAS
3663,PISTÃO DO COMPACTADOR DE CAMADA FRONTAL QUEBRADO,pistao do compactador de camada frontal quebrado,QUEBRA DE ATUADOR,QUEBRA DE ATUADOR
3664,ATUAÇÃO DOS TÉCNICOS DA FERRUM PARA FAZER AJUSTE,atuacao dos tecnicos da ferrum para fazer ajuste,SEM MODO DE FALHA IDENTIFICADO,SEM MODO DE FALHA IDENTIFICADO
3665,QUEDA DE ESTEIRA NO TRECHO DA PALETIZADORA,queda de esteira no trecho da paletizadora,FALHA DE ESTEIRA,FALHA DE ESTEIRA
3666,"FALHA EMPURRADOR DE ROTULO, TRAVOU A BANDEIJA",falha empurrador de rotulo travou a bandeija,FALHA DE ROTULAGEM,FALHA DE ROTULAGEM
3667,QUEDA DE ESTEIRA NA CURVA DA PALETIZADORA,queda de esteira na curva da paletizadora,FALHA DE ESTEIRA,FALHA DE ESTEIRA
3668,ATUAÇÃO DOS TÉCNICOS DA FERRUM PARA FAZER AJUSTE ORDEM:30008790221,atuacao dos tecnicos da ferrum para fazer ajuste ordem 30008790221,SEM MODO DE FALHA IDENTIFICADO,SEM MODO DE FALHA IDENTIFICADO
3669,SAINDO LATAS MARCADAS VELOCIDADE DA ENCHEDORA REDUZIDA,saindo latas marcadas velocidade da enchedora reduzida,AMASSAMENTO DE LATAS,AMASSAMENTO DE LATAS
3670,QUEIMA DO FUSÌVEL DA BARREIRA,queima do fusivel da barreira,ATUAÇÃO/QUEIMA DE FUSÍVEL,ATUACAO QUEIMA DE FUSIVEL
3671,SAINDO LATAS MARCADAS VELOCIDADE DA ENCHEDORA REDUZIDA,saindo latas marcadas velocidade da enchedora reduzida,AMASSAMENTO DE LATAS,AMASSAMENTO DE LATAS
3672,FALHA DE ELAU OCASIONADO A PERDA DE SINCRONISMO,falha de elau ocasionado a perda de sincronismo,FALHA DE ELAU,FALHA DE ELAU
3674,INSPETOR COM FALHA MODULO ETHERCAT,inspetor com falha modulo ethercat,FALHA DE COMUNICAÇÃO,FALHA DE COMUNICACAO
3675,TROCA DA FACA DA VARIOPAC30008791202,troca da faca da variopac30008791202,FALHA DE CORTE DE FILME,FALHA DE CORTE DE FILME
3676,FALHA NO MAGAZINE DE PALETE,falha no magazine de palete,FALHA DE MAGAZINE,FALHA DE MAGAZINE
3677,FALHA NO VIRADOR NDE PACOTES,falha no virador nde pacotes,FALHA NO VIRADOR DE PACOTES,FALHA NO VIRADOR DE PACOTES
3678,FALHA NO VIRADOR DE PACOTES,falha no virador de pacotes,FALHA NO VIRADOR DE PACOTES,FALHA NO VIRADOR DE PACOTES
3679,QUEDA DE LATA NA CHAPA DE PASSAGEM DO WORMER.,queda de lata na chapa de passagem do wormer,QUEDA DE LATAS,QUEDA DE LATAS
3680,FALHA DE ENCHIMENTO,falha de enchimento,FALHA DE ENCHIMENTO,FALHA DE ENCHIMENTO
3681,ENROSCO DE PACOTES NO CANAL A,enrosco de pacotes no canal a,ENROSCO DE PACOTES,ENROSCO DE PACOTES
3682,FALHA REFERENCIA DO CICLO DO ELEVADOR DE PALELETE DA DESPAL 30008790532,falha referencia do ciclo do elevador de palelete da despal 30008790532,FALHA DE ELEVADOR,FALHA DE ELEVADOR
3683,VELOCIDADE REDUZIDA DEVIDO AMASSAMENTO DE LATAS,velocidade reduzida devido amassamento de latas,AMASSAMENTO DE LATAS,AMASSAMENTO DE LATAS
3684,VELOCIDADE REDUZIDA,velocidade reduzida,VELOCIDADE REDUZIDA SEM CAUSA IDENTIFICADA,VELOCIDADE REDUZIDA SEM CAUSA IDENTIFICADA
3685,"MESA DE ARRASTE CAM DEGRAL, NO PENTE DE TRANSFERÊNCIA,OCORRENDO QUEDA DE LATA.",mesa de arraste cam degral no pente de transferencia ocorrendo queda de lata,QUEDA DE LATAS,QUEDA DE LATAS
3686,FALHA NO SENSOR DO ACOPLAMENTO 30008791277,falha no sensor do acoplamento 30008791277,FALHA DE SENSOR,FALHA DE SENSOR
3687,FALHA NO SENSOR ENTRADA DE PACOTE ORDEM (30008791250),falha no sensor entrada de pacote ordem 30008791250,FALHA DE SENSOR,FALHA DE SENSOR
3688,AJUSTE NA CODIFICAÇÃO,ajuste na codificacao,FALHA DE CODIFICAÇÃO,FALHA DE CODIFICACAO
3689,ALTURA DA PINCAS DESAJUSTADA,altura da pincas desajustada,FALHA DE PINÇA,FALHA DE PINCA
3690,CORRENTE FLOCHA.,corrente flocha,FALHA DE CORRENTE,FALHA DE CORRENTE
3691,"DESARME DO TRANSPORTE DE CAIXAS DA DESPAL ,CAUSANDO PARADA NA MAQUINA",desarme do transporte de caixas da despal causando parada na maquina,DESARME DE TRANSPORTE,DESARME DE TRANSPORTE
3692,ENROSCO DE TAMPAS CAUSANDO PARADAS NA MAQUINA,enrosco de tampas causando paradas na maquina,ENROSCO DE TAMPAS,ENROSCO DE TAMPAS
3693,ENROSCO DE TAMPAS CAUSANDO PARADAS NO EQUIPAMENTO,enrosco de tampas causando paradas no equipamento,ENROSCO DE TAMPAS,ENROSCO DE TAMPAS
3694,ENTRANDO ROLHAS INVERTIDAS CAUSANDO PARADAS NA MAQUINA MANUTENCAO ATUOU E ACERTOU ESSE DETALHE,entrando rolhas invertidas causando paradas na maquina manutencao atuou e acertou esse detalhe,TAMPA INVERTIDA,TAMPA INVERTIDA
3695,EROSCO DE PACOTE NO CANAL (A),erosco de pacote no canal a,TAMPA INVERTIDA,TAMPA INVERTIDA
3696,FALHA NA ENTRADA DE PALETE PARA PALETIZADORA ORDEM 30008791652,falha na entrada de palete para paletizadora ordem 30008791652,FALHA DE FORMAÇÃO DE CAMADA,FALHA DE FORMACAO DE CAMADA
3697,FALHA NO EMPURRADOR.ORDEM- 30008792214.,falha no empurrador ordem 30008792214,FALHA DE EMPURRADOR,FALHA DE EMPURRADOR
3698,FALHA NO MAGAZINE DE PALLETS,falha no magazine de pallets,FALHA DE MAGAZINE,FALHA DE MAGAZINE
3699,FALHA NO REJEITO PROVOCO QUEDA DE GARRAFAS ABERTA NA EMPACOTADORA,falha no rejeito provoco queda de garrafas aberta na empacotadora,FALHA DE REJEIÇÃO,FALHA DE REJEICAO
3700,FALHA NO SENSOR DA TRANSFERENCIA DO PACOTE (30008791330),falha no sensor da transferencia do pacote 30008791330,FALHA DE SENSOR,FALHA DE SENSOR
3701,FALHA NO SENSOR DO EMPURRADOR/FALHA NO VIRADOR DE PACOTES.,falha no sensor do empurrador falha no virador de pacotes,FALHA DE SENSOR,FALHA DE SENSOR
3702,FALTA DE AR,falta de ar,FALHA DE SUPRIMENTO DE AR COMPRIMIDO,FALHA DE SUPRIMENTO DE AR COMPRIMIDO
3703,FEITO UM PALEATIVO PARA IMPEDIR QUE AS GARRAFAS QUE ESTÃO CAINDO NA REFRIGERAÇÃO NÃO TAMPE O SENSOR,feito um paleativo para impedir que as garrafas que estao caindo na refrigeracao nao tampe o sensor,FALHA DE SENSOR,FALHA DE SENSOR
3704,JETFLOU ENTUPIDO VIBRADOR NAO PARA COM A ENCHEDORA PARADA 30008792218,jetflou entupido vibrador nao para com a enchedora parada 30008792218,FALHA DE VIBRADOR,FALHA DE VIBRADOR
3705,LATA TOMBANDO NO TRANSPOTE,lata tombando no transpote,TOMBAMENTO DE RECIPIENTES,TOMBAMENTO DE RECIPIENTES
3706,MAGAZINE DE PALLET COM CORRENTE DE ELEVAÇÃO DESAJUSTADA,magazine de pallet com corrente de elevacao desajustada,FALHA DE MAGAZINE,FALHA DE MAGAZINE
3707,PARADA NO CHUTADOR DO INSPETOR DE NIVEL 30008792217,parada no chutador do inspetor de nivel 30008792217,FALHA DE REJEIÇÃO,FALHA DE REJEICAO
3708,PARAFUSO SOLTO NAS CHAPA SEPARADORA DE GARRAFAS DE PASSAGEM DE GARRAFAS MAQUINA FORA DE SINCRONISMO 30008792224,parafuso solto nas chapa separadora de garrafas de passagem de garrafas maquina fora de sincronismo 30008792224,FALHA DE FIXAÇÃO,FALHA DE FIXACAO
3709,"QUEBRA DE TULIPA E TUBO DE AR , TROCA FOI REALIZADA PELO OPERADOR",quebra de tulipa e tubo de ar troca foi realizada pelo operador,QUEBRA DE COMPONENTE,QUEBRA DE COMPONENTE
3710,QUEBROU A ESTEIRA DO TRANSPORTE DE PACOTE SAIDA DO FORNO ORDEM 30008791632,quebrou a esteira do transporte de pacote saida do forno ordem 30008791632,QUEBRA DE ESTEIRA,QUEBRA DE ESTEIRA
3711,QUEDA DE LATA NA MESA DE ARRASTE PENTE DE TRANSFERERICIA DESNIVELADO (ORDEM30008791287,queda de lata na mesa de arraste pente de transferericia desnivelado ordem30008791287,QUEDA DE LATAS,QUEDA DE LATAS
3712,"QUEDAS DE GARRAFAS NA REFRIGERAÇÃO DE FUNDO, OCASIONANDO FALHA E PARADA PARA LIMPEZA, POSSIVEL PINÇA DANIFICADA NUMERO 12 DA ESTRELA DE TRANSFERENCIA",quedas de garrafas na refrigeracao de fundo ocasionando falha e parada para limpeza possivel pinca danificada numero 12 da estrela de transferencia,FALHA DE PINÇA,FALHA DE PINCA
3713,"SEGUIMENTO ERRANDO A GARRAFA DURANTE A REJEIÇÃO, OCASIONANDO FALHA NO EQUIPAMENTO NOTA: 30008791655",seguimento errando a garrafa durante a rejeicao ocasionando falha no equipamento nota 30008791655,FALHA DE SEGMENTOS,FALHA DE SEGMENTOS
3714,"TROCA DA PINÇA N:12 QUEDA DE GARRAFAS E FALHA DE TRANSFERENCIA ,CAUSANDO FALHA NA MAQUINA 30008791294",troca da pinca n 12 queda de garrafas e falha de transferencia causando falha na maquina 30008791294,FALHA DE PINÇA,FALHA DE PINCA
3715,"CRASH DE GARRAFAS NA ESTRELA DE ENTRADA, OCASIONANDO PERDA DO SINCRONISMO E QUEBRA DO SENSOR",crash de garrafas na estrela de entrada ocasionando perda do sincronismo e quebra do sensor,CRASH DE GARRAFAS,CRASH DE GARRAFAS
3716,EMPACOTADORA FORA DE SINCRONISMO,empacotadora fora de sincronismo,FALHA DE SINCRONISMO,FALHA DE SINCRONISMO
3717,ENROSCO DE TAMPAS,enrosco de tampas,ENROSCO DE TAMPAS,ENROSCO DE TAMPAS
3718,ESCAPOU CORREIA TRANSPORTADORA DE CAIXA NA CURVA SAIDA DA DESENCAIXOTADORA.,escapou correia transportadora de caixa na curva saida da desencaixotadora,ESCAPE DE CORREIA,ESCAPE DE CORREIA
3719,ESCAPOU ESTEIRA TRANSPORTADORA DE CAIXA NA CURVA DA SAIDA DA PALETIZADORA,escapou esteira transportadora de caixa na curva da saida da paletizadora,ESCAPE DE ESTEIRA,ESCAPE DE ESTEIRA
3720,ESCAPOU ESTEIRA TRANSPORTADORA DE CAIXA NA CURVA DA SAIDA DA PALETIZADORA.,escapou esteira transportadora de caixa na curva da saida da paletizadora,ESCAPE DE ESTEIRA,ESCAPE DE ESTEIRA
3721,ESCAPOU ESTEIRA TRANSPORTADORA DE CAIXA NA CURVA DA SAIDA DA PALETIZADORA.NOTA 12190122947,escapou esteira transportadora de caixa na curva da saida da paletizadora nota 12190122947,ESCAPE DE ESTEIRA,ESCAPE DE ESTEIRA
3722,ESTEIRA SE SOLTOU CAUSANDO PARADA DA LINHA,esteira se soltou causando parada da linha,ESCAPE DE ESTEIRA,ESCAPE DE ESTEIRA
3723,FALHA DE SINCRONISMO EMPACOTADORA,falha de sincronismo empacotadora,FALHA DE SINCRONISMO,FALHA DE SINCRONISMO
3724,FALHA DE VAZAMENTO DE AR NA PALETIZADORA NOTA (3000873054),falha de vazamento de ar na paletizadora nota 3000873054,FALHA DE SINCRONISMO,FALHA DE SINCRONISMO
3725,FALHA ELETRICA NO COLOCADOR DE CHAPATEX,falha eletrica no colocador de chapatex,FALHA DO COLOCADOR DE CHAPATEX,FALHA DO COLOCADOR DE CHAPATEX
3726,FALHA NO IHM TRANSPORTE PULMÃO DA LAVADORA E FALHA NO MOTOR152 SAIDA DA DESENCAIXOTADORA.,falha no ihm transporte pulmao da lavadora e falha no motor152 saida da desencaixotadora,FALHA DE IHM,FALHA DE IHM
3727,FALHA NO INVERSOR MOTOR 201 SAIDA DA LAVADORA.,falha no inversor motor 201 saida da lavadora,FALHA DE INVERSOR,FALHA DE INVERSOR
3728,FALHA NO SENSOR DE SEGUURANÇA DO CABECOTE CAUSANDO PARADA NA MÁQ. CX ENROSCOU NA SAIDA QDO DEPOSITADA AS GRF NA VOLTA DA MAQ COM OUTRAS.,falha no sensor de seguuranca do cabecote causando parada na maq cx enroscou na saida qdo depositada as grf na volta da maq com outras,FALHA DE SENSOR,FALHA DE SENSOR
3729,QUEBRA DA ESTEIRA / ENTRADA DA PALETIZADORA,quebra da esteira entrada da paletizadora,QUEBRA DE ESTEIRA,QUEBRA DE ESTEIRA
3730,SENSOR DE CABEÇOTE SOLTO OCASIONADO FALHA,sensor de cabecote solto ocasionado falha,FALHA DE SENSOR,FALHA DE SENSOR
3731,SENSOR MOLHADO OCASIONANDO FALSO REJEITO DEVIDO A ESTOURO DE MANGUEIRA DE ÁGUA,sensor molhado ocasionando falso rejeito devido a estouro de mangueira de agua,FALHA DE SENSOR,FALHA DE SENSOR
3732,TRAVAMENTO DO ROLO DE COLA DO AGREGADO 2 (ORDEM:30008792750),travamento do rolo de cola do agregado 2 ordem 30008792750,FALHA DE SENSOR,FALHA DE SENSOR
3733,TRAVANDO PISTÃO LIBERAÇÃO DE TAMPA E REGULAGEM.,travando pistao liberacao de tampa e regulagem,TRAVAMENTO DE ATUADOR,TRAVAMENTO DE ATUADOR
3734,TROCA DE CABEÇOTE DE CODIFICAÇÃO NOTA30008792289,troca de cabecote de codificacao nota30008792289,FALHA DE CODIFICAÇÃO,FALHA DE CODIFICACAO
3735,TROCA DE ROLAMENTO DO ROLO DE COLA DO AGREGADO 2,troca de rolamento do rolo de cola do agregado 2,FALHA DE ROLAMENTO,FALHA DE ROLAMENTO
3736,TULIPA DA VALVULA N°10 SE SOLTOU,tulipa da valvula n 10 se soltou,FALHA DE TULIPA,FALHA DE TULIPA
3737,ESCAPOU ESTEIRA TRANSPORTADORA DE CAIXA NA CURVA DA SAIDA DA PALETIZADORA.NOTA,escapou esteira transportadora de caixa na curva da saida da paletizadora nota,ESCAPE DE ESTEIRA,ESCAPE DE ESTEIRA
3738,FALHA DURANTE A SOLDA AUTOMATICA,falha durante a solda automatica,FALHA DE SOLDA DE FILME,FALHA DE SOLDA DE FILME
3739,FALHA FORMAÇÃO DE CAMADA,falha formacao de camada,FALHA DE FORMAÇÃO DE CAMADA,FALHA DE FORMACAO DE CAMADA
3740,FALHA NA FORMAÇÃO DE CAMADAS - CAIXA A MENOS.,falha na formacao de camadas caixa a menos,FALHA DE FORMAÇÃO DE CAMADA,FALHA DE FORMACAO DE CAMADA
3741,FALHA NA TROCA DO FILME PINO DO CILINDRO ATUADOR QUE ACI0NA A SOLDA ESTVA SEM ( DEVIDO AO ANEL DE TRAVA SOLTO ),falha na troca do filme pino do cilindro atuador que aci0na a solda estva sem devido ao anel de trava solto,TRAVAMENTO DE ATUADOR,TRAVAMENTO DE ATUADOR
3742,FALHA NO SERVO MOTOR OCASIONANDO DESARME DA REGUA DE ENVOLVIMENTO,falha no servo motor ocasionando desarme da regua de envolvimento,FALHA DE SERVO MOTOR,FALHA DE SERVO MOTOR
3743,GUIA DO TRANSPORTE GERANDO ENROSCO E PACOTES VIRADOS NO TRANSPORTE.,guia do transporte gerando enrosco e pacotes virados no transporte,ENROSCO DE PACOTES,ENROSCO DE PACOTES
3744,VELOCIDADE REDUZIDA,velocidade reduzida,VELOCIDADE REDUZIDA SEM CAUSA IDENTIFICADA,VELOCIDADE REDUZIDA SEM CAUSA IDENTIFICADA
3745,FALHA NO DRIVE DA BANDEIROLA DE SAIDA DA LAVADORA,falha no drive da bandeirola de saida da lavadora,FALHA DE INVERSOR,FALHA DE INVERSOR
3746,FALHA NA VÁLVULA DE ENCHIMENTO 55.REALIZADA A TROCA DA VÁLVULA 55 PELA VÁLVULA 53.,falha na valvula de enchimento 55 realizada a troca da valvula 55 pela valvula 53,FALHA DE VÁLVULA DE ENCHIMENTO,FALHA DE VALVULA DE ENCHIMENTO
3747,VÁLVULA 55 COM O PARAFUSO DO BLOCO DO SNIF SOLTO OVCASIONANDO FALAHA NA MODULAÇÃO DA PRESSÃO.,valvula 55 com o parafuso do bloco do snif solto ovcasionando falaha na modulacao da pressao,FALHA DE VÁLVULA MODULADORA,FALHA DE VALVULA MODULADORA
3748,QUEBRA DA HASTE DA ARTICULAÇÃO DA VÁLVULA 12,quebra da haste da articulacao da valvula 12,FALHA DE VÁLVULA,FALHA DE VALVULA
3749,SUBSTITUIÇÃO DA ARTICULAÇÃO DA VALVULA 12 ORDEM 30008795137,substituicao da articulacao da valvula 12 ordem 30008795137,FALHA DE VÁLVULA,FALHA DE VALVULA
3750,QUEDA NA TEMPERATURA DO FORNO,queda na temperatura do forno,FALHA DE CONTROLE DE TEMPERATURA,FALHA DE CONTROLE DE TEMPERATURA
3751,CONFLITO DE RAMAL DEVIDO VELOCIDADE REDUZIDA E PARADAS NA RECRAVADORA,conflito de ramal devido velocidade reduzida e paradas na recravadora,FALHA DE RECRAVAÇÃO,FALHA DE RECRAVACAO
3752,CHAPA DO STOPER DE CAIXAS APOS O VIRADOR TRAVOU,chapa do stoper de caixas apos o virador travou,TRAVAMENTO DE TRANSPORTE,TRAVAMENTO DE TRANSPORTE
3753,"PINÇA DE NUMERO 04 COM AVARIA, CAUSANDO O NAO DESTAMPAMENTO DAS GARRAFAS",pinca de numero 04 com avaria causando o nao destampamento das garrafas,FALHA DE PINÇA,FALHA DE PINCA
3754,PINÇA DE NUMERO 04 COM AVARIA,pinca de numero 04 com avaria,FALHA DE PINÇA,FALHA DE PINCA
3755,"AMASSANDO LATAS, PARADA PARA ATUAÇÃO MECANICA",amassando latas parada para atuacao mecanica,AMASSAMENTO DE LATAS,AMASSAMENTO DE LATAS
3756,VELOCIDADE REDUZIDA DA ENCHEDORA REDUZIDA DEVIDO ESTAR AMASSANDO LATAS NA SAIDA DA RECRAVADORA,velocidade reduzida da enchedora reduzida devido estar amassando latas na saida da recravadora,FALHA DE RECRAVAÇÃO,FALHA DE RECRAVACAO
3757,VELOCIDADE REDUZIDA,velocidade reduzida,VELOCIDADE REDUZIDA SEM CAUSA IDENTIFICADA,VELOCIDADE REDUZIDA SEM CAUSA IDENTIFICADA
3758,"AMASSANDO LATAS, PARADA PARA ATUAÇÃO MECANICA ORDEM:30008794734",amassando latas parada para atuacao mecanica ordem 30008794734,AMASSAMENTO DE LATAS,AMASSAMENTO DE LATAS
3759,ORTADORA DE CAIXAS ESCAPANDO.,ortadora de caixas escapando,AMASSAMENTO DE LATAS,AMASSAMENTO DE LATAS
3760,FALHA DE ENCHIMENTO VALVULA 73 TROCOU BLOCO COMPLETO DA BORBOLETA DE ABERTURA DA VALVULA.,falha de enchimento valvula 73 trocou bloco completo da borboleta de abertura da valvula,FALHA DE VÁLVULA DE ENCHIMENTO,FALHA DE VALVULA DE ENCHIMENTO
3761,ESTEIRA DE CAIXAS SAIDA DESENCAIXOTADORA ESCAPANDO,esteira de caixas saida desencaixotadora escapando,ESCAPE DE ESTEIRA,ESCAPE DE ESTEIRA
3762,SUBSTITUIÇÃO VÁVULA 73 POR REVISADA COMPLETA,substituicao vavula 73 por revisada completa,FALHA DE VÁLVULA,FALHA DE VALVULA
3763,ESTEIRA DESNIVELADA (30008795344),esteira desnivelada 30008795344,DESNIVELAMENTO DE ESTEIRA,DESNIVELAMENTO DE ESTEIRA
3764,VELOCIDADE REDUZIDA DA ENCHEDORA REDUZIDA DEVIDO ESTAR AMASSANDO LATAS NA SAIDA DA RECRAVADORA,velocidade reduzida da enchedora reduzida devido estar amassando latas na saida da recravadora,FALHA DE RECRAVAÇÃO,FALHA DE RECRAVACAO
3765,LONA PATINANDO / DESARMANDO A REGUA DE ENVOLVIMENTO ORDEM Nº 30008795264,lona patinando desarmando a regua de envolvimento ordem no 30008795264,PATINAGEM DE ESTEIRA,PATINAGEM DE ESTEIRA
3766,VELOCIDADE REDUZIDA DA ENCHEDORA REDUZIDA DEVIDO ESTAR AMASSANDO LATAS NA SAIDA DA RECRAVADORA,velocidade reduzida da enchedora reduzida devido estar amassando latas na saida da recravadora,FALHA DE RECRAVAÇÃO,FALHA DE RECRAVACAO
3767,QUEDA DO PEGADOR DE CARTÃO,queda do pegador de cartao,FALHA DE PEGADOR,FALHA DE PEGADOR
3768,CORREIA DO PREGADOR DE CARTÃO TORCEU,correia do pregador de cartao torceu,ESCAPE DE CORREIA,ESCAPE DE CORREIA
3769,ESTEIRA DA LONA DE ENVOLVIMENTO COM DEGRAU,esteira da lona de envolvimento com degrau,DESNIVELAMENTO DE ESTEIRA,DESNIVELAMENTO DE ESTEIRA
3770,PINSA NÚMERO 5 TRAVADA,pinsa numero 5 travada,TRAVAMENTO DE PINÇA,TRAVAMENTO DE PINCA
3771,ESTEIRA DO TRANSPORTE DE CAIXAS SAIDA DA DESENCAIXOTADORA SAIU FORA DE POSIÇÃO,esteira do transporte de caixas saida da desencaixotadora saiu fora de posicao,ESCAPE DE ESTEIRA,ESCAPE DE ESTEIRA
3772,FALHA NA BOMBA DE ENVIO DE CARBONATO PARA ESTAÇÃO,falha na bomba de envio de carbonato para estacao,FALHA DE CARBONATAÇÃO,FALHA DE CARBONATACAO
3773,PERFIL DO TRANSPORTE DE SAIDA DA LAVADORA SAIU FORA DE POSIÇÃO,perfil do transporte de saida da lavadora saiu fora de posicao,DESALINHAMENTO DE GUIA,DESALINHAMENTO DE GUIA
3774,AJUSTE NOS PARAMETROS,ajuste nos parametros,SEM MODO DE FALHA IDENTIFICADO,SEM MODO DE FALHA IDENTIFICADO
3775,CORREIA COM FOLGA OCASIONADO QUEDA DE E TRAVAMENTO DE GARRAFAS NO SPOTER,correia com folga ocasionado queda de e travamento de garrafas no spoter,FALHA DE CORREIA,FALHA DE CORREIA
3776,FALHA NO TRASPORTE DE PALLETES PARA O ROBO,falha no trasporte de palletes para o robo,FALHA DE ROBÔ,FALHA DE ROBO
3777,TRAVAMENTO DO TRANSPORTE DA SAIDA DA ENCAIXOTADORA,travamento do transporte da saida da encaixotadora,TRAVAMENTO DE TRANSPORTE,TRAVAMENTO DE TRANSPORTE
3778,TAB DANIFICADO GERANDO ENROSCO.,tab danificado gerando enrosco,TAB DANIFICADO,TAB DANIFICADO
3779,"QUEDA DE GARRAFAS NA ESTRELA DE TRANSFERENCIA DA REFRIGERAÇÃO DE FUNDO, OCASIONANDO FALHA DE MONITORAMENTO",queda de garrafas na estrela de transferencia da refrigeracao de fundo ocasionando falha de monitoramento,QUEDA DE GARRAFAS,QUEDA DE GARRAFAS
3780,"FALHA DO SINAL DO PROFINET, FALTA DE COMUNICAÇÃO DO PLC DE ENTRADA.",falha do sinal do profinet falta de comunicacao do plc de entrada,FALHA DE COMUNICAÇÃO,FALHA DE COMUNICACAO
3781,CABO DO CONECTOR DO ENCODER QUEBRADO 30008795522,cabo do conector do encoder quebrado 30008795522,FALHA DE ENCODER,FALHA DE ENCODER
3782,ESTEIRA DO LAVADOR DE FUNDO CAIXAS ESTAVA COM VÁRIOS ELOS TORTOS OCASIONANDO TRAVAMENTO E FALHA DE SOBRECORRENTE NO INVERSOR.NOTA 30008795524,esteira do lavador de fundo caixas estava com varios elos tortos ocasionando travamento e falha de sobrecorrente no inversor nota 30008795524,FALHA DE INVERSOR,FALHA DE INVERSOR
3783,ESTEIRA ESCAPANDO,esteira escapando,ESCAPE DE ESTEIRA,ESCAPE DE ESTEIRA
3784,VELOCIDADE REDUZIDA DA ENCHEDORA REDUZIDA DEVIDO ESTAR AMASSANDO LATAS NA SAIDA DA RECRAVADORA,velocidade reduzida da enchedora reduzida devido estar amassando latas na saida da recravadora,FALHA DE RECRAVAÇÃO,FALHA DE RECRAVACAO
3785,VELOCIDADE REDUZIDA,velocidade reduzida,VELOCIDADE REDUZIDA SEM CAUSA IDENTIFICADA,VELOCIDADE REDUZIDA SEM CAUSA IDENTIFICADA
3786,FALHA NA DATADORA,falha na datadora,FALHA DE CODIFICAÇÃO,FALHA DE CODIFICACAO
3787,ENROSCO DE TAMPAS,enrosco de tampas,ENROSCO DE TAMPAS,ENROSCO DE TAMPAS
3788,"DESARME DOS DISJUNTORES TAG 9Q0 E8Q1, ORDEM : 30008797007",desarme dos disjuntores tag 9q0 e8q1 ordem 30008797007,DESARME DE DISJUNTOR,DESARME DE DISJUNTOR
3789,FALHA NA VALVULA DE PRÉ CARBONATAÇÃO,falha na valvula de pre carbonatacao,FALHA DE VÁLVULA,FALHA DE VALVULA
3790,FALHA NO INSERIMENTO DE LATAS FALSAS PARUFUSOS DE FIXAÇÃO SOLTOS E UM ESTAVA TORTO,falha no inserimento de latas falsas parufusos de fixacao soltos e um estava torto,FALHA DE INSPEÇÃO,FALHA DE INSPECAO
3791,"COLISÃO DO GUIA SUPERIOR DA PASSADEIRA DE TAMPAS COM O PISTÃO DO EMPURRADOR, ORDEM : 30008797004",colisao do guia superior da passadeira de tampas com o pistao do empurrador ordem 30008797004,FALHA DE GUIA,FALHA DE GUIA
3792,FALHA NA VALVULA,falha na valvula,FALHA DE VÁLVULA,FALHA DE VALVULA
3793,TROCA DO REPARO DA VALVULA DE RETENÇÃO DE AGUA ORDEM: 30008797361,troca do reparo da valvula de retencao de agua ordem 30008797361,FALHA DE VEDAÇÃO DA VÁLVULA,FALHA DE VEDACAO DA VALVULA
3794,TAPETE DE SAIDA APOS A HELFT ENTRANDO EM FALHAS SEGUIDAMENTE PARANDO A ENCHEDORA,tapete de saida apos a helft entrando em falhas seguidamente parando a enchedora,FALHA DE ESTEIRA,FALHA DE ESTEIRA
3795,TAPETE DE SAIDA POS HELFT PARANDO A ENCHEDORA CONSTANTEMENTE,tapete de saida pos helft parando a enchedora constantemente,FALHA DE ESTEIRA,FALHA DE ESTEIRA
3796,"VELOCIDADE REDUZIDA, MARCANDO/AMASSANDO LATAS",velocidade reduzida marcando amassando latas,AMASSAMENTO DE LATAS,AMASSAMENTO DE LATAS
3797,TAB DANIFICADO GERANDO ENROSCO.,tab danificado gerando enrosco,TAB DANIFICADO,TAB DANIFICADO
3798,"CRASH NA SAIDA DO ASEBI , CAUSANDO PARADAS NA MAQUINA",crash na saida do asebi causando paradas na maquina,FALHA DE INSPEÇÃO,FALHA DE INSPECAO
3799,"AJUSTE DO EXPULSADOR, ASSIM QUE DETECTADO GARRAFA COM NÍVEL BAIXO, ELE ABAIXAVA EXPULSAVA GARRAFA PORÉM BATIA NA GARRAFA DA FRENTE E CAUSAVA CRASH",ajuste do expulsador assim que detectado garrafa com nivel baixo ele abaixava expulsava garrafa porem batia na garrafa da frente e causava crash,FALHA DE ENCHIMENTO,FALHA DE ENCHIMENTO
3800,SENSOR INSTALADO NO TRP DE SAIDA DA DESENCA EM FALHA NÃO IDENTIFICANDO PRESENCA DE GARRAFA ENTRANDO CAIXAS COM GARRAFAS NA ENCA,sensor instalado no trp de saida da desenca em falha nao identificando presenca de garrafa entrando caixas com garrafas na enca,FALHA DE SENSOR,FALHA DE SENSOR
3801,SENSOR EMBAÇADO POR CAUSA DA UMIDADE NA SALA DE ENVASE DEVIDO QUEBRA DA CORREIA DA PRESSÃO POSITIVA,sensor embacado por causa da umidade na sala de envase devido quebra da correia da pressao positiva,FALHA DE SENSOR,FALHA DE SENSOR
3802,SENSOR INSTALADO NO TRP DE SÁIDA DA DESENCA NÃO ESTÁ PARANDO QUANDO HÁ PRESENCA DE GARRAFA FAZENDO COM QUE FIQUE GARRAFA NA CAIXA ENTRANDO NA ENCA.,sensor instalado no trp de saida da desenca nao esta parando quando ha presenca de garrafa fazendo com que fique garrafa na caixa entrando na enca,FALHA DE SENSOR,FALHA DE SENSOR
3803,ENROSCO DE TAMPAS NA ENTRADA DO ARROLHADOR CAUSANDO PARADAS NA MAQUINA,enrosco de tampas na entrada do arrolhador causando paradas na maquina,ENROSCO DE TAMPAS,ENROSCO DE TAMPAS
3804,FALHA NO SENSOR DO CABECOTE ORDEM 30008797399,falha no sensor do cabecote ordem 30008797399,FALHA DE SENSOR,FALHA DE SENSOR
3805,SENSOR EMBAÇADO DEVIDO SALA DE ENVASE UMIDA POR CAUSA DA QUEBRA DA CORREIA DA PRESSÃO POSITIVA,sensor embacado devido sala de envase umida por causa da quebra da correia da pressao positiva,FALHA DE SENSOR,FALHA DE SENSOR
3806,"ENROSCO DE TAMPAS NA ENTRADA DO ARROLHADOR , CAUSANDO PARADAS NA MAQUINA",enrosco de tampas na entrada do arrolhador causando paradas na maquina,ENROSCO DE TAMPAS,ENROSCO DE TAMPAS
3807,SENSOR INSTALADO NO TRP DE SAIDA DA DESENCA EM FALHA NÃO DETECTANDO PRESENCA DE GARRAFAS E INDO CAIXAS COM GARRAFA PARA ENCA,sensor instalado no trp de saida da desenca em falha nao detectando presenca de garrafas e indo caixas com garrafa para enca,FALHA DE SENSOR,FALHA DE SENSOR
3808,ENROSCO DE TAMPAS NA CANALETA,enrosco de tampas na canaleta,ENROSCO DE TAMPAS,ENROSCO DE TAMPAS
3809,TRASPORTE DE PACOTES QUEBRADO 30008798753,trasporte de pacotes quebrado 30008798753,QUEBRA DE TRANSPORTE,QUEBRA DE TRANSPORTE
3810,ESTEIRA DE ENVOLVIMENTO COM FALHA ELETRICA (30008798793),esteira de envolvimento com falha eletrica 30008798793,FALHA DE ESTEIRA,FALHA DE ESTEIRA
3811,ENROSCO DE TAMPA NA CALHA DESCIDA,enrosco de tampa na calha descida,ENROSCO DE TAMPAS,ENROSCO DE TAMPAS
3812,ENROSCO DE TAMPAS CAUSANDO PARADAS NA MAQUINA,enrosco de tampas causando paradas na maquina,ENROSCO DE TAMPAS,ENROSCO DE TAMPAS
3813,ENROSCO DE TAMPAS NA ENTRADA DO ARROLHADOR CAUSANDO PARADAS NA MAQUINA,enrosco de tampas na entrada do arrolhador causando paradas na maquina,ENROSCO DE TAMPAS,ENROSCO DE TAMPAS
3814,TROCA DA TULIPA E TUBO DE AR,troca da tulipa e tubo de ar,FALHA DE TULIPA,FALHA DE TULIPA
3815,"QUEBRA DA CORREIA DE ACIONAMENTO DO ROLO DE CORTE, ORDEM : 30008797949",quebra da correia de acionamento do rolo de corte ordem 30008797949,QUEBRA DE CORREIA,QUEBRA DE CORREIA
3816,"VELOCIDADE REDUZIDA, MARCANDO/AMASSANDO LATAS",velocidade reduzida marcando amassando latas,AMASSAMENTO DE LATAS,AMASSAMENTO DE LATAS
3817,"VELOCIDADE REDUZIDA, COLAPSANDO LATAS",velocidade reduzida colapsando latas,COLAPSO DE LATAS,COLAPSO DE LATAS
3819,"VELOCIDADE REDUZIDA, COLAPSO DE LATAS",velocidade reduzida colapso de latas,COLAPSO DE LATAS,COLAPSO DE LATAS
3820,VELOCIDADE REDUZIDA LATAS COLAPSANDO NA RECRAVADORA,velocidade reduzida latas colapsando na recravadora,FALHA DE RECRAVAÇÃO,FALHA DE RECRAVACAO
3821,FALHA DE ENCHIMENTO VÁLVULA 77,falha de enchimento valvula 77,FALHA DE VÁLVULA DE ENCHIMENTO,FALHA DE VALVULA DE ENCHIMENTO
3822,FALHA DE ENCHIMENTO VÁLVULAS 77 E 97,falha de enchimento valvulas 77 e 97,FALHA DE VÁLVULA DE ENCHIMENTO,FALHA DE VALVULA DE ENCHIMENTO
3823,FALHA DE ENCHIMENTO NAS VÁLVULAS 77 E 97,falha de enchimento nas valvulas 77 e 97,FALHA DE VÁLVULA DE ENCHIMENTO,FALHA DE VALVULA DE ENCHIMENTO
3824,"ESTEIRA COM FOLGA, ATRASANDO A GARRAFA, GERANDO QUEDA NA REGUA DE ARRASTE.",esteira com folga atrasando a garrafa gerando queda na regua de arraste,FALHA DE ESTEIRA,FALHA DE ESTEIRA
3825,TROCA DA ELETROVALVULA 110 E 111,troca da eletrovalvula 110 e 111,FALHA DE VÁLVULA,FALHA DE VALVULA
3826,VALVULA 110 NÃO ESTÁ ENCHENDO,valvula 110 nao esta enchendo,FALHA DE VÁLVULA,FALHA DE VALVULA
3827,"VELOCIDADE REDUZIDA, COLAPSO DE LATAS",velocidade reduzida colapso de latas,COLAPSO DE LATAS,COLAPSO DE LATAS
3828,"FALHAS CONSECUTIVAS DE CO2 E XAROPE, TENDO QUE FAZER RESET DE IHM DO MIXER",falhas consecutivas de co2 e xarope tendo que fazer reset de ihm do mixer,FALHA DE IHM,FALHA DE IHM
3829,FALHA NA DESFORMAÇÃO DE CAMADAS / ENROSCO DE CARTÃO NO TRANSPORTE DE LATAS,falha na desformacao de camadas enrosco de cartao no transporte de latas,ENROSCO DE LATAS,ENROSCO DE LATAS
3830,TROCA DAS ELETROVALVULAS 110 E 111 ORDEM: 30008799222,troca das eletrovalvulas 110 e 111 ordem 30008799222,FALHA DE VÁLVULA,FALHA DE VALVULA
3831,FALHAS CONSECUTIVAS DA VALVULA MODULARORA DE XAROPE DO MIXER,falhas consecutivas da valvula modularora de xarope do mixer,FALHA DE VÁLVULA MODULADORA,FALHA DE VALVULA MODULADORA
3832,ORDEM 30008799219/ QUEBRA DO EIXO DE ENVOLVIMENTO,ordem 30008799219 quebra do eixo de envolvimento,QUEBRA DE EIXO,QUEBRA DE EIXO
3833,FALHA NA CAMERA DE EMBOCADURA ORDEM 30008805907,falha na camera de embocadura ordem 30008805907,FALHA DE CÂMERA,FALHA DE CAMERA
3834,FALHA NA VÁLVULA DE XAROPE - ORDEM - 30008799753,falha na valvula de xarope ordem 30008799753,FALHA DE VÁLVULA DE XAROPE,FALHA DE VALVULA DE XAROPE
3835,FALHA NO SENSOR DE SEGURANÇA TRAVA DE PORTA ENCAIXOTADORA,falha no sensor de seguranca trava de porta encaixotadora,FALHA DE SENSOR,FALHA DE SENSOR
3836,FALHA NO FLUXIMETRO DE XAROPE,falha no fluximetro de xarope,FALHA DE FLUXÍMETRO,FALHA DE FLUXIMETRO
3837,"FALHA NO INSERIMENTO DE GARRAFAS FALSAS, CAUSANDO VAZAMENTO, REAPERTO DOS PARAFUSOS LATERAIS DA GARRAFA FALSA Nº31 / Nº36",falha no inserimento de garrafas falsas causando vazamento reaperto dos parafusos laterais da garrafa falsa no31 no36,FALHA DE INSPEÇÃO,FALHA DE INSPECAO
3838,MANIVELA DAS ESCOVAS DO TRANSPORTE DA PRESSCO FECHANDO COM A VIBRAÇÃO E SEGURANDO LATA,manivela das escovas do transporte da pressco fechando com a vibracao e segurando lata,FALHA DE INSPEÇÃO,FALHA DE INSPECAO
3839,ESTEIRA DO FORNO PAROU,esteira do forno parou,FALHA DE ESTEIRA,FALHA DE ESTEIRA
3840,LATAS TOMBADA PASSANDO PELO EXPULSADOR E GERANDO CRASH NA ENTRADA DO SOPRADOR,latas tombada passando pelo expulsador e gerando crash na entrada do soprador,FALHA DE REJEIÇÃO,FALHA DE REJEICAO
3841,"TRASPORTE COM VELOCIDADE SENDO AJUSTADO, GERANDO ALTO EXCESSO DE REJEITO E MANDANDO LATAS TOMBADAS PARA ENCHEDORA",trasporte com velocidade sendo ajustado gerando alto excesso de rejeito e mandando latas tombadas para enchedora,FALHA DE VELOCIDADE DO TRANSPORTE,FALHA DE VELOCIDADE DO TRANSPORTE
3842,ENROSCOS DE TAMPAS NA ENTRADA DO ARROLHADORA CAUSANDO PARADAS NO EQUIPAMENTO,enroscos de tampas na entrada do arrolhadora causando paradas no equipamento,ENROSCO DE TAMPAS,ENROSCO DE TAMPAS
3843,MANGUEIRA DE AR ESCAPOU DA CONEXÃO OCASIONADO SULTURA DAS GARRAFAS,mangueira de ar escapou da conexao ocasionado sultura das garrafas,FALHA DE CONEXÃO DE MANGUEIRA,FALHA DE CONEXAO DE MANGUEIRA
3844,ENROSCO DA PERSIANA,enrosco da persiana,FALHA DE PERSIANA,FALHA DE PERSIANA
3845,FALHA RESET DA PORTA DE SEGURANÇA / 30008805927,falha reset da porta de seguranca 30008805927,FALHA DE PORTA DE SEGURANÇA,FALHA DE PORTA DE SEGURANCA
3846,FALHA NO SENSOR DA GAIOLA,falha no sensor da gaiola,FALHA DE SENSOR,FALHA DE SENSOR
3847,FALHA NO INSERIMENTO DE LATAS FALSAS FEITO MANUALMENTE,falha no inserimento de latas falsas feito manualmente,FALHA DE INSPEÇÃO,FALHA DE INSPECAO
3848,TROCA DA FACA DO CORTE LONGITUDINAL DO FILME,troca da faca do corte longitudinal do filme,FALHA DE CORTE DE FILME,FALHA DE CORTE DE FILME
3849,"PALLET PASSANDO DIRETO E PERDENDO REFERENCIA, ORDEM (30008805966)",pallet passando direto e perdendo referencia ordem 30008805966,FALHA DE SINCRONISMO,FALHA DE SINCRONISMO
3850,FALHA NO CORTE DO FILME GERANDO PACOTES ABERTOS E MAL FORMADOS,falha no corte do filme gerando pacotes abertos e mal formados,FALHA DE CORTE DE FILME,FALHA DE CORTE DE FILME
3851,"EXCESSO DE NIVEL BAIXO EM VELOCIDADE NOMINAL, ORDEM : 30008805970",excesso de nivel baixo em velocidade nominal ordem 30008805970,FALHA DE ENCHIMENTO,FALHA DE ENCHIMENTO
3852,VENTOSAS DO CABEÇOTE AMASSANDO LATAS DURANTE RETIRADA DE CARTÃO NOTA:30008805989,ventosas do cabecote amassando latas durante retirada de cartao nota 30008805989,FALHA NO MANUSEIO DE CARTÃO,FALHA NO MANUSEIO DE CARTAO
3853,FALHA DE ENVOLVIMENTO E PACOTES TORTOS,falha de envolvimento e pacotes tortos,FALHA DE ENVOLVIMENTO,FALHA DE ENVOLVIMENTO
3854,FALHA NA VALVULA MODULANTE DE XAROPE,falha na valvula modulante de xarope,FALHA DE VÁLVULA MODULADORA,FALHA DE VALVULA MODULADORA
3855,TRANSPORTE POS WARMER DERRUBANDO LATAS EM EXCESSO PARA O ALINHADOR GERANDO FALHAS,transporte pos warmer derrubando latas em excesso para o alinhador gerando falhas,QUEDA DE LATAS,QUEDA DE LATAS
3856,"FALHA DE CORTE DA FACA LONGITUDINAL, GERANDO TRAVAMENTO DOS ROLETES DE COMPENSAÇÃO",falha de corte da faca longitudinal gerando travamento dos roletes de compensacao,TRAVAMENTO DE ROLETES,TRAVAMENTO DE ROLETES
3857,INSERIMENTO DA LATAS FALSA EM MANUAL,inserimento da latas falsa em manual,FALHA DE INSPEÇÃO,FALHA DE INSPECAO
3858,FALHA DE ENVOLVIMENTO E PACOTES TORTOS,falha de envolvimento e pacotes tortos,FALHA DE ENVOLVIMENTO,FALHA DE ENVOLVIMENTO
3859,ESTOURO DE FILME NA SOLDA AUTOMATICA,estouro de filme na solda automatica,FALHA DE SOLDA DE FILME,FALHA DE SOLDA DE FILME
3860,"GUIA DO CANAL C NÃO SOLTA E NEM DA APERTO, GERANDO FALHA NA FORMAÇÃO DE PACOTES",guia do canal c nao solta e nem da aperto gerando falha na formacao de pacotes,FALHA DE GUIA,FALHA DE GUIA
3861,FALHA VÁLVULA DE ENCHIMENTO NÃO LIBERANDO ÁGUA,falha valvula de enchimento nao liberando agua,FALHA DE VÁLVULA DE ENCHIMENTO,FALHA DE VALVULA DE ENCHIMENTO
3862,FALHA NO TRANSDUTOR DE PRESSÃO 30008807193,falha no transdutor de pressao 30008807193,FALHA DE TRANSDUTOR,FALHA DE TRANSDUTOR
3863,FALHA DE ENCHIMENTO DE VALVULAS ALEATÓRIAS VELOCIDADE REDUZIDA,falha de enchimento de valvulas aleatorias velocidade reduzida,FALHA DE VÁLVULA DE ENCHIMENTO,FALHA DE VALVULA DE ENCHIMENTO
3864,TRANSPORTE PAROU POR SOBRECARGA,transporte parou por sobrecarga,SOBRECORRENTE,SOBRECORRENTE
3865,GARFO DO PEGADOR DE PALLET NÃO SE MOVIMENTAVA 30008806296,garfo do pegador de pallet nao se movimentava 30008806296,FALHA DE PEGADOR,FALHA DE PEGADOR
3866,"QUEDA DE LATA NO TRANSPORTE ,CAUSANDO ENROSCO NA GUIA DO ALINHADOR,ANTES DA FILTEC,ORDEM (30008806298).",queda de lata no transporte causando enrosco na guia do alinhador antes da filtec ordem 30008806298,FALHA DE INSPEÇÃO,FALHA DE INSPECAO
3867,FALHA DE ENCHIMENTO ( FMC ) EXCESSO DE NIVEL BAIXO E VAZIA,falha de enchimento fmc excesso de nivel baixo e vazia,FALHA DE ENCHIMENTO,FALHA DE ENCHIMENTO
3868,FALHA NA VALVULA MODULANTE DE AGUA,falha na valvula modulante de agua,FALHA DE VÁLVULA MODULADORA,FALHA DE VALVULA MODULADORA
3869,FALHA NO INVERSOR,falha no inversor,FALHA DE INVERSOR,FALHA DE INVERSOR
3870,FALHA NA CODIFICAÇÃO,falha na codificacao,FALHA DE CODIFICAÇÃO,FALHA DE CODIFICACAO
3871,FALHA NA CODIFICAÇÃO DEVIDO GARRAFA VAZIA,falha na codificacao devido garrafa vazia,FALHA DE CODIFICAÇÃO,FALHA DE CODIFICACAO
3872,FALHA DE ENCHIMENTO DE VALVULAS ALEATÓRIAS VELOCIDADE REDUZIDA,falha de enchimento de valvulas aleatorias velocidade reduzida,FALHA DE VÁLVULA DE ENCHIMENTO,FALHA DE VALVULA DE ENCHIMENTO
3873,"VELOCIDADE BAIXA, MARCANDO LATAS",velocidade baixa marcando latas,AMASSAMENTO DE LATAS,AMASSAMENTO DE LATAS
3874,FALHA NO SENSOR DA GRELHA,falha no sensor da grelha,FALHA DE SENSOR,FALHA DE SENSOR
3875,ESTOURO NA SOLDA NA TROCA DE BOBINA EM AUTOMATICO,estouro na solda na troca de bobina em automatico,FALHA DE SOLDA DE FILME,FALHA DE SOLDA DE FILME
3876,PINOS DE SEPARAÇÃO ESTAVAM DESAJUSTADOS PÓS PCM (ORDEM:30008810187),pinos de separacao estavam desajustados pos pcm ordem 30008810187,DESALINHAMENTO MECÂNICO,DESALINHAMENTO MECANICO
3877,ENROSCO DE TAMPAS NA ENTRADA DO ARROLHADOR,enrosco de tampas na entrada do arrolhador,ENROSCO DE TAMPAS,ENROSCO DE TAMPAS
3878,TROCA DO SELO DA BOMBA ORDEM 30008810957,troca do selo da bomba ordem 30008810957,FALHA DE BOMBA,FALHA DE BOMBA
3879,PINÇA 12 NAO ESTAVA TIRANDO TAMPA 30008811023,pinca 12 nao estava tirando tampa 30008811023,FALHA DE PINÇA,FALHA DE PINCA
3880,ESTEIRA DA CURVA DA PALETIZADORA ESCAPOU,esteira da curva da paletizadora escapou,ESCAPE DE ESTEIRA,ESCAPE DE ESTEIRA
3881,TRAVAMENTO DE GARRAFAS NA SAIDA DA LAVADORA,travamento de garrafas na saida da lavadora,ENROSCO DE GARRAFAS,ENROSCO DE GARRAFAS
3882,GÁS REDOX BAIXO OCASIONADO FALHA NA PASSAGEM DE GARRAFAS TESTE ORDEM 30008811338,gas redox baixo ocasionado falha na passagem de garrafas teste ordem 30008811338,FALHA DE CONTROLE DE PROCESSO,FALHA DE CONTROLE DE PROCESSO
3883,"PORTA DE SEGURANÇA BLOQUEADA, DIFICULTANDO O RESET E RETIRADA DE PACOTES EM POSIÇÃO ERRADA",porta de seguranca bloqueada dificultando o reset e retirada de pacotes em posicao errada,FALHA DE PORTA DE SEGURANÇA,FALHA DE PORTA DE SEGURANCA
3884,FALHA NA VALVULA MODULANTE DE AGUA,falha na valvula modulante de agua,FALHA DE VÁLVULA MODULADORA,FALHA DE VALVULA MODULADORA
3885,TRAVAMENTO DE GARRAFAS NA SAIDA DA LAVADORA 30008812696,travamento de garrafas na saida da lavadora 30008812696,ENROSCO DE GARRAFAS,ENROSCO DE GARRAFAS
3886,ENCHEDORA RODANDO ABAIXO DA NOMIMAL POR FALTA DE TAMPAS,enchedora rodando abaixo da nomimal por falta de tampas,FALHA DE ALIMENTAÇÃO DE TAMPAS,FALHA DE ALIMENTACAO DE TAMPAS
3887,ENCHEDORA RODANDO ABAIXO DA NOMINAL PRO FALTA DE TAMPAS,enchedora rodando abaixo da nominal pro falta de tampas,FALHA DE ALIMENTAÇÃO DE TAMPAS,FALHA DE ALIMENTACAO DE TAMPAS
3888,ENCHEDORA RODANDO ABAIXO DA NOMINAL DEVIDO FALTA E TAMPAS,enchedora rodando abaixo da nominal devido falta e tampas,FALHA DE ALIMENTAÇÃO DE TAMPAS,FALHA DE ALIMENTACAO DE TAMPAS
3889,FALHA NA VÁLVULA MODULANTE DE ÁGUA - ORDEM - 30008811446,falha na valvula modulante de agua ordem 30008811446,FALHA DE VÁLVULA MODULADORA,FALHA DE VALVULA MODULADORA
3890,PARAFUSO DO ROLETE DO TRANSPORTE DE PALLET ACABADO SOLTO,parafuso do rolete do transporte de pallet acabado solto,FALHA DE ROLETES,FALHA DE ROLETES
3891,PARAFUSO DO ROLETE DO TRANSPORTE DE PALLET ACABADO SOLTO,parafuso do rolete do transporte de pallet acabado solto,FALHA DE ROLETES,FALHA DE ROLETES
3892,"REGULAGEM DO SENSOR DE IDENTIFICAÇÃO DE LATAS DA ESTRELA DE ENTRADA DE ENCHIMENTO, GERANDO FALHA NA LEITURA DAS LATAS",regulagem do sensor de identificacao de latas da estrela de entrada de enchimento gerando falha na leitura das latas,FALHA DE SENSOR,FALHA DE SENSOR
3893,MANDRIL DO PORTA BOBINA SEM TRAÇÃO DEIXANDO FILME SOLTO E EMBOLANDO,mandril do porta bobina sem tracao deixando filme solto e embolando,FALHA DE MANDRIL,FALHA DE MANDRIL
3894,ESTEIRA DE TRANSPORTE DE GARRAFA NA EMPACOTADORA TRAVANDO,esteira de transporte de garrafa na empacotadora travando,TRAVAMENTO DE ESTEIRA,TRAVAMENTO DE ESTEIRA
3895,"FALHA NA SAIDA DE PALLET DE CARTÃO, ACIONANDO A BARREIRA DE SEGURANÇA E NÃO LIBERANDO O RESET",falha na saida de pallet de cartao acionando a barreira de seguranca e nao liberando o reset,FALHA DE BARREIRA,FALHA DE BARREIRA
3896,FALHA NA SOLDAGEM DO MANDRIL 2 PARA O 1 GERANDO O ESTOURO DO FILME,falha na soldagem do mandril 2 para o 1 gerando o estouro do filme,FALHA DE SOLDA DE FILME,FALHA DE SOLDA DE FILME
3897,POSICIONAMENTO DA CORREIA DA ESTAÇÃO.,posicionamento da correia da estacao,FALHA DE CORREIA,FALHA DE CORREIA
3898,VALVULA TRAVOU OCASIONANDO QUEDA DE GARRAFAS,valvula travou ocasionando queda de garrafas,TRAVAMENTO DE VÁLVULA,TRAVAMENTO DE VALVULA
3899,ESTEIRA DA CURVA DE SAÍDA DA DESENCA QUEBROU,esteira da curva de saida da desenca quebrou,QUEBRA DE ESTEIRA,QUEBRA DE ESTEIRA
3900,FALHA SENSOR PUSHER,falha sensor pusher,FALHA DE SENSOR,FALHA DE SENSOR
3901,FALHA REJEITOR PUSHER,falha rejeitor pusher,FALHA DE REJEIÇÃO,FALHA DE REJEICAO
3902,"FALSO REJEITO, CONGESTIONAMENTO DE GARRAFAS PARA QUEBRA",falso rejeito congestionamento de garrafas para quebra,FALHA DE REJEIÇÃO,FALHA DE REJEICAO
3903,SAIU PARAFUSO,saiu parafuso,FALHA DE FIXAÇÃO,FALHA DE FIXACAO
3904,ESTEIRA ESCAPANDO,esteira escapando,ESCAPE DE ESTEIRA,ESCAPE DE ESTEIRA
3905,"PORTA DE SEGURANÇA BLOQUEADA(SENSOR QUEBRADO), DIFICULTANDO O RESET DA FALHA",porta de seguranca bloqueada sensor quebrado dificultando o reset da falha,FALHA DE SENSOR,FALHA DE SENSOR
3906,FALHA NO CORTE TRANSVERSAL DO FILME OCASIONANDO PACOTES ABERTOS E FALHA DE ENVOLVIMENTO,falha no corte transversal do filme ocasionando pacotes abertos e falha de envolvimento,FALHA DE CORTE DE FILME,FALHA DE CORTE DE FILME
3907,FALHA NO IHM DO DOSADOR DE NITROGÊNIO – NOTA 3008813088,falha no ihm do dosador de nitrogenio nota 3008813088,FALHA DE IHM,FALHA DE IHM
3908,TROCA DE BOBINA FALHA NA SOLDAGEM DE FILME,troca de bobina falha na soldagem de filme,FALHA DE SOLDA DE FILME,FALHA DE SOLDA DE FILME
3909,TRAVOU A ESTEIRA DENTRO DA EMPACOTADORA,travou a esteira dentro da empacotadora,TRAVAMENTO DE ESTEIRA,TRAVAMENTO DE ESTEIRA
3910,FALHA DURANTE A TROCA DE BOBINA,falha durante a troca de bobina,FALHA NA TROCA DE BOBINA,FALHA NA TROCA DE BOBINA
3911,ATRITO ENTRE O SUPORTE DO PISTAO DE LATAS FALSAS COM A ENCHEDORA,atrito entre o suporte do pistao de latas falsas com a enchedora,INTERFERÊNCIA MECÂNICA,INTERFERENCIA MECANICA
3912,"QUEDA DE GARRAFAS NO RESFRIAMENTO DE FUNDO, OCASIONANDO FALHA DE MONITORAÇÃO",queda de garrafas no resfriamento de fundo ocasionando falha de monitoracao,QUEDA DE GARRAFAS,QUEDA DE GARRAFAS
3913,"ENROSCO DE TAMPAS A MAQUINA CONTINUA RODANDO E O SENSOR NAO ACUSA FALHA , E SAI VARIAS GARRAFAS SEM TAMPA SE NAO PARAR MANUALMENTE",enrosco de tampas a maquina continua rodando e o sensor nao acusa falha e sai varias garrafas sem tampa se nao parar manualmente,FALHA DE SENSOR,FALHA DE SENSOR
3914,ENCHEDORA RODANDO ABAIXO DA NOMINAL DEVIDO GARRAFAS SAINDO SEM TAMPAS,enchedora rodando abaixo da nominal devido garrafas saindo sem tampas,FALHA DE ALIMENTAÇÃO DE TAMPAS,FALHA DE ALIMENTACAO DE TAMPAS
3915,"ENROSCO DE TAMPAS , A MAQUINA CONTINUA RODANDO SEM ACUSAR FALHA NO SENSOR DAS GARRAFAS QUE SAEM SEM TAMPAS TENDO QUE SER PARADO MANUALMENTE",enrosco de tampas a maquina continua rodando sem acusar falha no sensor das garrafas que saem sem tampas tendo que ser parado manualmente,FALHA DE SENSOR,FALHA DE SENSOR
3916,"A ESTEIRA QUE TRANSPORTA GRFAS DO ASEBI PARA A ENCHEDORA ESCAPOU CAUSANDO PARADA NA LINHA , MANUTENCAO ATUOU",a esteira que transporta grfas do asebi para a enchedora escapou causando parada na linha manutencao atuou,ESCAPE DE ESTEIRA,ESCAPE DE ESTEIRA
3917,"ENROSCO DE TAMPAS , MAQUINA CONTINUA RODANDO SEM ACUSAR A FALHA , TENDO QUE SER PARADA MANUALMENTE",enrosco de tampas maquina continua rodando sem acusar a falha tendo que ser parada manualmente,ENROSCO DE TAMPAS,ENROSCO DE TAMPAS
3918,FALHA DE ENCHIMENTO(NIVEL BAIXO),falha de enchimento nivel baixo,FALHA DE ENCHIMENTO,FALHA DE ENCHIMENTO
3919,GUIA DA CURVA PRECISOU CORTAR UM PEDAÇO,guia da curva precisou cortar um pedaco,FALHA DE GUIA,FALHA DE GUIA
3920,INSPETOR DESCARTANTANDO LATAS BOAS,inspetor descartantando latas boas,FALHA DE INSPEÇÃO,FALHA DE INSPECAO
3921,"GUIAS FURANDO LATAS, MOLHANDO A MESA DE FORMAÇÃO DE CAMADA",guias furando latas molhando a mesa de formacao de camada,FALHA DE FORMAÇÃO DE CAMADA,FALHA DE FORMACAO DE CAMADA
3922,FALHA NO CORTE TRANSVERSAL DO FILME OCASIONANDO PACOTES ABERTOS E FALHA DE ENVOLVIMENTO (30008813051),falha no corte transversal do filme ocasionando pacotes abertos e falha de envolvimento 30008813051,FALHA DE CORTE DE FILME,FALHA DE CORTE DE FILME
3923,ESTEIRA SAI FORA DO GUIA,esteira sai fora do guia,ESCAPE DE ESTEIRA,ESCAPE DE ESTEIRA
3924,SENSOR FORA DE POSIÇÃO,sensor fora de posicao,FALHA DE SENSOR,FALHA DE SENSOR
3925,ESTEIRA DA CURVA ESCAPANDO,esteira da curva escapando,ESCAPE DE ESTEIRA,ESCAPE DE ESTEIRA
3926,TRAVAMENTO DA VÁLVULA DO DE ÁGUA DO TANQUE 3,travamento da valvula do de agua do tanque 3,TRAVAMENTO DE VÁLVULA,TRAVAMENTO DE VALVULA
3927,ESTEIRA DA CURVA DA PALETIZADORA ESCAPANDO,esteira da curva da paletizadora escapando,ESCAPE DE ESTEIRA,ESCAPE DE ESTEIRA
3928,ESTEIRA DA CURVA DE ENTRADA DA PALETIZADORA ESCAPANDO,esteira da curva de entrada da paletizadora escapando,ESCAPE DE ESTEIRA,ESCAPE DE ESTEIRA
3929,VÁLVULA DE ÁGUA DO TANQUE 2 TRAVADA OCASIONANDO NÍVEL BAIXO DE ÁGUA NO TANQUE,valvula de agua do tanque 2 travada ocasionando nivel baixo de agua no tanque,TRAVAMENTO DE VÁLVULA,TRAVAMENTO DE VALVULA
3930,ESTEIRA DO TRANSPORTE DA CURVA DA PALETIZADORA SAIU FORA DE POSIÇÃO,esteira do transporte da curva da paletizadora saiu fora de posicao,ESCAPE DE ESTEIRA,ESCAPE DE ESTEIRA
3931,TRAVAMENTO DE GARRAFAS NA SAIDA DA LAVADORA,travamento de garrafas na saida da lavadora,ENROSCO DE GARRAFAS,ENROSCO DE GARRAFAS
3932,QUEBRA DA RESISTENCIA DO CORTE DO FILME,quebra da resistencia do corte do filme,FALHA DE CORTE DE FILME,FALHA DE CORTE DE FILME
3933,"ENROSCO DE GARRAFAS NA ESTRELA DE ENTRADA DE ENCHIMENTO, SENSOR DE ENCHIMENTO DE GARRAFAS QUEBRADO",enrosco de garrafas na estrela de entrada de enchimento sensor de enchimento de garrafas quebrado,FALHA DE SENSOR,FALHA DE SENSOR
3934,ENROSCO DE LATAS ( SAINDO LATAS VAZIAS ),enrosco de latas saindo latas vazias,FALHA DE ENCHIMENTO,FALHA DE ENCHIMENTO
3935,TROCA DE 4 ELOS DANIFICADOS DO TRANSPORTE DE ENTRADA DA ENCHEDORA,troca de 4 elos danificados do transporte de entrada da enchedora,FALHA DE TRANSPORTE,FALHA DE TRANSPORTE
3936,FALHA NO ENVIO DE BEBIDA DO TANQUE DESAIRADOR PARA O TANQUE CARBONATADOR,falha no envio de bebida do tanque desairador para o tanque carbonatador,FALHA DE CARBONATAÇÃO,FALHA DE CARBONATACAO
3937,FALHA DE ENCHIMENTO NA VALVULA Nº15,falha de enchimento na valvula no15,FALHA DE VÁLVULA DE ENCHIMENTO,FALHA DE VALVULA DE ENCHIMENTO
3938,SENSOR DA GRELHA PAROU DE FUNCIONAR,sensor da grelha parou de funcionar,FALHA DE SENSOR,FALHA DE SENSOR
3939,QUEBROU O PARAFUSO DO PISTÃO DA ARTICULAÇÃO NUMERO 83,quebrou o parafuso do pistao da articulacao numero 83,QUEBRA DE ATUADOR,QUEBRA DE ATUADOR
3940,FACA TRANSVERSAL NAO CORTANDO O FILME,faca transversal nao cortando o filme,FALHA DE CORTE DE FILME,FALHA DE CORTE DE FILME
3941,EXESSO DE REJEITOS DE LATAS BOAS (30008821889),exesso de rejeitos de latas boas 30008821889,FALHA DE REJEIÇÃO,FALHA DE REJEICAO
3942,FIXAÇÃO DO SENSOR DE LEITURA DE LATAS (30008821878),fixacao do sensor de leitura de latas 30008821878,FALHA DE SENSOR,FALHA DE SENSOR
3943,FALHA NO ENCHIMENTO DAS GARRAFAS VARIAÇÃO DE NIVEL,falha no enchimento das garrafas variacao de nivel,FALHA DE ENCHIMENTO,FALHA DE ENCHIMENTO
3944,FALHA NA INSPEÇÃO ORDEM :30008820750,falha na inspecao ordem 30008820750,FALHA DE INSPEÇÃO,FALHA DE INSPECAO
3945,"FALHA NO CORTE DO FILME, GERANDO FALHA NO ENVOLVIMENTO DE PACOTES",falha no corte do filme gerando falha no envolvimento de pacotes,FALHA DE CORTE DE FILME,FALHA DE CORTE DE FILME
3946,ENROSCO DE LATAS NO GUIA DE ENTRADA DO TWISTER DO RINSER,enrosco de latas no guia de entrada do twister do rinser,ENROSCO DE LATAS,ENROSCO DE LATAS
3947,ESTEIRA ESCAPOU CAUSANDO PARADA NA LINHA,esteira escapou causando parada na linha,ESCAPE DE ESTEIRA,ESCAPE DE ESTEIRA
3948,EQUIPAMENTO SE PERDEU NA MONTAGEM DE PALETES,equipamento se perdeu na montagem de paletes,PERDA DE REFERÊNCIA,PERDA DE REFERENCIA
3949,"QUEDA DE GARRAFAS NO TAPTONE, OCASIONANDO FALHA NO CHECKMAT",queda de garrafas no taptone ocasionando falha no checkmat,FALHA DE INSPEÇÃO,FALHA DE INSPECAO
3950,CORREÇÃO CHUTADOR AJUSTE DAS GUIAS E SENSOR NA ENTRADA LINATRONIC,correcao chutador ajuste das guias e sensor na entrada linatronic,FALHA DE SENSOR,FALHA DE SENSOR
3951,CRASH DE GARRAFAS POR EXCESSO DE REJEITO,crash de garrafas por excesso de rejeito,CRASH DE GARRAFAS,CRASH DE GARRAFAS
3952,ESCAPOU ESTEIRA NA CURVA NA SAIDA DA DESENCAIXOTADORA (2X),escapou esteira na curva na saida da desencaixotadora 2x,ESCAPE DE ESTEIRA,ESCAPE DE ESTEIRA
3954,"SENSOR DE LATA CAIDA NÃO ATUOU, PASSOU LATA CAIDA GERANDO CRASH NA ENCHEDORA",sensor de lata caida nao atuou passou lata caida gerando crash na enchedora,FALHA DE SENSOR,FALHA DE SENSOR
3955,"FALHA NO CORTE, SAINDO FILME MASTIGADO",falha no corte saindo filme mastigado,FALHA DE CORTE DE FILME,FALHA DE CORTE DE FILME
3956,TRAVAMENTO DO SEGMENTO 3000882292,travamento do segmento 3000882292,TRAVAMENTO DE SEGMENTOS,TRAVAMENTO DE SEGMENTOS
3957,"FALHA NO REJEITO,MAQUINA NÃO ESTA REJEITANDO GARRAFAS AMASSADAS,OCASIONANDO TRAVAMENTO NA LAVADORA",falha no rejeito maquina nao esta rejeitando garrafas amassadas ocasionando travamento na lavadora,FALHA DE REJEIÇÃO,FALHA DE REJEICAO
3958,TROCA DA MANGUEIRA DE AGUA 30008822660,troca da mangueira de agua 30008822660,FALHA DE MANGUEIRA DE ÁGUA,FALHA DE MANGUEIRA DE AGUA
3959,TUBULAÇÃO DE RETORNO DE TAMPAS ENTUPIDO,tubulacao de retorno de tampas entupido,ENROSCO DE TAMPAS,ENROSCO DE TAMPAS
3960,PISTÃO MARTINET 49 TRAVADO,pistao martinet 49 travado,TRAVAMENTO DE ATUADOR,TRAVAMENTO DE ATUADOR
3961,TRAVAMENTO DE GARRAFAS NA SAÍDA DA LAVADORA,travamento de garrafas na saida da lavadora,ENROSCO DE GARRAFAS,ENROSCO DE GARRAFAS
3962,MARTINETE DA VALVULA 49 TRAVADO,martinete da valvula 49 travado,TRAVAMENTO DE VÁLVULA,TRAVAMENTO DE VALVULA
3963,TRAVAMENTO DE GARRAFAS NA SAIDA DA LAVADORA,travamento de garrafas na saida da lavadora,ENROSCO DE GARRAFAS,ENROSCO DE GARRAFAS
3964,ALARME SOBRECORRENTE MOTOR 17 NOTA 30008822938,alarme sobrecorrente motor 17 nota 30008822938,SOBRECORRENTE,SOBRECORRENTE
3965,"FALHA DE ENCHIMENTO NA VALVULA Nº15, JUMP FISICO COM A Nº13",falha de enchimento na valvula no15 jump fisico com a no13,FALHA DE VÁLVULA DE ENCHIMENTO,FALHA DE VALVULA DE ENCHIMENTO
3966,ESCAPOU A ESTEIRA NA CURVA DA DESENCAIXOTADORA,escapou a esteira na curva da desencaixotadora,ESCAPE DE ESTEIRA,ESCAPE DE ESTEIRA
3967,REGULAGEM E LIMPEZA DO SENSOR DE SEGURANÇA DO CABEÇOTE,regulagem e limpeza do sensor de seguranca do cabecote,FALHA DE SENSOR,FALHA DE SENSOR
3968,"FALHA TROCA DE BANDEJA , OCASIONANDO ENROSCO DE ROTULOS DO AGREGADO 1",falha troca de bandeja ocasionando enrosco de rotulos do agregado 1,FALHA NA TROCA DE BANDEJA,FALHA NA TROCA DE BANDEJA
3969,TRAVAMENTO DE GARRAFAS NA SAIDA DA LAVADORA,travamento de garrafas na saida da lavadora,ENROSCO DE GARRAFAS,ENROSCO DE GARRAFAS
3970,FALHA NO MAGAZINE DE PALETE,falha no magazine de palete,FALHA DE MAGAZINE,FALHA DE MAGAZINE
3971,"ROLETES DANIFICADOS,PALETES PARANDO FORA DE POSIÇÃO",roletes danificados paletes parando fora de posicao,FALHA DE ROLETES,FALHA DE ROLETES
3972,TRAVAMENTO DE GARRAFAS NA SAIDA,travamento de garrafas na saida,ENROSCO DE GARRAFAS,ENROSCO DE GARRAFAS
3973,FALHA NO REDUTOR DO CORRENTÃO 30008824736,falha no redutor do correntao 30008824736,FALHA DE REDUTOR,FALHA DE REDUTOR
3974,TROCA DO SELO DA BOMBA TQ2 DE SODA,troca do selo da bomba tq2 de soda,FALHA DE BOMBA,FALHA DE BOMBA
3975,"TUBULAÇÃO DE TAMPA ENTUPIDA, FEITO A DESMONTAGEM DA TUBULAÇÃO 30008826287",tubulacao de tampa entupida feito a desmontagem da tubulacao 30008826287,ENROSCO DE TAMPAS,ENROSCO DE TAMPAS
3976,PACOTES MAL FORMADOS E ABERTOS GERANDO ENROSCO NA PALETIZADORA,pacotes mal formados e abertos gerando enrosco na paletizadora,ENROSCO DE PACOTES,ENROSCO DE PACOTES
3977,FALHA NO SISTEMA DE ENVOLVIMENTO 30008826293,falha no sistema de envolvimento 30008826293,FALHA DE ENVOLVIMENTO,FALHA DE ENVOLVIMENTO
3978,FALHA NO SENSOR DE TAMPA ORDEM 30008824739,falha no sensor de tampa ordem 30008824739,FALHA DE SENSOR,FALHA DE SENSOR
3979,"SENSOR DE RECONHECIMENTO DE MARCAÇÃO DO FILME, FORA DE POSIÇÃO (ORDEM 30008826263)",sensor de reconhecimento de marcacao do filme fora de posicao ordem 30008826263,FALHA DE SENSOR,FALHA DE SENSOR
3980,FALHA NO SENSOR DO TRANSPORTE DE ELEVAÇÃO ORDEM 30008826467,falha no sensor do transporte de elevacao ordem 30008826467,FALHA DE SENSOR,FALHA DE SENSOR
3981,FALHA MOTOR TAG-215 NO TRANSPORTE NA SAIDA LINATRONIC,falha motor tag 215 no transporte na saida linatronic,FALHA DE MOTOR,FALHA DE MOTOR
3982,ESTEIRA DA CURVA DE ENTRADA DA ENCAIXOTADORA ESCAPOU,esteira da curva de entrada da encaixotadora escapou,ESCAPE DE ESTEIRA,ESCAPE DE ESTEIRA
3983,AJUSTE E POSICIONAMENTO DOS GUIAS E DA CHAPA DE ENTRADA DE GARRAFA 30008826463,ajuste e posicionamento dos guias e da chapa de entrada de garrafa 30008826463,SEM MODO DE FALHA IDENTIFICADO,SEM MODO DE FALHA IDENTIFICADO
3984,ENROSCO DE GARRAFA NA SAÍDA DA LAVADORA,enrosco de garrafa na saida da lavadora,ENROSCO DE GARRAFAS,ENROSCO DE GARRAFAS
3985,TRAVAMENTO DE GARRAFAS NA SAIDA DA LAVADORA,travamento de garrafas na saida da lavadora,ENROSCO DE GARRAFAS,ENROSCO DE GARRAFAS
3986,"ENROSCO DE LATA NO TWISTER,PÓS HEUFT",enrosco de lata no twister pos heuft,FALHA DE INSPEÇÃO,FALHA DE INSPECAO
3987,EXCESSO DE REJEIÇÃO,excesso de rejeicao,FALHA DE REJEIÇÃO,FALHA DE REJEICAO
3988,FALHA DE SEGURANÇA DA HEUFT,falha de seguranca da heuft,FALHA DE INSPEÇÃO,FALHA DE INSPECAO
3989,"APÓS RETIRADA AUTOMATICA DE PILHA DE PALETE VAZI, MAQUINA SE PERDEU, ASSIM NAO FAZENDO PROCESSO AUTOMATICO DE SUBIDA E DESCIDA",apos retirada automatica de pilha de palete vazi maquina se perdeu assim nao fazendo processo automatico de subida e descida,PERDA DE REFERÊNCIA,PERDA DE REFERENCIA
3990,ROBO DE CARTÃO SE PERDEU APÓS FALHA AUTOMATICA DO ROBO DE PALETE VAZIO,robo de cartao se perdeu apos falha automatica do robo de palete vazio,FALHA DE ROBÔ,FALHA DE ROBO
3991,"VARIAÇÃO NA ENTREGA DO FILME DO FILME, TIRANDO FORA DO PARAMETRO OS DADOS PARA CONSEGUIR RODAR",variacao na entrega do filme do filme tirando fora do parametro os dados para conseguir rodar,FALHA DE ENVOLVIMENTO,FALHA DE ENVOLVIMENTO
3992,"ENROSCO DE TAMPA NA DESCIDA DA CASCATA,GERANDO CRASCH NA RECRAVADORA",enrosco de tampa na descida da cascata gerando crasch na recravadora,ENROSCO DE TAMPAS,ENROSCO DE TAMPAS
3993,"DESALINHAMENTO DO GUIA DA CORRENTE DE ARRASTE,MARCANDO A LATA",desalinhamento do guia da corrente de arraste marcando a lata,DESALINHAMENTO DE GUIA,DESALINHAMENTO DE GUIA
3994,GUIA DE ENTRADA DE ENTREGA DE LATAS DESALINHADA,guia de entrada de entrega de latas desalinhada,DESALINHAMENTO DE GUIA,DESALINHAMENTO DE GUIA
3995,"CHAPA DE PASSAGEM DE GARRAFAS DANIFICADA,DERUBANDO GARRAFAS",chapa de passagem de garrafas danificada derubando garrafas,FALHA DE GUIA,FALHA DE GUIA
3996,"CONGESTIONAMENTO DE CAIXAS,PERDA DE CONTAGEM",congestionamento de caixas perda de contagem,ENROSCO DE CAIXAS,ENROSCO DE CAIXAS
3997,"FALHA NA GARRAFA TESTE,FALHA NO SENSOR DE LEITUTA DO TRANSPOUDER",falha na garrafa teste falha no sensor de leituta do transpouder,FALHA DE SENSOR,FALHA DE SENSOR
3998,"CONGESTIONAMENTO DE CAIXAS,ERRO NA FORMAÇÃO DAS CAMADAS",congestionamento de caixas erro na formacao das camadas,ENROSCO DE CAIXAS,ENROSCO DE CAIXAS
3999,TRAVAMENTO E QUEDA DE GARRAFAS NA SAIDA,travamento e queda de garrafas na saida,QUEDA DE GARRAFAS,QUEDA DE GARRAFAS
4000,FALHA DE ENCHIMENTO NA VALVULA 18,falha de enchimento na valvula 18,FALHA DE VÁLVULA DE ENCHIMENTO,FALHA DE VALVULA DE ENCHIMENTO
4001,TRAVAMENTO DE GARRAFAS NA SAIDA,travamento de garrafas na saida,ENROSCO DE GARRAFAS,ENROSCO DE GARRAFAS
4002,FALHA DE ENCHIMENTO VALVULA 18,falha de enchimento valvula 18,FALHA DE VÁLVULA DE ENCHIMENTO,FALHA DE VALVULA DE ENCHIMENTO
4003,FALAH NO INVERSOR DO MOTOR 329,falah no inversor do motor 329,FALHA DE INVERSOR,FALHA DE INVERSOR
4004,MUITAS GARRAFAS VINDO COM ROTULOS OSASIONADO CRASH NA SAIDADA LAVADORA E LINATRONIC,muitas garrafas vindo com rotulos osasionado crash na saidada lavadora e linatronic,Excesso de garrafa com rotulo,EXCESSO DE GARRAFA COM ROTULO
4005,FALHA MOTOR TAG-329 NO TRECHO DA PALETIZADORA,falha motor tag 329 no trecho da paletizadora,FALHA DE MOTOR,FALHA DE MOTOR
4006,MUITAS GARRAFAS VINDO COM ROTULOS OCASIONADO CRASH NA SAIDADA LAVADORA E LINATRONIC,muitas garrafas vindo com rotulos ocasionado crash na saidada lavadora e linatronic,Excesso de garrafa com rotulo,EXCESSO DE GARRAFA COM ROTULO
4007,FALHA NA CODIFICAÇÃO ORDEM 30008827622,falha na codificacao ordem 30008827622,FALHA DE CODIFICAÇÃO,FALHA DE CODIFICACAO
4008,FALHA NA CODIFICAÇÃO,falha na codificacao,FALHA DE CODIFICAÇÃO,FALHA DE CODIFICACAO
4009,FALHA NO SENSOR DE LIBERACAO DE GARRAFAS DA ENCHEDORA,falha no sensor de liberacao de garrafas da enchedora,FALHA DE SENSOR,FALHA DE SENSOR
4010,TROCA DA ENGRENAGEM DA ESTEIRA DE GRFS VAZIAS PARA ENCHEDORA,troca da engrenagem da esteira de grfs vazias para enchedora,FALHA DE ENGRENAGEM,FALHA DE ENGRENAGEM
4011,"CORRENTE COM DESGASTE, NECESSARIO AJUSTE PARA COMPENSAR FALHA ( ORDEM - 30008827895 )",corrente com desgaste necessario ajuste para compensar falha ordem 30008827895,FALHA DE CORRENTE,FALHA DE CORRENTE
4012,"DESENCAIXOTADORA FALHA ELETRICA , CAUSANDO ATRASO NO ABASTECIMENTO DA LAVADORA",desencaixotadora falha eletrica causando atraso no abastecimento da lavadora,FALHA ELÉTRICA SEM COMPONENTE IDENTIFICADO,FALHA ELETRICA SEM COMPONENTE IDENTIFICADO
4013,FALHA NA CODIFICAÇÃO DAS GARRAFAS,falha na codificacao das garrafas,FALHA DE CODIFICAÇÃO,FALHA DE CODIFICACAO
4014,DESARMOU MOTOR TAG- 201 NO TRANSPORTE NA SAID DA LAVADORA,desarmou motor tag 201 no transporte na said da lavadora,DESARME DE MOTOR,DESARME DE MOTOR
4015,DESARMOU MOTOR TAG-329 NA CURVA DO TRANSPORTE PALETIZADORA,desarmou motor tag 329 na curva do transporte paletizadora,DESARME DE MOTOR,DESARME DE MOTOR
4016,MUITAS GARRAFAS VINDO COM ROTULOS OCASIONADO CRASH NA SAIDADA LAVADORA E LINATRONIC,muitas garrafas vindo com rotulos ocasionado crash na saidada lavadora e linatronic,Excesso de garrafa com rotulo,EXCESSO DE GARRAFA COM ROTULO
4017,"MUITAS GARRAFAS COM ROTULOS, OCASIONANDO CRASH NA SAIDA LAVADORA E LINATRONIC",muitas garrafas com rotulos ocasionando crash na saida lavadora e linatronic,Excesso de garrafa com rotulo,EXCESSO DE GARRAFA COM ROTULO
4018,FALHA VIDEOJET NA CODIFICAÇÃO,falha videojet na codificacao,FALHA DE CODIFICAÇÃO,FALHA DE CODIFICACAO
4019,FALHA TROCA DE BANDEJA DO AGREGADO 2,falha troca de bandeja do agregado 2,FALHA NA TROCA DE BANDEJA,FALHA NA TROCA DE BANDEJA
4020,ENROSCO DE TAMPAS NA ENTRADA DO LACRADOR DE TAMPAS CAUSANDO PARADA NA MAQUINA,enrosco de tampas na entrada do lacrador de tampas causando parada na maquina,ENROSCO DE TAMPAS,ENROSCO DE TAMPAS
4021,"AR PREVIO REPICANDO SOBRE AS BORBOLETAS , VALVULA 33 ALGUMAS VEZES NAO ACIONADA , CAUSANDO FALHA DE ENCHIMENTO",ar previo repicando sobre as borboletas valvula 33 algumas vezes nao acionada causando falha de enchimento,FALHA DE VÁLVULA DE ENCHIMENTO,FALHA DE VALVULA DE ENCHIMENTO
4022,"NÃO TINHA MAIS DESSA ESTEIRA, RETIRANDO 3 ELOS DA OUTRA ESTEIRA QUE ESTAVA COM SOBRA, E COLOCANDO NA ESTEIRA QUEBRADA ORDEM (30008829425)",nao tinha mais dessa esteira retirando 3 elos da outra esteira que estava com sobra e colocando na esteira quebrada ordem 30008829425,QUEBRA DE ESTEIRA,QUEBRA DE ESTEIRA
4023,TÉRMICO DESARMADO,termico desarmado,DESARME TÉRMICO,DESARME TERMICO
4024,QUEDA DO PINO DE SEPARAÇÃO,queda do pino de separacao,FALHA DE PINO,FALHA DE PINO
4025,TROCA DE PARAFUSO QUEBRADO DOS ROLETES DA BAILARINA (30008829443),troca de parafuso quebrado dos roletes da bailarina 30008829443,FALHA DE ROLETES,FALHA DE ROLETES
4026,"VELOCIDADE REDUZIDA, TRIPIDAÇÃO DE LATAS NA SAIDA DA ENCHEDORA, ENTREGA PARA A CORRENTE DE ARRASTE, PERDENDO CONTEUDO LIQUIDO",velocidade reduzida tripidacao de latas na saida da enchedora entrega para a corrente de arraste perdendo conteudo liquido,TREPIDAÇÃO DE LATAS,TREPIDACAO DE LATAS
4027,"QUEBRA DO PARAFUSO DA BAILARINA, FALHA DE ENVOLVIMENTO",quebra do parafuso da bailarina falha de envolvimento,QUEBRA DE PARAFUSO,QUEBRA DE PARAFUSO
4028,"MAGAZINE DE PALLET VAZIO DESALINHADA, GERANDO FALHA NA RETIRADA (30008827972).",magazine de pallet vazio desalinhada gerando falha na retirada 30008827972,FALHA DE MAGAZINE,FALHA DE MAGAZINE
4029,"FALHA NO LEITOR DO RX, TRANSPORTE PAROU ANTES DA FILTEC ORDEM: 30008828581",falha no leitor do rx transporte parou antes da filtec ordem 30008828581,FALHA DE INSPEÇÃO,FALHA DE INSPECAO
4030,FALHA NA SAIDA DO PALETE NO ELEVADOR DE FORMAÇÃO DE CAMADAS,falha na saida do palete no elevador de formacao de camadas,FALHA DE FORMAÇÃO DE CAMADA,FALHA DE FORMACAO DE CAMADA
4031,QUEBROU A CORREIA NO CAPSULADOR,quebrou a correia no capsulador,QUEBRA DE CORREIA,QUEBRA DE CORREIA
4032,"FALHA FORMAÇÃO DE CAMADAS, OCASIONANDO COLISÃO DE CAIXAS",falha formacao de camadas ocasionando colisao de caixas,FALHA DE FORMAÇÃO DE CAMADA,FALHA DE FORMACAO DE CAMADA
4033,FALHA TUNEL SECAGEM DE ROTULOS NA ENTRADA DA ROTULADORA,falha tunel secagem de rotulos na entrada da rotuladora,FALHA DE SECAGEM DE RÓTULO,FALHA DE SECAGEM DE ROTULO
4034,"FALHA PRESSÃO DO EMPURRADOR DE ROTULOS, OCASIONANDO ENROSCO DE ROTULOS DO AGREGADO 2",falha pressao do empurrador de rotulos ocasionando enrosco de rotulos do agregado 2,ENROSCO DE RÓTULOS,ENROSCO DE ROTULOS
4035,QUEBROU PARAFUSO DE ROLETE NA FORMAÇÃO DE CAMADAS PALETIZADORA 30008829642,quebrou parafuso de rolete na formacao de camadas paletizadora 30008829642,FALHA DE ROLETES,FALHA DE ROLETES
4036,"FALHA NA FORMAÇÃO DE CAMADA, PROCEDIMEMTO EM MANUAL",falha na formacao de camada procedimemto em manual,FALHA DE FORMAÇÃO DE CAMADA,FALHA DE FORMACAO DE CAMADA
4037,CONGESTIONAMENTO DE CAIXAS NA MESA,congestionamento de caixas na mesa,ENROSCO DE CAIXAS,ENROSCO DE CAIXAS
4038,FALHA TUNEL SECAGEM DE ROTULOS NA ENTRADA DA ROTULADORA,falha tunel secagem de rotulos na entrada da rotuladora,FALHA DE SECAGEM DE RÓTULO,FALHA DE SECAGEM DE ROTULO
4039,TRAVAMENTO E QUEDA DE GARRAFAS NA SAIDA,travamento e queda de garrafas na saida,QUEDA DE GARRAFAS,QUEDA DE GARRAFAS
4040,"CONGESTIONAMENTO DE CAIXA NA MESA,PERDA DE CONTAGEM",congestionamento de caixa na mesa perda de contagem,ENROSCO DE CAIXAS,ENROSCO DE CAIXAS
4041,TRASPORTE DE CAIXAS ENTRE DESPAL E ENCA QUEBRADO 30008831631,trasporte de caixas entre despal e enca quebrado 30008831631,QUEBRA DE TRANSPORTE,QUEBRA DE TRANSPORTE
4042,SENSOR COM TEMPO DE RESPOSTA BAIXA,sensor com tempo de resposta baixa,FALHA DE SENSOR,FALHA DE SENSOR
4043,QUEBROU PARAFUSO DO PISTÃO DA DESPALETIZADORA,quebrou parafuso do pistao da despaletizadora,QUEBRA DE ATUADOR,QUEBRA DE ATUADOR
4044,"ROMPIMENTO DO FILME DURANTE A TROCA DE BOBINA, EQUIPAMENTO NÃO ESTÁ SELANDO CORRETAMENTE",rompimento do filme durante a troca de bobina equipamento nao esta selando corretamente,ROMPIMENTO DE FILME,ROMPIMENTO DE FILME
4045,"ROMPIMENTO DE FILME DURANTE A TROCA DE BOBINA, SOLDAGEM DO FILME GRUDANDO NO TEFLON",rompimento de filme durante a troca de bobina soldagem do filme grudando no teflon,FALHA DE SOLDA DE FILME,FALHA DE SOLDA DE FILME
4046,"EXCESSO DE QUEDA DE GARRAFAS NA MESA DE ENVOLVIMENTO, REALIZADO AJUSTE NOS GUIAS, ALTURA DA TRANSFERENCIA E PAREMETROS DA GUIA DE ARRASTE 30008830783",excesso de queda de garrafas na mesa de envolvimento realizado ajuste nos guias altura da transferencia e paremetros da guia de arraste 30008830783,QUEDA DE GARRAFAS,QUEDA DE GARRAFAS
4047,FILME ESTOURANDO NA SOLDA AUTOMATICA,filme estourando na solda automatica,FALHA DE SOLDA DE FILME,FALHA DE SOLDA DE FILME
4048,"CONJUNTO DE ESTRELAS DA REFRIGEIRAÇÃO DE FUNDO ESTÁ PERDENDO O SINCRONISMO DURANTE A PRODUÇÃO, OCASIONANDO QUEDA DE GARRAFAS E FALHA DE MONITORAMENTO",conjunto de estrelas da refrigeiracao de fundo esta perdendo o sincronismo durante a producao ocasionando queda de garrafas e falha de monitoramento,QUEDA DE GARRAFAS,QUEDA DE GARRAFAS
4049,"CONJUNTO DE ESTRELA DA REFRIGEIRAÇÃO FUNDO ESTÁ PERDENDO SINCRONISMO DURANTE A PRODUÇÃO, OCASIONANDO QUEDA DE GARRAFAS E FALHA DE MONITORAMENTO",conjunto de estrela da refrigeiracao fundo esta perdendo sincronismo durante a producao ocasionando queda de garrafas e falha de monitoramento,QUEDA DE GARRAFAS,QUEDA DE GARRAFAS
4050,QUEDA DE GARRAFAS NO PINO DE SEPARAÇÃO,queda de garrafas no pino de separacao,QUEDA DE GARRAFAS,QUEDA DE GARRAFAS
4051,QUEBRA DA ESTEIRA / ORDEM 30008830734,quebra da esteira ordem 30008830734,QUEBRA DE ESTEIRA,QUEBRA DE ESTEIRA
4052,TRAVAMENTO DO ROLETE DE TRAÇÃO DO TRANSPORTE DE PALETES PRONTOS,travamento do rolete de tracao do transporte de paletes prontos,TRAVAMENTO DE TRANSPORTE,TRAVAMENTO DE TRANSPORTE
4053,FALHA NA SAIDA DE PALETES VAZIOS DO MAGAZINE,falha na saida de paletes vazios do magazine,FALHA DE MAGAZINE,FALHA DE MAGAZINE
4054,TRANSPORTE DO WARMER DERRUBANDO LATAS EM EXCESSO PARA O PULMAO/FILTEC,transporte do warmer derrubando latas em excesso para o pulmao filtec,FALHA DE INSPEÇÃO,FALHA DE INSPECAO
4055,ALINHAMENTO DAS CAMADAS DO PALETE CHEIO,alinhamento das camadas do palete cheio,FALHA DE FORMAÇÃO DE CAMADA,FALHA DE FORMACAO DE CAMADA
4056,"VELOCIDADE REDUZIDA, TREPIDAÇÃO DE LATAS NA SAIDA DA ENCHEDORA, ENTREGA PARA A CORRENTE DE ARRASTE, PERDENDO CONTEUDO LIQUIDO",velocidade reduzida trepidacao de latas na saida da enchedora entrega para a corrente de arraste perdendo conteudo liquido,TREPIDAÇÃO DE LATAS,TREPIDACAO DE LATAS
4057,AJUSTE DE PARAMETROS,ajuste de parametros,SEM MODO DE FALHA IDENTIFICADO,SEM MODO DE FALHA IDENTIFICADO
4058,"APÓS REALIZAR ALGUMA INTERVENÇÃO NA MAQUINA, O EQUIPAMENTO PERDE O CICLO E NÃO APRESENTA FALHAS. ORDEM- 30008829623",apos realizar alguma intervencao na maquina o equipamento perde o ciclo e nao apresenta falhas ordem 30008829623,FALHA DE AUTOMAÇÃO,FALHA DE AUTOMACAO
4059,"ENCHEDORA NÃO RECINHECENDO O PULSO DA RECEITA DE 200ML, PULSO FICOU EM 2000ML",enchedora nao recinhecendo o pulso da receita de 200ml pulso ficou em 2000ml,FALHA DE LEITURA,FALHA DE LEITURA
4060,QUEBRA DE HASTE DO CILINDRO PNEUMATICO DO BRAÇO 30008831666,quebra de haste do cilindro pneumatico do braco 30008831666,QUEBRA DE ATUADOR,QUEBRA DE ATUADOR
4061,FALHA DE CONGESTIONAMENTO NA ENTRADA DE CAIXAS DA PALETIZADORA 30008831737,falha de congestionamento na entrada de caixas da paletizadora 30008831737,ENROSCO DE CAIXAS,ENROSCO DE CAIXAS
4062,"FALHA NA AUTOMAÇÃO DO TRANSPORTE,CAUSANDO FALÇO REJEITO NO INSPETOR DE CAIXA CHEIA",falha na automacao do transporte causando falco rejeito no inspetor de caixa cheia,FALHA DE REJEIÇÃO,FALHA DE REJEICAO
4063,TRAVAMENTO DE GARRAFAS NA SAIDA,travamento de garrafas na saida,ENROSCO DE GARRAFAS,ENROSCO DE GARRAFAS
4064,ESTEIRA ENCAVALOU,esteira encavalou,TRAVAMENTO DE ESTEIRA,TRAVAMENTO DE ESTEIRA
4065,"VELOCIDADE REDUZIDA, TREPIDAÇÃO DE LATAS NA SAIDA DA ENCHEDORA, ENTREGA PARA A CORRENTE DE ARRASTE, PERDENDO CONTEUDO LIQUIDO",velocidade reduzida trepidacao de latas na saida da enchedora entrega para a corrente de arraste perdendo conteudo liquido,TREPIDAÇÃO DE LATAS,TREPIDACAO DE LATAS
4066,FALHA DE BARREIRA NA SAIDA DE PALETES,falha de barreira na saida de paletes,FALHA DE BARREIRA,FALHA DE BARREIRA
4067,ENROSCO DA FOLHA SEPARADORA DE CAMADAS,enrosco da folha separadora de camadas,TRAVAMENTO DE TRANSPORTE,TRAVAMENTO DE TRANSPORTE
4068,"FALHA DE ""SEG DE PRESSÃO DE H2O NO RESFRIAMENTO NO PINO DE ENXAGUE¨",falha de seg de pressao de h2o no resfriamento no pino de enxague,FALHA DE PRESSÃO DE ÁGUA,FALHA DE PRESSAO DE AGUA
4069,TROCA DA VÁLVULA DO DRENO QUE ESTAVA DANDO PASSAGEM (46 E 24) – TECSUL – NOTA 30008833970,troca da valvula do dreno que estava dando passagem 46 e 24 tecsul nota 30008833970,VAZAMENTO EM VÁLVULA,VAZAMENTO EM VALVULA
4070,TROCA DO SENSOR DE CONFIRMA DE GARRAFAS PARA PEGADA DO ROBO 30008832960,troca do sensor de confirma de garrafas para pegada do robo 30008832960,FALHA DE SENSOR,FALHA DE SENSOR
4071,CORREÇÃO SENSOR PERFIL DE CAMADA SOB A MESA 30008832977,correcao sensor perfil de camada sob a mesa 30008832977,FALHA DE SENSOR,FALHA DE SENSOR
4072,FALHA FORMAÇÃO DE CAMADA,falha formacao de camada,FALHA DE FORMAÇÃO DE CAMADA,FALHA DE FORMACAO DE CAMADA
4073,FALHA SENSOR DE CORREIA DO DESCAPSULADOR,falha sensor de correia do descapsulador,FALHA DE SENSOR,FALHA DE SENSOR
4074,CORREÇÃO SENSOR PERFIL DE CAMADA SOB A MESA,correcao sensor perfil de camada sob a mesa,FALHA DE SENSOR,FALHA DE SENSOR
4075,TRAVAMENTO DE GARRAFAS NA SAIDA DA LAVADORA,travamento de garrafas na saida da lavadora,ENROSCO DE GARRAFAS,ENROSCO DE GARRAFAS
4076,"FALHA NA AUTOMAÇÃO DO TRANSPORTE ,CAUSANDO FALÇO REJEITO NO INPETOR DE CAIXA CHEIA",falha na automacao do transporte causando falco rejeito no inpetor de caixa cheia,FALHA DE AUTOMAÇÃO,FALHA DE AUTOMACAO
4077,TRAVAMENTO DO STOPER DA MESA DE CAIXAS DA PALETIZADORA,travamento do stoper da mesa de caixas da paletizadora,TRAVAMENTO DE TRANSPORTE,TRAVAMENTO DE TRANSPORTE
4078,FALHA NA PORTA DE SEGURANÇA DURANTE TROCA DO PALETE DE CARTÃO (30008834252),falha na porta de seguranca durante troca do palete de cartao 30008834252,FALHA NA TROCA DE PALETE DE CARTÃO,FALHA NA TROCA DE PALETE DE CARTAO
4079,FALHA NA BARREIRA DE SEGURANÇA NA SAIDA DO PALLET DE CARTÃO,falha na barreira de seguranca na saida do pallet de cartao,FALHA DE BARREIRA,FALHA DE BARREIRA
4080,"PORTA BLOQUEADA, HOUVE ESTOURO DE TUBETE NO SISTEMA DE CORTE, COM A PORTA BLOQUEADA DIFICULTA O ACESSO PARA O RESET DA MAQUINA, NOTA : 13337795",porta bloqueada houve estouro de tubete no sistema de corte com a porta bloqueada dificulta o acesso para o reset da maquina nota 13337795,FALHA DE PORTA DE SEGURANÇA,FALHA DE PORTA DE SEGURANCA
4081,"ROLETE DO TRANSPORTE SE SOLTOU, IMPEDINDO A SAIDA DOS PALETES ACABADOS, ORDEM : 30008832946",rolete do transporte se soltou impedindo a saida dos paletes acabados ordem 30008832946,FALHA DE ROLETES,FALHA DE ROLETES
4082,1FALHA NO MOTOR PRINCIPAL CAUSANDO PARADA NA MAQUINA . ORDEM ;30008833972 NOTA 13357641,1falha no motor principal causando parada na maquina ordem 30008833972 nota 13357641,FALHA DE MOTOR,FALHA DE MOTOR
4083,"MAQUINA ACUSOU ERRO, PEDINDO PARA SER MASTERIZADA CAUSANDO PARADA NA LINHA",maquina acusou erro pedindo para ser masterizada causando parada na linha,PERDA DE REFERÊNCIA,PERDA DE REFERENCIA
4084,"INSPEÇÃO (AVALAIÇÃO) NOS BOCAIS 4,5,10,11 E 18 ORDEM 30008833891 - PRGRAMADA ATUAÇÃO PARA O PCM",inspecao avalaicao nos bocais 4 5 10 11 e 18 ordem 30008833891 prgramada atuacao para o pcm,FALHA DE INSPEÇÃO,FALHA DE INSPECAO
4085,TROCA DA VÁLVULA DO DRENO QUE ESTAVA DANDO PASSAGEM (46 E 24) - TECSUL,troca da valvula do dreno que estava dando passagem 46 e 24 tecsul,VAZAMENTO EM VÁLVULA,VAZAMENTO EM VALVULA
4086,TRAVAMENTO DE GARRAFAS NA SIADA DA LAVADORA,travamento de garrafas na siada da lavadora,ENROSCO DE GARRAFAS,ENROSCO DE GARRAFAS
4087,"FALHA SENSOR NO DESCAPSULADOR, SAINDO GARRAFAS COM TAMPAS NA SAIDA DO DESCAPSULADOR",falha sensor no descapsulador saindo garrafas com tampas na saida do descapsulador,FALHA DE SENSOR,FALHA DE SENSOR
4088,"EXCESSO DE REJEITO DE GARRAFAS COM ROTULOS, OCASIONANDO CRASH NOS TRANSPORTES",excesso de rejeito de garrafas com rotulos ocasionando crash nos transportes,Excesso de garrafa com rotulo,EXCESSO DE GARRAFA COM ROTULO
4089,FALHA DE COMUNICAÇÃO DE REDE,falha de comunicacao de rede,FALHA DE COMUNICAÇÃO,FALHA DE COMUNICACAO
4090,"FALHA NA AUTOMAÇÃO DO TRANSPORTE,CAUSANDO FALSO REJEITO NO INPETOR DE CAIXAS CHEIA",falha na automacao do transporte causando falso rejeito no inpetor de caixas cheia,FALHA DE REJEIÇÃO,FALHA DE REJEICAO
4091,TRAVAMENTO DO STOPER DE CAIXAS DA MESA DA PALETIZADORA,travamento do stoper de caixas da mesa da paletizadora,TRAVAMENTO DE STOPPER,TRAVAMENTO DE STOPPER
4092,TRAVAMENTO DE GARRAFAS NA SAIDA,travamento de garrafas na saida,ENROSCO DE GARRAFAS,ENROSCO DE GARRAFAS
4093,ENROSCO DE TAMPAS NA ENTRADA DO ARROLHADOR CAUSANDO PARADAS NA MAQUINA,enrosco de tampas na entrada do arrolhador causando paradas na maquina,ENROSCO DE TAMPAS,ENROSCO DE TAMPAS
4094,ENROSCO DE TAMPAS NA ENTRADA DO ARROLHADOR CAUSANDO PARADAS NA MAQUINA,enrosco de tampas na entrada do arrolhador causando paradas na maquina,ENROSCO DE TAMPAS,ENROSCO DE TAMPAS
4095,FALHA NO INSERIMENTO DE LATAS FALSAS,falha no inserimento de latas falsas,FALHA DE INSPEÇÃO,FALHA DE INSPECAO
4096,FALHA NO CORTE DO FILME GERANDO PACOTES ABERTOS E MAL FORMADOS,falha no corte do filme gerando pacotes abertos e mal formados,FALHA DE CORTE DE FILME,FALHA DE CORTE DE FILME
4097,ENCHEDORA SAINDO MUITAS LATAS VAZIAS ORDEM: 30008834521,enchedora saindo muitas latas vazias ordem 30008834521,FALHA DE ENCHIMENTO,FALHA DE ENCHIMENTO
4098,PACOTES MAL FORMADOS OCASIONANDO PARADA NA PALETIZADORA,pacotes mal formados ocasionando parada na paletizadora,FALHA DE FORMAÇÃO DE PACOTE,FALHA DE FORMACAO DE PACOTE
4099,FALHA NO ENVOLVIMENTO SAINDO PACOTES ABERTOS,falha no envolvimento saindo pacotes abertos,FALHA DE ENVOLVIMENTO,FALHA DE ENVOLVIMENTO
4100,"CHAPA DE PASSAGEM DO TRANSPORTE DE ENTRADA DO WARMER, DERRUBANDO LATAS (30008834709)",chapa de passagem do transporte de entrada do warmer derrubando latas 30008834709,QUEDA DE LATAS,QUEDA DE LATAS
4101,"FALHA NO CORTE DO FILME, GERANDO PACOTES ABERTOS (3000884707)",falha no corte do filme gerando pacotes abertos 3000884707,FALHA DE CORTE DE FILME,FALHA DE CORTE DE FILME
4102,"FACA VERTICAL SEM CORTE, GERANDO A FALHA NO ENVOLVIMENTO SAINDO PACOTES ABERTOS",faca vertical sem corte gerando a falha no envolvimento saindo pacotes abertos,FALHA DE CORTE DE FILME,FALHA DE CORTE DE FILME
4103,FALHA NA RESERVA DE PALETE DAS DESPALETIZADORA (30008834708),falha na reserva de palete das despaletizadora 30008834708,FALHA DE MAGAZINE,FALHA DE MAGAZINE
4104,"VAZAMENTO DE CO2 NA VALVULA PRINCIPAL DE ENTRADA.( 15 MIN). - FALHA NO PRESSOSTATO, FALTA DE AR NAS VALVULAS ELETRONICAS.",vazamento de co2 na valvula principal de entrada 15 min falha no pressostato falta de ar nas valvulas eletronicas,FALHA DE PRESSOSTATO,FALHA DE PRESSOSTATO
4106,"FALHA NO PRESSOSTATO, FALTA DE AR NAS VALVULAS ELETRONICAS .",falha no pressostato falta de ar nas valvulas eletronicas,FALHA DE PRESSOSTATO,FALHA DE PRESSOSTATO
4107,QUEDA DE GARRAFA NA REGUA DE ARRASTE,queda de garrafa na regua de arraste,QUEDA DE GARRAFAS,QUEDA DE GARRAFAS
4108,FALHA NA RESERVA DE PALLET DA DESPALETIZADORA (30008834708),falha na reserva de pallet da despaletizadora 30008834708,FALHA DE MAGAZINE,FALHA DE MAGAZINE
4109,"FALHA NO CORTE DO FILME, GERANDO PACOTES ABERTOS (3000884707)",falha no corte do filme gerando pacotes abertos 3000884707,FALHA DE CORTE DE FILME,FALHA DE CORTE DE FILME
4110,CONECTOR DE ALIMENTAÇÃO DA BARRA DE RESISTENCIA ESCAPOU - ORDEM: 30008837026,conector de alimentacao da barra de resistencia escapou ordem 30008837026,FALHA DE CONEXÃO ELÉTRICA,FALHA DE CONEXAO ELETRICA
4111,TRAVAMENTO DA PINÇA NUMERO 12,travamento da pinca numero 12,TRAVAMENTO DE PINÇA,TRAVAMENTO DE PINCA
4112,TRAVAMENTO DO STOPER DE CAIXA DA MESA DA PALETIZADORA,travamento do stoper de caixa da mesa da paletizadora,TRAVAMENTO DE STOPPER,TRAVAMENTO DE STOPPER
4113,FALHA NA AUTOMAÇÃO.CAUSANDO FALSO REJEITO NO INSPETOR DE CAIXA CHEIA,falha na automacao causando falso rejeito no inspetor de caixa cheia,FALHA DE REJEIÇÃO,FALHA DE REJEICAO
4114,FALHA NA LEITURA DA GARRAFA TESTE N 12,falha na leitura da garrafa teste n 12,FALHA DE INSPEÇÃO,FALHA DE INSPECAO
4115,FALHA NO SENSOR DE GARRAFAS TOMBADA DO SPOTTER,falha no sensor de garrafas tombada do spotter,FALHA DE SENSOR,FALHA DE SENSOR
4116,FALHA DE SENSOR DE GARRAFAS TOMBADA NA ENTRADA DO SPOTTER,falha de sensor de garrafas tombada na entrada do spotter,FALHA DE SENSOR,FALHA DE SENSOR
4117,FALHA DE ENCHIMENTO NAS VALVULAS Nº40 E Nº 52 ( VALVULAS JAMPEADAS ELETRONICAMENTE),falha de enchimento nas valvulas no40 e no 52 valvulas jampeadas eletronicamente,FALHA DE VÁLVULA DE ENCHIMENTO,FALHA DE VALVULA DE ENCHIMENTO
4118,FALHA DE ENCODER NA DESPALETIZADORA,falha de encoder na despaletizadora,FALHA DE ENCODER,FALHA DE ENCODER
4119,"FALHA DE ENVOLVIMENTO, SAINDO PACOTES ABERTOS",falha de envolvimento saindo pacotes abertos,FALHA DE ENVOLVIMENTO,FALHA DE ENVOLVIMENTO
4120,FALHA DE COMUNICAÇAO SAIDA DE PALETES 30008834991,falha de comunicacao saida de paletes 30008834991,FALHA DE COMUNICAÇÃO,FALHA DE COMUNICACAO
4121,"ERRO NA SOLTA DO FILME,SOLDA COM AVARIAS",erro na solta do filme solda com avarias,FALHA DE SOLDA DE FILME,FALHA DE SOLDA DE FILME
4122,"QUEBRA DE TULIPA E TUBO DE AR , REALIZADA A TROCA PELO OPERADOR",quebra de tulipa e tubo de ar realizada a troca pelo operador,QUEBRA DE COMPONENTE,QUEBRA DE COMPONENTE
4123,FALHA NO CORTE DO FILME ORDEM 30008835598,falha no corte do filme ordem 30008835598,FALHA DE CORTE DE FILME,FALHA DE CORTE DE FILME
4124,FALHA TROCA DE BANDEJA DO AGREGADO 2,falha troca de bandeja do agregado 2,FALHA NA TROCA DE BANDEJA,FALHA NA TROCA DE BANDEJA
4125,TRAVAMENTO DE GARRAFAS NA SAIDA DA LAVADORA,travamento de garrafas na saida da lavadora,ENROSCO DE GARRAFAS,ENROSCO DE GARRAFAS
4126,QUEBRA DO EXPULSADOR LINEAR ( NOTA: 30008838031 ),quebra do expulsador linear nota 30008838031,FALHA DE REJEIÇÃO,FALHA DE REJEICAO
4127,"PINÇAS ENTREGANDO GARRAFAS TORTA PRA ENCHEDORA, OCASIONANDO CRESH DE GARRAFAS NA SAIDA DA ENCHEDORA",pincas entregando garrafas torta pra enchedora ocasionando cresh de garrafas na saida da enchedora,CRASH DE GARRAFAS,CRASH DE GARRAFAS
4128,"EXESSO DE FALSO REJEITO NO SISTEMA LINEAR ,CAUSDANDO FALHA NO REJEITO",exesso de falso rejeito no sistema linear causdando falha no rejeito,FALHA DE REJEIÇÃO,FALHA DE REJEICAO
4129,ENROSCO DE TAMPAS NA ENTRADA DO ARROLHADOR CAUSANDO PARADAS NA MAQUINA,enrosco de tampas na entrada do arrolhador causando paradas na maquina,ENROSCO DE TAMPAS,ENROSCO DE TAMPAS
4130,ENROSCO DE TAMPAS NA ENTRADA DO ARROLHADOR CAUSANDO PARADAS NA LINHA,enrosco de tampas na entrada do arrolhador causando paradas na linha,ENROSCO DE TAMPAS,ENROSCO DE TAMPAS
4131,FALHA NO SERVO DA MESA DO INTRODUTOR CAUSANDO PARADAS NA MAQUINA,falha no servo da mesa do introdutor causando paradas na maquina,FALHA DE SERVO MOTOR,FALHA DE SERVO MOTOR
4132,TESOURA PREDENDORA DE FILME EM FALHA,tesoura predendora de filme em falha,FALHA DE TESOURA DE FILME,FALHA DE TESOURA DE FILME
4133,EQUIPAMENTO DESLIGOU SEM GERAR ALARME,equipamento desligou sem gerar alarme,DESLIGAMENTO INDEVIDO DO EQUIPAMENTO,DESLIGAMENTO INDEVIDO DO EQUIPAMENTO
4134,FALHA NA BARREIRA DE SEGURANÇA NA SAIDA DA MAGAZINE DE CARTÃO,falha na barreira de seguranca na saida da magazine de cartao,FALHA DE MAGAZINE,FALHA DE MAGAZINE
4135,"FALHA NO RESET DA BARREIRA DE SEGURANÇA DE SAIDA, NÃO RESETAVA",falha no reset da barreira de seguranca de saida nao resetava,FALHA DE BARREIRA,FALHA DE BARREIRA
4136,SOLTANDO CARTÃO NO FINAL DO PALLET,soltando cartao no final do pallet,FALHA NO MANUSEIO DE CARTÃO,FALHA NO MANUSEIO DE CARTAO
4137,"FALHA NA CODIFICADORA, SUJIDADE/EXCESSO DE TINTA",falha na codificadora sujidade excesso de tinta,FALHA DE CODIFICAÇÃO,FALHA DE CODIFICACAO
4138,ESCAPOU A ESTEIRA NA SAIDA DO TRANSPORTE DESENCAIXOTADORA,escapou a esteira na saida do transporte desencaixotadora,ESCAPE DE ESTEIRA,ESCAPE DE ESTEIRA
4139,"CODIFICAÇÃO ILEGIVEL, MANGUEIRA DE AR FURADA.30008838215",codificacao ilegivel mangueira de ar furada 30008838215,ROMPIMENTO DE MANGUEIRA DE AR,ROMPIMENTO DE MANGUEIRA DE AR
4140,"FALHA NA CODIFICAÇÃO, PARANDO A ENCHEDORA",falha na codificacao parando a enchedora,FALHA DE CODIFICAÇÃO,FALHA DE CODIFICACAO
4141,TRANSPORTE DA SAÍDA DA DESENCA PARANDO DEVIDO AO SENSOR DANIFICADO( SENSOR :805B2,transporte da saida da desenca parando devido ao sensor danificado sensor 805b2,FALHA DE SENSOR,FALHA DE SENSOR
4142,PINÇA DA VÁLVULA N°118 DANIFICADA 30008838101,pinca da valvula n 118 danificada 30008838101,FALHA DE PINÇA,FALHA DE PINCA
4143,"PORTA DE ACESSO AO MAGAZINE DE CARTÕES ESTÁ COM A PARTE SUPERIOR DESALINHADA , ORDEM : 30008838145",porta de acesso ao magazine de cartoes esta com a parte superior desalinhada ordem 30008838145,FALHA DE MAGAZINE,FALHA DE MAGAZINE
4144,"MASTIGANDO O FILME NO CORTE, GERANDO FALHA NO ENVOLVIMENTO",mastigando o filme no corte gerando falha no envolvimento,FALHA DE CORTE DE FILME,FALHA DE CORTE DE FILME
4145,VALVULA DE ENTRADA DE PRODUTO TRAVADA ATRASO NO CIP,valvula de entrada de produto travada atraso no cip,TRAVAMENTO DE VÁLVULA,TRAVAMENTO DE VALVULA
4146,VALVULA DE ENTRADA DE PRODUTO ATRASO NO CIP,valvula de entrada de produto atraso no cip,FALHA DE VÁLVULA,FALHA DE VALVULA
4147,PINÇA DE ENVOLVIMENTO ESCAPANDO O FILME,pinca de envolvimento escapando o filme,FALHA DE PINÇA,FALHA DE PINCA
4148,FALHA NO SENSOR DA PORTA DE SEGURANÇA (30008839213),falha no sensor da porta de seguranca 30008839213,FALHA DE SENSOR,FALHA DE SENSOR
4149,"MEXEDOR DO TRANSPORTE DE GARRAFAS NA ENTRADA DA LAVADORA TORTO , MANUTENCAO ATUOU",mexedor do transporte de garrafas na entrada da lavadora torto manutencao atuou,DEFORMAÇÃO DE MEXEDOR,DEFORMACAO DE MEXEDOR
4150,QUEBRA CORREIA PRINCIPAL ESTRELA ENCHEDORA,quebra correia principal estrela enchedora,QUEBRA DE CORREIA,QUEBRA DE CORREIA
4151,"TEMPERATURA EXESSIVA , TEMPERATURA CHEGOU 29 GRAU, POSSIVEL CAUSA( VALVULA MODULADORA DO TROCADOR DE CALOR)",temperatura exessiva temperatura chegou 29 grau possivel causa valvula moduladora do trocador de calor,FALHA DE VÁLVULA MODULADORA,FALHA DE VALVULA MODULADORA
4152,"MTEMPERATURA EXESSIVA , TEMPERATURA CHEGOU 29 GRAUS, POSSIVEL CAUSA( VALVULA MODULADORA DO TROCADOR DE CALOR)",mtemperatura exessiva temperatura chegou 29 graus possivel causa valvula moduladora do trocador de calor,FALHA DE VÁLVULA MODULADORA,FALHA DE VALVULA MODULADORA
4153,AJUSTE NO SETUP ELETRICO NA REGUA ULTRASSONICA - ORDEM: 3008840540,ajuste no setup eletrico na regua ultrassonica ordem 3008840540,SEM MODO DE FALHA IDENTIFICADO,SEM MODO DE FALHA IDENTIFICADO
4154,"FALHA TROCA DE BANDEJA DO AGREGADO 2, OCASIONANDO ENROSCO DE ROTULOS 30008839665",falha troca de bandeja do agregado 2 ocasionando enrosco de rotulos 30008839665,FALHA NA TROCA DE BANDEJA,FALHA NA TROCA DE BANDEJA
4155,"MUITAS GARRAFAS COM ROTULOS, OCASIONANDO CRASH DE GARRAFAS LINATRONIC",muitas garrafas com rotulos ocasionando crash de garrafas linatronic,Excesso de garrafa com rotulo,EXCESSO DE GARRAFA COM ROTULO
4156,ELEVADOR DE ENVOLVIMENTO TRAVANDO NA DESCIDA,elevador de envolvimento travando na descida,TRAVAMENTO DE ELEVADOR,TRAVAMENTO DE ELEVADOR
4157,JUMP DA VALVULA N°35 (30008840552),jump da valvula n 35 30008840552,FALHA DE VÁLVULA DE ENCHIMENTO,FALHA DE VALVULA DE ENCHIMENTO
4158,"PASSAGEM DE BEBIDA PARA O DRENO, ORDEM : 30008839232",passagem de bebida para o dreno ordem 30008839232,VAZAMENTO DE PRODUTO,VAZAMENTO DE PRODUTO
4159,"FILME MASTIGADO NO CORTE, GERANDO FALHA DE ENVOLVIMENTO",filme mastigado no corte gerando falha de envolvimento,FALHA DE CORTE DE FILME,FALHA DE CORTE DE FILME
4160,PATINS SAINDO DE POSIÇÃO NA ENTREGA DE PACOTES PARA OS CANAIS DE FORMAÇÃO DE CAMADA,patins saindo de posicao na entrega de pacotes para os canais de formacao de camada,PATINS FORA DE POSIÇÃO,PATINS FORA DE POSICAO
4161,"FALHA NA FILTEC, ORDEM : 30008839659",falha na filtec ordem 30008839659,FALHA DE INSPEÇÃO,FALHA DE INSPECAO
4162,"FALHA NA AUTOMAÇÃO,CAUSANDO FALSO REJEITO NO INSPETOR DE CAIXA CHEIA",falha na automacao causando falso rejeito no inspetor de caixa cheia,FALHA DE REJEIÇÃO,FALHA DE REJEICAO
4163,FALHA DE BARREIRA NA SAIDA DOS PALETES (30008839217),falha de barreira na saida dos paletes 30008839217,FALHA DE BARREIRA,FALHA DE BARREIRA
4164,FALHA DE ENVOLVIMENTO GERANDO PACOTES ABERTOS E MAL FORMADOS,falha de envolvimento gerando pacotes abertos e mal formados,FALHA DE ENVOLVIMENTO,FALHA DE ENVOLVIMENTO
4165,GARFOS DO MAGAZINE DE PALETES ESTAVAM DESALINHADOS PODENDO OCORRER QUEDA DE PALETES... NOTA (30008840545),garfos do magazine de paletes estavam desalinhados podendo ocorrer queda de paletes nota 30008840545,FALHA DE MAGAZINE,FALHA DE MAGAZINE
4166,TRVAMENTO NA SAIDA DA LAVADORA,trvamento na saida da lavadora,TRAVAMENTO DE GARRAFAS NA SAÍDA DA LAVADORA,TRAVAMENTO DE GARRAFAS NA SAIDA DA LAVADORA
4167,TRAVAMENTO NA SAIDA DA LAVADORA,travamento na saida da lavadora,TRAVAMENTO DE GARRAFAS NA SAÍDA DA LAVADORA,TRAVAMENTO DE GARRAFAS NA SAIDA DA LAVADORA
4168,QUEBRA DO SUPORTE DA REGUA DE ARRASTE / TRANS. DE PACOTE RAMPA ESTEIRA QUEBRADA TROCA DO ELO ORDEM 30008841601,quebra do suporte da regua de arraste trans de pacote rampa esteira quebrada troca do elo ordem 30008841601,QUEBRA DE ESTEIRA,QUEBRA DE ESTEIRA
4169,FALHA NO SENSOR DO EMPURRADOR FORA DE FOCO,falha no sensor do empurrador fora de foco,FALHA DE SENSOR,FALHA DE SENSOR
4170,FALHA NO ELEVADOR DE PALETE,falha no elevador de palete,FALHA DE ELEVADOR,FALHA DE ELEVADOR
4171,FALHA NA BOMBA DE PRODUTO NA ENTRADA DO CARBO NUMERO DA FALHA IHM KB1 G102,falha na bomba de produto na entrada do carbo numero da falha ihm kb1 g102,FALHA DE IHM,FALHA DE IHM
4172,"FALHA NA SOLDA DO FILME,REFAZER SOLDA MANUAL COM FITA",falha na solda do filme refazer solda manual com fita,FALHA DE SOLDA DE FILME,FALHA DE SOLDA DE FILME
4173,"FALHA NA SOLDAGEM DE FILME ,FAZER SOLDA MANUAL COM FITA",falha na soldagem de filme fazer solda manual com fita,FALHA DE SOLDA DE FILME,FALHA DE SOLDA DE FILME
4174,"FALHA NA SOLDA DA BOBINA ,SOLDA FEITA MANUAL COM FITA",falha na solda da bobina solda feita manual com fita,FALHA DE SOLDA DE FILME,FALHA DE SOLDA DE FILME
4175,QUEDA DE GARRAFAS NO RESFRIAMENTO DE FUNDO,queda de garrafas no resfriamento de fundo,QUEDA DE GARRAFAS,QUEDA DE GARRAFAS
4176,"QUEDA DE GARRAFA ,NO SISTEMA DE REFRIGERACAO DE FUNDO",queda de garrafa no sistema de refrigeracao de fundo,QUEDA DE GARRAFAS,QUEDA DE GARRAFAS
4177,ALARME DO ROBÔ,alarme do robo,FALHA DE ROBÔ,FALHA DE ROBO
4178,AJUSTE NA VALVULA DE PROCESSO ( ANALISTA ),ajuste na valvula de processo analista,FALHA DE VÁLVULA,FALHA DE VALVULA
4179,RESISTENCIA DE CORTE DO FILME DANDO FALHA NA ENVOLVEDORA - ORDEM: 30008849212,resistencia de corte do filme dando falha na envolvedora ordem 30008849212,FALHA DE CORTE DE FILME,FALHA DE CORTE DE FILME
4180,QUEBRA DA ESTEIRA DA SAIDA DA EMPACOTADORA - ORDEM: 30008849242,quebra da esteira da saida da empacotadora ordem 30008849242,QUEBRA DE ESTEIRA,QUEBRA DE ESTEIRA
4181,SAIU FORA NAYLON DO TRANSPORTE. CAINDO GARRAFAS SAIDA DO DATADOR.,saiu fora naylon do transporte caindo garrafas saida do datador,FALHA DE CODIFICAÇÃO,FALHA DE CODIFICACAO
4183,FALHA DE BARREIRA NA SAIDA DO PALETE DE CARTÃO,falha de barreira na saida do palete de cartao,FALHA DE BARREIRA,FALHA DE BARREIRA
4184,FALHA NO SENSOR DE ACUMULO DE PACOTES,falha no sensor de acumulo de pacotes,FALHA DE SENSOR,FALHA DE SENSOR
4185,TROCA DA FACA DO CORTE TRANSVERSAL DO FILME,troca da faca do corte transversal do filme,FALHA DE CORTE DE FILME,FALHA DE CORTE DE FILME
4186,MUITAS GARRAFAS COM ROTULOS OCASIONANDO QUEDA E ENROSCO NO ALINHADOR LINATRONIC,muitas garrafas com rotulos ocasionando queda e enrosco no alinhador linatronic,Excesso de garrafa com rotulo,EXCESSO DE GARRAFA COM ROTULO
4187,"NAS RETOMADAS, EXCESSO DE NIVEL BAIXO/ALTO E LATS VAZIAS, RODANDO ABAIXO DO NOMINAL",nas retomadas excesso de nivel baixo alto e lats vazias rodando abaixo do nominal,FALHA DE ENCHIMENTO,FALHA DE ENCHIMENTO
4188,PINO DA ESTEIRA ESCAPOU,pino da esteira escapou,ESCAPE DE ESTEIRA,ESCAPE DE ESTEIRA
4189,"SUPORTE DO SENSOR DO CENTRADOR SOLTO, ORDEM : 30008840643",suporte do sensor do centrador solto ordem 30008840643,FALHA DE SENSOR,FALHA DE SENSOR
4190,FALHA NO MOTOR M 113.1,falha no motor m 113 1,FALHA DE MOTOR,FALHA DE MOTOR
4191,ENROSCO DE TAMPAS NA ENTRADA DO ARROLHADOR CAUSANDO PARADAS NA MAQUINA,enrosco de tampas na entrada do arrolhador causando paradas na maquina,ENROSCO DE TAMPAS,ENROSCO DE TAMPAS
4192,TROCA DO BORNE DA PINÇA NUMERO 12 DO RINSER 30008840594,troca do borne da pinca numero 12 do rinser 30008840594,FALHA DE PINÇA,FALHA DE PINCA
4193,"QUEDA DE GARRAFAS, FEITO AJUSTE NO SETUP",queda de garrafas feito ajuste no setup,QUEDA DE GARRAFAS,QUEDA DE GARRAFAS
4194,"LIMPEZA DA DATADORA , ESTAVA SUJA , INDICIO DE BORRAGEM NAS DATAS , POR ISSO A LIMPEZA . ORDEM :30008849476 . ; NOTA ;13364582",limpeza da datadora estava suja indicio de borragem nas datas por isso a limpeza ordem 30008849476 nota 13364582,FALHA DE CODIFICAÇÃO,FALHA DE CODIFICACAO
4195,QUEBRA DA ESTEIRA ORDEM Nº 30008849452,quebra da esteira ordem no 30008849452,QUEBRA DE ESTEIRA,QUEBRA DE ESTEIRA
4196,BARREIRA DE SEGURANÇA DESARMADA,barreira de seguranca desarmada,FALHA DE BARREIRA,FALHA DE BARREIRA
4197,ESTEIRA DO TRANSPORTE DE ENTRADA DA EMPACOTADORA SAIU DOS GUIAS E ENCAVALOU (ORDEM - 30008849558),esteira do transporte de entrada da empacotadora saiu dos guias e encavalou ordem 30008849558,ESCAPE DE ESTEIRA,ESCAPE DE ESTEIRA
4198,FALHA DE BARREIRA NA SAIDA DE PALETE DE CARTÃO,falha de barreira na saida de palete de cartao,FALHA DE BARREIRA,FALHA DE BARREIRA
4199,"TRANSPORTE POS WARMER DERRUBANDO LATAS, GERANDO ACUMULO E FALHA NO ALINHADOR",transporte pos warmer derrubando latas gerando acumulo e falha no alinhador,FALHA DE ACÚMULO NO TRANSPORTE,FALHA DE ACUMULO NO TRANSPORTE
4200,"FALHA CONEXÃO PNEUMATICA MANGUEIRA DE AR, FOI REALIZADO A TROCA DE CONEXÃO PNEUMATICA 30008849265",falha conexao pneumatica mangueira de ar foi realizado a troca de conexao pneumatica 30008849265,FALHA DE CONEXÃO DE MANGUEIRA,FALHA DE CONEXAO DE MANGUEIRA
4201,FALHA TROCA DE BANDEJA DO AGREGADO 2,falha troca de bandeja do agregado 2,FALHA NA TROCA DE BANDEJA,FALHA NA TROCA DE BANDEJA
4202,FALHA DE COMUNICAÇAO NO ENVIO DE BEBIDA MIXER COM ENCHEDORA ORDEM 30008849399,falha de comunicacao no envio de bebida mixer com enchedora ordem 30008849399,FALHA DE COMUNICAÇÃO,FALHA DE COMUNICACAO
4203,"VELOCIDADE REDUZIDAENCHEDORA REJEITANDO MUITAS LATAS DEVIDO A VALVULAS JAMPEADAS, PARTIDAS APOS PARADA PERDENDO MUITAS LATAS",velocidade reduzidaenchedora rejeitando muitas latas devido a valvulas jampeadas partidas apos parada perdendo muitas latas,FALHA DE VÁLVULA DE ENCHIMENTO,FALHA DE VALVULA DE ENCHIMENTO
4204,"ENCHEDORA REJEITANDO MUITAS LATAS DEVIDO A VALVULAS JAMPEADAS, PARTIDAS APOS PARADA PERDENDO MUITAS LATAS",enchedora rejeitando muitas latas devido a valvulas jampeadas partidas apos parada perdendo muitas latas,FALHA DE VÁLVULA DE ENCHIMENTO,FALHA DE VALVULA DE ENCHIMENTO
4205,FALHA DE ENCHIMENTO EM VALVULAS JAMPEADAS OCASIONANDO EXESSO DE REJEITOS,falha de enchimento em valvulas jampeadas ocasionando exesso de rejeitos,FALHA DE VÁLVULA DE ENCHIMENTO,FALHA DE VALVULA DE ENCHIMENTO
4206,AJUSTES DE PARAMETROS PARA RETIRAR LATA TESTE NIVEL ALTO,ajustes de parametros para retirar lata teste nivel alto,FALHA DE ENCHIMENTO,FALHA DE ENCHIMENTO
4207,AJUSTES DE PARAMETROS,ajustes de parametros,FALHA DE PARAMETRIZAÇÃO,FALHA DE PARAMETRIZACAO
4208,FALHA NO RESET DE BARREIRA,falha no reset de barreira,FALHA DE BARREIRA,FALHA DE BARREIRA
4209,TRANSPORTE DESARMADO,transporte desarmado,DESARME DE TRANSPORTE,DESARME DE TRANSPORTE
4210,ENROSCO NA SAIDA DA LAVADORA,enrosco na saida da lavadora,ENROSCO DE GARRAFAS,ENROSCO DE GARRAFAS
4211,FALHA DE BARREIRA NA SAIDA DE PALETES DE CARTÃO,falha de barreira na saida de paletes de cartao,FALHA DE BARREIRA,FALHA DE BARREIRA
4212,FALHA DE ENCHIMENTO DE VALVULAS JAMPEADAS OCASIONANDO EXESSO DE REJEITOS EM PARADAS E RETOMADAS DA ENCHEDORA,falha de enchimento de valvulas jampeadas ocasionando exesso de rejeitos em paradas e retomadas da enchedora,FALHA DE VÁLVULA DE ENCHIMENTO,FALHA DE VALVULA DE ENCHIMENTO
4213,FALHA DE ACUMULO ESTEIRA EMBORRACHADA ENTRADA DEVIDER,falha de acumulo esteira emborrachada entrada devider,FALHA DE ESTEIRA,FALHA DE ESTEIRA
4214,FALHA SENSOR DE GARRAFA DEITADA ENTRADA SPOTTER,falha sensor de garrafa deitada entrada spotter,FALHA DE SENSOR,FALHA DE SENSOR
4215,"ENROSCOS DE TAMPAS NA ENTRADA DO ARROLHADOR , CAUSANDO PARADAS NA MAQUINA",enroscos de tampas na entrada do arrolhador causando paradas na maquina,ENROSCO DE TAMPAS,ENROSCO DE TAMPAS
4216,"ENROSCO DE TAMPAS NA ENTRADA DO ARROLHADOR , PARANDO A MAQUINA EM ALGUNS MOMENTOS",enrosco de tampas na entrada do arrolhador parando a maquina em alguns momentos,ENROSCO DE TAMPAS,ENROSCO DE TAMPAS
4217,CAPSULADOR A 1 FALHA POR TEMPO ORDEM 30008850491,capsulador a 1 falha por tempo ordem 30008850491,FALHA DE TAMPAMENTO,FALHA DE TAMPAMENTO
4218,"FALHA NA INSPEÇÃO DE NIVEL, EQUIPAMENTO NÃO ESTAVA CONSEGUINDO FAZER A LEITURA DAS GARRAFAS",falha na inspecao de nivel equipamento nao estava conseguindo fazer a leitura das garrafas,FALHA DE INSPEÇÃO,FALHA DE INSPECAO
4219,"FALHA DE INSPEÇÃO DE NIVEL, INSPETOR NÃO ESTAVA FAZENDO A LEITURA DAS GARRADAS",falha de inspecao de nivel inspetor nao estava fazendo a leitura das garradas,FALHA DE INSPEÇÃO,FALHA DE INSPECAO
4220,FALHA NA VALVULA REGULADORA DO TROCADOR DE CALOR,falha na valvula reguladora do trocador de calor,FALHA DE VÁLVULA,FALHA DE VALVULA
4221,"FALHA DE COMUNICAÇAO IHM ENCHEDORA,FAZER RESET DO IHM E RESET PCL 30008850047",falha de comunicacao ihm enchedora fazer reset do ihm e reset pcl 30008850047,FALHA DE COMUNICAÇÃO,FALHA DE COMUNICACAO
4222,"FALHA DE COMUNICAÇAO IHM ENCHEDORA,FAZER RESET DO IHM E RESET PCL 30008850052",falha de comunicacao ihm enchedora fazer reset do ihm e reset pcl 30008850052,FALHA DE COMUNICAÇÃO,FALHA DE COMUNICACAO
4223,ACOMPANHAMENTO REJEITO POR INSPEÇÃO DE RÓTULO PARANDO ROTULADORA,acompanhamento rejeito por inspecao de rotulo parando rotuladora,FALHA DE ROTULAGEM,FALHA DE ROTULAGEM
4224,"ESTOURO DE FILME NA SOLTA ,NECESSAREIO FAZER SILTA MANUAL COM FITA",estouro de filme na solta necessareio fazer silta manual com fita,ROMPIMENTO DE FILME,ROMPIMENTO DE FILME
4225,CHAPA DO SENSOR DA GRELHA DANIFICADA.,chapa do sensor da grelha danificada,FALHA DE SENSOR,FALHA DE SENSOR
4226,PRESSCO DESLIGADA,pressco desligada,FALHA DE INSPEÇÃO,FALHA DE INSPECAO
4227,VARIAÇÃO NOS NIVEIS DE ENCHIMENTO,variacao nos niveis de enchimento,FALHA DE ENCHIMENTO,FALHA DE ENCHIMENTO
4228,"ENROSCO DE LATA NO TWISTER,PÓS ENCHEDORA",enrosco de lata no twister pos enchedora,ENROSCO DE LATAS,ENROSCO DE LATAS
4229,TROCA DA VALVULA DE ENCHIMENTO DE NUMERO 64,troca da valvula de enchimento de numero 64,FALHA DE VÁLVULA DE ENCHIMENTO,FALHA DE VALVULA DE ENCHIMENTO
4230,"FALHA DE ENCHIMENTO NAS VALVULAS Nº35, 50 E 40 ( VALVULAS JMAPEADAS FISICA E ELETRONICAMENTE ) ORDEM : 30008852323",falha de enchimento nas valvulas no35 50 e 40 valvulas jmapeadas fisica e eletronicamente ordem 30008852323,FALHA DE VÁLVULA DE ENCHIMENTO,FALHA DE VALVULA DE ENCHIMENTO
4231,FALHA NA BARREIRA DE CARTÃO,falha na barreira de cartao,FALHA DE BARREIRA,FALHA DE BARREIRA
4232,ENROSCO DE LATAS NO TWISTER,enrosco de latas no twister,ENROSCO DE LATAS,ENROSCO DE LATAS
4233,"PARÂMETROS INCORRETOS, AJUSTE NOS DE QUALIDADE PARA REJEITAR LATAS NIVEL BAIXO",parametros incorretos ajuste nos de qualidade para rejeitar latas nivel baixo,FALHA DE ENCHIMENTO,FALHA DE ENCHIMENTO
4234,FALHA ELETRICA NOTRASPORTE DE SAIDA DA LAVADORA,falha eletrica notrasporte de saida da lavadora,FALHA ELÉTRICA DO TRANSPORTE,FALHA ELETRICA DO TRANSPORTE
4235,SOLDA DO FILME EM FALHA NECESSARIO SOLDA MANUAL COM FITA,solda do filme em falha necessario solda manual com fita,FALHA DE SOLDA DE FILME,FALHA DE SOLDA DE FILME
4236,"FALHA NO CORTE DO FILME, TENSIONAMENTO DO ROLO DE CORTE 30008851238",falha no corte do filme tensionamento do rolo de corte 30008851238,FALHA DE CORTE DE FILME,FALHA DE CORTE DE FILME
4237,"FALHA NA SOLDA DO FILME, FAZENDO SILDA MANUAL COM FITA",falha na solda do filme fazendo silda manual com fita,FALHA DE SOLDA DE FILME,FALHA DE SOLDA DE FILME
4238,FALHA DE ACUMULO ESTEIRA EMBORRACHADA ENTRADA DEVIDER E DESARME DO MOTOR POR SEGURANÇA 30008851228,falha de acumulo esteira emborrachada entrada devider e desarme do motor por seguranca 30008851228,DESARME DE MOTOR,DESARME DE MOTOR
4239,DESARMOU INVERSOR MOTOR M 201 30008852378,desarmou inversor motor m 201 30008852378,FALHA DE INVERSOR,FALHA DE INVERSOR
4240,"ENTRANDO RÓTULO NA SALA DE ENVASE, CAINDO GARRAFA NO ALINHADOR E DANDO FALHA NO LINATRONIC.",entrando rotulo na sala de envase caindo garrafa no alinhador e dando falha no linatronic,FALHA DE ROTULAGEM,FALHA DE ROTULAGEM
4241,MANCAL DO MOTOR 332 COM DEFEITO,mancal do motor 332 com defeito,FALHA DE ROLAMENTO,FALHA DE ROLAMENTO
4242,"GARRAFAS SAINDO VAZIAS, SENSOR DE ENCHIMENTO FORA - ORDEM: 30008853562",garrafas saindo vazias sensor de enchimento fora ordem 30008853562,FALHA DE SENSOR,FALHA DE SENSOR
4243,FALHA NO SENSOR DA PORTA NOTA 30008853570,falha no sensor da porta nota 30008853570,FALHA DE SENSOR,FALHA DE SENSOR
4244,"AJUSTE POS SETUP DA REGUA ULTRASSONICA, GARRAFAS TOMBANDO E PRENDENDO NA REGUA",ajuste pos setup da regua ultrassonica garrafas tombando e prendendo na regua,SEM MODO DE FALHA IDENTIFICADO,SEM MODO DE FALHA IDENTIFICADO
4245,PRESCO EM FALHA,presco em falha,FALHA DE INSPEÇÃO,FALHA DE INSPECAO
4246,"PASSANDO LATAS COM DEFEITOS PARA A ENCHEDORA, GERANDO ESTOURO E CRASH NA SAIDA/ENTRADA DA RECRAVADORA",passando latas com defeitos para a enchedora gerando estouro e crash na saida entrada da recravadora,FALHA DE RECRAVAÇÃO,FALHA DE RECRAVACAO
4247,"FALHA DE ENCHIMENTO, EXCESSO DE NIVEL BAIXO/ALTO",falha de enchimento excesso de nivel baixo alto,FALHA DE ENCHIMENTO,FALHA DE ENCHIMENTO
4248,FALTA DE TAMPAS MESMO RODANDO A 31K,falta de tampas mesmo rodando a 31k,FALHA DE ALIMENTAÇÃO DE TAMPAS,FALHA DE ALIMENTACAO DE TAMPAS
4249,SOPRADOR DE AR DO REJEITO ESTA SOLTO E FORA DE POSIÇÃO,soprador de ar do rejeito esta solto e fora de posicao,FALHA DE REJEIÇÃO,FALHA DE REJEICAO
4250,EXCESSO DE GARRAFAS COM ROTULOS PROVOCANDO QUEDA DE GARRAFAS,excesso de garrafas com rotulos provocando queda de garrafas,Excesso de garrafa com rotulo,EXCESSO DE GARRAFA COM ROTULO
4251,"VARIAÇÃO DE NIVEL ,NIVEL BAIXO.",variacao de nivel nivel baixo,FALHA DE ENCHIMENTO,FALHA DE ENCHIMENTO
4252,PERDA DE IMPRESSÃO LIMPEZA SENSOR,perda de impressao limpeza sensor,FALHA DE SENSOR,FALHA DE SENSOR
4253,"FALHA NO DESPARO,LIMPEZA.NOTA 30008852405",falha no desparo limpeza nota 30008852405,FALHA DE CODIFICAÇÃO,FALHA DE CODIFICACAO
4254,"FUSIVEL NA PLACADA DISTRIBUIÇÃO DISPAROU,TROCA DO FUSIVEL",fusivel na placada distribuicao disparou troca do fusivel,ATUAÇÃO/QUEIMA DE FUSÍVEL,ATUACAO QUEIMA DE FUSIVEL
4255,"FALHA DE RECRAVAÇÃO NAS ESTAÇÕES 2,5 E 6",falha de recravacao nas estacoes 2 5 e 6,FALHA DE RECRAVAÇÃO,FALHA DE RECRAVACAO
4256,FALHA DE RECRAVAÇÃO,falha de recravacao,FALHA DE RECRAVAÇÃO,FALHA DE RECRAVACAO
4257,"ENROSCO DE TAMPAS NO ARROLHADOR , TAMPAS AMASSADAS CAUSANDO PARADA NA MAQUINA , MANUTENCAO ATUOU RETIRANDO AS .",enrosco de tampas no arrolhador tampas amassadas causando parada na maquina manutencao atuou retirando as,ENROSCO DE TAMPAS,ENROSCO DE TAMPAS
4258,"FALHA DE SINCRONISMO NA MAQUINA , CAUSANDO PARADA DO EQUIPAMENTO E ATUACAO DA MANUTENCAO ELETRICA . ORDEM ;30008854145 NOTA ;13368907",falha de sincronismo na maquina causando parada do equipamento e atuacao da manutencao eletrica ordem 30008854145 nota 13368907,FALHA DE SINCRONISMO,FALHA DE SINCRONISMO
4259,"ENROSCO DE TAMPAS NO ARROLHADOR , TAMPA AMASSADA , CAUSANDO PARADA NO EQUIPAMENTO",enrosco de tampas no arrolhador tampa amassada causando parada no equipamento,ENROSCO DE TAMPAS,ENROSCO DE TAMPAS
4260,"DEPOIS DA TROCA DA MESA, FOI REALIZADO O AJUSTE NOS GUIAS E NOS SENSORES - NOTA: 13369159",depois da troca da mesa foi realizado o ajuste nos guias e nos sensores nota 13369159,SEM MODO DE FALHA IDENTIFICADO,SEM MODO DE FALHA IDENTIFICADO
4261,ALTURA DA PEGA DE CAMADA ERRADA,altura da pega de camada errada,FALHA NA PEGADA DE CAMADA,FALHA NA PEGADA DE CAMADA
4262,"FALSA RECRAVAÇÃO, LATAS VAZANDO",falsa recravacao latas vazando,FALHA DE RECRAVAÇÃO,FALHA DE RECRAVACAO
4263,"FALHA DE COLISÃO, NECESSÁRIO REALIZAR SINCRONISMO",falha de colisao necessario realizar sincronismo,FALHA DE SINCRONISMO,FALHA DE SINCRONISMO
4264,"FALHA DE REDOX BAIXO, ORDEM(30008853706).",falha de redox baixo ordem 30008853706,FALHA DE CONTROLE DE PROCESSO,FALHA DE CONTROLE DE PROCESSO
4265,"EXCESSO DE GARRAFA COM RÓTULO NA SALA DE ENVASE, CAINDO GARRAFA NO ALINHADOR E LINATRONIC.",excesso de garrafa com rotulo na sala de envase caindo garrafa no alinhador e linatronic,FALHA DE ROTULAGEM,FALHA DE ROTULAGEM
4266,EXCESSO DE RÓTULO NA SAÍDA ENROSCO DE GARRAFAS,excesso de rotulo na saida enrosco de garrafas,ENROSCO DE RÓTULOS,ENROSCO DE ROTULOS
4267,"EXCESSO DE GARRAFA COM RÓTULO NA SALA DE ENVASE, CAINDO GARRAFA NO ALINHADOR E LINATRONIC PARANDO LINATRONIC",excesso de garrafa com rotulo na sala de envase caindo garrafa no alinhador e linatronic parando linatronic,FALHA DE ROTULAGEM,FALHA DE ROTULAGEM
4268,"ROLETES PATINANDO DURANTE O PERCURSO DO PALETE, FEITO AJUSTE NA CORRENTE.ORDEM- 30008853650.",roletes patinando durante o percurso do palete feito ajuste na corrente ordem 30008853650,FALHA DE PATINS,FALHA DE PATINS
4269,QUEDA DE GARRAFAS NO TRANSPORTE,queda de garrafas no transporte,QUEDA DE GARRAFAS,QUEDA DE GARRAFAS
4270,FALHA NO SENSOR DE TAMPA,falha no sensor de tampa,FALHA DE SENSOR,FALHA DE SENSOR
4271,"EXCESSO DE GARRAFA COM RÓTULO NA SALA DE ENVASE, CAINDO GARRAFA NO ALINHADOR E LINATRONIC PARANDO LINATRONIC",excesso de garrafa com rotulo na sala de envase caindo garrafa no alinhador e linatronic parando linatronic,FALHA DE ROTULAGEM,FALHA DE ROTULAGEM
4272,ENROSCO DE GARRAFA NA SAIDA POR EXCESSO DE RÓTULOS,enrosco de garrafa na saida por excesso de rotulos,ENROSCO DE RÓTULOS,ENROSCO DE ROTULOS
4273,TRAVAMENTO DO STOPER DE CAIXA DA MESA DA PALETIZADORA,travamento do stoper de caixa da mesa da paletizadora,TRAVAMENTO DE STOPPER,TRAVAMENTO DE STOPPER
4274,TRAVAMENTO DE GARRAFA NA SAIDA DA LAVADORA,travamento de garrafa na saida da lavadora,TRAVAMENTO DE GARRAFAS NA SAÍDA DA LAVADORA,TRAVAMENTO DE GARRAFAS NA SAIDA DA LAVADORA
4275,ROLETE TORTO E SOLTO GERANDO FALHA NA FORMAÇÃO DE CAMADA :30008855824,rolete torto e solto gerando falha na formacao de camada 30008855824,FALHA DE ROLETES,FALHA DE ROLETES
4276,TRAVAMENTO DO STOPER DE CAIXA DA MESA DA PALETIZADORA,travamento do stoper de caixa da mesa da paletizadora,TRAVAMENTO DE STOPPER,TRAVAMENTO DE STOPPER
4277,ENROSCO DE TAMPA,enrosco de tampa,ENROSCO DE TAMPAS,ENROSCO DE TAMPAS
4278,QUEDA DE GARRAFA NA REGUA ULTRASSONICA,queda de garrafa na regua ultrassonica,QUEDA DE GARRAFAS,QUEDA DE GARRAFAS
4279,DESARMOU O INVERSOU ALTA TEMPERTURA,desarmou o inversou alta tempertura,FALHA DE INVERSOR,FALHA DE INVERSOR
4280,ENROSCO DE GARRAFA,enrosco de garrafa,ENRROSCO DE GARRAFA,ENRROSCO DE GARRAFA
4281,"FALHA DE SINCRONISMO , CAUSANDO PARADAS NO EQUIPAMENTO ORDEM ;",falha de sincronismo causando paradas no equipamento ordem,FALHA DE SINCRONISMO,FALHA DE SINCRONISMO
4282,FALHA DE SINCRONISMO CAUSANDO PARADA NA MAQUINA . ORDEM ;30008856942 NOTA ;13371487,falha de sincronismo causando parada na maquina ordem 30008856942 nota 13371487,FALHA DE SINCRONISMO,FALHA DE SINCRONISMO
4283,TRAVAMENTO DO ELEVADOR (NOTA:30008856925),travamento do elevador nota 30008856925,TRAVAMENTO ELEVADOR,TRAVAMENTO ELEVADOR
4284,TRASPORTE DE PACOTES QUEBRADO 30008857467,trasporte de pacotes quebrado 30008857467,QUEBRA DE TRECHO DO TRANSPORTE,QUEBRA DE TRECHO DO TRANSPORTE
4285,FALHA NO INVERSOR TRASPORTE DESLIGADO,falha no inversor trasporte desligado,FALHA INVERSOR,FALHA INVERSOR
4286,FALHA NO SENSOR DA PORTA DE SEGURANÇA 30008857448,falha no sensor da porta de seguranca 30008857448,FALHA SENSOR DA PORTA,FALHA SENSOR DA PORTA
4287,FALHA NO SISTEMA DE INSPEÇAO DE NIVEL ORDEM 30008856408,falha no sistema de inspecao de nivel ordem 30008856408,ERRO DE COMUNICAÇÃO,ERRO DE COMUNICACAO
4288,"FALHA NA TROCA AUTOMATICA DE BOBINA, SENDO NECESSÁRIO FAZER MANUALMENTE",falha na troca automatica de bobina sendo necessario fazer manualmente,FALHA NA TROCA AUTOMATICA,FALHA NA TROCA AUTOMATICA
4289,FALHA NO TROCADOR DE CALOR 30008856440,falha no trocador de calor 30008856440,FALHA TROCADOR DE CALOR,FALHA TROCADOR DE CALOR
4290,FALHA NO SENSOR DO EXPULSADOR LINEAR ( ORDEM : 30008857358 ),falha no sensor do expulsador linear ordem 30008857358,FALHA NO SENSOR EXPULSADOR,FALHA NO SENSOR EXPULSADOR
4291,"MÁ FORMAÇÃO DE CAMADAS, ROBO PEGANDO CAIXAS A MENOS",ma formacao de camadas robo pegando caixas a menos,ROBO COM FALHA,ROBO COM FALHA
4292,QUEIMA DA PLACA DEVICENET 30008857644,queima da placa devicenet 30008857644,QUEIMA DA PLACA DEVICENET,QUEIMA DA PLACA DEVICENET
4293,PALETIZADORA DESARMANDO NA FORMAÇÃO DE CAMADA,paletizadora desarmando na formacao de camada,DESARME PALETIZADORA,DESARME PALETIZADORA
4294,PEÇA DANIFICADA DO EIXO DO ROLAMENTO CAUSANDO FALTA DE TAMPAS,peca danificada do eixo do rolamento causando falta de tampas,QUEBRA NO EIXO DA TAMPA DO ARROLHADOR,QUEBRA NO EIXO DA TAMPA DO ARROLHADOR
4295,"AJUSTE DE RÉGUA, LIMPEZA DOS BICOS E AJUSTE DOS SNIFS DA VÁLVULA 4",ajuste de regua limpeza dos bicos e ajuste dos snifs da valvula 4,FALHA NOS SNIFS,FALHA NOS SNIFS
4296,FALTA DE PEÇA DO EIXO DO ROOALMENTO CAUSANDO FALTA DE TAMPAS,falta de peca do eixo do rooalmento causando falta de tampas,QUEBRA NO EIXO DA TAMPA DO ARROLHADOR,QUEBRA NO EIXO DA TAMPA DO ARROLHADOR
4297,"AJUSTE DO SENSOR DA ENTRADA DE CAIXAS DA ENCAIXOTADORA , ENTRANDO CAIXA E MENOS E CAUSANDO PARADAS NA MAQUNA",ajuste do sensor da entrada de caixas da encaixotadora entrando caixa e menos e causando paradas na maquna,FALHA DE SENSOR,FALHA DE SENSOR
4298,"AJUSTE DO SENSOR DA ENTRADA DE CAIXAS NA ENCAIXOTADORA , ENTRANDO CAIXA A MENOS E CAUSANDO PARADAS NA MAQUINA",ajuste do sensor da entrada de caixas na encaixotadora entrando caixa a menos e causando paradas na maquina,FALHA DE SENSOR,FALHA DE SENSOR
4299,QUEBRA DA ESTEIRA DE CAIXAS DA ENTRADA DA DESENCA OCASIONANDO PARADA NA LINHA,quebra da esteira de caixas da entrada da desenca ocasionando parada na linha,QUEBRA DA ESTEIRA,QUEBRA DA ESTEIRA
4300,PALLET PARADO NA MESA GIRATORIA DE PALLETS,pallet parado na mesa giratoria de pallets,PALLET PARADO NA MESA,PALLET PARADO NA MESA
4301,FALHA DE SINCRONISMO,falha de sincronismo,FALHA DE SINCRONISMO,FALHA DE SINCRONISMO
4302,"FALHA NO CIP RAMAL B, DRENO ATIVANDO NO MEIO DO CIP",falha no cip ramal b dreno ativando no meio do cip,FALHA NO CIP RAMAL B,FALHA NO CIP RAMAL B
4303,FALHA NO FEEADBACK DA VALVULA DA ENCHEDORA,falha no feeadback da valvula da enchedora,FALHA NA VALVULA,FALHA NA VALVULA
4304,"ENCHEDORA FORA SICRONISMO, FOI NECESSARIO RODAR VELOCIDADE ABAIXO NOMINAL",enchedora fora sicronismo foi necessario rodar velocidade abaixo nominal,FALHA DE SINCRONISMO,FALHA DE SINCRONISMO
4305,FALHA SECADORA DE GARRAFAS,falha secadora de garrafas,FALHA DO SECADOR DE GARRAFAS,FALHA DO SECADOR DE GARRAFAS
4306,FALHA NA LEITURA DA GARRAFA TESTE,falha na leitura da garrafa teste,FALHA DE LEITURA DA GARRAFA TESTE,FALHA DE LEITURA DA GARRAFA TESTE
4307,FALHA DE INSPEÇÃO,falha de inspecao,FALHA DE INSPEÇÃO,FALHA DE INSPECAO
4308,"ARROLHADOR DANDO FALTAS DE TAMPAS NA VELOCIDADE DE 30.000 E ENROSCANDO TAMPAS NA ENTRADA DO ARROLHADOR , MANUTENCAO ATUOU ..",arrolhador dando faltas de tampas na velocidade de 30 000 e enroscando tampas na entrada do arrolhador manutencao atuou,ENROSCO DE TAMPAS,ENROSCO DE TAMPAS
4309,"FALHA DE SINCRONISMO , CAUSANDO PARADA NO EQUIPAMENTO",falha de sincronismo causando parada no equipamento,FALHA DE SINCRONISMO,FALHA DE SINCRONISMO
4310,"FALHA DE INSPECAO , ENVIANDO MTAS GARRAFAS PARA O RETORNO DE QUEBRAS , OCASIONANDO PARADAS NO EQUIPAMENTO",falha de inspecao enviando mtas garrafas para o retorno de quebras ocasionando paradas no equipamento,FALHA DE INSPEÇÃO,FALHA DE INSPECAO
4311,QUEDA DE GARRAFAS NO TRANSPORTE DA SALA DE ENVASE,queda de garrafas no transporte da sala de envase,QUEDA DE GARRAFAS,QUEDA DE GARRAFAS
4312,FALHA NA DESCARGA DO PALLET PARA A PALETIZAÇÃO,falha na descarga do pallet para a paletizacao,FALHA NA DESCARGA DE PALETE,FALHA NA DESCARGA DE PALETE
4313,FALHA NO INVERSOR DO TRANSPORTE,falha no inversor do transporte,FALHA DE INVERSOR,FALHA DE INVERSOR
4314,FALHA DE ENCHIMENTO EM VALVULAS JAMPEADAS OCASIONANDO EXCESSO DE REJEITOS,falha de enchimento em valvulas jampeadas ocasionando excesso de rejeitos,FALHA DE ENCHIMENTO,FALHA DE ENCHIMENTO
4315,DESARMOU A BOMBA DO ENVIO DO CARBONATO,desarmou a bomba do envio do carbonato,DESARME DE BOMBA,DESARME DE BOMBA
4316,"FALHA DE ENCHIMENTO EM VALVULAS ALEATORIASNA PARTIDA, ASSIM DEMORANDO PARA ESTABILIZAR O CONTEUDO NA ENCHEDORA",falha de enchimento em valvulas aleatoriasna partida assim demorando para estabilizar o conteudo na enchedora,FALHA DE ENCHIMENTO,FALHA DE ENCHIMENTO
4317,CORREÇÃO TRANSPORTE PARA CODIFICADORA 30008860012,correcao transporte para codificadora 30008860012,SEM MODO DE FALHA IDENTIFICADO,SEM MODO DE FALHA IDENTIFICADO
4318,"ERRO DE COMUNICAÇÃO ""FALHA BUS 1"" - RESET EQTO 30008859999",erro de comunicacao falha bus 1 reset eqto 30008859999,FALHA DE COMUNICAÇÃO,FALHA DE COMUNICACAO
4319,"VELOCIDADE REDUZIDA,FALHA DE ENCHIMENTO EM VALVULAS ALEATORIAS, EXCESSO DE NIVEL BAIXO",velocidade reduzida falha de enchimento em valvulas aleatorias excesso de nivel baixo,FALHA DE ENCHIMENTO,FALHA DE ENCHIMENTO
4320,"PILHA DE PALLET VAZIOS MONTOU TORTA, NA SAIDA A MAGAZINE TROMBOU NA BARREIRA DERRUBANDO OS PALLETS DA MAGAZINE",pilha de pallet vazios montou torta na saida a magazine trombou na barreira derrubando os pallets da magazine,DESALINHAMENTO DE PILHA DE PALETES,DESALINHAMENTO DE PILHA DE PALETES
4321,FALHA DE ENCHIMENTO EM VALVULAS ALEATORIASNA,falha de enchimento em valvulas aleatoriasna,FALHA DE ENCHIMENTO,FALHA DE ENCHIMENTO
4322,FALHA DE ENCHIMENTO EM VÁLVULAS ALEATÓRIAS ORDEM: 30008861147,falha de enchimento em valvulas aleatorias ordem 30008861147,FALHA DE ENCHIMENTO,FALHA DE ENCHIMENTO
4323,"ROBO SOLTOU CARTÃO NO MEIO DO TRAJETO, CAIU NA FRENTE DA BARREIRA, MAQUINA SE PERDEU NOS CICLOS AUTOMATICOS",robo soltou cartao no meio do trajeto caiu na frente da barreira maquina se perdeu nos ciclos automaticos,FALHA DO COLOCADOR DE CARTÃO,FALHA DO COLOCADOR DE CARTAO
4324,"MAL CONTATO DO SENSOR DA PORTA, GERANDO FALHA NO TRANSPORTE ORDEM:30008861150",mal contato do sensor da porta gerando falha no transporte ordem 30008861150,FALHA DE SENSOR,FALHA DE SENSOR
4325,EXCESSO DE REJEITOS DE LATAS NIVEL BO CAUSANDO ENROSCO,excesso de rejeitos de latas nivel bo causando enrosco,FALHA DE ENCHIMENTO,FALHA DE ENCHIMENTO
4326,FALHA SENSOR DA MESA DE CARGA,falha sensor da mesa de carga,FALHA DE SENSOR,FALHA DE SENSOR
4327,FALHA NA PASSAGEM DE CORRENTE PARA A EMBREAGEM DA EMPACOTADORA (AGUARDANDO NOTA),falha na passagem de corrente para a embreagem da empacotadora aguardando nota,FALHA DE ALIMENTAÇÃO ELÉTRICA DA EMBREAGEM,FALHA DE ALIMENTACAO ELETRICA DA EMBREAGEM
4328,FALTA DE PARAMETRIZAÇÃO DO INVERSOR (AGUARDANDO NOTA),falta de parametrizacao do inversor aguardando nota,FALHA DE PARAMETRIZAÇÃO,FALHA DE PARAMETRIZACAO
4329,SENSOR APRESENTANDO FALHA E REPICANDO (AGUARDANDO NOTA),sensor apresentando falha e repicando aguardando nota,FALHA DE SENSOR,FALHA DE SENSOR
4330,"VELOCIDADE REDUZIDA, EXCESSO DE FALHA DE ENCHIMENTO EM VALVULAS ALEATORIAS, RETOMADAS O INDICE DE PERDA AUMENTA SIGNIFICAMENTE POR NIVEL BAIXO E ALTO",velocidade reduzida excesso de falha de enchimento em valvulas aleatorias retomadas o indice de perda aumenta significamente por nivel baixo e alto,FALHA DE ENCHIMENTO,FALHA DE ENCHIMENTO
4331,SENSOR DO CENTRADOR DA MAGAZINE DE CARTÃO ESTAVA ATUADO DIRETO,sensor do centrador da magazine de cartao estava atuado direto,FALHA DE SENSOR,FALHA DE SENSOR
4332,FALHA NA GARRAFA TESTE NUMERO 13 ( 30008862120 NOTA 13375889 ),falha na garrafa teste numero 13 30008862120 nota 13375889,FALHA DE LEITURA DA GARRAFA TESTE,FALHA DE LEITURA DA GARRAFA TESTE
4333,EXCESSO DE FALSO REJEITO SAIDA GERANDO CRASH 30008862493,excesso de falso rejeito saida gerando crash 30008862493,FALSO REJEITO,FALSO REJEITO
4334,"FALHA EXTRAÇÃO DE RÓTULOS, EXCESSO GERANDO PARADA LINATRONIC",falha extracao de rotulos excesso gerando parada linatronic,FALHA DE EXTRAÇÃO DE RÓTULOS,FALHA DE EXTRACAO DE ROTULOS
4335,ESTOURO DE FILME NA SOLDA,estouro de filme na solda,ROMPIMENTO DE FILME,ROMPIMENTO DE FILME
4336,PEÇA DO AR PRÉVIO QUE ESTAVA SOLTA.,peca do ar previo que estava solta,FALHA DE FIXAÇÃO,FALHA DE FIXACAO
4337,"FALHA DE PPC SERVO 8, SISTEMA DE ROLOS EMBORRACHADOS DE SUBIDA DE FILME - 30008862485",falha de ppc servo 8 sistema de rolos emborrachados de subida de filme 30008862485,FALHA DE SERVO MOTOR,FALHA DE SERVO MOTOR
4338,"PARAFUSO DE FIXAÇÃO DA MESA DE CARGA SAINDO APERTO, FOI PRECISO SUBSTITUIR, ORDEM : 30008862422",parafuso de fixacao da mesa de carga saindo aperto foi preciso substituir ordem 30008862422,AFROUXAMENTO DE PARAFUSO DE FIXAÇÃO,AFROUXAMENTO DE PARAFUSO DE FIXACAO
4339,"VELOCIDADE REDUZIDA, EXCESSO DE FALHA DE ENCHIMENTO EM VALVULAS ALEATORIAS, RETOMADAS O INDICE DE PERDA AUMENTA SIGNIFICAMENTE POR NIVEL BAIXO E ALTO",velocidade reduzida excesso de falha de enchimento em valvulas aleatorias retomadas o indice de perda aumenta significamente por nivel baixo e alto,FALHA DE ENCHIMENTO,FALHA DE ENCHIMENTO
4340,FALHA DE ENCHIMENTO POR VALVULAS JAMPEADAS,falha de enchimento por valvulas jampeadas,FALHA DE ENCHIMENTO,FALHA DE ENCHIMENTO
4341,FALHA NO CORTE DA EMBALAGEM DO TUBETE OCASIONANDO ENROSCO DE TAMPAS NA RECRAVADORA,falha no corte da embalagem do tubete ocasionando enrosco de tampas na recravadora,FALHA DE CORTE DA EMBALAGEM DO TUBETE,FALHA DE CORTE DA EMBALAGEM DO TUBETE
4342,FALHA NO INVERSOR 51,falha no inversor 51,FALHA DE INVERSOR,FALHA DE INVERSOR
4343,FALHA DE ENCHIMENTO DE VALVULAS JAMPEADAS VELOCIDADE REDUZIDA,falha de enchimento de valvulas jampeadas velocidade reduzida,FALHA DE ENCHIMENTO,FALHA DE ENCHIMENTO
4344,FALHA DE ENCHIMENTO EM VALVULAS JAMPEADAS VELOCIDADE REDUZIDA,falha de enchimento em valvulas jampeadas velocidade reduzida,FALHA DE ENCHIMENTO,FALHA DE ENCHIMENTO
4345,"ESTEIRA CURVA APÓS LAVADORA FUNDO DE CAIXA, ESCAPANDO E DESARMANDO MOTOR 328 2X 30008862491",esteira curva apos lavadora fundo de caixa escapando e desarmando motor 328 2x 30008862491,ESCAPE DE ESTEIRA,ESCAPE DE ESTEIRA
4346,"ESTEIRA CURVA APÓS LAVADORA FUNDO DE CAIXA, ESCAPANDO E DESARMANDO MOTOR 328",esteira curva apos lavadora fundo de caixa escapando e desarmando motor 328,ESCAPE DE ESTEIRA,ESCAPE DE ESTEIRA
4347,QUEDA DO PARAFUSO DA CORRENTE DE ELEVAÇÃO DO GARFO DO MAGAZINE DE PALETE,queda do parafuso da corrente de elevacao do garfo do magazine de palete,FALHA DE FIXAÇÃO DA CORRENTE DE ELEVAÇÃO,FALHA DE FIXACAO DA CORRENTE DE ELEVACAO
4348,QUEBRA DO ANEL ORING DO BOCAL DO CAPSULADOR,quebra do anel oring do bocal do capsulador,QUEBRA DE ANEL O-RING,QUEBRA DE ANEL O RING
4349,FALHA NA PEGA DAS GARRAFAS,falha na pega das garrafas,FALHA NA PEGA DE GARRAFAS,FALHA NA PEGA DE GARRAFAS
4350,LATAS ABRINDO ESPAÇO NO TRANSPORTE DE ENTRADA DA ENCHEDORA FOI ALTERADO VELOCIDADE NOS INVERSORES,latas abrindo espaco no transporte de entrada da enchedora foi alterado velocidade nos inversores,FALHA DE TRANSPORTE,FALHA DE TRANSPORTE
4352,"FALHA TIME-OUT DE ELEVAÇÃO, ENCHEDORA NAO CONSEGUIA ENTRAR EM MODO CIP POR FALTA DE SINAL DO SENSOR DO CAME",falha time out de elevacao enchedora nao conseguia entrar em modo cip por falta de sinal do sensor do came,FALHA DE SENSOR,FALHA DE SENSOR
4353,"FALHA DE ENCHIMENTO EM VALVULAS ALEATORIAS, FOI PRECISO USAR OUTRA RECEITA COM PARAMETROS PADRÃO ALTERADOS",falha de enchimento em valvulas aleatorias foi preciso usar outra receita com parametros padrao alterados,FALHA DE ENCHIMENTO,FALHA DE ENCHIMENTO
4354,"ATRASO POR FALHA EM SENSORES DE GARRAFA FALSA NO CIP, ENXÁGUE PARA COLETA MICROBIOLÓGICA E ESPAÇO NA LAVADORA PARA CARREGAMENTO",atraso por falha em sensores de garrafa falsa no cip enxague para coleta microbiologica e espaco na lavadora para carregamento,FALHA DE SENSOR,FALHA DE SENSOR
4355,CRASH POR EXCESSO DE FALSO REJEITO,crash por excesso de falso rejeito,FALSO REJEITO,FALSO REJEITO
4356,"EXCESSO DE NÍVEL BAIXO ALEATÓRIOS VÁLVULAS 02, 39, 54 E 101 - 14.5K ENCHEDORA",excesso de nivel baixo aleatorios valvulas 02 39 54 e 101 14 5k enchedora,FALHA DE ENCHIMENTO,FALHA DE ENCHIMENTO
4357,"FALHA EM MOTORES 201, 202(SAÍDA LAVADORA)",falha em motores 201 202 saida lavadora,FALHA DE MOTOR,FALHA DE MOTOR
4358,FALHA MOTOR 216 SAÍDA LINATRONIC PULMÃO ENCHEDORA,falha motor 216 saida linatronic pulmao enchedora,FALHA DE MOTOR,FALHA DE MOTOR
4359,"FALHA DE ENCHIMENTO ALEATORIO VÁLVULAS 02, 39, 54 E 101",falha de enchimento aleatorio valvulas 02 39 54 e 101,FALHA DE ENCHIMENTO,FALHA DE ENCHIMENTO
4360,FALHA MOTORES 218 E 219 SAÍDA PULMÃO DE GARRAFAS ANTES DO ALINHADOR PARA ENCHEDORA,falha motores 218 e 219 saida pulmao de garrafas antes do alinhador para enchedora,FALHA DE MOTOR,FALHA DE MOTOR
4361,FALHA SENSOR ENTRADA DE GARRAFAS NA ROTULADORA ENTRE SECADORA E ROTULADORA,falha sensor entrada de garrafas na rotuladora entre secadora e rotuladora,FALHA DE SENSOR,FALHA DE SENSOR
4362,ATRASO NO CIP SENSROR COM DEFEITO,atraso no cip sensror com defeito,FALHA DE SENSOR,FALHA DE SENSOR
4363,FALHA NO SECADOR DE GARRAFAS,falha no secador de garrafas,FALHA DO SECADOR DE GARRAFAS,FALHA DO SECADOR DE GARRAFAS
4365,EXCESSO DE REJEITO NA SAIDA DO DESCAPSULADOR,excesso de rejeito na saida do descapsulador,FALHA DE REJEIÇÃO,FALHA DE REJEICAO
4366,ESTOURO DE FILME APOS SOLDA NA TROCA DE BOBINA,estouro de filme apos solda na troca de bobina,ROMPIMENTO DE FILME,ROMPIMENTO DE FILME
4367,AJUSTE NO INSPETOR CHEKMATE,ajuste no inspetor chekmate,SEM MODO DE FALHA IDENTIFICADO,SEM MODO DE FALHA IDENTIFICADO
4368,QUEBROU O TERMINAL DA RESISTÊNCIA DE CORTE DO FILME DA ENVOLVOVEDORA,quebrou o terminal da resistencia de corte do filme da envolvovedora,QUEBRA DE TERMINAL ELÉTRICO,QUEBRA DE TERMINAL ELETRICO
4369,SENSOR / CONTADOR DE ENTRADA DE PACOTES,sensor contador de entrada de pacotes,SEM MODO DE FALHA IDENTIFICADO,SEM MODO DE FALHA IDENTIFICADO
4370,DESARME DO INVERSOR DO VIRADOR DE PALETE,desarme do inversor do virador de palete,FALHA DE INVERSOR,FALHA DE INVERSOR
4371,MESA GIRATORIA EM FALHA,mesa giratoria em falha,FALHA DA MESA GIRATÓRIA,FALHA DA MESA GIRATORIA
4372,"FALTA DE AR COMPRIMIDO NO CABECOTE DA MAQUINA , NAO ESTAVA PEGANDO AS GARRAFAS , MANUTENCAO ELETRICA ATUOU",falta de ar comprimido no cabecote da maquina nao estava pegando as garrafas manutencao eletrica atuou,FALHA NO SISTEMA DE AR COMPRIMIDO,FALHA NO SISTEMA DE AR COMPRIMIDO
4373,REGULAGEM DA VALVULA DO AR PREVIO,regulagem da valvula do ar previo,SEM MODO DE FALHA IDENTIFICADO,SEM MODO DE FALHA IDENTIFICADO
4374,TROCA DA BORBOLETA NUMERO 55,troca da borboleta numero 55,SEM MODO DE FALHA IDENTIFICADO,SEM MODO DE FALHA IDENTIFICADO
4375,QUEBRA DA ESTEIRA DO TRANSPORTE DE SAIDA DO TUNEL DE RETRAÇÃO,quebra da esteira do transporte de saida do tunel de retracao,QUEBRA DE ESTEIRA,QUEBRA DE ESTEIRA
4376,"EXECESSO DE REJITO POR NITROGENIO BAIXO ,NECESARIO FAZER ALTERAÇAO NA RECIETA DE DOZAGEM",execesso de rejito por nitrogenio baixo necesario fazer alteracao na recieta de dozagem,FALHA DE DOSAGEM DE NITROGÊNIO,FALHA DE DOSAGEM DE NITROGENIO
4377,PATINS VIRANDO PACOTES PARA A FORMAÇÃO DE CAMADA,patins virando pacotes para a formacao de camada,FALHA NA FORMAÇÃO DE CAMADA,FALHA NA FORMACAO DE CAMADA
4378,SAINDO PACOTES COM A JANELA ABERTA ALEATORIAMENTE,saindo pacotes com a janela aberta aleatoriamente,FALHA DE ENVOLVIMENTO,FALHA DE ENVOLVIMENTO
4379,TRANSPORTE DO ALINHADOR DA PRESSCO EM FALHA,transporte do alinhador da pressco em falha,FALHA DE TRANSPORTE,FALHA DE TRANSPORTE
4380,"FALHA DE VACUO, FALTA DE VENTOSAS",falha de vacuo falta de ventosas,FALHA DE VÁCUO,FALHA DE VACUO
4381,"TRANSPORTE POS WARMER DERRUBANDO LATAS EM EXCESSO, GERANDO ESTOURO E ACUMULODE LATAS NO ALINHADOR",transporte pos warmer derrubando latas em excesso gerando estouro e acumulode latas no alinhador,QUEDA DE LATAS,QUEDA DE LATAS
4382,"EXCESSO DE FALHA DE ENCHIMENTO, GERANDO FALHA POR ACUMULO NO REJEITO",excesso de falha de enchimento gerando falha por acumulo no rejeito,FALHA DE ENCHIMENTO,FALHA DE ENCHIMENTO
4383,FALHA TRANSPORTE ÁREA EXTERNA EM FRENTE A LAVADORA PARADOS,falha transporte area externa em frente a lavadora parados,PARADA DE TRANSPORTE,PARADA DE TRANSPORTE
4384,FALHA MOTOR 209 E 210 PARA ALINHADO LINATRONIC,falha motor 209 e 210 para alinhado linatronic,FALHA DE MOTOR,FALHA DE MOTOR
4385,"FALHA NO SENSOR DE GARRAFAS FALSAS , IMPOSSIBILITANDO PUXAR CIP",falha no sensor de garrafas falsas impossibilitando puxar cip,FALHA DE SENSOR,FALHA DE SENSOR
4386,FALHA NA ENCHEDORA ANTES DO CIP,falha na enchedora antes do cip,SEM MODO DE FALHA IDENTIFICADO,SEM MODO DE FALHA IDENTIFICADO
4387,FALHA NO CORTE DO FILME,falha no corte do filme,FALHA DE CORTE DE FILME,FALHA DE CORTE DE FILME
4388,ESTEIRA PATINANDO ORDEM 30008863292,esteira patinando ordem 30008863292,PATINAMENTO DE ESTEIRA,PATINAMENTO DE ESTEIRA
4389,ROLETE PATINANDO NA VIA DE ENTRADA DE PACOTE VI A2,rolete patinando na via de entrada de pacote vi a2,PATINAMENTO DE ROLETE,PATINAMENTO DE ROLETE
4390,FALHA NO CORTE DO FILME ORDEM 30008863270,falha no corte do filme ordem 30008863270,FALHA DE CORTE DE FILME,FALHA DE CORTE DE FILME
4391,"COLISÃO DO ROBO COM PALETE MONTADO , APÓS ISSO FALHAS NO PEGADOR DE CARTÃO",colisao do robo com palete montado apos isso falhas no pegador de cartao,COLISÃO DO ROBÔ COM PALETE,COLISAO DO ROBO COM PALETE
4392,"COLISÃO DO ROBO COM PALETE MONTADO , FALHA NA GARRA DO ROBO AO DEPOSITAR PALETE NO TRANSPORTE",colisao do robo com palete montado falha na garra do robo ao depositar palete no transporte,FALHA NA GARRA DO ROBÔ,FALHA NA GARRA DO ROBO
4393,QUEDA DE GARRAFAS NO ALINHADOR DO DESCAPSULADOR E ENROSCO,queda de garrafas no alinhador do descapsulador e enrosco,QUEDA DE GARRAFAS,QUEDA DE GARRAFAS
4394,FALHA NO INVERSOR,falha no inversor,FALHA DE INVERSOR,FALHA DE INVERSOR
4395,FALHA NO PLC TRASPORTE DESLIGADO ORDEM 30008866973,falha no plc trasporte desligado ordem 30008866973,FALHA DE PLC,FALHA DE PLC
4396,"QUEBROU A CORREIA NO DESCAPSULADOR, FOI NECESSARIO FAZER A TROCA 30008864806",quebrou a correia no descapsulador foi necessario fazer a troca 30008864806,QUEBRA DE CORREIA,QUEBRA DE CORREIA
4397,PARAFUSO ESPANOU NO TRANSPORTE 30008867087,parafuso espanou no transporte 30008867087,ESPANAMENTO DE PARAFUSO,ESPANAMENTO DE PARAFUSO
4398,FALHA DE ENCHIMENTO VALVULA N°51 E 81SAINDO LATAS VAZIAS,falha de enchimento valvula n 51 e 81saindo latas vazias,FALHA DE VÁLVULA DE ENCHIMENTO,FALHA DE VALVULA DE ENCHIMENTO
4399,ACIONANDO ALARME DE REJEITO OBSTRUIDO ALEATORIAMENTE,acionando alarme de rejeito obstruido aleatoriamente,FALSO ALARME DE REJEITO OBSTRUÍDO,FALSO ALARME DE REJEITO OBSTRUIDO
4400,EQUIPAMENTO COM FALSO REJEITO DURANTE TESTE DE LATAS,equipamento com falso rejeito durante teste de latas,FALSO REJEITO,FALSO REJEITO
4401,FALHA DE ENCHIMENTO DE VALVULAS ALEATÓRIAS,falha de enchimento de valvulas aleatorias,FALHA DE ENCHIMENTO,FALHA DE ENCHIMENTO
4402,PALETE FORA DE POSIÇÃO,palete fora de posicao,DESALINHAMENTO DE PALETE,DESALINHAMENTO DE PALETE
4403,"QUEDA DE GARRAFAS NO RESFRIAMENTO DE FUNDO, OCASIONANDO FALHA DE MONITORAÇÃO E SUJEIRA NO FILTRO (NOTA : 30008867036 )",queda de garrafas no resfriamento de fundo ocasionando falha de monitoracao e sujeira no filtro nota 30008867036,QUEDA DE GARRAFAS,QUEDA DE GARRAFAS
4404,PISTAO DA CAPA CIP QUEBRADO,pistao da capa cip quebrado,QUEBRA DE PISTÃO,QUEBRA DE PISTAO
4405,FILME ROMPEU NA SOLDAGEM DURANTE A TROCA DA BOBINA,filme rompeu na soldagem durante a troca da bobina,ROMPIMENTO DE FILME,ROMPIMENTO DE FILME
4406,REGULAGEM DA REGUA DE COMPREESSÃO ORDEM: 30008863696,regulagem da regua de compreessao ordem 30008863696,SEM MODO DE FALHA IDENTIFICADO,SEM MODO DE FALHA IDENTIFICADO
4407,QUEBRA DA ESTEIRA DO TRANSPORTE DE PACOTES ORDEM 30008863699,quebra da esteira do transporte de pacotes ordem 30008863699,QUEBRA DE ESTEIRA,QUEBRA DE ESTEIRA
4408,QUEBRA DA ESTEIRA ORDEM 30008863704,quebra da esteira ordem 30008863704,QUEBRA DE ESTEIRA,QUEBRA DE ESTEIRA
4409,"ACUMULO DE PACOTES NOS ROLETES DE ENTRADA , OCASIONANDO ACUMULO E PROCEDIMENTO EM MANUAL",acumulo de pacotes nos roletes de entrada ocasionando acumulo e procedimento em manual,TRAVAMENTO DE TRANSPORTE,TRAVAMENTO DE TRANSPORTE
4410,SEM PARAFUSO NO SUPORTE DA TULIPA NUMERO 44E60,sem parafuso no suporte da tulipa numero 44e60,AUSÊNCIA DE PARAFUSO DE FIXAÇÃO,AUSENCIA DE PARAFUSO DE FIXACAO
4411,"VELOCIDADE ABAIXO DEVIDO BEBIDA ESPUMANDO ,OCASIONANDO NÍVEL BAIXO(A INVESTIGAR,VELOCIDADE:14.500 GRFS HORA )",velocidade abaixo devido bebida espumando ocasionando nivel baixo a investigar velocidade 14 500 grfs hora,ESPUMAMENTO DA BEBIDA,ESPUMAMENTO DA BEBIDA
4412,PERDA DE REFERÊNCIA NO CORTE DE FILME,perda de referencia no corte de filme,PERDA DE REFERÊNCIA / HOME,PERDA DE REFERENCIA HOME
4413,SENSOR DE PARADA DE PALLET (SPOKER)FORA DE FOCO,sensor de parada de pallet spoker fora de foco,FALHA DE SENSOR,FALHA DE SENSOR
4414,MAQUINA SE PERDEU APÓS TROCA DE FILME,maquina se perdeu apos troca de filme,PERDA DE REFERÊNCIA / HOME,PERDA DE REFERENCIA HOME
4415,VALVULA DO AR PREVIO,valvula do ar previo,SEM MODO DE FALHA IDENTIFICADO,SEM MODO DE FALHA IDENTIFICADO
4416,"CENTRADOR DIREITO FURANDO GARRAFAS, FEITO AJUSTE DE POSIÇÃO DE 40MM PARA 30MM. ORDEM-30008863503.",centrador direito furando garrafas feito ajuste de posicao de 40mm para 30mm ordem 30008863503,DESALINHAMENTO DO CENTRADOR,DESALINHAMENTO DO CENTRADOR
4417,BASE SENSOR DE QUEDA DE GARRAFAS ALINHADOR PARA DESCAPSULADOR SOLTO,base sensor de queda de garrafas alinhador para descapsulador solto,FALHA DE FIXAÇÃO DA BASE DO SENSOR,FALHA DE FIXACAO DA BASE DO SENSOR
4418,INSPETOR DE LÍQUIDO SAÍDA DESCAPSULADOR TIRANDO GARRAFAS BOAS,inspetor de liquido saida descapsulador tirando garrafas boas,FALSO REJEITO,FALSO REJEITO
4419,CABEÇOTE DA ENCAIXOTADORA TORTO,cabecote da encaixotadora torto,DEFORMAÇÃO DO CABEÇOTE,DEFORMACAO DO CABECOTE
4421,TRAVAMENTO GARRAFA NA BANDEIROLA SAIDA DA LAVADORA,travamento garrafa na bandeirola saida da lavadora,ENROSCO DE GARRAFAS,ENROSCO DE GARRAFAS
4422,SENSOR DO CABEÇOTE FORMAÇÃO DE CAMADA REALINHADO,sensor do cabecote formacao de camada realinhado,FALHA DE SENSOR,FALHA DE SENSOR
4423,FALTA DO PARAFUSO DO SUPORTE DA TULIPA NUMERO 67,falta do parafuso do suporte da tulipa numero 67,AUSÊNCIA DE PARAFUSO DE FIXAÇÃO,AUSENCIA DE PARAFUSO DE FIXACAO
4424,PEGADOR DE CHAPATEX SE PERDEU,pegador de chapatex se perdeu,PERDA DE REFERÊNCIA DO PEGADOR DE CHAPATEX,PERDA DE REFERENCIA DO PEGADOR DE CHAPATEX
4425,"FREIO DE ENTRADA DE PACOTES NAO ESTÁ ATUANDO,GERANDO PARADAS",freio de entrada de pacotes nao esta atuando gerando paradas,FALHA DE FREIO,FALHA DE FREIO
4427,PALETE FORA DA POSIÇÃO/ROLETES TRAVANDO,palete fora da posicao roletes travando,TRAVAMENTO DE ROLETES,TRAVAMENTO DE ROLETES
4428,FALHA NA DATADORA MARKEM IMAJE / FALHA DE CODIFICAÇÃO,falha na datadora markem imaje falha de codificacao,FALHA DE CODIFICAÇÃO,FALHA DE CODIFICACAO
4429,"MOTOR PRINCIPAL EM FALHA, REALIZADA A TROCA DO DRIVE.",motor principal em falha realizada a troca do drive,FALHA DE DRIVE,FALHA DE DRIVE
4430,MOTOR PRINCIPAL EM FALHA. REALIZADA A TROCA DO DRIVE,motor principal em falha realizada a troca do drive,FALHA DE DRIVE,FALHA DE DRIVE
4431,"EQUIPAMENTO FORA DO PONTO DE ENTRADA , OCASIONANDO PARADAS NA MAQUINA",equipamento fora do ponto de entrada ocasionando paradas na maquina,FALHA DE SINCRONISMO,FALHA DE SINCRONISMO
4432,EXCESSO DE REJEITO E TRASPRTE DE ENTRADA PARADO POR FALHA ELETRICA ORDEM30008869936,excesso de rejeito e trasprte de entrada parado por falha eletrica ordem30008869936,FALHA ELÉTRICA DO TRANSPORTE DE ENTRADA,FALHA ELETRICA DO TRANSPORTE DE ENTRADA
4433,ESTEIRA TRAVADA,esteira travada,TRAVAMENTO DE ESTEIRA,TRAVAMENTO DE ESTEIRA
4434,SENSOR DO CABEÇOTE FORMAÇÃO DE CAMADA REALINHADO NOTA 30008868732,sensor do cabecote formacao de camada realinhado nota 30008868732,FALHA DE SENSOR,FALHA DE SENSOR
4435,FALHA NO MOTOR 001,falha no motor 001,FALHA DE MOTOR,FALHA DE MOTOR
4436,SOLTOU PISTÃO DE TRAVAMENTO DE CAIXAS NA ENTRADA DA DESENCAIXOTADORA.NOTA 30008868905,soltou pistao de travamento de caixas na entrada da desencaixotadora nota 30008868905,DESPRENDIMENTO DO PISTÃO DE TRAVAMENTO,DESPRENDIMENTO DO PISTAO DE TRAVAMENTO
4437,"RECEITA DO PRODUTO, NÃO ESTAVA CARREGANDO, FOI AJUSTADO EM OUTRA RECEITA.",receita do produto nao estava carregando foi ajustado em outra receita,FALHA NO CARREGAMENTO DE RECEITA,FALHA NO CARREGAMENTO DE RECEITA
4438,FALLA NA SOLDA NA TROCA DA BOBINA,falla na solda na troca da bobina,FALHA DE SOLDA DE FILME,FALHA DE SOLDA DE FILME
4439,SENSOR FORA DO LUGAR,sensor fora do lugar,FALHA DE SENSOR,FALHA DE SENSOR
4440,"FALHA NA RECRAVAÇÃO,ENCHEDORA RODANDO COM VELOCIDADE REDUZIDA",falha na recravacao enchedora rodando com velocidade reduzida,FALHA DE RECRAVAÇÃO,FALHA DE RECRAVACAO
4441,FALHA NA INSPEÇÃO DE LATAS,falha na inspecao de latas,FALHA DE INSPEÇÃO,FALHA DE INSPECAO
4442,"TRAVA DE SEGURANÇA DO PORTÃO DA PALETIZADORA,ACIONADA",trava de seguranca do portao da paletizadora acionada,FALHA DE SEGURANÇA,FALHA DE SEGURANCA
4443,FALHA NA ABERTURA DA GARRA NA ENTREGA DO PALLET,falha na abertura da garra na entrega do pallet,FALHA NA ABERTURA DA GARRA,FALHA NA ABERTURA DA GARRA
4444,"FALSA RECRAVAÇÃO, ATUAÇÃO NO MANDRIL 5",falsa recravacao atuacao no mandril 5,FALSA RECRAVAÇÃO,FALSA RECRAVACAO
4445,"FALHA DE ENCHIMENTO VALVULA N°51,52 E 81 - TROCA DO MEDIDOR DE VAZAO",falha de enchimento valvula n 51 52 e 81 troca do medidor de vazao,FALHA DE MEDIDOR DE VAZÃO,FALHA DE MEDIDOR DE VAZAO
4446,"FALHA DE ENCHIMENTO VALVULA N°51,52 E 81",falha de enchimento valvula n 51 52 e 81,FALHA DE VÁLVULA DE ENCHIMENTO,FALHA DE VALVULA DE ENCHIMENTO
4447,VELOCIDADE REDUZIDA DEVIDO A FALHA DE ENCHIMENTO VVALVULAS JAMPEADAS 52 E 81,velocidade reduzida devido a falha de enchimento vvalvulas jampeadas 52 e 81,FALHA DE VÁLVULA DE ENCHIMENTO,FALHA DE VALVULA DE ENCHIMENTO
4448,TRANSPORTE DE SAIDA DA EMPACOTADORA EM FALHA,transporte de saida da empacotadora em falha,FALHA DE TRANSPORTE,FALHA DE TRANSPORTE
4449,PATINS ENTREGANDO PACOTE ERRADO NO CANAL A,patins entregando pacote errado no canal a,FALHA DE DIRECIONAMENTO DE PACOTES,FALHA DE DIRECIONAMENTO DE PACOTES
4451,FALHA NA LIBERAÇÃO DE TAMPAS,falha na liberacao de tampas,FALHA DE ALIMENTAÇÃO DE TAMPAS,FALHA DE ALIMENTACAO DE TAMPAS
4453,QUEBRA DO EIXO DA BANDEIROLA DA LAVADORA SENDO NECESSÁRIO SOLDAR,quebra do eixo da bandeirola da lavadora sendo necessario soldar,QUEBRA DE EIXO,QUEBRA DE EIXO
4454,"EIXO DA BANDEIROLA , TORTO , OCASIONANDO ENROSCOS NA SAIDA DA LAVADORA",eixo da bandeirola torto ocasionando enroscos na saida da lavadora,DEFORMAÇÃO DE EIXO,DEFORMACAO DE EIXO
4455,VALVULA 11 E 79 NÃO ESTAVAM ENCHENDO E SENSOR DE ENTRADA FORA DE POSIÇÃO 30008869982,valvula 11 e 79 nao estavam enchendo e sensor de entrada fora de posicao 30008869982,FALHA DE VÁLVULA DE ENCHIMENTO,FALHA DE VALVULA DE ENCHIMENTO
4456,GANCHOS DO ROBO NÃO ABREM QUANDO DEPOSITA PALETE NOVO NO TRANSPORTE,ganchos do robo nao abrem quando deposita palete novo no transporte,FALHA NA ABERTURA DOS GANCHOS DO ROBÔ,FALHA NA ABERTURA DOS GANCHOS DO ROBO
4458,FALHA NA RECRAVAÇÃO ENCHEDORA RODANDO COM VELOCIDADE REDUZIDA DEVIDO A FALHA NO INSPETOR E PASSAGEM DE LATA AMASSADA,falha na recravacao enchedora rodando com velocidade reduzida devido a falha no inspetor e passagem de lata amassada,FALHA DE INSPEÇÃO,FALHA DE INSPECAO
4459,"FALHA ELETRICA,TRANSPORTE DESARMANDO",falha eletrica transporte desarmando,DESARME TRANSPORTE,DESARME TRANSPORTE
4460,FALHA NA APLICAÇÃO DO ROTULO NAS GARRAFAS,falha na aplicacao do rotulo nas garrafas,FALHA DE ROTULAGEM,FALHA DE ROTULAGEM
4461,CRASH DE GARRAFAS E EXCESSO DE FALSO REJEITO,crash de garrafas e excesso de falso rejeito,CRASH DE GARRAFAS,CRASH DE GARRAFAS
4462,FALHA NA APLICAÇÃO DOS ROTULOS NA GARRAFAS,falha na aplicacao dos rotulos na garrafas,FALHA DE ROTULAGEM,FALHA DE ROTULAGEM
4463,AJUSTE NO CILINDRO DA PINÇA,ajuste no cilindro da pinca,FALHA DA PINÇA,FALHA DA PINCA
4464,CRASH DE GARRAFAS E EXCESSO DE FALSO REJEITO ( CORREIA INVERTIDA),crash de garrafas e excesso de falso rejeito correia invertida,MONTAGEM INCORRETA DE CORREIA,MONTAGEM INCORRETA DE CORREIA
4465,TANGENCIAMENTO FORA,tangenciamento fora,FALHA DE TANGENCIAMENTO,FALHA DE TANGENCIAMENTO
4466,FALHA NO TROCADOR DE CALOR,falha no trocador de calor,FALHA NO TROCADOR DE CALOR,FALHA NO TROCADOR DE CALOR
4467,TRAVANDO GARRAFA SAIDA NA BANDEIROLA.,travando garrafa saida na bandeirola,ENROSCO DE GARRAFAS,ENROSCO DE GARRAFAS
4468,TRAVAMENTO DE GARRAFAS NA BANDEIROLA,travamento de garrafas na bandeirola,ENROSCO DE GARRAFAS,ENROSCO DE GARRAFAS
4469,"BUCHA DE ELEVÇÃO DO PISTÃO DANIFICADA ,VÁLVULA 55(GARRAFAS ENTRANDO TORTA E SAINDO VAZIA",bucha de elevcao do pistao danificada valvula 55 garrafas entrando torta e saindo vazia,DANIFICAÇÃO DA BUCHA DE ELEVAÇÃO DO PISTÃO,DANIFICACAO DA BUCHA DE ELEVACAO DO PISTAO
4470,QUEBRA DA ESTEIRA,quebra da esteira,QUEBRA DE ESTEIRA,QUEBRA DE ESTEIRA
4471,QUEBRA DA ESTEIRA DE TRANSPORTE,quebra da esteira de transporte,QUEBRA DE ESTEIRA,QUEBRA DE ESTEIRA
4472,CORREIA DOSADORA DE PACOTES COM FREIO DANIFICADO,correia dosadora de pacotes com freio danificado,FALHA DE FREIO,FALHA DE FREIO
4474,CORREIA DOSADORA DE PACOTES COM FREIO DANIFICADOS PACOTES NÃO ESTÃO PARANDO,correia dosadora de pacotes com freio danificados pacotes nao estao parando,FALHA DE FREIO,FALHA DE FREIO
4475,CORREIA DOSADORA DE PACOTES COM FREIO DANIFICADOS PACOTES NÃO ESTÃO PARANDO,correia dosadora de pacotes com freio danificados pacotes nao estao parando,FALHA DE FREIO,FALHA DE FREIO
4476,SENSOR DE LEITURA DO PALETE/SPOKER FORA DE FOCO,sensor de leitura do palete spoker fora de foco,FALHA DE SENSOR,FALHA DE SENSOR
4477,DESARME DE INVERSOR,desarme de inversor,FALHA DE INVERSOR,FALHA DE INVERSOR
4478,TRANSPORTE POS WARMER DERRUBANDO LATAS EM EXCESO PARA O ALINHADOR GERANDO ACUMULO,transporte pos warmer derrubando latas em exceso para o alinhador gerando acumulo,QUEDA DE LATAS,QUEDA DE LATAS
4479,FALHA NA RETIRADA DE LATA FALSAS,falha na retirada de lata falsas,FALHA DE REJEIÇÃO,FALHA DE REJEICAO
4480,HEUFTH RETIRANDO LATAS NO ALVO NA PARTIDA,heufth retirando latas no alvo na partida,FALSO REJEITO,FALSO REJEITO
4481,TROCA DOS COMPONENTES ELETRONICOS VALVULAS Nº 52 E 40,troca dos componentes eletronicos valvulas no 52 e 40,FALHA VALVULA DE ENCHIMENTO,FALHA VALVULA DE ENCHIMENTO
4482,FALHA DE ENCHIMENTO NA VALVULA Nº52,falha de enchimento na valvula no52,FALHA DE VÁLVULA DE ENCHIMENTO,FALHA DE VALVULA DE ENCHIMENTO
4483,FALHA DE ENCHIMENTO,falha de enchimento,FALHA DE ENCHIMENTO,FALHA DE ENCHIMENTO
4484,"FALHA NO TROCADOR DE CALOR, OCASIONANDO FALTA DE BEBIDA NA ENCHEDORA",falha no trocador de calor ocasionando falta de bebida na enchedora,FALHA NO TROCADOR DE CALOR,FALHA NO TROCADOR DE CALOR
4485,FALHA NO TROCADOR DE CALOR,falha no trocador de calor,FALHA NO TROCADOR DE CALOR,FALHA NO TROCADOR DE CALOR
4486,"ENCHIMENTO DE 100% DO CARBONATADOR, GERANDOGAS BAIXO E LATAS VAZIASORDEM: 30008872877",enchimento de 100 do carbonatador gerandogas baixo e latas vaziasordem 30008872877,FALHA DE CONTROLE DE NÍVEL DO CARBONATADOR,FALHA DE CONTROLE DE NIVEL DO CARBONATADOR
